CH4 dmu_drho [uPa_s/kg/m3] PelePhys
0.0824184,0.0614327,0.0565343,0.0533407,0.0509397,0.0490094,0.0473945,0.0460073,0.0447929,0.0437145,0.0427462,0.0418687,0.0410678,0.0403322,0.0396529,0.0390229,0.0384361,0.0378878,0.0373739,0.0368908,0.0364356,0.0360057,0.0355989,0.0352133,0.034847,0.0344987,0.034167,0.0338507,0.0335486,0.0332598,0.0329835,0.0327189,0.0324652,0.0322217,0.0319879,0.0317633,0.0315472,0.0313393,0.0311392,0.0309463,0.0307604,0.0305811,0.0304081,0.0302411,0.0300798,0.029924,0.0297733,0.0296277,0.0294868,0.0293506,0.0292186,0.0290909,0.0289673,0.0288475,0.0287315,0.028619,0.02851,0.0284044,0.0283019,0.0282026,0.0281062,0.0280127,0.027922,0.027834,0.0277486,0.0276657,0.0275853,0.0275072,0.0274314,0.0273578,0.0272864,0.027217,0.0271497,0.0270843,0.0270208,0.0269592,0.0268993,0.0268412,0.0267848,0.02673,0.0266768,0.0266252,0.0265751,0.0265265,0.0264793,0.0264336,0.0263891,0.026346,0.0263042,0.0262637,0.0262244,0.0261863,0.0261493,0.0261135,0.0260789,0.0260453,0.0260127,0.0259812,0.0259507,0.0259212,0.0258927
0.100931,0.0639357,0.0582207,0.0547057,0.0521224,0.0500711,0.0483683,0.0469136,0.0456451,0.0445221,0.0435161,0.0426062,0.041777,0.0410164,0.0403148,0.0396647,0.0390597,0.0384947,0.0379655,0.0374682,0.0369999,0.0365578,0.0361395,0.0357432,0.0353669,0.035009,0.0346683,0.0343434,0.0340332,0.0337367,0.033453,0.0331813,0.0329208,0.0326709,0.0324309,0.0322002,0.0319784,0.031765,0.0315595,0.0313614,0.0311705,0.0309864,0.0308087,0.0306372,0.0304715,0.0303114,0.0301566,0.0300069,0.0298621,0.029722,0.0295864,0.0294551,0.0293279,0.0292047,0.0290853,0.0289695,0.0288573,0.0287486,0.028643,0.0285407,0.0284414,0.0283451,0.0282516,0.0281608,0.0280727,0.0279872,0.0279042,0.0278235,0.0277452,0.0276692,0.0275954,0.0275236,0.027454,0.0273863,0.0273206,0.0272568,0.0271948,0.0271346,0.0270761,0.0270192,0.0269641,0.0269105,0.0268584,0.0268079,0.0267588,0.0267112,0.0266649,0.02662,0.0265764,0.0265341,0.0264931,0.0264533,0.0264147,0.0263772,0.0263409,0.0263057,0.0262716,0.0262385,0.0262065,0.0261754,0.0261454
0.105505,0.0668166,0.0600022,0.0561135,0.0533289,0.0511473,0.0493516,0.0478261,0.0465015,0.0453324,0.0442876,0.0433446,0.0424865,0.0417005,0.0409762,0.0403057,0.0396823,0.0391005,0.0385558,0.0380443,0.0375627,0.0371083,0.0366786,0.0362715,0.035885,0.0355176,0.0351678,0.0348344,0.034516,0.0342118,0.0339207,0.0336419,0.0333747,0.0331183,0.0328721,0.0326355,0.0324079,0.0321889,0.0319781,0.0317749,0.031579,0.0313901,0.0312077,0.0310316,0.0308616,0.0306972,0.0305383,0.0303846,0.0302359,0.030092,0.0299527,0.0298177,0.029687,0.0295604,0.0294376,0.0293186,0.0292033,0.0290914,0.0289828,0.0288775,0.0287753,0.0286761,0.0285798,0.0284863,0.0283955,0.0283074,0.0282218,0.0281386,0.0280578,0.0279794,0.0279032,0.0278291,0.0277571,0.0276872,0.0276193,0.0275533,0.0274891,0.0274268,0.0273662,0.0273074,0.0272502,0.0271946,0.0271406,0.0270882,0.0270372,0.0269877,0.0269397,0.026893,0.0268476,0.0268036,0.0267608,0.0267193,0.026679,0.0266399,0.026602,0.0265652,0.0265295,0.0264949,0.0264613,0.0264288,0.0263972
0.108846,0.0702741,0.0618961,0.0575688,0.0545608,0.0522388,0.0503445,0.048745,0.047362,0.0461453,0.0450607,0.0440838,0.0431963,0.0423844,0.0416371,0.040946,0.0403039,0.0397051,0.0391448,0.038619,0.0381241,0.0376574,0.0372161,0.0367981,0.0364015,0.0360246,0.0356657,0.0353237,0.0349972,0.0346852,0.0343867,0.0341009,0.0338269,0.033564,0.0333116,0.033069,0.0328357,0.0326112,0.032395,0.0321867,0.0319859,0.0317921,0.0316051,0.0314245,0.0312501,0.0310815,0.0309184,0.0307607,0.0306082,0.0304605,0.0303175,0.0301789,0.0300447,0.0299147,0.0297886,0.0296664,0.0295478,0.0294328,0.0293212,0.0292129,0.0291078,0.0290058,0.0289067,0.0288105,0.028717,0.0286263,0.0285381,0.0284524,0.0283692,0.0282883,0.0282097,0.0281334,0.0280591,0.027987,0.0279168,0.0278486,0.0277824,0.0277179,0.0276553,0.0275944,0.0275353,0.0274777,0.0274218,0.0273675,0.0273146,0.0272633,0.0272134,0.0271649,0.0271178,0.027072,0.0270276,0.0269844,0.0269424,0.0269017,0.0268621,0.0268237,0.0267865,0.0267503,0.0267152,0.0266812,0.0266481
0.111599,0.0746874,0.063925,0.0590768,0.05582,0.0533464,0.0513476,0.0496704,0.0482267,0.0469609,0.0458355,0.0448238,0.0439063,0.043068,0.0422975,0.0415854,0.0409245,0.0403085,0.0397325,0.0391922,0.038684,0.0382048,0.037752,0.0373232,0.0369164,0.0365298,0.0361619,0.0358112,0.0354766,0.0351568,0.034851,0.0345581,0.0342774,0.034008,0.0337494,0.0335009,0.0332619,0.0330319,0.0328103,0.0325969,0.0323911,0.0321925,0.0320009,0.0318158,0.031637,0.0314642,0.031297,0.0311354,0.0309789,0.0308274,0.0306808,0.0305387,0.030401,0.0302675,0.0301381,0.0300127,0.0298909,0.0297728,0.0296582,0.029547,0.029439,0.0293341,0.0292323,0.0291334,0.0290373,0.0289439,0.0288532,0.0287651,0.0286794,0.0285961,0.0285151,0.0284364,0.0283599,0.0282855,0.0282132,0.0281429,0.0280745,0.028008,0.0279433,0.0278804,0.0278192,0.0277598,0.0277019,0.0276457,0.027591,0.0275378,0.0274861,0.0274359,0.027387,0.0273395,0.0272934,0.0272485,0.0272049,0.0271625,0.0271214,0.0270814,0.0270426,0.0270048,0.0269682,0.0269327,0.0268982
0.113994,0.0806726,0.0661172,0.0606435,0.0571086,0.054471,0.0523612,0.0506025,0.0490958,0.0477793,0.0466119,0.0455647,0.0446165,0.0437515,0.0429573,0.0422241,0.0415441,0.0409108,0.0403189,0.0397641,0.0392424,0.0387507,0.0382862,0.0378465,0.0374295,0.0370333,0.0366563,0.0362971,0.0359543,0.0356268,0.0353135,0.0350136,0.0347261,0.0344503,0.0341855,0.0339311,0.0336863,0.0334508,0.033224,0.0330054,0.0327947,0.0325914,0.0323951,0.0322055,0.0320224,0.0318453,0.0316741,0.0315085,0.0313482,0.0311929,0.0310426,0.0308969,0.0307558,0.0306189,0.0304863,0.0303576,0.0302327,0.0301115,0.0299939,0.0298797,0.0297689,0.0296612,0.0295566,0.029455,0.0293563,0.0292603,0.0291671,0.0290764,0.0289883,0.0289027,0.0288194,0.0287383,0.0286596,0.028583,0.0285084,0.028436,0.0283655,0.0282969,0.0282302,0.0281653,0.0281021,0.0280407,0.027981,0.0279229,0.0278663,0.0278113,0.0277579,0.0277058,0.0276552,0.027606,0.0275582,0.0275116,0.0274664,0.0274224,0.0273797,0.0273381,0.0272977,0.0272585,0.0272203,0.0271833,0.0271473
0.116146,0.0877682,0.0685087,0.0622758,0.0584288,0.0556133,0.0533856,0.0515416,0.0499693,0.0486005,0.0473899,0.0463063,0.045327,0.0444347,0.0436165,0.0428619,0.0421626,0.0415118,0.040904,0.0403345,0.0397993,0.0392951,0.0388189,0.0383682,0.037941,0.0375351,0.037149,0.0367812,0.0364302,0.036095,0.0357743,0.0354674,0.0351731,0.0348909,0.0346199,0.0343595,0.0341091,0.0338681,0.033636,0.0334123,0.0331966,0.0329886,0.0327877,0.0325937,0.0324062,0.032225,0.0320497,0.0318801,0.0317159,0.0315569,0.031403,0.0312538,0.0311091,0.0309689,0.030833,0.0307011,0.0305731,0.0304488,0.0303282,0.0302111,0.0300974,0.029987,0.0298796,0.0297753,0.029674,0.0295755,0.0294797,0.0293866,0.0292961,0.029208,0.0291224,0.0290391,0.0289581,0.0288792,0.0288025,0.0287279,0.0286553,0.0285847,0.028516,0.0284491,0.028384,0.0283206,0.028259,0.028199,0.0281406,0.0280838,0.0280286,0.0279748,0.0279225,0.0278715,0.027822,0.0277738,0.0277269,0.0276814,0.027637,0.0275939,0.027552,0.0275112,0.0274716,0.0274331,0.0273956
0.11812,0.0935751,0.0711426,0.0639811,0.0597829,0.0567744,0.0544214,0.0524877,0.0508473,0.0494244,0.0481696,0.0470488,0.0460376,0.0451177,0.0442751,0.0434988,0.04278,0.0421116,0.0414877,0.0409034,0.0403546,0.0398378,0.0393499,0.0388883,0.0384507,0.0380352,0.03764,0.0372635,0.0369044,0.0365614,0.0362334,0.0359194,0.0356184,0.0353298,0.0350526,0.0347863,0.0345302,0.0342837,0.0340463,0.0338176,0.033597,0.0333841,0.0331787,0.0329802,0.0327884,0.032603,0.0324237,0.0322501,0.0320821,0.0319194,0.0317618,0.0316091,0.0314611,0.0313175,0.0311783,0.0310432,0.0309121,0.0307848,0.0306612,0.0305412,0.0304247,0.0303114,0.0302014,0.0300944,0.0299904,0.0298894,0.0297911,0.0296955,0.0296026,0.0295122,0.0294242,0.0293386,0.0292554,0.0291744,0.0290955,0.0290188,0.0289441,0.0288714,0.0288007,0.0287318,0.0286647,0.0285995,0.028536,0.0284741,0.0284139,0.0283553,0.0282983,0.0282427,0.0281887,0.0281361,0.0280849,0.0280351,0.0279866,0.0279394,0.0278934,0.0278488,0.0278053,0.027763,0.0277219,0.0276819,0.027643
0.119956,0.0978632,0.0740633,0.0657677,0.0611732,0.0579552,0.0554688,0.0534411,0.0517299,0.0502512,0.0489509,0.0477921,0.0467484,0.0458004,0.0449331,0.0441348,0.0433963,0.0427101,0.04207,0.0414709,0.0409084,0.0403789,0.0398792,0.0394066,0.0389588,0.0385336,0.0381293,0.0377442,0.0373769,0.0370261,0.0366907,0.0363697,0.036062,0.0357669,0.0354836,0.0352114,0.0349496,0.0346976,0.034455,0.0342212,0.0339957,0.0337781,0.0335681,0.0333652,0.0331691,0.0329795,0.0327961,0.0326187,0.0324469,0.0322805,0.0321193,0.031963,0.0318116,0.0316647,0.0315222,0.0313839,0.0312497,0.0311194,0.0309929,0.03087,0.0307506,0.0306346,0.0305218,0.0304122,0.0303056,0.030202,0.0301013,0.0300032,0.0299079,0.0298151,0.0297249,0.029637,0.0295515,0.0294683,0.0293873,0.0293085,0.0292318,0.029157,0.0290843,0.0290134,0.0289445,0.0288773,0.0288119,0.0287482,0.0286862,0.0286258,0.028567,0.0285097,0.028454,0.0283997,0.0283468,0.0282953,0.0282452,0.0281964,0.028149,0.0281027,0.0280577,0.028014,0.0279714,0.0279299,0.0278896
0.121684,0.101242,0.0772972,0.0676443,0.0626024,0.0591565,0.0565283,0.054402,0.0526172,0.0510808,0.0497338,0.0485361,0.0474594,0.0464827,0.0455904,0.0447699,0.0440115,0.0433074,0.0426509,0.0420369,0.0414606,0.0409184,0.0404069,0.0399233,0.0394651,0.0390302,0.0386167,0.038223,0.0378476,0.0374891,0.0371463,0.0368182,0.0365038,0.0362023,0.0359129,0.0356347,0.0353673,0.0351099,0.034862,0.0346231,0.0343928,0.0341705,0.0339559,0.0337486,0.0335482,0.0333545,0.0331671,0.0329857,0.0328101,0.03264,0.0324752,0.0323155,0.0321606,0.0320104,0.0318647,0.0317232,0.0315859,0.0314526,0.0313232,0.0311974,0.0310752,0.0309564,0.030841,0.0307287,0.0306196,0.0305134,0.0304102,0.0303097,0.030212,0.0301169,0.0300243,0.0299343,0.0298466,0.0297612,0.0296781,0.0295971,0.0295183,0.0294416,0.0293668,0.029294,0.0292231,0.029154,0.0290868,0.0290213,0.0289574,0.0288953,0.0288347,0.0287757,0.0287182,0.0286623,0.0286078,0.0285547,0.028503,0.0284526,0.0284035,0.0283558,0.0283093,0.028264,0.0282199,0.028177,0.0281352
0.123323,0.104069,0.0808068,0.0696189,0.0640728,0.0603794,0.0576003,0.0553704,0.0535091,0.0519133,0.0505183,0.0492808,0.0481704,0.0471648,0.046247,0.045404,0.0446256,0.0439033,0.0432304,0.0426013,0.0420113,0.0414562,0.0409329,0.0404382,0.0399697,0.0395251,0.0391025,0.0387001,0.0383165,0.0379502,0.0376001,0.037265,0.0369439,0.036636,0.0363404,0.0360564,0.0357833,0.0355205,0.0352674,0.0350234,0.0347882,0.0345612,0.0343421,0.0341304,0.0339258,0.0337279,0.0335365,0.0333512,0.0331719,0.0329981,0.0328297,0.0326665,0.0325082,0.0323547,0.0322058,0.0320612,0.0319208,0.0317845,0.0316521,0.0315235,0.0313985,0.031277,0.0311588,0.031044,0.0309323,0.0308236,0.0307179,0.030615,0.0305149,0.0304175,0.0303227,0.0302303,0.0301404,0.0300529,0.0299676,0.0298846,0.0298038,0.029725,0.0296483,0.0295735,0.0295007,0.0294298,0.0293606,0.0292933,0.0292277,0.0291637,0.0291014,0.0290407,0.0289816,0.0289239,0.0288678,0.0288131,0.0287597,0.0287078,0.0286572,0.0286079,0.0285599,0.0285131,0.0284676,0.0284232,0.02838
0.124887,0.106531,0.0844452,0.071698,0.065587,0.0616246,0.0586851,0.0563466,0.0544058,0.0527486,0.0513044,0.0500263,0.0488816,0.0478464,0.0469029,0.0460372,0.0452385,0.0444979,0.0438085,0.0431642,0.0425603,0.0419924,0.0414571,0.0409514,0.0404725,0.0400182,0.0395864,0.0391755,0.0387837,0.0384097,0.0380522,0.03771,0.0373823,0.037068,0.0367663,0.0364764,0.0361976,0.0359294,0.0356711,0.0354221,0.035182,0.0349504,0.0347267,0.0345106,0.0343018,0.0340998,0.0339044,0.0337152,0.0335321,0.0333547,0.0331828,0.0330161,0.0328544,0.0326976,0.0325455,0.0323978,0.0322543,0.0321151,0.0319797,0.0318483,0.0317205,0.0315962,0.0314755,0.031358,0.0312437,0.0311325,0.0310244,0.0309191,0.0308166,0.0307169,0.0306198,0.0305252,0.0304331,0.0303435,0.0302561,0.030171,0.0300881,0.0300073,0.0299286,0.029852,0.0297772,0.0297044,0.0296335,0.0295643,0.0294969,0.0294312,0.0293672,0.0293047,0.0292439,0.0291846,0.0291268,0.0290705,0.0290156,0.0289621,0.02891,0.0288592,0.0288096,0.0287614,0.0287144,0.0286686,0.028624
0.126388,0.108735,0.0879909,0.0738839,0.0671469,0.062893,0.059783,0.0573307,0.0553073,0.0535868,0.0520921,0.0507724,0.0495928,0.0485276,0.047558,0.0466694,0.0458501,0.0450912,0.0443851,0.0437256,0.0431077,0.042527,0.0419797,0.0414629,0.0409736,0.0405096,0.0400686,0.039649,0.0392491,0.0388673,0.0385024,0.0381533,0.0378189,0.0374982,0.0371904,0.0368947,0.0366103,0.0363367,0.0360731,0.0358192,0.0355742,0.0353379,0.0351097,0.0348893,0.0346762,0.0344701,0.0342707,0.0340778,0.0338909,0.0337098,0.0335343,0.0333642,0.0331992,0.0330391,0.0328838,0.0327329,0.0325865,0.0324442,0.032306,0.0321717,0.0320412,0.0319142,0.0317908,0.0316707,0.0315539,0.0314402,0.0313296,0.031222,0.0311172,0.0310151,0.0309158,0.030819,0.0307247,0.0306329,0.0305435,0.0304563,0.0303714,0.0302886,0.030208,0.0301294,0.0300527,0.0299781,0.0299053,0.0298343,0.0297651,0.0296977,0.0296319,0.0295678,0.0295053,0.0294443,0.0293849,0.029327,0.0292705,0.0292155,0.0291618,0.0291095,0.0290585,0.0290088,0.0289603,0.0289131,0.028867
0.127835,0.110747,0.0912722,0.0761715,0.068754,0.0641854,0.0608943,0.0583227,0.0562136,0.0544279,0.0528813,0.0515192,0.050304,0.0492084,0.0482124,0.0473005,0.0464606,0.0456831,0.0449602,0.0442854,0.0436534,0.0430598,0.0425006,0.0419726,0.0414729,0.0409991,0.0405491,0.0401208,0.0397127,0.0393232,0.038951,0.0385949,0.0382538,0.0379267,0.0376128,0.0373112,0.0370212,0.0367422,0.0364735,0.0362145,0.0359648,0.0357238,0.0354912,0.0352664,0.0350491,0.0348389,0.0346356,0.0344388,0.0342481,0.0340634,0.0338844,0.0337109,0.0335425,0.0333792,0.0332207,0.0330668,0.0329173,0.0327721,0.032631,0.0324939,0.0323606,0.0322309,0.0321048,0.0319822,0.0318629,0.0317467,0.0316337,0.0315237,0.0314165,0.0313122,0.0312106,0.0311116,0.0310152,0.0309212,0.0308297,0.0307405,0.0306535,0.0305688,0.0304862,0.0304057,0.0303272,0.0302506,0.030176,0.0301033,0.0300323,0.0299631,0.0298957,0.0298299,0.0297657,0.0297031,0.0296421,0.0295826,0.0295245,0.0294679,0.0294128,0.0293589,0.0293064,0.0292553,0.0292054,0.0291567,0.0291093
0.129234,0.11261,0.0942313,0.0785448,0.0704088,0.065502,0.0620193,0.0593228,0.0571248,0.0552717,0.0536721,0.0522667,0.0510152,0.0498888,0.048866,0.0479306,0.0470698,0.0462736,0.0455338,0.0448436,0.0441976,0.0435909,0.0430197,0.0424805,0.0419705,0.0414869,0.0410277,0.0405908,0.0401745,0.0397773,0.0393977,0.0390346,0.0386869,0.0383535,0.0380335,0.0377261,0.0374305,0.0371461,0.0368722,0.0366083,0.0363538,0.0361082,0.035871,0.0356419,0.0354204,0.0352062,0.0349989,0.0347983,0.0346039,0.0344156,0.0342331,0.0340561,0.0338845,0.0337179,0.0335562,0.0333992,0.0332467,0.0330986,0.0329546,0.0328147,0.0326786,0.0325463,0.0324176,0.0322924,0.0321706,0.032052,0.0319365,0.0318241,0.0317147,0.0316081,0.0315042,0.031403,0.0313045,0.0312084,0.0311148,0.0310236,0.0309346,0.0308479,0.0307634,0.030681,0.0306006,0.0305222,0.0304458,0.0303712,0.0302985,0.0302276,0.0301584,0.030091,0.0300252,0.0299609,0.0298983,0.0298372,0.0297776,0.0297195,0.0296628,0.0296075,0.0295535,0.0295009,0.0294495,0.0293995,0.0293506
0.130592,0.114353,0.0968869,0.0809747,0.0721107,0.0668434,0.063158,0.0603309,0.0580407,0.0561184,0.0544643,0.0530147,0.0517264,0.0505686,0.0495187,0.0485595,0.0476777,0.0468627,0.0461058,0.0454002,0.04474,0.0441203,0.0435371,0.0429867,0.0424662,0.0419729,0.0415045,0.041059,0.0406345,0.0402296,0.0398427,0.0394726,0.0391182,0.0387785,0.0384524,0.0381392,0.0378381,0.0375483,0.0372693,0.0370004,0.0367411,0.0364909,0.0362493,0.0360158,0.0357902,0.0355719,0.0353607,0.0351563,0.0349582,0.0347663,0.0345803,0.0344,0.034225,0.0340552,0.0338904,0.0337303,0.0335748,0.0334238,0.033277,0.0331342,0.0329955,0.0328605,0.0327292,0.0326014,0.032477,0.032356,0.0322382,0.0321234,0.0320116,0.0319028,0.0317967,0.0316934,0.0315927,0.0314945,0.0313988,0.0313056,0.0312146,0.031126,0.0310395,0.0309552,0.030873,0.0307927,0.0307145,0.0306382,0.0305637,0.0304911,0.0304202,0.0303511,0.0302836,0.0302178,0.0301536,0.0300909,0.0300298,0.0299701,0.0299119,0.0298551,0.0297997,0.0297456,0.0296928,0.0296414,0.0295911
0.131913,0.116,0.0992844,0.0834207,0.0738569,0.0682093,0.0643105,0.0613472,0.0589615,0.0569678,0.0552579,0.0537632,0.0524374,0.0512478,0.0501705,0.0491874,0.0482843,0.0474503,0.0466763,0.0459552,0.0452808,0.044648,0.0440527,0.0434911,0.0429602,0.0424571,0.0419795,0.0415254,0.0410928,0.0406801,0.0402859,0.0399089,0.0395479,0.0392018,0.0388697,0.0385507,0.038244,0.0379489,0.0376647,0.0373909,0.0371268,0.036872,0.0366259,0.0363882,0.0361584,0.0359361,0.035721,0.0355128,0.035311,0.0351156,0.0349261,0.0347424,0.0345641,0.0343911,0.0342231,0.03406,0.0339016,0.0337476,0.0335979,0.0334525,0.033311,0.0331733,0.0330394,0.0329091,0.0327823,0.0326588,0.0325386,0.0324215,0.0323074,0.0321963,0.032088,0.0319825,0.0318797,0.0317795,0.0316817,0.0315865,0.0314935,0.0314029,0.0313146,0.0312284,0.0311443,0.0310623,0.0309822,0.0309041,0.030828,0.0307536,0.0306811,0.0306103,0.0305412,0.0304738,0.030408,0.0303437,0.030281,0.0302199,0.0301601,0.0301019,0.030045,0.0299895,0.0299353,0.0298824,0.0298308
0.133201,0.117565,0.10147,0.085838,0.0756427,0.0695992,0.0654768,0.0623715,0.059887,0.0578199,0.056053,0.0545122,0.0531483,0.0519265,0.0508215,0.0498141,0.0488896,0.0480364,0.0472453,0.0465085,0.0458198,0.045174,0.0445666,0.0439938,0.0434523,0.0429395,0.0424527,0.0419899,0.0415492,0.0411288,0.0407273,0.0403433,0.0399757,0.0396233,0.0392852,0.0389604,0.0386482,0.0383478,0.0380585,0.0377797,0.0375109,0.0372515,0.037001,0.036759,0.0365251,0.0362988,0.0360798,0.0358678,0.0356624,0.0354634,0.0352704,0.0350833,0.0349018,0.0347256,0.0345545,0.0343884,0.034227,0.0340701,0.0339176,0.0337694,0.0336252,0.0334849,0.0333485,0.0332156,0.0330863,0.0329604,0.0328378,0.0327184,0.0326021,0.0324887,0.0323782,0.0322706,0.0321656,0.0320633,0.0319635,0.0318663,0.0317714,0.0316788,0.0315886,0.0315005,0.0314146,0.0313307,0.0312489,0.0311691,0.0310912,0.0310152,0.0309409,0.0308685,0.0307978,0.0307288,0.0306614,0.0305956,0.0305314,0.0304687,0.0304075,0.0303477,0.0302894,0.0302324,0.0301769,0.0301226,0.0300696
0.134459,0.119061,0.103482,0.0881865,0.0774603,0.0710123,0.0666566,0.0634037,0.0608171,0.0586747,0.0568493,0.0552617,0.0538591,0.0526046,0.0514714,0.0504395,0.0494935,0.0486211,0.0478126,0.0470601,0.0463571,0.0456982,0.0450786,0.0444946,0.0439427,0.0434201,0.0429241,0.0424527,0.0420038,0.0415758,0.041167,0.040776,0.0404018,0.0400431,0.0396989,0.0393684,0.0390507,0.038745,0.0384506,0.0381669,0.0378934,0.0376294,0.0373745,0.0371283,0.0368902,0.0366599,0.0364371,0.0362213,0.0360123,0.0358097,0.0356133,0.0354229,0.0352381,0.0350587,0.0348845,0.0347154,0.034551,0.0343913,0.034236,0.034085,0.0339381,0.0337953,0.0336562,0.0335209,0.0333891,0.0332608,0.0331358,0.0330141,0.0328955,0.0327799,0.0326673,0.0325575,0.0324504,0.0323461,0.0322443,0.032145,0.0320482,0.0319537,0.0318615,0.0317716,0.0316839,0.0315982,0.0315146,0.0314331,0.0313534,0.0312757,0.0311998,0.0311257,0.0310534,0.0309828,0.0309139,0.0308465,0.0307808,0.0307166,0.0306539,0.0305927,0.0305329,0.0304746,0.0304176,0.0303619,0.0303076
0.135691,0.120498,0.105353,0.0904381,0.0792997,0.0724467,0.0678494,0.0644436,0.0617518,0.059532,0.0576469,0.0560115,0.0545695,0.0532819,0.0521204,0.0510638,0.050096,0.0492042,0.0483783,0.0476101,0.0468927,0.0462206,0.0455889,0.0449936,0.0444312,0.0438988,0.0433937,0.0429137,0.0424566,0.0420209,0.0416048,0.041207,0.0408261,0.0404612,0.040111,0.0397747,0.0394515,0.0391405,0.038841,0.0385525,0.0382742,0.0380057,0.0377464,0.0374959,0.0372538,0.0370195,0.0367928,0.0365733,0.0363607,0.0361546,0.0359548,0.035761,0.0355729,0.0353904,0.0352132,0.035041,0.0348737,0.0347111,0.0345531,0.0343993,0.0342498,0.0341043,0.0339627,0.0338249,0.0336907,0.03356,0.0334327,0.0333086,0.0331878,0.03307,0.0329552,0.0328433,0.0327341,0.0326277,0.0325239,0.0324226,0.0323239,0.0322275,0.0321334,0.0320417,0.0319521,0.0318647,0.0317793,0.031696,0.0316147,0.0315353,0.0314578,0.031382,0.0313081,0.0312359,0.0311654,0.0310966,0.0310293,0.0309636,0.0308995,0.0308368,0.0307756,0.0307158,0.0306574,0.0306004,0.0305447
0.136899,0.121884,0.107105,0.0925779,0.0811485,0.0739003,0.0690548,0.0654911,0.0626909,0.0603918,0.0584457,0.0567616,0.0552797,0.0539586,0.0527683,0.0516868,0.0506971,0.0497858,0.0489424,0.0481583,0.0474266,0.0467412,0.0460973,0.0454907,0.0449179,0.0443757,0.0438614,0.0433728,0.0429076,0.0424642,0.0420409,0.0416361,0.0412487,0.0408775,0.0405213,0.0401793,0.0398506,0.0395343,0.0392298,0.0389364,0.0386535,0.0383804,0.0381168,0.0378621,0.0376158,0.0373776,0.0371471,0.0369238,0.0367076,0.036498,0.0362948,0.0360977,0.0359064,0.0357207,0.0355404,0.0353653,0.0351951,0.0350297,0.0348688,0.0347124,0.0345602,0.0344121,0.034268,0.0341277,0.033991,0.033858,0.0337283,0.033602,0.0334789,0.0333589,0.033242,0.0331279,0.0330167,0.0329082,0.0328024,0.0326992,0.0325985,0.0325002,0.0324043,0.0323107,0.0322193,0.0321301,0.032043,0.031958,0.031875,0.0317939,0.0317147,0.0316374,0.0315619,0.0314881,0.0314161,0.0313457,0.0312769,0.0312097,0.0311441,0.03108,0.0310174,0.0309562,0.0308965,0.0308381,0.030781
0.138084,0.123224,0.108758,0.0946025,0.082993,0.0753698,0.0702718,0.0665458,0.0636343,0.0612539,0.0592456,0.057512,0.0559896,0.0546344,0.0534152,0.0523085,0.0512967,0.0503658,0.0495048,0.0487049,0.0479586,0.04726,0.0466039,0.0459861,0.0454028,0.0448508,0.0443273,0.0438301,0.0433568,0.0429057,0.0424751,0.0420635,0.0416695,0.041292,0.0409299,0.0405822,0.040248,0.0399265,0.039617,0.0393187,0.0390311,0.0387536,0.0384856,0.0382266,0.0379763,0.0377342,0.0374998,0.0372729,0.0370531,0.03684,0.0366334,0.036433,0.0362385,0.0360497,0.0358664,0.0356882,0.0355151,0.0353469,0.0351833,0.0350242,0.0348693,0.0347187,0.034572,0.0344292,0.0342902,0.0341547,0.0340228,0.0338942,0.0337689,0.0336467,0.0335276,0.0334114,0.0332982,0.0331877,0.0330799,0.0329747,0.0328721,0.0327719,0.0326741,0.0325787,0.0324855,0.0323946,0.0323057,0.032219,0.0321343,0.0320515,0.0319707,0.0318918,0.0318147,0.0317394,0.0316658,0.0315939,0.0315236,0.031455,0.0313879,0.0313224,0.0312583,0.0311958,0.0311346,0.0310749,0.0310165
0.13925,0.124525,0.110327,0.0965156,0.0848196,0.0768515,0.0714995,0.0676073,0.0645816,0.0621182,0.0600464,0.0582625,0.056699,0.0553095,0.0540609,0.0529289,0.0518948,0.0509442,0.0500656,0.0492496,0.0484889,0.047777,0.0471087,0.0464796,0.0458857,0.045324,0.0447914,0.0442855,0.0438042,0.0433454,0.0429076,0.0424891,0.0420886,0.0417049,0.0413368,0.0409834,0.0406438,0.040317,0.0400025,0.0396994,0.0394071,0.0391251,0.0388528,0.0385897,0.0383353,0.0380892,0.0378511,0.0376205,0.0373971,0.0371805,0.0369706,0.0367669,0.0365692,0.0363773,0.0361909,0.0360098,0.0358339,0.0356628,0.0354964,0.0353346,0.0351772,0.035024,0.0348748,0.0347296,0.0345881,0.0344503,0.0343161,0.0341852,0.0340577,0.0339333,0.0338121,0.0336938,0.0335785,0.033466,0.0333562,0.0332491,0.0331446,0.0330425,0.0329429,0.0328457,0.0327507,0.032658,0.0325674,0.032479,0.0323926,0.0323082,0.0322258,0.0321453,0.0320666,0.0319897,0.0319146,0.0318412,0.0317694,0.0316993,0.0316308,0.0315638,0.0314984,0.0314344,0.0313719,0.0313108,0.0312511
0.140396,0.12579,0.111825,0.098325,0.0866159,0.0783409,0.0727364,0.0686751,0.0655328,0.0629845,0.0608481,0.0590131,0.0574079,0.0559836,0.0547055,0.0535479,0.0524914,0.051521,0.0506246,0.0497927,0.0490174,0.0482922,0.0476117,0.0469712,0.0463669,0.0457953,0.0452536,0.0447391,0.0442497,0.0437833,0.0433382,0.0429129,0.0425059,0.042116,0.041742,0.0413829,0.0410378,0.0407059,0.0403863,0.0400784,0.0397815,0.039495,0.0392184,0.0389511,0.0386927,0.0384428,0.0382008,0.0379666,0.0377396,0.0375196,0.0373063,0.0370993,0.0368985,0.0367035,0.0365141,0.0363301,0.0361513,0.0359774,0.0358083,0.0356438,0.0354838,0.035328,0.0351764,0.0350287,0.0348848,0.0347447,0.0346082,0.0344751,0.0343453,0.0342188,0.0340955,0.0339751,0.0338578,0.0337433,0.0336315,0.0335225,0.033416,0.0333121,0.0332107,0.0331116,0.0330149,0.0329204,0.0328281,0.032738,0.03265,0.0325639,0.0324799,0.0323978,0.0323175,0.0322391,0.0321625,0.0320875,0.0320143,0.0319428,0.0318728,0.0318044,0.0317376,0.0316723,0.0316084,0.0315459,0.0314849
0.141526,0.127023,0.113259,0.10004,0.0883717,0.0798329,0.073981,0.0697486,0.0664874,0.0638527,0.0616506,0.0597637,0.0581163,0.0566569,0.0553489,0.0541655,0.0530865,0.0520961,0.0511819,0.0503339,0.049544,0.0488055,0.0481127,0.047461,0.0468462,0.0462648,0.0457139,0.0451909,0.0446934,0.0442194,0.0437671,0.0433349,0.0429214,0.0425253,0.0421454,0.0417807,0.0414302,0.0410931,0.0407685,0.0404558,0.0401543,0.0398634,0.0395825,0.039311,0.0390486,0.0387948,0.0385491,0.0383112,0.0380807,0.0378573,0.0376406,0.0374304,0.0372264,0.0370283,0.0368359,0.036649,0.0364673,0.0362907,0.0361189,0.0359518,0.0357891,0.0356308,0.0354767,0.0353266,0.0351804,0.0350379,0.0348991,0.0347638,0.0346318,0.0345032,0.0343777,0.0342553,0.0341359,0.0340194,0.0339057,0.0337948,0.0336864,0.0335807,0.0334774,0.0333765,0.0332781,0.0331818,0.0330879,0.0329961,0.0329064,0.0328187,0.0327331,0.0326494,0.0325675,0.0324876,0.0324094,0.032333,0.0322584,0.0321853,0.032114,0.0320442,0.031976,0.0319092,0.031844,0.0317802,0.0317179
0.14264,0.128228,0.11464,0.10167,0.0900796,0.0813221,0.0752316,0.070827,0.0674452,0.0647226,0.0624537,0.0605142,0.058824,0.0573291,0.055991,0.0547817,0.05368,0.0526695,0.0517374,0.0508733,0.0500688,0.0493169,0.0486119,0.0479488,0.0473235,0.0467324,0.0461724,0.0456408,0.0451353,0.0446537,0.0441942,0.0437552,0.0433352,0.0429329,0.0425471,0.0421767,0.0418209,0.0414786,0.0411491,0.0408316,0.0405255,0.0402301,0.0399449,0.0396694,0.039403,0.0391453,0.0388959,0.0386544,0.0384203,0.0381935,0.0379735,0.0377601,0.0375529,0.0373518,0.0371564,0.0369666,0.0367821,0.0366027,0.0364282,0.0362584,0.0360932,0.0359324,0.0357758,0.0356233,0.0354747,0.0353299,0.0351888,0.0350513,0.0349172,0.0347864,0.0346588,0.0345344,0.034413,0.0342945,0.0341789,0.034066,0.0339558,0.0338482,0.0337431,0.0336405,0.0335402,0.0334423,0.0333466,0.0332531,0.0331618,0.0330725,0.0329853,0.0329,0.0328166,0.0327352,0.0326555,0.0325776,0.0325015,0.032427,0.0323542,0.0322831,0.0322134,0.0321454,0.0320788,0.0320137,0.03195
0.143739,0.129407,0.115972,0.103225,0.0917349,0.0828032,0.0764858,0.0719096,0.0684057,0.065594,0.0632573,0.0612644,0.0595311,0.0580003,0.0566318,0.0553964,0.0542718,0.0532412,0.0522912,0.0514109,0.0505917,0.0498265,0.0491092,0.0484348,0.0477991,0.0471982,0.0466291,0.0460889,0.0455753,0.0450861,0.0446194,0.0441736,0.0437472,0.0433387,0.0429471,0.0425711,0.0422099,0.0418624,0.041528,0.0412058,0.0408951,0.0405953,0.0403059,0.0400262,0.0397559,0.0394943,0.0392412,0.038996,0.0387585,0.0385283,0.038305,0.0380884,0.0378781,0.0376739,0.0374756,0.0372829,0.0370955,0.0369134,0.0367362,0.0365638,0.036396,0.0362327,0.0360737,0.0359187,0.0357678,0.0356208,0.0354774,0.0353377,0.0352014,0.0350685,0.0349389,0.0348124,0.034689,0.0345685,0.0344509,0.0343362,0.0342241,0.0341147,0.0340078,0.0339034,0.0338014,0.0337017,0.0336044,0.0335092,0.0334162,0.0333254,0.0332365,0.0331497,0.0330648,0.0329818,0.0329007,0.0328213,0.0327437,0.0326678,0.0325936,0.0325211,0.0324501,0.0323807,0.0323127,0.0322463,0.0321814
0.144825,0.130562,0.117261,0.104712,0.0933356,0.0842709,0.0777416,0.0729954,0.0693686,0.0664665,0.0640612,0.0620143,0.0602373,0.0586703,0.0572713,0.0560095,0.0548621,0.0538112,0.0528431,0.0519467,0.0511128,0.0503342,0.0496047,0.0489189,0.0482727,0.047662,0.0470838,0.0465351,0.0460135,0.0455167,0.0450429,0.0445903,0.0441574,0.0437428,0.0433453,0.0429638,0.0425972,0.0422446,0.0419052,0.0415783,0.0412631,0.0409589,0.0406652,0.0403815,0.0401072,0.0398418,0.039585,0.0393363,0.0390953,0.0388616,0.0386351,0.0384152,0.0382019,0.0379947,0.0377934,0.0375978,0.0374077,0.0372228,0.0370429,0.0368679,0.0366976,0.0365318,0.0363703,0.036213,0.0360598,0.0359104,0.0357648,0.0356229,0.0354845,0.0353495,0.0352178,0.0350893,0.0349638,0.0348414,0.0347219,0.0346053,0.0344914,0.0343801,0.0342714,0.0341653,0.0340615,0.0339602,0.0338612,0.0337644,0.0336698,0.0335773,0.0334869,0.0333985,0.0333121,0.0332276,0.0331449,0.0330641,0.0329851,0.0329078,0.0328322,0.0327582,0.0326859,0.0326151,0.0325459,0.0324781,0.0324119
0.145898,0.131695,0.118513,0.106138,0.0948815,0.0857204,0.0789965,0.0740835,0.0703332,0.06734,0.0648652,0.0627639,0.0609427,0.0593392,0.0579093,0.0566211,0.0554506,0.0543794,0.0533932,0.0524805,0.051632,0.05084,0.0500982,0.0494011,0.0487444,0.048124,0.0475367,0.0469794,0.0464498,0.0459455,0.0454645,0.0450052,0.0445658,0.0441452,0.0437418,0.0433547,0.0429828,0.0426251,0.0422809,0.0419492,0.0416294,0.0413209,0.041023,0.0407352,0.040457,0.0401878,0.0399273,0.039675,0.0394305,0.0391936,0.0389637,0.0387407,0.0385243,0.0383141,0.0381099,0.0379114,0.0377185,0.0375309,0.0373484,0.0371708,0.0369979,0.0368297,0.0366657,0.0365061,0.0363505,0.0361989,0.0360511,0.035907,0.0357664,0.0356293,0.0354955,0.035365,0.0352376,0.0351133,0.0349919,0.0348734,0.0347576,0.0346445,0.0345341,0.0344261,0.0343207,0.0342177,0.034117,0.0340185,0.0339223,0.0338282,0.0337363,0.0336463,0.0335584,0.0334724,0.0333883,0.033306,0.0332256,0.0331469,0.0330699,0.0329945,0.0329208,0.0328487,0.0327782,0.0327091,0.0326416
0.14696,0.132809,0.11973,0.107511,0.0963736,0.0871478,0.080248,0.0751727,0.0712992,0.0682141,0.0656693,0.0635128,0.0616472,0.0600069,0.0585459,0.0572311,0.0560374,0.0549459,0.0539415,0.0530125,0.0521493,0.0513439,0.0505898,0.0498814,0.0492142,0.0485841,0.0479877,0.0474219,0.0468843,0.0463724,0.0458844,0.0454183,0.0449725,0.0445457,0.0441366,0.043744,0.0433667,0.043004,0.0426548,0.0423185,0.0419942,0.0416814,0.0413793,0.0410874,0.0408053,0.0405323,0.0402682,0.0400123,0.0397644,0.0395241,0.039291,0.0390648,0.0388453,0.0386321,0.038425,0.0382237,0.038028,0.0378377,0.0376526,0.0374724,0.037297,0.0371263,0.03696,0.036798,0.0366401,0.0364862,0.0363362,0.0361899,0.0360472,0.035908,0.0357722,0.0356397,0.0355104,0.0353841,0.0352608,0.0351404,0.0350228,0.0349079,0.0347957,0.034686,0.0345789,0.0344742,0.0343718,0.0342717,0.0341739,0.0340783,0.0339847,0.0338933,0.0338038,0.0337163,0.0336308,0.0335471,0.0334652,0.0333851,0.0333067,0.03323,0.0331549,0.0330815,0.0330096,0.0329393,0.0328705
0.14801,0.133904,0.120917,0.108836,0.0978143,0.0885498,0.0814937,0.0762618,0.0722659,0.0690886,0.0664731,0.0642611,0.0623506,0.0606732,0.059181,0.0578394,0.0566225,0.0555105,0.0544879,0.0535427,0.0526647,0.0518458,0.0510794,0.0503598,0.0496821,0.0490422,0.0484368,0.0478625,0.0473169,0.0467976,0.0463024,0.0458296,0.0453775,0.0449446,0.0445297,0.0441315,0.043749,0.0433812,0.0430272,0.0426862,0.0423574,0.0420402,0.041734,0.0414381,0.0411521,0.0408754,0.0406075,0.0403482,0.0400968,0.0398532,0.0396169,0.0393876,0.039165,0.0389488,0.0387388,0.0385347,0.0383362,0.0381432,0.0379555,0.0377728,0.0375949,0.0374217,0.037253,0.0370886,0.0369285,0.0367723,0.0366201,0.0364717,0.0363269,0.0361857,0.0360478,0.0359133,0.035782,0.0356538,0.0355286,0.0354064,0.0352869,0.0351703,0.0350563,0.0349449,0.0348361,0.0347297,0.0346257,0.034524,0.0344246,0.0343274,0.0342323,0.0341393,0.0340483,0.0339594,0.0338724,0.0337872,0.0337039,0.0336224,0.0335426,0.0334646,0.0333882,0.0333134,0.0332402,0.0331686,0.0330985
0.14905,0.134982,0.122076,0.110117,0.0992062,0.0899237,0.082731,0.0773496,0.0732328,0.0699631,0.0672766,0.0650086,0.0630529,0.0613382,0.0598146,0.058446,0.0572057,0.0560732,0.0550325,0.0540708,0.0531781,0.0523458,0.0515671,0.0508362,0.050148,0.0494985,0.048884,0.0483013,0.0477477,0.0472208,0.0467186,0.0462391,0.0457806,0.0453417,0.044921,0.0445173,0.0441296,0.0437567,0.0433979,0.0430522,0.042719,0.0423975,0.0420871,0.0417873,0.0414973,0.0412169,0.0409454,0.0406825,0.0404278,0.0401808,0.0399413,0.0397089,0.0394833,0.0392641,0.0390512,0.0388443,0.0386432,0.0384475,0.0382571,0.0380719,0.0378915,0.0377159,0.0375448,0.0373781,0.0372157,0.0370573,0.0369029,0.0367523,0.0366055,0.0364622,0.0363223,0.0361858,0.0360526,0.0359225,0.0357954,0.0356713,0.0355501,0.0354316,0.0353159,0.0352028,0.0350923,0.0349842,0.0348786,0.0347753,0.0346743,0.0345755,0.0344789,0.0343844,0.034292,0.0342015,0.034113,0.0340265,0.0339418,0.0338589,0.0337777,0.0336983,0.0336206,0.0335445,0.0334701,0.0333972,0.0333258
0.15008,0.136045,0.123209,0.111359,0.100552,0.091268,0.0839578,0.0784348,0.0741991,0.0708372,0.0680794,0.0657551,0.0637539,0.0620017,0.0604465,0.0590509,0.0577872,0.0566341,0.0555751,0.0545971,0.0536896,0.0528439,0.0520529,0.0513107,0.0506121,0.0499529,0.0493293,0.0487381,0.0481766,0.0476423,0.047133,0.0466468,0.046182,0.0457371,0.0453106,0.0449015,0.0445085,0.0441306,0.043767,0.0434167,0.043079,0.0427533,0.0424387,0.0421349,0.0418411,0.0415569,0.0412819,0.0410155,0.0407574,0.0405071,0.0402644,0.0400289,0.0398002,0.0395782,0.0393624,0.0391527,0.0389488,0.0387505,0.0385575,0.0383697,0.0381869,0.0380089,0.0378354,0.0376664,0.0375017,0.0373411,0.0371846,0.0370319,0.0368829,0.0367376,0.0365957,0.0364572,0.036322,0.03619,0.0360611,0.0359352,0.0358122,0.035692,0.0355745,0.0354597,0.0353475,0.0352378,0.0351305,0.0350256,0.034923,0.0348227,0.0347246,0.0346286,0.0345347,0.0344428,0.0343529,0.0342649,0.0341787,0.0340945,0.034012,0.0339312,0.0338522,0.0337748,0.033699,0.0336249,0.0335523
0.151102,0.137093,0.124319,0.112566,0.101856,0.0925818,0.085172,0.0795162,0.0751642,0.0717107,0.0688813,0.0665005,0.0644536,0.0626637,0.0610767,0.0596541,0.0583668,0.057193,0.0561157,0.0551214,0.0541991,0.05334,0.0525367,0.0517832,0.0510742,0.0504053,0.0497727,0.0491731,0.0486037,0.0480619,0.0475456,0.0470527,0.0465816,0.0461307,0.0456985,0.0452839,0.0448857,0.0445029,0.0441344,0.0437795,0.0434375,0.0431074,0.0427888,0.042481,0.0421834,0.0418955,0.0416168,0.041347,0.0410855,0.040832,0.0405861,0.0403475,0.0401158,0.0398908,0.0396722,0.0394597,0.0392531,0.0390522,0.0388567,0.0386664,0.0384811,0.0383006,0.0381248,0.0379535,0.0377866,0.0376238,0.0374651,0.0373103,0.0371592,0.0370118,0.036868,0.0367276,0.0365905,0.0364566,0.0363258,0.0361981,0.0360733,0.0359513,0.0358321,0.0357156,0.0356017,0.0354904,0.0353815,0.035275,0.0351709,0.035069,0.0349694,0.0348719,0.0347765,0.0346831,0.0345918,0.0345024,0.0344149,0.0343292,0.0342454,0.0341633,0.0340829,0.0340043,0.0339272,0.0338518,0.0337779
0.152115,0.138128,0.125408,0.11374,0.10312,0.0938646,0.0863717,0.0805924,0.0761274,0.072583,0.0696823,0.0672447,0.0651519,0.0633241,0.0617053,0.0602554,0.0589445,0.0577501,0.0566544,0.0556437,0.0547066,0.0538341,0.0530186,0.0522538,0.0515343,0.0508558,0.0502142,0.0496062,0.0490289,0.0484797,0.0479563,0.0474569,0.0469795,0.0465226,0.0460847,0.0456647,0.0452613,0.0448734,0.0445002,0.0441408,0.0437943,0.04346,0.0431373,0.0428255,0.0425241,0.0422326,0.0419504,0.041677,0.0414122,0.0411554,0.0409064,0.0406647,0.0404301,0.0402022,0.0399807,0.0397655,0.0395562,0.0393526,0.0391546,0.0389617,0.038774,0.0385912,0.0384131,0.0382395,0.0380703,0.0379053,0.0377445,0.0375875,0.0374344,0.037285,0.0371392,0.0369968,0.0368578,0.0367221,0.0365895,0.0364599,0.0363333,0.0362096,0.0360887,0.0359706,0.035855,0.035742,0.0356315,0.0355235,0.0354178,0.0353144,0.0352132,0.0351142,0.0350174,0.0349226,0.0348298,0.034739,0.0346501,0.0345631,0.0344779,0.0343945,0.0343129,0.0342329,0.0341546,0.0340779,0.0340028
0.153119,0.139151,0.126477,0.114886,0.104347,0.0951167,0.0875555,0.0816624,0.077088,0.0734538,0.0704818,0.0679875,0.0658487,0.0639828,0.062332,0.0608548,0.0595203,0.0583052,0.0571912,0.056164,0.0552122,0.0543262,0.0534984,0.0527224,0.0519926,0.0513044,0.0506538,0.0500374,0.0494522,0.0488956,0.0483653,0.0478592,0.0473755,0.0469127,0.0464692,0.0460437,0.0456352,0.0452424,0.0448644,0.0445004,0.0441496,0.0438111,0.0434843,0.0431686,0.0428634,0.0425682,0.0422824,0.0420057,0.0417375,0.0414775,0.0412253,0.0409806,0.040743,0.0405122,0.0402879,0.04007,0.039858,0.0396518,0.0394512,0.0392559,0.0390657,0.0388805,0.0387001,0.0385242,0.0383528,0.0381857,0.0380227,0.0378637,0.0377085,0.0375571,0.0374093,0.037265,0.0371241,0.0369865,0.0368521,0.0367208,0.0365924,0.036467,0.0363444,0.0362245,0.0361073,0.0359927,0.0358806,0.035771,0.0356637,0.0355588,0.0354562,0.0353557,0.0352574,0.0351612,0.035067,0.0349748,0.0348845,0.0347962,0.0347096,0.0346249,0.034542,0.0344607,0.0343811,0.0343032,0.0342269
0.154117,0.140161,0.127528,0.116004,0.10554,0.0963386,0.0887221,0.0827248,0.0780454,0.0743228,0.0712799,0.0687287,0.0665438,0.0646397,0.0629569,0.0614523,0.0600942,0.0588583,0.0577259,0.0566823,0.0557157,0.0548163,0.0539763,0.053189,0.0524488,0.051751,0.0510915,0.0504667,0.0498737,0.0493097,0.0487724,0.0482598,0.0477699,0.0473011,0.0468519,0.0464211,0.0460074,0.0456097,0.045227,0.0448585,0.0445032,0.0441606,0.0438297,0.0435101,0.0432012,0.0429023,0.042613,0.0423329,0.0420614,0.0417982,0.0415428,0.0412951,0.0410545,0.0408209,0.0405938,0.0403731,0.0401585,0.0399497,0.0397466,0.0395488,0.0393563,0.0391687,0.0389859,0.0388078,0.0386342,0.0384649,0.0382998,0.0381387,0.0379815,0.0378281,0.0376784,0.0375322,0.0373894,0.0372499,0.0371137,0.0369806,0.0368505,0.0367233,0.036599,0.0364775,0.0363586,0.0362424,0.0361287,0.0360176,0.0359088,0.0358023,0.0356982,0.0355963,0.0354965,0.0353989,0.0353033,0.0352097,0.0351181,0.0350284,0.0349405,0.0348545,0.0347702,0.0346877,0.0346069,0.0345277,0.0344502
0.155107,0.141161,0.128562,0.117098,0.106701,0.0975312,0.0898705,0.0837787,0.0789987,0.0751894,0.0720761,0.0694682,0.0672371,0.0652949,0.0635799,0.0620479,0.060666,0.0594094,0.0582586,0.0571986,0.0562172,0.0553044,0.0544522,0.0536537,0.0529031,0.0521957,0.0515272,0.0508941,0.0502933,0.049722,0.0491777,0.0486585,0.0481624,0.0476877,0.047233,0.0467968,0.0463779,0.0459753,0.045588,0.0452149,0.0448553,0.0445085,0.0441737,0.0438502,0.0435375,0.043235,0.0429422,0.0426586,0.0423838,0.0421174,0.041859,0.0416082,0.0413647,0.0411282,0.0408984,0.040675,0.0404578,0.0402464,0.0400407,0.0398405,0.0396456,0.0394556,0.0392706,0.0390903,0.0389144,0.038743,0.0385758,0.0384126,0.0382534,0.0380981,0.0379464,0.0377982,0.0376536,0.0375123,0.0373742,0.0372393,0.0371075,0.0369786,0.0368526,0.0367295,0.036609,0.0364912,0.0363759,0.0362632,0.0361529,0.036045,0.0359393,0.0358359,0.0357347,0.0356357,0.0355387,0.0354438,0.0353508,0.0352597,0.0351706,0.0350832,0.0349977,0.0349139,0.0348318,0.0347514,0.0346726
0.156091,0.142151,0.129581,0.118169,0.107834,0.0986955,0.0910002,0.084823,0.0799473,0.0760532,0.0728703,0.0702059,0.0679286,0.0659481,0.064201,0.0626415,0.0612359,0.0599584,0.0587893,0.0577129,0.0567167,0.0557905,0.0549261,0.0541163,0.0533555,0.0526385,0.0519611,0.0513197,0.050711,0.0501324,0.0495813,0.0490555,0.0485532,0.0480726,0.0476123,0.0471708,0.0467468,0.0463393,0.0459473,0.0455698,0.0452059,0.0448549,0.044516,0.0441887,0.0438723,0.0435662,0.0432699,0.0429829,0.0427049,0.0424353,0.0421738,0.04192,0.0416736,0.0414343,0.0412017,0.0409756,0.0407557,0.0405418,0.0403336,0.040131,0.0399336,0.0397414,0.0395541,0.0393715,0.0391935,0.03902,0.0388506,0.0386854,0.0385242,0.0383669,0.0382133,0.0380633,0.0379167,0.0377736,0.0376338,0.0374971,0.0373635,0.037233,0.0371053,0.0369805,0.0368584,0.036739,0.0366222,0.0365079,0.0363961,0.0362867,0.0361796,0.0360747,0.0359721,0.0358716,0.0357733,0.0356769,0.0355826,0.0354902,0.0353998,0.0353111,0.0352243,0.0351393,0.035056,0.0349743,0.0348943
0.157068,0.143131,0.130586,0.119219,0.108939,0.0998328,0.0921107,0.0858568,0.0808905,0.076914,0.0736621,0.0709415,0.0686181,0.0665993,0.06482,0.0632331,0.0618037,0.0605054,0.0593179,0.0582251,0.0572141,0.0562746,0.0553979,0.054577,0.0538058,0.0530793,0.052393,0.0517433,0.0511269,0.050541,0.0499829,0.0494507,0.0489422,0.0484558,0.0479899,0.0475431,0.047114,0.0467017,0.046305,0.045923,0.0455548,0.0451997,0.0448569,0.0445257,0.0442056,0.0438959,0.0435962,0.0433059,0.0430245,0.0427518,0.0424872,0.0422305,0.0419812,0.041739,0.0415037,0.0412749,0.0410524,0.040836,0.0406253,0.0404203,0.0402205,0.040026,0.0398364,0.0396516,0.0394715,0.0392958,0.0391244,0.0389572,0.038794,0.0386346,0.0384791,0.0383272,0.0381788,0.0380339,0.0378923,0.0377539,0.0376186,0.0374863,0.037357,0.0372305,0.0371069,0.0369859,0.0368675,0.0367517,0.0366384,0.0365274,0.0364189,0.0363126,0.0362086,0.0361067,0.036007,0.0359093,0.0358136,0.0357199,0.0356281,0.0355382,0.0354501,0.0353639,0.0352793,0.0351965,0.0351153
0.158039,0.144102,0.131577,0.12025,0.11002,0.100944,0.0932018,0.0868796,0.0818278,0.0777711,0.0744514,0.0716749,0.0693055,0.0672485,0.065437,0.0638226,0.0623694,0.0610503,0.0598444,0.0587352,0.0577095,0.0567566,0.0558678,0.0550357,0.0542542,0.0535182,0.052823,0.0521651,0.0515409,0.0509477,0.0503828,0.0498441,0.0493295,0.0488373,0.0483658,0.0479137,0.0474796,0.0470624,0.0466611,0.0462747,0.0459023,0.045543,0.0451962,0.0448613,0.0445374,0.0442242,0.043921,0.0436273,0.0433428,0.0430669,0.0427993,0.0425396,0.0422874,0.0420424,0.0418044,0.041573,0.0413479,0.0411289,0.0409158,0.0407083,0.0405062,0.0403094,0.0401176,0.0399306,0.0397483,0.0395705,0.039397,0.0392278,0.0390626,0.0389013,0.0387439,0.0385901,0.0384399,0.0382932,0.0381498,0.0380096,0.0378726,0.0377387,0.0376077,0.0374796,0.0373543,0.0372318,0.0371119,0.0369945,0.0368797,0.0367673,0.0366573,0.0365496,0.0364442,0.0363409,0.0362398,0.0361408,0.0360438,0.0359488,0.0358557,0.0357645,0.0356752,0.0355876,0.0355018,0.0354178,0.0353354
0.159005,0.145064,0.132556,0.121264,0.111077,0.102031,0.0942737,0.0878905,0.0827585,0.0786243,0.0752378,0.0724059,0.0699907,0.0678955,0.0660518,0.0644099,0.0629329,0.0615931,0.0603688,0.0592432,0.0582028,0.0572366,0.0563356,0.0554924,0.0547006,0.0539551,0.0532511,0.0525849,0.0519531,0.0513526,0.0507809,0.0502357,0.049715,0.049217,0.04874,0.0482826,0.0478435,0.0474216,0.0470156,0.0466248,0.0462481,0.0458848,0.0455341,0.0451953,0.0448678,0.044551,0.0442444,0.0439474,0.0436597,0.0433807,0.04311,0.0428473,0.0425923,0.0423446,0.0421038,0.0418697,0.0416421,0.0414206,0.041205,0.0409951,0.0407907,0.0405916,0.0403975,0.0402084,0.0400239,0.039844,0.0396685,0.0394973,0.0393301,0.0391669,0.0390076,0.038852,0.0386999,0.0385514,0.0384062,0.0382644,0.0381257,0.0379901,0.0378575,0.0377278,0.0376009,0.0374768,0.0373553,0.0372365,0.0371202,0.0370063,0.0368948,0.0367857,0.0366789,0.0365742,0.0364718,0.0363714,0.0362731,0.0361768,0.0360824,0.03599,0.0358994,0.0358106,0.0357236,0.0356383,0.0355548
0.159965,0.146018,0.133522,0.12226,0.112113,0.103095,0.0953264,0.0888892,0.0836821,0.0794731,0.0760212,0.0731343,0.0706736,0.0685403,0.0666645,0.0649951,0.0634944,0.0621337,0.0608911,0.0597491,0.058694,0.0577145,0.0568014,0.055947,0.0551451,0.05439,0.0536773,0.0530029,0.0523633,0.0517556,0.0511771,0.0506255,0.0500987,0.0495949,0.0491125,0.0486499,0.0482058,0.047779,0.0473685,0.0469733,0.0465924,0.046225,0.0458704,0.0455278,0.0451967,0.0448764,0.0445663,0.0442661,0.0439751,0.043693,0.0434194,0.0431538,0.0428959,0.0426454,0.0424019,0.0421652,0.041935,0.041711,0.041493,0.0412808,0.041074,0.0408726,0.0406764,0.040485,0.0402984,0.0401165,0.0399389,0.0397657,0.0395966,0.0394315,0.0392702,0.0391128,0.0389589,0.0388086,0.0386617,0.0385181,0.0383777,0.0382405,0.0381062,0.0379749,0.0378465,0.0377208,0.0375978,0.0374775,0.0373597,0.0372444,0.0371315,0.037021,0.0369127,0.0368067,0.0367029,0.0366012,0.0365016,0.0364039,0.0363083,0.0362146,0.0361228,0.0360328,0.0359446,0.0358581,0.0357733
0.160921,0.146965,0.134478,0.123241,0.113129,0.104136,0.0963604,0.0898753,0.0845981,0.0803172,0.0768012,0.0738601,0.071354,0.0691829,0.0672749,0.0655781,0.0640536,0.0626722,0.0614112,0.0602529,0.0591831,0.0581903,0.0572651,0.0563997,0.0555875,0.054823,0.0541015,0.053419,0.0527717,0.0521569,0.0515716,0.0510136,0.0504807,0.0499712,0.0494833,0.0490154,0.0485664,0.0481349,0.0477198,0.0473202,0.0469351,0.0465637,0.0462052,0.0458589,0.0455241,0.0452003,0.0448869,0.0445834,0.0442892,0.044004,0.0437274,0.0434589,0.0431982,0.0429449,0.0426988,0.0424595,0.0422267,0.0420002,0.0417798,0.0415652,0.0413562,0.0411525,0.040954,0.0407605,0.0405718,0.0403878,0.0402082,0.040033,0.0398619,0.0396949,0.0395318,0.0393725,0.0392169,0.0390648,0.0389162,0.0387709,0.0386288,0.0384899,0.038354,0.0382211,0.0380911,0.0379639,0.0378394,0.0377176,0.0375983,0.0374816,0.0373673,0.0372553,0.0371457,0.0370383,0.0369332,0.0368301,0.0367292,0.0366303,0.0365334,0.0364384,0.0363454,0.0362541,0.0361647,0.0360771,0.0359912
0.161871,0.147905,0.135424,0.124208,0.114126,0.105157,0.097376,0.0908484,0.0855061,0.0811562,0.0775776,0.074583,0.0720319,0.069823,0.0678831,0.0661588,0.0646106,0.0632085,0.0619292,0.0607546,0.0596701,0.0586641,0.0577268,0.0568503,0.056028,0.0552541,0.0545239,0.0538331,0.0531783,0.0525562,0.0519642,0.0513999,0.050861,0.0503457,0.0498523,0.0493793,0.0489253,0.0484891,0.0480695,0.0476656,0.0472763,0.0469009,0.0465385,0.0461884,0.0458501,0.0455228,0.045206,0.0448992,0.0446019,0.0443137,0.044034,0.0437627,0.0434991,0.0432431,0.0429943,0.0427524,0.0425172,0.0422882,0.0420654,0.0418484,0.0416371,0.0414312,0.0412305,0.0410349,0.0408441,0.040658,0.0404764,0.0402992,0.0401262,0.0399573,0.0397924,0.0396312,0.0394738,0.03932,0.0391696,0.0390226,0.0388789,0.0387384,0.0386009,0.0384664,0.0383348,0.0382061,0.0380801,0.0379568,0.0378361,0.0377179,0.0376021,0.0374888,0.0373778,0.0372691,0.0371626,0.0370582,0.036956,0.0368558,0.0367577,0.0366614,0.0365671,0.0364747,0.0363841,0.0362953,0.0362082
0.162817,0.148838,0.13636,0.125162,0.115106,0.106158,0.0983738,0.0918086,0.0864058,0.0819898,0.0783502,0.0753028,0.0727072,0.0704607,0.0684889,0.0667373,0.0651654,0.0637426,0.062445,0.0612541,0.060155,0.0591357,0.0581864,0.0572989,0.0564665,0.0556832,0.0549442,0.0542454,0.053583,0.0529538,0.0523551,0.0517844,0.0512395,0.0507185,0.0502197,0.0497416,0.0492827,0.0488417,0.0484176,0.0480094,0.0476159,0.0472365,0.0468703,0.0465165,0.0461746,0.0458438,0.0455237,0.0452137,0.0449132,0.0446219,0.0443394,0.0440651,0.0437988,0.0435401,0.0432886,0.0430442,0.0428064,0.042575,0.0423498,0.0421305,0.0419169,0.0417087,0.0415059,0.0413081,0.0411152,0.0409271,0.0407435,0.0405644,0.0403895,0.0402187,0.0400519,0.0398889,0.0397297,0.0395741,0.0394221,0.0392734,0.039128,0.0389858,0.0388468,0.0387107,0.0385776,0.0384474,0.0383199,0.0381951,0.0380729,0.0379533,0.0378361,0.0377214,0.037609,0.037499,0.0373911,0.0372855,0.037182,0.0370805,0.0369811,0.0368837,0.0367881,0.0366945,0.0366027,0.0365127,0.0364245
0.163759,0.149765,0.137287,0.126102,0.11607,0.107141,0.0993543,0.0927557,0.0872967,0.0828178,0.0791187,0.0760195,0.0733797,0.0710958,0.0690922,0.0673134,0.0657179,0.0642744,0.0629586,0.0617515,0.0606378,0.0596053,0.058644,0.0577455,0.0569029,0.0561103,0.0553627,0.0546558,0.0539858,0.0533495,0.0527441,0.0521671,0.0516162,0.0510896,0.0505854,0.0501021,0.0496383,0.0491927,0.0487642,0.0483516,0.047954,0.0475706,0.0472006,0.0468431,0.0464976,0.0461635,0.04584,0.0455268,0.0452232,0.0449289,0.0446434,0.0443662,0.0440971,0.0438357,0.0435817,0.0433346,0.0430944,0.0428605,0.042633,0.0424113,0.0421955,0.0419851,0.0417801,0.0415802,0.0413853,0.0411951,0.0410095,0.0408284,0.0406516,0.040479,0.0403103,0.0401456,0.0399846,0.0398273,0.0396735,0.0395232,0.0393762,0.0392324,0.0390917,0.0389541,0.0388195,0.0386877,0.0385587,0.0384324,0.0383088,0.0381878,0.0380692,0.0379532,0.0378394,0.037728,0.0376189,0.0375119,0.0374071,0.0373044,0.0372037,0.0371051,0.0370083,0.0369135,0.0368205,0.0367294,0.03664
0.164697,0.150685,0.138205,0.127031,0.117018,0.108106,0.100318,0.0936897,0.0881787,0.0836397,0.079883,0.0767328,0.0740494,0.0717284,0.0696932,0.0678872,0.0662682,0.064804,0.06347,0.0622466,0.0611184,0.0600728,0.0590995,0.0581901,0.0573374,0.0565355,0.0557792,0.0550642,0.0543867,0.0537434,0.0531313,0.052548,0.0519912,0.051459,0.0509494,0.0504611,0.0499924,0.0495421,0.0491091,0.0486922,0.0482906,0.0479032,0.0475294,0.0471683,0.0468192,0.0464816,0.0461549,0.0458384,0.0455318,0.0452344,0.044946,0.0446661,0.0443942,0.0441301,0.0438734,0.0436239,0.0433811,0.0431449,0.0429149,0.042691,0.0424729,0.0422603,0.0420532,0.0418512,0.0416542,0.041462,0.0412745,0.0410914,0.0409127,0.0407382,0.0405677,0.0404012,0.0402385,0.0400795,0.039924,0.039772,0.0396233,0.0394779,0.0393357,0.0391965,0.0390604,0.0389271,0.0387966,0.0386689,0.0385439,0.0384214,0.0383015,0.038184,0.038069,0.0379562,0.0378458,0.0377375,0.0376315,0.0375275,0.0374256,0.0373257,0.0372278,0.0371317,0.0370376,0.0369453,0.0368547
0.16563,0.1516,0.139115,0.127949,0.117952,0.109055,0.101266,0.0946108,0.0890515,0.0844554,0.0806428,0.0774426,0.0747161,0.0723583,0.0702916,0.0684585,0.0668161,0.0653314,0.0639792,0.0627397,0.0615969,0.0605382,0.059553,0.0586326,0.0577699,0.0569587,0.0561938,0.0554708,0.0547858,0.0541354,0.0535167,0.0529272,0.0523645,0.0518266,0.0513118,0.0508183,0.0503448,0.0498899,0.0494524,0.0490313,0.0486256,0.0482343,0.0478567,0.047492,0.0471394,0.0467984,0.0464684,0.0461487,0.045839,0.0455387,0.0452473,0.0449646,0.04469,0.0444232,0.0441639,0.0439118,0.0436666,0.043428,0.0431957,0.0429695,0.0427491,0.0425344,0.0423251,0.042121,0.041922,0.0417278,0.0415383,0.0413533,0.0411728,0.0409964,0.0408241,0.0406558,0.0404914,0.0403306,0.0401735,0.0400198,0.0398695,0.0397225,0.0395787,0.039438,0.0393004,0.0391656,0.0390337,0.0389045,0.038778,0.0386542,0.0385329,0.038414,0.0382976,0.0381836,0.0380718,0.0379623,0.037855,0.0377498,0.0376466,0.0375455,0.0374464,0.0373492,0.0372539,0.0371604,0.0370687
0.16656,0.15251,0.140018,0.128857,0.118873,0.109989,0.102198,0.0955191,0.0899151,0.0852647,0.081398,0.0781489,0.0753797,0.0729854,0.0708875,0.0690275,0.0673616,0.0658564,0.0644861,0.0632305,0.0620733,0.0610014,0.0600043,0.0590731,0.0582004,0.05738,0.0566065,0.0558755,0.055183,0.0545256,0.0539003,0.0533046,0.052736,0.0521926,0.0516724,0.0511739,0.0506956,0.0502361,0.0497942,0.0493689,0.0489591,0.0485639,0.0481825,0.0478142,0.0474581,0.0471138,0.0467804,0.0464576,0.0461448,0.0458416,0.0455473,0.0452618,0.0449845,0.0447151,0.0444532,0.0441986,0.0439509,0.0437099,0.0434753,0.0432468,0.0430242,0.0428073,0.0425959,0.0423898,0.0421887,0.0419925,0.0418011,0.0416142,0.0414317,0.0412536,0.0410795,0.0409094,0.0407432,0.0405808,0.040422,0.0402667,0.0401148,0.0399662,0.0398208,0.0396786,0.0395394,0.0394032,0.0392698,0.0391392,0.0390113,0.0388861,0.0387634,0.0386432,0.0385255,0.0384101,0.038297,0.0381863,0.0380777,0.0379712,0.0378668,0.0377645,0.0376642,0.0375658,0.0374694,0.0373747,0.0372819
0.167487,0.153415,0.140913,0.129755,0.119781,0.110907,0.103116,0.0964148,0.0907693,0.0860673,0.0821484,0.0788513,0.0760402,0.0736098,0.0714807,0.0695939,0.0679047,0.0663792,0.0649908,0.0637191,0.0625474,0.0614626,0.0604536,0.0595116,0.0586289,0.0577992,0.0570172,0.0562783,0.0555783,0.054914,0.0542822,0.0536802,0.0531058,0.0525568,0.0520314,0.0515278,0.0510447,0.0505807,0.0501344,0.0497049,0.049291,0.048892,0.0485069,0.0481349,0.0477754,0.0474277,0.0470911,0.0467652,0.0464493,0.0461431,0.045846,0.0455577,0.0452777,0.0450056,0.0447412,0.0444841,0.044234,0.0439906,0.0437537,0.0435229,0.0432982,0.0430791,0.0428656,0.0426574,0.0424543,0.0422561,0.0420628,0.041874,0.0416897,0.0415097,0.0413338,0.041162,0.0409941,0.0408299,0.0406695,0.0405125,0.040359,0.0402089,0.040062,0.0399182,0.0397776,0.0396398,0.039505,0.039373,0.0392437,0.0391171,0.038993,0.0388715,0.0387524,0.0386358,0.0385214,0.0384094,0.0382995,0.0381919,0.0380863,0.0379828,0.0378813,0.0377817,0.0376841,0.0375883,0.0374944
0.168411,0.154314,0.141802,0.130644,0.120678,0.111812,0.104019,0.0972983,0.0916142,0.0868632,0.0828938,0.0795499,0.0766975,0.0742312,0.0720714,0.0701579,0.0684455,0.0668996,0.0654933,0.0642055,0.0630195,0.0619216,0.0609008,0.059948,0.0590554,0.0582166,0.0574261,0.0566792,0.0559718,0.0553005,0.0546622,0.0540541,0.0534738,0.0529193,0.0523887,0.0518801,0.0513923,0.0509236,0.050473,0.0500393,0.0496215,0.0492186,0.0488298,0.0484542,0.0480913,0.0477402,0.0474004,0.0470714,0.0467525,0.0464433,0.0461434,0.0458523,0.0455696,0.0452949,0.045028,0.0447684,0.0445159,0.0442701,0.0440309,0.0437979,0.043571,0.0433498,0.0431341,0.0429239,0.0427188,0.0425187,0.0423234,0.0421327,0.0419466,0.0417647,0.0415871,0.0414136,0.0412439,0.0410781,0.040916,0.0407574,0.0406024,0.0404507,0.0403022,0.040157,0.0400148,0.0398756,0.0397393,0.0396059,0.0394752,0.0393472,0.0392218,0.039099,0.0389786,0.0388606,0.038745,0.0386317,0.0385206,0.0384117,0.0383049,0.0382002,0.0380975,0.0379968,0.0378981,0.0378012,0.0377061
0.169331,0.15521,0.142684,0.131524,0.121563,0.112704,0.104909,0.0981697,0.0924496,0.0876522,0.0836342,0.0802445,0.0773514,0.0748498,0.0726593,0.0707193,0.0689838,0.0674176,0.0659934,0.0646897,0.0634893,0.0623785,0.061346,0.0603824,0.0594799,0.0586319,0.057833,0.0570782,0.0563635,0.0556853,0.0550404,0.0544262,0.0538402,0.0532802,0.0527443,0.0522308,0.0517382,0.051265,0.0508101,0.0503722,0.0499504,0.0495437,0.0491512,0.0487721,0.0484057,0.0480513,0.0477083,0.0473762,0.0470543,0.0467422,0.0464394,0.0461456,0.0458602,0.045583,0.0453135,0.0450514,0.0447965,0.0445485,0.0443069,0.0440717,0.0438426,0.0436193,0.0434016,0.0431893,0.0429822,0.0427801,0.0425829,0.0423904,0.0422024,0.0420188,0.0418394,0.0416641,0.0414928,0.0413253,0.0411615,0.0410014,0.0408447,0.0406915,0.0405415,0.0403947,0.0402511,0.0401104,0.0399727,0.0398379,0.0397058,0.0395765,0.0394497,0.0393256,0.0392039,0.0390846,0.0389677,0.0388532,0.0387409,0.0386307,0.0385228,0.0384169,0.038313,0.0382112,0.0381113,0.0380133,0.0379171
0.170248,0.1561,0.14356,0.132395,0.122438,0.113584,0.105787,0.0990295,0.0932758,0.0884343,0.0843693,0.0809351,0.078002,0.0754653,0.0732445,0.0712782,0.0695197,0.0679333,0.0664913,0.0651716,0.063957,0.0628333,0.061789,0.0608147,0.0599024,0.0590453,0.0582379,0.0574753,0.0567533,0.0560682,0.0554169,0.0547966,0.0542048,0.0536393,0.0530982,0.0525798,0.0520825,0.0516048,0.0511456,0.0507036,0.0502778,0.0498673,0.0494711,0.0490885,0.0487187,0.048361,0.0480149,0.0476796,0.0473547,0.0470398,0.0467342,0.0464376,0.0461496,0.0458698,0.0455978,0.0453333,0.045076,0.0448256,0.0445818,0.0443444,0.0441131,0.0438876,0.0436679,0.0434536,0.0432445,0.0430405,0.0428414,0.042647,0.0424572,0.0422718,0.0420907,0.0419137,0.0417407,0.0415715,0.0414061,0.0412444,0.0410862,0.0409313,0.0407799,0.0406316,0.0404865,0.0403444,0.0402053,0.040069,0.0399356,0.0398049,0.0396768,0.0395513,0.0394283,0.0393078,0.0391897,0.0390739,0.0389603,0.038849,0.0387398,0.0386327,0.0385277,0.0384247,0.0383237,0.0382246,0.0381273
0.171163,0.156987,0.14443,0.133259,0.123303,0.114452,0.106651,0.0998779,0.0940926,0.0892093,0.085099,0.0816214,0.078649,0.0760778,0.0738269,0.0718345,0.0700531,0.0684467,0.0669868,0.0656513,0.0644225,0.063286,0.06223,0.061245,0.0603229,0.0594568,0.058641,0.0578705,0.0571412,0.0564493,0.0557916,0.0551652,0.0545676,0.0539967,0.0534505,0.0529272,0.0524252,0.0519431,0.0514796,0.0510335,0.0506037,0.0501894,0.0497896,0.0494035,0.0490303,0.0486693,0.04832,0.0479817,0.0476539,0.047336,0.0470277,0.0467284,0.0464377,0.0461553,0.0458808,0.0456139,0.0453542,0.0451015,0.0448555,0.0446159,0.0443824,0.0441549,0.0439331,0.0437167,0.0435057,0.0432998,0.0430988,0.0429026,0.042711,0.0425238,0.0423409,0.0421622,0.0419875,0.0418167,0.0416497,0.0414864,0.0413266,0.0411703,0.0410173,0.0408676,0.040721,0.0405775,0.0404369,0.0402993,0.0401645,0.0400324,0.039903,0.0397762,0.039652,0.0395302,0.0394108,0.0392937,0.039179,0.0390664,0.0389561,0.0388478,0.0387417,0.0386376,0.0385354,0.0384352,0.0383368
0.172075,0.15787,0.145295,0.134116,0.124158,0.115308,0.107504,0.100715,0.0949004,0.0899772,0.0858234,0.0823035,0.0792925,0.0766873,0.0744066,0.0723881,0.0705841,0.0689576,0.0674801,0.0661288,0.0648858,0.0637365,0.0626689,0.0616733,0.0607414,0.0598663,0.0590421,0.0582639,0.0575273,0.0568286,0.0561645,0.055532,0.0549288,0.0543525,0.0538012,0.0532729,0.0527663,0.0522797,0.051812,0.0513618,0.0509282,0.0505101,0.0501066,0.049717,0.0493404,0.0489762,0.0486238,0.0482824,0.0479517,0.0476309,0.0473198,0.0470178,0.0467245,0.0464396,0.0461626,0.0458933,0.0456313,0.0453763,0.045128,0.0448862,0.0446506,0.044421,0.0441972,0.0439788,0.0437659,0.043558,0.0433552,0.0431571,0.0429637,0.0427748,0.0425902,0.0424098,0.0422334,0.042061,0.0418924,0.0417275,0.0415662,0.0414083,0.0412538,0.0411026,0.0409546,0.0408096,0.0406677,0.0405287,0.0403925,0.0402591,0.0401284,0.0400003,0.0398747,0.0397517,0.0396311,0.0395128,0.0393968,0.0392831,0.0391716,0.0390622,0.0389549,0.0388496,0.0387463,0.038645,0.0385456
0.172984,0.158749,0.146155,0.134966,0.125005,0.116155,0.108346,0.101542,0.0956991,0.090738,0.0865424,0.0829812,0.0799325,0.0772935,0.0749834,0.0729391,0.0711125,0.0694662,0.067971,0.0666041,0.0653469,0.0641849,0.0631057,0.0620995,0.0611579,0.0602738,0.0594413,0.0586554,0.0579116,0.0572061,0.0565356,0.0558972,0.0552883,0.0547066,0.0541501,0.0536171,0.0531058,0.0526148,0.0521428,0.0516886,0.0512511,0.0508292,0.0504222,0.0500291,0.0496492,0.0492818,0.0489262,0.0485818,0.0482481,0.0479246,0.0476107,0.047306,0.0470101,0.0467227,0.0464432,0.0461715,0.0459072,0.0456499,0.0453994,0.0451554,0.0449177,0.044686,0.0444601,0.0442398,0.0440249,0.0438152,0.0436105,0.0434106,0.0432154,0.0430247,0.0428384,0.0426563,0.0424783,0.0423043,0.0421341,0.0419676,0.0418047,0.0416454,0.0414894,0.0413367,0.0411873,0.0410409,0.0408976,0.0407572,0.0406197,0.0404849,0.0403529,0.0402235,0.0400967,0.0399724,0.0398505,0.039731,0.0396139,0.039499,0.0393863,0.0392757,0.0391673,0.0390609,0.0389565,0.0388541,0.0387536
0.173891,0.159624,0.147009,0.135809,0.125844,0.116991,0.109177,0.102359,0.096489,0.0914918,0.0872558,0.0836546,0.0805687,0.0778966,0.0755573,0.0734875,0.0716384,0.0699723,0.0684596,0.067077,0.0658059,0.0646311,0.0635404,0.0625237,0.0615724,0.0606794,0.0598386,0.059045,0.058294,0.0575817,0.0569049,0.0562605,0.055646,0.055059,0.0544975,0.0539596,0.0534437,0.0529483,0.0524721,0.0520139,0.0515725,0.0511469,0.0507363,0.0503398,0.0499566,0.0495859,0.0492272,0.0488799,0.0485432,0.0482169,0.0479003,0.0475929,0.0472945,0.0470045,0.0467226,0.0464485,0.0461819,0.0459223,0.0456696,0.0454235,0.0451837,0.0449499,0.044722,0.0444998,0.0442829,0.0440713,0.0438648,0.0436631,0.0434661,0.0432737,0.0430857,0.0429019,0.0427223,0.0425466,0.0423748,0.0422068,0.0420424,0.0418815,0.0417241,0.04157,0.0414191,0.0412713,0.0411266,0.0409848,0.040846,0.0407099,0.0405766,0.0404459,0.0403178,0.0401923,0.0400692,0.0399485,0.0398301,0.039714,0.0396002,0.0394885,0.0393789,0.0392714,0.0391659,0.0390624,0.0389608
0.174796,0.160496,0.147859,0.136646,0.126674,0.117818,0.109998,0.103165,0.0972701,0.0922385,0.0879636,0.0843235,0.0812013,0.0784965,0.0761283,0.0740331,0.0721618,0.0704761,0.0689459,0.0675478,0.0662626,0.0650752,0.0639731,0.0629458,0.0619849,0.061083,0.060234,0.0594327,0.0586746,0.0579556,0.0572725,0.0566222,0.056002,0.0554097,0.0548431,0.0543005,0.05378,0.0532803,0.0527999,0.0523376,0.0518924,0.0514632,0.051049,0.050649,0.0502625,0.0498887,0.0495269,0.0491766,0.0488371,0.0485079,0.0481885,0.0478786,0.0475776,0.0472851,0.0470008,0.0467243,0.0464554,0.0461936,0.0459387,0.0456904,0.0454485,0.0452127,0.0449828,0.0447586,0.0445399,0.0443264,0.044118,0.0439145,0.0437158,0.0435216,0.0433319,0.0431465,0.0429652,0.042788,0.0426146,0.042445,0.0422791,0.0421168,0.0419578,0.0418023,0.04165,0.0415008,0.0413547,0.0412116,0.0410714,0.0409341,0.0407994,0.0406675,0.0405382,0.0404114,0.0402871,0.0401652,0.0400456,0.0399284,0.0398133,0.0397005,0.0395898,0.0394812,0.0393746,0.03927,0.0391674
0.175698,0.161365,0.148705,0.137477,0.127497,0.118636,0.110809,0.103962,0.0980428,0.0929783,0.0886659,0.0849879,0.0818301,0.0790932,0.0766964,0.0745761,0.0726826,0.0709774,0.0694299,0.0680162,0.0667172,0.0655172,0.0644036,0.0633659,0.0623954,0.0614847,0.0606275,0.0598186,0.0590533,0.0583277,0.0576383,0.0569821,0.0563564,0.0557588,0.0551872,0.0546397,0.0541147,0.0536107,0.0531261,0.0526599,0.0522109,0.0517779,0.0513602,0.0509569,0.0505671,0.0501901,0.0498253,0.0494719,0.0491296,0.0487976,0.0484756,0.048163,0.0478594,0.0475645,0.0472778,0.0469989,0.0467277,0.0464637,0.0462066,0.0459562,0.0457122,0.0454744,0.0452425,0.0450164,0.0447957,0.0445804,0.0443702,0.0441649,0.0439644,0.0437686,0.0435772,0.0433901,0.0432072,0.0430284,0.0428534,0.0426823,0.0425149,0.0423511,0.0421907,0.0420337,0.04188,0.0417294,0.041582,0.0414375,0.041296,0.0411573,0.0410214,0.0408882,0.0407577,0.0406296,0.0405041,0.040381,0.0402603,0.0401419,0.0400257,0.0399118,0.0397999,0.0396902,0.0395826,0.0394769,0.0393732
0.176599,0.162231,0.149546,0.138302,0.128313,0.119446,0.111611,0.10475,0.0988072,0.0937111,0.0893626,0.0856478,0.0824551,0.0796865,0.0772615,0.0751163,0.0732009,0.0714762,0.0699115,0.0684824,0.0671696,0.0659571,0.0648321,0.063784,0.0628039,0.0618844,0.0610191,0.0602026,0.0594302,0.058698,0.0580024,0.0573403,0.056709,0.0561062,0.0555296,0.0549774,0.0544479,0.0539395,0.0534508,0.0529807,0.0525278,0.0520913,0.0516701,0.0512633,0.0508703,0.0504901,0.0501222,0.049766,0.0494208,0.049086,0.0487613,0.0484461,0.04814,0.0478426,0.0475535,0.0472724,0.0469988,0.0467326,0.0464733,0.0462208,0.0459748,0.045735,0.0455011,0.045273,0.0450505,0.0448333,0.0446213,0.0444143,0.0442121,0.0440145,0.0438214,0.0436327,0.0434482,0.0432678,0.0430913,0.0429187,0.0427498,0.0425845,0.0424226,0.0422642,0.0421091,0.0419572,0.0418084,0.0416626,0.0415198,0.0413798,0.0412426,0.0411082,0.0409763,0.0408471,0.0407204,0.0405961,0.0404742,0.0403546,0.0402373,0.0401222,0.0400093,0.0398985,0.0397898,0.039683,0.0395783
0.177497,0.163094,0.150383,0.139122,0.129123,0.120248,0.112405,0.105529,0.0995636,0.0944371,0.0900537,0.0863032,0.0830764,0.0802766,0.0778237,0.0756539,0.0737166,0.0719726,0.0703908,0.0689464,0.0676197,0.0663948,0.0652585,0.0642001,0.0632105,0.0622822,0.0614088,0.0605847,0.0598053,0.0590665,0.0583647,0.0576968,0.05706,0.0564519,0.0558704,0.0553135,0.0547795,0.0542668,0.053774,0.0532999,0.0528433,0.0524031,0.0519785,0.0515684,0.0511721,0.0507888,0.0504179,0.0500587,0.0497106,0.0493732,0.0490458,0.048728,0.0484194,0.0481195,0.0478281,0.0475446,0.0472688,0.0470004,0.046739,0.0464844,0.0462363,0.0459945,0.0457587,0.0455287,0.0453043,0.0450852,0.0448714,0.0446626,0.0444587,0.0442594,0.0440647,0.0438744,0.0436883,0.0435063,0.0433283,0.0431541,0.0429837,0.0428169,0.0426537,0.0424939,0.0423373,0.042184,0.0420339,0.0418868,0.0417427,0.0416014,0.041463,0.0413272,0.0411942,0.0410637,0.0409358,0.0408104,0.0406873,0.0405666,0.0404482,0.040332,0.0402179,0.0401061,0.0399962,0.0398884,0.0397826
0.178394,0.163954,0.151217,0.139937,0.129925,0.121042,0.113189,0.106299,0.100312,0.0951564,0.0907394,0.086954,0.0836938,0.0808633,0.0783829,0.0761886,0.0742298,0.0724666,0.0708677,0.0694081,0.0680677,0.0668304,0.0656828,0.0646141,0.0636151,0.0626781,0.0617966,0.060965,0.0601786,0.0594332,0.0587252,0.0580515,0.0574093,0.056796,0.0562096,0.055648,0.0551095,0.0545925,0.0540957,0.0536177,0.0531573,0.0527136,0.0522854,0.051872,0.0514725,0.0510861,0.0507122,0.0503501,0.0499992,0.049659,0.049329,0.0490087,0.0486975,0.0483953,0.0481014,0.0478156,0.0475376,0.047267,0.0470035,0.0467468,0.0464967,0.0462528,0.0460151,0.0457832,0.0455569,0.0453361,0.0451205,0.04491,0.0447043,0.0445034,0.044307,0.0441151,0.0439274,0.0437438,0.0435643,0.0433886,0.0432168,0.0430485,0.0428838,0.0427226,0.0425647,0.0424101,0.0422586,0.0421101,0.0419647,0.0418222,0.0416825,0.0415455,0.0414113,0.0412796,0.0411505,0.0410239,0.0408996,0.0407778,0.0406582,0.0405409,0.0404258,0.0403128,0.040202,0.0400931,0.0399863
0.179289,0.164812,0.152047,0.140747,0.130722,0.121829,0.113966,0.107061,0.101053,0.0958691,0.0914194,0.0876002,0.0843073,0.0814467,0.0789391,0.0767206,0.0747404,0.0729582,0.0713423,0.0698675,0.0685135,0.0672638,0.0661051,0.0650261,0.0640177,0.063072,0.0621825,0.0613435,0.0605501,0.0597982,0.0590841,0.0584046,0.0577569,0.0571384,0.0565471,0.0559809,0.0554379,0.0549168,0.0544159,0.053934,0.0534699,0.0530226,0.052591,0.0521742,0.0517715,0.0513821,0.0510052,0.0506402,0.0502865,0.0499436,0.049611,0.0492881,0.0489745,0.0486698,0.0483736,0.0480855,0.0478053,0.0475325,0.0472668,0.0470081,0.0467559,0.0465101,0.0462705,0.0460367,0.0458086,0.0455859,0.0453686,0.0451563,0.0449489,0.0447463,0.0445483,0.0443548,0.0441655,0.0439804,0.0437994,0.0436222,0.0434489,0.0432792,0.0431131,0.0429505,0.0427912,0.0426352,0.0424824,0.0423326,0.0421859,0.0420421,0.0419012,0.041763,0.0416275,0.0414947,0.0413644,0.0412366,0.0411112,0.0409882,0.0408676,0.0407491,0.0406329,0.0405189,0.040407,0.0402971,0.0401892
0.180183,0.165667,0.152873,0.141553,0.131513,0.122609,0.114735,0.107815,0.101786,0.0965752,0.0920941,0.0882419,0.084917,0.0820267,0.0794923,0.0772499,0.0752484,0.0734473,0.0718146,0.0703247,0.0689571,0.0676952,0.0665253,0.0654361,0.0644183,0.063464,0.0625665,0.06172,0.0609197,0.0601614,0.0594412,0.0587559,0.0581028,0.0574792,0.056883,0.0563122,0.0557648,0.0552395,0.0547345,0.0542488,0.053781,0.0533301,0.0528951,0.0524751,0.0520692,0.0516767,0.0512968,0.050929,0.0505725,0.0502269,0.0498917,0.0495662,0.0492502,0.0489431,0.0486446,0.0483542,0.0480718,0.0477968,0.0475291,0.0472683,0.0470141,0.0467664,0.0465248,0.0462891,0.0460592,0.0458347,0.0456156,0.0454016,0.0451926,0.0449883,0.0447887,0.0445935,0.0444027,0.0442161,0.0440335,0.0438549,0.0436801,0.043509,0.0433415,0.0431774,0.0430168,0.0428595,0.0427053,0.0425543,0.0424063,0.0422612,0.042119,0.0419796,0.041843,0.0417089,0.0415774,0.0414485,0.041322,0.0411979,0.0410761,0.0409566,0.0408393,0.0407242,0.0406112,0.0405003,0.0403914
0.181075,0.16652,0.153696,0.142354,0.132298,0.123382,0.115496,0.108562,0.102512,0.097275,0.0927633,0.0888791,0.0855229,0.0826034,0.0800425,0.0777764,0.0757538,0.0739339,0.0722845,0.0707796,0.0693985,0.0681244,0.0669434,0.0658441,0.064817,0.0638541,0.0629487,0.0620948,0.0612876,0.0605228,0.0597965,0.0591056,0.0584471,0.0578184,0.0572174,0.0566419,0.0560902,0.0555606,0.0550517,0.0545621,0.0540907,0.0536363,0.0531979,0.0527745,0.0523655,0.0519699,0.0515871,0.0512164,0.0508573,0.050509,0.0501711,0.0498432,0.0495247,0.0492152,0.0489144,0.0486218,0.0483371,0.04806,0.0477902,0.0475273,0.0472712,0.0470215,0.046778,0.0465405,0.0463087,0.0460825,0.0458616,0.0456459,0.0454352,0.0452293,0.0450281,0.0448313,0.0446389,0.0444508,0.0442667,0.0440866,0.0439104,0.0437378,0.0435689,0.0434035,0.0432416,0.0430829,0.0429274,0.0427751,0.0426258,0.0424795,0.0423361,0.0421955,0.0420576,0.0419224,0.0417897,0.0416597,0.041532,0.0414068,0.0412839,0.0411633,0.041045,0.0409288,0.0408148,0.0407028,0.0405929
0.181965,0.167371,0.154516,0.143151,0.133079,0.124149,0.116251,0.109302,0.103232,0.0979686,0.0934272,0.0895117,0.0861249,0.0831767,0.0805897,0.0783001,0.0762566,0.0744181,0.072752,0.0712323,0.0698378,0.0685515,0.0673595,0.0662501,0.0652137,0.0642423,0.0633289,0.0624677,0.0616537,0.0608824,0.0601501,0.0594535,0.0587897,0.0581559,0.0575501,0.0569701,0.056414,0.0558803,0.0553674,0.054874,0.0543989,0.053941,0.0534992,0.0530726,0.0526605,0.0522619,0.0518761,0.0515026,0.0511407,0.0507898,0.0504493,0.0501189,0.049798,0.0494861,0.049183,0.0488882,0.0486013,0.0483221,0.0480502,0.0477853,0.0475272,0.0472756,0.0470302,0.0467908,0.0465572,0.0463292,0.0461066,0.0458892,0.0456768,0.0454693,0.0452665,0.0450682,0.0448742,0.0446846,0.044499,0.0443175,0.0441398,0.0439658,0.0437955,0.0436288,0.0434654,0.0433054,0.0431487,0.0429951,0.0428446,0.042697,0.0425523,0.0424105,0.0422714,0.042135,0.0420013,0.04187,0.0417413,0.0416149,0.041491,0.0413693,0.0412499,0.0411327,0.0410176,0.0409046,0.0407937
0.182855,0.168219,0.155333,0.143944,0.133854,0.12491,0.116999,0.110034,0.103944,0.098656,0.0940858,0.0901399,0.086723,0.0837466,0.0811339,0.0788211,0.0767568,0.0748999,0.0732173,0.0716827,0.0702748,0.0689765,0.0677735,0.0666541,0.0656085,0.0646286,0.0637073,0.0628388,0.062018,0.0612403,0.0605021,0.0597998,0.0591306,0.0584919,0.0578812,0.0572966,0.0567363,0.0561984,0.0556816,0.0551844,0.0547057,0.0542443,0.0537991,0.0533694,0.0529541,0.0525525,0.0521638,0.0517875,0.0514229,0.0510693,0.0507263,0.0503934,0.05007,0.0497559,0.0494504,0.0491534,0.0488644,0.048583,0.0483091,0.0480422,0.0477821,0.0475286,0.0472813,0.0470401,0.0468047,0.046575,0.0463506,0.0461316,0.0459175,0.0457084,0.0455039,0.045304,0.0451086,0.0449174,0.0447304,0.0445474,0.0443683,0.0441929,0.0440212,0.0438531,0.0436885,0.0435271,0.0433691,0.0432142,0.0430624,0.0429136,0.0427678,0.0426248,0.0424845,0.0423469,0.042212,0.0420796,0.0419498,0.0418223,0.0416973,0.0415745,0.041454,0.0413358,0.0412197,0.0411057,0.0409937
0.183743,0.169066,0.156147,0.144733,0.134624,0.125665,0.11774,0.11076,0.10465,0.0993375,0.0947392,0.0907636,0.0873173,0.0843132,0.081675,0.0793393,0.0772545,0.0753792,0.0736802,0.0721308,0.0707098,0.0693994,0.0681855,0.0670561,0.0660013,0.065013,0.0640839,0.0632081,0.0623805,0.0615965,0.0608523,0.0601444,0.0594699,0.0588262,0.0582108,0.0576217,0.057057,0.056515,0.0559943,0.0554934,0.055011,0.0545461,0.0540977,0.0536647,0.0532463,0.0528417,0.0524502,0.0520711,0.0517038,0.0513476,0.0510021,0.0506667,0.0503409,0.0500244,0.0497167,0.0494175,0.0491263,0.0488429,0.0485669,0.048298,0.0480359,0.0477805,0.0475314,0.0472883,0.0470512,0.0468197,0.0465936,0.0463729,0.0461572,0.0459464,0.0457404,0.045539,0.045342,0.0451493,0.0449608,0.0447764,0.0445959,0.0444191,0.0442461,0.0440766,0.0439106,0.043748,0.0435887,0.0434325,0.0432795,0.0431295,0.0429824,0.0428382,0.0426968,0.042558,0.042422,0.0422885,0.0421575,0.042029,0.0419028,0.041779,0.0416575,0.0415382,0.041421,0.041306,0.0411931
0.184629,0.16991,0.156958,0.145518,0.13539,0.126415,0.118475,0.111479,0.10535,0.100013,0.0953875,0.0913829,0.0879079,0.0848764,0.0822131,0.0798547,0.0777496,0.075856,0.0741407,0.0725768,0.0711425,0.0698202,0.0685954,0.0674561,0.0663922,0.0653954,0.0644586,0.0635756,0.0627412,0.0619509,0.0612008,0.0604873,0.0598076,0.0591588,0.0585387,0.0579452,0.0573762,0.0568302,0.0563055,0.0558009,0.0553149,0.0548466,0.0543949,0.0539587,0.0535372,0.0531297,0.0527353,0.0523534,0.0519834,0.0516246,0.0512766,0.0509387,0.0506106,0.0502918,0.0499818,0.0496804,0.0493871,0.0491016,0.0488235,0.0485527,0.0482887,0.0480314,0.0477804,0.0475355,0.0472966,0.0470634,0.0468356,0.0466132,0.0463959,0.0461835,0.0459759,0.045773,0.0455745,0.0453803,0.0451904,0.0450045,0.0448226,0.0446444,0.04447,0.0442992,0.0441319,0.043968,0.0438074,0.04365,0.0434957,0.0433445,0.0431962,0.0430508,0.0429082,0.0427684,0.0426312,0.0424965,0.0423645,0.0422348,0.0421076,0.0419828,0.0418602,0.0417399,0.0416217,0.0415057,0.0413917
0.185515,0.170753,0.157767,0.146301,0.136151,0.12716,0.119205,0.112192,0.106043,0.100683,0.0960307,0.0919978,0.0884946,0.0854363,0.0827483,0.0803674,0.0782421,0.0763305,0.074599,0.0730205,0.0715731,0.0702389,0.0690033,0.0678541,0.0667812,0.065776,0.0648315,0.0639413,0.0631002,0.0623036,0.0615476,0.0608286,0.0601436,0.0594899,0.0588651,0.0582671,0.0576939,0.0571438,0.0566153,0.0561069,0.0556174,0.0551457,0.0546907,0.0542513,0.0538268,0.0534163,0.0530191,0.0526345,0.0522618,0.0519004,0.0515499,0.0512096,0.0508791,0.050558,0.0502458,0.0499422,0.0496468,0.0493592,0.0490791,0.0488063,0.0485404,0.0482812,0.0480284,0.0477817,0.047541,0.0473061,0.0470767,0.0468526,0.0466336,0.0464197,0.0462105,0.046006,0.0458061,0.0456104,0.045419,0.0452317,0.0450484,0.0448689,0.0446931,0.044521,0.0443524,0.0441872,0.0440253,0.0438667,0.0437112,0.0435587,0.0434092,0.0432627,0.0431189,0.0429779,0.0428396,0.0427039,0.0425707,0.04244,0.0423117,0.0421858,0.0420622,0.0419408,0.0418216,0.0417046,0.0415897
0.1864,0.171594,0.158573,0.147079,0.136909,0.1279,0.119929,0.112899,0.106731,0.101348,0.0966691,0.0926084,0.0890775,0.0859929,0.0832804,0.0808773,0.078732,0.0768025,0.0750549,0.073462,0.0720015,0.0706555,0.0694092,0.0682501,0.0671682,0.0661548,0.0652025,0.0643051,0.0634574,0.0626546,0.0618927,0.0611682,0.060478,0.0598194,0.05919,0.0585875,0.0580101,0.0574559,0.0569236,0.0564115,0.0559185,0.0554434,0.0549851,0.0545426,0.0541151,0.0537017,0.0533016,0.0529143,0.0525389,0.052175,0.0518219,0.0514792,0.0511464,0.050823,0.0505086,0.0502028,0.0499053,0.0496157,0.0493336,0.0490588,0.048791,0.0485299,0.0482753,0.0480269,0.0477844,0.0475478,0.0473167,0.0470909,0.0468704,0.0466549,0.0464442,0.0462382,0.0460367,0.0458396,0.0456468,0.045458,0.0452733,0.0450924,0.0449153,0.0447419,0.044572,0.0444055,0.0442424,0.0440825,0.0439258,0.0437721,0.0436215,0.0434737,0.0433288,0.0431867,0.0430472,0.0429104,0.0427761,0.0426444,0.042515,0.0423881,0.0422634,0.042141,0.0420209,0.0419029,0.041787
0.187283,0.172434,0.159377,0.147855,0.137662,0.128635,0.120647,0.1136,0.107413,0.102007,0.0973025,0.0932148,0.0896568,0.0865461,0.0838096,0.0813845,0.0792194,0.0772721,0.0755085,0.0739012,0.0724278,0.0710701,0.069813,0.0686442,0.0675533,0.0665316,0.0655717,0.0646672,0.0638128,0.0630038,0.0622361,0.0615062,0.0608108,0.0601473,0.0595132,0.0589063,0.0583247,0.0577666,0.0572304,0.0567147,0.0562182,0.0557397,0.0552781,0.0548325,0.054402,0.0539857,0.0535828,0.0531928,0.0528148,0.0524483,0.0520928,0.0517477,0.0514125,0.0510869,0.0507703,0.0504624,0.0501627,0.0498711,0.049587,0.0493103,0.0490406,0.0487776,0.0485212,0.048271,0.0480268,0.0477885,0.0475557,0.0473283,0.0471062,0.0468891,0.0466769,0.0464693,0.0462664,0.0460678,0.0458736,0.0456835,0.0454973,0.0453151,0.0451367,0.0449619,0.0447907,0.044623,0.0444586,0.0442975,0.0441396,0.0439847,0.0438329,0.043684,0.0435379,0.0433947,0.0432541,0.0431162,0.0429809,0.042848,0.0427176,0.0425896,0.042464,0.0423406,0.0422194,0.0421004,0.0419835
0.188166,0.173272,0.160178,0.148628,0.138412,0.129365,0.12136,0.114296,0.108089,0.102661,0.0979313,0.093817,0.0902323,0.0870961,0.0843358,0.081889,0.0797043,0.0777393,0.0759599,0.0743383,0.072852,0.0714826,0.0702149,0.0690364,0.0679365,0.0669066,0.065939,0.0650275,0.0641665,0.0633514,0.0625779,0.0618425,0.061142,0.0604736,0.0598349,0.0592237,0.0586379,0.0580758,0.0575358,0.0570165,0.0565165,0.0560346,0.0555698,0.0551211,0.0546876,0.0542684,0.0538628,0.05347,0.0530894,0.0527204,0.0523624,0.052015,0.0516775,0.0513496,0.0510308,0.0507207,0.050419,0.0501253,0.0498393,0.0495607,0.0492891,0.0490243,0.048766,0.0485141,0.0482682,0.0480281,0.0477937,0.0475648,0.047341,0.0471224,0.0469086,0.0466996,0.0464952,0.0462952,0.0460995,0.045908,0.0457205,0.045537,0.0453572,0.0451811,0.0450086,0.0448396,0.044674,0.0445117,0.0443525,0.0441965,0.0440435,0.0438935,0.0437463,0.0436019,0.0434602,0.0433212,0.0431848,0.0430509,0.0429195,0.0427905,0.0426638,0.0425394,0.0424172,0.0422972,0.0421794
0.189048,0.174108,0.160978,0.149398,0.139158,0.130092,0.122069,0.114987,0.10876,0.103309,0.0985554,0.094415,0.0908042,0.0876429,0.084859,0.0823908,0.0801866,0.0782041,0.0764089,0.0747732,0.073274,0.071893,0.0706147,0.0694266,0.0683179,0.0672797,0.0663046,0.065386,0.0645185,0.0636972,0.062918,0.0621771,0.0614716,0.0607984,0.0601551,0.0595395,0.0589496,0.0583835,0.0578397,0.0573168,0.0568133,0.0563282,0.0558602,0.0554084,0.0549719,0.0545499,0.0541415,0.053746,0.0533628,0.0529913,0.0526309,0.0522811,0.0519413,0.0516111,0.0512902,0.050978,0.0506742,0.0503785,0.0500905,0.04981,0.0495365,0.0492699,0.0490099,0.0487562,0.0485086,0.0482668,0.0480308,0.0478002,0.0475749,0.0473547,0.0471394,0.0469289,0.0467231,0.0465216,0.0463245,0.0461316,0.0459428,0.0457579,0.0455768,0.0453995,0.0452257,0.0450555,0.0448886,0.0447251,0.0445647,0.0444075,0.0442534,0.0441022,0.0439539,0.0438084,0.0436656,0.0435255,0.043388,0.0432531,0.0431206,0.0429906,0.0428629,0.0427375,0.0426143,0.0424934,0.0423746
0.189929,0.174943,0.161776,0.150165,0.1399,0.130814,0.122773,0.115672,0.109426,0.103953,0.099175,0.095009,0.0913725,0.0881864,0.0853793,0.0828899,0.0806664,0.0786665,0.0768557,0.0752058,0.073694,0.0723014,0.0710126,0.0698148,0.0686973,0.067651,0.0666684,0.0657428,0.0648687,0.0640413,0.0632564,0.0625102,0.0617995,0.0611215,0.0604737,0.0598538,0.0592597,0.0586898,0.0581423,0.0576157,0.0571088,0.0566203,0.0561492,0.0556943,0.0552549,0.05483,0.0544189,0.0540207,0.053635,0.053261,0.0528982,0.052546,0.0522039,0.0518715,0.0515484,0.0512342,0.0509283,0.0506306,0.0503407,0.0500582,0.0497829,0.0495145,0.0492527,0.0489972,0.0487479,0.0485046,0.0482669,0.0480347,0.0478078,0.0475861,0.0473693,0.0471574,0.04695,0.0467472,0.0465487,0.0463544,0.0461642,0.045978,0.0457956,0.045617,0.045442,0.0452705,0.0451024,0.0449376,0.0447761,0.0446177,0.0444624,0.0443101,0.0441607,0.0440141,0.0438702,0.0437291,0.0435905,0.0434545,0.043321,0.04319,0.0430612,0.0429349,0.0428107,0.0426888,0.0425691
0.19081,0.175777,0.162571,0.150929,0.14064,0.131532,0.123472,0.116353,0.110087,0.104592,0.0997902,0.095599,0.0919372,0.0887267,0.0858968,0.0833863,0.0811437,0.0791266,0.0773003,0.0756364,0.0741118,0.0727078,0.0714085,0.0702011,0.0690748,0.0680205,0.0670303,0.0660978,0.0652173,0.0643838,0.0635932,0.0628416,0.0621259,0.0614432,0.0607908,0.0601666,0.0595684,0.0589946,0.0584433,0.0579132,0.0574029,0.0569111,0.0564368,0.055979,0.0555366,0.0551089,0.054695,0.0542942,0.0539059,0.0535294,0.0531642,0.0528097,0.0524654,0.0521308,0.0518056,0.0514892,0.0511813,0.0508817,0.0505898,0.0503054,0.0500283,0.049758,0.0494945,0.0492373,0.0489863,0.0487413,0.048502,0.0482682,0.0480398,0.0478166,0.0475983,0.0473849,0.0471761,0.0469718,0.0467719,0.0465763,0.0463848,0.0461972,0.0460136,0.0458336,0.0456574,0.0454846,0.0453153,0.0451494,0.0449867,0.0448272,0.0446707,0.0445172,0.0443667,0.044219,0.0440741,0.0439319,0.0437923,0.0436552,0.0435207,0.0433886,0.0432589,0.0431315,0.0430065,0.0428836,0.0427629
0.19169,0.17661,0.163365,0.151692,0.141376,0.132246,0.124167,0.117029,0.110743,0.105227,0.100401,0.0961851,0.0924984,0.0892638,0.0864113,0.08388,0.0816185,0.0795843,0.0777425,0.0760647,0.0745276,0.0731121,0.0718024,0.0705856,0.0694505,0.0683881,0.0673905,0.0664511,0.0655641,0.0647246,0.0639283,0.0631714,0.0624507,0.0617632,0.0611064,0.0604779,0.0598757,0.0592979,0.058743,0.0582093,0.0576956,0.0572006,0.0567232,0.0562623,0.055817,0.0553865,0.0549699,0.0545665,0.0541756,0.0537967,0.0534291,0.0530723,0.0527257,0.0523889,0.0520615,0.0517431,0.0514332,0.0511316,0.0508378,0.0505516,0.0502726,0.0500006,0.0497352,0.0494764,0.0492237,0.0489771,0.0487361,0.0485008,0.0482709,0.0480461,0.0478263,0.0476114,0.0474012,0.0471956,0.0469943,0.0467973,0.0466045,0.0464156,0.0462307,0.0460495,0.0458719,0.045698,0.0455275,0.0453603,0.0451965,0.0450358,0.0448782,0.0447236,0.044572,0.0444232,0.0442772,0.0441339,0.0439933,0.0438552,0.0437197,0.0435866,0.0434559,0.0433275,0.0432015,0.0430776,0.042956
0.192569,0.177441,0.164157,0.152451,0.142109,0.132957,0.124857,0.117701,0.111394,0.105857,0.101008,0.0967674,0.0930562,0.0897979,0.086923,0.0843711,0.0820909,0.0800397,0.0781826,0.0764909,0.0749413,0.0735144,0.0721944,0.0709681,0.0698243,0.0687539,0.0677489,0.0668026,0.0659092,0.0650637,0.0642618,0.0634996,0.0627739,0.0620817,0.0614204,0.0607877,0.0601814,0.0595999,0.0590412,0.058504,0.057987,0.0574887,0.0570082,0.0565443,0.0560961,0.0556628,0.0552435,0.0548375,0.0544442,0.0540628,0.0536928,0.0533337,0.0529849,0.0526459,0.0523164,0.0519959,0.0516841,0.0513805,0.0510848,0.0507967,0.0505159,0.0502421,0.049975,0.0497144,0.0494601,0.0492118,0.0489693,0.0487324,0.0485009,0.0482747,0.0480535,0.0478371,0.0476255,0.0474184,0.0472158,0.0470175,0.0468233,0.0466331,0.0464469,0.0462645,0.0460857,0.0459105,0.0457388,0.0455705,0.0454055,0.0452436,0.0450849,0.0449292,0.0447765,0.0446266,0.0444796,0.0443352,0.0441935,0.0440545,0.0439179,0.0437838,0.0436521,0.0435228,0.0433958,0.043271,0.0431484
0.193447,0.178272,0.164948,0.153209,0.142839,0.133664,0.125544,0.118368,0.112041,0.106482,0.10161,0.0973459,0.0936105,0.0903288,0.0874319,0.0848596,0.0825608,0.0804928,0.0786204,0.076915,0.0753529,0.0739148,0.0725845,0.0713487,0.0701963,0.0691179,0.0681056,0.0671524,0.0662526,0.0654012,0.0645937,0.0638263,0.0630956,0.0623987,0.0617329,0.061096,0.0604858,0.0599003,0.0593381,0.0587974,0.0582769,0.0577755,0.0572918,0.056825,0.0563739,0.0559378,0.0555159,0.0551073,0.0547115,0.0543276,0.0539553,0.0535939,0.0532429,0.0529018,0.0525702,0.0522477,0.0519338,0.0516282,0.0513307,0.0510407,0.0507581,0.0504826,0.0502138,0.0499515,0.0496956,0.0494456,0.0492016,0.0489631,0.0487301,0.0485023,0.0482797,0.0480619,0.0478489,0.0476404,0.0474364,0.0472368,0.0470413,0.0468498,0.0466623,0.0464786,0.0462986,0.0461222,0.0459494,0.0457799,0.0456137,0.0454507,0.0452909,0.0451341,0.0449802,0.0448293,0.0446812,0.0445358,0.0443931,0.044253,0.0441154,0.0439804,0.0438477,0.0437174,0.0435894,0.0434637,0.0433402
0.194326,0.179101,0.165737,0.153964,0.143567,0.134368,0.126227,0.119031,0.112684,0.107103,0.102209,0.0979206,0.0941615,0.0908567,0.087938,0.0853455,0.0830283,0.0809435,0.0790561,0.077337,0.0757625,0.0743131,0.0729726,0.0717274,0.0705665,0.0694801,0.0684604,0.0675005,0.0665944,0.065737,0.0649239,0.0641513,0.0634157,0.0627141,0.062044,0.0614028,0.0607886,0.0601994,0.0596335,0.0590893,0.0585656,0.0580609,0.0575742,0.0571044,0.0566505,0.0562116,0.055787,0.0553759,0.0549775,0.0545913,0.0542167,0.053853,0.0534998,0.0531565,0.0528228,0.0524983,0.0521824,0.051875,0.0515755,0.0512837,0.0509993,0.050722,0.0504515,0.0501876,0.04993,0.0496785,0.0494328,0.0491928,0.0489583,0.0487291,0.0485049,0.0482857,0.0480713,0.0478615,0.0476562,0.0474552,0.0472584,0.0470657,0.0468769,0.046692,0.0465107,0.0463332,0.0461591,0.0459884,0.0458211,0.045657,0.045496,0.0453381,0.0451832,0.0450312,0.0448821,0.0447356,0.0445919,0.0444508,0.0443122,0.0441762,0.0440426,0.0439113,0.0437824,0.0436557,0.0435313
0.195203,0.17993,0.166524,0.154718,0.144291,0.135069,0.126906,0.11969,0.113323,0.107721,0.102803,0.0984918,0.0947092,0.0913816,0.0884413,0.0858289,0.0834933,0.081392,0.0794895,0.0777569,0.0761701,0.0747095,0.0733588,0.0721043,0.0709348,0.0698406,0.0688136,0.0678468,0.0669344,0.0660711,0.0652526,0.0644747,0.0637342,0.0630281,0.0623535,0.0617082,0.06109,0.060497,0.0599275,0.0593799,0.0588528,0.058345,0.0578552,0.0573825,0.0569258,0.0564842,0.0560569,0.0556433,0.0552424,0.0548538,0.0544768,0.0541109,0.0537555,0.0534102,0.0530744,0.0527478,0.05243,0.0521206,0.0518193,0.0515257,0.0512395,0.0509605,0.0506883,0.0504227,0.0501635,0.0499104,0.0496632,0.0494216,0.0491856,0.0489549,0.0487293,0.0485087,0.0482929,0.0480817,0.0478751,0.0476727,0.0474746,0.0472806,0.0470906,0.0469045,0.046722,0.0465433,0.046368,0.0461962,0.0460277,0.0458625,0.0457004,0.0455415,0.0453855,0.0452324,0.0450822,0.0449347,0.04479,0.0446479,0.0445083,0.0443713,0.0442367,0.0441045,0.0439747,0.0438471,0.0437217
0.196081,0.180758,0.16731,0.155469,0.145014,0.135766,0.127582,0.120345,0.113957,0.108334,0.103394,0.0990595,0.0952537,0.0919035,0.0889419,0.0863097,0.083956,0.0818382,0.0799208,0.0781747,0.0765756,0.0751039,0.073743,0.0724793,0.0713013,0.0701992,0.069165,0.0681915,0.0672728,0.0664037,0.0655796,0.0647966,0.0640512,0.0633405,0.0626616,0.0620121,0.06139,0.0607932,0.0602201,0.0596691,0.0591388,0.0586278,0.058135,0.0576593,0.0571998,0.0567555,0.0563256,0.0559094,0.0555061,0.0551152,0.0547359,0.0543677,0.0540101,0.0536627,0.0533249,0.0529963,0.0526765,0.0523652,0.0520621,0.0517667,0.0514787,0.0511979,0.0509241,0.0506568,0.050396,0.0501413,0.0498925,0.0496495,0.049412,0.0491798,0.0489528,0.0487308,0.0485136,0.0483011,0.0480931,0.0478894,0.0476901,0.0474948,0.0473035,0.0471162,0.0469325,0.0467526,0.0465762,0.0464032,0.0462336,0.0460673,0.0459041,0.045744,0.045587,0.0454329,0.0452816,0.0451331,0.0449874,0.0448443,0.0447037,0.0445657,0.0444302,0.044297,0.0441662,0.0440377,0.0439115
0.196958,0.181584,0.168095,0.156218,0.145734,0.136461,0.128255,0.120996,0.114588,0.108943,0.103981,0.0996237,0.0957949,0.0924225,0.0894398,0.086788,0.0844164,0.0822822,0.08035,0.0785904,0.0769792,0.0754964,0.0741254,0.0728525,0.071666,0.0705561,0.0695147,0.0685345,0.0676096,0.0667346,0.065905,0.0651169,0.0643667,0.0636514,0.0629681,0.0623146,0.0616885,0.0610881,0.0605114,0.059957,0.0594233,0.0589092,0.0584134,0.0579349,0.0574725,0.0570256,0.0565931,0.0561744,0.0557687,0.0553753,0.0549937,0.0546234,0.0542636,0.0539141,0.0535742,0.0532437,0.052922,0.0526088,0.0523038,0.0520066,0.0517169,0.0514344,0.0511588,0.05089,0.0506275,0.0503713,0.050121,0.0498764,0.0496374,0.0494038,0.0491754,0.048952,0.0487334,0.0485195,0.0483102,0.0481053,0.0479046,0.0477081,0.0475156,0.047327,0.0471422,0.0469611,0.0467835,0.0466094,0.0464387,0.0462712,0.046107,0.0459458,0.0457877,0.0456326,0.0454803,0.0453308,0.045184,0.0450399,0.0448984,0.0447594,0.0446229,0.0444889,0.0443571,0.0442277,0.0441005
0.197835,0.182411,0.168878,0.156966,0.146451,0.137153,0.128924,0.121644,0.115215,0.109549,0.104565,0.100184,0.0963331,0.0929386,0.0899351,0.0872638,0.0848744,0.082724,0.080777,0.079004,0.0773807,0.075887,0.074506,0.0732238,0.0720289,0.0709113,0.0698626,0.0688758,0.0679447,0.0670639,0.0662289,0.0654357,0.0646807,0.0639608,0.0632732,0.0626156,0.0619857,0.0613815,0.0608013,0.0602435,0.0597066,0.0591894,0.0586906,0.0582091,0.057744,0.0572944,0.0568593,0.0564381,0.05603,0.0556343,0.0552505,0.0548779,0.054516,0.0541644,0.0538225,0.05349,0.0531664,0.0528513,0.0525445,0.0522455,0.051954,0.0516699,0.0513926,0.0511221,0.0508581,0.0506003,0.0503485,0.0501024,0.049862,0.0496269,0.0493971,0.0491723,0.0489523,0.0487371,0.0485265,0.0483203,0.0481184,0.0479206,0.0477269,0.0475371,0.0473511,0.0471688,0.04699,0.0468148,0.046643,0.0464744,0.0463091,0.0461469,0.0459877,0.0458315,0.0456782,0.0455277,0.04538,0.0452349,0.0450924,0.0449525,0.044815,0.04468,0.0445474,0.044417,0.044289
0.198711,0.183236,0.16966,0.157712,0.147167,0.137842,0.12959,0.122289,0.115839,0.110151,0.105145,0.100742,0.0968682,0.0934519,0.0904277,0.0877372,0.0853301,0.0831635,0.0812019,0.0794157,0.0777803,0.0762756,0.0748846,0.0735934,0.07239,0.0712647,0.0702089,0.0692155,0.0682781,0.0673916,0.0665512,0.0657529,0.0649931,0.0642687,0.0635769,0.0629152,0.0622814,0.0616735,0.0610898,0.0605286,0.0599885,0.0594682,0.0589664,0.0584821,0.0580143,0.057562,0.0571244,0.0567007,0.0562902,0.0558922,0.055506,0.0551313,0.0547673,0.0544136,0.0540697,0.0537352,0.0534097,0.0530928,0.0527841,0.0524834,0.0521902,0.0519043,0.0516255,0.0513533,0.0510877,0.0508284,0.050575,0.0503275,0.0500856,0.0498491,0.0496179,0.0493917,0.0491704,0.0489539,0.0487419,0.0485344,0.0483313,0.0481323,0.0479373,0.0477463,0.0475591,0.0473757,0.0471958,0.0470195,0.0468465,0.0466769,0.0465105,0.0463472,0.046187,0.0460298,0.0458754,0.0457239,0.0455752,0.0454291,0.0452857,0.0451448,0.0450064,0.0448705,0.0447369,0.0446057,0.0444767
0.199587,0.184061,0.170442,0.158457,0.14788,0.138529,0.130253,0.12293,0.116459,0.110749,0.105721,0.101296,0.0974003,0.0939625,0.0909178,0.0882082,0.0857835,0.0836009,0.0816248,0.0798253,0.078178,0.0766624,0.0752614,0.0739611,0.0727494,0.0716164,0.0705535,0.0695534,0.06861,0.0677177,0.066872,0.0660686,0.065304,0.0645751,0.0638791,0.0632133,0.0625757,0.0619642,0.061377,0.0608124,0.0602691,0.0597458,0.059241,0.0587539,0.0582833,0.0578284,0.0573882,0.0569621,0.0565491,0.0561488,0.0557605,0.0553835,0.0550174,0.0546617,0.0543158,0.0539794,0.053652,0.0533332,0.0530228,0.0527202,0.0524254,0.0521378,0.0518573,0.0515836,0.0513164,0.0510555,0.0508006,0.0505516,0.0503083,0.0500704,0.0498378,0.0496102,0.0493876,0.0491698,0.0489565,0.0487478,0.0485433,0.0483431,0.048147,0.0479548,0.0477664,0.0475818,0.0474008,0.0472233,0.0470493,0.0468786,0.0467111,0.0465468,0.0463855,0.0462273,0.0460719,0.0459194,0.0457697,0.0456227,0.0454783,0.0453365,0.0451971,0.0450603,0.0449258,0.0447937,0.0446638
0.200464,0.184885,0.171222,0.1592,0.148592,0.139213,0.130913,0.123568,0.117075,0.111345,0.106294,0.101847,0.0979295,0.0944703,0.0914053,0.0886768,0.0862346,0.0840361,0.0820455,0.080233,0.0785737,0.0770472,0.0756364,0.074327,0.0731071,0.0719664,0.0708964,0.0698898,0.0689402,0.0680422,0.0671911,0.0663828,0.0656135,0.0648801,0.0641798,0.06351,0.0628686,0.0622534,0.0616628,0.0610949,0.0605485,0.060022,0.0595144,0.0590244,0.0585511,0.0580936,0.0576509,0.0572222,0.056807,0.0564044,0.0560138,0.0556347,0.0552665,0.0549087,0.0545608,0.0542225,0.0538932,0.0535726,0.0532604,0.0529561,0.0526595,0.0523703,0.0520882,0.0518129,0.0515441,0.0512817,0.0510253,0.0507749,0.0505301,0.0502908,0.0500568,0.0498279,0.0496039,0.0493848,0.0491703,0.0489602,0.0487546,0.0485531,0.0483558,0.0481624,0.0479729,0.0477871,0.047605,0.0474264,0.0472513,0.0470795,0.046911,0.0467456,0.0465833,0.046424,0.0462677,0.0461142,0.0459635,0.0458155,0.0456702,0.0455274,0.0453872,0.0452494,0.045114,0.044981,0.0448502
0.20134,0.185708,0.172001,0.159941,0.149301,0.139895,0.131571,0.124203,0.117689,0.111936,0.106864,0.102396,0.0984557,0.0949754,0.0918903,0.089143,0.0866836,0.0844693,0.0824643,0.0806386,0.0789675,0.0774302,0.0760096,0.0746912,0.073463,0.0723147,0.0712377,0.0702245,0.0692689,0.0683652,0.0675088,0.0666954,0.0659214,0.0651836,0.0644791,0.0638054,0.0631601,0.0625413,0.0619472,0.0613761,0.0608265,0.060297,0.0597864,0.0592937,0.0588177,0.0583575,0.0579123,0.0574813,0.0570636,0.0566588,0.056266,0.0558847,0.0555144,0.0551546,0.0548048,0.0544645,0.0541334,0.053811,0.053497,0.053191,0.0528927,0.0526018,0.0523181,0.0520412,0.0517709,0.0515069,0.0512491,0.0509972,0.050751,0.0505103,0.0502749,0.0500447,0.0498194,0.0495989,0.0493832,0.0491719,0.048965,0.0487623,0.0485638,0.0483692,0.0481786,0.0479917,0.0478084,0.0476288,0.0474525,0.0472797,0.0471101,0.0469437,0.0467804,0.0466201,0.0464627,0.0463083,0.0461566,0.0460077,0.0458614,0.0457177,0.0455765,0.0454378,0.0453016,0.0451676,0.045036
0.202216,0.186532,0.172779,0.160681,0.150009,0.140575,0.132225,0.124835,0.118299,0.112525,0.107431,0.102941,0.0989792,0.0954779,0.0923729,0.089607,0.0871303,0.0849003,0.082881,0.0810424,0.0793594,0.0778114,0.076381,0.0750536,0.0738171,0.0726613,0.0715772,0.0705576,0.0695959,0.0686866,0.0678249,0.0670066,0.0662279,0.0654857,0.064777,0.0640993,0.0634502,0.0628279,0.0622303,0.0616559,0.0611032,0.0605707,0.0600572,0.0595617,0.059083,0.0586203,0.0581726,0.0577391,0.0573192,0.056912,0.056517,0.0561337,0.0557613,0.0553995,0.0550477,0.0547055,0.0543725,0.0540483,0.0537325,0.0534248,0.0531249,0.0528324,0.052547,0.0522686,0.0519967,0.0517313,0.051472,0.0512186,0.050971,0.0507289,0.0504922,0.0502606,0.050034,0.0498123,0.0495952,0.0493827,0.0491746,0.0489707,0.048771,0.0485753,0.0483835,0.0481954,0.0480111,0.0478303,0.047653,0.0474791,0.0473085,0.047141,0.0469767,0.0468154,0.0466571,0.0465016,0.046349,0.0461991,0.0460519,0.0459073,0.0457652,0.0456256,0.0454884,0.0453536,0.0452212
0.203091,0.187354,0.173556,0.16142,0.150715,0.141252,0.132878,0.125464,0.118906,0.113111,0.107995,0.103483,0.0994999,0.0959778,0.092853,0.0900686,0.0875749,0.0853292,0.0832957,0.0814441,0.0797495,0.0781908,0.0767506,0.0754143,0.0741696,0.0730062,0.0719152,0.0708891,0.0699214,0.0690065,0.0681395,0.0673162,0.0665329,0.0657863,0.0650734,0.0643918,0.063739,0.0631131,0.0625121,0.0619345,0.0613786,0.0608431,0.0603268,0.0598285,0.0593471,0.0588818,0.0584317,0.0579958,0.0575735,0.0571641,0.056767,0.0563815,0.0560071,0.0556433,0.0552896,0.0549455,0.0546107,0.0542847,0.0539671,0.0536577,0.0533561,0.053062,0.052775,0.052495,0.0522216,0.0519547,0.0516939,0.0514391,0.0511901,0.0509466,0.0507085,0.0504756,0.0502478,0.0500247,0.0498064,0.0495927,0.0493833,0.0491783,0.0489774,0.0487805,0.0485876,0.0483984,0.048213,0.0480311,0.0478527,0.0476778,0.0475061,0.0473376,0.0471723,0.04701,0.0468507,0.0466943,0.0465407,0.0463899,0.0462417,0.0460962,0.0459532,0.0458127,0.0456747,0.045539,0.0454056
0.203967,0.188177,0.174333,0.162157,0.151419,0.141928,0.133528,0.126091,0.11951,0.113693,0.108556,0.104022,0.100018,0.0964752,0.0933308,0.090528,0.0880173,0.0857561,0.0837084,0.081844,0.0801376,0.0785683,0.0771184,0.0757732,0.0745204,0.0733495,0.0722515,0.071219,0.0702453,0.0693248,0.0684526,0.0676244,0.0668364,0.0660854,0.0653685,0.0646829,0.0640264,0.0633969,0.0627926,0.0622117,0.0616527,0.0611143,0.0605951,0.060094,0.0596101,0.0591422,0.0586896,0.0582513,0.0578268,0.0574151,0.0570158,0.0566282,0.0562518,0.055886,0.0555304,0.0551844,0.0548478,0.05452,0.0542007,0.0538896,0.0535863,0.0532906,0.053002,0.0527205,0.0524456,0.0521772,0.051915,0.0516588,0.0514083,0.0511635,0.0509241,0.0506898,0.0504607,0.0502364,0.0500168,0.0498018,0.0495913,0.0493851,0.049183,0.048985,0.0487909,0.0486006,0.0484141,0.0482312,0.0480517,0.0478757,0.047703,0.0475335,0.0473672,0.0472039,0.0470436,0.0468863,0.0467317,0.0465799,0.0464309,0.0462844,0.0461405,0.0459991,0.0458602,0.0457237,0.0455895
0.204843,0.188999,0.175109,0.162894,0.152122,0.142601,0.134175,0.126715,0.120112,0.114273,0.109114,0.104559,0.100533,0.0969701,0.0938062,0.0909852,0.0884576,0.086181,0.0841192,0.082242,0.080524,0.078944,0.0774844,0.0761304,0.0748695,0.0736911,0.0725862,0.0715473,0.0705676,0.0696415,0.0687641,0.0679311,0.0671385,0.0663832,0.0656621,0.0649726,0.0643124,0.0636794,0.0630717,0.0624876,0.0619256,0.0613842,0.0608622,0.0603584,0.0598718,0.0594014,0.0589463,0.0585057,0.0580789,0.057665,0.0572636,0.0568739,0.0564954,0.0561277,0.0557701,0.0554223,0.0550838,0.0547543,0.0544333,0.0541205,0.0538156,0.0535182,0.0532281,0.052945,0.0526687,0.0523988,0.0521351,0.0518775,0.0516257,0.0513795,0.0511387,0.0509032,0.0506727,0.0504472,0.0502264,0.0500102,0.0497984,0.049591,0.0493878,0.0491886,0.0489935,0.0488021,0.0486145,0.0484304,0.04825,0.0480729,0.0478992,0.0477287,0.0475613,0.0473971,0.0472358,0.0470775,0.046922,0.0467693,0.0466193,0.046472,0.0463272,0.0461849,0.0460451,0.0459077,0.0457727
0.205719,0.18982,0.175884,0.163629,0.152823,0.143273,0.134821,0.127336,0.120711,0.11485,0.10967,0.105093,0.101046,0.0974626,0.0942793,0.0914402,0.0888959,0.0866039,0.0845281,0.0826381,0.0809085,0.079318,0.0778488,0.0764859,0.0752169,0.0740311,0.0729193,0.071874,0.0708884,0.0699568,0.0690742,0.0682363,0.0674392,0.0666795,0.0659543,0.065261,0.0645971,0.0639606,0.0633496,0.0627623,0.0621971,0.0616528,0.061128,0.0606215,0.0601323,0.0596594,0.0592019,0.0587589,0.0583298,0.0579138,0.0575102,0.0571185,0.056738,0.0563683,0.0560088,0.0556592,0.0553189,0.0549876,0.0546649,0.0543504,0.0540439,0.0537449,0.0534533,0.0531686,0.0528908,0.0526194,0.0523543,0.0520953,0.0518421,0.0515946,0.0513525,0.0511157,0.0508839,0.0506571,0.0504351,0.0502177,0.0500048,0.0497962,0.0495918,0.0493915,0.0491952,0.0490028,0.048814,0.048629,0.0484474,0.0482693,0.0480946,0.0479231,0.0477548,0.0475896,0.0474274,0.0472681,0.0471117,0.046958,0.0468071,0.0466588,0.0465132,0.04637,0.0462294,0.0460911,0.0459552
0.206595,0.190642,0.176658,0.164363,0.153522,0.143942,0.135464,0.127955,0.121307,0.115424,0.110222,0.105624,0.101557,0.0979527,0.0947501,0.091893,0.0893321,0.0870248,0.0849351,0.0830324,0.0812912,0.0796902,0.0782114,0.0768398,0.0755627,0.0743694,0.0732509,0.0721992,0.0712077,0.0702706,0.0693828,0.06854,0.0677384,0.0669744,0.0662452,0.065548,0.0648805,0.0642405,0.0636261,0.0630356,0.0624675,0.0619202,0.0613926,0.0608834,0.0603916,0.0599162,0.0594563,0.059011,0.0585797,0.0581614,0.0577557,0.0573619,0.0569795,0.0566078,0.0562465,0.055895,0.0555529,0.0552199,0.0548955,0.0545794,0.0542712,0.0539707,0.0536775,0.0533913,0.053112,0.0528392,0.0525727,0.0523123,0.0520577,0.0518088,0.0515654,0.0513273,0.0510943,0.0508663,0.050643,0.0504244,0.0502103,0.0500006,0.049795,0.0495936,0.0493962,0.0492027,0.0490129,0.0488268,0.0486442,0.0484651,0.0482893,0.0481168,0.0479475,0.0477813,0.0476182,0.0474579,0.0473006,0.047146,0.0469942,0.0468451,0.0466985,0.0465545,0.046413,0.0462739,0.0461371
0.207472,0.191463,0.177432,0.165097,0.154221,0.14461,0.136105,0.128572,0.121901,0.115996,0.110772,0.106153,0.102064,0.0984404,0.0952188,0.0923438,0.0897663,0.0874438,0.0853402,0.0834249,0.0816722,0.0800607,0.0785723,0.077192,0.0759069,0.0747062,0.0735808,0.0725228,0.0715254,0.0705828,0.06969,0.0688424,0.0680362,0.067268,0.0665347,0.0658337,0.0651625,0.0645191,0.0639014,0.0633077,0.0627366,0.0621864,0.061656,0.0611442,0.0606498,0.0601719,0.0597096,0.059262,0.0588284,0.058408,0.0580002,0.0576044,0.0572199,0.0568463,0.0564831,0.0561298,0.055786,0.0554512,0.0551251,0.0548074,0.0544976,0.0541955,0.0539007,0.0536131,0.0533323,0.053058,0.0527901,0.0525283,0.0522724,0.0520222,0.0517775,0.0515381,0.0513038,0.0510746,0.0508501,0.0506303,0.050415,0.0502041,0.0499975,0.049795,0.0495964,0.0494018,0.049211,0.0490238,0.0488402,0.04866,0.0484833,0.0483098,0.0481395,0.0479724,0.0478083,0.0476471,0.0474888,0.0473334,0.0471807,0.0470306,0.0468832,0.0467383,0.0465959,0.046456,0.0463184
0.208348,0.192284,0.178205,0.165829,0.154918,0.145277,0.136744,0.129186,0.122492,0.116565,0.11132,0.106679,0.10257,0.0989259,0.0956853,0.0927925,0.0901985,0.0878609,0.0857434,0.0838155,0.0820514,0.0804295,0.0789316,0.0775425,0.0762494,0.0750414,0.0739092,0.0728449,0.0718417,0.0708936,0.0699956,0.0691433,0.0683326,0.0675601,0.0668228,0.066118,0.0654432,0.0647963,0.0641753,0.0635786,0.0630044,0.0624514,0.0619182,0.0614037,0.0609068,0.0604264,0.0599617,0.0595118,0.059076,0.0586535,0.0582436,0.0578457,0.0574593,0.0570838,0.0567187,0.0563636,0.056018,0.0556815,0.0553538,0.0550344,0.054723,0.0544193,0.0541231,0.0538339,0.0535516,0.053276,0.0530067,0.0527435,0.0524862,0.0522347,0.0519887,0.051748,0.0515125,0.051282,0.0510564,0.0508354,0.050619,0.0504069,0.0501991,0.0499955,0.0497959,0.0496002,0.0494083,0.0492201,0.0490354,0.0488543,0.0486765,0.0485021,0.0483309,0.0481627,0.0479977,0.0478356,0.0476764,0.04752,0.0473664,0.0472155,0.0470672,0.0469215,0.0467782,0.0466374,0.046499
0.209225,0.193104,0.178978,0.16656,0.155614,0.145941,0.137381,0.129799,0.123081,0.117132,0.111865,0.107203,0.103073,0.0994092,0.0961496,0.0932391,0.0906287,0.0882761,0.0861449,0.0842044,0.0824289,0.0807965,0.0792892,0.0778914,0.0765903,0.075375,0.074236,0.0731655,0.0721564,0.0712029,0.0702999,0.0694427,0.0686275,0.0678509,0.0671096,0.066401,0.0657226,0.0650723,0.064448,0.0638481,0.063271,0.0627151,0.0621792,0.0616621,0.0611626,0.0606798,0.0602127,0.0597606,0.0593225,0.0588978,0.0584859,0.058086,0.0576976,0.0573203,0.0569533,0.0565964,0.0562491,0.0559109,0.0555814,0.0552604,0.0549475,0.0546422,0.0543445,0.0540539,0.0537701,0.053493,0.0532223,0.0529578,0.0526992,0.0524464,0.0521991,0.0519572,0.0517204,0.0514887,0.0512618,0.0510397,0.0508221,0.0506089,0.0504,0.0501953,0.0499946,0.0497978,0.0496049,0.0494156,0.04923,0.0490478,0.0488691,0.0486937,0.0485215,0.0483524,0.0481864,0.0480234,0.0478633,0.047706,0.0475515,0.0473997,0.0472506,0.047104,0.0469599,0.0468183,0.046679
0.210101,0.193925,0.17975,0.167291,0.156308,0.146604,0.138017,0.130409,0.123668,0.117696,0.112408,0.107724,0.103574,0.0998903,0.0966119,0.0936838,0.0910571,0.0886894,0.0865445,0.0845916,0.0828046,0.0811619,0.0796451,0.0782387,0.0769297,0.0757071,0.0745614,0.0734845,0.0724697,0.0715108,0.0706027,0.0697408,0.0689211,0.0681402,0.067395,0.0666826,0.0660007,0.0653469,0.0647195,0.0641165,0.0635363,0.0629776,0.062439,0.0619192,0.0614172,0.060932,0.0604626,0.0600082,0.0595679,0.0591411,0.0587271,0.0583252,0.0579349,0.0575557,0.0571869,0.0568282,0.0564791,0.0561392,0.0558082,0.0554855,0.055171,0.0548642,0.054565,0.0542729,0.0539877,0.0537092,0.0534371,0.0531712,0.0529113,0.0526572,0.0524086,0.0521654,0.0519275,0.0516945,0.0514665,0.0512432,0.0510244,0.0508101,0.0506001,0.0503943,0.0501926,0.0499947,0.0498007,0.0496105,0.0494238,0.0492406,0.0490609,0.0488845,0.0487114,0.0485414,0.0483744,0.0482105,0.0480495,0.0478913,0.047736,0.0475833,0.0474333,0.0472858,0.0471409,0.0469984,0.0468584
0.210979,0.194746,0.180522,0.168021,0.157002,0.147266,0.13865,0.131017,0.124253,0.118258,0.112948,0.108243,0.104073,0.100369,0.0970721,0.0941265,0.0914835,0.0891009,0.0869424,0.084977,0.0831787,0.0815257,0.0799994,0.0785844,0.0772675,0.0760376,0.0748851,0.0738021,0.0727815,0.0718172,0.070904,0.0700374,0.0692134,0.0684283,0.0676791,0.0669629,0.0662774,0.0656203,0.0649896,0.0643836,0.0638005,0.0632389,0.0626976,0.0621752,0.0616707,0.0611831,0.0607113,0.0602547,0.0598122,0.0593833,0.0589673,0.0585634,0.0581712,0.05779,0.0574195,0.057059,0.0567082,0.0563666,0.0560339,0.0557097,0.0553936,0.0550853,0.0547845,0.054491,0.0542044,0.0539245,0.053651,0.0533838,0.0531226,0.0528671,0.0526173,0.0523729,0.0521337,0.0518996,0.0516703,0.0514459,0.051226,0.0510106,0.0507995,0.0505926,0.0503897,0.0501909,0.0499958,0.0498045,0.0496169,0.0494327,0.049252,0.0490747,0.0489006,0.0487296,0.0485618,0.0483969,0.048235,0.048076,0.0479197,0.0477662,0.0476153,0.047467,0.0473213,0.047178,0.0470371
0.211856,0.195566,0.181294,0.16875,0.157694,0.147927,0.139282,0.131623,0.124835,0.118818,0.113486,0.10876,0.104569,0.100846,0.0975304,0.0945673,0.0919081,0.0895106,0.0873385,0.0853607,0.0835511,0.0818878,0.0803521,0.0789285,0.0776037,0.0763665,0.0752074,0.0741182,0.0730918,0.0721222,0.071204,0.0703327,0.0695042,0.068715,0.0679618,0.067242,0.0665529,0.0658924,0.0652585,0.0646494,0.0640634,0.0634991,0.062955,0.0624301,0.0619231,0.061433,0.060959,0.0605,0.0600555,0.0596245,0.0592064,0.0588005,0.0584064,0.0580234,0.057651,0.0572888,0.0569363,0.056593,0.0562587,0.0559329,0.0556152,0.0553054,0.0550032,0.0547082,0.0544202,0.0541389,0.0538641,0.0535955,0.053333,0.0530763,0.0528252,0.0525795,0.0523391,0.0521038,0.0518734,0.0516478,0.0514268,0.0512102,0.050998,0.0507901,0.0505862,0.0503862,0.0501902,0.0499979,0.0498092,0.0496241,0.0494424,0.0492641,0.0490891,0.0489172,0.0487484,0.0485827,0.0484199,0.04826,0.0481029,0.0479485,0.0477967,0.0476476,0.047501,0.0473569,0.0472153
