CH4 Thermal Conductivity [W/m_K] PelePhys
0.0390265,0.0297946,0.0285252,0.0279808,0.0277534,0.0277057,0.0277743,0.0279246,0.0281355,0.0283934,0.0286889,0.0290153,0.0293676,0.0297421,0.0301357,0.0305461,0.0309715,0.0314104,0.0318614,0.0323235,0.0327957,0.0332774,0.0337679,0.0342665,0.0347728,0.0352863,0.0358067,0.0363335,0.0368666,0.0374055,0.0379501,0.0385001,0.0390553,0.0396155,0.0401806,0.0407503,0.0413246,0.0419033,0.0424862,0.0430732,0.0436643,0.0442593,0.0448581,0.0454606,0.0460668,0.0466765,0.0472897,0.0479063,0.0485262,0.0491494,0.0497757,0.0504052,0.0510378,0.0516734,0.0523119,0.0529533,0.0535976,0.0542446,0.0548944,0.055547,0.0562021,0.0568599,0.0575203,0.0581832,0.0588486,0.0595164,0.0601867,0.0608593,0.0615343,0.0622116,0.0628912,0.063573,0.064257,0.0649432,0.0656315,0.0663219,0.0670145,0.0677091,0.0684057,0.0691043,0.0698048,0.0705074,0.0712118,0.0719181,0.0726263,0.0733364,0.0740482,0.0747618,0.0754772,0.0761944,0.0769132,0.0776338,0.078356,0.0790799,0.0798054,0.0805326,0.0812613,0.0819916,0.0827234,0.0834567,0.0841916
0.0494085,0.030789,0.0291232,0.0284285,0.0281184,0.0280172,0.028048,0.0281698,0.0283584,0.0285983,0.0288789,0.0291927,0.0295342,0.0298992,0.0302846,0.0306877,0.0311066,0.0315395,0.0319852,0.0324424,0.0329103,0.0333879,0.0338746,0.0343697,0.0348728,0.0353833,0.0359008,0.036425,0.0369556,0.0374922,0.0380346,0.0385825,0.0391357,0.0396941,0.0402573,0.0408254,0.041398,0.0419751,0.0425566,0.0431422,0.0437319,0.0443256,0.0449232,0.0455245,0.0461296,0.0467382,0.0473503,0.0479659,0.0485848,0.049207,0.0498324,0.050461,0.0510927,0.0517275,0.0523652,0.0530058,0.0536493,0.0542956,0.0549447,0.0555966,0.0562511,0.0569082,0.0575679,0.0582302,0.058895,0.0595623,0.0602319,0.060904,0.0615785,0.0622552,0.0629343,0.0636156,0.0642991,0.0649848,0.0656726,0.0663626,0.0670547,0.0677488,0.068445,0.0691432,0.0698434,0.0705455,0.0712495,0.0719555,0.0726633,0.073373,0.0740844,0.0747977,0.0755128,0.0762296,0.0769481,0.0776683,0.0783902,0.0791138,0.079839,0.0805658,0.0812943,0.0820242,0.0827558,0.0834888,0.0842234
0.0520179,0.0319982,0.029781,0.0289067,0.0285028,0.0283426,0.0283323,0.0284235,0.0285884,0.0288091,0.029074,0.0293746,0.0297048,0.03006,0.0304368,0.0308324,0.0312445,0.0316714,0.0321115,0.0325638,0.033027,0.0335005,0.0339833,0.0344748,0.0349746,0.035482,0.0359966,0.0365181,0.0370461,0.0375803,0.0381205,0.0386662,0.0392174,0.0397739,0.0403353,0.0409016,0.0414726,0.0420482,0.0426281,0.0432123,0.0438007,0.044393,0.0449893,0.0455895,0.0461933,0.0468008,0.0474118,0.0480264,0.0486443,0.0492655,0.04989,0.0505177,0.0511485,0.0517824,0.0524193,0.0530591,0.0537019,0.0543474,0.0549958,0.0556469,0.0563008,0.0569572,0.0576163,0.0582779,0.0589421,0.0596088,0.0602779,0.0609494,0.0616233,0.0622995,0.062978,0.0636588,0.0643418,0.065027,0.0657144,0.0664039,0.0670955,0.0677892,0.068485,0.0691827,0.0698825,0.0705842,0.0712878,0.0719934,0.0727008,0.0734101,0.0741212,0.0748341,0.0755488,0.0762653,0.0769835,0.0777034,0.078425,0.0791482,0.0798731,0.0805996,0.0813277,0.0820574,0.0827886,0.0835214,0.0842557
0.05391,0.0335382,0.0305101,0.0294188,0.028908,0.0286826,0.0286275,0.0286859,0.0288255,0.0290261,0.0292744,0.0295611,0.0298795,0.0302246,0.0305924,0.0309801,0.0313852,0.0318059,0.0322404,0.0326874,0.033146,0.0336151,0.034094,0.0345818,0.0350782,0.0355824,0.0360941,0.0366128,0.0371382,0.03767,0.0382078,0.0387514,0.0393005,0.039855,0.0404146,0.0409791,0.0415484,0.0421224,0.0427008,0.0432835,0.0438704,0.0444615,0.0450565,0.0456554,0.046258,0.0468644,0.0474743,0.0480878,0.0487047,0.0493249,0.0499485,0.0505752,0.0512052,0.0518382,0.0524742,0.0531133,0.0537552,0.0544,0.0550477,0.0556981,0.0563512,0.057007,0.0576654,0.0583264,0.0589899,0.059656,0.0603245,0.0609954,0.0616688,0.0623444,0.0630224,0.0637027,0.0643852,0.0650699,0.0657568,0.0664458,0.067137,0.0678302,0.0685255,0.0692229,0.0699222,0.0706235,0.0713267,0.0720319,0.0727389,0.0734478,0.0741585,0.0748711,0.0755854,0.0763015,0.0770194,0.0777389,0.0784602,0.0791831,0.0799077,0.0806339,0.0813617,0.0820911,0.082822,0.0835545,0.0842885
0.0554555,0.0356373,0.0313249,0.0299686,0.0293356,0.0290378,0.0289342,0.0289574,0.02907,0.0292493,0.0294801,0.0297523,0.0300584,0.0303929,0.0307515,0.031131,0.0315289,0.031943,0.0323717,0.0328135,0.0332672,0.0337318,0.0342066,0.0346907,0.0351835,0.0356845,0.0361932,0.0367091,0.0372318,0.0377611,0.0382965,0.0388379,0.0393849,0.0399374,0.0404951,0.0410578,0.0416254,0.0421977,0.0427746,0.0433558,0.0439413,0.044531,0.0451247,0.0457223,0.0463237,0.0469289,0.0475377,0.0481501,0.048766,0.0493852,0.0500078,0.0506336,0.0512626,0.0518948,0.05253,0.0531682,0.0538093,0.0544534,0.0551003,0.0557499,0.0564023,0.0570574,0.0577152,0.0583755,0.0590385,0.0597039,0.0603718,0.0610421,0.0617149,0.06239,0.0630674,0.0637472,0.0644292,0.0651134,0.0657998,0.0664883,0.067179,0.0678718,0.0685667,0.0692635,0.0699624,0.0706633,0.0713661,0.0720709,0.0727775,0.073486,0.0741964,0.0749086,0.0756226,0.0763383,0.0770558,0.077775,0.0784959,0.0792185,0.0799428,0.0806686,0.0813961,0.0821252,0.0828559,0.083588,0.0843218
0.056789,0.0386954,0.0322443,0.0305605,0.0297873,0.0294092,0.0292527,0.029238,0.029322,0.0294787,0.0296913,0.0299483,0.0302415,0.0305649,0.0309139,0.031285,0.0316754,0.0320828,0.0325055,0.0329418,0.0333905,0.0338507,0.0343212,0.0348015,0.0352907,0.0357884,0.0362939,0.0368069,0.0373269,0.0378536,0.0383866,0.0389257,0.0394706,0.0400211,0.0405768,0.0411377,0.0417036,0.0422742,0.0428494,0.0434292,0.0440132,0.0446015,0.0451939,0.0457902,0.0463904,0.0469944,0.0476021,0.0482134,0.0488282,0.0494464,0.050068,0.0506928,0.0513209,0.0519522,0.0525865,0.0532239,0.0538642,0.0545075,0.0551536,0.0558025,0.0564542,0.0571086,0.0577657,0.0584254,0.0590877,0.0597525,0.0604198,0.0610895,0.0617617,0.0624362,0.0631131,0.0637923,0.0644738,0.0651575,0.0658434,0.0665315,0.0672217,0.067914,0.0686084,0.0693048,0.0700033,0.0707037,0.0714061,0.0721105,0.0728167,0.0735248,0.0742348,0.0749466,0.0756602,0.0763756,0.0770927,0.0778116,0.0785322,0.0792544,0.0799784,0.0807039,0.0814311,0.0821598,0.0828902,0.0836221,0.0843555
0.057977,0.0425659,0.0332927,0.0311996,0.0302649,0.0297977,0.0295836,0.0295283,0.0295818,0.0297146,0.0299079,0.030149,0.0304288,0.0307407,0.0310798,0.0314422,0.0318248,0.0322253,0.0326418,0.0330725,0.0335161,0.0339715,0.0344378,0.0349141,0.0353996,0.0358939,0.0363962,0.0369063,0.0374235,0.0379476,0.0384782,0.0390149,0.0395576,0.040106,0.0406598,0.0412188,0.0417829,0.0423518,0.0429254,0.0435036,0.0440862,0.044673,0.045264,0.0458591,0.046458,0.0470608,0.0476673,0.0482775,0.0488912,0.0495084,0.050129,0.0507529,0.0513801,0.0520104,0.0526439,0.0532804,0.0539199,0.0545623,0.0552077,0.0558559,0.0565068,0.0571605,0.0578169,0.0584759,0.0591375,0.0598017,0.0604684,0.0611375,0.0618091,0.0624831,0.0631594,0.0638381,0.064519,0.0652022,0.0658876,0.0665752,0.0672649,0.0679567,0.0686507,0.0693467,0.0700447,0.0707447,0.0714467,0.0721506,0.0728564,0.0735641,0.0742737,0.0749852,0.0756984,0.0764134,0.0771302,0.0778487,0.0785689,0.0792908,0.0800144,0.0807396,0.0814665,0.0821949,0.082925,0.0836565,0.0843897
0.0590575,0.0458592,0.0345005,0.0318917,0.0307704,0.030204,0.0299273,0.0298283,0.0298494,0.029957,0.0301301,0.0303546,0.0306204,0.0309204,0.0312491,0.0316024,0.0319771,0.0323705,0.0327805,0.0332054,0.0336438,0.0340944,0.0345563,0.0350285,0.0355103,0.0360011,0.0365002,0.0370072,0.0375216,0.038043,0.0385711,0.0391055,0.0396459,0.0401922,0.040744,0.0413011,0.0418633,0.0424305,0.0430025,0.0435791,0.0441602,0.0447456,0.0453352,0.0459289,0.0465266,0.0471282,0.0477335,0.0483425,0.0489552,0.0495713,0.0501909,0.0508138,0.05144,0.0520694,0.052702,0.0533376,0.0539763,0.0546179,0.0552625,0.0559099,0.0565601,0.0572131,0.0578688,0.0585271,0.0591881,0.0598516,0.0605177,0.0611862,0.0618572,0.0625306,0.0632064,0.0638845,0.0645649,0.0652475,0.0659324,0.0666195,0.0673087,0.0680001,0.0686935,0.0693891,0.0700866,0.0707862,0.0714877,0.0721912,0.0728967,0.073604,0.0743132,0.0750242,0.0757371,0.0764517,0.0771681,0.0778863,0.0786062,0.0793277,0.080051,0.0807759,0.0815024,0.0822305,0.0829602,0.0836915,0.0844243
0.0600547,0.0483262,0.0359022,0.0326434,0.031306,0.0306292,0.0302843,0.0301384,0.030125,0.0302061,0.0303579,0.030565,0.0308162,0.0311038,0.0314219,0.0317658,0.0321323,0.0325183,0.0329217,0.0333407,0.0337737,0.0342194,0.0346768,0.0351448,0.0356228,0.03611,0.0366058,0.0371096,0.0376211,0.0381398,0.0386653,0.0391973,0.0397355,0.0402796,0.0408293,0.0413845,0.0419449,0.0425104,0.0430807,0.0436556,0.0442352,0.0448191,0.0454073,0.0459997,0.0465961,0.0471964,0.0478006,0.0484084,0.04902,0.049635,0.0502535,0.0508755,0.0515007,0.0521292,0.0527609,0.0533956,0.0540335,0.0546743,0.0553181,0.0559647,0.0566142,0.0572664,0.0579214,0.058579,0.0592393,0.0599022,0.0605676,0.0612355,0.0619059,0.0625787,0.0632539,0.0639314,0.0646113,0.0652934,0.0659778,0.0666643,0.0673531,0.068044,0.0687369,0.069432,0.0701291,0.0708282,0.0715294,0.0722324,0.0729374,0.0736444,0.0743532,0.0750638,0.0757763,0.0764905,0.0772066,0.0779244,0.0786439,0.0793651,0.080088,0.0808126,0.0815388,0.0822666,0.082996,0.0837269,0.0844594
0.0609853,0.0502756,0.0375252,0.0334617,0.0318741,0.0310744,0.0306552,0.030459,0.0304089,0.0304618,0.0305915,0.0307803,0.0310164,0.0312911,0.0315981,0.0319324,0.0322903,0.0326688,0.0330654,0.0334783,0.0339058,0.0343464,0.0347991,0.0352629,0.035737,0.0362205,0.0367129,0.0372136,0.0377222,0.0382381,0.038761,0.0392905,0.0398263,0.0403682,0.0409159,0.0414691,0.0420276,0.0425913,0.0431599,0.0437332,0.0443112,0.0448937,0.0454805,0.0460714,0.0466665,0.0472656,0.0478685,0.0484752,0.0490856,0.0496996,0.0503171,0.050938,0.0515622,0.0521898,0.0528205,0.0534544,0.0540914,0.0547314,0.0553743,0.0560202,0.0566689,0.0573204,0.0579746,0.0586316,0.0592912,0.0599534,0.0606182,0.0612855,0.0619553,0.0626275,0.0633021,0.063979,0.0646583,0.0653399,0.0660237,0.0667098,0.067398,0.0680884,0.0687809,0.0694755,0.0701722,0.0708708,0.0715715,0.0722742,0.0729788,0.0736853,0.0743936,0.0751039,0.075816,0.0765298,0.0772455,0.0779629,0.0786821,0.079403,0.0801255,0.0808497,0.0815756,0.0823031,0.0830321,0.0837628,0.084495
0.0618609,0.0519033,0.0393623,0.0343542,0.032477,0.0315405,0.0310404,0.0307902,0.0307011,0.0307245,0.0308307,0.0310006,0.0312209,0.0314823,0.0317777,0.0321021,0.0324512,0.0328219,0.0332116,0.0336182,0.03404,0.0344754,0.0349234,0.0353829,0.0358529,0.0363327,0.0368216,0.0373191,0.0378246,0.0383377,0.0388579,0.039385,0.0399185,0.0404581,0.0410036,0.0415548,0.0421115,0.0426733,0.0432401,0.0438119,0.0443883,0.0449692,0.0455545,0.0461441,0.0467379,0.0473356,0.0479373,0.0485429,0.0491521,0.049765,0.0503814,0.0510013,0.0516245,0.0522511,0.0528809,0.0535139,0.05415,0.0547892,0.0554313,0.0560764,0.0567243,0.0573751,0.0580286,0.0586848,0.0593437,0.0600053,0.0606694,0.0613361,0.0620052,0.0626768,0.0633508,0.0640272,0.064706,0.065387,0.0660703,0.0667558,0.0674436,0.0681334,0.0688255,0.0695196,0.0702158,0.070914,0.0716142,0.0723164,0.0730206,0.0737267,0.0744346,0.0751445,0.0758562,0.0765697,0.0772849,0.078002,0.0787208,0.0794413,0.0801635,0.0808874,0.0816129,0.08234,0.0830688,0.0837991,0.084531
0.0626902,0.053315,0.0413375,0.0353276,0.0331172,0.0320285,0.0314405,0.0311323,0.0310019,0.0309941,0.0310758,0.0312259,0.0314298,0.0316773,0.0319609,0.0322749,0.032615,0.0329777,0.0333602,0.0337604,0.0341763,0.0346065,0.0350496,0.0355046,0.0359705,0.0364465,0.0369319,0.0374261,0.0379285,0.0384387,0.0389563,0.0394807,0.0400118,0.0405492,0.0410926,0.0416417,0.0421964,0.0427564,0.0433215,0.0438915,0.0444663,0.0450457,0.0456295,0.0462177,0.0468101,0.0474066,0.048007,0.0486114,0.0492194,0.0498312,0.0504465,0.0510654,0.0516876,0.0523132,0.0529421,0.0535742,0.0542094,0.0548477,0.055489,0.0561333,0.0567804,0.0574304,0.0580832,0.0587387,0.0593969,0.0600578,0.0607213,0.0613873,0.0620558,0.0627268,0.0634002,0.064076,0.0647542,0.0654347,0.0661174,0.0668024,0.0674896,0.068179,0.0688705,0.0695642,0.0702599,0.0709576,0.0716574,0.0723592,0.0730629,0.0737686,0.0744761,0.0751856,0.0758968,0.07661,0.0773249,0.0780415,0.07876,0.0794801,0.080202,0.0809255,0.0816507,0.0823775,0.0831059,0.0838359,0.0845675
0.0634801,0.0545722,0.0433178,0.036387,0.0337972,0.0325396,0.031856,0.0314858,0.0313115,0.0312708,0.0313268,0.0314562,0.031643,0.0318761,0.0321475,0.0324509,0.0327816,0.0331361,0.0335113,0.0339048,0.0343148,0.0347395,0.0351777,0.0356281,0.0360898,0.036562,0.0370438,0.0375346,0.0380339,0.0385411,0.0390559,0.0395778,0.0401064,0.0406414,0.0411826,0.0417297,0.0422824,0.0428405,0.0434038,0.0439721,0.0445453,0.0451231,0.0457055,0.0462923,0.0468833,0.0474784,0.0480776,0.0486807,0.0492876,0.0498982,0.0505125,0.0511303,0.0517515,0.0523761,0.053004,0.0536352,0.0542695,0.0549069,0.0555474,0.0561908,0.0568372,0.0574864,0.0581385,0.0587933,0.0594508,0.0601109,0.0607737,0.0614391,0.062107,0.0627774,0.0634502,0.0641254,0.064803,0.0654829,0.0661651,0.0668496,0.0675363,0.0682251,0.0689162,0.0696093,0.0703045,0.0710018,0.0717012,0.0724025,0.0731058,0.073811,0.0745181,0.0752271,0.075938,0.0766507,0.0773653,0.0780816,0.0787996,0.0795194,0.0802409,0.0809641,0.0816889,0.0824154,0.0831434,0.0838731,0.0846043
0.0642357,0.0557129,0.0451866,0.0375329,0.0345191,0.0330748,0.0322874,0.0318508,0.0316299,0.0315546,0.0315838,0.0316916,0.0318607,0.0320789,0.0323375,0.03263,0.0329511,0.0332971,0.0336647,0.0340515,0.0344554,0.0348746,0.0353077,0.0357535,0.0362109,0.036679,0.0371571,0.0376445,0.0381406,0.0386449,0.0391568,0.0396761,0.0402022,0.0407349,0.0412739,0.0418188,0.0423695,0.0429257,0.0434872,0.0440538,0.0446253,0.0452015,0.0457824,0.0463677,0.0469573,0.0475511,0.048149,0.0487509,0.0493566,0.0499661,0.0505792,0.0511959,0.0518161,0.0524397,0.0530667,0.0536969,0.0543303,0.0549669,0.0556065,0.0562491,0.0568946,0.0575431,0.0581944,0.0588484,0.0595052,0.0601647,0.0608268,0.0614915,0.0621588,0.0628285,0.0635007,0.0641754,0.0648524,0.0655317,0.0662134,0.0668973,0.0675834,0.0682718,0.0689623,0.069655,0.0703497,0.0710465,0.0717454,0.0724463,0.0731491,0.0738539,0.0745606,0.0752692,0.0759797,0.076692,0.0774061,0.078122,0.0788397,0.0795591,0.0802803,0.0810031,0.0817276,0.0824537,0.0831814,0.0839108,0.0846417
0.0649612,0.0567626,0.0468921,0.0387594,0.0352846,0.0336349,0.0327353,0.0322275,0.0319574,0.0318457,0.0318467,0.031932,0.0320827,0.0322856,0.0325311,0.0328122,0.0331235,0.0334608,0.0338207,0.0342005,0.0345981,0.0350116,0.0354395,0.0358805,0.0363336,0.0367977,0.0372721,0.037756,0.0382488,0.03875,0.0392591,0.0397756,0.0402992,0.0408295,0.0413662,0.041909,0.0424577,0.043012,0.0435716,0.0441364,0.0447062,0.0452809,0.0458602,0.046444,0.0470322,0.0476247,0.0482213,0.0488219,0.0494264,0.0500347,0.0506467,0.0512623,0.0518815,0.0525041,0.0531301,0.0537593,0.0543918,0.0550275,0.0556662,0.056308,0.0569528,0.0576004,0.0582509,0.0589043,0.0595603,0.0602191,0.0608805,0.0615446,0.0622112,0.0628803,0.0635519,0.0642259,0.0649023,0.0655811,0.0662622,0.0669455,0.0676312,0.068319,0.069009,0.0697012,0.0703954,0.0710918,0.0717902,0.0724906,0.073193,0.0738973,0.0746036,0.0753118,0.0760218,0.0767338,0.0774475,0.078163,0.0788803,0.0795993,0.0803201,0.0810426,0.0817667,0.0824925,0.0832199,0.0839489,0.0846794
0.0656602,0.0577388,0.0484327,0.0400512,0.0360947,0.0342209,0.0331999,0.0326164,0.0322941,0.0321441,0.0321157,0.0321776,0.0323092,0.0324961,0.0327281,0.0329976,0.0332987,0.033627,0.033979,0.0343517,0.0347429,0.0351506,0.0355732,0.0360094,0.036458,0.0369179,0.0373885,0.0378688,0.0383583,0.0388565,0.0393626,0.0398764,0.0403975,0.0409253,0.0414597,0.0420004,0.0425469,0.0430992,0.043657,0.04422,0.0447882,0.0453612,0.0459389,0.0465213,0.047108,0.0476991,0.0482944,0.0488937,0.049497,0.0501041,0.050715,0.0513295,0.0519476,0.0525692,0.0531942,0.0538225,0.0544541,0.0550888,0.0557267,0.0563676,0.0570115,0.0576584,0.0583081,0.0589607,0.059616,0.0602741,0.0609348,0.0615982,0.0622641,0.0629326,0.0636036,0.064277,0.0649528,0.065631,0.0663115,0.0669944,0.0676794,0.0683667,0.0690562,0.0697479,0.0704416,0.0711375,0.0718354,0.0725354,0.0732373,0.0739412,0.0746471,0.0753548,0.0760645,0.076776,0.0774893,0.0782044,0.0789213,0.07964,0.0803604,0.0810825,0.0818062,0.0825317,0.0832587,0.0839874,0.0847176
0.0663353,0.0586546,0.0498272,0.0413843,0.0369493,0.0348333,0.0336819,0.0330175,0.0326401,0.0324499,0.0323908,0.0324284,0.0325402,0.0327106,0.0329286,0.0331861,0.0334768,0.0337959,0.0341397,0.0345052,0.0348898,0.0352915,0.0357087,0.03614,0.036584,0.0370398,0.0375064,0.0379831,0.0384693,0.0389642,0.0394674,0.0399785,0.0404969,0.0410223,0.0415543,0.0420928,0.0426372,0.0431875,0.0437434,0.0443046,0.044871,0.0454424,0.0460186,0.0465994,0.0471847,0.0477744,0.0483683,0.0489663,0.0495684,0.0501743,0.050784,0.0513975,0.0520145,0.052635,0.053259,0.0538863,0.054517,0.0551508,0.0557878,0.0564279,0.057071,0.057717,0.058366,0.0590178,0.0596724,0.0603297,0.0609897,0.0616524,0.0623177,0.0629855,0.0636558,0.0643286,0.0650039,0.0656815,0.0663614,0.0670437,0.0677282,0.068415,0.069104,0.0697951,0.0704884,0.0711838,0.0718812,0.0725807,0.0732822,0.0739856,0.074691,0.0753984,0.0761076,0.0768187,0.0775316,0.0782463,0.0789628,0.0796811,0.0804011,0.0811228,0.0818462,0.0825713,0.083298,0.0840263,0.0847563
0.0669891,0.0595194,0.0510985,0.0427295,0.0378465,0.0354726,0.0341814,0.0334311,0.0329955,0.0327632,0.032672,0.0326843,0.0327756,0.032929,0.0331326,0.0333777,0.0336576,0.0339674,0.0343028,0.0346608,0.0350388,0.0354344,0.0358461,0.0362723,0.0367116,0.0371631,0.0376258,0.0380989,0.0385816,0.0390733,0.0395735,0.0400817,0.0405975,0.0411204,0.0416501,0.0421862,0.0427286,0.0432768,0.0438308,0.0443902,0.0449548,0.0455245,0.0460991,0.0466784,0.0472622,0.0478505,0.0484431,0.0490398,0.0496406,0.0502453,0.0508538,0.0514661,0.0520821,0.0527016,0.0533245,0.0539509,0.0545806,0.0552135,0.0558496,0.0564888,0.057131,0.0577763,0.0584244,0.0590755,0.0597293,0.0603859,0.0610453,0.0617072,0.0623718,0.063039,0.0637087,0.0643809,0.0650555,0.0657325,0.0664119,0.0670936,0.0677776,0.0684638,0.0691522,0.0698429,0.0705356,0.0712305,0.0719275,0.0726265,0.0733275,0.0740305,0.0747354,0.0754423,0.0761511,0.0768618,0.0775743,0.0782886,0.0790048,0.0797227,0.0804423,0.0811636,0.0818867,0.0826114,0.0833377,0.0840657,0.0847953
0.0676235,0.0603407,0.0522671,0.0440587,0.0387827,0.0361387,0.0346987,0.0338574,0.0333605,0.033084,0.0329594,0.0329455,0.0330154,0.0331512,0.03334,0.0335724,0.0338414,0.0341414,0.0344683,0.0348187,0.0351898,0.0355793,0.0359853,0.0364063,0.0368409,0.0372881,0.0377467,0.038216,0.0386952,0.0391837,0.0396809,0.0401862,0.0406992,0.0412196,0.0417469,0.0422808,0.0428209,0.0433672,0.0439191,0.0444767,0.0450395,0.0456075,0.0461805,0.0467582,0.0473406,0.0479274,0.0485186,0.049114,0.0497135,0.050317,0.0509244,0.0515355,0.0521504,0.0527688,0.0533908,0.0540161,0.0546448,0.0552768,0.055912,0.0565504,0.0571918,0.0578362,0.0584835,0.0591338,0.0597869,0.0604427,0.0611013,0.0617626,0.0624265,0.0630931,0.0637621,0.0644336,0.0651076,0.0657841,0.0664629,0.067144,0.0678274,0.0685131,0.069201,0.0698911,0.0705834,0.0712777,0.0719742,0.0726727,0.0733733,0.0740758,0.0747803,0.0754868,0.0761952,0.0769054,0.0776175,0.0783314,0.0790472,0.0797647,0.0804839,0.0812049,0.0819276,0.0826519,0.0833779,0.0841055,0.0848348
0.0682403,0.0611244,0.0533502,0.0453496,0.0397522,0.0368313,0.035234,0.0342964,0.0337351,0.0334124,0.033253,0.0332118,0.0332598,0.0333774,0.0335509,0.0337702,0.0340279,0.034318,0.0346362,0.0349788,0.0353428,0.035726,0.0361263,0.036542,0.0369719,0.0374145,0.0378691,0.0383346,0.0388102,0.0392954,0.0397894,0.0402919,0.0408022,0.0413199,0.0418448,0.0423763,0.0429143,0.0434585,0.0440085,0.0445641,0.0451252,0.0456914,0.0462627,0.0468389,0.0474198,0.0480052,0.048595,0.049189,0.0497873,0.0503895,0.0509957,0.0516057,0.0522194,0.0528368,0.0534577,0.054082,0.0547098,0.0553408,0.0559751,0.0566126,0.0572531,0.0578967,0.0585432,0.0591927,0.059845,0.0605001,0.061158,0.0618186,0.0624818,0.0631477,0.0638161,0.064487,0.0651604,0.0658362,0.0665144,0.0671949,0.0678778,0.0685629,0.0692503,0.0699398,0.0706316,0.0713255,0.0720214,0.0727195,0.0734196,0.0741217,0.0748257,0.0755317,0.0762397,0.0769495,0.0776612,0.0783747,0.07909,0.0798071,0.080526,0.0812466,0.0819689,0.0826928,0.0834185,0.0841457,0.0848746
0.0688408,0.0618752,0.0543612,0.0465881,0.0407474,0.0375494,0.0357871,0.0347482,0.0341194,0.0337485,0.0335529,0.0334834,0.0335086,0.0336075,0.0337652,0.0339712,0.0342172,0.0344972,0.0348064,0.035141,0.0354979,0.0358746,0.0362691,0.0366795,0.0371044,0.0375425,0.0379929,0.0384545,0.0389266,0.0394083,0.0398992,0.0403987,0.0409062,0.0414214,0.0419437,0.0424729,0.0430087,0.0435507,0.0440987,0.0446525,0.0452117,0.0457762,0.0463459,0.0469205,0.0474998,0.0480837,0.0486721,0.0492648,0.0498617,0.0504628,0.0510677,0.0516766,0.0522892,0.0529054,0.0535253,0.0541486,0.0547754,0.0554055,0.0560388,0.0566754,0.0573151,0.0579578,0.0586035,0.0592522,0.0599038,0.0605581,0.0612153,0.0618751,0.0625377,0.0632028,0.0638706,0.0645408,0.0652136,0.0658888,0.0665664,0.0672464,0.0679286,0.0686132,0.0693001,0.0699891,0.0706803,0.0713737,0.0720692,0.0727667,0.0734663,0.0741679,0.0748715,0.0755771,0.0762846,0.076994,0.0777052,0.0784183,0.0791333,0.07985,0.0805684,0.0812887,0.0820106,0.0827342,0.0834595,0.0841864,0.0849149
0.0694266,0.0625969,0.0553112,0.0477674,0.0417591,0.0382916,0.036358,0.0352129,0.0345134,0.0340922,0.0338589,0.0337601,0.0337618,0.0338414,0.033983,0.0341752,0.0344093,0.0346789,0.034979,0.0353054,0.035655,0.0360251,0.0364136,0.0368185,0.0372385,0.037672,0.0381181,0.0385758,0.0390442,0.0395226,0.0400103,0.0405067,0.0410114,0.0415239,0.0420437,0.0425706,0.0431041,0.043644,0.04419,0.0447418,0.0452992,0.0458619,0.0464299,0.0470028,0.0475806,0.0481631,0.04875,0.0493414,0.049937,0.0505367,0.0511405,0.0517481,0.0523596,0.0529748,0.0535936,0.0542159,0.0548417,0.0554708,0.0561032,0.0567389,0.0573777,0.0580195,0.0586644,0.0593123,0.0599631,0.0606167,0.0612731,0.0619322,0.0625941,0.0632586,0.0639256,0.0645952,0.0652674,0.0659419,0.0666189,0.0672983,0.06798,0.068664,0.0693503,0.0700388,0.0707295,0.0714224,0.0721174,0.0728144,0.0735135,0.0742147,0.0749178,0.0756229,0.07633,0.0770389,0.0777498,0.0784625,0.079177,0.0798933,0.0806113,0.0813312,0.0820527,0.082776,0.0835009,0.0842274,0.0849556
0.0699985,0.0632926,0.0562087,0.0488864,0.0427775,0.0390555,0.0369462,0.0356904,0.0349171,0.0344435,0.0341712,0.0340421,0.0340195,0.0340792,0.0342042,0.0343822,0.0346042,0.0348632,0.0351539,0.035472,0.0358141,0.0361775,0.0365599,0.0369593,0.0373741,0.037803,0.0382448,0.0386985,0.0391631,0.039638,0.0401225,0.0406159,0.0411177,0.0416275,0.0421448,0.0426693,0.0432005,0.0437382,0.0442821,0.044832,0.0453875,0.0459485,0.0465147,0.047086,0.0476623,0.0482432,0.0488287,0.0494187,0.050013,0.0506114,0.051214,0.0518204,0.0524307,0.0530448,0.0536625,0.0542838,0.0549086,0.0555367,0.0561682,0.0568029,0.0574408,0.0580819,0.0587259,0.059373,0.060023,0.0606758,0.0613315,0.0619899,0.062651,0.0633148,0.0639812,0.0646502,0.0653217,0.0659956,0.066672,0.0673508,0.0680319,0.0687154,0.0694011,0.0700891,0.0707792,0.0714716,0.072166,0.0728626,0.0735612,0.0742619,0.0749646,0.0756692,0.0763758,0.0770843,0.0777947,0.078507,0.0792211,0.079937,0.0806547,0.0813741,0.0820953,0.0828181,0.0835427,0.0842689,0.0849967
0.0705578,0.063965,0.0570608,0.049947,0.0437932,0.0398385,0.037551,0.0361805,0.0353304,0.0348025,0.0344897,0.0343292,0.0342817,0.0343209,0.0344288,0.0345923,0.0348018,0.0350499,0.035331,0.0356407,0.0359752,0.0363318,0.0367079,0.0371017,0.0375113,0.0379355,0.0383729,0.0388225,0.0392834,0.0397547,0.0402359,0.0407262,0.0412251,0.0417322,0.0422469,0.0427689,0.0432979,0.0438334,0.0443752,0.0449231,0.0454767,0.0460359,0.0466004,0.0471701,0.0477447,0.0483241,0.0489082,0.0494968,0.0500897,0.0506869,0.0512881,0.0518934,0.0525026,0.0531155,0.0537321,0.0543524,0.0549761,0.0556033,0.0562338,0.0568676,0.0575046,0.0581448,0.058788,0.0594343,0.0600834,0.0607355,0.0613904,0.0620481,0.0627085,0.0633716,0.0640373,0.0647056,0.0653765,0.0660498,0.0667256,0.0674037,0.0680843,0.0687672,0.0694523,0.0701398,0.0708294,0.0715212,0.0722152,0.0729112,0.0736094,0.0743096,0.0750118,0.075716,0.0764221,0.0771302,0.0778402,0.078552,0.0792657,0.0799812,0.0806984,0.0814175,0.0821382,0.0828607,0.0835849,0.0843107,0.0850382
0.0711052,0.0646164,0.0578733,0.050953,0.0447978,0.0406372,0.0381717,0.036683,0.0357533,0.035169,0.0348143,0.0346215,0.0345482,0.0345664,0.0346568,0.0348054,0.0350021,0.0352391,0.0355105,0.0358115,0.0361383,0.0364879,0.0368577,0.0372457,0.0376501,0.0380694,0.0385023,0.0389478,0.0394049,0.0398727,0.0403505,0.0408377,0.0413337,0.0418379,0.04235,0.0428696,0.0433962,0.0439295,0.0444692,0.045015,0.0455668,0.0461241,0.0466869,0.0472549,0.0478279,0.0484058,0.0489884,0.0495756,0.0501672,0.050763,0.051363,0.0519671,0.0525751,0.0531869,0.0538024,0.0544216,0.0550443,0.0556705,0.0563001,0.0569329,0.057569,0.0582083,0.0588507,0.0594961,0.0601445,0.0607958,0.0614499,0.0621069,0.0627665,0.0634289,0.064094,0.0647616,0.0654318,0.0661045,0.0667796,0.0674572,0.0681372,0.0688195,0.0695041,0.0701909,0.07088,0.0715713,0.0722648,0.0729603,0.073658,0.0743577,0.0750594,0.0757631,0.0764688,0.0771765,0.077886,0.0785974,0.0793106,0.0800257,0.0807426,0.0814612,0.0821816,0.0829037,0.0836275,0.084353,0.0850801
0.0716416,0.0652487,0.0586507,0.0519089,0.0457844,0.0414477,0.0388072,0.0371976,0.0361857,0.0355431,0.0351451,0.034919,0.0348192,0.0348158,0.0348881,0.0350216,0.0352052,0.0354308,0.0356922,0.0359843,0.0363033,0.0366457,0.0370092,0.0373913,0.0377904,0.0382048,0.0386332,0.0390745,0.0395276,0.0399918,0.0404662,0.0409502,0.0414433,0.0419447,0.0424542,0.0429712,0.0434955,0.0440265,0.0445641,0.0451079,0.0456577,0.0462132,0.0467742,0.0473405,0.047912,0.0484883,0.0490694,0.0496552,0.0502453,0.0508399,0.0514386,0.0520414,0.0526482,0.0532589,0.0538733,0.0544914,0.0551131,0.0557383,0.0563669,0.0569988,0.057634,0.0582724,0.0589139,0.0595585,0.0602061,0.0608566,0.06151,0.0621661,0.0628251,0.0634868,0.0641511,0.0648181,0.0654876,0.0661597,0.0668342,0.0675112,0.0681905,0.0688722,0.0695563,0.0702426,0.0709311,0.0716219,0.0723148,0.0730099,0.073707,0.0744062,0.0751075,0.0758107,0.076516,0.0772232,0.0779322,0.0786432,0.079356,0.0800707,0.0807872,0.0815054,0.0822254,0.0829471,0.0836705,0.0843956,0.0851224
0.0721676,0.0658634,0.0593971,0.052819,0.0467479,0.042266,0.039456,0.0377238,0.0366274,0.0359246,0.035482,0.0352216,0.0350945,0.0350689,0.0351228,0.0352407,0.0354109,0.035625,0.0358762,0.0361593,0.0364702,0.0368054,0.0371623,0.0375386,0.0379322,0.0383416,0.0387654,0.0392024,0.0396516,0.0401121,0.0405831,0.0410639,0.0415539,0.0420526,0.0425593,0.0430738,0.0435957,0.0441245,0.0446599,0.0452016,0.0457495,0.0463031,0.0468623,0.047427,0.0479967,0.0485715,0.0491511,0.0497354,0.0503242,0.0509174,0.0515149,0.0521165,0.0527221,0.0533316,0.0539449,0.0545619,0.0551825,0.0558067,0.0564343,0.0570653,0.0576996,0.0583371,0.0589777,0.0596215,0.0602682,0.0609179,0.0615705,0.062226,0.0628842,0.0635452,0.0642088,0.0648751,0.065544,0.0662154,0.0668893,0.0675656,0.0682444,0.0689255,0.069609,0.0702947,0.0709827,0.0716729,0.0723653,0.0730599,0.0737565,0.0744552,0.075156,0.0758588,0.0765636,0.0772703,0.0779789,0.0786895,0.0794019,0.0801161,0.0808322,0.08155,0.0822696,0.0829909,0.0837139,0.0844387,0.085165
0.0726839,0.0664622,0.0601157,0.0536877,0.0476851,0.043088,0.0401167,0.038261,0.0370781,0.0363135,0.035825,0.0355292,0.0353741,0.0353258,0.0353608,0.0354627,0.0356193,0.0358215,0.0360624,0.0363363,0.036639,0.0369669,0.0373172,0.0376874,0.0380755,0.0384798,0.038899,0.0393317,0.0397769,0.0402337,0.0407012,0.0411787,0.0416656,0.0421614,0.0426655,0.0431774,0.0436968,0.0442233,0.0447565,0.0452962,0.0458421,0.0463938,0.0469513,0.0475142,0.0480823,0.0486555,0.0492336,0.0498164,0.0504038,0.0509957,0.0515918,0.0521921,0.0527965,0.0534049,0.0540171,0.054633,0.0552526,0.0558758,0.0565024,0.0571324,0.0577658,0.0584024,0.0590421,0.059685,0.0603309,0.0609798,0.0616316,0.0622863,0.0629438,0.0636041,0.064267,0.0649326,0.0656008,0.0662715,0.0669448,0.0676205,0.0682987,0.0689792,0.0696621,0.0703473,0.0710347,0.0717244,0.0724163,0.0731103,0.0738064,0.0745047,0.0752049,0.0759073,0.0766116,0.0773178,0.078026,0.0787361,0.0794481,0.0801619,0.0808775,0.081595,0.0823142,0.0830351,0.0837577,0.0844821,0.0852081
0.0731911,0.0670461,0.0608094,0.054519,0.0485939,0.0439095,0.0407874,0.0388086,0.0375376,0.0367095,0.0361739,0.0358418,0.035658,0.0355864,0.0356021,0.0356877,0.0358304,0.0360205,0.0362508,0.0365154,0.0368097,0.0371302,0.0374737,0.0378377,0.0382202,0.0386194,0.0390339,0.0394622,0.0399034,0.0403564,0.0408203,0.0412946,0.0417784,0.0422713,0.0427726,0.0432819,0.0437989,0.0443231,0.0448541,0.0453917,0.0459355,0.0464854,0.047041,0.0476021,0.0481686,0.0487402,0.0493168,0.0498981,0.0504841,0.0510746,0.0516694,0.0522685,0.0528717,0.0534788,0.0540899,0.0547047,0.0553233,0.0559454,0.056571,0.0572001,0.0578325,0.0584682,0.0591071,0.0597491,0.0603942,0.0610423,0.0616933,0.0623472,0.0630039,0.0636635,0.0643257,0.0649906,0.0656581,0.0663282,0.0670008,0.0676759,0.0683535,0.0690334,0.0697157,0.0704003,0.0710872,0.0717763,0.0724677,0.0731612,0.0738568,0.0745545,0.0752543,0.0759562,0.07666,0.0773658,0.0780735,0.0787832,0.0794947,0.0802081,0.0809233,0.0816403,0.0823591,0.0830797,0.0838019,0.0845259,0.0852515
0.0736897,0.0676164,0.0614804,0.0553163,0.0494739,0.0447269,0.0414663,0.0393659,0.0380055,0.0371126,0.0365286,0.0361594,0.0359462,0.0358507,0.0358466,0.0359156,0.036044,0.0362219,0.0364413,0.0366964,0.0369823,0.0372952,0.0376318,0.0379896,0.0383664,0.0387605,0.0391701,0.039594,0.040031,0.0404802,0.0409406,0.0414115,0.0418922,0.0423821,0.0428807,0.0433874,0.0439019,0.0444237,0.0449525,0.045488,0.0460298,0.0465777,0.0471315,0.0476909,0.0482557,0.0488256,0.0494007,0.0499805,0.0505651,0.0511542,0.0517477,0.0523455,0.0529474,0.0535534,0.0541633,0.0547771,0.0553945,0.0560156,0.0566402,0.0572683,0.0578998,0.0585345,0.0591725,0.0598137,0.0604579,0.0611052,0.0617554,0.0624086,0.0630646,0.0637234,0.0643849,0.0650491,0.0657159,0.0663854,0.0670573,0.0677318,0.0684087,0.0690881,0.0697698,0.0704538,0.0711401,0.0718287,0.0725195,0.0732125,0.0739076,0.0746048,0.0753041,0.0760055,0.0767088,0.0774142,0.0781214,0.0788307,0.0795418,0.0802547,0.0809695,0.0816861,0.0824045,0.0831246,0.0838465,0.0845701,0.0852953
0.0741801,0.068174,0.0621308,0.056083,0.0503249,0.0455369,0.0421512,0.0399319,0.0384815,0.0375225,0.0368891,0.0364818,0.0362385,0.0361186,0.0360944,0.0361463,0.0362603,0.0364255,0.0366341,0.0368795,0.0371567,0.0374619,0.0377915,0.038143,0.0385141,0.0389028,0.0393076,0.039727,0.0401599,0.0406052,0.041062,0.0415295,0.0420071,0.042494,0.0429897,0.0434938,0.0440058,0.0445252,0.0450517,0.0455851,0.0461249,0.0466708,0.0472227,0.0477804,0.0483434,0.0489118,0.0494853,0.0500636,0.0506467,0.0512345,0.0518266,0.0524231,0.0530238,0.0536286,0.0542374,0.05485,0.0554664,0.0560864,0.05671,0.0573371,0.0579676,0.0586015,0.0592386,0.0598788,0.0605222,0.0611687,0.0618181,0.0624705,0.0631257,0.0637838,0.0644446,0.0651081,0.0657742,0.066443,0.0671143,0.0677881,0.0684645,0.0691432,0.0698243,0.0705078,0.0711935,0.0718815,0.0725718,0.0732642,0.0739588,0.0746555,0.0753543,0.0760552,0.0767581,0.0774629,0.0781698,0.0788785,0.0795892,0.0803017,0.0810161,0.0817323,0.0824502,0.08317,0.0838914,0.0846146,0.0853395
0.0746629,0.0687197,0.0627625,0.0568217,0.0511479,0.0463368,0.0428402,0.0405057,0.0389651,0.0379391,0.0372552,0.0368091,0.036535,0.0363901,0.0363453,0.0363799,0.0364791,0.0366316,0.0368289,0.0370645,0.037333,0.0376303,0.0379529,0.038298,0.0386632,0.0390466,0.0394464,0.0398613,0.0402899,0.0407313,0.0411845,0.0416486,0.0421229,0.0426068,0.0430997,0.0436011,0.0441105,0.0446276,0.0451518,0.045683,0.0462207,0.0467647,0.0473148,0.0478706,0.048432,0.0489987,0.0495706,0.0501474,0.0507291,0.0513154,0.0519062,0.0525014,0.0531009,0.0537044,0.054312,0.0549235,0.0555388,0.0561578,0.0567804,0.0574065,0.058036,0.0586689,0.0593051,0.0599445,0.0605871,0.0612327,0.0618813,0.0625329,0.0631874,0.0638447,0.0645047,0.0651675,0.065833,0.0665011,0.0671718,0.067845,0.0685206,0.0691987,0.0698793,0.0705621,0.0712473,0.0719348,0.0726245,0.0733164,0.0740105,0.0747067,0.075405,0.0761053,0.0768077,0.0775121,0.0782185,0.0789268,0.079637,0.0803491,0.081063,0.0817788,0.0824964,0.0832157,0.0839368,0.0846596,0.085384
0.0751383,0.0692544,0.0633769,0.057535,0.0519438,0.0471244,0.0435311,0.0410862,0.0394559,0.038362,0.0376268,0.037141,0.0368355,0.0366651,0.0365993,0.0366163,0.0367004,0.0368399,0.0370259,0.0372514,0.0375111,0.0378004,0.0381158,0.0384544,0.0388137,0.0391916,0.0395865,0.0399967,0.0404211,0.0408585,0.041308,0.0417686,0.0422397,0.0427206,0.0432106,0.0437093,0.0442162,0.0447308,0.0452528,0.0457817,0.0463174,0.0468594,0.0474075,0.0479615,0.0485212,0.0490862,0.0496565,0.0502319,0.0508121,0.051397,0.0519864,0.0525803,0.0531785,0.0537809,0.0543873,0.0549976,0.0556118,0.0562297,0.0568513,0.0574764,0.058105,0.0587369,0.0593722,0.0600107,0.0606524,0.0612972,0.061945,0.0625958,0.0632495,0.063906,0.0645654,0.0652275,0.0658922,0.0665597,0.0672297,0.0679022,0.0685773,0.0692548,0.0699347,0.070617,0.0713016,0.0719885,0.0726776,0.073369,0.0740625,0.0747582,0.075456,0.0761559,0.0768578,0.0775617,0.0782676,0.0789755,0.0796852,0.0803969,0.0811104,0.0818257,0.0825429,0.0832618,0.0839825,0.0847049,0.085429
0.0756068,0.0697787,0.0639754,0.058225,0.0527139,0.0478981,0.044222,0.0416725,0.0399532,0.038791,0.0380037,0.0374774,0.0371399,0.0369437,0.0368564,0.0368554,0.0369242,0.0370504,0.0372249,0.0374403,0.0376909,0.0379721,0.0382803,0.0386123,0.0389656,0.039338,0.0397278,0.0401334,0.0405535,0.0409869,0.0414326,0.0418897,0.0423575,0.0428353,0.0433225,0.0438184,0.0443227,0.0448349,0.0453545,0.0458813,0.0464148,0.0469548,0.0475011,0.0480532,0.0486111,0.0491745,0.0497432,0.050317,0.0508957,0.0514792,0.0520673,0.0526599,0.0532568,0.0538579,0.0544631,0.0550723,0.0556854,0.0563022,0.0569227,0.0575469,0.0581745,0.0588055,0.0594398,0.0600775,0.0607183,0.0613622,0.0620092,0.0626592,0.0633121,0.0639679,0.0646265,0.0652879,0.065952,0.0666187,0.067288,0.0679599,0.0686343,0.0693112,0.0699905,0.0706722,0.0713562,0.0720426,0.0727312,0.073422,0.074115,0.0748102,0.0755075,0.0762068,0.0769083,0.0776117,0.0783171,0.0790245,0.0797338,0.080445,0.0811581,0.081873,0.0825898,0.0833083,0.0840285,0.0847505,0.0854742
0.0760687,0.0702934,0.0645592,0.0588937,0.0534597,0.0486566,0.044911,0.0422632,0.0404566,0.0392258,0.0383857,0.0378184,0.0374483,0.0372256,0.0371166,0.0370972,0.0371504,0.0372633,0.037426,0.0376311,0.0378725,0.0381455,0.0384463,0.0387716,0.0391188,0.0394857,0.0398704,0.0402713,0.040687,0.0411163,0.0415582,0.0420118,0.0424763,0.042951,0.0434352,0.0439284,0.0444301,0.0449398,0.045457,0.0459816,0.046513,0.047051,0.0475953,0.0481456,0.0487018,0.0492635,0.0498305,0.0504028,0.05098,0.051562,0.0521488,0.05274,0.0533356,0.0539355,0.0545395,0.0551476,0.0557595,0.0563753,0.0569948,0.0576179,0.0582445,0.0588745,0.059508,0.0601447,0.0607847,0.0614277,0.0620739,0.0627231,0.0633752,0.0640303,0.0646881,0.0653488,0.0660121,0.0666782,0.0673468,0.0680181,0.0686918,0.0693681,0.0700468,0.0707279,0.0714113,0.0720971,0.0727851,0.0734754,0.0741679,0.0748625,0.0755593,0.0762582,0.0769591,0.0776621,0.078367,0.079074,0.0797828,0.0804936,0.0812062,0.0819207,0.082637,0.0833551,0.084075,0.0847966,0.0855199
0.0765243,0.0707988,0.0651294,0.0595428,0.0541825,0.0493992,0.0455964,0.0428572,0.0409653,0.0396659,0.0387726,0.0381637,0.0377604,0.0375109,0.0373797,0.0373418,0.0373791,0.0374783,0.0376291,0.0378237,0.0380558,0.0383206,0.0386139,0.0389324,0.0392734,0.0396347,0.0400142,0.0404103,0.0408216,0.0412468,0.0416849,0.0421349,0.0425961,0.0430676,0.0435488,0.0440392,0.0445383,0.0450455,0.0455604,0.0460827,0.046612,0.0471479,0.0476903,0.0482388,0.0487931,0.0493531,0.0499185,0.0504892,0.0510649,0.0516455,0.0522309,0.0528208,0.0534151,0.0540137,0.0546165,0.0552234,0.0558342,0.0564489,0.0570673,0.0576894,0.058315,0.0589441,0.0595766,0.0602125,0.0608515,0.0614938,0.0621391,0.0627875,0.0634388,0.0640931,0.0647502,0.0654101,0.0660727,0.0667381,0.0674061,0.0680767,0.0687498,0.0694254,0.0701035,0.070784,0.0714669,0.072152,0.0728395,0.0735292,0.0742212,0.0749153,0.0756116,0.0763099,0.0770104,0.0777128,0.0784173,0.0791238,0.0798322,0.0805425,0.0812547,0.0819687,0.0826846,0.0834023,0.0841218,0.0848429,0.0855659
0.0769739,0.0712957,0.0656869,0.0601738,0.0548838,0.0501256,0.0462767,0.0434535,0.0414787,0.0401112,0.0391643,0.0385132,0.0380763,0.0377995,0.0376457,0.0375889,0.0376101,0.0376954,0.0378342,0.0380181,0.0382409,0.0384972,0.0387829,0.0390946,0.0394294,0.0397849,0.0401592,0.0405504,0.0409573,0.0413783,0.0418126,0.042259,0.0427167,0.0431851,0.0436634,0.044151,0.0446473,0.045152,0.0456645,0.0461845,0.0467117,0.0472456,0.047786,0.0483326,0.0488851,0.0494434,0.0500072,0.0505763,0.0511505,0.0517296,0.0523135,0.0529021,0.0534951,0.0540925,0.0546941,0.0552998,0.0559095,0.0565231,0.0571404,0.0577615,0.0583861,0.0590142,0.0596458,0.0602807,0.0609189,0.0615603,0.0622047,0.0628523,0.0635029,0.0641563,0.0648127,0.0654719,0.0661338,0.0667985,0.0674658,0.0681357,0.0688082,0.0694832,0.0701606,0.0708405,0.0715228,0.0722074,0.0728943,0.0735835,0.0742749,0.0749685,0.0756642,0.0763621,0.077062,0.077764,0.078468,0.079174,0.0798819,0.0805918,0.0813035,0.0820171,0.0827326,0.0834499,0.0841689,0.0848897,0.0856122
0.0774178,0.0717844,0.0662326,0.0607881,0.0555649,0.0508356,0.0469506,0.0440508,0.0419962,0.0405611,0.0395604,0.0388667,0.0383958,0.0380913,0.0379147,0.0378386,0.0378435,0.0379147,0.0380412,0.0382144,0.0384276,0.0386754,0.0389534,0.0392581,0.0395866,0.0399364,0.0403054,0.0406917,0.041094,0.0415109,0.0419412,0.042384,0.0428384,0.0433035,0.0437788,0.0442635,0.0447572,0.0452593,0.0457694,0.0462872,0.0468121,0.0473439,0.0478824,0.0484271,0.0489778,0.0495344,0.0500965,0.050664,0.0512367,0.0518143,0.0523968,0.052984,0.0535757,0.0541719,0.0547722,0.0553768,0.0559853,0.0565978,0.0572141,0.0578341,0.0584577,0.0590848,0.0597155,0.0603494,0.0609867,0.0616272,0.0622709,0.0629176,0.0635674,0.0642201,0.0648757,0.0655341,0.0661953,0.0668593,0.0675259,0.0681952,0.068867,0.0695413,0.0702182,0.0708975,0.0715791,0.0722632,0.0729495,0.0736381,0.074329,0.075022,0.0757172,0.0764146,0.077114,0.0778155,0.078519,0.0792245,0.079932,0.0806414,0.0813527,0.0820659,0.0827809,0.0834978,0.0842164,0.0849368,0.0856589
0.0778562,0.0722653,0.0667672,0.0613869,0.056227,0.0515293,0.0476171,0.0446481,0.042517,0.0410152,0.0399607,0.0392241,0.0387187,0.0383862,0.0381864,0.0380909,0.0380792,0.0381361,0.0382502,0.0384125,0.038616,0.0388551,0.0391254,0.0394231,0.0397452,0.0400891,0.0404527,0.0408342,0.0412319,0.0416445,0.0420709,0.04251,0.0429609,0.0434228,0.043895,0.0443769,0.0448679,0.0453674,0.0458751,0.0463905,0.0469133,0.047443,0.0479794,0.0485223,0.0490712,0.049626,0.0501864,0.0507523,0.0513235,0.0518997,0.0524807,0.0530665,0.0536569,0.0542518,0.0548509,0.0554542,0.0560616,0.056673,0.0572882,0.0579072,0.0585298,0.059156,0.0597856,0.0604187,0.0610551,0.0616947,0.0623375,0.0629834,0.0636324,0.0642843,0.0649391,0.0655968,0.0662573,0.0669206,0.0675865,0.0682551,0.0689262,0.0695999,0.0702762,0.0709548,0.0716359,0.0723193,0.0730051,0.0736932,0.0743835,0.075076,0.0757707,0.0764675,0.0771664,0.0778674,0.0785705,0.0792755,0.0799825,0.0806914,0.0814023,0.082115,0.0828296,0.083546,0.0842643,0.0849842,0.0857059
0.0782893,0.072739,0.0672914,0.0619713,0.0568714,0.052207,0.0482752,0.0452443,0.0430403,0.0414732,0.0403649,0.0395852,0.0390451,0.0386842,0.0384608,0.0383456,0.0383171,0.0383596,0.0384611,0.0386123,0.038806,0.0390364,0.0392988,0.0395894,0.039905,0.040243,0.0406012,0.0409777,0.0413708,0.0417792,0.0422016,0.0426369,0.0430843,0.043543,0.0440121,0.0444911,0.0449793,0.0454763,0.0459816,0.0464946,0.0470152,0.0475428,0.0480772,0.0486181,0.0491652,0.0497182,0.050277,0.0508413,0.0514109,0.0519856,0.0525652,0.0531496,0.0537387,0.0543323,0.0549302,0.0555323,0.0561385,0.0567488,0.0573629,0.0579808,0.0586024,0.0592276,0.0598563,0.0604884,0.0611239,0.0617626,0.0624046,0.0630497,0.0636978,0.0643489,0.065003,0.0656599,0.0663197,0.0669822,0.0676475,0.0683154,0.0689859,0.0696589,0.0703345,0.0710126,0.071693,0.0723759,0.0730611,0.0737486,0.0744383,0.0751303,0.0758245,0.0765208,0.0772192,0.0779197,0.0786222,0.0793268,0.0800333,0.0807418,0.0814522,0.0821645,0.0828787,0.0835947,0.0843125,0.085032,0.0857533
0.0787174,0.0732057,0.0678058,0.0625422,0.0574992,0.0528692,0.0489243,0.0458385,0.0435656,0.0419346,0.0407729,0.0399499,0.0393747,0.0389851,0.038738,0.0386027,0.0385572,0.0385851,0.0386738,0.0388138,0.0389976,0.0392191,0.0394736,0.039757,0.0400661,0.0403982,0.0407509,0.0411223,0.0415107,0.0419148,0.0423332,0.0427648,0.0432087,0.043664,0.0441301,0.0446061,0.0450916,0.045586,0.0460887,0.0465995,0.0471178,0.0476433,0.0481757,0.0487146,0.0492599,0.0498111,0.0503682,0.0509309,0.0514989,0.0520721,0.0526503,0.0532333,0.053821,0.0544133,0.0550099,0.0556109,0.0562159,0.056825,0.0574381,0.0580549,0.0586755,0.0592997,0.0599274,0.0605586,0.0611932,0.061831,0.0624721,0.0631164,0.0637637,0.064414,0.0650673,0.0657235,0.0663825,0.0670444,0.0677089,0.0683761,0.069046,0.0697184,0.0703933,0.0710707,0.0717506,0.0724329,0.0731175,0.0738044,0.0744936,0.075185,0.0758786,0.0765744,0.0772723,0.0779723,0.0786744,0.0793785,0.0800845,0.0807926,0.0815025,0.0822144,0.0829281,0.0836436,0.084361,0.0850802,0.0858011
0.0791406,0.0736657,0.0683111,0.0631006,0.0581115,0.0535162,0.0495639,0.0464298,0.0440922,0.0423989,0.0411843,0.0403179,0.0397074,0.0392888,0.0390177,0.0388622,0.0387995,0.0388125,0.0388884,0.039017,0.0391908,0.0394034,0.0396498,0.0399259,0.0402284,0.0405545,0.0409016,0.041268,0.0416517,0.0420514,0.0424657,0.0428935,0.0433339,0.0437859,0.0442488,0.0447219,0.0452046,0.0456964,0.0461967,0.046705,0.0472211,0.0477445,0.0482748,0.0488118,0.0493552,0.0499047,0.05046,0.051021,0.0515875,0.0521591,0.0527359,0.0533175,0.0539039,0.0544948,0.0550902,0.0556899,0.0562938,0.0569018,0.0575137,0.0581295,0.058749,0.0593722,0.059999,0.0606293,0.0612629,0.0618999,0.0625401,0.0631835,0.06383,0.0644795,0.0651321,0.0657875,0.0664458,0.0671069,0.0677707,0.0684373,0.0691064,0.0697782,0.0704525,0.0711293,0.0718086,0.0724902,0.0731742,0.0738606,0.0745492,0.0752401,0.0759332,0.0766285,0.0773259,0.0780253,0.0787269,0.0794305,0.0801361,0.0808436,0.0815531,0.0822645,0.0829778,0.0836929,0.0844099,0.0851286,0.0858491
0.0795592,0.0741195,0.0688076,0.0636472,0.0587091,0.0541487,0.0501935,0.0470174,0.0446192,0.0428657,0.0415987,0.0406891,0.0400431,0.0395954,0.0392999,0.039124,0.0390439,0.0390419,0.0391047,0.0392219,0.0393855,0.039589,0.0398273,0.0400961,0.040392,0.0407119,0.0410535,0.0414147,0.0417937,0.042189,0.0425992,0.0430232,0.04346,0.0439087,0.0443684,0.0448386,0.0453185,0.0458075,0.0463053,0.0468113,0.0473251,0.0478463,0.0483746,0.0489096,0.0494511,0.0499988,0.0505524,0.0511118,0.0516766,0.0522468,0.0528221,0.0534023,0.0539873,0.0545769,0.0551711,0.0557696,0.0563723,0.0569791,0.0575899,0.0582046,0.0588231,0.0594453,0.0600711,0.0607004,0.0613331,0.0619692,0.0626085,0.0632511,0.0638968,0.0645455,0.0651973,0.0658519,0.0665095,0.0671698,0.067833,0.0684988,0.0691673,0.0698384,0.0705121,0.0711883,0.0718669,0.072548,0.0732314,0.0739172,0.0746052,0.0752956,0.0759881,0.0766829,0.0773797,0.0780787,0.0787798,0.0794829,0.080188,0.0808951,0.0816041,0.0823151,0.0830279,0.0837426,0.0844591,0.0851774,0.0858975
0.0799733,0.0745672,0.069296,0.0641827,0.059293,0.0547671,0.050813,0.0476006,0.0451462,0.0433345,0.042016,0.0410632,0.0403817,0.0399045,0.0395846,0.0393881,0.0392904,0.0392732,0.0393228,0.0394284,0.0395818,0.0397761,0.0400062,0.0402676,0.0405567,0.0408705,0.0412065,0.0415625,0.0419367,0.0423275,0.0427336,0.0431537,0.0435869,0.0440322,0.0444888,0.0449559,0.045433,0.0459194,0.0464147,0.0469182,0.0474297,0.0479488,0.048475,0.049008,0.0495477,0.0500935,0.0506454,0.0512031,0.0517664,0.052335,0.0529088,0.0534876,0.0540713,0.0546596,0.0552524,0.0558497,0.0564512,0.0570569,0.0576666,0.0582802,0.0588977,0.0595188,0.0601436,0.060772,0.0614038,0.062039,0.0626774,0.0633191,0.063964,0.0646119,0.0652629,0.0659168,0.0665736,0.0672332,0.0678956,0.0685608,0.0692286,0.069899,0.0705721,0.0712476,0.0719256,0.0726061,0.0732889,0.0739741,0.0746616,0.0753514,0.0760434,0.0767376,0.077434,0.0781324,0.078833,0.0795356,0.0802403,0.0809469,0.0816554,0.0823659,0.0830783,0.0837926,0.0845087,0.0852266,0.0859462
0.0803831,0.0750092,0.0697765,0.0647079,0.059864,0.0553721,0.0514222,0.0481789,0.0456724,0.0438048,0.0424357,0.0414401,0.0407229,0.0402163,0.0398716,0.0396543,0.0395388,0.0395064,0.0395426,0.0396365,0.0397795,0.0399646,0.0401864,0.0404403,0.0407226,0.0410302,0.0413605,0.0417113,0.0420806,0.042467,0.0428689,0.0432852,0.0437147,0.0441566,0.04461,0.0450741,0.0455483,0.046032,0.0465247,0.0470259,0.0475351,0.0480519,0.0485761,0.0491071,0.0496448,0.0501889,0.050739,0.0512951,0.0518567,0.0524238,0.0529961,0.0535735,0.0541557,0.0547427,0.0553343,0.0559303,0.0565306,0.0571352,0.0577437,0.0583563,0.0589727,0.0595928,0.0602166,0.060844,0.0614749,0.0621092,0.0627468,0.0633876,0.0640316,0.0646787,0.0653289,0.065982,0.0666381,0.067297,0.0679587,0.0686231,0.0692903,0.06996,0.0706324,0.0713073,0.0719847,0.0726646,0.0733468,0.0740314,0.0747184,0.0754076,0.0760991,0.0767927,0.0774886,0.0781865,0.0788866,0.0795887,0.0802929,0.080999,0.0817071,0.0824171,0.0831291,0.0838429,0.0845585,0.085276,0.0859953
0.0807887,0.0754456,0.0702496,0.0652232,0.0604229,0.0559643,0.0520212,0.0487518,0.0461973,0.0442762,0.0428577,0.0418195,0.0410667,0.0405304,0.040161,0.0399226,0.0397892,0.0397413,0.0397641,0.0398462,0.0399787,0.0401545,0.0403679,0.0406142,0.0408897,0.041191,0.0415156,0.041861,0.0422255,0.0426074,0.0430051,0.0434174,0.0438433,0.0442818,0.0447319,0.045193,0.0456644,0.0461454,0.0466355,0.0471342,0.0476411,0.0481557,0.0486778,0.0492068,0.0497426,0.0502848,0.0508332,0.0513876,0.0519476,0.0525131,0.0530839,0.0536599,0.0542407,0.0548264,0.0554167,0.0560114,0.0566106,0.0572139,0.0578214,0.0584328,0.0590482,0.0596673,0.0602901,0.0609165,0.0615465,0.0621798,0.0628165,0.0634565,0.0640997,0.064746,0.0653953,0.0660477,0.066703,0.0673612,0.0680221,0.0686859,0.0693523,0.0700214,0.0706932,0.0713674,0.0720442,0.0727234,0.0734051,0.0740891,0.0747755,0.0754642,0.0761551,0.0768482,0.0775435,0.078241,0.0789405,0.0796421,0.0803458,0.0810515,0.0817591,0.0824687,0.0831802,0.0838935,0.0846088,0.0853258,0.0860446
0.0811903,0.0758768,0.0707158,0.0657293,0.0609703,0.0565442,0.0526101,0.0493187,0.0467204,0.0447484,0.0432815,0.0422012,0.041413,0.0408469,0.0404525,0.040193,0.0400415,0.039978,0.0399872,0.0400574,0.0401793,0.0403457,0.0405507,0.0407894,0.0410579,0.0413529,0.0416717,0.0420118,0.0423714,0.0427487,0.0431421,0.0435505,0.0439727,0.0444077,0.0448546,0.0453126,0.0457811,0.0462594,0.0467469,0.0472432,0.0477477,0.0482602,0.0487801,0.0493071,0.049841,0.0503814,0.050928,0.0514806,0.052039,0.052603,0.0531723,0.0537468,0.0543263,0.0549106,0.0554996,0.0560931,0.056691,0.0572932,0.0578995,0.0585098,0.0591241,0.0597422,0.060364,0.0609895,0.0616185,0.0622509,0.0628867,0.0635258,0.0641681,0.0648136,0.0654622,0.0661138,0.0667683,0.0674257,0.068086,0.068749,0.0694148,0.0700832,0.0707543,0.0714279,0.0721041,0.0727827,0.0734637,0.0741472,0.074833,0.0755211,0.0762114,0.076904,0.0775988,0.0782957,0.0789948,0.0796959,0.0803991,0.0811043,0.0818114,0.0825206,0.0832316,0.0839445,0.0846593,0.0853759,0.0860943
0.0815881,0.0763029,0.0711752,0.0662267,0.0615068,0.0571123,0.0531888,0.0498795,0.0472412,0.0452207,0.0437068,0.042585,0.0417614,0.0411656,0.0407461,0.0404653,0.0402956,0.0402164,0.0402119,0.0402701,0.0403814,0.0405383,0.0407347,0.0409657,0.0412272,0.0415158,0.0418288,0.0421636,0.0425182,0.0428909,0.0432801,0.0436845,0.044103,0.0445345,0.0449781,0.045433,0.0458986,0.0463741,0.046859,0.0473528,0.047855,0.0483652,0.048883,0.049408,0.0499399,0.0504785,0.0510233,0.0515742,0.052131,0.0526934,0.0532612,0.0538342,0.0544123,0.0549953,0.0555829,0.0561752,0.0567719,0.0573729,0.0579781,0.0585873,0.0592005,0.0598176,0.0604384,0.0610628,0.0616909,0.0623224,0.0629573,0.0635956,0.064237,0.0648817,0.0655294,0.0661802,0.066834,0.0674907,0.0681502,0.0688126,0.0694776,0.0701454,0.0708158,0.0714888,0.0721643,0.0728423,0.0735227,0.0742056,0.0748908,0.0755783,0.0762681,0.0769602,0.0776544,0.0783509,0.0790494,0.07975,0.0804527,0.0811574,0.0818641,0.0825728,0.0832833,0.0839958,0.0847102,0.0854263,0.0861443
0.0819821,0.0767241,0.0716283,0.0667158,0.0620332,0.0576693,0.0537577,0.0504338,0.0477592,0.0456929,0.0441333,0.0429706,0.0421119,0.0414864,0.0410417,0.0407396,0.0405516,0.0404565,0.0404382,0.0404842,0.0405848,0.0407321,0.0409199,0.0411431,0.0413976,0.0416798,0.0419869,0.0423163,0.0426659,0.0430339,0.0434188,0.0438193,0.044234,0.044662,0.0451023,0.0455541,0.0460168,0.0464895,0.0469718,0.0474631,0.047963,0.0484709,0.0489865,0.0495095,0.0500395,0.0505761,0.0511192,0.0516684,0.0522235,0.0527843,0.0533506,0.0539222,0.0544988,0.0550804,0.0556668,0.0562578,0.0568532,0.0574531,0.0580571,0.0586652,0.0592774,0.0598934,0.0605132,0.0611367,0.0617637,0.0623943,0.0630283,0.0636657,0.0643063,0.0649502,0.0655971,0.0662471,0.0669001,0.067556,0.0682149,0.0688765,0.0695408,0.0702079,0.0708777,0.07155,0.0722249,0.0729023,0.0735821,0.0742644,0.074949,0.075636,0.0763252,0.0770167,0.0777104,0.0784063,0.0791043,0.0798045,0.0805066,0.0812109,0.0819171,0.0826253,0.0833354,0.0840474,0.0847613,0.0854771,0.0861946
0.0823724,0.0771407,0.0720753,0.0671971,0.0625499,0.0582155,0.0543169,0.0509814,0.048274,0.0461645,0.0445608,0.0433579,0.0424644,0.0418092,0.0413393,0.0410156,0.0408092,0.0406982,0.040666,0.0406998,0.0407895,0.0409271,0.0411063,0.0413217,0.0415691,0.0418448,0.042146,0.0424699,0.0428145,0.0431779,0.0435584,0.0439548,0.0443658,0.0447902,0.0452272,0.0456759,0.0461356,0.0466056,0.0470852,0.0475741,0.0480715,0.0485772,0.0490907,0.0496116,0.0501396,0.0506743,0.0512156,0.0517631,0.0523166,0.0528758,0.0534405,0.0540106,0.0545859,0.0551661,0.0557511,0.0563408,0.0569351,0.0575337,0.0581366,0.0587436,0.0593547,0.0599696,0.0605884,0.0612109,0.061837,0.0624667,0.0630998,0.0637363,0.064376,0.065019,0.0656652,0.0663144,0.0669666,0.0676218,0.0682799,0.0689408,0.0696044,0.0702708,0.0709399,0.0716116,0.0722858,0.0729626,0.0736418,0.0743235,0.0750075,0.0756939,0.0763826,0.0770736,0.0777667,0.0784621,0.0791596,0.0798592,0.0805609,0.0812647,0.0819704,0.0826781,0.0833878,0.0840994,0.0848128,0.0855281,0.0862453
0.0827593,0.0775528,0.0725164,0.0676708,0.0630574,0.0587516,0.0548666,0.0515223,0.0487853,0.0466352,0.044989,0.0437466,0.0428186,0.0421338,0.0416387,0.0412935,0.0410685,0.0409415,0.0408952,0.0409167,0.0409955,0.0411234,0.0412939,0.0415014,0.0417416,0.0420109,0.042306,0.0426244,0.042964,0.0433226,0.0436989,0.0440912,0.0444983,0.0449192,0.0453529,0.0457984,0.0462551,0.0467223,0.0471993,0.0476856,0.0481807,0.0486841,0.0491954,0.0497142,0.0502402,0.0507731,0.0513126,0.0518583,0.0524101,0.0529677,0.053531,0.0540996,0.0546734,0.0552522,0.055836,0.0564244,0.0570174,0.0576148,0.0582165,0.0588224,0.0594324,0.0600463,0.060664,0.0612856,0.0619107,0.0625394,0.0631716,0.0638072,0.0644461,0.0650883,0.0657336,0.066382,0.0670335,0.0676879,0.0683452,0.0690054,0.0696684,0.0703341,0.0710025,0.0716735,0.0723471,0.0730233,0.0737019,0.0743829,0.0750664,0.0757522,0.0764404,0.0771308,0.0778234,0.0785182,0.0792152,0.0799143,0.0806155,0.0813188,0.082024,0.0827313,0.0834405,0.0841516,0.0848646,0.0855795,0.0862962
0.0831428,0.0779605,0.072952,0.0681375,0.0635562,0.059278,0.0554071,0.0520563,0.0492928,0.0471046,0.0454174,0.0441365,0.0431743,0.0424601,0.0419398,0.041573,0.0413294,0.0411862,0.0411259,0.041135,0.0412028,0.0413209,0.0414826,0.0416822,0.0419152,0.0421778,0.042467,0.0427799,0.0431143,0.0434683,0.0438401,0.0442283,0.0446316,0.0450489,0.0454792,0.0459216,0.0463753,0.0468397,0.047314,0.0477978,0.0482904,0.0487915,0.0493007,0.0498174,0.0503415,0.0508724,0.0514101,0.0519541,0.0525042,0.0530602,0.0536219,0.054189,0.0547614,0.0553389,0.0559212,0.0565084,0.0571001,0.0576963,0.0582969,0.0589017,0.0595105,0.0601234,0.0607401,0.0613606,0.0619848,0.0626126,0.0632439,0.0638786,0.0645166,0.0651579,0.0658024,0.0664501,0.0671007,0.0677544,0.068411,0.0690704,0.0697327,0.0703977,0.0710654,0.0717358,0.0724088,0.0730843,0.0737623,0.0744428,0.0751256,0.0758109,0.0764984,0.0771883,0.0778804,0.0785747,0.0792711,0.0799697,0.0806704,0.0813732,0.082078,0.0827847,0.0834935,0.0842041,0.0849167,0.0856311,0.0863474
0.083523,0.0783641,0.0733823,0.0685974,0.0640467,0.0597951,0.0559388,0.0525834,0.0497963,0.0475724,0.0458459,0.0445274,0.0435315,0.042788,0.0422425,0.0418541,0.0415919,0.0414325,0.041358,0.0413546,0.0414114,0.0415196,0.0416724,0.041864,0.0420898,0.0423458,0.0426289,0.0429362,0.0432655,0.0436147,0.0439821,0.0443662,0.0447657,0.0451794,0.0456063,0.0460455,0.0464962,0.0469577,0.0474293,0.0479106,0.0484008,0.0488996,0.0494065,0.0499212,0.0504432,0.0509723,0.0515081,0.0520504,0.0525988,0.0531532,0.0537133,0.0542789,0.0548499,0.0554259,0.056007,0.0565928,0.0571833,0.0577783,0.0583777,0.0589814,0.0595891,0.0602009,0.0608166,0.0614361,0.0620593,0.0626862,0.0633165,0.0639503,0.0645875,0.065228,0.0658717,0.0665185,0.0671684,0.0678213,0.0684771,0.0691358,0.0697974,0.0704617,0.0711288,0.0717985,0.0724708,0.0731457,0.073823,0.0745029,0.0751852,0.0758698,0.0765568,0.0772461,0.0779377,0.0786314,0.0793274,0.0800255,0.0807257,0.0814279,0.0821322,0.0828385,0.0835468,0.084257,0.0849691,0.0856831,0.086399
0.0839,0.0787636,0.0738074,0.0690509,0.0645293,0.0603033,0.0564618,0.0531036,0.0502954,0.0480383,0.0462742,0.044919,0.04389,0.0431174,0.0425468,0.0421367,0.0418558,0.0416801,0.0415914,0.0415755,0.0416211,0.0417194,0.0418633,0.0420468,0.0422653,0.0425147,0.0427917,0.0430934,0.0434175,0.0437619,0.0441249,0.0445048,0.0449004,0.0453105,0.045734,0.04617,0.0466177,0.0470763,0.0475453,0.0480239,0.0485117,0.0490082,0.049513,0.0500255,0.0505455,0.0510727,0.0516066,0.0521471,0.0526939,0.0532466,0.0538052,0.0543693,0.0549388,0.0555135,0.0560932,0.0566777,0.057267,0.0578608,0.058459,0.0590615,0.0596681,0.0602788,0.0608935,0.061512,0.0621342,0.0627601,0.0633896,0.0640225,0.0646588,0.0652984,0.0659412,0.0665872,0.0672364,0.0678885,0.0685436,0.0692016,0.0698624,0.0705261,0.0711924,0.0718615,0.0725331,0.0732074,0.0738841,0.0745634,0.0752451,0.0759291,0.0766156,0.0773043,0.0779953,0.0786885,0.079384,0.0800815,0.0807812,0.081483,0.0821868,0.0828926,0.0836004,0.0843102,0.0850218,0.0857354,0.0864508
0.0842739,0.0791593,0.0742277,0.0694982,0.0650045,0.0608031,0.0569764,0.0536169,0.0507901,0.0485021,0.046702,0.0453112,0.0442495,0.0434481,0.0428525,0.0424208,0.0421211,0.0419291,0.0418261,0.0417976,0.041832,0.0419204,0.0420553,0.0422307,0.0424418,0.0426845,0.0429553,0.0432514,0.0435703,0.0439099,0.0442684,0.0446442,0.0450359,0.0454423,0.0458624,0.0462952,0.0467398,0.0471956,0.0476618,0.0481379,0.0486233,0.0491174,0.0496199,0.0501304,0.0506484,0.0511736,0.0517057,0.0522444,0.0527895,0.0533406,0.0538976,0.0544602,0.0550282,0.0556015,0.0561798,0.0567631,0.057351,0.0579436,0.0585406,0.059142,0.0597476,0.0603572,0.0609708,0.0615883,0.0622096,0.0628345,0.063463,0.064095,0.0647304,0.0653692,0.0660112,0.0666564,0.0673047,0.0679561,0.0686104,0.0692677,0.0699278,0.0705907,0.0712564,0.0719248,0.0725958,0.0732694,0.0739456,0.0746242,0.0753053,0.0759888,0.0766746,0.0773628,0.0780533,0.0787459,0.0794408,0.0801379,0.0808371,0.0815383,0.0822417,0.082947,0.0836543,0.0843636,0.0850748,0.0857879,0.0865029
0.0846448,0.0795512,0.0746432,0.0699396,0.0654725,0.0612948,0.0574829,0.0541234,0.0512802,0.0489635,0.0471291,0.0457037,0.04461,0.0437801,0.0431596,0.0427063,0.0423878,0.0421795,0.0420621,0.0420209,0.0420441,0.0421224,0.0422482,0.0424156,0.0426193,0.0428552,0.0431199,0.0434103,0.043724,0.0440587,0.0444127,0.0447843,0.045172,0.0455748,0.0459914,0.046421,0.0468626,0.0473155,0.047779,0.0482524,0.0487353,0.0492272,0.0497274,0.0502358,0.0507517,0.051275,0.0518053,0.0523422,0.0528855,0.053435,0.0539904,0.0545515,0.0551181,0.0556899,0.0562669,0.0568488,0.0574355,0.0580269,0.0586227,0.0592229,0.0598274,0.0604359,0.0610485,0.061665,0.0622853,0.0629092,0.0635368,0.0641679,0.0648025,0.0654403,0.0660815,0.0667259,0.0673734,0.068024,0.0686776,0.0693341,0.0699935,0.0706558,0.0713208,0.0719885,0.0726588,0.0733318,0.0740073,0.0746853,0.0753658,0.0760487,0.076734,0.0774216,0.0781115,0.0788037,0.079498,0.0801946,0.0808932,0.081594,0.0822968,0.0830017,0.0837086,0.0844174,0.0851281,0.0858408,0.0865553
0.0850128,0.0799395,0.0750542,0.0703753,0.0659337,0.0617788,0.0579816,0.0546232,0.0517656,0.0494222,0.0475552,0.0460963,0.0449712,0.0441131,0.0434679,0.042993,0.0426558,0.042431,0.0422993,0.0422453,0.0422572,0.0423254,0.0424422,0.0426014,0.0427977,0.0430268,0.0432853,0.04357,0.0438784,0.0442083,0.0445577,0.0449251,0.0453089,0.045708,0.0461211,0.0465474,0.0469859,0.0474359,0.0478967,0.0483675,0.048848,0.0493374,0.0498355,0.0503417,0.0508556,0.0513769,0.0519053,0.0524404,0.0529821,0.0535299,0.0540837,0.0546433,0.0552084,0.0557788,0.0563544,0.056935,0.0575205,0.0581106,0.0587052,0.0593043,0.0599076,0.0605151,0.0611266,0.0617421,0.0623613,0.0629843,0.063611,0.0642412,0.0648748,0.0655119,0.0661522,0.0667958,0.0674425,0.0680923,0.0687452,0.0694009,0.0700596,0.0707212,0.0713855,0.0720525,0.0727222,0.0733945,0.0740694,0.0747468,0.0754267,0.076109,0.0767937,0.0774808,0.0781701,0.0788617,0.0795555,0.0802515,0.0809497,0.08165,0.0823523,0.0830567,0.0837631,0.0844714,0.0851817,0.0858939,0.086608
0.085378,0.0803243,0.0754608,0.0708057,0.0663884,0.0622554,0.0584728,0.0551164,0.0522461,0.0498782,0.0479802,0.0464889,0.045333,0.0444471,0.0437773,0.043281,0.042925,0.0426838,0.0425376,0.0424709,0.0424715,0.0425295,0.0426372,0.0427881,0.0429769,0.0431993,0.0434515,0.0437305,0.0440336,0.0443585,0.0447034,0.0450665,0.0454464,0.0458418,0.0462515,0.0466745,0.0471099,0.047557,0.048015,0.0484832,0.0489612,0.0494483,0.049944,0.0504481,0.05096,0.0514793,0.0520058,0.0525392,0.0530791,0.0536253,0.0541775,0.0547355,0.0552991,0.0558682,0.0564424,0.0570217,0.0576058,0.0581947,0.0587882,0.059386,0.0599882,0.0605946,0.0612051,0.0618195,0.0624378,0.0630598,0.0636856,0.0643148,0.0649476,0.0655838,0.0662233,0.066866,0.0675119,0.068161,0.068813,0.0694681,0.070126,0.0707869,0.0714505,0.0721168,0.0727859,0.0734575,0.0741318,0.0748086,0.0754879,0.0761696,0.0768537,0.0775402,0.078229,0.07892,0.0796133,0.0803088,0.0810065,0.0817062,0.0824081,0.083112,0.0838179,0.0845258,0.0852356,0.0859474,0.086661
0.0857404,0.0807056,0.0758632,0.0712308,0.0668368,0.0627249,0.0589567,0.0556032,0.0527218,0.0503312,0.0484038,0.0468812,0.0456952,0.0447819,0.0440878,0.0435701,0.0431953,0.0429377,0.0427771,0.0426976,0.0426867,0.0427346,0.0428332,0.0429758,0.0431571,0.0433726,0.0436185,0.0438917,0.0441895,0.0445095,0.0448498,0.0452087,0.0455846,0.0459762,0.0463824,0.0468021,0.0472345,0.0476786,0.0481338,0.0485994,0.0490749,0.0495596,0.0500531,0.050555,0.0510648,0.0515822,0.0521068,0.0526384,0.0531765,0.0537211,0.0542717,0.0548282,0.0553903,0.0559579,0.0565308,0.0571087,0.0576916,0.0582792,0.0588715,0.0594682,0.0600693,0.0606746,0.061284,0.0618974,0.0625146,0.0631357,0.0637605,0.0643888,0.0650207,0.065656,0.0662947,0.0669366,0.0675817,0.06823,0.0688813,0.0695356,0.0701928,0.0708529,0.0715158,0.0721815,0.0728499,0.0735209,0.0741945,0.0748707,0.0755494,0.0762305,0.076914,0.0775999,0.0782882,0.0789787,0.0796714,0.0803664,0.0810635,0.0817628,0.0824641,0.0831675,0.083873,0.0845804,0.0852898,0.0860011,0.0867143
0.0861001,0.0810837,0.0762615,0.071651,0.0672793,0.0631877,0.0594336,0.0560835,0.0531926,0.0507811,0.0488259,0.0472731,0.0460578,0.0451175,0.0443992,0.0438602,0.0434668,0.0431927,0.0430176,0.0429252,0.042903,0.0429407,0.04303,0.0431643,0.0433381,0.0435467,0.0437863,0.0440537,0.0443462,0.0446612,0.044997,0.0453515,0.0457234,0.0461113,0.046514,0.0469304,0.0473596,0.0478008,0.0482532,0.0487162,0.0491891,0.0496715,0.0501627,0.0506624,0.0511702,0.0516856,0.0522083,0.0527381,0.0532745,0.0538173,0.0543663,0.0549213,0.0554819,0.0560481,0.0566196,0.0571962,0.0577778,0.0583641,0.0589552,0.0595507,0.0601507,0.0607549,0.0613632,0.0619756,0.0625919,0.063212,0.0638358,0.0644632,0.0650942,0.0657286,0.0663664,0.0670075,0.0676518,0.0682993,0.0689498,0.0696034,0.0702599,0.0709193,0.0715815,0.0722465,0.0729142,0.0735846,0.0742576,0.0749331,0.0756112,0.0762917,0.0769747,0.07766,0.0783477,0.0790376,0.0797298,0.0804243,0.0811209,0.0818196,0.0825205,0.0832234,0.0839284,0.0846353,0.0853442,0.0860551,0.0867678
0.0864572,0.0814586,0.0766559,0.0720664,0.0677161,0.0636439,0.0599037,0.0565576,0.0536585,0.0512277,0.0492462,0.0476644,0.0464205,0.0454536,0.0447115,0.0441513,0.0437392,0.0434488,0.0432591,0.0431539,0.0431202,0.0431476,0.0432278,0.0433537,0.0435199,0.0437216,0.0439549,0.0442165,0.0445035,0.0448136,0.0451447,0.045495,0.0458629,0.046247,0.0466461,0.0470592,0.0474853,0.0479235,0.0483731,0.0488335,0.0493039,0.0497838,0.0502728,0.0507703,0.051276,0.0517894,0.0523103,0.0528382,0.0533728,0.053914,0.0544614,0.0550148,0.055574,0.0561387,0.0567088,0.057284,0.0578643,0.0584494,0.0590393,0.0596337,0.0602325,0.0608356,0.0614428,0.0620542,0.0626694,0.0632885,0.0639114,0.0645379,0.065168,0.0658016,0.0664385,0.0670788,0.0677223,0.0683689,0.0690187,0.0696715,0.0703273,0.070986,0.0716475,0.0723118,0.0729788,0.0736486,0.0743209,0.0749958,0.0756733,0.0763532,0.0770356,0.0777203,0.0784075,0.0790969,0.0797885,0.0804824,0.0811785,0.0818768,0.0825771,0.0832796,0.083984,0.0846905,0.085399,0.0861093,0.0868217
0.0868118,0.0818304,0.0770465,0.0724772,0.0681474,0.0640939,0.0603672,0.0570257,0.0541196,0.051671,0.0496646,0.048055,0.0467832,0.0457903,0.0450245,0.0444433,0.0440127,0.0437058,0.0435016,0.0433836,0.0433384,0.0433555,0.0434264,0.043544,0.0437025,0.0438973,0.0441242,0.04438,0.0446616,0.0449667,0.0452932,0.0456391,0.046003,0.0463833,0.0467789,0.0471886,0.0476115,0.0480468,0.0484936,0.0489513,0.0494192,0.0498967,0.0503834,0.0508787,0.0513823,0.0518938,0.0524127,0.0529387,0.0534717,0.0540111,0.0545569,0.0551088,0.0556664,0.0562297,0.0567984,0.0573723,0.0579513,0.0585351,0.0591238,0.059717,0.0603146,0.0609166,0.0615228,0.0621331,0.0627474,0.0633655,0.0639874,0.064613,0.0652422,0.0658748,0.0665109,0.0671504,0.0677931,0.0684389,0.0690879,0.06974,0.070395,0.071053,0.0717138,0.0723774,0.0730438,0.0737129,0.0743846,0.0750589,0.0757357,0.076415,0.0770968,0.077781,0.0784675,0.0791564,0.0798475,0.0805409,0.0812365,0.0819342,0.082634,0.083336,0.08404,0.084746,0.085454,0.0861639,0.0868757
0.0871639,0.0821992,0.0774335,0.0728835,0.0685734,0.064538,0.0608245,0.0574878,0.0545757,0.0521109,0.0500811,0.0484446,0.0471457,0.0461272,0.0453382,0.0447361,0.044287,0.0439637,0.0437451,0.0436141,0.0435575,0.0435643,0.0436258,0.043735,0.0438859,0.0440737,0.0442943,0.0445441,0.0448204,0.0451205,0.0454423,0.0457839,0.0461436,0.0465202,0.0469122,0.0473186,0.0477383,0.0481706,0.0486146,0.0490696,0.0495349,0.0500101,0.0504944,0.0509876,0.0514891,0.0519985,0.0525155,0.0530398,0.0535709,0.0541087,0.0546528,0.0552031,0.0557593,0.0563211,0.0568884,0.057461,0.0580386,0.0586212,0.0592086,0.0598006,0.0603972,0.060998,0.0616032,0.0622124,0.0628257,0.0634428,0.0640638,0.0646884,0.0653167,0.0659485,0.0665837,0.0672223,0.0678642,0.0685093,0.0691575,0.0698088,0.0704631,0.0711203,0.0717804,0.0724433,0.073109,0.0737775,0.0744485,0.0751222,0.0757984,0.0764771,0.0771583,0.0778419,0.0785279,0.0792162,0.0799068,0.0805996,0.0812947,0.0819919,0.0826912,0.0833927,0.0840962,0.0848017,0.0855092,0.0862187,0.0869301
0.0875136,0.082565,0.0778169,0.0732856,0.0689943,0.0649763,0.0612757,0.0579441,0.055027,0.0525473,0.0504954,0.0488332,0.047508,0.0464644,0.0456524,0.0450297,0.0445621,0.0442226,0.0439894,0.0438456,0.0437774,0.0437739,0.0438261,0.0439269,0.0440701,0.0442509,0.0444651,0.044709,0.0449798,0.0452749,0.045592,0.0459292,0.0462849,0.0466576,0.0470461,0.0474491,0.0478657,0.048295,0.0487361,0.0491884,0.0496512,0.0501239,0.050606,0.0510969,0.0515963,0.0521037,0.0526188,0.0531412,0.0536706,0.0542067,0.0547492,0.0552979,0.0558525,0.0564129,0.0569788,0.05755,0.0581264,0.0587077,0.0592939,0.0598847,0.0604801,0.0610798,0.0616839,0.0622921,0.0629043,0.0635205,0.0641404,0.0647642,0.0653915,0.0660224,0.0666568,0.0672946,0.0679356,0.0685799,0.0692273,0.0698779,0.0705314,0.0711879,0.0718473,0.0725096,0.0731746,0.0738424,0.0745128,0.0751858,0.0758614,0.0765395,0.0772201,0.0779032,0.0785886,0.0792763,0.0799664,0.0806587,0.0813532,0.0820499,0.0827487,0.0834497,0.0841527,0.0848577,0.0855648,0.0862738,0.0869847
0.0878609,0.0829281,0.0781969,0.0736835,0.0694104,0.0654091,0.0617211,0.0583948,0.0554735,0.0529801,0.0509074,0.0492207,0.0478699,0.0468018,0.045967,0.0453239,0.044838,0.0444822,0.0442346,0.0440779,0.0439981,0.0439843,0.0440272,0.0441195,0.044255,0.0444288,0.0446365,0.0448746,0.0451399,0.0454299,0.0457423,0.0460751,0.0464268,0.0467956,0.0471805,0.0475801,0.0479935,0.0484198,0.0488581,0.0493077,0.0497679,0.0502382,0.050718,0.0512067,0.051704,0.0522094,0.0527225,0.0532431,0.0537707,0.0543051,0.0548459,0.0553931,0.0559462,0.0565051,0.0570696,0.0576394,0.0582145,0.0587945,0.0593795,0.0599691,0.0605633,0.061162,0.0617649,0.0623721,0.0629833,0.0635984,0.0642175,0.0648403,0.0654667,0.0660967,0.0667302,0.0673671,0.0680074,0.0686509,0.0692975,0.0699473,0.0706001,0.0712559,0.0719146,0.0725761,0.0732405,0.0739076,0.0745773,0.0752497,0.0759247,0.0766022,0.0772822,0.0779647,0.0786495,0.0793367,0.0800262,0.080718,0.081412,0.0821081,0.0828065,0.0835069,0.0842094,0.084914,0.0856206,0.0863291,0.0870396
0.0882059,0.0832883,0.0785735,0.0740775,0.0698218,0.0658365,0.0621608,0.05884,0.0559153,0.0534094,0.0513171,0.0496068,0.0482313,0.0471392,0.0462821,0.0456186,0.0451146,0.0447426,0.0444806,0.0443109,0.0442197,0.0441954,0.044229,0.0443128,0.0444407,0.0446074,0.0448087,0.0450408,0.0453006,0.0455855,0.0458932,0.0462217,0.0465692,0.0469342,0.0473155,0.0477117,0.0481219,0.0485452,0.0489806,0.0494275,0.0498852,0.050353,0.0508304,0.0513169,0.0518121,0.0523155,0.0528267,0.0533454,0.0538712,0.0544039,0.0549431,0.0554886,0.0560402,0.0565977,0.0571607,0.0577292,0.0583029,0.0588817,0.0594654,0.0600539,0.0606469,0.0612445,0.0618463,0.0624524,0.0630626,0.0636768,0.0642948,0.0649167,0.0655422,0.0661713,0.066804,0.06744,0.0680794,0.0687221,0.069368,0.070017,0.0706691,0.0713241,0.0719821,0.072643,0.0733066,0.0739731,0.0746422,0.075314,0.0759883,0.0766652,0.0773446,0.0780265,0.0787107,0.0793974,0.0800863,0.0807775,0.081471,0.0821667,0.0828645,0.0835644,0.0842665,0.0849706,0.0856767,0.0863848,0.0870948
0.0885487,0.0836459,0.078947,0.0744676,0.0702287,0.0662589,0.062595,0.0592799,0.0563524,0.053835,0.0517243,0.0499915,0.0485921,0.0474765,0.0465974,0.0459139,0.0453919,0.0450037,0.0447273,0.0445448,0.044442,0.0444073,0.0444315,0.0445069,0.044627,0.0447867,0.0449815,0.0452076,0.0454619,0.0457418,0.0460447,0.0463688,0.0467122,0.0470733,0.047451,0.0478438,0.0482508,0.048671,0.0491036,0.0495478,0.0500029,0.0504682,0.0509433,0.0514276,0.0519206,0.052422,0.0529312,0.0534481,0.0539721,0.0545031,0.0550406,0.0555846,0.0561347,0.0566906,0.0572523,0.0578194,0.0583918,0.0589693,0.0595518,0.060139,0.0607309,0.0613273,0.0619281,0.0625331,0.0631423,0.0637554,0.0643725,0.0649934,0.065618,0.0662463,0.066878,0.0675133,0.0681518,0.0687937,0.0694388,0.070087,0.0707384,0.0713927,0.07205,0.0727101,0.0733731,0.0740389,0.0747073,0.0753785,0.0760522,0.0767285,0.0774073,0.0780886,0.0787723,0.0794583,0.0801467,0.0808374,0.0815303,0.0822255,0.0829228,0.0836222,0.0843238,0.0850274,0.085733,0.0864406,0.0871502
0.0888893,0.0840009,0.0793173,0.074854,0.0706313,0.0666763,0.063024,0.0597146,0.0567849,0.0542571,0.052129,0.0503747,0.0489522,0.0478136,0.0469129,0.0462096,0.0456697,0.0452655,0.0449747,0.0447793,0.044665,0.04462,0.0446348,0.0447016,0.044814,0.0449666,0.0451549,0.0453751,0.0456239,0.0458986,0.0461968,0.0465164,0.0468557,0.047213,0.047587,0.0479764,0.0483802,0.0487974,0.0492271,0.0496685,0.050121,0.0505839,0.0510566,0.0515387,0.0520296,0.0525289,0.0530362,0.0535512,0.0540734,0.0546026,0.0551386,0.0556809,0.0562295,0.056784,0.0573442,0.0579099,0.058481,0.0590572,0.0596384,0.0602245,0.0608152,0.0614105,0.0620102,0.0626141,0.0632223,0.0638344,0.0644505,0.0650705,0.0656942,0.0663215,0.0669524,0.0675868,0.0682245,0.0688656,0.0695099,0.0701574,0.0708079,0.0714615,0.0721181,0.0727775,0.0734398,0.0741049,0.0747727,0.0754432,0.0761163,0.076792,0.0774702,0.0781509,0.078834,0.0795195,0.0802074,0.0808975,0.0815899,0.0822845,0.0829813,0.0836803,0.0843813,0.0850845,0.0857896,0.0864968,0.0872059
0.0892278,0.0843533,0.0796846,0.0752368,0.0710296,0.067089,0.0634479,0.0601442,0.0572129,0.0546755,0.0525312,0.0507563,0.0493114,0.0481504,0.0472286,0.0465057,0.045948,0.0455279,0.0452228,0.0450146,0.0448887,0.0448333,0.0448387,0.044897,0.0450017,0.0451472,0.0453289,0.0455431,0.0457864,0.046056,0.0463494,0.0466646,0.0469997,0.0473532,0.0477235,0.0481095,0.04851,0.0489242,0.049351,0.0497897,0.0502396,0.0507,0.0511704,0.0516502,0.052139,0.0526362,0.0531416,0.0536547,0.0541751,0.0547026,0.0552369,0.0557777,0.0563247,0.0568777,0.0574364,0.0580008,0.0585705,0.0591455,0.0597255,0.0603103,0.0608999,0.061494,0.0620926,0.0626955,0.0633026,0.0639137,0.0645289,0.0651479,0.0657706,0.0663971,0.0670271,0.0676606,0.0682975,0.0689378,0.0695813,0.070228,0.0708778,0.0715307,0.0721865,0.0728453,0.0735069,0.0741713,0.0748385,0.0755083,0.0761808,0.0768559,0.0775335,0.0782135,0.0788961,0.079581,0.0802683,0.0809579,0.0816498,0.0823439,0.0830402,0.0837386,0.0844391,0.0851418,0.0858465,0.0865531,0.0872618
0.0895642,0.0847033,0.080049,0.0756162,0.0714239,0.0674971,0.0638669,0.060569,0.0576365,0.0550903,0.0529307,0.0511362,0.0496697,0.0484869,0.0475442,0.046802,0.0462268,0.0457908,0.0454714,0.0452505,0.0451131,0.0450473,0.0450433,0.0450931,0.04519,0.0453283,0.0455036,0.0457118,0.0459495,0.0462139,0.0465026,0.0468133,0.0471443,0.0474938,0.0478605,0.0482431,0.0486404,0.0490514,0.0494754,0.0499113,0.0503586,0.0508166,0.0512846,0.0517622,0.0522488,0.052744,0.0532474,0.0537586,0.0542772,0.054803,0.0553356,0.0558747,0.0564202,0.0569717,0.0575291,0.058092,0.0586604,0.0592341,0.0598128,0.0603964,0.0609848,0.0615778,0.0621753,0.0627772,0.0633832,0.0639934,0.0646075,0.0652256,0.0658474,0.0664729,0.0671021,0.0677347,0.0683708,0.0690103,0.069653,0.0702989,0.070948,0.0716001,0.0722552,0.0729133,0.0735742,0.0742379,0.0749044,0.0755736,0.0762455,0.0769199,0.0775969,0.0782764,0.0789584,0.0796428,0.0803295,0.0810186,0.0817099,0.0824035,0.0830992,0.0837972,0.0844972,0.0851994,0.0859036,0.0866098,0.087318
0.0898985,0.0850508,0.0804105,0.0759921,0.0718143,0.0679008,0.0642811,0.0609889,0.0580556,0.0555014,0.0533275,0.0515143,0.0500269,0.048823,0.0478598,0.0470986,0.046506,0.0460542,0.0457207,0.0454869,0.0453381,0.0452619,0.0452485,0.0452898,0.0453789,0.0455101,0.0456788,0.045881,0.0461132,0.0463724,0.0466563,0.0469626,0.0472894,0.047635,0.047998,0.0483771,0.0487712,0.0491792,0.0496002,0.0500334,0.0504781,0.0509335,0.0513992,0.0518745,0.052359,0.0528521,0.0533535,0.0538628,0.0543797,0.0549037,0.0554346,0.0559722,0.0565161,0.0570661,0.057622,0.0581836,0.0587507,0.059323,0.0599005,0.0604829,0.0610701,0.061662,0.0622584,0.0628591,0.0634642,0.0640733,0.0646865,0.0653036,0.0659245,0.0665491,0.0671774,0.0678092,0.0684444,0.0690831,0.069725,0.0703701,0.0710184,0.0716698,0.0723242,0.0729816,0.0736418,0.0743049,0.0749707,0.0756393,0.0763105,0.0769843,0.0776607,0.0783396,0.079021,0.0797048,0.080391,0.0810795,0.0817703,0.0824633,0.0831586,0.083856,0.0845555,0.0852572,0.0859609,0.0866667,0.0873744
0.0902309,0.085396,0.0807692,0.0763648,0.0722009,0.0683002,0.0646908,0.0614043,0.0584706,0.055909,0.0537216,0.0518906,0.0503831,0.0491585,0.0481753,0.0473953,0.0467855,0.0463181,0.0459705,0.045724,0.0455636,0.0454771,0.0454544,0.045487,0.0455683,0.0456925,0.0458546,0.0460508,0.0462774,0.0465315,0.0468105,0.0471123,0.0474349,0.0477766,0.048136,0.0485116,0.0489024,0.0493073,0.0497254,0.0501559,0.0505979,0.0510509,0.0515142,0.0519873,0.0524696,0.0529606,0.0534601,0.0539675,0.0544825,0.0550048,0.0555341,0.05607,0.0566124,0.0571609,0.0577154,0.0582756,0.0588413,0.0594123,0.0599885,0.0605697,0.0611558,0.0617465,0.0623418,0.0629415,0.0635454,0.0641536,0.0647657,0.0653819,0.0660019,0.0666256,0.067253,0.0678839,0.0685183,0.0691561,0.0697973,0.0704416,0.0710892,0.0717398,0.0723935,0.0730501,0.0737097,0.074372,0.0750372,0.0757051,0.0763757,0.0770489,0.0777247,0.078403,0.0790838,0.0797671,0.0804527,0.0811406,0.0818309,0.0825234,0.0832181,0.0839151,0.0846141,0.0853153,0.0860185,0.0867238,0.0874311
0.0905613,0.0857389,0.0811252,0.0767344,0.0725839,0.0686955,0.065096,0.0618152,0.0588813,0.0563131,0.054113,0.052265,0.0507381,0.0494934,0.0484906,0.0476921,0.0470653,0.0465824,0.0462207,0.0459616,0.0457898,0.0456929,0.0456607,0.0456849,0.0457584,0.0458754,0.046031,0.046221,0.0464421,0.046691,0.0469653,0.0472626,0.047581,0.0479188,0.0482744,0.0486466,0.0490341,0.0494359,0.0498511,0.0502788,0.0507182,0.0511687,0.0516296,0.0521004,0.0525805,0.0530695,0.053567,0.0540725,0.0545857,0.0551063,0.0556338,0.0561682,0.056709,0.057256,0.057809,0.0583678,0.0589322,0.0595019,0.0600769,0.0606569,0.0612417,0.0618313,0.0624255,0.0630241,0.063627,0.0642341,0.0648453,0.0654605,0.0660795,0.0667023,0.0673288,0.0679589,0.0685925,0.0692295,0.0698698,0.0705134,0.0711602,0.0718101,0.072463,0.0731189,0.0737778,0.0744395,0.075104,0.0757713,0.0764412,0.0771138,0.077789,0.0784667,0.0791469,0.0798296,0.0805146,0.081202,0.0818918,0.0825837,0.083278,0.0839744,0.0846729,0.0853736,0.0860764,0.0867812,0.087488
0.0908897,0.0860796,0.0814786,0.0771008,0.0729633,0.0690868,0.0654969,0.0622217,0.0592879,0.0567136,0.0545017,0.0526374,0.0510918,0.0498276,0.0488055,0.0479889,0.0473452,0.046847,0.0464714,0.0461996,0.0460164,0.0459092,0.0458677,0.0458833,0.0459489,0.0460588,0.0462078,0.0463919,0.0466073,0.046851,0.0471205,0.0474133,0.0477275,0.0480613,0.0484133,0.048782,0.0491662,0.049565,0.0499772,0.0504021,0.0508389,0.0512869,0.0517454,0.0522139,0.0526919,0.0531788,0.0536743,0.0541779,0.0546893,0.0552081,0.055734,0.0562667,0.0568059,0.0573514,0.057903,0.0584604,0.0590234,0.0595919,0.0601656,0.0607443,0.061328,0.0619164,0.0625095,0.063107,0.0637089,0.064315,0.0649252,0.0655394,0.0661575,0.0667794,0.067405,0.0680342,0.0686669,0.0693031,0.0699426,0.0705855,0.0712315,0.0718806,0.0725328,0.073188,0.0738462,0.0745072,0.0751711,0.0758377,0.076507,0.077179,0.0778535,0.0785307,0.0792103,0.0798924,0.0805769,0.0812637,0.0819529,0.0826443,0.083338,0.0840339,0.084732,0.0854322,0.0861344,0.0868388,0.0875451
0.0912163,0.086418,0.0818294,0.0774643,0.0733392,0.0694743,0.0658937,0.062624,0.0596906,0.0571107,0.0548876,0.0530079,0.0514442,0.050161,0.0491202,0.0482857,0.0476254,0.0471119,0.0467225,0.0464381,0.0462436,0.046126,0.0460751,0.0460822,0.04614,0.0462427,0.0463852,0.0465632,0.046773,0.0470115,0.0472761,0.0475644,0.0478744,0.0482043,0.0485526,0.0489178,0.0492988,0.0496944,0.0501037,0.0505258,0.05096,0.0514054,0.0518616,0.0523278,0.0528036,0.0532885,0.0537819,0.0542836,0.0547932,0.0553102,0.0558344,0.0563655,0.0569032,0.0574472,0.0579973,0.0585533,0.059115,0.0596821,0.0602545,0.0608321,0.0614146,0.0620018,0.0625938,0.0631902,0.063791,0.0643961,0.0650053,0.0656186,0.0662357,0.0668567,0.0674814,0.0681098,0.0687417,0.069377,0.0700158,0.0706578,0.071303,0.0719514,0.0726029,0.0732574,0.0739149,0.0745752,0.0752384,0.0759044,0.076573,0.0772444,0.0779183,0.0785949,0.0792739,0.0799554,0.0806393,0.0813256,0.0820143,0.0827052,0.0833984,0.0840937,0.0847913,0.085491,0.0861928,0.0868966,0.0876025
0.0915411,0.0867544,0.0821778,0.0778249,0.0737119,0.0698581,0.0662864,0.0630222,0.0600893,0.0575043,0.0552707,0.0533763,0.0517953,0.0504936,0.0494344,0.0485824,0.0479057,0.0473771,0.0469739,0.0466771,0.0464712,0.0463433,0.046283,0.0462816,0.0463316,0.0464272,0.0465631,0.046735,0.0469392,0.0471725,0.0474323,0.0477161,0.0480218,0.0483478,0.0486923,0.0490541,0.0494317,0.0498243,0.0502306,0.05065,0.0510815,0.0515244,0.0519781,0.0524421,0.0529157,0.0533985,0.0538899,0.0543897,0.0548974,0.0554127,0.0559352,0.0564647,0.0570008,0.0575433,0.058092,0.0586466,0.0592069,0.0597727,0.0603438,0.0609201,0.0615014,0.0620876,0.0626784,0.0632737,0.0638735,0.0644776,0.0650858,0.0656981,0.0663143,0.0669344,0.0675582,0.0681857,0.0688167,0.0694512,0.0700891,0.0707304,0.0713749,0.0720225,0.0726733,0.0733271,0.0739838,0.0746435,0.075306,0.0759713,0.0766393,0.07731,0.0779834,0.0786593,0.0793378,0.0800187,0.080702,0.0813878,0.0820759,0.0827663,0.0834589,0.0841538,0.0848508,0.08555,0.0862513,0.0869547,0.0876601
0.0918641,0.0870886,0.0825237,0.0781827,0.0740813,0.0702382,0.0666752,0.0634164,0.0604842,0.0578945,0.055651,0.0537426,0.0521449,0.0508253,0.0497482,0.0488789,0.048186,0.0476425,0.0472256,0.0469164,0.0466992,0.0465611,0.0464914,0.0464814,0.0465237,0.0466121,0.0467414,0.0469072,0.0471058,0.047334,0.0475889,0.0478681,0.0481697,0.0484917,0.0488325,0.0491907,0.0495651,0.0499545,0.0503579,0.0507744,0.0512033,0.0516437,0.0520951,0.0525567,0.0530281,0.0535088,0.0539983,0.0544962,0.055002,0.0555155,0.0560364,0.0565642,0.0570987,0.0576397,0.0581869,0.0587401,0.0592991,0.0598636,0.0604334,0.0610085,0.0615886,0.0621736,0.0627633,0.0633575,0.0639562,0.0645593,0.0651665,0.0657778,0.0663931,0.0670123,0.0676352,0.0682618,0.068892,0.0695257,0.0701628,0.0708032,0.0714469,0.0720938,0.0727439,0.0733969,0.074053,0.074712,0.0753738,0.0760385,0.0767059,0.077376,0.0780487,0.078724,0.0794019,0.0800822,0.080765,0.0814502,0.0821377,0.0828276,0.0835197,0.0842141,0.0849106,0.0856093,0.0863101,0.087013,0.087718
0.0921853,0.0874208,0.0828672,0.0785377,0.0744476,0.0706149,0.0670603,0.0638067,0.0608753,0.0582814,0.0560286,0.0541068,0.052493,0.0511561,0.0500614,0.0491751,0.0484663,0.047908,0.0474776,0.047156,0.0469276,0.0467792,0.0467003,0.0466818,0.0467163,0.0467975,0.0469202,0.04708,0.0472729,0.0474958,0.0477459,0.0480206,0.0483179,0.048636,0.0489731,0.0493278,0.0496989,0.0500851,0.0504856,0.0508993,0.0513255,0.0517634,0.0522123,0.0526717,0.0531409,0.0536195,0.054107,0.0546029,0.055107,0.0556187,0.0561378,0.056664,0.057197,0.0577365,0.0582822,0.058834,0.0593915,0.0599547,0.0605233,0.0610972,0.0616761,0.0622599,0.0628485,0.0634416,0.0640393,0.0646413,0.0652475,0.0658578,0.0664722,0.0670904,0.0677125,0.0683382,0.0689675,0.0696004,0.0702367,0.0708764,0.0715193,0.0721654,0.0728147,0.0734671,0.0741224,0.0747807,0.0754419,0.0761059,0.0767727,0.0774421,0.0781142,0.0787889,0.0794662,0.080146,0.0808282,0.0815128,0.0821998,0.0828891,0.0835807,0.0842746,0.0849706,0.0856688,0.0863691,0.0870716,0.087776
0.0925049,0.0877511,0.0832085,0.0788901,0.0748109,0.0709881,0.0674417,0.0641932,0.0612628,0.058665,0.0564034,0.0544689,0.0528396,0.0514859,0.0503741,0.0494711,0.0487466,0.0481737,0.0477298,0.047396,0.0471563,0.0469978,0.0469095,0.0468825,0.0469092,0.0469833,0.0470994,0.0472531,0.0474404,0.0476581,0.0479033,0.0481735,0.0484666,0.0487807,0.049114,0.0494652,0.049833,0.0502161,0.0506136,0.0510246,0.0514481,0.0518834,0.05233,0.052787,0.053254,0.0537305,0.054216,0.05471,0.0552122,0.0557222,0.0562396,0.0567641,0.0572955,0.0578335,0.0583778,0.0589281,0.0594843,0.0600462,0.0606135,0.0611861,0.0617638,0.0623465,0.0629339,0.063526,0.0641226,0.0647236,0.0653288,0.0659382,0.0665515,0.0671689,0.06779,0.0684149,0.0690433,0.0696754,0.0703109,0.0709497,0.0715919,0.0722373,0.0728859,0.0735375,0.0741921,0.0748497,0.0755102,0.0761736,0.0768397,0.0775085,0.07818,0.0788541,0.0795308,0.08021,0.0808916,0.0815757,0.0822622,0.0829509,0.083642,0.0843353,0.0850309,0.0857286,0.0864284,0.0871303,0.0878343
0.0928227,0.0880793,0.0835475,0.0792399,0.0751712,0.0713581,0.0678195,0.064576,0.0616467,0.0590453,0.0567755,0.0548288,0.0531847,0.0518146,0.0506861,0.0497668,0.0490267,0.0484394,0.0479823,0.0476362,0.0473854,0.0472167,0.0471192,0.0470837,0.0471026,0.0471695,0.0472791,0.0474267,0.0476084,0.0478208,0.0480612,0.0483268,0.0486157,0.0489257,0.0492554,0.0496031,0.0499675,0.0503475,0.050742,0.0511502,0.051571,0.0520038,0.0524479,0.0529027,0.0533675,0.0538419,0.0543254,0.0548175,0.0553178,0.055826,0.0563417,0.0568646,0.0573944,0.0579308,0.0584736,0.0590226,0.0595774,0.060138,0.060704,0.0612754,0.0618519,0.0624334,0.0630197,0.0636107,0.0642062,0.0648061,0.0654103,0.0660187,0.0666312,0.0672476,0.0678678,0.0684918,0.0691194,0.0697506,0.0703853,0.0710234,0.0716648,0.0723094,0.0729572,0.0736081,0.0742621,0.074919,0.0755788,0.0762415,0.076907,0.0775752,0.078246,0.0789195,0.0795956,0.0802742,0.0809553,0.0816388,0.0823247,0.083013,0.0837035,0.0843963,0.0850913,0.0857885,0.0864879,0.0871893,0.0878928
0.0931388,0.0884057,0.0838843,0.0795872,0.0755287,0.0717248,0.0681939,0.0649553,0.0620271,0.0594224,0.0571449,0.0551866,0.0535282,0.0521422,0.0509974,0.0500621,0.0493068,0.0487052,0.0482348,0.0478767,0.0476148,0.047436,0.0473292,0.0472852,0.0472964,0.0473562,0.0474591,0.0476006,0.0477767,0.047984,0.0482194,0.0484805,0.0487651,0.0490712,0.0493971,0.0497412,0.0501024,0.0504792,0.0508708,0.0512761,0.0516943,0.0521246,0.0525662,0.0530187,0.0534813,0.0539536,0.054435,0.0549252,0.0554237,0.0559301,0.0564441,0.0569653,0.0574936,0.0580285,0.0585698,0.0591173,0.0596708,0.06023,0.0607948,0.0613649,0.0619402,0.0625205,0.0631057,0.0636956,0.06429,0.064889,0.0654922,0.0660996,0.0667111,0.0673265,0.0679459,0.068569,0.0691957,0.0698261,0.07046,0.0710973,0.0717379,0.0723818,0.0730288,0.073679,0.0743323,0.0749885,0.0756476,0.0763097,0.0769745,0.077642,0.0783123,0.0789852,0.0796607,0.0803387,0.0810192,0.0817022,0.0823875,0.0830752,0.0837652,0.0844575,0.085152,0.0858487,0.0865476,0.0872485,0.0879516
0.0934534,0.0887302,0.0842189,0.079932,0.0758834,0.0720885,0.068565,0.0653311,0.0624042,0.0597964,0.0575116,0.0555422,0.05387,0.0524687,0.051308,0.050357,0.0495866,0.0489709,0.0484875,0.0481173,0.0478445,0.0476556,0.0475396,0.0474871,0.0474905,0.0475432,0.0476396,0.047775,0.0479454,0.0481474,0.048378,0.0486346,0.0489149,0.049217,0.0495392,0.0498798,0.0502376,0.0506113,0.0509999,0.0514024,0.0518179,0.0522456,0.0526849,0.053135,0.0535954,0.0540656,0.054545,0.0550332,0.0555299,0.0560345,0.0565468,0.0570664,0.057593,0.0581264,0.0586663,0.0592124,0.0597645,0.0603223,0.0608858,0.0614547,0.0620288,0.0626079,0.063192,0.0637808,0.0643742,0.064972,0.0655743,0.0661807,0.0667912,0.0674058,0.0680242,0.0686464,0.0692723,0.0699019,0.0705349,0.0711714,0.0718112,0.0724544,0.0731007,0.0737502,0.0744027,0.0750582,0.0757167,0.0763781,0.0770422,0.0777091,0.0783788,0.0790511,0.079726,0.0804034,0.0810833,0.0817657,0.0824505,0.0831377,0.0838272,0.0845189,0.0852129,0.0859091,0.0866075,0.087308,0.0880105
0.0937664,0.0890529,0.0845515,0.0802745,0.0762353,0.0724492,0.0689328,0.0657036,0.0627779,0.0601674,0.0578756,0.0558957,0.0542102,0.052794,0.0516178,0.0506514,0.0498663,0.0492367,0.0487403,0.0483582,0.0480744,0.0478754,0.0477502,0.0476894,0.047685,0.0477306,0.0478204,0.0479497,0.0481145,0.0483113,0.048537,0.048789,0.0490651,0.0493632,0.0496816,0.0500187,0.0503732,0.0507437,0.0511293,0.051529,0.0519418,0.052367,0.0528038,0.0532516,0.0537098,0.0541779,0.0546553,0.0551416,0.0556364,0.0561392,0.0566498,0.0571677,0.0576928,0.0582246,0.058763,0.0593077,0.0598584,0.060415,0.0609771,0.0615448,0.0621177,0.0626956,0.0632785,0.0638662,0.0644586,0.0650554,0.0656566,0.066262,0.0668716,0.0674852,0.0681028,0.0687241,0.0693492,0.0699778,0.0706101,0.0712458,0.0718848,0.0725272,0.0731728,0.0738215,0.0744734,0.0751282,0.075786,0.0764467,0.0771102,0.0777765,0.0784455,0.0791172,0.0797915,0.0804683,0.0811477,0.0818295,0.0825138,0.0832004,0.0838893,0.0845806,0.0852741,0.0859698,0.0866676,0.0873676,0.0880697
0.0940777,0.0893738,0.084882,0.0806146,0.0765847,0.072807,0.0692974,0.0660728,0.0631483,0.0605353,0.058237,0.0562469,0.0545487,0.0531181,0.0519268,0.0509453,0.0501456,0.0495023,0.0489931,0.0485992,0.0483045,0.0480956,0.0479612,0.0478919,0.0478799,0.0479183,0.0480015,0.0481248,0.048284,0.0484755,0.0486963,0.0489438,0.0492156,0.0495097,0.0498244,0.0501579,0.0505091,0.0508765,0.0512591,0.0516559,0.0520661,0.0524887,0.0529231,0.0533686,0.0538246,0.0542905,0.0547659,0.0552502,0.0557431,0.0562442,0.056753,0.0572694,0.0577928,0.0583231,0.05886,0.0594033,0.0599526,0.0605078,0.0610687,0.0616351,0.0622068,0.0627836,0.0633654,0.063952,0.0645432,0.065139,0.0657392,0.0663437,0.0669523,0.067565,0.0681816,0.068802,0.0694262,0.0700541,0.0706855,0.0713204,0.0719587,0.0726003,0.0732451,0.0738931,0.0745443,0.0751984,0.0758555,0.0765155,0.0771784,0.0778441,0.0785124,0.0791835,0.0798572,0.0805335,0.0812123,0.0818935,0.0825772,0.0832633,0.0839517,0.0846424,0.0853354,0.0860306,0.086728,0.0874275,0.0881291
0.0943876,0.0896929,0.0852105,0.0809524,0.0769314,0.0731619,0.069659,0.0664387,0.0635156,0.0609002,0.0585957,0.056596,0.0548855,0.053441,0.0522349,0.0512387,0.0504247,0.0497678,0.0492459,0.0488403,0.0485347,0.0483159,0.0481724,0.0480948,0.048075,0.0481063,0.048183,0.0483002,0.0484538,0.0486401,0.048856,0.0490989,0.0493665,0.0496566,0.0499675,0.0502975,0.0506453,0.0510096,0.0513892,0.0517832,0.0521906,0.0526107,0.0530427,0.0534858,0.0539396,0.0544034,0.0548768,0.0553592,0.0558502,0.0563495,0.0568566,0.0573713,0.0578931,0.0584219,0.0589573,0.0594991,0.0600471,0.060601,0.0611606,0.0617257,0.0622962,0.0628718,0.0634524,0.0640379,0.0646281,0.0652229,0.065822,0.0664255,0.0670332,0.0676449,0.0682606,0.0688802,0.0695035,0.0701306,0.0707612,0.0713952,0.0720327,0.0726736,0.0733177,0.073965,0.0746154,0.0752688,0.0759253,0.0765846,0.0772468,0.0779119,0.0785796,0.0792501,0.0799232,0.0805988,0.081277,0.0819577,0.0826409,0.0833264,0.0840143,0.0847045,0.085397,0.0860917,0.0867885,0.0874875,0.0881887
0.094696,0.0900103,0.0855371,0.081288,0.0772757,0.073514,0.0700176,0.0668016,0.0638798,0.0612622,0.0589519,0.056943,0.0552206,0.0537625,0.0525422,0.0515315,0.0507034,0.0500331,0.0494987,0.0490814,0.0487652,0.0485365,0.0483839,0.0482979,0.0482704,0.0482947,0.0483648,0.048476,0.0486239,0.048805,0.049016,0.0492544,0.0495177,0.0498038,0.0501109,0.0504374,0.0507818,0.051143,0.0515196,0.0519108,0.0523155,0.052733,0.0531625,0.0536034,0.0540549,0.0545166,0.0549879,0.0554684,0.0559576,0.056455,0.0569604,0.0574734,0.0579937,0.0585209,0.0590549,0.0595953,0.0601418,0.0606944,0.0612527,0.0618166,0.0623858,0.0629603,0.0635398,0.0641242,0.0647133,0.065307,0.0659051,0.0665076,0.0671143,0.0677251,0.0683399,0.0689586,0.0695811,0.0702073,0.070837,0.0714703,0.0721071,0.0727471,0.0733905,0.074037,0.0746867,0.0753395,0.0759952,0.0766539,0.0773155,0.0779799,0.078647,0.0793168,0.0799893,0.0806644,0.0813421,0.0820222,0.0827048,0.0833898,0.0840771,0.0847668,0.0854587,0.0861529,0.0868493,0.0875478,0.0882485
0.0950029,0.0903261,0.0858617,0.0816214,0.0776176,0.0738635,0.0703733,0.0671614,0.064241,0.0616214,0.0593055,0.0572878,0.055554,0.0540828,0.0528485,0.0518236,0.0509817,0.0502982,0.0497514,0.0493226,0.0489957,0.0487572,0.0485956,0.0485013,0.0484662,0.0484833,0.0485469,0.048652,0.0487943,0.0489702,0.0491764,0.0494102,0.0496692,0.0499513,0.0502546,0.0505776,0.0509187,0.0512766,0.0516503,0.0520386,0.0524407,0.0528556,0.0532827,0.0537212,0.0541705,0.0546301,0.0550994,0.0555779,0.0560652,0.0565609,0.0570645,0.0575759,0.0580945,0.0586202,0.0591527,0.0596916,0.0602368,0.060788,0.0613451,0.0619077,0.0624757,0.063049,0.0636274,0.0642106,0.0647987,0.0653913,0.0659885,0.06659,0.0671957,0.0678056,0.0684195,0.0690373,0.0696589,0.0702842,0.0709132,0.0715456,0.0721816,0.0728209,0.0734635,0.0741093,0.0747583,0.0754104,0.0760654,0.0767235,0.0773844,0.0780481,0.0787146,0.0793838,0.0800557,0.0807302,0.0814073,0.0820868,0.0827689,0.0834533,0.0841401,0.0848293,0.0855207,0.0862144,0.0869103,0.0876083,0.0883085
0.0953083,0.0906402,0.0861845,0.0819528,0.0779571,0.0742103,0.0707262,0.0675184,0.0645993,0.0619778,0.0596566,0.0576304,0.0558857,0.0544018,0.0531538,0.0521151,0.0512596,0.0505631,0.0500041,0.0495639,0.0492264,0.0489781,0.0488075,0.0487049,0.0486621,0.0486722,0.0487293,0.0488284,0.0489651,0.0491357,0.049337,0.0495662,0.049821,0.0500991,0.0503987,0.0507181,0.0510558,0.0514106,0.0517813,0.0521668,0.0525661,0.0529785,0.0534032,0.0538393,0.0542864,0.0547439,0.0552111,0.0556877,0.0561731,0.056667,0.0571689,0.0576786,0.0581957,0.0587198,0.0592508,0.0597883,0.0603321,0.060882,0.0614377,0.061999,0.0625659,0.063138,0.0637152,0.0642973,0.0648843,0.0654759,0.066072,0.0666725,0.0672773,0.0678863,0.0684992,0.0691162,0.0697369,0.0703614,0.0709895,0.0716212,0.0722563,0.0728949,0.0735368,0.0741818,0.0748301,0.0754815,0.0761359,0.0767932,0.0774535,0.0781166,0.0787824,0.079451,0.0801223,0.0807962,0.0814727,0.0821517,0.0828332,0.0835171,0.0842034,0.084892,0.0855829,0.0862761,0.0869714,0.087669,0.0883687
0.0956123,0.0909527,0.0865055,0.082282,0.0782942,0.0745546,0.0710763,0.0678724,0.0649546,0.0623314,0.0600052,0.0579709,0.0562156,0.0547194,0.0534581,0.0524059,0.051537,0.0508277,0.0502566,0.0498051,0.0494571,0.0491991,0.0490196,0.0489087,0.0488584,0.0488614,0.048912,0.049005,0.0491361,0.0493015,0.0494979,0.0497226,0.0499731,0.0502472,0.050543,0.0508589,0.0511933,0.0515449,0.0519126,0.0522952,0.0526919,0.0531017,0.0535239,0.0539577,0.0544026,0.0548579,0.0553231,0.0557977,0.0562813,0.0567733,0.0572736,0.0577816,0.058297,0.0588196,0.0593491,0.0598852,0.0604276,0.0609761,0.0615305,0.0620906,0.0626562,0.0632272,0.0638032,0.0643843,0.0649702,0.0655607,0.0661558,0.0667554,0.0673592,0.0679672,0.0685792,0.0691953,0.0698151,0.0704388,0.0710661,0.071697,0.0723313,0.0729691,0.0736102,0.0742546,0.0749021,0.0755528,0.0762065,0.0768632,0.0775228,0.0781852,0.0788505,0.0795185,0.0801891,0.0808625,0.0815384,0.0822168,0.0828977,0.0835811,0.0842668,0.0849549,0.0856453,0.0863379,0.0870328,0.0877299,0.0884291
0.0959149,0.0912636,0.0868246,0.0826093,0.0786291,0.0748964,0.0714238,0.0682236,0.0653072,0.0626823,0.0603513,0.0583093,0.0565438,0.0550356,0.0537614,0.0526959,0.051814,0.0510921,0.050509,0.0500463,0.0496879,0.0494203,0.0492318,0.0491128,0.0490548,0.0490508,0.0490949,0.0491819,0.0493073,0.0494675,0.0496591,0.0498793,0.0501255,0.0503956,0.0506876,0.0509999,0.051331,0.0516795,0.0520441,0.0524239,0.0528179,0.0532251,0.0536449,0.0540764,0.054519,0.0549722,0.0554354,0.055908,0.0563897,0.05688,0.0573784,0.0578848,0.0583986,0.0589197,0.0594477,0.0599823,0.0605233,0.0610705,0.0616236,0.0621825,0.0627469,0.0633166,0.0638915,0.0644715,0.0650563,0.0656458,0.0662399,0.0668384,0.0674413,0.0680483,0.0686595,0.0692746,0.0698936,0.0705164,0.0711429,0.0717729,0.0724065,0.0730435,0.0736839,0.0743275,0.0749744,0.0756243,0.0762773,0.0769333,0.0775923,0.0782541,0.0789187,0.0795861,0.0802562,0.0809289,0.0816042,0.0822821,0.0829624,0.0836452,0.0843304,0.085018,0.0857079,0.0864,0.0870944,0.087791,0.0884897
0.0962161,0.0915729,0.087142,0.0829345,0.0789619,0.0752358,0.0717686,0.0685722,0.065657,0.0630306,0.0606951,0.0586456,0.0568702,0.0553505,0.0540637,0.0529853,0.0520904,0.0513561,0.0507612,0.0502874,0.0499187,0.0496415,0.0494442,0.049317,0.0492514,0.0492405,0.0492781,0.049359,0.0494789,0.0496339,0.0498206,0.0500362,0.0502781,0.0505442,0.0508325,0.0511413,0.051469,0.0518143,0.052176,0.0525529,0.0529442,0.0533488,0.0537661,0.0541953,0.0546357,0.0550868,0.0555479,0.0560186,0.0564984,0.0569868,0.0574836,0.0579883,0.0585005,0.05902,0.0595465,0.0600797,0.0606193,0.0611652,0.061717,0.0622746,0.0628377,0.0634063,0.0639801,0.0645589,0.0651426,0.0657311,0.0663241,0.0669217,0.0675236,0.0681297,0.0687399,0.0693542,0.0699723,0.0705942,0.0712199,0.0718491,0.0724819,0.0731182,0.0737578,0.0744007,0.0750468,0.0756961,0.0763484,0.0770037,0.077662,0.0783232,0.0789872,0.0796539,0.0803234,0.0809955,0.0816703,0.0823475,0.0830273,0.0837096,0.0843943,0.0850813,0.0857707,0.0864623,0.0871562,0.0878523,0.0885505
0.096516,0.0918807,0.0874577,0.0832579,0.0792924,0.0755729,0.0721109,0.068918,0.0660042,0.0633763,0.0610364,0.0589798,0.0571949,0.0556639,0.0543649,0.0532738,0.0523663,0.0516197,0.0510132,0.0505284,0.0501495,0.0498628,0.0496567,0.0495213,0.0494482,0.0494303,0.0494614,0.0495364,0.0496507,0.0498004,0.0499823,0.0501934,0.050431,0.0506931,0.0509777,0.0512829,0.0516072,0.0519494,0.052308,0.0526822,0.0530707,0.0534728,0.0538876,0.0543145,0.0547527,0.0552016,0.0556606,0.0561294,0.0566073,0.0570939,0.057589,0.058092,0.0586026,0.0591206,0.0596456,0.0601773,0.0607155,0.06126,0.0618105,0.0623669,0.0629288,0.0634962,0.0640688,0.0646465,0.0652292,0.0658166,0.0664086,0.0670052,0.0676061,0.0682113,0.0688206,0.0694339,0.0700512,0.0706723,0.0712971,0.0719256,0.0725576,0.073193,0.0738319,0.0744741,0.0751194,0.075768,0.0764196,0.0770743,0.0777319,0.0783925,0.0790558,0.079722,0.0803908,0.0810624,0.0817365,0.0824132,0.0830925,0.0837742,0.0844583,0.0851448,0.0858336,0.0865248,0.0872181,0.0879137,0.0886115
0.0968145,0.0921871,0.0877717,0.0835793,0.0796209,0.0759076,0.0724508,0.0692613,0.0663487,0.0637195,0.0613754,0.0593119,0.0575179,0.055976,0.0546651,0.0535615,0.0526417,0.051883,0.051265,0.0507693,0.0503803,0.0500842,0.0498693,0.0497258,0.0496452,0.0496203,0.049645,0.049714,0.0498227,0.0499673,0.0501443,0.0503508,0.0505842,0.0508423,0.0511231,0.0514247,0.0517458,0.0520847,0.0524404,0.0528116,0.0531975,0.053597,0.0540094,0.0544339,0.0548698,0.0553166,0.0557736,0.0562404,0.0567164,0.0572013,0.0576946,0.0581959,0.0587049,0.0592214,0.0597449,0.0602752,0.060812,0.0613551,0.0619043,0.0624594,0.0630201,0.0635863,0.0641578,0.0647344,0.0653159,0.0659023,0.0664933,0.0670889,0.0676888,0.0682931,0.0689015,0.0695139,0.0701303,0.0707505,0.0713745,0.0720022,0.0726334,0.0732681,0.0739062,0.0745476,0.0751923,0.0758401,0.0764911,0.0771451,0.0778021,0.0784619,0.0791247,0.0797902,0.0804584,0.0811294,0.081803,0.0824791,0.0831578,0.0838389,0.0845225,0.0852085,0.0858968,0.0865874,0.0872803,0.0879754,0.0886727
0.0971118,0.0924919,0.0880841,0.083899,0.0799473,0.0762401,0.0727882,0.0696021,0.0666907,0.0640602,0.0617121,0.059642,0.0578391,0.0562867,0.0549641,0.0538484,0.0529164,0.0521459,0.0515165,0.0510101,0.050611,0.0503055,0.050082,0.0499304,0.0498424,0.0498105,0.0498288,0.0498918,0.0499949,0.0501343,0.0503065,0.0505084,0.0507376,0.0509917,0.0512687,0.0515668,0.0518845,0.0522203,0.052573,0.0529414,0.0533245,0.0537215,0.0541314,0.0545536,0.0549873,0.0554319,0.0558869,0.0563517,0.0568258,0.0573089,0.0578004,0.0583001,0.0588075,0.0593224,0.0598444,0.0603732,0.0609087,0.0614505,0.0619984,0.0625522,0.0631117,0.0636767,0.064247,0.0648225,0.0654029,0.0659882,0.0665782,0.0671728,0.0677718,0.0683751,0.0689825,0.0695941,0.0702096,0.070829,0.0714522,0.072079,0.0727094,0.0733434,0.0739807,0.0746214,0.0752654,0.0759125,0.0765628,0.0772161,0.0778724,0.0785316,0.0791937,0.0798586,0.0805263,0.0811966,0.0818696,0.0825452,0.0832233,0.0839039,0.0845869,0.0852724,0.0859602,0.0866503,0.0873427,0.0880373,0.088734
0.0974077,0.0927953,0.0883948,0.0842168,0.0802718,0.0765704,0.0731233,0.0699404,0.0670302,0.0643985,0.0620466,0.0599701,0.0581586,0.0565959,0.055262,0.0541345,0.0531905,0.0524083,0.0517677,0.0512507,0.0508417,0.0505269,0.0502947,0.0501351,0.0500396,0.0500009,0.0500127,0.0500698,0.0501674,0.0503016,0.0504689,0.0506663,0.0508913,0.0511414,0.0514146,0.0517092,0.0520235,0.0523561,0.0527058,0.0530714,0.0534518,0.0538462,0.0542536,0.0546735,0.0551049,0.0555474,0.0560003,0.0564632,0.0569354,0.0574167,0.0579065,0.0584045,0.0589103,0.0594236,0.0599441,0.0604715,0.0610056,0.061546,0.0620926,0.0626451,0.0632034,0.0637672,0.0643364,0.0649107,0.0654901,0.0660744,0.0666634,0.0672569,0.0678549,0.0684573,0.0690638,0.0696745,0.0702892,0.0709077,0.07153,0.0721561,0.0727857,0.0734188,0.0740554,0.0746954,0.0753386,0.075985,0.0766346,0.0772873,0.0779429,0.0786015,0.079263,0.0799272,0.0805943,0.081264,0.0819364,0.0826114,0.083289,0.083969,0.0846515,0.0853364,0.0860237,0.0867133,0.0874052,0.0880993,0.0887956
0.0977024,0.0930973,0.088704,0.0845328,0.0805942,0.0768986,0.0734561,0.0702763,0.0673672,0.0647344,0.0623788,0.0602962,0.0584764,0.0569038,0.0555588,0.0544197,0.053464,0.0526703,0.0520186,0.0514912,0.0510722,0.0507482,0.0505075,0.0503399,0.050237,0.0501914,0.0501969,0.0502479,0.05034,0.050469,0.0506315,0.0508244,0.0510451,0.0512912,0.0515607,0.0518518,0.0521627,0.0524922,0.0528388,0.0532016,0.0535793,0.0539711,0.0543761,0.0547936,0.0552228,0.0556632,0.056114,0.0565749,0.0570453,0.0575247,0.0580128,0.0585091,0.0590133,0.0595251,0.0600441,0.06057,0.0611027,0.0616418,0.0621871,0.0627383,0.0632954,0.063858,0.064426,0.0649992,0.0655775,0.0661607,0.0667487,0.0673412,0.0679383,0.0685397,0.0691453,0.0697551,0.0703689,0.0709866,0.0716081,0.0722333,0.0728621,0.0734945,0.0741303,0.0747696,0.0754121,0.0760578,0.0767067,0.0773586,0.0780136,0.0786716,0.0793324,0.079996,0.0806625,0.0813316,0.0820034,0.0826779,0.0833549,0.0840344,0.0847163,0.0854007,0.0860875,0.0867765,0.0874679,0.0881615,0.0888573
0.0979959,0.0933979,0.0890116,0.0848471,0.0809148,0.0772247,0.0737866,0.0706098,0.0677019,0.0650679,0.0627088,0.0606203,0.0587924,0.0572102,0.0558545,0.054704,0.0537368,0.0529318,0.0522692,0.0517314,0.0513027,0.0509695,0.0507202,0.0505448,0.0504345,0.0503821,0.0503811,0.0504263,0.0505128,0.0506367,0.0507943,0.0509827,0.0511992,0.0514413,0.051707,0.0519945,0.0523022,0.0526285,0.0529721,0.053332,0.053707,0.0540962,0.0544988,0.0549139,0.0553409,0.0557791,0.056228,0.0566869,0.0571554,0.057633,0.0581193,0.0586139,0.0591165,0.0596267,0.0601442,0.0606688,0.0612,0.0617377,0.0622817,0.0628317,0.0633875,0.063949,0.0645158,0.065088,0.0656652,0.0662473,0.0668342,0.0674258,0.0680219,0.0686223,0.069227,0.0698359,0.0704488,0.0710656,0.0716863,0.0723107,0.0729388,0.0735704,0.0742054,0.0748439,0.0754857,0.0761307,0.0767789,0.0774302,0.0780845,0.0787418,0.079402,0.080065,0.0807309,0.0813994,0.0820707,0.0827445,0.0834209,0.0840999,0.0847813,0.0854651,0.0861514,0.0868399,0.0875308,0.0882239,0.0889193
0.0982881,0.0936971,0.0893176,0.0851597,0.0812335,0.0775487,0.074115,0.0709411,0.0680342,0.0653992,0.0630366,0.0609424,0.0591068,0.0575152,0.056149,0.0549874,0.054009,0.0531928,0.0525195,0.0519714,0.051533,0.0511908,0.050933,0.0507497,0.0506321,0.0505728,0.0505655,0.0506048,0.0506858,0.0508045,0.0509574,0.0511412,0.0513535,0.0515916,0.0518536,0.0521375,0.0524418,0.0527649,0.0531056,0.0534626,0.0538349,0.0542216,0.0546217,0.0550345,0.0554592,0.0558953,0.0563421,0.056799,0.0572656,0.0577415,0.058226,0.058719,0.05922,0.0597286,0.0602446,0.0607677,0.0612975,0.0618339,0.0623766,0.0629253,0.0634799,0.0640402,0.0646059,0.0651769,0.065753,0.0663341,0.06692,0.0675105,0.0681056,0.0687051,0.0693089,0.0699169,0.0705289,0.0711449,0.0717647,0.0723883,0.0730156,0.0736464,0.0742807,0.0749185,0.0755595,0.0762039,0.0768514,0.077502,0.0781556,0.0788123,0.0794718,0.0801342,0.0807994,0.0814674,0.082138,0.0828113,0.0834872,0.0841656,0.0848464,0.0855298,0.0862155,0.0869035,0.0875939,0.0882865,0.0889813
0.0985791,0.093995,0.0896222,0.0854707,0.0815503,0.0778708,0.0744412,0.0712701,0.0683643,0.0657282,0.0633624,0.0612626,0.0594195,0.0578187,0.0564423,0.0552699,0.0542804,0.0534533,0.0527693,0.0522111,0.0517631,0.0514119,0.0511458,0.0509546,0.0508297,0.0507636,0.0507501,0.0507834,0.0508589,0.0509725,0.0511206,0.0512999,0.0515079,0.0517421,0.0520003,0.0522807,0.0525817,0.0529016,0.0532393,0.0535935,0.0539631,0.0543471,0.0547448,0.0551552,0.0555778,0.0560117,0.0564564,0.0569114,0.0573761,0.0578501,0.058333,0.0588243,0.0593236,0.0598307,0.0603452,0.0608668,0.0613953,0.0619303,0.0624717,0.0630191,0.0635725,0.0641315,0.0646961,0.065266,0.065841,0.066421,0.0670059,0.0675954,0.0681896,0.0687881,0.069391,0.0699981,0.0706092,0.0712244,0.0718434,0.0724661,0.0730926,0.0737227,0.0743562,0.0749932,0.0756336,0.0762772,0.076924,0.0775739,0.0782269,0.0788829,0.0795418,0.0802036,0.0808682,0.0815356,0.0822056,0.0828783,0.0835536,0.0842314,0.0849118,0.0855946,0.0862797,0.0869673,0.0876571,0.0883493,0.0890436
0.0988689,0.0942916,0.0899253,0.08578,0.0818654,0.0781909,0.0747654,0.0715969,0.0686921,0.066055,0.063686,0.0615809,0.0597305,0.0581209,0.0567345,0.0555514,0.0545511,0.0537132,0.0530188,0.0524506,0.0519931,0.051633,0.0513585,0.0511595,0.0510274,0.0509546,0.0509347,0.0509622,0.0510322,0.0511407,0.0512839,0.0514588,0.0516625,0.0518927,0.0521472,0.0524241,0.0527217,0.0530385,0.0533732,0.0537245,0.0540914,0.0544729,0.0548681,0.0552762,0.0556965,0.0561283,0.056571,0.057024,0.0574868,0.057959,0.0584401,0.0589297,0.0594275,0.059933,0.060446,0.0609662,0.0614932,0.0620269,0.0625669,0.0631131,0.0636653,0.0642231,0.0647865,0.0653553,0.0659292,0.0665082,0.067092,0.0676806,0.0682737,0.0688713,0.0694733,0.0700795,0.0706897,0.071304,0.0719222,0.0725441,0.0731698,0.0737991,0.0744319,0.0750681,0.0757078,0.0763507,0.0769968,0.077646,0.0782984,0.0789537,0.079612,0.0802732,0.0809371,0.0816039,0.0822734,0.0829455,0.0836202,0.0842975,0.0849773,0.0856595,0.0863442,0.0870312,0.0877206,0.0884122,0.0891061
0.0991575,0.0945868,0.090227,0.0860878,0.0821787,0.0785091,0.0750875,0.0719216,0.0690178,0.0663797,0.0640076,0.0618973,0.0600399,0.0584216,0.0570255,0.0558321,0.0548211,0.0539726,0.0532679,0.0526897,0.0522229,0.051854,0.0515712,0.0513645,0.0512251,0.0511456,0.0511194,0.051141,0.0512056,0.051309,0.0514474,0.0516178,0.0518174,0.0520436,0.0522943,0.0525677,0.052862,0.0531756,0.0535073,0.0538558,0.05422,0.0545989,0.0549916,0.0553974,0.0558154,0.0562451,0.0566857,0.0571367,0.0575977,0.0580681,0.0585474,0.0590354,0.0595315,0.0600355,0.060547,0.0610657,0.0615913,0.0621236,0.0626624,0.0632073,0.0637582,0.0643149,0.0648771,0.0654447,0.0660176,0.0665955,0.0671783,0.0677659,0.0683581,0.0689547,0.0695558,0.070161,0.0707704,0.0713838,0.0720012,0.0726223,0.0732472,0.0738757,0.0745077,0.0751433,0.0757821,0.0764243,0.0770698,0.0777183,0.07837,0.0790247,0.0796823,0.0803429,0.0810063,0.0816724,0.0823413,0.0830128,0.083687,0.0843637,0.085043,0.0857247,0.0864088,0.0870953,0.0877842,0.0884753,0.0891687
