CH4 dlam_drho [W/m_K/kg/m3] PelePhys
0.000196961,0.000162928,0.000155047,0.000149802,0.000145794,0.000142529,0.000139766,0.000137369,0.000135251,0.000133354,0.000131636,0.000130068,0.000128626,0.000127291,0.000126049,0.000124889,0.000123801,0.000122777,0.000121809,0.000120893,0.000120023,0.000119196,0.000118407,0.000117653,0.000116931,0.000116239,0.000115575,0.000114936,0.000114321,0.000113729,0.000113157,0.000112604,0.00011207,0.000111553,0.000111051,0.000110566,0.000110094,0.000109636,0.000109191,0.000108759,0.000108337,0.000107927,0.000107528,0.000107139,0.000106759,0.000106388,0.000106027,0.000105673,0.000105328,0.00010499,0.00010466,0.000104338,0.000104021,0.000103712,0.000103409,0.000103112,0.000102821,0.000102536,0.000102257,0.000101982,0.000101713,0.000101449,0.00010119,0.000100935,0.000100685,0.00010044,0.000100199,9.99617e-05,9.97287e-05,9.94997e-05,9.92744e-05,9.9053e-05,9.88351e-05,9.86207e-05,9.84098e-05,9.82023e-05,9.7998e-05,9.77969e-05,9.75989e-05,9.74039e-05,9.72119e-05,9.70228e-05,9.68364e-05,9.66529e-05,9.6472e-05,9.62937e-05,9.61181e-05,9.59449e-05,9.57742e-05,9.56059e-05,9.544e-05,9.52763e-05,9.5115e-05,9.49558e-05,9.47988e-05,9.4644e-05,9.44912e-05,9.43404e-05,9.41917e-05,9.40449e-05,9.39001e-05
0.000235415,0.000167275,0.000158225,0.000152543,0.000148297,0.000144877,0.000142005,0.000139525,0.000137342,0.000135393,0.000133632,0.000132027,0.000130553,0.000129191,0.000127926,0.000126744,0.000125637,0.000124595,0.000123612,0.000122681,0.000121798,0.000120958,0.000120158,0.000119393,0.000118662,0.000117961,0.000117288,0.000116641,0.000116019,0.000115419,0.00011484,0.000114281,0.00011374,0.000113217,0.00011271,0.000112219,0.000111742,0.000111279,0.000110829,0.000110392,0.000109966,0.000109552,0.000109148,0.000108755,0.000108371,0.000107997,0.000107631,0.000107274,0.000106925,0.000106584,0.000106251,0.000105925,0.000105605,0.000105293,0.000104987,0.000104687,0.000104393,0.000104105,0.000103822,0.000103545,0.000103274,0.000103007,0.000102745,0.000102488,0.000102235,0.000101987,0.000101744,0.000101504,0.000101269,0.000101037,0.00010081,0.000100586,0.000100366,0.000100149,9.99359e-05,9.97262e-05,9.95197e-05,9.93164e-05,9.91163e-05,9.89192e-05,9.87251e-05,9.85339e-05,9.83455e-05,9.81599e-05,9.7977e-05,9.77968e-05,9.76191e-05,9.7444e-05,9.72714e-05,9.71011e-05,9.69333e-05,9.67678e-05,9.66045e-05,9.64435e-05,9.62847e-05,9.6128e-05,9.59734e-05,9.58209e-05,9.56703e-05,9.55218e-05,9.53752e-05
0.000246873,0.000172133,0.00016149,0.000155302,0.000150793,0.000147209,0.000144223,0.000141659,0.00013941,0.000137408,0.000135604,0.000133962,0.000132457,0.000131067,0.000129778,0.000128575,0.000127448,0.00012639,0.000125391,0.000124446,0.000123551,0.000122699,0.000121887,0.000121113,0.000120372,0.000119662,0.00011898,0.000118326,0.000117696,0.000117089,0.000116503,0.000115938,0.000115391,0.000114862,0.00011435,0.000113853,0.000113372,0.000112904,0.00011245,0.000112008,0.000111578,0.000111159,0.000110751,0.000110354,0.000109967,0.000109588,0.000109219,0.000108859,0.000108507,0.000108162,0.000107826,0.000107496,0.000107174,0.000106858,0.000106549,0.000106247,0.00010595,0.000105659,0.000105374,0.000105094,0.00010482,0.00010455,0.000104286,0.000104026,0.000103771,0.000103521,0.000103275,0.000103033,0.000102795,0.000102561,0.000102332,0.000102106,0.000101883,0.000101664,0.000101449,0.000101237,0.000101029,0.000100823,0.000100621,0.000100422,0.000100226,0.000100033,9.98424e-05,9.96548e-05,9.947e-05,9.92879e-05,9.91083e-05,9.89314e-05,9.87569e-05,9.85848e-05,9.84151e-05,9.82478e-05,9.80828e-05,9.792e-05,9.77594e-05,9.76009e-05,9.74446e-05,9.72903e-05,9.71381e-05,9.69878e-05,9.68395e-05
0.000255682,0.000177824,0.000164867,0.000158083,0.000153286,0.000149527,0.000146422,0.00014377,0.000141454,0.000139399,0.00013755,0.000135872,0.000134335,0.000132919,0.000131606,0.000130382,0.000129237,0.000128161,0.000127148,0.000126189,0.000125281,0.000124417,0.000123595,0.000122811,0.00012206,0.000121342,0.000120653,0.00011999,0.000119353,0.000118739,0.000118148,0.000117576,0.000117024,0.000116489,0.000115972,0.00011547,0.000114983,0.000114511,0.000114052,0.000113606,0.000113172,0.000112749,0.000112338,0.000111937,0.000111545,0.000111164,0.000110791,0.000110427,0.000110072,0.000109724,0.000109385,0.000109052,0.000108727,0.000108409,0.000108097,0.000107791,0.000107492,0.000107198,0.00010691,0.000106628,0.000106351,0.000106079,0.000105813,0.000105551,0.000105293,0.000105041,0.000104792,0.000104548,0.000104308,0.000104072,0.00010384,0.000103612,0.000103388,0.000103167,0.00010295,0.000102736,0.000102525,0.000102318,0.000102114,0.000101913,0.000101715,0.000101519,0.000101327,0.000101138,0.000100951,0.000100767,0.000100586,0.000100407,0.000100231,0.000100057,9.98855e-05,9.97165e-05,9.95497e-05,9.93852e-05,9.92229e-05,9.90628e-05,9.89048e-05,9.87488e-05,9.85949e-05,9.8443e-05,9.82931e-05
0.000263187,0.000185018,0.000168389,0.000160894,0.000155777,0.000151831,0.000148601,0.000145859,0.000143475,0.000141365,0.000139472,0.000137757,0.000136189,0.000134746,0.00013341,0.000132165,0.000131002,0.00012991,0.000128881,0.00012791,0.000126989,0.000126114,0.000125282,0.000124488,0.000123728,0.000123001,0.000122304,0.000121635,0.000120991,0.000120371,0.000119772,0.000119195,0.000118637,0.000118097,0.000117575,0.000117068,0.000116577,0.0001161,0.000115637,0.000115187,0.000114749,0.000114322,0.000113907,0.000113502,0.000113108,0.000112723,0.000112347,0.00011198,0.000111621,0.000111271,0.000110928,0.000110593,0.000110265,0.000109944,0.000109629,0.000109321,0.000109019,0.000108723,0.000108433,0.000108148,0.000107869,0.000107595,0.000107325,0.000107061,0.000106802,0.000106547,0.000106296,0.00010605,0.000105808,0.00010557,0.000105336,0.000105106,0.000104879,0.000104656,0.000104437,0.000104221,0.000104009,0.0001038,0.000103594,0.000103391,0.000103191,0.000102994,0.0001028,0.000102609,0.00010242,0.000102235,0.000102052,0.000101871,0.000101693,0.000101518,0.000101345,0.000101174,0.000101005,0.000100839,0.000100675,0.000100514,0.000100354,0.000100196,0.000100041,9.98876e-05,9.97361e-05
0.00026988,0.00019501,0.000172103,0.000163744,0.000158268,0.000154121,0.00015076,0.000147926,0.000145471,0.000143307,0.00014137,0.000139618,0.000138019,0.000136549,0.000135189,0.000133925,0.000132744,0.000131636,0.000130593,0.000129608,0.000128675,0.00012779,0.000126947,0.000126143,0.000125376,0.000124641,0.000123936,0.000123259,0.000122609,0.000121982,0.000121378,0.000120795,0.000120232,0.000119687,0.00011916,0.000118649,0.000118153,0.000117672,0.000117205,0.00011675,0.000116309,0.000115879,0.00011546,0.000115052,0.000114654,0.000114266,0.000113887,0.000113517,0.000113155,0.000112802,0.000112456,0.000112118,0.000111788,0.000111464,0.000111147,0.000110836,0.000110532,0.000110233,0.000109941,0.000109654,0.000109372,0.000109096,0.000108824,0.000108558,0.000108296,0.000108039,0.000107787,0.000107538,0.000107294,0.000107054,0.000106819,0.000106586,0.000106358,0.000106133,0.000105912,0.000105695,0.00010548,0.000105269,0.000105061,0.000104857,0.000104655,0.000104457,0.000104261,0.000104068,0.000103878,0.000103691,0.000103506,0.000103324,0.000103144,0.000102967,0.000102792,0.00010262,0.00010245,0.000102282,0.000102117,0.000101954,0.000101792,0.000101633,0.000101476,0.000101321,0.000101168
0.000276008,0.000207863,0.00017607,0.000166642,0.000160764,0.0001564,0.000152901,0.00014997,0.000147444,0.000145224,0.000143243,0.000141454,0.000139824,0.000138328,0.000136946,0.000135661,0.000134462,0.000133338,0.000132281,0.000131284,0.000130339,0.000129443,0.000128591,0.000127778,0.000127002,0.000126259,0.000125547,0.000124864,0.000124207,0.000123575,0.000122965,0.000122377,0.000121808,0.000121259,0.000120727,0.000120211,0.000119711,0.000119226,0.000118755,0.000118297,0.000117852,0.000117418,0.000116996,0.000116585,0.000116184,0.000115792,0.00011541,0.000115038,0.000114673,0.000114317,0.000113969,0.000113629,0.000113295,0.000112969,0.00011265,0.000112337,0.00011203,0.000111729,0.000111434,0.000111145,0.000110861,0.000110583,0.000110309,0.000110041,0.000109777,0.000109518,0.000109264,0.000109014,0.000108768,0.000108526,0.000108288,0.000108054,0.000107824,0.000107598,0.000107375,0.000107155,0.000106939,0.000106727,0.000106517,0.000106311,0.000106108,0.000105907,0.00010571,0.000105515,0.000105324,0.000105135,0.000104949,0.000104765,0.000104584,0.000104405,0.000104229,0.000104055,0.000103883,0.000103714,0.000103547,0.000103383,0.00010322,0.00010306,0.000102901,0.000102745,0.00010259
0.000281714,0.00021963,0.000180373,0.000169601,0.000163266,0.000158668,0.000155024,0.000151993,0.000149394,0.000147117,0.000145091,0.000143265,0.000141605,0.000140083,0.000138678,0.000137374,0.000136157,0.000135018,0.000133947,0.000132937,0.000131982,0.000131075,0.000130213,0.000129392,0.000128608,0.000127858,0.000127139,0.000126449,0.000125786,0.000125148,0.000124533,0.000123939,0.000123366,0.000122812,0.000122275,0.000121756,0.000121252,0.000120763,0.000120288,0.000119826,0.000119378,0.000118941,0.000118516,0.000118101,0.000117697,0.000117303,0.000116918,0.000116543,0.000116176,0.000115817,0.000115467,0.000115124,0.000114788,0.000114459,0.000114138,0.000113822,0.000113513,0.000113211,0.000112914,0.000112622,0.000112337,0.000112056,0.000111781,0.000111511,0.000111245,0.000110984,0.000110728,0.000110476,0.000110228,0.000109984,0.000109745,0.000109509,0.000109277,0.000109049,0.000108825,0.000108604,0.000108386,0.000108172,0.000107961,0.000107753,0.000107548,0.000107346,0.000107147,0.000106951,0.000106758,0.000106567,0.00010638,0.000106195,0.000106012,0.000105832,0.000105654,0.000105479,0.000105306,0.000105135,0.000104967,0.000104801,0.000104637,0.000104475,0.000104315,0.000104157,0.000104002
0.000287089,0.000229158,0.000185118,0.000172636,0.00016578,0.000160926,0.000157128,0.000153994,0.00015132,0.000148986,0.000146914,0.000145052,0.000143361,0.000141813,0.000140386,0.000139063,0.000137829,0.000136675,0.000135591,0.000134569,0.000133602,0.000132686,0.000131815,0.000130985,0.000130193,0.000129436,0.000128711,0.000128014,0.000127345,0.000126702,0.000126081,0.000125483,0.000124905,0.000124347,0.000123806,0.000123282,0.000122775,0.000122282,0.000121804,0.000121339,0.000120887,0.000120447,0.000120019,0.000119601,0.000119195,0.000118798,0.000118411,0.000118032,0.000117663,0.000117302,0.000116949,0.000116604,0.000116266,0.000115935,0.000115611,0.000115294,0.000114983,0.000114678,0.000114379,0.000114086,0.000113798,0.000113516,0.000113239,0.000112966,0.000112699,0.000112436,0.000112178,0.000111925,0.000111675,0.00011143,0.000111189,0.000110952,0.000110718,0.000110488,0.000110262,0.00011004,0.00010982,0.000109605,0.000109392,0.000109183,0.000108976,0.000108773,0.000108573,0.000108375,0.000108181,0.000107989,0.000107799,0.000107613,0.000107429,0.000107247,0.000107068,0.000106892,0.000106717,0.000106546,0.000106376,0.000106208,0.000106043,0.00010588,0.000105719,0.00010556,0.000105403
0.000292195,0.000237174,0.000190414,0.000175764,0.000168309,0.000163176,0.000159216,0.000155974,0.000153223,0.000150831,0.000148714,0.000146815,0.000145093,0.00014352,0.000142071,0.000140728,0.000139479,0.00013831,0.000137212,0.000136178,0.000135201,0.000134275,0.000133396,0.000132558,0.000131759,0.000130994,0.000130262,0.00012956,0.000128886,0.000128237,0.000127612,0.000127009,0.000126426,0.000125864,0.000125319,0.000124792,0.00012428,0.000123784,0.000123303,0.000122835,0.00012238,0.000121937,0.000121506,0.000121086,0.000120676,0.000120277,0.000119887,0.000119506,0.000119135,0.000118771,0.000118416,0.000118069,0.000117729,0.000117396,0.00011707,0.000116751,0.000116438,0.000116131,0.00011583,0.000115535,0.000115246,0.000114962,0.000114683,0.000114409,0.00011414,0.000113876,0.000113616,0.000113361,0.00011311,0.000112863,0.00011262,0.000112381,0.000112146,0.000111915,0.000111687,0.000111463,0.000111243,0.000111025,0.000110811,0.000110601,0.000110393,0.000110188,0.000109986,0.000109788,0.000109592,0.000109398,0.000109208,0.00010902,0.000108835,0.000108652,0.000108472,0.000108294,0.000108118,0.000107945,0.000107774,0.000107605,0.000107439,0.000107274,0.000107112,0.000106951,0.000106793
0.000297078,0.00024421,0.000196312,0.000179007,0.000170858,0.00016542,0.000161286,0.000157932,0.000155102,0.000152651,0.000150488,0.000148553,0.000146801,0.000145202,0.000143731,0.000142371,0.000141105,0.000139922,0.000138811,0.000137766,0.000136779,0.000135844,0.000134955,0.00013411,0.000133304,0.000132533,0.000131795,0.000131087,0.000130407,0.000129753,0.000129123,0.000128516,0.000127929,0.000127363,0.000126814,0.000126283,0.000125769,0.000125269,0.000124785,0.000124314,0.000123856,0.00012341,0.000122976,0.000122554,0.000122142,0.00012174,0.000121348,0.000120965,0.000120591,0.000120226,0.000119869,0.000119519,0.000119177,0.000118842,0.000118515,0.000118193,0.000117879,0.00011757,0.000117268,0.000116971,0.00011668,0.000116394,0.000116114,0.000115838,0.000115568,0.000115302,0.00011504,0.000114784,0.000114531,0.000114283,0.000114039,0.000113798,0.000113562,0.000113329,0.0001131,0.000112875,0.000112653,0.000112434,0.000112219,0.000112007,0.000111798,0.000111592,0.000111389,0.000111189,0.000110991,0.000110797,0.000110605,0.000110416,0.000110229,0.000110045,0.000109864,0.000109685,0.000109508,0.000109333,0.000109161,0.000108991,0.000108824,0.000108658,0.000108494,0.000108333,0.000108173
0.000301771,0.000250568,0.000202704,0.000182386,0.000173434,0.00016766,0.000163342,0.00015987,0.000156959,0.000154448,0.000152239,0.000150266,0.000148485,0.000146861,0.000145369,0.00014399,0.000142708,0.000141511,0.000140388,0.000139332,0.000138335,0.000137391,0.000136495,0.000135642,0.000134828,0.000134051,0.000133307,0.000132594,0.000131909,0.00013125,0.000130616,0.000130005,0.000129414,0.000128844,0.000128292,0.000127758,0.00012724,0.000126737,0.00012625,0.000125776,0.000125315,0.000124867,0.000124431,0.000124006,0.000123592,0.000123188,0.000122794,0.000122409,0.000122033,0.000121665,0.000121306,0.000120955,0.000120611,0.000120274,0.000119945,0.000119622,0.000119306,0.000118995,0.000118691,0.000118393,0.0001181,0.000117813,0.000117531,0.000117254,0.000116982,0.000116715,0.000116452,0.000116194,0.00011594,0.00011569,0.000115445,0.000115203,0.000114965,0.000114731,0.000114501,0.000114274,0.000114051,0.000113831,0.000113615,0.000113401,0.000113191,0.000112984,0.000112779,0.000112578,0.00011238,0.000112184,0.000111991,0.000111801,0.000111613,0.000111428,0.000111245,0.000111065,0.000110887,0.000110711,0.000110538,0.000110367,0.000110198,0.000110031,0.000109867,0.000109704,0.000109543
0.0003063,0.000256429,0.000209303,0.000185926,0.000176043,0.000169897,0.000165382,0.000161788,0.000158793,0.000156221,0.000153965,0.000151956,0.000150144,0.000148495,0.000146983,0.000145586,0.000144288,0.000143078,0.000141943,0.000140877,0.00013987,0.000138917,0.000138013,0.000137153,0.000136333,0.00013555,0.0001348,0.000134082,0.000133392,0.000132729,0.000132091,0.000131475,0.000130881,0.000130307,0.000129752,0.000129215,0.000128694,0.000128189,0.000127698,0.000127222,0.000126759,0.000126308,0.00012587,0.000125442,0.000125026,0.00012462,0.000124224,0.000123837,0.000123459,0.00012309,0.000122729,0.000122376,0.00012203,0.000121692,0.000121361,0.000121036,0.000120718,0.000120407,0.000120101,0.000119801,0.000119507,0.000119219,0.000118935,0.000118657,0.000118383,0.000118115,0.000117851,0.000117591,0.000117336,0.000117085,0.000116838,0.000116595,0.000116356,0.000116121,0.00011589,0.000115662,0.000115437,0.000115216,0.000114998,0.000114784,0.000114572,0.000114364,0.000114159,0.000113956,0.000113757,0.00011356,0.000113366,0.000113174,0.000112986,0.000112799,0.000112615,0.000112434,0.000112255,0.000112078,0.000111904,0.000111732,0.000111562,0.000111394,0.000111229,0.000111065,0.000110903
0.000310687,0.000261908,0.0002158,0.000189645,0.000178693,0.000172136,0.000167409,0.000163687,0.000160605,0.00015797,0.000155667,0.000153621,0.00015178,0.000150106,0.000148573,0.000147159,0.000145846,0.000144623,0.000143477,0.000142399,0.000141383,0.000140422,0.000139511,0.000138644,0.000137818,0.000137029,0.000136274,0.000135551,0.000134857,0.00013419,0.000133547,0.000132928,0.00013233,0.000131753,0.000131195,0.000130655,0.000130131,0.000129623,0.00012913,0.000128651,0.000128186,0.000127733,0.000127292,0.000126863,0.000126445,0.000126037,0.000125639,0.00012525,0.00012487,0.0001245,0.000124137,0.000123782,0.000123435,0.000123095,0.000122763,0.000122437,0.000122117,0.000121804,0.000121497,0.000121196,0.000120901,0.000120611,0.000120326,0.000120046,0.000119772,0.000119502,0.000119237,0.000118976,0.000118719,0.000118467,0.000118219,0.000117975,0.000117735,0.000117499,0.000117266,0.000117037,0.000116812,0.00011659,0.000116371,0.000116155,0.000115943,0.000115733,0.000115527,0.000115323,0.000115123,0.000114925,0.00011473,0.000114537,0.000114347,0.00011416,0.000113975,0.000113793,0.000113613,0.000113435,0.00011326,0.000113087,0.000112916,0.000112747,0.00011258,0.000112416,0.000112253
0.000314946,0.000267082,0.000222014,0.000193554,0.000181391,0.000174377,0.000169423,0.000165566,0.000162395,0.000159696,0.000157346,0.000155262,0.000153392,0.000151694,0.00015014,0.000148709,0.000147382,0.000146145,0.000144988,0.000143901,0.000142876,0.000141907,0.000140988,0.000140115,0.000139283,0.000138489,0.000137729,0.000137001,0.000136303,0.000135631,0.000134985,0.000134363,0.000133762,0.000133182,0.00013262,0.000132077,0.000131551,0.000131041,0.000130546,0.000130065,0.000129597,0.000129142,0.0001287,0.000128268,0.000127848,0.000127438,0.000127039,0.000126648,0.000126267,0.000125895,0.00012553,0.000125174,0.000124826,0.000124485,0.00012415,0.000123823,0.000123503,0.000123188,0.00012288,0.000122578,0.000122281,0.00012199,0.000121704,0.000121423,0.000121147,0.000120876,0.00012061,0.000120348,0.00012009,0.000119837,0.000119588,0.000119343,0.000119102,0.000118865,0.000118631,0.000118401,0.000118174,0.000117951,0.000117731,0.000117515,0.000117301,0.000117091,0.000116883,0.000116679,0.000116477,0.000116278,0.000116082,0.000115889,0.000115698,0.00011551,0.000115324,0.000115141,0.00011496,0.000114781,0.000114605,0.000114431,0.000114259,0.000114089,0.000113922,0.000113756,0.000113593
0.000319093,0.000272006,0.000227889,0.000197646,0.000184145,0.000176626,0.000171426,0.000167427,0.000164163,0.000161399,0.000159001,0.00015688,0.00015498,0.000153258,0.000151684,0.000150236,0.000148894,0.000147645,0.000146477,0.000145381,0.000144348,0.000143371,0.000142445,0.000141566,0.000140728,0.000139929,0.000139165,0.000138432,0.00013773,0.000137055,0.000136405,0.00013578,0.000135176,0.000134593,0.000134029,0.000133483,0.000132955,0.000132442,0.000131945,0.000131462,0.000130992,0.000130535,0.000130091,0.000129658,0.000129236,0.000128825,0.000128423,0.000128032,0.000127649,0.000127275,0.000126909,0.000126552,0.000126202,0.00012586,0.000125524,0.000125196,0.000124874,0.000124558,0.000124249,0.000123946,0.000123648,0.000123355,0.000123068,0.000122787,0.00012251,0.000122238,0.00012197,0.000121707,0.000121449,0.000121195,0.000120945,0.000120699,0.000120457,0.000120218,0.000119984,0.000119753,0.000119525,0.000119301,0.00011908,0.000118863,0.000118648,0.000118437,0.000118229,0.000118023,0.000117821,0.000117621,0.000117424,0.00011723,0.000117038,0.000116849,0.000116662,0.000116478,0.000116296,0.000116117,0.00011594,0.000115765,0.000115592,0.000115421,0.000115253,0.000115087,0.000114922
0.000323138,0.000276721,0.000233438,0.000201893,0.000186963,0.000178885,0.00017342,0.00016927,0.00016591,0.00016308,0.000160632,0.000158474,0.000156544,0.000154799,0.000153205,0.000151741,0.000150385,0.000149124,0.000147946,0.00014684,0.000145798,0.000144815,0.000143882,0.000142997,0.000142154,0.00014135,0.000140581,0.000139845,0.000139139,0.00013846,0.000137808,0.000137179,0.000136572,0.000135986,0.00013542,0.000134872,0.000134341,0.000133827,0.000133327,0.000132842,0.000132371,0.000131913,0.000131467,0.000131032,0.000130609,0.000130196,0.000129793,0.0001294,0.000129016,0.000128641,0.000128274,0.000127915,0.000127564,0.000127221,0.000126884,0.000126555,0.000126232,0.000125915,0.000125605,0.0001253,0.000125001,0.000124708,0.00012442,0.000124137,0.00012386,0.000123587,0.000123318,0.000123054,0.000122795,0.00012254,0.000122289,0.000122042,0.000121799,0.00012156,0.000121325,0.000121093,0.000120864,0.000120639,0.000120418,0.000120199,0.000119984,0.000119772,0.000119563,0.000119357,0.000119153,0.000118953,0.000118755,0.00011856,0.000118367,0.000118177,0.00011799,0.000117805,0.000117622,0.000117442,0.000117264,0.000117088,0.000116915,0.000116743,0.000116574,0.000116407,0.000116242
0.00032709,0.000281257,0.000238694,0.00020625,0.000189852,0.000181157,0.000175406,0.000171096,0.000167636,0.000164737,0.00016224,0.000160045,0.000158085,0.000156316,0.000154704,0.000153223,0.000151854,0.000150581,0.000149392,0.000148278,0.000147228,0.000146238,0.000145299,0.000144409,0.000143561,0.000142752,0.000141979,0.000141239,0.000140529,0.000139848,0.000139192,0.00013856,0.000137951,0.000137363,0.000136795,0.000136245,0.000135712,0.000135195,0.000134694,0.000134207,0.000133735,0.000133275,0.000132827,0.000132391,0.000131966,0.000131552,0.000131148,0.000130754,0.000130369,0.000129992,0.000129624,0.000129265,0.000128913,0.000128568,0.000128231,0.0001279,0.000127576,0.000127259,0.000126947,0.000126642,0.000126342,0.000126048,0.000125759,0.000125475,0.000125197,0.000124923,0.000124654,0.000124389,0.000124129,0.000123873,0.000123621,0.000123374,0.00012313,0.00012289,0.000122654,0.000122421,0.000122192,0.000121966,0.000121744,0.000121525,0.000121309,0.000121096,0.000120886,0.000120679,0.000120475,0.000120274,0.000120075,0.000119879,0.000119686,0.000119495,0.000119307,0.000119121,0.000118938,0.000118757,0.000118578,0.000118402,0.000118227,0.000118055,0.000117885,0.000117718,0.000117552
0.000330958,0.00028564,0.000243696,0.000210661,0.000192815,0.000183447,0.000177386,0.000172907,0.000169342,0.000166373,0.000163825,0.000161592,0.000159603,0.000157811,0.000156179,0.000154682,0.0001533,0.000152016,0.000150818,0.000149695,0.000148638,0.000147641,0.000146697,0.000145801,0.000144948,0.000144135,0.000143358,0.000142615,0.000141902,0.000141217,0.000140559,0.000139925,0.000139313,0.000138723,0.000138152,0.0001376,0.000137066,0.000136547,0.000136045,0.000135557,0.000135082,0.000134621,0.000134172,0.000133735,0.000133309,0.000132894,0.000132488,0.000132093,0.000131707,0.000131329,0.000130961,0.0001306,0.000130247,0.000129901,0.000129563,0.000129232,0.000128907,0.000128589,0.000128276,0.00012797,0.00012767,0.000127375,0.000127085,0.000126801,0.000126521,0.000126247,0.000125977,0.000125712,0.000125451,0.000125194,0.000124942,0.000124693,0.000124449,0.000124208,0.000123971,0.000123738,0.000123508,0.000123282,0.000123059,0.000122839,0.000122622,0.000122408,0.000122198,0.00012199,0.000121785,0.000121584,0.000121384,0.000121188,0.000120994,0.000120802,0.000120614,0.000120427,0.000120243,0.000120062,0.000119882,0.000119705,0.00011953,0.000119357,0.000119187,0.000119018,0.000118852
0.000334749,0.000289887,0.000248478,0.000215074,0.000195853,0.000185759,0.000179363,0.000174704,0.000171029,0.000167987,0.000165388,0.000163116,0.000161098,0.000159283,0.000157632,0.00015612,0.000154725,0.00015343,0.000152222,0.000151091,0.000150027,0.000149024,0.000148074,0.000147173,0.000146316,0.000145499,0.000144719,0.000143972,0.000143256,0.000142569,0.000141908,0.000141272,0.000140658,0.000140066,0.000139493,0.00013894,0.000138403,0.000137884,0.000137379,0.00013689,0.000136414,0.000135952,0.000135502,0.000135064,0.000134637,0.00013422,0.000133814,0.000133418,0.000133031,0.000132652,0.000132283,0.000131921,0.000131567,0.000131221,0.000130882,0.00013055,0.000130224,0.000129905,0.000129593,0.000129286,0.000128984,0.000128689,0.000128399,0.000128113,0.000127833,0.000127558,0.000127288,0.000127022,0.00012676,0.000126503,0.00012625,0.000126001,0.000125756,0.000125515,0.000125277,0.000125043,0.000124813,0.000124586,0.000124362,0.000124142,0.000123924,0.00012371,0.000123499,0.000123291,0.000123085,0.000122883,0.000122683,0.000122486,0.000122291,0.000122099,0.00012191,0.000121723,0.000121538,0.000121356,0.000121176,0.000120998,0.000120823,0.000120649,0.000120478,0.000120309,0.000120142
0.000338469,0.000294014,0.000253069,0.000219448,0.000198965,0.000188095,0.000181337,0.000176487,0.000172698,0.00016958,0.000166928,0.000164618,0.000162571,0.000160732,0.000159063,0.000157536,0.000156128,0.000154822,0.000153605,0.000152466,0.000151396,0.000150386,0.000149432,0.000148526,0.000147665,0.000146845,0.000146061,0.000145311,0.000144593,0.000143903,0.00014324,0.000142601,0.000141986,0.000141392,0.000140818,0.000140262,0.000139725,0.000139204,0.000138698,0.000138208,0.000137731,0.000137267,0.000136816,0.000136377,0.000135949,0.000135532,0.000135125,0.000134728,0.00013434,0.000133961,0.000133591,0.000133229,0.000132874,0.000132527,0.000132188,0.000131855,0.000131529,0.000131209,0.000130896,0.000130588,0.000130286,0.00012999,0.000129699,0.000129414,0.000129133,0.000128857,0.000128586,0.00012832,0.000128058,0.0001278,0.000127546,0.000127297,0.000127051,0.000126809,0.000126571,0.000126337,0.000126106,0.000125878,0.000125654,0.000125433,0.000125215,0.000125001,0.000124789,0.00012458,0.000124374,0.000124171,0.000123971,0.000123773,0.000123578,0.000123386,0.000123196,0.000123008,0.000122823,0.00012264,0.00012246,0.000122281,0.000122105,0.000121931,0.000121759,0.00012159,0.000121422
0.000342123,0.000298034,0.000257493,0.000223756,0.000202143,0.000190461,0.000183313,0.000178258,0.000174348,0.000171153,0.000168447,0.000166098,0.000164021,0.000162159,0.000160472,0.000158929,0.000157509,0.000156193,0.000154968,0.000153821,0.000152745,0.00015173,0.00015077,0.00014986,0.000148995,0.000148171,0.000147385,0.000146632,0.000145911,0.000145219,0.000144554,0.000143914,0.000143297,0.000142701,0.000142126,0.000141569,0.00014103,0.000140508,0.000140002,0.00013951,0.000139032,0.000138568,0.000138116,0.000137676,0.000137247,0.000136829,0.000136422,0.000136024,0.000135636,0.000135256,0.000134885,0.000134522,0.000134167,0.00013382,0.00013348,0.000133146,0.00013282,0.0001325,0.000132186,0.000131878,0.000131575,0.000131279,0.000130988,0.000130701,0.00013042,0.000130144,0.000129873,0.000129606,0.000129343,0.000129085,0.000128831,0.000128581,0.000128335,0.000128093,0.000127854,0.000127619,0.000127388,0.00012716,0.000126935,0.000126714,0.000126496,0.00012628,0.000126068,0.000125859,0.000125653,0.000125449,0.000125248,0.00012505,0.000124855,0.000124662,0.000124471,0.000124283,0.000124098,0.000123914,0.000123733,0.000123554,0.000123378,0.000123203,0.000123031,0.000122861,0.000122693
0.000345715,0.000301957,0.000261772,0.000227982,0.000205379,0.000192858,0.000185291,0.000180019,0.000175982,0.000172706,0.000169944,0.000167555,0.000165449,0.000163564,0.000161859,0.000160302,0.000158869,0.000157544,0.00015631,0.000155156,0.000154073,0.000153053,0.000152089,0.000151175,0.000150307,0.00014948,0.00014869,0.000147935,0.000147212,0.000146518,0.000145851,0.000145209,0.000144591,0.000143994,0.000143417,0.000142859,0.00014232,0.000141797,0.000141289,0.000140797,0.000140318,0.000139853,0.000139401,0.00013896,0.000138531,0.000138112,0.000137704,0.000137306,0.000136917,0.000136537,0.000136165,0.000135802,0.000135447,0.000135099,0.000134758,0.000134425,0.000134098,0.000133777,0.000133463,0.000133155,0.000132852,0.000132555,0.000132263,0.000131977,0.000131696,0.000131419,0.000131147,0.00013088,0.000130617,0.000130358,0.000130104,0.000129854,0.000129607,0.000129365,0.000129126,0.00012889,0.000128659,0.00012843,0.000128205,0.000127984,0.000127765,0.000127549,0.000127337,0.000127127,0.00012692,0.000126717,0.000126515,0.000126317,0.000126121,0.000125927,0.000125737,0.000125548,0.000125362,0.000125178,0.000124997,0.000124818,0.000124641,0.000124466,0.000124293,0.000124122,0.000123954
0.00034925,0.000305793,0.000265922,0.000232117,0.000208658,0.00019529,0.000187276,0.00018177,0.000177599,0.000174239,0.000171421,0.000168991,0.000166854,0.000164947,0.000163224,0.000161652,0.000160208,0.000158873,0.000157631,0.000156471,0.000155382,0.000154357,0.000153389,0.000152471,0.0001516,0.00015077,0.000149978,0.000149221,0.000148496,0.0001478,0.000147131,0.000146488,0.000145868,0.00014527,0.000144693,0.000144134,0.000143593,0.000143069,0.000142561,0.000142068,0.000141589,0.000141124,0.00014067,0.000140229,0.0001398,0.000139381,0.000138972,0.000138574,0.000138184,0.000137804,0.000137432,0.000137069,0.000136713,0.000136365,0.000136024,0.00013569,0.000135363,0.000135042,0.000134727,0.000134419,0.000134116,0.000133819,0.000133527,0.00013324,0.000132958,0.000132682,0.000132409,0.000132142,0.000131879,0.00013162,0.000131365,0.000131115,0.000130868,0.000130625,0.000130386,0.00013015,0.000129918,0.00012969,0.000129464,0.000129242,0.000129023,0.000128807,0.000128595,0.000128385,0.000128178,0.000127973,0.000127772,0.000127573,0.000127377,0.000127183,0.000126992,0.000126803,0.000126616,0.000126432,0.00012625,0.000126071,0.000125894,0.000125718,0.000125545,0.000125374,0.000125205
0.000352732,0.000309549,0.000269956,0.000236159,0.000211968,0.000197756,0.000189268,0.000183515,0.000179202,0.000175754,0.000172877,0.000170406,0.000168239,0.000166308,0.000164567,0.000162982,0.000161527,0.000160182,0.000158932,0.000157766,0.000156672,0.000155642,0.00015467,0.000153749,0.000152874,0.000152042,0.000151248,0.000150489,0.000149762,0.000149065,0.000148395,0.00014775,0.000147129,0.00014653,0.000145952,0.000145393,0.000144851,0.000144327,0.000143818,0.000143325,0.000142845,0.000142379,0.000141926,0.000141484,0.000141054,0.000140635,0.000140226,0.000139827,0.000139438,0.000139057,0.000138685,0.000138322,0.000137966,0.000137617,0.000137276,0.000136942,0.000136615,0.000136294,0.000135979,0.00013567,0.000135367,0.00013507,0.000134778,0.000134491,0.000134209,0.000133932,0.00013366,0.000133392,0.000133129,0.00013287,0.000132615,0.000132364,0.000132117,0.000131874,0.000131635,0.000131399,0.000131167,0.000130938,0.000130712,0.00013049,0.000130271,0.000130055,0.000129842,0.000129632,0.000129424,0.00012922,0.000129018,0.000128819,0.000128622,0.000128428,0.000128237,0.000128048,0.000127861,0.000127676,0.000127494,0.000127314,0.000127137,0.000126961,0.000126788,0.000126616,0.000126447
0.000356163,0.000313231,0.000273886,0.000240112,0.000215296,0.000200258,0.000191272,0.000185254,0.000180792,0.000177251,0.000174313,0.0001718,0.000169602,0.000167648,0.00016589,0.00016429,0.000162824,0.00016147,0.000160214,0.000159041,0.000157941,0.000156907,0.000155931,0.000155007,0.00015413,0.000153296,0.0001525,0.000151739,0.000151011,0.000150312,0.000149641,0.000148996,0.000148374,0.000147774,0.000147195,0.000146635,0.000146094,0.000145569,0.00014506,0.000144566,0.000144086,0.00014362,0.000143166,0.000142725,0.000142295,0.000141875,0.000141466,0.000141067,0.000140678,0.000140297,0.000139925,0.000139561,0.000139205,0.000138857,0.000138516,0.000138182,0.000137854,0.000137533,0.000137218,0.000136909,0.000136606,0.000136309,0.000136017,0.00013573,0.000135448,0.000135171,0.000134899,0.000134631,0.000134367,0.000134108,0.000133853,0.000133602,0.000133355,0.000133112,0.000132873,0.000132637,0.000132404,0.000132175,0.00013195,0.000131727,0.000131508,0.000131292,0.000131078,0.000130868,0.00013066,0.000130456,0.000130254,0.000130054,0.000129858,0.000129663,0.000129472,0.000129282,0.000129095,0.000128911,0.000128728,0.000128548,0.00012837,0.000128194,0.000128021,0.000127849,0.000127679
0.000359547,0.000316846,0.000277723,0.000243977,0.000218628,0.000202795,0.000193289,0.000186989,0.000182368,0.000178731,0.00017573,0.000173173,0.000170944,0.000168968,0.000167191,0.000165578,0.000164101,0.000162739,0.000161475,0.000160296,0.000159192,0.000158154,0.000157175,0.000156248,0.000155368,0.000154532,0.000153734,0.000152972,0.000152242,0.000151543,0.000150871,0.000150225,0.000149602,0.000149002,0.000148423,0.000147863,0.00014732,0.000146795,0.000146286,0.000145792,0.000145312,0.000144846,0.000144392,0.000143951,0.000143521,0.000143101,0.000142692,0.000142293,0.000141904,0.000141523,0.000141151,0.000140787,0.000140432,0.000140083,0.000139742,0.000139408,0.000139081,0.00013876,0.000138445,0.000138136,0.000137833,0.000137536,0.000137244,0.000136957,0.000136675,0.000136398,0.000136125,0.000135858,0.000135594,0.000135335,0.00013508,0.000134829,0.000134582,0.000134339,0.000134099,0.000133863,0.000133631,0.000133402,0.000133176,0.000132953,0.000132734,0.000132518,0.000132304,0.000132094,0.000131886,0.000131681,0.000131479,0.00013128,0.000131083,0.000130888,0.000130697,0.000130507,0.00013032,0.000130135,0.000129953,0.000129772,0.000129594,0.000129418,0.000129244,0.000129072,0.000128902
0.000362887,0.000320398,0.000281475,0.00024776,0.000221955,0.000205364,0.00019532,0.000188723,0.000183934,0.000180195,0.000177128,0.000174527,0.000172266,0.000170266,0.000168472,0.000166846,0.000165358,0.000163987,0.000162716,0.000161532,0.000160423,0.000159382,0.000158399,0.00015747,0.000156588,0.00015575,0.000154951,0.000154188,0.000153457,0.000152757,0.000152084,0.000151438,0.000150815,0.000150214,0.000149635,0.000149074,0.000148532,0.000148007,0.000147498,0.000147004,0.000146524,0.000146058,0.000145604,0.000145163,0.000144733,0.000144313,0.000143905,0.000143506,0.000143116,0.000142736,0.000142364,0.000142001,0.000141645,0.000141297,0.000140956,0.000140622,0.000140295,0.000139974,0.000139659,0.000139351,0.000139048,0.00013875,0.000138458,0.000138172,0.00013789,0.000137613,0.000137341,0.000137073,0.00013681,0.000136551,0.000136296,0.000136045,0.000135798,0.000135555,0.000135315,0.000135079,0.000134847,0.000134617,0.000134392,0.000134169,0.00013395,0.000133733,0.00013352,0.000133309,0.000133102,0.000132897,0.000132695,0.000132495,0.000132298,0.000132104,0.000131912,0.000131722,0.000131535,0.00013135,0.000131167,0.000130987,0.000130808,0.000130632,0.000130458,0.000130286,0.000130116
0.000366184,0.000323892,0.00028515,0.000251466,0.000225268,0.000207962,0.000197369,0.000190457,0.00018549,0.000181644,0.000178509,0.000175861,0.000173568,0.000171544,0.000169733,0.000168093,0.000166595,0.000165215,0.000163938,0.000162749,0.000161636,0.000160591,0.000159606,0.000158674,0.000157791,0.000156951,0.00015615,0.000155386,0.000154655,0.000153954,0.000153281,0.000152634,0.000152011,0.000151411,0.000150831,0.00015027,0.000149728,0.000149203,0.000148694,0.0001482,0.000147721,0.000147255,0.000146801,0.00014636,0.00014593,0.000145512,0.000145103,0.000144705,0.000144315,0.000143935,0.000143564,0.0001432,0.000142845,0.000142497,0.000142157,0.000141823,0.000141496,0.000141175,0.000140861,0.000140553,0.00014025,0.000139953,0.000139661,0.000139375,0.000139093,0.000138816,0.000138544,0.000138277,0.000138013,0.000137755,0.0001375,0.000137249,0.000137002,0.000136759,0.00013652,0.000136284,0.000136051,0.000135822,0.000135597,0.000135374,0.000135155,0.000134938,0.000134725,0.000134515,0.000134307,0.000134102,0.0001339,0.0001337,0.000133503,0.000133309,0.000133117,0.000132927,0.00013274,0.000132555,0.000132372,0.000132191,0.000132013,0.000131837,0.000131663,0.00013149,0.00013132
0.000369441,0.000327332,0.000288753,0.000255099,0.000228561,0.000210587,0.000199436,0.000192194,0.000187038,0.000183079,0.000179873,0.000177177,0.000174851,0.000172803,0.000170974,0.00016932,0.000167812,0.000166424,0.000165141,0.000163946,0.00016283,0.000161782,0.000160794,0.00015986,0.000158975,0.000158134,0.000157333,0.000156568,0.000155836,0.000155135,0.000154462,0.000153815,0.000153192,0.000152591,0.000152011,0.000151451,0.000150909,0.000150385,0.000149876,0.000149382,0.000148903,0.000148438,0.000147985,0.000147544,0.000147115,0.000146696,0.000146288,0.00014589,0.000145501,0.000145121,0.00014475,0.000144387,0.000144032,0.000143685,0.000143345,0.000143011,0.000142685,0.000142365,0.000142051,0.000141743,0.00014144,0.000141143,0.000140852,0.000140566,0.000140284,0.000140008,0.000139736,0.000139469,0.000139206,0.000138947,0.000138693,0.000138442,0.000138196,0.000137953,0.000137713,0.000137478,0.000137246,0.000137017,0.000136791,0.000136569,0.000136349,0.000136133,0.00013592,0.00013571,0.000135502,0.000135297,0.000135095,0.000134895,0.000134698,0.000134504,0.000134312,0.000134122,0.000133935,0.00013375,0.000133567,0.000133387,0.000133208,0.000133032,0.000132858,0.000132685,0.000132515
0.000372659,0.00033072,0.00029229,0.000258664,0.000231829,0.000213234,0.000201523,0.000193934,0.000188579,0.000184502,0.00018122,0.000178475,0.000176114,0.000174042,0.000172195,0.000170528,0.000169009,0.000167614,0.000166324,0.000165125,0.000164005,0.000162954,0.000161964,0.000161029,0.000160142,0.0001593,0.000158498,0.000157733,0.000157001,0.000156299,0.000155626,0.000154979,0.000154357,0.000153756,0.000153177,0.000152617,0.000152076,0.000151551,0.000151043,0.00015055,0.000150071,0.000149606,0.000149154,0.000148714,0.000148285,0.000147867,0.000147459,0.000147062,0.000146674,0.000146294,0.000145924,0.000145561,0.000145207,0.00014486,0.00014452,0.000144187,0.000143861,0.000143542,0.000143228,0.00014292,0.000142619,0.000142322,0.000142031,0.000141745,0.000141464,0.000141188,0.000140917,0.00014065,0.000140387,0.000140129,0.000139875,0.000139624,0.000139378,0.000139135,0.000138896,0.000138661,0.000138429,0.0001382,0.000137975,0.000137753,0.000137534,0.000137318,0.000137104,0.000136894,0.000136687,0.000136482,0.00013628,0.000136081,0.000135884,0.000135689,0.000135497,0.000135308,0.000135121,0.000134936,0.000134753,0.000134572,0.000134394,0.000134218,0.000134043,0.000133871,0.000133701
0.000375842,0.000334061,0.000295767,0.000262166,0.000235069,0.000215898,0.00020363,0.000195681,0.000190116,0.000185912,0.000182552,0.000179755,0.000177359,0.000175262,0.000173396,0.000171716,0.000170187,0.000168785,0.000167489,0.000166286,0.000165162,0.000164108,0.000163116,0.000162179,0.000161292,0.000160449,0.000159647,0.000158881,0.000158149,0.000157448,0.000156775,0.000156128,0.000155506,0.000154906,0.000154327,0.000153768,0.000153227,0.000152703,0.000152196,0.000151703,0.000151225,0.000150761,0.000150309,0.00014987,0.000149441,0.000149024,0.000148617,0.00014822,0.000147833,0.000147454,0.000147084,0.000146723,0.000146369,0.000146022,0.000145683,0.000145351,0.000145026,0.000144706,0.000144393,0.000144086,0.000143785,0.000143489,0.000143199,0.000142913,0.000142633,0.000142357,0.000142086,0.000141819,0.000141557,0.000141299,0.000141045,0.000140796,0.00014055,0.000140307,0.000140069,0.000139833,0.000139602,0.000139373,0.000139148,0.000138926,0.000138708,0.000138492,0.000138279,0.000138069,0.000137862,0.000137657,0.000137455,0.000137256,0.000137059,0.000136865,0.000136673,0.000136484,0.000136297,0.000136112,0.000135929,0.000135749,0.00013557,0.000135394,0.00013522,0.000135048,0.000134878
0.00037899,0.000337357,0.000299187,0.000265608,0.000238279,0.000218576,0.000205757,0.000197435,0.000191648,0.000187312,0.00018387,0.000181019,0.000178586,0.000176463,0.000174579,0.000172886,0.000171347,0.000169937,0.000168636,0.000167428,0.000166301,0.000165245,0.000164251,0.000163313,0.000162425,0.000161581,0.000160779,0.000160013,0.000159281,0.00015858,0.000157908,0.000157261,0.000156639,0.00015604,0.000155462,0.000154904,0.000154363,0.000153841,0.000153334,0.000152842,0.000152365,0.000151901,0.00015145,0.000151012,0.000150584,0.000150168,0.000149762,0.000149366,0.000148979,0.000148601,0.000148232,0.000147871,0.000147518,0.000147172,0.000146834,0.000146502,0.000146178,0.000145859,0.000145547,0.00014524,0.000144939,0.000144644,0.000144354,0.000144069,0.000143789,0.000143514,0.000143244,0.000142978,0.000142716,0.000142459,0.000142205,0.000141956,0.00014171,0.000141468,0.00014123,0.000140995,0.000140764,0.000140536,0.000140311,0.00014009,0.000139871,0.000139656,0.000139443,0.000139233,0.000139026,0.000138822,0.000138621,0.000138421,0.000138225,0.000138031,0.000137839,0.00013765,0.000137463,0.000137278,0.000137096,0.000136916,0.000136738,0.000136561,0.000136387,0.000136215,0.000136045
0.000382105,0.000340611,0.000302554,0.000268995,0.000241458,0.000221264,0.000207905,0.000199199,0.000193179,0.000188703,0.000185173,0.000182266,0.000179796,0.000177646,0.000175744,0.000174036,0.000172488,0.00017107,0.000169763,0.000168552,0.000167422,0.000166363,0.000165368,0.000164429,0.00016354,0.000162697,0.000161894,0.000161128,0.000160397,0.000159696,0.000159025,0.000158379,0.000157758,0.00015716,0.000156582,0.000156025,0.000155485,0.000154963,0.000154458,0.000153967,0.000153491,0.000153028,0.000152578,0.00015214,0.000151714,0.000151299,0.000150893,0.000150498,0.000150112,0.000149736,0.000149367,0.000149007,0.000148655,0.00014831,0.000147972,0.000147642,0.000147317,0.000147,0.000146688,0.000146382,0.000146082,0.000145788,0.000145498,0.000145214,0.000144935,0.00014466,0.000144391,0.000144125,0.000143864,0.000143607,0.000143354,0.000143105,0.00014286,0.000142619,0.000142381,0.000142147,0.000141916,0.000141688,0.000141464,0.000141243,0.000141025,0.00014081,0.000140597,0.000140388,0.000140181,0.000139977,0.000139776,0.000139577,0.000139381,0.000139187,0.000138996,0.000138807,0.00013862,0.000138436,0.000138253,0.000138073,0.000137895,0.000137719,0.000137546,0.000137374,0.000137204
0.000385189,0.000343825,0.000305872,0.000272329,0.000244604,0.000223957,0.000210071,0.000200973,0.000194709,0.000190086,0.000186465,0.000183499,0.000180988,0.000178812,0.00017689,0.000175169,0.00017361,0.000172185,0.000170873,0.000169657,0.000168525,0.000167464,0.000166468,0.000165528,0.000164639,0.000163795,0.000162993,0.000162228,0.000161497,0.000160797,0.000160126,0.000159481,0.000158861,0.000158264,0.000157687,0.000157131,0.000156593,0.000156072,0.000155567,0.000155078,0.000154603,0.000154141,0.000153692,0.000153255,0.00015283,0.000152416,0.000152012,0.000151618,0.000151233,0.000150857,0.00015049,0.00015013,0.000149779,0.000149435,0.000149098,0.000148769,0.000148445,0.000148128,0.000147818,0.000147513,0.000147213,0.00014692,0.000146631,0.000146348,0.000146069,0.000145795,0.000145526,0.000145261,0.000145001,0.000144745,0.000144492,0.000144244,0.000143999,0.000143759,0.000143521,0.000143288,0.000143057,0.00014283,0.000142606,0.000142386,0.000142168,0.000141953,0.000141741,0.000141532,0.000141326,0.000141123,0.000140922,0.000140723,0.000140527,0.000140334,0.000140143,0.000139954,0.000139768,0.000139584,0.000139402,0.000139222,0.000139044,0.000138868,0.000138695,0.000138523,0.000138353
0.000388242,0.000347,0.000309143,0.000275615,0.000247719,0.000226653,0.000212257,0.000202759,0.000196241,0.000191462,0.000187745,0.000184716,0.000182165,0.00017996,0.000178019,0.000176283,0.000174715,0.000173283,0.000171965,0.000170746,0.00016961,0.000168548,0.000167551,0.000166611,0.000165721,0.000164878,0.000164076,0.000163311,0.000162581,0.000161882,0.000161212,0.000160568,0.000159949,0.000159353,0.000158778,0.000158223,0.000157686,0.000157166,0.000156663,0.000156175,0.000155701,0.00015524,0.000154793,0.000154357,0.000153933,0.00015352,0.000153117,0.000152724,0.00015234,0.000151966,0.000151599,0.000151241,0.000150891,0.000150548,0.000150212,0.000149884,0.000149561,0.000149245,0.000148935,0.000148631,0.000148333,0.00014804,0.000147752,0.00014747,0.000147192,0.000146919,0.000146651,0.000146387,0.000146127,0.000145871,0.00014562,0.000145372,0.000145128,0.000144888,0.000144651,0.000144418,0.000144188,0.000143962,0.000143739,0.000143518,0.000143301,0.000143087,0.000142876,0.000142667,0.000142461,0.000142258,0.000142058,0.00014186,0.000141664,0.000141471,0.00014128,0.000141092,0.000140906,0.000140722,0.00014054,0.000140361,0.000140183,0.000140008,0.000139835,0.000139663,0.000139494
0.000391267,0.000350139,0.000312371,0.000278854,0.000250801,0.000229348,0.000214459,0.000204558,0.000197775,0.000192833,0.000189014,0.000185921,0.000183326,0.000181092,0.00017913,0.000177381,0.000175801,0.000174362,0.00017304,0.000171817,0.000170679,0.000169615,0.000168617,0.000167676,0.000166787,0.000165944,0.000165142,0.000164379,0.000163649,0.000162952,0.000162283,0.00016164,0.000161023,0.000160428,0.000159854,0.0001593,0.000158765,0.000158246,0.000157744,0.000157258,0.000156785,0.000156326,0.00015588,0.000155446,0.000155023,0.000154611,0.000154209,0.000153818,0.000153435,0.000153062,0.000152697,0.00015234,0.000151991,0.000151649,0.000151314,0.000150987,0.000150665,0.00015035,0.000150042,0.000149739,0.000149441,0.000149149,0.000148862,0.000148581,0.000148304,0.000148032,0.000147764,0.000147501,0.000147242,0.000146987,0.000146736,0.000146489,0.000146246,0.000146007,0.000145771,0.000145538,0.000145309,0.000145083,0.000144861,0.000144641,0.000144424,0.000144211,0.000144,0.000143792,0.000143587,0.000143384,0.000143184,0.000142986,0.000142791,0.000142599,0.000142409,0.000142221,0.000142035,0.000141851,0.00014167,0.000141491,0.000141314,0.000141139,0.000140966,0.000140794,0.000140625
0.000394263,0.000353244,0.000315558,0.00028205,0.000253853,0.000232041,0.000216677,0.00020637,0.000199313,0.0001942,0.000190274,0.000187112,0.000184472,0.000182208,0.000180225,0.00017846,0.000176871,0.000175424,0.000174097,0.00017287,0.00017173,0.000170665,0.000169666,0.000168725,0.000167836,0.000166994,0.000166193,0.00016543,0.000164702,0.000164006,0.000163338,0.000162697,0.000162081,0.000161488,0.000160916,0.000160363,0.000159829,0.000159313,0.000158812,0.000158327,0.000157856,0.000157398,0.000156954,0.000156521,0.0001561,0.000155689,0.000155289,0.000154899,0.000154518,0.000154145,0.000153782,0.000153426,0.000153078,0.000152738,0.000152404,0.000152078,0.000151758,0.000151444,0.000151136,0.000150834,0.000150538,0.000150247,0.000149961,0.00014968,0.000149404,0.000149133,0.000148867,0.000148604,0.000148346,0.000148092,0.000147842,0.000147596,0.000147354,0.000147115,0.00014688,0.000146648,0.00014642,0.000146195,0.000145972,0.000145754,0.000145538,0.000145325,0.000145114,0.000144907,0.000144702,0.0001445,0.000144301,0.000144104,0.000143909,0.000143717,0.000143527,0.00014334,0.000143155,0.000142972,0.000142791,0.000142612,0.000142435,0.00014226,0.000142088,0.000141917,0.000141748
0.000397233,0.000356316,0.000318705,0.000285205,0.000256874,0.000234728,0.00021891,0.000208197,0.000200857,0.000195565,0.000191525,0.000188291,0.000185604,0.000183308,0.000181303,0.000179524,0.000177924,0.00017647,0.000175137,0.000173907,0.000172765,0.000171699,0.000170699,0.000169758,0.00016887,0.000168028,0.000167228,0.000166467,0.00016574,0.000165045,0.000164379,0.00016374,0.000163125,0.000162533,0.000161963,0.000161412,0.00016088,0.000160365,0.000159866,0.000159382,0.000158913,0.000158457,0.000158014,0.000157583,0.000157163,0.000156755,0.000156356,0.000155967,0.000155587,0.000155217,0.000154854,0.0001545,0.000154154,0.000153814,0.000153482,0.000153157,0.000152838,0.000152526,0.000152219,0.000151918,0.000151623,0.000151333,0.000151049,0.000150769,0.000150494,0.000150224,0.000149958,0.000149697,0.00014944,0.000149187,0.000148938,0.000148692,0.000148451,0.000148213,0.000147979,0.000147748,0.00014752,0.000147296,0.000147074,0.000146856,0.000146641,0.000146429,0.000146219,0.000146012,0.000145808,0.000145607,0.000145408,0.000145211,0.000145018,0.000144826,0.000144637,0.00014445,0.000144265,0.000144082,0.000143902,0.000143724,0.000143547,0.000143373,0.000143201,0.00014303,0.000142862
0.000400177,0.000359357,0.000321816,0.000288321,0.000259864,0.000237409,0.000221155,0.000210038,0.000202407,0.000196927,0.00019277,0.00018946,0.000186723,0.000184393,0.000182366,0.000180571,0.00017896,0.000177498,0.00017616,0.000174927,0.000173783,0.000172716,0.000171716,0.000170775,0.000169887,0.000169046,0.000168248,0.000167488,0.000166762,0.000166069,0.000165405,0.000164767,0.000164154,0.000163564,0.000162996,0.000162447,0.000161917,0.000161403,0.000160906,0.000160425,0.000159957,0.000159503,0.000159062,0.000158632,0.000158214,0.000157807,0.00015741,0.000157023,0.000156645,0.000156276,0.000155915,0.000155562,0.000155217,0.000154879,0.000154549,0.000154225,0.000153907,0.000153596,0.000153291,0.000152991,0.000152697,0.000152409,0.000152125,0.000151847,0.000151573,0.000151304,0.000151039,0.000150779,0.000150523,0.000150271,0.000150023,0.000149778,0.000149538,0.000149301,0.000149067,0.000148837,0.00014861,0.000148387,0.000148166,0.000147949,0.000147734,0.000147523,0.000147314,0.000147108,0.000146905,0.000146704,0.000146506,0.00014631,0.000146116,0.000145925,0.000145737,0.00014555,0.000145366,0.000145184,0.000145004,0.000144827,0.000144651,0.000144477,0.000144305,0.000144135,0.000143967
0.000403097,0.000362368,0.000324892,0.000291401,0.000262826,0.000240081,0.000223411,0.000211893,0.000203965,0.00019829,0.000194008,0.000190618,0.000187829,0.000185464,0.000183413,0.000181602,0.000179979,0.00017851,0.000177168,0.000175931,0.000174785,0.000173716,0.000172716,0.000171776,0.000170889,0.000170049,0.000169252,0.000168493,0.00016777,0.000167078,0.000166416,0.00016578,0.000165169,0.000164581,0.000164015,0.000163468,0.00016294,0.000162428,0.000161933,0.000161454,0.000160988,0.000160536,0.000160096,0.000159669,0.000159253,0.000158847,0.000158452,0.000158066,0.00015769,0.000157323,0.000156963,0.000156612,0.000156269,0.000155932,0.000155603,0.000155281,0.000154965,0.000154655,0.000154351,0.000154053,0.00015376,0.000153473,0.000153191,0.000152913,0.000152641,0.000152373,0.000152109,0.00015185,0.000151595,0.000151344,0.000151097,0.000150854,0.000150614,0.000150378,0.000150146,0.000149917,0.000149691,0.000149468,0.000149248,0.000149032,0.000148818,0.000148607,0.000148399,0.000148194,0.000147991,0.000147791,0.000147594,0.000147399,0.000147206,0.000147016,0.000146828,0.000146642,0.000146458,0.000146277,0.000146098,0.00014592,0.000145745,0.000145572,0.000145401,0.000145231,0.000145064
0.000405992,0.00036535,0.000327935,0.000294445,0.00026576,0.000242744,0.000225677,0.000213763,0.000205532,0.000199654,0.000195241,0.000191767,0.000188923,0.000186522,0.000184446,0.000182617,0.000180984,0.000179507,0.000178159,0.000176919,0.00017577,0.000174701,0.000173701,0.000172761,0.000171875,0.000171037,0.000170241,0.000169484,0.000168762,0.000168073,0.000167412,0.000166779,0.00016617,0.000165584,0.00016502,0.000164475,0.000163949,0.00016344,0.000162947,0.000162469,0.000162006,0.000161556,0.000161118,0.000160692,0.000160278,0.000159875,0.000159481,0.000159098,0.000158723,0.000158357,0.000158,0.00015765,0.000157308,0.000156974,0.000156646,0.000156325,0.000156011,0.000155702,0.0001554,0.000155103,0.000154812,0.000154526,0.000154245,0.000153969,0.000153698,0.000153431,0.000153169,0.000152911,0.000152657,0.000152407,0.000152161,0.000151919,0.000151681,0.000151446,0.000151214,0.000150986,0.000150761,0.000150539,0.000150321,0.000150105,0.000149892,0.000149682,0.000149475,0.000149271,0.000149069,0.00014887,0.000148673,0.000148478,0.000148287,0.000148097,0.00014791,0.000147724,0.000147542,0.000147361,0.000147182,0.000147005,0.000146831,0.000146658,0.000146487,0.000146318,0.000146151
0.000408864,0.000368305,0.000330946,0.000297456,0.000268667,0.000245397,0.000227951,0.000215646,0.000207108,0.00020102,0.000196471,0.000192908,0.000190006,0.000187566,0.000185464,0.000183618,0.000181972,0.000180487,0.000179134,0.00017789,0.00017674,0.00017567,0.00017467,0.000173731,0.000172846,0.000172009,0.000171215,0.00017046,0.00016974,0.000169053,0.000168394,0.000167763,0.000167157,0.000166573,0.000166011,0.000165469,0.000164945,0.000164438,0.000163947,0.000163472,0.00016301,0.000162562,0.000162127,0.000161703,0.000161291,0.00016089,0.000160498,0.000160117,0.000159744,0.00015938,0.000159024,0.000158677,0.000158337,0.000158004,0.000157678,0.000157358,0.000157046,0.000156739,0.000156438,0.000156143,0.000155853,0.000155568,0.000155289,0.000155014,0.000154744,0.000154479,0.000154218,0.000153961,0.000153709,0.00015346,0.000153215,0.000152974,0.000152737,0.000152503,0.000152273,0.000152046,0.000151822,0.000151601,0.000151383,0.000151169,0.000150957,0.000150748,0.000150541,0.000150338,0.000150137,0.000149938,0.000149742,0.000149549,0.000149358,0.000149169,0.000148982,0.000148798,0.000148616,0.000148436,0.000148258,0.000148082,0.000147908,0.000147736,0.000147565,0.000147397,0.000147231
0.000411715,0.000371233,0.000333927,0.000300435,0.000271547,0.000248038,0.000230231,0.000217544,0.000208695,0.000202389,0.000197697,0.000194042,0.000191079,0.000188598,0.000186469,0.000184604,0.000182946,0.000181452,0.000180093,0.000178847,0.000177695,0.000176624,0.000175624,0.000174686,0.000173802,0.000172966,0.000172174,0.000171421,0.000170703,0.000170018,0.000169362,0.000168733,0.000168129,0.000167548,0.000166989,0.000166449,0.000165927,0.000165423,0.000164934,0.000164461,0.000164002,0.000163556,0.000163123,0.000162702,0.000162292,0.000161892,0.000161503,0.000161123,0.000160753,0.000160391,0.000160037,0.000159691,0.000159353,0.000159022,0.000158698,0.00015838,0.000158069,0.000157764,0.000157465,0.000157171,0.000156883,0.0001566,0.000156322,0.000156049,0.00015578,0.000155516,0.000155257,0.000155001,0.00015475,0.000154503,0.000154259,0.000154019,0.000153783,0.00015355,0.000153321,0.000153095,0.000152872,0.000152653,0.000152436,0.000152222,0.000152011,0.000151803,0.000151598,0.000151395,0.000151195,0.000150998,0.000150803,0.00015061,0.00015042,0.000150232,0.000150046,0.000149862,0.000149681,0.000149502,0.000149324,0.000149149,0.000148976,0.000148804,0.000148635,0.000148467,0.000148301
0.000414543,0.000374136,0.000336878,0.000303385,0.000274402,0.000250667,0.000232516,0.000219454,0.000210292,0.000203763,0.000198922,0.000195169,0.000192142,0.000189618,0.00018746,0.000185576,0.000183905,0.000182402,0.000181038,0.000179788,0.000178634,0.000177563,0.000176563,0.000175625,0.000174742,0.000173909,0.000173119,0.000172368,0.000171652,0.000170969,0.000170316,0.00016969,0.000169088,0.00016851,0.000167953,0.000167415,0.000166896,0.000166394,0.000165908,0.000165438,0.000164981,0.000164538,0.000164107,0.000163688,0.00016328,0.000162883,0.000162496,0.000162118,0.00016175,0.00016139,0.000161038,0.000160694,0.000160358,0.000160029,0.000159706,0.000159391,0.000159081,0.000158778,0.00015848,0.000158188,0.000157902,0.00015762,0.000157344,0.000157072,0.000156805,0.000156543,0.000156285,0.000156031,0.000155781,0.000155535,0.000155293,0.000155054,0.000154819,0.000154588,0.00015436,0.000154135,0.000153913,0.000153695,0.000153479,0.000153267,0.000153057,0.00015285,0.000152645,0.000152444,0.000152245,0.000152048,0.000151854,0.000151662,0.000151473,0.000151286,0.000151101,0.000150918,0.000150737,0.000150559,0.000150382,0.000150208,0.000150035,0.000149864,0.000149696,0.000149529,0.000149363
0.000417351,0.000377014,0.000339802,0.000306305,0.000277232,0.000253285,0.000234805,0.000221377,0.000211901,0.000205142,0.000200146,0.000196291,0.000193196,0.000190628,0.000188439,0.000186535,0.00018485,0.000183338,0.000181968,0.000180714,0.000179558,0.000178486,0.000177487,0.00017655,0.000175669,0.000174837,0.000174049,0.0001733,0.000172587,0.000171907,0.000171256,0.000170632,0.000170033,0.000169458,0.000168903,0.000168368,0.000167852,0.000167353,0.00016687,0.000166402,0.000165947,0.000165507,0.000165078,0.000164662,0.000164256,0.000163861,0.000163477,0.000163101,0.000162735,0.000162377,0.000162028,0.000161686,0.000161351,0.000161024,0.000160704,0.00016039,0.000160082,0.000159781,0.000159485,0.000159195,0.00015891,0.00015863,0.000158356,0.000158086,0.00015782,0.000157559,0.000157303,0.00015705,0.000156802,0.000156557,0.000156316,0.000156079,0.000155845,0.000155615,0.000155389,0.000155165,0.000154945,0.000154727,0.000154513,0.000154301,0.000154093,0.000153887,0.000153683,0.000153483,0.000153285,0.000153089,0.000152896,0.000152705,0.000152517,0.00015233,0.000152146,0.000151964,0.000151785,0.000151607,0.000151431,0.000151258,0.000151086,0.000150916,0.000150748,0.000150582,0.000150417
0.000420138,0.000379869,0.0003427,0.000309198,0.000280038,0.000255889,0.000237097,0.000223312,0.000213521,0.000206527,0.00020137,0.000197408,0.000194242,0.000191627,0.000189406,0.00018748,0.000185781,0.00018426,0.000182883,0.000181625,0.000180468,0.000179395,0.000178396,0.00017746,0.00017658,0.00017575,0.000174964,0.000174218,0.000173508,0.00017283,0.000172182,0.000171561,0.000170965,0.000170392,0.000169841,0.000169309,0.000168795,0.000168299,0.000167818,0.000167353,0.000166901,0.000166463,0.000166037,0.000165623,0.00016522,0.000164828,0.000164445,0.000164072,0.000163708,0.000163353,0.000163005,0.000162666,0.000162334,0.000162008,0.00016169,0.000161378,0.000161073,0.000160773,0.000160479,0.000160191,0.000159908,0.00015963,0.000159357,0.000159088,0.000158824,0.000158565,0.00015831,0.000158059,0.000157812,0.000157569,0.00015733,0.000157094,0.000156862,0.000156633,0.000156408,0.000156185,0.000155966,0.00015575,0.000155537,0.000155327,0.000155119,0.000154914,0.000154712,0.000154513,0.000154316,0.000154121,0.000153929,0.000153739,0.000153552,0.000153366,0.000153183,0.000153002,0.000152823,0.000152647,0.000152472,0.000152299,0.000152128,0.000151959,0.000151791,0.000151626,0.000151462
0.000422906,0.000382701,0.000345572,0.000312064,0.000282822,0.000258481,0.00023939,0.000225258,0.000215153,0.00020792,0.000202596,0.000198522,0.000195281,0.000192616,0.000190362,0.000188413,0.000186698,0.000185167,0.000183784,0.000182523,0.000181363,0.00018029,0.00017929,0.000178356,0.000177478,0.000176649,0.000175866,0.000175122,0.000174415,0.00017374,0.000173094,0.000172476,0.000171884,0.000171314,0.000170765,0.000170236,0.000169725,0.000169232,0.000168754,0.000168291,0.000167843,0.000167407,0.000166984,0.000166573,0.000166172,0.000165782,0.000165402,0.000165032,0.00016467,0.000164317,0.000163972,0.000163634,0.000163304,0.000162982,0.000162665,0.000162356,0.000162052,0.000161754,0.000161462,0.000161176,0.000160895,0.000160618,0.000160347,0.000160081,0.000159819,0.000159561,0.000159307,0.000159058,0.000158813,0.000158571,0.000158333,0.000158099,0.000157868,0.000157641,0.000157417,0.000157196,0.000156978,0.000156763,0.000156551,0.000156342,0.000156136,0.000155933,0.000155732,0.000155533,0.000155337,0.000155144,0.000154953,0.000154764,0.000154578,0.000154393,0.000154211,0.000154031,0.000153853,0.000153677,0.000153503,0.000153332,0.000153161,0.000152993,0.000152827,0.000152662,0.000152499
0.000425655,0.000385512,0.00034842,0.000314905,0.000285583,0.000261061,0.000241683,0.000227215,0.000216797,0.00020932,0.000203824,0.000199633,0.000196314,0.000193596,0.000191307,0.000189335,0.000187603,0.000186061,0.000184671,0.000183406,0.000182244,0.00018117,0.000180171,0.000179237,0.000178361,0.000177535,0.000176753,0.000176012,0.000175308,0.000174636,0.000173993,0.000173379,0.000172789,0.000172222,0.000171676,0.00017115,0.000170643,0.000170152,0.000169677,0.000169218,0.000168772,0.000168339,0.000167919,0.00016751,0.000167112,0.000166725,0.000166348,0.00016598,0.00016562,0.00016527,0.000164927,0.000164592,0.000164264,0.000163943,0.000163629,0.000163322,0.00016302,0.000162725,0.000162435,0.00016215,0.000161871,0.000161597,0.000161327,0.000161063,0.000160802,0.000160546,0.000160295,0.000160047,0.000159803,0.000159563,0.000159327,0.000159094,0.000158865,0.000158639,0.000158417,0.000158197,0.000157981,0.000157767,0.000157557,0.000157349,0.000157144,0.000156942,0.000156742,0.000156545,0.00015635,0.000156158,0.000155968,0.00015578,0.000155595,0.000155412,0.000155231,0.000155052,0.000154875,0.0001547,0.000154527,0.000154356,0.000154186,0.000154019,0.000153854,0.00015369,0.000153528
0.000428386,0.000388301,0.000351244,0.000317722,0.000288323,0.000263627,0.000243976,0.00022918,0.000218452,0.000210728,0.000205055,0.000200742,0.000197342,0.000194569,0.000192242,0.000190244,0.000188496,0.000186943,0.000185545,0.000184275,0.000183111,0.000182036,0.000181037,0.000180105,0.00017923,0.000178406,0.000177627,0.000176889,0.000176187,0.000175518,0.000174879,0.000174267,0.000173681,0.000173117,0.000172574,0.000172052,0.000171547,0.00017106,0.000170588,0.000170131,0.000169689,0.000169259,0.000168841,0.000168436,0.000168041,0.000167656,0.000167281,0.000166916,0.000166559,0.000166211,0.000165871,0.000165538,0.000165213,0.000164894,0.000164583,0.000164277,0.000163978,0.000163685,0.000163397,0.000163114,0.000162837,0.000162565,0.000162297,0.000162034,0.000161776,0.000161522,0.000161272,0.000161026,0.000160784,0.000160546,0.000160311,0.00016008,0.000159852,0.000159628,0.000159407,0.000159189,0.000158974,0.000158762,0.000158553,0.000158346,0.000158143,0.000157942,0.000157743,0.000157547,0.000157354,0.000157163,0.000156974,0.000156787,0.000156603,0.000156421,0.000156241,0.000156063,0.000155887,0.000155713,0.000155541,0.000155371,0.000155203,0.000155037,0.000154872,0.000154709,0.000154548
0.000431098,0.00039107,0.000354046,0.000320515,0.000291042,0.000266181,0.000246269,0.000231155,0.000220119,0.000212146,0.00020629,0.000201851,0.000198364,0.000195533,0.000193167,0.000191143,0.000189377,0.000187811,0.000186406,0.000185131,0.000183965,0.000182889,0.00018189,0.000180959,0.000180086,0.000179264,0.000178488,0.000177752,0.000177053,0.000176388,0.000175752,0.000175143,0.00017456,0.000173999,0.00017346,0.000172941,0.000172439,0.000171955,0.000171487,0.000171033,0.000170593,0.000170167,0.000169752,0.000169349,0.000168957,0.000168575,0.000168204,0.000167841,0.000167487,0.000167141,0.000166804,0.000166473,0.000166151,0.000165835,0.000165525,0.000165222,0.000164925,0.000164634,0.000164348,0.000164068,0.000163793,0.000163522,0.000163257,0.000162996,0.000162739,0.000162487,0.000162239,0.000161995,0.000161755,0.000161518,0.000161285,0.000161056,0.00016083,0.000160607,0.000160387,0.000160171,0.000159957,0.000159747,0.000159539,0.000159334,0.000159132,0.000158932,0.000158735,0.000158541,0.000158348,0.000158159,0.000157971,0.000157786,0.000157603,0.000157422,0.000157243,0.000157066,0.000156891,0.000156719,0.000156548,0.000156379,0.000156211,0.000156046,0.000155882,0.00015572,0.00015556
0.000433793,0.000393819,0.000356825,0.000323286,0.000293741,0.000268722,0.000248559,0.000233137,0.000221798,0.000213572,0.000207529,0.000202959,0.000199383,0.000196491,0.000194084,0.000192031,0.000190246,0.000188668,0.000187254,0.000185975,0.000184805,0.000183728,0.00018273,0.000181799,0.000180928,0.000180108,0.000179335,0.000178602,0.000177906,0.000177244,0.000176611,0.000176006,0.000175426,0.000174869,0.000174333,0.000173817,0.000173319,0.000172838,0.000172373,0.000171923,0.000171486,0.000171063,0.000170651,0.000170251,0.000169862,0.000169483,0.000169114,0.000168754,0.000168403,0.00016806,0.000167725,0.000167398,0.000167077,0.000166764,0.000166457,0.000166156,0.000165861,0.000165572,0.000165289,0.000165011,0.000164738,0.00016447,0.000164206,0.000163947,0.000163693,0.000163443,0.000163196,0.000162954,0.000162716,0.000162481,0.00016225,0.000162022,0.000161798,0.000161577,0.000161359,0.000161144,0.000160932,0.000160723,0.000160517,0.000160313,0.000160112,0.000159914,0.000159718,0.000159525,0.000159334,0.000159146,0.000158959,0.000158775,0.000158594,0.000158414,0.000158236,0.000158061,0.000157887,0.000157715,0.000157545,0.000157377,0.000157211,0.000157047,0.000156884,0.000156723,0.000156564
0.000436471,0.000396548,0.000359584,0.000326035,0.000296421,0.00027125,0.000250847,0.000235127,0.000223488,0.000215009,0.000208774,0.000204069,0.000200399,0.000197443,0.000194992,0.000192909,0.000191104,0.000189512,0.00018809,0.000186805,0.000185632,0.000184554,0.000183556,0.000182627,0.000181757,0.00018094,0.000180169,0.000179439,0.000178746,0.000178087,0.000177458,0.000176856,0.00017628,0.000175726,0.000175194,0.000174681,0.000174187,0.000173709,0.000173247,0.0001728,0.000172367,0.000171947,0.000171539,0.000171142,0.000170756,0.00017038,0.000170014,0.000169657,0.000169308,0.000168968,0.000168636,0.000168311,0.000167993,0.000167682,0.000167378,0.00016708,0.000166787,0.000166501,0.00016622,0.000165944,0.000165673,0.000165407,0.000165146,0.000164889,0.000164636,0.000164388,0.000164144,0.000163904,0.000163667,0.000163434,0.000163205,0.000162979,0.000162756,0.000162537,0.000162321,0.000162107,0.000161897,0.00016169,0.000161485,0.000161283,0.000161084,0.000160887,0.000160693,0.000160501,0.000160311,0.000160124,0.000159939,0.000159756,0.000159576,0.000159397,0.000159221,0.000159046,0.000158874,0.000158703,0.000158535,0.000158368,0.000158203,0.000158039,0.000157878,0.000157718,0.00015756
0.000439133,0.000399259,0.000362322,0.000328763,0.000299082,0.000273765,0.000253133,0.000237123,0.000225188,0.000216455,0.000210025,0.000205179,0.000201412,0.000198389,0.000195892,0.000193778,0.000191952,0.000190346,0.000188914,0.000187623,0.000186447,0.000185367,0.000184369,0.000183441,0.000182573,0.000181758,0.00018099,0.000180263,0.000179574,0.000178918,0.000178292,0.000177694,0.000177121,0.000176571,0.000176042,0.000175533,0.000175042,0.000174568,0.00017411,0.000173666,0.000173236,0.000172819,0.000172414,0.000172021,0.000171638,0.000171265,0.000170902,0.000170548,0.000170202,0.000169865,0.000169536,0.000169213,0.000168898,0.00016859,0.000168288,0.000167993,0.000167703,0.000167419,0.00016714,0.000166866,0.000166598,0.000166334,0.000166075,0.00016582,0.00016557,0.000165324,0.000165082,0.000164843,0.000164609,0.000164378,0.00016415,0.000163926,0.000163705,0.000163488,0.000163273,0.000163062,0.000162853,0.000162647,0.000162444,0.000162244,0.000162046,0.000161851,0.000161658,0.000161467,0.000161279,0.000161094,0.00016091,0.000160729,0.000160549,0.000160372,0.000160197,0.000160024,0.000159853,0.000159683,0.000159516,0.00015935,0.000159186,0.000159024,0.000158863,0.000158705,0.000158547
0.000441779,0.000401952,0.00036504,0.000331471,0.000301724,0.000276268,0.000255414,0.000239125,0.0002269,0.000217911,0.000211283,0.000206293,0.000202424,0.000199331,0.000196786,0.000194639,0.000192789,0.000191168,0.000189726,0.000188429,0.00018725,0.000186168,0.00018517,0.000184242,0.000183376,0.000182563,0.000181798,0.000181074,0.000180388,0.000179736,0.000179113,0.000178519,0.000177949,0.000177403,0.000176878,0.000176373,0.000175886,0.000175415,0.00017496,0.00017452,0.000174094,0.00017368,0.000173279,0.000172888,0.000172509,0.000172139,0.000171779,0.000171428,0.000171086,0.000170751,0.000170425,0.000170105,0.000169793,0.000169487,0.000169188,0.000168895,0.000168608,0.000168326,0.00016805,0.000167779,0.000167513,0.000167251,0.000166994,0.000166742,0.000166494,0.00016625,0.00016601,0.000165773,0.000165541,0.000165312,0.000165086,0.000164864,0.000164645,0.000164429,0.000164216,0.000164007,0.0001638,0.000163596,0.000163394,0.000163195,0.000162999,0.000162806,0.000162614,0.000162425,0.000162239,0.000162054,0.000161872,0.000161692,0.000161515,0.000161339,0.000161165,0.000160993,0.000160823,0.000160655,0.000160489,0.000160324,0.000160161,0.00016,0.000159841,0.000159683,0.000159527
0.000444409,0.000404628,0.00036774,0.00033416,0.000304349,0.000278758,0.000257693,0.000241132,0.000228621,0.000219377,0.000212547,0.000207409,0.000203435,0.000200268,0.000197672,0.000195491,0.000193617,0.00019198,0.000190528,0.000189223,0.00018804,0.000186957,0.000185958,0.000185031,0.000184167,0.000183356,0.000182594,0.000181873,0.00018119,0.000180541,0.000179922,0.000179332,0.000178766,0.000178224,0.000177702,0.000177201,0.000176717,0.00017625,0.000175799,0.000175363,0.00017494,0.00017453,0.000174132,0.000173745,0.000173368,0.000173002,0.000172645,0.000172297,0.000171958,0.000171627,0.000171303,0.000170986,0.000170677,0.000170374,0.000170078,0.000169787,0.000169503,0.000169224,0.00016895,0.000168681,0.000168417,0.000168158,0.000167904,0.000167654,0.000167408,0.000167166,0.000166928,0.000166694,0.000166463,0.000166236,0.000166013,0.000165792,0.000165575,0.000165361,0.000165151,0.000164943,0.000164737,0.000164535,0.000164335,0.000164138,0.000163944,0.000163752,0.000163562,0.000163375,0.00016319,0.000163007,0.000162826,0.000162648,0.000162471,0.000162297,0.000162124,0.000161954,0.000161785,0.000161618,0.000161453,0.00016129,0.000161128,0.000160968,0.00016081,0.000160654,0.000160499
0.000447024,0.000407286,0.000370421,0.000336829,0.000306957,0.000281237,0.000259966,0.000243143,0.000230352,0.000220854,0.000213819,0.000208528,0.000204445,0.000201202,0.000198554,0.000196335,0.000194436,0.000192782,0.000191318,0.000190006,0.000188819,0.000187733,0.000186734,0.000185808,0.000184945,0.000184137,0.000183377,0.000182659,0.00018198,0.000181334,0.000180719,0.000180132,0.000179571,0.000179032,0.000178515,0.000178017,0.000177537,0.000177074,0.000176627,0.000176194,0.000175775,0.000175368,0.000174973,0.00017459,0.000174217,0.000173854,0.0001735,0.000173156,0.000172819,0.000172491,0.000172171,0.000171857,0.000171551,0.000171251,0.000170957,0.000170669,0.000170387,0.000170111,0.00016984,0.000169574,0.000169312,0.000169056,0.000168804,0.000168556,0.000168312,0.000168072,0.000167837,0.000167605,0.000167376,0.000167151,0.00016693,0.000166712,0.000166497,0.000166285,0.000166076,0.000165869,0.000165666,0.000165466,0.000165268,0.000165072,0.000164879,0.000164689,0.000164501,0.000164315,0.000164132,0.00016395,0.000163771,0.000163594,0.000163419,0.000163246,0.000163075,0.000162906,0.000162739,0.000162573,0.000162409,0.000162247,0.000162087,0.000161929,0.000161772,0.000161616,0.000161462
0.000449624,0.000409928,0.000373084,0.000339481,0.000309548,0.000283703,0.000262236,0.000245158,0.000232092,0.000222341,0.000215099,0.000209652,0.000205457,0.000202134,0.000199429,0.000197172,0.000195247,0.000193574,0.000192098,0.000190778,0.000189586,0.000188498,0.000187498,0.000186573,0.000185711,0.000184905,0.000184148,0.000183433,0.000182757,0.000182115,0.000181504,0.000180921,0.000180363,0.000179828,0.000179315,0.000178821,0.000178345,0.000177886,0.000177443,0.000177014,0.000176598,0.000176195,0.000175804,0.000175424,0.000175055,0.000174695,0.000174345,0.000174003,0.00017367,0.000173345,0.000173028,0.000172717,0.000172414,0.000172117,0.000171826,0.000171541,0.000171262,0.000170988,0.00017072,0.000170456,0.000170197,0.000169943,0.000169694,0.000169448,0.000169207,0.00016897,0.000168736,0.000168506,0.00016828,0.000168057,0.000167838,0.000167622,0.000167409,0.000167199,0.000166992,0.000166787,0.000166586,0.000166387,0.000166191,0.000165997,0.000165806,0.000165618,0.000165431,0.000165247,0.000165065,0.000164886,0.000164708,0.000164532,0.000164359,0.000164187,0.000164018,0.00016385,0.000163684,0.00016352,0.000163358,0.000163197,0.000163038,0.000162881,0.000162725,0.000162571,0.000162418
0.000452209,0.000412554,0.00037573,0.000342115,0.000312123,0.000286157,0.000264501,0.000247176,0.000233841,0.000223838,0.000216388,0.000210781,0.000206469,0.000203063,0.000200301,0.000198003,0.000196049,0.000194357,0.000192868,0.00019154,0.000190342,0.000189252,0.000188251,0.000187326,0.000186465,0.000185662,0.000184907,0.000184196,0.000183523,0.000182885,0.000182277,0.000181698,0.000181144,0.000180613,0.000180104,0.000179614,0.000179142,0.000178687,0.000178247,0.000177822,0.00017741,0.000177011,0.000176624,0.000176247,0.000175881,0.000175525,0.000175178,0.00017484,0.000174511,0.000174189,0.000173874,0.000173567,0.000173267,0.000172973,0.000172685,0.000172403,0.000172126,0.000171855,0.00017159,0.000171329,0.000171073,0.000170821,0.000170574,0.000170331,0.000170092,0.000169857,0.000169626,0.000169399,0.000169175,0.000168954,0.000168737,0.000168523,0.000168312,0.000168104,0.000167899,0.000167696,0.000167497,0.0001673,0.000167106,0.000166914,0.000166725,0.000166538,0.000166353,0.000166171,0.00016599,0.000165812,0.000165636,0.000165462,0.00016529,0.00016512,0.000164952,0.000164786,0.000164621,0.000164459,0.000164298,0.000164138,0.000163981,0.000163825,0.00016367,0.000163517,0.000163366
0.00045478,0.000415164,0.000378358,0.000344731,0.000314683,0.0002886,0.00026676,0.000249197,0.000235598,0.000225345,0.000217684,0.000211915,0.000207483,0.000203991,0.000201168,0.000198827,0.000196844,0.000195131,0.000193628,0.000192291,0.000191087,0.000189994,0.000188992,0.000188067,0.000187208,0.000186406,0.000185654,0.000184946,0.000184277,0.000183642,0.000183039,0.000182463,0.000181913,0.000181386,0.000180881,0.000180395,0.000179927,0.000179476,0.000179041,0.000178619,0.000178211,0.000177816,0.000177432,0.00017706,0.000176697,0.000176345,0.000176002,0.000175667,0.000175341,0.000175022,0.000174711,0.000174407,0.000174109,0.000173818,0.000173534,0.000173254,0.000172981,0.000172713,0.00017245,0.000172192,0.000171938,0.000171689,0.000171445,0.000171204,0.000170968,0.000170735,0.000170507,0.000170281,0.00017006,0.000169841,0.000169626,0.000169414,0.000169206,0.000169,0.000168797,0.000168596,0.000168399,0.000168204,0.000168012,0.000167822,0.000167634,0.000167449,0.000167266,0.000167085,0.000166907,0.000166731,0.000166556,0.000166384,0.000166213,0.000166045,0.000165878,0.000165714,0.000165551,0.000165389,0.00016523,0.000165072,0.000164916,0.000164761,0.000164608,0.000164456,0.000164306
0.000457338,0.000417759,0.000380971,0.000347331,0.000317227,0.000291031,0.000269015,0.00025122,0.000237363,0.000226862,0.00021899,0.000213054,0.000208499,0.000204919,0.000202031,0.000199646,0.000197631,0.000195897,0.000194379,0.000193032,0.000191822,0.000190725,0.000189722,0.000188797,0.000187939,0.000187139,0.00018639,0.000185685,0.000185019,0.000184388,0.000183788,0.000183217,0.000182671,0.000182148,0.000181647,0.000181165,0.000180702,0.000180254,0.000179823,0.000179405,0.000179001,0.00017861,0.00017823,0.000177861,0.000177503,0.000177154,0.000176814,0.000176483,0.00017616,0.000175845,0.000175537,0.000175236,0.000174942,0.000174654,0.000174372,0.000174096,0.000173826,0.00017356,0.0001733,0.000173045,0.000172794,0.000172548,0.000172306,0.000172068,0.000171834,0.000171604,0.000171378,0.000171155,0.000170936,0.00017072,0.000170507,0.000170297,0.000170091,0.000169887,0.000169686,0.000169488,0.000169292,0.000169099,0.000168909,0.000168721,0.000168535,0.000168352,0.000168171,0.000167992,0.000167815,0.00016764,0.000167468,0.000167297,0.000167128,0.000166961,0.000166796,0.000166633,0.000166472,0.000166312,0.000166154,0.000165997,0.000165843,0.000165689,0.000165538,0.000165387,0.000165239
0.000459882,0.000420339,0.000383568,0.000349915,0.000319756,0.000293451,0.000271264,0.000253245,0.000239136,0.000228389,0.000220304,0.0002142,0.000209518,0.000205845,0.000202892,0.00020046,0.000198412,0.000196655,0.000195121,0.000193764,0.000192547,0.000191446,0.000190441,0.000189516,0.000188659,0.000187861,0.000187115,0.000186412,0.00018575,0.000185123,0.000184527,0.000183959,0.000183417,0.000182899,0.000182402,0.000181924,0.000181465,0.000181022,0.000180594,0.000180181,0.000179781,0.000179393,0.000179017,0.000178652,0.000178297,0.000177952,0.000177616,0.000177289,0.000176969,0.000176657,0.000176353,0.000176055,0.000175765,0.00017548,0.000175201,0.000174928,0.000174661,0.000174398,0.000174141,0.000173889,0.000173641,0.000173397,0.000173158,0.000172923,0.000172691,0.000172464,0.00017224,0.00017202,0.000171803,0.000171589,0.000171378,0.000171171,0.000170967,0.000170765,0.000170566,0.00017037,0.000170177,0.000169986,0.000169797,0.000169611,0.000169428,0.000169246,0.000169067,0.00016889,0.000168715,0.000168542,0.000168371,0.000168202,0.000168035,0.00016787,0.000167706,0.000167545,0.000167385,0.000167227,0.00016707,0.000166915,0.000166762,0.00016661,0.000166459,0.000166311,0.000166163
0.000462413,0.000422905,0.000386149,0.000352483,0.000322271,0.00029586,0.000273508,0.000255271,0.000240915,0.000229926,0.000221628,0.000215353,0.000210541,0.000206773,0.000203751,0.000201269,0.000199187,0.000197405,0.000195855,0.000194486,0.000193262,0.000192157,0.00019115,0.000190224,0.000189368,0.000188572,0.000187828,0.000187129,0.00018647,0.000185846,0.000185254,0.00018469,0.000184153,0.000183638,0.000183145,0.000182672,0.000182217,0.000181778,0.000181355,0.000180945,0.000180549,0.000180166,0.000179794,0.000179433,0.000179082,0.00017874,0.000178408,0.000178084,0.000177768,0.00017746,0.000177159,0.000176865,0.000176577,0.000176296,0.00017602,0.00017575,0.000175486,0.000175227,0.000174972,0.000174723,0.000174478,0.000174237,0.000174,0.000173768,0.000173539,0.000173314,0.000173093,0.000172875,0.000172661,0.000172449,0.000172241,0.000172036,0.000171834,0.000171634,0.000171438,0.000171244,0.000171053,0.000170864,0.000170677,0.000170493,0.000170312,0.000170132,0.000169955,0.00016978,0.000169606,0.000169435,0.000169266,0.000169099,0.000168934,0.00016877,0.000168608,0.000168448,0.00016829,0.000168133,0.000167978,0.000167825,0.000167673,0.000167522,0.000167374,0.000167226,0.00016708
0.00046493,0.000425456,0.000388715,0.000355036,0.000324772,0.000298258,0.000275746,0.000257298,0.000242701,0.000231471,0.00022296,0.000216512,0.000211567,0.000207701,0.000204607,0.000202075,0.000199956,0.000198148,0.00019658,0.000195199,0.000193968,0.000192858,0.000191848,0.000190922,0.000190067,0.000189272,0.00018853,0.000187834,0.000187178,0.000186558,0.00018597,0.00018541,0.000184877,0.000184367,0.000183878,0.000183409,0.000182958,0.000182523,0.000182104,0.000181699,0.000181307,0.000180928,0.00018056,0.000180203,0.000179856,0.000179518,0.000179189,0.000178869,0.000178557,0.000178252,0.000177955,0.000177664,0.00017738,0.000177102,0.00017683,0.000176563,0.000176302,0.000176045,0.000175794,0.000175547,0.000175305,0.000175067,0.000174833,0.000174604,0.000174378,0.000174155,0.000173937,0.000173721,0.000173509,0.000173301,0.000173095,0.000172892,0.000172692,0.000172495,0.000172301,0.000172109,0.00017192,0.000171733,0.000171549,0.000171367,0.000171187,0.00017101,0.000170834,0.000170661,0.00017049,0.00017032,0.000170153,0.000169988,0.000169824,0.000169662,0.000169502,0.000169344,0.000169187,0.000169032,0.000168879,0.000168727,0.000168576,0.000168427,0.00016828,0.000168134,0.000167989
0.000467436,0.000427994,0.000391266,0.000357574,0.000327259,0.000300646,0.000277979,0.000259325,0.000244493,0.000233026,0.000224302,0.000217679,0.000212598,0.00020863,0.000205463,0.000202877,0.00020072,0.000198885,0.000197298,0.000195904,0.000194664,0.000193549,0.000192537,0.000191609,0.000190755,0.000189962,0.000189222,0.000188528,0.000187876,0.000187259,0.000186675,0.00018612,0.00018559,0.000185085,0.0001846,0.000184135,0.000183689,0.000183258,0.000182843,0.000182443,0.000182055,0.00018168,0.000181316,0.000180963,0.000180619,0.000180286,0.000179961,0.000179644,0.000179336,0.000179035,0.000178741,0.000178454,0.000178173,0.000177898,0.000177629,0.000177366,0.000177108,0.000176854,0.000176606,0.000176363,0.000176123,0.000175888,0.000175657,0.00017543,0.000175207,0.000174988,0.000174772,0.000174559,0.000174349,0.000174143,0.00017394,0.000173739,0.000173542,0.000173347,0.000173155,0.000172966,0.000172779,0.000172594,0.000172412,0.000172232,0.000172054,0.000171879,0.000171706,0.000171534,0.000171365,0.000171197,0.000171032,0.000170868,0.000170706,0.000170546,0.000170388,0.000170231,0.000170076,0.000169923,0.000169771,0.000169621,0.000169472,0.000169325,0.000169179,0.000169034,0.000168891
0.000469929,0.000430518,0.000393804,0.000360098,0.000329733,0.000303023,0.000280206,0.000261353,0.000246291,0.000234589,0.000225653,0.000218853,0.000213634,0.000209561,0.000206317,0.000203676,0.000201479,0.000199616,0.000198009,0.000196601,0.000195352,0.000194231,0.000193215,0.000192287,0.000191432,0.00019064,0.000189903,0.000189212,0.000188563,0.00018795,0.00018737,0.000186818,0.000186293,0.000185791,0.000185311,0.000184851,0.000184409,0.000183983,0.000183572,0.000183176,0.000182792,0.000182421,0.000182061,0.000181712,0.000181373,0.000181043,0.000180722,0.00018041,0.000180105,0.000179807,0.000179517,0.000179233,0.000178956,0.000178685,0.000178419,0.000178159,0.000177904,0.000177654,0.000177409,0.000177169,0.000176932,0.0001767,0.000176472,0.000176248,0.000176028,0.000175811,0.000175597,0.000175387,0.000175181,0.000174977,0.000174776,0.000174578,0.000174383,0.000174191,0.000174001,0.000173814,0.000173629,0.000173447,0.000173267,0.000173089,0.000172913,0.00017274,0.000172569,0.000172399,0.000172232,0.000172066,0.000171903,0.000171741,0.000171581,0.000171423,0.000171266,0.000171111,0.000170958,0.000170806,0.000170656,0.000170507,0.00017036,0.000170214,0.00017007,0.000169927,0.000169785
0.000472409,0.000433029,0.000396327,0.000362608,0.000332193,0.000305389,0.000282427,0.000263381,0.000248093,0.000236161,0.000227013,0.000220034,0.000214674,0.000210495,0.000207172,0.000204472,0.000202233,0.000200341,0.000198712,0.00019729,0.000196031,0.000194904,0.000193885,0.000192955,0.0001921,0.000191309,0.000190574,0.000189886,0.000189239,0.00018863,0.000188054,0.000187506,0.000186985,0.000186488,0.000186012,0.000185556,0.000185118,0.000184697,0.00018429,0.000183898,0.000183519,0.000183152,0.000182797,0.000182452,0.000182116,0.000181791,0.000181474,0.000181165,0.000180864,0.00018057,0.000180284,0.000180004,0.00017973,0.000179462,0.0001792,0.000178943,0.000178691,0.000178445,0.000178203,0.000177965,0.000177732,0.000177503,0.000177278,0.000177057,0.000176839,0.000176625,0.000176414,0.000176207,0.000176003,0.000175802,0.000175603,0.000175408,0.000175216,0.000175026,0.000174838,0.000174653,0.000174471,0.000174291,0.000174113,0.000173937,0.000173764,0.000173593,0.000173423,0.000173256,0.000173091,0.000172927,0.000172765,0.000172606,0.000172447,0.000172291,0.000172136,0.000171983,0.000171832,0.000171682,0.000171533,0.000171386,0.00017124,0.000171096,0.000170954,0.000170812,0.000170672
0.000474878,0.000435527,0.000398837,0.000365104,0.000334641,0.000307746,0.000284642,0.000265408,0.000249901,0.000237741,0.000228382,0.000221224,0.000215721,0.000211432,0.000208026,0.000205267,0.000202984,0.00020106,0.000199409,0.000197972,0.000196702,0.000195568,0.000194545,0.000193613,0.000192758,0.000191968,0.000191234,0.000190549,0.000189906,0.0001893,0.000188727,0.000188184,0.000187667,0.000187174,0.000186703,0.000186251,0.000185817,0.0001854,0.000184998,0.000184611,0.000184236,0.000183873,0.000183522,0.000183181,0.00018285,0.000182528,0.000182215,0.00018191,0.000181613,0.000181324,0.000181041,0.000180764,0.000180494,0.00018023,0.000179971,0.000179718,0.000179469,0.000179226,0.000178987,0.000178753,0.000178523,0.000178297,0.000178075,0.000177856,0.000177642,0.000177431,0.000177223,0.000177018,0.000176817,0.000176618,0.000176422,0.00017623,0.000176039,0.000175852,0.000175667,0.000175484,0.000175304,0.000175127,0.000174951,0.000174778,0.000174606,0.000174437,0.00017427,0.000174105,0.000173941,0.00017378,0.00017362,0.000173462,0.000173306,0.000173152,0.000172999,0.000172847,0.000172697,0.000172549,0.000172402,0.000172257,0.000172113,0.000171971,0.00017183,0.00017169,0.000171551
0.000477336,0.000438013,0.000401333,0.000367587,0.000337077,0.000310092,0.000286851,0.000267434,0.000251712,0.000239329,0.00022976,0.000222421,0.000216773,0.000212371,0.000208882,0.00020606,0.000203732,0.000201775,0.0002001,0.000198646,0.000197365,0.000196224,0.000195196,0.000194262,0.000193406,0.000192617,0.000191885,0.000191202,0.000190562,0.000189959,0.00018939,0.000188851,0.000188338,0.00018785,0.000187383,0.000186935,0.000186506,0.000186094,0.000185696,0.000185313,0.000184942,0.000184584,0.000184237,0.000183901,0.000183574,0.000183256,0.000182947,0.000182646,0.000182353,0.000182067,0.000181788,0.000181515,0.000181249,0.000180988,0.000180733,0.000180483,0.000180238,0.000179998,0.000179762,0.000179531,0.000179304,0.000179082,0.000178863,0.000178647,0.000178435,0.000178227,0.000178022,0.00017782,0.000177621,0.000177426,0.000177233,0.000177042,0.000176855,0.00017667,0.000176487,0.000176307,0.00017613,0.000175954,0.000175781,0.00017561,0.000175441,0.000175274,0.000175109,0.000174946,0.000174784,0.000174625,0.000174467,0.000174311,0.000174157,0.000174004,0.000173853,0.000173704,0.000173556,0.000173409,0.000173264,0.000173121,0.000172978,0.000172838,0.000172698,0.00017256,0.000172423
0.000479782,0.000440486,0.000403817,0.000370056,0.000339501,0.000312428,0.000289054,0.00026946,0.000253528,0.000240925,0.000231147,0.000223627,0.000217831,0.000213315,0.000209738,0.000206852,0.000204476,0.000202485,0.000200786,0.000199314,0.000198021,0.000196871,0.000195838,0.000194901,0.000194045,0.000193256,0.000192526,0.000191845,0.000191208,0.000190609,0.000190044,0.000189508,0.000189,0.000188515,0.000188053,0.00018761,0.000187185,0.000186777,0.000186384,0.000186005,0.000185639,0.000185285,0.000184943,0.00018461,0.000184288,0.000183974,0.000183669,0.000183373,0.000183083,0.000182801,0.000182526,0.000182257,0.000181994,0.000181737,0.000181485,0.000181239,0.000180998,0.000180761,0.000180529,0.000180301,0.000180077,0.000179857,0.000179642,0.000179429,0.00017922,0.000179015,0.000178813,0.000178614,0.000178418,0.000178225,0.000178034,0.000177847,0.000177662,0.000177479,0.000177299,0.000177122,0.000176947,0.000176773,0.000176603,0.000176434,0.000176267,0.000176102,0.000175939,0.000175778,0.000175619,0.000175462,0.000175306,0.000175152,0.000175,0.000174849,0.0001747,0.000174552,0.000174406,0.000174262,0.000174119,0.000173977,0.000173836,0.000173697,0.000173559,0.000173423,0.000173288
0.000482217,0.000442948,0.000406288,0.000372514,0.000341912,0.000314755,0.000291252,0.000271484,0.000255348,0.000242528,0.000232542,0.000224841,0.000218895,0.000214262,0.000210596,0.000207643,0.000205218,0.000203191,0.000201466,0.000199975,0.000198669,0.000197511,0.000196472,0.000195533,0.000194675,0.000193887,0.000193157,0.000192479,0.000191844,0.000191249,0.000190687,0.000190156,0.000189651,0.000189171,0.000188713,0.000188275,0.000187854,0.000187451,0.000187062,0.000186688,0.000186326,0.000185977,0.000185638,0.00018531,0.000184992,0.000184683,0.000184382,0.000184089,0.000183804,0.000183526,0.000183254,0.000182989,0.00018273,0.000182477,0.000182229,0.000181986,0.000181748,0.000181515,0.000181286,0.000181061,0.000180841,0.000180624,0.000180412,0.000180202,0.000179997,0.000179794,0.000179595,0.000179399,0.000179206,0.000179015,0.000178828,0.000178643,0.000178461,0.000178281,0.000178103,0.000177928,0.000177755,0.000177585,0.000177416,0.00017725,0.000177085,0.000176923,0.000176762,0.000176603,0.000176446,0.000176291,0.000176137,0.000175985,0.000175835,0.000175686,0.000175539,0.000175394,0.000175249,0.000175107,0.000174965,0.000174825,0.000174687,0.000174549,0.000174413,0.000174278,0.000174145
0.000484641,0.000445397,0.000408746,0.000374958,0.000344313,0.000317073,0.000293443,0.000273507,0.000257171,0.000244137,0.000233947,0.000226063,0.000219967,0.000215214,0.000211456,0.000208434,0.000205958,0.000203893,0.00020214,0.00020063,0.000199311,0.000198143,0.000197099,0.000196155,0.000195296,0.000194508,0.000193779,0.000193103,0.000192471,0.000191879,0.000191321,0.000190793,0.000190293,0.000189817,0.000189363,0.000188929,0.000188514,0.000188114,0.00018773,0.000187361,0.000187003,0.000186658,0.000186324,0.000186001,0.000185687,0.000185382,0.000185085,0.000184797,0.000184515,0.000184241,0.000183974,0.000183712,0.000183457,0.000183207,0.000182963,0.000182724,0.00018249,0.00018226,0.000182034,0.000181813,0.000181596,0.000181383,0.000181173,0.000180967,0.000180764,0.000180565,0.000180369,0.000180175,0.000179985,0.000179798,0.000179613,0.000179431,0.000179251,0.000179074,0.000178899,0.000178726,0.000178556,0.000178388,0.000178222,0.000178058,0.000177895,0.000177735,0.000177577,0.00017742,0.000177265,0.000177112,0.000176961,0.000176811,0.000176663,0.000176516,0.000176371,0.000176227,0.000176085,0.000175944,0.000175804,0.000175666,0.000175529,0.000175394,0.000175259,0.000175126,0.000174994
0.000487054,0.000447836,0.000411193,0.000377391,0.000346701,0.000319381,0.000295628,0.000275529,0.000258997,0.000245753,0.000235359,0.000227293,0.000221045,0.00021617,0.000212319,0.000209225,0.000206696,0.000204592,0.000202811,0.00020128,0.000199946,0.000198768,0.000197717,0.00019677,0.000195909,0.00019512,0.000194392,0.000193718,0.000193089,0.000192499,0.000191945,0.000191421,0.000190925,0.000190453,0.000190004,0.000189574,0.000189163,0.000188768,0.000188389,0.000188024,0.000187671,0.000187331,0.000187001,0.000186682,0.000186372,0.000186071,0.000185779,0.000185495,0.000185217,0.000184947,0.000184684,0.000184426,0.000184175,0.000183929,0.000183688,0.000183453,0.000183222,0.000182996,0.000182774,0.000182556,0.000182342,0.000182132,0.000181926,0.000181723,0.000181523,0.000181327,0.000181134,0.000180944,0.000180756,0.000180571,0.000180389,0.00018021,0.000180033,0.000179859,0.000179686,0.000179516,0.000179349,0.000179183,0.000179019,0.000178857,0.000178698,0.00017854,0.000178384,0.000178229,0.000178077,0.000177926,0.000177777,0.000177629,0.000177483,0.000177338,0.000177195,0.000177053,0.000176913,0.000176774,0.000176636,0.0001765,0.000176365,0.000176231,0.000176099,0.000175967,0.000175837
0.000489457,0.000450262,0.000413628,0.000379812,0.000349079,0.00032168,0.000297808,0.000277548,0.000260825,0.000247376,0.00023678,0.000228532,0.000222129,0.000217132,0.000213184,0.000210017,0.000207433,0.000205288,0.000203477,0.000201924,0.000200574,0.000199386,0.000198328,0.000197376,0.000196513,0.000195723,0.000194997,0.000194324,0.000193697,0.00019311,0.000192559,0.000192039,0.000191547,0.00019108,0.000190635,0.00019021,0.000189803,0.000189413,0.000189038,0.000188677,0.000188329,0.000187993,0.000187668,0.000187353,0.000187048,0.000186752,0.000186464,0.000186183,0.00018591,0.000185644,0.000185385,0.000185131,0.000184884,0.000184642,0.000184405,0.000184173,0.000183946,0.000183723,0.000183505,0.00018329,0.00018308,0.000182873,0.00018267,0.00018247,0.000182274,0.000182081,0.000181891,0.000181703,0.000181519,0.000181337,0.000181158,0.000180981,0.000180807,0.000180635,0.000180466,0.000180298,0.000180133,0.00017997,0.000179809,0.000179649,0.000179492,0.000179337,0.000179183,0.000179031,0.000178881,0.000178732,0.000178585,0.000178439,0.000178295,0.000178153,0.000178011,0.000177872,0.000177733,0.000177596,0.000177461,0.000177326,0.000177193,0.000177061,0.00017693,0.000176801,0.000176672
0.000491849,0.000452678,0.000416051,0.000382221,0.000351447,0.00032397,0.000299981,0.000279566,0.000262656,0.000249005,0.000238208,0.000229779,0.000223222,0.000218098,0.000214052,0.00021081,0.000208169,0.000205981,0.000204139,0.000202563,0.000201197,0.000199997,0.000198931,0.000197975,0.000197109,0.000196318,0.000195592,0.000194921,0.000194296,0.000193713,0.000193165,0.000192649,0.00019216,0.000191697,0.000191256,0.000190836,0.000190434,0.000190048,0.000189678,0.000189322,0.000188978,0.000188647,0.000188326,0.000188016,0.000187715,0.000187423,0.000187139,0.000186863,0.000186594,0.000186332,0.000186077,0.000185827,0.000185584,0.000185345,0.000185112,0.000184884,0.000184661,0.000184442,0.000184227,0.000184016,0.000183809,0.000183606,0.000183406,0.000183209,0.000183016,0.000182826,0.000182639,0.000182455,0.000182273,0.000182094,0.000181918,0.000181744,0.000181573,0.000181404,0.000181237,0.000181072,0.00018091,0.000180749,0.00018059,0.000180434,0.000180279,0.000180126,0.000179974,0.000179825,0.000179677,0.00017953,0.000179385,0.000179242,0.0001791,0.00017896,0.00017882,0.000178683,0.000178547,0.000178411,0.000178278,0.000178145,0.000178014,0.000177884,0.000177755,0.000177627,0.000177501
0.000494231,0.000455083,0.000418463,0.000384619,0.000353803,0.000326251,0.000302149,0.000281582,0.00026449,0.000250639,0.000239645,0.000231034,0.000224321,0.00021907,0.000214924,0.000211604,0.000208904,0.000206672,0.000204797,0.000203198,0.000201814,0.000200602,0.000199528,0.000198566,0.000197697,0.000196905,0.000196179,0.000195509,0.000194887,0.000194306,0.000193761,0.000193249,0.000192764,0.000192305,0.000191869,0.000191453,0.000191055,0.000190674,0.000190308,0.000189957,0.000189618,0.000189291,0.000188975,0.000188669,0.000188372,0.000188085,0.000187805,0.000187534,0.000187269,0.000187011,0.00018676,0.000186514,0.000186275,0.00018604,0.000185811,0.000185587,0.000185367,0.000185152,0.00018494,0.000184733,0.000184529,0.000184329,0.000184133,0.00018394,0.00018375,0.000183563,0.000183379,0.000183198,0.000183019,0.000182844,0.00018267,0.000182499,0.000182331,0.000182164,0.000182,0.000181838,0.000181678,0.00018152,0.000181364,0.00018121,0.000181058,0.000180907,0.000180758,0.000180611,0.000180465,0.000180321,0.000180178,0.000180037,0.000179897,0.000179759,0.000179622,0.000179487,0.000179352,0.000179219,0.000179088,0.000178957,0.000178828,0.0001787,0.000178572,0.000178447,0.000178322
0.000496604,0.000457478,0.000420864,0.000387006,0.000356149,0.000328524,0.000304311,0.000283596,0.000266325,0.000252279,0.000241089,0.000232297,0.000225428,0.000220048,0.000215799,0.0002124,0.000209639,0.000207362,0.000205452,0.000203828,0.000202426,0.000201201,0.000200117,0.00019915,0.000198277,0.000197484,0.000196758,0.000196089,0.000195468,0.00019489,0.000194349,0.00019384,0.000193359,0.000192904,0.000192472,0.00019206,0.000191667,0.000191291,0.00019093,0.000190583,0.000190248,0.000189926,0.000189614,0.000189313,0.000189021,0.000188738,0.000188463,0.000188195,0.000187935,0.000187681,0.000187434,0.000187193,0.000186957,0.000186727,0.000186501,0.000186281,0.000186065,0.000185853,0.000185645,0.000185441,0.000185241,0.000185045,0.000184852,0.000184662,0.000184475,0.000184292,0.000184111,0.000183933,0.000183757,0.000183585,0.000183414,0.000183246,0.000183081,0.000182917,0.000182756,0.000182596,0.000182439,0.000182284,0.00018213,0.000181979,0.000181829,0.00018168,0.000181534,0.000181389,0.000181246,0.000181104,0.000180964,0.000180825,0.000180687,0.000180551,0.000180416,0.000180283,0.000180151,0.00018002,0.00017989,0.000179762,0.000179634,0.000179508,0.000179383,0.000179259,0.000179136
0.000498966,0.000459861,0.000423254,0.000389382,0.000358485,0.000330788,0.000306467,0.000285607,0.000268162,0.000253924,0.00024254,0.000233568,0.000226542,0.000221032,0.000216678,0.000213197,0.000210374,0.000208049,0.000206105,0.000204454,0.000203033,0.000201794,0.000200701,0.000199727,0.00019885,0.000198055,0.000197329,0.00019666,0.000196042,0.000195466,0.000194927,0.000194422,0.000193945,0.000193494,0.000193066,0.000192659,0.00019227,0.000191898,0.000191542,0.000191199,0.00019087,0.000190552,0.000190245,0.000189948,0.000189661,0.000189382,0.000189111,0.000188848,0.000188592,0.000188343,0.000188099,0.000187862,0.000187631,0.000187404,0.000187183,0.000186966,0.000186754,0.000186546,0.000186342,0.000186142,0.000185945,0.000185752,0.000185562,0.000185376,0.000185193,0.000185012,0.000184835,0.00018466,0.000184487,0.000184318,0.00018415,0.000183985,0.000183822,0.000183662,0.000183503,0.000183347,0.000183192,0.000183039,0.000182889,0.000182739,0.000182592,0.000182446,0.000182302,0.00018216,0.000182019,0.000181879,0.000181741,0.000181605,0.00018147,0.000181336,0.000181203,0.000181072,0.000180942,0.000180813,0.000180685,0.000180559,0.000180433,0.000180309,0.000180186,0.000180064,0.000179943
0.000501319,0.000462235,0.000425634,0.000391748,0.000360812,0.000333044,0.000308617,0.000287616,0.00027,0.000255573,0.000243999,0.000234848,0.000227663,0.000222021,0.000217562,0.000213998,0.00021111,0.000208736,0.000206755,0.000205076,0.000203635,0.000202381,0.000201278,0.000200297,0.000199416,0.000198619,0.000197892,0.000197224,0.000196607,0.000196033,0.000195498,0.000194995,0.000194522,0.000194075,0.000193652,0.000193249,0.000192864,0.000192497,0.000192145,0.000191807,0.000191482,0.000191169,0.000190867,0.000190574,0.000190291,0.000190017,0.000189751,0.000189492,0.00018924,0.000188995,0.000188756,0.000188523,0.000188296,0.000188073,0.000187856,0.000187643,0.000187434,0.00018723,0.00018703,0.000186833,0.00018664,0.000186451,0.000186265,0.000186082,0.000185902,0.000185725,0.00018555,0.000185378,0.000185209,0.000185043,0.000184878,0.000184716,0.000184556,0.000184399,0.000184243,0.000184089,0.000183937,0.000183787,0.000183639,0.000183493,0.000183348,0.000183205,0.000183063,0.000182923,0.000182785,0.000182648,0.000182512,0.000182378,0.000182245,0.000182113,0.000181983,0.000181854,0.000181726,0.000181599,0.000181473,0.000181349,0.000181226,0.000181103,0.000180982,0.000180862,0.000180743
0.000503663,0.000464599,0.000428003,0.000394103,0.000363128,0.000335291,0.000310761,0.000289623,0.00027184,0.000257228,0.000245465,0.000236135,0.000228793,0.000223017,0.00021845,0.0002148,0.000211847,0.000209422,0.000207402,0.000205695,0.000204232,0.000202963,0.000201849,0.000200861,0.000199975,0.000199175,0.000198447,0.000197779,0.000197163,0.000196592,0.000196059,0.00019556,0.000195091,0.000194648,0.000194228,0.00019383,0.00019345,0.000193087,0.00019274,0.000192406,0.000192086,0.000191777,0.000191479,0.000191192,0.000190913,0.000190643,0.000190382,0.000190127,0.00018988,0.000189639,0.000189404,0.000189175,0.000188952,0.000188734,0.00018852,0.000188311,0.000188107,0.000187906,0.00018771,0.000187517,0.000187327,0.000187141,0.000186959,0.000186779,0.000186603,0.000186429,0.000186258,0.000186089,0.000185923,0.00018576,0.000185598,0.000185439,0.000185282,0.000185128,0.000184975,0.000184824,0.000184675,0.000184528,0.000184382,0.000184238,0.000184096,0.000183956,0.000183817,0.000183679,0.000183543,0.000183408,0.000183275,0.000183143,0.000183013,0.000182883,0.000182755,0.000182628,0.000182502,0.000182378,0.000182254,0.000182132,0.000182011,0.000181891,0.000181771,0.000181653,0.000181536
0.000505997,0.000466953,0.000430362,0.000396448,0.000365435,0.00033753,0.000312899,0.000291627,0.00027368,0.000258886,0.000246937,0.00023743,0.000229929,0.00022402,0.000219343,0.000215606,0.000212585,0.000210108,0.000208048,0.000206311,0.000204826,0.00020354,0.000202415,0.000201418,0.000200527,0.000199725,0.000198995,0.000198327,0.000197712,0.000197143,0.000196613,0.000196117,0.000195651,0.000195212,0.000194796,0.000194402,0.000194027,0.000193668,0.000193325,0.000192997,0.000192681,0.000192377,0.000192084,0.000191801,0.000191527,0.000191261,0.000191004,0.000190754,0.000190511,0.000190275,0.000190044,0.000189819,0.0001896,0.000189386,0.000189176,0.000188971,0.00018877,0.000188574,0.000188381,0.000188192,0.000188006,0.000187824,0.000187645,0.000187469,0.000187296,0.000187125,0.000186957,0.000186792,0.000186629,0.000186469,0.000186311,0.000186155,0.000186001,0.000185849,0.000185699,0.000185551,0.000185405,0.00018526,0.000185118,0.000184977,0.000184837,0.000184699,0.000184563,0.000184428,0.000184294,0.000184162,0.000184031,0.000183901,0.000183773,0.000183646,0.00018352,0.000183396,0.000183272,0.00018315,0.000183028,0.000182908,0.000182789,0.000182671,0.000182554,0.000182437,0.000182322
0.000508322,0.000469297,0.000432711,0.000398784,0.000367733,0.000339762,0.000315032,0.000293628,0.000275522,0.000260549,0.000248416,0.000238732,0.000231073,0.000225029,0.00022024,0.000216415,0.000213324,0.000210793,0.000208692,0.000206924,0.000205416,0.000204113,0.000202975,0.00020197,0.000201073,0.000200267,0.000199536,0.000198868,0.000198254,0.000197686,0.000197158,0.000196665,0.000196203,0.000195768,0.000195356,0.000194966,0.000194595,0.000194241,0.000193903,0.000193578,0.000193267,0.000192968,0.000192679,0.000192401,0.000192131,0.000191871,0.000191618,0.000191372,0.000191134,0.000190901,0.000190675,0.000190455,0.00019024,0.000190029,0.000189824,0.000189623,0.000189426,0.000189233,0.000189044,0.000188859,0.000188677,0.000188498,0.000188323,0.00018815,0.00018798,0.000187813,0.000187649,0.000187487,0.000187328,0.00018717,0.000187015,0.000186862,0.000186711,0.000186563,0.000186416,0.000186271,0.000186127,0.000185986,0.000185846,0.000185707,0.00018557,0.000185435,0.000185301,0.000185169,0.000185038,0.000184908,0.00018478,0.000184652,0.000184527,0.000184402,0.000184278,0.000184156,0.000184035,0.000183914,0.000183795,0.000183677,0.00018356,0.000183444,0.000183329,0.000183215,0.000183101
0.000510639,0.000471632,0.000435051,0.000401109,0.000370021,0.000341985,0.000317159,0.000295627,0.000277364,0.000262216,0.000249901,0.000240042,0.000232225,0.000226045,0.000221143,0.000217227,0.000214065,0.000211479,0.000209335,0.000207534,0.000206002,0.000204681,0.00020353,0.000202515,0.000201613,0.000200802,0.000200069,0.000199401,0.000198787,0.000198221,0.000197696,0.000197206,0.000196747,0.000196315,0.000195907,0.000195521,0.000195155,0.000194805,0.000194471,0.000194152,0.000193845,0.00019355,0.000193267,0.000192993,0.000192728,0.000192472,0.000192223,0.000191982,0.000191748,0.00019152,0.000191298,0.000191082,0.000190871,0.000190665,0.000190464,0.000190267,0.000190074,0.000189885,0.0001897,0.000189518,0.00018934,0.000189165,0.000188993,0.000188824,0.000188657,0.000188494,0.000188333,0.000188174,0.000188018,0.000187864,0.000187712,0.000187562,0.000187414,0.000187269,0.000187125,0.000186982,0.000186842,0.000186703,0.000186566,0.00018643,0.000186296,0.000186164,0.000186032,0.000185903,0.000185774,0.000185647,0.000185521,0.000185396,0.000185273,0.00018515,0.000185029,0.000184909,0.00018479,0.000184672,0.000184555,0.000184439,0.000184324,0.00018421,0.000184097,0.000183985,0.000183874
0.000512946,0.000473957,0.00043738,0.000403425,0.0003723,0.000344201,0.000319281,0.000297623,0.000279207,0.000263886,0.000251392,0.00024136,0.000233384,0.000227067,0.000222052,0.000218043,0.000214808,0.000212165,0.000209977,0.000208143,0.000206585,0.000205245,0.00020408,0.000203056,0.000202146,0.000201332,0.000200596,0.000199927,0.000199314,0.000198749,0.000198226,0.000197738,0.000197282,0.000196854,0.000196451,0.000196069,0.000195706,0.000195361,0.000195032,0.000194717,0.000194415,0.000194125,0.000193845,0.000193576,0.000193316,0.000193064,0.00019282,0.000192584,0.000192354,0.00019213,0.000191913,0.000191701,0.000191494,0.000191292,0.000191095,0.000190902,0.000190713,0.000190528,0.000190347,0.000190169,0.000189995,0.000189823,0.000189655,0.000189489,0.000189327,0.000189167,0.000189009,0.000188854,0.000188701,0.00018855,0.000188401,0.000188255,0.00018811,0.000187967,0.000187826,0.000187687,0.000187549,0.000187413,0.000187279,0.000187146,0.000187015,0.000186885,0.000186756,0.000186629,0.000186503,0.000186379,0.000186255,0.000186133,0.000186012,0.000185892,0.000185773,0.000185655,0.000185539,0.000185423,0.000185308,0.000185194,0.000185082,0.00018497,0.000184859,0.000184749,0.000184639
0.000515245,0.000476274,0.000439701,0.000405731,0.000374571,0.000346409,0.000321396,0.000299615,0.000281049,0.00026556,0.000252889,0.000242685,0.000234551,0.000228096,0.000222965,0.000218863,0.000215553,0.000212851,0.000210618,0.000208749,0.000207165,0.000205805,0.000204625,0.00020359,0.000202674,0.000201854,0.000201116,0.000200446,0.000199833,0.000199269,0.000198748,0.000198263,0.00019781,0.000197386,0.000196986,0.000196608,0.000196249,0.000195909,0.000195584,0.000195274,0.000194976,0.000194691,0.000194416,0.000194151,0.000193895,0.000193648,0.000193409,0.000193177,0.000192952,0.000192733,0.000192519,0.000192312,0.000192109,0.000191911,0.000191718,0.000191529,0.000191345,0.000191164,0.000190986,0.000190812,0.000190641,0.000190474,0.000190309,0.000190147,0.000189988,0.000189831,0.000189677,0.000189525,0.000189376,0.000189228,0.000189083,0.000188939,0.000188798,0.000188658,0.00018852,0.000188384,0.000188249,0.000188116,0.000187985,0.000187855,0.000187726,0.000187599,0.000187473,0.000187348,0.000187225,0.000187103,0.000186982,0.000186862,0.000186744,0.000186626,0.00018651,0.000186394,0.00018628,0.000186167,0.000186054,0.000185943,0.000185832,0.000185722,0.000185613,0.000185505,0.000185398
0.000517535,0.000478581,0.000442012,0.000408029,0.000376833,0.00034861,0.000323507,0.000301606,0.000282893,0.000267237,0.000254391,0.000244016,0.000235725,0.000229132,0.000223885,0.000219688,0.000216301,0.000213539,0.000211259,0.000209354,0.000207742,0.000206362,0.000205166,0.00020412,0.000203196,0.000202371,0.00020163,0.000200958,0.000200345,0.000199782,0.000199263,0.00019878,0.00019833,0.000197909,0.000197513,0.000197139,0.000196785,0.000196448,0.000196128,0.000195822,0.000195529,0.000195248,0.000194978,0.000194718,0.000194467,0.000194224,0.00019399,0.000193762,0.000193541,0.000193327,0.000193118,0.000192914,0.000192716,0.000192523,0.000192334,0.000192149,0.000191968,0.000191791,0.000191617,0.000191447,0.00019128,0.000191117,0.000190956,0.000190797,0.000190642,0.000190489,0.000190338,0.000190189,0.000190043,0.000189899,0.000189757,0.000189617,0.000189478,0.000189342,0.000189207,0.000189073,0.000188942,0.000188812,0.000188683,0.000188556,0.00018843,0.000188306,0.000188182,0.000188061,0.00018794,0.00018782,0.000187702,0.000187585,0.000187469,0.000187354,0.00018724,0.000187127,0.000187015,0.000186903,0.000186793,0.000186684,0.000186576,0.000186468,0.000186361,0.000186256,0.000186151
0.000519817,0.00048088,0.000444314,0.000410317,0.000379086,0.000350803,0.000325611,0.000303593,0.000284736,0.000268917,0.000255899,0.000245355,0.000236907,0.000230175,0.00022481,0.000220516,0.000217052,0.000214228,0.0002119,0.000209957,0.000208317,0.000206915,0.000205703,0.000204646,0.000203713,0.000202882,0.000202137,0.000201464,0.00020085,0.000200288,0.00019977,0.00019929,0.000198843,0.000198425,0.000198032,0.000197662,0.000197312,0.00019698,0.000196664,0.000196363,0.000196074,0.000195798,0.000195532,0.000195277,0.000195031,0.000194793,0.000194562,0.000194339,0.000194123,0.000193913,0.000193708,0.000193509,0.000193315,0.000193126,0.000192941,0.00019276,0.000192584,0.000192411,0.000192241,0.000192075,0.000191912,0.000191752,0.000191594,0.00019144,0.000191288,0.000191138,0.000190991,0.000190846,0.000190703,0.000190562,0.000190423,0.000190286,0.000190151,0.000190018,0.000189886,0.000189756,0.000189627,0.0001895,0.000189374,0.00018925,0.000189127,0.000189005,0.000188885,0.000188766,0.000188648,0.000188531,0.000188415,0.0001883,0.000188187,0.000188074,0.000187963,0.000187852,0.000187742,0.000187633,0.000187526,0.000187419,0.000187312,0.000187207,0.000187103,0.000186999,0.000186896
0.00052209,0.00048317,0.000446607,0.000412596,0.000381331,0.000352989,0.000327711,0.000305577,0.000286579,0.0002706,0.000257412,0.0002467,0.000238095,0.000231224,0.000225741,0.000221349,0.000217805,0.000214919,0.000212541,0.00021056,0.00020889,0.000207465,0.000206237,0.000205166,0.000204224,0.000203388,0.000202639,0.000201963,0.000201349,0.000200787,0.000200271,0.000199793,0.000199348,0.000198933,0.000198544,0.000198178,0.000197832,0.000197504,0.000197192,0.000196895,0.000196612,0.00019634,0.000196079,0.000195828,0.000195586,0.000195353,0.000195127,0.000194908,0.000194697,0.000194491,0.000194291,0.000194096,0.000193906,0.000193721,0.000193541,0.000193364,0.000193191,0.000193022,0.000192857,0.000192695,0.000192535,0.000192379,0.000192225,0.000192075,0.000191926,0.00019178,0.000191636,0.000191495,0.000191355,0.000191218,0.000191082,0.000190949,0.000190817,0.000190686,0.000190558,0.000190431,0.000190305,0.000190181,0.000190058,0.000189937,0.000189817,0.000189698,0.00018958,0.000189464,0.000189348,0.000189234,0.000189121,0.000189009,0.000188898,0.000188788,0.000188679,0.00018857,0.000188463,0.000188357,0.000188251,0.000188146,0.000188043,0.00018794,0.000187837,0.000187736,0.000187635
0.000524356,0.000485451,0.000448891,0.000414867,0.000383568,0.000355168,0.000329804,0.000307558,0.000288421,0.000272285,0.000258931,0.000248052,0.000239291,0.000232281,0.000226678,0.000222187,0.000218562,0.000215611,0.000213182,0.000211161,0.00020946,0.000208012,0.000206766,0.000205682,0.000204731,0.000203888,0.000203134,0.000202456,0.000201841,0.00020128,0.000200764,0.000200288,0.000199846,0.000199434,0.000199049,0.000198686,0.000198344,0.00019802,0.000197713,0.00019742,0.000197141,0.000196874,0.000196617,0.000196371,0.000196134,0.000195905,0.000195684,0.00019547,0.000195262,0.000195061,0.000194865,0.000194675,0.00019449,0.000194309,0.000194132,0.00019396,0.000193791,0.000193627,0.000193465,0.000193307,0.000193151,0.000192999,0.000192849,0.000192702,0.000192557,0.000192415,0.000192274,0.000192136,0.000192,0.000191866,0.000191734,0.000191604,0.000191475,0.000191348,0.000191222,0.000191098,0.000190976,0.000190855,0.000190735,0.000190616,0.000190499,0.000190383,0.000190268,0.000190155,0.000190042,0.00018993,0.00018982,0.00018971,0.000189602,0.000189494,0.000189388,0.000189282,0.000189177,0.000189073,0.00018897,0.000188868,0.000188766,0.000188665,0.000188565,0.000188466,0.000188367
0.000526613,0.000487724,0.000451166,0.000417129,0.000385797,0.00035734,0.000331893,0.000309535,0.000290264,0.000273973,0.000260454,0.00024941,0.000240494,0.000233345,0.000227622,0.00022303,0.000219323,0.000216305,0.000213824,0.000211762,0.000210029,0.000208557,0.000207292,0.000206194,0.000205233,0.000204382,0.000203624,0.000202943,0.000202327,0.000201765,0.000201251,0.000200776,0.000200337,0.000199928,0.000199546,0.000199187,0.000198849,0.000198529,0.000198226,0.000197937,0.000197663,0.0001974,0.000197148,0.000196906,0.000196674,0.000196449,0.000196233,0.000196023,0.00019582,0.000195623,0.000195432,0.000195246,0.000195065,0.000194889,0.000194717,0.000194548,0.000194384,0.000194223,0.000194065,0.000193911,0.00019376,0.000193611,0.000193465,0.000193321,0.00019318,0.000193042,0.000192905,0.000192771,0.000192638,0.000192507,0.000192378,0.000192251,0.000192126,0.000192002,0.00019188,0.000191759,0.000191639,0.000191521,0.000191404,0.000191289,0.000191175,0.000191061,0.000190949,0.000190838,0.000190729,0.00019062,0.000190512,0.000190405,0.000190299,0.000190194,0.00019009,0.000189987,0.000189885,0.000189783,0.000189682,0.000189582,0.000189483,0.000189384,0.000189287,0.000189189,0.000189093
0.000528863,0.000489988,0.000453434,0.000419383,0.000388018,0.000359505,0.000333976,0.00031151,0.000292106,0.000275663,0.000261981,0.000250775,0.000241704,0.000234415,0.000228571,0.000223877,0.000220087,0.000217002,0.000214467,0.000212363,0.000210597,0.000209099,0.000207815,0.000206702,0.00020573,0.000204872,0.000204109,0.000203425,0.000202807,0.000202245,0.000201731,0.000201258,0.000200821,0.000200415,0.000200035,0.00019968,0.000199346,0.00019903,0.000198731,0.000198447,0.000198177,0.000197918,0.000197671,0.000197434,0.000197206,0.000196986,0.000196774,0.000196569,0.000196371,0.000196178,0.000195992,0.00019581,0.000195633,0.000195461,0.000195293,0.000195129,0.000194969,0.000194812,0.000194658,0.000194508,0.00019436,0.000194216,0.000194073,0.000193934,0.000193796,0.000193661,0.000193528,0.000193397,0.000193268,0.000193141,0.000193016,0.000192892,0.00019277,0.000192649,0.00019253,0.000192412,0.000192296,0.000192181,0.000192067,0.000191954,0.000191843,0.000191733,0.000191624,0.000191516,0.000191408,0.000191302,0.000191197,0.000191093,0.00019099,0.000190887,0.000190786,0.000190685,0.000190585,0.000190486,0.000190388,0.00019029,0.000190193,0.000190097,0.000190001,0.000189906,0.000189812
0.000531104,0.000492245,0.000455692,0.000421628,0.000390231,0.000361663,0.000336054,0.000313482,0.000293947,0.000277355,0.000263513,0.000252146,0.000242921,0.000235492,0.000229527,0.00022473,0.000220855,0.000217701,0.000215111,0.000212964,0.000211164,0.000209639,0.000208335,0.000207207,0.000206223,0.000205357,0.000204588,0.0002039,0.00020328,0.000202718,0.000202204,0.000201733,0.000201298,0.000200894,0.000200518,0.000200166,0.000199835,0.000199524,0.000199229,0.000198949,0.000198683,0.000198429,0.000198187,0.000197954,0.00019773,0.000197515,0.000197308,0.000197107,0.000196913,0.000196725,0.000196543,0.000196366,0.000196194,0.000196026,0.000195862,0.000195702,0.000195546,0.000195393,0.000195244,0.000195097,0.000194954,0.000194813,0.000194675,0.000194539,0.000194405,0.000194274,0.000194144,0.000194017,0.000193891,0.000193768,0.000193646,0.000193525,0.000193406,0.000193289,0.000193173,0.000193058,0.000192945,0.000192833,0.000192723,0.000192613,0.000192505,0.000192397,0.000192291,0.000192186,0.000192081,0.000191978,0.000191876,0.000191774,0.000191674,0.000191574,0.000191475,0.000191377,0.000191279,0.000191182,0.000191086,0.000190991,0.000190897,0.000190803,0.00019071,0.000190617,0.000190525
0.000533338,0.000494493,0.000457943,0.000423866,0.000392436,0.000363814,0.000338127,0.00031545,0.000295787,0.000279049,0.000265049,0.000253522,0.000244145,0.000236577,0.000230489,0.000225588,0.000221627,0.000218403,0.000215757,0.000213564,0.000211729,0.000210177,0.000208852,0.000207708,0.000206712,0.000205837,0.000205062,0.000204371,0.000203748,0.000203185,0.000202672,0.000202201,0.000201768,0.000201367,0.000200994,0.000200645,0.000200318,0.00020001,0.00019972,0.000199444,0.000199182,0.000198933,0.000198695,0.000198466,0.000198247,0.000198037,0.000197834,0.000197638,0.000197449,0.000197265,0.000197087,0.000196915,0.000196747,0.000196583,0.000196424,0.000196268,0.000196116,0.000195967,0.000195822,0.00019568,0.00019554,0.000195403,0.000195268,0.000195136,0.000195006,0.000194879,0.000194753,0.000194629,0.000194507,0.000194387,0.000194268,0.000194151,0.000194036,0.000193922,0.000193809,0.000193698,0.000193588,0.000193479,0.000193371,0.000193265,0.000193159,0.000193055,0.000192951,0.000192849,0.000192748,0.000192647,0.000192547,0.000192449,0.000192351,0.000192253,0.000192157,0.000192061,0.000191966,0.000191872,0.000191779,0.000191686,0.000191594,0.000191502,0.000191411,0.000191321,0.000191231
0.000535565,0.000496734,0.000460185,0.000426095,0.000394634,0.000365958,0.000340194,0.000317416,0.000297627,0.000280744,0.00026659,0.000254905,0.000245375,0.000237668,0.000231457,0.000226451,0.000222403,0.000219107,0.000216404,0.000214166,0.000212294,0.000210714,0.000209366,0.000208206,0.000207197,0.000206313,0.000205532,0.000204835,0.000204211,0.000203646,0.000203133,0.000202664,0.000202232,0.000201833,0.000201463,0.000201117,0.000200794,0.00020049,0.000200203,0.000199932,0.000199674,0.000199429,0.000199195,0.000198972,0.000198757,0.000198551,0.000198353,0.000198161,0.000197976,0.000197797,0.000197624,0.000197456,0.000197292,0.000197133,0.000196978,0.000196826,0.000196678,0.000196534,0.000196393,0.000196254,0.000196119,0.000195986,0.000195855,0.000195727,0.000195601,0.000195477,0.000195355,0.000195234,0.000195116,0.000194999,0.000194884,0.00019477,0.000194658,0.000194548,0.000194438,0.00019433,0.000194223,0.000194117,0.000194013,0.000193909,0.000193807,0.000193706,0.000193605,0.000193506,0.000193407,0.000193309,0.000193212,0.000193116,0.000193021,0.000192926,0.000192833,0.00019274,0.000192647,0.000192555,0.000192464,0.000192374,0.000192284,0.000192195,0.000192107,0.000192019,0.000191931
0.000537784,0.000498967,0.00046242,0.000428317,0.000396824,0.000368097,0.000342256,0.000319378,0.000299466,0.000282442,0.000268134,0.000256292,0.000246612,0.000238765,0.000232431,0.00022732,0.000223183,0.000219815,0.000217053,0.000214767,0.000212859,0.000211249,0.000209879,0.000208701,0.000207679,0.000206785,0.000205996,0.000205295,0.000204668,0.000204102,0.000203588,0.000203119,0.000202689,0.000202292,0.000201925,0.000201582,0.000201262,0.000200962,0.000200679,0.000200412,0.000200159,0.000199918,0.000199689,0.000199469,0.000199259,0.000199058,0.000198864,0.000198677,0.000198497,0.000198322,0.000198153,0.000197989,0.00019783,0.000197675,0.000197524,0.000197377,0.000197234,0.000197093,0.000196956,0.000196822,0.00019669,0.000196561,0.000196434,0.00019631,0.000196188,0.000196067,0.000195949,0.000195832,0.000195718,0.000195604,0.000195493,0.000195383,0.000195274,0.000195166,0.00019506,0.000194955,0.000194852,0.000194749,0.000194648,0.000194547,0.000194448,0.000194349,0.000194252,0.000194155,0.00019406,0.000193965,0.000193871,0.000193777,0.000193685,0.000193593,0.000193502,0.000193411,0.000193321,0.000193232,0.000193144,0.000193056,0.000192969,0.000192882,0.000192796,0.00019271,0.000192625
0.000539995,0.000501192,0.000464647,0.00043053,0.000399008,0.000370228,0.000344314,0.000321337,0.000301304,0.000284141,0.000269682,0.000257686,0.000247856,0.00023987,0.000233412,0.000228195,0.000223968,0.000220526,0.000217704,0.00021537,0.000213423,0.000211783,0.000210389,0.000209193,0.000208157,0.000207253,0.000206457,0.00020575,0.000205119,0.000204551,0.000204037,0.000203569,0.00020314,0.000202746,0.00020238,0.000202041,0.000201724,0.000201428,0.000201149,0.000200885,0.000200636,0.0002004,0.000200175,0.00019996,0.000199755,0.000199557,0.000199368,0.000199186,0.00019901,0.00019884,0.000198675,0.000198516,0.000198361,0.00019821,0.000198064,0.000197921,0.000197782,0.000197646,0.000197512,0.000197382,0.000197254,0.000197129,0.000197007,0.000196886,0.000196767,0.000196651,0.000196536,0.000196423,0.000196312,0.000196202,0.000196094,0.000195988,0.000195882,0.000195778,0.000195676,0.000195574,0.000195473,0.000195374,0.000195276,0.000195178,0.000195082,0.000194987,0.000194892,0.000194798,0.000194706,0.000194613,0.000194522,0.000194432,0.000194342,0.000194253,0.000194164,0.000194076,0.000193989,0.000193903,0.000193817,0.000193731,0.000193646,0.000193562,0.000193478,0.000193395,0.000193312
0.0005422,0.000503409,0.000466866,0.000432737,0.000401183,0.000372354,0.000346366,0.000323292,0.000303141,0.000285841,0.000271233,0.000259084,0.000249105,0.000240981,0.0002344,0.000229075,0.000224757,0.00022124,0.000218357,0.000215974,0.000213987,0.000212316,0.000210897,0.000209682,0.000208632,0.000207716,0.000206912,0.000206201,0.000205566,0.000204996,0.000204481,0.000204013,0.000203585,0.000203192,0.00020283,0.000202493,0.00020218,0.000201886,0.000201611,0.000201352,0.000201107,0.000200875,0.000200654,0.000200444,0.000200243,0.00020005,0.000199865,0.000199687,0.000199516,0.00019935,0.00019919,0.000199035,0.000198885,0.000198738,0.000198596,0.000198458,0.000198322,0.000198191,0.000198062,0.000197935,0.000197812,0.000197691,0.000197572,0.000197455,0.00019734,0.000197228,0.000197117,0.000197007,0.0001969,0.000196794,0.000196689,0.000196586,0.000196484,0.000196383,0.000196284,0.000196186,0.000196088,0.000195992,0.000195897,0.000195803,0.00019571,0.000195617,0.000195526,0.000195435,0.000195345,0.000195256,0.000195167,0.000195079,0.000194992,0.000194906,0.00019482,0.000194735,0.00019465,0.000194566,0.000194483,0.0001944,0.000194318,0.000194236,0.000194154,0.000194074,0.000193993
0.000544397,0.000505619,0.000469077,0.000434935,0.000403352,0.000374473,0.000348413,0.000325245,0.000304977,0.000287542,0.000272788,0.000260488,0.000250361,0.000242099,0.000235393,0.00022996,0.000225551,0.000221958,0.000219012,0.000216579,0.000214551,0.000212848,0.000211404,0.000210169,0.000209103,0.000208177,0.000207364,0.000206646,0.000206007,0.000205435,0.000204919,0.000204451,0.000204024,0.000203633,0.000203272,0.000202939,0.000202628,0.000202338,0.000202067,0.000201812,0.000201571,0.000201343,0.000201126,0.00020092,0.000200724,0.000200535,0.000200355,0.000200182,0.000200015,0.000199854,0.000199698,0.000199547,0.000199401,0.000199259,0.000199121,0.000198987,0.000198856,0.000198728,0.000198604,0.000198481,0.000198362,0.000198245,0.00019813,0.000198017,0.000197906,0.000197797,0.00019769,0.000197584,0.000197481,0.000197378,0.000197277,0.000197177,0.000197079,0.000196982,0.000196885,0.000196791,0.000196697,0.000196604,0.000196512,0.000196421,0.00019633,0.000196241,0.000196152,0.000196065,0.000195978,0.000195891,0.000195806,0.000195721,0.000195636,0.000195553,0.00019547,0.000195387,0.000195305,0.000195224,0.000195143,0.000195063,0.000194983,0.000194903,0.000194824,0.000194746,0.000194668
0.000546587,0.000507822,0.000471282,0.000437127,0.000405514,0.000376585,0.000350455,0.000327194,0.000306812,0.000289244,0.000274346,0.000261897,0.000251623,0.000243223,0.000236393,0.000230852,0.00022635,0.00022268,0.00021967,0.000217185,0.000215116,0.00021338,0.000211909,0.000210654,0.000209572,0.000208633,0.000207812,0.000207087,0.000206444,0.000205869,0.000205352,0.000204884,0.000204457,0.000204068,0.000203709,0.000203378,0.00020307,0.000202784,0.000202516,0.000202265,0.000202028,0.000201804,0.000201592,0.00020139,0.000201198,0.000201014,0.000200838,0.000200669,0.000200506,0.00020035,0.000200199,0.000200052,0.000199911,0.000199773,0.00019964,0.00019951,0.000199383,0.000199259,0.000199139,0.000199021,0.000198905,0.000198792,0.000198681,0.000198572,0.000198465,0.00019836,0.000198257,0.000198155,0.000198054,0.000197956,0.000197858,0.000197762,0.000197667,0.000197573,0.00019748,0.000197389,0.000197298,0.000197208,0.00019712,0.000197032,0.000196945,0.000196858,0.000196773,0.000196688,0.000196604,0.000196521,0.000196438,0.000196356,0.000196274,0.000196193,0.000196113,0.000196033,0.000195954,0.000195875,0.000195797,0.000195719,0.000195641,0.000195565,0.000195488,0.000195412,0.000195336
0.000548771,0.000510018,0.000473478,0.000439311,0.000407669,0.000378692,0.000352492,0.00032914,0.000308646,0.000290948,0.000275907,0.00026331,0.000252891,0.000244354,0.0002374,0.000231749,0.000227154,0.000223405,0.000220331,0.000217793,0.000215681,0.000213911,0.000212413,0.000211136,0.000210038,0.000209087,0.000208256,0.000207524,0.000206876,0.000206298,0.000205779,0.000205311,0.000204885,0.000204496,0.00020414,0.000203811,0.000203506,0.000203223,0.000202959,0.000202711,0.000202478,0.000202258,0.00020205,0.000201853,0.000201665,0.000201485,0.000201314,0.000201149,0.000200991,0.000200839,0.000200692,0.000200551,0.000200413,0.00020028,0.000200151,0.000200025,0.000199903,0.000199783,0.000199667,0.000199553,0.000199441,0.000199332,0.000199225,0.00019912,0.000199017,0.000198916,0.000198816,0.000198718,0.000198621,0.000198526,0.000198432,0.00019834,0.000198248,0.000198158,0.000198069,0.00019798,0.000197893,0.000197806,0.000197721,0.000197636,0.000197552,0.000197469,0.000197387,0.000197305,0.000197224,0.000197143,0.000197063,0.000196984,0.000196905,0.000196827,0.00019675,0.000196672,0.000196596,0.00019652,0.000196444,0.000196369,0.000196294,0.00019622,0.000196146,0.000196072,0.000195999
0.000550947,0.000512206,0.000475668,0.000441488,0.000409817,0.000380793,0.000354525,0.000331083,0.000310478,0.000292652,0.000277471,0.000264728,0.000254165,0.000245491,0.000238413,0.000232652,0.000227963,0.000224135,0.000220994,0.000218402,0.000216247,0.000214442,0.000212916,0.000211617,0.000210502,0.000209537,0.000208696,0.000207957,0.000207304,0.000206723,0.000206202,0.000205732,0.000205307,0.000204919,0.000204564,0.000204238,0.000203936,0.000203656,0.000203395,0.000203151,0.000202922,0.000202706,0.000202502,0.000202309,0.000202125,0.00020195,0.000201783,0.000201623,0.000201469,0.000201322,0.000201179,0.000201042,0.000200909,0.00020078,0.000200655,0.000200534,0.000200416,0.0002003,0.000200188,0.000200078,0.000199971,0.000199866,0.000199763,0.000199662,0.000199562,0.000199465,0.000199369,0.000199275,0.000199182,0.00019909,0.000199,0.000198911,0.000198823,0.000198736,0.00019865,0.000198565,0.000198481,0.000198398,0.000198316,0.000198234,0.000198153,0.000198073,0.000197994,0.000197915,0.000197837,0.000197759,0.000197682,0.000197606,0.00019753,0.000197455,0.00019738,0.000197306,0.000197232,0.000197158,0.000197085,0.000197013,0.00019694,0.000196868,0.000196797,0.000196726,0.000196655
