CO2 dmu_drho [uPa_s/kg/m3] Mixed
0.11117,0.0503778,0.0472019,0.0452197,0.0437383,0.0425434,0.0415378,0.0406685,0.0399028,0.039219,0.038602,0.0380404,0.0375258,0.0370516,0.0366125,0.0362042,0.0358232,0.0354665,0.0351317,0.0348166,0.0345195,0.0342387,0.0339728,0.0337207,0.0334813,0.0332537,0.0330369,0.0328303,0.0326331,0.0324448,0.0322647,0.0320924,0.0319275,0.0317694,0.0316179,0.0314724,0.0313328,0.0311988,0.0310699,0.0309461,0.030827,0.0307124,0.0306021,0.0304959,0.0303936,0.0302951,0.0302002,0.0301087,0.0300206,0.0299356,0.0298536,0.0297746,0.0296984,0.0296249,0.029554,0.0294856,0.0294197,0.0293561,0.0292947,0.0292356,0.0291785,0.0291235,0.0290704,0.0290193,0.02897,0.0289225,0.0288767,0.0288326,0.0287901,0.0287492,0.0287099,0.028672,0.0286356,0.0286006,0.0285669,0.0285346,0.0285035,0.0284737,0.0284452,0.0284178,0.0283916,0.0283665,0.0283425,0.0283196,0.0282977,0.0282768,0.0282569,0.028238,0.0282201,0.028203,0.0281869,0.0281716,0.0281572,0.0281436,0.0281308,0.0281188,0.0281076,0.0280972,0.0280875,0.0280785,0.0280703
0.122614,0.0517996,0.0480974,0.0459476,0.04438,0.0431311,0.0420877,0.04119,0.0404019,0.0396998,0.0390673,0.0384926,0.0379665,0.0374821,0.0370339,0.0366173,0.0362288,0.0358653,0.0355241,0.0352031,0.0349004,0.0346144,0.0343437,0.0340869,0.0338432,0.0336113,0.0333906,0.0331802,0.0329794,0.0327876,0.0326042,0.0324287,0.0322606,0.0320995,0.0319451,0.0317968,0.0316545,0.0315178,0.0313864,0.03126,0.0311384,0.0310215,0.0309088,0.0308004,0.0306959,0.0305952,0.0304982,0.0304047,0.0303145,0.0302275,0.0301436,0.0300627,0.0299846,0.0299093,0.0298366,0.0297665,0.0296988,0.0296335,0.0295704,0.0295096,0.0294509,0.0293943,0.0293397,0.029287,0.0292361,0.0291871,0.0291398,0.0290943,0.0290504,0.029008,0.0289673,0.028928,0.0288902,0.0288539,0.0288189,0.0287852,0.0287529,0.0287218,0.028692,0.0286634,0.0286359,0.0286096,0.0285844,0.0285603,0.0285372,0.0285152,0.0284941,0.0284741,0.028455,0.0284368,0.0284196,0.0284032,0.0283877,0.0283731,0.0283592,0.0283462,0.028334,0.0283225,0.0283118,0.0283019,0.0282926
0.130369,0.0534809,0.049034,0.0466863,0.0450232,0.0437164,0.0426333,0.0417062,0.0408952,0.0401745,0.0395266,0.0389386,0.038401,0.0379065,0.0374492,0.0370245,0.0366286,0.0362582,0.0359107,0.0355839,0.0352758,0.0349847,0.0347092,0.034448,0.0341999,0.033964,0.0337394,0.0335253,0.0333209,0.0331257,0.032939,0.0327604,0.0325893,0.0324253,0.032268,0.032117,0.031972,0.0318327,0.0316988,0.03157,0.031446,0.0313267,0.0312118,0.0311012,0.0309945,0.0308917,0.0307927,0.0306971,0.0306049,0.030516,0.0304302,0.0303474,0.0302675,0.0301904,0.030116,0.0300441,0.0299747,0.0299077,0.029843,0.0297806,0.0297203,0.0296621,0.029606,0.0295517,0.0294994,0.0294489,0.0294002,0.0293532,0.0293079,0.0292642,0.029222,0.0291814,0.0291423,0.0291046,0.0290683,0.0290334,0.0289998,0.0289674,0.0289364,0.0289065,0.0288779,0.0288503,0.028824,0.0287987,0.0287745,0.0287513,0.0287291,0.028708,0.0286878,0.0286685,0.0286502,0.0286327,0.0286162,0.0286005,0.0285856,0.0285716,0.0285583,0.0285459,0.0285342,0.0285232,0.028513
0.136558,0.0556003,0.0500237,0.0474388,0.045669,0.0442998,0.043175,0.0422175,0.0413829,0.0406434,0.0399798,0.0393785,0.0388294,0.0383248,0.0378586,0.0374258,0.0370225,0.0366454,0.0362918,0.0359593,0.0356458,0.0353497,0.0350695,0.0348039,0.0345516,0.0343117,0.0340833,0.0338656,0.0336578,0.0334592,0.0332694,0.0330876,0.0329136,0.0327467,0.0325866,0.0324329,0.0322854,0.0321435,0.0320071,0.0318759,0.0317497,0.0316281,0.031511,0.0313982,0.0312895,0.0311846,0.0310835,0.030986,0.0308919,0.0308011,0.0307135,0.0306289,0.0305472,0.0304683,0.0303921,0.0303186,0.0302475,0.0301789,0.0301126,0.0300486,0.0299868,0.029927,0.0298694,0.0298137,0.0297599,0.0297079,0.0296578,0.0296094,0.0295627,0.0295176,0.0294741,0.0294322,0.0293918,0.0293528,0.0293152,0.029279,0.0292442,0.0292106,0.0291783,0.0291473,0.0291174,0.0290888,0.0290612,0.0290348,0.0290094,0.0289851,0.0289619,0.0289396,0.0289183,0.028898,0.0288786,0.0288601,0.0288425,0.0288258,0.0288099,0.0287949,0.0287806,0.0287672,0.0287545,0.0287426,0.0287314
0.141833,0.0585423,0.0510837,0.048209,0.0463188,0.0448821,0.0437131,0.0427239,0.0418652,0.0411064,0.040427,0.0398124,0.0392518,0.0387372,0.038262,0.0378212,0.0374107,0.037027,0.0366673,0.0363291,0.0360104,0.0357094,0.0354246,0.0351546,0.0348983,0.0346545,0.0344224,0.0342011,0.0339899,0.0337881,0.0335951,0.0334104,0.0332335,0.0330638,0.032901,0.0327447,0.0325946,0.0324503,0.0323115,0.032178,0.0320495,0.0319257,0.0318065,0.0316915,0.0315808,0.0314739,0.0313708,0.0312714,0.0311754,0.0310828,0.0309933,0.030907,0.0308235,0.0307429,0.0306651,0.0305899,0.0305172,0.030447,0.0303792,0.0303136,0.0302503,0.030189,0.0301299,0.0300727,0.0300175,0.0299642,0.0299127,0.0298629,0.0298148,0.0297684,0.0297236,0.0296804,0.0296387,0.0295984,0.0295596,0.0295222,0.0294861,0.0294514,0.0294179,0.0293857,0.0293547,0.0293248,0.0292962,0.0292686,0.0292422,0.0292168,0.0291924,0.0291691,0.0291467,0.0291254,0.0291049,0.0290854,0.0290668,0.0290491,0.0290322,0.0290162,0.029001,0.0289865,0.0289729,0.02896,0.0289479
0.146499,0.0632419,0.052237,0.0490015,0.0469743,0.0454639,0.044248,0.0432257,0.0423422,0.0415638,0.0408684,0.0402403,0.0396683,0.0391436,0.0386595,0.0382108,0.0377932,0.0374029,0.0370372,0.0366935,0.0363697,0.0360639,0.0357746,0.0355003,0.03524,0.0349924,0.0347567,0.0345319,0.0343174,0.0341125,0.0339164,0.0337288,0.033549,0.0333766,0.0332112,0.0330524,0.0328998,0.0327531,0.032612,0.0324762,0.0323455,0.0322195,0.0320982,0.0319812,0.0318684,0.0317596,0.0316547,0.0315533,0.0314555,0.0313611,0.0312699,0.0311818,0.0310967,0.0310144,0.0309349,0.0308581,0.0307839,0.0307121,0.0306427,0.0305757,0.0305108,0.0304482,0.0303876,0.030329,0.0302724,0.0302177,0.0301648,0.0301137,0.0300643,0.0300166,0.0299705,0.029926,0.0298831,0.0298416,0.0298015,0.0297629,0.0297257,0.0296897,0.0296551,0.0296217,0.0295896,0.0295586,0.0295288,0.0295002,0.0294727,0.0294462,0.0294208,0.0293964,0.029373,0.0293506,0.0293292,0.0293086,0.029289,0.0292703,0.0292525,0.0292355,0.0292193,0.0292039,0.0291894,0.0291756,0.0291625
0.150724,0.071757,0.0535168,0.0498219,0.0476372,0.046046,0.0447801,0.0437233,0.0428141,0.0420157,0.041304,0.0406624,0.0400788,0.0395441,0.0390513,0.0385947,0.03817,0.0377733,0.0374017,0.0370525,0.0367237,0.0364132,0.0361194,0.035841,0.0355767,0.0353254,0.0350862,0.0348581,0.0346403,0.0344323,0.0342333,0.0340428,0.0338603,0.0336852,0.0335173,0.0333559,0.0332009,0.0330519,0.0329085,0.0327705,0.0326377,0.0325096,0.0323862,0.0322673,0.0321525,0.0320418,0.031935,0.0318319,0.0317323,0.0316361,0.0315431,0.0314533,0.0313666,0.0312827,0.0312016,0.0311232,0.0310475,0.0309742,0.0309033,0.0308348,0.0307685,0.0307044,0.0306424,0.0305825,0.0305245,0.0304684,0.0304142,0.0303618,0.0303112,0.0302622,0.0302148,0.0301691,0.0301249,0.0300822,0.030041,0.0300012,0.0299628,0.0299257,0.0298899,0.0298554,0.0298222,0.0297901,0.0297593,0.0297295,0.0297009,0.0296734,0.029647,0.0296216,0.0295972,0.0295737,0.0295513,0.0295298,0.0295092,0.0294895,0.0294707,0.0294528,0.0294357,0.0294194,0.0294039,0.0293892,0.0293752
0.154613,0.0833142,0.0549701,0.0506776,0.0483099,0.0466295,0.04531,0.0442169,0.0432811,0.0424622,0.041734,0.0410788,0.0404836,0.0399389,0.0394373,0.038973,0.0385412,0.0381382,0.0377608,0.0374062,0.0370724,0.0367573,0.0364592,0.0361768,0.0359086,0.0356537,0.035411,0.0351796,0.0349587,0.0347476,0.0345458,0.0343525,0.0341673,0.0339896,0.0338192,0.0336554,0.0334981,0.0333468,0.0332012,0.0330611,0.0329261,0.032796,0.0326706,0.0325497,0.0324331,0.0323205,0.0322119,0.032107,0.0320056,0.0319077,0.0318131,0.0317217,0.0316333,0.0315478,0.0314652,0.0313853,0.031308,0.0312333,0.0311609,0.031091,0.0310233,0.0309578,0.0308944,0.0308331,0.0307738,0.0307165,0.030661,0.0306073,0.0305554,0.0305052,0.0304566,0.0304097,0.0303643,0.0303204,0.030278,0.0302371,0.0301975,0.0301593,0.0301224,0.0300868,0.0300525,0.0300194,0.0299874,0.0299566,0.029927,0.0298985,0.029871,0.0298446,0.0298192,0.0297948,0.0297714,0.0297489,0.0297273,0.0297067,0.029687,0.0296681,0.0296501,0.0296329,0.0296165,0.0296009,0.029586
0.158236,0.093834,0.0566643,0.0515773,0.0489949,0.0472154,0.0458382,0.0447068,0.0437434,0.0429034,0.0421585,0.0414895,0.0408827,0.040328,0.0398177,0.0393456,0.0389069,0.0384976,0.0381144,0.0377547,0.037416,0.0370963,0.036794,0.0365076,0.0362357,0.0359772,0.0357311,0.0354965,0.0352725,0.0350585,0.0348538,0.0346578,0.03447,0.0342899,0.034117,0.0339509,0.0337913,0.0336377,0.03349,0.0333478,0.0332108,0.0330787,0.0329514,0.0328286,0.0327101,0.0325958,0.0324853,0.0323787,0.0322756,0.0321761,0.0320799,0.0319868,0.0318969,0.0318099,0.0317257,0.0316443,0.0315656,0.0314894,0.0314156,0.0313443,0.0312752,0.0312084,0.0311437,0.0310811,0.0310205,0.0309618,0.0309051,0.0308501,0.030797,0.0307456,0.0306958,0.0306477,0.0306011,0.0305561,0.0305126,0.0304705,0.0304298,0.0303905,0.0303526,0.0303159,0.0302805,0.0302463,0.0302133,0.0301815,0.0301509,0.0301213,0.0300929,0.0300655,0.0300391,0.0300137,0.0299894,0.0299659,0.0299435,0.0299219,0.0299012,0.0298815,0.0298625,0.0298444,0.0298271,0.0298107,0.029795
0.161643,0.102178,0.0586952,0.0525323,0.0496954,0.047805,0.0463653,0.0451934,0.0442013,0.0433396,0.0425776,0.0418946,0.0412761,0.0407114,0.0401924,0.0397126,0.0392671,0.0388516,0.0384628,0.0380979,0.0377544,0.0374303,0.0371238,0.0368335,0.0365579,0.036296,0.0360466,0.0358088,0.0355819,0.035365,0.0351576,0.034959,0.0347686,0.034586,0.0344107,0.0342424,0.0340805,0.0339248,0.033775,0.0336307,0.0334917,0.0333578,0.0332286,0.0331039,0.0329836,0.0328675,0.0327554,0.032647,0.0325424,0.0324412,0.0323434,0.0322488,0.0321573,0.0320688,0.0319832,0.0319003,0.0318202,0.0317425,0.0316674,0.0315947,0.0315243,0.0314561,0.0313902,0.0313263,0.0312644,0.0312045,0.0311465,0.0310904,0.031036,0.0309834,0.0309325,0.0308832,0.0308355,0.0307894,0.0307447,0.0307016,0.0306598,0.0306194,0.0305804,0.0305427,0.0305062,0.030471,0.030437,0.0304042,0.0303726,0.0303421,0.0303126,0.0302843,0.0302569,0.0302306,0.0302053,0.030181,0.0301576,0.0301351,0.0301135,0.0300929,0.030073,0.0300541,0.0300359,0.0300186,0.0300021
0.16487,0.109034,0.0611945,0.0535566,0.0504149,0.0483997,0.0468921,0.0456772,0.044655,0.043771,0.0429914,0.0422943,0.0416641,0.0410894,0.0405616,0.0400742,0.0396219,0.0392003,0.0388059,0.0384359,0.0380877,0.0377592,0.0374487,0.0371546,0.0368754,0.0366101,0.0363575,0.0361167,0.0358868,0.0356672,0.0354571,0.0352559,0.035063,0.0348781,0.0347005,0.0345299,0.0343659,0.0342081,0.0340562,0.03391,0.0337691,0.0336332,0.0335022,0.0333757,0.0332537,0.0331359,0.0330221,0.0329121,0.0328058,0.0327031,0.0326037,0.0325076,0.0324146,0.0323247,0.0322376,0.0321533,0.0320718,0.0319928,0.0319163,0.0318423,0.0317706,0.0317011,0.0316339,0.0315687,0.0315056,0.0314445,0.0313853,0.031328,0.0312725,0.0312187,0.0311667,0.0311163,0.0310675,0.0310202,0.0309745,0.0309302,0.0308874,0.030846,0.0308059,0.0307672,0.0307297,0.0306935,0.0306585,0.0306248,0.0305921,0.0305606,0.0305303,0.0305009,0.0304727,0.0304455,0.0304192,0.030394,0.0303697,0.0303463,0.0303239,0.0303023,0.0302816,0.0302618,0.0302428,0.0302247,0.0302073
0.167944,0.114897,0.0643253,0.0546676,0.0511579,0.0490011,0.0474194,0.0461585,0.0451049,0.0441976,0.0434002,0.0426887,0.0420466,0.0414618,0.0409254,0.0404304,0.0399713,0.0395437,0.0391438,0.0387688,0.038416,0.0380832,0.0377687,0.0374709,0.0371882,0.0369196,0.0366638,0.03642,0.0361873,0.035965,0.0357523,0.0355486,0.0353533,0.035166,0.0349862,0.0348135,0.0346474,0.0344875,0.0343337,0.0341855,0.0340427,0.033905,0.0337722,0.0336441,0.0335203,0.0334008,0.0332854,0.0331738,0.033066,0.0329617,0.0328609,0.0327633,0.0326689,0.0325775,0.032489,0.0324034,0.0323205,0.0322402,0.0321624,0.0320871,0.0320141,0.0319434,0.0318749,0.0318085,0.0317442,0.0316819,0.0316216,0.0315631,0.0315064,0.0314515,0.0313984,0.0313469,0.031297,0.0312487,0.0312019,0.0311566,0.0311127,0.0310703,0.0310292,0.0309894,0.030951,0.0309138,0.0308779,0.0308431,0.0308095,0.0307771,0.0307458,0.0307155,0.0306864,0.0306582,0.0306311,0.030605,0.0305798,0.0305556,0.0305323,0.0305099,0.0304883,0.0304677,0.0304479,0.0304289,0.0304107
0.170885,0.120054,0.0682238,0.0558865,0.0519293,0.0496112,0.047948,0.0466379,0.0455512,0.0446199,0.0438041,0.0430779,0.0424238,0.0418289,0.0412838,0.0407813,0.0403155,0.0398818,0.0394766,0.0390966,0.0387393,0.0384024,0.038084,0.0377824,0.0374964,0.0372245,0.0369657,0.036719,0.0364835,0.0362585,0.0360433,0.0358372,0.0356396,0.03545,0.035268,0.0350932,0.034925,0.0347632,0.0346075,0.0344574,0.0343128,0.0341733,0.0340388,0.0339089,0.0337836,0.0336625,0.0335454,0.0334323,0.033323,0.0332172,0.0331149,0.0330159,0.03292,0.0328273,0.0327375,0.0326505,0.0325662,0.0324847,0.0324056,0.032329,0.0322548,0.0321829,0.0321132,0.0320456,0.0319802,0.0319167,0.0318552,0.0317956,0.0317378,0.0316818,0.0316276,0.031575,0.0315241,0.0314747,0.0314269,0.0313806,0.0313357,0.0312922,0.0312502,0.0312095,0.03117,0.0311319,0.031095,0.0310593,0.0310248,0.0309914,0.0309592,0.0309281,0.030898,0.030869,0.030841,0.030814,0.030788,0.0307629,0.0307387,0.0307155,0.0306931,0.0306717,0.030651,0.0306312,0.0306122
0.173712,0.124688,0.0728498,0.0572392,0.0527351,0.050232,0.0484789,0.047116,0.0459942,0.0450379,0.0442032,0.0434621,0.0427958,0.0421908,0.041637,0.0411269,0.0406545,0.0402149,0.0398043,0.0394194,0.0390576,0.0387166,0.0383944,0.0380893,0.0377999,0.0375249,0.0372631,0.0370136,0.0367754,0.0365478,0.0363301,0.0361216,0.0359218,0.03573,0.0355459,0.035369,0.0351989,0.0350352,0.0348775,0.0347257,0.0345793,0.0344381,0.0343019,0.0341704,0.0340434,0.0339207,0.0338022,0.0336876,0.0335767,0.0334695,0.0333658,0.0332654,0.0331682,0.0330741,0.0329829,0.0328947,0.0328091,0.0327263,0.032646,0.0325682,0.0324928,0.0324197,0.0323488,0.0322801,0.0322135,0.0321489,0.0320863,0.0320256,0.0319667,0.0319097,0.0318544,0.0318007,0.0317488,0.0316984,0.0316495,0.0316022,0.0315564,0.0315119,0.0314689,0.0314272,0.0313869,0.0313478,0.03131,0.0312734,0.031238,0.0312037,0.0311706,0.0311386,0.0311076,0.0310777,0.0310489,0.031021,0.0309942,0.0309683,0.0309433,0.0309192,0.0308961,0.0308738,0.0308523,0.0308317,0.030812
0.176438,0.128917,0.0779416,0.0587555,0.0535822,0.050866,0.0490133,0.0475933,0.0464345,0.045452,0.0445978,0.0438414,0.0431627,0.0425474,0.041985,0.0414673,0.0409883,0.0405428,0.040127,0.0397373,0.0393712,0.0390261,0.0387001,0.0383916,0.0380989,0.0378207,0.0375561,0.0373038,0.037063,0.0368329,0.0366128,0.036402,0.0362,0.0360061,0.0358199,0.035641,0.035469,0.0353034,0.035144,0.0349903,0.0348422,0.0346994,0.0345615,0.0344284,0.0342999,0.0341757,0.0340557,0.0339396,0.0338273,0.0337187,0.0336136,0.0335118,0.0334133,0.0333179,0.0332255,0.0331359,0.0330492,0.0329651,0.0328836,0.0328046,0.032728,0.0326537,0.0325817,0.0325119,0.0324442,0.0323785,0.0323148,0.0322531,0.0321931,0.032135,0.0320787,0.0320241,0.0319711,0.0319197,0.0318699,0.0318216,0.0317748,0.0317294,0.0316854,0.0316428,0.0316015,0.0315615,0.0315228,0.0314853,0.031449,0.0314139,0.0313799,0.031347,0.0313152,0.0312845,0.0312548,0.0312261,0.0311984,0.0311717,0.0311459,0.0311211,0.0310971,0.031074,0.0310518,0.0310304,0.0310099
0.179073,0.132826,0.0832228,0.0604685,0.0544784,0.0515158,0.0495524,0.0480705,0.0468723,0.0458625,0.044988,0.044216,0.0435247,0.0428991,0.0423279,0.0418027,0.0413171,0.0408658,0.0404447,0.0400503,0.0396798,0.0393308,0.0390012,0.0386892,0.0383933,0.0381122,0.0378447,0.0375897,0.0373464,0.0371139,0.0368914,0.0366784,0.0364742,0.0362783,0.0360901,0.0359093,0.0357353,0.035568,0.0354068,0.0352514,0.0351017,0.0349572,0.0348178,0.0346831,0.0345531,0.0344274,0.0343059,0.0341884,0.0340748,0.0339648,0.0338583,0.0337553,0.0336555,0.0335588,0.0334651,0.0333743,0.0332864,0.0332011,0.0331184,0.0330383,0.0329605,0.0328851,0.032812,0.0327411,0.0326723,0.0326056,0.0325408,0.032478,0.0324171,0.032358,0.0323006,0.032245,0.032191,0.0321387,0.0320879,0.0320387,0.0319909,0.0319446,0.0318997,0.0318562,0.031814,0.0317731,0.0317335,0.0316951,0.031658,0.031622,0.0315872,0.0315534,0.0315208,0.0314893,0.0314587,0.0314292,0.0314008,0.0313732,0.0313467,0.031321,0.0312963,0.0312724,0.0312495,0.0312273,0.031206
0.181627,0.136474,0.0884284,0.0624117,0.0554327,0.0521847,0.0500975,0.0485484,0.0473081,0.0462696,0.0453741,0.044586,0.0438819,0.0432458,0.0426658,0.0421331,0.0416409,0.0411838,0.0407575,0.0403585,0.0399838,0.0396309,0.0392977,0.0389823,0.0386833,0.0383993,0.038129,0.0378714,0.0376256,0.0373907,0.037166,0.0369508,0.0367445,0.0365466,0.0363565,0.0361738,0.035998,0.0358289,0.035666,0.035509,0.0353576,0.0352116,0.0350706,0.0349345,0.034803,0.0346759,0.034553,0.0344341,0.0343191,0.0342078,0.0341001,0.0339957,0.0338946,0.0337967,0.0337019,0.0336099,0.0335207,0.0334343,0.0333505,0.0332692,0.0331904,0.0331139,0.0330397,0.0329677,0.0328979,0.0328301,0.0327643,0.0327005,0.0326386,0.0325785,0.0325202,0.0324636,0.0324086,0.0323553,0.0323036,0.0322535,0.0322048,0.0321576,0.0321118,0.0320674,0.0320243,0.0319826,0.0319421,0.0319029,0.0318649,0.0318281,0.0317924,0.0317578,0.0317244,0.031692,0.0316607,0.0316304,0.0316012,0.0315729,0.0315455,0.0315191,0.0314936,0.031469,0.0314453,0.0314224,0.0314004
0.184108,0.139905,0.0933899,0.064613,0.0564552,0.0528759,0.0506503,0.0490277,0.0477425,0.0466736,0.0457563,0.0449516,0.0442345,0.0435877,0.0429988,0.0424585,0.0419598,0.041497,0.0410656,0.040662,0.040283,0.0399263,0.0395896,0.039271,0.0389689,0.038682,0.038409,0.0381489,0.0379006,0.0376634,0.0374365,0.0372192,0.0370109,0.036811,0.0366191,0.0364345,0.0362571,0.0360862,0.0359217,0.0357631,0.0356101,0.0354626,0.0353201,0.0351825,0.0350496,0.0349211,0.0347968,0.0346767,0.0345603,0.0344478,0.0343388,0.0342332,0.0341309,0.0340318,0.0339357,0.0338426,0.0337523,0.0336648,0.0335799,0.0334975,0.0334176,0.03334,0.0332648,0.0331918,0.0331209,0.0330521,0.0329854,0.0329206,0.0328576,0.0327966,0.0327373,0.0326798,0.0326239,0.0325697,0.0325171,0.032466,0.0324165,0.0323684,0.0323217,0.0322764,0.0322325,0.0321899,0.0321486,0.0321085,0.0320697,0.0320321,0.0319956,0.0319603,0.031926,0.0318929,0.0318608,0.0318297,0.0317997,0.0317706,0.0317425,0.0317153,0.0316891,0.0316638,0.0316393,0.0316157,0.031593
0.186522,0.143152,0.098046,0.0670862,0.0575567,0.0535933,0.0512122,0.0495093,0.0481759,0.047075,0.0461348,0.045313,0.0445825,0.0439249,0.043327,0.0427791,0.0422739,0.0418053,0.0413689,0.0409607,0.0405777,0.0402172,0.039877,0.0395552,0.0392501,0.0389604,0.0386848,0.0384222,0.0381716,0.0379322,0.0377031,0.0374838,0.0372735,0.0370717,0.0368779,0.0366917,0.0365125,0.03634,0.0361738,0.0360137,0.0358592,0.0357102,0.0355663,0.0354273,0.035293,0.0351631,0.0350376,0.0349161,0.0347985,0.0346847,0.0345745,0.0344677,0.0343642,0.034264,0.0341668,0.0340725,0.0339811,0.0338925,0.0338065,0.0337231,0.0336421,0.0335635,0.0334873,0.0334133,0.0333414,0.0332716,0.0332039,0.0331381,0.0330743,0.0330123,0.0329521,0.0328936,0.0328369,0.0327818,0.0327283,0.0326763,0.0326259,0.032577,0.0325294,0.0324833,0.0324386,0.0323951,0.032353,0.0323121,0.0322725,0.0322341,0.0321968,0.0321607,0.0321257,0.0320917,0.0320589,0.0320271,0.0319963,0.0319665,0.0319376,0.0319097,0.0318828,0.0318567,0.0318316,0.0318073,0.0317838
0.188876,0.146243,0.102399,0.0698212,0.0587486,0.0543411,0.0517852,0.0499942,0.0486089,0.0474741,0.04651,0.0456704,0.0449261,0.0442575,0.0436506,0.0430951,0.0425832,0.042109,0.0416675,0.0412548,0.0408677,0.0405035,0.0401599,0.039835,0.039527,0.0392346,0.0389564,0.0386914,0.0384385,0.0381969,0.0379658,0.0377444,0.0375323,0.0373287,0.0371331,0.0369451,0.0367643,0.0365902,0.0364225,0.0362608,0.0361049,0.0359544,0.0358092,0.0356688,0.0355332,0.035402,0.0352752,0.0351525,0.0350337,0.0349186,0.0348072,0.0346993,0.0345947,0.0344933,0.034395,0.0342997,0.0342072,0.0341175,0.0340305,0.033946,0.033864,0.0337845,0.0337072,0.0336322,0.0335594,0.0334887,0.03342,0.0333533,0.0332886,0.0332256,0.0331645,0.0331052,0.0330476,0.0329916,0.0329372,0.0328844,0.0328332,0.0327834,0.032735,0.0326881,0.0326425,0.0325983,0.0325554,0.0325137,0.0324733,0.0324341,0.032396,0.0323591,0.0323234,0.0322887,0.0322551,0.0322225,0.032191,0.0321605,0.0321309,0.0321023,0.0320746,0.0320479,0.032022,0.031997,0.0319729
0.191174,0.149198,0.106478,0.0727814,0.0600424,0.0551239,0.0523713,0.0504835,0.0490421,0.0478712,0.046882,0.046024,0.0452656,0.0445857,0.0439696,0.0434064,0.042888,0.042408,0.0419615,0.0415444,0.0411533,0.0407854,0.0404385,0.0401105,0.0397997,0.0395046,0.0392239,0.0389565,0.0387014,0.0384577,0.0382245,0.0380013,0.0377873,0.0375819,0.0373846,0.037195,0.0370125,0.0368369,0.0366677,0.0365046,0.0363473,0.0361954,0.0360488,0.0359071,0.0357702,0.0356378,0.0355097,0.0353858,0.0352658,0.0351496,0.035037,0.034928,0.0348223,0.0347198,0.0346204,0.034524,0.0344305,0.0343398,0.0342518,0.0341663,0.0340834,0.0340028,0.0339246,0.0338487,0.0337749,0.0337033,0.0336337,0.0335661,0.0335004,0.0334366,0.0333747,0.0333145,0.033256,0.0331991,0.0331439,0.0330903,0.0330382,0.0329876,0.0329385,0.0328907,0.0328444,0.0327994,0.0327556,0.0327132,0.032672,0.0326321,0.0325933,0.0325556,0.0325191,0.0324837,0.0324494,0.0324161,0.0323839,0.0323526,0.0323224,0.0322931,0.0322647,0.0322373,0.0322107,0.0321851,0.0321603
0.19342,0.152034,0.110313,0.075912,0.0614486,0.0559463,0.0529726,0.0509781,0.0494762,0.0482668,0.0472513,0.0463741,0.0456011,0.0449096,0.0442841,0.0437132,0.0431882,0.0427025,0.042251,0.0418295,0.0414344,0.041063,0.0407127,0.0403817,0.0400681,0.0397704,0.0394873,0.0392176,0.0389603,0.0387146,0.0384795,0.0382543,0.0380385,0.0378314,0.0376325,0.0374413,0.0372573,0.0370802,0.0369095,0.036745,0.0365863,0.0364331,0.0362852,0.0361422,0.0360041,0.0358704,0.0357412,0.0356161,0.0354949,0.0353776,0.0352639,0.0351538,0.035047,0.0349435,0.0348431,0.0347457,0.0346512,0.0345595,0.0344704,0.034384,0.0343001,0.0342186,0.0341395,0.0340626,0.033988,0.0339154,0.033845,0.0337765,0.03371,0.0336453,0.0335825,0.0335214,0.0334621,0.0334045,0.0333484,0.033294,0.0332411,0.0331897,0.0331398,0.0330913,0.0330441,0.0329984,0.0329539,0.0329107,0.0328688,0.0328281,0.0327885,0.0327502,0.032713,0.0326768,0.0326418,0.0326078,0.0325749,0.032543,0.032512,0.032482,0.032453,0.0324249,0.0323977,0.0323713,0.0323459
0.195618,0.154765,0.113934,0.0791579,0.0629763,0.0568136,0.0535914,0.0514794,0.0499118,0.0486614,0.0476181,0.0467208,0.0459327,0.0452294,0.0445944,0.0440156,0.0434839,0.0429926,0.0425361,0.0421101,0.0417111,0.0413362,0.0409827,0.0406487,0.0403324,0.0400321,0.0397466,0.0394747,0.0392153,0.0389676,0.0387306,0.0385036,0.0382861,0.0380773,0.0378768,0.037684,0.0374986,0.03732,0.0371479,0.0369821,0.036822,0.0366675,0.0365183,0.0363742,0.0362348,0.0361,0.0359696,0.0358433,0.0357211,0.0356027,0.035488,0.0353768,0.035269,0.0351644,0.035063,0.0349646,0.0348691,0.0347765,0.0346865,0.0345991,0.0345143,0.0344319,0.0343519,0.0342741,0.0341986,0.0341252,0.0340538,0.0339845,0.0339171,0.0338517,0.033788,0.0337261,0.033666,0.0336076,0.0335508,0.0334955,0.0334419,0.0333897,0.033339,0.0332897,0.0332418,0.0331953,0.0331501,0.0331062,0.0330635,0.0330221,0.0329819,0.0329428,0.0329049,0.0328681,0.0328323,0.0327977,0.0327641,0.0327314,0.0326998,0.0326692,0.0326395,0.0326107,0.0325829,0.0325559,0.0325298
0.197773,0.157402,0.117367,0.0824626,0.0646312,0.0577308,0.0542302,0.0519886,0.0503498,0.0490555,0.0479827,0.0470645,0.0462607,0.0455453,0.0449005,0.0443137,0.0437753,0.0432782,0.0428168,0.0423865,0.0419836,0.0416051,0.0412485,0.0409116,0.0405925,0.0402898,0.040002,0.0397279,0.0394665,0.0392168,0.0389779,0.0387492,0.03853,0.0383196,0.0381176,0.0379233,0.0377364,0.0375564,0.037383,0.0372158,0.0370545,0.0368988,0.0367484,0.036603,0.0364625,0.0363265,0.036195,0.0360677,0.0359444,0.0358249,0.0357091,0.0355969,0.0354881,0.0353826,0.0352802,0.0351809,0.0350844,0.0349908,0.0348999,0.0348117,0.034726,0.0346427,0.0345618,0.0344832,0.0344068,0.0343325,0.0342603,0.0341902,0.034122,0.0340557,0.0339913,0.0339286,0.0338677,0.0338085,0.0337509,0.0336949,0.0336405,0.0335876,0.0335361,0.0334861,0.0334375,0.0333902,0.0333443,0.0332997,0.0332563,0.0332142,0.0331733,0.0331335,0.0330949,0.0330574,0.033021,0.0329857,0.0329514,0.0329181,0.0328859,0.0328546,0.0328242,0.0327948,0.0327663,0.0327387,0.032712
0.199886,0.159955,0.120635,0.085776,0.066415,0.0587031,0.0548916,0.052507,0.0507909,0.0494495,0.0483455,0.0474053,0.0465852,0.0458573,0.0452025,0.0446076,0.0440625,0.0435596,0.0430932,0.0426585,0.0422518,0.0418698,0.0415101,0.0411703,0.0408487,0.0405435,0.0402534,0.0399772,0.0397138,0.0394622,0.0392216,0.0389912,0.0387703,0.0385584,0.0383548,0.0381591,0.0379708,0.0377895,0.0376148,0.0374463,0.0372837,0.0371268,0.0369752,0.0368287,0.0366871,0.03655,0.0364174,0.0362891,0.0361647,0.0360442,0.0359275,0.0358143,0.0357045,0.035598,0.0354947,0.0353944,0.0352971,0.0352026,0.0351108,0.0350217,0.0349351,0.034851,0.0347692,0.0346898,0.0346125,0.0345375,0.0344645,0.0343935,0.0343246,0.0342575,0.0341923,0.0341288,0.0340672,0.0340072,0.0339489,0.0338921,0.033837,0.0337833,0.0337311,0.0336804,0.0336311,0.0335832,0.0335365,0.0334912,0.0334472,0.0334044,0.0333627,0.0333223,0.033283,0.0332449,0.0332078,0.0331719,0.0331369,0.033103,0.0330701,0.0330382,0.0330072,0.0329772,0.0329481,0.0329198,0.0328925
0.20196,0.162431,0.123756,0.0890591,0.0683244,0.0597354,0.0555783,0.0530362,0.0512359,0.049844,0.0487069,0.0477436,0.0469065,0.0461656,0.0455007,0.0448975,0.0443455,0.0438368,0.0433654,0.0429264,0.0425158,0.0421304,0.0417676,0.041425,0.0411008,0.0407933,0.040501,0.0402227,0.0399573,0.0397039,0.0394616,0.0392295,0.0390071,0.0387936,0.0385886,0.0383915,0.0382018,0.0380192,0.0378432,0.0376735,0.0375098,0.0373517,0.037199,0.0370514,0.0369086,0.0367706,0.0366369,0.0365075,0.0363822,0.0362607,0.036143,0.0360289,0.0359181,0.0358107,0.0357065,0.0356054,0.0355072,0.0354118,0.0353191,0.0352292,0.0351417,0.0350568,0.0349742,0.0348939,0.0348159,0.0347401,0.0346663,0.0345946,0.0345248,0.034457,0.034391,0.0343269,0.0342644,0.0342037,0.0341447,0.0340872,0.0340313,0.033977,0.0339241,0.0338727,0.0338227,0.0337741,0.0337268,0.0336808,0.0336361,0.0335926,0.0335503,0.0335092,0.0334693,0.0334305,0.0333928,0.0333562,0.0333206,0.0332861,0.0332526,0.03322,0.0331884,0.0331578,0.0331281,0.0330993,0.0330713
0.203998,0.164839,0.126746,0.0922842,0.0703506,0.0608322,0.0562929,0.0535775,0.0516858,0.0502395,0.0490672,0.0480796,0.0472248,0.0464705,0.0457951,0.0451834,0.0446244,0.04411,0.0436335,0.0431902,0.0427758,0.042387,0.0420211,0.0416758,0.041349,0.0410391,0.0407447,0.0404644,0.0401971,0.0399419,0.0396979,0.0394642,0.0392403,0.0390253,0.0388189,0.0386205,0.0384295,0.0382456,0.0380684,0.0378976,0.0377327,0.0375735,0.0374197,0.037271,0.0371272,0.0369881,0.0368535,0.0367231,0.0365968,0.0364744,0.0363557,0.0362407,0.0361291,0.0360208,0.0359157,0.0358137,0.0357146,0.0356184,0.0355249,0.0354341,0.0353459,0.0352601,0.0351768,0.0350957,0.0350169,0.0349403,0.0348658,0.0347933,0.0347228,0.0346543,0.0345876,0.0345227,0.0344595,0.0343981,0.0343384,0.0342802,0.0342236,0.0341686,0.0341151,0.034063,0.0340123,0.033963,0.033915,0.0338684,0.033823,0.0337789,0.033736,0.0336943,0.0336537,0.0336143,0.033576,0.0335387,0.0335026,0.0334674,0.0334333,0.0334001,0.033368,0.0333367,0.0333064,0.033277,0.0332485
0.206002,0.167183,0.129618,0.0954342,0.07248,0.0619972,0.0570384,0.0541327,0.0521414,0.0506367,0.049427,0.0484136,0.0475404,0.0467721,0.0460859,0.0454655,0.0448995,0.0443791,0.0438976,0.0434499,0.0430317,0.0426396,0.0422706,0.0419226,0.0415933,0.0412812,0.0409846,0.0407023,0.0404332,0.0401763,0.0399306,0.0396954,0.03947,0.0392536,0.0390459,0.0388461,0.0386539,0.0384688,0.0382904,0.0381184,0.0379524,0.0377921,0.0376373,0.0374876,0.0373428,0.0372027,0.0370671,0.0369358,0.0368086,0.0366853,0.0365657,0.0364498,0.0363373,0.0362282,0.0361222,0.0360194,0.0359195,0.0358225,0.0357282,0.0356366,0.0355476,0.0354611,0.035377,0.0352952,0.0352156,0.0351383,0.035063,0.0349898,0.0349186,0.0348493,0.0347819,0.0347163,0.0346525,0.0345904,0.0345299,0.0344711,0.0344139,0.0343582,0.034304,0.0342512,0.0341999,0.0341499,0.0341013,0.0340541,0.034008,0.0339633,0.0339198,0.0338774,0.0338363,0.0337962,0.0337573,0.0337195,0.0336827,0.033647,0.0336122,0.0335785,0.0335458,0.0335139,0.0334831,0.0334531,0.033424
0.207974,0.169469,0.132386,0.0984998,0.074696,0.0632331,0.0578175,0.0547032,0.0526038,0.0510361,0.0497865,0.048746,0.0478533,0.0470706,0.0463732,0.045744,0.0451707,0.0446443,0.0441578,0.0437057,0.0432837,0.0428882,0.0425163,0.0421655,0.0418338,0.0415194,0.0412208,0.0409366,0.0406657,0.0404071,0.0401598,0.0399231,0.0396962,0.0394785,0.0392694,0.0390684,0.038875,0.0386888,0.0385093,0.0383361,0.0381691,0.0380078,0.0378519,0.0377012,0.0375555,0.0374144,0.0372779,0.0371457,0.0370176,0.0368934,0.036773,0.0366562,0.0365429,0.0364329,0.0363262,0.0362225,0.0361218,0.036024,0.035929,0.0358367,0.0357469,0.0356596,0.0355748,0.0354922,0.035412,0.0353339,0.0352579,0.035184,0.0351121,0.0350422,0.0349741,0.0349078,0.0348433,0.0347805,0.0347194,0.0346599,0.034602,0.0345457,0.0344908,0.0344375,0.0343855,0.0343349,0.0342857,0.0342378,0.0341912,0.0341458,0.0341017,0.0340588,0.034017,0.0339764,0.0339369,0.0338984,0.0338611,0.0338248,0.0337895,0.0337552,0.0337218,0.0336895,0.033658,0.0336275,0.0335979
0.209916,0.171702,0.135058,0.101477,0.0769807,0.0645414,0.0586327,0.0552909,0.0530739,0.0514385,0.0501462,0.0490771,0.048164,0.0473662,0.0466572,0.0460189,0.0454382,0.0449057,0.0444141,0.0439576,0.0435318,0.0431329,0.0427581,0.0424046,0.0420705,0.0417539,0.0414533,0.0411672,0.0408946,0.0406343,0.0403855,0.0401473,0.0399191,0.0397001,0.0394897,0.0392875,0.0390929,0.0389055,0.0387249,0.0385507,0.0383827,0.0382203,0.0380635,0.0379119,0.0377652,0.0376233,0.0374858,0.0373527,0.0372238,0.0370987,0.0369775,0.0368599,0.0367458,0.036635,0.0365275,0.0364231,0.0363217,0.0362231,0.0361273,0.0360343,0.0359438,0.0358558,0.0357702,0.035687,0.035606,0.0355272,0.0354506,0.035376,0.0353034,0.0352328,0.035164,0.0350971,0.035032,0.0349685,0.0349068,0.0348467,0.0347882,0.0347312,0.0346757,0.0346217,0.0345691,0.034518,0.0344681,0.0344196,0.0343724,0.0343265,0.0342818,0.0342382,0.0341959,0.0341547,0.0341146,0.0340756,0.0340377,0.0340008,0.033965,0.0339301,0.0338962,0.0338633,0.0338313,0.0338003,0.0337701
0.21183,0.173886,0.137643,0.104367,0.0793162,0.0659222,0.0594866,0.0558973,0.0535529,0.0518445,0.0505067,0.0494072,0.0484727,0.0476592,0.0469382,0.0462904,0.0457022,0.0451635,0.0446666,0.0442058,0.0437761,0.0433739,0.0429961,0.04264,0.0423035,0.0419848,0.0416821,0.0413942,0.0411199,0.040858,0.0406077,0.0403681,0.0401385,0.0399182,0.0397067,0.0395033,0.0393076,0.0391191,0.0389375,0.0387623,0.0385932,0.0384299,0.0382721,0.0381196,0.037972,0.0378292,0.037691,0.037557,0.0374272,0.0373014,0.0371794,0.037061,0.0369461,0.0368346,0.0367263,0.0366211,0.036519,0.0364197,0.0363232,0.0362294,0.0361382,0.0360495,0.0359633,0.0358794,0.0357977,0.0357183,0.035641,0.0355658,0.0354925,0.0354213,0.0353519,0.0352843,0.0352185,0.0351545,0.0350921,0.0350314,0.0349723,0.0349147,0.0348586,0.034804,0.0347508,0.0346991,0.0346487,0.0345996,0.0345518,0.0345053,0.03446,0.0344159,0.034373,0.0343312,0.0342906,0.034251,0.0342126,0.0341752,0.0341388,0.0341034,0.0340689,0.0340355,0.034003,0.0339714,0.0339407
0.213716,0.176023,0.14015,0.10717,0.081685,0.0673741,0.0603813,0.0565241,0.0540417,0.0522548,0.0508683,0.0497366,0.0487796,0.0479496,0.0472161,0.0465587,0.0459627,0.0454177,0.0449155,0.0444502,0.0440167,0.0436112,0.0432304,0.0428717,0.0425329,0.042212,0.0419074,0.0416177,0.0413417,0.0410783,0.0408265,0.0405856,0.0403547,0.0401331,0.0399204,0.0397159,0.0395191,0.0393296,0.0391469,0.0389708,0.0388007,0.0386365,0.0384779,0.0383244,0.038176,0.0380324,0.0378933,0.0377585,0.037628,0.0375013,0.0373786,0.0372594,0.0371438,0.0370316,0.0369226,0.0368167,0.0367138,0.0366138,0.0365167,0.0364222,0.0363303,0.036241,0.0361541,0.0360695,0.0359872,0.0359071,0.0358292,0.0357533,0.0356795,0.0356076,0.0355376,0.0354694,0.035403,0.0353384,0.0352754,0.0352141,0.0351544,0.0350962,0.0350395,0.0349844,0.0349306,0.0348783,0.0348273,0.0347777,0.0347293,0.0346822,0.0346364,0.0345917,0.0345483,0.034506,0.0344648,0.0344247,0.0343857,0.0343478,0.0343108,0.0342749,0.03424,0.034206,0.034173,0.0341409,0.0341097
0.215577,0.178118,0.142585,0.109892,0.0840715,0.068894,0.0613188,0.057173,0.0545415,0.0526701,0.0512317,0.0500657,0.0490849,0.0482377,0.0474913,0.0468238,0.0462199,0.0456684,0.0451609,0.044691,0.0442537,0.0438448,0.0434611,0.0430998,0.0427587,0.0424357,0.0421292,0.0418377,0.0415601,0.0412951,0.041042,0.0407997,0.0405675,0.0403448,0.0401309,0.0399253,0.0397275,0.0395369,0.0393533,0.0391762,0.0390053,0.0388402,0.0386807,0.0385264,0.0383772,0.0382327,0.0380929,0.0379573,0.037826,0.0376986,0.0375751,0.0374553,0.0373389,0.037226,0.0371163,0.0370097,0.0369062,0.0368055,0.0367077,0.0366126,0.0365201,0.0364301,0.0363425,0.0362573,0.0361744,0.0360937,0.0360152,0.0359387,0.0358643,0.0357917,0.0357211,0.0356524,0.0355854,0.0355202,0.0354566,0.0353947,0.0353345,0.0352757,0.0352185,0.0351628,0.0351085,0.0350556,0.035004,0.0349538,0.034905,0.0348573,0.034811,0.0347658,0.0347218,0.034679,0.0346373,0.0345967,0.0345571,0.0345187,0.0344812,0.0344448,0.0344094,0.0343749,0.0343413,0.0343087,0.034277
0.217413,0.180173,0.144953,0.112535,0.0864626,0.0704775,0.0623005,0.0578455,0.0550533,0.0530912,0.0515972,0.0503949,0.0493891,0.0485238,0.0477639,0.047086,0.0464739,0.0459157,0.0454028,0.0449283,0.0444871,0.0440749,0.0436883,0.0433244,0.0429809,0.0426558,0.0423474,0.0420543,0.041775,0.0415086,0.0412541,0.0410105,0.0407771,0.0405532,0.0403382,0.0401316,0.0399327,0.0397413,0.0395567,0.0393787,0.0392069,0.039041,0.0388806,0.0387256,0.0385755,0.0384303,0.0382897,0.0381534,0.0380214,0.0378933,0.0377691,0.0376485,0.0375315,0.0374179,0.0373075,0.0372003,0.0370961,0.0369948,0.0368964,0.0368006,0.0367075,0.0366169,0.0365287,0.0364429,0.0363594,0.0362781,0.036199,0.0361219,0.0360469,0.0359738,0.0359026,0.0358333,0.0357657,0.0357,0.0356359,0.0355734,0.0355126,0.0354533,0.0353955,0.0353392,0.0352844,0.035231,0.0351789,0.0351282,0.0350788,0.0350306,0.0349837,0.034938,0.0348935,0.0348502,0.034808,0.0347669,0.0347269,0.0346879,0.0346499,0.034613,0.0345771,0.0345421,0.0345081,0.034475,0.0344428
0.219226,0.182191,0.14726,0.115105,0.0888471,0.0721189,0.0633273,0.0585433,0.0555784,0.0535189,0.0519655,0.0507246,0.0496923,0.048808,0.0480341,0.0473454,0.0467248,0.0461598,0.0456413,0.0451622,0.044717,0.0443015,0.0439119,0.0435454,0.0431997,0.0428725,0.0425623,0.0422674,0.0419866,0.0417188,0.0414629,0.041218,0.0409835,0.0407585,0.0405425,0.0403348,0.040135,0.0399426,0.0397571,0.0395783,0.0394056,0.0392389,0.0390777,0.0389219,0.0387711,0.0386252,0.0384838,0.0383468,0.0382141,0.0380853,0.0379604,0.0378392,0.0377216,0.0376073,0.0374963,0.0373885,0.0372836,0.0371817,0.0370827,0.0369863,0.0368926,0.0368014,0.0367126,0.0366263,0.0365422,0.0364603,0.0363806,0.036303,0.0362274,0.0361537,0.036082,0.0360121,0.035944,0.0358777,0.0358131,0.0357501,0.0356887,0.0356289,0.0355706,0.0355138,0.0354585,0.0354045,0.0353519,0.0353007,0.0352508,0.0352021,0.0351547,0.0351085,0.0350635,0.0350197,0.034977,0.0349354,0.0348949,0.0348554,0.034817,0.0347796,0.0347432,0.0347077,0.0346732,0.0346396,0.034607
0.221018,0.184174,0.149511,0.117605,0.0912164,0.0738116,0.0643997,0.0592675,0.0561177,0.0539538,0.0523371,0.0510552,0.0499949,0.0490907,0.048302,0.0476021,0.0469728,0.0464008,0.0458766,0.0453927,0.0449436,0.0445246,0.0441321,0.0437631,0.043415,0.0430858,0.0427738,0.0424772,0.0421949,0.0419257,0.0416685,0.0414224,0.0411867,0.0409606,0.0407436,0.0405349,0.0403342,0.0401409,0.0399546,0.0397749,0.0396014,0.0394339,0.039272,0.0391154,0.0389639,0.0388173,0.0386752,0.0385376,0.0384042,0.0382748,0.0381492,0.0380274,0.0379091,0.0377942,0.0376826,0.0375742,0.0374688,0.0373663,0.0372666,0.0371697,0.0370754,0.0369836,0.0368943,0.0368074,0.0367227,0.0366403,0.0365601,0.0364819,0.0364058,0.0363316,0.0362593,0.0361889,0.0361203,0.0360535,0.0359883,0.0359248,0.0358629,0.0358026,0.0357438,0.0356865,0.0356306,0.0355762,0.0355231,0.0354714,0.035421,0.0353718,0.0353239,0.0352773,0.0352318,0.0351874,0.0351443,0.0351022,0.0350612,0.0350213,0.0349824,0.0349445,0.0349076,0.0348717,0.0348367,0.0348027,0.0347696
0.222788,0.186123,0.15171,0.120041,0.0935635,0.0755485,0.0655175,0.0600196,0.0566723,0.0543967,0.0527124,0.051387,0.0502972,0.049372,0.0485679,0.0478564,0.0472179,0.0466388,0.0461087,0.04562,0.0451669,0.0447444,0.044349,0.0439773,0.043627,0.0432958,0.0429819,0.0426837,0.0423999,0.0421293,0.0418708,0.0416236,0.0413868,0.0411597,0.0409416,0.040732,0.0405304,0.0403362,0.0401491,0.0399686,0.0397944,0.0396261,0.0394635,0.0393062,0.0391541,0.0390067,0.038864,0.0387257,0.0385917,0.0384617,0.0383355,0.0382131,0.0380942,0.0379787,0.0378665,0.0377575,0.0376515,0.0375485,0.0374483,0.0373508,0.0372559,0.0371636,0.0370738,0.0369863,0.0369011,0.0368182,0.0367374,0.0366587,0.0365821,0.0365074,0.0364346,0.0363637,0.0362946,0.0362272,0.0361615,0.0360975,0.0360352,0.0359744,0.0359151,0.0358573,0.0358009,0.035746,0.0356924,0.0356402,0.0355893,0.0355397,0.0354914,0.0354442,0.0353983,0.0353535,0.0353098,0.0352673,0.0352258,0.0351855,0.0351461,0.0351078,0.0350705,0.0350341,0.0349987,0.0349642,0.0349307
0.224538,0.188041,0.15386,0.122415,0.0958833,0.0773224,0.0666801,0.0608005,0.0572433,0.0548486,0.0530922,0.0517205,0.0505994,0.0496523,0.048832,0.0481083,0.0474605,0.0468739,0.0463378,0.0458442,0.0453869,0.044961,0.0445625,0.0441883,0.0438357,0.0435025,0.0431868,0.042887,0.0426018,0.0423298,0.0420701,0.0418217,0.0415838,0.0413556,0.0411366,0.0409262,0.0407237,0.0405287,0.0403408,0.0401595,0.0399846,0.0398156,0.0396523,0.0394943,0.0393415,0.0391935,0.0390502,0.0389113,0.0387766,0.038646,0.0385193,0.0383962,0.0382768,0.0381607,0.038048,0.0379384,0.0378319,0.0377283,0.0376276,0.0375296,0.0374342,0.0373414,0.037251,0.037163,0.0370773,0.0369939,0.0369126,0.0368334,0.0367563,0.0366811,0.0366078,0.0365364,0.0364668,0.036399,0.0363328,0.0362684,0.0362055,0.0361442,0.0360845,0.0360262,0.0359694,0.035914,0.03586,0.0358073,0.0357559,0.0357059,0.0356571,0.0356095,0.0355631,0.0355178,0.0354737,0.0354307,0.0353888,0.035348,0.0353082,0.0352695,0.0352317,0.0351949,0.035159,0.0351241,0.0350902
0.226269,0.18993,0.155964,0.124732,0.0981722,0.079126,0.0678861,0.0616112,0.0578317,0.05531,0.0534769,0.0520561,0.050902,0.0499316,0.0490945,0.0483581,0.0477005,0.0471062,0.0465639,0.0460653,0.0456038,0.0451744,0.0447729,0.0443961,0.0440412,0.043706,0.0433885,0.0430871,0.0428004,0.0425271,0.0422662,0.0420167,0.0417777,0.0415486,0.0413287,0.0411173,0.040914,0.0407182,0.0405295,0.0403476,0.0401719,0.0400023,0.0398383,0.0396797,0.0395262,0.0393777,0.0392337,0.0390942,0.038959,0.0388278,0.0387005,0.0385769,0.0384569,0.0383404,0.0382271,0.038117,0.03801,0.0379059,0.0378046,0.0377061,0.0376102,0.0375169,0.037426,0.0373376,0.0372514,0.0371675,0.0370857,0.037006,0.0369284,0.0368528,0.036779,0.0367072,0.0366371,0.0365688,0.0365022,0.0364373,0.0363739,0.0363122,0.036252,0.0361933,0.036136,0.0360801,0.0360257,0.0359726,0.0359208,0.0358703,0.035821,0.035773,0.0357261,0.0356805,0.0356359,0.0355925,0.0355502,0.0355089,0.0354687,0.0354295,0.0353913,0.0353541,0.0353178,0.0352825,0.0352481
0.227981,0.191791,0.158026,0.126994,0.100428,0.0809526,0.0691337,0.0624522,0.0584384,0.0557818,0.0538672,0.0523943,0.0512052,0.0502104,0.0493555,0.0486059,0.0479381,0.0473359,0.0467872,0.0462834,0.0458177,0.0453846,0.0449801,0.0446007,0.0442436,0.0439063,0.0435871,0.0432841,0.042996,0.0427214,0.0424592,0.0422086,0.0419687,0.0417386,0.0415178,0.0413056,0.0411015,0.0409049,0.0407155,0.0405329,0.0403565,0.0401862,0.0400216,0.0398624,0.0397084,0.0395592,0.0394147,0.0392747,0.0391389,0.0390071,0.0388793,0.0387552,0.0386347,0.0385176,0.0384039,0.0382933,0.0381857,0.0380812,0.0379794,0.0378804,0.0377841,0.0376903,0.0375989,0.03751,0.0374234,0.037339,0.0372567,0.0371766,0.0370985,0.0370224,0.0369482,0.0368759,0.0368054,0.0367367,0.0366696,0.0366042,0.0365405,0.0364783,0.0364176,0.0363585,0.0363008,0.0362445,0.0361896,0.0361361,0.0360838,0.0360329,0.0359832,0.0359348,0.0358875,0.0358414,0.0357965,0.0357526,0.0357099,0.0356682,0.0356276,0.035588,0.0355494,0.0355117,0.0354751,0.0354393,0.0354045
0.229677,0.193626,0.160049,0.129206,0.102648,0.0827957,0.0704206,0.0633239,0.0590643,0.0562647,0.0542635,0.0527354,0.0515094,0.0504888,0.0496154,0.0488519,0.0481736,0.0475631,0.0470079,0.0464987,0.0460286,0.0455919,0.0451843,0.0448022,0.0444428,0.0441036,0.0437826,0.043478,0.0431884,0.0429126,0.0426493,0.0423976,0.0421566,0.0419257,0.041704,0.041491,0.0412861,0.0410888,0.0408987,0.0407154,0.0405384,0.0403675,0.0402023,0.0400425,0.0398879,0.0397382,0.0395931,0.0394526,0.0393162,0.039184,0.0390557,0.0389311,0.0388101,0.0386925,0.0385783,0.0384672,0.0383592,0.0382542,0.038152,0.0380525,0.0379557,0.0378614,0.0377697,0.0376803,0.0375932,0.0375084,0.0374257,0.0373451,0.0372666,0.0371901,0.0371155,0.0370427,0.0369718,0.0369026,0.0368351,0.0367693,0.0367051,0.0366425,0.0365815,0.0365219,0.0364638,0.0364071,0.0363518,0.0362978,0.0362452,0.0361938,0.0361437,0.0360949,0.0360472,0.0360007,0.0359553,0.0359111,0.035868,0.0358259,0.0357849,0.0357448,0.0357058,0.0356678,0.0356308,0.0355946,0.0355594
0.231355,0.195435,0.162034,0.13137,0.104833,0.0846498,0.0717439,0.0642266,0.0597101,0.0567594,0.0546665,0.0530799,0.0518149,0.0507672,0.0498742,0.0490963,0.0484069,0.0477879,0.0472259,0.0467113,0.0462366,0.0457962,0.0453854,0.0450007,0.044639,0.0442978,0.043975,0.0436689,0.0433779,0.0431008,0.0428363,0.0425836,0.0423417,0.0421098,0.0418873,0.0416735,0.0414679,0.0412699,0.0410792,0.0408952,0.0407176,0.0405461,0.0403803,0.04022,0.0400648,0.0399146,0.039769,0.0396279,0.0394911,0.0393584,0.0392296,0.0391046,0.0389831,0.0388651,0.0387504,0.0386389,0.0385304,0.0384249,0.0383223,0.0382224,0.0381251,0.0380305,0.0379383,0.0378484,0.0377609,0.0376757,0.0375926,0.0375116,0.0374327,0.0373557,0.0372807,0.0372075,0.0371362,0.0370666,0.0369987,0.0369325,0.0368679,0.0368049,0.0367434,0.0366835,0.036625,0.0365679,0.0365122,0.0364578,0.0364048,0.036353,0.0363025,0.0362533,0.0362052,0.0361583,0.0361126,0.0360679,0.0360244,0.0359819,0.0359405,0.0359001,0.0358608,0.0358223,0.0357849,0.0357484,0.0357128
0.233017,0.197221,0.163984,0.133489,0.106981,0.0865096,0.0731008,0.06516,0.0603765,0.0572667,0.0550767,0.0534283,0.0521221,0.0510458,0.0501323,0.0493392,0.0486384,0.0480104,0.0474414,0.0469211,0.0464419,0.0459976,0.0455837,0.0451963,0.0448322,0.044489,0.0441644,0.0438568,0.0435644,0.043286,0.0430205,0.0427667,0.0425239,0.0422911,0.0420678,0.0418533,0.0416469,0.0414483,0.0412569,0.0410723,0.0408941,0.0407221,0.0405557,0.0403949,0.0402392,0.0400885,0.0399424,0.0398009,0.0396636,0.0395304,0.0394012,0.0392757,0.0391538,0.0390353,0.0389202,0.0388082,0.0386994,0.0385935,0.0384904,0.0383901,0.0382924,0.0381973,0.0381047,0.0380145,0.0379266,0.037841,0.0377575,0.0376761,0.0375968,0.0375194,0.037444,0.0373704,0.0372987,0.0372287,0.0371604,0.0370939,0.0370289,0.0369655,0.0369036,0.0368433,0.0367844,0.0367269,0.0366708,0.0366161,0.0365626,0.0365105,0.0364596,0.03641,0.0363616,0.0363143,0.0362682,0.0362232,0.0361793,0.0361364,0.0360946,0.0360539,0.0360141,0.0359753,0.0359375,0.0359006,0.0358647
0.234663,0.198984,0.165901,0.135566,0.109094,0.0883708,0.0744879,0.0661237,0.061064,0.0577872,0.0554947,0.0537809,0.0524312,0.0513249,0.0503899,0.0495809,0.0488681,0.0482309,0.0476546,0.0471285,0.0466445,0.0461963,0.0457791,0.0453889,0.0450225,0.0446773,0.044351,0.0440417,0.043748,0.0434684,0.0432017,0.042947,0.0427032,0.0424696,0.0422455,0.0420302,0.0418232,0.0416239,0.0414319,0.0412467,0.041068,0.0408954,0.0407286,0.0405672,0.0404111,0.0402599,0.0401134,0.0399714,0.0398336,0.0397,0.0395704,0.0394444,0.0393221,0.0392032,0.0390877,0.0389754,0.0388661,0.0387598,0.0386563,0.0385556,0.0384576,0.0383621,0.0382691,0.0381785,0.0380902,0.0380042,0.0379203,0.0378386,0.0377589,0.0376812,0.0376054,0.0375314,0.0374593,0.0373889,0.0373203,0.0372533,0.037188,0.0371242,0.037062,0.0370013,0.036942,0.0368841,0.0368277,0.0367726,0.0367188,0.0366663,0.0366151,0.0365651,0.0365163,0.0364686,0.0364221,0.0363768,0.0363325,0.0362893,0.0362472,0.036206,0.0361659,0.0361268,0.0360886,0.0360514,0.0360151
0.236295,0.200725,0.167786,0.137602,0.111172,0.0902296,0.0759018,0.0671172,0.0617731,0.0583215,0.055921,0.0541383,0.0527427,0.0516047,0.0506471,0.0498215,0.0490962,0.0484493,0.0478655,0.0473334,0.0468445,0.0463923,0.0459718,0.0455788,0.04521,0.0448627,0.0445346,0.0442239,0.0439288,0.0436479,0.0433802,0.0431244,0.0428798,0.0426454,0.0424205,0.0422045,0.0419968,0.0417969,0.0416043,0.0414186,0.0412393,0.0410662,0.0408989,0.040737,0.0405804,0.0404288,0.0402819,0.0401394,0.0400013,0.0398673,0.0397372,0.0396109,0.0394882,0.0393689,0.039253,0.0391403,0.0390306,0.0389239,0.0388201,0.038719,0.0386206,0.0385248,0.0384314,0.0383405,0.0382518,0.0381654,0.0380812,0.0379991,0.037919,0.0378409,0.0377648,0.0376905,0.037618,0.0375473,0.0374783,0.037411,0.0373453,0.0372812,0.0372186,0.0371575,0.0370979,0.0370397,0.0369829,0.0369274,0.0368733,0.0368204,0.0367688,0.0367185,0.0366693,0.0366213,0.0365745,0.0365288,0.0364842,0.0364406,0.0363981,0.0363567,0.0363162,0.0362767,0.0362382,0.0362006,0.036164
0.237912,0.202445,0.169642,0.1396,0.113215,0.0920826,0.0773392,0.0681395,0.0625041,0.0588701,0.0563562,0.0545008,0.0530569,0.0518855,0.0509042,0.0500612,0.0493228,0.048666,0.0480743,0.0475359,0.047042,0.0465857,0.0461618,0.0457659,0.0453947,0.0450453,0.0447155,0.0444032,0.0441067,0.0438247,0.0435558,0.0432991,0.0430535,0.0428183,0.0425927,0.0423761,0.0421677,0.0419672,0.0417741,0.0415878,0.0414081,0.0412345,0.0410667,0.0409044,0.0407473,0.0405953,0.0404479,0.0403051,0.0401666,0.0400322,0.0399017,0.039775,0.0396519,0.0395323,0.039416,0.039303,0.039193,0.0390859,0.0389818,0.0388803,0.0387816,0.0386854,0.0385917,0.0385004,0.0384114,0.0383246,0.0382401,0.0381576,0.0380772,0.0379988,0.0379223,0.0378477,0.0377749,0.0377038,0.0376345,0.0375668,0.0375008,0.0374363,0.0373734,0.037312,0.037252,0.0371935,0.0371363,0.0370805,0.0370261,0.0369729,0.036921,0.0368703,0.0368208,0.0367725,0.0367253,0.0366792,0.0366343,0.0365904,0.0365476,0.0365058,0.036465,0.0364252,0.0363863,0.0363484,0.0363114
0.239516,0.204146,0.171471,0.141562,0.115225,0.0939271,0.0787968,0.0691896,0.0632571,0.0594336,0.0568007,0.0548688,0.053374,0.0521677,0.0511614,0.0503002,0.0495482,0.0488809,0.048281,0.0477362,0.0472371,0.0467766,0.0463492,0.0459504,0.0455767,0.0452252,0.0448936,0.0445797,0.0442819,0.0439986,0.0437287,0.043471,0.0432246,0.0429886,0.0427623,0.042545,0.042336,0.042135,0.0419412,0.0417545,0.0415742,0.0414002,0.041232,0.0410693,0.0409118,0.0407593,0.0406116,0.0404684,0.0403295,0.0401947,0.0400639,0.0399369,0.0398135,0.0396935,0.0395769,0.0394635,0.0393531,0.0392458,0.0391413,0.0390395,0.0389404,0.0388439,0.0387499,0.0386583,0.038569,0.0384819,0.038397,0.0383142,0.0382335,0.0381547,0.0380779,0.038003,0.0379298,0.0378585,0.0377888,0.0377208,0.0376545,0.0375897,0.0375264,0.0374647,0.0374044,0.0373456,0.0372881,0.037232,0.0371772,0.0371237,0.0370714,0.0370204,0.0369706,0.036922,0.0368745,0.0368281,0.0367828,0.0367386,0.0366955,0.0366533,0.0366122,0.0365721,0.0365329,0.0364947,0.0364574
0.241106,0.205827,0.173272,0.14349,0.117202,0.0957608,0.0802713,0.0702661,0.0640323,0.0600124,0.057255,0.0552429,0.0536946,0.0524514,0.051419,0.0505388,0.0497725,0.0490942,0.0484859,0.0479344,0.0474299,0.0469651,0.046534,0.0461323,0.0457561,0.0454025,0.045069,0.0447535,0.0444543,0.0441699,0.0438989,0.0436403,0.043393,0.0431563,0.0429292,0.0427112,0.0425017,0.0423001,0.0421059,0.0419186,0.0417379,0.0415634,0.0413948,0.0412317,0.0410738,0.040921,0.0407729,0.0406294,0.0404901,0.040355,0.0402239,0.0400965,0.0399727,0.0398525,0.0397355,0.0396218,0.0395112,0.0394035,0.0392987,0.0391966,0.0390972,0.0390004,0.0389061,0.0388141,0.0387245,0.0386372,0.038552,0.0384689,0.0383879,0.0383088,0.0382317,0.0381564,0.038083,0.0380113,0.0379413,0.0378731,0.0378064,0.0377413,0.0376777,0.0376157,0.0375551,0.0374959,0.0374382,0.0373817,0.0373266,0.0372728,0.0372203,0.0371689,0.0371188,0.0370699,0.0370221,0.0369754,0.0369298,0.0368853,0.0368418,0.0367994,0.036758,0.0367175,0.036678,0.0366395,0.0366019
0.242683,0.207491,0.175048,0.145386,0.119148,0.0975818,0.0817597,0.0713676,0.0648296,0.0606069,0.0577197,0.0556233,0.0540189,0.052737,0.0516772,0.050777,0.0499958,0.0493062,0.0486891,0.0481306,0.0476206,0.0471512,0.0467164,0.0463116,0.0459329,0.0455771,0.0452418,0.0449247,0.0446241,0.0443385,0.0440665,0.0438069,0.0435588,0.0433213,0.0430936,0.042875,0.0426649,0.0424627,0.042268,0.0420803,0.0418991,0.0417242,0.0415552,0.0413917,0.0412335,0.0410803,0.0409319,0.040788,0.0406484,0.040513,0.0403816,0.0402539,0.0401298,0.0400093,0.039892,0.039778,0.0396671,0.0395591,0.039454,0.0393517,0.039252,0.0391549,0.0390603,0.038968,0.0388781,0.0387905,0.038705,0.0386216,0.0385403,0.038461,0.0383836,0.038308,0.0382343,0.0381623,0.0380921,0.0380235,0.0379565,0.0378912,0.0378273,0.037765,0.0377041,0.0376446,0.0375866,0.0375298,0.0374744,0.0374203,0.0373675,0.0373159,0.0372654,0.0372162,0.0371681,0.0371211,0.0370753,0.0370304,0.0369867,0.036944,0.0369022,0.0368615,0.0368217,0.0367829,0.036745
0.244248,0.209137,0.176801,0.147251,0.121063,0.0993887,0.0832593,0.0724925,0.0656486,0.0612175,0.0581951,0.0560105,0.0543472,0.0530248,0.0519362,0.0510151,0.0502183,0.0495168,0.0488905,0.0483249,0.0478091,0.047335,0.0468965,0.0464885,0.0461072,0.0457492,0.045412,0.0450933,0.0447914,0.0445045,0.0442314,0.0439709,0.043722,0.0434837,0.0432553,0.0430361,0.0428255,0.0426228,0.0424276,0.0422394,0.0420579,0.0418826,0.0417132,0.0415494,0.0413908,0.0412373,0.0410885,0.0409443,0.0408045,0.0406688,0.040537,0.0404091,0.0402847,0.0401639,0.0400464,0.0399321,0.0398209,0.0397126,0.0396073,0.0395047,0.0394047,0.0393073,0.0392125,0.03912,0.0390298,0.0389419,0.0388561,0.0387725,0.0386909,0.0386113,0.0385336,0.0384578,0.0383838,0.0383116,0.038241,0.0381722,0.0381049,0.0380393,0.0379752,0.0379125,0.0378514,0.0377916,0.0377333,0.0376763,0.0376206,0.0375662,0.0375131,0.0374612,0.0374105,0.037361,0.0373126,0.0372653,0.0372192,0.0371741,0.03713,0.037087,0.037045,0.037004,0.0369639,0.0369248,0.0368866
0.245801,0.210766,0.17853,0.149086,0.122949,0.10118,0.0847673,0.0736392,0.0664891,0.0618443,0.0586815,0.056405,0.0546799,0.053315,0.0521963,0.0512533,0.0504402,0.0497264,0.0490905,0.0485173,0.0479956,0.0475167,0.0470743,0.0466631,0.046279,0.0459188,0.0455797,0.0452594,0.044956,0.044668,0.0443938,0.0441324,0.0438826,0.0436436,0.0434146,0.0431948,0.0429836,0.0427804,0.0425848,0.0423962,0.0422143,0.0420386,0.0418688,0.0417046,0.0415458,0.041392,0.0412429,0.0410984,0.0409583,0.0408223,0.0406903,0.0405621,0.0404375,0.0403164,0.0401986,0.0400841,0.0399726,0.0398641,0.0397585,0.0396556,0.0395554,0.0394578,0.0393627,0.0392699,0.0391795,0.0390914,0.0390054,0.0389215,0.0388396,0.0387598,0.0386818,0.0386058,0.0385315,0.038459,0.0383882,0.0383191,0.0382516,0.0381857,0.0381213,0.0380584,0.037997,0.037937,0.0378784,0.0378211,0.0377652,0.0377105,0.0376571,0.037605,0.037554,0.0375042,0.0374555,0.037408,0.0373616,0.0373162,0.0372719,0.0372286,0.0371863,0.037145,0.0371047,0.0370653,0.0370268
0.247343,0.21238,0.180237,0.150894,0.124806,0.102956,0.0862814,0.0748058,0.0673506,0.0624876,0.0591795,0.0568069,0.0550173,0.0536079,0.0524577,0.0514917,0.0506616,0.0499349,0.0492891,0.0487081,0.0481802,0.0476963,0.0472498,0.0468353,0.0464485,0.046086,0.0457449,0.045423,0.0451182,0.0448289,0.0445537,0.0442913,0.0440408,0.043801,0.0435714,0.043351,0.0431392,0.0429356,0.0427395,0.0425505,0.0423682,0.0421922,0.0420221,0.0418576,0.0416985,0.0415443,0.041395,0.0412503,0.0411099,0.0409736,0.0408414,0.0407129,0.0405881,0.0404667,0.0403487,0.0402339,0.0401223,0.0400135,0.0399077,0.0398046,0.0397042,0.0396063,0.039511,0.039418,0.0393273,0.0392389,0.0391527,0.0390686,0.0389865,0.0389064,0.0388282,0.0387519,0.0386774,0.0386047,0.0385336,0.0384643,0.0383965,0.0383304,0.0382658,0.0382026,0.038141,0.0380807,0.0380218,0.0379643,0.0379081,0.0378532,0.0377996,0.0377471,0.0376959,0.0376459,0.0375969,0.0375492,0.0375025,0.0374568,0.0374123,0.0373687,0.0373262,0.0372846,0.037244,0.0372043,0.0371656
0.248873,0.213978,0.181924,0.152675,0.126637,0.104714,0.0877994,0.0759907,0.0682326,0.0631473,0.0596892,0.0572168,0.0553598,0.0539038,0.0527206,0.0517306,0.0508827,0.0501426,0.0494864,0.0488973,0.048363,0.047874,0.0474233,0.0470053,0.0466157,0.0462508,0.0459077,0.0455841,0.0452779,0.0449874,0.0447111,0.0444478,0.0441964,0.043956,0.0437257,0.0435047,0.0432925,0.0430884,0.0428919,0.0427025,0.0425198,0.0423435,0.0421731,0.0420083,0.0418488,0.0416945,0.0415449,0.0413999,0.0412593,0.0411228,0.0409903,0.0408616,0.0407365,0.040615,0.0404968,0.0403818,0.0402699,0.0401609,0.0400549,0.0399516,0.0398509,0.0397529,0.0396573,0.0395641,0.0394732,0.0393846,0.0392982,0.0392138,0.0391315,0.0390512,0.0389728,0.0388963,0.0388216,0.0387486,0.0386773,0.0386078,0.0385398,0.0384734,0.0384085,0.0383452,0.0382833,0.0382228,0.0381637,0.0381059,0.0380495,0.0379943,0.0379404,0.0378878,0.0378363,0.037786,0.0377368,0.0376888,0.0376419,0.037596,0.0375512,0.0375074,0.0374646,0.0374227,0.0373819,0.037342,0.037303
0.250393,0.215561,0.18359,0.154431,0.128441,0.106455,0.0893193,0.0771921,0.0691343,0.0638237,0.0602111,0.0576349,0.0557076,0.0542029,0.0529852,0.0519702,0.0511038,0.0503496,0.0496826,0.0490851,0.048544,0.0480497,0.0475947,0.0471732,0.0467806,0.0464133,0.0460682,0.0457429,0.0454352,0.0451435,0.0448661,0.0446019,0.0443497,0.0441086,0.0438776,0.0436561,0.0434434,0.0432388,0.0430419,0.0428521,0.0426691,0.0424925,0.0423217,0.0421567,0.041997,0.0418424,0.0416925,0.0415473,0.0414065,0.0412698,0.0411371,0.0410082,0.0408829,0.0407612,0.0406428,0.0405276,0.0404155,0.0403063,0.0402001,0.0400966,0.0399958,0.0398975,0.0398017,0.0397083,0.0396173,0.0395285,0.0394418,0.0393573,0.0392748,0.0391942,0.0391156,0.0390389,0.038964,0.0388908,0.0388193,0.0387495,0.0386813,0.0386147,0.0385496,0.0384861,0.0384239,0.0383632,0.0383039,0.0382459,0.0381892,0.0381339,0.0380797,0.0380268,0.0379751,0.0379246,0.0378752,0.0378269,0.0377798,0.0377336,0.0376886,0.0376445,0.0376015,0.0375595,0.0375184,0.0374782,0.037439
0.251903,0.21713,0.185238,0.156163,0.130219,0.108179,0.0908394,0.0784082,0.070055,0.0645165,0.0607452,0.0580615,0.056061,0.0545056,0.0532518,0.0522107,0.0513248,0.050556,0.0498778,0.0492715,0.0487235,0.0482236,0.0477642,0.047339,0.0469434,0.0465736,0.0462265,0.0458994,0.0455902,0.0452972,0.0450187,0.0447536,0.0445006,0.0442587,0.0440272,0.0438051,0.0435919,0.0433869,0.0431896,0.0429995,0.0428161,0.0426392,0.0424682,0.0423029,0.0421429,0.0419881,0.041838,0.0416926,0.0415515,0.0414146,0.0412818,0.0411527,0.0410272,0.0409053,0.0407867,0.0406713,0.0405591,0.0404498,0.0403433,0.0402397,0.0401386,0.0400402,0.0399442,0.0398507,0.0397594,0.0396704,0.0395836,0.0394989,0.0394162,0.0393355,0.0392567,0.0391797,0.0391046,0.0390312,0.0389596,0.0388896,0.0388212,0.0387544,0.0386891,0.0386253,0.038563,0.038502,0.0384425,0.0383843,0.0383274,0.0382718,0.0382175,0.0381644,0.0381125,0.0380617,0.0380121,0.0379636,0.0379162,0.0378699,0.0378246,0.0377803,0.037737,0.0376948,0.0376534,0.037613,0.0375736
0.253402,0.218685,0.186867,0.157871,0.131973,0.109884,0.092358,0.0796374,0.0709938,0.0652257,0.0612918,0.0584969,0.0564204,0.054812,0.0535206,0.0524522,0.0515461,0.050762,0.0500721,0.0494567,0.0489015,0.0483959,0.0479317,0.0475028,0.0471041,0.0467318,0.0463825,0.0460536,0.0457429,0.0454486,0.0451691,0.044903,0.0446491,0.0444066,0.0441744,0.0439518,0.0437381,0.0435327,0.043335,0.0431445,0.0429609,0.0427836,0.0426124,0.0424468,0.0422866,0.0421316,0.0419813,0.0418357,0.0416945,0.0415574,0.0414243,0.0412951,0.0411695,0.0410474,0.0409286,0.0408131,0.0407007,0.0405912,0.0404846,0.0403808,0.0402796,0.040181,0.0400849,0.0399912,0.0398998,0.0398106,0.0397236,0.0396387,0.0395558,0.0394749,0.039396,0.0393188,0.0392435,0.03917,0.0390981,0.039028,0.0389594,0.0388924,0.0388269,0.0387629,0.0387004,0.0386393,0.0385795,0.0385211,0.0384641,0.0384083,0.0383537,0.0383004,0.0382483,0.0381973,0.0381475,0.0380988,0.0380512,0.0380046,0.0379591,0.0379146,0.0378711,0.0378286,0.0377871,0.0377465,0.0377068
0.254892,0.220227,0.188479,0.159558,0.133704,0.111572,0.0938738,0.080878,0.07195,0.0659511,0.061851,0.0589415,0.0567859,0.0551224,0.0537919,0.052695,0.0517678,0.0509678,0.0502656,0.0496407,0.049078,0.0485665,0.0480975,0.0476647,0.0472628,0.0468878,0.0465363,0.0462056,0.0458934,0.0455977,0.0453171,0.04505,0.0447954,0.0445521,0.0443193,0.0440962,0.043882,0.0436762,0.0434781,0.0432873,0.0431034,0.0429259,0.0427544,0.0425886,0.0424282,0.0422729,0.0421225,0.0419767,0.0418353,0.0416981,0.0415649,0.0414355,0.0413097,0.0411875,0.0410686,0.0409529,0.0408403,0.0407307,0.040624,0.04052,0.0404187,0.0403199,0.0402237,0.0401298,0.0400382,0.0399489,0.0398618,0.0397767,0.0396937,0.0396126,0.0395335,0.0394562,0.0393808,0.039307,0.039235,0.0391647,0.0390959,0.0390287,0.0389631,0.0388989,0.0388362,0.0387749,0.038715,0.0386564,0.0385991,0.0385431,0.0384884,0.0384349,0.0383826,0.0383314,0.0382814,0.0382325,0.0381847,0.0381379,0.0380922,0.0380475,0.0380038,0.0379611,0.0379194,0.0378786,0.0378387
0.256372,0.221756,0.190073,0.161223,0.135412,0.113243,0.0953856,0.0821286,0.0729224,0.0666924,0.062423,0.0593953,0.057158,0.0554372,0.0540658,0.0529392,0.05199,0.0511734,0.0504586,0.0498238,0.0492533,0.0487355,0.0482616,0.0478247,0.0474196,0.0470418,0.046688,0.0463554,0.0460416,0.0457447,0.0454629,0.0451949,0.0449394,0.0446954,0.044462,0.0442383,0.0440237,0.0438175,0.043619,0.0434279,0.0432437,0.0430659,0.0428942,0.0427282,0.0425676,0.0424122,0.0422616,0.0421156,0.0419741,0.0418367,0.0417033,0.0415738,0.0414479,0.0413255,0.0412065,0.0410907,0.040978,0.0408683,0.0407614,0.0406573,0.0405559,0.040457,0.0403606,0.0402666,0.0401749,0.0400855,0.0399982,0.039913,0.0398298,0.0397486,0.0396693,0.0395919,0.0395163,0.0394424,0.0393702,0.0392997,0.0392308,0.0391635,0.0390977,0.0390333,0.0389704,0.038909,0.0388489,0.0387901,0.0387327,0.0386765,0.0386216,0.0385679,0.0385154,0.038464,0.0384138,0.0383647,0.0383167,0.0382698,0.0382239,0.038179,0.0381351,0.0380922,0.0380503,0.0380093,0.0379692
0.257843,0.223273,0.191652,0.162868,0.137099,0.114896,0.0968923,0.0833875,0.0739102,0.0674493,0.0630079,0.0598587,0.0575367,0.0557564,0.0543425,0.0531851,0.052213,0.0513791,0.050651,0.0500059,0.0494274,0.0489032,0.0484241,0.047983,0.0475744,0.0471938,0.0468377,0.0465032,0.0461878,0.0458894,0.0456065,0.0453375,0.0450812,0.0448365,0.0446025,0.0443783,0.0441632,0.0439565,0.0437578,0.0435664,0.0433818,0.0432038,0.0430319,0.0428657,0.0427049,0.0425493,0.0423986,0.0422525,0.0421108,0.0419733,0.0418398,0.0417101,0.0415841,0.0414616,0.0413425,0.0412266,0.0411138,0.041004,0.040897,0.0407928,0.0406912,0.0405922,0.0404957,0.0404016,0.0403098,0.0402202,0.0401328,0.0400475,0.0399642,0.0398829,0.0398034,0.0397259,0.0396501,0.0395761,0.0395038,0.0394331,0.0393641,0.0392966,0.0392306,0.0391661,0.0391031,0.0390415,0.0389812,0.0389223,0.0388647,0.0388084,0.0387533,0.0386994,0.0386467,0.0385952,0.0385448,0.0384956,0.0384474,0.0384002,0.0383542,0.0383091,0.038265,0.0382219,0.0381798,0.0381386,0.0380983
0.259305,0.224778,0.193214,0.164494,0.138764,0.116532,0.0983929,0.0846534,0.0749123,0.0682214,0.0636055,0.0603318,0.0579224,0.0560804,0.0546224,0.0534327,0.0524368,0.0515849,0.050843,0.0501873,0.0496003,0.0490694,0.048585,0.0481396,0.0477274,0.047344,0.0469855,0.0466489,0.0463318,0.0460321,0.045748,0.045478,0.0452209,0.0449754,0.0447408,0.0445161,0.0443005,0.0440935,0.0438943,0.0437026,0.0435179,0.0433396,0.0431674,0.0430011,0.0428401,0.0426844,0.0425335,0.0423873,0.0422455,0.0421078,0.0419743,0.0418445,0.0417184,0.0415958,0.0414766,0.0413606,0.0412477,0.0411377,0.0410307,0.0409264,0.0408247,0.0407256,0.040629,0.0405348,0.0404429,0.0403532,0.0402657,0.0401802,0.0400968,0.0400154,0.0399359,0.0398582,0.0397823,0.0397081,0.0396357,0.0395649,0.0394957,0.0394281,0.039362,0.0392974,0.0392342,0.0391724,0.039112,0.039053,0.0389952,0.0389387,0.0388835,0.0388294,0.0387766,0.0387249,0.0386744,0.0386249,0.0385766,0.0385293,0.038483,0.0384378,0.0383936,0.0383503,0.038308,0.0382666,0.0382261
0.260759,0.226271,0.194762,0.166101,0.140409,0.11815,0.0998867,0.0859251,0.0759278,0.0690083,0.0642159,0.0608148,0.0583152,0.0564094,0.0549055,0.0536824,0.0526617,0.0517911,0.0510349,0.050368,0.0497723,0.0492345,0.0487444,0.0482945,0.0478787,0.0474923,0.0471313,0.0467927,0.0464739,0.0461727,0.0458874,0.0456164,0.0453584,0.0451122,0.044877,0.0446517,0.0444357,0.0442282,0.0440288,0.0438368,0.0436518,0.0434733,0.0433009,0.0431344,0.0429733,0.0428174,0.0426664,0.04252,0.0423781,0.0422404,0.0421067,0.0419769,0.0418507,0.041728,0.0416087,0.0414926,0.0413797,0.0412697,0.0411625,0.0410581,0.0409564,0.0408572,0.0407605,0.0406662,0.0405742,0.0404844,0.0403968,0.0403113,0.0402278,0.0401462,0.0400666,0.0399888,0.0399128,0.0398386,0.039766,0.0396951,0.0396258,0.039558,0.0394918,0.039427,0.0393637,0.0393018,0.0392413,0.0391821,0.0391242,0.0390676,0.0390122,0.038958,0.038905,0.0388532,0.0388025,0.0387529,0.0387044,0.0386569,0.0386105,0.0385651,0.0385207,0.0384773,0.0384348,0.0383932,0.0383526
0.262204,0.227753,0.196296,0.16769,0.142035,0.119753,0.101373,0.0872012,0.0769556,0.0698095,0.064839,0.0613078,0.0587155,0.0567435,0.0551921,0.0539343,0.0528877,0.0519977,0.0512266,0.0505481,0.0499434,0.0493983,0.0489025,0.048448,0.0480284,0.0476388,0.0472752,0.0469345,0.0466139,0.0463113,0.0460248,0.0457527,0.0454938,0.0452469,0.045011,0.0447852,0.0445687,0.0443609,0.0441611,0.0439689,0.0437836,0.0436049,0.0434323,0.0432656,0.0431044,0.0429484,0.0427973,0.0426508,0.0425088,0.042371,0.0422373,0.0421073,0.0419811,0.0418584,0.041739,0.0416228,0.0415098,0.0413997,0.0412925,0.0411881,0.0410862,0.040987,0.0408902,0.0407958,0.0407038,0.0406139,0.0405262,0.0404406,0.040357,0.0402754,0.0401957,0.0401178,0.0400417,0.0399673,0.0398947,0.0398237,0.0397542,0.0396864,0.03962,0.0395552,0.0394917,0.0394297,0.039369,0.0393097,0.0392517,0.0391949,0.0391394,0.0390851,0.039032,0.03898,0.0389292,0.0388794,0.0388308,0.0387832,0.0387366,0.038691,0.0386465,0.0386029,0.0385603,0.0385185,0.0384777
0.263641,0.229225,0.197815,0.169262,0.143641,0.121338,0.102851,0.0884808,0.0779948,0.0706245,0.0654748,0.0618108,0.0591232,0.0570831,0.0554824,0.0541885,0.0531152,0.0522049,0.0514183,0.0507278,0.0501136,0.0495611,0.0490593,0.0485999,0.0481764,0.0477836,0.0474174,0.0470745,0.0467521,0.0464479,0.0461601,0.045887,0.0456272,0.0453796,0.045143,0.0449167,0.0446998,0.0444916,0.0442914,0.0440989,0.0439134,0.0437344,0.0435617,0.0433949,0.0432335,0.0430774,0.0429262,0.0427796,0.0426376,0.0424997,0.0423659,0.0422359,0.0421096,0.0419868,0.0418674,0.0417512,0.0416381,0.0415279,0.0414207,0.0413162,0.0412143,0.041115,0.0410182,0.0409237,0.0408316,0.0407417,0.0406539,0.0405682,0.0404846,0.0404029,0.0403231,0.0402451,0.0401689,0.0400945,0.0400217,0.0399506,0.0398811,0.0398132,0.0397467,0.0396818,0.0396182,0.0395561,0.0394953,0.0394359,0.0393777,0.0393208,0.0392652,0.0392108,0.0391575,0.0391054,0.0390544,0.0390046,0.0389558,0.038908,0.0388613,0.0388156,0.0387709,0.0387272,0.0386844,0.0386425,0.0386016
0.265071,0.230686,0.199321,0.170817,0.14523,0.122908,0.104321,0.0897627,0.0790443,0.0714528,0.0661229,0.0623241,0.0595386,0.0574282,0.0557765,0.0544453,0.0533441,0.0524128,0.0516102,0.0509072,0.0502832,0.0497229,0.0492149,0.0487505,0.0483229,0.0479268,0.0475578,0.0472126,0.0468884,0.0465827,0.0462935,0.0460193,0.0457586,0.0455102,0.045273,0.0450461,0.0448287,0.0446202,0.0444197,0.0442269,0.0440411,0.043862,0.0436891,0.0435221,0.0433607,0.0432044,0.0430531,0.0429065,0.0427644,0.0426264,0.0424926,0.0423625,0.0422362,0.0421134,0.0419939,0.0418777,0.0417645,0.0416544,0.0415471,0.0414425,0.0413406,0.0412413,0.0411444,0.0410499,0.0409577,0.0408678,0.0407799,0.0406942,0.0406105,0.0405287,0.0404488,0.0403708,0.0402946,0.0402201,0.0401472,0.040076,0.0400065,0.0399384,0.0398719,0.0398068,0.0397432,0.0396809,0.0396201,0.0395605,0.0395023,0.0394453,0.0393895,0.039335,0.0392816,0.0392294,0.0391783,0.0391283,0.0390794,0.0390315,0.0389847,0.0389389,0.038894,0.0388501,0.0388072,0.0387652,0.0387241
0.266493,0.232137,0.200814,0.172356,0.146801,0.124462,0.105782,0.091046,0.0801032,0.0722938,0.0667834,0.0628475,0.0599619,0.057779,0.0560747,0.0547048,0.0535748,0.0526217,0.0518023,0.0510864,0.0504522,0.0498838,0.0493694,0.0488998,0.0484679,0.0480683,0.0476966,0.0473491,0.0470228,0.0467155,0.0464251,0.0461497,0.0458881,0.0456389,0.045401,0.0451736,0.0449557,0.0447468,0.044546,0.0443529,0.0441669,0.0439876,0.0438146,0.0436474,0.0434858,0.0433295,0.0431781,0.0430315,0.0428892,0.0427513,0.0426174,0.0424873,0.0423609,0.0422381,0.0421186,0.0420023,0.0418892,0.041779,0.0416717,0.0415671,0.0414652,0.0413658,0.0412689,0.0411744,0.0410822,0.0409921,0.0409043,0.0408185,0.0407347,0.0406529,0.040573,0.0404949,0.0404186,0.040344,0.0402711,0.0401999,0.0401302,0.0400621,0.0399955,0.0399304,0.0398666,0.0398043,0.0397434,0.0396837,0.0396254,0.0395683,0.0395124,0.0394578,0.0394043,0.039352,0.0393008,0.0392507,0.0392016,0.0391536,0.0391067,0.0390607,0.0390158,0.0389718,0.0389287,0.0388866,0.0388454
0.267907,0.233578,0.202294,0.17388,0.148354,0.126001,0.107233,0.0923298,0.0811706,0.0731468,0.0674559,0.0633811,0.0603932,0.0581358,0.0563772,0.0549672,0.0538073,0.0528315,0.0519948,0.0512654,0.0506207,0.0500439,0.0495228,0.0490478,0.0486116,0.0482084,0.0478337,0.0474838,0.0471556,0.0468466,0.0465547,0.0462782,0.0460156,0.0457656,0.0455271,0.0452991,0.0450808,0.0448714,0.0446703,0.0444769,0.0442907,0.0441112,0.043938,0.0437708,0.0436091,0.0434527,0.0433012,0.0431545,0.0430122,0.0428742,0.0427403,0.0426102,0.0424838,0.042361,0.0422415,0.0421252,0.042012,0.0419018,0.0417945,0.0416899,0.041588,0.0414886,0.0413917,0.0412971,0.0412049,0.0411149,0.041027,0.0409412,0.0408574,0.0407755,0.0406955,0.0406174,0.0405411,0.0404664,0.0403935,0.0403222,0.0402525,0.0401843,0.0401176,0.0400524,0.0399886,0.0399262,0.0398652,0.0398054,0.039747,0.0396898,0.0396339,0.0395792,0.0395256,0.0394732,0.0394219,0.0393716,0.0393225,0.0392744,0.0392273,0.0391813,0.0391362,0.0390921,0.0390489,0.0390067,0.0389653
0.269314,0.23501,0.203763,0.175389,0.149892,0.127525,0.108676,0.0936133,0.0822456,0.0740114,0.0681401,0.0639249,0.0608326,0.0584987,0.056684,0.0552326,0.0540417,0.0530425,0.0521878,0.0514445,0.0507888,0.0502034,0.0496753,0.0491946,0.0487539,0.048347,0.0479693,0.0476168,0.0472866,0.0469758,0.0466826,0.0464049,0.0461413,0.0458905,0.0456513,0.0454227,0.0452039,0.0449941,0.0447927,0.044599,0.0444126,0.0442329,0.0440596,0.0438922,0.0437304,0.0435739,0.0434224,0.0432757,0.0431334,0.0429954,0.0428614,0.0427313,0.0426049,0.042482,0.0423625,0.0422463,0.0421331,0.0420229,0.0419156,0.041811,0.0417091,0.0416097,0.0415128,0.0414182,0.041326,0.0412359,0.041148,0.0410622,0.0409784,0.0408965,0.0408165,0.0407383,0.040662,0.0405873,0.0405143,0.040443,0.0403732,0.0403049,0.0402382,0.0401729,0.0401091,0.0400466,0.0399855,0.0399257,0.0398672,0.03981,0.039754,0.0396991,0.0396455,0.039593,0.0395416,0.0394913,0.039442,0.0393938,0.0393467,0.0393005,0.0392553,0.0392111,0.0391678,0.0391254,0.039084
0.270714,0.236432,0.205219,0.176884,0.151413,0.129034,0.110109,0.0948959,0.0833274,0.0748868,0.0688359,0.0644789,0.0612801,0.0588677,0.0569953,0.0555012,0.0542783,0.0532548,0.0523815,0.0516236,0.0509566,0.0503621,0.0498268,0.0493404,0.048895,0.0484842,0.0481034,0.0477483,0.0474159,0.0471034,0.0468087,0.0465298,0.0462652,0.0460135,0.0457736,0.0455444,0.0453251,0.0451149,0.0449132,0.0447192,0.0445326,0.0443527,0.0441793,0.0440118,0.0438499,0.0436933,0.0435418,0.043395,0.0432527,0.0431146,0.0429807,0.0428506,0.0427242,0.0426013,0.0424819,0.0423656,0.0422524,0.0421423,0.042035,0.0419304,0.0418285,0.0417291,0.0416322,0.0415376,0.0414454,0.0413553,0.0412674,0.0411816,0.0410978,0.0410159,0.0409359,0.0408577,0.0407813,0.0407066,0.0406336,0.0405622,0.0404924,0.0404241,0.0403573,0.040292,0.0402281,0.0401656,0.0401044,0.0400446,0.039986,0.0399287,0.0398726,0.0398177,0.039764,0.0397114,0.0396599,0.0396095,0.0395602,0.0395119,0.0394647,0.0394184,0.0393731,0.0393288,0.0392854,0.039243,0.0392014
0.272108,0.237846,0.206665,0.178365,0.15292,0.130528,0.111532,0.0961767,0.0844151,0.0757726,0.0695429,0.065043,0.0617358,0.0592431,0.0573114,0.0557731,0.0545171,0.0534685,0.0525759,0.051803,0.0511242,0.0505204,0.0499776,0.0494852,0.0490349,0.0486202,0.048236,0.0478783,0.0475436,0.0472293,0.046933,0.0466529,0.0463872,0.0461347,0.045894,0.0456643,0.0454445,0.0452339,0.0450318,0.0448376,0.0446507,0.0444707,0.0442971,0.0441295,0.0439675,0.0438109,0.0436593,0.0435125,0.0433702,0.0432321,0.0430982,0.0429681,0.0428417,0.0427189,0.0425994,0.0424832,0.0423701,0.0422599,0.0421526,0.0420481,0.0419462,0.0418468,0.0417499,0.0416554,0.0415632,0.0414731,0.0413852,0.0412994,0.0412156,0.0411337,0.0410537,0.0409755,0.0408991,0.0408244,0.0407513,0.0406799,0.0406101,0.0405418,0.040475,0.0404096,0.0403457,0.0402831,0.0402219,0.040162,0.0401034,0.040046,0.0399899,0.0399349,0.0398811,0.0398285,0.0397769,0.0397265,0.0396771,0.0396287,0.0395814,0.039535,0.0394896,0.0394452,0.0394018,0.0393592,0.0393175
0.273495,0.239251,0.208099,0.179833,0.154411,0.132009,0.112945,0.0974553,0.0855079,0.0766679,0.0702607,0.065617,0.0621998,0.059625,0.0576323,0.0560486,0.0547584,0.0536838,0.0527712,0.0519828,0.0512917,0.0506782,0.0501277,0.049629,0.0491736,0.0487548,0.0483673,0.0480068,0.0476698,0.0473536,0.0470558,0.0467743,0.0465075,0.0462541,0.0460127,0.0457823,0.045562,0.045351,0.0451486,0.0449541,0.044767,0.0445868,0.044413,0.0442453,0.0440833,0.0439266,0.043775,0.0436282,0.0434858,0.0433478,0.0432139,0.0430838,0.0429575,0.0428346,0.0427152,0.042599,0.0424859,0.0423758,0.0422686,0.0421641,0.0420622,0.0419629,0.041866,0.0417715,0.0416793,0.0415893,0.0415014,0.0414156,0.0413318,0.0412499,0.0411699,0.0410917,0.0410153,0.0409406,0.0408676,0.0407962,0.0407263,0.040658,0.0405912,0.0405258,0.0404618,0.0403992,0.040338,0.040278,0.0402194,0.040162,0.0401058,0.0400507,0.0399969,0.0399442,0.0398926,0.039842,0.0397926,0.0397442,0.0396967,0.0396503,0.0396049,0.0395604,0.0395168,0.0394742,0.0394324
0.274875,0.240648,0.209523,0.181288,0.155888,0.133477,0.114349,0.0987312,0.0866052,0.0775723,0.070989,0.0662009,0.0626722,0.0600134,0.0579582,0.0563276,0.0550022,0.0539008,0.0529674,0.052163,0.0514592,0.0508357,0.0502772,0.049772,0.0493114,0.0488883,0.0484972,0.0481338,0.0477945,0.0474763,0.0471769,0.046894,0.0466262,0.0463718,0.0461296,0.0458986,0.0456778,0.0454663,0.0452635,0.0450688,0.0448815,0.0447011,0.0445272,0.0443594,0.0441973,0.0440406,0.0438889,0.0437421,0.0435997,0.0434617,0.0433278,0.0431978,0.0430715,0.0429487,0.0428293,0.0427132,0.0426001,0.0424901,0.0423829,0.0422784,0.0421766,0.0420773,0.0419805,0.041886,0.0417939,0.0417039,0.0416161,0.0415303,0.0414465,0.0413646,0.0412846,0.0412065,0.0411301,0.0410554,0.0409823,0.0409109,0.040841,0.0407727,0.0407059,0.0406405,0.0405765,0.0405139,0.0404526,0.0403927,0.040334,0.0402765,0.0402203,0.0401652,0.0401113,0.0400586,0.0400069,0.0399563,0.0399068,0.0398583,0.0398108,0.0397643,0.0397188,0.0396743,0.0396306,0.0395879,0.0395461
0.276249,0.242036,0.210937,0.18273,0.157351,0.134931,0.115742,0.100004,0.0877062,0.078485,0.0717275,0.0667946,0.0631528,0.0604085,0.0582891,0.0566105,0.0552487,0.0541195,0.0531648,0.0523437,0.0516268,0.050993,0.0504261,0.0499142,0.0494481,0.0490206,0.0486259,0.0482596,0.0479178,0.0475975,0.0472964,0.0470122,0.0467431,0.0464878,0.0462448,0.0460131,0.0457918,0.0455799,0.0453768,0.0451817,0.0449942,0.0448136,0.0446396,0.0444717,0.0443095,0.0441527,0.0440011,0.0438542,0.0437119,0.0435739,0.04344,0.04331,0.0431838,0.0430611,0.0429417,0.0428256,0.0427127,0.0426027,0.0424955,0.0423911,0.0422894,0.0421901,0.0420934,0.041999,0.0419068,0.0418169,0.0417291,0.0416434,0.0415596,0.0414778,0.0413978,0.0413197,0.0412433,0.0411686,0.0410956,0.0410242,0.0409543,0.040886,0.0408192,0.0407538,0.0406898,0.0406272,0.0405659,0.0405059,0.0404472,0.0403897,0.0403334,0.0402783,0.0402244,0.0401716,0.0401199,0.0400693,0.0400197,0.0399712,0.0399236,0.0398771,0.0398315,0.0397869,0.0397432,0.0397004,0.0396585
0.277617,0.243417,0.21234,0.18416,0.158801,0.136372,0.117127,0.101273,0.0888103,0.0794056,0.0724758,0.0673978,0.0636418,0.0608103,0.0586253,0.0568972,0.055498,0.0543402,0.0533634,0.052525,0.0517947,0.05115,0.0505745,0.0500557,0.049584,0.0491519,0.0487534,0.048384,0.0480396,0.0477173,0.0474144,0.0471287,0.0468585,0.0466021,0.0463583,0.046126,0.0459041,0.0456917,0.0454882,0.0452929,0.0451051,0.0449244,0.0447502,0.0445822,0.04442,0.0442632,0.0441115,0.0439646,0.0438223,0.0436844,0.0435505,0.0434206,0.0432944,0.0431717,0.0430525,0.0429364,0.0428235,0.0427136,0.0426065,0.0425022,0.0424005,0.0423013,0.0422046,0.0421103,0.0420182,0.0419283,0.0418406,0.0417549,0.0416712,0.0415894,0.0415095,0.0414314,0.041355,0.0412804,0.0412074,0.041136,0.0410662,0.0409979,0.040931,0.0408656,0.0408016,0.040739,0.0406777,0.0406177,0.040559,0.0405015,0.0404452,0.0403901,0.0403361,0.0402833,0.0402316,0.0401809,0.0401313,0.0400827,0.0400351,0.0399886,0.0399429,0.0398982,0.0398545,0.0398116,0.0397697
0.27898,0.24479,0.213734,0.185579,0.160238,0.1378,0.118501,0.102538,0.0899169,0.0803335,0.0732334,0.0680105,0.064139,0.061219,0.0589668,0.057188,0.0557502,0.0545629,0.0535633,0.0527072,0.0519628,0.051307,0.0507226,0.0501966,0.049719,0.0492821,0.0488798,0.0485071,0.0481601,0.0478356,0.0475309,0.0472437,0.0469722,0.0467149,0.0464702,0.0462372,0.0460147,0.0458019,0.045598,0.0454024,0.0452143,0.0450334,0.0448591,0.044691,0.0445287,0.0443719,0.0442202,0.0440733,0.0439311,0.0437931,0.0436593,0.0435295,0.0434033,0.0432807,0.0431615,0.0430456,0.0429327,0.0428229,0.0427159,0.0426116,0.04251,0.042411,0.0423143,0.04222,0.042128,0.0420382,0.0419506,0.0418649,0.0417813,0.0416995,0.0416197,0.0415416,0.0414653,0.0413907,0.0413177,0.0412464,0.0411766,0.0411083,0.0410415,0.0409761,0.0409121,0.0408495,0.0407882,0.0407282,0.0406695,0.040612,0.0405557,0.0405005,0.0404466,0.0403937,0.040342,0.0402913,0.0402416,0.040193,0.0401454,0.0400988,0.0400531,0.0400084,0.0399646,0.0399217,0.0398796
0.280336,0.246155,0.215119,0.186987,0.161662,0.139217,0.119866,0.103798,0.0910255,0.081268,0.074,0.0686323,0.0646445,0.0616344,0.0593137,0.0574828,0.0560055,0.0547878,0.0537646,0.0528901,0.0521312,0.0514639,0.0508703,0.0503369,0.0498533,0.0494115,0.0490051,0.0486291,0.0482794,0.0479526,0.047646,0.0473572,0.0470845,0.046826,0.0465805,0.0463467,0.0461236,0.0459104,0.0457061,0.0455101,0.0453219,0.0451408,0.0449663,0.0447981,0.0446358,0.0444789,0.0443272,0.0441803,0.0440381,0.0439002,0.0437665,0.0436367,0.0435106,0.0433881,0.043269,0.0431531,0.0430404,0.0429306,0.0428237,0.0427195,0.042618,0.042519,0.0424224,0.0423283,0.0422363,0.0421466,0.042059,0.0419734,0.0418898,0.0418082,0.0417284,0.0416504,0.0415741,0.0414995,0.0414266,0.0413553,0.0412855,0.0412173,0.0411505,0.0410851,0.0410212,0.0409586,0.0408973,0.0408373,0.0407786,0.0407211,0.0406648,0.0406097,0.0405557,0.0405028,0.040451,0.0404003,0.0403507,0.040302,0.0402544,0.0402077,0.040162,0.0401173,0.0400734,0.0400305,0.0399884
0.281687,0.247513,0.216494,0.188383,0.163074,0.140621,0.121221,0.105054,0.0921354,0.0822086,0.0747752,0.0692632,0.0651582,0.0620567,0.0596661,0.057782,0.0562639,0.0550149,0.0539675,0.053074,0.0523002,0.051621,0.0510178,0.0504767,0.0499868,0.0495399,0.0491294,0.0487499,0.0483973,0.0480682,0.0477596,0.0474693,0.0471952,0.0469356,0.0466892,0.0464547,0.046231,0.0460172,0.0458125,0.0456163,0.0454278,0.0452465,0.0450719,0.0449036,0.0447412,0.0445842,0.0444325,0.0442857,0.0441435,0.0440057,0.043872,0.0437422,0.0436162,0.0434938,0.0433748,0.043259,0.0431464,0.0430367,0.0429299,0.0428258,0.0427244,0.0426255,0.042529,0.0424349,0.0423431,0.0422534,0.0421659,0.0420804,0.0419969,0.0419153,0.0418356,0.0417577,0.0416815,0.041607,0.0415341,0.0414628,0.0413931,0.0413249,0.0412581,0.0411928,0.0411289,0.0410663,0.0410051,0.0409451,0.0408864,0.0408289,0.0407726,0.0407175,0.0406635,0.0406106,0.0405588,0.0405081,0.0404585,0.0404098,0.0403621,0.0403155,0.0402697,0.0402249,0.040181,0.0401381,0.040096
0.283032,0.248864,0.217861,0.189769,0.164474,0.142013,0.122567,0.106305,0.0932461,0.0831549,0.0755586,0.0699028,0.06568,0.062486,0.060024,0.0580854,0.0565256,0.0552444,0.054172,0.053259,0.0524697,0.0517782,0.0511652,0.0506161,0.0501198,0.0496676,0.0492527,0.0488696,0.0485141,0.0481826,0.047872,0.04758,0.0473045,0.0470438,0.0467964,0.0465611,0.0463368,0.0461225,0.0459174,0.0457208,0.045532,0.0453505,0.0451758,0.0450074,0.0448449,0.044688,0.0445362,0.0443894,0.0442472,0.0441095,0.0439758,0.0438462,0.0437202,0.0435979,0.043479,0.0433633,0.0432508,0.0431412,0.0430345,0.0429305,0.0428292,0.0427304,0.0426341,0.0425401,0.0424483,0.0423588,0.0422713,0.042186,0.0421025,0.042021,0.0419414,0.0418635,0.0417874,0.0417129,0.0416401,0.0415689,0.0414993,0.0414311,0.0413644,0.0412991,0.0412352,0.0411727,0.0411115,0.0410515,0.0409929,0.0409354,0.0408791,0.040824,0.04077,0.0407172,0.0406654,0.0406147,0.040565,0.0405163,0.0404686,0.0404219,0.0403762,0.0403314,0.0402875,0.0402445,0.0402023
0.284372,0.250209,0.219219,0.191145,0.165862,0.143394,0.123904,0.107551,0.0943574,0.0841062,0.0763498,0.070551,0.0662099,0.0629221,0.0603876,0.0583933,0.0567906,0.0554764,0.0543783,0.0534451,0.0526399,0.0519357,0.0513125,0.0507551,0.0502521,0.0497944,0.0493751,0.0489884,0.0486298,0.0482957,0.047983,0.0476893,0.0474123,0.0471505,0.0469021,0.046666,0.046441,0.0462261,0.0460206,0.0458237,0.0456346,0.0454529,0.0452781,0.0451096,0.044947,0.04479,0.0446383,0.0444915,0.0443494,0.0442116,0.0440781,0.0439485,0.0438227,0.0437004,0.0435816,0.0434661,0.0433536,0.0432442,0.0431376,0.0430337,0.0429325,0.0428338,0.0427376,0.0426437,0.0425521,0.0424626,0.0423753,0.04229,0.0422067,0.0421253,0.0420457,0.0419679,0.0418919,0.0418175,0.0417448,0.0416736,0.041604,0.0415359,0.0414693,0.0414041,0.0413402,0.0412777,0.0412166,0.0411567,0.041098,0.0410406,0.0409843,0.0409292,0.0408753,0.0408224,0.0407706,0.0407199,0.0406703,0.0406216,0.0405739,0.0405272,0.0404814,0.0404366,0.0403927,0.0403497,0.0403075
0.285707,0.251546,0.220569,0.192511,0.167239,0.144764,0.125231,0.108792,0.0954686,0.0850621,0.0771483,0.0712075,0.0667476,0.0633651,0.0607569,0.0587056,0.0570591,0.055711,0.0545864,0.0536325,0.0528108,0.0520935,0.0514598,0.0508939,0.050384,0.0499206,0.0494966,0.0491061,0.0487444,0.0484076,0.0480928,0.0477973,0.0475188,0.0472557,0.0470063,0.0467694,0.0465437,0.0463283,0.0461223,0.045925,0.0457357,0.0455538,0.0453788,0.0452101,0.0450475,0.0448905,0.0447388,0.044592,0.0444499,0.0443122,0.0441788,0.0440493,0.0439235,0.0438014,0.0436827,0.0435672,0.0434549,0.0433456,0.0432391,0.0431354,0.0430343,0.0429357,0.0428396,0.0427458,0.0426543,0.042565,0.0424778,0.0423926,0.0423094,0.0422281,0.0421486,0.0420709,0.0419949,0.0419207,0.041848,0.041777,0.0417074,0.0416394,0.0415728,0.0415077,0.0414439,0.0413814,0.0413203,0.0412605,0.0412018,0.0411444,0.0410882,0.0410332,0.0409792,0.0409264,0.0408747,0.040824,0.0407743,0.0407256,0.040678,0.0406313,0.0405855,0.0405407,0.0404967,0.0404537,0.0404115
0.287036,0.252877,0.221911,0.193867,0.168606,0.146124,0.12655,0.110027,0.0965794,0.0860221,0.0779538,0.0718721,0.0672932,0.0638151,0.0611319,0.0590226,0.0573312,0.0559482,0.0547965,0.0538212,0.0529826,0.0522517,0.0516071,0.0510325,0.0505154,0.0500462,0.0496174,0.0492229,0.0488579,0.0485185,0.0482014,0.047904,0.047624,0.0473596,0.0471092,0.0468713,0.0466449,0.046429,0.0462225,0.0460248,0.0458352,0.0456531,0.0454779,0.0453092,0.0451465,0.0449894,0.0448377,0.0446909,0.0445489,0.0444113,0.0442779,0.0441485,0.0440228,0.0439008,0.0437822,0.0436669,0.0435547,0.0434455,0.0433391,0.0432355,0.0431346,0.0430362,0.0429402,0.0428465,0.0427551,0.0426659,0.0425788,0.0424937,0.0424106,0.0423294,0.0422501,0.0421725,0.0420966,0.0420224,0.0419499,0.0418789,0.0418095,0.0417415,0.041675,0.0416099,0.0415462,0.0414838,0.0414228,0.041363,0.0413044,0.041247,0.0411909,0.0411358,0.0410819,0.0410291,0.0409774,0.0409267,0.0408771,0.0408285,0.0407808,0.0407341,0.0406883,0.0406435,0.0405996,0.0405565,0.0405144
0.288361,0.254202,0.223245,0.195214,0.169962,0.147472,0.127859,0.111257,0.0976895,0.0869858,0.0787659,0.0725444,0.0678465,0.0642719,0.0615127,0.0593442,0.0576069,0.0561882,0.0550086,0.0540113,0.0531552,0.0524105,0.0517546,0.0511709,0.0506464,0.0501712,0.0497374,0.0493388,0.0489704,0.0486282,0.0483088,0.0480095,0.0477279,0.0474621,0.0472106,0.0469719,0.0467447,0.0465281,0.0463212,0.0461231,0.0459332,0.0457508,0.0455755,0.0454066,0.0452439,0.0450868,0.044935,0.0447883,0.0446463,0.0445088,0.0443754,0.0442461,0.0441206,0.0439987,0.0438802,0.043765,0.0436529,0.0435439,0.0434377,0.0433342,0.0432334,0.0431351,0.0430392,0.0429457,0.0428545,0.0427654,0.0426784,0.0425935,0.0425105,0.0424294,0.0423501,0.0422727,0.0421969,0.0421228,0.0420504,0.0419795,0.0419102,0.0418423,0.0417759,0.0417109,0.0416472,0.0415849,0.0415239,0.0414642,0.0414057,0.0413484,0.0412922,0.0412373,0.0411834,0.0411306,0.0410789,0.0410283,0.0409787,0.0409301,0.0408824,0.0408358,0.04079,0.0407452,0.0407013,0.0406582,0.0406161
0.289681,0.255521,0.224571,0.196552,0.171308,0.148811,0.12916,0.112481,0.0987985,0.0879527,0.0795842,0.0732243,0.0684073,0.0647355,0.0618993,0.0596706,0.0578864,0.0564311,0.0552228,0.0542029,0.0533289,0.0525698,0.0519024,0.0513093,0.0507772,0.0502957,0.0498568,0.049454,0.0490821,0.0487369,0.0484151,0.0481137,0.0478305,0.0475634,0.0473107,0.047071,0.0468431,0.0466259,0.0464184,0.0462199,0.0460297,0.0458471,0.0456716,0.0455026,0.0453397,0.0451826,0.0450309,0.0448842,0.0447422,0.0446047,0.0444715,0.0443423,0.0442168,0.044095,0.0439767,0.0438616,0.0437497,0.0436408,0.0435347,0.0434314,0.0433307,0.0432326,0.0431369,0.0430435,0.0429524,0.0428634,0.0427766,0.0426918,0.0426089,0.042528,0.0424488,0.0423715,0.0422958,0.0422219,0.0421495,0.0420787,0.0420095,0.0419417,0.0418754,0.0418105,0.0417469,0.0416847,0.0416238,0.0415641,0.0415056,0.0414484,0.0413923,0.0413374,0.0412836,0.0412309,0.0411793,0.0411286,0.0410791,0.0410305,0.0409829,0.0409362,0.0408905,0.0408457,0.0408018,0.0407588,0.0407166
0.290996,0.256833,0.22589,0.197881,0.172644,0.150139,0.130452,0.1137,0.0999061,0.0889225,0.0804083,0.0739114,0.0689755,0.0652059,0.0622917,0.0600017,0.0581697,0.0566769,0.0554392,0.0543961,0.0535036,0.0527297,0.0520504,0.0514477,0.0509077,0.0504198,0.0499755,0.0495683,0.0491928,0.0488446,0.0485203,0.0482169,0.0479319,0.0476634,0.0474095,0.0471688,0.0469401,0.0467222,0.0465142,0.0463153,0.0461248,0.0459419,0.0457662,0.045597,0.0454341,0.0452769,0.0451252,0.0449785,0.0448366,0.0446992,0.044566,0.0444369,0.0443116,0.0441899,0.0440717,0.0439568,0.043845,0.0437362,0.0436303,0.0435271,0.0434266,0.0433286,0.043233,0.0431398,0.0430488,0.0429601,0.0428734,0.0427887,0.042706,0.0426251,0.0425461,0.0424689,0.0423934,0.0423196,0.0422473,0.0421767,0.0421075,0.0420398,0.0419736,0.0419088,0.0418453,0.0417832,0.0417223,0.0416627,0.0416044,0.0415472,0.0414912,0.0414363,0.0413826,0.0413299,0.0412783,0.0412278,0.0411782,0.0411297,0.0410821,0.0410355,0.0409898,0.040945,0.0409011,0.0408581,0.040816
0.292307,0.25814,0.227201,0.199201,0.17397,0.151457,0.131736,0.114913,0.101012,0.0898947,0.0812379,0.0746055,0.069551,0.0656831,0.0626899,0.0603377,0.0584568,0.0569258,0.055658,0.054591,0.0536795,0.0528904,0.0521988,0.0515861,0.051038,0.0505434,0.0500937,0.049682,0.0493027,0.0489514,0.0486245,0.0483189,0.0480321,0.0477621,0.047507,0.0472653,0.0470357,0.0468172,0.0466086,0.0464093,0.0462184,0.0460352,0.0458593,0.04569,0.045527,0.0453698,0.045218,0.0450714,0.0449295,0.0447921,0.0446591,0.0445301,0.0444049,0.0442833,0.0441652,0.0440504,0.0439388,0.0438302,0.0437244,0.0436214,0.043521,0.0434232,0.0433278,0.0432347,0.0431439,0.0430553,0.0429687,0.0428842,0.0428016,0.0427209,0.0426421,0.042565,0.0424896,0.0424159,0.0423438,0.0422732,0.0422042,0.0421366,0.0420705,0.0420058,0.0419424,0.0418804,0.0418196,0.0417601,0.0417018,0.0416447,0.0415888,0.041534,0.0414803,0.0414278,0.0413762,0.0413257,0.0412762,0.0412277,0.0411802,0.0411336,0.0410879,0.0410432,0.0409993,0.0409564,0.0409142
0.293613,0.259441,0.228506,0.200513,0.175287,0.152766,0.133011,0.11612,0.102116,0.090869,0.0820725,0.0753062,0.0701336,0.0661669,0.063094,0.0606786,0.0587479,0.0571778,0.0558791,0.0547876,0.0538567,0.0530519,0.0523477,0.0517247,0.0511682,0.0506668,0.0502114,0.0497949,0.0494118,0.0490573,0.0487277,0.0484199,0.0481313,0.0478597,0.0476033,0.0473605,0.0471301,0.0469108,0.0467017,0.0465019,0.0463106,0.0461271,0.045951,0.0457816,0.0456185,0.0454612,0.0453094,0.0451628,0.0450209,0.0448837,0.0447507,0.0446218,0.0444967,0.0443753,0.0442573,0.0441427,0.0440312,0.0439227,0.0438171,0.0437143,0.0436141,0.0435164,0.0434211,0.0433282,0.0432376,0.0431491,0.0430627,0.0429784,0.0428959,0.0428154,0.0427367,0.0426597,0.0425845,0.0425109,0.0424389,0.0423685,0.0422996,0.0422322,0.0421662,0.0421015,0.0420383,0.0419763,0.0419157,0.0418563,0.0417981,0.0417411,0.0416852,0.0416305,0.0415769,0.0415244,0.0414729,0.0414225,0.041373,0.0413246,0.0412771,0.0412306,0.0411849,0.0411402,0.0410964,0.0410535,0.0410114
0.294914,0.260736,0.229804,0.201817,0.176594,0.154066,0.134278,0.117322,0.103218,0.091845,0.0829119,0.0760135,0.0707231,0.0666573,0.0635039,0.0610243,0.059043,0.0574329,0.0561026,0.0549861,0.0540351,0.0532142,0.052497,0.0518635,0.0512984,0.0507898,0.0503286,0.0499073,0.0495202,0.0491623,0.0488299,0.0485198,0.0482293,0.0479561,0.0476983,0.0474545,0.0472231,0.0470031,0.0467934,0.0465931,0.0464014,0.0462177,0.0460413,0.0458717,0.0457085,0.0455512,0.0453994,0.0452527,0.0451109,0.0449737,0.0448408,0.044712,0.0445871,0.0444658,0.044348,0.0442335,0.0441221,0.0440138,0.0439084,0.0438057,0.0437057,0.0436082,0.0435131,0.0434204,0.0433299,0.0432416,0.0431553,0.0430711,0.0429889,0.0429085,0.0428299,0.0427531,0.042678,0.0426046,0.0425328,0.0424625,0.0423937,0.0423264,0.0422605,0.042196,0.0421329,0.042071,0.0420105,0.0419512,0.0418931,0.0418361,0.0417804,0.0417258,0.0416722,0.0416198,0.0415684,0.041518,0.0414686,0.0414203,0.0413728,0.0413263,0.0412808,0.0412361,0.0411923,0.0411494,0.0411074
0.296212,0.262026,0.231095,0.203113,0.177893,0.155356,0.135537,0.118517,0.104318,0.0928224,0.0837557,0.0767268,0.0713193,0.0671542,0.0639196,0.061375,0.0593421,0.0576913,0.0563287,0.0551865,0.0542149,0.0533775,0.052647,0.0520025,0.0514285,0.0509127,0.0504454,0.0500191,0.0496278,0.0492666,0.0489313,0.0486188,0.0483262,0.0480514,0.0477922,0.0475472,0.0473149,0.0470941,0.0468838,0.046683,0.0464909,0.0463068,0.0461302,0.0459605,0.0457971,0.0456397,0.0454879,0.0453413,0.0451995,0.0450624,0.0449296,0.0448009,0.044676,0.0445549,0.0444372,0.0443229,0.0442117,0.0441035,0.0439983,0.0438958,0.0437959,0.0436986,0.0436037,0.0435111,0.0434208,0.0433327,0.0432466,0.0431626,0.0430805,0.0430003,0.0429219,0.0428452,0.0427703,0.042697,0.0426253,0.0425552,0.0424865,0.0424193,0.0423536,0.0422892,0.0422262,0.0421645,0.042104,0.0420448,0.0419868,0.04193,0.0418744,0.0418198,0.0417664,0.041714,0.0416627,0.0416124,0.0415631,0.0415148,0.0414674,0.041421,0.0413755,0.0413309,0.0412872,0.0412443,0.0412023
0.297505,0.263311,0.232379,0.204401,0.179183,0.156638,0.136788,0.119707,0.105415,0.093801,0.0846035,0.0774461,0.0719221,0.0676576,0.0643411,0.0617307,0.0596454,0.057953,0.0565574,0.0553888,0.0543962,0.0535419,0.0527975,0.0521419,0.0515587,0.0510353,0.0505619,0.0501305,0.0497349,0.04937,0.0490318,0.0487168,0.0484222,0.0481456,0.047885,0.0476388,0.0474055,0.0471839,0.0469729,0.0467715,0.046579,0.0463947,0.0462178,0.0460479,0.0458844,0.0457269,0.045575,0.0454284,0.0452867,0.0451496,0.0450169,0.0448883,0.0447636,0.0446426,0.044525,0.0444109,0.0442998,0.0441919,0.0440868,0.0439844,0.0438848,0.0437876,0.0436929,0.0436005,0.0435104,0.0434224,0.0433366,0.0432527,0.0431708,0.0430907,0.0430125,0.042936,0.0428612,0.0427881,0.0427165,0.0426466,0.0425781,0.042511,0.0424454,0.0423812,0.0423183,0.0422567,0.0421963,0.0421373,0.0420794,0.0420227,0.0419671,0.0419127,0.0418593,0.0418071,0.0417558,0.0417056,0.0416564,0.0416082,0.0415609,0.0415145,0.0414691,0.0414245,0.0413808,0.041338,0.0412961
0.298794,0.264591,0.233657,0.205682,0.180465,0.157911,0.138031,0.120891,0.106509,0.0947803,0.085455,0.0781709,0.0725313,0.0681672,0.0647684,0.0620913,0.0599528,0.058218,0.0567887,0.0555933,0.0545791,0.0537073,0.0529488,0.0522817,0.0516891,0.0511579,0.050678,0.0502413,0.0498413,0.0494728,0.0491315,0.0488139,0.0485171,0.0482387,0.0479767,0.0477293,0.047495,0.0472725,0.0470608,0.0468588,0.0466659,0.0464812,0.046304,0.0461339,0.0459703,0.0458127,0.0456608,0.0455142,0.0453725,0.0452355,0.0451028,0.0449743,0.0448498,0.0447289,0.0446115,0.0444975,0.0443866,0.0442788,0.0441739,0.0440718,0.0439723,0.0438753,0.0437808,0.0436886,0.0435986,0.0435109,0.0434252,0.0433415,0.0432597,0.0431799,0.0431018,0.0430255,0.0429509,0.0428779,0.0428065,0.0427367,0.0426683,0.0426015,0.042536,0.0424719,0.0424091,0.0423477,0.0422875,0.0422285,0.0421707,0.0421141,0.0420587,0.0420044,0.0419511,0.0418989,0.0418478,0.0417977,0.0417485,0.0417004,0.0416532,0.0416069,0.0415615,0.041517,0.0414734,0.0414307,0.0413888
0.300079,0.265865,0.23493,0.206956,0.181739,0.159175,0.139266,0.12207,0.107601,0.0957603,0.08631,0.0789011,0.0731467,0.068683,0.0652014,0.062457,0.0602644,0.0584865,0.0570228,0.0557998,0.0547635,0.0538738,0.0531009,0.0524219,0.0518196,0.0512805,0.050794,0.0503518,0.0499472,0.0495749,0.0492304,0.0489101,0.0486112,0.0483309,0.0480673,0.0478186,0.0475832,0.0473599,0.0471474,0.0469449,0.0467515,0.0465664,0.046389,0.0462186,0.0460549,0.0458972,0.0457452,0.0455986,0.045457,0.04532,0.0451874,0.045059,0.0449346,0.0448138,0.0446966,0.0445827,0.0444721,0.0443644,0.0442597,0.0441577,0.0440584,0.0439616,0.0438673,0.0437753,0.0436856,0.043598,0.0435125,0.043429,0.0433474,0.0432677,0.0431898,0.0431137,0.0430393,0.0429665,0.0428952,0.0428256,0.0427574,0.0426907,0.0426253,0.0425614,0.0424988,0.0424374,0.0423774,0.0423185,0.0422609,0.0422044,0.0421491,0.0420949,0.0420417,0.0419897,0.0419386,0.0418886,0.0418396,0.0417915,0.0417444,0.0416982,0.0416529,0.0416085,0.0415649,0.0415222,0.0414804
0.30136,0.267135,0.236196,0.208222,0.183005,0.160431,0.140494,0.123242,0.108689,0.0967405,0.0871682,0.0796364,0.0737681,0.069205,0.06564,0.0628276,0.0605803,0.0587585,0.0572597,0.0560085,0.0549496,0.0540416,0.0532538,0.0525627,0.0519504,0.051403,0.0509097,0.0504619,0.0500526,0.0496763,0.0493286,0.0490056,0.0487043,0.0484221,0.0481569,0.0479069,0.0476703,0.0474461,0.0472329,0.0470298,0.0468358,0.0466503,0.0464726,0.0463021,0.0461381,0.0459804,0.0458284,0.0456817,0.0455401,0.0454032,0.0452707,0.0451424,0.045018,0.0448974,0.0447804,0.0446667,0.0445561,0.0444487,0.0443441,0.0442424,0.0441432,0.0440467,0.0439525,0.0438607,0.0437712,0.0436838,0.0435985,0.0435152,0.0434338,0.0433543,0.0432766,0.0432006,0.0431264,0.0430538,0.0429827,0.0429132,0.0428452,0.0427786,0.0427135,0.0426497,0.0425872,0.042526,0.0424661,0.0424074,0.0423499,0.0422935,0.0422383,0.0421842,0.0421312,0.0420792,0.0420283,0.0419784,0.0419294,0.0418815,0.0418344,0.0417883,0.0417431,0.0416988,0.0416553,0.0416127,0.0415709
0.302637,0.268399,0.237456,0.209482,0.184263,0.161679,0.141714,0.124409,0.109775,0.0977208,0.0880292,0.0803764,0.0743952,0.0697329,0.0660843,0.0632032,0.0609004,0.059034,0.0574994,0.0562195,0.0551374,0.0542107,0.0534076,0.052704,0.0520815,0.0515256,0.0510253,0.0505716,0.0501575,0.0497772,0.049426,0.0491002,0.0487966,0.0485124,0.0482455,0.0479941,0.0477564,0.0475312,0.0473172,0.0471134,0.046919,0.0467331,0.046555,0.0463842,0.0462201,0.0460622,0.0459102,0.0457635,0.0456219,0.045485,0.0453526,0.0452244,0.0451002,0.0449797,0.0448628,0.0447492,0.0446389,0.0445316,0.0444273,0.0443257,0.0442268,0.0441304,0.0440364,0.0439448,0.0438555,0.0437683,0.0436832,0.0436001,0.0435189,0.0434396,0.0433621,0.0432863,0.0432123,0.0431398,0.0430689,0.0429996,0.0429318,0.0428654,0.0428004,0.0427367,0.0426744,0.0426134,0.0425536,0.042495,0.0424377,0.0423815,0.0423264,0.0422724,0.0422195,0.0421677,0.0421169,0.042067,0.0420182,0.0419703,0.0419234,0.0418774,0.0418322,0.041788,0.0417446,0.0417021,0.0416604
0.303911,0.269659,0.23871,0.210734,0.185513,0.16292,0.142927,0.12557,0.110857,0.0987009,0.0888928,0.0811211,0.075028,0.0702667,0.0665341,0.0635838,0.0612247,0.059313,0.057742,0.0564328,0.055327,0.0543811,0.0535623,0.052846,0.0522129,0.0516484,0.0511408,0.0506812,0.050262,0.0498775,0.0495229,0.0491941,0.048888,0.0486018,0.0483332,0.0480803,0.0478414,0.0476152,0.0474004,0.0471959,0.0470009,0.0468146,0.0466362,0.0464651,0.0463009,0.0461429,0.0459907,0.045844,0.0457024,0.0455656,0.0454332,0.0453051,0.045181,0.0450607,0.0449439,0.0448305,0.0447204,0.0446133,0.0445091,0.0444077,0.044309,0.0442128,0.0441191,0.0440277,0.0439385,0.0438515,0.0437666,0.0436837,0.0436028,0.0435236,0.0434463,0.0433708,0.0432969,0.0432246,0.043154,0.0430848,0.0430171,0.0429509,0.0428861,0.0428226,0.0427604,0.0426996,0.0426399,0.0425815,0.0425243,0.0424682,0.0424133,0.0423595,0.0423067,0.042255,0.0422043,0.0421546,0.0421059,0.0420581,0.0420112,0.0419653,0.0419203,0.0418761,0.0418328,0.0417904,0.0417488
0.305181,0.270915,0.239959,0.211981,0.186756,0.164152,0.144133,0.126726,0.111936,0.0996806,0.0897588,0.08187,0.0756662,0.0708062,0.0669895,0.0639694,0.0615534,0.0595957,0.0579876,0.0566485,0.0555185,0.0545529,0.0537181,0.0529886,0.0523447,0.0517713,0.0512563,0.0507905,0.0503662,0.0499774,0.0496191,0.0492873,0.0489786,0.0486903,0.0484199,0.0481655,0.0479254,0.0476981,0.0474824,0.0472773,0.0470817,0.0468949,0.0467162,0.0465448,0.0463803,0.0462222,0.04607,0.0459232,0.0457816,0.0456448,0.0455126,0.0453846,0.0452606,0.0451404,0.0450237,0.0449105,0.0448005,0.0446936,0.0445896,0.0444884,0.0443899,0.0442939,0.0442004,0.0441092,0.0440203,0.0439335,0.0438488,0.0437661,0.0436854,0.0436065,0.0435294,0.043454,0.0433803,0.0433082,0.0432377,0.0431688,0.0431013,0.0430352,0.0429706,0.0429073,0.0428453,0.0427846,0.0427251,0.0426669,0.0426098,0.0425539,0.0424991,0.0424454,0.0423927,0.0423412,0.0422906,0.042241,0.0421924,0.0421447,0.042098,0.0420522,0.0420073,0.0419632,0.04192,0.0418776,0.0418361
0.306447,0.272166,0.241203,0.213221,0.187992,0.165377,0.145332,0.127876,0.113012,0.10066,0.0906268,0.0826231,0.0763096,0.0713513,0.0674503,0.0643599,0.0618864,0.059882,0.0582362,0.0568666,0.0557119,0.0547262,0.053875,0.053132,0.052477,0.0518944,0.0513718,0.0508996,0.05047,0.0500768,0.0497148,0.0493799,0.0490685,0.048778,0.0485057,0.0482498,0.0480083,0.04778,0.0475634,0.0473575,0.0471614,0.0469741,0.046795,0.0466233,0.0464586,0.0463003,0.046148,0.0460012,0.0458596,0.0457229,0.0455907,0.0454627,0.0453388,0.0452188,0.0451023,0.0449892,0.0448794,0.0447727,0.0446689,0.0445679,0.0444696,0.0443738,0.0442805,0.0441895,0.0441008,0.0440142,0.0439298,0.0438473,0.0437667,0.043688,0.0436111,0.043536,0.0434625,0.0433906,0.0433203,0.0432516,0.0431843,0.0431184,0.0430539,0.0429908,0.042929,0.0428684,0.0428091,0.0427511,0.0426941,0.0426384,0.0425837,0.0425302,0.0424777,0.0424262,0.0423758,0.0423263,0.0422778,0.0422303,0.0421837,0.042138,0.0420932,0.0420492,0.0420061,0.0419638,0.0419224
0.30771,0.273413,0.242441,0.214454,0.189221,0.166595,0.146524,0.12902,0.114085,0.101638,0.0914967,0.0833799,0.0769581,0.0719019,0.0679164,0.0647553,0.0622237,0.060172,0.0584878,0.0570872,0.0559072,0.054901,0.054033,0.0532762,0.0526098,0.0520178,0.0514874,0.0510086,0.0505736,0.0501758,0.0498099,0.0494718,0.0491577,0.0488649,0.0485907,0.0483331,0.0480903,0.0478609,0.0476434,0.0474367,0.0472399,0.0470521,0.0468726,0.0467007,0.0465357,0.0463773,0.0462248,0.046078,0.0459364,0.0457996,0.0456675,0.0455397,0.0454159,0.0452959,0.0451796,0.0450667,0.0449571,0.0448505,0.0447469,0.0446461,0.044548,0.0444524,0.0443593,0.0442686,0.0441801,0.0440937,0.0440095,0.0439272,0.0438469,0.0437684,0.0436917,0.0436168,0.0435435,0.0434718,0.0434017,0.0433332,0.0432661,0.0432004,0.0431361,0.0430731,0.0430115,0.0429511,0.042892,0.0428341,0.0427773,0.0427217,0.0426672,0.0426138,0.0425615,0.0425102,0.0424599,0.0424105,0.0423622,0.0423148,0.0422683,0.0422227,0.042178,0.0421342,0.0420912,0.042049,0.0420076
0.30897,0.274655,0.243674,0.215682,0.190443,0.167805,0.147709,0.130159,0.115154,0.102616,0.0923682,0.0841404,0.0776113,0.0724579,0.0683878,0.0651556,0.0625653,0.0604657,0.0587426,0.0573102,0.0561046,0.0550774,0.0541922,0.0534212,0.0527432,0.0521415,0.051603,0.0511176,0.0506769,0.0502744,0.0499046,0.0495631,0.0492462,0.048951,0.0486748,0.0484156,0.0481714,0.0479408,0.0477223,0.0475148,0.0473174,0.0471291,0.0469491,0.0467769,0.0466117,0.046453,0.0463005,0.0461535,0.0460119,0.0458752,0.0457431,0.0456153,0.0454917,0.0453718,0.0452557,0.0451429,0.0450335,0.0449271,0.0448237,0.0447231,0.0446252,0.0445298,0.044437,0.0443464,0.0442581,0.044172,0.044088,0.0440059,0.0439258,0.0438476,0.0437711,0.0436963,0.0436233,0.0435518,0.0434819,0.0434136,0.0433467,0.0432812,0.0432171,0.0431543,0.0430929,0.0430327,0.0429738,0.042916,0.0428594,0.042804,0.0427496,0.0426964,0.0426442,0.042593,0.0425429,0.0424937,0.0424455,0.0423982,0.0423518,0.0423064,0.0422618,0.0422181,0.0421752,0.0421331,0.0420919
0.310226,0.275893,0.244901,0.216904,0.191658,0.169009,0.148888,0.131293,0.116219,0.103592,0.0932411,0.0849042,0.0782692,0.073019,0.0688645,0.0655608,0.0629112,0.0607631,0.0590004,0.0575359,0.056304,0.0552554,0.0543526,0.0535672,0.0528772,0.0522656,0.0517189,0.0512265,0.0507801,0.0503727,0.0499988,0.0496538,0.0493341,0.0490364,0.0487582,0.0484972,0.0482516,0.0480197,0.0478002,0.0475919,0.0473938,0.0472049,0.0470245,0.0468519,0.0466864,0.0465276,0.0463749,0.0462279,0.0460863,0.0459495,0.0458175,0.0456898,0.0455662,0.0454466,0.0453305,0.0452179,0.0451086,0.0450025,0.0448993,0.0447989,0.0447012,0.044606,0.0445134,0.044423,0.044335,0.0442491,0.0441653,0.0440834,0.0440036,0.0439255,0.0438493,0.0437748,0.0437019,0.0436307,0.043561,0.0434928,0.0434261,0.0433609,0.043297,0.0432344,0.0431731,0.0431131,0.0430544,0.0429968,0.0429404,0.0428851,0.0428309,0.0427779,0.0427258,0.0426748,0.0426248,0.0425758,0.0425277,0.0424805,0.0424343,0.042389,0.0423445,0.0423009,0.0422581,0.0422162,0.0421751
0.311479,0.277127,0.246124,0.218119,0.192867,0.170206,0.15006,0.132421,0.117281,0.104568,0.0941152,0.0856712,0.0789316,0.0735852,0.0693462,0.0659708,0.0632615,0.0610642,0.0592614,0.0577642,0.0565056,0.055435,0.0545143,0.0537141,0.0530119,0.0523901,0.0518349,0.0513355,0.0508831,0.0504707,0.0500926,0.0497441,0.0494214,0.0491212,0.0488408,0.048578,0.0483309,0.0480978,0.0478772,0.0476681,0.0474692,0.0472797,0.0470989,0.0469259,0.0467601,0.0466011,0.0464482,0.0463011,0.0461594,0.0460227,0.0458907,0.0457631,0.0456396,0.0455201,0.0454042,0.0452917,0.0451826,0.0450766,0.0449736,0.0448734,0.0447759,0.044681,0.0445886,0.0444985,0.0444106,0.0443249,0.0442414,0.0441598,0.0440801,0.0440023,0.0439263,0.043852,0.0437794,0.0437083,0.0436389,0.0435709,0.0435044,0.0434394,0.0433757,0.0433133,0.0432522,0.0431924,0.0431339,0.0430765,0.0430202,0.0429651,0.0429111,0.0428582,0.0428064,0.0427555,0.0427056,0.0426568,0.0426088,0.0425618,0.0425157,0.0424705,0.0424262,0.0423827,0.0423401,0.0422983,0.0422572
0.312729,0.278358,0.247343,0.21933,0.19407,0.171396,0.151226,0.133544,0.11834,0.105542,0.0949904,0.0864412,0.0795982,0.0741563,0.069833,0.0663855,0.063616,0.0613692,0.0595257,0.0579951,0.0567093,0.0556164,0.0546774,0.053862,0.0531473,0.052515,0.0519512,0.0514444,0.0509859,0.0505684,0.050186,0.0498339,0.049508,0.0492052,0.0489227,0.0486581,0.0484094,0.0481749,0.0479533,0.0477432,0.0475436,0.0473535,0.0471721,0.0469987,0.0468327,0.0466734,0.0465204,0.0463732,0.0462315,0.0460947,0.0459628,0.0458352,0.0457118,0.0455924,0.0454766,0.0453643,0.0452554,0.0451496,0.0450468,0.0449468,0.0448495,0.0447548,0.0446626,0.0445727,0.0444851,0.0443996,0.0443163,0.0442349,0.0441555,0.0440779,0.0440021,0.0439281,0.0438557,0.0437849,0.0437156,0.0436479,0.0435816,0.0435168,0.0434533,0.0433911,0.0433302,0.0432706,0.0432122,0.043155,0.043099,0.0430441,0.0429903,0.0429375,0.0428858,0.0428351,0.0427854,0.0427367,0.0426889,0.0426421,0.0425961,0.0425511,0.0425069,0.0424635,0.042421,0.0423793,0.0423384
0.313975,0.279584,0.248556,0.220534,0.195266,0.172579,0.152385,0.134661,0.119395,0.106514,0.0958664,0.0872139,0.0802689,0.0747321,0.0703247,0.066805,0.0639749,0.0616778,0.0597931,0.0582288,0.0569152,0.0557996,0.0548418,0.054011,0.0532834,0.0526405,0.0520677,0.0515535,0.0510888,0.050666,0.0502791,0.0499232,0.0495942,0.0492887,0.0490039,0.0487373,0.048487,0.0482512,0.0480284,0.0478174,0.047617,0.0474263,0.0472444,0.0470706,0.0469042,0.0467447,0.0465915,0.0464442,0.0463024,0.0461656,0.0460337,0.0459062,0.0457829,0.0456635,0.0455479,0.0454358,0.045327,0.0452214,0.0451187,0.0450189,0.0449219,0.0448274,0.0447354,0.0446457,0.0445584,0.0444732,0.04439,0.0443089,0.0442297,0.0441524,0.0440768,0.044003,0.0439308,0.0438602,0.0437912,0.0437237,0.0436577,0.043593,0.0435297,0.0434678,0.0434071,0.0433477,0.0432895,0.0432325,0.0431767,0.0431219,0.0430683,0.0430157,0.0429642,0.0429137,0.0428642,0.0428156,0.042768,0.0427213,0.0426755,0.0426306,0.0425865,0.0425433,0.0425009,0.0424593,0.0424185
