CO2 dlam_drho [W/m_K/kg/m3] Mixed
0.000158296,7.95104e-05,7.46515e-05,7.18672e-05,6.99455e-05,6.85071e-05,6.73802e-05,6.6472e-05,6.5726e-05,6.51052e-05,6.45839e-05,6.41437e-05,6.37706e-05,6.34541e-05,6.31858e-05,6.2959e-05,6.27682e-05,6.26092e-05,6.24781e-05,6.23717e-05,6.22876e-05,6.22233e-05,6.2177e-05,6.21469e-05,6.21316e-05,6.21297e-05,6.21402e-05,6.21619e-05,6.2194e-05,6.22357e-05,6.22863e-05,6.2345e-05,6.24114e-05,6.24848e-05,6.25648e-05,6.2651e-05,6.27429e-05,6.28401e-05,6.29424e-05,6.30494e-05,6.31609e-05,6.32765e-05,6.3396e-05,6.35192e-05,6.36459e-05,6.37759e-05,6.39089e-05,6.4045e-05,6.41837e-05,6.43251e-05,6.4469e-05,6.46153e-05,6.47637e-05,6.49143e-05,6.50669e-05,6.52215e-05,6.53778e-05,6.55358e-05,6.56955e-05,6.58568e-05,6.60195e-05,6.61836e-05,6.63491e-05,6.65158e-05,6.66838e-05,6.68529e-05,6.70231e-05,6.71944e-05,6.73667e-05,6.75399e-05,6.7714e-05,6.7889e-05,6.80648e-05,6.82414e-05,6.84187e-05,6.85967e-05,6.87755e-05,6.89548e-05,6.91348e-05,6.93153e-05,6.94964e-05,6.9678e-05,6.98602e-05,7.00427e-05,7.02258e-05,7.04092e-05,7.05931e-05,7.07774e-05,7.0962e-05,7.11469e-05,7.13322e-05,7.15177e-05,7.17036e-05,7.18897e-05,7.20761e-05,7.22627e-05,7.24496e-05,7.26366e-05,7.28238e-05,7.30113e-05,7.31989e-05
0.000171026,8.20801e-05,7.62991e-05,7.32059e-05,7.11225e-05,6.95821e-05,6.83842e-05,6.74231e-05,6.66358e-05,6.59818e-05,6.54331e-05,6.49698e-05,6.4577e-05,6.42433e-05,6.39599e-05,6.37197e-05,6.35171e-05,6.33473e-05,6.32064e-05,6.30912e-05,6.29989e-05,6.29272e-05,6.28739e-05,6.28374e-05,6.28161e-05,6.28086e-05,6.28138e-05,6.28306e-05,6.2858e-05,6.28953e-05,6.29416e-05,6.29964e-05,6.3059e-05,6.31288e-05,6.32053e-05,6.32882e-05,6.33769e-05,6.34711e-05,6.35704e-05,6.36746e-05,6.37833e-05,6.38963e-05,6.40132e-05,6.4134e-05,6.42583e-05,6.43859e-05,6.45167e-05,6.46505e-05,6.47872e-05,6.49265e-05,6.50683e-05,6.52126e-05,6.53591e-05,6.55078e-05,6.56586e-05,6.58113e-05,6.59658e-05,6.61221e-05,6.62801e-05,6.64397e-05,6.66007e-05,6.67633e-05,6.69271e-05,6.70923e-05,6.72588e-05,6.74264e-05,6.75951e-05,6.77649e-05,6.79357e-05,6.81075e-05,6.82803e-05,6.84539e-05,6.86283e-05,6.88035e-05,6.89796e-05,6.91563e-05,6.93337e-05,6.95118e-05,6.96905e-05,6.98698e-05,7.00496e-05,7.023e-05,7.04109e-05,7.05923e-05,7.07742e-05,7.09565e-05,7.11392e-05,7.13223e-05,7.15058e-05,7.16896e-05,7.18738e-05,7.20582e-05,7.2243e-05,7.2428e-05,7.26133e-05,7.27989e-05,7.29847e-05,7.31707e-05,7.33569e-05,7.35433e-05,7.37298e-05
0.000179531,8.50809e-05,7.80294e-05,7.45749e-05,7.23122e-05,7.06622e-05,6.9389e-05,6.83726e-05,6.75426e-05,6.68543e-05,6.62776e-05,6.57907e-05,6.53778e-05,6.50267e-05,6.47281e-05,6.44745e-05,6.42599e-05,6.40793e-05,6.39286e-05,6.38046e-05,6.37042e-05,6.36249e-05,6.35648e-05,6.35218e-05,6.34946e-05,6.34815e-05,6.34815e-05,6.34933e-05,6.35162e-05,6.35491e-05,6.35913e-05,6.36421e-05,6.37009e-05,6.37672e-05,6.38403e-05,6.39199e-05,6.40055e-05,6.40967e-05,6.41931e-05,6.42945e-05,6.44005e-05,6.45109e-05,6.46254e-05,6.47437e-05,6.48656e-05,6.4991e-05,6.51196e-05,6.52512e-05,6.53857e-05,6.5523e-05,6.56629e-05,6.58052e-05,6.59498e-05,6.60967e-05,6.62456e-05,6.63965e-05,6.65493e-05,6.67039e-05,6.68602e-05,6.70182e-05,6.71776e-05,6.73386e-05,6.75009e-05,6.76646e-05,6.78295e-05,6.79956e-05,6.81629e-05,6.83313e-05,6.85007e-05,6.86711e-05,6.88425e-05,6.90147e-05,6.91878e-05,6.93618e-05,6.95365e-05,6.97119e-05,6.98881e-05,7.00649e-05,7.02424e-05,7.04205e-05,7.05991e-05,7.07783e-05,7.09581e-05,7.11383e-05,7.1319e-05,7.15001e-05,7.16817e-05,7.18637e-05,7.20461e-05,7.22288e-05,7.24118e-05,7.25952e-05,7.27789e-05,7.29629e-05,7.31472e-05,7.33317e-05,7.35164e-05,7.37014e-05,7.38866e-05,7.4072e-05,7.42576e-05
0.000186254,8.87698e-05,7.98614e-05,7.59791e-05,7.35167e-05,7.17481e-05,7.03952e-05,6.93207e-05,6.84464e-05,6.77229e-05,6.71174e-05,6.66065e-05,6.61731e-05,6.58044e-05,6.54905e-05,6.52233e-05,6.49966e-05,6.48052e-05,6.46448e-05,6.45118e-05,6.44033e-05,6.43166e-05,6.42496e-05,6.42003e-05,6.41671e-05,6.41485e-05,6.41433e-05,6.41503e-05,6.41685e-05,6.41971e-05,6.42352e-05,6.42822e-05,6.43373e-05,6.44e-05,6.44698e-05,6.45462e-05,6.46287e-05,6.47169e-05,6.48105e-05,6.49092e-05,6.50126e-05,6.51204e-05,6.52324e-05,6.53483e-05,6.54679e-05,6.55911e-05,6.57175e-05,6.5847e-05,6.59795e-05,6.61148e-05,6.62527e-05,6.63931e-05,6.65359e-05,6.66809e-05,6.6828e-05,6.69772e-05,6.71283e-05,6.72813e-05,6.7436e-05,6.75923e-05,6.77502e-05,6.79096e-05,6.80704e-05,6.82326e-05,6.8396e-05,6.85607e-05,6.87266e-05,6.88936e-05,6.90616e-05,6.92307e-05,6.94007e-05,6.95716e-05,6.97434e-05,6.99161e-05,7.00895e-05,7.02637e-05,7.04386e-05,7.06143e-05,7.07905e-05,7.09674e-05,7.11449e-05,7.13229e-05,7.15015e-05,7.16806e-05,7.18602e-05,7.20402e-05,7.22207e-05,7.24016e-05,7.25828e-05,7.27645e-05,7.29465e-05,7.31288e-05,7.33115e-05,7.34944e-05,7.36777e-05,7.38612e-05,7.40449e-05,7.42289e-05,7.44131e-05,7.45975e-05,7.47821e-05
0.000191946,9.36679e-05,8.18199e-05,7.74241e-05,7.47379e-05,7.28408e-05,7.14031e-05,7.02679e-05,6.93474e-05,6.85876e-05,6.79526e-05,6.74172e-05,6.6963e-05,6.65765e-05,6.6247e-05,6.59662e-05,6.57274e-05,6.55251e-05,6.53549e-05,6.52131e-05,6.50964e-05,6.50023e-05,6.49284e-05,6.48728e-05,6.48337e-05,6.48096e-05,6.47993e-05,6.48015e-05,6.48152e-05,6.48395e-05,6.48736e-05,6.49167e-05,6.49681e-05,6.50274e-05,6.50939e-05,6.51671e-05,6.52465e-05,6.53319e-05,6.54227e-05,6.55186e-05,6.56194e-05,6.57248e-05,6.58343e-05,6.59479e-05,6.60653e-05,6.61862e-05,6.63105e-05,6.6438e-05,6.65684e-05,6.67018e-05,6.68378e-05,6.69763e-05,6.71173e-05,6.72605e-05,6.74059e-05,6.75534e-05,6.77029e-05,6.78542e-05,6.80073e-05,6.8162e-05,6.83184e-05,6.84763e-05,6.86356e-05,6.87963e-05,6.89584e-05,6.91217e-05,6.92861e-05,6.94518e-05,6.96184e-05,6.97862e-05,6.99549e-05,7.01245e-05,7.02951e-05,7.04665e-05,7.06387e-05,7.08117e-05,7.09854e-05,7.11598e-05,7.13349e-05,7.15106e-05,7.16869e-05,7.18639e-05,7.20413e-05,7.22193e-05,7.23978e-05,7.25767e-05,7.27561e-05,7.29359e-05,7.31161e-05,7.32967e-05,7.34777e-05,7.3659e-05,7.38406e-05,7.40226e-05,7.42048e-05,7.43873e-05,7.45701e-05,7.47531e-05,7.49363e-05,7.51197e-05,7.53034e-05
0.000196949,0.000100948,8.39379e-05,7.89167e-05,7.59783e-05,7.39413e-05,7.24134e-05,7.12143e-05,7.02459e-05,6.94487e-05,6.87833e-05,6.82229e-05,6.77476e-05,6.7343e-05,6.69978e-05,6.67032e-05,6.64522e-05,6.6239e-05,6.6059e-05,6.59083e-05,6.57836e-05,6.56821e-05,6.56013e-05,6.55394e-05,6.54945e-05,6.54649e-05,6.54495e-05,6.54469e-05,6.54561e-05,6.54762e-05,6.55063e-05,6.55456e-05,6.55935e-05,6.56493e-05,6.57125e-05,6.57826e-05,6.58591e-05,6.59416e-05,6.60296e-05,6.6123e-05,6.62212e-05,6.63241e-05,6.64313e-05,6.65426e-05,6.66577e-05,6.67765e-05,6.68987e-05,6.70241e-05,6.71526e-05,6.7284e-05,6.74182e-05,6.75549e-05,6.76941e-05,6.78356e-05,6.79793e-05,6.81251e-05,6.8273e-05,6.84227e-05,6.85742e-05,6.87274e-05,6.88823e-05,6.90387e-05,6.91966e-05,6.93559e-05,6.95166e-05,6.96785e-05,6.98416e-05,7.00059e-05,7.01713e-05,7.03377e-05,7.05051e-05,7.06735e-05,7.08428e-05,7.1013e-05,7.1184e-05,7.13558e-05,7.15284e-05,7.17016e-05,7.18755e-05,7.20501e-05,7.22253e-05,7.24011e-05,7.25775e-05,7.27544e-05,7.29318e-05,7.31097e-05,7.3288e-05,7.34668e-05,7.3646e-05,7.38255e-05,7.40055e-05,7.41858e-05,7.43664e-05,7.45474e-05,7.47286e-05,7.49102e-05,7.5092e-05,7.5274e-05,7.54563e-05,7.56388e-05,7.58215e-05
0.000201456,0.000112868,8.62603e-05,8.0465e-05,7.72404e-05,7.50509e-05,7.34266e-05,7.21604e-05,7.11422e-05,7.03061e-05,6.96097e-05,6.90237e-05,6.8527e-05,6.8104e-05,6.7743e-05,6.74345e-05,6.71712e-05,6.6947e-05,6.67572e-05,6.65976e-05,6.64648e-05,6.63559e-05,6.62684e-05,6.62001e-05,6.61494e-05,6.61145e-05,6.6094e-05,6.60867e-05,6.60914e-05,6.61073e-05,6.61335e-05,6.6169e-05,6.62134e-05,6.62658e-05,6.63258e-05,6.63928e-05,6.64664e-05,6.6546e-05,6.66314e-05,6.67221e-05,6.68179e-05,6.69183e-05,6.70232e-05,6.71323e-05,6.72453e-05,6.73619e-05,6.74821e-05,6.76055e-05,6.77321e-05,6.78616e-05,6.79939e-05,6.81289e-05,6.82663e-05,6.84061e-05,6.85482e-05,6.86924e-05,6.88387e-05,6.89868e-05,6.91368e-05,6.92886e-05,6.9442e-05,6.95969e-05,6.97534e-05,6.99113e-05,7.00706e-05,7.02312e-05,7.0393e-05,7.0556e-05,7.07201e-05,7.08853e-05,7.10515e-05,7.12186e-05,7.13867e-05,7.15557e-05,7.17255e-05,7.18962e-05,7.20676e-05,7.22397e-05,7.24125e-05,7.2586e-05,7.27601e-05,7.29348e-05,7.31101e-05,7.32859e-05,7.34623e-05,7.36391e-05,7.38164e-05,7.39942e-05,7.41723e-05,7.43509e-05,7.45299e-05,7.47092e-05,7.48889e-05,7.50689e-05,7.52491e-05,7.54297e-05,7.56106e-05,7.57917e-05,7.59731e-05,7.61546e-05,7.63364e-05
0.000205586,0.000127589,8.8848e-05,8.20786e-05,7.85273e-05,7.61708e-05,7.44434e-05,7.31065e-05,7.20363e-05,7.11602e-05,7.04319e-05,6.98197e-05,6.93011e-05,6.88596e-05,6.84824e-05,6.81599e-05,6.78843e-05,6.76492e-05,6.74495e-05,6.7281e-05,6.71401e-05,6.70238e-05,6.69295e-05,6.68551e-05,6.67985e-05,6.67582e-05,6.67327e-05,6.67207e-05,6.67211e-05,6.67329e-05,6.67551e-05,6.6787e-05,6.68278e-05,6.6877e-05,6.69338e-05,6.69978e-05,6.70684e-05,6.71453e-05,6.72281e-05,6.73162e-05,6.74095e-05,6.75076e-05,6.76102e-05,6.77171e-05,6.78279e-05,6.79425e-05,6.80607e-05,6.81822e-05,6.83069e-05,6.84346e-05,6.85651e-05,6.86983e-05,6.8834e-05,6.89722e-05,6.91126e-05,6.92553e-05,6.94e-05,6.95466e-05,6.96951e-05,6.98454e-05,6.99974e-05,7.0151e-05,7.03061e-05,7.04626e-05,7.06206e-05,7.07798e-05,7.09404e-05,7.11021e-05,7.12649e-05,7.14289e-05,7.15939e-05,7.17598e-05,7.19268e-05,7.20946e-05,7.22633e-05,7.24327e-05,7.2603e-05,7.2774e-05,7.29458e-05,7.31182e-05,7.32912e-05,7.34649e-05,7.36391e-05,7.38139e-05,7.39892e-05,7.4165e-05,7.43414e-05,7.45181e-05,7.46953e-05,7.48729e-05,7.50509e-05,7.52293e-05,7.5408e-05,7.5587e-05,7.57664e-05,7.5946e-05,7.6126e-05,7.63062e-05,7.64866e-05,7.66673e-05,7.68482e-05
0.000209417,0.000140239,9.17839e-05,8.37695e-05,7.98425e-05,7.73024e-05,7.54645e-05,7.4053e-05,7.29286e-05,7.20111e-05,7.12499e-05,7.0611e-05,7.00701e-05,6.96097e-05,6.92163e-05,6.88797e-05,6.85916e-05,6.83455e-05,6.81359e-05,6.79585e-05,6.78095e-05,6.76859e-05,6.75848e-05,6.75042e-05,6.74419e-05,6.73963e-05,6.73658e-05,6.73492e-05,6.73452e-05,6.73529e-05,6.73713e-05,6.73995e-05,6.74369e-05,6.74828e-05,6.75365e-05,6.75975e-05,6.76653e-05,6.77395e-05,6.78196e-05,6.79053e-05,6.79962e-05,6.80919e-05,6.81923e-05,6.8297e-05,6.84058e-05,6.85183e-05,6.86345e-05,6.87542e-05,6.8877e-05,6.90029e-05,6.91317e-05,6.92632e-05,6.93972e-05,6.95338e-05,6.96727e-05,6.98137e-05,6.99569e-05,7.01021e-05,7.02491e-05,7.0398e-05,7.05486e-05,7.07008e-05,7.08546e-05,7.10098e-05,7.11665e-05,7.13244e-05,7.14837e-05,7.16442e-05,7.18058e-05,7.19686e-05,7.21324e-05,7.22972e-05,7.2463e-05,7.26297e-05,7.27972e-05,7.29656e-05,7.31348e-05,7.33047e-05,7.34754e-05,7.36467e-05,7.38187e-05,7.39913e-05,7.41646e-05,7.43384e-05,7.45127e-05,7.46875e-05,7.48628e-05,7.50386e-05,7.52149e-05,7.53915e-05,7.55686e-05,7.5746e-05,7.59238e-05,7.61019e-05,7.62804e-05,7.64591e-05,7.66382e-05,7.68175e-05,7.6997e-05,7.71768e-05,7.73569e-05
0.000213004,0.000149975,9.51778e-05,8.55516e-05,8.119e-05,7.84473e-05,7.64908e-05,7.50003e-05,7.38193e-05,7.28589e-05,7.2064e-05,7.13976e-05,7.08341e-05,7.03545e-05,6.99447e-05,6.95938e-05,6.92932e-05,6.9036e-05,6.88165e-05,6.86302e-05,6.84732e-05,6.83421e-05,6.82344e-05,6.81476e-05,6.80796e-05,6.80287e-05,6.79933e-05,6.79721e-05,6.79638e-05,6.79674e-05,6.7982e-05,6.80067e-05,6.80406e-05,6.80833e-05,6.81339e-05,6.8192e-05,6.8257e-05,6.83285e-05,6.84061e-05,6.84893e-05,6.85778e-05,6.86713e-05,6.87695e-05,6.88721e-05,6.89788e-05,6.90894e-05,6.92037e-05,6.93215e-05,6.94425e-05,6.95666e-05,6.96937e-05,6.98235e-05,6.9956e-05,7.0091e-05,7.02283e-05,7.03678e-05,7.05095e-05,7.06533e-05,7.07989e-05,7.09464e-05,7.10956e-05,7.12465e-05,7.1399e-05,7.15529e-05,7.17083e-05,7.1865e-05,7.20231e-05,7.21824e-05,7.23428e-05,7.25044e-05,7.2667e-05,7.28307e-05,7.29954e-05,7.3161e-05,7.33274e-05,7.34947e-05,7.36629e-05,7.38317e-05,7.40014e-05,7.41717e-05,7.43427e-05,7.45143e-05,7.46865e-05,7.48593e-05,7.50327e-05,7.52065e-05,7.53809e-05,7.55558e-05,7.57311e-05,7.59068e-05,7.60829e-05,7.62594e-05,7.64363e-05,7.66135e-05,7.67911e-05,7.6969e-05,7.71471e-05,7.73256e-05,7.75043e-05,7.76832e-05,7.78624e-05
0.000216389,0.000157832,9.917e-05,8.74419e-05,8.25743e-05,7.96073e-05,7.75229e-05,7.5949e-05,7.47087e-05,7.37039e-05,7.28741e-05,7.21798e-05,7.15931e-05,7.1094e-05,7.06676e-05,7.03023e-05,6.99891e-05,6.97207e-05,6.94913e-05,6.92961e-05,6.9131e-05,6.89927e-05,6.88783e-05,6.87853e-05,6.87116e-05,6.86555e-05,6.86152e-05,6.85894e-05,6.85769e-05,6.85765e-05,6.85873e-05,6.86084e-05,6.86391e-05,6.86785e-05,6.87261e-05,6.87813e-05,6.88436e-05,6.89125e-05,6.89875e-05,6.90684e-05,6.91546e-05,6.92458e-05,6.93419e-05,6.94424e-05,6.95471e-05,6.96558e-05,6.97682e-05,6.98841e-05,7.00034e-05,7.01258e-05,7.02512e-05,7.03794e-05,7.05103e-05,7.06437e-05,7.07795e-05,7.09176e-05,7.10579e-05,7.12002e-05,7.13445e-05,7.14906e-05,7.16385e-05,7.17881e-05,7.19393e-05,7.2092e-05,7.22461e-05,7.24016e-05,7.25585e-05,7.27166e-05,7.28759e-05,7.30363e-05,7.31979e-05,7.33604e-05,7.3524e-05,7.36885e-05,7.38539e-05,7.40202e-05,7.41873e-05,7.43551e-05,7.45237e-05,7.46931e-05,7.4863e-05,7.50337e-05,7.52049e-05,7.53768e-05,7.55492e-05,7.57221e-05,7.58956e-05,7.60695e-05,7.62439e-05,7.64187e-05,7.65939e-05,7.67696e-05,7.69456e-05,7.71219e-05,7.72986e-05,7.74756e-05,7.76529e-05,7.78305e-05,7.80084e-05,7.81865e-05,7.83649e-05
0.000219602,0.00016447,0.000103917,8.94604e-05,8.40005e-05,8.07844e-05,7.8562e-05,7.68995e-05,7.55972e-05,7.45462e-05,7.36806e-05,7.29575e-05,7.23473e-05,7.18284e-05,7.13852e-05,7.10053e-05,7.06794e-05,7.03998e-05,7.01605e-05,6.99563e-05,6.97832e-05,6.96375e-05,6.95164e-05,6.94173e-05,6.9338e-05,6.92767e-05,6.92316e-05,6.92013e-05,6.91845e-05,6.91802e-05,6.91873e-05,6.92049e-05,6.92322e-05,6.92685e-05,6.93132e-05,6.93655e-05,6.94251e-05,6.94914e-05,6.9564e-05,6.96425e-05,6.97264e-05,6.98155e-05,6.99094e-05,7.00079e-05,7.01107e-05,7.02174e-05,7.0328e-05,7.04422e-05,7.05597e-05,7.06805e-05,7.08042e-05,7.09309e-05,7.10602e-05,7.11921e-05,7.13265e-05,7.14631e-05,7.1602e-05,7.17429e-05,7.18858e-05,7.20307e-05,7.21773e-05,7.23256e-05,7.24755e-05,7.2627e-05,7.27799e-05,7.29343e-05,7.309e-05,7.32469e-05,7.34051e-05,7.35645e-05,7.37249e-05,7.38864e-05,7.40489e-05,7.42123e-05,7.43767e-05,7.4542e-05,7.4708e-05,7.48749e-05,7.50425e-05,7.52109e-05,7.53799e-05,7.55496e-05,7.57199e-05,7.58908e-05,7.60623e-05,7.62343e-05,7.64068e-05,7.65799e-05,7.67534e-05,7.69273e-05,7.71017e-05,7.72764e-05,7.74516e-05,7.76271e-05,7.78029e-05,7.79791e-05,7.81556e-05,7.83323e-05,7.85094e-05,7.86867e-05,7.88643e-05
0.000222667,0.000170256,0.000109512,9.16305e-05,8.54746e-05,8.19807e-05,7.96089e-05,7.78525e-05,7.64851e-05,7.53861e-05,7.44836e-05,7.3731e-05,7.30967e-05,7.25577e-05,7.20974e-05,7.17029e-05,7.13642e-05,7.10733e-05,7.0824e-05,7.06109e-05,7.04297e-05,7.02767e-05,7.0149e-05,7.00438e-05,6.99589e-05,6.98923e-05,6.98424e-05,6.98077e-05,6.97868e-05,6.97786e-05,6.9782e-05,6.97961e-05,6.98202e-05,6.98534e-05,6.98951e-05,6.99447e-05,7.00016e-05,7.00654e-05,7.01355e-05,7.02117e-05,7.02934e-05,7.03803e-05,7.04722e-05,7.05687e-05,7.06695e-05,7.07745e-05,7.08832e-05,7.09957e-05,7.11115e-05,7.12306e-05,7.13528e-05,7.14779e-05,7.16057e-05,7.17362e-05,7.18691e-05,7.20043e-05,7.21418e-05,7.22814e-05,7.24231e-05,7.25666e-05,7.27119e-05,7.2859e-05,7.30077e-05,7.3158e-05,7.33098e-05,7.3463e-05,7.36176e-05,7.37734e-05,7.39305e-05,7.40888e-05,7.42481e-05,7.44086e-05,7.457e-05,7.47325e-05,7.48958e-05,7.50601e-05,7.52252e-05,7.53911e-05,7.55577e-05,7.57251e-05,7.58932e-05,7.6062e-05,7.62314e-05,7.64014e-05,7.6572e-05,7.67431e-05,7.69148e-05,7.70869e-05,7.72595e-05,7.74326e-05,7.76061e-05,7.778e-05,7.79544e-05,7.8129e-05,7.83041e-05,7.84794e-05,7.86551e-05,7.8831e-05,7.90073e-05,7.91838e-05,7.93606e-05
0.000225602,0.000175416,0.000115816,9.39787e-05,8.7003e-05,8.31986e-05,8.06648e-05,7.88083e-05,7.73727e-05,7.62238e-05,7.52832e-05,7.45004e-05,7.38414e-05,7.3282e-05,7.28044e-05,7.2395e-05,7.20434e-05,7.17412e-05,7.14818e-05,7.12598e-05,7.10705e-05,7.09103e-05,7.07759e-05,7.06647e-05,7.05742e-05,7.05025e-05,7.04479e-05,7.04087e-05,7.03837e-05,7.03716e-05,7.03714e-05,7.03821e-05,7.04029e-05,7.04331e-05,7.04719e-05,7.05188e-05,7.05731e-05,7.06344e-05,7.07022e-05,7.0776e-05,7.08555e-05,7.09404e-05,7.10302e-05,7.11248e-05,7.12238e-05,7.13269e-05,7.14339e-05,7.15446e-05,7.16588e-05,7.17764e-05,7.1897e-05,7.20205e-05,7.21469e-05,7.22759e-05,7.24074e-05,7.25413e-05,7.26775e-05,7.28158e-05,7.29561e-05,7.30984e-05,7.32425e-05,7.33884e-05,7.3536e-05,7.36851e-05,7.38357e-05,7.39878e-05,7.41413e-05,7.42961e-05,7.44521e-05,7.46093e-05,7.47676e-05,7.4927e-05,7.50875e-05,7.5249e-05,7.54113e-05,7.55746e-05,7.57388e-05,7.59037e-05,7.60694e-05,7.62359e-05,7.64031e-05,7.6571e-05,7.67395e-05,7.69086e-05,7.70783e-05,7.72485e-05,7.74193e-05,7.75906e-05,7.77624e-05,7.79347e-05,7.81073e-05,7.82804e-05,7.84539e-05,7.86278e-05,7.8802e-05,7.89766e-05,7.91515e-05,7.93266e-05,7.95021e-05,7.96779e-05,7.98539e-05
0.000228423,0.000180096,0.000122454,9.65338e-05,8.85933e-05,8.44408e-05,8.17308e-05,7.97678e-05,7.82603e-05,7.70596e-05,7.60795e-05,7.52657e-05,7.45816e-05,7.40014e-05,7.35062e-05,7.30818e-05,7.27172e-05,7.24036e-05,7.21342e-05,7.19031e-05,7.17058e-05,7.15383e-05,7.13973e-05,7.12801e-05,7.11841e-05,7.11073e-05,7.10479e-05,7.10043e-05,7.09752e-05,7.09593e-05,7.09555e-05,7.09629e-05,7.09806e-05,7.10077e-05,7.10437e-05,7.10879e-05,7.11396e-05,7.11985e-05,7.12639e-05,7.13355e-05,7.14129e-05,7.14957e-05,7.15836e-05,7.16762e-05,7.17734e-05,7.18747e-05,7.198e-05,7.20891e-05,7.22017e-05,7.23176e-05,7.24368e-05,7.25589e-05,7.26838e-05,7.28114e-05,7.29416e-05,7.30741e-05,7.3209e-05,7.3346e-05,7.34851e-05,7.36262e-05,7.37691e-05,7.39138e-05,7.40602e-05,7.42082e-05,7.43578e-05,7.45088e-05,7.46611e-05,7.48149e-05,7.49698e-05,7.5126e-05,7.52834e-05,7.54418e-05,7.56013e-05,7.57618e-05,7.59232e-05,7.60855e-05,7.62487e-05,7.64128e-05,7.65776e-05,7.67432e-05,7.69095e-05,7.70765e-05,7.72441e-05,7.74124e-05,7.75812e-05,7.77506e-05,7.79206e-05,7.80911e-05,7.8262e-05,7.84334e-05,7.86053e-05,7.87776e-05,7.89503e-05,7.91234e-05,7.92968e-05,7.94706e-05,7.96447e-05,7.98192e-05,7.99939e-05,8.01689e-05,8.03441e-05
0.000231142,0.000184398,0.000129106,9.93251e-05,9.02534e-05,8.57101e-05,8.28084e-05,8.07316e-05,7.91486e-05,7.78937e-05,7.68729e-05,7.60272e-05,7.53174e-05,7.4716e-05,7.4203e-05,7.37634e-05,7.33856e-05,7.30606e-05,7.2781e-05,7.2541e-05,7.23356e-05,7.21609e-05,7.20133e-05,7.189e-05,7.17885e-05,7.17066e-05,7.16426e-05,7.15947e-05,7.15615e-05,7.15418e-05,7.15345e-05,7.15385e-05,7.15531e-05,7.15773e-05,7.16105e-05,7.1652e-05,7.17012e-05,7.17576e-05,7.18208e-05,7.18902e-05,7.19655e-05,7.20463e-05,7.21323e-05,7.2223e-05,7.23184e-05,7.2418e-05,7.25216e-05,7.26291e-05,7.27401e-05,7.28546e-05,7.29722e-05,7.30929e-05,7.32164e-05,7.33426e-05,7.34715e-05,7.36027e-05,7.37363e-05,7.38721e-05,7.401e-05,7.41499e-05,7.42917e-05,7.44352e-05,7.45805e-05,7.47274e-05,7.48759e-05,7.50258e-05,7.51772e-05,7.53299e-05,7.54839e-05,7.56391e-05,7.57954e-05,7.59529e-05,7.61114e-05,7.6271e-05,7.64315e-05,7.65929e-05,7.67552e-05,7.69183e-05,7.70823e-05,7.7247e-05,7.74124e-05,7.75786e-05,7.77453e-05,7.79128e-05,7.80808e-05,7.82494e-05,7.84185e-05,7.85882e-05,7.87584e-05,7.8929e-05,7.91001e-05,7.92716e-05,7.94435e-05,7.96159e-05,7.97885e-05,7.99616e-05,8.01349e-05,8.03086e-05,8.04826e-05,8.06568e-05,8.08314e-05
0.00023377,0.000188393,0.000135493,0.000102379,9.19921e-05,8.70096e-05,8.38988e-05,8.17005e-05,8.00377e-05,7.87265e-05,7.76635e-05,7.67849e-05,7.60488e-05,7.54258e-05,7.48947e-05,7.44398e-05,7.40488e-05,7.37122e-05,7.34224e-05,7.31734e-05,7.296e-05,7.27779e-05,7.26238e-05,7.24945e-05,7.23875e-05,7.23006e-05,7.22319e-05,7.21797e-05,7.21425e-05,7.21191e-05,7.21083e-05,7.21091e-05,7.21205e-05,7.21418e-05,7.21723e-05,7.22112e-05,7.22579e-05,7.2312e-05,7.23729e-05,7.24402e-05,7.25134e-05,7.25922e-05,7.26763e-05,7.27653e-05,7.28588e-05,7.29568e-05,7.30588e-05,7.31646e-05,7.32742e-05,7.33871e-05,7.35033e-05,7.36226e-05,7.37447e-05,7.38697e-05,7.39972e-05,7.41272e-05,7.42596e-05,7.43942e-05,7.45309e-05,7.46696e-05,7.48103e-05,7.49527e-05,7.50969e-05,7.52428e-05,7.53902e-05,7.55391e-05,7.56894e-05,7.58411e-05,7.59941e-05,7.61484e-05,7.63038e-05,7.64603e-05,7.66179e-05,7.67766e-05,7.69362e-05,7.70967e-05,7.72581e-05,7.74204e-05,7.75835e-05,7.77474e-05,7.79119e-05,7.80772e-05,7.82432e-05,7.84098e-05,7.8577e-05,7.87448e-05,7.89132e-05,7.90821e-05,7.92515e-05,7.94213e-05,7.95917e-05,7.97624e-05,7.99336e-05,8.01052e-05,8.02771e-05,8.04494e-05,8.06221e-05,8.0795e-05,8.09683e-05,8.11418e-05,8.13156e-05
0.000236315,0.000192134,0.000141462,0.000105711,9.38187e-05,8.83429e-05,8.50036e-05,8.26751e-05,8.09283e-05,7.95581e-05,7.84514e-05,7.75391e-05,7.6776e-05,7.6131e-05,7.55816e-05,7.5111e-05,7.47066e-05,7.43584e-05,7.40585e-05,7.38004e-05,7.35789e-05,7.33896e-05,7.32289e-05,7.30936e-05,7.29812e-05,7.28893e-05,7.2816e-05,7.27595e-05,7.27184e-05,7.26913e-05,7.2677e-05,7.26746e-05,7.2683e-05,7.27014e-05,7.27291e-05,7.27655e-05,7.28098e-05,7.28616e-05,7.29203e-05,7.29854e-05,7.30567e-05,7.31335e-05,7.32157e-05,7.33029e-05,7.33948e-05,7.34911e-05,7.35915e-05,7.36958e-05,7.38038e-05,7.39153e-05,7.40301e-05,7.4148e-05,7.42689e-05,7.43925e-05,7.45188e-05,7.46476e-05,7.47787e-05,7.49122e-05,7.50477e-05,7.51853e-05,7.53249e-05,7.54663e-05,7.56094e-05,7.57542e-05,7.59006e-05,7.60486e-05,7.61979e-05,7.63487e-05,7.65007e-05,7.6654e-05,7.68085e-05,7.69641e-05,7.71208e-05,7.72786e-05,7.74373e-05,7.7597e-05,7.77576e-05,7.7919e-05,7.80813e-05,7.82443e-05,7.84081e-05,7.85726e-05,7.87377e-05,7.89036e-05,7.907e-05,7.9237e-05,7.94046e-05,7.95727e-05,7.97414e-05,7.99105e-05,8.00801e-05,8.02501e-05,8.04206e-05,8.05914e-05,8.07626e-05,8.09342e-05,8.11061e-05,8.12784e-05,8.14509e-05,8.16238e-05,8.17969e-05
0.000238785,0.000195661,0.000146979,0.00010932,9.57428e-05,8.97134e-05,8.61244e-05,8.36565e-05,8.18208e-05,8.0389e-05,7.9237e-05,7.82899e-05,7.74992e-05,7.68317e-05,7.62636e-05,7.57773e-05,7.53594e-05,7.49995e-05,7.46892e-05,7.44221e-05,7.41925e-05,7.39959e-05,7.38287e-05,7.36875e-05,7.35696e-05,7.34727e-05,7.33948e-05,7.33341e-05,7.32891e-05,7.32583e-05,7.32407e-05,7.3235e-05,7.32404e-05,7.3256e-05,7.32811e-05,7.33149e-05,7.33568e-05,7.34063e-05,7.34629e-05,7.3526e-05,7.35952e-05,7.36702e-05,7.37506e-05,7.38361e-05,7.39263e-05,7.40209e-05,7.41198e-05,7.42226e-05,7.43292e-05,7.44393e-05,7.45527e-05,7.46693e-05,7.47888e-05,7.49112e-05,7.50363e-05,7.51638e-05,7.52939e-05,7.54261e-05,7.55606e-05,7.56971e-05,7.58356e-05,7.5976e-05,7.61181e-05,7.62619e-05,7.64073e-05,7.65543e-05,7.67027e-05,7.68525e-05,7.70036e-05,7.7156e-05,7.73096e-05,7.74643e-05,7.76202e-05,7.77771e-05,7.79349e-05,7.80938e-05,7.82535e-05,7.84142e-05,7.85756e-05,7.87378e-05,7.89008e-05,7.90645e-05,7.92289e-05,7.9394e-05,7.95597e-05,7.97259e-05,7.98928e-05,8.00602e-05,8.02281e-05,8.03965e-05,8.05653e-05,8.07347e-05,8.09044e-05,8.10745e-05,8.12451e-05,8.1416e-05,8.15872e-05,8.17588e-05,8.19306e-05,8.21028e-05,8.22753e-05
0.000241186,0.000199005,0.000152077,0.000113173,9.77735e-05,9.11251e-05,8.7263e-05,8.46454e-05,8.27158e-05,8.12195e-05,8.00204e-05,7.90375e-05,7.82185e-05,7.7528e-05,7.69409e-05,7.64386e-05,7.6007e-05,7.56353e-05,7.53147e-05,7.50385e-05,7.48008e-05,7.4597e-05,7.44232e-05,7.4276e-05,7.41528e-05,7.4051e-05,7.39685e-05,7.39036e-05,7.38547e-05,7.38203e-05,7.37993e-05,7.37905e-05,7.37929e-05,7.38058e-05,7.38282e-05,7.38595e-05,7.38991e-05,7.39464e-05,7.40008e-05,7.40619e-05,7.41292e-05,7.42024e-05,7.4281e-05,7.43647e-05,7.44533e-05,7.45464e-05,7.46437e-05,7.47451e-05,7.48502e-05,7.49589e-05,7.5071e-05,7.51863e-05,7.53046e-05,7.54258e-05,7.55496e-05,7.56761e-05,7.58049e-05,7.59361e-05,7.60695e-05,7.6205e-05,7.63424e-05,7.64818e-05,7.66229e-05,7.67657e-05,7.69102e-05,7.70562e-05,7.72037e-05,7.73526e-05,7.75028e-05,7.76543e-05,7.78071e-05,7.79609e-05,7.81159e-05,7.8272e-05,7.84291e-05,7.85871e-05,7.8746e-05,7.89059e-05,7.90665e-05,7.9228e-05,7.93902e-05,7.95532e-05,7.97168e-05,7.98811e-05,8.00461e-05,8.02116e-05,8.03778e-05,8.05444e-05,8.07116e-05,8.08793e-05,8.10475e-05,8.12161e-05,8.13851e-05,8.15546e-05,8.17244e-05,8.18947e-05,8.20652e-05,8.22361e-05,8.24074e-05,8.25789e-05,8.27507e-05
0.000243524,0.00020219,0.000156807,0.000117212,9.99193e-05,9.2582e-05,8.84212e-05,8.56428e-05,8.36137e-05,8.20499e-05,8.0802e-05,7.9782e-05,7.89339e-05,7.822e-05,7.76136e-05,7.70951e-05,7.66497e-05,7.6266e-05,7.59351e-05,7.56496e-05,7.54038e-05,7.51928e-05,7.50124e-05,7.48594e-05,7.47308e-05,7.4624e-05,7.45371e-05,7.4468e-05,7.44153e-05,7.43773e-05,7.43529e-05,7.4341e-05,7.43406e-05,7.43507e-05,7.43705e-05,7.43994e-05,7.44367e-05,7.44818e-05,7.45341e-05,7.45932e-05,7.46586e-05,7.473e-05,7.48069e-05,7.48889e-05,7.49759e-05,7.50674e-05,7.51633e-05,7.52632e-05,7.5367e-05,7.54744e-05,7.55852e-05,7.56992e-05,7.58163e-05,7.59362e-05,7.6059e-05,7.61843e-05,7.6312e-05,7.64422e-05,7.65745e-05,7.67089e-05,7.68454e-05,7.69837e-05,7.71239e-05,7.72658e-05,7.74093e-05,7.75544e-05,7.7701e-05,7.7849e-05,7.79984e-05,7.81491e-05,7.83009e-05,7.8454e-05,7.86082e-05,7.87634e-05,7.89197e-05,7.9077e-05,7.92351e-05,7.93942e-05,7.95541e-05,7.97148e-05,7.98763e-05,8.00385e-05,8.02014e-05,8.0365e-05,8.05293e-05,8.06941e-05,8.08595e-05,8.10255e-05,8.1192e-05,8.1359e-05,8.15265e-05,8.16944e-05,8.18628e-05,8.20316e-05,8.22008e-05,8.23704e-05,8.25403e-05,8.27105e-05,8.28811e-05,8.3052e-05,8.32232e-05
0.000245803,0.000205237,0.000161218,0.000121367,0.000102187,9.40881e-05,8.96008e-05,8.66498e-05,8.45152e-05,8.28807e-05,8.15819e-05,8.05236e-05,7.96457e-05,7.89078e-05,7.82817e-05,7.77467e-05,7.72874e-05,7.68917e-05,7.65503e-05,7.62556e-05,7.60017e-05,7.57834e-05,7.55965e-05,7.54376e-05,7.53036e-05,7.5192e-05,7.51006e-05,7.50274e-05,7.49708e-05,7.49293e-05,7.49017e-05,7.48867e-05,7.48833e-05,7.48907e-05,7.4908e-05,7.49345e-05,7.49696e-05,7.50125e-05,7.50628e-05,7.51199e-05,7.51835e-05,7.52531e-05,7.53283e-05,7.54087e-05,7.54941e-05,7.55842e-05,7.56786e-05,7.57771e-05,7.58795e-05,7.59856e-05,7.60952e-05,7.6208e-05,7.63239e-05,7.64427e-05,7.65643e-05,7.66885e-05,7.68152e-05,7.69443e-05,7.70756e-05,7.7209e-05,7.73445e-05,7.74819e-05,7.76211e-05,7.77621e-05,7.79047e-05,7.8049e-05,7.81947e-05,7.83418e-05,7.84904e-05,7.86402e-05,7.87913e-05,7.89435e-05,7.90969e-05,7.92514e-05,7.94069e-05,7.95634e-05,7.97208e-05,7.98791e-05,8.00383e-05,8.01983e-05,8.0359e-05,8.05206e-05,8.06828e-05,8.08457e-05,8.10092e-05,8.11734e-05,8.13381e-05,8.15034e-05,8.16692e-05,8.18356e-05,8.20024e-05,8.21697e-05,8.23374e-05,8.25056e-05,8.26741e-05,8.28431e-05,8.30124e-05,8.3182e-05,8.3352e-05,8.35222e-05,8.36928e-05
0.000248028,0.000208161,0.000165356,0.000125572,0.000104581,9.56474e-05,9.0804e-05,8.76673e-05,8.5421e-05,8.37121e-05,8.23605e-05,8.12627e-05,8.0354e-05,7.95916e-05,7.89455e-05,7.83938e-05,7.79202e-05,7.75124e-05,7.71604e-05,7.68566e-05,7.65944e-05,7.63689e-05,7.61755e-05,7.60107e-05,7.58714e-05,7.57549e-05,7.5659e-05,7.55817e-05,7.55214e-05,7.54764e-05,7.54455e-05,7.54275e-05,7.54213e-05,7.5426e-05,7.54408e-05,7.5465e-05,7.54978e-05,7.55386e-05,7.55869e-05,7.56421e-05,7.57039e-05,7.57718e-05,7.58453e-05,7.59242e-05,7.6008e-05,7.60966e-05,7.61896e-05,7.62868e-05,7.63879e-05,7.64927e-05,7.6601e-05,7.67126e-05,7.68274e-05,7.69451e-05,7.70656e-05,7.71887e-05,7.73144e-05,7.74425e-05,7.75728e-05,7.77053e-05,7.78398e-05,7.79763e-05,7.81146e-05,7.82547e-05,7.83965e-05,7.85398e-05,7.86847e-05,7.88311e-05,7.89788e-05,7.91278e-05,7.92781e-05,7.94296e-05,7.95822e-05,7.97359e-05,7.98907e-05,8.00464e-05,8.02031e-05,8.03607e-05,8.05192e-05,8.06784e-05,8.08385e-05,8.09993e-05,8.11609e-05,8.13231e-05,8.1486e-05,8.16494e-05,8.18135e-05,8.19782e-05,8.21434e-05,8.23091e-05,8.24753e-05,8.26419e-05,8.2809e-05,8.29766e-05,8.31445e-05,8.33128e-05,8.34815e-05,8.36505e-05,8.38199e-05,8.39895e-05,8.41595e-05
0.000250203,0.000210977,0.000169255,0.000129768,0.000107101,9.7264e-05,9.20328e-05,8.86966e-05,8.63316e-05,8.45446e-05,8.31379e-05,8.19992e-05,8.1059e-05,8.02715e-05,7.96049e-05,7.90362e-05,7.85483e-05,7.81282e-05,7.77656e-05,7.74525e-05,7.71822e-05,7.69493e-05,7.67494e-05,7.65787e-05,7.64341e-05,7.63128e-05,7.62125e-05,7.61311e-05,7.6067e-05,7.60186e-05,7.59845e-05,7.59635e-05,7.59545e-05,7.59566e-05,7.5969e-05,7.59908e-05,7.60214e-05,7.60601e-05,7.61065e-05,7.61599e-05,7.62198e-05,7.6286e-05,7.63579e-05,7.64352e-05,7.65176e-05,7.66048e-05,7.66964e-05,7.67923e-05,7.68921e-05,7.69957e-05,7.71028e-05,7.72132e-05,7.73269e-05,7.74435e-05,7.75629e-05,7.7685e-05,7.78097e-05,7.79368e-05,7.80662e-05,7.81977e-05,7.83313e-05,7.84669e-05,7.86044e-05,7.87436e-05,7.88845e-05,7.90271e-05,7.91711e-05,7.93167e-05,7.94636e-05,7.96119e-05,7.97614e-05,7.99121e-05,8.0064e-05,8.0217e-05,8.0371e-05,8.0526e-05,8.0682e-05,8.08389e-05,8.09967e-05,8.11553e-05,8.13147e-05,8.14749e-05,8.16357e-05,8.17973e-05,8.19595e-05,8.21224e-05,8.22858e-05,8.24498e-05,8.26144e-05,8.27795e-05,8.29451e-05,8.31111e-05,8.32776e-05,8.34445e-05,8.36119e-05,8.37796e-05,8.39477e-05,8.41161e-05,8.42849e-05,8.4454e-05,8.46234e-05
0.00025233,0.000213694,0.000172947,0.000133903,0.000109744,9.89415e-05,9.32893e-05,8.97388e-05,8.72477e-05,8.53788e-05,8.39146e-05,8.27336e-05,8.17609e-05,8.09477e-05,8.02601e-05,7.96742e-05,7.91717e-05,7.87392e-05,7.83659e-05,7.80434e-05,7.77649e-05,7.75247e-05,7.73183e-05,7.71418e-05,7.69918e-05,7.68657e-05,7.6761e-05,7.66756e-05,7.66078e-05,7.65559e-05,7.65186e-05,7.64947e-05,7.64829e-05,7.64825e-05,7.64924e-05,7.6512e-05,7.65404e-05,7.65771e-05,7.66215e-05,7.66731e-05,7.67314e-05,7.67958e-05,7.68662e-05,7.6942e-05,7.70229e-05,7.71087e-05,7.7199e-05,7.72936e-05,7.73921e-05,7.74945e-05,7.76005e-05,7.77098e-05,7.78223e-05,7.79379e-05,7.80563e-05,7.81774e-05,7.83011e-05,7.84273e-05,7.85557e-05,7.86864e-05,7.88191e-05,7.89538e-05,7.90904e-05,7.92288e-05,7.93689e-05,7.95107e-05,7.9654e-05,7.97987e-05,7.99449e-05,8.00924e-05,8.02412e-05,8.03912e-05,8.05424e-05,8.06946e-05,8.0848e-05,8.10023e-05,8.11576e-05,8.13139e-05,8.1471e-05,8.16289e-05,8.17877e-05,8.19472e-05,8.21074e-05,8.22683e-05,8.24299e-05,8.25922e-05,8.2755e-05,8.29184e-05,8.30824e-05,8.32469e-05,8.34118e-05,8.35773e-05,8.37432e-05,8.39095e-05,8.40763e-05,8.42434e-05,8.4411e-05,8.45788e-05,8.4747e-05,8.49156e-05,8.50844e-05
0.000254414,0.000216322,0.000176455,0.000137941,0.000112498,0.000100683,9.45757e-05,9.0795e-05,8.81702e-05,8.62149e-05,8.46909e-05,8.3466e-05,8.24598e-05,8.16201e-05,8.09113e-05,8.03077e-05,7.97906e-05,7.93455e-05,7.89614e-05,7.86295e-05,7.83427e-05,7.80952e-05,7.78822e-05,7.76998e-05,7.75446e-05,7.74137e-05,7.73046e-05,7.72153e-05,7.71438e-05,7.70885e-05,7.70481e-05,7.70212e-05,7.70067e-05,7.70037e-05,7.70113e-05,7.70286e-05,7.70549e-05,7.70896e-05,7.71322e-05,7.71819e-05,7.72385e-05,7.73014e-05,7.73701e-05,7.74445e-05,7.7524e-05,7.76084e-05,7.76974e-05,7.77907e-05,7.78881e-05,7.79893e-05,7.80941e-05,7.82024e-05,7.83138e-05,7.84284e-05,7.85458e-05,7.8666e-05,7.87887e-05,7.89139e-05,7.90415e-05,7.91713e-05,7.93031e-05,7.9437e-05,7.95728e-05,7.97104e-05,7.98497e-05,7.99907e-05,8.01332e-05,8.02772e-05,8.04227e-05,8.05695e-05,8.07175e-05,8.08668e-05,8.10173e-05,8.11689e-05,8.13216e-05,8.14753e-05,8.16299e-05,8.17855e-05,8.1942e-05,8.20993e-05,8.22574e-05,8.24163e-05,8.25759e-05,8.27362e-05,8.28972e-05,8.30588e-05,8.32211e-05,8.33839e-05,8.35473e-05,8.37112e-05,8.38756e-05,8.40405e-05,8.42058e-05,8.43716e-05,8.45378e-05,8.47044e-05,8.48713e-05,8.50386e-05,8.52063e-05,8.53743e-05,8.55426e-05
0.000256456,0.00021887,0.000179802,0.00014186,0.00011535,0.000102491,9.58939e-05,9.18666e-05,8.90996e-05,8.70535e-05,8.5467e-05,8.41966e-05,8.31559e-05,8.22891e-05,8.15585e-05,8.0937e-05,8.04049e-05,7.99471e-05,7.95521e-05,7.92107e-05,7.89156e-05,7.86608e-05,7.84413e-05,7.8253e-05,7.80926e-05,7.79569e-05,7.78435e-05,7.77501e-05,7.7675e-05,7.76163e-05,7.75728e-05,7.7543e-05,7.75259e-05,7.75203e-05,7.75256e-05,7.75407e-05,7.75649e-05,7.75977e-05,7.76384e-05,7.76864e-05,7.77413e-05,7.78026e-05,7.78698e-05,7.79427e-05,7.80209e-05,7.8104e-05,7.81917e-05,7.82838e-05,7.838e-05,7.84801e-05,7.85838e-05,7.8691e-05,7.88014e-05,7.8915e-05,7.90314e-05,7.91506e-05,7.92725e-05,7.93968e-05,7.95235e-05,7.96524e-05,7.97835e-05,7.99166e-05,8.00515e-05,8.01884e-05,8.03269e-05,8.04672e-05,8.0609e-05,8.07522e-05,8.0897e-05,8.10431e-05,8.11905e-05,8.13391e-05,8.14889e-05,8.16398e-05,8.17919e-05,8.19449e-05,8.20989e-05,8.22539e-05,8.24097e-05,8.25664e-05,8.27239e-05,8.28822e-05,8.30412e-05,8.3201e-05,8.33614e-05,8.35224e-05,8.36841e-05,8.38463e-05,8.40092e-05,8.41725e-05,8.43363e-05,8.45007e-05,8.46655e-05,8.48307e-05,8.49963e-05,8.51624e-05,8.53288e-05,8.54956e-05,8.56627e-05,8.58302e-05,8.59979e-05
0.000258459,0.000221345,0.000183004,0.000145648,0.000118281,0.000104366,9.72461e-05,9.29546e-05,9.00368e-05,8.78952e-05,8.62433e-05,8.49257e-05,8.38493e-05,8.29548e-05,8.22019e-05,8.15622e-05,8.10148e-05,8.05442e-05,8.01381e-05,7.97872e-05,7.94837e-05,7.92215e-05,7.89955e-05,7.88014e-05,7.86357e-05,7.84952e-05,7.83775e-05,7.82802e-05,7.82014e-05,7.81395e-05,7.80928e-05,7.80602e-05,7.80404e-05,7.80324e-05,7.80353e-05,7.80482e-05,7.80705e-05,7.81013e-05,7.81402e-05,7.81865e-05,7.82397e-05,7.82995e-05,7.83653e-05,7.84368e-05,7.85136e-05,7.85954e-05,7.86819e-05,7.87728e-05,7.88678e-05,7.89668e-05,7.90695e-05,7.91756e-05,7.92851e-05,7.93977e-05,7.95132e-05,7.96315e-05,7.97525e-05,7.98759e-05,8.00018e-05,8.01299e-05,8.02601e-05,8.03924e-05,8.05267e-05,8.06627e-05,8.08006e-05,8.09401e-05,8.10812e-05,8.12238e-05,8.13678e-05,8.15132e-05,8.166e-05,8.18079e-05,8.19571e-05,8.21074e-05,8.22588e-05,8.24112e-05,8.25646e-05,8.2719e-05,8.28742e-05,8.30303e-05,8.31873e-05,8.3345e-05,8.35034e-05,8.36626e-05,8.38224e-05,8.39829e-05,8.4144e-05,8.43057e-05,8.4468e-05,8.46308e-05,8.47941e-05,8.49579e-05,8.51222e-05,8.52869e-05,8.5452e-05,8.56175e-05,8.57834e-05,8.59497e-05,8.61163e-05,8.62833e-05,8.64505e-05
0.000260425,0.000223752,0.000186078,0.000149301,0.000121268,0.00010631,9.86341e-05,9.40605e-05,9.09825e-05,8.87403e-05,8.70202e-05,8.56536e-05,8.45404e-05,8.36173e-05,8.28416e-05,8.21833e-05,8.16204e-05,8.11367e-05,8.07196e-05,8.0359e-05,8.00471e-05,7.97775e-05,7.9545e-05,7.9345e-05,7.9174e-05,7.90288e-05,7.89068e-05,7.88056e-05,7.87232e-05,7.86579e-05,7.86082e-05,7.85728e-05,7.85504e-05,7.854e-05,7.85406e-05,7.85514e-05,7.85716e-05,7.86006e-05,7.86376e-05,7.86823e-05,7.87339e-05,7.87922e-05,7.88565e-05,7.89266e-05,7.90021e-05,7.90827e-05,7.9168e-05,7.92577e-05,7.93517e-05,7.94496e-05,7.95512e-05,7.96564e-05,7.97649e-05,7.98765e-05,7.99911e-05,8.01086e-05,8.02287e-05,8.03513e-05,8.04764e-05,8.06037e-05,8.07332e-05,8.08647e-05,8.09982e-05,8.11336e-05,8.12707e-05,8.14095e-05,8.15499e-05,8.16918e-05,8.18352e-05,8.198e-05,8.21261e-05,8.22734e-05,8.2422e-05,8.25717e-05,8.27225e-05,8.28743e-05,8.30271e-05,8.31809e-05,8.33356e-05,8.34911e-05,8.36475e-05,8.38046e-05,8.39625e-05,8.41211e-05,8.42804e-05,8.44404e-05,8.4601e-05,8.47621e-05,8.49239e-05,8.50861e-05,8.52489e-05,8.54122e-05,8.5576e-05,8.57402e-05,8.59048e-05,8.60698e-05,8.62352e-05,8.6401e-05,8.65671e-05,8.67336e-05,8.69003e-05
0.000262357,0.000226096,0.000189035,0.000152822,0.000124292,0.000108321,0.000100059,9.51855e-05,9.19376e-05,8.95894e-05,8.77981e-05,8.63805e-05,8.52293e-05,8.42768e-05,8.34777e-05,8.28004e-05,8.22219e-05,8.17249e-05,8.12965e-05,8.09262e-05,8.06059e-05,8.03288e-05,8.00897e-05,7.98839e-05,7.97076e-05,7.95577e-05,7.94314e-05,7.93263e-05,7.92403e-05,7.91718e-05,7.91191e-05,7.90808e-05,7.90559e-05,7.9043e-05,7.90414e-05,7.90501e-05,7.90684e-05,7.90955e-05,7.91308e-05,7.91738e-05,7.92239e-05,7.92806e-05,7.93436e-05,7.94124e-05,7.94866e-05,7.95659e-05,7.965e-05,7.97387e-05,7.98315e-05,7.99284e-05,8.00291e-05,8.01333e-05,8.02408e-05,8.03516e-05,8.04653e-05,8.05819e-05,8.07012e-05,8.0823e-05,8.09473e-05,8.10738e-05,8.12026e-05,8.13334e-05,8.14662e-05,8.16008e-05,8.17373e-05,8.18754e-05,8.20152e-05,8.21565e-05,8.22992e-05,8.24434e-05,8.25888e-05,8.27356e-05,8.28835e-05,8.30326e-05,8.31828e-05,8.33341e-05,8.34864e-05,8.36396e-05,8.37937e-05,8.39487e-05,8.41045e-05,8.42611e-05,8.44185e-05,8.45766e-05,8.47354e-05,8.48948e-05,8.50549e-05,8.52155e-05,8.53768e-05,8.55385e-05,8.57008e-05,8.58636e-05,8.60269e-05,8.61906e-05,8.63547e-05,8.65192e-05,8.66842e-05,8.68495e-05,8.70151e-05,8.71811e-05,8.73474e-05
0.000264256,0.000228383,0.000191887,0.000156214,0.000127333,0.000110396,0.000101524,9.63307e-05,9.29028e-05,9.04432e-05,8.85772e-05,8.71066e-05,8.59162e-05,8.49335e-05,8.41104e-05,8.34137e-05,8.28192e-05,8.23088e-05,8.1869e-05,8.14889e-05,8.116e-05,8.08755e-05,8.06298e-05,8.04181e-05,8.02366e-05,8.0082e-05,7.99513e-05,7.98423e-05,7.97529e-05,7.96811e-05,7.96254e-05,7.95844e-05,7.95569e-05,7.95417e-05,7.95378e-05,7.95445e-05,7.95608e-05,7.95861e-05,7.96197e-05,7.96611e-05,7.97097e-05,7.9765e-05,7.98266e-05,7.9894e-05,7.9967e-05,8.00451e-05,8.01281e-05,8.02156e-05,8.03075e-05,8.04033e-05,8.0503e-05,8.06063e-05,8.07129e-05,8.08228e-05,8.09357e-05,8.10515e-05,8.117e-05,8.1291e-05,8.14145e-05,8.15404e-05,8.16684e-05,8.17985e-05,8.19306e-05,8.20646e-05,8.22004e-05,8.23379e-05,8.2477e-05,8.26177e-05,8.27598e-05,8.29034e-05,8.30482e-05,8.31944e-05,8.33418e-05,8.34903e-05,8.364e-05,8.37907e-05,8.39424e-05,8.40951e-05,8.42487e-05,8.44031e-05,8.45584e-05,8.47145e-05,8.48714e-05,8.5029e-05,8.51873e-05,8.53462e-05,8.55058e-05,8.56659e-05,8.58267e-05,8.5988e-05,8.61498e-05,8.63121e-05,8.64749e-05,8.66381e-05,8.68018e-05,8.69658e-05,8.71303e-05,8.72951e-05,8.74603e-05,8.76258e-05,8.77916e-05
0.000266124,0.000230617,0.000194643,0.000159487,0.000130373,0.000112533,0.000103028,9.74973e-05,9.38791e-05,9.1302e-05,8.9358e-05,8.78324e-05,8.66013e-05,8.55874e-05,8.47399e-05,8.40234e-05,8.34125e-05,8.28885e-05,8.24371e-05,8.20471e-05,8.17096e-05,8.14177e-05,8.11653e-05,8.09477e-05,8.0761e-05,8.06016e-05,8.04667e-05,8.03539e-05,8.02609e-05,8.01859e-05,8.01272e-05,8.00835e-05,8.00534e-05,8.00359e-05,8.00299e-05,8.00345e-05,8.00489e-05,8.00724e-05,8.01044e-05,8.01442e-05,8.01913e-05,8.02451e-05,8.03054e-05,8.03716e-05,8.04434e-05,8.05203e-05,8.06022e-05,8.06887e-05,8.07795e-05,8.08744e-05,8.09731e-05,8.10755e-05,8.11813e-05,8.12903e-05,8.14024e-05,8.15174e-05,8.16351e-05,8.17554e-05,8.18782e-05,8.20033e-05,8.21306e-05,8.22601e-05,8.23915e-05,8.25249e-05,8.266e-05,8.27969e-05,8.29354e-05,8.30755e-05,8.3217e-05,8.336e-05,8.35043e-05,8.36499e-05,8.37968e-05,8.39448e-05,8.40939e-05,8.42441e-05,8.43953e-05,8.45474e-05,8.47005e-05,8.48545e-05,8.50093e-05,8.51649e-05,8.53212e-05,8.54783e-05,8.56361e-05,8.57946e-05,8.59537e-05,8.61134e-05,8.62737e-05,8.64345e-05,8.65958e-05,8.67577e-05,8.692e-05,8.70828e-05,8.7246e-05,8.74096e-05,8.75736e-05,8.7738e-05,8.79027e-05,8.80678e-05,8.82332e-05
0.000267962,0.0002328,0.000197312,0.000162645,0.000133397,0.000114725,0.000104573,9.86865e-05,9.48671e-05,9.21666e-05,9.01409e-05,8.85581e-05,8.72849e-05,8.62389e-05,8.53662e-05,8.46294e-05,8.40019e-05,8.34641e-05,8.3001e-05,8.26009e-05,8.22548e-05,8.19553e-05,8.16963e-05,8.14728e-05,8.12808e-05,8.11167e-05,8.09776e-05,8.08609e-05,8.07644e-05,8.06862e-05,8.06246e-05,8.05782e-05,8.05456e-05,8.05258e-05,8.05176e-05,8.05202e-05,8.05328e-05,8.05545e-05,8.05848e-05,8.06231e-05,8.06687e-05,8.07212e-05,8.07802e-05,8.08451e-05,8.09157e-05,8.09916e-05,8.10724e-05,8.11578e-05,8.12477e-05,8.13416e-05,8.14394e-05,8.15409e-05,8.16459e-05,8.17541e-05,8.18654e-05,8.19796e-05,8.20965e-05,8.22161e-05,8.23382e-05,8.24627e-05,8.25893e-05,8.27181e-05,8.28489e-05,8.29817e-05,8.31162e-05,8.32525e-05,8.33904e-05,8.35299e-05,8.36709e-05,8.38134e-05,8.39571e-05,8.41022e-05,8.42485e-05,8.4396e-05,8.45446e-05,8.46943e-05,8.4845e-05,8.49966e-05,8.51492e-05,8.53027e-05,8.5457e-05,8.56122e-05,8.57681e-05,8.59247e-05,8.6082e-05,8.624e-05,8.63987e-05,8.65579e-05,8.67177e-05,8.68781e-05,8.7039e-05,8.72004e-05,8.73623e-05,8.75246e-05,8.76874e-05,8.78506e-05,8.80142e-05,8.81781e-05,8.83425e-05,8.85071e-05,8.86721e-05
0.000269772,0.000234937,0.0001999,0.000165698,0.000136392,0.000116966,0.000106158,9.98992e-05,9.58677e-05,9.30374e-05,9.09264e-05,8.92839e-05,8.79671e-05,8.68881e-05,8.59895e-05,8.5232e-05,8.45876e-05,8.40357e-05,8.35607e-05,8.31505e-05,8.27957e-05,8.24885e-05,8.22228e-05,8.19934e-05,8.17962e-05,8.16274e-05,8.1484e-05,8.13635e-05,8.12635e-05,8.11821e-05,8.11176e-05,8.10685e-05,8.10335e-05,8.10114e-05,8.10011e-05,8.10017e-05,8.10124e-05,8.10325e-05,8.10612e-05,8.10979e-05,8.11421e-05,8.11933e-05,8.12509e-05,8.13147e-05,8.13841e-05,8.14589e-05,8.15386e-05,8.16231e-05,8.1712e-05,8.1805e-05,8.19019e-05,8.20026e-05,8.21067e-05,8.22141e-05,8.23247e-05,8.24381e-05,8.25544e-05,8.26733e-05,8.27947e-05,8.29185e-05,8.30445e-05,8.31727e-05,8.33029e-05,8.3435e-05,8.3569e-05,8.37047e-05,8.38421e-05,8.39811e-05,8.41215e-05,8.42634e-05,8.44067e-05,8.45512e-05,8.4697e-05,8.4844e-05,8.49921e-05,8.51413e-05,8.52915e-05,8.54427e-05,8.55948e-05,8.57479e-05,8.59017e-05,8.60564e-05,8.62118e-05,8.6368e-05,8.65249e-05,8.66825e-05,8.68407e-05,8.69995e-05,8.71589e-05,8.73188e-05,8.74793e-05,8.76403e-05,8.78018e-05,8.79637e-05,8.8126e-05,8.82888e-05,8.8452e-05,8.86155e-05,8.87794e-05,8.89437e-05,8.91082e-05
0.000271555,0.00023703,0.000202415,0.000168652,0.000139349,0.000119248,0.000107784,0.000101136,9.68818e-05,9.39151e-05,9.17147e-05,9.00102e-05,8.86483e-05,8.75352e-05,8.661e-05,8.58313e-05,8.51696e-05,8.46034e-05,8.41163e-05,8.36959e-05,8.33322e-05,8.30173e-05,8.27449e-05,8.25096e-05,8.23071e-05,8.21336e-05,8.1986e-05,8.18616e-05,8.17582e-05,8.16736e-05,8.16063e-05,8.15545e-05,8.1517e-05,8.14927e-05,8.14803e-05,8.1479e-05,8.14879e-05,8.15063e-05,8.15334e-05,8.15686e-05,8.16114e-05,8.16613e-05,8.17177e-05,8.17803e-05,8.18486e-05,8.19223e-05,8.2001e-05,8.20845e-05,8.21724e-05,8.22646e-05,8.23607e-05,8.24605e-05,8.25639e-05,8.26705e-05,8.27803e-05,8.28931e-05,8.30087e-05,8.31269e-05,8.32477e-05,8.33708e-05,8.34962e-05,8.36238e-05,8.37534e-05,8.3885e-05,8.40184e-05,8.41536e-05,8.42904e-05,8.44289e-05,8.45688e-05,8.47102e-05,8.4853e-05,8.4997e-05,8.51424e-05,8.52889e-05,8.54365e-05,8.55852e-05,8.5735e-05,8.58857e-05,8.60374e-05,8.619e-05,8.63434e-05,8.64976e-05,8.66526e-05,8.68084e-05,8.69649e-05,8.7122e-05,8.72798e-05,8.74382e-05,8.75972e-05,8.77567e-05,8.79168e-05,8.80774e-05,8.82384e-05,8.83999e-05,8.85619e-05,8.87243e-05,8.8887e-05,8.90502e-05,8.92137e-05,8.93775e-05,8.95417e-05
0.000273312,0.000239082,0.000204862,0.000171515,0.000142261,0.000121564,0.00010945,0.000102399,9.791e-05,9.48002e-05,9.25064e-05,9.07374e-05,8.93286e-05,8.81803e-05,8.72278e-05,8.64274e-05,8.5748e-05,8.51672e-05,8.46679e-05,8.42371e-05,8.38645e-05,8.35419e-05,8.32627e-05,8.30215e-05,8.28136e-05,8.26354e-05,8.24836e-05,8.23554e-05,8.22485e-05,8.21608e-05,8.20906e-05,8.20362e-05,8.19964e-05,8.19697e-05,8.19553e-05,8.19521e-05,8.19592e-05,8.19759e-05,8.20015e-05,8.20353e-05,8.20767e-05,8.21253e-05,8.21805e-05,8.22419e-05,8.23091e-05,8.23818e-05,8.24596e-05,8.25421e-05,8.26292e-05,8.27204e-05,8.28157e-05,8.29148e-05,8.30173e-05,8.31233e-05,8.32324e-05,8.33444e-05,8.34594e-05,8.3577e-05,8.36971e-05,8.38197e-05,8.39445e-05,8.40715e-05,8.42006e-05,8.43316e-05,8.44645e-05,8.45991e-05,8.47354e-05,8.48734e-05,8.50128e-05,8.51537e-05,8.5296e-05,8.54396e-05,8.55845e-05,8.57305e-05,8.58777e-05,8.6026e-05,8.61753e-05,8.63256e-05,8.64769e-05,8.6629e-05,8.6782e-05,8.69359e-05,8.70905e-05,8.72458e-05,8.74019e-05,8.75586e-05,8.7716e-05,8.7874e-05,8.80326e-05,8.81917e-05,8.83514e-05,8.85116e-05,8.86723e-05,8.88334e-05,8.8995e-05,8.9157e-05,8.93194e-05,8.94821e-05,8.96453e-05,8.98087e-05,8.99725e-05
0.000275045,0.000241095,0.000207246,0.000174292,0.000145122,0.000123905,0.000111155,0.000103687,9.8953e-05,9.56932e-05,9.33018e-05,9.14656e-05,9.00084e-05,8.88237e-05,8.78431e-05,8.70204e-05,8.63231e-05,8.57274e-05,8.52156e-05,8.47743e-05,8.43926e-05,8.40622e-05,8.37762e-05,8.3529e-05,8.33159e-05,8.31329e-05,8.29769e-05,8.28449e-05,8.27346e-05,8.26438e-05,8.25707e-05,8.25137e-05,8.24715e-05,8.24427e-05,8.24262e-05,8.24211e-05,8.24265e-05,8.24416e-05,8.24656e-05,8.2498e-05,8.25381e-05,8.25854e-05,8.26394e-05,8.26997e-05,8.27658e-05,8.28375e-05,8.29143e-05,8.29959e-05,8.30821e-05,8.31726e-05,8.32671e-05,8.33653e-05,8.34672e-05,8.35724e-05,8.36808e-05,8.37922e-05,8.39065e-05,8.40235e-05,8.41431e-05,8.4265e-05,8.43893e-05,8.45158e-05,8.46443e-05,8.47748e-05,8.49072e-05,8.50413e-05,8.51772e-05,8.53146e-05,8.54536e-05,8.5594e-05,8.57359e-05,8.5879e-05,8.60235e-05,8.61691e-05,8.63158e-05,8.64637e-05,8.66126e-05,8.67625e-05,8.69133e-05,8.70651e-05,8.72177e-05,8.73711e-05,8.75253e-05,8.76803e-05,8.7836e-05,8.79923e-05,8.81493e-05,8.83069e-05,8.84651e-05,8.86239e-05,8.87832e-05,8.8943e-05,8.91034e-05,8.92641e-05,8.94253e-05,8.9587e-05,8.9749e-05,8.99114e-05,9.00742e-05,9.02373e-05,9.04007e-05
0.000276755,0.000243071,0.00020957,0.000176989,0.000147929,0.000126264,0.000112896,0.000105001,0.000100012,9.65949e-05,9.41015e-05,9.21953e-05,9.06878e-05,8.94656e-05,8.84561e-05,8.76106e-05,8.68948e-05,8.62839e-05,8.57596e-05,8.53075e-05,8.49167e-05,8.45784e-05,8.42856e-05,8.40323e-05,8.38139e-05,8.36262e-05,8.34659e-05,8.33302e-05,8.32164e-05,8.31225e-05,8.30466e-05,8.2987e-05,8.29424e-05,8.29114e-05,8.2893e-05,8.2886e-05,8.28897e-05,8.29031e-05,8.29257e-05,8.29566e-05,8.29954e-05,8.30415e-05,8.30944e-05,8.31536e-05,8.32187e-05,8.32894e-05,8.33653e-05,8.3446e-05,8.35314e-05,8.3621e-05,8.37147e-05,8.38123e-05,8.39134e-05,8.4018e-05,8.41257e-05,8.42365e-05,8.43502e-05,8.44666e-05,8.45856e-05,8.4707e-05,8.48307e-05,8.49567e-05,8.50847e-05,8.52147e-05,8.53466e-05,8.54802e-05,8.56156e-05,8.57526e-05,8.58912e-05,8.60312e-05,8.61726e-05,8.63153e-05,8.64593e-05,8.66045e-05,8.67509e-05,8.68983e-05,8.70468e-05,8.71963e-05,8.73468e-05,8.74981e-05,8.76504e-05,8.78034e-05,8.79573e-05,8.81118e-05,8.82672e-05,8.84231e-05,8.85798e-05,8.8737e-05,8.88949e-05,8.90533e-05,8.92123e-05,8.93717e-05,8.95317e-05,8.96921e-05,8.98529e-05,9.00142e-05,9.01759e-05,9.0338e-05,9.05004e-05,9.06632e-05,9.08263e-05
0.000278442,0.000245013,0.000211841,0.000179612,0.000150681,0.000128632,0.000114672,0.000106342,0.000101086,9.75056e-05,9.49058e-05,9.29268e-05,9.13672e-05,9.01062e-05,8.90669e-05,8.81979e-05,8.74633e-05,8.6837e-05,8.62998e-05,8.58369e-05,8.54368e-05,8.50906e-05,8.47908e-05,8.45315e-05,8.43077e-05,8.41153e-05,8.39508e-05,8.38112e-05,8.3694e-05,8.3597e-05,8.35183e-05,8.34562e-05,8.34092e-05,8.33761e-05,8.33556e-05,8.33469e-05,8.33488e-05,8.33607e-05,8.33818e-05,8.34114e-05,8.34489e-05,8.34938e-05,8.35455e-05,8.36037e-05,8.36678e-05,8.37375e-05,8.38125e-05,8.38924e-05,8.39769e-05,8.40658e-05,8.41588e-05,8.42556e-05,8.43561e-05,8.446e-05,8.45671e-05,8.46773e-05,8.47904e-05,8.49062e-05,8.50246e-05,8.51455e-05,8.52688e-05,8.53942e-05,8.55217e-05,8.56512e-05,8.57827e-05,8.59159e-05,8.60508e-05,8.61874e-05,8.63255e-05,8.64651e-05,8.66061e-05,8.67484e-05,8.6892e-05,8.70368e-05,8.71828e-05,8.73299e-05,8.7478e-05,8.76272e-05,8.77772e-05,8.79282e-05,8.80801e-05,8.82328e-05,8.83863e-05,8.85405e-05,8.86955e-05,8.88511e-05,8.90074e-05,8.91643e-05,8.93218e-05,8.94799e-05,8.96385e-05,8.97976e-05,8.99573e-05,9.01173e-05,9.02779e-05,9.04388e-05,9.06002e-05,9.07619e-05,9.0924e-05,9.10864e-05,9.12492e-05
0.000280108,0.000246921,0.00021406,0.000182166,0.000153376,0.000131004,0.00011648,0.000107709,0.000102178,9.84259e-05,9.57151e-05,9.36604e-05,9.20467e-05,9.07456e-05,8.96758e-05,8.87827e-05,8.80287e-05,8.73867e-05,8.68363e-05,8.63624e-05,8.5953e-05,8.55987e-05,8.5292e-05,8.50265e-05,8.47974e-05,8.46002e-05,8.44315e-05,8.42881e-05,8.41675e-05,8.40675e-05,8.39859e-05,8.39213e-05,8.3872e-05,8.38367e-05,8.38143e-05,8.38037e-05,8.3804e-05,8.38144e-05,8.3834e-05,8.38623e-05,8.38985e-05,8.39422e-05,8.39929e-05,8.405e-05,8.41131e-05,8.41819e-05,8.4256e-05,8.43351e-05,8.44188e-05,8.4507e-05,8.45992e-05,8.46954e-05,8.47952e-05,8.48984e-05,8.5005e-05,8.51146e-05,8.52271e-05,8.53424e-05,8.54603e-05,8.55807e-05,8.57034e-05,8.58284e-05,8.59555e-05,8.60845e-05,8.62155e-05,8.63483e-05,8.64828e-05,8.6619e-05,8.67567e-05,8.68959e-05,8.70365e-05,8.71784e-05,8.73217e-05,8.74661e-05,8.76117e-05,8.77584e-05,8.79062e-05,8.8055e-05,8.82047e-05,8.83554e-05,8.85069e-05,8.86592e-05,8.88124e-05,8.89663e-05,8.91209e-05,8.92762e-05,8.94322e-05,8.95888e-05,8.9746e-05,8.99037e-05,9.0062e-05,9.02208e-05,9.03801e-05,9.05399e-05,9.07001e-05,9.08607e-05,9.10217e-05,9.11832e-05,9.13449e-05,9.15071e-05,9.16695e-05
0.000281753,0.000248799,0.000216231,0.000184654,0.000156016,0.000133372,0.000118316,0.000109102,0.000103286,9.93564e-05,9.65299e-05,9.43964e-05,9.27267e-05,9.13842e-05,9.02828e-05,8.9365e-05,8.85913e-05,8.79331e-05,8.73694e-05,8.68843e-05,8.64654e-05,8.6103e-05,8.57891e-05,8.55176e-05,8.5283e-05,8.50811e-05,8.49081e-05,8.47609e-05,8.46369e-05,8.45338e-05,8.44495e-05,8.43823e-05,8.43307e-05,8.42933e-05,8.4269e-05,8.42566e-05,8.42553e-05,8.42641e-05,8.42823e-05,8.43093e-05,8.43443e-05,8.43868e-05,8.44364e-05,8.44925e-05,8.45547e-05,8.46226e-05,8.46959e-05,8.47741e-05,8.48571e-05,8.49445e-05,8.50361e-05,8.51316e-05,8.52308e-05,8.53334e-05,8.54394e-05,8.55484e-05,8.56604e-05,8.57752e-05,8.58926e-05,8.60125e-05,8.61348e-05,8.62593e-05,8.63859e-05,8.65146e-05,8.66451e-05,8.67775e-05,8.69116e-05,8.70474e-05,8.71847e-05,8.73235e-05,8.74638e-05,8.76054e-05,8.77482e-05,8.78923e-05,8.80376e-05,8.8184e-05,8.83314e-05,8.84798e-05,8.86292e-05,8.87796e-05,8.89308e-05,8.90828e-05,8.92356e-05,8.93892e-05,8.95435e-05,8.96985e-05,8.98542e-05,9.00104e-05,9.01673e-05,9.03248e-05,9.04828e-05,9.06413e-05,9.08003e-05,9.09597e-05,9.11196e-05,9.128e-05,9.14407e-05,9.16018e-05,9.17633e-05,9.19251e-05,9.20873e-05
0.000283378,0.000250647,0.000218358,0.000187082,0.000158599,0.000135732,0.000120177,0.00011052,0.000104413,0.000100298,9.73506e-05,9.51352e-05,9.34074e-05,9.20221e-05,9.08881e-05,8.9945e-05,8.9151e-05,8.84763e-05,8.78991e-05,8.74026e-05,8.6974e-05,8.66033e-05,8.62824e-05,8.60046e-05,8.57646e-05,8.55579e-05,8.53807e-05,8.52297e-05,8.51023e-05,8.49961e-05,8.4909e-05,8.48393e-05,8.47855e-05,8.4746e-05,8.47197e-05,8.47056e-05,8.47026e-05,8.47099e-05,8.47268e-05,8.47524e-05,8.47863e-05,8.48277e-05,8.48762e-05,8.49313e-05,8.49926e-05,8.50596e-05,8.51321e-05,8.52096e-05,8.52918e-05,8.53785e-05,8.54694e-05,8.55643e-05,8.56628e-05,8.57649e-05,8.58703e-05,8.59789e-05,8.60903e-05,8.62046e-05,8.63216e-05,8.6441e-05,8.65628e-05,8.66869e-05,8.68131e-05,8.69414e-05,8.70715e-05,8.72035e-05,8.73373e-05,8.74727e-05,8.76096e-05,8.77481e-05,8.7888e-05,8.80292e-05,8.81717e-05,8.83155e-05,8.84604e-05,8.86065e-05,8.87536e-05,8.89017e-05,8.90508e-05,8.92008e-05,8.93517e-05,8.95035e-05,8.9656e-05,8.98093e-05,8.99633e-05,9.0118e-05,9.02734e-05,9.04293e-05,9.05859e-05,9.07431e-05,9.09008e-05,9.1059e-05,9.12177e-05,9.13769e-05,9.15365e-05,9.16966e-05,9.1857e-05,9.20179e-05,9.2179e-05,9.23406e-05,9.25025e-05
0.000284984,0.000252467,0.000220442,0.000189452,0.000161129,0.000138079,0.000122059,0.000111964,0.000105557,0.00010125,9.81776e-05,9.58771e-05,9.40891e-05,9.26595e-05,9.1492e-05,9.05228e-05,8.9708e-05,8.90165e-05,8.84254e-05,8.79173e-05,8.7479e-05,8.71e-05,8.67718e-05,8.64878e-05,8.62423e-05,8.60308e-05,8.58493e-05,8.56945e-05,8.55637e-05,8.54544e-05,8.53646e-05,8.52924e-05,8.52363e-05,8.51947e-05,8.51666e-05,8.51507e-05,8.51461e-05,8.5152e-05,8.51674e-05,8.51918e-05,8.52245e-05,8.52648e-05,8.53123e-05,8.53664e-05,8.54268e-05,8.5493e-05,8.55646e-05,8.56414e-05,8.57229e-05,8.5809e-05,8.58992e-05,8.59935e-05,8.60915e-05,8.6193e-05,8.62979e-05,8.64059e-05,8.65169e-05,8.66307e-05,8.67472e-05,8.68662e-05,8.69876e-05,8.71113e-05,8.72371e-05,8.73649e-05,8.74947e-05,8.76264e-05,8.77597e-05,8.78948e-05,8.80314e-05,8.81695e-05,8.83091e-05,8.845e-05,8.85922e-05,8.87357e-05,8.88803e-05,8.90261e-05,8.91729e-05,8.93207e-05,8.94695e-05,8.96192e-05,8.97698e-05,8.99213e-05,9.00735e-05,9.02265e-05,9.03803e-05,9.05347e-05,9.06898e-05,9.08455e-05,9.10018e-05,9.11587e-05,9.13161e-05,9.14741e-05,9.16325e-05,9.17914e-05,9.19508e-05,9.21105e-05,9.22707e-05,9.24313e-05,9.25922e-05,9.27535e-05,9.29151e-05
0.000286572,0.000254259,0.000222486,0.000191768,0.000163605,0.00014041,0.00012396,0.000113432,0.000106718,0.000102213,9.90114e-05,9.66225e-05,9.4772e-05,9.32967e-05,9.20946e-05,9.10985e-05,9.02625e-05,8.95538e-05,8.89485e-05,8.84287e-05,8.79804e-05,8.75929e-05,8.72575e-05,8.69671e-05,8.67161e-05,8.64997e-05,8.63139e-05,8.61554e-05,8.60212e-05,8.59089e-05,8.58163e-05,8.57416e-05,8.56832e-05,8.56396e-05,8.56095e-05,8.55919e-05,8.55858e-05,8.55902e-05,8.56043e-05,8.56275e-05,8.56589e-05,8.56982e-05,8.57447e-05,8.57979e-05,8.58574e-05,8.59228e-05,8.59937e-05,8.60697e-05,8.61505e-05,8.62359e-05,8.63256e-05,8.64192e-05,8.65167e-05,8.66177e-05,8.6722e-05,8.68296e-05,8.69401e-05,8.70535e-05,8.71695e-05,8.72881e-05,8.74091e-05,8.75324e-05,8.76578e-05,8.77853e-05,8.79148e-05,8.80461e-05,8.81791e-05,8.83138e-05,8.84501e-05,8.85879e-05,8.87272e-05,8.88678e-05,8.90097e-05,8.91529e-05,8.92972e-05,8.94427e-05,8.95892e-05,8.97368e-05,8.98853e-05,9.00348e-05,9.01851e-05,9.03363e-05,9.04882e-05,9.0641e-05,9.07945e-05,9.09486e-05,9.11035e-05,9.12589e-05,9.1415e-05,9.15716e-05,9.17288e-05,9.18865e-05,9.20446e-05,9.22033e-05,9.23624e-05,9.25219e-05,9.26818e-05,9.28422e-05,9.30028e-05,9.31639e-05,9.33252e-05
0.000288142,0.000256026,0.000224492,0.000194034,0.000166031,0.00014272,0.000125875,0.000114922,0.000107898,0.000103189,9.98521e-05,9.73717e-05,9.54565e-05,9.39339e-05,9.26961e-05,9.16725e-05,9.08146e-05,9.00883e-05,8.94686e-05,8.89367e-05,8.84783e-05,8.80822e-05,8.77394e-05,8.74427e-05,8.71861e-05,8.69649e-05,8.67748e-05,8.66124e-05,8.64748e-05,8.63594e-05,8.62641e-05,8.61869e-05,8.61262e-05,8.60806e-05,8.60487e-05,8.60294e-05,8.60217e-05,8.60247e-05,8.60375e-05,8.60594e-05,8.60897e-05,8.6128e-05,8.61735e-05,8.62258e-05,8.62844e-05,8.6349e-05,8.64191e-05,8.64944e-05,8.65746e-05,8.66594e-05,8.67484e-05,8.68415e-05,8.69384e-05,8.70389e-05,8.71428e-05,8.72499e-05,8.736e-05,8.74729e-05,8.75886e-05,8.77068e-05,8.78274e-05,8.79503e-05,8.80754e-05,8.82026e-05,8.83317e-05,8.84626e-05,8.85954e-05,8.87298e-05,8.88658e-05,8.90033e-05,8.91423e-05,8.92826e-05,8.94242e-05,8.95671e-05,8.97112e-05,8.98564e-05,9.00027e-05,9.015e-05,9.02982e-05,9.04474e-05,9.05975e-05,9.07484e-05,9.09002e-05,9.10527e-05,9.12059e-05,9.13598e-05,9.15144e-05,9.16696e-05,9.18254e-05,9.19818e-05,9.21387e-05,9.22962e-05,9.24541e-05,9.26125e-05,9.27714e-05,9.29307e-05,9.30904e-05,9.32505e-05,9.34109e-05,9.35717e-05,9.37328e-05
0.000289695,0.000257769,0.000226463,0.000196251,0.000168408,0.000145008,0.0001278,0.000116434,0.000109096,0.000104177,0.0001007,9.8125e-05,9.61428e-05,9.45713e-05,9.32968e-05,9.22447e-05,9.13644e-05,9.06201e-05,8.99856e-05,8.94415e-05,8.89729e-05,8.8568e-05,8.82178e-05,8.79146e-05,8.76524e-05,8.74262e-05,8.72318e-05,8.70655e-05,8.69245e-05,8.68061e-05,8.6708e-05,8.66284e-05,8.65655e-05,8.65178e-05,8.64841e-05,8.64631e-05,8.64539e-05,8.64554e-05,8.64669e-05,8.64876e-05,8.65169e-05,8.65541e-05,8.65986e-05,8.665e-05,8.67079e-05,8.67717e-05,8.68411e-05,8.69157e-05,8.69952e-05,8.70794e-05,8.71679e-05,8.72605e-05,8.73569e-05,8.74569e-05,8.75603e-05,8.76669e-05,8.77766e-05,8.78891e-05,8.80044e-05,8.81222e-05,8.82425e-05,8.83651e-05,8.84898e-05,8.86167e-05,8.87454e-05,8.88761e-05,8.90085e-05,8.91427e-05,8.92784e-05,8.94156e-05,8.95543e-05,8.96944e-05,8.98358e-05,8.99784e-05,9.01222e-05,9.02672e-05,9.04132e-05,9.05603e-05,9.07083e-05,9.08573e-05,9.10071e-05,9.11578e-05,9.13093e-05,9.14616e-05,9.16146e-05,9.17683e-05,9.19226e-05,9.20776e-05,9.22332e-05,9.23893e-05,9.25461e-05,9.27033e-05,9.2861e-05,9.30192e-05,9.31778e-05,9.33369e-05,9.34964e-05,9.36562e-05,9.38164e-05,9.3977e-05,9.41379e-05
0.000291232,0.000259487,0.0002284,0.000198423,0.000170737,0.000147272,0.000129733,0.000117966,0.000110312,0.000105177,0.000101556,9.88826e-05,9.68311e-05,9.52091e-05,9.38967e-05,9.28154e-05,9.19121e-05,9.11493e-05,9.04997e-05,8.99432e-05,8.94641e-05,8.90504e-05,8.86925e-05,8.83828e-05,8.8115e-05,8.78838e-05,8.7685e-05,8.7515e-05,8.73705e-05,8.7249e-05,8.71482e-05,8.70661e-05,8.7001e-05,8.69513e-05,8.69157e-05,8.68931e-05,8.68823e-05,8.68825e-05,8.68927e-05,8.69122e-05,8.69404e-05,8.69766e-05,8.70202e-05,8.70708e-05,8.71278e-05,8.71908e-05,8.72595e-05,8.73335e-05,8.74124e-05,8.7496e-05,8.7584e-05,8.7676e-05,8.77719e-05,8.78715e-05,8.79745e-05,8.80807e-05,8.81899e-05,8.83021e-05,8.8417e-05,8.85345e-05,8.86544e-05,8.87767e-05,8.89011e-05,8.90276e-05,8.91561e-05,8.92865e-05,8.94187e-05,8.95525e-05,8.9688e-05,8.9825e-05,8.99634e-05,9.01033e-05,9.02444e-05,9.03868e-05,9.05304e-05,9.06751e-05,9.08209e-05,9.09677e-05,9.11155e-05,9.12643e-05,9.14139e-05,9.15644e-05,9.17157e-05,9.18677e-05,9.20205e-05,9.2174e-05,9.23281e-05,9.24829e-05,9.26383e-05,9.27942e-05,9.29507e-05,9.31078e-05,9.32653e-05,9.34233e-05,9.35817e-05,9.37405e-05,9.38998e-05,9.40594e-05,9.42194e-05,9.43798e-05,9.45405e-05
0.000292753,0.000261184,0.000230305,0.000200553,0.000173021,0.00014951,0.00013167,0.000119517,0.000111545,0.000106189,0.000102421,9.96451e-05,9.75218e-05,9.58476e-05,9.44961e-05,9.33847e-05,9.24578e-05,9.1676e-05,9.10111e-05,9.04418e-05,8.99521e-05,8.95294e-05,8.91638e-05,8.88475e-05,8.8574e-05,8.83378e-05,8.81346e-05,8.79607e-05,8.78128e-05,8.76882e-05,8.75847e-05,8.75001e-05,8.74328e-05,8.73811e-05,8.73437e-05,8.73194e-05,8.73071e-05,8.73059e-05,8.73149e-05,8.73333e-05,8.73604e-05,8.73956e-05,8.74383e-05,8.7488e-05,8.75442e-05,8.76065e-05,8.76745e-05,8.77479e-05,8.78262e-05,8.79092e-05,8.79967e-05,8.80882e-05,8.81837e-05,8.82828e-05,8.83853e-05,8.84912e-05,8.86001e-05,8.87119e-05,8.88264e-05,8.89436e-05,8.90632e-05,8.91851e-05,8.93093e-05,8.94355e-05,8.95638e-05,8.96939e-05,8.98258e-05,8.99594e-05,9.00946e-05,9.02314e-05,9.03696e-05,9.05092e-05,9.06501e-05,9.07923e-05,9.09356e-05,9.10801e-05,9.12257e-05,9.13724e-05,9.152e-05,9.16685e-05,9.18179e-05,9.19682e-05,9.21193e-05,9.22711e-05,9.24237e-05,9.2577e-05,9.2731e-05,9.28856e-05,9.30407e-05,9.31965e-05,9.33528e-05,9.35096e-05,9.36669e-05,9.38247e-05,9.3983e-05,9.41416e-05,9.43007e-05,9.44601e-05,9.46199e-05,9.47801e-05,9.49406e-05
0.000294258,0.000262858,0.000232179,0.000202642,0.000175262,0.000151721,0.000133608,0.000121084,0.000112796,0.000107215,0.000103293,0.000100412,9.82151e-05,9.6487e-05,9.50951e-05,9.39528e-05,9.30016e-05,9.22005e-05,9.15198e-05,9.09375e-05,9.04369e-05,9.00051e-05,8.96317e-05,8.93087e-05,8.90294e-05,8.87882e-05,8.85806e-05,8.84027e-05,8.82514e-05,8.81237e-05,8.80175e-05,8.79305e-05,8.78609e-05,8.78072e-05,8.7768e-05,8.77421e-05,8.77283e-05,8.77257e-05,8.77335e-05,8.77507e-05,8.77768e-05,8.7811e-05,8.78528e-05,8.79017e-05,8.79572e-05,8.80188e-05,8.80861e-05,8.81589e-05,8.82366e-05,8.83191e-05,8.8406e-05,8.84971e-05,8.85921e-05,8.86908e-05,8.8793e-05,8.88984e-05,8.9007e-05,8.91184e-05,8.92327e-05,8.93495e-05,8.94688e-05,8.95905e-05,8.97144e-05,8.98403e-05,8.99683e-05,9.00982e-05,9.02299e-05,9.03632e-05,9.04982e-05,9.06348e-05,9.07728e-05,9.09122e-05,9.10529e-05,9.11949e-05,9.1338e-05,9.14823e-05,9.16277e-05,9.17742e-05,9.19216e-05,9.20699e-05,9.22192e-05,9.23693e-05,9.25202e-05,9.26719e-05,9.28243e-05,9.29774e-05,9.31312e-05,9.32856e-05,9.34406e-05,9.35961e-05,9.37523e-05,9.39089e-05,9.40661e-05,9.42237e-05,9.43817e-05,9.45402e-05,9.46991e-05,9.48583e-05,9.5018e-05,9.51779e-05,9.53382e-05
0.000295749,0.000264512,0.000234024,0.000204692,0.000177461,0.000153904,0.000135546,0.000122666,0.000114063,0.000108253,0.000104174,0.000101185,9.89112e-05,9.71275e-05,9.5694e-05,9.45199e-05,9.35438e-05,9.27227e-05,9.20259e-05,9.14303e-05,9.09187e-05,9.04776e-05,9.00963e-05,8.97665e-05,8.94813e-05,8.9235e-05,8.90229e-05,8.88412e-05,8.86863e-05,8.85557e-05,8.84466e-05,8.83572e-05,8.82854e-05,8.82297e-05,8.81888e-05,8.81612e-05,8.81459e-05,8.8142e-05,8.81485e-05,8.81646e-05,8.81897e-05,8.82229e-05,8.82639e-05,8.8312e-05,8.83667e-05,8.84276e-05,8.84943e-05,8.85665e-05,8.86437e-05,8.87257e-05,8.88121e-05,8.89027e-05,8.89973e-05,8.90956e-05,8.91974e-05,8.93025e-05,8.94107e-05,8.95218e-05,8.96358e-05,8.97523e-05,8.98714e-05,8.99928e-05,9.01164e-05,9.02421e-05,9.03699e-05,9.04995e-05,9.0631e-05,9.07641e-05,9.08989e-05,9.10353e-05,9.11731e-05,9.13123e-05,9.14528e-05,9.15946e-05,9.17376e-05,9.18817e-05,9.20269e-05,9.21732e-05,9.23205e-05,9.24686e-05,9.26177e-05,9.27676e-05,9.29184e-05,9.30699e-05,9.32221e-05,9.33751e-05,9.35287e-05,9.36829e-05,9.38378e-05,9.39932e-05,9.41492e-05,9.43056e-05,9.44626e-05,9.46201e-05,9.47779e-05,9.49363e-05,9.5095e-05,9.52541e-05,9.54135e-05,9.55733e-05,9.57335e-05
0.000297225,0.000266145,0.000235842,0.000206706,0.00017962,0.000156058,0.000137479,0.000124261,0.000115346,0.000109305,0.000105064,0.000101964,9.96105e-05,9.77693e-05,9.6293e-05,9.50861e-05,9.40843e-05,9.32429e-05,9.25296e-05,9.19205e-05,9.13976e-05,9.09469e-05,9.05577e-05,9.0221e-05,8.99298e-05,8.96784e-05,8.94618e-05,8.92761e-05,8.91178e-05,8.8984e-05,8.88722e-05,8.87803e-05,8.87063e-05,8.86487e-05,8.86059e-05,8.85767e-05,8.856e-05,8.85548e-05,8.856e-05,8.85751e-05,8.85991e-05,8.86314e-05,8.86715e-05,8.87188e-05,8.87728e-05,8.88331e-05,8.88992e-05,8.89708e-05,8.90474e-05,8.91289e-05,8.92149e-05,8.93051e-05,8.93993e-05,8.94972e-05,8.95986e-05,8.97034e-05,8.98113e-05,8.99221e-05,9.00358e-05,9.0152e-05,9.02708e-05,9.0392e-05,9.05154e-05,9.06409e-05,9.07684e-05,9.08979e-05,9.10291e-05,9.11621e-05,9.12967e-05,9.14328e-05,9.15705e-05,9.17095e-05,9.18499e-05,9.19915e-05,9.21343e-05,9.22783e-05,9.24234e-05,9.25695e-05,9.27166e-05,9.28646e-05,9.30135e-05,9.31633e-05,9.33139e-05,9.34652e-05,9.36173e-05,9.37701e-05,9.39236e-05,9.40777e-05,9.42324e-05,9.43877e-05,9.45435e-05,9.46998e-05,9.48566e-05,9.50139e-05,9.51717e-05,9.53298e-05,9.54884e-05,9.56473e-05,9.58066e-05,9.59663e-05,9.61262e-05
0.000298687,0.000267759,0.000237633,0.000208685,0.000181741,0.000158184,0.000139407,0.000125868,0.000116645,0.000110369,0.000105964,0.000102748,0.000100313,9.84127e-05,9.68921e-05,9.56515e-05,9.46235e-05,9.37612e-05,9.30309e-05,9.24079e-05,9.18735e-05,9.14133e-05,9.10158e-05,9.06722e-05,9.0375e-05,9.01183e-05,8.98972e-05,8.97075e-05,8.95457e-05,8.94088e-05,8.92943e-05,8.91999e-05,8.91237e-05,8.90641e-05,8.90196e-05,8.89888e-05,8.89706e-05,8.8964e-05,8.89681e-05,8.8982e-05,8.90051e-05,8.90365e-05,8.90758e-05,8.91223e-05,8.91756e-05,8.92352e-05,8.93007e-05,8.93717e-05,8.94479e-05,8.95289e-05,8.96144e-05,8.97042e-05,8.9798e-05,8.98956e-05,8.99967e-05,9.01011e-05,9.02087e-05,9.03193e-05,9.04327e-05,9.05487e-05,9.06672e-05,9.07882e-05,9.09114e-05,9.10367e-05,9.1164e-05,9.12933e-05,9.14243e-05,9.15571e-05,9.16916e-05,9.18275e-05,9.1965e-05,9.21039e-05,9.22441e-05,9.23856e-05,9.25283e-05,9.26721e-05,9.2817e-05,9.2963e-05,9.31099e-05,9.32578e-05,9.34066e-05,9.35563e-05,9.37067e-05,9.38579e-05,9.40099e-05,9.41626e-05,9.43159e-05,9.44699e-05,9.46244e-05,9.47796e-05,9.49352e-05,9.50914e-05,9.52481e-05,9.54053e-05,9.55629e-05,9.57209e-05,9.58793e-05,9.60381e-05,9.61973e-05,9.63568e-05,9.65166e-05
0.000300136,0.000269355,0.000239398,0.00021063,0.000183825,0.000160282,0.000141327,0.000127484,0.000117958,0.000111446,0.000106872,0.000103538,0.000101019,9.90578e-05,9.74918e-05,9.62164e-05,9.51614e-05,9.42776e-05,9.353e-05,9.28929e-05,9.23468e-05,9.18767e-05,9.14709e-05,9.11201e-05,9.08169e-05,9.05549e-05,9.03292e-05,9.01355e-05,8.99702e-05,8.98301e-05,8.97128e-05,8.9616e-05,8.95376e-05,8.9476e-05,8.94297e-05,8.93973e-05,8.93777e-05,8.93699e-05,8.93728e-05,8.93856e-05,8.94076e-05,8.94382e-05,8.94766e-05,8.95224e-05,8.95751e-05,8.9634e-05,8.9699e-05,8.97694e-05,8.98451e-05,8.99257e-05,9.00108e-05,9.01002e-05,9.01936e-05,9.02908e-05,9.03916e-05,9.04957e-05,9.06031e-05,9.07134e-05,9.08265e-05,9.09423e-05,9.10606e-05,9.11814e-05,9.13043e-05,9.14295e-05,9.15566e-05,9.16857e-05,9.18166e-05,9.19492e-05,9.20835e-05,9.22194e-05,9.23567e-05,9.24954e-05,9.26355e-05,9.27769e-05,9.29194e-05,9.30631e-05,9.32079e-05,9.33538e-05,9.35006e-05,9.36484e-05,9.3797e-05,9.39466e-05,9.40969e-05,9.4248e-05,9.43999e-05,9.45524e-05,9.47056e-05,9.48594e-05,9.50139e-05,9.51689e-05,9.53245e-05,9.54805e-05,9.56371e-05,9.57941e-05,9.59516e-05,9.61095e-05,9.62678e-05,9.64265e-05,9.65855e-05,9.67449e-05,9.69046e-05
0.000301572,0.000270933,0.000241139,0.000212544,0.000185874,0.000162351,0.000143238,0.000129107,0.000119285,0.000112536,0.00010779,0.000104335,0.000101729,9.97049e-05,9.8092e-05,9.6781e-05,9.56981e-05,9.47923e-05,9.4027e-05,9.33754e-05,9.28173e-05,9.23372e-05,9.19229e-05,9.1565e-05,9.12555e-05,9.09883e-05,9.07579e-05,9.05601e-05,9.03912e-05,9.02481e-05,9.0128e-05,9.00287e-05,8.99481e-05,8.98845e-05,8.98365e-05,8.98025e-05,8.97815e-05,8.97723e-05,8.9774e-05,8.97858e-05,8.98069e-05,8.98365e-05,8.98742e-05,8.99193e-05,8.99712e-05,9.00296e-05,9.00939e-05,9.01639e-05,9.02391e-05,9.03192e-05,9.04039e-05,9.04929e-05,9.0586e-05,9.06829e-05,9.07834e-05,9.08873e-05,9.09943e-05,9.11044e-05,9.12173e-05,9.13329e-05,9.1451e-05,9.15716e-05,9.16944e-05,9.18193e-05,9.19463e-05,9.20752e-05,9.2206e-05,9.23385e-05,9.24726e-05,9.26084e-05,9.27456e-05,9.28842e-05,9.30241e-05,9.31654e-05,9.33078e-05,9.34514e-05,9.35961e-05,9.37418e-05,9.38886e-05,9.40362e-05,9.41848e-05,9.43342e-05,9.44844e-05,9.46354e-05,9.47872e-05,9.49396e-05,9.50927e-05,9.52465e-05,9.54008e-05,9.55557e-05,9.57112e-05,9.58671e-05,9.60236e-05,9.61805e-05,9.63379e-05,9.64957e-05,9.66539e-05,9.68124e-05,9.69714e-05,9.71306e-05,9.72902e-05
0.000302995,0.000272494,0.000242857,0.000214428,0.000187889,0.000164391,0.000145138,0.000130737,0.000120625,0.000113638,0.000108717,0.000105138,0.000102444,0.000100354,9.8693e-05,9.73453e-05,9.62339e-05,9.53055e-05,9.4522e-05,9.38556e-05,9.32852e-05,9.27949e-05,9.23721e-05,9.20068e-05,9.16911e-05,9.14184e-05,9.11833e-05,9.09814e-05,9.0809e-05,9.06626e-05,9.05398e-05,9.04379e-05,9.03552e-05,9.02896e-05,9.02398e-05,9.02043e-05,9.01818e-05,9.01713e-05,9.01719e-05,9.01826e-05,9.02028e-05,9.02316e-05,9.02684e-05,9.03128e-05,9.03641e-05,9.04219e-05,9.04857e-05,9.05551e-05,9.06299e-05,9.07096e-05,9.07939e-05,9.08826e-05,9.09753e-05,9.10719e-05,9.11721e-05,9.12757e-05,9.13825e-05,9.14924e-05,9.16051e-05,9.17205e-05,9.18384e-05,9.19588e-05,9.20814e-05,9.22062e-05,9.23331e-05,9.24619e-05,9.25925e-05,9.27249e-05,9.28589e-05,9.29945e-05,9.31316e-05,9.32701e-05,9.341e-05,9.35511e-05,9.36935e-05,9.3837e-05,9.39816e-05,9.41272e-05,9.42738e-05,9.44214e-05,9.45699e-05,9.47192e-05,9.48694e-05,9.50203e-05,9.51719e-05,9.53243e-05,9.54773e-05,9.5631e-05,9.57852e-05,9.594e-05,9.60954e-05,9.62513e-05,9.64076e-05,9.65645e-05,9.67217e-05,9.68794e-05,9.70375e-05,9.7196e-05,9.73548e-05,9.7514e-05,9.76734e-05
0.000304406,0.000274037,0.000244552,0.000216283,0.000189872,0.000166405,0.000147027,0.00013237,0.000121976,0.000114752,0.000109654,0.000105947,0.000103162,0.000101006,9.92951e-05,9.79095e-05,9.67688e-05,9.58172e-05,9.50152e-05,9.43336e-05,9.37507e-05,9.32499e-05,9.28183e-05,9.24456e-05,9.21235e-05,9.18453e-05,9.16055e-05,9.13995e-05,9.12234e-05,9.10739e-05,9.09482e-05,9.08439e-05,9.07589e-05,9.06914e-05,9.06398e-05,9.06027e-05,9.05788e-05,9.05671e-05,9.05665e-05,9.05762e-05,9.05954e-05,9.06233e-05,9.06594e-05,9.07031e-05,9.07537e-05,9.08109e-05,9.08742e-05,9.09432e-05,9.10175e-05,9.10968e-05,9.11807e-05,9.12691e-05,9.13615e-05,9.14578e-05,9.15578e-05,9.16611e-05,9.17677e-05,9.18774e-05,9.19899e-05,9.21051e-05,9.22229e-05,9.23431e-05,9.24656e-05,9.25903e-05,9.2717e-05,9.28457e-05,9.29762e-05,9.31085e-05,9.32424e-05,9.33779e-05,9.35149e-05,9.36533e-05,9.37931e-05,9.39341e-05,9.40764e-05,9.42198e-05,9.43643e-05,9.45099e-05,9.46565e-05,9.4804e-05,9.49524e-05,9.51016e-05,9.52517e-05,9.54025e-05,9.55541e-05,9.57064e-05,9.58593e-05,9.60129e-05,9.61671e-05,9.63218e-05,9.64771e-05,9.66329e-05,9.67892e-05,9.6946e-05,9.71031e-05,9.72608e-05,9.74188e-05,9.75771e-05,9.77359e-05,9.78949e-05,9.80543e-05
0.000305805,0.000275565,0.000246226,0.000218111,0.000191824,0.00016839,0.000148903,0.000134007,0.000123339,0.000115878,0.000110601,0.000106764,0.000103885,0.00010166,9.98983e-05,9.84738e-05,9.7303e-05,9.63276e-05,9.55065e-05,9.48094e-05,9.42138e-05,9.37024e-05,9.32618e-05,9.28815e-05,9.25529e-05,9.22692e-05,9.20246e-05,9.18144e-05,9.16346e-05,9.14819e-05,9.13533e-05,9.12465e-05,9.11593e-05,9.10899e-05,9.10365e-05,9.09978e-05,9.09725e-05,9.09595e-05,9.09578e-05,9.09665e-05,9.09847e-05,9.10118e-05,9.10472e-05,9.10901e-05,9.11402e-05,9.11968e-05,9.12596e-05,9.13281e-05,9.1402e-05,9.14809e-05,9.15645e-05,9.16525e-05,9.17447e-05,9.18407e-05,9.19404e-05,9.20435e-05,9.21499e-05,9.22594e-05,9.23717e-05,9.24868e-05,9.26044e-05,9.27245e-05,9.28469e-05,9.29714e-05,9.3098e-05,9.32266e-05,9.3357e-05,9.34892e-05,9.36231e-05,9.37585e-05,9.38954e-05,9.40338e-05,9.41734e-05,9.43144e-05,9.44566e-05,9.46e-05,9.47444e-05,9.489e-05,9.50365e-05,9.51839e-05,9.53322e-05,9.54814e-05,9.56315e-05,9.57822e-05,9.59338e-05,9.6086e-05,9.62389e-05,9.63924e-05,9.65465e-05,9.67012e-05,9.68564e-05,9.70121e-05,9.71683e-05,9.7325e-05,9.74821e-05,9.76397e-05,9.77976e-05,9.79559e-05,9.81146e-05,9.82735e-05,9.84328e-05
0.000307192,0.000277077,0.00024788,0.000219912,0.000193746,0.00017035,0.000150765,0.000135645,0.000124712,0.000117015,0.000111557,0.000107588,0.000104612,0.000102317,0.000100503,9.90385e-05,9.78366e-05,9.68369e-05,9.59962e-05,9.52832e-05,9.46745e-05,9.41523e-05,9.37026e-05,9.33146e-05,9.29794e-05,9.269e-05,9.24405e-05,9.22261e-05,9.20426e-05,9.18866e-05,9.17553e-05,9.16459e-05,9.15565e-05,9.14851e-05,9.14299e-05,9.13896e-05,9.13629e-05,9.13487e-05,9.13458e-05,9.13535e-05,9.13708e-05,9.13971e-05,9.14317e-05,9.1474e-05,9.15235e-05,9.15796e-05,9.16418e-05,9.17099e-05,9.17834e-05,9.18619e-05,9.19452e-05,9.20329e-05,9.21248e-05,9.22206e-05,9.232e-05,9.2423e-05,9.25292e-05,9.26384e-05,9.27506e-05,9.28655e-05,9.29831e-05,9.3103e-05,9.32253e-05,9.33497e-05,9.34762e-05,9.36047e-05,9.37351e-05,9.38672e-05,9.4001e-05,9.41363e-05,9.42732e-05,9.44115e-05,9.45511e-05,9.4692e-05,9.48342e-05,9.49775e-05,9.51219e-05,9.52674e-05,9.54138e-05,9.55612e-05,9.57095e-05,9.58587e-05,9.60086e-05,9.61594e-05,9.63109e-05,9.6463e-05,9.66159e-05,9.67693e-05,9.69234e-05,9.7078e-05,9.72332e-05,9.73889e-05,9.7545e-05,9.77017e-05,9.78587e-05,9.80162e-05,9.81741e-05,9.83323e-05,9.84909e-05,9.86498e-05,9.88091e-05
0.000308568,0.000278575,0.000249513,0.000221687,0.00019564,0.000172283,0.000152612,0.000137283,0.000126093,0.000118163,0.000112523,0.000108419,0.000105345,0.000102977,0.000101109,9.96035e-05,9.83699e-05,9.73451e-05,9.64844e-05,9.57551e-05,9.51331e-05,9.45997e-05,9.41408e-05,9.37449e-05,9.34031e-05,9.31079e-05,9.28535e-05,9.26347e-05,9.24475e-05,9.22883e-05,9.2154e-05,9.20422e-05,9.19505e-05,9.1877e-05,9.18201e-05,9.17783e-05,9.17502e-05,9.17347e-05,9.17307e-05,9.17373e-05,9.17538e-05,9.17793e-05,9.18131e-05,9.18548e-05,9.19036e-05,9.19592e-05,9.2021e-05,9.20886e-05,9.21617e-05,9.22399e-05,9.23228e-05,9.24102e-05,9.25019e-05,9.25974e-05,9.26967e-05,9.27994e-05,9.29054e-05,9.30146e-05,9.31266e-05,9.32414e-05,9.33588e-05,9.34786e-05,9.36008e-05,9.37252e-05,9.38516e-05,9.39801e-05,9.41103e-05,9.42424e-05,9.43761e-05,9.45114e-05,9.46482e-05,9.47865e-05,9.49261e-05,9.5067e-05,9.52091e-05,9.53524e-05,9.54967e-05,9.56422e-05,9.57886e-05,9.5936e-05,9.60842e-05,9.62334e-05,9.63833e-05,9.6534e-05,9.66854e-05,9.68376e-05,9.69904e-05,9.71438e-05,9.72978e-05,9.74524e-05,9.76076e-05,9.77632e-05,9.79193e-05,9.80759e-05,9.82329e-05,9.83904e-05,9.85482e-05,9.87064e-05,9.88649e-05,9.90238e-05,9.9183e-05
0.000309933,0.000280057,0.000251127,0.000223439,0.000197506,0.00017419,0.000154445,0.00013892,0.000127482,0.000119322,0.000113498,0.000109257,0.000106082,0.000103641,0.000101717,0.000100169,9.89029e-05,9.78524e-05,9.69711e-05,9.62252e-05,9.55895e-05,9.50449e-05,9.45764e-05,9.41725e-05,9.38239e-05,9.35229e-05,9.32634e-05,9.30403e-05,9.28493e-05,9.26868e-05,9.25496e-05,9.24352e-05,9.23413e-05,9.22658e-05,9.22072e-05,9.21637e-05,9.21342e-05,9.21175e-05,9.21124e-05,9.2118e-05,9.21336e-05,9.21583e-05,9.21914e-05,9.22324e-05,9.22807e-05,9.23357e-05,9.2397e-05,9.24643e-05,9.2537e-05,9.26148e-05,9.26974e-05,9.27846e-05,9.2876e-05,9.29713e-05,9.30704e-05,9.31729e-05,9.32788e-05,9.33878e-05,9.34997e-05,9.36144e-05,9.37317e-05,9.38515e-05,9.39735e-05,9.40978e-05,9.42242e-05,9.43526e-05,9.44828e-05,9.46148e-05,9.47485e-05,9.48838e-05,9.50206e-05,9.51588e-05,9.52984e-05,9.54392e-05,9.55813e-05,9.57246e-05,9.5869e-05,9.60144e-05,9.61608e-05,9.63081e-05,9.64564e-05,9.66055e-05,9.67554e-05,9.69061e-05,9.70575e-05,9.72096e-05,9.73624e-05,9.75158e-05,9.76698e-05,9.78244e-05,9.79795e-05,9.81351e-05,9.82912e-05,9.84478e-05,9.86048e-05,9.87622e-05,9.89199e-05,9.90781e-05,9.92366e-05,9.93954e-05,9.95546e-05
0.000311288,0.000281526,0.000252723,0.000225167,0.000199345,0.000176073,0.000156262,0.000140554,0.000128878,0.000120491,0.000114483,0.000110102,0.000106825,0.000104307,0.000102326,0.000100735,9.94357e-05,9.83588e-05,9.74565e-05,9.66936e-05,9.60439e-05,9.54877e-05,9.50096e-05,9.45976e-05,9.4242e-05,9.39351e-05,9.36705e-05,9.3443e-05,9.32481e-05,9.30822e-05,9.29422e-05,9.28252e-05,9.2729e-05,9.26515e-05,9.25911e-05,9.25461e-05,9.25152e-05,9.24971e-05,9.24909e-05,9.24956e-05,9.25103e-05,9.25342e-05,9.25666e-05,9.26069e-05,9.26546e-05,9.27092e-05,9.27701e-05,9.28369e-05,9.29092e-05,9.29867e-05,9.30691e-05,9.3156e-05,9.32471e-05,9.33422e-05,9.34411e-05,9.35435e-05,9.36493e-05,9.37581e-05,9.38699e-05,9.39845e-05,9.41017e-05,9.42214e-05,9.43435e-05,9.44677e-05,9.45941e-05,9.47224e-05,9.48526e-05,9.49846e-05,9.51182e-05,9.52535e-05,9.53902e-05,9.55284e-05,9.5668e-05,9.58089e-05,9.5951e-05,9.60942e-05,9.62386e-05,9.6384e-05,9.65304e-05,9.66777e-05,9.6826e-05,9.69751e-05,9.7125e-05,9.72757e-05,9.74271e-05,9.75792e-05,9.7732e-05,9.78854e-05,9.80394e-05,9.8194e-05,9.83491e-05,9.85047e-05,9.86607e-05,9.88173e-05,9.89742e-05,9.91316e-05,9.92894e-05,9.94475e-05,9.9606e-05,9.97648e-05,9.99239e-05
0.000312632,0.00028298,0.000254301,0.000226872,0.000201159,0.000177932,0.000158063,0.000142185,0.000130281,0.00012167,0.000115476,0.000110955,0.000107572,0.000104977,0.000102938,0.000101303,9.99686e-05,9.88647e-05,9.79408e-05,9.71604e-05,9.64964e-05,9.59284e-05,9.54404e-05,9.502e-05,9.46574e-05,9.43445e-05,9.40747e-05,9.38427e-05,9.3644e-05,9.34747e-05,9.33317e-05,9.32121e-05,9.31136e-05,9.30341e-05,9.29719e-05,9.29253e-05,9.2893e-05,9.28737e-05,9.28664e-05,9.28701e-05,9.28839e-05,9.2907e-05,9.29387e-05,9.29784e-05,9.30256e-05,9.30796e-05,9.31401e-05,9.32065e-05,9.32785e-05,9.33557e-05,9.34378e-05,9.35244e-05,9.36153e-05,9.37103e-05,9.3809e-05,9.39113e-05,9.40169e-05,9.41256e-05,9.42373e-05,9.43519e-05,9.4469e-05,9.45886e-05,9.47106e-05,9.48348e-05,9.49611e-05,9.50894e-05,9.52196e-05,9.53516e-05,9.54852e-05,9.56205e-05,9.57572e-05,9.58955e-05,9.6035e-05,9.61759e-05,9.6318e-05,9.64613e-05,9.66056e-05,9.6751e-05,9.68975e-05,9.70448e-05,9.71931e-05,9.73422e-05,9.74921e-05,9.76428e-05,9.77943e-05,9.79464e-05,9.80992e-05,9.82526e-05,9.84066e-05,9.85611e-05,9.87162e-05,9.88718e-05,9.90279e-05,9.91844e-05,9.93414e-05,9.94988e-05,9.96565e-05,9.98146e-05,9.99731e-05,0.000100132,0.000100291
0.000313966,0.000284422,0.000255862,0.000228556,0.000202948,0.000179767,0.000159848,0.000143812,0.000131688,0.000122857,0.000116479,0.000111815,0.000108326,0.000105651,0.000103552,0.000101871,0.000100502,9.93699e-05,9.84239e-05,9.76256e-05,9.69471e-05,9.6367e-05,9.58689e-05,9.544e-05,9.50702e-05,9.47512e-05,9.44761e-05,9.42396e-05,9.40369e-05,9.38642e-05,9.37182e-05,9.3596e-05,9.34952e-05,9.34137e-05,9.33496e-05,9.33015e-05,9.32677e-05,9.32472e-05,9.32388e-05,9.32415e-05,9.32544e-05,9.32768e-05,9.33078e-05,9.33469e-05,9.33935e-05,9.34471e-05,9.35071e-05,9.35731e-05,9.36448e-05,9.37217e-05,9.38035e-05,9.38899e-05,9.39807e-05,9.40754e-05,9.4174e-05,9.42761e-05,9.43816e-05,9.44903e-05,9.46019e-05,9.47164e-05,9.48335e-05,9.4953e-05,9.5075e-05,9.51992e-05,9.53255e-05,9.54538e-05,9.55839e-05,9.57159e-05,9.58496e-05,9.59848e-05,9.61216e-05,9.62598e-05,9.63994e-05,9.65403e-05,9.66824e-05,9.68257e-05,9.69701e-05,9.71156e-05,9.7262e-05,9.74094e-05,9.75577e-05,9.77068e-05,9.78568e-05,9.80075e-05,9.8159e-05,9.83111e-05,9.84639e-05,9.86173e-05,9.87713e-05,9.89259e-05,9.9081e-05,9.92366e-05,9.93927e-05,9.95492e-05,9.97062e-05,9.98636e-05,0.000100021,0.000100179,0.000100338,0.000100497,0.000100656
0.00031529,0.000285851,0.000257406,0.00023022,0.000204714,0.000181579,0.000161617,0.000145434,0.000133099,0.000124053,0.000117491,0.000112682,0.000109084,0.000106328,0.000104168,0.000102441,0.000101035,9.98748e-05,9.89061e-05,9.80895e-05,9.7396e-05,9.68035e-05,9.62952e-05,9.58577e-05,9.54805e-05,9.51552e-05,9.48748e-05,9.46337e-05,9.4427e-05,9.42508e-05,9.41018e-05,9.39769e-05,9.38738e-05,9.37902e-05,9.37244e-05,9.36746e-05,9.36395e-05,9.36177e-05,9.36082e-05,9.36099e-05,9.3622e-05,9.36435e-05,9.36739e-05,9.37124e-05,9.37585e-05,9.38115e-05,9.38711e-05,9.39368e-05,9.40081e-05,9.40848e-05,9.41663e-05,9.42525e-05,9.43431e-05,9.44377e-05,9.45361e-05,9.46382e-05,9.47436e-05,9.48521e-05,9.49637e-05,9.50781e-05,9.51952e-05,9.53147e-05,9.54367e-05,9.55608e-05,9.56871e-05,9.58154e-05,9.59456e-05,9.60776e-05,9.62113e-05,9.63466e-05,9.64834e-05,9.66216e-05,9.67613e-05,9.69022e-05,9.70443e-05,9.71877e-05,9.73321e-05,9.74776e-05,9.7624e-05,9.77715e-05,9.79198e-05,9.8069e-05,9.8219e-05,9.83697e-05,9.85212e-05,9.86734e-05,9.88262e-05,9.89797e-05,9.91337e-05,9.92883e-05,9.94434e-05,9.95991e-05,9.97552e-05,9.99117e-05,0.000100069,0.000100226,0.000100384,0.000100542,0.0001007,0.000100859,0.000101018
0.000316604,0.000287267,0.000258934,0.000231863,0.000206456,0.00018337,0.00016337,0.00014705,0.000134513,0.000125256,0.000118511,0.000113557,0.000109849,0.00010701,0.000104787,0.000103011,0.000101569,0.000100379,9.93874e-05,9.85521e-05,9.78433e-05,9.72382e-05,9.67193e-05,9.6273e-05,9.58884e-05,9.55567e-05,9.52709e-05,9.5025e-05,9.48143e-05,9.46346e-05,9.44825e-05,9.43549e-05,9.42494e-05,9.41638e-05,9.40962e-05,9.40448e-05,9.40083e-05,9.39853e-05,9.39746e-05,9.39754e-05,9.39865e-05,9.40073e-05,9.4037e-05,9.40749e-05,9.41205e-05,9.41731e-05,9.42323e-05,9.42976e-05,9.43686e-05,9.4445e-05,9.45263e-05,9.46123e-05,9.47027e-05,9.47972e-05,9.48955e-05,9.49974e-05,9.51027e-05,9.52112e-05,9.53227e-05,9.54371e-05,9.55541e-05,9.56737e-05,9.57956e-05,9.59198e-05,9.60461e-05,9.61744e-05,9.63046e-05,9.64366e-05,9.65703e-05,9.67057e-05,9.68425e-05,9.69808e-05,9.71205e-05,9.72615e-05,9.74037e-05,9.7547e-05,9.76915e-05,9.78371e-05,9.79836e-05,9.81311e-05,9.82794e-05,9.84287e-05,9.85787e-05,9.87295e-05,9.8881e-05,9.90333e-05,9.91861e-05,9.93396e-05,9.94937e-05,9.96484e-05,9.98035e-05,9.99592e-05,0.000100115,0.000100272,0.000100429,0.000100586,0.000100744,0.000100902,0.000101061,0.00010122,0.000101379
0.000317909,0.000288671,0.000260447,0.000233487,0.000208177,0.000185138,0.000165107,0.000148659,0.00013593,0.000126467,0.000119539,0.000114439,0.000110619,0.000107695,0.000105408,0.000103584,0.000102103,0.000100884,9.9868e-05,9.90135e-05,9.8289e-05,9.7671e-05,9.71414e-05,9.66861e-05,9.62938e-05,9.59557e-05,9.56643e-05,9.54137e-05,9.51989e-05,9.50156e-05,9.48603e-05,9.47301e-05,9.46222e-05,9.45345e-05,9.4465e-05,9.44121e-05,9.43741e-05,9.43498e-05,9.43381e-05,9.43379e-05,9.43482e-05,9.43682e-05,9.43972e-05,9.44346e-05,9.44796e-05,9.45317e-05,9.45905e-05,9.46555e-05,9.47262e-05,9.48023e-05,9.48834e-05,9.49693e-05,9.50595e-05,9.51538e-05,9.5252e-05,9.53538e-05,9.54591e-05,9.55675e-05,9.5679e-05,9.57934e-05,9.59104e-05,9.60299e-05,9.61519e-05,9.62761e-05,9.64024e-05,9.65307e-05,9.6661e-05,9.6793e-05,9.69268e-05,9.70622e-05,9.71991e-05,9.73375e-05,9.74772e-05,9.76182e-05,9.77605e-05,9.79039e-05,9.80485e-05,9.81941e-05,9.83407e-05,9.84882e-05,9.86366e-05,9.87859e-05,9.8936e-05,9.90869e-05,9.92385e-05,9.93908e-05,9.95437e-05,9.96973e-05,9.98514e-05,0.000100006,0.000100161,0.000100317,0.000100473,0.00010063,0.000100787,0.000100944,0.000101102,0.00010126,0.000101419,0.000101578,0.000101737
0.000319205,0.000290063,0.000261945,0.000235092,0.000209876,0.000186886,0.000166827,0.000150262,0.000137348,0.000127684,0.000120575,0.000115328,0.000111395,0.000108385,0.000106032,0.000104158,0.000102638,0.000101388,0.000100348,9.94738e-05,9.87333e-05,9.81021e-05,9.75615e-05,9.7097e-05,9.66969e-05,9.63522e-05,9.60552e-05,9.57997e-05,9.55807e-05,9.53938e-05,9.52354e-05,9.51024e-05,9.49922e-05,9.49024e-05,9.4831e-05,9.47764e-05,9.4737e-05,9.47115e-05,9.46987e-05,9.46975e-05,9.47069e-05,9.47262e-05,9.47546e-05,9.47913e-05,9.48358e-05,9.48875e-05,9.49459e-05,9.50106e-05,9.5081e-05,9.51568e-05,9.52377e-05,9.53234e-05,9.54134e-05,9.55076e-05,9.56058e-05,9.57075e-05,9.58127e-05,9.59211e-05,9.60326e-05,9.61469e-05,9.62639e-05,9.63835e-05,9.65055e-05,9.66297e-05,9.67561e-05,9.68844e-05,9.70147e-05,9.71469e-05,9.72807e-05,9.74161e-05,9.75531e-05,9.76915e-05,9.78313e-05,9.79724e-05,9.81148e-05,9.82583e-05,9.84029e-05,9.85486e-05,9.86953e-05,9.88429e-05,9.89914e-05,9.91408e-05,9.9291e-05,9.94419e-05,9.95936e-05,9.97459e-05,9.98989e-05,0.000100053,0.000100207,0.000100361,0.000100517,0.000100673,0.000100829,0.000100985,0.000101143,0.0001013,0.000101458,0.000101616,0.000101775,0.000101934,0.000102093
0.000320493,0.000291444,0.000263428,0.00023668,0.000211555,0.000188613,0.000168531,0.000151856,0.000138767,0.000128908,0.000121619,0.000116225,0.000112176,0.000109079,0.000106659,0.000104733,0.000103174,0.000101893,0.000100827,9.99332e-05,9.91762e-05,9.85315e-05,9.79797e-05,9.75058e-05,9.70978e-05,9.67464e-05,9.64436e-05,9.61832e-05,9.596e-05,9.57694e-05,9.56078e-05,9.5472e-05,9.53593e-05,9.52674e-05,9.51942e-05,9.51379e-05,9.50971e-05,9.50703e-05,9.50564e-05,9.50542e-05,9.50628e-05,9.50813e-05,9.5109e-05,9.51452e-05,9.51892e-05,9.52405e-05,9.52985e-05,9.53628e-05,9.54329e-05,9.55086e-05,9.55893e-05,9.56747e-05,9.57646e-05,9.58587e-05,9.59568e-05,9.60585e-05,9.61636e-05,9.6272e-05,9.63834e-05,9.64978e-05,9.66148e-05,9.67344e-05,9.68564e-05,9.69807e-05,9.71071e-05,9.72355e-05,9.73659e-05,9.74981e-05,9.7632e-05,9.77675e-05,9.79046e-05,9.80431e-05,9.8183e-05,9.83242e-05,9.84666e-05,9.86102e-05,9.87549e-05,9.89007e-05,9.90475e-05,9.91952e-05,9.93438e-05,9.94932e-05,9.96435e-05,9.97945e-05,9.99463e-05,0.000100099,0.000100252,0.000100405,0.00010056,0.000100715,0.00010087,0.000101026,0.000101182,0.000101339,0.000101496,0.000101654,0.000101811,0.00010197,0.000102128,0.000102287,0.000102447
0.000321771,0.000292813,0.000264897,0.00023825,0.000213214,0.00019032,0.000170219,0.000153443,0.000140185,0.000130136,0.00012267,0.000117128,0.000112964,0.000109777,0.000107289,0.000105311,0.00010371,0.000102397,0.000101306,0.000100392,9.96179e-05,9.89594e-05,9.83961e-05,9.79126e-05,9.74966e-05,9.71382e-05,9.68296e-05,9.65642e-05,9.63366e-05,9.61423e-05,9.59774e-05,9.58388e-05,9.57237e-05,9.56296e-05,9.55545e-05,9.54967e-05,9.54544e-05,9.54263e-05,9.54113e-05,9.54081e-05,9.54158e-05,9.54336e-05,9.54607e-05,9.54962e-05,9.55397e-05,9.55906e-05,9.56482e-05,9.57122e-05,9.57821e-05,9.58575e-05,9.5938e-05,9.60233e-05,9.61131e-05,9.62071e-05,9.63051e-05,9.64067e-05,9.65118e-05,9.66202e-05,9.67316e-05,9.6846e-05,9.6963e-05,9.70827e-05,9.72047e-05,9.73291e-05,9.74555e-05,9.75841e-05,9.77145e-05,9.78468e-05,9.79808e-05,9.81164e-05,9.82535e-05,9.83921e-05,9.85321e-05,9.86734e-05,9.8816e-05,9.89597e-05,9.91045e-05,9.92503e-05,9.93972e-05,9.9545e-05,9.96937e-05,9.98433e-05,9.99936e-05,0.000100145,0.000100297,0.000100449,0.000100602,0.000100756,0.00010091,0.000101065,0.000101221,0.000101377,0.000101533,0.00010169,0.000101847,0.000102005,0.000102163,0.000102321,0.00010248,0.000102639,0.000102798
0.000323041,0.000294172,0.000266352,0.000239803,0.000214854,0.000192008,0.000171891,0.000155021,0.000141604,0.00013137,0.000123729,0.000118039,0.000113757,0.00011048,0.000107923,0.00010589,0.000104248,0.000102902,0.000101785,0.000100849,0.000100058,9.93857e-05,9.88107e-05,9.83174e-05,9.78932e-05,9.75278e-05,9.72132e-05,9.69427e-05,9.67107e-05,9.65126e-05,9.63445e-05,9.6203e-05,9.60854e-05,9.59891e-05,9.59121e-05,9.58526e-05,9.58089e-05,9.57795e-05,9.57633e-05,9.57592e-05,9.57661e-05,9.57831e-05,9.58095e-05,9.58445e-05,9.58875e-05,9.59379e-05,9.59952e-05,9.60589e-05,9.61285e-05,9.62037e-05,9.6284e-05,9.63692e-05,9.64589e-05,9.65528e-05,9.66507e-05,9.67523e-05,9.68574e-05,9.69657e-05,9.70772e-05,9.71916e-05,9.73087e-05,9.74283e-05,9.75505e-05,9.76749e-05,9.78014e-05,9.793e-05,9.80606e-05,9.81929e-05,9.8327e-05,9.84627e-05,9.86e-05,9.87387e-05,9.88788e-05,9.90202e-05,9.91629e-05,9.93067e-05,9.94516e-05,9.95976e-05,9.97446e-05,9.98925e-05,0.000100041,0.000100191,0.000100341,0.000100493,0.000100645,0.000100797,0.000100951,0.000101104,0.000101259,0.000101414,0.000101569,0.000101725,0.000101882,0.000102039,0.000102196,0.000102354,0.000102512,0.00010267,0.000102829,0.000102988,0.000103148
0.000324303,0.00029552,0.000267794,0.00024134,0.000216475,0.000193677,0.000173548,0.00015659,0.000143021,0.000132607,0.000124793,0.000118956,0.000114556,0.000111187,0.000108559,0.000106472,0.000104787,0.000103407,0.000102264,0.000101306,0.000100498,9.98107e-05,9.92237e-05,9.87204e-05,9.82877e-05,9.79152e-05,9.75946e-05,9.73189e-05,9.70824e-05,9.68804e-05,9.67089e-05,9.65646e-05,9.64444e-05,9.63459e-05,9.6267e-05,9.62058e-05,9.61606e-05,9.613e-05,9.61127e-05,9.61075e-05,9.61135e-05,9.61298e-05,9.61556e-05,9.619e-05,9.62325e-05,9.62825e-05,9.63395e-05,9.64028e-05,9.64722e-05,9.65472e-05,9.66273e-05,9.67123e-05,9.68019e-05,9.68958e-05,9.69936e-05,9.70952e-05,9.72002e-05,9.73086e-05,9.74201e-05,9.75345e-05,9.76517e-05,9.77714e-05,9.78936e-05,9.80181e-05,9.81447e-05,9.82735e-05,9.84041e-05,9.85366e-05,9.86708e-05,9.88066e-05,9.8944e-05,9.90828e-05,9.9223e-05,9.93646e-05,9.95073e-05,9.96513e-05,9.97963e-05,9.99424e-05,0.00010009,0.000100238,0.000100387,0.000100536,0.000100687,0.000100838,0.00010099,0.000101143,0.000101296,0.00010145,0.000101605,0.00010176,0.000101916,0.000102072,0.000102229,0.000102386,0.000102543,0.000102701,0.000102859,0.000103017,0.000103176,0.000103335,0.000103495
0.000325556,0.000296858,0.000269223,0.000242862,0.000218078,0.000195328,0.000175189,0.00015815,0.000144436,0.000133849,0.000125865,0.00011988,0.000115361,0.000111899,0.000109199,0.000107056,0.000105327,0.000103913,0.000102742,0.000101763,0.000100936,0.000100234,9.96352e-05,9.91216e-05,9.86803e-05,9.83006e-05,9.79737e-05,9.76927e-05,9.74517e-05,9.72458e-05,9.70709e-05,9.69235e-05,9.68008e-05,9.67001e-05,9.66193e-05,9.65563e-05,9.65096e-05,9.64777e-05,9.64593e-05,9.64531e-05,9.64583e-05,9.64738e-05,9.64989e-05,9.65328e-05,9.65748e-05,9.66244e-05,9.6681e-05,9.67441e-05,9.68132e-05,9.68879e-05,9.69679e-05,9.70528e-05,9.71423e-05,9.72361e-05,9.73339e-05,9.74354e-05,9.75405e-05,9.76489e-05,9.77604e-05,9.78749e-05,9.79921e-05,9.81119e-05,9.82342e-05,9.83588e-05,9.84855e-05,9.86144e-05,9.87451e-05,9.88777e-05,9.9012e-05,9.9148e-05,9.92855e-05,9.94244e-05,9.95648e-05,9.97065e-05,9.98494e-05,9.99935e-05,0.000100139,0.000100285,0.000100432,0.00010058,0.000100729,0.000100879,0.00010103,0.000101182,0.000101334,0.000101487,0.00010164,0.000101794,0.000101949,0.000102104,0.00010226,0.000102416,0.000102573,0.00010273,0.000102888,0.000103045,0.000103204,0.000103362,0.000103521,0.00010368,0.00010384
0.000326802,0.000298186,0.00027064,0.000244368,0.000219663,0.000196961,0.000176815,0.000159701,0.000145849,0.000135093,0.000126942,0.00012081,0.000116172,0.000112615,0.000109842,0.000107642,0.000105869,0.00010442,0.000103221,0.000102219,0.000101374,0.000100657,0.000100045,9.95211e-05,9.9071e-05,9.86838e-05,9.83506e-05,9.80642e-05,9.78186e-05,9.76087e-05,9.74303e-05,9.728e-05,9.71547e-05,9.70517e-05,9.69689e-05,9.69042e-05,9.6856e-05,9.68228e-05,9.68032e-05,9.67961e-05,9.68004e-05,9.68151e-05,9.68396e-05,9.68729e-05,9.69145e-05,9.69636e-05,9.70199e-05,9.70826e-05,9.71515e-05,9.72261e-05,9.73059e-05,9.73907e-05,9.74801e-05,9.75738e-05,9.76715e-05,9.77731e-05,9.78782e-05,9.79866e-05,9.80982e-05,9.82127e-05,9.833e-05,9.84499e-05,9.85723e-05,9.8697e-05,9.88238e-05,9.89528e-05,9.90836e-05,9.92164e-05,9.93508e-05,9.94869e-05,9.96245e-05,9.97637e-05,9.99042e-05,0.000100046,0.000100189,0.000100333,0.000100479,0.000100625,0.000100772,0.000100921,0.00010107,0.00010122,0.000101371,0.000101523,0.000101675,0.000101828,0.000101982,0.000102136,0.000102291,0.000102446,0.000102602,0.000102758,0.000102915,0.000103072,0.00010323,0.000103388,0.000103546,0.000103705,0.000103864,0.000104023,0.000104183
0.00032804,0.000299504,0.000272044,0.000245859,0.000221232,0.000198577,0.000178426,0.000161242,0.00014726,0.00013634,0.000128024,0.000121747,0.000116988,0.000113336,0.000110489,0.000108231,0.000106412,0.000104927,0.000103699,0.000102674,0.00010181,0.000101078,0.000100454,9.99189e-05,9.94598e-05,9.90651e-05,9.87255e-05,9.84335e-05,9.81831e-05,9.79692e-05,9.77873e-05,9.7634e-05,9.7506e-05,9.74007e-05,9.73159e-05,9.72495e-05,9.71998e-05,9.71652e-05,9.71445e-05,9.71363e-05,9.71397e-05,9.71538e-05,9.71775e-05,9.72103e-05,9.72514e-05,9.73002e-05,9.7356e-05,9.74185e-05,9.74872e-05,9.75615e-05,9.76412e-05,9.77259e-05,9.78152e-05,9.79089e-05,9.80066e-05,9.81082e-05,9.82133e-05,9.83218e-05,9.84334e-05,9.8548e-05,9.86654e-05,9.87854e-05,9.89078e-05,9.90326e-05,9.91596e-05,9.92887e-05,9.94197e-05,9.95526e-05,9.96872e-05,9.98234e-05,9.99612e-05,0.0001001,0.000100241,0.000100383,0.000100526,0.000100671,0.000100816,0.000100963,0.00010111,0.000101259,0.000101408,0.000101558,0.000101709,0.000101861,0.000102014,0.000102167,0.000102321,0.000102475,0.00010263,0.000102786,0.000102942,0.000103098,0.000103255,0.000103412,0.00010357,0.000103728,0.000103887,0.000104046,0.000104205,0.000104364,0.000104524
0.000329271,0.000300813,0.000273437,0.000247337,0.000222784,0.000200176,0.000180022,0.000162773,0.000148667,0.000137589,0.000129112,0.00012269,0.00011781,0.000114062,0.000111139,0.000108822,0.000106957,0.000105435,0.000104178,0.000103129,0.000102246,0.000101498,0.000100861,0.000100315,9.98469e-05,9.94444e-05,9.90982e-05,9.88007e-05,9.85455e-05,9.83274e-05,9.81419e-05,9.79855e-05,9.78548e-05,9.77472e-05,9.76604e-05,9.75922e-05,9.75409e-05,9.7505e-05,9.74831e-05,9.7474e-05,9.74765e-05,9.74898e-05,9.75129e-05,9.75451e-05,9.75857e-05,9.76341e-05,9.76896e-05,9.77518e-05,9.78202e-05,9.78944e-05,9.7974e-05,9.80585e-05,9.81478e-05,9.82414e-05,9.83391e-05,9.84407e-05,9.85458e-05,9.86544e-05,9.87661e-05,9.88807e-05,9.89982e-05,9.91183e-05,9.92409e-05,9.93658e-05,9.94929e-05,9.96221e-05,9.97533e-05,9.98863e-05,0.000100021,0.000100157,0.000100295,0.000100435,0.000100576,0.000100718,0.000100861,0.000101006,0.000101151,0.000101298,0.000101446,0.000101595,0.000101744,0.000101895,0.000102046,0.000102198,0.00010235,0.000102504,0.000102658,0.000102812,0.000102967,0.000103123,0.000103279,0.000103436,0.000103593,0.00010375,0.000103908,0.000104067,0.000104225,0.000104384,0.000104543,0.000104703,0.000104863
0.000330494,0.000302112,0.000274818,0.0002488,0.000224321,0.000201759,0.000181604,0.000164295,0.00015007,0.00013884,0.000130204,0.000123638,0.000118638,0.000114793,0.000111793,0.000109416,0.000107503,0.000105944,0.000104657,0.000103584,0.000102682,0.000101917,0.000101267,0.00010071,0.000100232,9.98219e-05,9.9469e-05,9.91657e-05,9.89056e-05,9.86833e-05,9.84942e-05,9.83346e-05,9.82012e-05,9.80912e-05,9.80023e-05,9.79324e-05,9.78795e-05,9.78423e-05,9.78192e-05,9.7809e-05,9.78107e-05,9.78232e-05,9.78457e-05,9.78773e-05,9.79174e-05,9.79654e-05,9.80206e-05,9.80825e-05,9.81507e-05,9.82247e-05,9.83041e-05,9.83886e-05,9.84778e-05,9.85714e-05,9.86691e-05,9.87707e-05,9.88759e-05,9.89844e-05,9.90962e-05,9.9211e-05,9.93285e-05,9.94488e-05,9.95715e-05,9.96965e-05,9.98238e-05,9.99532e-05,0.000100084,0.000100218,0.000100353,0.000100489,0.000100627,0.000100767,0.000100908,0.00010105,0.000101194,0.000101339,0.000101484,0.000101631,0.000101779,0.000101928,0.000102078,0.000102228,0.00010238,0.000102532,0.000102685,0.000102838,0.000102992,0.000103147,0.000103302,0.000103458,0.000103614,0.000103771,0.000103929,0.000104086,0.000104244,0.000104403,0.000104561,0.000104721,0.00010488,0.00010504,0.0001052
0.000331709,0.000303402,0.000276188,0.00025025,0.000225842,0.000203326,0.000183171,0.000165806,0.00015147,0.000140091,0.000131301,0.000124592,0.000119471,0.000115528,0.00011245,0.000110012,0.000108052,0.000106454,0.000105137,0.000104039,0.000103117,0.000102336,0.000101671,0.000101103,0.000100616,0.000100198,9.98379e-05,9.95288e-05,9.92636e-05,9.9037e-05,9.88442e-05,9.86814e-05,9.85452e-05,9.84328e-05,9.83418e-05,9.82701e-05,9.82157e-05,9.8177e-05,9.81528e-05,9.81415e-05,9.81423e-05,9.8154e-05,9.81758e-05,9.82069e-05,9.82466e-05,9.82941e-05,9.8349e-05,9.84107e-05,9.84786e-05,9.85525e-05,9.86318e-05,9.87161e-05,9.88053e-05,9.88988e-05,9.89965e-05,9.90981e-05,9.92034e-05,9.9312e-05,9.94239e-05,9.95387e-05,9.96564e-05,9.97768e-05,9.98996e-05,0.000100025,0.000100152,0.000100282,0.000100413,0.000100547,0.000100682,0.000100818,0.000100957,0.000101097,0.000101238,0.00010138,0.000101524,0.000101669,0.000101815,0.000101962,0.00010211,0.000102259,0.000102409,0.00010256,0.000102712,0.000102864,0.000103017,0.000103171,0.000103325,0.00010348,0.000103635,0.000103791,0.000103948,0.000104105,0.000104262,0.00010442,0.000104578,0.000104737,0.000104896,0.000105055,0.000105214,0.000105374,0.000105534
0.000332918,0.000304684,0.000277547,0.000251687,0.000227348,0.000204878,0.000184725,0.000167308,0.000152864,0.000141344,0.000132402,0.000125552,0.00012031,0.000116268,0.000113112,0.000110611,0.000108602,0.000106966,0.000105617,0.000104494,0.000103551,0.000102753,0.000102075,0.000101495,0.000100998,0.000100572,0.000100205,9.98898e-05,9.96196e-05,9.93885e-05,9.9192e-05,9.90259e-05,9.88869e-05,9.87721e-05,9.86789e-05,9.86053e-05,9.85493e-05,9.85093e-05,9.84838e-05,9.84715e-05,9.84714e-05,9.84824e-05,9.85035e-05,9.8534e-05,9.85732e-05,9.86203e-05,9.86749e-05,9.87363e-05,9.8804e-05,9.88777e-05,9.89568e-05,9.90411e-05,9.91302e-05,9.92238e-05,9.93215e-05,9.94231e-05,9.95284e-05,9.96371e-05,9.97491e-05,9.98641e-05,9.99819e-05,0.000100102,0.000100225,0.000100351,0.000100478,0.000100608,0.00010074,0.000100873,0.000101008,0.000101145,0.000101284,0.000101424,0.000101565,0.000101708,0.000101852,0.000101997,0.000102143,0.000102291,0.000102439,0.000102588,0.000102738,0.000102889,0.000103041,0.000103194,0.000103347,0.000103501,0.000103655,0.00010381,0.000103966,0.000104122,0.000104279,0.000104436,0.000104593,0.000104751,0.00010491,0.000105069,0.000105228,0.000105387,0.000105547,0.000105707,0.000105867
0.00033412,0.000305957,0.000278896,0.000253111,0.00022884,0.000206414,0.000186265,0.000168799,0.000154255,0.000142597,0.000133506,0.000126517,0.000121154,0.000117013,0.000113777,0.000111214,0.000109154,0.000107478,0.000106098,0.000104949,0.000103985,0.00010317,0.000102477,0.000101886,0.000101379,0.000100944,0.00010057,0.000100249,9.99734e-05,9.97379e-05,9.95375e-05,9.93681e-05,9.92263e-05,9.91089e-05,9.90136e-05,9.89381e-05,9.88805e-05,9.88391e-05,9.88124e-05,9.87991e-05,9.8798e-05,9.88082e-05,9.88287e-05,9.88586e-05,9.88973e-05,9.8944e-05,9.89982e-05,9.90594e-05,9.91269e-05,9.92004e-05,9.92794e-05,9.93637e-05,9.94527e-05,9.95462e-05,9.9644e-05,9.97456e-05,9.9851e-05,9.99598e-05,0.000100072,0.000100187,0.000100305,0.000100426,0.000100549,0.000100674,0.000100802,0.000100932,0.000101064,0.000101197,0.000101333,0.00010147,0.000101609,0.000101749,0.000101891,0.000102034,0.000102178,0.000102323,0.00010247,0.000102617,0.000102766,0.000102915,0.000103065,0.000103216,0.000103368,0.000103521,0.000103675,0.000103829,0.000103983,0.000104139,0.000104294,0.000104451,0.000104608,0.000104765,0.000104923,0.000105081,0.000105239,0.000105398,0.000105558,0.000105717,0.000105877,0.000106037,0.000106198
0.000335315,0.000307221,0.000280234,0.000254522,0.000230318,0.000207936,0.000187792,0.000170281,0.00015564,0.00014385,0.000134614,0.000127486,0.000122003,0.000117762,0.000114446,0.000111819,0.000109709,0.000107992,0.000106579,0.000105404,0.000104419,0.000103586,0.000102879,0.000102275,0.000101758,0.000101315,0.000100933,0.000100606,0.000100325,0.000100085,9.9881e-05,9.97082e-05,9.95634e-05,9.94435e-05,9.9346e-05,9.92686e-05,9.92093e-05,9.91665e-05,9.91385e-05,9.91241e-05,9.91222e-05,9.91315e-05,9.91513e-05,9.91807e-05,9.92189e-05,9.92652e-05,9.93191e-05,9.938e-05,9.94473e-05,9.95206e-05,9.95996e-05,9.96837e-05,9.97727e-05,9.98662e-05,9.9964e-05,0.000100066,0.000100171,0.00010028,0.000100392,0.000100507,0.000100626,0.000100746,0.00010087,0.000100995,0.000101123,0.000101253,0.000101385,0.000101519,0.000101655,0.000101792,0.000101931,0.000102072,0.000102214,0.000102357,0.000102501,0.000102647,0.000102793,0.000102941,0.00010309,0.000103239,0.00010339,0.000103541,0.000103694,0.000103847,0.000104,0.000104154,0.000104309,0.000104465,0.000104621,0.000104777,0.000104934,0.000105092,0.00010525,0.000105408,0.000105567,0.000105726,0.000105886,0.000106045,0.000106205,0.000106366,0.000106526
0.000336503,0.000308477,0.000281562,0.000255922,0.000231782,0.000209443,0.000189305,0.000171752,0.00015702,0.000145102,0.000135725,0.000128461,0.000122857,0.000118516,0.000115119,0.000112427,0.000110265,0.000108507,0.000107061,0.000105859,0.000104852,0.000104002,0.00010328,0.000102664,0.000102136,0.000101684,0.000101295,0.000100961,0.000100675,0.000100431,0.000100222,0.000100046,9.98983e-05,9.97758e-05,9.96761e-05,9.95968e-05,9.95358e-05,9.94915e-05,9.94623e-05,9.94468e-05,9.94439e-05,9.94525e-05,9.94716e-05,9.95004e-05,9.95381e-05,9.9584e-05,9.96376e-05,9.96981e-05,9.97653e-05,9.98384e-05,9.99173e-05,0.000100001,0.00010009,0.000100184,0.000100282,0.000100383,0.000100489,0.000100598,0.00010071,0.000100826,0.000100944,0.000101065,0.000101188,0.000101314,0.000101442,0.000101572,0.000101705,0.000101839,0.000101975,0.000102112,0.000102252,0.000102392,0.000102534,0.000102678,0.000102822,0.000102968,0.000103115,0.000103263,0.000103412,0.000103562,0.000103713,0.000103864,0.000104017,0.00010417,0.000104324,0.000104478,0.000104633,0.000104789,0.000104945,0.000105102,0.000105259,0.000105417,0.000105575,0.000105734,0.000105893,0.000106052,0.000106211,0.000106371,0.000106532,0.000106692,0.000106853
0.000337685,0.000309725,0.00028288,0.00025731,0.000233232,0.000210937,0.000190806,0.000173214,0.000158395,0.000146353,0.000136838,0.000129439,0.000123716,0.000119275,0.000115796,0.000113038,0.000110824,0.000109024,0.000107544,0.000106315,0.000105285,0.000104417,0.000103679,0.000103051,0.000102513,0.000102051,0.000101655,0.000101315,0.000101023,0.000100774,0.000100562,0.000100382,0.000100231,0.000100106,0.000100004,9.99226e-05,9.98599e-05,9.98141e-05,9.97836e-05,9.97671e-05,9.97632e-05,9.9771e-05,9.97894e-05,9.98176e-05,9.98548e-05,9.99004e-05,9.99536e-05,0.000100014,0.000100081,0.000100154,0.000100233,0.000100317,0.000100405,0.000100499,0.000100597,0.000100699,0.000100804,0.000100913,0.000101026,0.000101141,0.00010126,0.000101381,0.000101504,0.00010163,0.000101759,0.000101889,0.000102022,0.000102156,0.000102292,0.00010243,0.000102569,0.00010271,0.000102853,0.000102996,0.000103141,0.000103287,0.000103434,0.000103583,0.000103732,0.000103882,0.000104033,0.000104185,0.000104337,0.000104491,0.000104645,0.0001048,0.000104955,0.000105111,0.000105267,0.000105424,0.000105582,0.00010574,0.000105898,0.000106057,0.000106216,0.000106375,0.000106535,0.000106695,0.000106856,0.000107017,0.000107177
0.00033886,0.000310965,0.000284189,0.000258687,0.00023467,0.000212417,0.000192294,0.000174666,0.000159764,0.000147603,0.000137953,0.000130422,0.00012458,0.000120038,0.000116476,0.000113652,0.000111385,0.000109542,0.000108028,0.000106771,0.000105719,0.000104831,0.000104079,0.000103437,0.000102888,0.000102418,0.000102014,0.000101667,0.00010137,0.000101115,0.000100899,0.000100716,0.000100562,0.000100434,0.00010033,0.000100246,0.000100182,0.000100135,0.000100103,0.000100085,0.00010008,0.000100087,0.000100105,0.000100132,0.000100169,0.000100214,0.000100267,0.000100327,0.000100394,0.000100467,0.000100545,0.000100629,0.000100718,0.000100812,0.00010091,0.000101012,0.000101117,0.000101226,0.000101339,0.000101455,0.000101573,0.000101694,0.000101818,0.000101945,0.000102073,0.000102204,0.000102337,0.000102471,0.000102607,0.000102746,0.000102885,0.000103026,0.000103169,0.000103313,0.000103458,0.000103604,0.000103752,0.0001039,0.000104049,0.0001042,0.000104351,0.000104503,0.000104656,0.00010481,0.000104964,0.000105119,0.000105275,0.000105431,0.000105587,0.000105745,0.000105902,0.000106061,0.000106219,0.000106378,0.000106537,0.000106697,0.000106857,0.000107017,0.000107178,0.000107339,0.0001075
0.000340029,0.000312198,0.000285488,0.000260053,0.000236095,0.000213884,0.00019377,0.000176107,0.000161127,0.000148852,0.000139071,0.000131409,0.000125449,0.000120806,0.000117161,0.00011427,0.000111948,0.000110062,0.000108513,0.000107228,0.000106152,0.000105246,0.000104477,0.000103822,0.000103262,0.000102782,0.000102371,0.000102017,0.000101714,0.000101455,0.000101234,0.000101047,0.00010089,0.00010076,0.000100653,0.000100568,0.000100501,0.000100453,0.000100419,0.000100401,0.000100395,0.000100401,0.000100418,0.000100445,0.000100481,0.000100526,0.000100578,0.000100638,0.000100705,0.000100777,0.000100856,0.00010094,0.000101029,0.000101122,0.00010122,0.000101322,0.000101428,0.000101537,0.00010165,0.000101766,0.000101884,0.000102006,0.00010213,0.000102256,0.000102385,0.000102516,0.000102649,0.000102784,0.00010292,0.000103059,0.000103199,0.00010334,0.000103483,0.000103627,0.000103772,0.000103919,0.000104067,0.000104215,0.000104365,0.000104516,0.000104667,0.000104819,0.000104973,0.000105126,0.000105281,0.000105436,0.000105592,0.000105748,0.000105905,0.000106063,0.000106221,0.000106379,0.000106538,0.000106697,0.000106857,0.000107017,0.000107177,0.000107338,0.000107498,0.000107659,0.000107821
0.000341192,0.000313423,0.000286778,0.000261407,0.000237508,0.000215338,0.000195233,0.000177539,0.000162484,0.000150099,0.00014019,0.0001324,0.000126322,0.000121578,0.00011785,0.00011489,0.000112514,0.000110584,0.000108999,0.000107685,0.000106586,0.00010566,0.000104875,0.000104207,0.000103635,0.000103146,0.000102726,0.000102366,0.000102057,0.000101793,0.000101568,0.000101377,0.000101217,0.000101083,0.000100974,0.000100887,0.000100819,0.000100768,0.000100734,0.000100714,0.000100707,0.000100712,0.000100729,0.000100755,0.000100791,0.000100835,0.000100887,0.000100947,0.000101013,0.000101086,0.000101164,0.000101248,0.000101337,0.00010143,0.000101528,0.00010163,0.000101736,0.000101846,0.000101958,0.000102074,0.000102193,0.000102315,0.000102439,0.000102566,0.000102695,0.000102826,0.000102959,0.000103094,0.000103231,0.00010337,0.00010351,0.000103652,0.000103795,0.000103939,0.000104085,0.000104231,0.000104379,0.000104528,0.000104678,0.000104829,0.000104981,0.000105134,0.000105287,0.000105441,0.000105596,0.000105751,0.000105908,0.000106064,0.000106221,0.000106379,0.000106537,0.000106696,0.000106855,0.000107014,0.000107174,0.000107334,0.000107495,0.000107656,0.000107817,0.000107978,0.000108139
0.000342349,0.00031464,0.00028806,0.000262752,0.000238909,0.000216779,0.000196685,0.000178962,0.000163835,0.000151344,0.00014131,0.000133393,0.000127199,0.000122354,0.000118542,0.000115514,0.000113082,0.000111107,0.000109486,0.000108142,0.000107019,0.000106073,0.000105272,0.00010459,0.000104007,0.000103508,0.00010308,0.000102713,0.000102398,0.000102129,0.000101899,0.000101705,0.000101541,0.000101405,0.000101293,0.000101204,0.000101134,0.000101082,0.000101046,0.000101025,0.000101017,0.000101022,0.000101037,0.000101063,0.000101098,0.000101142,0.000101194,0.000101253,0.000101319,0.000101392,0.00010147,0.000101554,0.000101643,0.000101736,0.000101834,0.000101936,0.000102042,0.000102152,0.000102265,0.000102381,0.0001025,0.000102622,0.000102746,0.000102873,0.000103002,0.000103134,0.000103267,0.000103403,0.00010354,0.000103679,0.000103819,0.000103961,0.000104104,0.000104249,0.000104395,0.000104542,0.00010469,0.000104839,0.00010499,0.000105141,0.000105293,0.000105446,0.000105599,0.000105754,0.000105909,0.000106065,0.000106221,0.000106378,0.000106535,0.000106693,0.000106852,0.000107011,0.00010717,0.00010733,0.00010749,0.00010765,0.000107811,0.000107972,0.000108133,0.000108294,0.000108456
0.0003435,0.000315851,0.000289332,0.000264086,0.000240298,0.000218208,0.000198125,0.000180374,0.00016518,0.000152587,0.000142431,0.000134391,0.000128081,0.000123135,0.000119238,0.000116141,0.000113653,0.000111633,0.000109975,0.000108601,0.000107453,0.000106487,0.000105669,0.000104973,0.000104379,0.00010387,0.000103433,0.000103059,0.000102738,0.000102463,0.000102229,0.000102031,0.000101864,0.000101725,0.000101611,0.000101519,0.000101447,0.000101394,0.000101356,0.000101334,0.000101325,0.000101329,0.000101344,0.000101369,0.000101403,0.000101447,0.000101498,0.000101557,0.000101623,0.000101695,0.000101774,0.000101857,0.000101946,0.00010204,0.000102138,0.00010224,0.000102346,0.000102456,0.000102569,0.000102685,0.000102804,0.000102926,0.000103051,0.000103178,0.000103308,0.000103439,0.000103573,0.000103709,0.000103846,0.000103985,0.000104126,0.000104268,0.000104412,0.000104557,0.000104703,0.00010485,0.000104999,0.000105148,0.000105299,0.00010545,0.000105603,0.000105756,0.00010591,0.000106064,0.00010622,0.000106376,0.000106532,0.000106689,0.000106847,0.000107005,0.000107164,0.000107323,0.000107483,0.000107643,0.000107803,0.000107964,0.000108125,0.000108286,0.000108447,0.000108609,0.000108771
0.000344646,0.000317054,0.000290596,0.00026541,0.000241676,0.000219625,0.000199553,0.000181778,0.000166518,0.000153827,0.000143553,0.000135391,0.000128967,0.00012392,0.000119938,0.000116771,0.000114227,0.00011216,0.000110464,0.00010906,0.000107887,0.000106901,0.000106065,0.000105355,0.000104749,0.00010423,0.000103785,0.000103403,0.000103076,0.000102796,0.000102557,0.000102355,0.000102184,0.000102042,0.000101926,0.000101832,0.000101758,0.000101703,0.000101664,0.000101641,0.000101631,0.000101634,0.000101648,0.000101672,0.000101706,0.000101749,0.0001018,0.000101859,0.000101925,0.000101997,0.000102075,0.000102158,0.000102247,0.000102341,0.000102439,0.000102541,0.000102648,0.000102757,0.000102871,0.000102987,0.000103107,0.000103229,0.000103354,0.000103481,0.000103611,0.000103743,0.000103877,0.000104013,0.00010415,0.00010429,0.000104431,0.000104573,0.000104717,0.000104862,0.000105009,0.000105156,0.000105305,0.000105455,0.000105606,0.000105757,0.00010591,0.000106064,0.000106218,0.000106373,0.000106528,0.000106685,0.000106842,0.000106999,0.000107157,0.000107316,0.000107475,0.000107634,0.000107794,0.000107954,0.000108114,0.000108275,0.000108436,0.000108598,0.00010876,0.000108922,0.000109084
0.000345785,0.00031825,0.000291852,0.000266725,0.000243043,0.00022103,0.000200971,0.000183172,0.000167851,0.000155064,0.000144676,0.000136393,0.000129856,0.000124709,0.000120642,0.000117405,0.000114803,0.000112689,0.000110956,0.00010952,0.000108322,0.000107314,0.000106462,0.000105737,0.000105118,0.000104589,0.000104135,0.000103746,0.000103412,0.000103127,0.000102883,0.000102677,0.000102503,0.000102358,0.000102239,0.000102143,0.000102067,0.00010201,0.00010197,0.000101945,0.000101934,0.000101936,0.000101949,0.000101973,0.000102007,0.000102049,0.0001021,0.000102159,0.000102224,0.000102296,0.000102374,0.000102458,0.000102546,0.00010264,0.000102738,0.000102841,0.000102947,0.000103057,0.00010317,0.000103287,0.000103407,0.000103529,0.000103654,0.000103782,0.000103912,0.000104044,0.000104178,0.000104314,0.000104452,0.000104592,0.000104733,0.000104876,0.00010502,0.000105166,0.000105312,0.00010546,0.000105609,0.00010576,0.000105911,0.000106063,0.000106216,0.000106369,0.000106524,0.000106679,0.000106835,0.000106992,0.000107149,0.000107307,0.000107465,0.000107624,0.000107783,0.000107943,0.000108103,0.000108263,0.000108424,0.000108585,0.000108746,0.000108908,0.00010907,0.000109232,0.000109395
0.000346919,0.00031944,0.0002931,0.000268029,0.0002444,0.000222424,0.000202377,0.000184556,0.000169177,0.000156299,0.000145799,0.000137399,0.000130749,0.000125502,0.00012135,0.000118042,0.000115381,0.000113221,0.000111448,0.000109981,0.000108757,0.000107728,0.000106857,0.000106118,0.000105487,0.000104947,0.000104484,0.000104087,0.000103747,0.000103456,0.000103208,0.000102997,0.00010282,0.000102672,0.00010255,0.000102452,0.000102374,0.000102316,0.000102274,0.000102248,0.000102236,0.000102237,0.000102249,0.000102272,0.000102305,0.000102347,0.000102398,0.000102456,0.000102521,0.000102593,0.000102671,0.000102754,0.000102843,0.000102937,0.000103035,0.000103137,0.000103244,0.000103354,0.000103468,0.000103585,0.000103704,0.000103827,0.000103952,0.00010408,0.000104211,0.000104343,0.000104477,0.000104614,0.000104752,0.000104892,0.000105034,0.000105177,0.000105321,0.000105467,0.000105614,0.000105762,0.000105912,0.000106062,0.000106214,0.000106366,0.000106519,0.000106673,0.000106828,0.000106984,0.00010714,0.000107297,0.000107454,0.000107612,0.000107771,0.00010793,0.000108089,0.000108249,0.00010841,0.00010857,0.000108731,0.000108893,0.000109055,0.000109217,0.000109379,0.000109541,0.000109704
0.000348048,0.000320623,0.00029434,0.000269325,0.000245745,0.000223807,0.000203773,0.000185932,0.000170496,0.00015753,0.000146922,0.000138406,0.000131646,0.000126299,0.000122062,0.000118682,0.000115963,0.000113754,0.000111942,0.000110443,0.000109193,0.000108142,0.000107253,0.000106498,0.000105854,0.000105304,0.000104832,0.000104427,0.00010408,0.000103784,0.000103531,0.000103316,0.000103135,0.000102984,0.00010286,0.000102759,0.000102679,0.000102619,0.000102576,0.000102548,0.000102535,0.000102535,0.000102547,0.000102569,0.000102602,0.000102643,0.000102693,0.000102751,0.000102816,0.000102888,0.000102965,0.000103049,0.000103138,0.000103231,0.00010333,0.000103432,0.000103539,0.000103649,0.000103763,0.00010388,0.000104,0.000104123,0.000104249,0.000104377,0.000104507,0.00010464,0.000104775,0.000104911,0.00010505,0.00010519,0.000105332,0.000105475,0.00010562,0.000105766,0.000105914,0.000106062,0.000106212,0.000106363,0.000106514,0.000106667,0.000106821,0.000106975,0.00010713,0.000107286,0.000107443,0.0001076,0.000107757,0.000107916,0.000108075,0.000108234,0.000108394,0.000108554,0.000108715,0.000108876,0.000109037,0.000109199,0.000109361,0.000109523,0.000109685,0.000109848,0.000110011
0.000349171,0.000321799,0.000295572,0.000270612,0.000247081,0.000225178,0.000205158,0.000187298,0.000171809,0.000158758,0.000148044,0.000139415,0.000132546,0.0001271,0.000122777,0.000119325,0.000116547,0.00011429,0.000112438,0.000110906,0.000109629,0.000108556,0.000107649,0.000106878,0.000106221,0.00010566,0.000105179,0.000104766,0.000104413,0.00010411,0.000103852,0.000103633,0.000103449,0.000103294,0.000103167,0.000103064,0.000102982,0.00010292,0.000102875,0.000102847,0.000102832,0.000102831,0.000102842,0.000102864,0.000102896,0.000102937,0.000102987,0.000103044,0.000103109,0.00010318,0.000103258,0.000103341,0.00010343,0.000103524,0.000103622,0.000103725,0.000103832,0.000103942,0.000104056,0.000104173,0.000104293,0.000104417,0.000104542,0.000104671,0.000104802,0.000104935,0.00010507,0.000105207,0.000105345,0.000105486,0.000105628,0.000105772,0.000105917,0.000106063,0.000106211,0.00010636,0.00010651,0.000106661,0.000106813,0.000106966,0.00010712,0.000107275,0.00010743,0.000107586,0.000107743,0.000107901,0.000108059,0.000108217,0.000108377,0.000108536,0.000108696,0.000108857,0.000109018,0.000109179,0.000109341,0.000109503,0.000109665,0.000109827,0.00010999,0.000110153,0.000110316
0.000350288,0.00032297,0.000296796,0.000271889,0.000248407,0.00022654,0.000206532,0.000188655,0.000173115,0.000159983,0.000149166,0.000140427,0.000133449,0.000127905,0.000123496,0.000119972,0.000117134,0.000114827,0.000112936,0.000111371,0.000110066,0.00010897,0.000108044,0.000107258,0.000106588,0.000106015,0.000105524,0.000105104,0.000104744,0.000104435,0.000104172,0.000103949,0.00010376,0.000103603,0.000103473,0.000103367,0.000103283,0.000103219,0.000103173,0.000103143,0.000103128,0.000103126,0.000103136,0.000103157,0.000103188,0.000103229,0.000103278,0.000103335,0.0001034,0.000103471,0.000103548,0.000103632,0.00010372,0.000103814,0.000103913,0.000104015,0.000104122,0.000104233,0.000104347,0.000104464,0.000104585,0.000104708,0.000104834,0.000104963,0.000105094,0.000105227,0.000105362,0.0001055,0.000105639,0.00010578,0.000105922,0.000106066,0.000106212,0.000106358,0.000106507,0.000106656,0.000106806,0.000106958,0.00010711,0.000107263,0.000107417,0.000107572,0.000107728,0.000107885,0.000108042,0.0001082,0.000108358,0.000108517,0.000108677,0.000108837,0.000108997,0.000109158,0.000109319,0.000109481,0.000109643,0.000109805,0.000109967,0.00011013,0.000110293,0.000110456,0.00011062
0.000351401,0.000324133,0.000298013,0.000273158,0.000249722,0.00022789,0.000207897,0.000190004,0.000174415,0.000161204,0.000150287,0.000141439,0.000134355,0.000128713,0.000124218,0.000120622,0.000117724,0.000115367,0.000113435,0.000111836,0.000110503,0.000109384,0.000108439,0.000107637,0.000106954,0.00010637,0.000105869,0.000105441,0.000105073,0.000104759,0.000104491,0.000104263,0.00010407,0.00010391,0.000103777,0.000103668,0.000103583,0.000103517,0.000103469,0.000103437,0.000103421,0.000103418,0.000103427,0.000103447,0.000103478,0.000103518,0.000103567,0.000103624,0.000103688,0.000103759,0.000103837,0.00010392,0.000104009,0.000104102,0.000104201,0.000104304,0.000104411,0.000104521,0.000104636,0.000104753,0.000104874,0.000104998,0.000105124,0.000105253,0.000105384,0.000105518,0.000105653,0.000105791,0.00010593,0.000106072,0.000106214,0.000106359,0.000106504,0.000106652,0.0001068,0.00010695,0.0001071,0.000107252,0.000107405,0.000107558,0.000107713,0.000107868,0.000108024,0.000108181,0.000108339,0.000108497,0.000108656,0.000108815,0.000108975,0.000109135,0.000109296,0.000109457,0.000109618,0.00010978,0.000109942,0.000110105,0.000110268,0.000110431,0.000110594,0.000110758,0.000110921
0.000352508,0.000325291,0.000299223,0.000274419,0.000251029,0.000229231,0.000209252,0.000191344,0.000175708,0.000162421,0.000151408,0.000142453,0.000135264,0.000129524,0.000124945,0.000121275,0.000118316,0.000115909,0.000113935,0.000112303,0.000110942,0.000109799,0.000108835,0.000108016,0.000107319,0.000106723,0.000106213,0.000105776,0.000105402,0.000105081,0.000104808,0.000104575,0.000104379,0.000104215,0.000104079,0.000103968,0.00010388,0.000103812,0.000103763,0.00010373,0.000103712,0.000103708,0.000103716,0.000103736,0.000103766,0.000103806,0.000103854,0.000103911,0.000103975,0.000104045,0.000104123,0.000104206,0.000104295,0.000104388,0.000104487,0.00010459,0.000104697,0.000104808,0.000104922,0.00010504,0.000105161,0.000105285,0.000105412,0.000105541,0.000105672,0.000105806,0.000105942,0.00010608,0.00010622,0.000106361,0.000106504,0.000106649,0.000106795,0.000106943,0.000107091,0.000107241,0.000107392,0.000107544,0.000107697,0.000107851,0.000108006,0.000108162,0.000108318,0.000108476,0.000108634,0.000108792,0.000108951,0.000109111,0.000109271,0.000109431,0.000109592,0.000109754,0.000109916,0.000110078,0.00011024,0.000110403,0.000110566,0.00011073,0.000110893,0.000111057,0.000111221
0.000353611,0.000326443,0.000300426,0.000275671,0.000252326,0.000230562,0.000210597,0.000192675,0.000176995,0.000163635,0.000152527,0.000143469,0.000136175,0.000130339,0.000125674,0.000121932,0.000118911,0.000116454,0.000114438,0.000112771,0.000111381,0.000110215,0.00010923,0.000108395,0.000107684,0.000107077,0.000106556,0.000106111,0.000105729,0.000105402,0.000105123,0.000104886,0.000104686,0.000104518,0.000104379,0.000104266,0.000104176,0.000104106,0.000104055,0.00010402,0.000104001,0.000103996,0.000104004,0.000104022,0.000104052,0.000104091,0.000104139,0.000104195,0.000104259,0.00010433,0.000104407,0.00010449,0.000104579,0.000104673,0.000104771,0.000104874,0.000104981,0.000105092,0.000105207,0.000105325,0.000105446,0.00010557,0.000105697,0.000105827,0.000105959,0.000106093,0.000106229,0.000106367,0.000106507,0.000106649,0.000106792,0.000106937,0.000107084,0.000107232,0.000107381,0.000107531,0.000107682,0.000107835,0.000107988,0.000108143,0.000108298,0.000108454,0.000108611,0.000108768,0.000108926,0.000109085,0.000109245,0.000109405,0.000109565,0.000109726,0.000109887,0.000110049,0.000110211,0.000110374,0.000110537,0.0001107,0.000110863,0.000111027,0.000111191,0.000111355,0.000111519
0.000354708,0.000327589,0.000301621,0.000276916,0.000253614,0.000231883,0.000211932,0.000193998,0.000178275,0.000164845,0.000153645,0.000144485,0.000137089,0.000131157,0.000126407,0.000122592,0.000119509,0.000117001,0.000114942,0.00011324,0.000111821,0.000110631,0.000109626,0.000108774,0.000108049,0.000107429,0.000106899,0.000106444,0.000106055,0.000105722,0.000105437,0.000105196,0.000104991,0.00010482,0.000104678,0.000104562,0.000104469,0.000104398,0.000104345,0.000104309,0.000104289,0.000104282,0.000104289,0.000104307,0.000104336,0.000104374,0.000104422,0.000104478,0.000104541,0.000104612,0.000104689,0.000104772,0.000104861,0.000104954,0.000105053,0.000105156,0.000105264,0.000105375,0.00010549,0.000105608,0.000105729,0.000105854,0.000105981,0.000106111,0.000106243,0.000106377,0.000106514,0.000106652,0.000106793,0.000106935,0.000107078,0.000107224,0.000107371,0.000107519,0.000107668,0.000107819,0.000107971,0.000108123,0.000108277,0.000108432,0.000108587,0.000108744,0.000108901,0.000109059,0.000109217,0.000109376,0.000109536,0.000109697,0.000109857,0.000110019,0.00011018,0.000110342,0.000110505,0.000110668,0.000110831,0.000110994,0.000111158,0.000111322,0.000111486,0.000111651,0.000111815
0.000355801,0.000328728,0.00030281,0.000278152,0.000254893,0.000233194,0.000213258,0.000195312,0.000179549,0.00016605,0.000154762,0.000145502,0.000138005,0.000131979,0.000127143,0.000123255,0.00012011,0.00011755,0.000115448,0.00011371,0.000112262,0.000111047,0.000110022,0.000109153,0.000108413,0.000107781,0.00010724,0.000106777,0.00010638,0.00010604,0.00010575,0.000105504,0.000105295,0.00010512,0.000104975,0.000104856,0.000104761,0.000104688,0.000104633,0.000104596,0.000104574,0.000104567,0.000104572,0.00010459,0.000104618,0.000104656,0.000104703,0.000104759,0.000104822,0.000104892,0.000104969,0.000105052,0.000105141,0.000105234,0.000105333,0.000105436,0.000105544,0.000105655,0.00010577,0.000105889,0.00010601,0.000106135,0.000106262,0.000106392,0.000106525,0.000106659,0.000106796,0.000106935,0.000107076,0.000107218,0.000107363,0.000107508,0.000107655,0.000107804,0.000107954,0.000108105,0.000108257,0.00010841,0.000108564,0.000108719,0.000108875,0.000109032,0.000109189,0.000109347,0.000109506,0.000109666,0.000109826,0.000109987,0.000110148,0.000110309,0.000110471,0.000110634,0.000110797,0.00011096,0.000111123,0.000111287,0.000111451,0.000111615,0.00011178,0.000111945,0.00011211
0.000356889,0.000329863,0.000303992,0.000279381,0.000256163,0.000234497,0.000214575,0.000196619,0.000180816,0.000167252,0.000155877,0.00014652,0.000138923,0.000132803,0.000127883,0.000123921,0.000120714,0.000118101,0.000115957,0.000114182,0.000112704,0.000111464,0.000110418,0.000109532,0.000108777,0.000108132,0.000107581,0.000107109,0.000106704,0.000106358,0.000106062,0.00010581,0.000105598,0.000105419,0.000105271,0.000105149,0.000105052,0.000104976,0.00010492,0.000104881,0.000104858,0.000104849,0.000104854,0.000104871,0.000104898,0.000104935,0.000104982,0.000105037,0.0001051,0.00010517,0.000105247,0.00010533,0.000105419,0.000105512,0.000105611,0.000105715,0.000105822,0.000105934,0.000106049,0.000106167,0.000106289,0.000106414,0.000106542,0.000106672,0.000106805,0.00010694,0.000107077,0.000107216,0.000107357,0.0001075,0.000107645,0.000107791,0.000107938,0.000108087,0.000108237,0.000108388,0.000108541,0.000108694,0.000108849,0.000109004,0.000109161,0.000109318,0.000109476,0.000109634,0.000109794,0.000109953,0.000110114,0.000110275,0.000110436,0.000110598,0.000110761,0.000110923,0.000111087,0.00011125,0.000111414,0.000111578,0.000111742,0.000111907,0.000112072,0.000112237,0.000112402
0.000357972,0.000330991,0.000305168,0.000280602,0.000257425,0.00023579,0.000215882,0.000197917,0.000182077,0.00016845,0.000156991,0.000147538,0.000139844,0.00013363,0.000128626,0.00012459,0.000121321,0.000118655,0.000116467,0.000114656,0.000113147,0.000111882,0.000110815,0.00010991,0.000109141,0.000108483,0.000107921,0.00010744,0.000107027,0.000106674,0.000106372,0.000106116,0.000105899,0.000105716,0.000105565,0.00010544,0.000105341,0.000105263,0.000105205,0.000105164,0.00010514,0.00010513,0.000105134,0.000105149,0.000105176,0.000105213,0.000105259,0.000105314,0.000105377,0.000105447,0.000105523,0.000105606,0.000105694,0.000105788,0.000105887,0.000105991,0.000106098,0.00010621,0.000106325,0.000106444,0.000106566,0.000106691,0.000106819,0.00010695,0.000107083,0.000107218,0.000107356,0.000107495,0.000107637,0.00010778,0.000107925,0.000108071,0.000108219,0.000108368,0.000108519,0.00010867,0.000108823,0.000108977,0.000109132,0.000109288,0.000109444,0.000109602,0.00010976,0.000109919,0.000110079,0.000110239,0.0001104,0.000110561,0.000110723,0.000110885,0.000111048,0.000111211,0.000111375,0.000111539,0.000111703,0.000111867,0.000112032,0.000112197,0.000112362,0.000112527,0.000112693
0.00035905,0.000332115,0.000306337,0.000281816,0.000258679,0.000237074,0.000217181,0.000199207,0.000183332,0.000169643,0.000158103,0.000148556,0.000140766,0.00013446,0.000129372,0.000125262,0.00012193,0.000119212,0.000116979,0.000115131,0.000113592,0.000112301,0.000111212,0.000110289,0.000109504,0.000108834,0.000108261,0.00010777,0.000107349,0.000106989,0.000106681,0.00010642,0.000106198,0.000106012,0.000105857,0.00010573,0.000105628,0.000105548,0.000105488,0.000105446,0.00010542,0.000105409,0.000105412,0.000105426,0.000105453,0.000105489,0.000105535,0.000105589,0.000105651,0.000105721,0.000105797,0.00010588,0.000105968,0.000106062,0.000106161,0.000106265,0.000106373,0.000106484,0.0001066,0.000106719,0.000106841,0.000106967,0.000107095,0.000107226,0.000107359,0.000107495,0.000107633,0.000107772,0.000107914,0.000108058,0.000108203,0.00010835,0.000108498,0.000108647,0.000108798,0.00010895,0.000109104,0.000109258,0.000109413,0.000109569,0.000109726,0.000109884,0.000110043,0.000110202,0.000110362,0.000110523,0.000110684,0.000110846,0.000111008,0.000111171,0.000111334,0.000111497,0.000111661,0.000111825,0.00011199,0.000112155,0.00011232,0.000112485,0.00011265,0.000112816,0.000112982
