N2 Thermal Conductivity [W/m_K] CoolProp
0.499626,0.0261875,0.0228606,0.0213134,0.0204163,0.0198464,0.0194695,0.0192178,0.0190529,0.0189509,0.0188962,0.018878,0.0188886,0.0189224,0.018975,0.0190433,0.0191246,0.0192169,0.0193186,0.0194284,0.019545,0.0196677,0.0197957,0.0199282,0.0200648,0.0202049,0.0203482,0.0204943,0.0206429,0.0207937,0.0209465,0.021101,0.0212571,0.0214147,0.0215735,0.0217334,0.0218944,0.0220562,0.0222189,0.0223822,0.0225462,0.0227107,0.0228756,0.023041,0.0232067,0.0233727,0.0235389,0.0237052,0.0238714,0.0240373,0.0242,0.024369,0.0245379,0.0247069,0.0248758,0.0250447,0.0252135,0.0253822,0.0255508,0.0257194,0.0258878,0.026056,0.0262242,0.0263922,0.02656,0.0267276,0.0268951,0.0270624,0.0272294,0.0273963,0.027563,0.0277295,0.0278957,0.0280618,0.0282276,0.0283931,0.0285585,0.0287235,0.0288884,0.029053,0.0292174,0.0293815,0.0295453,0.0297089,0.0298723,0.0300354,0.0301982,0.0303607,0.030523,0.0306851,0.0308469,0.0310084,0.0311696,0.0313306,0.0314913,0.0316517,0.0318119,0.0319718,0.0321314,0.0322907,0.0324498
0.0547813,0.0279176,0.0236627,0.0218375,0.0208076,0.0201603,0.0197327,0.0194454,0.019254,0.0191315,0.0190606,0.0190291,0.0190287,0.0190532,0.0190979,0.0191593,0.0192345,0.0193215,0.0194185,0.019524,0.0196368,0.019756,0.0198807,0.0200103,0.0201442,0.0202818,0.0204228,0.0205667,0.0207133,0.0208622,0.0210132,0.021166,0.0213206,0.0214766,0.021634,0.0217926,0.0219522,0.0221128,0.0222743,0.0224365,0.0225994,0.0227628,0.0229268,0.0230912,0.023256,0.0234211,0.0235864,0.0237518,0.0239172,0.0240823,0.0242441,0.0244124,0.0245807,0.024749,0.0249174,0.0250856,0.0252539,0.0254221,0.0255902,0.0257582,0.0259261,0.0260938,0.0262615,0.026429,0.0265964,0.0267636,0.0269306,0.0270975,0.0272641,0.0274306,0.0275969,0.027763,0.0279288,0.0280945,0.0282599,0.0284251,0.0285901,0.0287549,0.0289194,0.0290837,0.0292477,0.0294115,0.0295751,0.0297384,0.0299014,0.0300642,0.0302267,0.030389,0.0305511,0.0307128,0.0308743,0.0310356,0.0311966,0.0313573,0.0315177,0.0316779,0.0318379,0.0319975,0.0321569,0.0323161,0.0324749
0.0534516,0.0301533,0.0245668,0.0224043,0.0212225,0.0204891,0.0200062,0.0196804,0.0194607,0.0193166,0.0192285,0.0191832,0.0191713,0.0191861,0.0192226,0.0192769,0.0193459,0.0194275,0.0195195,0.0196207,0.0197295,0.0198451,0.0199666,0.0200932,0.0202243,0.0203594,0.020498,0.0206397,0.0207842,0.0209312,0.0210804,0.0212315,0.0213844,0.0215389,0.0216949,0.0218521,0.0220104,0.0221698,0.02233,0.0224911,0.0226529,0.0228153,0.0229783,0.0231417,0.0233055,0.0234697,0.0236342,0.0237987,0.0239633,0.0241276,0.0242884,0.024456,0.0246237,0.0247914,0.0249591,0.0251268,0.0252945,0.0254621,0.0256297,0.0257972,0.0259645,0.0261318,0.026299,0.026466,0.0266329,0.0267997,0.0269663,0.0271327,0.027299,0.027465,0.0276309,0.0277966,0.0279621,0.0281274,0.0282924,0.0284573,0.0286219,0.0287863,0.0289505,0.0291145,0.0292782,0.0294417,0.0296049,0.0297679,0.0299307,0.0300932,0.0302554,0.0304174,0.0305792,0.0307407,0.0309019,0.0310629,0.0312237,0.0313841,0.0315443,0.0317043,0.031864,0.0320234,0.0321826,0.0323415,0.0325001
0.0532069,0.0331995,0.025595,0.0230195,0.0216629,0.0208337,0.0202905,0.0199232,0.0196733,0.0195063,0.0194002,0.0193404,0.0193165,0.0193213,0.0193492,0.0193961,0.0194588,0.0195347,0.0196218,0.0197184,0.0198232,0.0199352,0.0200533,0.0201768,0.0203051,0.0204376,0.0205738,0.0207133,0.0208557,0.0210007,0.021148,0.0212974,0.0214487,0.0216017,0.0217561,0.0219119,0.022069,0.022227,0.0223861,0.022546,0.0227067,0.022868,0.02303,0.0231924,0.0233554,0.0235186,0.0236822,0.0238459,0.0240096,0.024173,0.0243329,0.0244998,0.0246669,0.024834,0.0250011,0.0251682,0.0253353,0.0255024,0.0256694,0.0258363,0.0260032,0.02617,0.0263367,0.0265032,0.0266697,0.026836,0.0270021,0.0271681,0.0273339,0.0274996,0.0276651,0.0278304,0.0279955,0.0281604,0.0283251,0.0284896,0.0286539,0.028818,0.0289818,0.0291454,0.0293088,0.029472,0.0296349,0.0297976,0.0299601,0.0301223,0.0302842,0.030446,0.0306074,0.0307687,0.0309297,0.0310904,0.0312509,0.0314111,0.031571,0.0317307,0.0318902,0.0320494,0.0322083,0.032367,0.0325254
0.0533041,0.0376507,0.0267759,0.0236895,0.0221313,0.0211952,0.0205861,0.0201742,0.0198921,0.0197008,0.0195757,0.0195007,0.0194643,0.0194587,0.0194778,0.0195171,0.0195731,0.0196432,0.0197251,0.0198171,0.0199179,0.0200261,0.0201408,0.0202612,0.0203866,0.0205165,0.0206502,0.0207874,0.0209277,0.0210707,0.0212162,0.0213638,0.0215134,0.0216648,0.0218178,0.0219722,0.0221279,0.0222847,0.0224425,0.0226012,0.0227608,0.0229211,0.023082,0.0232435,0.0234054,0.0235678,0.0237304,0.0238932,0.0240561,0.0242187,0.0243776,0.0245439,0.0247103,0.0248767,0.0250432,0.0252098,0.0253763,0.0255428,0.0257093,0.0258757,0.026042,0.0262083,0.0263745,0.0265406,0.0267066,0.0268724,0.0270381,0.0272037,0.0273691,0.0275343,0.0276994,0.0278643,0.028029,0.0281936,0.0283579,0.028522,0.028686,0.0288497,0.0290132,0.0291765,0.0293396,0.0295024,0.029665,0.0298274,0.0299896,0.0301515,0.0303132,0.0304746,0.0306358,0.0307968,0.0309575,0.031118,0.0312782,0.0314381,0.0315979,0.0317573,0.0319165,0.0320755,0.0322342,0.0323927,0.0325509
0.053548,0.0445038,0.0281463,0.0244218,0.0226303,0.0215749,0.0208937,0.0204337,0.0201173,0.0199002,0.0197552,0.0196642,0.0196148,0.0195984,0.0196083,0.0196397,0.0196889,0.019753,0.0198297,0.019917,0.0200134,0.0201178,0.0202291,0.0203463,0.0204688,0.020596,0.0207272,0.0208621,0.0210002,0.0211412,0.0212848,0.0214306,0.0215786,0.0217284,0.0218798,0.0220328,0.0221871,0.0223426,0.0224992,0.0226568,0.0228152,0.0229744,0.0231343,0.0232948,0.0234557,0.0236171,0.0237789,0.0239409,0.0241029,0.0242646,0.0244225,0.0245881,0.0247539,0.0249197,0.0250856,0.0252515,0.0254175,0.0255834,0.0257493,0.0259152,0.026081,0.0262468,0.0264125,0.0265781,0.0267436,0.026909,0.0270743,0.0272394,0.0274044,0.0275692,0.0277339,0.0278984,0.0280627,0.0282269,0.0283908,0.0285546,0.0287182,0.0288816,0.0290447,0.0292077,0.0293704,0.029533,0.0296953,0.0298574,0.0300192,0.0301808,0.0303422,0.0305034,0.0306643,0.030825,0.0309854,0.0311456,0.0313056,0.0314653,0.0316248,0.031784,0.031943,0.0321017,0.0322602,0.0324184,0.0325764
0.0538623,0.0519845,0.0297527,0.025225,0.0231628,0.021974,0.0212139,0.020702,0.020349,0.0201047,0.0199387,0.019831,0.0197681,0.0197403,0.0197407,0.019764,0.0198062,0.0198642,0.0199354,0.0200178,0.02011,0.0202104,0.0203181,0.0204321,0.0205517,0.0206761,0.0208048,0.0209373,0.0210732,0.0212122,0.0213538,0.0214979,0.0216441,0.0217923,0.0219422,0.0220938,0.0222467,0.0224009,0.0225562,0.0227126,0.0228699,0.023028,0.0231868,0.0233463,0.0235063,0.0236668,0.0238276,0.0239887,0.0241499,0.0243107,0.0244676,0.0246326,0.0247977,0.0249629,0.0251281,0.0252934,0.0254588,0.0256242,0.0257896,0.0259549,0.0261202,0.0262855,0.0264507,0.0266158,0.0267808,0.0269458,0.0271106,0.0272753,0.0274398,0.0276042,0.0277685,0.0279326,0.0280966,0.0282603,0.0284239,0.0285873,0.0287506,0.0289136,0.0290764,0.029239,0.0294014,0.0295637,0.0297256,0.0298874,0.030049,0.0302103,0.0303714,0.0305323,0.0306929,0.0308533,0.0310135,0.0311734,0.0313331,0.0314926,0.0316518,0.0318108,0.0319695,0.032128,0.0322862,0.0324442,0.032602
0.0542117,0.0525205,0.0316509,0.0261088,0.0237318,0.0223938,0.0215475,0.0209797,0.0205875,0.0203145,0.0201263,0.0200011,0.019924,0.0198846,0.0198752,0.0198901,0.019925,0.0199766,0.0200422,0.0201198,0.0202075,0.0203039,0.020408,0.0205187,0.0206352,0.0207568,0.0208829,0.0210131,0.0211467,0.0212836,0.0214233,0.0215655,0.02171,0.0218566,0.022005,0.0221551,0.0223066,0.0224595,0.0226136,0.0227687,0.0229249,0.0230819,0.0232397,0.0233981,0.0235571,0.0237167,0.0238766,0.0240368,0.0241971,0.024357,0.024513,0.0246772,0.0248417,0.0250062,0.0251708,0.0253356,0.0255003,0.0256651,0.02583,0.0259948,0.0261596,0.0263243,0.026489,0.0266536,0.0268182,0.0269827,0.027147,0.0273113,0.0274754,0.0276394,0.0278033,0.027967,0.0281305,0.0282939,0.0284571,0.0286202,0.028783,0.0289457,0.0291082,0.0292705,0.0294326,0.0295945,0.0297561,0.0299176,0.0300788,0.0302399,0.0304007,0.0305613,0.0307216,0.0308818,0.0310417,0.0312013,0.0313608,0.03152,0.0316789,0.0318377,0.0319961,0.0321544,0.0323124,0.0324702,0.0326277
0.0545777,0.051402,0.0338985,0.0270842,0.0243407,0.0228357,0.0218951,0.021267,0.0208332,0.0205296,0.0203182,0.0201747,0.0200829,0.0200312,0.0200116,0.0200179,0.0200453,0.0200904,0.0201503,0.0202228,0.0203059,0.0203983,0.0204987,0.020606,0.0207194,0.0208382,0.0209617,0.0210894,0.0212208,0.0213555,0.0214932,0.0216336,0.0217764,0.0219213,0.0220681,0.0222167,0.0223669,0.0225184,0.0226712,0.0228252,0.0229802,0.023136,0.0232927,0.0234502,0.0236082,0.0237668,0.0239258,0.0240851,0.0242445,0.0244036,0.0245585,0.0247221,0.0248858,0.0250497,0.0252137,0.0253779,0.025542,0.0257063,0.0258705,0.0260348,0.0261991,0.0263633,0.0265275,0.0266916,0.0268557,0.0270197,0.0271836,0.0273474,0.0275111,0.0276747,0.0278382,0.0280015,0.0281646,0.0283276,0.0284905,0.0286531,0.0288156,0.028978,0.0291401,0.0293021,0.0294638,0.0296254,0.0297867,0.0299479,0.0301088,0.0302696,0.0304301,0.0305904,0.0307505,0.0309103,0.0310699,0.0312293,0.0313885,0.0315475,0.0317062,0.0318646,0.0320229,0.0321809,0.0323387,0.0324962,0.0326535
0.0549504,0.0509048,0.0365243,0.0281626,0.0249932,0.0233013,0.0222575,0.0215644,0.0210861,0.0207502,0.0205144,0.0203518,0.0202445,0.0201803,0.0201501,0.0201474,0.0201671,0.0202055,0.0202596,0.0203268,0.0204053,0.0204935,0.0205901,0.020694,0.0208043,0.0209201,0.021041,0.0211662,0.0212953,0.0214279,0.0215636,0.0217021,0.0218431,0.0219864,0.0221316,0.0222787,0.0224274,0.0225776,0.0227292,0.0228819,0.0230357,0.0231905,0.0233461,0.0235025,0.0236595,0.0238171,0.0239752,0.0241336,0.0242921,0.0244503,0.0246042,0.0247671,0.0249302,0.0250934,0.0252568,0.0254203,0.0255839,0.0257476,0.0259113,0.026075,0.0262387,0.0264024,0.0265661,0.0267298,0.0268934,0.0270569,0.0272204,0.0273837,0.027547,0.0277102,0.0278732,0.0280361,0.0281989,0.0283615,0.0285239,0.0286862,0.0288484,0.0290104,0.0291721,0.0293338,0.0294952,0.0296564,0.0298175,0.0299783,0.0301389,0.0302994,0.0304596,0.0306196,0.0307794,0.030939,0.0310983,0.0312574,0.0314164,0.031575,0.0317335,0.0318917,0.0320497,0.0322075,0.032365,0.0325223,0.0326794
0.0553241,0.0507953,0.0394516,0.0293551,0.025693,0.0237921,0.0226354,0.0218724,0.0213467,0.0209766,0.0207151,0.0205324,0.0204091,0.0203318,0.0202906,0.0202787,0.0202905,0.020322,0.02037,0.0204319,0.0205057,0.0205896,0.0206823,0.0207827,0.0208898,0.0210027,0.0211208,0.0212436,0.0213704,0.0215008,0.0216345,0.0217711,0.0219103,0.0220518,0.0221955,0.022341,0.0224883,0.0226372,0.0227874,0.0229389,0.0230915,0.0232451,0.0233997,0.023555,0.023711,0.0238677,0.0240248,0.0241823,0.0243399,0.0244972,0.0246501,0.0248123,0.0249747,0.0251373,0.0253001,0.025463,0.0256259,0.025789,0.0259522,0.0261153,0.0262785,0.0264417,0.0266049,0.0267681,0.0269312,0.0270943,0.0272573,0.0274202,0.027583,0.0277457,0.0279084,0.0280708,0.0282332,0.0283954,0.0285575,0.0287195,0.0288812,0.0290429,0.0292043,0.0293656,0.0295267,0.0296876,0.0298483,0.0300088,0.0301691,0.0303293,0.0304892,0.0306489,0.0308084,0.0309677,0.0311268,0.0312857,0.0314443,0.0316027,0.0317609,0.0319189,0.0320767,0.0322342,0.0323915,0.0325486,0.0327054
0.0556954,0.0508944,0.0423736,0.0306709,0.0264436,0.0243096,0.0230297,0.0221913,0.021615,0.0212089,0.0209203,0.0207167,0.0205767,0.0204857,0.0204333,0.0204118,0.0204154,0.0204399,0.0204817,0.0205381,0.020607,0.0206866,0.0207753,0.0208721,0.020976,0.0210859,0.0212013,0.0213214,0.0214459,0.0215741,0.0217057,0.0218404,0.0219778,0.0221176,0.0222597,0.0224037,0.0225495,0.022697,0.0228459,0.0229962,0.0231476,0.0233001,0.0234535,0.0236078,0.0237628,0.0239185,0.0240746,0.0242312,0.0243879,0.0245444,0.0246962,0.0248577,0.0250194,0.0251814,0.0253435,0.0255058,0.0256681,0.0258306,0.0259932,0.0261558,0.0263185,0.0264812,0.0266439,0.0268065,0.0269692,0.0271318,0.0272943,0.0274568,0.0276191,0.0277814,0.0279436,0.0281057,0.0282677,0.0284295,0.0285912,0.0287528,0.0289142,0.0290755,0.0292366,0.0293975,0.0295583,0.0297188,0.0298792,0.0300394,0.0301995,0.0303593,0.0305189,0.0306783,0.0308376,0.0309966,0.0311554,0.031314,0.0314724,0.0316305,0.0317885,0.0319462,0.0321037,0.032261,0.032418,0.0325749,0.0327315
0.0560625,0.051111,0.0447615,0.0321136,0.0272485,0.0248555,0.0234411,0.0225216,0.0218915,0.0214472,0.0211302,0.0209047,0.0207473,0.0206422,0.0205781,0.0205467,0.0205419,0.0205591,0.0205945,0.0206453,0.0207093,0.0207844,0.0208691,0.0209623,0.0210628,0.0211697,0.0212823,0.0213998,0.0215219,0.0216479,0.0217774,0.0219101,0.0220457,0.0221838,0.0223242,0.0224667,0.0226111,0.0227571,0.0229047,0.0230537,0.0232039,0.0233553,0.0235076,0.0236608,0.0238148,0.0239695,0.0241247,0.0242803,0.0244361,0.0245917,0.0247424,0.0249032,0.0250643,0.0252256,0.0253871,0.0255487,0.0257105,0.0258724,0.0260344,0.0261965,0.0263586,0.0265208,0.0266829,0.0268451,0.0270073,0.0271694,0.0273315,0.0274935,0.0276554,0.0278173,0.0279791,0.0281407,0.0283023,0.0284638,0.0286251,0.0287863,0.0289473,0.0291082,0.029269,0.0294295,0.02959,0.0297502,0.0299103,0.0300702,0.0302299,0.0303894,0.0305487,0.0307079,0.0308668,0.0310255,0.0311841,0.0313424,0.0315005,0.0316584,0.0318161,0.0319736,0.0321308,0.0322879,0.0324447,0.0326013,0.0327577
0.0564242,0.0513955,0.0462758,0.0336762,0.0281108,0.025431,0.0238703,0.0228637,0.0221764,0.0216917,0.0213449,0.0210965,0.020921,0.0208012,0.020725,0.0206834,0.02067,0.0206796,0.0207086,0.0207537,0.0208125,0.020883,0.0209637,0.0210532,0.0211503,0.0212541,0.0213638,0.0214788,0.0215984,0.0217221,0.0218495,0.0219802,0.0221139,0.0222503,0.0223891,0.02253,0.0226729,0.0228176,0.0229638,0.0231115,0.0232605,0.0234107,0.0235619,0.0237141,0.023867,0.0240207,0.0241749,0.0243296,0.0244845,0.0246392,0.0247889,0.024949,0.0251094,0.02527,0.0254308,0.0255918,0.025753,0.0259143,0.0260758,0.0262373,0.0263989,0.0265605,0.0267222,0.0268838,0.0270455,0.0272071,0.0273687,0.0275303,0.0276918,0.0278533,0.0280146,0.0281759,0.028337,0.0284981,0.028659,0.0288199,0.0289805,0.0291411,0.0293015,0.0294617,0.0296218,0.0297817,0.0299415,0.030101,0.0302604,0.0304196,0.0305787,0.0307375,0.0308962,0.0310546,0.0312129,0.0313709,0.0315288,0.0316864,0.0318438,0.032001,0.0321581,0.0323148,0.0324714,0.0326278,0.0327839
0.0567799,0.0517195,0.047087,0.0353339,0.029032,0.0260377,0.0243181,0.023218,0.0224698,0.0219427,0.0215645,0.0212922,0.0210979,0.0209628,0.020874,0.020822,0.0207996,0.0208016,0.0208238,0.0208631,0.0209167,0.0209826,0.0210591,0.0211448,0.0212384,0.0213391,0.0214459,0.0215582,0.0216753,0.0217968,0.021922,0.0220508,0.0221826,0.0223172,0.0224543,0.0225936,0.022735,0.0228783,0.0230232,0.0231696,0.0233174,0.0234664,0.0236165,0.0237675,0.0239195,0.0240721,0.0242254,0.0243792,0.0245331,0.0246869,0.0248355,0.0249949,0.0251546,0.0253145,0.0254747,0.0256351,0.0257957,0.0259564,0.0261173,0.0262782,0.0264393,0.0266004,0.0267615,0.0269227,0.0270839,0.027245,0.0274062,0.0275673,0.0277283,0.0278893,0.0280503,0.0282111,0.0283719,0.0285326,0.0286931,0.0288535,0.0290139,0.029174,0.0293341,0.029494,0.0296537,0.0298133,0.0299727,0.030132,0.0302911,0.03045,0.0306087,0.0307672,0.0309256,0.0310838,0.0312417,0.0313995,0.0315571,0.0317145,0.0318716,0.0320286,0.0321854,0.0323419,0.0324982,0.0326544,0.0328103
0.0571294,0.0520661,0.0475477,0.0370373,0.0300125,0.0266766,0.0247851,0.023585,0.0227721,0.0222001,0.0217892,0.0214918,0.0212779,0.0211271,0.0210253,0.0209624,0.0209309,0.020925,0.0209403,0.0209735,0.0210218,0.021083,0.0211552,0.0212371,0.0213272,0.0214247,0.0215286,0.0216382,0.0217528,0.0218719,0.021995,0.0221217,0.0222516,0.0223844,0.0225198,0.0226576,0.0227975,0.0229393,0.0230828,0.023228,0.0233745,0.0235223,0.0236713,0.0238212,0.0239721,0.0241238,0.0242761,0.0244289,0.0245819,0.0247347,0.0248823,0.025041,0.0252,0.0253592,0.0255188,0.0256786,0.0258385,0.0259987,0.0261589,0.0263193,0.0264798,0.0266404,0.026801,0.0269617,0.0271223,0.027283,0.0274437,0.0276044,0.027765,0.0279256,0.0280861,0.0282465,0.0284069,0.0285671,0.0287273,0.0288874,0.0290473,0.0292071,0.0293668,0.0295263,0.0296857,0.029845,0.0300041,0.030163,0.0303218,0.0304804,0.0306388,0.0307971,0.0309551,0.031113,0.0312707,0.0314282,0.0315855,0.0317426,0.0318995,0.0320563,0.0322128,0.0323691,0.0325252,0.032681,0.0328367
0.0574726,0.0524245,0.0478831,0.0387112,0.0310498,0.0273485,0.0252721,0.023965,0.0230835,0.0224642,0.0220189,0.0216955,0.0214612,0.021294,0.0211788,0.0211047,0.0210637,0.0210497,0.0210581,0.0210851,0.021128,0.0211843,0.0212522,0.0213301,0.0214167,0.0215109,0.0216118,0.0217186,0.0218307,0.0219474,0.0220684,0.022193,0.022321,0.022452,0.0225857,0.0227218,0.0228602,0.0230006,0.0231428,0.0232866,0.0234318,0.0235785,0.0237263,0.0238751,0.024025,0.0241756,0.0243269,0.0244788,0.0246309,0.0247828,0.0249292,0.0250872,0.0252455,0.0254041,0.025563,0.0257221,0.0258815,0.026041,0.0262007,0.0263605,0.0265205,0.0266805,0.0268406,0.0270008,0.027161,0.0273212,0.0274814,0.0276416,0.0278018,0.0279619,0.028122,0.028282,0.028442,0.0286018,0.0287616,0.0289213,0.0290808,0.0292403,0.0293996,0.0295588,0.0297179,0.0298768,0.0300356,0.0301942,0.0303526,0.0305109,0.0306691,0.030827,0.0309848,0.0311424,0.0312998,0.031457,0.0316141,0.0317709,0.0319275,0.032084,0.0322403,0.0323963,0.0325522,0.0327078,0.0328632
0.0578094,0.0527883,0.0481901,0.0402661,0.0321379,0.0280537,0.0257793,0.0243583,0.0234043,0.0227352,0.0222538,0.0219032,0.0216477,0.0214636,0.0213346,0.021249,0.0211982,0.0211759,0.021177,0.0211978,0.0212351,0.0212864,0.0213499,0.0214238,0.0215067,0.0215977,0.0216955,0.0217996,0.0219091,0.0220234,0.0221421,0.0222647,0.0223907,0.0225199,0.0226519,0.0227864,0.0229232,0.0230621,0.0232029,0.0233454,0.0234894,0.0236349,0.0237815,0.0239293,0.024078,0.0242277,0.024378,0.0245289,0.02468,0.024831,0.0249764,0.0251336,0.0252912,0.0254491,0.0256074,0.0257659,0.0259246,0.0260835,0.0262426,0.0264019,0.0265613,0.0267208,0.0268804,0.02704,0.0271997,0.0273595,0.0275192,0.0276789,0.0278387,0.0279984,0.028158,0.0283176,0.0284772,0.0286366,0.028796,0.0289553,0.0291145,0.0292736,0.0294326,0.0295914,0.0297501,0.0299087,0.0300671,0.0302254,0.0303836,0.0305416,0.0306994,0.030857,0.0310145,0.0311718,0.0313289,0.0314859,0.0316427,0.0317992,0.0319556,0.0321118,0.0322678,0.0324236,0.0325792,0.0327347,0.0328899
0.0581402,0.0531531,0.0485027,0.0416252,0.0332665,0.0287917,0.0263073,0.0247653,0.0237346,0.0230132,0.0224941,0.0221152,0.0218376,0.0216359,0.0214926,0.0213951,0.0213344,0.0213035,0.0212972,0.0213115,0.0213431,0.0213894,0.0214484,0.0215182,0.0215975,0.021685,0.0217798,0.0218811,0.0219879,0.0220999,0.0222163,0.0223367,0.0224608,0.0225881,0.0227184,0.0228513,0.0229865,0.023124,0.0232634,0.0234045,0.0235473,0.0236915,0.023837,0.0239836,0.0241313,0.0242799,0.0244292,0.0245791,0.0247294,0.0248793,0.0250236,0.0251801,0.025337,0.0254943,0.0256519,0.0258097,0.0259679,0.0261262,0.0262847,0.0264434,0.0266023,0.0267612,0.0269203,0.0270794,0.0272386,0.0273978,0.0275571,0.0277164,0.0278757,0.0280349,0.0281941,0.0283533,0.0285125,0.0286715,0.0288305,0.0289894,0.0291483,0.029307,0.0294656,0.0296241,0.0297825,0.0299407,0.0300988,0.0302568,0.0304146,0.0305723,0.0307298,0.0308871,0.0310443,0.0312014,0.0313582,0.0315149,0.0316714,0.0318277,0.0319838,0.0321397,0.0322955,0.032451,0.0326064,0.0327616,0.0329165
0.0584649,0.0535163,0.0488294,0.042752,0.0344203,0.0295612,0.0268561,0.0251861,0.0240745,0.0232982,0.0227398,0.0223313,0.0220309,0.0218111,0.021653,0.0215432,0.0214722,0.0214325,0.0214187,0.0214264,0.0214522,0.0214933,0.0215477,0.0216133,0.0216889,0.021773,0.0218647,0.021963,0.0220672,0.0221767,0.0222909,0.0224092,0.0225313,0.0226567,0.0227852,0.0229164,0.0230501,0.0231861,0.0233241,0.0234639,0.0236053,0.0237483,0.0238926,0.0240382,0.0241848,0.0243323,0.0244807,0.0246296,0.0247789,0.0249279,0.0250711,0.0252268,0.025383,0.0255396,0.0256965,0.0258538,0.0260113,0.026169,0.0263269,0.026485,0.0266433,0.0268017,0.0269603,0.0271189,0.0272776,0.0274364,0.0275951,0.027754,0.0279128,0.0280716,0.0282304,0.0283892,0.0285479,0.0287066,0.0288652,0.0290237,0.0291821,0.0293405,0.0294987,0.0296569,0.0298149,0.0299728,0.0301306,0.0302882,0.0304457,0.0306031,0.0307603,0.0309174,0.0310742,0.031231,0.0313875,0.0315439,0.0317002,0.0318562,0.0320121,0.0321677,0.0323232,0.0324785,0.0326337,0.0327886,0.0329433
0.0587838,0.0538762,0.04917,0.0436586,0.035579,0.03036,0.0274256,0.025621,0.0244244,0.0235906,0.0229909,0.0225518,0.0222277,0.021989,0.0218156,0.0216933,0.0216117,0.021563,0.0215414,0.0215423,0.0215622,0.0215981,0.0216477,0.0217092,0.0217809,0.0218615,0.0219501,0.0220455,0.022147,0.022254,0.0223658,0.022482,0.0226021,0.0227256,0.0228523,0.0229819,0.023114,0.0232485,0.023385,0.0235235,0.0236636,0.0238054,0.0239485,0.0240929,0.0242385,0.024385,0.0245323,0.0246802,0.0248285,0.0249766,0.0251186,0.0252737,0.0254292,0.0255851,0.0257413,0.0258979,0.0260548,0.0262119,0.0263693,0.0265268,0.0266845,0.0268424,0.0270004,0.0271585,0.0273167,0.027475,0.0276333,0.0277916,0.02795,0.0281084,0.0282668,0.0284251,0.0285834,0.0287417,0.0288999,0.029058,0.0292161,0.0293741,0.029532,0.0296898,0.0298474,0.030005,0.0301624,0.0303198,0.0304769,0.030634,0.0307909,0.0309476,0.0311042,0.0312607,0.031417,0.0315731,0.031729,0.0318848,0.0320404,0.0321958,0.0323511,0.0325061,0.032661,0.0328157,0.0329702
0.0590971,0.0542316,0.0495212,0.044388,0.0367188,0.0311844,0.0280155,0.0260699,0.0247843,0.0238902,0.0232477,0.0227766,0.0224279,0.0221698,0.0219807,0.0218454,0.0217529,0.0216949,0.0216654,0.0216594,0.0216732,0.0217037,0.0217486,0.0218057,0.0218736,0.0219507,0.022036,0.0221284,0.0222273,0.0223317,0.0224412,0.0225552,0.0226732,0.0227949,0.0229198,0.0230476,0.0231782,0.0233111,0.0234462,0.0235833,0.0237222,0.0238627,0.0240046,0.0241479,0.0242923,0.0244378,0.0245841,0.024731,0.0248784,0.0250255,0.0251664,0.0253207,0.0254755,0.0256307,0.0257863,0.0259422,0.0260984,0.026255,0.0264117,0.0265687,0.0267259,0.0268832,0.0270407,0.0271983,0.0273559,0.0275137,0.0276716,0.0278294,0.0279874,0.0281453,0.0283032,0.0284611,0.028619,0.0287769,0.0289347,0.0290925,0.0292502,0.0294078,0.0295653,0.0297227,0.0298801,0.0300373,0.0301944,0.0303514,0.0305083,0.030665,0.0308216,0.030978,0.0311343,0.0312905,0.0314465,0.0316023,0.031758,0.0319135,0.0320688,0.032224,0.032379,0.0325338,0.0326884,0.0328428,0.0329971
0.059405,0.0545819,0.0498792,0.0449907,0.037815,0.0320295,0.0286248,0.0265329,0.0251542,0.0241973,0.02351,0.0230058,0.0226316,0.0223534,0.0221481,0.0219994,0.0218957,0.0218283,0.0217907,0.0217776,0.0217852,0.0218103,0.0218502,0.021903,0.0219669,0.0220404,0.0221224,0.0222119,0.0223079,0.0224099,0.022517,0.0226288,0.0227447,0.0228644,0.0229875,0.0231137,0.0232426,0.023374,0.0235076,0.0236434,0.0237809,0.0239202,0.0240609,0.024203,0.0243464,0.0244908,0.024636,0.024782,0.0249284,0.0250745,0.0252143,0.0253679,0.0255219,0.0256764,0.0258314,0.0259866,0.0261422,0.0262981,0.0264543,0.0266107,0.0267673,0.0269241,0.027081,0.0272381,0.0273953,0.0275526,0.0277099,0.0278674,0.0280248,0.0281823,0.0283398,0.0284973,0.0286548,0.0288122,0.0289696,0.029127,0.0292843,0.0294416,0.0295987,0.0297558,0.0299128,0.0300697,0.0302264,0.0303831,0.0305397,0.0306961,0.0308524,0.0310085,0.0311645,0.0313204,0.0314761,0.0316316,0.031787,0.0319423,0.0320973,0.0322522,0.032407,0.0325615,0.0327159,0.0328701,0.0330241
0.0597077,0.0549267,0.0502409,0.0455095,0.0388454,0.0328888,0.0292525,0.0270098,0.0255342,0.0245119,0.0237781,0.0232395,0.0228389,0.02254,0.0223179,0.0221555,0.0220403,0.0219632,0.0219172,0.0218969,0.0218982,0.0219177,0.0219526,0.022001,0.0220608,0.0221307,0.0222094,0.0222958,0.0223891,0.0224884,0.0225931,0.0227027,0.0228166,0.0229343,0.0230556,0.02318,0.0233073,0.0234371,0.0235693,0.0237037,0.0238399,0.0239779,0.0241174,0.0242584,0.0244006,0.0245439,0.0246882,0.0248331,0.0249785,0.0251237,0.0252623,0.0254151,0.0255685,0.0257223,0.0258766,0.0260312,0.0261862,0.0263414,0.026497,0.0266528,0.0268089,0.0269651,0.0271215,0.0272781,0.0274347,0.0275915,0.0277484,0.0279054,0.0280624,0.0282194,0.0283765,0.0285335,0.0286906,0.0288476,0.0290047,0.0291616,0.0293186,0.0294754,0.0296322,0.029789,0.0299456,0.0301021,0.0302586,0.0304149,0.0305711,0.0307272,0.0308832,0.0310391,0.0311948,0.0313503,0.0315058,0.031661,0.0318162,0.0319711,0.0321259,0.0322806,0.032435,0.0325893,0.0327435,0.0328974,0.0330512
0.0600055,0.0552659,0.0506035,0.0459751,0.0397942,0.0337547,0.0298969,0.0275002,0.0259242,0.0248339,0.024052,0.0234776,0.0230499,0.0227295,0.0224902,0.0223136,0.0221867,0.0220996,0.022045,0.0220174,0.0220122,0.0220259,0.0220559,0.0220996,0.0221554,0.0222216,0.0222969,0.0223803,0.0224707,0.0225674,0.0226697,0.022777,0.0228887,0.0230045,0.0231239,0.0232466,0.0233722,0.0235005,0.0236313,0.0237642,0.0238991,0.0240358,0.0241741,0.0243139,0.024455,0.0245973,0.0247405,0.0248844,0.0250288,0.025173,0.0253105,0.0254626,0.0256152,0.0257683,0.0259219,0.0260759,0.0262302,0.0263849,0.0265398,0.0266951,0.0268505,0.0270062,0.0271621,0.0273181,0.0274743,0.0276306,0.027787,0.0279435,0.0281,0.0282566,0.0284132,0.0285699,0.0287265,0.0288832,0.0290398,0.0291964,0.0293529,0.0295094,0.0296658,0.0298222,0.0299785,0.0301347,0.0302908,0.0304468,0.0306027,0.0307585,0.0309142,0.0310697,0.0312251,0.0313804,0.0315355,0.0316905,0.0318454,0.032,0.0321546,0.032309,0.0324632,0.0326172,0.0327711,0.0329248,0.0330783
0.0602985,0.0555995,0.0509651,0.0464075,0.0406542,0.0346186,0.0305559,0.0280037,0.0263242,0.0251635,0.0243316,0.0237204,0.0232644,0.0229219,0.0226649,0.0224738,0.0223347,0.0222375,0.0221742,0.0221389,0.0221271,0.0221351,0.0221599,0.022199,0.0222507,0.0223131,0.022385,0.0224652,0.0225527,0.0226468,0.0227466,0.0228516,0.0229612,0.023075,0.0231926,0.0233135,0.0234375,0.0235642,0.0236934,0.0238249,0.0239585,0.0240939,0.0242311,0.0243697,0.0245096,0.0246508,0.024793,0.0249359,0.0250793,0.0252225,0.0253588,0.0255101,0.025662,0.0258145,0.0259674,0.0261207,0.0262744,0.0264284,0.0265828,0.0267374,0.0268923,0.0270475,0.0272028,0.0273583,0.027514,0.0276698,0.0278257,0.0279817,0.0281378,0.0282939,0.0284501,0.0286063,0.0287625,0.0289188,0.029075,0.0292312,0.0293874,0.0295435,0.0296995,0.0298556,0.0300115,0.0301673,0.0303231,0.0304788,0.0306344,0.0307898,0.0309452,0.0311004,0.0312555,0.0314105,0.0315654,0.0317201,0.0318746,0.0320291,0.0321833,0.0323374,0.0324914,0.0326452,0.0327988,0.0329523,0.0331056
0.0605869,0.0559274,0.0513242,0.0468189,0.0414262,0.0354712,0.0312268,0.0285195,0.026734,0.0255007,0.024617,0.0239676,0.0234826,0.0231173,0.022842,0.022636,0.0224846,0.0223768,0.0223046,0.0222616,0.0222431,0.0222451,0.0222647,0.0222991,0.0223465,0.0224051,0.0224736,0.0225506,0.0226352,0.0227266,0.0228239,0.0229266,0.0230341,0.0231459,0.0232615,0.0233806,0.0235029,0.0236281,0.0237558,0.0238859,0.0240181,0.0241523,0.0242882,0.0244256,0.0245644,0.0247045,0.0248456,0.0249875,0.0251299,0.0252721,0.0254072,0.0255578,0.025709,0.0258607,0.0260129,0.0261656,0.0263187,0.0264721,0.0266259,0.0267799,0.0269343,0.0270888,0.0272436,0.0273986,0.0275538,0.0277091,0.0278645,0.02802,0.0281756,0.0283313,0.0284871,0.0286429,0.0287987,0.0289545,0.0291103,0.0292661,0.0294219,0.0295776,0.0297333,0.029889,0.0300446,0.0302001,0.0303555,0.0305109,0.0306661,0.0308213,0.0309763,0.0311312,0.031286,0.0314407,0.0315953,0.0317497,0.031904,0.0320581,0.0322121,0.032366,0.0325197,0.0326732,0.0328266,0.0329798,0.0331329
0.0608709,0.0562497,0.0516798,0.0472166,0.0421178,0.0363036,0.0319064,0.0290468,0.0271534,0.0258452,0.0249083,0.0242195,0.0237045,0.0233158,0.0230217,0.0228004,0.0226362,0.0225177,0.0224363,0.0223855,0.0223601,0.0223561,0.0223702,0.0223999,0.022443,0.0224978,0.0225627,0.0226365,0.0227182,0.0228068,0.0229016,0.023002,0.0231073,0.023217,0.0233307,0.0234481,0.0235687,0.0236922,0.0238185,0.0239471,0.024078,0.0242108,0.0243454,0.0244817,0.0246194,0.0247584,0.0248984,0.0250393,0.0251807,0.0253219,0.0254558,0.0256057,0.0257561,0.0259071,0.0260587,0.0262106,0.0263631,0.0265159,0.026669,0.0268225,0.0269763,0.0271303,0.0272845,0.027439,0.0275936,0.0277485,0.0279034,0.0280584,0.0282136,0.0283688,0.0285241,0.0286795,0.0288349,0.0289903,0.0291457,0.0293011,0.0294565,0.0296119,0.0297672,0.0299225,0.0300777,0.0302329,0.030388,0.030543,0.0306979,0.0308528,0.0310075,0.0311621,0.0313166,0.031471,0.0316253,0.0317794,0.0319334,0.0320873,0.032241,0.0323946,0.032548,0.0327013,0.0328544,0.0330074,0.0331602
0.0611506,0.0565666,0.0520311,0.0476047,0.0427402,0.0371076,0.0325914,0.0295844,0.0275819,0.0261971,0.0252053,0.024476,0.0239301,0.0235172,0.0232038,0.0229668,0.0227895,0.0226601,0.0225694,0.0225105,0.0224781,0.0224679,0.0224766,0.0225015,0.0225402,0.022591,0.0226523,0.0227229,0.0228015,0.0228874,0.0229797,0.0230777,0.0231808,0.0232884,0.0234003,0.0235158,0.0236347,0.0237566,0.0238813,0.0240085,0.024138,0.0242695,0.0244029,0.024538,0.0246745,0.0248124,0.0249514,0.0250912,0.0252316,0.0253718,0.0255045,0.0256536,0.0258033,0.0259536,0.0261045,0.0262558,0.0264076,0.0265598,0.0267123,0.0268652,0.0270184,0.0271719,0.0273256,0.0274795,0.0276336,0.0277879,0.0279424,0.028097,0.0282517,0.0284064,0.0285613,0.0287162,0.0288712,0.0290262,0.0291812,0.0293362,0.0294912,0.0296462,0.0298012,0.0299561,0.030111,0.0302658,0.0304205,0.0305752,0.0307298,0.0308843,0.0310387,0.0311931,0.0313473,0.0315014,0.0316553,0.0318092,0.0319629,0.0321165,0.03227,0.0324233,0.0325765,0.0327295,0.0328824,0.0330351,0.0331877
0.0614263,0.0568783,0.0523777,0.0479854,0.0433054,0.0378767,0.0332777,0.0301311,0.0280192,0.0265562,0.025508,0.024737,0.0241594,0.0237217,0.0233885,0.0231353,0.0229447,0.022804,0.0227038,0.0226366,0.0225971,0.0225806,0.0225838,0.0226037,0.022638,0.0226848,0.0227425,0.0228097,0.0228854,0.0229684,0.0230581,0.0231537,0.0232546,0.0233602,0.0234701,0.0235838,0.0237009,0.0238213,0.0239444,0.0240702,0.0241983,0.0243285,0.0244606,0.0245944,0.0247298,0.0248666,0.0250045,0.0251433,0.0252827,0.0254219,0.0255534,0.0257017,0.0258507,0.0260003,0.0261504,0.0263011,0.0264522,0.0266038,0.0267557,0.026908,0.0270606,0.0272135,0.0273667,0.0275201,0.0276737,0.0278275,0.0279815,0.0281356,0.0282898,0.0284441,0.0285985,0.028753,0.0289076,0.0290622,0.0292168,0.0293714,0.029526,0.0296806,0.0298352,0.0299898,0.0301443,0.0302988,0.0304532,0.0306075,0.0307618,0.030916,0.0310701,0.0312241,0.031378,0.0315318,0.0316855,0.0318391,0.0319925,0.0321458,0.032299,0.0324521,0.032605,0.0327577,0.0329104,0.0330628,0.0332152
0.0616981,0.0571848,0.0527192,0.0483597,0.043825,0.0386065,0.0339613,0.0306853,0.0284648,0.0269224,0.0258165,0.0250027,0.0243924,0.0239292,0.0235757,0.0233059,0.0231017,0.0229495,0.0228395,0.022764,0.0227171,0.0226943,0.0226918,0.0227066,0.0227365,0.0227792,0.0228332,0.0228971,0.0229696,0.0230499,0.023137,0.0232301,0.0233287,0.0234322,0.0235401,0.023652,0.0237674,0.0238861,0.0240077,0.024132,0.0242587,0.0243876,0.0245184,0.0246511,0.0247853,0.0249209,0.0250578,0.0251955,0.0253339,0.025472,0.0256023,0.0257499,0.0258982,0.026047,0.0261965,0.0263465,0.026497,0.0266479,0.0267992,0.0269509,0.027103,0.0272553,0.0274079,0.0275608,0.0277139,0.0278672,0.0280207,0.0281743,0.028328,0.0284819,0.0286359,0.0287899,0.028944,0.0290982,0.0292524,0.0294066,0.0295609,0.0297151,0.0298693,0.0300235,0.0301777,0.0303318,0.0304859,0.0306399,0.0307939,0.0309477,0.0311015,0.0312552,0.0314088,0.0315623,0.0317157,0.031869,0.0320221,0.0321752,0.0323281,0.0324809,0.0326335,0.0327861,0.0329384,0.0330907,0.0332427
0.0619662,0.0574864,0.0530555,0.0487284,0.0443085,0.0392947,0.0346381,0.0312454,0.0289179,0.0272953,0.0261305,0.0252728,0.0246291,0.0241398,0.0237654,0.0234787,0.0232604,0.0230965,0.0229765,0.0228924,0.0228381,0.0228088,0.0228006,0.0228103,0.0228355,0.0228742,0.0229244,0.0229849,0.0230543,0.0231317,0.0232162,0.0233069,0.0234032,0.0235046,0.0236105,0.0237205,0.0238342,0.0239512,0.0240713,0.0241941,0.0243194,0.0244469,0.0245765,0.0247079,0.0248409,0.0249754,0.0251112,0.0252479,0.0253852,0.0255224,0.0256514,0.0257982,0.0259457,0.0260939,0.0262427,0.026392,0.0265418,0.0266921,0.0268428,0.0269939,0.0271454,0.0272972,0.0274492,0.0276016,0.0277542,0.0279069,0.0280599,0.0282131,0.0283664,0.0285198,0.0286733,0.0288269,0.0289806,0.0291344,0.0292882,0.029442,0.0295958,0.0297497,0.0299035,0.0300574,0.0302112,0.030365,0.0305187,0.0306724,0.030826,0.0309795,0.031133,0.0312864,0.0314397,0.0315929,0.031746,0.031899,0.0320519,0.0322046,0.0323573,0.0325098,0.0326622,0.0328144,0.0329666,0.0331185,0.0332704
0.0622306,0.0577832,0.0533865,0.0490915,0.0447638,0.039941,0.0353043,0.0318094,0.029378,0.0276747,0.02645,0.0255475,0.0248695,0.0243534,0.0239577,0.0236536,0.023421,0.0232451,0.0231149,0.0230221,0.0229602,0.0229242,0.0229101,0.0229147,0.0229353,0.0229697,0.0230162,0.0230732,0.0231395,0.023214,0.0232957,0.023384,0.023478,0.0235773,0.0236812,0.0237893,0.0239012,0.0240165,0.024135,0.0242563,0.0243802,0.0245064,0.0246347,0.0247649,0.0248967,0.0250301,0.0251648,0.0253004,0.0254367,0.0255728,0.0257007,0.0258467,0.0259934,0.0261409,0.026289,0.0264376,0.0265868,0.0267364,0.0268865,0.027037,0.0271879,0.0273391,0.0274907,0.0276425,0.0277945,0.0279468,0.0280993,0.028252,0.0284048,0.0285577,0.0287108,0.028864,0.0290173,0.0291706,0.029324,0.0294774,0.0296309,0.0297843,0.0299378,0.0300913,0.0302447,0.0303982,0.0305516,0.0307049,0.0308582,0.0310114,0.0311646,0.0313176,0.0314706,0.0316235,0.0317763,0.0319291,0.0320817,0.0322341,0.0323865,0.0325388,0.0326909,0.0328429,0.0329948,0.0331465,0.0332981
0.0624915,0.0580754,0.0537123,0.0494491,0.0451968,0.0405472,0.0359562,0.0323754,0.0298441,0.0280602,0.0267749,0.0258266,0.0251136,0.0245701,0.0241525,0.0238307,0.0235834,0.0233952,0.0232546,0.0231529,0.0230833,0.0230406,0.0230205,0.0230198,0.0230356,0.0230658,0.0231084,0.023162,0.0232251,0.0232966,0.0233757,0.0234614,0.0235531,0.0236502,0.0237521,0.0238583,0.0239684,0.0240821,0.024199,0.0243188,0.0244412,0.0245661,0.0246931,0.024822,0.0249527,0.0250849,0.0252185,0.0253531,0.0254883,0.0256234,0.02575,0.0258952,0.0260413,0.026188,0.0263354,0.0264833,0.0266318,0.0267809,0.0269303,0.0270803,0.0272306,0.0273812,0.0275322,0.0276834,0.027835,0.0279868,0.0281387,0.0282909,0.0284433,0.0285958,0.0287484,0.0289011,0.029054,0.0292069,0.0293599,0.0295129,0.029666,0.0298191,0.0299722,0.0301253,0.0302784,0.0304314,0.0305845,0.0307375,0.0308905,0.0310434,0.0311962,0.031349,0.0315016,0.0316543,0.0318068,0.0319592,0.0321115,0.0322637,0.0324158,0.0325678,0.0327197,0.0328714,0.033023,0.0331745,0.0333258
0.0627491,0.0583632,0.0540329,0.0498014,0.0456122,0.0411161,0.0365909,0.0329414,0.0303153,0.0284515,0.0271049,0.0261101,0.0253613,0.0247898,0.0243498,0.0240099,0.0237476,0.0235469,0.0233957,0.0232849,0.0232074,0.0231578,0.0231317,0.0231256,0.0231367,0.0231625,0.0232013,0.0232512,0.0233111,0.0233797,0.023456,0.0235392,0.0236286,0.0237235,0.0238233,0.0239276,0.0240359,0.0241479,0.0242632,0.0243815,0.0245025,0.0246259,0.0247516,0.0248793,0.0250088,0.0251399,0.0252723,0.0254059,0.0255401,0.0256741,0.0257994,0.0259439,0.0260892,0.0262352,0.0263819,0.0265291,0.026677,0.0268254,0.0269743,0.0271236,0.0272733,0.0274234,0.0275738,0.0277245,0.0278755,0.0280268,0.0281783,0.02833,0.0284819,0.0286339,0.0287861,0.0289384,0.0290908,0.0292433,0.0293959,0.0295485,0.0297012,0.0298539,0.0300066,0.0301593,0.0303121,0.0304648,0.0306175,0.0307702,0.0309228,0.0310754,0.0312279,0.0313803,0.0315327,0.031685,0.0318373,0.0319894,0.0321414,0.0322934,0.0324452,0.0325969,0.0327485,0.0329,0.0330513,0.0332026,0.0333537
0.0630035,0.0586468,0.0543483,0.0501482,0.046013,0.0416512,0.037206,0.0335052,0.0307906,0.0288481,0.0274399,0.0263979,0.0256126,0.0250125,0.0245497,0.0241912,0.0239137,0.0237002,0.0235381,0.023418,0.0233325,0.0232759,0.0232437,0.0232321,0.0232383,0.0232598,0.0232946,0.023341,0.0233975,0.0234631,0.0235367,0.0236173,0.0237043,0.023797,0.0238948,0.0239971,0.0241036,0.0242139,0.0243276,0.0244443,0.0245639,0.024686,0.0248104,0.0249368,0.0250651,0.025195,0.0253264,0.0254588,0.0255919,0.0257249,0.025849,0.0259927,0.0261372,0.0262825,0.0264285,0.0265751,0.0267223,0.02687,0.0270183,0.027167,0.0273161,0.0274656,0.0276155,0.0277657,0.0279162,0.0280669,0.0282179,0.0283691,0.0285205,0.0286721,0.0288238,0.0289757,0.0291277,0.0292797,0.0294319,0.0295841,0.0297364,0.0298888,0.0300411,0.0301935,0.0303459,0.0304982,0.0306506,0.0308029,0.0309552,0.0311075,0.0312597,0.0314118,0.0315639,0.0317159,0.0318678,0.0320197,0.0321714,0.0323231,0.0324746,0.0326261,0.0327774,0.0329286,0.0330797,0.0332307,0.0333815
0.0632547,0.0589262,0.0546588,0.0504896,0.0464019,0.0421563,0.0377998,0.0340649,0.031269,0.0292496,0.0277796,0.0266898,0.0258675,0.0252382,0.0247521,0.0243747,0.0240815,0.023855,0.0236819,0.0235524,0.0234587,0.023395,0.0233565,0.0233394,0.0233406,0.0233577,0.0233884,0.0234312,0.0234844,0.023547,0.0236177,0.0236958,0.0237804,0.0238708,0.0239665,0.0240669,0.0241716,0.0242802,0.0243922,0.0245074,0.0246255,0.0247462,0.0248693,0.0249944,0.0251215,0.0252503,0.0253805,0.0255119,0.025644,0.0257759,0.0258987,0.0260416,0.0261854,0.0263299,0.0264752,0.0266211,0.0267676,0.0269147,0.0270624,0.0272105,0.027359,0.0275079,0.0276573,0.0278069,0.0279569,0.0281071,0.0282576,0.0284083,0.0285593,0.0287104,0.0288617,0.0290131,0.0291646,0.0293163,0.029468,0.0296199,0.0297718,0.0299237,0.0300757,0.0302277,0.0303797,0.0305317,0.0306837,0.0308357,0.0309877,0.0311396,0.0312915,0.0314433,0.0315951,0.0317468,0.0318984,0.03205,0.0322015,0.0323528,0.0325041,0.0326553,0.0328064,0.0329573,0.0331082,0.0332589,0.0334095
0.063503,0.0592017,0.0549644,0.0508256,0.0467804,0.0426352,0.0383714,0.0346184,0.0317493,0.0296553,0.0281238,0.0269858,0.0261258,0.0254669,0.024957,0.0245603,0.0242512,0.0240114,0.023827,0.0236879,0.0235859,0.023515,0.0234701,0.0234474,0.0234436,0.0234561,0.0234828,0.0235219,0.0235718,0.0236312,0.0236992,0.0237746,0.0238568,0.0239449,0.0240385,0.024137,0.0242398,0.0243466,0.024457,0.0245707,0.0246873,0.0248066,0.0249283,0.0250522,0.0251781,0.0253057,0.0254348,0.0255651,0.0256961,0.0258269,0.0259485,0.0260906,0.0262336,0.0263774,0.026522,0.0266672,0.0268131,0.0269596,0.0271066,0.027254,0.027402,0.0275504,0.0276991,0.0278482,0.0279977,0.0281474,0.0282974,0.0284476,0.0285981,0.0287487,0.0288996,0.0290505,0.0292017,0.0293529,0.0295042,0.0296557,0.0298072,0.0299587,0.0301103,0.030262,0.0304136,0.0305653,0.0307169,0.0308686,0.0310202,0.0311718,0.0313234,0.0314749,0.0316264,0.0317778,0.0319291,0.0320804,0.0322316,0.0323827,0.0325337,0.0326846,0.0328354,0.0329861,0.0331367,0.0332871,0.0334375
0.0637483,0.0594733,0.0552652,0.0511563,0.0471498,0.0430914,0.0389205,0.0351641,0.0322304,0.0300647,0.0284722,0.0272857,0.0263876,0.0256985,0.0251644,0.024748,0.0244227,0.0241693,0.0239735,0.0238246,0.0237142,0.0236359,0.0235845,0.0235561,0.0235472,0.0235552,0.0235777,0.0236131,0.0236595,0.0237159,0.0237809,0.0238537,0.0239334,0.0240194,0.0241108,0.0242073,0.0243082,0.0244133,0.024522,0.0246341,0.0247493,0.0248672,0.0249876,0.0251102,0.0252348,0.0253613,0.0254892,0.0256184,0.0257483,0.0258781,0.0259984,0.0261397,0.026282,0.0264251,0.0265689,0.0267135,0.0268587,0.0270045,0.0271508,0.0272977,0.0274451,0.0275929,0.0277411,0.0278896,0.0280385,0.0281878,0.0283373,0.028487,0.028637,0.0287872,0.0289375,0.0290881,0.0292388,0.0293896,0.0295405,0.0296915,0.0298426,0.0299938,0.030145,0.0302963,0.0304476,0.0305989,0.0307502,0.0309015,0.0310528,0.0312041,0.0313554,0.0315066,0.0316577,0.0318088,0.0319599,0.0321108,0.0322617,0.0324126,0.0325633,0.0327139,0.0328645,0.0330149,0.0331652,0.0333154,0.0334656
0.0639908,0.0597413,0.0555615,0.0514818,0.0475112,0.0435278,0.0394475,0.0357003,0.0327111,0.0304771,0.0288245,0.0275894,0.0266527,0.025933,0.0253743,0.0249379,0.0245961,0.0243289,0.0241214,0.0239625,0.0238435,0.0237577,0.0236998,0.0236655,0.0236515,0.0236548,0.0236732,0.0237047,0.0237478,0.0238009,0.0238631,0.0239332,0.0240104,0.024094,0.0241834,0.0242778,0.0243769,0.0244802,0.0245873,0.0246978,0.0248114,0.0249279,0.025047,0.0251683,0.0252917,0.025417,0.0255438,0.0256718,0.0258007,0.0259294,0.0260484,0.026189,0.0263304,0.0264728,0.0266159,0.0267598,0.0269043,0.0270495,0.0271952,0.0273415,0.0274882,0.0276355,0.0277831,0.0279311,0.0280795,0.0282282,0.0283772,0.0285265,0.028676,0.0288257,0.0289756,0.0291257,0.029276,0.0294263,0.0295769,0.0297275,0.0298782,0.030029,0.0301798,0.0303307,0.0304817,0.0306326,0.0307836,0.0309346,0.0310855,0.0312365,0.0313874,0.0315383,0.0316891,0.0318399,0.0319907,0.0321414,0.032292,0.0324425,0.032593,0.0327433,0.0328936,0.0330438,0.0331938,0.0333438,0.0334937
0.0642306,0.0600057,0.0558533,0.0518021,0.0478652,0.0439472,0.0399532,0.0362257,0.0331903,0.030892,0.0291803,0.0278966,0.0269211,0.0261703,0.0255866,0.0251298,0.0247712,0.02449,0.0242706,0.0241016,0.0239738,0.0238804,0.0238158,0.0237757,0.0237564,0.023755,0.0237691,0.0237968,0.0238364,0.0238864,0.0239456,0.024013,0.0240878,0.024169,0.0242562,0.0243486,0.0244458,0.0245473,0.0246527,0.0247617,0.0248738,0.0249888,0.0251065,0.0252266,0.0253487,0.0254728,0.0255985,0.0257254,0.0258532,0.0259808,0.0260985,0.0262383,0.026379,0.0265206,0.026663,0.0268062,0.02695,0.0270946,0.0272397,0.0273853,0.0275315,0.0276781,0.0278252,0.0279727,0.0281205,0.0282687,0.0284172,0.028566,0.028715,0.0288643,0.0290137,0.0291634,0.0293132,0.0294632,0.0296133,0.0297635,0.0299138,0.0300642,0.0302147,0.0303652,0.0305158,0.0306664,0.030817,0.0309676,0.0311183,0.0312689,0.0314195,0.0315701,0.0317206,0.0318711,0.0320215,0.0321719,0.0323223,0.0324725,0.0326227,0.0327728,0.0329228,0.0330727,0.0332225,0.0333722,0.0335218
0.0644677,0.0602667,0.0561408,0.0521174,0.0482122,0.0443517,0.0404385,0.0367394,0.0336668,0.0313086,0.0295393,0.0282072,0.0271926,0.0264104,0.0258014,0.0253239,0.0249482,0.0246526,0.0244212,0.0242418,0.0241052,0.0240041,0.0239327,0.0238866,0.0238619,0.0238558,0.0238656,0.0238894,0.0239255,0.0239722,0.0240285,0.0240932,0.0241654,0.0242443,0.0243293,0.0244197,0.0245149,0.0246146,0.0247184,0.0248257,0.0249363,0.0250499,0.0251662,0.025285,0.0254059,0.0255288,0.0256533,0.0257791,0.0259058,0.0260324,0.0261488,0.0262877,0.0264277,0.0265685,0.0267102,0.0268527,0.0269959,0.0271397,0.0272842,0.0274293,0.0275748,0.0277209,0.0278674,0.0280144,0.0281617,0.0283093,0.0284573,0.0286056,0.0287541,0.0289029,0.0290519,0.0292011,0.0293505,0.0295001,0.0296498,0.0297996,0.0299495,0.0300995,0.0302496,0.0303997,0.03055,0.0307002,0.0308505,0.0310008,0.0311511,0.0313014,0.0314516,0.0316019,0.0317521,0.0319023,0.0320525,0.0322026,0.0323526,0.0325026,0.0326525,0.0328023,0.032952,0.0331017,0.0332513,0.0334007,0.0335501
0.0647023,0.0605245,0.0564242,0.0524278,0.0485529,0.0447432,0.0409049,0.0372406,0.0341397,0.0317262,0.029901,0.0285209,0.0274671,0.0266533,0.0260185,0.02552,0.0251269,0.0248168,0.0245732,0.0243833,0.0242376,0.0241286,0.0240504,0.0239982,0.0239681,0.0239571,0.0239627,0.0239825,0.024015,0.0240585,0.0241117,0.0241736,0.0242433,0.0243199,0.0244026,0.0244909,0.0245843,0.0246822,0.0247842,0.0248899,0.024999,0.0251112,0.0252261,0.0253436,0.0254632,0.0255849,0.0257082,0.025833,0.0259586,0.026084,0.0261991,0.0263373,0.0264764,0.0266165,0.0267575,0.0268993,0.0270418,0.027185,0.0273288,0.0274733,0.0276183,0.0277637,0.0279097,0.0280561,0.0282029,0.02835,0.0284975,0.0286453,0.0287933,0.0289416,0.0290902,0.029239,0.0293879,0.029537,0.0296863,0.0298357,0.0299852,0.0301349,0.0302846,0.0304343,0.0305842,0.0307341,0.030884,0.031034,0.0311839,0.0313339,0.0314838,0.0316338,0.0317837,0.0319336,0.0320834,0.0322333,0.032383,0.0325327,0.0326823,0.0328319,0.0329813,0.0331307,0.03328,0.0334292,0.0335784
0.0649345,0.060779,0.0567036,0.0527335,0.0488874,0.0451233,0.0413537,0.0377287,0.0346078,0.0321441,0.0302651,0.0288376,0.0277445,0.0268987,0.026238,0.0257182,0.0253075,0.0249826,0.0247265,0.024526,0.0243711,0.0242541,0.0241689,0.0241105,0.024075,0.0240591,0.0240602,0.0240761,0.0241049,0.0241451,0.0241953,0.0242545,0.0243215,0.0243957,0.0244762,0.0245625,0.0246539,0.02475,0.0248502,0.0249543,0.0250619,0.0251726,0.0252862,0.0254023,0.0255207,0.0256411,0.0257633,0.0258869,0.0260114,0.0261358,0.0262495,0.0263869,0.0265253,0.0266646,0.0268049,0.026946,0.0270878,0.0272303,0.0273735,0.0275174,0.0276617,0.0278067,0.027952,0.0280979,0.0282441,0.0283907,0.0285377,0.028685,0.0288326,0.0289804,0.0291285,0.0292769,0.0294254,0.0295741,0.0297229,0.0298719,0.030021,0.0301703,0.0303196,0.030469,0.0306185,0.030768,0.0309176,0.0310672,0.0312168,0.0313665,0.0315161,0.0316657,0.0318154,0.0319649,0.0321145,0.032264,0.0324135,0.0325629,0.0327122,0.0328615,0.0330107,0.0331598,0.0333089,0.0334578,0.0336067
0.0651642,0.0610304,0.0569791,0.0530345,0.0492161,0.0454931,0.0417864,0.0382036,0.0350704,0.0325616,0.0306311,0.0291569,0.0280247,0.0271468,0.0264598,0.0259184,0.0254898,0.02515,0.0248811,0.0246698,0.0245056,0.0243805,0.0242882,0.0242236,0.0241825,0.0241616,0.0241583,0.0241701,0.0241953,0.0242321,0.0242793,0.0243356,0.0244001,0.0244718,0.0245501,0.0246343,0.0247237,0.0248179,0.0249165,0.0250189,0.025125,0.0252342,0.0253464,0.0254611,0.0255783,0.0256975,0.0258185,0.025941,0.0260644,0.0261876,0.0263,0.0264366,0.0265742,0.0267128,0.0268523,0.0269927,0.0271339,0.0272758,0.0274183,0.0275615,0.0277053,0.0278496,0.0279945,0.0281397,0.0282855,0.0284316,0.028578,0.0287248,0.0288719,0.0290193,0.0291669,0.0293148,0.0294629,0.0296112,0.0297596,0.0299082,0.0300569,0.0302058,0.0303547,0.0305037,0.0306529,0.030802,0.0309513,0.0311005,0.0312498,0.0313991,0.0315484,0.0316977,0.031847,0.0319963,0.0321456,0.0322948,0.032444,0.0325931,0.0327422,0.0328912,0.0330401,0.033189,0.0333378,0.0334865,0.0336351
0.0653916,0.0612789,0.0572509,0.053331,0.0495392,0.0458537,0.0422043,0.0386652,0.0355266,0.0329781,0.0309986,0.0294787,0.0283075,0.0273973,0.0266839,0.0261206,0.0256738,0.0253188,0.0250371,0.0248148,0.0246412,0.0245079,0.0244084,0.0243374,0.0242906,0.0242648,0.0242569,0.0242647,0.0242861,0.0243195,0.0243636,0.0244171,0.0244789,0.0245482,0.0246242,0.0247063,0.0247937,0.0248861,0.0249829,0.0250837,0.0251882,0.025296,0.0254067,0.0255202,0.025636,0.025754,0.0258739,0.0259952,0.0261175,0.0262396,0.0263507,0.0264864,0.0266233,0.0267611,0.0268999,0.0270396,0.02718,0.0273213,0.0274632,0.0276058,0.027749,0.0278927,0.028037,0.0281817,0.0283269,0.0284724,0.0286184,0.0287647,0.0289113,0.0290582,0.0292054,0.0293528,0.0295005,0.0296483,0.0297963,0.0299445,0.0300928,0.0302413,0.0303899,0.0305385,0.0306873,0.0308361,0.030985,0.0311339,0.0312828,0.0314318,0.0315808,0.0317298,0.0318788,0.0320278,0.0321767,0.0323257,0.0324745,0.0326234,0.0327722,0.0329209,0.0330696,0.0332182,0.0333667,0.0335151,0.0336635
0.0656168,0.0615245,0.057519,0.0536232,0.0498571,0.046206,0.0426086,0.0391138,0.0359759,0.0333929,0.0313672,0.0298026,0.0285927,0.0276502,0.0269101,0.0263248,0.0258596,0.0254892,0.0251945,0.024961,0.0247778,0.0246361,0.0245293,0.0244519,0.0243995,0.0243685,0.024356,0.0243596,0.0243773,0.0244074,0.0244483,0.0244989,0.0245581,0.0246249,0.0246986,0.0247785,0.024864,0.0249545,0.0250495,0.0251487,0.0252516,0.0253579,0.0254672,0.0255793,0.0256939,0.0258107,0.0259293,0.0260495,0.0261707,0.0262917,0.0264014,0.0265363,0.0266724,0.0268095,0.0269475,0.0270865,0.0272263,0.0273669,0.0275082,0.0276501,0.0277927,0.0279358,0.0280795,0.0282237,0.0283683,0.0285134,0.0286588,0.0288046,0.0289508,0.0290972,0.0292439,0.0293909,0.0295381,0.0296855,0.0298331,0.0299809,0.0301288,0.0302769,0.0304251,0.0305734,0.0307218,0.0308702,0.0310187,0.0311673,0.0313159,0.0314646,0.0316132,0.0317619,0.0319106,0.0320593,0.0322079,0.0323566,0.0325052,0.0326537,0.0328022,0.0329507,0.0330991,0.0332474,0.0333957,0.0335439,0.033692
0.0658398,0.0617673,0.0577837,0.0539111,0.0501697,0.0465505,0.0430007,0.0395496,0.0364176,0.0338053,0.0317363,0.0301284,0.0288802,0.0279055,0.0271385,0.0265309,0.0260471,0.0256611,0.0253531,0.0251084,0.0249154,0.0247653,0.0246511,0.0245671,0.0245089,0.0244728,0.0244557,0.0244551,0.024469,0.0244956,0.0245333,0.024581,0.0246375,0.0247019,0.0247733,0.024851,0.0249345,0.0250231,0.0251164,0.0252139,0.0253152,0.0254199,0.0255279,0.0256386,0.0257519,0.0258674,0.0259849,0.0261039,0.026224,0.0263438,0.0264522,0.0265863,0.0267216,0.0268579,0.0269953,0.0271335,0.0272726,0.0274125,0.0275532,0.0276945,0.0278365,0.0279791,0.0281222,0.0282658,0.0284099,0.0285544,0.0286994,0.0288447,0.0289903,0.0291363,0.0292825,0.0294291,0.0295758,0.0297228,0.02987,0.0300174,0.0301649,0.0303126,0.0304604,0.0306083,0.0307563,0.0309044,0.0310526,0.0312008,0.0313491,0.0314974,0.0316457,0.0317941,0.0319425,0.0320908,0.0322392,0.0323875,0.0325358,0.0326841,0.0328323,0.0329805,0.0331287,0.0332767,0.0334247,0.0335727,0.0337205
0.0660606,0.0620074,0.058045,0.054195,0.0504775,0.046888,0.0433815,0.0399731,0.0368514,0.0342148,0.0321056,0.0304558,0.0291698,0.0281628,0.0273689,0.0267388,0.0262364,0.0258345,0.0255131,0.0252569,0.0250541,0.0248954,0.0247737,0.0246831,0.024619,0.0245777,0.0245559,0.0245511,0.0245611,0.0245842,0.0246188,0.0246635,0.0247173,0.0247791,0.0248482,0.0249238,0.0250052,0.0250919,0.0251834,0.0252792,0.0253789,0.0254822,0.0255887,0.0256981,0.02581,0.0259243,0.0260406,0.0261585,0.0262774,0.0263961,0.0265031,0.0266364,0.0267709,0.0269065,0.0270431,0.0271806,0.027319,0.0274583,0.0275983,0.027739,0.0278804,0.0280223,0.0281649,0.0283079,0.0284515,0.0285955,0.0287399,0.0288847,0.0290299,0.0291754,0.0293212,0.0294673,0.0296136,0.0297601,0.0299069,0.0300539,0.030201,0.0303483,0.0304957,0.0306432,0.0307909,0.0309386,0.0310864,0.0312343,0.0313823,0.0315303,0.0316783,0.0318263,0.0319744,0.0321224,0.0322705,0.0324185,0.0325665,0.0327145,0.0328625,0.0330104,0.0331583,0.0333061,0.0334538,0.0336015,0.0337491
0.0662794,0.062245,0.058303,0.0544749,0.0507805,0.0472188,0.043752,0.0403849,0.037277,0.0346208,0.0324746,0.0307845,0.0294613,0.0284223,0.0276013,0.0269487,0.0264272,0.0260094,0.0256745,0.0254066,0.0251938,0.0250264,0.0248971,0.0247998,0.0247298,0.0246831,0.0246566,0.0246475,0.0246537,0.0246732,0.0247045,0.0247463,0.0247973,0.0248566,0.0249234,0.0249968,0.0250761,0.0251609,0.0252506,0.0253447,0.0254428,0.0255446,0.0256496,0.0257576,0.0258683,0.0259813,0.0260964,0.0262131,0.0263309,0.0264485,0.0265541,0.0266866,0.0268203,0.0269551,0.027091,0.0272278,0.0273655,0.0275041,0.0276435,0.0277835,0.0279243,0.0280657,0.0282077,0.0283502,0.0284932,0.0286367,0.0287806,0.0289249,0.0290696,0.0292146,0.0293599,0.0295055,0.0296514,0.0297975,0.0299439,0.0300904,0.0302371,0.030384,0.0305311,0.0306782,0.0308255,0.0309729,0.0311204,0.0312679,0.0314155,0.0315632,0.0317109,0.0318586,0.0320063,0.0321541,0.0323018,0.0324496,0.0325973,0.032745,0.0328927,0.0330403,0.0331879,0.0333355,0.033483,0.0336304,0.0337777
0.0664962,0.0624799,0.0585579,0.054751,0.0510789,0.0475435,0.0441131,0.0407854,0.0376942,0.0350228,0.0328429,0.0311141,0.0297546,0.0286837,0.0278357,0.0271603,0.0266197,0.0261857,0.0258371,0.0255575,0.0253345,0.0251584,0.0250213,0.0249173,0.0248412,0.0247892,0.0247578,0.0247444,0.0247466,0.0247626,0.0247907,0.0248294,0.0248777,0.0249344,0.0249988,0.02507,0.0251473,0.0252301,0.025318,0.0254104,0.0255069,0.0256071,0.0257107,0.0258174,0.0259267,0.0260385,0.0261523,0.0262679,0.0263845,0.026501,0.0266052,0.0267369,0.0268698,0.0270038,0.0271389,0.0272751,0.0274121,0.02755,0.0276887,0.0278282,0.0279683,0.0281091,0.0282505,0.0283924,0.0285349,0.0286779,0.0288213,0.0289651,0.0291093,0.0292538,0.0293987,0.0295438,0.0296893,0.029835,0.0299809,0.030127,0.0302734,0.0304199,0.0305665,0.0307133,0.0308602,0.0310072,0.0311543,0.0313015,0.0314488,0.0315961,0.0317435,0.0318909,0.0320383,0.0321858,0.0323332,0.0324807,0.0326281,0.0327755,0.0329229,0.0330703,0.0332176,0.0333649,0.0335121,0.0336593,0.0338064
0.066711,0.0627125,0.0588098,0.0550234,0.0513728,0.0478622,0.0444655,0.0411753,0.0381029,0.0354204,0.03321,0.0314445,0.0300494,0.0289469,0.0280719,0.0273737,0.0268138,0.0263635,0.026001,0.0257095,0.0254763,0.0252912,0.0251464,0.0250354,0.0249533,0.0248958,0.0248596,0.0248418,0.0248401,0.0248524,0.0248772,0.0249129,0.0249584,0.0250125,0.0250745,0.0251434,0.0252187,0.0252996,0.0253856,0.0254763,0.0255712,0.0256698,0.025772,0.0258772,0.0259853,0.0260958,0.0262084,0.0263227,0.0264382,0.0265536,0.0266564,0.0267872,0.0269193,0.0270526,0.027187,0.0273224,0.0274587,0.027596,0.027734,0.0278728,0.0280124,0.0281526,0.0282934,0.0284348,0.0285767,0.0287191,0.028862,0.0290053,0.029149,0.0292931,0.0294375,0.0295822,0.0297272,0.0298725,0.030018,0.0301637,0.0303096,0.0304557,0.030602,0.0307484,0.030895,0.0310416,0.0311884,0.0313352,0.0314822,0.0316291,0.0317762,0.0319233,0.0320704,0.0322175,0.0323647,0.0325118,0.032659,0.0328061,0.0329532,0.0331003,0.0332474,0.0333944,0.0335414,0.0336883,0.0338351
0.0669239,0.0629426,0.0590587,0.0552922,0.0516625,0.0481755,0.0448098,0.0415552,0.0385031,0.0358133,0.0335756,0.0317752,0.0303454,0.0292118,0.0283099,0.0275887,0.0270095,0.0265427,0.0261662,0.0258627,0.0256191,0.0254249,0.0252722,0.0251543,0.025066,0.0250031,0.0249619,0.0249397,0.0249339,0.0249426,0.024964,0.0249967,0.0250393,0.0250909,0.0251504,0.0252171,0.0252903,0.0253692,0.0254534,0.0255423,0.0256356,0.0257327,0.0258334,0.0259372,0.0260439,0.0261532,0.0262646,0.0263777,0.0264921,0.0266062,0.0267077,0.0268377,0.026969,0.0271015,0.0272351,0.0273698,0.0275054,0.027642,0.0277794,0.0279176,0.0280565,0.0281961,0.0283364,0.0284772,0.0286186,0.0287605,0.0289028,0.0290456,0.0291889,0.0293325,0.0294764,0.0296207,0.0297652,0.02991,0.0300551,0.0302004,0.0303459,0.0304917,0.0306375,0.0307836,0.0309297,0.031076,0.0312225,0.031369,0.0315156,0.0316622,0.0318089,0.0319557,0.0321025,0.0322493,0.0323962,0.032543,0.0326899,0.0328368,0.0329836,0.0331304,0.0332772,0.0334239,0.0335706,0.0337173,0.0338639
0.067135,0.0631705,0.0593047,0.0555576,0.051948,0.0484835,0.0451467,0.0419256,0.0388949,0.0362012,0.0339392,0.0321059,0.0306426,0.0294783,0.0285495,0.0278054,0.0272067,0.0267234,0.0263326,0.026017,0.0257628,0.0255596,0.0253989,0.0252739,0.0251794,0.0251109,0.0250647,0.025038,0.0250282,0.0250332,0.0250512,0.0250808,0.0251206,0.0251695,0.0252266,0.0252911,0.0253621,0.025439,0.0255214,0.0256086,0.0257002,0.0257957,0.0258949,0.0259974,0.0261027,0.0262107,0.0263208,0.0264328,0.026546,0.026659,0.0267591,0.0268882,0.0270187,0.0271504,0.0272833,0.0274173,0.0275522,0.0276881,0.0278249,0.0279624,0.0281007,0.0282397,0.0283794,0.0285197,0.0286605,0.0288019,0.0289437,0.029086,0.0292287,0.0293719,0.0295153,0.0296591,0.0298033,0.0299476,0.0300923,0.0302372,0.0303823,0.0305276,0.0306731,0.0308188,0.0309646,0.0311105,0.0312566,0.0314027,0.031549,0.0316953,0.0318417,0.0319882,0.0321347,0.0322812,0.0324277,0.0325743,0.0327209,0.0328674,0.033014,0.0331605,0.033307,0.0334535,0.0336,0.0337464,0.0338927
0.0673443,0.0633961,0.059548,0.0558196,0.0522296,0.0487865,0.0454767,0.0422872,0.0392784,0.0365837,0.0343006,0.0324365,0.0309407,0.0297461,0.0287907,0.0280237,0.0274054,0.0269053,0.0265003,0.0261724,0.0259076,0.0256952,0.0255263,0.0253943,0.0252934,0.0252193,0.0251681,0.0251368,0.0251229,0.0251242,0.0251388,0.0251652,0.0252022,0.0252484,0.0253031,0.0253652,0.0254341,0.0255091,0.0255895,0.025675,0.0257649,0.0258589,0.0259566,0.0260576,0.0261616,0.0262683,0.0263772,0.026488,0.0266,0.0267119,0.0268105,0.0269388,0.0270685,0.0271995,0.0273316,0.0274648,0.0275991,0.0277343,0.0278704,0.0280073,0.028145,0.0282834,0.0284225,0.0285622,0.0287025,0.0288433,0.0289847,0.0291265,0.0292687,0.0294113,0.0295543,0.0296977,0.0298413,0.0299853,0.0301295,0.030274,0.0304187,0.0305637,0.0307088,0.0308541,0.0309995,0.0311451,0.0312908,0.0314366,0.0315825,0.0317285,0.0318745,0.0320207,0.0321668,0.0323131,0.0324593,0.0326056,0.0327519,0.0328981,0.0330444,0.0331907,0.0333369,0.0334831,0.0336293,0.0337755,0.0339216
0.0675518,0.0636195,0.0597886,0.0560784,0.0525073,0.0490848,0.0458002,0.0426404,0.0396538,0.0369607,0.0346594,0.0327666,0.0312395,0.0300152,0.0290334,0.0282435,0.0276055,0.0270887,0.0266692,0.0263289,0.0260534,0.0258316,0.0256546,0.0255153,0.0254081,0.0253283,0.025272,0.0252361,0.0252181,0.0252155,0.0252267,0.02525,0.025284,0.0253276,0.0253798,0.0254396,0.0255064,0.0255793,0.0256579,0.0257415,0.0258298,0.0259222,0.0260184,0.026118,0.0262207,0.0263261,0.0264337,0.0265433,0.0266541,0.0267648,0.0268621,0.0269895,0.0271184,0.0272486,0.02738,0.0275125,0.027646,0.0277805,0.027916,0.0280523,0.0281893,0.0283272,0.0284657,0.0286048,0.0287445,0.0288848,0.0290256,0.0291669,0.0293087,0.0294508,0.0295934,0.0297363,0.0298795,0.030023,0.0301668,0.0303109,0.0304552,0.0305997,0.0307445,0.0308894,0.0310344,0.0311796,0.031325,0.0314705,0.031616,0.0317617,0.0319074,0.0320532,0.0321991,0.032345,0.0324909,0.0326369,0.0327829,0.0329289,0.0330749,0.0332209,0.0333668,0.0335128,0.0336587,0.0338046,0.0339504
0.0677575,0.0638408,0.0600266,0.056334,0.0527812,0.0493784,0.0461175,0.0429857,0.0400214,0.0373321,0.0350153,0.0330958,0.0315387,0.0302855,0.0292775,0.0284647,0.027807,0.0272733,0.0268394,0.0264865,0.0262002,0.0259689,0.0257837,0.0256371,0.0255234,0.0254378,0.0253764,0.0253359,0.0253136,0.0253073,0.025315,0.0253351,0.0253662,0.0254071,0.0254568,0.0255143,0.0255788,0.0256498,0.0257264,0.0258083,0.0258949,0.0259857,0.0260804,0.0261786,0.0262799,0.0263839,0.0264904,0.0265987,0.0267084,0.0268179,0.0269137,0.0270403,0.0271684,0.0272978,0.0274284,0.0275602,0.027693,0.0278268,0.0279616,0.0280973,0.0282337,0.0283709,0.0285089,0.0286474,0.0287866,0.0289264,0.0290667,0.0292075,0.0293487,0.0294904,0.0296325,0.0297749,0.0299177,0.0300608,0.0302042,0.0303478,0.0304917,0.0306359,0.0307802,0.0309247,0.0310694,0.0312143,0.0313593,0.0315044,0.0316496,0.0317949,0.0319403,0.0320858,0.0322314,0.032377,0.0325226,0.0326683,0.032814,0.0329597,0.0331054,0.0332511,0.0333968,0.0335425,0.0336882,0.0338338,0.0339794
0.0679616,0.06406,0.0602621,0.0565866,0.0530516,0.0496677,0.0464291,0.0433236,0.0403813,0.0376977,0.035368,0.033424,0.0318382,0.0305566,0.0295228,0.0286873,0.0280099,0.0274592,0.0270107,0.0266452,0.026348,0.0261072,0.0259135,0.0257596,0.0256394,0.025548,0.0254814,0.0254362,0.0254097,0.0253995,0.0254037,0.0254205,0.0254487,0.0254869,0.025534,0.0255891,0.0256515,0.0257204,0.0257952,0.0258752,0.0259601,0.0260494,0.0261425,0.0262393,0.0263392,0.0264419,0.0265471,0.0266543,0.0267627,0.026871,0.0269654,0.0270912,0.0272184,0.027347,0.0274769,0.0276079,0.0277401,0.0278732,0.0280073,0.0281424,0.0282782,0.0284148,0.0285521,0.0286902,0.0288288,0.028968,0.0291078,0.0292481,0.0293888,0.02953,0.0296716,0.0298136,0.0299559,0.0300986,0.0302416,0.0303848,0.0305283,0.030672,0.030816,0.0309601,0.0311044,0.0312489,0.0313936,0.0315383,0.0316832,0.0318282,0.0319733,0.0321185,0.0322637,0.032409,0.0325543,0.0326997,0.0328451,0.0329905,0.033136,0.0332814,0.0334268,0.0335722,0.0337176,0.033863,0.0340083
0.0681641,0.0642773,0.0604952,0.0568363,0.0533184,0.0499528,0.0467353,0.0436546,0.0407339,0.0380575,0.0357174,0.033751,0.0321377,0.0308286,0.0297693,0.0289112,0.0282141,0.0276464,0.0271832,0.026805,0.0264967,0.0262463,0.0260442,0.0258828,0.025756,0.0256587,0.0255868,0.0255369,0.0255061,0.025492,0.0254927,0.0255063,0.0255315,0.0255669,0.0256115,0.0256642,0.0257244,0.0257912,0.0258641,0.0259423,0.0260255,0.0261131,0.0262048,0.0263001,0.0263986,0.0265,0.0266039,0.0267099,0.0268171,0.0269243,0.0270172,0.0271421,0.0272685,0.0273964,0.0275255,0.0276558,0.0277872,0.0279197,0.0280531,0.0281875,0.0283227,0.0284587,0.0285955,0.0287329,0.028871,0.0290097,0.0291489,0.0292887,0.029429,0.0295697,0.0297108,0.0298523,0.0299942,0.0301365,0.030279,0.0304218,0.0305649,0.0307082,0.0308518,0.0309956,0.0311395,0.0312836,0.0314279,0.0315724,0.0317169,0.0318616,0.0320063,0.0321512,0.0322961,0.0324411,0.0325861,0.0327312,0.0328763,0.0330214,0.0331666,0.0333117,0.0334569,0.033602,0.0337472,0.0338923,0.0340374
0.068365,0.0644926,0.0607259,0.0570831,0.0535819,0.0502338,0.0470363,0.0439789,0.0410794,0.0384115,0.0360632,0.0340763,0.0324371,0.0311012,0.0300169,0.0291363,0.0284196,0.0278348,0.0273568,0.0269658,0.0266464,0.0263862,0.0261756,0.0260068,0.0258733,0.02577,0.0256928,0.0256381,0.025603,0.025585,0.025582,0.0255924,0.0256145,0.0256472,0.0256892,0.0257396,0.0257975,0.0258623,0.0259332,0.0260096,0.0260911,0.0261771,0.0262672,0.026361,0.0264582,0.0265582,0.0266609,0.0267656,0.0268717,0.0269776,0.0270691,0.0271931,0.0273187,0.0274458,0.0275741,0.0277037,0.0278344,0.0279662,0.028099,0.0282327,0.0283673,0.0285027,0.0286389,0.0287757,0.0289133,0.0290514,0.0291901,0.0293294,0.0294692,0.0296094,0.0297501,0.0298911,0.0300326,0.0301744,0.0303165,0.0304589,0.0306016,0.0307445,0.0308877,0.0310311,0.0311746,0.0313184,0.0314623,0.0316064,0.0317506,0.0318949,0.0320394,0.0321839,0.0323285,0.0324732,0.0326179,0.0327627,0.0329075,0.0330523,0.0331972,0.0333421,0.033487,0.0336318,0.0337767,0.0339216,0.0340664
0.0685643,0.064706,0.0609543,0.0573272,0.0538421,0.0505109,0.0473325,0.0442971,0.0414181,0.0387597,0.0364053,0.0343999,0.0327361,0.0313744,0.0302654,0.0293625,0.0286262,0.0280243,0.0275315,0.0271276,0.026797,0.0265271,0.0263079,0.0261314,0.0259912,0.0258819,0.0257993,0.0257398,0.0257003,0.0256783,0.0256718,0.0256788,0.0256979,0.0257278,0.0257672,0.0258152,0.0258709,0.0259335,0.0260025,0.0260771,0.0261568,0.0262412,0.0263297,0.0264221,0.0265178,0.0266166,0.0267179,0.0268214,0.0269263,0.027031,0.027121,0.0272442,0.027369,0.0274952,0.0276228,0.0277516,0.0278816,0.0280128,0.0281449,0.028278,0.0284119,0.0285467,0.0286823,0.0288186,0.0289556,0.0290932,0.0292314,0.0293702,0.0295094,0.0296492,0.0297894,0.02993,0.030071,0.0302123,0.030354,0.030496,0.0306383,0.0307808,0.0309236,0.0310666,0.0312098,0.0313532,0.0314968,0.0316405,0.0317844,0.0319283,0.0320724,0.0322166,0.0323609,0.0325053,0.0326497,0.0327942,0.0329387,0.0330833,0.0332279,0.0333725,0.0335171,0.0336617,0.0338063,0.0339509,0.0340955
0.0687621,0.0649175,0.0611804,0.0575686,0.0540992,0.0507842,0.0476239,0.0446094,0.0417502,0.0391022,0.0367435,0.0347216,0.0330346,0.0316478,0.0305147,0.0295898,0.028834,0.028215,0.0277073,0.0272905,0.0269486,0.0266687,0.0264409,0.0262567,0.0261097,0.0259944,0.0259064,0.025842,0.025798,0.0257721,0.0257619,0.0257656,0.0257816,0.0258086,0.0258454,0.025891,0.0259444,0.026005,0.0260719,0.0261447,0.0262227,0.0263054,0.0263924,0.0264833,0.0265776,0.026675,0.0267751,0.0268773,0.026981,0.0270845,0.0271731,0.0272954,0.0274194,0.0275448,0.0276716,0.0277997,0.027929,0.0280594,0.0281908,0.0283233,0.0284566,0.0285908,0.0287258,0.0288615,0.028998,0.029135,0.0292727,0.0294109,0.0295497,0.029689,0.0298287,0.0299688,0.0301094,0.0302503,0.0303916,0.0305331,0.030675,0.0308172,0.0309595,0.0311022,0.031245,0.031388,0.0315313,0.0316746,0.0318181,0.0319618,0.0321056,0.0322494,0.0323934,0.0325375,0.0326816,0.0328258,0.03297,0.0331143,0.0332586,0.0334029,0.0335473,0.0336916,0.033836,0.0339803,0.0341246
0.0689584,0.0651273,0.0614044,0.0578074,0.0543532,0.051054,0.0479109,0.0449161,0.0420761,0.0394391,0.0370777,0.0350411,0.0333324,0.0319215,0.0307647,0.0298181,0.0290429,0.0284068,0.0278842,0.0274544,0.027101,0.0268113,0.0265746,0.0263828,0.0262289,0.0261075,0.026014,0.0259446,0.0258962,0.0258662,0.0258523,0.0258526,0.0258656,0.0258897,0.0259239,0.025967,0.0260182,0.0260766,0.0261416,0.0262125,0.0262887,0.0263698,0.0264552,0.0265446,0.0266375,0.0267336,0.0268324,0.0269334,0.0270358,0.0271381,0.0272252,0.0273467,0.0274698,0.0275944,0.0277204,0.0278478,0.0279764,0.0281061,0.0282369,0.0283686,0.0285014,0.0286349,0.0287693,0.0289045,0.0290404,0.0291769,0.0293141,0.0294518,0.0295901,0.0297288,0.0298681,0.0300078,0.0301479,0.0302883,0.0304292,0.0305703,0.0307118,0.0308535,0.0309955,0.0311378,0.0312803,0.0314229,0.0315658,0.0317088,0.031852,0.0319953,0.0321387,0.0322823,0.0324259,0.0325697,0.0327135,0.0328574,0.0330013,0.0331453,0.0332893,0.0334334,0.0335775,0.0337215,0.0338656,0.0340097,0.0341538
0.0691532,0.0653353,0.0616263,0.0580436,0.0546042,0.0513202,0.0481936,0.0452176,0.042396,0.0397703,0.0374078,0.0353582,0.0336292,0.0321952,0.0310154,0.0300473,0.0292528,0.0285997,0.0280621,0.0276192,0.0272544,0.0269546,0.0267092,0.0265095,0.0263487,0.0262211,0.026122,0.0260477,0.0259948,0.0259607,0.0259431,0.02594,0.0259499,0.0259711,0.0260026,0.0260433,0.0260922,0.0261485,0.0262114,0.0262804,0.0263549,0.0264343,0.0265182,0.0266061,0.0266976,0.0267923,0.0268898,0.0269895,0.0270907,0.0271918,0.0272774,0.027398,0.0275203,0.0276441,0.0277694,0.027896,0.0280238,0.0281528,0.0282829,0.0284141,0.0285462,0.0286791,0.0288129,0.0289475,0.0290828,0.0292188,0.0293555,0.0294927,0.0296305,0.0297687,0.0299075,0.0300467,0.0301864,0.0303264,0.0304668,0.0306076,0.0307486,0.03089,0.0310316,0.0311734,0.0313155,0.0314578,0.0316003,0.031743,0.0318858,0.0320288,0.0321719,0.0323152,0.0324585,0.0326019,0.0327455,0.032889,0.0330327,0.0331764,0.0333201,0.0334639,0.0336077,0.0337515,0.0338953,0.0340392,0.034183
0.0693466,0.0655415,0.0618461,0.0582775,0.0548524,0.051583,0.0484723,0.045514,0.0427102,0.0400962,0.0377339,0.0356729,0.033925,0.0324688,0.0312665,0.0302773,0.0294636,0.0287935,0.028241,0.0277849,0.0274087,0.0270988,0.0268444,0.0266369,0.0264691,0.0263353,0.0262307,0.0261513,0.0260939,0.0260556,0.0260343,0.0260278,0.0260344,0.0260528,0.0260816,0.0261198,0.0261664,0.0262205,0.0262815,0.0263486,0.0264213,0.026499,0.0265813,0.0266677,0.0267577,0.0268511,0.0269473,0.0270457,0.0271457,0.0272456,0.0273297,0.0274494,0.0275709,0.0276939,0.0278183,0.0279442,0.0280713,0.0281997,0.0283291,0.0284596,0.028591,0.0287234,0.0288566,0.0289906,0.0291254,0.0292608,0.0293969,0.0295336,0.0296709,0.0298087,0.029947,0.0300858,0.030225,0.0303646,0.0305045,0.0306448,0.0307855,0.0309264,0.0310677,0.0312091,0.0313509,0.0314928,0.0316349,0.0317773,0.0319198,0.0320624,0.0322052,0.0323481,0.0324911,0.0326342,0.0327774,0.0329207,0.0330641,0.0332075,0.033351,0.0334944,0.033638,0.0337815,0.0339251,0.0340686,0.0342122
0.0695387,0.0657461,0.0620639,0.0585089,0.0550978,0.0518426,0.048747,0.0458056,0.0430188,0.0404167,0.0380557,0.0359849,0.0342195,0.0327421,0.031518,0.0305081,0.0296754,0.0289883,0.0284208,0.0279516,0.0275639,0.0272438,0.0269805,0.026765,0.0265901,0.02645,0.0263398,0.0262553,0.0261933,0.026151,0.0261258,0.0261158,0.0261193,0.0261348,0.0261609,0.0261966,0.0262408,0.0262928,0.0263517,0.0264169,0.0264878,0.0265638,0.0266445,0.0267294,0.026818,0.02691,0.0270049,0.027102,0.0272008,0.0272995,0.027382,0.0275009,0.0276215,0.0277437,0.0278674,0.0279925,0.0281189,0.0282465,0.0283753,0.0285051,0.0286359,0.0287677,0.0289003,0.0290337,0.0291679,0.0293028,0.0294384,0.0295746,0.0297114,0.0298487,0.0299865,0.0301248,0.0302636,0.0304027,0.0305423,0.0306822,0.0308224,0.0309629,0.0311038,0.0312449,0.0313862,0.0315278,0.0316696,0.0318115,0.0319537,0.032096,0.0322385,0.032381,0.0325237,0.0326666,0.0328095,0.0329525,0.0330955,0.0332386,0.0333818,0.033525,0.0336683,0.0338116,0.0339549,0.0340982,0.0342415
0.0697293,0.0659491,0.0622797,0.0587381,0.0553404,0.0520991,0.049018,0.0460926,0.0433222,0.040732,0.0383734,0.0362943,0.0345126,0.033015,0.0317698,0.0307394,0.029888,0.0291841,0.0286016,0.0281193,0.0277199,0.0273896,0.0271172,0.0268938,0.0267118,0.0265654,0.0264494,0.0263599,0.0262932,0.0262467,0.0262177,0.0262042,0.0262045,0.026217,0.0262404,0.0262735,0.0263154,0.0263652,0.0264221,0.0264854,0.0265545,0.0266288,0.0267079,0.0267912,0.0268784,0.026969,0.0270626,0.0271585,0.027256,0.0273534,0.0274345,0.0275525,0.0276722,0.0277936,0.0279165,0.0280409,0.0281665,0.0282935,0.0284215,0.0285507,0.0286809,0.028812,0.0289441,0.0290769,0.0292105,0.0293449,0.0294799,0.0296156,0.0297519,0.0298887,0.0300261,0.0301639,0.0303022,0.0304409,0.03058,0.0307195,0.0308593,0.0309995,0.0311399,0.0312807,0.0314216,0.0315628,0.0317042,0.0318459,0.0319877,0.0321296,0.0322718,0.032414,0.0325564,0.0326989,0.0328415,0.0329842,0.033127,0.0332698,0.0334127,0.0335556,0.0336986,0.0338416,0.0339847,0.0341277,0.0342708
0.0699187,0.0661505,0.0624937,0.058965,0.0555805,0.0523524,0.0492854,0.0463752,0.0436206,0.0410422,0.0386868,0.0366007,0.0348042,0.0332875,0.0320217,0.0309714,0.0301013,0.0293807,0.0287833,0.0282877,0.0278767,0.0275361,0.0272547,0.0270232,0.0268341,0.0266812,0.0265596,0.0264648,0.0263936,0.0263428,0.0263099,0.0262929,0.02629,0.0262995,0.0263202,0.0263508,0.0263903,0.0264379,0.0264927,0.026554,0.0266213,0.0266939,0.0267714,0.0268532,0.026939,0.0270282,0.0271204,0.027215,0.0273113,0.0274074,0.027487,0.0276041,0.027723,0.0278436,0.0279657,0.0280893,0.0282142,0.0283405,0.0284679,0.0285964,0.0287259,0.0288564,0.0289879,0.0291201,0.0292532,0.029387,0.0295215,0.0296567,0.0297925,0.0299288,0.0300657,0.0302031,0.0303409,0.0304792,0.0306179,0.0307569,0.0308963,0.0310361,0.0311761,0.0313165,0.0314571,0.0315979,0.031739,0.0318802,0.0320217,0.0321633,0.0323051,0.0324471,0.0325891,0.0327313,0.0328736,0.033016,0.0331585,0.033301,0.0334436,0.0335863,0.033729,0.0338717,0.0340145,0.0341573,0.0343001
0.0701067,0.0663503,0.0627058,0.0591898,0.055818,0.0526029,0.0495492,0.0466537,0.0439141,0.0413476,0.0389961,0.0369043,0.0350941,0.0335592,0.0322737,0.0312037,0.0303154,0.0295781,0.0289658,0.0284571,0.0280344,0.0276835,0.0273929,0.0271533,0.026957,0.0267977,0.0266702,0.0265703,0.0264943,0.0264392,0.0264025,0.026382,0.0263758,0.0263823,0.0264002,0.0264282,0.0264654,0.0265107,0.0265634,0.0266228,0.0266883,0.0267592,0.026835,0.0269153,0.0269996,0.0270874,0.0271783,0.0272716,0.0273666,0.0274616,0.0275396,0.0276558,0.0277738,0.0278936,0.0280149,0.0281378,0.028262,0.0283875,0.0285142,0.0286421,0.028771,0.0289009,0.0290317,0.0291634,0.0292959,0.0294292,0.0295632,0.0296978,0.0298331,0.0299689,0.0301053,0.0302422,0.0303796,0.0305175,0.0306557,0.0307944,0.0309334,0.0310727,0.0312124,0.0313523,0.0314925,0.031633,0.0317737,0.0319146,0.0320557,0.032197,0.0323385,0.0324801,0.0326219,0.0327637,0.0329057,0.0330478,0.03319,0.0333323,0.0334746,0.033617,0.0337594,0.0339019,0.0340444,0.0341869,0.0343295
0.0702935,0.0665486,0.0629161,0.0594124,0.056053,0.0528504,0.0498098,0.0469282,0.044203,0.0416482,0.0393013,0.0372048,0.0353823,0.0338302,0.0325256,0.0314365,0.0305301,0.0297763,0.0291492,0.0286272,0.0281928,0.0278316,0.0275318,0.027284,0.0270805,0.0269147,0.0267814,0.0266762,0.0265955,0.0265361,0.0264955,0.0264713,0.0264618,0.0264653,0.0264804,0.0265059,0.0265406,0.0265837,0.0266344,0.0266918,0.0267554,0.0268246,0.0268988,0.0269776,0.0270604,0.0271468,0.0272363,0.0273283,0.0274221,0.0275158,0.0275922,0.0277076,0.0278248,0.0279437,0.0280642,0.0281863,0.0283098,0.0284346,0.0285606,0.0286878,0.0288161,0.0289454,0.0290756,0.0292067,0.0293387,0.0294714,0.0296048,0.029739,0.0298737,0.0300091,0.030145,0.0302814,0.0304184,0.0305558,0.0306936,0.0308318,0.0309704,0.0311094,0.0312486,0.0313882,0.031528,0.0316681,0.0318085,0.0319491,0.0320898,0.0322308,0.0323719,0.0325132,0.0326546,0.0327962,0.0329379,0.0330797,0.0332216,0.0333635,0.0335056,0.0336477,0.0337898,0.033932,0.0340743,0.0342166,0.0343588
0.070479,0.0667454,0.0631247,0.0596329,0.0562857,0.0530952,0.050067,0.0471988,0.0444874,0.0419441,0.0396024,0.0375024,0.0356686,0.0341003,0.0327773,0.0316695,0.0307454,0.0299752,0.0293333,0.0287982,0.028352,0.0279804,0.0276714,0.0274154,0.0272045,0.0270322,0.0268931,0.0267826,0.0266971,0.0266334,0.0265888,0.026561,0.0265482,0.0265487,0.026561,0.0265838,0.0266161,0.026657,0.0267055,0.026761,0.0268228,0.0268902,0.0269627,0.0270399,0.0271212,0.0272062,0.0272944,0.0273851,0.0274776,0.02757,0.027645,0.0277594,0.0278758,0.0279939,0.0281136,0.0282349,0.0283577,0.0284818,0.0286071,0.0287336,0.0288613,0.0289899,0.0291196,0.0292501,0.0293815,0.0295136,0.0296465,0.0297801,0.0299144,0.0300493,0.0301847,0.0303207,0.0304572,0.0305941,0.0307315,0.0308693,0.0310075,0.031146,0.0312849,0.0314241,0.0315636,0.0317033,0.0318433,0.0319835,0.0321239,0.0322646,0.0324054,0.0325463,0.0326875,0.0328287,0.0329701,0.0331116,0.0332532,0.0333948,0.0335366,0.0336784,0.0338203,0.0339623,0.0341042,0.0342462,0.0343883
0.0706633,0.0669408,0.0633315,0.0598515,0.056516,0.0533373,0.0503212,0.0474657,0.0447676,0.0422356,0.0398994,0.0377968,0.0359529,0.0343694,0.0330287,0.0319028,0.0309611,0.0301748,0.0295182,0.0289699,0.028512,0.02813,0.0278117,0.0275475,0.0273292,0.0271503,0.0270052,0.0268894,0.0267991,0.026731,0.0266824,0.0266511,0.0266349,0.0266323,0.0266417,0.0266619,0.0266918,0.0267304,0.0267768,0.0268303,0.0268902,0.0269559,0.0270268,0.0271024,0.0271822,0.0272658,0.0273526,0.0274421,0.0275333,0.0276244,0.0276978,0.0278113,0.0279268,0.0280441,0.0281631,0.0282836,0.0284056,0.028529,0.0286536,0.0287795,0.0289065,0.0290345,0.0291635,0.0292935,0.0294243,0.0295559,0.0296883,0.0298214,0.0299551,0.0300895,0.0302245,0.03036,0.030496,0.0306325,0.0307695,0.0309069,0.0310446,0.0311828,0.0313213,0.0314601,0.0315991,0.0317385,0.0318781,0.032018,0.0321581,0.0322984,0.0324388,0.0325795,0.0327203,0.0328612,0.0330023,0.0331435,0.0332848,0.0334262,0.0335677,0.0337092,0.0338508,0.0339925,0.0341342,0.0342759,0.0344177
0.0708463,0.0671347,0.0635367,0.0600681,0.0567441,0.0535768,0.0505723,0.0477291,0.0450437,0.0425228,0.0401924,0.0380881,0.0362351,0.0346373,0.0332797,0.0321362,0.0311774,0.030375,0.0297038,0.0291423,0.0286727,0.0282802,0.0279527,0.0276802,0.0274545,0.0272689,0.0271179,0.0269967,0.0269015,0.026829,0.0267764,0.0267414,0.0267219,0.0267162,0.0267227,0.0267403,0.0267678,0.0268041,0.0268483,0.0268998,0.0269579,0.0270218,0.027091,0.027165,0.0272434,0.0273255,0.0274109,0.0274991,0.027589,0.0276789,0.0277507,0.0278633,0.0279779,0.0280944,0.0282125,0.0283323,0.0284536,0.0285762,0.0287002,0.0288254,0.0289518,0.0290792,0.0292076,0.0293369,0.0294672,0.0295983,0.0297301,0.0298627,0.0299959,0.0301298,0.0302643,0.0303993,0.0305349,0.030671,0.0308075,0.0309444,0.0310818,0.0312195,0.0313576,0.031496,0.0316348,0.0317738,0.031913,0.0320525,0.0321923,0.0323322,0.0324724,0.0326127,0.0327532,0.0328938,0.0330346,0.0331754,0.0333164,0.0334575,0.0335987,0.03374,0.0338813,0.0340227,0.0341642,0.0343057,0.0344472
0.0710282,0.0673273,0.0637402,0.0602828,0.0569699,0.0538137,0.0508205,0.0479891,0.0453158,0.0428057,0.0404815,0.0383762,0.0365151,0.0349041,0.0335302,0.0323696,0.0313939,0.0305757,0.02989,0.0293155,0.0288342,0.0284312,0.0280943,0.0278134,0.0275803,0.0273881,0.0272311,0.0271045,0.0270044,0.0269274,0.0268708,0.0268321,0.0268092,0.0268003,0.026804,0.0268189,0.0268439,0.0268779,0.02692,0.0269695,0.0270256,0.0270878,0.0271553,0.0272278,0.0273046,0.0273853,0.0274694,0.0275562,0.0276448,0.0277334,0.0278037,0.0279154,0.0280291,0.0281447,0.0282621,0.0283811,0.0285016,0.0286236,0.0287469,0.0288714,0.0289971,0.0291239,0.0292517,0.0293804,0.0295101,0.0296406,0.0297719,0.029904,0.0300367,0.0301701,0.0303041,0.0304387,0.0305738,0.0307094,0.0308455,0.0309821,0.031119,0.0312563,0.031394,0.031532,0.0316704,0.031809,0.0319479,0.0320871,0.0322265,0.0323661,0.0325059,0.0326459,0.0327861,0.0329264,0.0330668,0.0332074,0.0333481,0.0334889,0.0336299,0.0337708,0.0339119,0.034053,0.0341942,0.0343354,0.0344767
0.071209,0.0675185,0.0639422,0.0604956,0.0571936,0.0540482,0.0510658,0.0482457,0.0455842,0.0430846,0.0407667,0.0386612,0.036793,0.0351695,0.0337802,0.0326029,0.0316108,0.030777,0.0300769,0.0294893,0.0289963,0.0285828,0.0282366,0.0279473,0.0277067,0.0275078,0.0273447,0.0272127,0.0271077,0.0270262,0.0269655,0.0269231,0.0268967,0.0268847,0.0268855,0.0268978,0.0269202,0.0269519,0.0269919,0.0270394,0.0270936,0.0271539,0.0272198,0.0272906,0.0273659,0.0274452,0.0275279,0.0276134,0.0277007,0.027788,0.0278567,0.0279675,0.0280804,0.0281952,0.0283117,0.0284299,0.0285497,0.0286709,0.0287935,0.0289174,0.0290424,0.0291686,0.0292958,0.029424,0.0295531,0.029683,0.0298138,0.0299453,0.0300776,0.0302105,0.030344,0.0304781,0.0306128,0.0307479,0.0308836,0.0310197,0.0311562,0.0312932,0.0314305,0.0315681,0.0317061,0.0318443,0.0319829,0.0321217,0.0322607,0.0324,0.0325395,0.0326791,0.032819,0.032959,0.0330991,0.0332394,0.0333798,0.0335204,0.033661,0.0338017,0.0339425,0.0340834,0.0342243,0.0343652,0.0345063
0.0713886,0.0677083,0.0641426,0.0607066,0.0574152,0.0542803,0.0513084,0.0484992,0.0458489,0.0433595,0.0410482,0.038943,0.0370686,0.0354336,0.0340295,0.0328361,0.0318279,0.0309787,0.0302644,0.0296638,0.0291591,0.0287351,0.0283795,0.0280818,0.0278337,0.027628,0.0274589,0.0273213,0.0272114,0.0271254,0.0270606,0.0270144,0.0269846,0.0269694,0.0269673,0.0269768,0.0269968,0.0270262,0.0270639,0.0271094,0.0271617,0.0272202,0.0272844,0.0273536,0.0274274,0.0275052,0.0275865,0.0276707,0.0277567,0.0278427,0.0279099,0.0280198,0.0281317,0.0282457,0.0283614,0.0284788,0.0285979,0.0287184,0.0288403,0.0289635,0.0290878,0.0292134,0.02934,0.0294676,0.0295961,0.0297255,0.0298557,0.0299867,0.0301185,0.0302509,0.0303839,0.0305175,0.0306517,0.0307865,0.0309217,0.0310574,0.0311935,0.03133,0.0314669,0.0316042,0.0317418,0.0318797,0.0320178,0.0321563,0.032295,0.0324339,0.0325731,0.0327124,0.0328519,0.0329916,0.0331315,0.0332715,0.0334116,0.0335518,0.0336922,0.0338326,0.0339731,0.0341137,0.0342544,0.0343951,0.0345358
0.0715671,0.0678969,0.0643414,0.0609159,0.0576348,0.0545101,0.0515484,0.0487497,0.0461101,0.0436307,0.041326,0.0392217,0.0373418,0.0356961,0.034278,0.0330691,0.0320451,0.0311808,0.0304524,0.0298389,0.0293225,0.028888,0.028523,0.0282169,0.0279612,0.0277487,0.0275735,0.0274304,0.0273155,0.027225,0.027156,0.027106,0.0270728,0.0270544,0.0270494,0.0270562,0.0270736,0.0271006,0.0271362,0.0271795,0.0272299,0.0272867,0.0273491,0.0274167,0.027489,0.0275654,0.0276453,0.0277281,0.0278128,0.0278975,0.0279631,0.028072,0.0281831,0.0282962,0.0284111,0.0285278,0.0286461,0.0287659,0.0288871,0.0290096,0.0291333,0.0292582,0.0293842,0.0295112,0.0296391,0.029768,0.0298977,0.0300282,0.0301594,0.0302913,0.0304238,0.030557,0.0306908,0.030825,0.0309598,0.0310951,0.0312308,0.0313669,0.0315034,0.0316403,0.0317775,0.031915,0.0320528,0.0321909,0.0323293,0.0324679,0.0326067,0.0327457,0.0328849,0.0330243,0.0331638,0.0333035,0.0334434,0.0335833,0.0337234,0.0338635,0.0340038,0.0341441,0.0342845,0.0344249,0.0345654
0.0717445,0.0680841,0.0645388,0.0611234,0.0578524,0.0547376,0.0517858,0.0489971,0.0463679,0.0438982,0.0416001,0.0394973,0.0376127,0.0359571,0.0345257,0.0333018,0.0322625,0.0313832,0.0306409,0.0300146,0.0294865,0.0290416,0.0286671,0.0283526,0.0280893,0.02787,0.0276886,0.02754,0.02742,0.0273249,0.0272518,0.027198,0.0271612,0.0271397,0.0271316,0.0271357,0.0271506,0.0271752,0.0272086,0.0272499,0.0272983,0.0273533,0.027414,0.02748,0.0275507,0.0276256,0.0277041,0.0277855,0.027869,0.0279524,0.0280163,0.0281244,0.0282346,0.0283468,0.0284609,0.0285768,0.0286943,0.0288134,0.0289339,0.0290557,0.0291788,0.0293031,0.0294284,0.0295549,0.0296822,0.0298105,0.0299397,0.0300696,0.0302003,0.0303317,0.0304638,0.0305965,0.0307298,0.0308636,0.030998,0.0311328,0.0312681,0.0314038,0.0315399,0.0316764,0.0318133,0.0319504,0.0320879,0.0322256,0.0323636,0.0325019,0.0326404,0.0327791,0.0329179,0.033057,0.0331962,0.0333356,0.0334752,0.0336148,0.0337546,0.0338945,0.0340344,0.0341745,0.0343146,0.0344548,0.034595
0.0719208,0.0682702,0.0647347,0.0613293,0.0580681,0.054963,0.0520207,0.0492417,0.0466225,0.0441621,0.0418708,0.0397698,0.0378812,0.0362166,0.0347725,0.0335342,0.0324798,0.031586,0.0308298,0.0301908,0.0296512,0.0291957,0.0288118,0.0284888,0.0282179,0.0279917,0.0278041,0.02765,0.0275249,0.0274252,0.0273479,0.0272902,0.02725,0.0272252,0.0272142,0.0272155,0.0272278,0.02725,0.0272812,0.0273204,0.0273669,0.02742,0.027479,0.0275434,0.0276125,0.0276859,0.027763,0.0278431,0.0279252,0.0280073,0.0280697,0.0281768,0.0282861,0.0283975,0.0285108,0.0286259,0.0287427,0.028861,0.0289808,0.0291019,0.0292244,0.029348,0.0294728,0.0295986,0.0297254,0.0298531,0.0299817,0.0301111,0.0302413,0.0303722,0.0305038,0.0306361,0.0307689,0.0309023,0.0310362,0.0311706,0.0313055,0.0314408,0.0315765,0.0317126,0.031849,0.0319858,0.0321229,0.0322603,0.032398,0.0325359,0.032674,0.0328124,0.032951,0.0330897,0.0332287,0.0333677,0.033507,0.0336463,0.0337858,0.0339254,0.0340651,0.0342049,0.0343448,0.0344847,0.0346247
0.0720961,0.0684549,0.0649292,0.0615335,0.058282,0.0551862,0.0522531,0.0494836,0.0468739,0.0444226,0.0421379,0.0400392,0.0381473,0.0364743,0.0350184,0.0337661,0.0326972,0.0317889,0.0310191,0.0303675,0.0298163,0.0293505,0.0289571,0.0286256,0.0283471,0.028114,0.0279202,0.0277604,0.0276302,0.0275259,0.0274443,0.0273828,0.027339,0.027311,0.027297,0.0272955,0.0273052,0.0273251,0.027354,0.0273911,0.0274356,0.0274869,0.0275441,0.0276069,0.0276745,0.0277464,0.0278221,0.0279008,0.0279816,0.0280624,0.0281231,0.0282293,0.0283377,0.0284482,0.0285607,0.028675,0.028791,0.0289086,0.0290277,0.0291482,0.02927,0.029393,0.0295171,0.0296423,0.0297685,0.0298957,0.0300238,0.0301527,0.0302824,0.0304128,0.0305439,0.0306756,0.030808,0.0309409,0.0310744,0.0312084,0.0313429,0.0314778,0.0316131,0.0317488,0.0318849,0.0320213,0.032158,0.032295,0.0324324,0.0325699,0.0327078,0.0328458,0.032984,0.0331225,0.0332611,0.0333999,0.0335388,0.0336779,0.0338171,0.0339564,0.0340958,0.0342354,0.0343749,0.0345146,0.0346544
0.0722703,0.0686385,0.0651223,0.0617361,0.0584939,0.0554073,0.0524832,0.0497227,0.0471223,0.0446797,0.0424018,0.0403055,0.038411,0.0367303,0.0352631,0.0339975,0.0329144,0.0319921,0.0312089,0.0305447,0.029982,0.0295057,0.029103,0.028763,0.0284767,0.0282367,0.0280367,0.0278712,0.0277359,0.027627,0.0275411,0.0274757,0.0274284,0.027397,0.02738,0.0273757,0.0273828,0.0274003,0.027427,0.027462,0.0275045,0.0275539,0.0276094,0.0276705,0.0277365,0.027807,0.0278812,0.0279586,0.028038,0.0281175,0.0281766,0.0282819,0.0283894,0.0284991,0.0286107,0.0287242,0.0288395,0.0289563,0.0290747,0.0291945,0.0293156,0.029438,0.0295615,0.0296861,0.0298118,0.0299384,0.0300659,0.0301942,0.0303234,0.0304533,0.030584,0.0307152,0.0308471,0.0309796,0.0311127,0.0312462,0.0313803,0.0315148,0.0316497,0.031785,0.0319207,0.0320568,0.0321931,0.0323298,0.0324668,0.032604,0.0327415,0.0328792,0.0330171,0.0331553,0.0332936,0.0334321,0.0335707,0.0337095,0.0338484,0.0339874,0.0341266,0.0342658,0.0344052,0.0345446,0.034684
0.0724435,0.068821,0.065314,0.0619372,0.0587041,0.0556264,0.0527111,0.0499593,0.0473677,0.0449336,0.0426623,0.0405689,0.0386722,0.0369846,0.0355068,0.0342283,0.0331315,0.0321954,0.0313989,0.0307224,0.0301483,0.0296615,0.0292493,0.0289008,0.0286069,0.02836,0.0281536,0.0279825,0.027842,0.0277284,0.0276383,0.027569,0.027518,0.0274834,0.0274633,0.0274562,0.0274607,0.0274757,0.0275001,0.027533,0.0275736,0.0276211,0.0276748,0.0277342,0.0277987,0.0278676,0.0279404,0.0280164,0.0280945,0.0281727,0.0282302,0.0283345,0.0284411,0.0285499,0.0286607,0.0287735,0.0288879,0.0290041,0.0291217,0.0292408,0.0293613,0.029483,0.0296059,0.0297299,0.029855,0.029981,0.030108,0.0302359,0.0303645,0.0304939,0.0306241,0.0307549,0.0308863,0.0310184,0.031151,0.0312841,0.0314177,0.0315518,0.0316863,0.0318213,0.0319566,0.0320923,0.0322283,0.0323646,0.0325012,0.0326381,0.0327753,0.0329126,0.0330503,0.0331881,0.0333261,0.0334643,0.0336026,0.0337411,0.0338797,0.0340185,0.0341574,0.0342963,0.0344354,0.0345745,0.0347138
0.0726157,0.0690022,0.0655044,0.0621367,0.0589126,0.0558436,0.0529367,0.0501933,0.0476103,0.0451844,0.0429196,0.0408293,0.0389309,0.037237,0.0357492,0.0344585,0.0333483,0.0323988,0.0315892,0.0309004,0.030315,0.0298179,0.0293962,0.0290392,0.0287376,0.0284837,0.028271,0.0280942,0.0279485,0.0278302,0.0277358,0.0276625,0.0276079,0.02757,0.0275468,0.0275369,0.0275388,0.0275513,0.0275734,0.0276042,0.0276428,0.0276884,0.0277404,0.0277981,0.027861,0.0279284,0.0279998,0.0280744,0.0281512,0.0282279,0.0282838,0.0283872,0.0284929,0.0286008,0.0287108,0.0288228,0.0289365,0.0290518,0.0291688,0.0292872,0.029407,0.0295281,0.0296504,0.0297738,0.0298983,0.0300238,0.0301502,0.0302775,0.0304056,0.0305346,0.0306642,0.0307945,0.0309255,0.0310571,0.0311893,0.031322,0.0314552,0.0315889,0.031723,0.0318575,0.0319925,0.0321278,0.0322634,0.0323994,0.0325357,0.0326722,0.032809,0.0329461,0.0330834,0.0332209,0.0333586,0.0334965,0.0336345,0.0337727,0.0339111,0.0340496,0.0341882,0.0343269,0.0344657,0.0346045,0.0347435
0.072787,0.0691823,0.0656935,0.0623347,0.0591194,0.0560588,0.0531601,0.0504249,0.0478501,0.0454322,0.0431738,0.0410867,0.0391872,0.0374876,0.0359905,0.034688,0.0335649,0.0326022,0.0317798,0.0310788,0.0304821,0.0299747,0.0295436,0.0291781,0.0288687,0.0286079,0.0283889,0.0282063,0.0280554,0.0279323,0.0278336,0.0277563,0.0276981,0.0276568,0.0276306,0.0276178,0.027617,0.0276271,0.0276469,0.0276756,0.0277121,0.0277559,0.0278061,0.0278621,0.0279234,0.0279893,0.0280592,0.0281324,0.0282079,0.0282833,0.0283375,0.02844,0.0285448,0.0286518,0.028761,0.0288721,0.028985,0.0290997,0.0292159,0.0293336,0.0294528,0.0295732,0.0296949,0.0298177,0.0299416,0.0300665,0.0301924,0.0303192,0.0304468,0.0305752,0.0307044,0.0308342,0.0309648,0.0310959,0.0312276,0.0313599,0.0314927,0.031626,0.0317597,0.0318938,0.0320284,0.0321633,0.0322986,0.0324342,0.0325702,0.0327064,0.0328429,0.0329796,0.0331166,0.0332538,0.0333911,0.0335287,0.0336665,0.0338044,0.0339425,0.0340807,0.034219,0.0343574,0.0344959,0.0346346,0.0347733
0.0729573,0.0693613,0.0658814,0.0625313,0.0593245,0.0562722,0.0533815,0.0506542,0.0480873,0.0456771,0.043425,0.0413413,0.039441,0.0377363,0.0362304,0.0349168,0.0337812,0.0328055,0.0319705,0.0312575,0.0306497,0.030132,0.0296915,0.0293174,0.0290004,0.0287325,0.0285072,0.0283188,0.0281627,0.0280348,0.0279317,0.0278505,0.0277887,0.027744,0.0277146,0.0276989,0.0276955,0.0277031,0.0277206,0.0277471,0.0277816,0.0278235,0.0278719,0.0279263,0.0279859,0.0280503,0.0281188,0.0281906,0.0282647,0.0283387,0.0283913,0.0284928,0.0285967,0.0287029,0.0288112,0.0289215,0.0290337,0.0291476,0.0292631,0.0293801,0.0294986,0.0296184,0.0297394,0.0298616,0.029985,0.0301093,0.0302347,0.0303609,0.030488,0.0306159,0.0307446,0.030874,0.031004,0.0311347,0.031266,0.0313978,0.0315302,0.0316631,0.0317964,0.0319302,0.0320644,0.0321989,0.0323338,0.0324691,0.0326047,0.0327405,0.0328767,0.0330131,0.0331498,0.0332866,0.0334237,0.033561,0.0336985,0.0338361,0.0339738,0.0341118,0.0342498,0.034388,0.0345262,0.0346646,0.0348031
0.0731266,0.0695392,0.0660679,0.0627264,0.059528,0.0564837,0.0536008,0.0508811,0.0483219,0.0459191,0.0436733,0.0415931,0.0396924,0.0379831,0.0364691,0.0351447,0.033997,0.0330088,0.0321614,0.0314366,0.0308176,0.0302897,0.0298399,0.0294573,0.0291325,0.0288576,0.0286259,0.0284317,0.0282704,0.0281377,0.0280302,0.027945,0.0278794,0.0278314,0.0277989,0.0277803,0.0277742,0.0277793,0.0277945,0.0278188,0.0278513,0.0278912,0.0279379,0.0279905,0.0280486,0.0281114,0.0281784,0.0282488,0.0283215,0.0283943,0.0284452,0.0285457,0.0286487,0.028754,0.0288615,0.028971,0.0290824,0.0291955,0.0293103,0.0294267,0.0295445,0.0296636,0.029784,0.0299056,0.0300284,0.0301522,0.0302769,0.0304026,0.0305292,0.0306566,0.0307848,0.0309137,0.0310433,0.0311736,0.0313044,0.0314358,0.0315678,0.0317002,0.0318332,0.0319665,0.0321003,0.0322345,0.0323691,0.032504,0.0326392,0.0327747,0.0329106,0.0330466,0.033183,0.0333195,0.0334563,0.0335933,0.0337304,0.0338678,0.0340053,0.0341429,0.0342807,0.0344186,0.0345566,0.0346947,0.0348329
0.073295,0.0697161,0.0662533,0.0629202,0.0597299,0.0566935,0.0538181,0.0511058,0.048554,0.0461583,0.0439186,0.0418421,0.0399414,0.038228,0.0367063,0.0353718,0.0342124,0.033212,0.0323524,0.0316159,0.0309859,0.0304478,0.0299887,0.0295976,0.029265,0.0289831,0.028745,0.0285451,0.0283784,0.0282409,0.028129,0.0280398,0.0279705,0.027919,0.0278834,0.0278619,0.0278531,0.0278557,0.0278686,0.0278907,0.0279211,0.0279591,0.0280039,0.0280549,0.0281113,0.0281726,0.0282382,0.0283072,0.0283785,0.0284499,0.0284991,0.0285987,0.0287007,0.0288052,0.0289118,0.0290205,0.0291311,0.0292435,0.0293576,0.0294732,0.0295904,0.0297089,0.0298286,0.0299497,0.0300718,0.030195,0.0303192,0.0304444,0.0305705,0.0306974,0.0308251,0.0309535,0.0310826,0.0312124,0.0313428,0.0314738,0.0316053,0.0317374,0.0318699,0.0320029,0.0321363,0.0322701,0.0324043,0.0325389,0.0326738,0.032809,0.0329444,0.0330802,0.0332162,0.0333525,0.0334889,0.0336256,0.0337625,0.0338995,0.0340367,0.0341741,0.0343116,0.0344492,0.0345869,0.0347248,0.0348627
0.0734625,0.0698919,0.0664374,0.0631125,0.0599303,0.0569015,0.0540335,0.0513284,0.0487836,0.0463949,0.0441612,0.0420884,0.0401879,0.0384709,0.0369421,0.0355979,0.0344273,0.033415,0.0325435,0.0317954,0.0311546,0.0306064,0.030138,0.0297383,0.029398,0.0291091,0.0288646,0.0286588,0.0284868,0.0283445,0.0282282,0.0281349,0.0280619,0.028007,0.0279682,0.0279438,0.0279323,0.0279323,0.0279428,0.0279627,0.0279911,0.0280272,0.0280702,0.0281194,0.0281742,0.028234,0.028298,0.0283656,0.0284355,0.0285056,0.0285532,0.0286517,0.0287529,0.0288564,0.0289622,0.0290701,0.0291799,0.0292915,0.0294049,0.0295199,0.0296363,0.0297541,0.0298733,0.0299937,0.0301153,0.0302379,0.0303616,0.0304862,0.0306118,0.0307382,0.0308654,0.0309933,0.031122,0.0312513,0.0313813,0.0315118,0.031643,0.0317746,0.0319067,0.0320393,0.0321724,0.0323058,0.0324396,0.0325738,0.0327084,0.0328432,0.0329784,0.0331138,0.0332495,0.0333854,0.0335216,0.0336579,0.0337945,0.0339312,0.0340682,0.0342052,0.0343425,0.0344798,0.0346173,0.0347549,0.0348926
0.0736291,0.0700666,0.0666203,0.0633036,0.0601291,0.0571079,0.054247,0.0515488,0.0490109,0.0466289,0.044401,0.042332,0.0404321,0.0387119,0.0371765,0.0358231,0.0346417,0.0336177,0.0327345,0.0319751,0.0313236,0.0307653,0.0302876,0.0298795,0.0295315,0.0292354,0.0289845,0.0287729,0.0285956,0.0284484,0.0283277,0.0282303,0.0281535,0.0280952,0.0280532,0.0280258,0.0280116,0.0280091,0.0280173,0.028035,0.0280613,0.0280954,0.0281365,0.028184,0.0282372,0.0282954,0.028358,0.0284241,0.0284927,0.0285613,0.0286073,0.0287048,0.0288051,0.0289077,0.0290126,0.0291197,0.0292287,0.0293396,0.0294523,0.0295665,0.0296823,0.0297995,0.029918,0.0300378,0.0301588,0.0302809,0.030404,0.0305281,0.0306531,0.030779,0.0309057,0.0310332,0.0311614,0.0312902,0.0314198,0.0315499,0.0316806,0.0318118,0.0319435,0.0320758,0.0322084,0.0323415,0.0324749,0.0326088,0.032743,0.0328775,0.0330123,0.0331474,0.0332827,0.0334184,0.0335542,0.0336903,0.0338266,0.033963,0.0340997,0.0342364,0.0343734,0.0345105,0.0346477,0.034785,0.0349224
0.0737947,0.0702404,0.0668021,0.0634933,0.0603265,0.0573126,0.0544587,0.0517672,0.049236,0.0468604,0.0446382,0.042573,0.0406739,0.038951,0.0374095,0.0360473,0.0348555,0.0338203,0.0329256,0.032155,0.0314928,0.0309246,0.0304377,0.0300211,0.0296653,0.0293622,0.0291049,0.0288874,0.0287048,0.0285527,0.0284275,0.028326,0.0282455,0.0281836,0.0281385,0.0281081,0.0280911,0.0280861,0.0280919,0.0281073,0.0281316,0.0281637,0.028203,0.0282488,0.0283003,0.028357,0.028418,0.0284827,0.0285499,0.0286172,0.0286614,0.028758,0.0288573,0.0289591,0.0290632,0.0291694,0.0292776,0.0293878,0.0294997,0.0296132,0.0297283,0.0298449,0.0299628,0.0300819,0.0302023,0.0303238,0.0304464,0.03057,0.0306945,0.0308198,0.030946,0.031073,0.0312008,0.0313292,0.0314583,0.031588,0.0317182,0.0318491,0.0319804,0.0321122,0.0322445,0.0323772,0.0325103,0.0326438,0.0327776,0.0329118,0.0330462,0.033181,0.0333161,0.0334514,0.0335869,0.0337227,0.0338586,0.0339948,0.0341312,0.0342677,0.0344043,0.0345412,0.0346781,0.0348152,0.0349523
0.0739596,0.0704131,0.0669828,0.0636817,0.0605225,0.0575157,0.0546685,0.0519836,0.0494588,0.0470895,0.0448728,0.0428114,0.0409134,0.039188,0.0376409,0.0362704,0.0350686,0.0340225,0.0331166,0.032335,0.0316623,0.0310842,0.0305881,0.0301631,0.0297996,0.0294894,0.0292257,0.0290023,0.0288143,0.0286573,0.0285276,0.0284219,0.0283377,0.0282724,0.028224,0.0281907,0.0281709,0.0281633,0.0281667,0.0281799,0.028202,0.0282322,0.0282697,0.0283137,0.0283635,0.0284186,0.0284782,0.0285414,0.0286072,0.0286731,0.0287157,0.0288113,0.0289096,0.0290105,0.0291137,0.0292191,0.0293266,0.029436,0.0295471,0.02966,0.0297744,0.0298903,0.0300075,0.0301261,0.0302459,0.0303668,0.0304888,0.0306119,0.0307358,0.0308607,0.0309864,0.0311129,0.0312402,0.0313682,0.0314968,0.0316261,0.0317559,0.0318863,0.0320173,0.0321487,0.0322806,0.0324129,0.0325456,0.0326788,0.0328122,0.0329461,0.0330802,0.0332146,0.0333494,0.0334844,0.0336196,0.0337551,0.0338907,0.0340266,0.0341627,0.0342989,0.0344353,0.0345719,0.0347085,0.0348453,0.0349823
0.0741235,0.0705849,0.0671623,0.0638689,0.060717,0.0577172,0.0548766,0.0521981,0.0496795,0.0473162,0.0451049,0.0430473,0.0411505,0.0394232,0.0378708,0.0364925,0.0352811,0.0342243,0.0333075,0.0325151,0.031832,0.0312441,0.0307389,0.0303055,0.0299343,0.029617,0.0293468,0.0291176,0.0289242,0.0287622,0.028628,0.0285182,0.0284302,0.0283613,0.0283097,0.0282734,0.0282509,0.0282407,0.0282416,0.0282526,0.0282726,0.0283008,0.0283364,0.0283787,0.0284269,0.0284804,0.0285384,0.0286003,0.0286646,0.0287291,0.02877,0.0288646,0.028962,0.029062,0.0291643,0.0292689,0.0293756,0.0294842,0.0295946,0.0297068,0.0298205,0.0299357,0.0300524,0.0301703,0.0302895,0.0304099,0.0305313,0.0306538,0.0307772,0.0309016,0.0310268,0.0311529,0.0312797,0.0314072,0.0315354,0.0316642,0.0317936,0.0319236,0.0320542,0.0321852,0.0323167,0.0324486,0.032581,0.0327138,0.0328469,0.0329804,0.0331142,0.0332483,0.0333827,0.0335174,0.0336523,0.0337875,0.0339229,0.0340584,0.0341942,0.0343302,0.0344663,0.0346026,0.034739,0.0348755,0.0350122
0.0742866,0.0707557,0.0673408,0.0640548,0.0609101,0.0579171,0.0550831,0.0524106,0.049898,0.0475406,0.0453345,0.0432808,0.0413853,0.0396563,0.0380991,0.0367135,0.0354928,0.0344258,0.0334983,0.0326953,0.0320018,0.0314043,0.03089,0.0304482,0.0300693,0.029745,0.0294683,0.0292332,0.0290344,0.0288675,0.0287287,0.0286148,0.0285229,0.0284506,0.0283957,0.0283564,0.028331,0.0283183,0.0283168,0.0283255,0.0283434,0.0283696,0.0284033,0.0284438,0.0284904,0.0285423,0.0285988,0.0286592,0.0287221,0.0287852,0.0288244,0.028918,0.0290145,0.0291135,0.029215,0.0293188,0.0294246,0.0295325,0.0296422,0.0297536,0.0298667,0.0299812,0.0300972,0.0302146,0.0303332,0.0304529,0.0305738,0.0306958,0.0308187,0.0309425,0.0310673,0.0311928,0.0313191,0.0314462,0.031574,0.0317023,0.0318314,0.0319609,0.0320911,0.0322217,0.0323528,0.0324844,0.0326164,0.0327488,0.0328816,0.0330147,0.0331482,0.033282,0.0334161,0.0335504,0.0336851,0.0338199,0.033955,0.0340903,0.0342258,0.0343615,0.0344973,0.0346333,0.0347695,0.0349057,0.0350421
0.0744489,0.0709255,0.0675181,0.0642396,0.0611019,0.0581156,0.0552878,0.0526214,0.0501145,0.0477627,0.0455618,0.0435118,0.0416179,0.0398875,0.0383259,0.0369333,0.0357038,0.0346268,0.0336889,0.0328754,0.0321719,0.0315647,0.0310415,0.0305913,0.0302047,0.0298734,0.0295902,0.0293491,0.0291449,0.0289731,0.0288298,0.0287117,0.028616,0.0285401,0.0284819,0.0284396,0.0284114,0.028396,0.0283921,0.0283986,0.0284143,0.0284385,0.0284704,0.0285091,0.0285539,0.0286042,0.0286593,0.0287182,0.0287797,0.0288414,0.0288788,0.0289715,0.029067,0.0291651,0.0292658,0.0293687,0.0294737,0.0295808,0.0296898,0.0298005,0.0299128,0.0300268,0.0301421,0.0302588,0.0303768,0.030496,0.0306164,0.0307378,0.0308602,0.0309835,0.0311077,0.0312328,0.0313587,0.0314853,0.0316126,0.0317405,0.0318691,0.0319983,0.032128,0.0322583,0.032389,0.0325202,0.0326518,0.0327839,0.0329163,0.0330491,0.0331822,0.0333157,0.0334495,0.0335835,0.0337178,0.0338524,0.0339872,0.0341222,0.0342574,0.0343928,0.0345283,0.0346641,0.0347999,0.034936,0.0350721
0.0746104,0.0710944,0.0676945,0.0644231,0.0612924,0.0583126,0.055491,0.0528303,0.0503291,0.0479827,0.0457867,0.0437406,0.0418483,0.0401167,0.0385511,0.0371519,0.035914,0.0348274,0.0338793,0.0330556,0.0323421,0.0317253,0.0311932,0.0307348,0.0303405,0.0300021,0.0297125,0.0294655,0.0292558,0.029079,0.0289312,0.0288089,0.0287093,0.0286298,0.0285684,0.028523,0.028492,0.028474,0.0284676,0.0284718,0.0284854,0.0285076,0.0285376,0.0285745,0.0286176,0.0286663,0.0287198,0.0287772,0.0288374,0.0288976,0.0289334,0.029025,0.0291196,0.0292168,0.0293165,0.0294186,0.0295229,0.0296292,0.0297374,0.0298474,0.0299591,0.0300723,0.030187,0.0303031,0.0304205,0.0305392,0.0306589,0.0307798,0.0309017,0.0310245,0.0311482,0.0312728,0.0313982,0.0315243,0.0316512,0.0317787,0.0319069,0.0320356,0.032165,0.0322948,0.0324252,0.032556,0.0326873,0.032819,0.032951,0.0330835,0.0332163,0.0333494,0.0334829,0.0336166,0.0337506,0.0338848,0.0340193,0.034154,0.034289,0.0344241,0.0345594,0.0346948,0.0348305,0.0349662,0.0351021
0.074771,0.0712624,0.0678697,0.0646055,0.0614816,0.0585082,0.0556925,0.0530375,0.0505417,0.0482006,0.0460094,0.043967,0.0420765,0.0403441,0.0387748,0.0373694,0.0361233,0.0350274,0.0340694,0.0332357,0.0325123,0.0318862,0.0313452,0.0308785,0.0304766,0.0301312,0.0298351,0.0295821,0.0293671,0.0291853,0.0290328,0.0289063,0.0288029,0.0287198,0.0286551,0.0286066,0.0285728,0.0285521,0.0285433,0.0285452,0.0285566,0.0285768,0.0286049,0.02864,0.0286814,0.0287285,0.0287805,0.0288364,0.0288951,0.028954,0.028988,0.0290786,0.0291722,0.0292685,0.0293674,0.0294686,0.0295721,0.0296776,0.0297851,0.0298944,0.0300054,0.0301179,0.030232,0.0303475,0.0304643,0.0305823,0.0307015,0.0308219,0.0309432,0.0310655,0.0311887,0.0313128,0.0314378,0.0315634,0.0316898,0.0318169,0.0319447,0.032073,0.0322019,0.0323314,0.0324614,0.0325918,0.0327227,0.0328541,0.0329858,0.0331179,0.0332504,0.0333832,0.0335163,0.0336497,0.0337834,0.0339173,0.0340515,0.034186,0.0343206,0.0344554,0.0345904,0.0347256,0.034861,0.0349965,0.0351321
0.0749309,0.0714295,0.068044,0.0647867,0.0616695,0.0587023,0.0558925,0.053243,0.0507525,0.0484164,0.0462299,0.0441911,0.0423025,0.0405694,0.0389968,0.0375856,0.0363318,0.0352269,0.0342593,0.0334157,0.0326827,0.0320473,0.0314975,0.0310225,0.030613,0.0302606,0.029958,0.0296992,0.0294786,0.0292918,0.0291348,0.0290041,0.0288967,0.0288101,0.028742,0.0286905,0.0286538,0.0286305,0.0286192,0.0286187,0.028628,0.0286462,0.0286723,0.0287056,0.0287454,0.0287908,0.0288412,0.0288957,0.028953,0.0290104,0.0290426,0.0291323,0.0292249,0.0293203,0.0294183,0.0295187,0.0296214,0.0297261,0.0298328,0.0299414,0.0300517,0.0301636,0.030277,0.0303919,0.0305081,0.0306255,0.0307442,0.0308639,0.0309848,0.0311066,0.0312293,0.0313529,0.0314773,0.0316026,0.0317285,0.0318552,0.0319825,0.0321104,0.0322389,0.032368,0.0324976,0.0326277,0.0327582,0.0328892,0.0330206,0.0331523,0.0332845,0.0334169,0.0335497,0.0336828,0.0338162,0.0339498,0.0340837,0.0342179,0.0343522,0.0344868,0.0346215,0.0347564,0.0348915,0.0350268,0.0351621
0.07509,0.0715957,0.0682172,0.0649668,0.0618561,0.0588951,0.056091,0.0534468,0.0509614,0.0486302,0.0464483,0.0444131,0.0425264,0.0407929,0.0392172,0.0378006,0.0365394,0.0354259,0.0344488,0.0335956,0.0328531,0.0322085,0.0316499,0.0311669,0.0307498,0.0303903,0.0300813,0.0298165,0.0295905,0.0293987,0.0292371,0.0291021,0.0289908,0.0289006,0.0288292,0.0287746,0.028735,0.028709,0.0286952,0.0286925,0.0286996,0.0287157,0.0287399,0.0287714,0.0288094,0.0288533,0.0289021,0.0289551,0.0290109,0.0290669,0.0290974,0.029186,0.0292777,0.0293722,0.0294693,0.0295688,0.0296707,0.0297746,0.0298806,0.0299884,0.030098,0.0302093,0.0303221,0.0304363,0.0305519,0.0306688,0.0307868,0.0309061,0.0310263,0.0311476,0.0312699,0.031393,0.031517,0.0316417,0.0317672,0.0318935,0.0320203,0.0321479,0.032276,0.0324046,0.0325338,0.0326635,0.0327937,0.0329243,0.0330553,0.0331868,0.0333186,0.0334507,0.0335832,0.033716,0.033849,0.0339824,0.034116,0.0342498,0.0343839,0.0345181,0.0346526,0.0347873,0.0349221,0.0350571,0.0351922
0.0752483,0.071761,0.0683895,0.0651459,0.0620416,0.0590866,0.056288,0.053649,0.0511685,0.0488421,0.0466646,0.0446329,0.0427482,0.0410145,0.0394361,0.0380143,0.0367461,0.0356242,0.034638,0.0337754,0.0330235,0.0323698,0.0318027,0.0313115,0.0308868,0.0305203,0.0302049,0.0299342,0.0297027,0.0295059,0.0293396,0.0292004,0.0290852,0.0289913,0.0289166,0.0288589,0.0288164,0.0287878,0.0287715,0.0287663,0.0287713,0.0287853,0.0288076,0.0288373,0.0288736,0.0289158,0.0289631,0.0290146,0.0290689,0.0291235,0.0291522,0.0292398,0.0293305,0.0294241,0.0295203,0.029619,0.02972,0.0298232,0.0299284,0.0300355,0.0301444,0.030255,0.0303671,0.0304808,0.0305957,0.030712,0.0308295,0.0309482,0.031068,0.0311887,0.0313105,0.0314331,0.0315566,0.0316809,0.031806,0.0319317,0.0320582,0.0321853,0.032313,0.0324413,0.0325701,0.0326994,0.0328292,0.0329595,0.0330902,0.0332212,0.0333527,0.0334845,0.0336167,0.0337491,0.0338819,0.0340149,0.0341482,0.0342818,0.0344155,0.0345495,0.0346837,0.0348181,0.0349527,0.0350874,0.0352222
0.0754058,0.0719255,0.0685608,0.0653238,0.0622258,0.0592767,0.0564836,0.0538496,0.0513739,0.0490521,0.0468788,0.0448507,0.042968,0.0412342,0.0396533,0.0382267,0.0369519,0.0358219,0.0348269,0.033955,0.0331939,0.0325312,0.0319555,0.0314563,0.0310241,0.0306507,0.0303288,0.0300521,0.0298152,0.0296134,0.0294425,0.029299,0.0291798,0.0290824,0.0290042,0.0289434,0.0288981,0.0288667,0.0288479,0.0288404,0.0288432,0.0288551,0.0288755,0.0289033,0.0289379,0.0289784,0.0290242,0.0290741,0.029127,0.0291801,0.0292072,0.0292937,0.0293834,0.0294761,0.0295714,0.0296692,0.0297694,0.0298718,0.0299763,0.0300827,0.0301909,0.0303008,0.0304123,0.0305252,0.0306396,0.0307553,0.0308723,0.0309904,0.0311096,0.0312298,0.0313511,0.0314732,0.0315962,0.0317201,0.0318447,0.0319701,0.0320961,0.0322228,0.0323501,0.032478,0.0326064,0.0327353,0.0328648,0.0329947,0.033125,0.0332557,0.0333868,0.0335183,0.0336501,0.0337823,0.0339147,0.0340475,0.0341805,0.0343137,0.0344472,0.0345809,0.0347149,0.034849,0.0349832,0.0351177,0.0352523
0.0755626,0.0720891,0.0687312,0.0655007,0.0624089,0.0594655,0.0566777,0.0540487,0.0515776,0.0492603,0.0470911,0.0450664,0.0431857,0.041452,0.0398689,0.0384379,0.0371566,0.0360189,0.0350153,0.0341344,0.0333642,0.0326928,0.0321086,0.0316014,0.0311617,0.0307814,0.030453,0.0301704,0.029928,0.0297211,0.0295456,0.0293978,0.0292747,0.0291736,0.0290921,0.0290281,0.0289799,0.0289458,0.0289245,0.0289146,0.0289152,0.0289251,0.0289435,0.0289695,0.0290023,0.0290412,0.0290853,0.0291338,0.0291852,0.0292369,0.0292621,0.0293477,0.0294364,0.0295281,0.0296225,0.0297195,0.0298189,0.0299205,0.0300242,0.0301299,0.0302374,0.0303466,0.0304574,0.0305698,0.0306835,0.0307986,0.030915,0.0310326,0.0311513,0.031271,0.0313917,0.0315134,0.0316359,0.0317593,0.0318835,0.0320084,0.032134,0.0322603,0.0323872,0.0325146,0.0326427,0.0327713,0.0329003,0.0330299,0.0331598,0.0332902,0.033421,0.0335522,0.0336837,0.0338155,0.0339476,0.0340801,0.0342128,0.0343457,0.0344789,0.0346124,0.034746,0.0348798,0.0350139,0.035148,0.0352824
