CH4 Viscosity [uPa_s] Mixed
17.6774,14.2537,13.8534,13.597,13.405,13.2503,13.1202,13.0078,12.9087,12.8199,12.7395,12.666,12.5983,12.5356,12.4771,12.4223,12.3708,12.3222,12.2762,12.2325,12.1909,12.1513,12.1135,12.0772,12.0424,12.009,11.9769,11.946,11.9161,11.8873,11.8594,11.8325,11.8064,11.7811,11.7566,11.7328,11.7096,11.6871,11.6652,11.6439,11.6232,11.603,11.5832,11.564,11.5452,11.5269,11.509,11.4914,11.4743,11.4576,11.4412,11.4251,11.4094,11.394,11.3789,11.3642,11.3497,11.3355,11.3215,11.3078,11.2944,11.2812,11.2683,11.2555,11.2431,11.2308,11.2187,11.2068,11.1952,11.1837,11.1724,11.1613,11.1504,11.1396,11.129,11.1186,11.1084,11.0982,11.0883,11.0785,11.0688,11.0593,11.0499,11.0407,11.0316,11.0226,11.0137,11.005,10.9963,10.9878,10.9795,10.9712,10.963,10.955,10.947,10.9392,10.9314,10.9238,10.9162,10.9088,10.9014
19.1135,14.5077,13.9905,13.6954,13.4832,13.3159,13.1772,13.0584,12.9543,12.8616,12.778,12.7018,12.6318,12.567,12.5068,12.4505,12.3976,12.3478,12.3007,12.2561,12.2136,12.1732,12.1345,12.0976,12.0622,12.0282,11.9955,11.964,11.9337,11.9044,11.8761,11.8488,11.8223,11.7966,11.7718,11.7476,11.7242,11.7014,11.6792,11.6576,11.6366,11.6161,11.5962,11.5767,11.5577,11.5391,11.521,11.5033,11.486,11.4691,11.4525,11.4363,11.4204,11.4049,11.3897,11.3747,11.3601,11.3457,11.3317,11.3178,11.3043,11.291,11.2779,11.2651,11.2525,11.2401,11.2279,11.2159,11.2042,11.1926,11.1812,11.17,11.159,11.1482,11.1375,11.127,11.1166,11.1065,11.0964,11.0865,11.0768,11.0672,11.0577,11.0484,11.0392,11.0302,11.0213,11.0125,11.0038,10.9952,10.9868,10.9784,10.9702,10.9621,10.9541,10.9462,10.9384,10.9307,10.9231,10.9156,10.9082
19.5108,14.9107,14.1536,13.805,13.5679,13.3858,13.2372,13.1113,13.0017,12.9047,12.8176,12.7385,12.6661,12.5993,12.5372,12.4793,12.425,12.3739,12.3257,12.28,12.2366,12.1953,12.1559,12.1183,12.0822,12.0476,12.0143,11.9823,11.9514,11.9217,11.893,11.8652,11.8383,11.8123,11.7871,11.7626,11.7388,11.7157,11.6933,11.6714,11.6501,11.6294,11.6092,11.5895,11.5703,11.5515,11.5332,11.5153,11.4978,11.4807,11.4639,11.4476,11.4315,11.4158,11.4004,11.3854,11.3706,11.3561,11.3419,11.3279,11.3142,11.3008,11.2876,11.2747,11.262,11.2495,11.2372,11.2251,11.2132,11.2016,11.1901,11.1788,11.1677,11.1567,11.146,11.1354,11.125,11.1147,11.1046,11.0946,11.0848,11.0751,11.0656,11.0562,11.047,11.0378,11.0288,11.02,11.0112,11.0026,10.9941,10.9857,10.9774,10.9692,10.9612,10.9532,10.9454,10.9376,10.93,10.9224,10.9149
19.7774,16.9275,14.3567,13.9292,13.6603,13.4607,13.3007,13.1667,13.0512,12.9495,12.8586,12.7764,12.7014,12.6323,12.5683,12.5087,12.453,12.4006,12.3512,12.3044,12.2601,12.2179,12.1777,12.1392,12.1025,12.0672,12.0333,12.0008,11.9694,11.9392,11.91,11.8818,11.8546,11.8281,11.8025,11.7777,11.7536,11.7302,11.7075,11.6853,11.6638,11.6428,11.6224,11.6024,11.583,11.564,11.5455,11.5274,11.5097,11.4924,11.4754,11.4589,11.4427,11.4268,11.4113,11.3961,11.3811,11.3665,11.3521,11.3381,11.3243,11.3107,11.2974,11.2843,11.2715,11.2589,11.2465,11.2343,11.2223,11.2106,11.199,11.1876,11.1764,11.1654,11.1545,11.1438,11.1333,11.123,11.1128,11.1027,11.0929,11.0831,11.0735,11.0641,11.0547,11.0455,11.0365,11.0275,11.0187,11.01,11.0015,10.993,10.9847,10.9764,10.9683,10.9603,10.9524,10.9446,10.9369,10.9292,10.9217
19.9843,18.9188,14.6319,14.073,13.7623,13.5413,13.3681,13.225,13.1028,12.996,12.901,12.8155,12.7377,12.6662,12.6002,12.5389,12.4815,12.4278,12.3771,12.3292,12.2839,12.2408,12.1997,12.1605,12.123,12.0871,12.0527,12.0195,11.9876,11.9569,11.9273,11.8986,11.8709,11.8441,11.8182,11.793,11.7686,11.7448,11.7218,11.6994,11.6776,11.6563,11.6356,11.6154,11.5958,11.5766,11.5578,11.5395,11.5216,11.5041,11.487,11.4703,11.4539,11.4379,11.4222,11.4068,11.3917,11.377,11.3625,11.3483,11.3343,11.3206,11.3072,11.294,11.2811,11.2684,11.2559,11.2436,11.2315,11.2196,11.2079,11.1965,11.1852,11.174,11.1631,11.1523,11.1417,11.1313,11.121,11.1109,11.1009,11.0911,11.0814,11.0719,11.0625,11.0533,11.0441,11.0351,11.0262,11.0175,11.0088,11.0003,10.9919,10.9836,10.9755,10.9674,10.9594,10.9515,10.9438,10.9361,10.9286
20.1558,19.3645,15.0819,14.245,13.8763,13.6287,13.4399,13.2864,13.1568,13.0444,12.945,12.8558,12.775,12.7011,12.6329,12.5697,12.5107,12.4555,12.4035,12.3545,12.3081,12.2641,12.2221,12.1821,12.1439,12.1073,12.0722,12.0385,12.0061,11.9748,11.9447,11.9156,11.8875,11.8603,11.834,11.8084,11.7837,11.7596,11.7363,11.7135,11.6914,11.6699,11.649,11.6286,11.6087,11.5892,11.5703,11.5518,11.5337,11.516,11.4987,11.4818,11.4653,11.4491,11.4332,11.4177,11.4024,11.3875,11.3729,11.3585,11.3445,11.3307,11.3171,11.3038,11.2907,11.2779,11.2653,11.2529,11.2407,11.2287,11.2169,11.2054,11.194,11.1828,11.1717,11.1609,11.1502,11.1397,11.1293,11.1191,11.1091,11.0992,11.0894,11.0798,11.0703,11.061,11.0518,11.0427,11.0338,11.025,11.0163,11.0077,10.9992,10.9909,10.9826,10.9745,10.9665,10.9586,10.9507,10.943,10.9354
20.3037,19.6528,16.8401,14.4612,14.0058,13.7242,13.5168,13.3515,13.2135,13.0948,12.9905,12.8975,12.8135,12.7369,12.6664,12.6012,12.5406,12.4838,12.4305,12.3803,12.3328,12.2877,12.2449,12.2041,12.1651,12.1278,12.0921,12.0577,12.0248,11.993,11.9624,11.9328,11.9043,11.8767,11.8499,11.824,11.7989,11.7745,11.7509,11.7278,11.7055,11.6837,11.6625,11.6418,11.6217,11.602,11.5828,11.5641,11.5458,11.5279,11.5105,11.4934,11.4766,11.4603,11.4443,11.4286,11.4132,11.3981,11.3834,11.3689,11.3547,11.3407,11.327,11.3136,11.3004,11.2875,11.2747,11.2622,11.2499,11.2379,11.226,11.2143,11.2028,11.1915,11.1804,11.1695,11.1587,11.1481,11.1376,11.1274,11.1172,11.1073,11.0974,11.0877,11.0782,11.0688,11.0595,11.0504,11.0414,11.0325,11.0237,11.0151,11.0066,10.9981,10.9898,10.9817,10.9736,10.9656,10.9577,10.95,10.9423
20.4346,19.8726,18.7199,14.7576,14.1564,13.8299,13.5998,13.4206,13.2731,13.1475,13.0379,12.9407,12.8532,12.7737,12.7009,12.6336,12.5711,12.5127,12.458,12.4065,12.3579,12.3118,12.268,12.2264,12.1866,12.1486,12.1122,12.0772,12.0437,12.0114,11.9802,11.9502,11.9212,11.8932,11.8661,11.8398,11.8143,11.7896,11.7656,11.7423,11.7196,11.6975,11.6761,11.6552,11.6348,11.6149,11.5955,11.5765,11.558,11.54,11.5223,11.505,11.4881,11.4716,11.4554,11.4396,11.424,11.4088,11.3939,11.3793,11.3649,11.3508,11.337,11.3235,11.3102,11.2971,11.2843,11.2716,11.2592,11.2471,11.2351,11.2233,11.2117,11.2003,11.1891,11.1781,11.1672,11.1565,11.146,11.1356,11.1254,11.1154,11.1055,11.0957,11.0861,11.0766,11.0673,11.0581,11.049,11.04,11.0312,11.0225,11.0139,11.0054,10.9971,10.9888,10.9807,10.9727,10.9647,10.9569,10.9492
20.5525,20.0532,19.2164,15.2512,14.3374,13.9482,13.6899,13.4943,13.336,13.2026,13.0872,12.9854,12.8942,12.8117,12.7362,12.6667,12.6023,12.5423,12.4861,12.4333,12.3834,12.3363,12.2916,12.249,12.2084,12.1697,12.1326,12.097,12.0628,12.03,11.9983,11.9678,11.9383,11.9099,11.8823,11.8557,11.8299,11.8048,11.7805,11.7568,11.7339,11.7115,11.6898,11.6686,11.648,11.6279,11.6082,11.5891,11.5704,11.5521,11.5342,11.5168,11.4997,11.483,11.4666,11.4506,11.4349,11.4196,11.4045,11.3897,11.3752,11.361,11.3471,11.3334,11.32,11.3068,11.2938,11.2811,11.2686,11.2563,11.2442,11.2323,11.2207,11.2092,11.1979,11.1867,11.1758,11.165,11.1544,11.144,11.1337,11.1235,11.1136,11.1037,11.094,11.0845,11.0751,11.0658,11.0566,11.0476,11.0387,11.03,11.0213,11.0128,11.0044,10.996,10.9879,10.9798,10.9718,10.9639,10.9561
20.6601,20.2078,19.527,16.8116,14.5664,14.083,13.7886,13.5734,13.4026,13.2605,13.1387,13.0318,12.9367,12.8508,12.7726,12.7007,12.6343,12.5725,12.5148,12.4606,12.4095,12.3612,12.3155,12.272,12.2306,12.1911,12.1532,12.117,12.0822,12.0488,12.0166,11.9856,11.9557,11.9268,11.8988,11.8718,11.8456,11.8202,11.7955,11.7715,11.7483,11.7256,11.7036,11.6822,11.6613,11.6409,11.6211,11.6017,11.5828,11.5643,11.5462,11.5286,11.5113,11.4944,11.4779,11.4617,11.4459,11.4304,11.4152,11.4002,11.3856,11.3713,11.3572,11.3434,11.3298,11.3165,11.3035,11.2906,11.278,11.2656,11.2534,11.2414,11.2297,11.2181,11.2067,11.1954,11.1844,11.1735,11.1628,11.1523,11.1419,11.1317,11.1217,11.1118,11.102,11.0924,11.0829,11.0735,11.0643,11.0552,11.0463,11.0374,11.0287,11.0201,11.0117,11.0033,10.995,10.9869,10.9788,10.9709,10.9631
20.7594,20.344,19.7602,18.522,14.8829,14.2404,13.8979,13.6588,13.4734,13.3215,13.1924,13.0801,12.9806,12.8912,12.81,12.7356,12.6671,12.6034,12.544,12.4884,12.436,12.3866,12.3398,12.2954,12.2531,12.2128,12.1742,12.1373,12.1019,12.0679,12.0351,12.0036,11.9732,11.9438,11.9155,11.888,11.8614,11.8357,11.8107,11.7864,11.7628,11.7399,11.7176,11.6959,11.6747,11.6541,11.634,11.6144,11.5953,11.5766,11.5583,11.5405,11.5231,11.506,11.4893,11.4729,11.4569,11.4413,11.4259,11.4108,11.3961,11.3816,11.3674,11.3534,11.3398,11.3263,11.3131,11.3002,11.2875,11.275,11.2627,11.2506,11.2387,11.227,11.2155,11.2042,11.1931,11.1821,11.1713,11.1607,11.1503,11.14,11.1298,11.1198,11.11,11.1003,11.0908,11.0813,11.072,11.0629,11.0539,11.045,11.0362,11.0275,11.019,11.0106,11.0022,10.994,10.9859,10.9779,10.9701
20.8518,20.4662,19.95,19.0678,15.4123,14.4303,14.0206,13.7516,13.5491,13.3859,13.2487,13.1303,13.0261,12.9328,12.8485,12.7715,12.7007,12.6351,12.574,12.5168,12.4631,12.4125,12.3646,12.3192,12.276,12.2348,12.1955,12.1579,12.1218,12.0872,12.0539,12.0218,11.9909,11.9611,11.9323,11.9044,11.8775,11.8513,11.826,11.8014,11.7775,11.7543,11.7317,11.7097,11.6883,11.6674,11.6471,11.6273,11.6079,11.589,11.5705,11.5525,11.5349,11.5176,11.5007,11.4842,11.4681,11.4522,11.4367,11.4215,11.4066,11.392,11.3776,11.3636,11.3497,11.3362,11.3229,11.3098,11.297,11.2844,11.272,11.2598,11.2478,11.236,11.2244,11.213,11.2018,11.1907,11.1799,11.1692,11.1586,11.1482,11.138,11.128,11.118,11.1083,11.0986,11.0892,11.0798,11.0706,11.0615,11.0525,11.0437,11.0349,11.0263,11.0179,11.0095,11.0012,10.9931,10.985,10.9771
20.9383,20.5775,20.1115,19.4008,16.7979,14.6715,14.1607,13.8535,13.6303,13.4541,13.3079,13.1828,13.0733,12.976,12.8882,12.8084,12.7352,12.6675,12.6046,12.5458,12.4907,12.4388,12.3898,12.3433,12.2992,12.2572,12.2171,12.1787,12.142,12.1068,12.0729,12.0403,12.0089,11.9786,11.9493,11.921,11.8937,11.8672,11.8414,11.8165,11.7923,11.7688,11.7459,11.7236,11.7019,11.6808,11.6603,11.6402,11.6206,11.6015,11.5828,11.5646,11.5468,11.5293,11.5123,11.4956,11.4792,11.4632,11.4476,11.4322,11.4172,11.4024,11.3879,11.3737,11.3598,11.3461,11.3327,11.3195,11.3065,11.2938,11.2813,11.269,11.2569,11.245,11.2333,11.2218,11.2105,11.1994,11.1884,11.1776,11.167,11.1566,11.1463,11.1361,11.1261,11.1163,11.1066,11.097,11.0876,11.0783,11.0691,11.0601,11.0512,11.0424,11.0337,11.0252,11.0168,11.0084,11.0002,10.9921,10.9841
21.0198,20.6798,20.253,19.6474,18.3316,15.0061,14.3247,13.9664,13.7181,13.5266,13.3702,13.2376,13.1225,13.0206,12.9293,12.8464,12.7706,12.7007,12.6359,12.5755,12.5189,12.4657,12.4155,12.3679,12.3228,12.2799,12.239,12.1999,12.1625,12.1266,12.0921,12.059,12.027,11.9963,11.9665,11.9378,11.91,11.8831,11.8571,11.8318,11.8072,11.7834,11.7602,11.7377,11.7157,11.6944,11.6735,11.6532,11.6334,11.6141,11.5952,11.5768,11.5587,11.5411,11.5239,11.507,11.4905,11.4744,11.4585,11.443,11.4278,11.4129,11.3983,11.384,11.3699,11.3561,11.3425,11.3292,11.3161,11.3033,11.2907,11.2783,11.2661,11.2541,11.2423,11.2307,11.2193,11.2081,11.197,11.1862,11.1755,11.1649,11.1545,11.1443,11.1342,11.1243,11.1145,11.1049,11.0954,11.086,11.0768,11.0677,11.0587,11.0499,11.0412,11.0325,11.0241,11.0157,11.0074,10.9992,10.9912
21.0968,20.7749,20.3796,19.8464,18.9202,15.5595,14.523,14.0933,13.8136,13.6042,13.436,13.2951,13.1737,13.0669,12.9716,12.8855,12.807,12.7348,12.6679,12.6058,12.5476,12.493,12.4416,12.393,12.3469,12.303,12.2613,12.2214,12.1832,12.1467,12.1116,12.0779,12.0454,12.0141,11.984,11.9548,11.9266,11.8993,11.8729,11.8472,11.8223,11.7982,11.7747,11.7518,11.7296,11.708,11.6869,11.6664,11.6463,11.6268,11.6077,11.589,11.5708,11.553,11.5356,11.5185,11.5019,11.4855,11.4695,11.4539,11.4385,11.4235,11.4087,11.3943,11.3801,11.3661,11.3524,11.339,11.3258,11.3129,11.3001,11.2876,11.2753,11.2632,11.2513,11.2396,11.2281,11.2168,11.2057,11.1947,11.1839,11.1733,11.1628,11.1525,11.1424,11.1324,11.1225,11.1128,11.1033,11.0938,11.0845,11.0754,11.0663,11.0574,11.0486,11.0399,11.0314,11.0229,11.0146,11.0064,10.9983
21.1701,20.8638,20.4945,20.0149,19.2748,16.7901,14.7755,14.2386,13.9186,13.6875,13.5058,13.3554,13.2271,13.115,13.0154,12.9259,12.8444,12.7697,12.7008,12.6368,12.577,12.521,12.4682,12.4184,12.3713,12.3265,12.2839,12.2432,12.2043,12.1671,12.1314,12.097,12.064,12.0322,12.0016,11.9719,11.9433,11.9156,11.8888,11.8628,11.8376,11.8131,11.7893,11.7662,11.7436,11.7217,11.7004,11.6796,11.6593,11.6395,11.6202,11.6014,11.583,11.565,11.5474,11.5301,11.5133,11.4968,11.4806,11.4648,11.4493,11.4341,11.4192,11.4046,11.3903,11.3762,11.3624,11.3489,11.3355,11.3225,11.3096,11.297,11.2846,11.2724,11.2604,11.2486,11.237,11.2256,11.2144,11.2033,11.1925,11.1817,11.1712,11.1608,11.1506,11.1405,11.1306,11.1208,11.1111,11.1016,11.0923,11.083,11.0739,11.0649,11.0561,11.0474,11.0387,11.0302,11.0218,11.0136,11.0054
21.2399,20.9473,20.6,20.1618,19.5347,18.1552,15.1253,14.4089,14.0351,13.7777,13.58,13.4191,13.283,13.165,13.0608,12.9675,12.8829,12.8056,12.7345,12.6685,12.607,12.5495,12.4954,12.4444,12.3961,12.3504,12.3068,12.2653,12.2257,12.1877,12.1514,12.1165,12.0829,12.0505,12.0194,11.9893,11.9602,11.9321,11.9049,11.8785,11.853,11.8281,11.804,11.7806,11.7578,11.7356,11.714,11.693,11.6725,11.6524,11.6329,11.6138,11.5952,11.577,11.5592,11.5418,11.5248,11.5081,11.4918,11.4758,11.4602,11.4448,11.4298,11.415,11.4006,11.3864,11.3724,11.3588,11.3453,11.3321,11.3192,11.3064,11.2939,11.2816,11.2695,11.2576,11.246,11.2344,11.2231,11.212,11.201,11.1902,11.1796,11.1691,11.1588,11.1487,11.1386,11.1288,11.1191,11.1095,11.1001,11.0908,11.0816,11.0725,11.0636,11.0548,11.0461,11.0376,11.0291,11.0208,11.0125
21.3067,21.0263,20.6978,20.2928,19.7429,18.7754,15.6901,14.6151,14.1662,13.8759,13.6595,13.4863,13.3416,13.2172,13.1079,13.0106,12.9227,12.8426,12.769,12.701,12.6377,12.5786,12.5231,12.4708,12.4214,12.3746,12.3302,12.2878,12.2474,12.2087,12.1717,12.1361,12.102,12.0691,12.0374,12.0068,11.9773,11.9488,11.9212,11.8944,11.8685,11.8433,11.8189,11.7952,11.7721,11.7496,11.7277,11.7064,11.6857,11.6654,11.6457,11.6264,11.6075,11.5891,11.5712,11.5536,11.5364,11.5195,11.503,11.4869,11.4711,11.4556,11.4404,11.4255,11.4109,11.3966,11.3825,11.3687,11.3552,11.3419,11.3288,11.3159,11.3033,11.2909,11.2787,11.2667,11.2549,11.2433,11.2319,11.2207,11.2096,11.1987,11.188,11.1775,11.1671,11.1568,11.1468,11.1368,11.127,11.1174,11.1079,11.0985,11.0893,11.0801,11.0712,11.0623,11.0535,11.0449,11.0364,11.028,11.0197
21.3707,21.1013,20.7891,20.4114,19.9182,19.1499,16.7852,14.8776,14.3164,13.9838,13.745,13.5577,13.4032,13.2716,13.1569,13.0551,12.9636,12.8805,12.8044,12.7342,12.6691,12.6083,12.5513,12.4978,12.4472,12.3993,12.3539,12.3106,12.2694,12.23,12.1922,12.156,12.1213,12.0878,12.0556,12.0246,11.9946,11.9656,11.9376,11.9105,11.8842,11.8587,11.8339,11.8099,11.7865,11.7637,11.7416,11.72,11.699,11.6785,11.6585,11.639,11.62,11.6014,11.5832,11.5654,11.548,11.531,11.5144,11.4981,11.4821,11.4664,11.4511,11.4361,11.4213,11.4069,11.3927,11.3787,11.3651,11.3516,11.3384,11.3255,11.3127,11.3002,11.2879,11.2758,11.2639,11.2522,11.2407,11.2294,11.2183,11.2073,11.1965,11.1859,11.1754,11.1651,11.1549,11.1449,11.135,11.1253,11.1157,11.1063,11.097,11.0878,11.0787,11.0698,11.061,11.0523,11.0437,11.0353,11.0269
21.4322,21.1726,20.8748,20.5201,20.0706,19.4225,17.9972,15.2389,14.4926,14.1038,13.8374,13.6337,13.4682,13.3286,13.2078,13.1012,13.0059,12.9196,12.8408,12.7683,12.7012,12.6387,12.5802,12.5252,12.4734,12.4244,12.378,12.3338,12.2917,12.2515,12.2131,12.1762,12.1409,12.1068,12.0741,12.0426,12.0121,11.9827,11.9542,11.9267,11.9,11.8742,11.8491,11.8247,11.801,11.778,11.7555,11.7337,11.7125,11.6917,11.6715,11.6518,11.6325,11.6137,11.5953,11.5773,11.5598,11.5426,11.5258,11.5093,11.4932,11.4773,11.4619,11.4467,11.4318,11.4172,11.4029,11.3888,11.375,11.3615,11.3481,11.3351,11.3222,11.3096,11.2972,11.285,11.273,11.2612,11.2496,11.2382,11.2269,11.2159,11.205,11.1943,11.1837,11.1733,11.1631,11.153,11.1431,11.1333,11.1236,11.1141,11.1047,11.0955,11.0863,11.0773,11.0685,11.0597,11.0511,11.0426,11.0342
21.4915,21.2408,20.9556,20.6206,20.2059,19.6397,18.6353,15.8035,14.706,14.2389,13.9383,13.715,13.5369,13.3883,13.2609,13.1491,13.0496,12.9599,12.8783,12.8033,12.7341,12.6697,12.6096,12.5532,12.5001,12.45,12.4025,12.3574,12.3144,12.2734,12.2342,12.1967,12.1607,12.1261,12.0928,12.0607,12.0298,11.9999,11.971,11.9431,11.916,11.8898,11.8644,11.8397,11.8157,11.7923,11.7696,11.7475,11.726,11.705,11.6846,11.6646,11.6451,11.6261,11.6075,11.5894,11.5716,11.5542,11.5372,11.5206,11.5043,11.4883,11.4727,11.4574,11.4423,11.4276,11.4131,11.3989,11.385,11.3713,11.3579,11.3447,11.3318,11.319,11.3065,11.2942,11.2821,11.2702,11.2585,11.247,11.2357,11.2245,11.2136,11.2027,11.1921,11.1816,11.1713,11.1611,11.1511,11.1413,11.1315,11.1219,11.1125,11.1032,11.094,11.0849,11.076,11.0672,11.0585,11.0499,11.0414
21.5487,21.3062,21.0323,20.7142,20.3282,19.8217,19.0268,16.782,14.9769,14.3938,14.0492,13.8025,13.6098,13.4512,13.3163,13.1989,13.0949,13.0015,12.9168,12.8393,12.7678,12.7015,12.6397,12.5818,12.5274,12.476,12.4274,12.3813,12.3375,12.2956,12.2557,12.2174,12.1808,12.1456,12.1117,12.0791,12.0477,12.0173,11.988,11.9597,11.9322,11.9056,11.8798,11.8548,11.8305,11.8068,11.7838,11.7615,11.7397,11.7184,11.6977,11.6776,11.6579,11.6386,11.6198,11.6015,11.5835,11.566,11.5488,11.532,11.5155,11.4994,11.4836,11.4681,11.4529,11.4381,11.4235,11.4091,11.3951,11.3813,11.3677,11.3544,11.3414,11.3285,11.3159,11.3035,11.2913,11.2793,11.2675,11.2559,11.2445,11.2332,11.2221,11.2113,11.2005,11.19,11.1796,11.1693,11.1592,11.1493,11.1395,11.1298,11.1203,11.1109,11.1017,11.0925,11.0835,11.0746,11.0659,11.0573,11.0487
21.604,21.3689,21.1053,20.802,20.44,19.9794,19.3113,17.8593,15.3457,14.5755,14.1725,13.8973,13.6875,13.5174,13.3743,13.2507,13.1418,13.0445,12.9565,12.8762,12.8023,12.734,12.6704,12.6109,12.5551,12.5025,12.4528,12.4057,12.3609,12.3182,12.2774,12.2385,12.2011,12.1653,12.1309,12.0977,12.0658,12.035,12.0052,11.9764,11.9486,11.9216,11.8954,11.8701,11.8454,11.8215,11.7982,11.7755,11.7535,11.732,11.711,11.6906,11.6707,11.6512,11.6322,11.6137,11.5955,11.5778,11.5604,11.5434,11.5268,11.5105,11.4946,11.4789,11.4636,11.4486,11.4338,11.4194,11.4052,11.3913,11.3776,11.3642,11.351,11.338,11.3253,11.3128,11.3005,11.2884,11.2765,11.2648,11.2533,11.2419,11.2308,11.2198,11.209,11.1984,11.1879,11.1775,11.1674,11.1574,11.1475,11.1377,11.1281,11.1187,11.1094,11.1002,11.0911,11.0822,11.0733,11.0646,11.0561
21.6575,21.4293,21.1749,20.8848,20.5433,20.1192,19.537,18.5014,15.9012,14.7952,14.3114,14.0007,13.7706,13.5875,13.4352,13.3047,13.1905,13.0889,12.9974,12.9141,12.8378,12.7673,12.7018,12.6407,12.5834,12.5295,12.4786,12.4304,12.3847,12.3411,12.2995,12.2598,12.2218,12.1853,12.1503,12.1166,12.0841,12.0528,12.0226,11.9934,11.9651,11.9377,11.9112,11.8855,11.8605,11.8362,11.8126,11.7897,11.7674,11.7456,11.7244,11.7038,11.6836,11.6639,11.6447,11.6259,11.6076,11.5897,11.5721,11.555,11.5382,11.5217,11.5056,11.4898,11.4743,11.4592,11.4443,11.4297,11.4154,11.4013,11.3875,11.374,11.3607,11.3476,11.3348,11.3222,11.3097,11.2975,11.2855,11.2737,11.2621,11.2507,11.2395,11.2284,11.2175,11.2068,11.1962,11.1858,11.1756,11.1655,11.1555,11.1457,11.136,11.1265,11.1171,11.1078,11.0987,11.0897,11.0808,11.0721,11.0634
21.7094,21.4876,21.2416,20.9632,20.6393,20.2451,19.7256,18.9066,16.7799,15.0726,14.4706,14.1144,13.8602,13.662,13.4993,13.3611,13.241,13.1348,13.0395,12.9532,12.8742,12.8014,12.734,12.6712,12.6123,12.5571,12.5049,12.4556,12.4088,12.3644,12.322,12.2815,12.2427,12.2056,12.1699,12.1356,12.1026,12.0708,12.0401,12.0105,11.9818,11.954,11.9271,11.901,11.8757,11.8511,11.8272,11.804,11.7814,11.7594,11.7379,11.717,11.6966,11.6767,11.6573,11.6383,11.6198,11.6016,11.5839,11.5666,11.5496,11.533,11.5167,11.5008,11.4852,11.4698,11.4548,11.4401,11.4256,11.4115,11.3975,11.3839,11.3704,11.3573,11.3443,11.3316,11.3191,11.3068,11.2946,11.2827,11.271,11.2595,11.2482,11.237,11.226,11.2152,11.2046,11.1941,11.1838,11.1736,11.1636,11.1537,11.1439,11.1343,11.1249,11.1155,11.1063,11.0973,11.0883,11.0795,11.0708
21.7598,21.5439,21.3055,21.0378,20.7293,20.36,19.8885,19.2016,17.7408,15.445,14.6572,14.2409,13.9572,13.7413,13.5668,13.4202,13.2937,13.1825,13.0831,12.9934,12.9116,12.8364,12.7669,12.7022,12.6418,12.5851,12.5317,12.4813,12.4334,12.388,12.3447,12.3034,12.2639,12.2261,12.1898,12.155,12.1214,12.0891,12.0579,12.0278,11.9987,11.9705,11.9432,11.9167,11.8911,11.8662,11.842,11.8184,11.7955,11.7732,11.7515,11.7304,11.7097,11.6896,11.67,11.6508,11.632,11.6137,11.5958,11.5783,11.5611,11.5443,11.5279,11.5118,11.496,11.4806,11.4654,11.4505,11.4359,11.4216,11.4076,11.3938,11.3803,11.3669,11.3539,11.341,11.3284,11.316,11.3038,11.2918,11.28,11.2684,11.257,11.2457,11.2346,11.2237,11.213,11.2024,11.192,11.1818,11.1717,11.1617,11.1519,11.1422,11.1327,11.1233,11.114,11.1049,11.0959,11.087,11.0782
21.8088,21.5983,21.3671,21.1089,20.814,20.466,20.0326,19.4354,18.3751,15.985,14.8821,14.3834,14.063,13.8263,13.6383,13.4822,13.3487,13.2319,13.1282,13.0349,12.9501,12.8723,12.8006,12.7341,12.6719,12.6137,12.559,12.5073,12.4584,12.412,12.3678,12.3257,12.2855,12.2469,12.21,12.1745,12.1404,12.1075,12.0758,12.0453,12.0157,11.9871,11.9594,11.9326,11.9066,11.8814,11.8568,11.833,11.8098,11.7872,11.7653,11.7439,11.723,11.7026,11.6827,11.6633,11.6444,11.6259,11.6078,11.59,11.5727,11.5558,11.5392,11.5229,11.507,11.4914,11.4761,11.461,11.4463,11.4319,11.4177,11.4038,11.3901,11.3767,11.3635,11.3506,11.3378,11.3253,11.313,11.3009,11.289,11.2773,11.2658,11.2544,11.2433,11.2323,11.2215,11.2108,11.2003,11.19,11.1798,11.1698,11.1599,11.1501,11.1405,11.1311,11.1217,11.1125,11.1034,11.0945,11.0856
21.8565,21.6511,21.4264,21.1769,20.8941,20.5644,20.1621,19.6302,18.7899,16.7784,15.1641,14.5465,14.1794,13.9178,13.7143,13.5475,13.4061,13.2833,13.1749,13.0777,12.9897,12.9092,12.8352,12.7666,12.7027,12.643,12.5868,12.5339,12.4839,12.4364,12.3913,12.3484,12.3073,12.2681,12.2304,12.1943,12.1596,12.1262,12.094,12.063,12.0329,12.0039,11.9759,11.9486,11.9223,11.8967,11.8718,11.8477,11.8242,11.8014,11.7791,11.7574,11.7363,11.7157,11.6956,11.676,11.6568,11.6381,11.6198,11.6019,11.5844,11.5673,11.5505,11.5341,11.518,11.5022,11.4868,11.4716,11.4568,11.4422,11.4279,11.4138,11.4,11.3865,11.3732,11.3601,11.3473,11.3347,11.3222,11.31,11.298,11.2862,11.2746,11.2632,11.2519,11.2409,11.23,11.2192,11.2086,11.1982,11.188,11.1779,11.1679,11.1581,11.1484,11.1389,11.1295,11.1202,11.111,11.102,11.0931
21.9029,21.7024,21.4837,21.2421,20.9702,20.6565,20.2801,19.7981,19.094,17.6399,15.5365,14.7373,14.3089,14.0169,13.7952,13.6163,13.4662,13.3369,13.2232,13.1219,13.0304,12.9471,12.8706,12.7999,12.7342,12.6728,12.6152,12.561,12.5098,12.4613,12.4152,12.3713,12.3295,12.2895,12.2512,12.2144,12.1791,12.1451,12.1124,12.0808,12.0504,12.0209,11.9924,11.9648,11.9381,11.9122,11.887,11.8625,11.8387,11.8156,11.7931,11.7711,11.7498,11.7289,11.7086,11.6887,11.6694,11.6504,11.6319,11.6139,11.5962,11.5789,11.5619,11.5453,11.5291,11.5132,11.4975,11.4822,11.4672,11.4525,11.4381,11.4239,11.41,11.3963,11.3829,11.3697,11.3568,11.3441,11.3315,11.3192,11.3071,11.2952,11.2835,11.272,11.2606,11.2495,11.2385,11.2277,11.217,11.2065,11.1962,11.186,11.176,11.1661,11.1563,11.1467,11.1372,11.1279,11.1187,11.1096,11.1006
21.9482,21.7521,21.5391,21.3048,21.0428,20.7431,20.3888,19.9463,19.335,18.2574,16.0571,14.9663,14.4546,14.1251,13.882,13.6891,13.5293,13.3927,13.2735,13.1676,13.0725,12.9861,12.907,12.834,12.7664,12.7032,12.6441,12.5886,12.5361,12.4865,12.4394,12.3947,12.352,12.3112,12.2722,12.2347,12.1988,12.1643,12.131,12.0989,12.068,12.0381,12.0092,11.9812,11.9541,11.9278,11.9023,11.8775,11.8534,11.83,11.8072,11.7849,11.7633,11.7422,11.7217,11.7016,11.682,11.6629,11.6442,11.6259,11.608,11.5905,11.5734,11.5566,11.5402,11.5242,11.5084,11.493,11.4778,11.463,11.4484,11.4341,11.42,11.4062,11.3927,11.3794,11.3663,11.3535,11.3409,11.3285,11.3163,11.3043,11.2925,11.2808,11.2694,11.2581,11.2471,11.2362,11.2254,11.2148,11.2044,11.1942,11.184,11.1741,11.1643,11.1546,11.145,11.1356,11.1263,11.1172,11.1082
21.9924,21.8005,21.5927,21.3651,21.1121,20.825,20.4896,20.0794,19.5357,18.6776,16.7775,15.251,14.6212,14.244,13.9753,13.7665,13.5957,13.4511,13.3257,13.215,13.1159,13.0262,12.9444,12.869,12.7993,12.7344,12.6737,12.6167,12.563,12.5122,12.4641,12.4184,12.3748,12.3332,12.2935,12.2554,12.2188,12.1837,12.1498,12.1173,12.0858,12.0555,12.0261,11.9977,11.9702,11.9436,11.9177,11.8926,11.8682,11.8444,11.8214,11.7989,11.777,11.7556,11.7348,11.7145,11.6947,11.6754,11.6565,11.638,11.6199,11.6023,11.585,11.568,11.5515,11.5352,11.5193,11.5037,11.4884,11.4734,11.4587,11.4443,11.4301,11.4162,11.4026,11.3891,11.376,11.363,11.3503,11.3378,11.3254,11.3133,11.3014,11.2897,11.2782,11.2669,11.2557,11.2447,11.2339,11.2232,11.2127,11.2024,11.1922,11.1821,11.1722,11.1625,11.1529,11.1434,11.134,11.1248,11.1157
22.0356,21.8477,21.6448,21.4234,21.1786,20.9027,20.5838,20.2005,19.7084,18.9889,17.5541,15.6205,14.8155,14.3762,14.0765,13.8491,13.6658,13.5122,13.3801,13.2641,13.1608,13.0676,12.9828,12.9049,12.833,12.7662,12.7038,12.6454,12.5903,12.5384,12.4892,12.4425,12.398,12.3556,12.3151,12.2762,12.239,12.2033,12.1689,12.1358,12.1039,12.073,12.0432,12.0144,11.9865,11.9595,11.9333,11.9078,11.8831,11.8591,11.8357,11.8129,11.7908,11.7692,11.7481,11.7276,11.7076,11.688,11.6689,11.6502,11.6319,11.6141,11.5966,11.5795,11.5628,11.5464,11.5303,11.5146,11.4991,11.484,11.4691,11.4546,11.4403,11.4262,11.4125,11.3989,11.3856,11.3726,11.3597,11.3471,11.3347,11.3225,11.3105,11.2987,11.287,11.2756,11.2644,11.2533,11.2424,11.2316,11.221,11.2106,11.2003,11.1902,11.1803,11.1704,11.1607,11.1512,11.1418,11.1325,11.1233
22.0778,21.8936,21.6954,21.4798,21.2424,20.9767,20.6723,20.3117,19.8606,19.2363,18.1488,16.1194,15.0475,14.5249,14.1868,13.9375,13.74,13.5764,13.4368,13.3151,13.2072,13.1102,13.0222,12.9417,12.8675,12.7987,12.7346,12.6746,12.6182,12.565,12.5147,12.4669,12.4215,12.3783,12.337,12.2974,12.2595,12.2232,12.1882,12.1545,12.1221,12.0908,12.0606,12.0313,12.003,11.9756,11.949,11.9232,11.8982,11.8738,11.8501,11.8271,11.8047,11.7828,11.7615,11.7407,11.7205,11.7007,11.6814,11.6625,11.644,11.626,11.6083,11.5911,11.5742,11.5576,11.5414,11.5255,11.5099,11.4946,11.4796,11.4649,11.4505,11.4363,11.4224,11.4088,11.3953,11.3822,11.3692,11.3565,11.344,11.3317,11.3196,11.3076,11.2959,11.2844,11.2731,11.2619,11.2509,11.2401,11.2294,11.2189,11.2085,11.1984,11.1883,11.1784,11.1686,11.159,11.1495,11.1402,11.131
22.119,21.9385,21.7445,21.5343,21.3038,21.0473,20.7559,20.4149,19.9971,19.4423,18.5701,16.777,15.3331,14.6945,14.3082,14.0327,13.8188,13.644,13.4962,13.3681,13.2552,13.1542,13.0629,12.9796,12.903,12.8321,12.7661,12.7045,12.6466,12.5921,12.5406,12.4918,12.4455,12.4013,12.3592,12.3189,12.2803,12.2433,12.2077,12.1735,12.1406,12.1088,12.0781,12.0484,12.0197,11.9918,11.9649,11.9387,11.9134,11.8887,11.8647,11.8414,11.8187,11.7966,11.775,11.754,11.7335,11.7135,11.694,11.6749,11.6562,11.638,11.6201,11.6027,11.5856,11.5689,11.5525,11.5364,11.5207,11.5053,11.4901,11.4753,11.4607,11.4465,11.4324,11.4186,11.4051,11.3918,11.3788,11.3659,11.3533,11.3409,11.3287,11.3167,11.3049,11.2932,11.2818,11.2705,11.2595,11.2485,11.2378,11.2272,11.2168,11.2065,11.1964,11.1864,11.1766,11.1669,11.1573,11.1479,11.1386
22.1595,21.9823,21.7924,21.5872,21.3631,21.115,20.8352,20.5112,20.1211,19.6196,18.8868,17.481,15.6972,14.8915,14.4429,14.1358,13.9028,13.7153,13.5583,13.4234,13.305,13.1997,13.1048,13.0185,12.9393,12.8662,12.7983,12.7349,12.6756,12.6197,12.567,12.5171,12.4698,12.4247,12.3817,12.3407,12.3014,12.2637,12.2275,12.1927,12.1592,12.1269,12.0957,12.0656,12.0365,12.0083,11.9809,11.9544,11.9287,11.9037,11.8794,11.8558,11.8328,11.8104,11.7886,11.7674,11.7466,11.7264,11.7066,11.6873,11.6685,11.6501,11.632,11.6144,11.5971,11.5802,11.5637,11.5475,11.5316,11.516,11.5008,11.4858,11.4711,11.4567,11.4425,11.4286,11.4149,11.4015,11.3884,11.3754,11.3627,11.3502,11.3378,11.3257,11.3138,11.3021,11.2906,11.2792,11.2681,11.2571,11.2462,11.2356,11.2251,11.2147,11.2045,11.1945,11.1846,11.1748,11.1652,11.1557,11.1463
22.199,22.025,21.839,21.6386,21.4204,21.18,20.9106,20.6016,20.235,19.7756,19.1396,18.0492,16.1735,15.1254,14.5941,14.2482,13.9929,13.7908,13.6236,13.481,13.3568,13.2468,13.148,13.0585,12.9766,12.9011,12.8312,12.7661,12.7051,12.6479,12.5939,12.5429,12.4945,12.4485,12.4046,12.3628,12.3228,12.2844,12.2476,12.2122,12.1781,12.1453,12.1136,12.083,12.0535,12.0249,11.9971,11.9703,11.9442,11.9189,11.8943,11.8704,11.8471,11.8244,11.8024,11.7808,11.7599,11.7394,11.7194,11.6999,11.6809,11.6622,11.644,11.6262,11.6088,11.5917,11.575,11.5586,11.5426,11.5268,11.5114,11.4963,11.4815,11.4669,11.4526,11.4386,11.4248,11.4113,11.398,11.3849,11.3721,11.3595,11.3471,11.3349,11.3229,11.311,11.2994,11.288,11.2767,11.2656,11.2547,11.244,11.2334,11.223,11.2127,11.2025,11.1926,11.1827,11.173,11.1635,11.154
22.2378,22.0669,21.8845,21.6885,21.4759,21.2425,20.9826,20.6869,20.3405,19.9153,19.3504,18.468,16.7767,15.4103,14.7662,14.3717,14.0898,13.8709,13.6922,13.5413,13.4106,13.2955,13.1926,13.0996,13.0149,12.937,12.8649,12.7979,12.7353,12.6766,12.6213,12.5691,12.5196,12.4726,12.4279,12.3852,12.3444,12.3053,12.2679,12.2319,12.1972,12.1639,12.1317,12.1007,12.0707,12.0416,12.0135,11.9863,11.9598,11.9342,11.9093,11.885,11.8615,11.8385,11.8162,11.7944,11.7732,11.7525,11.7323,11.7126,11.6933,11.6745,11.6561,11.6381,11.6204,11.6032,11.5863,11.5698,11.5536,11.5377,11.5221,11.5069,11.4919,11.4772,11.4628,11.4487,11.4348,11.4211,11.4077,11.3945,11.3816,11.3689,11.3563,11.344,11.3319,11.32,11.3083,11.2968,11.2854,11.2742,11.2632,11.2524,11.2417,11.2312,11.2209,11.2107,11.2006,11.1907,11.1809,11.1713,11.1618
22.2758,22.1078,21.9289,21.737,21.5296,21.3028,21.0515,20.7677,20.4388,20.0422,19.5318,18.7881,17.4184,15.7671,14.9652,14.5086,14.1947,13.9564,13.7647,13.6044,13.4667,13.346,13.2387,13.1421,13.0542,12.9737,12.8994,12.8304,12.7661,12.7059,12.6492,12.5958,12.5452,12.4972,12.4515,12.408,12.3664,12.3266,12.2884,12.2518,12.2166,12.1827,12.15,12.1185,12.088,12.0586,12.03,12.0024,11.9756,11.9496,11.9244,11.8998,11.876,11.8528,11.8301,11.8081,11.7866,11.7657,11.7453,11.7253,11.7059,11.6868,11.6682,11.65,11.6322,11.6148,11.5978,11.5811,11.5647,11.5487,11.5329,11.5175,11.5024,11.4876,11.4731,11.4588,11.4448,11.431,11.4175,11.4042,11.3911,11.3783,11.3657,11.3532,11.341,11.329,11.3172,11.3056,11.2942,11.2829,11.2718,11.2609,11.2501,11.2395,11.2291,11.2188,11.2087,11.1987,11.1889,11.1792,11.1696
22.3132,22.1479,21.9722,21.7843,21.5817,21.361,21.1176,20.8446,20.5311,20.1586,19.6914,19.0452,17.9585,16.2208,15.1999,14.6619,14.309,14.048,13.8414,13.6707,13.5252,13.3985,13.2864,13.1859,13.0947,13.0114,12.9348,12.8637,12.7976,12.7357,12.6777,12.6229,12.5712,12.5221,12.4755,12.4311,12.3887,12.3481,12.3093,12.272,12.2362,12.2017,12.1685,12.1365,12.1056,12.0757,12.0467,12.0187,11.9916,11.9652,11.9396,11.9148,11.8906,11.8671,11.8442,11.8219,11.8002,11.779,11.7584,11.7382,11.7185,11.6992,11.6804,11.6621,11.6441,11.6265,11.6093,11.5924,11.5759,11.5597,11.5438,11.5283,11.513,11.498,11.4834,11.469,11.4548,11.4409,11.4273,11.4139,11.4007,11.3877,11.375,11.3625,11.3502,11.3381,11.3262,11.3145,11.3029,11.2916,11.2804,11.2694,11.2586,11.2479,11.2374,11.227,11.2168,11.2067,11.1968,11.1871,11.1774
22.3498,22.1872,22.0146,21.8305,21.6324,21.4174,21.1812,20.9179,20.6181,20.2663,19.8342,19.2602,18.3716,16.7766,15.4828,14.836,14.4344,14.1465,13.9229,13.7404,13.5864,13.4531,13.3358,13.2311,13.1364,13.0502,12.971,12.8978,12.8298,12.7662,12.7067,12.6506,12.5976,12.5475,12.4998,12.4545,12.4113,12.37,12.3304,12.2925,12.2561,12.221,12.1873,12.1547,12.1233,12.093,12.0636,12.0352,12.0077,11.981,11.955,11.9298,11.9054,11.8816,11.8584,11.8358,11.8139,11.7924,11.7715,11.7511,11.7312,11.7118,11.6928,11.6742,11.656,11.6382,11.6208,11.6038,11.5871,11.5708,11.5547,11.539,11.5236,11.5085,11.4937,11.4792,11.4649,11.4509,11.4371,11.4236,11.4103,11.3973,11.3844,11.3718,11.3594,11.3472,11.3352,11.3234,11.3118,11.3003,11.289,11.278,11.267,11.2563,11.2457,11.2352,11.225,11.2148,11.2048,11.195,11.1853
22.3858,22.2257,22.0561,21.8755,21.6817,21.4719,21.2425,20.9881,20.7004,20.3667,19.9638,19.4453,18.693,17.3646,15.8308,15.0363,14.5732,14.2531,14.0098,13.8141,13.6504,13.51,13.3871,13.2778,13.1794,13.0901,13.0082,12.9327,12.8627,12.7974,12.7362,12.6788,12.6245,12.5733,12.5246,12.4783,12.4342,12.3921,12.3518,12.3132,12.2762,12.2405,12.2062,12.1732,12.1413,12.1105,12.0807,12.0519,12.0239,11.9968,11.9706,11.9451,11.9203,11.8962,11.8727,11.8499,11.8276,11.806,11.7848,11.7642,11.744,11.7244,11.7052,11.6864,11.668,11.6501,11.6325,11.6153,11.5984,11.5819,11.5658,11.5499,11.5344,11.5191,11.5042,11.4895,11.4751,11.4609,11.4471,11.4334,11.42,11.4068,11.3939,11.3812,11.3687,11.3564,11.3442,11.3323,11.3206,11.3091,11.2977,11.2866,11.2755,11.2647,11.254,11.2435,11.2332,11.2229,11.2129,11.203,11.1932
22.4211,22.2635,22.0967,21.9194,21.7296,21.5249,21.3017,21.0553,20.7787,20.4608,20.0827,19.6081,18.9534,17.8761,16.2623,15.2709,14.7284,14.3691,14.1028,13.892,13.7177,13.5694,13.4403,13.3261,13.2238,13.1311,13.0464,12.9685,12.8963,12.8292,12.7664,12.7075,12.652,12.5995,12.5498,12.5025,12.4575,12.4146,12.3736,12.3342,12.2965,12.2603,12.2254,12.1918,12.1594,12.1282,12.0979,12.0687,12.0404,12.0129,11.9863,11.9604,11.9353,11.9109,11.8871,11.864,11.8415,11.8196,11.7982,11.7773,11.757,11.7371,11.7177,11.6987,11.6801,11.662,11.6442,11.6268,11.6098,11.5932,11.5768,11.5608,11.5451,11.5297,11.5146,11.4998,11.4853,11.471,11.457,11.4433,11.4297,11.4165,11.4034,11.3906,11.378,11.3656,11.3533,11.3413,11.3295,11.3179,11.3065,11.2952,11.2841,11.2732,11.2624,11.2518,11.2414,11.2311,11.2209,11.211,11.2011
22.4559,22.3006,22.1365,21.9624,21.7764,21.5763,21.3589,21.12,20.8533,20.5494,20.1925,19.7539,19.1718,18.281,16.7767,15.5505,14.9038,14.4962,14.2028,13.9747,13.7885,13.6314,13.4957,13.3762,13.2695,13.1733,13.0856,13.0051,12.9308,12.8617,12.7972,12.7368,12.6799,12.6262,12.5754,12.5271,12.4812,12.4374,12.3956,12.3555,12.3172,12.2803,12.2448,12.2107,12.1778,12.146,12.1154,12.0857,12.0569,12.0291,12.0021,11.9759,11.9505,11.9258,11.9017,11.8783,11.8555,11.8333,11.8117,11.7906,11.77,11.7499,11.7303,11.7111,11.6923,11.674,11.656,11.6385,11.6213,11.6045,11.588,11.5718,11.556,11.5404,11.5252,11.5103,11.4956,11.4812,11.4671,11.4532,11.4395,11.4261,11.413,11.4,11.3873,11.3748,11.3625,11.3504,11.3385,11.3268,11.3152,11.3039,11.2927,11.2817,11.2708,11.2602,11.2496,11.2393,11.2291,11.219,11.2091
22.4901,22.337,22.1755,22.0044,21.822,21.6263,21.4143,21.1823,20.9247,20.6333,20.2949,19.8861,19.3602,18.6019,17.318,15.8889,15.1048,14.6367,14.3109,14.0629,13.8632,13.6964,13.5533,13.4281,13.3168,13.2168,13.1259,13.0427,12.9661,12.8949,12.8287,12.7666,12.7083,12.6534,12.6014,12.5521,12.5052,12.4606,12.4179,12.3771,12.3381,12.3005,12.2645,12.2298,12.1964,12.1641,12.133,12.1029,12.0737,12.0455,12.0181,11.9916,11.9658,11.9407,11.9164,11.8927,11.8696,11.8472,11.8253,11.8039,11.7831,11.7628,11.7429,11.7235,11.7046,11.6861,11.6679,11.6502,11.6328,11.6158,11.5992,11.5829,11.5669,11.5512,11.5358,11.5207,11.5059,11.4914,11.4771,11.4631,11.4494,11.4359,11.4226,11.4095,11.3967,11.3841,11.3717,11.3595,11.3475,11.3357,11.324,11.3126,11.3013,11.2902,11.2793,11.2685,11.2579,11.2475,11.2372,11.2271,11.2171
22.5237,22.3727,22.2137,22.0455,21.8666,21.6749,21.468,21.2424,20.9931,20.713,20.3907,20.0073,19.5261,18.8643,17.8016,16.299,15.3384,14.7932,14.4284,14.1572,13.9423,13.7647,13.6135,13.482,13.3658,13.2617,13.1674,13.0814,13.0022,12.929,12.8608,12.7971,12.7373,12.6811,12.6279,12.5775,12.5296,12.4841,12.4406,12.399,12.3592,12.3211,12.2844,12.2491,12.2152,12.1824,12.1508,12.1202,12.0906,12.062,12.0343,12.0074,11.9812,11.9559,11.9312,11.9072,11.8839,11.8612,11.839,11.8174,11.7963,11.7758,11.7557,11.7361,11.717,11.6982,11.6799,11.662,11.6445,11.6273,11.6105,11.594,11.5779,11.562,11.5465,11.5313,11.5163,11.5017,11.4873,11.4732,11.4593,11.4457,11.4323,11.4191,11.4062,11.3934,11.3809,11.3686,11.3565,11.3446,11.3329,11.3214,11.31,11.2988,11.2878,11.277,11.2663,11.2558,11.2454,11.2352,11.2251
22.5568,22.4079,22.2513,22.0858,21.9101,21.7223,21.5202,21.3005,21.0588,20.7889,20.481,20.1192,19.6745,19.0855,18.1961,16.777,15.6137,14.9696,14.557,14.2586,14.0262,13.8365,13.6764,13.5381,13.4165,13.308,13.2102,13.121,13.0393,12.9638,12.8937,12.8282,12.7669,12.7092,12.6548,12.6033,12.5544,12.5079,12.4636,12.4212,12.3807,12.3419,12.3046,12.2687,12.2342,12.2009,12.1688,12.1378,12.1078,12.0787,12.0506,12.0233,11.9968,11.9711,11.9462,11.9219,11.8983,11.8752,11.8528,11.831,11.8097,11.7889,11.7686,11.7488,11.7294,11.7105,11.692,11.6739,11.6562,11.6388,11.6218,11.6052,11.5889,11.5729,11.5572,11.5419,11.5268,11.512,11.4975,11.4832,11.4692,11.4555,11.442,11.4287,11.4157,11.4028,11.3902,11.3778,11.3656,11.3536,11.3418,11.3302,11.3187,11.3074,11.2963,11.2854,11.2747,11.264,11.2536,11.2433,11.2332
22.5894,22.4425,22.2881,22.1253,21.9527,21.7686,21.5709,21.3567,21.1221,20.8614,20.5664,20.2235,19.8092,19.2767,18.515,17.2775,15.9419,15.1706,14.6988,14.3681,14.1156,13.9122,13.7423,13.5966,13.4691,13.3559,13.2542,13.1618,13.0773,12.9994,12.9273,12.86,12.7971,12.738,12.6823,12.6296,12.5796,12.5322,12.4869,12.4438,12.4025,12.3629,12.325,12.2885,12.2534,12.2196,12.187,12.1555,12.1251,12.0956,12.0671,12.0394,12.0126,11.9866,11.9613,11.9367,11.9127,11.8894,11.8668,11.8447,11.8231,11.8021,11.7816,11.7615,11.742,11.7228,11.7041,11.6858,11.6679,11.6504,11.6333,11.6165,11.6,11.5839,11.5681,11.5525,11.5373,11.5224,11.5078,11.4934,11.4793,11.4654,11.4518,11.4384,11.4252,11.4123,11.3995,11.387,11.3747,11.3626,11.3507,11.339,11.3275,11.3161,11.3049,11.2939,11.2831,11.2724,11.2619,11.2515,11.2413
22.6215,22.4765,22.3243,22.164,21.9943,21.8137,21.6202,21.4112,21.1831,20.9309,20.6474,20.321,19.9325,19.4452,18.7783,17.7342,16.3317,15.4023,14.8564,14.4869,14.2112,13.9924,13.8115,13.6576,13.5238,13.4055,13.2996,13.2038,13.1164,13.036,12.9616,12.8925,12.8279,12.7673,12.7102,12.6563,12.6052,12.5568,12.5106,12.4666,12.4245,12.3843,12.3456,12.3086,12.2729,12.2385,12.2054,12.1734,12.1425,12.1126,12.0837,12.0557,12.0285,12.0021,11.9765,11.9516,11.9273,11.9038,11.8808,11.8585,11.8367,11.8154,11.7946,11.7744,11.7546,11.7353,11.7164,11.6979,11.6798,11.6621,11.6448,11.6278,11.6112,11.5949,11.5789,11.5633,11.5479,11.5329,11.5181,11.5036,11.4893,11.4753,11.4616,11.4481,11.4348,11.4218,11.4089,11.3963,11.3839,11.3717,11.3597,11.3479,11.3363,11.3248,11.3135,11.3025,11.2915,11.2808,11.2701,11.2597,11.2494
22.6531,22.5099,22.3598,22.202,22.0351,21.8578,21.6683,21.4641,21.2421,20.9977,20.7246,20.4129,20.0465,19.5962,19.0015,18.117,16.7773,15.6727,15.0332,14.6168,14.3138,14.0774,13.8843,13.7213,13.5806,13.4569,13.3465,13.247,13.1565,13.0735,12.9968,12.9257,12.8593,12.7971,12.7387,12.6835,12.6313,12.5818,12.5347,12.4898,12.4469,12.4059,12.3666,12.3289,12.2926,12.2577,12.224,12.1916,12.1602,12.1299,12.1005,12.0721,12.0445,12.0178,11.9918,11.9666,11.9421,11.9182,11.895,11.8724,11.8503,11.8288,11.8078,11.7873,11.7673,11.7478,11.7287,11.71,11.6917,11.6739,11.6564,11.6392,11.6224,11.606,11.5899,11.5741,11.5586,11.5434,11.5285,11.5138,11.4994,11.4853,11.4715,11.4578,11.4445,11.4313,11.4184,11.4056,11.3931,11.3808,11.3687,11.3568,11.3451,11.3336,11.3222,11.311,11.3,11.2892,11.2785,11.2679,11.2576
22.6843,22.5429,22.3948,22.2392,22.075,21.9009,21.7151,21.5155,21.2991,21.062,20.7983,20.4997,20.1525,19.7331,19.1949,18.4322,17.242,15.9903,15.2336,14.7596,14.4245,14.1679,13.961,13.7881,13.6398,13.5101,13.395,13.2916,13.1978,13.1119,13.0329,12.9596,12.8914,12.8276,12.7677,12.7112,12.6578,12.6072,12.5591,12.5133,12.4696,12.4279,12.3878,12.3494,12.3125,12.2771,12.2429,12.2099,12.1781,12.1473,12.1175,12.0887,12.0608,12.0337,12.0073,11.9818,11.957,11.9328,11.9093,11.8864,11.8641,11.8423,11.8211,11.8004,11.7801,11.7604,11.7411,11.7222,11.7038,11.6857,11.668,11.6507,11.6338,11.6172,11.6009,11.5849,11.5693,11.554,11.5389,11.5241,11.5096,11.4954,11.4814,11.4677,11.4542,11.4409,11.4278,11.415,11.4024,11.39,11.3778,11.3658,11.354,11.3424,11.3309,11.3196,11.3085,11.2976,11.2868,11.2762,11.2658
22.715,22.5753,22.4292,22.2758,22.1142,21.9431,21.7609,21.5655,21.3544,21.1239,20.8689,20.5821,20.2518,19.8585,19.3658,18.6954,17.6733,16.361,15.4629,14.9178,14.5445,14.2646,14.0421,13.8581,13.7015,13.5654,13.4452,13.3376,13.2402,13.1514,13.0698,12.9943,12.9242,12.8587,12.7972,12.7394,12.6848,12.633,12.584,12.5372,12.4927,12.4501,12.4093,12.3703,12.3327,12.2967,12.2619,12.2284,12.1961,12.1649,12.1347,12.1054,12.0771,12.0497,12.023,11.9971,11.972,11.9475,11.9237,11.9005,11.8779,11.8559,11.8345,11.8135,11.7931,11.7731,11.7536,11.7345,11.7159,11.6976,11.6798,11.6623,11.6452,11.6284,11.612,11.5959,11.5801,11.5646,11.5494,11.5345,11.5199,11.5055,11.4914,11.4775,11.4639,11.4505,11.4374,11.4244,11.4117,11.3992,11.3869,11.3748,11.3629,11.3512,11.3397,11.3283,11.3171,11.3061,11.2953,11.2846,11.274
22.7453,22.6072,22.463,22.3118,22.1526,21.9844,21.8055,21.6142,21.4081,21.1838,20.9367,20.6605,20.3451,19.9743,19.519,18.9198,18.0435,16.7778,15.7277,15.0946,14.6753,14.3683,14.1282,13.9318,13.7661,13.623,13.4971,13.385,13.2839,13.192,13.1077,13.0299,12.9577,12.8904,12.8274,12.7681,12.7122,12.6593,12.6092,12.5615,12.5161,12.4727,12.4312,12.3914,12.3532,12.3165,12.2812,12.2472,12.2144,12.1827,12.152,12.1224,12.0936,12.0658,12.0388,12.0126,11.9871,11.9623,11.9382,11.9148,11.8919,11.8696,11.8479,11.8268,11.8061,11.7859,11.7662,11.7469,11.7281,11.7096,11.6916,11.6739,11.6567,11.6397,11.6231,11.6069,11.5909,11.5753,11.56,11.5449,11.5302,11.5157,11.5014,11.4875,11.4737,11.4602,11.447,11.4339,11.4211,11.4085,11.3961,11.3839,11.3719,11.3601,11.3484,11.337,11.3257,11.3146,11.3037,11.2929,11.2823
22.7752,22.6387,22.4963,22.3471,22.1903,22.0248,21.8492,21.6617,21.4602,21.2416,21.002,20.7354,20.4334,20.0821,19.6579,19.1151,18.3537,17.2108,16.0347,15.2938,14.8189,14.4801,14.2197,14.0095,13.8337,13.6829,13.551,13.4341,13.329,13.2337,13.1466,13.0663,12.992,12.9228,12.8581,12.7974,12.7401,12.6861,12.6348,12.5861,12.5398,12.4956,12.4533,12.4128,12.3739,12.3366,12.3007,12.2662,12.2328,12.2007,12.1696,12.1395,12.1103,12.0821,12.0547,12.0282,12.0024,11.9773,11.9529,11.9291,11.906,11.8835,11.8615,11.8401,11.8192,11.7988,11.7789,11.7594,11.7403,11.7217,11.7035,11.6857,11.6682,11.6511,11.6344,11.6179,11.6019,11.5861,11.5706,11.5554,11.5405,11.5259,11.5115,11.4974,11.4836,11.47,11.4566,11.4434,11.4305,11.4178,11.4053,11.393,11.3809,11.369,11.3573,11.3457,11.3344,11.3232,11.3122,11.3013,11.2906
22.8047,22.6698,22.5291,22.3819,22.2273,22.0644,21.8919,21.708,21.5109,21.2977,21.0648,20.8071,20.5171,20.1829,19.7853,19.2879,18.6158,17.6183,16.3873,15.5201,14.9774,14.601,14.3175,14.0916,13.9045,13.7454,13.607,13.4848,13.3755,13.2766,13.1865,13.1036,13.0271,12.9559,12.8895,12.8272,12.7686,12.7133,12.6609,12.6112,12.5639,12.5188,12.4757,12.4345,12.3949,12.357,12.3205,12.2854,12.2515,12.2188,12.1873,12.1567,12.1272,12.0986,12.0708,12.0439,12.0178,11.9924,11.9677,11.9436,11.9202,11.8974,11.8752,11.8536,11.8324,11.8118,11.7916,11.7719,11.7527,11.7339,11.7155,11.6975,11.6798,11.6626,11.6457,11.6291,11.6128,11.5969,11.5813,11.566,11.5509,11.5362,11.5217,11.5075,11.4935,11.4798,11.4663,11.453,11.44,11.4272,11.4146,11.4022,11.39,11.378,11.3661,11.3545,11.3431,11.3318,11.3207,11.3098,11.299
22.8338,22.7004,22.5613,22.4161,22.2637,22.1033,21.9336,21.7533,21.5602,21.3521,21.1255,20.876,20.5967,20.2778,19.9029,19.443,18.8407,17.9752,16.7783,15.779,15.1537,14.7326,14.4222,14.1786,13.9791,13.8107,13.6652,13.5374,13.4235,13.3208,13.2275,13.1419,13.063,12.9898,12.9215,12.8576,12.7976,12.7409,12.6874,12.6366,12.5883,12.5423,12.4984,12.4564,12.4162,12.3776,12.3405,12.3048,12.2704,12.2372,12.2052,12.1742,12.1442,12.1152,12.0871,12.0598,12.0333,12.0076,11.9826,11.9583,11.9346,11.9115,11.889,11.8671,11.8457,11.8249,11.8045,11.7846,11.7651,11.7461,11.7275,11.7093,11.6915,11.6741,11.657,11.6403,11.6239,11.6078,11.5921,11.5766,11.5614,11.5465,11.5319,11.5176,11.5035,11.4896,11.476,11.4626,11.4495,11.4366,11.4239,11.4114,11.3991,11.387,11.3751,11.3633,11.3518,11.3404,11.3293,11.3182,11.3074
22.8625,22.7305,22.5932,22.4497,22.2994,22.1414,21.9746,21.7975,21.6083,21.4049,21.1842,20.9421,20.6728,20.3674,20.0123,19.5838,19.0373,18.2795,17.1833,16.0753,15.3513,14.8766,14.5348,14.271,14.0576,13.879,13.7258,13.5919,13.4731,13.3664,13.2696,13.1812,13.0998,13.0244,12.9543,12.8887,12.8271,12.7691,12.7144,12.6625,12.6132,12.5663,12.5215,12.4787,12.4378,12.3985,12.3607,12.3244,12.2895,12.2558,12.2233,12.1919,12.1615,12.132,12.1035,12.0759,12.049,12.023,11.9976,11.973,11.949,11.9257,11.9029,11.8808,11.8591,11.838,11.8175,11.7973,11.7777,11.7585,11.7397,11.7213,11.7033,11.6857,11.6685,11.6516,11.635,11.6188,11.6029,11.5873,11.572,11.5569,11.5422,11.5277,11.5135,11.4995,11.4858,11.4723,11.4591,11.446,11.4332,11.4206,11.4082,11.396,11.384,11.3722,11.3606,11.3491,11.3379,11.3268,11.3158
22.8908,22.7603,22.6245,22.4828,22.3346,22.1789,22.0147,21.8407,21.6552,21.4563,21.2411,21.0059,20.7455,20.4524,20.1147,19.7129,19.2117,18.5395,17.5684,16.411,15.5742,15.0351,14.6565,14.3697,14.1406,13.9507,13.789,13.6485,13.5244,13.4134,13.313,13.2215,13.1375,13.0598,12.9877,12.9203,12.8572,12.7978,12.7418,12.6888,12.6384,12.5905,12.5449,12.5013,12.4596,12.4196,12.3812,12.3443,12.3088,12.2746,12.2416,12.2097,12.1788,12.149,12.1201,12.0921,12.0649,12.0385,12.0128,11.9879,11.9636,11.94,11.917,11.8945,11.8727,11.8513,11.8305,11.8102,11.7903,11.7709,11.7519,11.7333,11.7152,11.6974,11.68,11.6629,11.6462,11.6298,11.6138,11.598,11.5826,11.5674,11.5525,11.5379,11.5236,11.5095,11.4956,11.482,11.4687,11.4555,11.4426,11.4299,11.4174,11.4051,11.393,11.3811,11.3694,11.3579,11.3465,11.3353,11.3243
22.9189,22.7897,22.6554,22.5154,22.3691,22.2156,22.054,21.8829,21.701,21.5063,21.2962,21.0675,20.8153,20.5332,20.2109,19.8322,19.3684,18.7643,17.9119,16.7789,15.8268,15.2106,14.7886,14.4752,14.2284,14.0261,13.8551,13.7074,13.5775,13.4619,13.3577,13.263,13.1762,13.0961,13.0219,12.9527,12.8879,12.8271,12.7697,12.7155,12.6641,12.6152,12.5687,12.5242,12.4817,12.441,12.402,12.3645,12.3284,12.2936,12.2601,12.2277,12.1964,12.1661,12.1368,12.1084,12.0809,12.0541,12.0281,12.0029,11.9783,11.9544,11.9311,11.9084,11.8863,11.8647,11.8437,11.8231,11.803,11.7834,11.7642,11.7455,11.7271,11.7091,11.6916,11.6743,11.6575,11.6409,11.6247,11.6088,11.5932,11.5779,11.5629,11.5482,11.5337,11.5195,11.5055,11.4918,11.4783,11.4651,11.4521,11.4393,11.4267,11.4143,11.4021,11.3901,11.3783,11.3666,11.3552,11.3439,11.3328
22.9465,22.8187,22.6859,22.5476,22.4031,22.2517,22.0925,21.9243,21.7458,21.555,21.3498,21.127,20.8825,20.6103,20.3018,19.9432,19.5109,18.9616,18.2095,17.1587,16.1127,15.4062,14.9328,14.5886,14.3218,14.1054,13.9242,13.7686,13.6327,13.512,13.4037,13.3056,13.2158,13.1333,13.0568,12.9857,12.9192,12.8569,12.7982,12.7427,12.6901,12.6403,12.5928,12.5475,12.5042,12.4628,12.423,12.3849,12.3482,12.3129,12.2788,12.2459,12.2142,12.1835,12.1537,12.1249,12.097,12.0699,12.0436,12.018,11.9931,11.9689,11.9454,11.9224,11.9,11.8782,11.8569,11.8361,11.8158,11.796,11.7766,11.7577,11.7391,11.721,11.7032,11.6858,11.6688,11.6521,11.6357,11.6197,11.604,11.5885,11.5734,11.5585,11.5439,11.5296,11.5155,11.5017,11.4881,11.4747,11.4616,11.4486,11.4359,11.4235,11.4112,11.3991,11.3872,11.3754,11.3639,11.3525,11.3414
22.9739,22.8473,22.7159,22.5792,22.4366,22.2873,22.1304,21.9649,21.7895,21.6025,21.4018,21.1846,20.9471,20.6842,20.388,20.047,19.6416,19.1372,18.4666,17.5233,16.4326,15.6253,15.0909,14.7108,14.4212,14.1892,13.9966,13.8325,13.6899,13.5639,13.4512,13.3494,13.2566,13.1713,13.0926,13.0195,12.9512,12.8873,12.8271,12.7704,12.7167,12.6657,12.6173,12.5711,12.527,12.4848,12.4443,12.4055,12.3682,12.3323,12.2977,12.2644,12.2321,12.201,12.1708,12.1416,12.1133,12.0858,12.0592,12.0333,12.0081,11.9836,11.9598,11.9365,11.9139,11.8918,11.8703,11.8493,11.8288,11.8087,11.7891,11.77,11.7512,11.7329,11.715,11.6974,11.6802,11.6633,11.6468,11.6306,11.6147,11.5992,11.5839,11.5689,11.5542,11.5397,11.5255,11.5115,11.4978,11.4844,11.4711,11.4581,11.4453,11.4327,11.4203,11.4081,11.3961,11.3843,11.3727,11.3612,11.3499
23.0009,22.8756,22.7456,22.6104,22.4695,22.3222,22.1676,22.0047,21.8323,21.6488,21.4524,21.2404,21.0095,20.755,20.47,20.1446,19.7624,19.2953,18.6906,17.8533,16.7796,15.8714,15.2653,14.8433,14.5274,14.2778,14.0727,13.8992,13.7494,13.6176,13.5002,13.3945,13.2984,13.2104,13.1292,13.054,12.9838,12.9182,12.8566,12.7985,12.7436,12.6916,12.6421,12.595,12.5501,12.5071,12.4659,12.4264,12.3885,12.352,12.3169,12.283,12.2503,12.2187,12.1881,12.1585,12.1298,12.1019,12.0749,12.0487,12.0232,11.9984,11.9743,11.9507,11.9278,11.9055,11.8837,11.8625,11.8418,11.8215,11.8017,11.7823,11.7634,11.7449,11.7268,11.709,11.6917,11.6747,11.658,11.6416,11.6256,11.6099,11.5945,11.5793,11.5645,11.5499,11.5356,11.5215,11.5077,11.4941,11.4807,11.4676,11.4547,11.442,11.4295,11.4172,11.4051,11.3932,11.3815,11.3699,11.3586
23.0276,22.9035,22.7749,22.6412,22.502,22.3565,22.2041,22.0437,21.8741,21.6941,21.5017,21.2947,21.0698,20.823,20.5483,20.2368,19.8748,19.4392,18.8881,18.1435,17.1369,16.1471,15.4585,14.9873,14.6413,14.3718,14.1528,13.969,13.8113,13.6733,13.5509,13.441,13.3414,13.2504,13.1667,13.0893,13.0172,12.9498,12.8867,12.8272,12.771,12.7179,12.6674,12.6193,12.5735,12.5297,12.4878,12.4476,12.4091,12.372,12.3363,12.3018,12.2686,12.2365,12.2055,12.1755,12.1464,12.1182,12.0908,12.0642,12.0384,12.0133,11.9889,11.9651,11.9419,11.9193,11.8973,11.8758,11.8549,11.8344,11.8144,11.7948,11.7757,11.757,11.7387,11.7208,11.7032,11.686,11.6692,11.6527,11.6365,11.6207,11.6051,11.5898,11.5748,11.5601,11.5457,11.5315,11.5175,11.5038,11.4904,11.4771,11.4641,11.4513,11.4387,11.4263,11.4141,11.4021,11.3903,11.3787,11.3672
23.054,22.9311,22.8038,22.6716,22.534,22.3903,22.24,22.0819,21.9152,21.7383,21.5498,21.3473,21.1282,20.8885,20.6231,20.3241,19.9799,19.5713,19.0645,18.397,17.4823,16.4522,15.6735,15.1448,14.764,14.4719,14.2372,14.0422,13.8758,13.7311,13.6033,13.489,13.3857,13.2916,13.2052,13.1254,13.0512,12.9821,12.9173,12.8564,12.7989,12.7446,12.693,12.644,12.5973,12.5527,12.51,12.4691,12.4299,12.3921,12.3559,12.3209,12.2872,12.2546,12.2231,12.1927,12.1632,12.1346,12.1069,12.0799,12.0538,12.0284,12.0036,11.9795,11.9561,11.9333,11.911,11.8893,11.8681,11.8474,11.8271,11.8074,11.788,11.7692,11.7507,11.7326,11.7149,11.6975,11.6805,11.6638,11.6475,11.6315,11.6158,11.6004,11.5853,11.5704,11.5558,11.5415,11.5275,11.5136,11.5001,11.4867,11.4736,11.4607,11.448,11.4355,11.4232,11.4111,11.3992,11.3875,11.3759
23.0801,22.9584,22.8323,22.7015,22.5655,22.4236,22.2752,22.1195,21.9554,21.7816,21.5967,21.3986,21.1848,20.9518,20.6948,20.4072,20.0788,19.6935,19.2237,18.6196,17.7991,16.7803,15.9131,15.3177,14.8965,14.5787,14.3266,14.1189,13.9432,13.7912,13.6576,13.5385,13.4313,13.3338,13.2446,13.1623,13.0861,13.015,12.9486,12.8862,12.8273,12.7718,12.7191,12.669,12.6214,12.5759,12.5325,12.4908,12.4509,12.4126,12.3757,12.3402,12.3059,12.2729,12.2409,12.21,12.1801,12.1511,12.123,12.0958,12.0693,12.0435,12.0185,11.9941,11.9704,11.9473,11.9248,11.9028,11.8814,11.8604,11.84,11.82,11.8005,11.7814,11.7627,11.7444,11.7266,11.709,11.6919,11.6751,11.6586,11.6424,11.6266,11.611,11.5957,11.5808,11.5661,11.5516,11.5374,11.5235,11.5098,11.4963,11.4831,11.4701,11.4573,11.4447,11.4323,11.4201,11.4081,11.3963,11.3847
23.1059,22.9853,22.8605,22.7311,22.5966,22.4564,22.3099,22.1564,21.9948,21.824,21.6425,21.4485,21.2397,21.0129,20.7638,20.4865,20.1722,19.8072,19.3688,18.8169,18.0815,17.1173,16.1789,15.5083,15.0403,14.6931,14.4212,14.1997,14.0136,13.8537,13.7138,13.5897,13.4783,13.3773,13.285,13.2002,13.1217,13.0487,12.9804,12.9165,12.8563,12.7994,12.7456,12.6945,12.6459,12.5995,12.5552,12.5129,12.4723,12.4333,12.3958,12.3597,12.3249,12.2913,12.2589,12.2276,12.1973,12.1679,12.1394,12.1117,12.0849,12.0588,12.0335,12.0088,11.9848,11.9614,11.9387,11.9164,11.8948,11.8736,11.8529,11.8327,11.813,11.7937,11.7749,11.7564,11.7383,11.7206,11.7033,11.6863,11.6697,11.6534,11.6374,11.6217,11.6063,11.5912,11.5763,11.5618,11.5475,11.5334,11.5196,11.506,11.4927,11.4796,11.4667,11.454,11.4415,11.4292,11.4171,11.4052,11.3935
23.1315,23.0119,22.8883,22.7602,22.6272,22.4887,22.3441,22.1927,22.0335,21.8655,21.6873,21.4972,21.293,21.072,20.8302,20.5623,20.2607,19.9136,19.5021,18.9937,18.3308,17.4449,16.4702,15.719,15.1968,14.8159,14.5219,14.2848,14.0874,13.9188,13.7722,13.6426,13.5267,13.422,13.3266,13.239,13.1581,13.083,13.013,12.9474,12.8857,12.8275,12.7725,12.7203,12.6707,12.6235,12.5784,12.5352,12.4939,12.4542,12.4161,12.3794,12.3441,12.31,12.2771,12.2453,12.2145,12.1848,12.1559,12.1279,12.1007,12.0743,12.0486,12.0237,11.9994,11.9757,11.9527,11.9302,11.9083,11.8869,11.866,11.8456,11.8256,11.8061,11.7871,11.7684,11.7502,11.7323,11.7148,11.6977,11.6809,11.6644,11.6483,11.6324,11.6169,11.6017,11.5867,11.572,11.5576,11.5434,11.5295,11.5158,11.5023,11.4891,11.4761,11.4633,11.4507,11.4383,11.4261,11.4141,11.4023
23.1568,23.0383,22.9158,22.789,22.6574,22.5205,22.3777,22.2283,22.0714,21.9061,21.731,21.5446,21.3449,21.1293,20.8942,20.635,20.3449,20.0137,19.6255,19.1537,18.5514,17.749,16.7811,15.952,15.368,14.9483,14.6291,14.3747,14.1648,13.9868,13.8328,13.6974,13.5767,13.468,13.3692,13.2788,13.1954,13.1182,13.0462,12.9789,12.9157,12.8562,12.7999,12.7466,12.696,12.6478,12.6018,12.5578,12.5158,12.4754,12.4367,12.3994,12.3635,12.3289,12.2955,12.2632,12.232,12.2018,12.1725,12.1442,12.1166,12.0899,12.0639,12.0386,12.014,11.9901,11.9668,11.944,11.9219,11.9002,11.8791,11.8585,11.8383,11.8187,11.7994,11.7806,11.7621,11.7441,11.7264,11.7091,11.6922,11.6755,11.6592,11.6433,11.6276,11.6122,11.5971,11.5823,11.5677,11.5534,11.5394,11.5256,11.512,11.4987,11.4855,11.4726,11.4599,11.4475,11.4352,11.4231,11.4112
23.1818,23.0643,22.943,22.8175,22.6872,22.5519,22.4108,22.2634,22.1087,21.946,21.7739,21.591,21.3954,21.1848,20.9561,20.7048,20.4251,20.1082,19.7404,19.2998,18.7481,18.0233,17.0996,16.2083,15.5558,15.0915,14.7437,14.4699,14.2461,14.0578,13.8959,13.7541,13.6283,13.5154,13.4131,13.3196,13.2336,13.1541,13.0801,13.0111,12.9463,12.8853,12.8278,12.7733,12.7216,12.6725,12.6256,12.5808,12.538,12.4969,12.4575,12.4196,12.3831,12.348,12.3141,12.2813,12.2497,12.219,12.1894,12.1606,12.1327,12.1056,12.0793,12.0537,12.0288,12.0046,11.981,11.958,11.9356,11.9137,11.8924,11.8715,11.8511,11.8312,11.8118,11.7928,11.7741,11.7559,11.7381,11.7206,11.7035,11.6867,11.6703,11.6541,11.6383,11.6228,11.6076,11.5926,11.5779,11.5635,11.5493,11.5354,11.5217,11.5083,11.495,11.482,11.4693,11.4567,11.4443,11.4321,11.4201
23.2065,23.0901,22.9699,22.8455,22.7167,22.5828,22.4434,22.2979,22.1454,21.9851,21.8158,21.6362,21.4446,21.2388,21.0159,20.772,20.5019,20.1977,19.848,19.4341,18.9249,18.2679,17.4109,16.4867,15.762,15.247,14.8666,14.571,14.3318,14.1322,13.9616,13.813,13.6817,13.5643,13.4582,13.3615,13.2728,13.1908,13.1148,13.0439,12.9774,12.915,12.8561,12.8005,12.7477,12.6975,12.6497,12.6041,12.5605,12.5187,12.4786,12.44,12.403,12.3673,12.3329,12.2996,12.2675,12.2364,12.2064,12.1772,12.1489,12.1215,12.0948,12.0689,12.0437,12.0192,11.9953,11.9721,11.9494,11.9273,11.9057,11.8846,11.864,11.8439,11.8243,11.805,11.7862,11.7678,11.7498,11.7322,11.7149,11.698,11.6814,11.6651,11.6491,11.6334,11.6181,11.603,11.5882,11.5736,11.5593,11.5453,11.5315,11.5179,11.5046,11.4915,11.4786,11.4659,11.4534,11.4412,11.4291
23.231,23.1156,22.9964,22.8733,22.7457,22.6133,22.4756,22.3318,22.1814,22.0234,21.8569,21.6805,21.4927,21.2913,21.0739,20.8369,20.5755,20.2829,19.9492,19.5586,19.0854,18.486,17.7026,16.7819,15.9884,15.4162,14.9987,14.6785,14.4222,14.2101,14.0301,13.8742,13.737,13.6147,13.5046,13.4045,13.3129,13.2285,13.1502,13.0774,13.0092,12.9453,12.885,12.8281,12.7742,12.7229,12.6742,12.6277,12.5833,12.5407,12.4999,12.4608,12.4231,12.3868,12.3519,12.3181,12.2855,12.254,12.2235,12.194,12.1653,12.1375,12.1105,12.0843,12.0588,12.034,12.0098,11.9863,11.9633,11.941,11.9191,11.8978,11.877,11.8567,11.8368,11.8174,11.7984,11.7798,11.7616,11.7438,11.7264,11.7093,11.6925,11.6761,11.66,11.6442,11.6287,11.6134,11.5985,11.5838,11.5694,11.5552,11.5413,11.5277,11.5142,11.501,11.488,11.4752,11.4626,11.4503,11.4381
23.2553,23.1408,23.0227,22.9007,22.7744,22.6434,22.5072,22.3652,22.2168,22.0611,21.8972,21.7238,21.5395,21.3424,21.1301,20.8995,20.6462,20.3642,20.0448,19.6746,19.2322,18.6816,17.9686,17.0837,16.2356,15.6009,15.1412,14.7933,14.5179,14.292,14.1017,13.9378,13.7943,13.6668,13.5525,13.4488,13.3541,13.267,13.1865,13.1116,13.0417,12.9761,12.9144,12.8562,12.8011,12.7488,12.6991,12.6516,12.6064,12.5631,12.5216,12.4817,12.4434,12.4066,12.3711,12.3368,12.3038,12.2718,12.2409,12.2109,12.1819,12.1537,12.1263,12.0998,12.0739,12.0488,12.0244,12.0006,11.9774,11.9547,11.9327,11.9111,11.8901,11.8696,11.8495,11.8299,11.8107,11.7919,11.7735,11.7555,11.7379,11.7207,11.7037,11.6872,11.6709,11.6549,11.6393,11.6239,11.6089,11.5941,11.5795,11.5652,11.5512,11.5374,11.5239,11.5105,11.4974,11.4846,11.4719,11.4594,11.4471
23.2793,23.1658,23.0487,22.9278,22.8028,22.6731,22.5384,22.3982,22.2517,22.0981,21.9367,21.7662,21.5853,21.3922,21.1848,20.9601,20.7142,20.4419,20.1354,19.7832,19.3674,18.8581,18.2082,17.3799,16.5019,15.8026,15.2953,14.916,14.6193,14.3782,14.1766,14.004,13.8537,13.7207,13.6018,13.4943,13.3964,13.3065,13.2235,13.1465,13.0747,13.0075,12.9443,12.8848,12.8284,12.775,12.7243,12.676,12.6298,12.5857,12.5435,12.503,12.464,12.4266,12.3905,12.3558,12.3222,12.2897,12.2584,12.228,12.1986,12.17,12.1423,12.1154,12.0893,12.0638,12.0391,12.015,11.9915,11.9686,11.9463,11.9245,11.9033,11.8825,11.8622,11.8424,11.823,11.8041,11.7855,11.7673,11.7495,11.7321,11.715,11.6983,11.6819,11.6658,11.65,11.6345,11.6193,11.6044,11.5897,11.5753,11.5612,11.5472,11.5336,11.5201,11.5069,11.4939,11.4812,11.4686,11.4562
23.3031,23.1905,23.0744,22.9546,22.8308,22.7024,22.5692,22.4306,22.2859,22.1345,21.9755,21.8077,21.63,21.4408,21.2379,21.0187,20.7798,20.5163,20.2215,19.8855,19.4928,19.0188,18.4234,17.6597,16.7827,16.0225,15.4624,15.0476,14.727,14.4691,14.255,14.0731,13.9153,13.7765,13.6527,13.5411,13.4398,13.347,13.2615,13.1823,13.1085,13.0396,12.9748,12.9139,12.8563,12.8017,12.7499,12.7006,12.6536,12.6087,12.5657,12.5245,12.4849,12.4468,12.4102,12.3749,12.3408,12.3079,12.2761,12.2453,12.2154,12.1865,12.1584,12.1312,12.1047,12.0789,12.0539,12.0295,12.0058,11.9826,11.9601,11.938,11.9166,11.8956,11.8751,11.855,11.8355,11.8163,11.7976,11.7792,11.7612,11.7436,11.7264,11.7095,11.6929,11.6767,11.6608,11.6451,11.6298,11.6147,11.5999,11.5854,11.5711,11.5571,11.5433,11.5298,11.5165,11.5034,11.4905,11.4778,11.4653
23.3266,23.2149,23.0998,22.9811,22.8584,22.7314,22.5996,22.4626,22.3197,22.1703,22.0135,21.8485,21.6738,21.4882,21.2896,21.0756,20.8431,20.5878,20.3037,19.982,19.6097,19.1661,18.6174,17.9174,17.0693,16.2609,15.6438,15.1892,14.8417,14.565,14.3374,14.1452,13.9794,13.8342,13.7052,13.5894,13.4844,13.3885,13.3004,13.2188,13.143,13.0722,13.0059,12.9435,12.8846,12.8288,12.776,12.7257,12.6777,12.632,12.5882,12.5462,12.506,12.4673,12.4301,12.3942,12.3596,12.3262,12.2939,12.2627,12.2324,12.2031,12.1747,12.1471,12.1203,12.0942,12.0689,12.0442,12.0202,11.9967,11.9739,11.9517,11.9299,11.9087,11.888,11.8678,11.848,11.8286,11.8097,11.7912,11.773,11.7552,11.7378,11.7208,11.7041,11.6877,11.6716,11.6558,11.6403,11.6251,11.6102,11.5956,11.5812,11.567,11.5531,11.5395,11.5261,11.5129,11.4999,11.4871,11.4745
23.35,23.2391,23.125,23.0073,22.8857,22.76,22.6296,22.4941,22.3529,22.2055,22.0509,21.8884,21.7167,21.5344,21.3399,21.1309,20.9044,20.6566,20.3822,20.0736,19.7193,19.302,18.7934,18.1516,17.3515,16.516,15.8409,15.3418,14.9641,14.6666,14.424,14.2205,14.0461,13.8941,13.7595,13.6391,13.5303,13.4312,13.3402,13.2562,13.1783,13.1056,13.0376,12.9736,12.9134,12.8564,12.8024,12.7511,12.7022,12.6556,12.611,12.5683,12.5274,12.488,12.4502,12.4138,12.3786,12.3447,12.312,12.2803,12.2496,12.2199,12.1911,12.1631,12.136,12.1096,12.0839,12.059,12.0346,12.011,11.9879,11.9654,11.9434,11.922,11.901,11.8806,11.8606,11.841,11.8219,11.8032,11.7849,11.7669,11.7494,11.7321,11.7153,11.6987,11.6825,11.6666,11.651,11.6356,11.6206,11.6058,11.5913,11.577,11.563,11.5492,11.5357,11.5224,11.5093,11.4964,11.4837
23.3731,23.2631,23.1499,23.0332,22.9128,22.7882,22.6592,22.5252,22.3857,22.2401,22.0877,21.9276,21.7587,21.5797,21.389,21.1846,20.9638,20.723,20.4575,20.1606,19.8225,19.4281,18.954,18.3635,17.62,16.7836,16.0545,15.5066,15.0951,14.7744,14.5152,14.2994,14.1157,13.9562,13.8157,13.6904,13.5776,13.475,13.381,13.2945,13.2143,13.1397,13.0699,13.0044,12.9427,12.8844,12.8293,12.7769,12.7271,12.6795,12.6341,12.5907,12.549,12.509,12.4706,12.4336,12.3979,12.3635,12.3302,12.2981,12.267,12.2369,12.2077,12.1793,12.1518,12.1251,12.0991,12.0739,12.0493,12.0253,12.002,11.9792,11.957,11.9353,11.9141,11.8935,11.8733,11.8535,11.8342,11.8153,11.7968,11.7787,11.7609,11.7436,11.7265,11.7098,11.6935,11.6774,11.6616,11.6462,11.631,11.6161,11.6014,11.5871,11.5729,11.559,11.5454,11.532,11.5188,11.5058,11.493
23.396,23.2868,23.1745,23.0588,22.9395,22.8161,22.6884,22.5558,22.4179,22.2742,22.1238,21.966,21.7998,21.6239,21.4369,21.2368,21.0213,20.7871,20.5298,20.2437,19.92,19.5459,19.1015,18.5557,17.8694,17.0563,16.2845,15.6847,15.2356,14.8889,14.6114,14.3822,14.1882,14.0208,13.8739,13.7434,13.6262,13.52,13.4229,13.3337,13.2511,13.1744,13.1028,13.0357,12.9725,12.913,12.8566,12.8031,12.7523,12.7038,12.6576,12.6133,12.5709,12.5303,12.4912,12.4536,12.4174,12.3824,12.3487,12.3161,12.2845,12.254,12.2244,12.1957,12.1678,12.1408,12.1145,12.0889,12.064,12.0398,12.0161,11.9931,11.9707,11.9487,11.9274,11.9065,11.886,11.8661,11.8466,11.8275,11.8088,11.7905,11.7726,11.755,11.7379,11.721,11.7045,11.6883,11.6724,11.6568,11.6414,11.6264,11.6116,11.5971,11.5829,11.5689,11.5551,11.5416,11.5283,11.5152,11.5023
23.4187,23.3103,23.1989,23.0842,22.9659,22.8437,22.7172,22.5861,22.4498,22.3077,22.1593,22.0038,21.8401,21.6672,21.4837,21.2878,21.0772,20.849,20.5994,20.3231,20.0124,19.6563,19.2379,18.7307,18.098,17.3254,16.5291,15.8772,15.3865,15.0109,14.7131,14.4691,14.264,14.0879,13.9342,13.7981,13.6763,13.5662,13.4659,13.3738,13.2888,13.21,13.1364,13.0676,13.0029,12.942,12.8844,12.8298,12.7779,12.7285,12.6813,12.6363,12.5932,12.5518,12.512,12.4738,12.437,12.4016,12.3673,12.3343,12.3023,12.2713,12.2413,12.2122,12.184,12.1566,12.13,12.1041,12.0789,12.0543,12.0304,12.0072,11.9844,11.9623,11.9407,11.9195,11.8989,11.8787,11.859,11.8397,11.8209,11.8024,11.7843,11.7666,11.7493,11.7322,11.7156,11.6992,11.6832,11.6674,11.652,11.6368,11.6219,11.6073,11.5929,11.5788,11.5649,11.5513,11.5379,11.5247,11.5117
23.4412,23.3336,23.2231,23.1093,22.992,22.8709,22.7457,22.6159,22.4811,22.3408,22.1943,22.0409,21.8797,21.7096,21.5294,21.3374,21.1315,20.909,20.6665,20.3992,20.1003,19.7603,19.3647,18.891,18.3064,17.5831,16.7845,16.0845,15.5489,15.1412,14.8208,14.5605,14.3433,14.1579,13.9968,13.8548,13.728,13.6138,13.51,13.415,13.3274,13.2463,13.1708,13.1002,13.0339,12.9715,12.9126,12.8568,12.8039,12.7535,12.7055,12.6596,12.6157,12.5736,12.5332,12.4943,12.457,12.4209,12.3862,12.3526,12.3202,12.2888,12.2584,12.2289,12.2003,12.1725,12.1456,12.1194,12.0938,12.069,12.0449,12.0213,11.9983,11.9759,11.9541,11.9327,11.9119,11.8915,11.8716,11.8521,11.833,11.8144,11.7961,11.7782,11.7607,11.7436,11.7267,11.7102,11.694,11.6781,11.6626,11.6473,11.6322,11.6175,11.603,11.5887,11.5747,11.561,11.5475,11.5342,11.5211
23.4635,23.3567,23.247,23.1341,23.0179,22.8979,22.7738,22.6454,22.512,22.3733,22.2287,22.0774,21.9185,21.7512,21.5741,21.3858,21.1843,20.9672,20.7313,20.4722,20.1842,19.8586,19.4831,19.0385,18.4964,17.8245,17.0444,16.3065,15.7236,15.2804,14.935,14.6569,14.4264,14.2308,14.0618,13.9134,13.7814,13.6629,13.5554,13.4572,13.3669,13.2834,13.2058,13.1334,13.0655,13.0016,12.9414,12.8844,12.8303,12.7789,12.7299,12.6832,12.6385,12.5956,12.5546,12.5151,12.4771,12.4405,12.4052,12.3712,12.3383,12.3064,12.2756,12.2457,12.2167,12.1886,12.1613,12.1348,12.109,12.0838,12.0594,12.0356,12.0123,11.9897,11.9676,11.946,11.9249,11.9043,11.8842,11.8645,11.8453,11.8265,11.808,11.79,11.7723,11.7549,11.7379,11.7213,11.705,11.6889,11.6732,11.6578,11.6426,11.6277,11.6131,11.5988,11.5846,11.5708,11.5571,11.5437,11.5305
23.4856,23.3796,23.2707,23.1587,23.0434,22.9245,22.8016,22.6745,22.5425,22.4054,22.2626,22.1132,21.9567,21.7919,21.6179,21.4331,21.2357,21.0237,20.7939,20.5425,20.2644,19.9519,19.5943,19.1752,18.6701,18.0473,17.3015,16.5413,15.9114,15.4295,15.0565,14.7586,14.5135,14.307,14.1293,13.9741,13.8366,13.7134,13.602,13.5005,13.4074,13.3214,13.2416,13.1672,13.0976,13.0322,12.9706,12.9123,12.8571,12.8047,12.7548,12.7071,12.6616,12.618,12.5762,12.5361,12.4975,12.4603,12.4245,12.3899,12.3565,12.3242,12.293,12.2627,12.2333,12.2049,12.1772,12.1503,12.1242,12.0988,12.074,12.0499,12.0264,12.0035,11.9812,11.9594,11.9381,11.9173,11.8969,11.8771,11.8576,11.8386,11.82,11.8017,11.7839,11.7664,11.7492,11.7324,11.7159,11.6998,11.6839,11.6683,11.653,11.638,11.6233,11.6088,11.5946,11.5806,11.5668,11.5533,11.54
23.5075,23.4022,23.2942,23.1831,23.0687,22.9508,22.8291,22.7032,22.5727,22.4371,22.2959,22.1485,21.9941,21.8319,21.6607,21.4793,21.2859,21.0785,20.8545,20.6103,20.3412,20.0406,19.699,19.3024,18.8298,18.2519,17.549,16.7854,16.1127,15.5893,15.1858,14.8661,14.6051,14.3866,14.1997,14.037,13.8936,13.7655,13.65,13.545,13.4489,13.3603,13.2782,13.2018,13.1304,13.0634,13.0003,12.9408,12.8844,12.8309,12.78,12.7314,12.685,12.6407,12.5981,12.5573,12.5181,12.4804,12.444,12.4089,12.375,12.3422,12.3105,12.2799,12.2501,12.2213,12.1932,12.166,12.1396,12.1138,12.0888,12.0644,12.0407,12.0175,11.9949,11.9729,11.9513,11.9303,11.9098,11.8897,11.87,11.8508,11.832,11.8136,11.7956,11.7779,11.7606,11.7436,11.727,11.7107,11.6947,11.679,11.6635,11.6484,11.6335,11.6189,11.6046,11.5905,11.5766,11.563,11.5496
23.5292,23.4247,23.3174,23.2072,23.0938,22.9769,22.8563,22.7316,22.6024,22.4683,22.3288,22.1832,22.031,21.8711,21.7027,21.5244,21.3348,21.1319,20.9133,20.6758,20.415,20.1252,19.7981,19.4214,18.9772,18.4394,17.7824,17.0335,16.327,15.7606,15.3237,14.98,14.7015,14.4699,14.273,14.1024,13.9526,13.8192,13.6994,13.5907,13.4914,13.4001,13.3156,13.2371,13.1639,13.0952,13.0306,12.9697,12.9121,12.8575,12.8055,12.756,12.7088,12.6636,12.6204,12.5789,12.539,12.5006,12.4637,12.4281,12.3937,12.3604,12.3283,12.2972,12.267,12.2378,12.2094,12.1819,12.1551,12.129,12.1037,12.079,12.055,12.0316,12.0087,11.9864,11.9647,11.9434,11.9227,11.9024,11.8825,11.8631,11.8441,11.8255,11.8073,11.7895,11.772,11.7549,11.7381,11.7217,11.7055,11.6897,11.6741,11.6588,11.6438,11.6291,11.6146,11.6004,11.5864,11.5727,11.5592
23.5508,23.447,23.3405,23.2311,23.1186,23.0027,22.8831,22.7596,22.6317,22.4991,22.3612,22.2174,22.0672,21.9096,21.7438,21.5686,21.3826,21.1839,20.9704,20.739,20.4861,20.2062,19.8921,19.5332,19.1139,18.6116,17.9994,17.2794,16.5526,15.9439,15.4709,15.1008,14.8031,14.5573,14.3494,14.1703,14.0136,13.8747,13.7503,13.6377,13.535,13.4408,13.3539,13.2732,13.198,13.1276,13.0615,12.9992,12.9403,12.8845,12.8315,12.781,12.7329,12.6869,12.6429,12.6007,12.5601,12.5211,12.4836,12.4474,12.4125,12.3788,12.3462,12.3147,12.2841,12.2545,12.2257,12.1978,12.1707,12.1444,12.1187,12.0938,12.0694,12.0457,12.0226,12.0001,11.9781,11.9566,11.9357,11.9152,11.8951,11.8755,11.8563,11.8376,11.8192,11.8012,11.7835,11.7663,11.7493,11.7327,11.7164,11.7004,11.6847,11.6693,11.6542,11.6393,11.6247,11.6104,11.5963,11.5824,11.5688
23.5721,23.469,23.3633,23.2547,23.1431,23.0282,22.9097,22.7873,22.6607,22.5294,22.3931,22.2511,22.1028,21.9475,21.7842,21.6119,21.4292,21.2346,21.0258,20.8003,20.5545,20.2838,19.9815,19.6386,19.2415,18.7704,18.1999,17.5173,16.7863,16.1393,15.628,15.229,14.9104,14.649,14.4293,14.241,14.077,13.9321,13.8027,13.686,13.5798,13.4826,13.3931,13.3101,13.2328,13.1606,13.0929,13.0291,12.9689,12.9119,12.8579,12.8064,12.7573,12.7105,12.6657,12.6227,12.5815,12.5419,12.5038,12.467,12.4316,12.3974,12.3643,12.3323,12.3014,12.2713,12.2422,12.214,12.1865,12.1598,12.1339,12.1086,12.084,12.06,12.0367,12.0139,11.9917,11.9699,11.9487,11.928,11.9078,11.888,11.8686,11.8496,11.8311,11.8129,11.7951,11.7777,11.7606,11.7438,11.7273,11.7112,11.6954,11.6798,11.6646,11.6496,11.6349,11.6204,11.6062,11.5923,11.5785
23.5933,23.4909,23.3859,23.2781,23.1674,23.0534,22.9359,22.8147,22.6893,22.5594,22.4246,22.2842,22.1378,21.9846,21.8238,21.6543,21.4749,21.284,21.0797,20.8597,20.6206,20.3583,20.0669,19.7383,19.3609,18.9174,18.3847,17.7429,17.0236,16.3463,15.7958,15.3654,15.0238,14.7453,14.5128,14.3146,14.1427,13.9915,13.8568,13.7357,13.6259,13.5255,13.4331,13.3478,13.2684,13.1943,13.1249,13.0597,12.9981,12.9399,12.8846,12.8321,12.7821,12.7344,12.6888,12.6451,12.6032,12.5629,12.5242,12.4869,12.4509,12.4162,12.3826,12.3502,12.3188,12.2884,12.2589,12.2302,12.2024,12.1754,12.1491,12.1236,12.0987,12.0744,12.0508,12.0278,12.0053,11.9834,11.9619,11.941,11.9205,11.9005,11.881,11.8618,11.8431,11.8247,11.8068,11.7891,11.7719,11.755,11.7384,11.7221,11.7061,11.6904,11.6751,11.6599,11.6451,11.6305,11.6162,11.6021,11.5883
23.6143,23.5126,23.4083,23.3014,23.1914,23.0784,22.9619,22.8417,22.7176,22.589,22.4556,22.3169,22.1723,22.0212,21.8627,21.6958,21.5195,21.3322,21.1323,20.9173,20.6845,20.43,20.1485,19.833,19.4732,19.0541,18.5552,17.9541,17.2591,16.5632,15.9746,15.5106,15.1438,14.8467,14.6003,14.3913,14.211,14.0529,13.9127,13.7869,13.6732,13.5694,13.4742,13.3863,13.3047,13.2287,13.1576,13.0907,13.0277,12.9682,12.9118,12.8583,12.8073,12.7587,12.7122,12.6677,12.6251,12.5842,12.5448,12.5069,12.4704,12.4352,12.4011,12.3682,12.3364,12.3055,12.2756,12.2466,12.2185,12.1911,12.1645,12.1387,12.1135,12.089,12.0651,12.0418,12.019,11.9969,11.9752,11.9541,11.9334,11.9132,11.8934,11.8741,11.8551,11.8366,11.8185,11.8007,11.7833,11.7662,11.7495,11.733,11.7169,11.7011,11.6856,11.6703,11.6554,11.6407,11.6262,11.612,11.5981
23.6352,23.5341,23.4306,23.3243,23.2153,23.1031,22.9876,22.8685,22.7455,22.6182,22.4862,22.3491,22.2063,22.0571,21.9008,21.7366,21.5632,21.3793,21.1834,20.9733,20.7464,20.4991,20.2268,19.9231,19.5791,19.1818,18.7129,18.1504,17.4878,16.7873,16.1643,15.6651,15.2709,14.9536,14.692,14.4714,14.2819,14.1166,13.9704,13.8397,13.7218,13.6145,13.5163,13.4258,13.3419,13.2638,13.1908,13.1224,13.0579,12.9971,12.9395,12.8848,12.8328,12.7833,12.736,12.6907,12.6473,12.6057,12.5657,12.5272,12.4901,12.4543,12.4198,12.3864,12.3542,12.3229,12.2926,12.2632,12.2347,12.207,12.1801,12.1539,12.1284,12.1036,12.0794,12.0559,12.0329,12.0105,11.9886,11.9672,11.9463,11.9259,11.9059,11.8864,11.8673,11.8486,11.8303,11.8123,11.7947,11.7775,11.7606,11.744,11.7278,11.7118,11.6962,11.6808,11.6657,11.6509,11.6363,11.622,11.6079
23.6559,23.5555,23.4526,23.3471,23.2389,23.1276,23.013,22.895,22.7731,22.6471,22.5165,22.3809,22.2397,22.0925,21.9384,21.7765,21.606,21.4254,21.2333,21.0278,20.8063,20.5658,20.302,20.0092,19.6794,19.3015,18.8594,18.3323,17.7059,17.0145,16.3644,15.8294,15.4057,15.0664,14.7882,14.5551,14.3558,14.1826,14.0301,13.8942,13.7719,13.6609,13.5594,13.4661,13.3798,13.2996,13.2248,13.1546,13.0886,13.0264,12.9676,12.9118,12.8588,12.8082,12.76,12.7139,12.6698,12.6275,12.5868,12.5477,12.5101,12.4737,12.4387,12.4048,12.3721,12.3404,12.3097,12.2799,12.2511,12.223,12.1957,12.1692,12.1435,12.1184,12.0939,12.0701,12.0468,12.0242,12.0021,11.9805,11.9593,11.9387,11.9186,11.8988,11.8795,11.8606,11.8421,11.824,11.8063,11.7889,11.7718,11.7551,11.7387,11.7226,11.7068,11.6913,11.6761,11.6611,11.6464,11.632,11.6178
23.6764,23.5766,23.4745,23.3697,23.2622,23.1518,23.0382,22.9212,22.8004,22.6756,22.5463,22.4122,22.2727,22.1273,21.9752,21.8158,21.6479,21.4705,21.282,21.0808,20.8645,20.6303,20.3743,20.0915,19.7747,19.4142,18.9958,18.5009,17.9114,17.2403,16.5732,16.0037,15.5488,15.1855,14.8894,14.6426,14.4327,14.2511,14.0918,13.9503,13.8234,13.7085,13.6037,13.5075,13.4187,13.3362,13.2594,13.1875,13.1199,13.0563,12.9961,12.9392,12.8851,12.8336,12.7844,12.7375,12.6926,12.6495,12.6082,12.5685,12.5302,12.4934,12.4578,12.4234,12.3902,12.3581,12.327,12.2968,12.2676,12.2392,12.2116,12.1847,12.1586,12.1332,12.1085,12.0844,12.0609,12.038,12.0156,11.9938,11.9725,11.9516,11.9312,11.9113,11.8918,11.8728,11.8541,11.8358,11.8179,11.8003,11.7831,11.7662,11.7497,11.7334,11.7175,11.7019,11.6865,11.6714,11.6566,11.6421,11.6277
23.6967,23.5976,23.4961,23.3921,23.2854,23.1758,23.0631,22.9471,22.8274,22.7037,22.5758,22.4431,22.3052,22.1616,22.0115,21.8543,21.689,21.5146,21.3296,21.1325,20.9211,20.6927,20.444,20.1704,19.8655,19.5206,19.1235,18.6573,18.1034,17.4603,16.7883,16.1879,15.7005,15.3114,14.9958,14.7342,14.5129,14.3223,14.1558,14.0084,13.8765,13.7575,13.6491,13.5499,13.4584,13.3736,13.2947,13.221,13.1518,13.0867,13.0252,12.967,12.9118,12.8593,12.8092,12.7614,12.7157,12.6719,12.6299,12.5895,12.5506,12.5132,12.4771,12.4422,12.4086,12.376,12.3444,12.3139,12.2842,12.2554,12.2275,12.2003,12.1739,12.1482,12.1232,12.0988,12.0751,12.0519,12.0293,12.0072,11.9857,11.9646,11.944,11.9239,11.9042,11.885,11.8661,11.8476,11.8296,11.8118,11.7945,11.7774,11.7607,11.7443,11.7283,11.7125,11.697,11.6818,11.6668,11.6522,11.6377
23.717,23.6184,23.5176,23.4143,23.3084,23.1996,23.0878,22.9727,22.854,22.7315,22.6048,22.4736,22.3372,22.1953,22.0472,21.8922,21.7294,21.5578,21.3761,21.1828,20.976,20.7533,20.5114,20.2462,19.9521,19.6214,19.2433,18.8029,18.2822,17.6713,17.0062,16.3814,15.8613,15.4446,15.1079,14.8303,14.5966,14.3964,14.2221,14.0684,13.9313,13.8078,13.6957,13.5933,13.499,13.4118,13.3308,13.2551,13.1842,13.1176,13.0547,12.9953,12.9389,12.8853,12.8343,12.7856,12.7391,12.6945,12.6518,12.6107,12.5713,12.5332,12.4966,12.4612,12.4271,12.394,12.362,12.3311,12.301,12.2719,12.2436,12.2161,12.1894,12.1634,12.138,12.1134,12.0894,12.0659,12.0431,12.0208,11.999,11.9777,11.9569,11.9366,11.9167,11.8972,11.8782,11.8596,11.8413,11.8234,11.8059,11.7887,11.7718,11.7553,11.7391,11.7232,11.7076,11.6922,11.6771,11.6623,11.6478
23.737,23.6391,23.5389,23.4363,23.3311,23.2231,23.1122,22.9981,22.8804,22.7591,22.6336,22.5036,22.3688,22.2285,22.0823,21.9294,21.769,21.6001,21.4216,21.232,21.0296,20.812,20.5764,20.3191,20.035,19.7172,19.3563,18.939,18.4485,17.871,17.2229,16.5826,16.0313,15.5855,15.226,14.9311,14.6841,14.4735,14.2909,14.1304,13.9877,13.8597,13.7437,13.6378,13.5406,13.4509,13.3676,13.29,13.2173,13.1491,13.0848,13.024,12.9665,12.9118,12.8598,12.8102,12.7628,12.7175,12.674,12.6323,12.5921,12.5535,12.5163,12.4804,12.4458,12.4123,12.3798,12.3484,12.318,12.2885,12.2598,12.232,12.2049,12.1786,12.153,12.1281,12.1038,12.0801,12.057,12.0344,12.0124,11.9909,11.9699,11.9493,11.9293,11.9096,11.8904,11.8716,11.8531,11.8351,11.8174,11.8,11.783,11.7663,11.75,11.7339,11.7182,11.7027,11.6875,11.6726,11.6579
23.7569,23.6596,23.5601,23.4581,23.3537,23.2465,23.1364,23.0232,22.9065,22.7862,22.662,22.5333,22.4,22.2613,22.1169,21.966,21.8079,21.6416,21.4661,21.28,21.0817,20.8691,20.6394,20.3894,20.1145,19.8085,19.463,19.0665,18.6035,18.0586,17.4348,16.7893,16.2102,15.7345,15.3506,15.0369,14.7756,14.5538,14.3623,14.1946,14.0461,13.9131,13.7929,13.6835,13.5833,13.4909,13.4053,13.3255,13.251,13.1812,13.1154,13.0533,12.9945,12.9387,12.8857,12.8351,12.7869,12.7407,12.6965,12.654,12.6133,12.5741,12.5363,12.4998,12.4647,12.4307,12.3978,12.366,12.3351,12.3052,12.2762,12.248,12.2206,12.194,12.1681,12.1428,12.1183,12.0943,12.0709,12.0481,12.0259,12.0042,11.9829,11.9622,11.9419,11.9221,11.9026,11.8836,11.865,11.8468,11.8289,11.8114,11.7943,11.7774,11.7609,11.7447,11.7288,11.7132,11.6979,11.6828,11.6681
23.7767,23.68,23.581,23.4798,23.376,23.2696,23.1603,23.048,22.9324,22.8131,22.69,22.5627,22.4307,22.2936,22.1509,22.002,21.8461,21.6823,21.5097,21.327,21.1326,20.9246,20.7005,20.4573,20.1909,19.8957,19.5643,19.1864,18.7482,18.2342,17.6387,16.9985,16.3974,15.8918,15.482,15.1482,14.8714,14.6375,14.4365,14.2611,14.1063,13.9681,13.8436,13.7304,13.627,13.5318,13.4437,13.3619,13.2854,13.2138,13.1465,13.083,13.023,12.966,12.9119,12.8604,12.8112,12.7642,12.7193,12.6761,12.6347,12.5948,12.5564,12.5195,12.4838,12.4493,12.4159,12.3837,12.3524,12.3221,12.2927,12.2642,12.2365,12.2095,12.1833,12.1577,12.1329,12.1087,12.085,12.062,12.0395,12.0175,11.9961,11.9751,11.9546,11.9346,11.915,11.8958,11.877,11.8586,11.8406,11.8229,11.8056,11.7886,11.7719,11.7556,11.7396,11.7238,11.7084,11.6932,11.6783
23.7963,23.7001,23.6018,23.5012,23.3982,23.2925,23.1841,23.0726,22.9579,22.8397,22.7177,22.5916,22.461,22.3255,22.1845,22.0374,21.8836,21.7223,21.5524,21.3729,21.1822,20.9786,20.7598,20.523,20.2644,19.9791,19.6605,19.2995,18.8837,18.3982,17.8328,17.2068,16.5914,16.0575,15.6207,15.2653,14.9718,14.7249,14.5136,14.3301,14.1686,14.0249,13.8957,13.7786,13.6718,13.5737,13.483,13.3989,13.3205,13.2471,13.1782,13.1133,13.0519,12.9938,12.9386,12.8861,12.836,12.7881,12.7423,12.6984,12.6563,12.6158,12.5768,12.5393,12.5031,12.4681,12.4343,12.4016,12.3699,12.3392,12.3094,12.2805,12.2524,12.2251,12.1986,12.1728,12.1476,12.1231,12.0992,12.0759,12.0532,12.031,12.0093,11.9881,11.9674,11.9472,11.9274,11.908,11.889,11.8705,11.8523,11.8344,11.817,11.7998,11.783,11.7665,11.7504,11.7345,11.7189,11.7036,11.6885
23.8158,23.7202,23.6225,23.5225,23.4201,23.3152,23.2076,23.097,22.9832,22.866,22.7452,22.6203,22.491,22.3569,22.2175,22.0723,21.9205,21.7615,21.5943,21.4178,21.2307,21.0312,20.8173,20.5865,20.3353,20.0592,19.7523,19.4065,19.0109,18.5516,18.0161,17.411,16.7903,16.2313,15.7669,15.3885,15.077,14.8162,14.594,14.4017,14.2331,14.0834,13.9494,13.8282,13.7178,13.6166,13.5233,13.4368,13.3563,13.2811,13.2105,13.144,13.0813,13.022,12.9656,12.9121,12.861,12.8123,12.7657,12.7211,12.6782,12.6371,12.5975,12.5594,12.5226,12.4871,12.4528,12.4196,12.3875,12.3564,12.3262,12.297,12.2685,12.2409,12.2141,12.1879,12.1625,12.1377,12.1135,12.09,12.067,12.0446,12.0227,12.0013,11.9803,11.9599,11.9399,11.9203,11.9012,11.8824,11.864,11.8461,11.8284,11.8111,11.7942,11.7775,11.7612,11.7452,11.7295,11.714,11.6989
23.8351,23.7401,23.6429,23.5436,23.4419,23.3377,23.2309,23.1211,23.0082,22.892,22.7722,22.6485,22.5205,22.3879,22.2501,22.1066,21.9568,21.8001,21.6354,21.4618,21.278,21.0825,20.8733,20.6481,20.4037,20.1361,19.84,19.5081,19.1307,18.6952,18.1883,17.6082,16.9914,16.4124,15.9208,15.5182,15.1874,14.9116,14.6776,14.476,14.2998,14.1439,14.0047,13.8791,13.765,13.6605,13.5644,13.4755,13.3928,13.3157,13.2434,13.1754,13.1112,13.0506,12.9931,12.9385,12.8865,12.8368,12.7894,12.744,12.7004,12.6586,12.6184,12.5796,12.5423,12.5063,12.4715,12.4379,12.4053,12.3738,12.3432,12.3136,12.2848,12.2568,12.2296,12.2032,12.1775,12.1524,12.128,12.1041,12.0809,12.0582,12.0361,12.0145,11.9933,11.9727,11.9525,11.9327,11.9134,11.8944,11.8759,11.8577,11.8399,11.8225,11.8054,11.7886,11.7721,11.756,11.7401,11.7245,11.7092
23.8543,23.7598,23.6633,23.5646,23.4635,23.36,23.2539,23.145,23.033,22.9178,22.799,22.6765,22.5497,22.4184,22.2822,22.1404,21.9926,21.8379,21.6757,21.5049,21.3243,21.1326,20.9278,20.7079,20.4699,20.2102,19.9239,19.6047,19.2438,18.8299,18.3499,17.7968,17.1919,16.5997,16.0824,15.6546,15.3034,15.0115,14.7649,14.5532,14.3689,14.2064,14.0617,13.9315,13.8134,13.7056,13.6066,13.5151,13.4302,13.351,13.2769,13.2073,13.1417,13.0797,13.021,12.9653,12.9123,12.8617,12.8134,12.7672,12.7229,12.6804,12.6395,12.6002,12.5623,12.5257,12.4904,12.4563,12.4233,12.3914,12.3604,12.3304,12.3012,12.2729,12.2454,12.2186,12.1926,12.1672,12.1425,12.1184,12.0949,12.072,12.0496,12.0278,12.0064,11.9856,11.9652,11.9452,11.9257,11.9065,11.8878,11.8695,11.8515,11.8339,11.8166,11.7997,11.7831,11.7668,11.7508,11.7351,11.7197
23.8734,23.7794,23.6834,23.5853,23.485,23.3822,23.2768,23.1687,23.0576,22.9433,22.8255,22.7041,22.5786,22.4486,22.3139,22.1737,22.0277,21.8752,21.7153,21.5472,21.3697,21.1815,20.9809,20.7659,20.5339,20.2816,20.0045,19.6969,19.351,18.9567,18.5015,17.9757,17.3887,16.7913,16.2512,15.798,15.4251,15.116,14.8559,14.6335,14.4406,14.2711,14.1205,13.9854,13.8632,13.7518,13.6497,13.5556,13.4683,13.387,13.311,13.2397,13.1727,13.1093,13.0494,12.9925,12.9385,12.8869,12.8377,12.7907,12.7456,12.7024,12.6609,12.6209,12.5824,12.5453,12.5095,12.4749,12.4415,12.4091,12.3777,12.3473,12.3177,12.2891,12.2612,12.2341,12.2078,12.1821,12.1571,12.1328,12.109,12.0859,12.0632,12.0412,12.0196,11.9985,11.9779,11.9578,11.938,11.9187,11.8998,11.8813,11.8632,11.8454,11.828,11.8109,11.7941,11.7777,11.7616,11.7457,11.7302
23.8923,23.7989,23.7035,23.6059,23.5062,23.4041,23.2995,23.1921,23.0819,22.9685,22.8518,22.7314,22.6071,22.4784,22.3451,22.2066,22.0624,21.9118,21.7542,21.5886,21.414,21.2292,21.0327,20.8224,20.596,20.3505,20.0819,19.785,19.4528,19.0762,18.6438,18.1445,17.5796,16.9849,16.4267,15.9485,15.553,15.2256,14.951,14.7171,14.515,14.338,14.1812,14.0409,13.9144,13.7993,13.6939,13.597,13.5072,13.4237,13.3458,13.2728,13.2042,13.1394,13.0782,13.0202,12.965,12.9125,12.8624,12.8145,12.7687,12.7247,12.6825,12.6419,12.6028,12.5652,12.5288,12.4938,12.4598,12.427,12.3952,12.3644,12.3344,12.3054,12.2772,12.2498,12.2231,12.1972,12.1719,12.1473,12.1233,12.0998,12.077,12.0547,12.0329,12.0116,11.9908,11.9704,11.9505,11.931,11.9119,11.8932,11.8749,11.857,11.8394,11.8221,11.8052,11.7887,11.7724,11.7564,11.7407
23.9111,23.8182,23.7233,23.6264,23.5273,23.4259,23.3219,23.2154,23.1059,22.9935,22.8777,22.7584,22.6352,22.5079,22.3759,22.239,22.0965,21.9478,21.7924,21.6293,21.4575,21.276,21.0832,20.8773,20.6563,20.4172,20.1565,19.8694,19.5498,19.1893,18.7776,18.3035,17.7628,17.1779,16.6076,16.106,15.6872,15.3403,15.0503,14.8041,14.5922,14.4072,14.2439,14.0982,13.967,13.848,13.7393,13.6393,13.547,13.4613,13.3813,13.3065,13.2363,13.1701,13.1075,13.0483,12.992,12.9385,12.8874,12.8387,12.792,12.7473,12.7044,12.6632,12.6235,12.5852,12.5484,12.5128,12.4783,12.4451,12.4128,12.3816,12.3513,12.3219,12.2933,12.2656,12.2386,12.2123,12.1868,12.1619,12.1376,12.1139,12.0908,12.0683,12.0462,12.0247,12.0037,11.9831,11.963,11.9433,11.9241,11.9052,11.8867,11.8686,11.8509,11.8335,11.8164,11.7997,11.7832,11.7671,11.7513
23.9298,23.8374,23.7431,23.6467,23.5482,23.4474,23.3442,23.2384,23.1298,23.0182,22.9034,22.7851,22.6631,22.5369,22.4063,22.2709,22.13,21.9833,21.8299,21.6692,21.5001,21.3217,21.1325,20.9309,20.7148,20.4818,20.2284,19.9504,19.6423,19.2966,18.9038,18.4531,17.9373,17.3679,16.7924,16.2701,15.8278,15.4606,15.154,14.8948,14.6724,14.4789,14.3087,14.1572,14.0211,13.898,13.7857,13.6827,13.5877,13.4996,13.4176,13.3409,13.2689,13.2012,13.1373,13.0768,13.0194,12.9648,12.9128,12.8631,12.8157,12.7702,12.7266,12.6847,12.6443,12.6055,12.5681,12.532,12.4971,12.4633,12.4306,12.399,12.3683,12.3385,12.3096,12.2815,12.2542,12.2276,12.2018,12.1766,12.152,12.1281,12.1047,12.0819,12.0597,12.0379,12.0167,11.9959,11.9756,11.9557,11.9363,11.9172,11.8986,11.8803,11.8624,11.8449,11.8276,11.8108,11.7942,11.7779,11.762
23.9484,23.8564,23.7626,23.6669,23.569,23.4688,23.3663,23.2612,23.1534,23.0427,22.9288,22.8115,22.6906,22.5656,22.4364,22.3024,22.1632,22.0182,21.8668,21.7084,21.5419,21.3664,21.1806,20.9831,20.7717,20.5443,20.2978,20.0283,19.7308,19.3986,19.0231,18.594,18.1026,17.5527,16.9789,16.4402,15.975,15.5865,15.2626,14.9894,14.7558,14.5533,14.3757,14.218,14.0769,13.9494,13.8334,13.7272,13.6293,13.5388,13.4546,13.3759,13.3022,13.2329,13.1676,13.1058,13.0472,12.9915,12.9385,12.888,12.8396,12.7934,12.749,12.7064,12.6655,12.626,12.588,12.5514,12.516,12.4818,12.4486,12.4166,12.3855,12.3553,12.326,12.2976,12.27,12.2431,12.2169,12.1914,12.1666,12.1424,12.1188,12.0957,12.0732,12.0513,12.0298,12.0088,11.9883,11.9682,11.9486,11.9294,11.9105,11.8921,11.874,11.8563,11.8389,11.8219,11.8052,11.7888,11.7727
23.9668,23.8754,23.7821,23.6869,23.5895,23.49,23.3882,23.2838,23.1768,23.0669,22.9539,22.8376,22.7178,22.594,22.466,22.3334,22.1958,22.0526,21.9032,21.7469,21.5829,21.4103,21.2278,21.034,20.8271,20.605,20.365,20.1033,19.8156,19.4957,19.136,18.7269,18.259,17.7306,17.165,16.6151,16.1285,15.7184,15.3761,15.0881,14.8426,14.6305,14.445,14.2809,14.1343,14.0022,13.8823,13.7727,13.6719,13.5788,13.4923,13.4116,13.3361,13.2652,13.1984,13.1353,13.0754,13.0187,12.9646,12.9131,12.8639,12.8168,12.7717,12.7284,12.6868,12.6468,12.6082,12.571,12.5351,12.5004,12.4668,12.4343,12.4028,12.3723,12.3426,12.3138,12.2858,12.2586,12.2321,12.2064,12.1813,12.1568,12.1329,12.1096,12.0869,12.0647,12.043,12.0218,12.0011,11.9808,11.961,11.9416,11.9226,11.904,11.8857,11.8678,11.8503,11.8331,11.8163,11.7997,11.7835
23.9851,23.8942,23.8014,23.7067,23.61,23.5111,23.4099,23.3063,23.2,23.0909,22.9788,22.8635,22.7447,22.6221,22.4953,22.3641,22.228,22.0864,21.9389,21.7848,21.6232,21.4532,21.2739,21.0837,20.8811,20.664,20.43,20.1757,19.897,19.5885,19.2432,18.8524,18.4066,17.9008,17.3484,16.7934,16.2881,15.8563,15.4948,15.1911,14.9329,14.7106,14.5168,14.3458,14.1935,14.0566,13.9325,13.8194,13.7155,13.6197,13.5308,13.4481,13.3707,13.2981,13.2297,13.1652,13.1041,13.0462,12.9911,12.9386,12.8885,12.8406,12.7947,12.7507,12.7084,12.6678,12.6286,12.5908,12.5544,12.5192,12.4852,12.4522,12.4203,12.3893,12.3593,12.3302,12.3018,12.2743,12.2475,12.2214,12.196,12.1713,12.1472,12.1236,12.1006,12.0782,12.0563,12.0349,12.014,11.9935,11.9735,11.9539,11.9347,11.9159,11.8975,11.8794,11.8617,11.8444,11.8274,11.8107,11.7943
24.0033,23.9128,23.8206,23.7264,23.6303,23.532,23.4314,23.3285,23.223,23.1147,23.0035,22.8891,22.7713,22.6498,22.5243,22.3944,22.2597,22.1198,21.9741,21.822,21.6627,21.4954,21.319,21.1323,20.9337,20.7214,20.493,20.2456,19.9753,19.6773,19.3453,18.9712,18.5459,18.0627,17.5274,16.9733,16.453,16.0002,15.6189,15.2985,15.027,14.7938,14.5911,14.4129,14.2545,14.1125,13.9842,13.8673,13.7602,13.6616,13.5702,13.4852,13.4059,13.3315,13.2616,13.1957,13.1333,13.0742,13.018,12.9645,12.9135,12.8647,12.818,12.7733,12.7303,12.689,12.6492,12.6109,12.5739,12.5382,12.5037,12.4703,12.4379,12.4066,12.3762,12.3467,12.318,12.2901,12.263,12.2366,12.2109,12.1859,12.1615,12.1377,12.1145,12.0918,12.0697,12.0481,12.0269,12.0062,11.986,11.9662,11.9469,11.9279,11.9093,11.8911,11.8732,11.8557,11.8386,11.8217,11.8052
24.0214,23.9314,23.8396,23.746,23.6504,23.5527,23.4528,23.3505,23.2457,23.1383,23.0279,22.9144,22.7976,22.6772,22.5529,22.4243,22.291,22.1527,22.0088,21.8586,21.7015,21.5367,21.3632,21.1798,20.985,20.7772,20.5542,20.3132,20.0508,19.7625,19.4426,19.0839,18.6777,18.2163,17.7002,17.1529,16.6222,16.15,15.7485,15.4108,15.1249,14.8803,14.6682,14.4823,14.3175,14.1701,14.0372,13.9164,13.806,13.7044,13.6104,13.5232,13.4418,13.3656,13.2941,13.2267,13.1629,13.1026,13.0453,12.9908,12.9388,12.8891,12.8416,12.7961,12.7524,12.7105,12.6701,12.6312,12.5937,12.5574,12.5224,12.4886,12.4558,12.424,12.3932,12.3633,12.3343,12.3061,12.2786,12.2519,12.226,12.2007,12.176,12.1519,12.1285,12.1055,12.0832,12.0613,12.04,12.0191,11.9987,11.9787,11.9591,11.94,11.9212,11.9028,11.8848,11.8672,11.8498,11.8329,11.8162
24.0393,23.9498,23.8585,23.7654,23.6704,23.5733,23.474,23.3724,23.2683,23.1616,23.0521,22.9395,22.8237,22.7043,22.5811,22.4538,22.3219,22.1851,22.0429,21.8946,21.7397,21.5773,21.4065,21.2263,21.0352,20.8316,20.6136,20.3786,20.1235,19.8443,19.5356,19.191,18.8024,18.3617,17.8661,17.3302,16.7945,16.3052,15.8837,15.5279,15.2271,14.9702,14.7481,14.554,14.3825,14.2295,14.0917,13.9669,13.8529,13.7482,13.6516,13.5619,13.4785,13.4004,13.3271,13.2582,13.1931,13.1315,13.073,13.0174,12.9645,12.9139,12.8656,12.8193,12.7749,12.7322,12.6912,12.6517,12.6136,12.5768,12.5413,12.507,12.4738,12.4416,12.4104,12.3801,12.3507,12.3222,12.2944,12.2674,12.2411,12.2155,12.1906,12.1662,12.1425,12.1194,12.0968,12.0747,12.0531,12.032,12.0114,11.9912,11.9714,11.9521,11.9332,11.9146,11.8965,11.8786,11.8612,11.844,11.8272
24.0572,23.9681,23.8773,23.7847,23.6902,23.5937,23.495,23.3941,23.2907,23.1847,23.076,22.9643,22.8494,22.7311,22.609,22.4829,22.3524,22.2171,22.0765,21.9301,21.7772,21.6172,21.449,21.2717,21.0841,20.8846,20.6714,20.4421,20.1938,19.9229,19.6247,19.293,18.9206,18.4995,18.0246,17.5035,16.9682,16.4651,16.0244,15.6501,15.3335,15.0636,14.8311,14.6283,14.4496,14.2906,14.1478,14.0187,13.901,13.7931,13.6936,13.6015,13.5158,13.4358,13.3608,13.2902,13.2237,13.1608,13.1011,13.0444,12.9905,12.939,12.8898,12.8427,12.7975,12.7542,12.7125,12.6724,12.6337,12.5965,12.5604,12.5256,12.4919,12.4593,12.4277,12.3971,12.3673,12.3384,12.3103,12.283,12.2564,12.2305,12.2052,12.1807,12.1567,12.1333,12.1104,12.0881,12.0663,12.045,12.0242,12.0038,11.9839,11.9643,11.9452,11.9265,11.9082,11.8902,11.8726,11.8553,11.8383
24.0749,23.9863,23.896,23.8039,23.7099,23.6139,23.5159,23.4156,23.3129,23.2077,23.0997,22.9889,22.8749,22.7576,22.6367,22.5118,22.3826,22.2487,22.1097,21.965,21.8142,21.6563,21.4907,21.3163,21.132,20.9364,20.7276,20.5037,20.2619,19.9988,19.7101,19.3904,19.0329,18.63,18.1753,17.6715,17.1417,16.629,16.1704,15.7774,15.4444,15.1609,14.9172,14.7053,14.519,14.3537,14.2056,14.0719,13.9503,13.839,13.7367,13.642,13.554,13.4719,13.3951,13.3229,13.2549,13.1906,13.1297,13.0719,13.0169,12.9644,12.9143,12.8664,12.8205,12.7764,12.7341,12.6934,12.6541,12.6163,12.5798,12.5444,12.5103,12.4772,12.4452,12.4142,12.384,12.3548,12.3263,12.2987,12.2718,12.2456,12.2201,12.1952,12.1709,12.1473,12.1242,12.1017,12.0796,12.0581,12.0371,12.0165,11.9964,11.9767,11.9574,11.9385,11.9199,11.9018,11.884,11.8666,11.8495
24.0925,24.0043,23.9145,23.8229,23.7294,23.634,23.5366,23.4369,23.3349,23.2304,23.1233,23.0133,22.9002,22.7839,22.664,22.5402,22.4123,22.2798,22.1424,21.9995,21.8505,21.6948,21.5316,21.36,21.1788,20.9869,20.7824,20.5635,20.3277,20.0719,19.7922,19.4836,19.1398,18.7538,18.3186,17.8332,17.3131,16.7956,16.3214,15.9099,15.5599,15.2621,15.0066,14.785,14.5907,14.4187,14.265,14.1266,14.0009,13.8861,13.7807,13.6833,13.5929,13.5087,13.43,13.3561,13.2865,13.2209,13.1587,13.0997,13.0437,12.9902,12.9392,12.8905,12.8438,12.799,12.756,12.7146,12.6747,12.6363,12.5993,12.5635,12.5288,12.4953,12.4629,12.4314,12.4009,12.3713,12.3425,12.3145,12.2873,12.2608,12.235,12.2098,12.1853,12.1614,12.1381,12.1153,12.093,12.0713,12.05,12.0293,12.0089,11.989,11.9696,11.9505,11.9318,11.9135,11.8955,11.8779,11.8607
24.11,24.0223,23.9329,23.8418,23.7488,23.654,23.5571,23.4581,23.3567,23.2529,23.1465,23.0374,22.9252,22.8098,22.691,22.5684,22.4417,22.3106,22.1746,22.0334,21.8862,21.7326,21.5718,21.4028,21.2247,21.0362,20.8358,20.6217,20.3916,20.1426,19.8712,19.5728,19.2418,18.8713,18.4546,17.9882,17.4811,16.9635,16.4767,16.0475,15.6801,15.3674,15.0994,14.8676,14.6649,14.4859,14.3263,14.1828,14.0529,13.9344,13.8257,13.7255,13.6327,13.5463,13.4656,13.3899,13.3188,13.2517,13.1882,13.128,13.0708,13.0164,12.9645,12.9148,12.8673,12.8218,12.7781,12.736,12.6956,12.6566,12.619,12.5827,12.5476,12.5136,12.4807,12.4488,12.4179,12.3879,12.3588,12.3305,12.3029,12.2761,12.25,12.2246,12.1998,12.1756,12.152,12.129,12.1065,12.0846,12.0631,12.0421,12.0216,12.0015,11.9818,11.9626,11.9437,11.9252,11.9071,11.8894,11.872
24.1274,24.0401,23.9512,23.8605,23.7681,23.6738,23.5775,23.4791,23.3784,23.2753,23.1696,23.0613,22.95,22.8355,22.7177,22.5962,22.4707,22.3409,22.2064,22.0668,21.9214,21.7698,21.6112,21.4448,21.2696,21.0845,20.8879,20.6784,20.4536,20.211,19.9474,19.6585,19.3392,18.9832,18.5837,18.1361,17.6443,17.1311,16.6355,16.1899,15.8052,15.4769,15.1959,14.9533,14.7417,14.5552,14.3894,14.2407,14.1062,13.9839,13.8719,13.7687,13.6733,13.5846,13.5019,13.4244,13.3516,13.283,13.2182,13.1567,13.0984,13.0429,12.99,12.9395,12.8912,12.8449,12.8004,12.7577,12.7166,12.6771,12.6389,12.6021,12.5665,12.532,12.4987,12.4664,12.4351,12.4047,12.3752,12.3466,12.3187,12.2916,12.2652,12.2395,12.2144,12.19,12.1661,12.1429,12.1201,12.098,12.0763,12.0551,12.0343,12.0141,11.9942,11.9748,11.9557,11.9371,11.9188,11.9009,11.8833
24.1447,24.0578,23.9693,23.8792,23.7873,23.6935,23.5977,23.4999,23.3998,23.2974,23.1925,23.0849,22.9745,22.8609,22.7441,22.6237,22.4994,22.3709,22.2378,22.0997,21.9561,21.8064,21.65,21.486,21.3136,21.1316,20.9388,20.7335,20.5138,20.2773,20.0209,19.7408,19.4324,19.0898,18.7065,18.2771,17.802,17.2971,16.7967,16.3368,15.935,15.5908,15.2962,15.0422,14.8212,14.6269,14.4545,14.3002,14.1611,14.0347,13.9192,13.813,13.7148,13.6238,13.5389,13.4595,13.385,13.3148,13.2486,13.1859,13.1264,13.0699,13.016,12.9645,12.9154,12.8683,12.8231,12.7797,12.738,12.6978,12.6591,12.6217,12.5856,12.5507,12.5169,12.4842,12.4525,12.4217,12.3918,12.3628,12.3346,12.3072,12.2805,12.2544,12.2291,12.2044,12.1803,12.1568,12.1338,12.1114,12.0895,12.0681,12.0472,12.0267,12.0066,11.987,11.9678,11.949,11.9305,11.9124,11.8947
24.1619,24.0755,23.9874,23.8977,23.8063,23.713,23.6178,23.5205,23.4211,23.3194,23.2152,23.1084,22.9987,22.8861,22.7702,22.6509,22.5277,22.4005,22.2688,22.1322,21.9903,21.8424,21.6881,21.5265,21.3568,21.1778,20.9885,20.7873,20.5724,20.3415,20.0919,19.8201,19.5218,19.1916,18.8233,18.4113,17.9535,17.46,16.959,16.4877,16.0695,15.7091,15.4003,15.1344,14.9035,14.7009,14.5217,14.3616,14.2175,14.0868,13.9676,13.8582,13.7573,13.6637,13.5766,13.4953,13.419,13.3472,13.2796,13.2155,13.1549,13.0972,13.0423,12.9899,12.9398,12.8919,12.846,12.8019,12.7595,12.7187,12.6794,12.6415,12.6049,12.5695,12.5352,12.5021,12.47,12.4388,12.4086,12.3792,12.3506,12.3229,12.2959,12.2696,12.2439,12.219,12.1946,12.1708,12.1476,12.125,12.1029,12.0812,12.0601,12.0394,12.0192,11.9993,11.9799,11.9609,11.9423,11.9241,11.9062
24.179,24.093,24.0053,23.9161,23.8251,23.7324,23.6377,23.5411,23.4423,23.3412,23.2377,23.1316,23.0228,22.911,22.7961,22.6778,22.5557,22.4297,22.2993,22.1642,22.0239,21.8779,21.7256,21.5663,21.3991,21.2231,21.0371,20.8398,20.6294,20.4039,20.1607,19.8966,19.6076,19.2889,18.9347,18.539,18.0985,17.6186,17.1213,16.6416,16.2085,15.8319,15.5084,15.23,14.9887,14.7775,14.5909,14.4247,14.2754,14.1403,14.0173,13.9045,13.8007,13.7045,13.6152,13.5317,13.4536,13.3802,13.311,13.2457,13.1837,13.1249,13.069,13.0156,12.9647,12.9159,12.8692,12.8244,12.7813,12.7399,12.7,12.6615,12.6244,12.5885,12.5538,12.5202,12.4876,12.4561,12.4254,12.3957,12.3668,12.3387,12.3114,12.2848,12.2589,12.2336,12.209,12.185,12.1615,12.1386,12.1163,12.0944,12.0731,12.0522,12.0318,12.0118,11.9922,11.973,11.9542,11.9358,11.9178
24.196,24.1104,24.0232,23.9344,23.8439,23.7516,23.6575,23.5614,23.4632,23.3628,23.26,23.1547,23.0466,22.9357,22.8217,22.7044,22.5834,22.4586,22.3295,22.1958,22.0571,21.9129,21.7625,21.6053,21.4406,21.2674,21.0847,20.8911,20.685,20.4645,20.2273,19.9704,19.6902,19.3821,19.0409,18.6607,18.2372,17.7723,17.282,16.7978,16.3516,15.9592,15.6207,15.3293,15.077,14.8567,14.6625,14.4898,14.335,14.1953,14.0682,13.9519,13.845,13.7462,13.6545,13.5689,13.4889,13.4138,13.3431,13.2763,13.213,13.1531,13.096,13.0417,12.9898,12.9402,12.8927,12.8472,12.8034,12.7613,12.7208,12.6818,12.6441,12.6077,12.5725,12.5384,12.5055,12.4735,12.4425,12.4124,12.3831,12.3547,12.327,12.3001,12.2739,12.2484,12.2235,12.1992,12.1755,12.1524,12.1298,12.1077,12.0862,12.0651,12.0444,12.0242,12.0045,11.9851,11.9662,11.9476,11.9294
24.2129,24.1277,24.0409,23.9525,23.8625,23.7708,23.6772,23.5816,23.484,23.3842,23.2821,23.1775,23.0702,22.9602,22.8471,22.7307,22.6108,22.4871,22.3593,22.227,22.0898,21.9473,21.7988,21.6437,21.4814,21.3109,21.1312,20.9411,20.7391,20.5235,20.2919,20.0418,19.7697,19.4716,19.1424,18.7767,18.3695,17.9204,17.44,16.955,16.4981,16.0907,15.7371,15.4322,15.1685,14.9385,14.7363,14.5569,14.3964,14.2517,14.1204,14.0005,13.8904,13.7888,13.6946,13.6068,13.5248,13.448,13.3756,13.3074,13.2428,13.1816,13.1235,13.0681,13.0153,12.9648,12.9165,12.8702,12.8257,12.783,12.7419,12.7022,12.664,12.6271,12.5914,12.5569,12.5235,12.4911,12.4597,12.4292,12.3996,12.3708,12.3428,12.3156,12.2891,12.2633,12.2381,12.2136,12.1896,12.1663,12.1434,12.1211,12.0993,12.078,12.0572,12.0368,12.0169,11.9973,11.9782,11.9594,11.9411
24.2297,24.1449,24.0585,23.9706,23.881,23.7898,23.6967,23.6017,23.5046,23.4055,23.304,23.2001,23.0936,22.9844,22.8722,22.7567,22.6379,22.5153,22.3888,22.2578,22.1221,21.9812,21.8345,21.6815,21.5215,21.3535,21.1768,20.9901,20.792,20.5808,20.3547,20.1109,19.8465,19.5576,19.2396,18.8873,18.4957,18.0626,17.5943,17.112,16.6475,16.2263,15.8576,15.539,15.2633,15.0233,14.8126,14.6261,14.4596,14.3098,14.1741,14.0503,13.9369,13.8324,13.7356,13.6455,13.5615,13.4828,13.4088,13.339,13.2731,13.2107,13.1514,13.0949,13.0411,12.9898,12.9406,12.8935,12.8483,12.8049,12.7632,12.7229,12.6841,12.6467,12.6105,12.5755,12.5416,12.5088,12.477,12.4462,12.4162,12.3871,12.3587,12.3312,12.3044,12.2783,12.2528,12.228,12.2038,12.1802,12.1571,12.1346,12.1126,12.0911,12.07,12.0495,12.0293,12.0096,11.9903,11.9714,11.9528
24.2464,24.1619,24.076,23.9885,23.8994,23.8086,23.716,23.6216,23.5251,23.4266,23.3258,23.2226,23.1168,23.0084,22.897,22.7825,22.6647,22.5432,22.4179,22.2882,22.154,22.0146,21.8697,21.7187,21.5608,21.3954,21.2215,21.038,20.8436,20.6368,20.4156,20.1778,19.9206,19.6403,19.3328,18.9931,18.6162,18.1988,17.7441,17.2678,16.7989,16.3656,15.9823,15.6495,15.3615,15.111,14.8915,14.6975,14.5246,14.3694,14.2291,14.1014,13.9845,13.8769,13.7774,13.685,13.5988,13.5182,13.4425,13.3712,13.3039,13.2401,13.1796,13.1221,13.0673,13.015,12.965,12.9171,12.8712,12.8271,12.7847,12.7438,12.7045,12.6665,12.6298,12.5943,12.56,12.5267,12.4945,12.4633,12.4329,12.4034,12.3748,12.3469,12.3198,12.2934,12.2677,12.2426,12.2181,12.1943,12.171,12.1482,12.126,12.1042,12.083,12.0622,12.0419,12.0219,12.0024,11.9833,11.9646
24.2631,24.1789,24.0934,24.0063,23.9177,23.8274,23.7353,23.6413,23.5455,23.4475,23.3473,23.2448,23.1398,23.0321,22.9216,22.808,22.6912,22.5708,22.4466,22.3182,22.1854,22.0476,21.9044,21.7552,21.5995,21.4365,21.2652,21.0848,20.894,20.6913,20.4749,20.2428,19.9922,19.72,19.4223,19.0943,18.7313,18.3292,17.8888,17.4212,16.9512,16.5081,16.1109,15.764,15.4632,15.2017,14.9729,14.7711,14.5916,14.4308,14.2856,14.1538,14.0332,13.9225,13.8202,13.7253,13.6369,13.5543,13.4768,13.4039,13.3351,13.2701,13.2084,13.1497,13.0939,13.0407,12.9898,12.9411,12.8944,12.8495,12.8065,12.765,12.725,12.6865,12.6493,12.6133,12.5785,12.5448,12.5122,12.4805,12.4498,12.42,12.391,12.3628,12.3354,12.3086,12.2826,12.2573,12.2325,12.2084,12.1849,12.1619,12.1394,12.1175,12.096,12.075,12.0545,12.0344,12.0147,11.9954,11.9765
24.2796,24.1958,24.1107,24.024,23.9358,23.846,23.7544,23.661,23.5656,23.4683,23.3687,23.2669,23.1626,23.0557,22.946,22.8333,22.7174,22.5981,22.475,22.3479,22.2164,22.0801,21.9386,21.7912,21.6376,21.4768,21.3082,21.1307,20.9433,20.7444,20.5326,20.3058,20.0616,19.797,19.5083,19.1913,18.8412,18.4539,18.0281,17.5712,17.1034,16.6532,16.2433,15.8824,15.5685,15.2956,15.0571,14.8471,14.6607,14.4939,14.3437,14.2075,14.0831,13.9691,13.8639,13.7664,13.6758,13.5911,13.5118,13.4372,13.3669,13.3005,13.2375,13.1777,13.1209,13.0666,13.0148,12.9653,12.9178,12.8723,12.8285,12.7864,12.7458,12.7067,12.669,12.6325,12.5972,12.5631,12.53,12.498,12.4669,12.4366,12.4073,12.3788,12.351,12.324,12.2977,12.2721,12.2471,12.2227,12.1989,12.1756,12.153,12.1308,12.1091,12.0879,12.0672,12.0469,12.027,12.0076,11.9885
24.296,24.2126,24.1279,24.0416,23.9538,23.8645,23.7734,23.6805,23.5857,23.4889,23.3899,23.2887,23.1852,23.079,22.9701,22.8583,22.7434,22.6251,22.5031,22.3772,22.247,22.1122,21.9722,21.8267,21.675,21.5165,21.3503,21.1757,20.9915,20.7964,20.5889,20.3671,20.1289,19.8713,19.5912,19.2844,18.9465,18.5731,18.162,17.7172,17.2545,16.8,16.379,16.0046,15.6775,15.3928,15.1442,14.9256,14.7319,14.5589,14.4034,14.2626,14.1343,14.0168,13.9086,13.8084,13.7154,13.6286,13.5474,13.4711,13.3992,13.3314,13.2671,13.2062,13.1482,13.093,13.0402,12.9898,12.9415,12.8952,12.8508,12.808,12.7668,12.7272,12.6889,12.6519,12.6161,12.5815,12.548,12.5155,12.484,12.4535,12.4238,12.3949,12.3668,12.3395,12.3129,12.287,12.2617,12.237,12.213,12.1895,12.1666,12.1442,12.1223,12.1009,12.08,12.0595,12.0394,12.0198,12.0005
24.3123,24.2293,24.1449,24.0591,23.9718,23.8828,23.7922,23.6998,23.6055,23.5093,23.411,23.3104,23.2076,23.1021,22.9941,22.8831,22.7691,22.6517,22.5309,22.4061,22.2772,22.1438,22.0054,21.8616,21.7118,21.5554,21.3917,21.2198,21.0387,20.8471,20.6437,20.4268,20.1941,19.9432,19.671,19.3738,19.0473,18.6871,18.2904,17.8586,17.4034,16.9477,16.5177,16.1304,15.79,15.4933,15.2342,15.0066,14.8053,14.6258,14.4648,14.3192,14.1868,14.0656,13.9542,13.8513,13.7558,13.6668,13.5836,13.5056,13.4321,13.3628,13.2972,13.235,13.1759,13.1197,13.066,13.0147,12.9656,12.9185,12.8733,12.8299,12.7881,12.7478,12.709,12.6715,12.6352,12.6001,12.5662,12.5333,12.5014,12.4704,12.4404,12.4112,12.3827,12.3551,12.3282,12.302,12.2764,12.2515,12.2272,12.2035,12.1803,12.1577,12.1356,12.114,12.0928,12.0721,12.0519,12.0321,12.0127
24.3286,24.2459,24.1619,24.0765,23.9896,23.9011,23.8109,23.719,23.6253,23.5296,23.4319,23.332,23.2298,23.1251,23.0178,22.9076,22.7945,22.6782,22.5583,22.4347,22.3071,22.175,22.0382,21.896,21.7481,21.5938,21.4324,21.263,21.0849,20.8967,20.6972,20.4848,20.2575,20.0129,19.7482,19.4599,19.144,18.7963,18.4134,17.9951,17.5494,17.0953,16.6586,16.2596,15.9062,15.5972,15.3272,15.0902,14.881,14.6947,14.5279,14.3773,14.2406,14.1157,14.001,13.8952,13.7971,13.7058,13.6206,13.5407,13.4655,13.3947,13.3278,13.2643,13.2041,13.1467,13.0921,13.0399,12.9899,12.9421,12.8961,12.852,12.8096,12.7687,12.7293,12.6912,12.6545,12.6189,12.5845,12.5512,12.5189,12.4876,12.4571,12.4275,12.3988,12.3708,12.3436,12.3171,12.2913,12.2661,12.2415,12.2176,12.1942,12.1713,12.149,12.1271,12.1058,12.0849,12.0645,12.0444,12.0249
24.3447,24.2624,24.1788,24.0938,24.0073,23.9192,23.8295,23.7381,23.6449,23.5498,23.4526,23.3533,23.2518,23.1478,23.0412,22.9319,22.8197,22.7043,22.5855,22.463,22.3366,22.2059,22.0705,21.9299,21.7838,21.6315,21.4723,21.3055,21.1302,20.9453,20.7495,20.5414,20.3191,20.0804,19.8227,19.5428,19.2369,18.901,18.5313,18.1266,17.6917,17.2419,16.8011,16.3919,16.0259,15.7044,15.4232,15.1766,14.959,14.7657,14.5928,14.437,14.2957,14.1669,14.0488,13.94,13.8392,13.7456,13.6582,13.5764,13.4996,13.4272,13.3588,13.2941,13.2326,13.1742,13.1185,13.0654,13.0146,12.9659,12.9192,12.8744,12.8313,12.7898,12.7498,12.7112,12.674,12.6379,12.6031,12.5693,12.5366,12.5048,12.474,12.4441,12.415,12.3867,12.3592,12.3324,12.3062,12.2808,12.256,12.2317,12.2081,12.185,12.1624,12.1404,12.1188,12.0977,12.0771,12.0569,12.0371
24.3608,24.2789,24.1956,24.111,24.0249,23.9372,23.848,23.7571,23.6644,23.5698,23.4732,23.3745,23.2736,23.1703,23.0645,22.956,22.8446,22.7302,22.6124,22.491,22.3657,22.2363,22.1023,21.9634,21.819,21.6686,21.5115,21.3471,21.1746,20.9928,20.8006,20.5965,20.379,20.1459,19.8948,19.6228,19.3262,19.0013,18.6443,18.253,17.8299,17.3866,16.9444,16.5268,16.149,15.8151,15.5225,15.2658,15.0395,14.8388,14.6595,14.4983,14.3523,14.2195,14.0978,13.9858,13.8823,13.7862,13.6966,13.6128,13.5342,13.4602,13.3903,13.3243,13.2616,13.2021,13.1453,13.0912,13.0395,12.9901,12.9426,12.8971,12.8533,12.8112,12.7706,12.7314,12.6936,12.6571,12.6218,12.5875,12.5544,12.5222,12.491,12.4608,12.4313,12.4027,12.3748,12.3477,12.3213,12.2956,12.2705,12.246,12.2221,12.1988,12.176,12.1537,12.1319,12.1106,12.0898,12.0694,12.0495
24.3768,24.2952,24.2123,24.128,24.0423,23.9551,23.8663,23.7759,23.6837,23.5896,23.4936,23.3955,23.2953,23.1927,23.0876,22.9799,22.8693,22.7558,22.6389,22.5186,22.3946,22.2664,22.1338,21.9963,21.8536,21.7051,21.5501,21.3881,21.2181,21.0393,20.8505,20.6504,20.4374,20.2096,19.9647,19.7,19.4122,19.0977,18.7526,18.3743,17.9636,17.5287,17.0877,16.6638,16.2752,15.9292,15.6249,15.3578,15.1226,14.9142,14.7282,14.5613,14.4104,14.2733,14.1479,14.0327,13.9263,13.8276,13.7357,13.6499,13.5694,13.4938,13.4224,13.355,13.291,13.2303,13.1725,13.1175,13.0648,13.0145,12.9663,12.92,12.8755,12.8328,12.7916,12.7518,12.7135,12.6765,12.6406,12.606,12.5724,12.5398,12.5082,12.4776,12.4478,12.4188,12.3906,12.3632,12.3365,12.3105,12.2851,12.2604,12.2362,12.2127,12.1896,12.1671,12.1452,12.1236,12.1026,12.082,12.0619
24.3927,24.3114,24.2289,24.145,24.0597,23.9729,23.8846,23.7946,23.7029,23.6093,23.5139,23.4164,23.3168,23.2148,23.1105,23.0035,22.8938,22.7811,22.6653,22.546,22.423,22.2961,22.1648,22.0289,21.8878,21.741,21.5881,21.4283,21.2608,21.0848,20.8993,20.7029,20.4942,20.2715,20.0325,19.7747,19.4952,19.1903,18.8566,18.4908,18.0926,17.6674,17.23,16.8022,16.4042,16.0465,15.7305,15.4528,15.2083,14.9918,14.799,14.6261,14.4701,14.3285,14.1992,14.0806,13.9712,13.8699,13.7756,13.6877,13.6053,13.5279,13.455,13.3861,13.3209,13.259,13.2001,13.144,13.0905,13.0393,12.9902,12.9432,12.898,12.8546,12.8128,12.7725,12.7336,12.696,12.6597,12.6246,12.5905,12.5576,12.5256,12.4945,12.4644,12.4351,12.4066,12.3788,12.3518,12.3255,12.2999,12.2749,12.2505,12.2266,12.2034,12.1807,12.1585,12.1367,12.1155,12.0947,12.0744
24.4085,24.3276,24.2454,24.1619,24.077,23.9906,23.9027,23.8132,23.7219,23.6289,23.534,23.4371,23.3381,23.2368,23.1331,23.0269,22.918,22.8062,22.6913,22.573,22.4512,22.3254,22.1955,22.061,21.9214,21.7764,21.6254,21.4678,21.3028,21.1295,20.9471,20.7543,20.5497,20.3317,20.0983,19.8471,19.5752,19.2795,18.9564,18.6027,18.2169,17.8025,17.3707,16.9414,16.5356,16.1669,15.8393,15.5508,15.2966,15.0718,14.8718,14.6927,14.5314,14.3851,14.2518,14.1296,14.0171,13.913,13.8163,13.7262,13.6419,13.5627,13.4882,13.4178,13.3513,13.2881,13.2281,13.171,13.1165,13.0644,13.0145,12.9667,12.9208,12.8767,12.8342,12.7933,12.7539,12.7158,12.679,12.6434,12.6089,12.5755,12.5431,12.5117,12.4811,12.4515,12.4226,12.3946,12.3673,12.3407,12.3147,12.2895,12.2648,12.2407,12.2172,12.1943,12.1718,12.1499,12.1285,12.1075,12.087
24.4242,24.3437,24.2618,24.1787,24.0942,24.0082,23.9207,23.8316,23.7409,23.6484,23.554,23.4576,23.3592,23.2586,23.1556,23.0502,22.942,22.8311,22.7171,22.5998,22.479,22.3544,22.2258,22.0926,21.9546,21.8113,21.6622,21.5066,21.344,21.1734,20.9939,20.8045,20.6038,20.3903,20.1622,19.9171,19.6526,19.3654,19.0524,18.7101,18.3366,17.9334,17.509,17.0805,16.6688,16.2901,15.9513,15.6518,15.3877,15.1542,14.9467,14.7612,14.5943,14.4432,14.3057,14.1798,14.0641,13.9571,13.8579,13.7655,13.6791,13.5981,13.5219,13.45,13.3821,13.3177,13.2565,13.1983,13.1428,13.0898,13.039,12.9904,12.9438,12.899,12.8559,12.8144,12.7744,12.7357,12.6984,12.6623,12.6274,12.5936,12.5607,12.5289,12.498,12.468,12.4388,12.4105,12.3828,12.3559,12.3297,12.3042,12.2792,12.2549,12.2312,12.208,12.1853,12.1632,12.1415,12.1203,12.0996
24.4399,24.3596,24.2782,24.1954,24.1112,24.0257,23.9386,23.85,23.7597,23.6677,23.5738,23.478,23.3802,23.2802,23.1779,23.0732,22.9658,22.8557,22.7426,22.6263,22.5065,22.3831,22.2557,22.1239,21.9874,21.8457,21.6984,21.5448,21.3844,21.2164,21.0398,20.8536,20.6567,20.4475,20.2243,19.9851,19.7274,19.4483,19.1447,18.8133,18.4516,18.06,17.6443,17.2188,16.8034,16.416,16.0662,15.7558,15.4816,15.2392,15.0239,14.8316,14.6589,14.5028,14.3609,14.2312,14.1121,14.0022,13.9003,13.8055,13.717,13.6341,13.5562,13.4827,13.4134,13.3477,13.2853,13.226,13.1695,13.1155,13.0639,13.0145,12.9671,12.9216,12.8778,12.8357,12.7951,12.7559,12.7181,12.6815,12.6461,12.6118,12.5786,12.5463,12.5151,12.4847,12.4552,12.4264,12.3985,12.3713,12.3448,12.319,12.2938,12.2692,12.2452,12.2218,12.1989,12.1765,12.1547,12.1333,12.1123
24.4555,24.3755,24.2944,24.212,24.1282,24.043,23.9564,23.8682,23.7784,23.6868,23.5935,23.4983,23.401,23.3017,23.2,23.096,22.9894,22.8801,22.7678,22.6525,22.5338,22.4114,22.2852,22.1547,22.0197,21.8796,21.734,21.5824,21.4242,21.2586,21.0847,20.9017,20.7083,20.5032,20.2848,20.0511,19.7999,19.5284,19.2337,18.9126,18.5623,18.1823,17.7763,17.3556,16.9386,16.544,16.184,15.8627,15.5783,15.3267,15.1033,14.9041,14.7253,14.564,14.4175,14.2838,14.1612,14.0482,13.9436,13.8463,13.7556,13.6708,13.5911,13.516,13.4452,13.3781,13.3146,13.2541,13.1965,13.1416,13.0891,13.0389,12.9907,12.9445,12.9,12.8572,12.816,12.7763,12.7379,12.7008,12.6649,12.6302,12.5966,12.5639,12.5323,12.5015,12.4716,12.4426,12.4143,12.3868,12.36,12.3339,12.3084,12.2836,12.2594,12.2357,12.2126,12.19,12.1679,12.1463,12.1252
24.4709,24.3913,24.3105,24.2285,24.1451,24.0603,23.9741,23.8863,23.7969,23.7059,23.6131,23.5184,23.4217,23.3229,23.2219,23.1186,23.0128,22.9042,22.7929,22.6784,22.5607,22.4395,22.3144,22.1852,22.0516,21.913,21.7692,21.6195,21.4633,21.3,21.1288,20.9488,20.7588,20.5577,20.3437,20.1153,19.8701,19.6058,19.3195,19.0081,18.6687,18.3001,17.9045,17.4903,17.0738,16.6737,16.3045,15.9726,15.6778,15.4168,15.1851,14.9787,14.7936,14.6268,14.4756,14.3377,14.2114,14.0952,13.9877,13.888,13.795,13.7081,13.6266,13.5499,13.4775,13.4091,13.3442,13.2826,13.224,13.1681,13.1147,13.0635,13.0146,12.9676,12.9225,12.879,12.8372,12.7969,12.7579,12.7203,12.684,12.6488,12.6147,12.5817,12.5496,12.5185,12.4882,12.4588,12.4303,12.4024,12.3753,12.3489,12.3232,12.2981,12.2736,12.2497,12.2263,12.2035,12.1812,12.1594,12.1381
24.4864,24.4071,24.3266,24.2449,24.1618,24.0774,23.9916,23.9043,23.8154,23.7248,23.6325,23.5383,23.4422,23.344,23.2437,23.141,23.0359,22.9282,22.8176,22.7041,22.5874,22.4672,22.3432,22.2153,22.083,21.946,21.8038,21.6559,21.5018,21.3408,21.1721,20.995,20.8083,20.6108,20.4012,20.1777,19.9383,19.6808,19.4023,19.1001,18.7712,18.4137,18.0287,17.6224,17.2082,16.8045,16.4273,16.0853,15.7802,15.5095,15.2693,15.0553,14.8637,14.6912,14.5351,14.3929,14.2629,14.1433,14.0329,13.9305,13.8352,13.7461,13.6627,13.5843,13.5104,13.4405,13.3744,13.3116,13.2518,13.1949,13.1405,13.0885,13.0388,12.991,12.9451,12.9011,12.8586,12.8177,12.7782,12.7401,12.7032,12.6676,12.633,12.5996,12.5671,12.5356,12.505,12.4752,12.4463,12.4182,12.3908,12.3641,12.3381,12.3127,12.2879,12.2638,12.2402,12.2171,12.1946,12.1726,12.151
24.5017,24.4227,24.3426,24.2612,24.1785,24.0945,24.0091,23.9222,23.8337,23.7436,23.6518,23.5581,23.4626,23.365,23.2653,23.1633,23.0589,22.9519,22.8422,22.7295,22.6137,22.4946,22.3718,22.2451,22.1141,21.9785,21.8379,21.6918,21.5396,21.3808,21.2146,21.0402,20.8566,20.6627,20.4572,20.2384,20.0045,19.7533,19.4824,19.1888,18.8698,18.5232,18.1489,17.7513,17.3414,16.936,16.552,16.2006,15.8853,15.605,15.356,15.1342,14.9358,14.7575,14.5961,14.4495,14.3155,14.1925,14.079,13.9739,13.8761,13.7849,13.6995,13.6193,13.5438,13.4725,13.405,13.3409,13.28,13.222,13.1667,13.1138,13.0632,13.0147,12.9681,12.9233,12.8802,12.8387,12.7987,12.76,12.7226,12.6865,12.6515,12.6176,12.5847,12.5528,12.5219,12.4918,12.4625,12.434,12.4063,12.3793,12.353,12.3274,12.3024,12.278,12.2541,12.2309,12.2081,12.1859,12.1641
24.5169,24.4383,24.3585,24.2774,24.1951,24.1115,24.0264,23.9399,23.8519,23.7623,23.6709,23.5778,23.4828,23.3858,23.2867,23.1853,23.0816,22.9754,22.8665,22.7547,22.6398,22.5217,22.4,22.2744,22.1448,22.0106,21.8715,21.7271,21.5769,21.4202,21.2563,21.0846,20.904,20.7135,20.5118,20.2975,20.0689,19.8237,19.5598,19.2744,18.9648,18.6286,18.265,17.8768,17.4726,17.0674,16.6783,16.3183,15.9931,15.703,15.4451,15.2153,15.01,14.8254,14.6588,14.5075,14.3694,14.2428,14.1261,14.0181,13.9179,13.8244,13.737,13.6549,13.5777,13.5049,13.436,13.3707,13.3087,13.2496,13.1933,13.1395,13.088,13.0387,12.9913,12.9459,12.9021,12.86,12.8194,12.7801,12.7423,12.7056,12.6702,12.6358,12.6025,12.5703,12.5389,12.5084,12.4788,12.45,12.422,12.3947,12.3681,12.3422,12.3169,12.2923,12.2682,12.2447,12.2217,12.1992,12.1773
24.5321,24.4538,24.3743,24.2936,24.2116,24.1283,24.0437,23.9576,23.87,23.7808,23.6899,23.5973,23.5028,23.4064,23.3079,23.2072,23.1042,22.9987,22.8906,22.7796,22.6657,22.5485,22.4279,22.3035,22.1751,22.0423,21.9047,21.762,21.6135,21.4589,21.2973,21.1281,20.9504,20.7632,20.5652,20.3552,20.1315,19.8921,19.6348,19.3571,19.0564,18.7301,18.3771,17.9986,17.6014,17.1982,16.8057,16.4381,16.1036,15.8038,15.5367,15.2987,15.0861,14.8953,14.7231,14.5669,14.4246,14.2942,14.1742,14.0633,13.9605,13.8647,13.7751,13.6912,13.6123,13.5379,13.4676,13.401,13.3377,13.2775,13.2202,13.1654,13.1131,13.0629,13.0148,12.9687,12.9242,12.8815,12.8402,12.8005,12.7621,12.7249,12.689,12.6542,12.6205,12.5878,12.5561,12.5253,12.4953,12.4662,12.4378,12.4102,12.3833,12.3571,12.3316,12.3067,12.2823,12.2586,12.2354,12.2127,12.1905
24.5472,24.4692,24.39,24.3096,24.228,24.1451,24.0608,23.9752,23.888,23.7992,23.7088,23.6167,23.5228,23.4269,23.329,23.2289,23.1266,23.0218,22.9144,22.8043,22.6913,22.575,22.4554,22.3322,22.205,22.0735,21.9374,21.7963,21.6497,21.497,21.3376,21.1709,20.9959,20.8118,20.6174,20.4115,20.1924,19.9584,19.7074,19.4371,19.1448,18.828,18.4852,18.1167,17.7274,17.3279,16.9336,16.5598,16.2164,15.9071,15.6308,15.3845,15.1644,14.967,14.789,14.6279,14.4811,14.3468,14.2234,14.1095,14.0039,13.9057,13.814,13.7281,13.6474,13.5714,13.4996,13.4317,13.3672,13.3059,13.2475,13.1918,13.1385,13.0875,13.0386,12.9917,12.9466,12.9032,12.8614,12.821,12.7821,12.7444,12.708,12.6728,12.6387,12.6055,12.5734,12.5422,12.5119,12.4824,12.4538,12.4259,12.3987,12.3722,12.3464,12.3212,12.2966,12.2726,12.2491,12.2262,12.2038
24.5623,24.4845,24.4057,24.3256,24.2443,24.1618,24.0779,23.9926,23.9058,23.8175,23.7276,23.636,23.5425,23.4472,23.3499,23.2504,23.1488,23.0447,22.9381,22.8288,22.7166,22.6013,22.4827,22.3606,22.2346,22.1044,21.9697,21.8302,21.6852,21.5345,21.3772,21.2128,21.0405,20.8594,20.6685,20.4664,20.2518,20.023,19.7779,19.5145,19.2302,18.9225,18.5895,18.2311,17.8503,17.4558,17.0615,16.6828,16.3315,16.013,15.7275,15.4726,15.2448,15.0406,14.8567,14.6903,14.539,14.4007,14.2737,14.1567,14.0483,13.9476,13.8536,13.7657,13.6832,13.6055,13.5322,13.4628,13.3971,13.3346,13.2751,13.2184,13.1642,13.1124,13.0627,13.015,12.9692,12.9252,12.8827,12.8418,12.8023,12.7641,12.7273,12.6915,12.657,12.6234,12.5909,12.5593,12.5286,12.4988,12.4698,12.4416,12.4141,12.3873,12.3612,12.3358,12.3109,12.2867,12.263,12.2399,12.2173
24.5772,24.4998,24.4212,24.3415,24.2606,24.1784,24.0949,24.0099,23.9236,23.8357,23.7462,23.6551,23.5622,23.4674,23.3706,23.2718,23.1708,23.0674,22.9615,22.853,22.7417,22.6273,22.5097,22.3886,22.2638,22.1349,22.0016,21.8636,21.7203,21.5714,21.4162,21.2541,21.0843,20.9061,20.7184,20.5201,20.3097,20.0858,19.8464,19.5895,19.3127,19.0136,18.6902,18.3416,17.9698,17.5815,17.1888,16.8068,16.4485,16.1212,15.8266,15.5631,15.3275,15.1163,14.9262,14.7544,14.5983,14.4558,14.3252,14.2049,14.0936,13.9902,13.894,13.8039,13.7195,13.6401,13.5653,13.4945,13.4274,13.3638,13.3032,13.2454,13.1903,13.1376,13.0871,13.0386,12.9921,12.9474,12.9043,12.8628,12.8227,12.784,12.7466,12.7105,12.6754,12.6415,12.6085,12.5766,12.5455,12.5154,12.486,12.4575,12.4297,12.4026,12.3762,12.3505,12.3254,12.3009,12.277,12.2536,12.2308
24.5921,24.515,24.4367,24.3573,24.2767,24.1949,24.1117,24.0272,23.9412,23.8538,23.7648,23.6741,23.5817,23.4874,23.3912,23.293,23.1926,23.0899,22.9848,22.877,22.7665,22.6531,22.5364,22.4164,22.2927,22.165,22.0331,21.8965,21.7549,21.6077,21.4545,21.2946,21.1273,20.9519,20.7673,20.5725,20.3662,20.1469,19.9129,19.6622,19.3926,19.1017,18.7874,18.4484,18.0858,17.7046,17.315,16.9313,16.5672,16.2317,15.9282,15.6559,15.4123,15.1939,14.9975,14.8201,14.6591,14.5123,14.3778,14.2541,14.1398,14.0338,13.9351,13.8429,13.7565,13.6754,13.5989,13.5267,13.4583,13.3934,13.3316,13.2728,13.2167,13.1631,13.1118,13.0625,13.0153,12.9698,12.9261,12.884,12.8434,12.8041,12.7662,12.7296,12.6941,12.6597,12.6263,12.594,12.5626,12.532,12.5024,12.4735,12.4454,12.418,12.3913,12.3653,12.34,12.3152,12.291,12.2674,12.2444
24.607,24.5301,24.4521,24.373,24.2928,24.2113,24.1285,24.0443,23.9588,23.8718,23.7832,23.693,23.601,23.5073,23.4117,23.314,23.2143,23.1122,23.0078,22.9008,22.7911,22.6786,22.5629,22.4438,22.3212,22.1948,22.0642,21.929,21.7889,21.6435,21.4922,21.3344,21.1695,20.9968,20.8152,20.6238,20.4214,20.2065,19.9776,19.7328,19.4699,19.1868,18.8812,18.5516,18.1983,17.8249,17.4397,17.0558,16.6872,16.3442,16.0321,15.7512,15.4994,15.2736,15.0707,14.8875,14.7214,14.5701,14.4316,14.3044,14.187,14.0782,13.977,13.8826,13.7942,13.7112,13.6331,13.5593,13.4896,13.4234,13.3605,13.3006,13.2435,13.1889,13.1367,13.0867,13.0387,12.9926,12.9482,12.9054,12.8642,12.8244,12.786,12.7489,12.7129,12.6781,12.6443,12.6115,12.5797,12.5488,12.5188,12.4896,12.4612,12.4335,12.4065,12.3803,12.3546,12.3296,12.3052,12.2813,12.2581
24.6217,24.5451,24.4675,24.3887,24.3087,24.2276,24.1451,24.0614,23.9762,23.8896,23.8015,23.7117,23.6203,23.5271,23.432,23.3349,23.2357,23.1344,23.0306,22.9244,22.8155,22.7038,22.589,22.471,22.3495,22.2242,22.0948,21.9611,21.8225,21.6788,21.5293,21.3736,21.211,21.0408,20.8621,20.674,20.4752,20.2646,20.0406,19.8013,19.5449,19.2691,18.9718,18.6513,18.3073,17.9421,17.5625,17.1798,16.808,16.4586,16.1382,15.8487,15.5887,15.3555,15.1458,14.9566,14.7852,14.6293,14.4867,14.3559,14.2352,14.1235,14.0198,13.923,13.8326,13.7477,13.6679,13.5925,13.5213,13.4538,13.3897,13.3288,13.2706,13.2151,13.162,13.1112,13.0624,13.0155,12.9705,12.9271,12.8853,12.8449,12.806,12.7683,12.7319,12.6966,12.6624,12.6292,12.5971,12.5658,12.5354,12.5059,12.4771,12.4491,12.4219,12.3953,12.3694,12.3441,12.3194,12.2954,12.2718
24.6364,24.5601,24.4827,24.4042,24.3246,24.2438,24.1617,24.0783,23.9936,23.9074,23.8196,23.7303,23.6394,23.5467,23.4521,23.3556,23.2571,23.1563,23.0533,22.9478,22.8397,22.7288,22.6149,22.4979,22.3774,22.2533,22.1252,21.9928,21.8557,21.7136,21.5659,21.4122,21.2518,21.084,20.9081,20.7231,20.5279,20.3213,20.1019,19.868,19.6176,19.3488,19.0595,18.7477,18.4128,18.0561,17.6828,17.3029,16.9293,16.5744,16.2464,15.9486,15.6803,15.4394,15.2228,15.0275,14.8506,14.6899,14.5431,14.4084,14.2844,14.1698,14.0634,13.9643,13.8716,13.7848,13.7032,13.6263,13.5536,13.4848,13.4194,13.3573,13.2981,13.2416,13.1876,13.1359,13.0864,13.0388,12.993,12.949,12.9066,12.8657,12.8262,12.788,12.7511,12.7153,12.6807,12.6471,12.6145,12.5829,12.5521,12.5223,12.4932,12.4649,12.4373,12.4105,12.3843,12.3587,12.3338,12.3095,12.2857
24.651,24.575,24.4979,24.4197,24.3404,24.2599,24.1782,24.0952,24.0108,23.925,23.8377,23.7488,23.6584,23.5662,23.4721,23.3762,23.2782,23.1781,23.0757,22.971,22.8636,22.7536,22.6406,22.5245,22.405,22.282,22.1551,22.024,21.8884,21.7479,21.6019,21.4501,21.2919,21.1265,20.9532,20.7712,20.5794,20.3767,20.1617,19.9328,19.6882,19.4261,19.1442,18.8409,18.5148,18.1668,17.8006,17.4245,17.0505,16.6914,16.3565,16.0506,15.7741,15.5255,15.3018,15.1001,14.9177,14.752,14.6008,14.4622,14.3348,14.217,14.1079,14.0063,13.9114,13.8226,13.7392,13.6606,13.5864,13.5162,13.4496,13.3863,13.326,13.2685,13.2136,13.161,13.1106,13.0623,13.0158,12.9712,12.9281,12.8866,12.8465,12.8078,12.7704,12.7342,12.6991,12.6651,12.6321,12.6001,12.569,12.5388,12.5094,12.4807,12.4529,12.4257,12.3993,12.3735,12.3483,12.3237,12.2997
24.6655,24.5898,24.513,24.4351,24.3562,24.276,24.1946,24.1119,24.0279,23.9425,23.8556,23.7672,23.6772,23.5855,23.492,23.3966,23.2992,23.1997,23.098,22.9939,22.8873,22.7781,22.666,22.5508,22.4324,22.3104,22.1847,22.0549,21.9207,21.7817,21.6374,21.4875,21.3313,21.1682,20.9975,20.8184,20.6298,20.4308,20.22,19.9959,19.7568,19.501,19.2263,18.931,18.6136,18.2742,17.9155,17.5443,17.1714,16.8091,16.4682,16.1546,15.8701,15.6137,15.3828,15.1746,14.9864,14.8155,14.6598,14.5172,14.3862,14.2652,14.1532,14.0491,13.9519,13.861,13.7757,13.6954,13.6197,13.548,13.4801,13.4156,13.3543,13.2957,13.2399,13.1864,13.1352,13.0861,13.0389,12.9935,12.9499,12.9078,12.8671,12.8279,12.79,12.7533,12.7178,12.6833,12.6499,12.6175,12.586,12.5554,12.5257,12.4967,12.4686,12.4411,12.4144,12.3883,12.3628,12.338,12.3137
24.68,24.6045,24.528,24.4505,24.3718,24.292,24.2109,24.1286,24.045,23.9599,23.8735,23.7855,23.6959,23.6047,23.5117,23.4168,23.32,23.2212,23.1201,23.0167,22.9109,22.8024,22.6911,22.5769,22.4594,22.3385,22.2139,22.0854,21.9525,21.815,21.6724,21.5243,21.3701,21.2092,21.041,20.8646,20.6792,20.4837,20.2769,20.0574,19.8236,19.5737,19.3059,19.0182,18.7091,18.3783,18.0275,17.662,17.2913,16.9273,16.5813,16.2606,15.9682,15.704,15.4658,15.251,15.0568,14.8807,14.7202,14.5735,14.4387,14.3145,14.1995,14.0927,13.9932,13.9002,13.8129,13.7309,13.6535,13.5804,13.5112,13.4454,13.3829,13.3233,13.2665,13.2121,13.1601,13.1102,13.0622,13.0162,12.9719,12.9291,12.8879,12.8482,12.8097,12.7725,12.7365,12.7017,12.6679,12.635,12.6032,12.5722,12.5421,12.5129,12.4844,12.4566,12.4296,12.4032,12.3775,12.3524,12.3279
24.6944,24.6192,24.543,24.4657,24.3874,24.3078,24.2271,24.1452,24.0619,23.9773,23.8912,23.8037,23.7145,23.6238,23.5313,23.437,23.3407,23.2424,23.142,23.0393,22.9342,22.8265,22.716,22.6027,22.4862,22.3663,22.2429,22.1155,21.984,21.8479,21.7069,21.5605,21.4082,21.2495,21.0837,20.91,20.7276,20.5354,20.3325,20.1173,19.8885,19.6443,19.383,19.1026,18.8016,18.4791,18.1364,17.7773,17.41,17.0455,16.6954,16.3683,16.0684,15.7964,15.5509,15.3293,15.129,14.9474,14.782,14.631,14.4924,14.3648,14.2468,14.1372,14.0353,13.94,13.8508,13.7669,13.6879,13.6133,13.5427,13.4756,13.412,13.3513,13.2934,13.2381,13.1852,13.1345,13.0858,13.0391,12.9941,12.9507,12.909,12.8686,12.8297,12.792,12.7555,12.7202,12.686,12.6527,12.6205,12.5892,12.5587,12.5291,12.5003,12.4722,12.4449,12.4183,12.3923,12.3669,12.3422
24.7088,24.6338,24.5579,24.4809,24.4028,24.3236,24.2432,24.1616,24.0787,23.9945,23.9088,23.8217,23.733,23.6427,23.5507,23.4569,23.3612,23.2635,23.1637,23.0617,22.9573,22.8503,22.7407,22.6282,22.5126,22.3938,22.2715,22.1453,22.0151,21.8804,21.7409,21.5962,21.4458,21.2891,21.1256,20.9545,20.7749,20.5861,20.3868,20.1758,19.9517,19.713,19.4578,19.1844,18.8911,18.5769,18.2422,17.89,17.527,17.1633,16.8103,16.4775,16.1704,15.8909,15.6379,15.4095,15.2029,15.0157,14.8454,14.6899,14.5473,14.4161,14.295,14.1826,14.0781,13.9806,13.8893,13.8036,13.7229,13.6467,13.5746,13.5063,13.4414,13.3797,13.3208,13.2645,13.2107,13.1592,13.1097,13.0622,13.0166,12.9726,12.9302,12.8893,12.8498,12.8116,12.7747,12.7389,12.7042,12.6706,12.638,12.6063,12.5755,12.5455,12.5164,12.488,12.4604,12.4334,12.4072,12.3815,12.3565
24.7231,24.6484,24.5727,24.496,24.4182,24.3394,24.2593,24.178,24.0955,24.0116,23.9263,23.8396,23.7514,23.6616,23.57,23.4768,23.3816,23.2845,23.1853,23.0839,22.9802,22.874,22.7651,22.6535,22.5389,22.421,22.2997,22.1747,22.0457,21.9124,21.7745,21.6314,21.4828,21.3282,21.1668,20.9982,20.8214,20.6356,20.4399,20.2329,20.0133,19.7798,19.5305,19.2637,18.9778,18.6715,18.3449,18,17.6421,17.2803,16.9256,16.588,16.2743,15.9873,15.727,15.4915,15.2786,15.0856,14.9102,14.7501,14.6034,14.4686,14.3442,14.229,14.1218,14.0219,13.9285,13.8408,13.7584,13.6806,13.6071,13.5374,13.4713,13.4084,13.3485,13.2912,13.2365,13.1841,13.1339,13.0857,13.0393,12.9947,12.9517,12.9102,12.8701,12.8314,12.794,12.7577,12.7226,12.6886,12.6556,12.6235,12.5923,12.562,12.5325,12.5039,12.4759,12.4487,12.4222,12.3963,12.371
24.7373,24.6629,24.5875,24.5111,24.4336,24.355,24.2753,24.1943,24.1121,24.0286,23.9438,23.8575,23.7696,23.6803,23.5892,23.4964,23.4018,23.3053,23.2067,23.1059,23.0029,22.8974,22.7894,22.6786,22.5648,22.4479,22.3277,22.2038,22.0761,21.9441,21.8076,21.6661,21.5193,21.3665,21.2074,21.0411,20.867,20.6842,20.4918,20.2886,20.0734,19.8448,19.6011,19.3406,19.0618,18.7632,18.4445,18.107,17.755,17.3962,17.0408,16.6994,16.3797,16.0856,15.818,15.5756,15.3561,15.1572,14.9765,14.8117,14.6608,14.5222,14.3945,14.2762,14.1664,14.0641,13.9684,13.8788,13.7945,13.7151,13.6401,13.569,13.5016,13.4376,13.3765,13.3183,13.2626,13.2094,13.1583,13.1093,13.0623,13.017,12.9733,12.9313,12.8907,12.8514,12.8135,12.7768,12.7412,12.7068,12.6733,12.6409,12.6093,12.5787,12.5489,12.5198,12.4916,12.4641,12.4373,12.4111,12.3856
24.7514,24.6773,24.6022,24.526,24.4488,24.3705,24.2911,24.2105,24.1287,24.0456,23.9611,23.8752,23.7878,23.6989,23.6083,23.516,23.4219,23.3259,23.2279,23.1278,23.0254,22.9207,22.8134,22.7034,22.5905,22.4746,22.3553,22.2326,22.106,21.9753,21.8402,21.7003,21.5552,21.4043,21.2472,21.0832,20.9117,20.7318,20.5426,20.3431,20.132,19.9081,19.6697,19.4153,19.1432,18.8521,18.5412,18.2112,17.8655,17.5105,17.1557,16.8115,16.4865,16.1857,15.9109,15.6615,15.4355,15.2305,15.0444,14.8747,14.7195,14.577,14.4458,14.3244,14.2118,14.107,14.0091,13.9174,13.8312,13.7501,13.6735,13.6011,13.5324,13.4671,13.405,13.3457,13.2891,13.235,13.1831,13.1333,13.0855,13.0395,12.9953,12.9526,12.9114,12.8716,12.8332,12.796,12.76,12.7251,12.6912,12.6584,12.6265,12.5955,12.5653,12.536,12.5074,12.4796,12.4525,12.426,12.4002
24.7655,24.6916,24.6168,24.5409,24.464,24.386,24.3069,24.2267,24.1452,24.0624,23.9783,23.8928,23.8058,23.7173,23.6272,23.5354,23.4419,23.3464,23.249,23.1495,23.0478,22.9437,22.8372,22.728,22.616,22.5009,22.3827,22.261,22.1356,22.0062,21.8725,21.7341,21.5906,21.4415,21.2864,21.1247,20.9556,20.7785,20.5924,20.3964,20.1893,19.9698,19.7365,19.4879,19.2223,18.9383,18.6349,18.3125,17.9735,17.6231,17.2699,16.9239,16.5944,16.2874,16.0057,15.7493,15.5166,15.3056,15.1138,14.9391,14.7795,14.633,14.4982,14.3736,14.2581,14.1507,14.0505,13.9566,13.8686,13.7857,13.7076,13.6336,13.5636,13.4971,13.4338,13.3735,13.3159,13.2609,13.2081,13.1576,13.109,13.0623,13.0174,12.9741,12.9324,12.8921,12.8531,12.8154,12.7789,12.7436,12.7093,12.676,12.6438,12.6124,12.5819,12.5522,12.5233,12.4952,12.4678,12.4411,12.415
24.7796,24.7059,24.6313,24.5557,24.4791,24.4014,24.3226,24.2427,24.1615,24.0791,23.9954,23.9103,23.8237,23.7357,23.646,23.5547,23.4616,23.3667,23.2699,23.171,23.0699,22.9666,22.8607,22.7523,22.6412,22.5271,22.4098,22.2891,22.1649,22.0367,21.9043,21.7674,21.6255,21.4782,21.325,21.1654,20.9988,20.8243,20.6412,20.4485,20.2452,20.03,19.8016,19.5584,19.299,19.0218,18.7259,18.411,18.0788,17.7336,17.383,17.0364,16.7032,16.3906,16.1023,15.8389,15.5996,15.3823,15.1849,15.0051,14.8408,14.6902,14.5517,14.4238,14.3053,14.1953,14.0926,13.9966,13.9066,13.8219,13.7421,13.6667,13.5953,13.5275,13.463,13.4016,13.3431,13.2871,13.2335,13.1821,13.1328,13.0854,13.0398,12.9959,12.9535,12.9127,12.8732,12.835,12.798,12.7622,12.7275,12.6939,12.6612,12.6294,12.5986,12.5686,12.5394,12.5109,12.4832,12.4562,12.4299
24.7935,24.7201,24.6458,24.5705,24.4941,24.4168,24.3383,24.2586,24.1778,24.0958,24.0124,23.9277,23.8415,23.7539,23.6647,23.5739,23.4813,23.3869,23.2906,23.1923,23.0919,22.9892,22.8841,22.7765,22.6661,22.5529,22.4366,22.317,22.1938,22.0668,21.9357,21.8002,21.6599,21.5143,21.363,21.2055,21.0411,20.8692,20.689,20.4996,20.2999,20.0888,19.865,19.6271,19.3736,19.1029,18.8141,18.5065,18.1814,17.842,17.4947,17.1485,16.8127,16.4951,16.2005,15.9304,15.6844,15.4608,15.2576,15.0725,14.9035,14.7487,14.6063,14.475,14.3535,14.2407,14.1355,14.0373,13.9452,13.8587,13.7772,13.7003,13.6274,13.5583,13.4927,13.4302,13.3706,13.3136,13.2591,13.2069,13.1568,13.1087,13.0625,13.0179,12.9749,12.9335,12.8935,12.8548,12.8173,12.7811,12.7459,12.7118,12.6788,12.6467,12.6154,12.5851,12.5556,12.5268,12.4988,12.4715,12.4449
24.8074,24.7343,24.6602,24.5852,24.5091,24.432,24.3538,24.2745,24.194,24.1123,24.0293,23.945,23.8592,23.772,23.6833,23.5929,23.5008,23.407,23.3112,23.2135,23.1137,23.0117,22.9073,22.8004,22.6909,22.5785,22.4631,22.3445,22.2224,22.0966,21.9668,21.8326,21.6938,21.5499,21.4004,21.2449,21.0828,20.9134,20.7359,20.5495,20.3533,20.1462,19.9268,19.6939,19.446,19.1817,18.8997,18.5993,18.2812,17.948,17.6049,17.2599,16.9224,16.6006,16.3002,16.0236,15.771,15.5411,15.3319,15.1415,14.9676,14.8084,14.6622,14.5273,14.4027,14.287,14.1793,14.0787,13.9846,13.8962,13.8129,13.7344,13.6601,13.5896,13.5228,13.4591,13.3984,13.3405,13.2851,13.2321,13.1812,13.1323,13.0853,13.0401,12.9966,12.9545,12.9139,12.8747,12.8368,12.8001,12.7645,12.73,12.6965,12.664,12.6324,12.6017,12.5719,12.5428,12.5145,12.4869,12.46
24.8213,24.7484,24.6746,24.5998,24.524,24.4472,24.3693,24.2903,24.2101,24.1288,24.0461,23.9622,23.8768,23.79,23.7017,23.6118,23.5202,23.4269,23.3317,23.2345,23.1353,23.034,22.9303,22.8241,22.7154,22.6038,22.4894,22.3717,22.2507,22.126,21.9974,21.8647,21.7273,21.585,21.4373,21.2837,21.1237,20.9567,20.7819,20.5985,20.4056,20.2022,19.9871,19.759,19.5165,19.2582,18.9828,18.6895,18.3784,18.0515,17.7132,17.3704,17.0322,16.707,16.4012,16.1184,15.8593,15.623,15.4079,15.212,15.0331,14.8695,14.7192,14.5807,14.4528,14.3342,14.2239,14.1209,14.0246,13.9342,13.8492,13.769,13.6932,13.6214,13.5533,13.4884,13.4267,13.3677,13.3114,13.2575,13.2058,13.1562,13.1085,13.0626,13.0184,12.9758,12.9346,12.8949,12.8564,12.8192,12.7832,12.7483,12.7144,12.6815,12.6496,12.6185,12.5883,12.5589,12.5303,12.5024,12.4752
24.8351,24.7624,24.6888,24.6143,24.5388,24.4623,24.3847,24.306,24.2262,24.1451,24.0629,23.9793,23.8943,23.8079,23.72,23.6306,23.5395,23.4466,23.352,23.2554,23.1568,23.0561,22.953,22.8476,22.7396,22.6289,22.5154,22.3987,22.2787,22.1551,22.0277,21.8963,21.7603,21.6196,21.4736,21.3219,21.164,20.9993,20.827,20.6465,20.4568,20.257,20.046,19.8224,19.5851,19.3325,19.0635,18.777,18.4729,18.1525,17.8194,17.4797,17.1416,16.8139,16.5035,16.2147,15.9492,15.7067,15.4856,15.2841,15.1001,14.9318,14.7774,14.6352,14.504,14.3823,14.2693,14.1639,14.0653,13.9729,13.886,13.8042,13.7269,13.6536,13.5842,13.5182,13.4553,13.3953,13.3381,13.2832,13.2307,13.1803,13.1319,13.0853,13.0405,12.9972,12.9555,12.9152,12.8763,12.8386,12.8021,12.7667,12.7324,12.6992,12.6668,12.6354,12.6049,12.5751,12.5462,12.518,12.4905
24.8488,24.7764,24.7031,24.6288,24.5536,24.4773,24.4,24.3216,24.2421,24.1614,24.0795,23.9963,23.9117,23.8257,23.7382,23.6492,23.5586,23.4663,23.3721,23.2761,23.1781,23.078,22.9756,22.8709,22.7637,22.6538,22.5411,22.4253,22.3064,22.1839,22.0577,21.9275,21.7929,21.6537,21.5094,21.3595,21.2036,21.0411,20.8713,20.6936,20.507,20.3107,20.1035,19.8843,19.6519,19.4048,19.1419,18.862,18.5647,18.251,17.9235,17.5875,17.2505,16.921,16.6067,16.3125,16.0408,15.792,15.5649,15.3577,15.1686,14.9956,14.8369,14.6909,14.5562,14.4314,14.3156,14.2076,14.1068,14.0123,13.9235,13.8399,13.761,13.6864,13.6156,13.5483,13.4843,13.4233,13.365,13.3093,13.2559,13.2047,13.1556,13.1083,13.0628,13.0189,12.9766,12.9358,12.8963,12.8581,12.8212,12.7854,12.7506,12.717,12.6842,12.6524,12.6215,12.5915,12.5622,12.5337,12.506
24.8625,24.7903,24.7172,24.6432,24.5682,24.4923,24.4153,24.3372,24.258,24.1776,24.096,24.0132,23.929,23.8434,23.7563,23.6678,23.5776,23.4858,23.3922,23.2967,23.1992,23.0997,22.998,22.894,22.7876,22.6785,22.5666,22.4518,22.3337,22.2123,22.0873,21.9583,21.8251,21.6874,21.5447,21.3966,21.2426,21.0823,20.9149,20.7398,20.5561,20.3631,20.1597,19.9447,19.717,19.4752,19.2181,18.9445,18.654,18.3469,18.0252,17.6935,17.3584,17.0282,16.7106,16.4115,16.134,15.879,15.6458,15.4329,15.2385,15.0607,14.8976,14.7477,14.6094,14.4815,14.3627,14.2522,14.149,14.0523,13.9616,13.8763,13.7957,13.7196,13.6474,13.5789,13.5137,13.4516,13.3923,13.3357,13.2814,13.2294,13.1795,13.1315,13.0853,13.0409,12.998,12.9566,12.9166,12.8779,12.8404,12.8042,12.769,12.7349,12.7018,12.6696,12.6384,12.608,12.5784,12.5496,12.5215
24.8761,24.8042,24.7313,24.6576,24.5829,24.5072,24.4305,24.3527,24.2738,24.1937,24.1125,24.03,23.9462,23.861,23.7743,23.6862,23.5965,23.5051,23.412,23.3171,23.2202,23.1213,23.0203,22.9169,22.8112,22.7029,22.5918,22.4779,22.3608,22.2405,22.1165,21.9888,21.8569,21.7206,21.5794,21.4331,21.281,21.1227,20.9577,20.7851,20.6043,20.4145,20.2146,20.0037,19.7805,19.5437,19.2922,19.0248,18.7408,18.4402,18.1247,17.7977,17.4653,17.1351,16.815,16.5115,16.2285,15.9675,15.7283,15.5097,15.3099,15.1272,14.9597,14.8057,14.6638,14.5325,14.4108,14.2976,14.1919,14.0931,14.0004,13.9132,13.831,13.7533,13.6797,13.6099,13.5435,13.4803,13.42,13.3624,13.3073,13.2544,13.2037,13.155,13.1081,13.063,13.0195,12.9775,12.937,12.8978,12.8599,12.8231,12.7875,12.753,12.7195,12.687,12.6553,12.6246,12.5947,12.5656,12.5372
24.8897,24.8179,24.7454,24.6719,24.5974,24.522,24.4456,24.3681,24.2895,24.2098,24.1288,24.0467,23.9632,23.8784,23.7922,23.7045,23.6152,23.5244,23.4318,23.3373,23.241,23.1427,23.0423,22.9397,22.8346,22.7271,22.6169,22.5038,22.3877,22.2683,22.1455,22.0189,21.8883,21.7534,21.6138,21.4691,21.3188,21.1625,20.9997,20.8296,20.6516,20.4648,20.2684,20.0613,19.8424,19.6105,19.3643,19.1028,18.8251,18.5311,18.2217,17.8999,17.5708,17.2414,16.9197,16.6125,16.3244,16.0576,15.8125,15.5881,15.3829,15.1951,15.023,14.8649,14.7192,14.5846,14.4598,14.3438,14.2357,14.1346,14.0398,13.9507,13.8668,13.7875,13.7125,13.6414,13.5738,13.5094,13.4481,13.3895,13.3334,13.2797,13.2282,13.1787,13.1312,13.0854,13.0413,12.9987,12.9576,12.9179,12.8795,12.8423,12.8062,12.7713,12.7374,12.7044,12.6725,12.6414,12.6111,12.5817,12.553
24.9032,24.8317,24.7593,24.6861,24.6119,24.5367,24.4606,24.3834,24.3051,24.2257,24.1451,24.0633,23.9802,23.8958,23.81,23.7227,23.6339,23.5435,23.4513,23.3575,23.2617,23.164,23.0642,22.9622,22.8579,22.7511,22.6416,22.5294,22.4142,22.2959,22.1741,22.0487,21.9193,21.7858,21.6476,21.5045,21.3561,21.2017,21.041,20.8733,20.698,20.5141,20.321,20.1176,19.9028,19.6755,19.4346,19.1787,18.9072,18.6195,18.3163,17.9999,17.6747,17.347,17.0244,16.7141,16.4214,16.1491,15.8981,15.668,15.4573,15.2645,15.0877,14.9254,14.7758,14.6377,14.5098,14.391,14.2802,14.1768,14.0799,13.9889,13.9032,13.8223,13.7458,13.6733,13.6044,13.5389,13.4765,13.4169,13.3599,13.3053,13.253,13.2028,13.1545,13.108,13.0633,13.0201,12.9784,12.9382,12.8993,12.8616,12.8251,12.7897,12.7554,12.7221,12.6897,12.6582,12.6276,12.5979,12.5689
24.9166,24.8454,24.7732,24.7002,24.6263,24.5514,24.4755,24.3986,24.3207,24.2416,24.1613,24.0798,23.9971,23.9131,23.8276,23.7408,23.6524,23.5624,23.4708,23.3774,23.2822,23.1851,23.0859,22.9845,22.8809,22.7748,22.6662,22.5548,22.4405,22.3231,22.2024,22.0781,21.95,21.8177,21.681,21.5395,21.3927,21.2403,21.0817,20.9163,20.7435,20.5625,20.3725,20.1727,19.9619,19.739,19.503,19.2526,18.987,18.7055,18.4085,18.0978,17.7769,17.4515,17.1289,16.8162,16.5193,16.2419,15.9852,15.7494,15.5333,15.3353,15.1538,14.987,14.8336,14.6919,14.5607,14.439,14.3256,14.2198,14.1207,14.0277,13.9401,13.8576,13.7796,13.7056,13.6355,13.5688,13.5052,13.4446,13.3867,13.3312,13.2781,13.227,13.178,13.1309,13.0855,13.0417,12.9995,12.9587,12.9192,12.8811,12.8441,12.8083,12.7736,12.7398,12.7071,12.6753,12.6443,12.6142,12.5849
24.93,24.859,24.7871,24.7143,24.6407,24.566,24.4904,24.4138,24.3361,24.2573,24.1774,24.0963,24.0139,23.9302,23.8452,23.7587,23.6708,23.5813,23.4901,23.3973,23.3026,23.206,23.1074,23.0067,22.9037,22.7984,22.6905,22.58,22.4665,22.3501,22.2304,22.1072,21.9802,21.8493,21.714,21.574,21.4289,21.2783,21.1217,20.9585,20.7882,20.6099,20.423,20.2265,20.0195,19.801,19.5697,19.3245,19.0646,18.7892,18.4984,18.1934,17.8772,17.5548,17.2329,16.9186,16.6181,16.3359,16.0738,15.8323,15.6107,15.4075,15.2211,15.05,14.8925,14.7471,14.6127,14.4879,14.3718,14.2635,14.1622,14.0671,13.9777,13.8934,13.8139,13.7385,13.667,13.5991,13.5344,13.4727,13.4138,13.3574,13.3034,13.2516,13.2019,13.154,13.108,13.0636,13.0207,12.9794,12.9394,12.9007,12.8633,12.827,12.7919,12.7578,12.7246,12.6924,12.6611,12.6307,12.6011
24.9434,24.8725,24.8009,24.7284,24.6549,24.5806,24.5052,24.4289,24.3515,24.273,24.1934,24.1126,24.0306,23.9473,23.8627,23.7766,23.6891,23.6,23.5093,23.417,23.3228,23.2268,23.1288,23.0287,22.9264,22.8217,22.7146,22.6049,22.4923,22.3768,22.2581,22.136,22.0102,21.8805,21.7465,21.608,21.4645,21.3157,21.1611,21.0001,20.8321,20.6565,20.4725,20.2793,20.076,19.8614,19.6347,19.3946,19.1402,18.8706,18.5859,18.2867,17.9755,17.6566,17.3361,17.0209,16.7176,16.4309,16.1637,15.9167,15.6896,15.4811,15.2899,15.1142,14.9526,14.8035,14.6656,14.5378,14.4189,14.308,14.2044,14.1072,14.0159,13.9299,13.8487,13.7718,13.699,13.6298,13.564,13.5012,13.4413,13.384,13.3291,13.2765,13.226,13.1774,13.1307,13.0856,13.0422,13.0003,12.9598,12.9206,12.8827,12.846,12.8104,12.7758,12.7423,12.7097,12.6781,12.6473,12.6173
24.9567,24.8861,24.8146,24.7423,24.6692,24.5951,24.52,24.4439,24.3668,24.2887,24.2094,24.1289,24.0472,23.9643,23.88,23.7944,23.7073,23.6186,23.5284,23.4365,23.3429,23.2474,23.15,23.0505,22.9488,22.8449,22.7385,22.6296,22.5179,22.4032,22.2855,22.1644,22.0397,21.9113,21.7786,21.6416,21.4997,21.3526,21.1998,21.0409,20.8752,20.7022,20.521,20.331,20.1311,19.9205,19.6982,19.4629,19.2138,18.9499,18.6711,18.3778,18.0718,17.7568,17.4384,17.123,16.8174,16.5269,16.2548,16.0024,15.7699,15.5562,15.36,15.1798,15.0139,14.861,14.7196,14.5886,14.4668,14.3533,14.2473,14.148,14.0547,13.9669,13.884,13.8057,13.7314,13.661,13.5939,13.53,13.4691,13.4108,13.3551,13.3016,13.2503,13.201,13.1536,13.1079,13.0639,13.0214,12.9803,12.9407,12.9023,12.8651,12.829,12.7941,12.7601,12.7272,12.6952,12.664,12.6337
24.9699,24.8995,24.8283,24.7563,24.6833,24.6095,24.5347,24.4589,24.3821,24.3042,24.2252,24.1451,24.0637,23.9812,23.8973,23.812,23.7253,23.6371,23.5474,23.456,23.3628,23.2679,23.171,23.0721,22.9711,22.8679,22.7622,22.654,22.5431,22.4294,22.3126,22.1925,22.069,21.9417,21.8104,21.6747,21.5344,21.3889,21.238,21.0811,20.9176,20.747,20.5686,20.3816,20.1851,19.9783,19.7601,19.5295,19.2855,19.0272,18.7541,18.4666,18.166,17.8553,17.5395,17.2247,16.9175,16.6236,16.347,16.0895,15.8516,15.6327,15.4315,15.2466,15.0765,14.9196,14.7747,14.6404,14.5157,14.3995,14.291,14.1895,14.0942,14.0045,13.9199,13.84,13.7644,13.6925,13.6243,13.5593,13.4973,13.438,13.3814,13.3271,13.275,13.2249,13.1768,13.1305,13.0858,13.0427,13.0011,12.9609,12.922,12.8843,12.8478,12.8125,12.7781,12.7448,12.7124,12.6809,12.6503
24.9831,24.9129,24.8419,24.7701,24.6974,24.6238,24.5493,24.4738,24.3972,24.3197,24.241,24.1612,24.0802,23.9979,23.9144,23.8295,23.7433,23.6555,23.5662,23.4753,23.3826,23.2882,23.1919,23.0936,22.9932,22.8906,22.7857,22.6783,22.5682,22.4553,22.3395,22.2204,22.0979,21.9718,21.8417,21.7074,21.5686,21.4248,21.2756,21.1206,20.9593,20.7911,20.6153,20.4312,20.238,20.0348,19.8206,19.5944,19.3553,19.1024,18.835,18.5532,18.258,17.952,17.6393,17.3256,17.0176,16.7209,16.4402,16.1778,15.9347,15.7106,15.5044,15.3148,15.1403,14.9794,14.8308,14.6932,14.5654,14.4465,14.3355,14.2317,14.1343,14.0427,13.9564,13.8749,13.7978,13.7246,13.6551,13.5889,13.5258,13.4656,13.408,13.3528,13.2999,13.2491,13.2002,13.1532,13.1079,13.0642,13.0221,12.9813,12.9419,12.9038,12.8668,12.831,12.7963,12.7625,12.7298,12.6979,12.6669
24.9962,24.9263,24.8555,24.7839,24.7115,24.6381,24.5638,24.4886,24.4123,24.335,24.2567,24.1772,24.0965,24.0146,23.9315,23.847,23.7611,23.6738,23.5849,23.4944,23.4023,23.3084,23.2126,23.1149,23.0152,22.9132,22.809,22.7023,22.593,22.481,22.366,22.2479,22.1265,22.0015,21.8727,21.7397,21.6023,21.4601,21.3127,21.1596,21.0004,20.8344,20.6612,20.4799,20.2898,20.09,19.8797,19.6579,19.4235,19.1756,18.9137,18.6376,18.3479,18.0467,17.7376,17.4257,17.1174,16.8186,16.5342,16.2673,16.0191,15.7898,15.5786,15.3843,15.2053,15.0403,14.888,14.7469,14.6161,14.4943,14.3808,14.2746,14.1751,14.0815,13.9935,13.9103,13.8316,13.7571,13.6863,13.6189,13.5547,13.4935,13.4349,13.3788,13.3251,13.2735,13.2239,13.1762,13.1303,13.086,13.0433,13.002,12.962,12.9234,12.886,12.8497,12.8145,12.7804,12.7473,12.715,12.6837
25.0093,24.9395,24.869,24.7976,24.7254,24.6523,24.5783,24.5033,24.4274,24.3504,24.2723,24.1931,24.1128,24.0312,23.9484,23.8643,23.7788,23.6919,23.6035,23.5135,23.4218,23.3284,23.2332,23.1361,23.0369,22.9356,22.8321,22.7261,22.6176,22.5064,22.3923,22.2752,22.1548,22.0309,21.9033,21.7716,21.6356,21.4949,21.3492,21.1979,21.0407,20.877,20.7062,20.5276,20.3405,20.1441,19.9375,19.7198,19.4899,19.2471,18.9905,18.7199,18.4357,18.1395,17.8343,17.5248,17.2168,16.9165,16.6289,16.3577,16.1048,15.8704,15.6542,15.455,15.2716,15.1025,14.9463,14.8018,14.6677,14.5431,14.4269,14.3183,14.2166,14.121,14.0311,13.9462,13.866,13.7901,13.7179,13.6494,13.584,13.5217,13.4622,13.4052,13.3506,13.2982,13.2479,13.1995,13.1529,13.108,13.0646,13.0228,12.9823,12.9432,12.9053,12.8686,12.833,12.7985,12.7649,12.7323,12.7006
25.0223,24.9528,24.8825,24.8113,24.7393,24.6665,24.5927,24.518,24.4423,24.3656,24.2878,24.209,24.1289,24.0477,23.9653,23.8816,23.7965,23.7099,23.6219,23.5324,23.4412,23.3483,23.2537,23.1571,23.0585,22.9578,22.855,22.7497,22.642,22.5316,22.4184,22.3022,22.1828,22.06,21.9335,21.8031,21.6685,21.5293,21.3852,21.2357,21.0804,20.9189,20.7504,20.5745,20.3903,20.1971,19.9941,19.7803,19.5548,19.3167,19.0653,18.8001,18.5214,18.2302,17.9293,17.6226,17.3157,17.0144,16.7242,16.4491,16.1915,15.9523,15.7311,15.5271,15.3391,15.1658,15.0057,14.8576,14.7203,14.5927,14.4738,14.3627,14.2587,14.1611,14.0693,13.9827,13.901,13.8235,13.75,13.6802,13.6137,13.5503,13.4898,13.4319,13.3764,13.3232,13.2721,13.223,13.1757,13.1302,13.0862,13.0438,13.0028,12.9632,12.9248,12.8876,12.8516,12.8166,12.7827,12.7497,12.7177
25.0353,24.966,24.8959,24.825,24.7532,24.6806,24.6071,24.5326,24.4572,24.3808,24.3033,24.2247,24.145,24.0642,23.9821,23.8987,23.814,23.7279,23.6403,23.5512,23.4605,23.3681,23.2739,23.1779,23.0799,22.9799,22.8777,22.7731,22.6661,22.5565,22.4442,22.3289,22.2105,22.0888,21.9634,21.8343,21.701,21.5632,21.4207,21.2729,21.1195,20.9601,20.7939,20.6205,20.4391,20.249,20.0494,19.8394,19.6181,19.3847,19.1382,18.8783,18.6049,18.319,18.0225,17.7191,17.4137,17.1121,16.8198,16.5413,16.2794,16.0353,15.8093,15.6005,15.4079,15.2303,15.0663,14.9145,14.7739,14.6432,14.5215,14.4079,14.3016,14.2019,14.1082,14.0198,13.9364,13.8574,13.7826,13.7115,13.6438,13.5793,13.5178,13.4589,13.4025,13.3485,13.2966,13.2468,13.1988,13.1526,13.1081,13.0651,13.0235,12.9834,12.9445,12.9069,12.8704,12.835,12.8007,12.7673,12.7349
25.0482,24.9791,24.9092,24.8385,24.767,24.6946,24.6214,24.5472,24.472,24.3958,24.3187,24.2404,24.161,24.0805,23.9987,23.9157,23.8314,23.7457,23.6585,23.5699,23.4796,23.3877,23.2941,23.1986,23.1012,23.0018,22.9002,22.7963,22.6901,22.5813,22.4698,22.3554,22.2379,22.1172,21.993,21.865,21.733,21.5967,21.4557,21.3096,21.1581,21.0006,20.8366,20.6656,20.4869,20.2998,20.1036,19.8972,19.68,19.451,19.2094,18.9546,18.6865,18.4057,18.1138,17.814,17.5107,17.2094,16.9156,16.6341,16.3682,16.1195,15.8887,15.6751,15.478,15.296,15.128,14.9725,14.8285,14.6947,14.5701,14.4539,14.3453,14.2434,14.1476,14.0575,13.9724,13.8919,13.8156,13.7432,13.6743,13.6087,13.5461,13.4862,13.429,13.3741,13.3214,13.2708,13.2221,13.1753,13.1301,13.0865,13.0444,13.0037,12.9644,12.9262,12.8893,12.8535,12.8188,12.785,12.7522
25.0611,24.9922,24.9225,24.852,24.7807,24.7086,24.6356,24.5616,24.4867,24.4109,24.334,24.256,24.177,24.0967,24.0153,23.9327,23.8487,23.7634,23.6767,23.5884,23.4986,23.4072,23.3141,23.2191,23.1223,23.0235,22.9225,22.8193,22.7138,22.6058,22.4951,22.3816,22.2651,22.1453,22.0222,21.8954,21.7647,21.6297,21.4902,21.3458,21.196,21.0405,20.8787,20.71,20.5339,20.3497,20.1566,19.9538,19.7405,19.5157,19.2788,19.029,18.7661,18.4904,18.2033,17.9074,17.6066,17.3061,17.0114,16.7274,16.4578,16.2048,15.9693,15.751,15.5493,15.363,15.1908,15.0316,14.8841,14.7471,14.6196,14.5008,14.3896,14.2855,14.1878,14.0957,14.0089,13.9268,13.8491,13.7753,13.7052,13.6384,13.5748,13.5139,13.4557,13.4,13.3465,13.2951,13.2457,13.1982,13.1524,13.1082,13.0655,13.0243,12.9844,12.9458,12.9084,12.8722,12.837,12.8029,12.7697
25.0739,25.0052,24.9357,24.8655,24.7944,24.7225,24.6497,24.576,24.5014,24.4258,24.3492,24.2715,24.1928,24.1129,24.0318,23.9495,23.8659,23.781,23.6947,23.6069,23.5175,23.4266,23.3339,23.2395,23.1432,23.045,22.9447,22.8422,22.7373,22.63,22.5202,22.4075,22.2919,22.1732,22.0511,21.9255,21.796,21.6623,21.5243,21.3814,21.2334,21.0797,20.92,20.7537,20.5801,20.3986,20.2086,20.0092,19.7996,19.579,19.3465,19.1016,18.8437,18.5732,18.2909,17.9991,17.7013,17.4021,17.107,16.821,16.5482,16.2911,16.0511,15.8281,15.6218,15.4311,15.2548,15.0918,14.9407,14.8004,14.67,14.5484,14.4348,14.3284,14.2285,14.1346,14.046,13.9623,13.8831,13.8079,13.7365,13.6686,13.6038,13.5419,13.4828,13.4261,13.3718,13.3197,13.2696,13.2213,13.1749,13.1301,13.0868,13.045,13.0047,12.9656,12.9277,12.891,12.8554,12.8209,12.7873
25.0867,25.0182,24.9489,24.8789,24.8081,24.7364,24.6638,24.5904,24.516,24.4407,24.3644,24.287,24.2086,24.129,24.0482,23.9663,23.8831,23.7985,23.7126,23.6252,23.5363,23.4458,23.3537,23.2598,23.164,23.0664,22.9667,22.8648,22.7607,22.6541,22.545,22.4332,22.3185,22.2007,22.0797,21.9552,21.8269,21.6946,21.5579,21.4166,21.2702,21.1184,20.9607,20.7966,20.6254,20.4466,20.2596,20.0634,19.8575,19.6408,19.4127,19.1724,18.9195,18.654,18.3766,18.0891,17.7945,17.4972,17.2023,16.9148,16.6391,16.3783,16.1339,15.9064,15.6956,15.5004,15.32,15.153,14.9983,14.8548,14.7213,14.5969,14.4807,14.372,14.27,14.174,14.0837,13.9983,13.9175,13.841,13.7683,13.6991,13.6332,13.5703,13.5102,13.4526,13.3975,13.3445,13.2937,13.2447,13.1976,13.1522,13.1083,13.066,13.0251,12.9855,12.9471,12.91,12.874,12.839,12.8051
25.0994,25.0311,24.9621,24.8922,24.8216,24.7502,24.6779,24.6047,24.5306,24.4555,24.3795,24.3024,24.2242,24.145,24.0646,23.983,23.9001,23.8159,23.7304,23.6434,23.555,23.4649,23.3733,23.2799,23.1847,23.0876,22.9885,22.8872,22.7838,22.678,22.5696,22.4586,22.3448,22.228,22.108,21.9845,21.8574,21.7264,21.5911,21.4513,21.3066,21.1565,21.0008,20.8387,20.6699,20.4938,20.3095,20.1166,19.9141,19.7012,19.4773,19.2415,18.9934,18.7329,18.4603,18.1773,17.8863,17.5913,17.297,17.0086,16.7305,16.4662,16.2177,15.9858,15.7705,15.571,15.3863,15.2154,15.057,14.9101,14.7735,14.6462,14.5274,14.4163,14.3121,14.2141,14.1219,14.0348,13.9525,13.8745,13.8005,13.7301,13.663,13.599,13.5379,13.4794,13.4234,13.3696,13.318,13.2684,13.2206,13.1745,13.1301,13.0872,13.0457,13.0056,12.9668,12.9292,12.8927,12.8573,12.823
25.1121,25.044,24.9752,24.9055,24.8351,24.7639,24.6918,24.6189,24.545,24.4702,24.3945,24.3177,24.2398,24.1609,24.0808,23.9995,23.917,23.8332,23.7481,23.6615,23.5735,23.4839,23.3927,23.2998,23.2052,23.1086,23.0101,22.9095,22.8067,22.7016,22.594,22.4839,22.3709,22.255,22.136,22.0136,21.8876,21.7578,21.6239,21.4855,21.3424,21.1941,21.0402,20.8802,20.7137,20.54,20.3586,20.1686,19.9695,19.7603,19.5404,19.309,19.0656,18.8099,18.5422,18.2637,17.9765,17.6841,17.3911,17.1022,16.8222,16.5549,16.3025,16.0663,15.8465,15.6426,15.4538,15.2789,15.1168,14.9664,14.8266,14.6964,14.575,14.4614,14.3549,14.2549,14.1607,14.072,13.988,13.9085,13.8331,13.7615,13.6932,13.6282,13.566,13.5066,13.4496,13.3951,13.3426,13.2923,13.2438,13.1971,13.152,13.1085,13.0665,13.0259,12.9866,12.9485,12.9116,12.8758,12.841
25.1247,25.0568,24.9882,24.9188,24.8486,24.7776,24.7058,24.6331,24.5595,24.4849,24.4094,24.3329,24.2553,24.1767,24.097,24.016,23.9339,23.8504,23.7657,23.6795,23.5919,23.5028,23.4121,23.3197,23.2255,23.1295,23.0316,22.9316,22.8295,22.7251,22.6182,22.5088,22.3967,22.2817,22.1637,22.0423,21.9175,21.7889,21.6563,21.5193,21.3777,21.2311,21.079,20.9211,20.7568,20.5855,20.4067,20.2197,20.0238,19.8182,19.6022,19.375,19.1361,18.8851,18.6222,18.3483,18.0651,17.7757,17.4843,17.1955,16.9141,16.644,16.3881,16.1478,15.9237,15.7155,15.5224,15.3434,15.1776,15.0237,14.8807,14.7475,14.6233,14.5072,14.3984,14.2963,14.2002,14.1096,14.024,13.943,13.8662,13.7933,13.7238,13.6576,13.5944,13.534,13.4762,13.4208,13.3675,13.3164,13.2672,13.2198,13.1742,13.1301,13.0875,13.0464,13.0066,12.968,12.9306,12.8944,12.8593
25.1373,25.0696,25.0012,24.932,24.862,24.7912,24.7196,24.6472,24.5738,24.4995,24.4243,24.3481,24.2708,24.1925,24.113,24.0324,23.9506,23.8675,23.7832,23.6974,23.6102,23.5215,23.4313,23.3394,23.2457,23.1503,23.0529,22.9535,22.852,22.7483,22.6422,22.5336,22.4223,22.3082,22.1911,22.0708,21.947,21.8196,21.6882,21.5527,21.4126,21.2676,21.1173,20.9613,20.7991,20.6302,20.4539,20.2698,20.077,19.8748,19.6625,19.4394,19.2049,18.9586,18.7004,18.4311,18.152,17.8659,17.5765,17.2883,17.0059,16.7336,16.4744,16.2303,16.0019,15.7894,15.5921,15.4091,15.2395,15.082,14.9357,14.7995,14.6725,14.5538,14.4426,14.3384,14.2403,14.1479,14.0606,13.978,13.8998,13.8255,13.7548,13.6875,13.6232,13.5618,13.5031,13.4468,13.3927,13.3408,13.2909,13.2429,13.1966,13.1519,13.1087,13.0671,13.0267,12.9877,12.9499,12.9132,12.8776
25.1499,25.0824,25.0141,24.9451,24.8754,24.8048,24.7334,24.6612,24.5881,24.5141,24.4391,24.3631,24.2862,24.2081,24.129,24.0487,23.9673,23.8845,23.8005,23.7152,23.6284,23.5401,23.4503,23.3589,23.2658,23.1709,23.0741,22.9753,22.8744,22.7714,22.666,22.5581,22.4476,22.3344,22.2182,22.0989,21.9762,21.8499,21.7198,21.5856,21.447,21.3035,21.155,21.0009,20.8407,20.6741,20.5003,20.3189,20.1291,19.9302,19.7216,19.5025,19.2722,19.0304,18.7769,18.5121,18.2373,17.9547,17.6677,17.3804,17.0976,16.8234,16.5613,16.3135,16.0812,15.8644,15.663,15.4759,15.3024,15.1413,14.9917,14.8524,14.7225,14.6012,14.4876,14.3811,14.281,14.1867,14.0977,14.0136,13.9338,13.8582,13.7862,13.7177,13.6524,13.59,13.5303,13.4731,13.4182,13.3655,13.3149,13.2661,13.2192,13.1739,13.1302,13.0879,13.0471,13.0075,12.9693,12.9321,12.8961
25.1624,25.095,25.027,24.9582,24.8887,24.8183,24.7472,24.6752,24.6023,24.5285,24.4538,24.3781,24.3015,24.2237,24.1449,24.065,23.9838,23.9015,23.8178,23.7328,23.6465,23.5586,23.4693,23.3783,23.2857,23.1913,23.0951,22.9969,22.8966,22.7942,22.6895,22.5824,22.4728,22.3604,22.2451,22.1267,22.0051,21.8799,21.751,21.6181,21.4809,21.339,21.1921,21.0399,20.8817,20.7173,20.5459,20.3671,20.1802,19.9845,19.7794,19.5641,19.3379,19.1005,18.8515,18.5913,18.3208,18.0419,17.7576,17.4718,17.189,16.9134,16.6488,16.3976,16.1614,15.9405,15.7349,15.5438,15.3664,15.2017,15.0486,14.9062,14.7734,14.6494,14.5333,14.4246,14.3224,14.2261,14.1354,14.0496,13.9684,13.8913,13.8181,13.7484,13.6819,13.6184,13.5578,13.4997,13.444,13.3905,13.3391,13.2897,13.242,13.1961,13.1518,13.109,13.0676,13.0276,12.9888,12.9512,12.9148
25.1748,25.1077,25.0398,24.9712,24.9019,24.8318,24.7608,24.6891,24.6165,24.5429,24.4685,24.3931,24.3167,24.2392,24.1607,24.0811,24.0003,23.9183,23.835,23.7504,23.6644,23.577,23.4881,23.3976,23.3055,23.2116,23.1159,23.0183,22.9187,22.8169,22.7129,22.6065,22.4976,22.3861,22.2717,22.1543,22.0336,21.9096,21.7819,21.6502,21.5144,21.374,21.2288,21.0783,20.9221,20.7597,20.5907,20.4145,20.2304,20.0378,19.836,19.6244,19.4022,19.169,18.9245,18.6688,18.4026,18.1276,17.8463,17.5623,17.2799,17.0034,16.7366,16.4823,16.2424,16.0176,15.8079,15.6128,15.4315,15.2631,15.1066,14.9609,14.8251,14.6984,14.5798,14.4687,14.3644,14.2662,14.1736,14.0862,14.0034,13.9249,13.8503,13.7794,13.7118,13.6473,13.5856,13.5266,13.47,13.4157,13.3636,13.3134,13.2651,13.2186,13.1737,13.1303,13.0884,13.0478,13.0086,12.9705,12.9336
25.1872,25.1203,25.0526,24.9842,24.9151,24.8452,24.7745,24.7029,24.6306,24.5573,24.4831,24.408,24.3318,24.2547,24.1765,24.0971,24.0167,23.935,23.8521,23.7679,23.6823,23.5953,23.5068,23.4168,23.3251,23.2318,23.1366,23.0396,22.9405,22.8394,22.7361,22.6304,22.5223,22.4115,22.298,22.1815,22.0619,21.9389,21.8124,21.682,21.5475,21.4086,21.2649,21.1161,20.9618,20.8015,20.6347,20.461,20.2796,20.09,19.8914,19.6834,19.4651,19.236,18.9959,18.7446,18.4828,18.2117,17.9336,17.6518,17.3703,17.0932,16.8247,16.5676,16.3243,16.0956,15.8819,15.6828,15.4976,15.3255,15.1655,15.0165,14.8777,14.7482,14.6271,14.5136,14.4071,14.3069,14.2124,14.1233,14.0389,13.959,13.8831,13.8109,13.7421,13.6765,13.6138,13.5538,13.4964,13.4413,13.3883,13.3374,13.2884,13.2412,13.1957,13.1518,13.1093,13.0682,13.0285,12.99,12.9526
25.1996,25.1328,25.0654,24.9972,24.9282,24.8585,24.788,24.7167,24.6446,24.5716,24.4976,24.4228,24.3469,24.27,24.1921,24.1131,24.033,23.9517,23.8691,23.7852,23.7001,23.6135,23.5254,23.4359,23.3447,23.2518,23.1572,23.0607,22.9622,22.8617,22.7591,22.6541,22.5467,22.4368,22.3241,22.2085,22.0899,21.9679,21.8425,21.7133,21.5801,21.4427,21.3005,21.1534,21.0009,20.8426,20.6781,20.5067,20.3279,20.1411,19.9458,19.7411,19.5266,19.3015,19.0656,18.8187,18.5612,18.2941,18.0195,17.7402,17.4599,17.1828,16.9128,16.6534,16.4068,16.1745,15.9569,15.7538,15.5648,15.3889,15.2254,15.0731,14.9313,14.7989,14.6751,14.5592,14.4504,14.3482,14.2518,14.1609,14.0749,13.9935,13.9162,13.8427,13.7728,13.7061,13.6423,13.5814,13.523,13.4671,13.4133,13.3617,13.312,13.2641,13.218,13.1735,13.1304,13.0888,13.0486,13.0096,12.9718
25.2119,25.1453,25.078,25.01,24.9413,24.8718,24.8016,24.7305,24.6586,24.5858,24.5121,24.4375,24.3619,24.2853,24.2077,24.129,24.0492,23.9682,23.886,23.8025,23.7177,23.6315,23.5439,23.4548,23.3641,23.2717,23.1776,23.0816,22.9838,22.8839,22.7819,22.6776,22.5709,22.4618,22.3499,22.2352,22.1175,21.9966,21.8723,21.7443,21.6124,21.4763,21.3357,21.1902,21.0395,20.8831,20.7207,20.5516,20.3753,20.1914,19.999,19.7977,19.5868,19.3656,19.1338,18.8912,18.638,18.375,18.1039,17.8274,17.5487,17.2719,17.001,16.7395,16.49,16.2542,16.0328,15.8259,15.633,15.4534,15.2863,15.1307,14.9857,14.8504,14.7239,14.6055,14.4945,14.3901,14.2918,14.1991,14.1115,14.0285,13.9498,13.875,13.8039,13.736,13.6712,13.6093,13.55,13.4932,13.4386,13.3862,13.3358,13.2873,13.2405,13.1954,13.1518,13.1096,13.0688,13.0294,12.9911
25.2242,25.1578,25.0907,25.0229,24.9544,24.8851,24.815,24.7442,24.6725,24.5999,24.5265,24.4522,24.3768,24.3005,24.2232,24.1448,24.0653,23.9847,23.9028,23.8197,23.7353,23.6495,23.5623,23.4736,23.3833,23.2914,23.1978,23.1024,23.0051,22.9058,22.8045,22.7009,22.5949,22.4865,22.3755,22.2617,22.1449,22.025,21.9018,21.775,21.6443,21.5095,21.3704,21.2265,21.0775,20.923,20.7626,20.5957,20.4219,20.2407,20.0513,19.8531,19.6457,19.4283,19.2005,18.9621,18.7131,18.4542,18.1869,17.9133,17.6366,17.3605,17.0891,16.8259,16.5738,16.3347,16.1096,15.8989,15.7021,15.5188,15.3481,15.1892,15.041,14.9027,14.7736,14.6526,14.5393,14.4327,14.3325,14.2379,14.1486,14.0641,13.9839,13.9078,13.8353,13.7663,13.7005,13.6375,13.5773,13.5196,13.4642,13.411,13.3599,13.3107,13.2632,13.2175,13.1733,13.1306,13.0893,13.0493,13.0106
25.2364,25.1702,25.1033,25.0357,24.9673,24.8983,24.8284,24.7578,24.6863,24.614,24.5408,24.4667,24.3917,24.3157,24.2386,24.1606,24.0814,24.001,23.9195,23.8368,23.7527,23.6673,23.5805,23.4923,23.4025,23.311,23.2179,23.1231,23.0263,22.9276,22.8269,22.724,22.6187,22.5111,22.4009,22.2879,22.1721,22.0531,21.9309,21.8052,21.6758,21.5423,21.4046,21.2622,21.1149,20.9623,20.8038,20.6392,20.4677,20.2891,20.1025,19.9075,19.7034,19.4896,19.2657,19.0314,18.7866,18.5318,18.2683,17.9978,17.7234,17.4484,17.1769,16.9123,16.6579,16.4158,16.1873,15.9728,15.7723,15.5853,15.411,15.2486,15.0972,14.956,14.824,14.7005,14.5847,14.476,14.3737,14.2773,14.1862,14.1001,14.0185,13.9409,13.8672,13.797,13.7301,13.6661,13.6049,13.5463,13.4901,13.4361,13.3842,13.3343,13.2862,13.2398,13.195,13.1518,13.11,13.0695,13.0303
25.2486,25.1826,25.1158,25.0484,24.9803,24.9114,24.8418,24.7714,24.7001,24.6281,24.5551,24.4813,24.4065,24.3308,24.254,24.1762,24.0973,24.0173,23.9361,23.8537,23.7701,23.6851,23.5987,23.5108,23.4215,23.3305,23.2379,23.1436,23.0474,22.9493,22.8491,22.7469,22.6423,22.5354,22.426,22.3139,22.1989,22.0809,21.9598,21.8352,21.7069,21.5748,21.4384,21.2975,21.1518,21.001,20.8444,20.6819,20.5128,20.3366,20.1528,19.9607,19.7599,19.5497,19.3296,19.0992,18.8585,18.6079,18.3481,18.081,17.8091,17.5356,17.2642,16.9988,16.7424,16.4975,16.2657,16.0476,15.8434,15.6527,15.4748,15.309,15.1544,15.0101,14.8753,14.7491,14.6309,14.52,14.4156,14.3173,14.2244,14.1367,14.0535,13.9746,13.8996,13.8282,13.7601,13.695,13.6329,13.5733,13.5163,13.4615,13.4088,13.3582,13.3094,13.2624,13.217,13.1732,13.1308,13.0898,13.0502
25.2608,25.1949,25.1283,25.0611,24.9932,24.9245,24.8551,24.7849,24.7139,24.642,24.5693,24.4957,24.4212,24.3458,24.2693,24.1918,24.1132,24.0335,23.9527,23.8706,23.7873,23.7027,23.6167,23.5293,23.4404,23.3499,23.2578,23.1639,23.0683,22.9707,22.8712,22.7696,22.6657,22.5595,22.4509,22.3396,22.2255,22.1085,21.9883,21.8648,21.7377,21.6068,21.4718,21.3324,21.1883,21.0391,20.8844,20.7239,20.557,20.3833,20.2021,20.013,19.8153,19.6085,19.3921,19.1656,18.929,18.6823,18.4265,18.1628,17.8936,17.6219,17.3511,17.0851,16.8271,16.5797,16.3448,16.1233,15.9154,15.721,15.5396,15.3703,15.2124,15.065,14.9274,14.7986,14.6779,14.5646,14.4581,14.3578,14.2632,14.1737,14.089,14.0087,13.9323,13.8597,13.7904,13.7243,13.6611,13.6007,13.5427,13.4871,13.4337,13.3823,13.3328,13.2852,13.2392,13.1948,13.1519,13.1103,13.0702
25.2729,25.2072,25.1408,25.0738,25.006,24.9376,24.8683,24.7983,24.7276,24.656,24.5835,24.5102,24.4359,24.3607,24.2845,24.2073,24.129,24.0496,23.9691,23.8874,23.8045,23.7202,23.6346,23.5476,23.4591,23.3691,23.2775,23.1841,23.089,22.9921,22.8931,22.7921,22.6889,22.5835,22.4755,22.3651,22.2518,22.1357,22.0165,21.8941,21.7681,21.6384,21.5047,21.3667,21.2242,21.0767,20.9238,20.7653,20.6006,20.4292,20.2506,20.0643,19.8696,19.6661,19.4533,19.2306,18.9979,18.7552,18.5033,18.2432,17.9769,17.7072,17.4374,17.1712,16.9119,16.6623,16.4245,16.1997,15.9883,15.7903,15.6053,15.4326,15.2714,15.1209,14.9803,14.8488,14.7256,14.61,14.5013,14.399,14.3025,14.2114,14.1251,14.0432,13.9655,13.8916,13.8212,13.754,13.6898,13.6283,13.5695,13.513,13.4588,13.4067,13.3565,13.3082,13.2616,13.2166,13.1731,13.1311,13.0904
25.2849,25.2194,25.1532,25.0864,25.0188,24.9505,24.8815,24.8118,24.7412,24.6698,24.5976,24.5245,24.4505,24.3755,24.2996,24.2227,24.1447,24.0657,23.9855,23.9041,23.8215,23.7376,23.6524,23.5658,23.4778,23.3882,23.297,23.2042,23.1096,23.0132,22.9149,22.8145,22.7119,22.6072,22.5,22.3903,22.2779,22.1627,22.0445,21.923,21.7982,21.6697,21.5373,21.4007,21.2596,21.1137,20.9627,20.806,20.6434,20.4743,20.2982,20.1146,19.9229,19.7226,19.5132,19.2942,19.0653,18.8266,18.5785,18.322,18.0588,17.7914,17.523,17.2569,16.9967,16.7452,16.5048,16.2769,16.062,15.8605,15.6719,15.4957,15.3312,15.1776,15.0341,14.8998,14.774,14.656,14.5452,14.4408,14.3424,14.2495,14.1616,14.0783,13.9992,13.9239,13.8523,13.784,13.7187,13.6563,13.5965,13.5392,13.4842,13.4313,13.3804,13.3314,13.2842,13.2386,13.1945,13.152,13.1108
25.2969,25.2316,25.1656,25.0989,25.0316,24.9635,24.8947,24.8251,24.7548,24.6836,24.6116,24.5388,24.465,24.3903,24.3147,24.2381,24.1604,24.0816,24.0018,23.9207,23.8385,23.755,23.6701,23.5839,23.4963,23.4072,23.3165,23.2241,23.1301,23.0342,22.9364,22.8367,22.7348,22.6307,22.5242,22.4153,22.3038,22.1894,22.0721,21.9517,21.8279,21.7006,21.5694,21.4342,21.2946,21.1503,21.0009,20.8462,20.6855,20.5186,20.345,20.164,19.9752,19.778,19.5719,19.3565,19.1314,18.8966,18.6523,18.3995,18.1395,17.8746,17.6077,17.3421,17.0813,16.8283,16.5855,16.3546,16.1366,15.9316,15.7395,15.5598,15.392,15.2352,15.0887,14.9516,14.8232,14.7028,14.5897,14.4833,14.3829,14.2882,14.1987,14.1138,14.0333,13.9567,13.8838,13.8144,13.748,13.6846,13.6239,13.5657,13.5099,13.4562,13.4046,13.3549,13.307,13.2608,13.2162,13.173,13.1313
25.3089,25.2437,25.1779,25.1114,25.0443,24.9764,24.9078,24.8384,24.7683,24.6974,24.6256,24.553,24.4795,24.4051,24.3297,24.2533,24.1759,24.0975,24.0179,23.9372,23.8553,23.7722,23.6877,23.6019,23.5147,23.426,23.3358,23.2439,23.1504,23.0551,22.9578,22.8587,22.7574,22.654,22.5483,22.4401,22.3293,22.2159,22.0995,21.9801,21.8573,21.7311,21.6012,21.4673,21.3291,21.1863,21.0386,20.8857,20.727,20.5623,20.3909,20.2125,20.0265,19.8323,19.6294,19.4175,19.196,18.965,18.7246,18.4754,18.2188,17.9566,17.6916,17.4268,17.1658,16.9115,16.6666,16.433,16.2118,16.0034,15.8079,15.6249,15.4537,15.2937,15.1442,15.0042,14.8732,14.7503,14.6349,14.5263,14.4241,14.3275,14.2362,14.1498,14.0678,13.9899,13.9158,13.8451,13.7777,13.7133,13.6516,13.5925,13.5358,13.4814,13.429,13.3786,13.3301,13.2832,13.238,13.1943,13.1521
25.3209,25.2559,25.1902,25.1239,25.0569,24.9892,24.9208,24.8517,24.7817,24.711,24.6395,24.5671,24.4939,24.4197,24.3446,24.2685,24.1914,24.1133,24.034,23.9537,23.8721,23.7893,23.7053,23.6198,23.533,23.4448,23.355,23.2636,23.1706,23.0757,22.9791,22.8805,22.7799,22.6771,22.5721,22.4647,22.3547,22.2421,22.1266,22.0081,21.8864,21.7613,21.6326,21.4999,21.3631,21.2219,21.0758,20.9246,20.7679,20.6052,20.4361,20.2602,20.0768,19.8855,19.6858,19.4772,19.2594,19.0321,18.7954,18.55,18.2967,18.0374,17.7744,17.5108,17.2498,16.9947,16.748,16.5119,16.2877,16.0761,15.8772,15.6907,15.5163,15.3531,15.2005,15.0577,14.924,14.7986,14.6808,14.5701,14.4658,14.3674,14.2744,14.1863,14.1028,14.0236,13.9482,13.8763,13.8078,13.7423,13.6796,13.6196,13.5621,13.5068,13.4537,13.4026,13.3534,13.3059,13.2601,13.2158,13.173
25.3328,25.2679,25.2024,25.1363,25.0695,25.002,24.9338,24.8649,24.7952,24.7247,24.6534,24.5812,24.5082,24.4343,24.3595,24.2837,24.2068,24.129,24.0501,23.97,23.8888,23.8064,23.7227,23.6376,23.5512,23.4634,23.3741,23.2831,23.1906,23.0963,23.0002,22.9022,22.8022,22.7001,22.5957,22.489,22.3798,22.268,22.1534,22.0359,21.9152,21.7912,21.6636,21.5322,21.3968,21.257,21.1125,20.963,20.8081,20.6475,20.4806,20.307,20.1262,19.9378,19.7411,19.5358,19.3214,19.0978,18.8649,18.623,18.3732,18.1169,17.8562,17.5941,17.3335,17.0777,16.8295,16.5912,16.3642,16.1495,15.9473,15.7575,15.5797,15.4133,15.2576,15.1119,14.9755,14.8475,14.7274,14.6145,14.5081,14.4078,14.313,14.2234,14.1384,14.0577,13.9809,13.9079,13.8382,13.7716,13.708,13.6471,13.5886,13.5326,13.4787,13.4268,13.3769,13.3288,13.2823,13.2375,13.1942
25.3446,25.2799,25.2146,25.1487,25.0821,25.0148,24.9467,24.878,24.8085,24.7382,24.6672,24.5953,24.5225,24.4488,24.3742,24.2987,24.2222,24.1446,24.066,23.9863,23.9054,23.8233,23.74,23.6553,23.5693,23.4819,23.393,23.3026,23.2105,23.1167,23.0211,22.9237,22.8243,22.7228,22.6191,22.5132,22.4047,22.2937,22.18,22.0634,21.9437,21.8208,21.6943,21.5641,21.43,21.2916,21.1487,21.0008,20.8478,20.6891,20.5243,20.353,20.1748,19.9891,19.7954,19.5932,19.3822,19.1621,18.9329,18.6947,18.4483,18.1951,17.937,17.6765,17.4166,17.1606,16.9112,16.6708,16.4413,16.2236,16.0182,15.8251,15.644,15.4744,15.3157,15.167,15.0278,14.8973,14.7747,14.6595,14.5511,14.4488,14.3523,14.2609,14.1744,14.0922,14.0141,13.9398,13.869,13.8013,13.7367,13.6748,13.6155,13.5586,13.5039,13.4513,13.4007,13.3519,13.3048,13.2594,13.2155
25.3564,25.2919,25.2268,25.161,25.0946,25.0275,24.9596,24.8911,24.8218,24.7518,24.6809,24.6092,24.5367,24.4633,24.389,24.3137,24.2375,24.1602,24.0819,24.0025,23.9219,23.8402,23.7572,23.6729,23.5873,23.5003,23.4118,23.3218,23.2302,23.137,23.0419,22.945,22.8462,22.7454,22.6424,22.5371,22.4294,22.3192,22.2063,22.0906,21.9719,21.85,21.7246,21.5957,21.4628,21.3258,21.1844,21.0382,20.8868,20.73,20.5673,20.3983,20.2225,20.0394,19.8486,19.6495,19.4418,19.2252,18.9995,18.765,18.5221,18.272,18.0166,17.758,17.4991,17.2431,16.9928,16.7507,16.5188,16.2983,16.0898,15.8935,15.7091,15.5363,15.3745,15.2229,15.0809,14.9477,14.8227,14.7053,14.5947,14.4905,14.392,14.299,14.2108,14.1272,14.0478,13.9722,13.9002,13.8314,13.7657,13.7028,13.6426,13.5848,13.5294,13.476,13.4247,13.3752,13.3275,13.2815,13.237
