CH4 Compressibility [dimensionless] PelePhys
0.346659,0.372521,0.383063,0.390691,0.396885,0.402192,0.406888,0.41113,0.415019,0.418624,0.421995,0.425169,0.428173,0.431031,0.43376,0.436374,0.438886,0.441306,0.443642,0.445901,0.448091,0.450216,0.452282,0.454292,0.456251,0.458161,0.460027,0.461851,0.463634,0.46538,0.467091,0.468768,0.470413,0.472027,0.473613,0.475171,0.476703,0.47821,0.479693,0.481152,0.48259,0.484006,0.485401,0.486777,0.488134,0.489473,0.490794,0.492098,0.493386,0.494657,0.495914,0.497155,0.498382,0.499594,0.500794,0.501979,0.503152,0.504313,0.505461,0.506598,0.507723,0.508837,0.50994,0.511032,0.512114,0.513185,0.514247,0.5153,0.516342,0.517376,0.5184,0.519416,0.520423,0.521422,0.522413,0.523395,0.52437,0.525336,0.526296,0.527248,0.528192,0.529129,0.53006,0.530983,0.5319,0.53281,0.533714,0.534611,0.535502,0.536387,0.537266,0.538138,0.539005,0.539867,0.540722,0.541572,0.542417,0.543256,0.54409,0.544918,0.545742
0.310835,0.366364,0.379183,0.387671,0.394341,0.39996,0.404878,0.409289,0.413312,0.417027,0.420489,0.423741,0.426812,0.429729,0.43251,0.43517,0.437724,0.440181,0.442551,0.444843,0.447061,0.449213,0.451304,0.453337,0.455318,0.457249,0.459133,0.460975,0.462775,0.464537,0.466263,0.467954,0.469613,0.471241,0.472839,0.474409,0.475952,0.47747,0.478963,0.480433,0.48188,0.483305,0.48471,0.486094,0.48746,0.488806,0.490135,0.491447,0.492742,0.49402,0.495283,0.496531,0.497764,0.498983,0.500188,0.50138,0.502559,0.503725,0.504879,0.506021,0.507151,0.50827,0.509377,0.510474,0.511561,0.512637,0.513704,0.51476,0.515807,0.516845,0.517874,0.518893,0.519905,0.520907,0.521901,0.522887,0.523866,0.524836,0.525799,0.526754,0.527702,0.528642,0.529576,0.530502,0.531422,0.532335,0.533242,0.534142,0.535036,0.535924,0.536805,0.537681,0.538551,0.539414,0.540273,0.541125,0.541972,0.542814,0.54365,0.544481,0.545307
0.304876,0.357511,0.374738,0.384385,0.391638,0.397619,0.402789,0.407387,0.411556,0.415389,0.418949,0.422283,0.425426,0.428404,0.43124,0.433949,0.436546,0.439042,0.441448,0.443772,0.44602,0.4482,0.450316,0.452373,0.454376,0.456328,0.458232,0.460092,0.46191,0.463688,0.465429,0.467135,0.468808,0.470449,0.47206,0.473642,0.475197,0.476726,0.478229,0.479709,0.481166,0.482601,0.484015,0.485408,0.486782,0.488137,0.489473,0.490792,0.492095,0.49338,0.49465,0.495905,0.497145,0.49837,0.499581,0.500779,0.501963,0.503135,0.504294,0.505441,0.506577,0.507701,0.508814,0.509915,0.511007,0.512088,0.513158,0.514219,0.515271,0.516313,0.517345,0.518369,0.519384,0.520391,0.521389,0.522378,0.52336,0.524334,0.5253,0.526259,0.52721,0.528154,0.529091,0.530021,0.530944,0.53186,0.532769,0.533672,0.534569,0.53546,0.536344,0.537222,0.538095,0.538961,0.539822,0.540677,0.541527,0.542371,0.54321,0.544043,0.544872
0.301015,0.328885,0.369433,0.380762,0.388745,0.395154,0.400611,0.405418,0.409747,0.413708,0.417373,0.420795,0.424013,0.427056,0.429949,0.432709,0.435351,0.437888,0.440331,0.442689,0.444968,0.447176,0.449319,0.451401,0.453426,0.455399,0.457324,0.459202,0.461038,0.462833,0.46459,0.466311,0.467998,0.469652,0.471276,0.472871,0.474437,0.475977,0.477492,0.478982,0.480449,0.481893,0.483316,0.484718,0.486101,0.487464,0.488808,0.490135,0.491445,0.492738,0.494015,0.495276,0.496522,0.497754,0.498971,0.500175,0.501366,0.502543,0.503708,0.50486,0.506001,0.50713,0.508248,0.509355,0.510451,0.511536,0.512611,0.513677,0.514733,0.515779,0.516816,0.517843,0.518862,0.519873,0.520875,0.521868,0.522854,0.523831,0.524801,0.525763,0.526717,0.527665,0.528605,0.529538,0.530464,0.531383,0.532296,0.533202,0.534101,0.534995,0.535882,0.536763,0.537638,0.538507,0.539371,0.540229,0.541081,0.541927,0.542769,0.543605,0.544435
0.298085,0.311994,0.362613,0.376686,0.385623,0.392546,0.398333,0.403374,0.40788,0.41198,0.415758,0.419274,0.422572,0.425684,0.428637,0.431449,0.434139,0.436719,0.4392,0.441593,0.443904,0.446142,0.448312,0.450419,0.452468,0.454463,0.456407,0.458305,0.460159,0.461971,0.463744,0.465481,0.467182,0.46885,0.470487,0.472094,0.473673,0.475224,0.47675,0.478251,0.479728,0.481182,0.482614,0.484025,0.485416,0.486788,0.48814,0.489475,0.490792,0.492093,0.493377,0.494645,0.495898,0.497136,0.49836,0.499569,0.500766,0.501949,0.503119,0.504277,0.505423,0.506557,0.50768,0.508792,0.509893,0.510983,0.512063,0.513133,0.514193,0.515243,0.516284,0.517316,0.518339,0.519354,0.520359,0.521356,0.522346,0.523327,0.5243,0.525265,0.526223,0.527174,0.528117,0.529053,0.529983,0.530905,0.531821,0.53273,0.533632,0.534529,0.535419,0.536303,0.537181,0.538052,0.538919,0.539779,0.540634,0.541483,0.542327,0.543165,0.543998
0.2957,0.306146,0.352089,0.371969,0.382214,0.389769,0.395942,0.401248,0.405949,0.410201,0.414101,0.417718,0.421101,0.424286,0.427302,0.43017,0.432909,0.435533,0.438055,0.440484,0.442828,0.445096,0.447294,0.449427,0.4515,0.453518,0.455483,0.457401,0.459273,0.461103,0.462893,0.464645,0.466361,0.468043,0.469694,0.471313,0.472904,0.474467,0.476004,0.477515,0.479003,0.480467,0.481908,0.483329,0.484729,0.486109,0.48747,0.488812,0.490137,0.491445,0.492736,0.494011,0.495271,0.496515,0.497745,0.498961,0.500164,0.501353,0.502529,0.503692,0.504844,0.505983,0.507111,0.508228,0.509333,0.510428,0.511513,0.512587,0.513652,0.514706,0.515752,0.516788,0.517815,0.518833,0.519842,0.520843,0.521836,0.522821,0.523798,0.524767,0.525728,0.526682,0.527629,0.528568,0.529501,0.530426,0.531345,0.532257,0.533163,0.534062,0.534955,0.535841,0.536722,0.537597,0.538465,0.539328,0.540186,0.541038,0.541884,0.542725,0.54356
0.293679,0.302266,0.325287,0.366248,0.378434,0.386789,0.39342,0.399029,0.403949,0.408367,0.412399,0.416125,0.419598,0.42286,0.425943,0.42887,0.431661,0.434331,0.436894,0.43936,0.441739,0.444039,0.446266,0.448425,0.450523,0.452564,0.454551,0.456489,0.45838,0.460228,0.462035,0.463803,0.465534,0.467231,0.468895,0.470528,0.472131,0.473706,0.475254,0.476776,0.478274,0.479748,0.481199,0.482629,0.484038,0.485426,0.486796,0.488146,0.489479,0.490794,0.492092,0.493375,0.494641,0.495892,0.497129,0.498351,0.499559,0.500754,0.501936,0.503105,0.504262,0.505407,0.50654,0.507661,0.508772,0.509872,0.510961,0.51204,0.513109,0.514168,0.515217,0.516258,0.517289,0.518311,0.519324,0.520329,0.521326,0.522314,0.523294,0.524267,0.525232,0.526189,0.527139,0.528082,0.529017,0.529946,0.530868,0.531783,0.532692,0.533594,0.534489,0.535379,0.536262,0.53714,0.538011,0.538877,0.539737,0.540591,0.54144,0.542284,0.543122
0.291918,0.299302,0.313034,0.35868,0.374153,0.383563,0.390746,0.396705,0.401871,0.406473,0.41065,0.414492,0.418062,0.421406,0.424559,0.427548,0.430393,0.433111,0.435718,0.438223,0.440638,0.44297,0.445226,0.447414,0.449537,0.451602,0.453611,0.45557,0.45748,0.459346,0.46117,0.462954,0.464701,0.466413,0.468091,0.469737,0.471353,0.47294,0.4745,0.476033,0.477541,0.479025,0.480487,0.481926,0.483344,0.484741,0.486119,0.487477,0.488818,0.490141,0.491446,0.492736,0.494009,0.495267,0.49651,0.497738,0.498953,0.500154,0.501341,0.502516,0.503678,0.504828,0.505967,0.507093,0.508209,0.509313,0.510407,0.511491,0.512564,0.513628,0.514682,0.515726,0.516761,0.517787,0.518805,0.519813,0.520814,0.521806,0.52279,0.523766,0.524734,0.525695,0.526648,0.527594,0.528533,0.529465,0.53039,0.531308,0.53222,0.533125,0.534023,0.534916,0.535802,0.536682,0.537556,0.538425,0.539287,0.540144,0.540996,0.541841,0.542682
0.290356,0.296883,0.307349,0.346257,0.369148,0.380027,0.387894,0.394263,0.399707,0.404514,0.408848,0.412816,0.41649,0.419921,0.423149,0.426203,0.429104,0.431874,0.434525,0.437071,0.439523,0.441888,0.444176,0.446391,0.448541,0.45063,0.452662,0.454642,0.456573,0.458458,0.460299,0.4621,0.463863,0.465589,0.467282,0.468941,0.47057,0.47217,0.473741,0.475286,0.476805,0.478299,0.47977,0.481219,0.482646,0.484052,0.485438,0.486805,0.488154,0.489484,0.490797,0.492094,0.493374,0.494639,0.495889,0.497124,0.498344,0.499551,0.500744,0.501925,0.503093,0.504248,0.505392,0.506523,0.507644,0.508753,0.509852,0.51094,0.512018,0.513086,0.514144,0.515193,0.516232,0.517262,0.518284,0.519296,0.520301,0.521296,0.522284,0.523264,0.524235,0.5252,0.526156,0.527106,0.528048,0.528983,0.529911,0.530832,0.531747,0.532655,0.533556,0.534452,0.535341,0.536223,0.5371,0.537971,0.538837,0.539696,0.54055,0.541399,0.542242
0.288951,0.294829,0.303474,0.324115,0.362988,0.376086,0.384827,0.391684,0.397447,0.402482,0.406989,0.411094,0.41488,0.418405,0.421712,0.424833,0.427795,0.430617,0.433315,0.435904,0.438393,0.440794,0.443113,0.445358,0.447535,0.449649,0.451705,0.453707,0.455658,0.457562,0.459422,0.46124,0.463019,0.46476,0.466467,0.468141,0.469783,0.471394,0.472978,0.474534,0.476064,0.477569,0.47905,0.480509,0.481945,0.48336,0.484755,0.48613,0.487487,0.488825,0.490146,0.49145,0.492737,0.494009,0.495265,0.496506,0.497733,0.498946,0.500145,0.501332,0.502505,0.503666,0.504815,0.505952,0.507077,0.508192,0.509295,0.510388,0.511471,0.512543,0.513605,0.514658,0.515702,0.516736,0.517762,0.518778,0.519786,0.520786,0.521777,0.52276,0.523735,0.524703,0.525663,0.526616,0.527561,0.528499,0.529431,0.530355,0.531273,0.532184,0.533088,0.533986,0.534878,0.535764,0.536644,0.537517,0.538385,0.539247,0.540104,0.540955,0.5418
0.287673,0.29304,0.300489,0.313973,0.354637,0.371594,0.381495,0.388945,0.395078,0.40037,0.405069,0.409323,0.413229,0.416853,0.420245,0.423438,0.426463,0.42934,0.432088,0.43472,0.43725,0.439687,0.442039,0.444314,0.446519,0.448659,0.450739,0.452763,0.454735,0.456659,0.458537,0.460373,0.462168,0.463925,0.465647,0.467335,0.46899,0.470615,0.47221,0.473778,0.475319,0.476835,0.478326,0.479795,0.48124,0.482665,0.484068,0.485452,0.486817,0.488163,0.489492,0.490803,0.492097,0.493376,0.494639,0.495887,0.49712,0.498339,0.499544,0.500736,0.501915,0.503082,0.504236,0.505378,0.506509,0.507628,0.508736,0.509834,0.510921,0.511998,0.513065,0.514122,0.51517,0.516208,0.517238,0.518258,0.51927,0.520273,0.521268,0.522255,0.523234,0.524205,0.525169,0.526125,0.527073,0.528015,0.528949,0.529877,0.530798,0.531712,0.532619,0.53352,0.534415,0.535303,0.536186,0.537062,0.537933,0.538798,0.539657,0.54051,0.541358
0.2865,0.291452,0.298043,0.308486,0.340851,0.366296,0.37783,0.386017,0.392585,0.398169,0.403081,0.407498,0.411535,0.415266,0.418747,0.422017,0.425108,0.428043,0.430842,0.433521,0.436091,0.438566,0.440952,0.443259,0.445493,0.447659,0.449764,0.451811,0.453805,0.455749,0.457646,0.459499,0.461311,0.463085,0.464821,0.466523,0.468192,0.46983,0.471438,0.473018,0.47457,0.476097,0.477599,0.479077,0.480532,0.481966,0.483379,0.484771,0.486144,0.487498,0.488834,0.490153,0.491455,0.49274,0.49401,0.495265,0.496504,0.49773,0.498941,0.500139,0.501324,0.502496,0.503655,0.504803,0.505938,0.507063,0.508176,0.509278,0.51037,0.511452,0.512523,0.513585,0.514637,0.515679,0.516713,0.517737,0.518753,0.51976,0.520759,0.521749,0.522732,0.523706,0.524673,0.525633,0.526585,0.527529,0.528467,0.529398,0.530321,0.531238,0.532149,0.533053,0.53395,0.534842,0.535727,0.536606,0.537479,0.538347,0.539209,0.540065,0.540915
0.285416,0.290024,0.295963,0.30464,0.323592,0.359695,0.373728,0.382862,0.389949,0.395868,0.401018,0.405616,0.409793,0.413639,0.417216,0.420567,0.423728,0.426724,0.429577,0.432303,0.434917,0.437431,0.439852,0.442192,0.444455,0.446649,0.448779,0.45085,0.452866,0.454831,0.456747,0.458619,0.460448,0.462238,0.46399,0.465707,0.46739,0.469041,0.470661,0.472253,0.473817,0.475355,0.476867,0.478356,0.479821,0.481264,0.482685,0.484087,0.485468,0.48683,0.488174,0.489501,0.49081,0.492102,0.493379,0.49464,0.495886,0.497118,0.498335,0.499539,0.50073,0.501907,0.503072,0.504225,0.505366,0.506496,0.507614,0.508721,0.509818,0.510904,0.511979,0.513045,0.514102,0.515148,0.516186,0.517214,0.518234,0.519245,0.520248,0.521242,0.522228,0.523206,0.524177,0.525139,0.526095,0.527043,0.527984,0.528917,0.529844,0.530764,0.531678,0.532585,0.533485,0.534379,0.535267,0.536149,0.537025,0.537895,0.53876,0.539618,0.540471
0.284409,0.288724,0.294148,0.301646,0.314827,0.350644,0.369026,0.379425,0.387145,0.393454,0.398873,0.403669,0.408001,0.411971,0.41565,0.419087,0.422322,0.425383,0.428292,0.431068,0.433727,0.436281,0.43874,0.441112,0.443406,0.445629,0.447785,0.44988,0.451919,0.453905,0.455841,0.457732,0.459579,0.461385,0.463153,0.464884,0.466582,0.468246,0.46988,0.471484,0.473059,0.474608,0.476132,0.47763,0.479106,0.480558,0.481989,0.483399,0.484789,0.486159,0.487511,0.488845,0.490162,0.491462,0.492745,0.494013,0.495266,0.496504,0.497728,0.498938,0.500134,0.501317,0.502488,0.503646,0.504792,0.505927,0.50705,0.508162,0.509263,0.510354,0.511434,0.512505,0.513565,0.514616,0.515658,0.51669,0.517714,0.518729,0.519735,0.520733,0.521723,0.522705,0.523679,0.524645,0.525604,0.526555,0.527499,0.528436,0.529366,0.530289,0.531206,0.532115,0.533019,0.533916,0.534807,0.535691,0.53657,0.537443,0.53831,0.539171,0.540027
0.283468,0.287532,0.292537,0.299181,0.309559,0.336845,0.363442,0.375633,0.384142,0.390911,0.396635,0.401653,0.406154,0.410258,0.414047,0.417576,0.420889,0.424017,0.426986,0.429815,0.43252,0.435116,0.437613,0.44002,0.442346,0.444598,0.446781,0.448902,0.450963,0.452971,0.454928,0.456837,0.458703,0.460526,0.46231,0.464057,0.465768,0.467447,0.469093,0.47071,0.472298,0.473858,0.475392,0.476901,0.478387,0.479849,0.481289,0.482708,0.484107,0.485486,0.486846,0.488187,0.489511,0.490819,0.492109,0.493384,0.494643,0.495888,0.497118,0.498334,0.499536,0.500725,0.501901,0.503065,0.504216,0.505356,0.506484,0.507601,0.508707,0.509803,0.510888,0.511962,0.513027,0.514083,0.515128,0.516165,0.517193,0.518211,0.519221,0.520223,0.521217,0.522202,0.523179,0.524149,0.525111,0.526066,0.527013,0.527953,0.528887,0.529813,0.530732,0.531645,0.532552,0.533451,0.534345,0.535233,0.536114,0.53699,0.537859,0.538723,0.539581
0.282585,0.28643,0.291087,0.297079,0.30576,0.323364,0.356439,0.371373,0.3809,0.388218,0.394294,0.39956,0.404247,0.408497,0.412404,0.416032,0.419427,0.422627,0.425658,0.428542,0.431296,0.433936,0.436472,0.438915,0.441274,0.443556,0.445767,0.447913,0.449999,0.452029,0.454007,0.455936,0.45782,0.45966,0.461461,0.463223,0.46495,0.466642,0.468302,0.469931,0.471531,0.473103,0.474649,0.476168,0.477664,0.479136,0.480586,0.482014,0.483421,0.484809,0.486177,0.487526,0.488858,0.490173,0.491471,0.492752,0.494018,0.495269,0.496505,0.497727,0.498936,0.500131,0.501312,0.502482,0.503638,0.504783,0.505917,0.507039,0.508149,0.50925,0.510339,0.511418,0.512488,0.513547,0.514597,0.515638,0.51667,0.517692,0.518706,0.519712,0.520709,0.521698,0.522679,0.523652,0.524618,0.525576,0.526526,0.52747,0.528406,0.529335,0.530258,0.531174,0.532083,0.532986,0.533883,0.534773,0.535657,0.536535,0.537407,0.538274,0.539135
0.281753,0.285406,0.289768,0.295243,0.30277,0.315613,0.34694,0.366469,0.377361,0.38535,0.391836,0.397381,0.402275,0.406684,0.410719,0.414451,0.417935,0.421211,0.424307,0.427248,0.430054,0.432739,0.435316,0.437797,0.44019,0.442503,0.444743,0.446915,0.449026,0.451079,0.453078,0.455027,0.45693,0.458788,0.460606,0.462384,0.464125,0.465832,0.467506,0.469148,0.47076,0.472344,0.473901,0.475432,0.476937,0.47842,0.479879,0.481316,0.482732,0.484128,0.485505,0.486863,0.488202,0.489524,0.490829,0.492118,0.493391,0.494648,0.495891,0.497119,0.498333,0.499534,0.500722,0.501896,0.503059,0.504209,0.505347,0.506474,0.50759,0.508695,0.509789,0.510873,0.511947,0.513011,0.514065,0.51511,0.516145,0.517172,0.51819,0.519199,0.5202,0.521193,0.522177,0.523154,0.524123,0.525084,0.526038,0.526985,0.527925,0.528857,0.529783,0.530702,0.531614,0.53252,0.533419,0.534312,0.535199,0.53608,0.536955,0.537824,0.538687
0.280967,0.28445,0.288558,0.293611,0.300294,0.310571,0.334223,0.360624,0.373445,0.382274,0.389243,0.395108,0.400231,0.404815,0.408988,0.412833,0.416411,0.419767,0.422932,0.425934,0.428793,0.431525,0.434145,0.436665,0.439093,0.441438,0.443707,0.445907,0.448043,0.45012,0.452141,0.454111,0.456033,0.45791,0.459744,0.461539,0.463296,0.465017,0.466704,0.46836,0.469985,0.471581,0.473149,0.474691,0.476207,0.477699,0.479168,0.480615,0.48204,0.483445,0.48483,0.486196,0.487543,0.488873,0.490185,0.491481,0.492761,0.494025,0.495274,0.496509,0.497729,0.498936,0.500129,0.501309,0.502477,0.503632,0.504776,0.505908,0.507029,0.508138,0.509237,0.510326,0.511404,0.512472,0.513531,0.51458,0.51562,0.51665,0.517672,0.518685,0.51969,0.520686,0.521675,0.522655,0.523627,0.524592,0.525549,0.526499,0.527442,0.528378,0.529306,0.530228,0.531144,0.532052,0.532955,0.533851,0.53474,0.535624,0.536502,0.537373,0.538239
0.280223,0.283553,0.287439,0.292141,0.298175,0.306836,0.323302,0.353314,0.369035,0.378948,0.386495,0.392727,0.398108,0.402884,0.407207,0.411174,0.414853,0.418293,0.421532,0.424597,0.427512,0.430294,0.432958,0.435518,0.437982,0.440361,0.442661,0.444889,0.447051,0.449152,0.451196,0.453187,0.455129,0.457024,0.458876,0.460687,0.46246,0.464196,0.465898,0.467567,0.469205,0.470813,0.472393,0.473946,0.475473,0.476975,0.478454,0.479911,0.481345,0.482759,0.484152,0.485526,0.486881,0.488219,0.489538,0.490841,0.492128,0.493399,0.494655,0.495896,0.497122,0.498335,0.499534,0.50072,0.501893,0.503054,0.504203,0.50534,0.506466,0.50758,0.508684,0.509777,0.51086,0.511933,0.512995,0.514049,0.515093,0.516127,0.517153,0.51817,0.519178,0.520179,0.52117,0.522154,0.52313,0.524098,0.525059,0.526012,0.526958,0.527897,0.528829,0.529754,0.530672,0.531584,0.532489,0.533388,0.53428,0.535167,0.536047,0.536922,0.53779
0.279515,0.282708,0.286399,0.290804,0.296321,0.303861,0.316341,0.343755,0.363949,0.37531,0.383565,0.390225,0.395897,0.400887,0.405374,0.409472,0.413259,0.416789,0.420105,0.423237,0.42621,0.429044,0.431755,0.434356,0.436859,0.439272,0.441603,0.443861,0.44605,0.448175,0.450242,0.452255,0.454217,0.456132,0.458002,0.45983,0.461619,0.46337,0.465086,0.466769,0.46842,0.47004,0.471632,0.473197,0.474735,0.476248,0.477737,0.479203,0.480646,0.482069,0.483471,0.484853,0.486217,0.487562,0.488889,0.490199,0.491493,0.492771,0.494033,0.49528,0.496513,0.497732,0.498937,0.500129,0.501308,0.502474,0.503628,0.50477,0.505901,0.50702,0.508129,0.509227,0.510314,0.511391,0.512458,0.513516,0.514564,0.515603,0.516633,0.517653,0.518666,0.519669,0.520665,0.521652,0.522632,0.523603,0.524568,0.525524,0.526473,0.527415,0.52835,0.529278,0.5302,0.531114,0.532023,0.532924,0.53382,0.534709,0.535592,0.536469,0.53734
0.278842,0.28191,0.285428,0.289576,0.294672,0.301381,0.311527,0.332519,0.357893,0.37128,0.380419,0.387585,0.393588,0.398816,0.403483,0.407723,0.411626,0.415252,0.41865,0.421852,0.424887,0.427775,0.430535,0.433179,0.435721,0.43817,0.440534,0.442821,0.445038,0.447189,0.44928,0.451315,0.453298,0.455232,0.457121,0.458966,0.460771,0.462538,0.464269,0.465966,0.46763,0.469263,0.470867,0.472443,0.473992,0.475516,0.477015,0.478491,0.479944,0.481376,0.482787,0.484178,0.485549,0.486902,0.488237,0.489555,0.490855,0.49214,0.493409,0.494663,0.495902,0.497127,0.498338,0.499535,0.50072,0.501892,0.503051,0.504199,0.505334,0.506459,0.507572,0.508675,0.509767,0.510848,0.51192,0.512982,0.514034,0.515077,0.516111,0.517135,0.518152,0.519159,0.520158,0.521149,0.522132,0.523107,0.524075,0.525035,0.525987,0.526933,0.527871,0.528802,0.529726,0.530644,0.531555,0.53246,0.533358,0.53425,0.535136,0.536016,0.53689
0.278199,0.281154,0.284518,0.288442,0.293185,0.299252,0.307869,0.323344,0.350422,0.366735,0.377013,0.384784,0.39117,0.396664,0.40153,0.405925,0.409951,0.413681,0.417165,0.420442,0.423541,0.426487,0.429297,0.431986,0.434569,0.437054,0.439453,0.441771,0.444016,0.446194,0.448309,0.450367,0.452371,0.454326,0.456233,0.458096,0.459918,0.461701,0.463446,0.465157,0.466835,0.468481,0.470098,0.471686,0.473246,0.474781,0.47629,0.477776,0.479239,0.48068,0.482099,0.483499,0.484878,0.486239,0.487582,0.488907,0.490215,0.491507,0.492783,0.494043,0.495289,0.49652,0.497737,0.49894,0.50013,0.501308,0.502472,0.503625,0.504766,0.505895,0.507014,0.508121,0.509217,0.510304,0.51138,0.512446,0.513502,0.514549,0.515587,0.516616,0.517636,0.518647,0.51965,0.520645,0.521632,0.52261,0.523581,0.524544,0.5255,0.526449,0.52739,0.528324,0.529252,0.530173,0.531087,0.531994,0.532895,0.53379,0.534679,0.535561,0.536438
0.277585,0.280435,0.28366,0.287387,0.291831,0.297384,0.304918,0.317022,0.341184,0.361498,0.373284,0.381795,0.388626,0.394422,0.399508,0.404072,0.408233,0.412073,0.415649,0.419005,0.422172,0.425177,0.42804,0.430777,0.433401,0.435925,0.438359,0.440709,0.442983,0.445188,0.447329,0.44941,0.451437,0.453411,0.455338,0.457219,0.459058,0.460857,0.462618,0.464344,0.466035,0.467695,0.469324,0.470924,0.472496,0.474041,0.475561,0.477057,0.47853,0.47998,0.481409,0.482817,0.484205,0.485574,0.486924,0.488257,0.489572,0.490871,0.492154,0.493421,0.494673,0.49591,0.497133,0.498343,0.499539,0.500722,0.501892,0.50305,0.504196,0.50533,0.506453,0.507565,0.508667,0.509758,0.510838,0.511909,0.512969,0.514021,0.515062,0.516095,0.517119,0.518134,0.519141,0.520139,0.52113,0.522112,0.523086,0.524053,0.525012,0.525964,0.526908,0.527846,0.528776,0.5297,0.530617,0.531528,0.532432,0.533329,0.534221,0.535106,0.535985
0.276997,0.279751,0.28285,0.286402,0.290587,0.295719,0.302442,0.312431,0.331384,0.355306,0.369151,0.378583,0.38594,0.39208,0.397411,0.40216,0.406467,0.410425,0.4141,0.417539,0.420779,0.423846,0.426764,0.42955,0.432219,0.434782,0.437252,0.439635,0.44194,0.444173,0.44634,0.448445,0.450494,0.452489,0.454436,0.456336,0.458192,0.460008,0.461784,0.463525,0.465231,0.466903,0.468545,0.470157,0.471741,0.473298,0.474829,0.476335,0.477817,0.479277,0.480715,0.482131,0.483528,0.484905,0.486264,0.487604,0.488927,0.490233,0.491522,0.492796,0.494055,0.495298,0.496528,0.497743,0.498945,0.500133,0.501309,0.502473,0.503624,0.504763,0.505891,0.507008,0.508114,0.50921,0.510295,0.51137,0.512435,0.51349,0.514536,0.515573,0.516601,0.51762,0.51863,0.519633,0.520626,0.521612,0.52259,0.52356,0.524523,0.525478,0.526426,0.527366,0.5283,0.529227,0.530147,0.53106,0.531967,0.532867,0.533762,0.53465,0.535532
0.276432,0.279099,0.282082,0.285478,0.289438,0.294217,0.300307,0.308859,0.323457,0.347849,0.364494,0.375103,0.383089,0.389625,0.395231,0.400184,0.40465,0.408736,0.412516,0.416044,0.419359,0.422492,0.425468,0.428305,0.43102,0.433625,0.436131,0.438549,0.440885,0.443147,0.44534,0.447471,0.449543,0.45156,0.453526,0.455445,0.45732,0.459152,0.460945,0.4627,0.46442,0.466107,0.467762,0.469386,0.470982,0.47255,0.474092,0.475608,0.477101,0.47857,0.480017,0.481443,0.482848,0.484234,0.4856,0.486948,0.488279,0.489592,0.490889,0.492169,0.493434,0.494684,0.49592,0.497141,0.498349,0.499543,0.500725,0.501893,0.50305,0.504195,0.505328,0.50645,0.50756,0.50866,0.50975,0.510829,0.511899,0.512958,0.514009,0.51505,0.516081,0.517104,0.518119,0.519124,0.520122,0.521111,0.522093,0.523066,0.524032,0.52499,0.525942,0.526885,0.527822,0.528752,0.529675,0.530592,0.531501,0.532405,0.533302,0.534193,0.535077
0.275891,0.278475,0.281353,0.284608,0.28837,0.292848,0.298429,0.305942,0.317665,0.339185,0.35915,0.371294,0.380045,0.387042,0.392959,0.398139,0.402778,0.407002,0.410894,0.414516,0.417912,0.421114,0.42415,0.427041,0.429804,0.432452,0.434997,0.43745,0.439819,0.442111,0.444332,0.446487,0.448583,0.450622,0.452609,0.454548,0.456441,0.45829,0.460099,0.46187,0.463605,0.465306,0.466974,0.468611,0.470219,0.471798,0.473351,0.474878,0.476381,0.47786,0.479317,0.480751,0.482165,0.483559,0.484934,0.48629,0.487628,0.488948,0.490252,0.49154,0.492811,0.494068,0.49531,0.496537,0.497751,0.498951,0.500138,0.501312,0.502474,0.503624,0.504762,0.505889,0.507005,0.508109,0.509204,0.510287,0.511361,0.512425,0.51348,0.514525,0.51556,0.516587,0.517605,0.518615,0.519616,0.520609,0.521594,0.522571,0.52354,0.524502,0.525456,0.526404,0.527344,0.528276,0.529203,0.530122,0.531035,0.531941,0.532841,0.533735,0.534622
0.27537,0.277878,0.280659,0.283787,0.287371,0.29159,0.296752,0.303476,0.313288,0.330612,0.352911,0.367074,0.376773,0.384313,0.390585,0.396017,0.400846,0.405219,0.409233,0.412955,0.416436,0.419711,0.422811,0.425758,0.42857,0.431263,0.433849,0.436339,0.438741,0.441063,0.443312,0.445494,0.447614,0.449677,0.451685,0.453643,0.455555,0.457422,0.459248,0.461035,0.462784,0.464499,0.466181,0.467831,0.469451,0.471042,0.472606,0.474144,0.475657,0.477146,0.478612,0.480056,0.481479,0.482882,0.484265,0.485628,0.486974,0.488302,0.489613,0.490908,0.492186,0.493449,0.494698,0.495931,0.497151,0.498357,0.49955,0.500729,0.501897,0.503052,0.504195,0.505327,0.506447,0.507557,0.508656,0.509744,0.510822,0.51189,0.512949,0.513998,0.515038,0.516069,0.517091,0.518104,0.519109,0.520106,0.521094,0.522075,0.523048,0.524013,0.52497,0.525921,0.526864,0.5278,0.528729,0.529651,0.530567,0.531476,0.532379,0.533276,0.534166
0.274868,0.277305,0.279997,0.283008,0.286435,0.290427,0.295237,0.301341,0.309809,0.32362,0.345636,0.362334,0.373228,0.381415,0.388095,0.39381,0.398849,0.403385,0.407529,0.411359,0.414929,0.418282,0.421449,0.424455,0.427319,0.430058,0.432686,0.435214,0.43765,0.440004,0.442283,0.444492,0.446637,0.448722,0.450753,0.452731,0.454662,0.456547,0.45839,0.460193,0.461958,0.463687,0.465383,0.467046,0.468678,0.470282,0.471857,0.473406,0.47493,0.476429,0.477905,0.479358,0.48079,0.482201,0.483592,0.484964,0.486318,0.487653,0.488972,0.490273,0.491559,0.492828,0.494083,0.495323,0.496549,0.49776,0.498959,0.500144,0.501317,0.502478,0.503626,0.504763,0.505888,0.507002,0.508106,0.509199,0.510282,0.511354,0.512417,0.51347,0.514514,0.515549,0.516575,0.517592,0.518601,0.519601,0.520593,0.521577,0.522553,0.523522,0.524483,0.525437,0.526383,0.527322,0.528254,0.52918,0.530099,0.531011,0.531916,0.532816,0.533709
0.274384,0.276755,0.279364,0.282269,0.285553,0.289346,0.293855,0.299456,0.306933,0.318276,0.337656,0.356938,0.369351,0.378322,0.385475,0.39151,0.396781,0.401494,0.405779,0.409724,0.413391,0.416826,0.420063,0.42313,0.426049,0.428837,0.431508,0.434075,0.436547,0.438934,0.441243,0.44348,0.44565,0.44776,0.449812,0.451812,0.453762,0.455666,0.457526,0.459346,0.461126,0.46287,0.46458,0.466256,0.467902,0.469517,0.471104,0.472664,0.474199,0.475708,0.477194,0.478656,0.480097,0.481517,0.482917,0.484297,0.485658,0.487002,0.488327,0.489636,0.490928,0.492205,0.493466,0.494712,0.495944,0.497162,0.498366,0.499557,0.500736,0.501901,0.503055,0.504197,0.505327,0.506446,0.507555,0.508652,0.509739,0.510816,0.511884,0.512941,0.513989,0.515028,0.516058,0.517079,0.518091,0.519095,0.520091,0.521079,0.522058,0.52303,0.523995,0.524951,0.525901,0.526843,0.527779,0.528707,0.529629,0.530544,0.531453,0.532355,0.533251
0.273918,0.276227,0.278758,0.281565,0.28472,0.288335,0.292584,0.29777,0.304484,0.314103,0.330086,0.350749,0.365067,0.374997,0.382707,0.389106,0.394636,0.399543,0.403981,0.408049,0.411819,0.41534,0.418651,0.421783,0.424759,0.427597,0.430314,0.432922,0.435431,0.437852,0.440192,0.442457,0.444654,0.446788,0.448864,0.450885,0.452855,0.454778,0.456656,0.458492,0.460289,0.462048,0.463772,0.465462,0.46712,0.468748,0.470347,0.471918,0.473463,0.474983,0.476479,0.477951,0.479402,0.48083,0.482239,0.483627,0.484996,0.486347,0.48768,0.488996,0.490296,0.491579,0.492847,0.4941,0.495338,0.496561,0.497772,0.498968,0.500152,0.501323,0.502482,0.503629,0.504765,0.505889,0.507002,0.508104,0.509196,0.510277,0.511349,0.51241,0.513463,0.514505,0.515539,0.516564,0.51758,0.518588,0.519587,0.520579,0.521562,0.522537,0.523505,0.524465,0.525418,0.526364,0.527302,0.528234,0.529158,0.530076,0.530988,0.531893,0.532792
0.273467,0.275717,0.278177,0.280893,0.283931,0.287387,0.291408,0.296244,0.302352,0.310721,0.32382,0.343781,0.36028,0.371398,0.379768,0.386584,0.392404,0.397526,0.40213,0.406331,0.41021,0.413823,0.417213,0.420413,0.423448,0.42634,0.429103,0.431753,0.434302,0.436757,0.439129,0.441424,0.443648,0.445808,0.447907,0.44995,0.451941,0.453883,0.455779,0.457633,0.459445,0.46122,0.462958,0.464662,0.466334,0.467974,0.469585,0.471168,0.472724,0.474255,0.475761,0.477243,0.478702,0.48014,0.481557,0.482954,0.484331,0.48569,0.487031,0.488354,0.489661,0.490951,0.492225,0.493484,0.494729,0.495959,0.497175,0.498377,0.499567,0.500743,0.501908,0.50306,0.5042,0.505329,0.506447,0.507554,0.50865,0.509736,0.510812,0.511878,0.512934,0.513981,0.515019,0.516048,0.517068,0.51808,0.519083,0.520077,0.521064,0.522043,0.523014,0.523978,0.524934,0.525883,0.526824,0.527759,0.528687,0.529608,0.530522,0.53143,0.532332
0.273031,0.275227,0.277619,0.280251,0.283181,0.286494,0.290315,0.29485,0.300465,0.307892,0.31886,0.336489,0.354889,0.367469,0.376631,0.383931,0.390078,0.395437,0.400222,0.404568,0.408563,0.412274,0.415747,0.419019,0.422117,0.425063,0.427876,0.43057,0.433158,0.43565,0.438055,0.44038,0.442633,0.444818,0.446941,0.449007,0.451019,0.452981,0.454896,0.456767,0.458596,0.460386,0.462139,0.463858,0.465543,0.467196,0.468819,0.470414,0.471981,0.473522,0.475039,0.476531,0.478,0.479447,0.480873,0.482278,0.483664,0.48503,0.486379,0.487709,0.489023,0.49032,0.491601,0.492867,0.494118,0.495354,0.496576,0.497784,0.498979,0.500162,0.501331,0.502489,0.503634,0.504768,0.505891,0.507002,0.508103,0.509194,0.510274,0.511344,0.512405,0.513456,0.514498,0.515531,0.516555,0.51757,0.518577,0.519575,0.520565,0.521548,0.522522,0.523489,0.524449,0.525401,0.526345,0.527283,0.528214,0.529138,0.530056,0.530966,0.531871
0.27261,0.274753,0.277083,0.279637,0.282468,0.28565,0.289293,0.293569,0.298772,0.305464,0.314879,0.329732,0.348837,0.363145,0.373262,0.381127,0.387646,0.39327,0.398253,0.402754,0.406876,0.410691,0.414252,0.417599,0.420762,0.423766,0.426631,0.429371,0.432,0.434529,0.436968,0.439325,0.441607,0.443819,0.445967,0.448056,0.450089,0.452072,0.454006,0.455894,0.457741,0.459547,0.461315,0.463048,0.464747,0.466413,0.468049,0.469655,0.471234,0.472786,0.474313,0.475815,0.477294,0.47875,0.480185,0.481599,0.482993,0.484367,0.485724,0.487062,0.488383,0.489687,0.490975,0.492247,0.493504,0.494747,0.495975,0.497189,0.49839,0.499578,0.500753,0.501915,0.503066,0.504205,0.505333,0.506449,0.507555,0.50865,0.509734,0.510809,0.511874,0.512929,0.513975,0.515012,0.51604,0.517059,0.518069,0.519071,0.520065,0.521051,0.522029,0.523,0.523962,0.524918,0.525866,0.526806,0.52774,0.528667,0.529588,0.530502,0.531409
0.272201,0.274296,0.276567,0.279048,0.281787,0.284851,0.288333,0.292382,0.297238,0.303341,0.311596,0.324049,0.342252,0.358349,0.369622,0.378152,0.385095,0.391015,0.396218,0.400887,0.405145,0.409071,0.412726,0.416152,0.419385,0.422449,0.425367,0.428155,0.430827,0.433395,0.43587,0.438259,0.44057,0.44281,0.444984,0.447096,0.449152,0.451155,0.453108,0.455015,0.456879,0.458702,0.460486,0.462233,0.463946,0.465625,0.467274,0.468893,0.470483,0.472046,0.473583,0.475096,0.476584,0.47805,0.479494,0.480916,0.482319,0.483702,0.485066,0.486412,0.48774,0.489051,0.490346,0.491625,0.492889,0.494138,0.495372,0.496592,0.497799,0.498992,0.500173,0.501341,0.502496,0.50364,0.504773,0.505894,0.507005,0.508104,0.509193,0.510272,0.511342,0.512401,0.513451,0.514492,0.515524,0.516547,0.517561,0.518567,0.519564,0.520554,0.521535,0.522509,0.523475,0.524433,0.525385,0.526329,0.527266,0.528196,0.529119,0.530036,0.530946
0.271806,0.273854,0.276069,0.278482,0.281137,0.284091,0.287429,0.291277,0.295835,0.301454,0.308819,0.319421,0.335599,0.353023,0.36566,0.374979,0.382412,0.388664,0.394109,0.398964,0.403367,0.407412,0.411166,0.414677,0.417983,0.42111,0.424084,0.426922,0.429638,0.432247,0.434758,0.437181,0.439523,0.441791,0.443991,0.446128,0.448206,0.450231,0.452204,0.45413,0.456011,0.457851,0.45965,0.461413,0.46314,0.464833,0.466494,0.468125,0.469727,0.471302,0.47285,0.474373,0.475871,0.477346,0.478799,0.480231,0.481642,0.483033,0.484405,0.485759,0.487095,0.488413,0.489715,0.491001,0.492271,0.493526,0.494766,0.495993,0.497205,0.498404,0.49959,0.500764,0.501925,0.503074,0.504211,0.505338,0.506453,0.507557,0.508651,0.509734,0.510808,0.511871,0.512926,0.51397,0.515006,0.516033,0.517051,0.51806,0.519062,0.520055,0.52104,0.522017,0.522986,0.523948,0.524903,0.52585,0.52679,0.527723,0.52865,0.529569,0.530482
0.271422,0.273426,0.275589,0.277938,0.280514,0.283369,0.286576,0.290244,0.294543,0.299758,0.306418,0.315621,0.329504,0.347176,0.361323,0.371577,0.379578,0.386207,0.391921,0.396978,0.401539,0.405713,0.409573,0.413173,0.416555,0.419749,0.422781,0.425671,0.428434,0.431084,0.433633,0.436091,0.438464,0.440762,0.442989,0.445151,0.447253,0.449299,0.451292,0.453238,0.455137,0.456993,0.458809,0.460587,0.462328,0.464035,0.46571,0.467354,0.468968,0.470553,0.472112,0.473646,0.475154,0.476639,0.478102,0.479542,0.480962,0.482362,0.483742,0.485103,0.486446,0.487772,0.489081,0.490374,0.491651,0.492912,0.494159,0.495391,0.49661,0.497814,0.499006,0.500185,0.501351,0.502506,0.503648,0.504779,0.505899,0.507008,0.508107,0.509194,0.510272,0.51134,0.512399,0.513448,0.514487,0.515518,0.51654,0.517553,0.518558,0.519554,0.520543,0.521524,0.522496,0.523462,0.524419,0.52537,0.526313,0.527249,0.528179,0.529101,0.530017
0.27105,0.273012,0.275125,0.277415,0.279917,0.282679,0.285766,0.289274,0.293346,0.298218,0.304307,0.312438,0.3243,0.341004,0.356559,0.36791,0.376573,0.383632,0.389645,0.394924,0.399658,0.403969,0.407942,0.411637,0.4151,0.418364,0.421457,0.424401,0.427213,0.429907,0.432495,0.434988,0.437395,0.439722,0.441977,0.444164,0.44629,0.448359,0.450374,0.452338,0.454256,0.45613,0.457962,0.459756,0.461512,0.463233,0.464921,0.466577,0.468204,0.469801,0.471371,0.472915,0.474434,0.475929,0.477401,0.478851,0.480279,0.481687,0.483075,0.484445,0.485796,0.487129,0.488445,0.489745,0.491028,0.492296,0.493549,0.494788,0.496012,0.497223,0.49842,0.499604,0.500776,0.501936,0.503083,0.504219,0.505344,0.506458,0.507561,0.508653,0.509735,0.510808,0.51187,0.512923,0.513967,0.515002,0.516027,0.517044,0.518053,0.519053,0.520045,0.521029,0.522005,0.522974,0.523935,0.524889,0.525835,0.526775,0.527707,0.528633,0.529552
0.270689,0.272611,0.274677,0.27691,0.279344,0.28202,0.284998,0.28836,0.292231,0.296807,0.302425,0.309716,0.319963,0.334921,0.351347,0.363936,0.373373,0.380923,0.387273,0.392798,0.397719,0.402179,0.406273,0.410069,0.413617,0.416955,0.420112,0.423112,0.425974,0.428713,0.431342,0.433873,0.436313,0.438671,0.440955,0.443169,0.445319,0.447411,0.449447,0.451432,0.453369,0.45526,0.457109,0.458919,0.46069,0.462425,0.464127,0.465796,0.467435,0.469044,0.470626,0.472181,0.47371,0.475215,0.476697,0.478156,0.479593,0.48101,0.482406,0.483783,0.485142,0.486483,0.487806,0.489113,0.490403,0.491678,0.492937,0.494182,0.495412,0.496629,0.497832,0.499022,0.500199,0.501364,0.502517,0.503658,0.504787,0.505906,0.507013,0.50811,0.509197,0.510274,0.51134,0.512398,0.513445,0.514484,0.515514,0.516534,0.517547,0.518551,0.519546,0.520534,0.521513,0.522485,0.52345,0.524407,0.525356,0.526299,0.527234,0.528163,0.529085
0.270337,0.272222,0.274243,0.276423,0.278792,0.281389,0.284266,0.287497,0.291188,0.295507,0.300728,0.307346,0.316333,0.329372,0.345752,0.359614,0.369949,0.378065,0.384794,0.390591,0.395717,0.400338,0.404562,0.408465,0.412104,0.415519,0.418744,0.421803,0.424718,0.427504,0.430175,0.432744,0.435219,0.437609,0.439922,0.442164,0.44434,0.446454,0.448513,0.450518,0.452474,0.454384,0.456251,0.458076,0.459863,0.461613,0.463328,0.465011,0.466662,0.468284,0.469877,0.471443,0.472982,0.474498,0.475989,0.477457,0.478904,0.480329,0.481734,0.483119,0.484486,0.485834,0.487165,0.488479,0.489776,0.491057,0.492323,0.493574,0.494811,0.496033,0.497242,0.498437,0.49962,0.50079,0.501948,0.503094,0.504229,0.505352,0.506464,0.507566,0.508657,0.509738,0.510809,0.51187,0.512922,0.513965,0.514998,0.516023,0.517039,0.518047,0.519046,0.520037,0.52102,0.521996,0.522963,0.523924,0.524876,0.525822,0.526761,0.527692,0.528617
0.269996,0.271844,0.273823,0.275953,0.278262,0.280784,0.283568,0.286678,0.290209,0.294301,0.299183,0.30525,0.313248,0.324569,0.33999,0.354918,0.36627,0.375037,0.382197,0.388297,0.393648,0.398443,0.402806,0.406824,0.410559,0.414057,0.417352,0.420474,0.423443,0.426278,0.428993,0.431601,0.434113,0.436536,0.438879,0.441149,0.443351,0.44549,0.44757,0.449597,0.451573,0.453501,0.455385,0.457227,0.45903,0.460795,0.462524,0.464221,0.465885,0.467518,0.469123,0.4707,0.472251,0.473776,0.475277,0.476755,0.478211,0.479645,0.481059,0.482452,0.483827,0.485183,0.486521,0.487842,0.489146,0.490434,0.491707,0.492964,0.494207,0.495435,0.49665,0.497851,0.499039,0.500215,0.501378,0.502529,0.503668,0.504797,0.505914,0.50702,0.508116,0.509201,0.510276,0.511342,0.512398,0.513445,0.514482,0.515511,0.51653,0.517542,0.518545,0.519539,0.520526,0.521505,0.522476,0.523439,0.524395,0.525344,0.526286,0.527221,0.528149
0.269664,0.271478,0.273416,0.275499,0.27775,0.280204,0.282901,0.285901,0.289286,0.293177,0.297767,0.303375,0.310584,0.320489,0.334406,0.349862,0.362305,0.371819,0.379468,0.385906,0.391506,0.39649,0.401004,0.405145,0.408981,0.412566,0.415936,0.419122,0.422148,0.425034,0.427795,0.430444,0.432993,0.435451,0.437825,0.440124,0.442352,0.444516,0.44662,0.448668,0.450665,0.452612,0.454514,0.456373,0.458191,0.459972,0.461716,0.463425,0.465103,0.466749,0.468365,0.469954,0.471516,0.473051,0.474563,0.47605,0.477515,0.478958,0.48038,0.481782,0.483165,0.484529,0.485874,0.487202,0.488514,0.489809,0.491088,0.492352,0.4936,0.494835,0.496056,0.497262,0.498456,0.499637,0.500806,0.501962,0.503107,0.50424,0.505361,0.506472,0.507573,0.508662,0.509742,0.510812,0.511872,0.512923,0.513964,0.514997,0.51602,0.517035,0.518042,0.51904,0.52003,0.521013,0.521987,0.522954,0.523913,0.524865,0.52581,0.526748,0.527679
0.269341,0.271122,0.273022,0.275059,0.277257,0.279645,0.282262,0.285161,0.288413,0.292126,0.29646,0.30168,0.308248,0.317017,0.329314,0.344542,0.358027,0.368385,0.376591,0.383409,0.389283,0.394475,0.399151,0.403423,0.407369,0.411045,0.414493,0.417748,0.420834,0.423773,0.426581,0.429273,0.43186,0.434353,0.43676,0.439088,0.441344,0.443534,0.445661,0.447732,0.449749,0.451716,0.453636,0.455512,0.457347,0.459143,0.460902,0.462625,0.464316,0.465975,0.467603,0.469204,0.470776,0.472323,0.473844,0.475342,0.476816,0.478268,0.479699,0.481109,0.4825,0.483872,0.485225,0.486561,0.487879,0.489181,0.490467,0.491737,0.492992,0.494233,0.495459,0.496672,0.497871,0.499058,0.500232,0.501393,0.502543,0.503681,0.504807,0.505923,0.507028,0.508122,0.509206,0.51028,0.511345,0.5124,0.513445,0.514482,0.515509,0.516528,0.517538,0.51854,0.519534,0.520519,0.521497,0.522467,0.52343,0.524385,0.525333,0.526274,0.527208
0.269027,0.270776,0.272639,0.274633,0.276781,0.279108,0.28165,0.284454,0.287586,0.291137,0.295247,0.300134,0.306172,0.31403,0.324852,0.33917,0.353431,0.364711,0.373549,0.380795,0.386973,0.392391,0.397244,0.401657,0.405719,0.409492,0.413023,0.41635,0.419498,0.422493,0.42535,0.428087,0.430714,0.433243,0.435684,0.438042,0.440327,0.442542,0.444694,0.446787,0.448826,0.450813,0.452751,0.454645,0.456497,0.458308,0.460082,0.46182,0.463524,0.465196,0.466837,0.468449,0.470033,0.47159,0.473122,0.47463,0.476113,0.477575,0.479015,0.480434,0.481833,0.483212,0.484573,0.485916,0.487242,0.488551,0.489843,0.49112,0.492382,0.493628,0.494861,0.49608,0.497285,0.498477,0.499656,0.500823,0.501977,0.50312,0.504252,0.505372,0.506482,0.507581,0.508669,0.509748,0.510816,0.511875,0.512925,0.513965,0.514996,0.516019,0.517033,0.518038,0.519036,0.520025,0.521006,0.52198,0.522946,0.523904,0.524855,0.525799,0.526736
0.268721,0.270439,0.272267,0.274221,0.27632,0.27859,0.281062,0.283779,0.2868,0.290205,0.294115,0.298714,0.304307,0.311425,0.321001,0.33402,0.348558,0.360775,0.370323,0.37805,0.384567,0.390235,0.395279,0.399844,0.40403,0.407906,0.411525,0.414926,0.418141,0.421193,0.424102,0.426884,0.429553,0.43212,0.434595,0.436985,0.439299,0.441541,0.443718,0.445835,0.447895,0.449902,0.45186,0.453772,0.455641,0.457468,0.459257,0.46101,0.462728,0.464413,0.466066,0.46769,0.469286,0.470854,0.472396,0.473914,0.475408,0.476878,0.478327,0.479755,0.481162,0.48255,0.483918,0.485269,0.486602,0.487918,0.489217,0.490501,0.491769,0.493022,0.494261,0.495485,0.496696,0.497893,0.499078,0.50025,0.50141,0.502558,0.503695,0.50482,0.505934,0.507037,0.50813,0.509213,0.510286,0.511349,0.512403,0.513447,0.514482,0.515509,0.516526,0.517536,0.518536,0.519529,0.520514,0.521491,0.52246,0.523422,0.524376,0.525324,0.526264
0.268422,0.270112,0.271906,0.273821,0.275875,0.27809,0.280496,0.283133,0.286051,0.289324,0.293055,0.297402,0.302616,0.309125,0.317677,0.329315,0.34352,0.356565,0.366892,0.375162,0.382055,0.387998,0.393251,0.39798,0.402298,0.406285,0.409996,0.413477,0.416761,0.419873,0.422836,0.425666,0.428378,0.430984,0.433494,0.435917,0.438261,0.440531,0.442734,0.444874,0.446956,0.448984,0.450962,0.452893,0.454779,0.456623,0.458427,0.460195,0.461926,0.463625,0.465291,0.466927,0.468534,0.470114,0.471667,0.473195,0.474698,0.476178,0.477636,0.479073,0.480489,0.481884,0.483261,0.484619,0.48596,0.487283,0.488589,0.489879,0.491154,0.492413,0.493658,0.494889,0.496105,0.497308,0.498499,0.499676,0.500841,0.501994,0.503136,0.504266,0.505385,0.506493,0.50759,0.508677,0.509754,0.510822,0.511879,0.512928,0.513967,0.514997,0.516019,0.517032,0.518036,0.519032,0.520021,0.521001,0.521974,0.522939,0.523896,0.524847,0.52579
0.268131,0.269793,0.271555,0.273433,0.275443,0.277607,0.279952,0.282513,0.285337,0.288489,0.292059,0.296182,0.30107,0.307071,0.314784,0.325147,0.338509,0.352095,0.363239,0.372113,0.379428,0.385675,0.391156,0.396062,0.400523,0.404626,0.408436,0.412001,0.415356,0.418532,0.42155,0.424431,0.427187,0.429834,0.432381,0.434838,0.437212,0.43951,0.44174,0.443904,0.44601,0.448059,0.450057,0.452006,0.45391,0.455771,0.457592,0.459374,0.46112,0.462832,0.464512,0.46616,0.467779,0.46937,0.470934,0.472472,0.473985,0.475475,0.476942,0.478388,0.479812,0.481216,0.482601,0.483967,0.485315,0.486645,0.487958,0.489255,0.490537,0.491802,0.493053,0.49429,0.495512,0.496721,0.497917,0.4991,0.50027,0.501429,0.502575,0.50371,0.504834,0.505946,0.507048,0.50814,0.509221,0.510293,0.511355,0.512407,0.51345,0.514485,0.51551,0.516526,0.517535,0.518534,0.519526,0.52051,0.521486,0.522454,0.523415,0.524369,0.525315
0.267848,0.269482,0.271214,0.273057,0.275025,0.277141,0.279428,0.281918,0.284655,0.287695,0.291119,0.295044,0.299648,0.305219,0.31224,0.321502,0.333737,0.347422,0.359352,0.36889,0.376674,0.383257,0.388987,0.394086,0.3987,0.402928,0.406842,0.410495,0.413927,0.417169,0.420246,0.423178,0.425981,0.428669,0.431255,0.433746,0.436152,0.43848,0.440736,0.442926,0.445055,0.447126,0.449145,0.451113,0.453035,0.454913,0.45675,0.458548,0.460309,0.462035,0.463727,0.465388,0.467019,0.468622,0.470196,0.471745,0.473269,0.474768,0.476245,0.477699,0.479133,0.480545,0.481938,0.483312,0.484667,0.486005,0.487325,0.488629,0.489917,0.491189,0.492447,0.493689,0.494918,0.496132,0.497334,0.498522,0.499698,0.500861,0.502013,0.503152,0.504281,0.505398,0.506505,0.507601,0.508687,0.509763,0.510829,0.511885,0.512932,0.51397,0.515,0.51602,0.517032,0.518035,0.519031,0.520018,0.520997,0.521969,0.522933,0.52389,0.524839
0.267571,0.26918,0.270882,0.272691,0.27462,0.27669,0.278922,0.281346,0.284001,0.286939,0.29023,0.293977,0.298332,0.303534,0.309978,0.318315,0.329363,0.342663,0.355231,0.365475,0.373781,0.380735,0.38674,0.392048,0.396827,0.401189,0.405213,0.40896,0.412472,0.415783,0.418921,0.421907,0.424758,0.42749,0.430115,0.432642,0.435081,0.437439,0.439723,0.441939,0.444092,0.446186,0.448225,0.450214,0.452154,0.45405,0.455903,0.457716,0.459492,0.461232,0.462938,0.464612,0.466255,0.467869,0.469455,0.471015,0.472549,0.474058,0.475544,0.477008,0.47845,0.479871,0.481272,0.482654,0.484017,0.485362,0.48669,0.488,0.489295,0.490574,0.491838,0.493086,0.494321,0.495541,0.496748,0.497942,0.499123,0.500292,0.501448,0.502593,0.503727,0.504849,0.50596,0.507061,0.508151,0.509231,0.510301,0.511362,0.512413,0.513455,0.514488,0.515512,0.516528,0.517535,0.518534,0.519524,0.520507,0.521482,0.52245,0.52341,0.524363
0.267301,0.268885,0.270559,0.272335,0.274227,0.276253,0.278433,0.280795,0.283374,0.286217,0.289387,0.292973,0.297108,0.301991,0.307949,0.315513,0.325452,0.33798,0.350905,0.361859,0.370735,0.378101,0.384406,0.389943,0.394899,0.399405,0.403547,0.407393,0.410989,0.414373,0.417575,0.420617,0.423519,0.426296,0.428961,0.431525,0.433998,0.436387,0.4387,0.440943,0.44312,0.445237,0.447298,0.449307,0.451266,0.45318,0.45505,0.456879,0.45867,0.460425,0.462144,0.463831,0.465487,0.467113,0.46871,0.470281,0.471825,0.473345,0.474841,0.476313,0.477764,0.479194,0.480603,0.481993,0.483364,0.484716,0.486051,0.487369,0.488671,0.489956,0.491226,0.492481,0.493722,0.494948,0.496161,0.49736,0.498547,0.499721,0.500883,0.502032,0.503171,0.504298,0.505413,0.506519,0.507613,0.508698,0.509772,0.510837,0.511892,0.512938,0.513975,0.515003,0.516023,0.517033,0.518036,0.51903,0.520016,0.520995,0.521966,0.522929,0.523885
0.267038,0.268597,0.270244,0.271989,0.273846,0.275829,0.277961,0.280264,0.282772,0.285527,0.288585,0.292026,0.295963,0.300569,0.306112,0.31303,0.321991,0.333537,0.34644,0.358037,0.367524,0.375344,0.38198,0.387765,0.392914,0.397573,0.401842,0.405792,0.409477,0.412938,0.416207,0.419308,0.422262,0.425086,0.427793,0.430396,0.432903,0.435325,0.437667,0.439937,0.44214,0.44428,0.446363,0.448393,0.450372,0.452303,0.454191,0.456037,0.457843,0.459612,0.461346,0.463046,0.464714,0.466352,0.467961,0.469543,0.471098,0.472628,0.474133,0.475615,0.477075,0.478514,0.479932,0.48133,0.482708,0.484068,0.485411,0.486736,0.488044,0.489336,0.490613,0.491874,0.493121,0.494353,0.495572,0.496777,0.497969,0.499148,0.500315,0.50147,0.502613,0.503745,0.504865,0.505975,0.507074,0.508163,0.509242,0.510311,0.51137,0.51242,0.513461,0.514493,0.515516,0.51653,0.517537,0.518534,0.519524,0.520506,0.52148,0.522447,0.523406
0.26678,0.268317,0.269937,0.271653,0.273475,0.275419,0.277504,0.279752,0.282193,0.284866,0.287821,0.29113,0.29489,0.29925,0.304436,0.310809,0.318933,0.32945,0.341946,0.354022,0.364138,0.372453,0.379453,0.385509,0.390867,0.395692,0.400095,0.404156,0.407936,0.411477,0.414816,0.417978,0.420987,0.423859,0.42661,0.429253,0.431797,0.434251,0.436624,0.438922,0.44115,0.443315,0.445421,0.447471,0.44947,0.451421,0.453326,0.455188,0.45701,0.458794,0.460542,0.462256,0.463937,0.465587,0.467208,0.468801,0.470367,0.471907,0.473422,0.474914,0.476383,0.477831,0.479257,0.480663,0.48205,0.483418,0.484768,0.4861,0.487415,0.488714,0.489997,0.491265,0.492518,0.493756,0.49498,0.496191,0.497389,0.498573,0.499746,0.500906,0.502054,0.50319,0.504316,0.50543,0.506534,0.507627,0.50871,0.509783,0.510847,0.511901,0.512946,0.513981,0.515008,0.516026,0.517036,0.518037,0.519031,0.520016,0.520994,0.521963,0.522926
0.266529,0.268043,0.269639,0.271325,0.273115,0.275021,0.277061,0.279257,0.281636,0.284232,0.287093,0.290279,0.29388,0.298022,0.302897,0.308806,0.31622,0.325765,0.337559,0.349851,0.360572,0.369418,0.376816,0.383169,0.388754,0.393757,0.398303,0.402483,0.406362,0.409989,0.413401,0.416628,0.419693,0.422616,0.425413,0.428096,0.430677,0.433166,0.43557,0.437896,0.440152,0.442342,0.444471,0.446543,0.448562,0.450531,0.452454,0.454334,0.456172,0.457971,0.459733,0.461461,0.463155,0.464818,0.466451,0.468055,0.469632,0.471183,0.472708,0.47421,0.475688,0.477144,0.478579,0.479994,0.481389,0.482764,0.484122,0.485461,0.486784,0.488089,0.489379,0.490653,0.491912,0.493157,0.494387,0.495604,0.496807,0.497997,0.499174,0.500339,0.501493,0.502634,0.503764,0.504883,0.505992,0.50709,0.508177,0.509254,0.510322,0.51138,0.512429,0.513469,0.514499,0.515521,0.516534,0.517539,0.518536,0.519525,0.520506,0.521479,0.522445
0.266284,0.267776,0.269347,0.271006,0.272764,0.274634,0.276633,0.278779,0.281099,0.283624,0.286396,0.289471,0.292926,0.296873,0.301476,0.306986,0.313797,0.322472,0.333406,0.345594,0.35683,0.36623,0.374061,0.380738,0.38657,0.391764,0.396465,0.400771,0.404756,0.408472,0.411961,0.415255,0.41838,0.421355,0.424199,0.426925,0.429544,0.432068,0.434505,0.436861,0.439144,0.441359,0.443512,0.445606,0.447646,0.449635,0.451576,0.453473,0.455328,0.457142,0.45892,0.460661,0.462369,0.464044,0.465689,0.467305,0.468893,0.470454,0.47199,0.473502,0.47499,0.476455,0.477899,0.479322,0.480725,0.482108,0.483473,0.48482,0.48615,0.487462,0.488759,0.49004,0.491305,0.492556,0.493792,0.495014,0.496223,0.497418,0.498601,0.499772,0.50093,0.502076,0.503211,0.504335,0.505448,0.50655,0.507642,0.508724,0.509796,0.510858,0.511911,0.512954,0.513989,0.515015,0.516032,0.51704,0.518041,0.519033,0.520017,0.520994,0.521962
0.266044,0.267515,0.269063,0.270695,0.272423,0.274259,0.276217,0.278317,0.280581,0.283038,0.285728,0.2887,0.292023,0.295795,0.300156,0.305321,0.311617,0.319534,0.32957,0.34135,0.352933,0.362884,0.37118,0.378209,0.384308,0.389711,0.394577,0.399018,0.403114,0.406925,0.410495,0.413859,0.417046,0.420076,0.422969,0.425739,0.428398,0.430958,0.433428,0.435815,0.438127,0.440368,0.442545,0.444662,0.446723,0.448732,0.450692,0.452607,0.454478,0.456309,0.458101,0.459857,0.461578,0.463266,0.464924,0.466551,0.468151,0.469723,0.471269,0.47279,0.474288,0.475762,0.477215,0.478647,0.480058,0.481449,0.482822,0.484177,0.485513,0.486833,0.488136,0.489424,0.490695,0.491952,0.493194,0.494423,0.495637,0.496838,0.498026,0.499202,0.500365,0.501517,0.502657,0.503785,0.504903,0.50601,0.507106,0.508192,0.509268,0.510335,0.511391,0.512439,0.513477,0.514507,0.515528,0.51654,0.517544,0.518539,0.519527,0.520507,0.521479
0.265809,0.26726,0.268785,0.270392,0.272091,0.273894,0.275814,0.277869,0.28008,0.282475,0.285088,0.287964,0.291166,0.294779,0.298926,0.303788,0.309643,0.316906,0.326085,0.33723,0.348924,0.35938,0.368164,0.375576,0.381965,0.387592,0.392635,0.39722,0.401435,0.405346,0.409001,0.41244,0.415691,0.418778,0.421722,0.424538,0.427238,0.429836,0.43234,0.434759,0.437099,0.439367,0.441569,0.44371,0.445793,0.447822,0.449801,0.451734,0.453622,0.455469,0.457276,0.459047,0.460782,0.462484,0.464154,0.465793,0.467404,0.468987,0.470544,0.472075,0.473583,0.475067,0.476528,0.477969,0.479388,0.480788,0.482168,0.48353,0.484874,0.486201,0.487511,0.488805,0.490084,0.491347,0.492595,0.493829,0.495049,0.496256,0.49745,0.498631,0.499799,0.500956,0.502101,0.503234,0.504356,0.505468,0.506568,0.507659,0.508739,0.50981,0.510871,0.511922,0.512964,0.513998,0.515022,0.516038,0.517046,0.518045,0.519036,0.520019,0.520995
0.26558,0.267011,0.268514,0.270097,0.271768,0.273539,0.275422,0.277435,0.279597,0.281932,0.284473,0.287261,0.290351,0.29382,0.297774,0.302369,0.307841,0.314543,0.322944,0.333331,0.34487,0.35573,0.365009,0.37283,0.379534,0.385403,0.390638,0.395376,0.399717,0.403734,0.407479,0.410995,0.414314,0.417461,0.420458,0.423321,0.426064,0.428701,0.43124,0.433691,0.436061,0.438358,0.440585,0.442749,0.444854,0.446905,0.448904,0.450855,0.452761,0.454624,0.456447,0.458232,0.459981,0.461696,0.463379,0.465031,0.466653,0.468248,0.469815,0.471357,0.472874,0.474368,0.475838,0.477287,0.478716,0.480123,0.481512,0.482881,0.484233,0.485567,0.486884,0.488185,0.489469,0.490739,0.491993,0.493234,0.49446,0.495672,0.496871,0.498058,0.499231,0.500393,0.501543,0.502681,0.503808,0.504924,0.506029,0.507124,0.508209,0.509283,0.510348,0.511404,0.51245,0.513487,0.514516,0.515535,0.516546,0.517549,0.518544,0.519531,0.520509
0.265355,0.266768,0.26825,0.269809,0.271453,0.273194,0.275042,0.277014,0.279129,0.281408,0.283881,0.286587,0.289574,0.292911,0.296691,0.30105,0.306188,0.312405,0.320118,0.329717,0.340857,0.351959,0.361713,0.369965,0.377008,0.38314,0.38858,0.393483,0.397958,0.402087,0.405927,0.409525,0.412914,0.416123,0.419175,0.422087,0.424875,0.427552,0.430128,0.432612,0.435013,0.437338,0.439592,0.44178,0.443909,0.44598,0.447999,0.449969,0.451893,0.453773,0.455612,0.457412,0.459176,0.460904,0.4626,0.464264,0.465899,0.467504,0.469083,0.470635,0.472162,0.473665,0.475145,0.476603,0.47804,0.479456,0.480853,0.48223,0.483589,0.48493,0.486254,0.487562,0.488853,0.490129,0.49139,0.492636,0.493868,0.495086,0.496291,0.497482,0.498662,0.499828,0.500983,0.502126,0.503258,0.504379,0.505488,0.506588,0.507677,0.508756,0.509825,0.510884,0.511935,0.512976,0.514008,0.515031,0.516046,0.517052,0.518051,0.519041,0.520023
0.265136,0.26653,0.267992,0.269528,0.271146,0.272857,0.274673,0.276606,0.278676,0.280902,0.283312,0.28594,0.288832,0.292048,0.29567,0.299818,0.304663,0.31046,0.317572,0.326411,0.336977,0.348112,0.358282,0.366977,0.374383,0.380797,0.386458,0.391537,0.396156,0.400403,0.404344,0.408027,0.41149,0.414765,0.417874,0.420837,0.423671,0.426389,0.429003,0.431522,0.433955,0.436308,0.438589,0.440803,0.442955,0.445048,0.447088,0.449077,0.451019,0.452916,0.454771,0.456587,0.458365,0.460108,0.461817,0.463493,0.46514,0.466757,0.468346,0.469909,0.471446,0.472959,0.474449,0.475916,0.477361,0.478786,0.480191,0.481576,0.482942,0.484291,0.485622,0.486937,0.488235,0.489517,0.490784,0.492036,0.493274,0.494498,0.495708,0.496906,0.49809,0.499262,0.500422,0.50157,0.502706,0.503832,0.504946,0.50605,0.507143,0.508227,0.5093,0.510364,0.511418,0.512463,0.513499,0.514526,0.515544,0.516554,0.517556,0.51855,0.519535
0.264921,0.266298,0.267739,0.269253,0.270847,0.27253,0.274313,0.27621,0.278237,0.280412,0.282763,0.285319,0.288122,0.291226,0.294706,0.298664,0.303249,0.308679,0.315268,0.323409,0.333304,0.344252,0.354731,0.363863,0.371651,0.378369,0.384268,0.389536,0.394308,0.398681,0.402727,0.406501,0.410042,0.413384,0.416553,0.41957,0.422451,0.425212,0.427865,0.43042,0.432885,0.435269,0.437578,0.439817,0.441993,0.444109,0.446169,0.448178,0.450138,0.452053,0.453925,0.455756,0.457549,0.459306,0.461028,0.462718,0.464377,0.466006,0.467606,0.46918,0.470727,0.47225,0.473749,0.475226,0.47668,0.478113,0.479526,0.480919,0.482293,0.483649,0.484988,0.486309,0.487614,0.488903,0.490176,0.491434,0.492678,0.493908,0.495124,0.496327,0.497517,0.498694,0.499859,0.501012,0.502153,0.503283,0.504402,0.505511,0.506609,0.507696,0.508774,0.509841,0.5109,0.511949,0.512988,0.514019,0.515042,0.516055,0.51706,0.518058,0.519047
0.264711,0.26607,0.267493,0.268985,0.270555,0.272211,0.273964,0.275825,0.277811,0.279939,0.282233,0.284721,0.287442,0.290443,0.293791,0.297578,0.301932,0.30704,0.313173,0.320689,0.329887,0.340453,0.35109,0.360625,0.36881,0.375851,0.382005,0.387475,0.392411,0.396918,0.401076,0.404945,0.408568,0.411981,0.415212,0.418284,0.421215,0.424021,0.426714,0.429305,0.431804,0.434219,0.436556,0.438822,0.441022,0.443161,0.445243,0.447272,0.449252,0.451184,0.453073,0.45492,0.456728,0.4585,0.460236,0.461938,0.463609,0.46525,0.466862,0.468447,0.470005,0.471538,0.473046,0.474532,0.475995,0.477437,0.478858,0.480259,0.481641,0.483005,0.484351,0.485679,0.486991,0.488286,0.489566,0.490831,0.492081,0.493316,0.494538,0.495746,0.496942,0.498124,0.499294,0.500452,0.501598,0.502733,0.503857,0.50497,0.506072,0.507164,0.508246,0.509318,0.51038,0.511433,0.512477,0.513512,0.514537,0.515555,0.516564,0.517564,0.518557
0.264505,0.265847,0.267252,0.268724,0.27027,0.2719,0.273623,0.275451,0.277398,0.279481,0.281721,0.284146,0.286789,0.289695,0.292923,0.296553,0.3007,0.305524,0.311258,0.31822,0.326743,0.336789,0.347403,0.357275,0.365856,0.373239,0.379666,0.385353,0.390462,0.395112,0.399389,0.403357,0.407066,0.410554,0.41385,0.41698,0.419962,0.422814,0.425549,0.428178,0.430712,0.433158,0.435525,0.437818,0.440043,0.442206,0.44431,0.44636,0.448358,0.450309,0.452215,0.454078,0.455902,0.457688,0.459438,0.461154,0.462838,0.464491,0.466114,0.46771,0.469279,0.470822,0.47234,0.473835,0.475307,0.476758,0.478187,0.479597,0.480987,0.482358,0.483711,0.485047,0.486365,0.487667,0.488954,0.490225,0.491481,0.492722,0.49395,0.495164,0.496365,0.497552,0.498728,0.499891,0.501042,0.502182,0.50331,0.504428,0.505534,0.506631,0.507717,0.508793,0.509859,0.510916,0.511964,0.513002,0.514032,0.515053,0.516066,0.51707,0.518066
0.264303,0.26563,0.267016,0.268468,0.269992,0.271597,0.273292,0.275087,0.276997,0.279037,0.281227,0.283591,0.286162,0.288979,0.292096,0.295584,0.299544,0.304115,0.309499,0.315974,0.323868,0.333318,0.343728,0.353829,0.362791,0.370528,0.377245,0.383164,0.38846,0.393261,0.397663,0.401737,0.405536,0.409102,0.412466,0.415656,0.418692,0.421591,0.424369,0.427038,0.429607,0.432086,0.434483,0.436804,0.439056,0.441242,0.443369,0.44544,0.447458,0.449427,0.451351,0.453231,0.455071,0.456871,0.458636,0.460365,0.462062,0.463727,0.465362,0.466969,0.468549,0.470102,0.471631,0.473135,0.474617,0.476076,0.477514,0.478932,0.48033,0.481708,0.483069,0.484412,0.485737,0.487046,0.488339,0.489616,0.490879,0.492126,0.49336,0.494579,0.495786,0.496979,0.498159,0.499328,0.500484,0.501629,0.502762,0.503884,0.504995,0.506096,0.507186,0.508267,0.509337,0.510398,0.51145,0.512492,0.513526,0.51455,0.515566,0.516574,0.517574
0.264106,0.265417,0.266785,0.268218,0.269721,0.271301,0.272969,0.274733,0.276608,0.278606,0.280748,0.283056,0.285559,0.288293,0.291307,0.294665,0.298455,0.302801,0.307875,0.313921,0.321246,0.330076,0.340125,0.35032,0.35962,0.367717,0.37474,0.380906,0.3864,0.391362,0.395898,0.400083,0.403977,0.407624,0.41106,0.414312,0.417403,0.420353,0.423175,0.425884,0.42849,0.431003,0.433431,0.435781,0.438059,0.44027,0.44242,0.444512,0.446551,0.44854,0.450481,0.452378,0.454234,0.45605,0.457828,0.459571,0.461281,0.462959,0.464606,0.466224,0.467815,0.469379,0.470917,0.472432,0.473923,0.475391,0.476838,0.478264,0.47967,0.481056,0.482424,0.483774,0.485107,0.486423,0.487722,0.489006,0.490275,0.491528,0.492768,0.493993,0.495205,0.496404,0.497589,0.498763,0.499924,0.501074,0.502212,0.503338,0.504454,0.505559,0.506654,0.507739,0.508814,0.509879,0.510934,0.511981,0.513018,0.514046,0.515066,0.516077,0.51708
0.263913,0.265208,0.26656,0.267973,0.269456,0.271013,0.272654,0.274389,0.276229,0.278189,0.280285,0.282539,0.284978,0.287635,0.290553,0.293792,0.297428,0.30157,0.306369,0.312038,0.318852,0.327078,0.336656,0.346789,0.356356,0.364804,0.372146,0.378574,0.384279,0.389413,0.39409,0.398393,0.402387,0.40612,0.40963,0.412947,0.416096,0.419097,0.421966,0.424717,0.427361,0.429909,0.432369,0.434748,0.437053,0.43929,0.441463,0.443578,0.445637,0.447645,0.449605,0.451519,0.453391,0.455222,0.457016,0.458773,0.460496,0.462187,0.463846,0.465476,0.467077,0.468652,0.470201,0.471725,0.473225,0.474703,0.476158,0.477593,0.479007,0.480401,0.481777,0.483135,0.484474,0.485797,0.487103,0.488394,0.489669,0.490928,0.492174,0.493405,0.494622,0.495827,0.497018,0.498196,0.499363,0.500517,0.50166,0.502791,0.503912,0.505022,0.506121,0.50721,0.508289,0.509358,0.510417,0.511468,0.512509,0.513541,0.514564,0.515579,0.516586
0.263723,0.265004,0.266339,0.267735,0.269196,0.270731,0.272347,0.274053,0.275861,0.277783,0.279836,0.28204,0.284418,0.287002,0.289832,0.29296,0.296455,0.300413,0.304967,0.310301,0.316663,0.324322,0.333366,0.343286,0.353019,0.361794,0.369461,0.376165,0.382094,0.387411,0.392237,0.396665,0.400764,0.404587,0.408175,0.411561,0.41477,0.417824,0.420741,0.423535,0.426219,0.428803,0.431295,0.433705,0.436038,0.438301,0.440498,0.442635,0.444716,0.446744,0.448722,0.450654,0.452543,0.45439,0.456198,0.45797,0.459706,0.46141,0.463082,0.464723,0.466336,0.467922,0.469481,0.471015,0.472525,0.474011,0.475476,0.476919,0.478341,0.479744,0.481127,0.482492,0.483839,0.485169,0.486482,0.487779,0.48906,0.490326,0.491578,0.492815,0.494038,0.495248,0.496444,0.497628,0.4988,0.499959,0.501107,0.502243,0.503368,0.504482,0.505586,0.506679,0.507762,0.508836,0.509899,0.510953,0.511998,0.513034,0.514062,0.51508,0.51609
0.263538,0.264803,0.266123,0.267501,0.268943,0.270456,0.272048,0.273726,0.275503,0.277389,0.279401,0.281556,0.283877,0.286393,0.28914,0.292166,0.295532,0.299323,0.303657,0.308694,0.314652,0.321792,0.330283,0.339864,0.34964,0.358695,0.366685,0.373676,0.379843,0.385353,0.390338,0.394898,0.399108,0.403025,0.406695,0.410151,0.413423,0.416533,0.4195,0.422339,0.425063,0.427684,0.430211,0.432651,0.435013,0.437303,0.439525,0.441685,0.443787,0.445836,0.447833,0.449783,0.451689,0.453552,0.455376,0.457162,0.458912,0.460629,0.462313,0.463967,0.465591,0.467187,0.468757,0.470301,0.471821,0.473317,0.47479,0.476242,0.477673,0.479084,0.480475,0.481847,0.483202,0.484539,0.485858,0.487162,0.48845,0.489722,0.490979,0.492222,0.493451,0.494667,0.495869,0.497058,0.498235,0.499399,0.500552,0.501693,0.502823,0.503941,0.505049,0.506147,0.507234,0.508312,0.50938,0.510438,0.511487,0.512527,0.513558,0.51458,0.515594
0.263356,0.264607,0.265911,0.267272,0.268696,0.270188,0.271756,0.273408,0.275154,0.277006,0.278978,0.281088,0.283355,0.285807,0.288477,0.291407,0.294654,0.298294,0.302428,0.3072,0.3128,0.319469,0.327418,0.336571,0.346258,0.355521,0.36382,0.371105,0.377522,0.383237,0.38839,0.39309,0.397416,0.401433,0.405188,0.408719,0.412056,0.415224,0.418242,0.421128,0.423894,0.426553,0.429114,0.431587,0.433979,0.436296,0.438543,0.440727,0.442852,0.44492,0.446938,0.448906,0.450829,0.452709,0.454548,0.456349,0.458113,0.459843,0.46154,0.463206,0.464842,0.46645,0.46803,0.469584,0.471114,0.472619,0.474102,0.475563,0.477002,0.478421,0.47982,0.4812,0.482562,0.483906,0.485233,0.486543,0.487837,0.489116,0.490379,0.491628,0.492863,0.494084,0.495292,0.496486,0.497668,0.498838,0.499995,0.501141,0.502276,0.503399,0.504512,0.505614,0.506705,0.507787,0.508859,0.509921,0.510974,0.512018,0.513052,0.514078,0.515096
0.263178,0.264415,0.265704,0.267048,0.268454,0.269925,0.27147,0.273097,0.274815,0.276634,0.278568,0.280634,0.28285,0.285242,0.287839,0.29068,0.293817,0.297318,0.301272,0.305806,0.311088,0.317334,0.32477,0.333444,0.342917,0.352293,0.36087,0.368451,0.375128,0.38106,0.386391,0.391238,0.395688,0.399809,0.403654,0.407262,0.410668,0.413896,0.416967,0.419901,0.422711,0.425409,0.428006,0.430512,0.432934,0.435279,0.437553,0.439761,0.441908,0.443998,0.446035,0.448023,0.449963,0.45186,0.453715,0.45553,0.457309,0.459053,0.460763,0.462441,0.464089,0.465708,0.467299,0.468864,0.470403,0.471919,0.47341,0.47488,0.476328,0.477755,0.479162,0.48055,0.481919,0.48327,0.484604,0.485921,0.487222,0.488507,0.489777,0.491032,0.492273,0.493499,0.494713,0.495913,0.4971,0.498274,0.499437,0.500588,0.501727,0.502855,0.503972,0.505079,0.506175,0.507261,0.508337,0.509403,0.51046,0.511507,0.512546,0.513576,0.514597
0.263003,0.264227,0.265501,0.26683,0.268217,0.269669,0.271192,0.272794,0.274484,0.276272,0.27817,0.280194,0.282362,0.284696,0.287225,0.289984,0.293019,0.296391,0.300182,0.304501,0.309498,0.315366,0.322326,0.330504,0.33966,0.349042,0.357846,0.365716,0.37266,0.378819,0.384338,0.38934,0.39392,0.398152,0.40209,0.40578,0.409257,0.412547,0.415675,0.418658,0.421513,0.424252,0.426886,0.429426,0.431879,0.434253,0.436554,0.438787,0.440957,0.443069,0.445126,0.447133,0.449091,0.451005,0.452876,0.454707,0.4565,0.458258,0.459981,0.461672,0.463332,0.464962,0.466564,0.46814,0.469689,0.471214,0.472716,0.474194,0.475651,0.477086,0.478501,0.479897,0.481274,0.482633,0.483974,0.485298,0.486605,0.487897,0.489173,0.490434,0.49168,0.492913,0.494132,0.495337,0.49653,0.497709,0.498877,0.500033,0.501177,0.50231,0.503431,0.504542,0.505643,0.506733,0.507813,0.508884,0.509944,0.510996,0.512038,0.513072,0.514096
0.262832,0.264043,0.265303,0.266615,0.267985,0.269418,0.27092,0.272498,0.274161,0.275919,0.277783,0.279767,0.281889,0.284169,0.286633,0.289315,0.292255,0.29551,0.29915,0.303276,0.308016,0.313546,0.320073,0.327761,0.336528,0.345802,0.354765,0.362902,0.370117,0.376512,0.382229,0.387395,0.392113,0.396459,0.400497,0.404272,0.407822,0.411178,0.414364,0.417399,0.4203,0.423081,0.425754,0.428328,0.430814,0.433217,0.435545,0.437804,0.439998,0.442132,0.44421,0.446236,0.448213,0.450144,0.452032,0.453879,0.455687,0.457458,0.459195,0.460898,0.46257,0.464212,0.465826,0.467412,0.468972,0.470507,0.472018,0.473505,0.474971,0.476415,0.477838,0.479242,0.480626,0.481992,0.483341,0.484671,0.485986,0.487284,0.488566,0.489834,0.491086,0.492324,0.493549,0.49476,0.495958,0.497143,0.498316,0.499476,0.500625,0.501763,0.502889,0.504004,0.505109,0.506204,0.507288,0.508363,0.509428,0.510483,0.511529,0.512566,0.513595
0.262664,0.263862,0.265108,0.266405,0.267758,0.269173,0.270654,0.27221,0.273847,0.275575,0.277406,0.279353,0.28143,0.283659,0.286063,0.288672,0.291524,0.294669,0.298172,0.302121,0.306631,0.311858,0.317991,0.325213,0.333548,0.342611,0.351646,0.360017,0.367498,0.374137,0.380061,0.385401,0.390262,0.394731,0.398872,0.402736,0.406364,0.409788,0.413033,0.416122,0.419071,0.421896,0.424608,0.427219,0.429737,0.432171,0.434527,0.436812,0.43903,0.441187,0.443287,0.445333,0.447329,0.449278,0.451182,0.453045,0.454868,0.456653,0.458404,0.46012,0.461805,0.463459,0.465084,0.466681,0.468251,0.469796,0.471316,0.472813,0.474288,0.47574,0.477172,0.478584,0.479976,0.48135,0.482705,0.484043,0.485364,0.486669,0.487958,0.489231,0.49049,0.491734,0.492964,0.494181,0.495384,0.496574,0.497752,0.498918,0.500072,0.501214,0.502345,0.503465,0.504574,0.505673,0.506762,0.507841,0.508909,0.509969,0.511019,0.51206,0.513092
0.262499,0.263685,0.264917,0.2662,0.267537,0.268933,0.270394,0.271928,0.27354,0.275241,0.27704,0.27895,0.280986,0.283166,0.285512,0.288053,0.290822,0.293866,0.297243,0.301031,0.305333,0.310286,0.316064,0.322852,0.330739,0.339507,0.348518,0.357072,0.364808,0.371693,0.377833,0.383354,0.388368,0.392965,0.397215,0.401172,0.404881,0.408376,0.411684,0.414828,0.417827,0.420696,0.423449,0.426097,0.42865,0.431115,0.4335,0.435812,0.438055,0.440235,0.442356,0.444423,0.446438,0.448405,0.450326,0.452205,0.454044,0.455844,0.457608,0.459338,0.461035,0.462701,0.464338,0.465946,0.467527,0.469082,0.470612,0.472118,0.473602,0.475063,0.476503,0.477923,0.479323,0.480704,0.482067,0.483412,0.48474,0.486052,0.487347,0.488627,0.489891,0.491142,0.492378,0.4936,0.494808,0.496004,0.497187,0.498358,0.499517,0.500664,0.5018,0.502924,0.504038,0.505141,0.506234,0.507317,0.50839,0.509453,0.510508,0.511552,0.512588
0.262337,0.263511,0.26473,0.265998,0.267319,0.268698,0.270141,0.271652,0.273241,0.274914,0.276683,0.278558,0.280554,0.282688,0.28498,0.287456,0.290149,0.293098,0.296358,0.299999,0.304111,0.308818,0.314276,0.320663,0.328108,0.33652,0.345413,0.354083,0.362049,0.369181,0.375544,0.381255,0.386428,0.391159,0.395523,0.399579,0.403372,0.40694,0.410313,0.413515,0.416566,0.419482,0.422277,0.424963,0.427551,0.430048,0.432463,0.434802,0.437071,0.439275,0.441419,0.443506,0.445541,0.447526,0.449465,0.45136,0.453215,0.45503,0.456808,0.458551,0.460261,0.46194,0.463588,0.465207,0.466799,0.468364,0.469904,0.47142,0.472913,0.474383,0.475831,0.47726,0.478668,0.480056,0.481427,0.482779,0.484114,0.485432,0.486734,0.48802,0.489291,0.490547,0.491789,0.493017,0.494231,0.495432,0.496621,0.497796,0.49896,0.500112,0.501253,0.502382,0.5035,0.504608,0.505705,0.506792,0.507869,0.508937,0.509995,0.511044,0.512083
0.262179,0.263341,0.264547,0.265801,0.267107,0.268469,0.269892,0.271383,0.272949,0.274596,0.276336,0.278178,0.280135,0.282225,0.284466,0.286881,0.289501,0.292362,0.295514,0.299019,0.302959,0.307444,0.312613,0.318633,0.325653,0.333675,0.342362,0.351071,0.359231,0.366602,0.373191,0.379099,0.384441,0.389313,0.393797,0.397954,0.401836,0.405481,0.408922,0.412184,0.415288,0.418252,0.421091,0.423816,0.42644,0.428971,0.431416,0.433783,0.436078,0.438307,0.440473,0.442582,0.444637,0.446641,0.448598,0.45051,0.45238,0.45421,0.456003,0.45776,0.459483,0.461174,0.462834,0.464464,0.466067,0.467643,0.469193,0.470718,0.47222,0.4737,0.475157,0.476593,0.478009,0.479406,0.480784,0.482143,0.483485,0.48481,0.486119,0.487411,0.488689,0.489951,0.491199,0.492432,0.493652,0.494859,0.496052,0.497233,0.498402,0.499559,0.500704,0.501838,0.502961,0.504073,0.505175,0.506266,0.507347,0.508419,0.509481,0.510533,0.511577
0.262023,0.263174,0.264367,0.265608,0.266898,0.268244,0.269649,0.27112,0.272663,0.274286,0.275997,0.277807,0.279728,0.281776,0.283968,0.286326,0.288877,0.291657,0.294708,0.298088,0.30187,0.306152,0.31106,0.316747,0.323368,0.330985,0.339397,0.348062,0.356367,0.36396,0.370776,0.376888,0.382403,0.387424,0.392033,0.396298,0.400272,0.403998,0.407509,0.410833,0.413993,0.417006,0.41989,0.422657,0.425317,0.427882,0.430359,0.432755,0.435077,0.43733,0.43952,0.441651,0.443726,0.445749,0.447724,0.449654,0.45154,0.453386,0.455193,0.456964,0.4587,0.460404,0.462076,0.463718,0.465332,0.466918,0.468478,0.470014,0.471525,0.473013,0.474479,0.475924,0.477348,0.478753,0.480138,0.481505,0.482854,0.484186,0.485502,0.486801,0.488084,0.489352,0.490606,0.491845,0.493071,0.494283,0.495482,0.496668,0.497842,0.499004,0.500154,0.501293,0.50242,0.503537,0.504643,0.505738,0.506824,0.507899,0.508965,0.510022,0.511069
0.261871,0.26301,0.264191,0.265418,0.266694,0.268024,0.269412,0.270863,0.272385,0.273983,0.275667,0.277446,0.279333,0.28134,0.283485,0.285789,0.288276,0.290978,0.293936,0.2972,0.300838,0.304936,0.309607,0.314991,0.321241,0.328457,0.336544,0.345084,0.353471,0.36126,0.368298,0.374618,0.380316,0.385491,0.390231,0.394609,0.398679,0.402489,0.406073,0.409462,0.412679,0.415745,0.418675,0.421483,0.424182,0.426782,0.429291,0.431717,0.434067,0.436346,0.438559,0.440712,0.442808,0.444851,0.446845,0.448792,0.450695,0.452556,0.454378,0.456163,0.457913,0.459629,0.461313,0.462967,0.464592,0.46619,0.46776,0.469306,0.470826,0.472324,0.473799,0.475252,0.476685,0.478097,0.47949,0.480865,0.482221,0.48356,0.484882,0.486188,0.487478,0.488752,0.490012,0.491257,0.492488,0.493706,0.49491,0.496102,0.497281,0.498447,0.499602,0.500746,0.501878,0.502999,0.504109,0.505209,0.506299,0.507379,0.508449,0.509509,0.51056
0.261721,0.262849,0.264018,0.265232,0.266494,0.267808,0.269179,0.270612,0.272112,0.273687,0.275345,0.277095,0.278948,0.280917,0.283018,0.28527,0.287696,0.290326,0.293196,0.296353,0.299857,0.303787,0.308243,0.313353,0.319261,0.326089,0.333821,0.342163,0.350563,0.358511,0.365762,0.372291,0.378176,0.383512,0.38839,0.392885,0.397056,0.400953,0.404614,0.40807,0.411347,0.414466,0.417444,0.420296,0.423035,0.42567,0.428213,0.430669,0.433047,0.435352,0.43759,0.439766,0.441884,0.443947,0.445959,0.447924,0.449844,0.451721,0.453558,0.455358,0.457121,0.45885,0.460547,0.462213,0.463849,0.465458,0.467039,0.468594,0.470125,0.471631,0.473115,0.474577,0.476018,0.477439,0.47884,0.480222,0.481585,0.482931,0.48426,0.485572,0.486869,0.48815,0.489415,0.490666,0.491903,0.493127,0.494336,0.495533,0.496717,0.497889,0.499049,0.500197,0.501334,0.50246,0.503574,0.504679,0.505773,0.506857,0.507931,0.508995,0.51005
0.261574,0.262691,0.263849,0.26505,0.266298,0.267597,0.268952,0.270366,0.271846,0.273399,0.275031,0.276753,0.278574,0.280506,0.282565,0.284768,0.287136,0.289698,0.292486,0.295543,0.298924,0.302699,0.306959,0.31182,0.317416,0.323876,0.331241,0.339326,0.347668,0.355727,0.36317,0.369907,0.375983,0.381486,0.386508,0.391125,0.395402,0.39939,0.403131,0.406657,0.409996,0.41317,0.416198,0.419095,0.421874,0.424547,0.427123,0.429611,0.432018,0.43435,0.436613,0.438812,0.440952,0.443035,0.445067,0.44705,0.448987,0.45088,0.452733,0.454547,0.456325,0.458067,0.459777,0.461455,0.463103,0.464722,0.466314,0.467879,0.46942,0.470936,0.472429,0.4739,0.475349,0.476778,0.478187,0.479576,0.480947,0.4823,0.483636,0.484955,0.486258,0.487545,0.488817,0.490074,0.491317,0.492546,0.493761,0.494963,0.496152,0.497329,0.498494,0.499647,0.500789,0.501919,0.503038,0.504147,0.505245,0.506333,0.507412,0.50848,0.509539
0.26143,0.262536,0.263683,0.264872,0.266106,0.267391,0.268729,0.270125,0.271586,0.273117,0.274725,0.276419,0.278209,0.280106,0.282125,0.284281,0.286595,0.289093,0.291804,0.294768,0.298035,0.301667,0.305749,0.310382,0.315692,0.321809,0.328808,0.336595,0.344808,0.352922,0.360531,0.367467,0.373736,0.379412,0.384583,0.389329,0.393716,0.397799,0.401623,0.405222,0.408625,0.411856,0.414935,0.417878,0.4207,0.423411,0.426022,0.428543,0.430979,0.433339,0.435628,0.437851,0.440012,0.442117,0.444169,0.44617,0.448124,0.450035,0.451903,0.453732,0.455524,0.45728,0.459002,0.460692,0.462352,0.463982,0.465585,0.467161,0.468711,0.470237,0.471739,0.473219,0.474677,0.476114,0.477531,0.478928,0.480306,0.481667,0.48301,0.484335,0.485645,0.486938,0.488216,0.48948,0.490728,0.491963,0.493184,0.494391,0.495586,0.496768,0.497937,0.499095,0.500242,0.501377,0.5025,0.503614,0.504716,0.505809,0.506891,0.507963,0.509026
0.261288,0.262384,0.26352,0.264697,0.265918,0.267188,0.26851,0.26989,0.271331,0.272841,0.274426,0.276094,0.277854,0.279717,0.281697,0.283809,0.286072,0.288508,0.291147,0.294024,0.297185,0.300687,0.304604,0.309029,0.314079,0.319877,0.326522,0.333986,0.342008,0.350116,0.357853,0.364976,0.371437,0.37729,0.382615,0.387494,0.391996,0.396179,0.400089,0.403763,0.407233,0.410524,0.413656,0.416647,0.419512,0.422263,0.42491,0.427463,0.429931,0.432319,0.434634,0.436881,0.439066,0.441192,0.443263,0.445284,0.447256,0.449183,0.451068,0.452912,0.454718,0.456487,0.458223,0.459926,0.461597,0.463239,0.464853,0.466439,0.468,0.469535,0.471047,0.472535,0.474002,0.475447,0.476872,0.478277,0.479663,0.481031,0.482381,0.483714,0.48503,0.48633,0.487614,0.488883,0.490138,0.491378,0.492604,0.493817,0.495017,0.496204,0.497379,0.498542,0.499693,0.500833,0.501961,0.503079,0.504186,0.505282,0.506369,0.507446,0.508513
0.261149,0.262235,0.26336,0.264525,0.265734,0.26699,0.268297,0.269659,0.271082,0.272572,0.274134,0.275776,0.277508,0.279339,0.281282,0.283352,0.285565,0.287944,0.290515,0.293311,0.296373,0.299753,0.303519,0.307755,0.312566,0.318071,0.324377,0.331506,0.33929,0.347328,0.355149,0.362438,0.369087,0.375118,0.380603,0.38562,0.390242,0.394528,0.398528,0.402281,0.40582,0.409173,0.41236,0.415401,0.41831,0.421101,0.423786,0.426373,0.428872,0.431289,0.433631,0.435903,0.438111,0.440259,0.442351,0.444391,0.446382,0.448326,0.450227,0.452086,0.453907,0.455691,0.457439,0.459155,0.460839,0.462492,0.464117,0.465714,0.467285,0.46883,0.470351,0.471849,0.473324,0.474778,0.476211,0.477624,0.479018,0.480393,0.48175,0.483089,0.484412,0.485719,0.487009,0.488285,0.489545,0.490791,0.492023,0.493242,0.494447,0.49564,0.496819,0.497987,0.499143,0.500287,0.501421,0.502543,0.503654,0.504755,0.505846,0.506926,0.507997
0.261012,0.262089,0.263203,0.264356,0.265553,0.266795,0.268087,0.269434,0.270839,0.272308,0.273849,0.275466,0.277171,0.278971,0.280878,0.282907,0.285074,0.287399,0.289905,0.292625,0.295594,0.298862,0.302488,0.30655,0.311143,0.316379,0.322366,0.329162,0.336672,0.34458,0.352434,0.359861,0.366688,0.372897,0.378545,0.383706,0.388452,0.392846,0.396939,0.400774,0.404386,0.407802,0.411046,0.414138,0.417094,0.419927,0.42265,0.425272,0.427803,0.43025,0.432619,0.434917,0.437149,0.43932,0.441433,0.443492,0.445501,0.447463,0.44938,0.451256,0.453091,0.454889,0.456652,0.45838,0.460076,0.461741,0.463377,0.464985,0.466566,0.468122,0.469652,0.471159,0.472643,0.474106,0.475547,0.476968,0.47837,0.479752,0.481116,0.482463,0.483793,0.485106,0.486403,0.487684,0.488951,0.490203,0.491441,0.492665,0.493875,0.495073,0.496258,0.497431,0.498592,0.499741,0.500878,0.502005,0.503121,0.504226,0.505321,0.506406,0.507481
0.260878,0.261945,0.263049,0.264191,0.265375,0.266604,0.267882,0.269213,0.270601,0.272051,0.27357,0.275164,0.276842,0.278612,0.280486,0.282476,0.284598,0.286871,0.289317,0.291964,0.294847,0.29801,0.301508,0.30541,0.309803,0.314791,0.320481,0.326951,0.334166,0.341893,0.349724,0.357254,0.364244,0.370629,0.376442,0.38175,0.386626,0.391131,0.395322,0.399242,0.402929,0.406411,0.409714,0.412859,0.415862,0.418739,0.421501,0.424159,0.426723,0.429201,0.431598,0.433923,0.436179,0.438372,0.440507,0.442587,0.444615,0.446594,0.448528,0.45042,0.452271,0.454083,0.455859,0.457601,0.459309,0.460986,0.462634,0.464253,0.465844,0.46741,0.46895,0.470467,0.47196,0.473431,0.47488,0.47631,0.477719,0.479109,0.48048,0.481834,0.483171,0.48449,0.485794,0.487082,0.488354,0.489612,0.490856,0.492085,0.493302,0.494505,0.495695,0.496873,0.498038,0.499192,0.500335,0.501466,0.502586,0.503696,0.504795,0.505884,0.506963
0.260747,0.261804,0.262898,0.264029,0.265201,0.266417,0.267681,0.268996,0.270367,0.271799,0.273297,0.274869,0.276521,0.278262,0.280104,0.282057,0.284137,0.28636,0.288749,0.291328,0.29413,0.297195,0.300574,0.304328,0.308538,0.313298,0.318713,0.32487,0.331779,0.339285,0.347039,0.354629,0.361761,0.368315,0.374294,0.379753,0.384762,0.389384,0.393676,0.397684,0.401448,0.405,0.408364,0.411563,0.414616,0.417537,0.420339,0.423035,0.425633,0.428141,0.430568,0.43292,0.435201,0.437418,0.439574,0.441674,0.443722,0.44572,0.447671,0.449579,0.451445,0.453272,0.455062,0.456817,0.458538,0.460228,0.461887,0.463517,0.465119,0.466695,0.468245,0.469771,0.471273,0.472753,0.474211,0.475648,0.477065,0.478463,0.479842,0.481203,0.482546,0.483873,0.485183,0.486477,0.487756,0.48902,0.490269,0.491505,0.492726,0.493935,0.49513,0.496313,0.497484,0.498642,0.499789,0.500925,0.50205,0.503164,0.504268,0.505361,0.506444
0.260618,0.261666,0.262749,0.26387,0.26503,0.266234,0.267484,0.268784,0.270139,0.271553,0.273031,0.27458,0.276208,0.277921,0.279731,0.281649,0.283688,0.285865,0.288199,0.290714,0.293441,0.296414,0.299682,0.3033,0.307341,0.311892,0.317052,0.322914,0.329517,0.33677,0.344396,0.352,0.359246,0.365958,0.372101,0.377714,0.38286,0.387602,0.391999,0.396099,0.399944,0.403566,0.406994,0.41025,0.413353,0.41632,0.419165,0.421898,0.424531,0.427072,0.429529,0.431908,0.434215,0.436455,0.438634,0.440755,0.442822,0.444839,0.446808,0.448732,0.450614,0.452456,0.45426,0.456029,0.457763,0.459465,0.461136,0.462777,0.46439,0.465976,0.467536,0.469072,0.470583,0.472072,0.473539,0.474984,0.476409,0.477815,0.479201,0.48057,0.48192,0.483253,0.48457,0.485871,0.487156,0.488425,0.489681,0.490922,0.492149,0.493363,0.494563,0.495751,0.496927,0.498091,0.499243,0.500383,0.501513,0.502631,0.503739,0.504836,0.505924
0.260491,0.26153,0.262603,0.263714,0.264863,0.266054,0.267291,0.268577,0.269915,0.271311,0.27277,0.274298,0.275902,0.277589,0.279369,0.281253,0.283253,0.285385,0.287667,0.290122,0.292777,0.295665,0.298829,0.302321,0.306206,0.310565,0.31549,0.321074,0.327377,0.33436,0.341814,0.349384,0.356709,0.363563,0.369866,0.375633,0.380919,0.385785,0.390291,0.394487,0.398415,0.402111,0.405605,0.408919,0.412075,0.415089,0.417977,0.42075,0.423418,0.425992,0.428479,0.430886,0.43322,0.435485,0.437687,0.439829,0.441916,0.443952,0.445939,0.44788,0.449778,0.451635,0.453454,0.455236,0.456983,0.458698,0.460381,0.462033,0.463657,0.465254,0.466824,0.46837,0.46989,0.471388,0.472864,0.474318,0.475751,0.477164,0.478558,0.479934,0.481291,0.482631,0.483955,0.485262,0.486553,0.487829,0.48909,0.490337,0.49157,0.492789,0.493995,0.495188,0.496369,0.497538,0.498694,0.49984,0.500974,0.502096,0.503209,0.504311,0.505402
0.260366,0.261396,0.26246,0.26356,0.264698,0.265878,0.267102,0.268373,0.269696,0.271075,0.272516,0.274023,0.275603,0.277265,0.279016,0.280867,0.28283,0.284919,0.287153,0.28955,0.292137,0.294945,0.298012,0.301386,0.305128,0.30931,0.314018,0.319344,0.325358,0.33206,0.339307,0.346795,0.354162,0.361136,0.36759,0.373511,0.378939,0.383933,0.388551,0.392846,0.396861,0.400634,0.404195,0.40757,0.41078,0.413843,0.416775,0.419588,0.422294,0.424902,0.42742,0.429856,0.432216,0.434507,0.436732,0.438896,0.441004,0.443059,0.445064,0.447022,0.448937,0.450809,0.452643,0.454439,0.4562,0.457927,0.459622,0.461286,0.462921,0.464528,0.466109,0.467664,0.469195,0.470701,0.472186,0.473648,0.47509,0.476511,0.477913,0.479295,0.48066,0.482007,0.483337,0.484651,0.485949,0.487231,0.488498,0.489751,0.490989,0.492214,0.493425,0.494624,0.495809,0.496983,0.498145,0.499294,0.500433,0.501561,0.502677,0.503783,0.504879
0.260244,0.261265,0.26232,0.26341,0.264537,0.265705,0.266916,0.268173,0.269481,0.270844,0.272266,0.273753,0.275312,0.276948,0.278671,0.280491,0.282419,0.284467,0.286654,0.288997,0.29152,0.294252,0.297229,0.300494,0.304102,0.308121,0.312629,0.317714,0.323453,0.329874,0.336888,0.344251,0.351618,0.358684,0.365277,0.371348,0.37692,0.382045,0.386779,0.391176,0.395281,0.399133,0.402764,0.406201,0.409468,0.412581,0.415559,0.418414,0.421157,0.4238,0.426351,0.428816,0.431204,0.43352,0.435769,0.437956,0.440084,0.442159,0.444183,0.446159,0.44809,0.449978,0.451827,0.453637,0.455411,0.457151,0.458859,0.460535,0.462181,0.463799,0.46539,0.466955,0.468496,0.470012,0.471505,0.472976,0.474426,0.475855,0.477264,0.478655,0.480027,0.481381,0.482718,0.484038,0.485342,0.48663,0.487904,0.489162,0.490406,0.491637,0.492853,0.494057,0.495248,0.496427,0.497593,0.498748,0.499891,0.501023,0.502144,0.503255,0.504355
0.260123,0.261136,0.262182,0.263262,0.264379,0.265535,0.266734,0.267978,0.269271,0.270618,0.272022,0.27349,0.275026,0.276639,0.278336,0.280125,0.282018,0.284028,0.28617,0.288461,0.290924,0.293585,0.296477,0.29964,0.303125,0.306992,0.311315,0.316177,0.321657,0.327801,0.334566,0.341766,0.34909,0.356217,0.362932,0.369147,0.374863,0.38012,0.384974,0.389476,0.393673,0.397607,0.401311,0.404814,0.408138,0.411304,0.414328,0.417226,0.420009,0.422687,0.425271,0.427767,0.430183,0.432525,0.434798,0.437008,0.439158,0.441253,0.443296,0.44529,0.447238,0.449142,0.451006,0.45283,0.454619,0.456372,0.458091,0.45978,0.461438,0.463067,0.464668,0.466244,0.467793,0.469319,0.470821,0.472301,0.473759,0.475196,0.476614,0.478012,0.479391,0.480752,0.482096,0.483423,0.484733,0.486028,0.487307,0.488572,0.489822,0.491058,0.49228,0.493489,0.494685,0.495869,0.49704,0.4982,0.499348,0.500484,0.50161,0.502725,0.503829
0.260005,0.26101,0.262047,0.263117,0.264223,0.265368,0.266555,0.267786,0.269065,0.270396,0.271783,0.273232,0.274748,0.276337,0.278008,0.279768,0.281629,0.283601,0.2857,0.287942,0.290348,0.292942,0.295754,0.298822,0.302191,0.305918,0.31007,0.314726,0.319963,0.32584,0.332347,0.339353,0.346592,0.353745,0.360561,0.36691,0.372767,0.378159,0.383134,0.387745,0.392039,0.396058,0.399837,0.403406,0.40679,0.41001,0.413083,0.416025,0.418848,0.421563,0.42418,0.426708,0.429153,0.431522,0.43382,0.436053,0.438225,0.44034,0.442402,0.444415,0.44638,0.448301,0.45018,0.452019,0.453821,0.455588,0.45732,0.459021,0.46069,0.462331,0.463943,0.465528,0.467088,0.468623,0.470134,0.471623,0.473089,0.474535,0.47596,0.477366,0.478753,0.480121,0.481472,0.482805,0.484122,0.485423,0.486709,0.487979,0.489235,0.490477,0.491705,0.492919,0.494121,0.495309,0.496486,0.49765,0.498803,0.499944,0.501074,0.502193,0.503302
0.259889,0.260886,0.261914,0.262975,0.264071,0.265205,0.26638,0.267598,0.268863,0.270179,0.271549,0.27298,0.274475,0.276042,0.277688,0.279421,0.28125,0.283186,0.285245,0.28744,0.289791,0.292321,0.295058,0.298037,0.301299,0.304896,0.30889,0.313353,0.318363,0.323984,0.330233,0.337023,0.34414,0.351282,0.358171,0.364643,0.370636,0.376162,0.381261,0.385984,0.390376,0.394483,0.39834,0.401978,0.405424,0.408699,0.411823,0.41481,0.417674,0.420427,0.423079,0.425638,0.428113,0.430509,0.432833,0.43509,0.437285,0.439421,0.441503,0.443534,0.445516,0.447454,0.449349,0.451203,0.453019,0.454799,0.456545,0.458258,0.459939,0.461591,0.463214,0.46481,0.466379,0.467924,0.469444,0.470942,0.472417,0.473871,0.475304,0.476718,0.478112,0.479488,0.480845,0.482186,0.48351,0.484817,0.486109,0.487385,0.488647,0.489894,0.491128,0.492348,0.493554,0.494748,0.495929,0.497099,0.498256,0.499402,0.500537,0.50166,0.502773
0.259775,0.260764,0.261783,0.262835,0.263921,0.265045,0.266208,0.267413,0.268665,0.269966,0.27132,0.272733,0.274209,0.275754,0.277376,0.279081,0.28088,0.282783,0.284802,0.286952,0.289252,0.291722,0.294388,0.297283,0.300444,0.30392,0.307767,0.312053,0.316852,0.32223,0.328223,0.334784,0.341746,0.348838,0.355773,0.362348,0.368471,0.37413,0.379355,0.384191,0.388685,0.392882,0.39682,0.400529,0.404039,0.407372,0.410546,0.41358,0.416487,0.419279,0.421967,0.424559,0.427064,0.429488,0.431838,0.43412,0.436337,0.438495,0.440597,0.442646,0.444647,0.446601,0.448512,0.450382,0.452213,0.454006,0.455765,0.45749,0.459184,0.460847,0.462481,0.464087,0.465667,0.467222,0.468752,0.470258,0.471742,0.473204,0.474646,0.476067,0.477469,0.478852,0.480217,0.481564,0.482894,0.484208,0.485506,0.486789,0.488057,0.48931,0.490549,0.491774,0.492986,0.494185,0.495372,0.496546,0.497708,0.498859,0.499998,0.501126,0.502244
0.259663,0.260644,0.261655,0.262697,0.263774,0.264887,0.266039,0.267232,0.268471,0.269757,0.271096,0.272491,0.273948,0.275473,0.277071,0.27875,0.28052,0.28239,0.284371,0.286479,0.288729,0.291142,0.293742,0.296558,0.299625,0.302988,0.306699,0.31082,0.315421,0.320571,0.326316,0.33264,0.339422,0.346427,0.353375,0.360034,0.366276,0.372064,0.377414,0.382366,0.386965,0.391255,0.395275,0.399059,0.402634,0.406026,0.409254,0.412336,0.415287,0.418119,0.420843,0.423469,0.426005,0.428458,0.430835,0.433141,0.435382,0.437562,0.439684,0.441753,0.443772,0.445744,0.447671,0.449556,0.451401,0.453209,0.454981,0.456719,0.458425,0.4601,0.461745,0.463362,0.464952,0.466516,0.468056,0.469571,0.471064,0.472535,0.473985,0.475414,0.476823,0.478214,0.479586,0.48094,0.482277,0.483598,0.484902,0.486191,0.487465,0.488724,0.489968,0.491199,0.492416,0.493621,0.494812,0.495991,0.497159,0.498314,0.499458,0.50059,0.501712
0.259553,0.260526,0.261528,0.262562,0.26363,0.264732,0.265873,0.267055,0.26828,0.269553,0.270876,0.272255,0.273693,0.275197,0.276773,0.278427,0.280169,0.282007,0.283953,0.286019,0.288223,0.290582,0.293118,0.29586,0.298839,0.302096,0.30568,0.309648,0.314066,0.319002,0.324508,0.330592,0.337175,0.344062,0.350989,0.357706,0.364054,0.369966,0.375441,0.38051,0.385216,0.389602,0.393707,0.397567,0.40121,0.404663,0.407946,0.411077,0.414073,0.416946,0.419708,0.422368,0.424936,0.427419,0.429823,0.432155,0.434419,0.436621,0.438765,0.440853,0.442891,0.44488,0.446824,0.448725,0.450585,0.452407,0.454193,0.455944,0.457662,0.459348,0.461005,0.462633,0.464233,0.465808,0.467357,0.468882,0.470383,0.471863,0.473321,0.474758,0.476175,0.477573,0.478952,0.480314,0.481658,0.482985,0.484296,0.485591,0.48687,0.488135,0.489386,0.490622,0.491845,0.493055,0.494251,0.495435,0.496607,0.497768,0.498916,0.500053,0.50118
0.259445,0.26041,0.261405,0.26243,0.263488,0.264581,0.265711,0.266881,0.268093,0.269352,0.270661,0.272023,0.273444,0.274928,0.276482,0.278112,0.279826,0.281634,0.283545,0.285573,0.287732,0.290039,0.292516,0.295187,0.298083,0.301242,0.304707,0.308533,0.31278,0.317515,0.322794,0.328642,0.335012,0.341753,0.348625,0.355374,0.36181,0.367838,0.373435,0.378622,0.383437,0.387921,0.392114,0.396052,0.399765,0.403281,0.40662,0.409803,0.412845,0.41576,0.41856,0.421256,0.423857,0.42637,0.428802,0.43116,0.433449,0.435674,0.437839,0.439947,0.442004,0.444011,0.445972,0.447889,0.449764,0.451601,0.4534,0.455164,0.456895,0.458593,0.460261,0.4619,0.463511,0.465096,0.466655,0.468189,0.4697,0.471188,0.472654,0.474099,0.475525,0.47693,0.478317,0.479685,0.481036,0.48237,0.483687,0.484989,0.486274,0.487545,0.488801,0.490043,0.491272,0.492487,0.493689,0.494878,0.496055,0.49722,0.498373,0.499515,0.500646
0.259338,0.260296,0.261283,0.2623,0.263349,0.264432,0.265551,0.26671,0.26791,0.269156,0.27045,0.271796,0.273199,0.274664,0.276197,0.277804,0.279492,0.28127,0.283149,0.285139,0.287255,0.289513,0.291933,0.294538,0.297356,0.300422,0.303777,0.30747,0.311558,0.316106,0.32117,0.326787,0.332938,0.33951,0.346296,0.353047,0.359552,0.365684,0.371399,0.376703,0.381628,0.386212,0.390495,0.394514,0.3983,0.40188,0.405278,0.408513,0.411603,0.414561,0.417401,0.420134,0.422768,0.425312,0.427773,0.430157,0.432471,0.434719,0.436906,0.439035,0.441111,0.443136,0.445114,0.447047,0.448938,0.450789,0.452603,0.45438,0.456124,0.457834,0.459514,0.461164,0.462786,0.464381,0.465949,0.467493,0.469013,0.47051,0.471985,0.473438,0.474871,0.476285,0.477679,0.479054,0.480412,0.481753,0.483077,0.484384,0.485676,0.486953,0.488215,0.489463,0.490697,0.491917,0.493124,0.494319,0.495501,0.49667,0.497828,0.498975,0.50011
0.259234,0.260185,0.261163,0.262172,0.263212,0.264285,0.265394,0.266542,0.26773,0.268963,0.270243,0.271573,0.27296,0.274406,0.275919,0.277503,0.279166,0.280916,0.282763,0.284717,0.286792,0.289004,0.291369,0.293911,0.296656,0.299634,0.302886,0.306455,0.310396,0.314768,0.319629,0.325024,0.330954,0.33734,0.344012,0.350735,0.357285,0.363508,0.369335,0.374755,0.37979,0.384476,0.388851,0.392953,0.396813,0.40046,0.403917,0.407207,0.410345,0.413349,0.41623,0.418999,0.421668,0.424243,0.426734,0.429146,0.431485,0.433757,0.435966,0.438116,0.440211,0.442255,0.444251,0.4462,0.448107,0.449973,0.451801,0.453592,0.455348,0.457071,0.458763,0.460424,0.462057,0.463662,0.465241,0.466794,0.468323,0.469829,0.471313,0.472775,0.474216,0.475637,0.477038,0.478421,0.479786,0.481133,0.482464,0.483778,0.485076,0.486359,0.487627,0.488881,0.49012,0.491346,0.492558,0.493758,0.494945,0.496119,0.497282,0.498433,0.499573
0.259131,0.260075,0.261046,0.262046,0.263077,0.264141,0.265241,0.266377,0.267554,0.268774,0.27004,0.271356,0.272725,0.274154,0.275646,0.277208,0.278847,0.28057,0.282386,0.284306,0.286342,0.288509,0.290823,0.293306,0.295981,0.298877,0.302031,0.305485,0.309288,0.313496,0.318168,0.32335,0.32906,0.335249,0.341783,0.348448,0.355018,0.361316,0.367245,0.372777,0.377922,0.382712,0.387181,0.391368,0.395304,0.39902,0.402539,0.405884,0.409073,0.412123,0.415045,0.417853,0.420557,0.423165,0.425686,0.428126,0.430491,0.432787,0.435018,0.43719,0.439305,0.441368,0.443382,0.445348,0.447271,0.449153,0.450995,0.452799,0.454569,0.456304,0.458008,0.459681,0.461324,0.46294,0.464529,0.466092,0.467631,0.469146,0.470638,0.472108,0.473557,0.474986,0.476395,0.477786,0.479158,0.480512,0.481849,0.48317,0.484474,0.485763,0.487037,0.488296,0.489542,0.490773,0.491991,0.493195,0.494387,0.495567,0.496734,0.49789,0.499035
0.25903,0.259967,0.26093,0.261923,0.262945,0.264,0.26509,0.266216,0.267381,0.268588,0.269841,0.271142,0.272496,0.273907,0.27538,0.276921,0.278536,0.280233,0.282019,0.283906,0.285905,0.288029,0.290294,0.29272,0.295329,0.298149,0.301212,0.304557,0.308231,0.312286,0.316779,0.321759,0.327254,0.333241,0.339616,0.346197,0.35276,0.359113,0.365134,0.370773,0.376027,0.38092,0.385486,0.389759,0.393774,0.39756,0.401143,0.404545,0.407786,0.410882,0.413848,0.416695,0.419435,0.422077,0.424628,0.427096,0.429488,0.431809,0.434064,0.436257,0.438393,0.440475,0.442507,0.444491,0.44643,0.448327,0.450183,0.452002,0.453785,0.455533,0.457249,0.458934,0.460588,0.462215,0.463814,0.465387,0.466935,0.468459,0.46996,0.471439,0.472896,0.474333,0.47575,0.477148,0.478527,0.479888,0.481232,0.482559,0.48387,0.485165,0.486445,0.48771,0.488961,0.490198,0.491421,0.492631,0.493828,0.495013,0.496185,0.497346,0.498495
0.258931,0.259861,0.260817,0.261801,0.262816,0.263862,0.264941,0.266057,0.267211,0.268406,0.269646,0.270933,0.272271,0.273665,0.275119,0.27664,0.278232,0.279903,0.281662,0.283517,0.28548,0.287563,0.289781,0.292153,0.2947,0.297446,0.300424,0.303668,0.307221,0.311134,0.315459,0.320247,0.325534,0.331316,0.337519,0.343989,0.350519,0.356905,0.363004,0.368743,0.374104,0.379101,0.383764,0.388126,0.392221,0.396079,0.399727,0.403189,0.406483,0.409628,0.412637,0.415525,0.418302,0.420978,0.423561,0.426058,0.428477,0.430824,0.433102,0.435318,0.437474,0.439576,0.441626,0.443628,0.445583,0.447496,0.449368,0.451201,0.452997,0.454758,0.456486,0.458183,0.459849,0.461486,0.463096,0.464679,0.466236,0.46777,0.46928,0.470767,0.472233,0.473678,0.475102,0.476508,0.477894,0.479262,0.480613,0.481947,0.483264,0.484566,0.485852,0.487123,0.488379,0.489621,0.49085,0.492065,0.493268,0.494457,0.495635,0.4968,0.497954
0.258834,0.259757,0.260706,0.261682,0.262688,0.263725,0.264796,0.265901,0.267044,0.268227,0.269454,0.270727,0.27205,0.273428,0.274864,0.276364,0.277935,0.279581,0.281313,0.283137,0.285065,0.28711,0.289284,0.291604,0.294092,0.296769,0.299666,0.302814,0.306255,0.310034,0.314202,0.31881,0.323897,0.329475,0.335495,0.341834,0.348304,0.354701,0.360863,0.366692,0.372155,0.377255,0.382016,0.386468,0.390645,0.394578,0.398293,0.401815,0.405164,0.408358,0.411413,0.414343,0.417158,0.419868,0.422483,0.425011,0.427458,0.42983,0.432133,0.434371,0.436549,0.438671,0.44074,0.442759,0.444732,0.44666,0.448547,0.450394,0.452204,0.453979,0.455719,0.457428,0.459105,0.460754,0.462374,0.463967,0.465535,0.467077,0.468596,0.470092,0.471567,0.473019,0.474452,0.475865,0.477259,0.478634,0.479992,0.481332,0.482656,0.483964,0.485256,0.486533,0.487795,0.489043,0.490277,0.491498,0.492705,0.4939,0.495082,0.496252,0.497411
0.258738,0.259654,0.260596,0.261565,0.262563,0.263591,0.264652,0.265748,0.26688,0.268052,0.269266,0.270526,0.271834,0.273196,0.274614,0.276095,0.277644,0.279267,0.280972,0.282767,0.284662,0.286669,0.2888,0.291072,0.293503,0.296116,0.298936,0.301995,0.30533,0.308983,0.313004,0.317442,0.322339,0.327716,0.333548,0.339739,0.346125,0.352509,0.358714,0.364623,0.370183,0.375384,0.380242,0.384786,0.389047,0.393055,0.396839,0.400423,0.403829,0.407074,0.410176,0.413147,0.416001,0.418748,0.421396,0.423954,0.42643,0.428828,0.431156,0.433417,0.435617,0.437759,0.439847,0.441885,0.443874,0.445819,0.447721,0.449584,0.451408,0.453195,0.454949,0.456669,0.458358,0.460018,0.461649,0.463252,0.46483,0.466382,0.46791,0.469415,0.470898,0.472359,0.473799,0.47522,0.476621,0.478004,0.479368,0.480715,0.482046,0.48336,0.484658,0.485941,0.487209,0.488463,0.489703,0.490929,0.492141,0.493341,0.494528,0.495703,0.496867
0.258644,0.259553,0.260488,0.26145,0.26244,0.26346,0.264512,0.265598,0.26672,0.26788,0.269082,0.270328,0.271623,0.272968,0.27437,0.275832,0.27736,0.27896,0.28064,0.282406,0.28427,0.28624,0.288331,0.290556,0.292934,0.295484,0.298232,0.301206,0.304442,0.307979,0.311862,0.316139,0.320855,0.326038,0.331679,0.337709,0.34399,0.350336,0.356564,0.36254,0.36819,0.373488,0.378443,0.383079,0.387425,0.391511,0.395366,0.399013,0.402477,0.405775,0.408924,0.411939,0.414833,0.417616,0.420299,0.422888,0.425392,0.427818,0.430171,0.432456,0.434678,0.436841,0.438948,0.441004,0.443012,0.444973,0.446891,0.448768,0.450606,0.452407,0.454174,0.455907,0.457608,0.459278,0.46092,0.462534,0.464121,0.465683,0.467221,0.468735,0.470226,0.471695,0.473144,0.474572,0.475981,0.477371,0.478742,0.480097,0.481434,0.482754,0.484059,0.485348,0.486622,0.487881,0.489126,0.490358,0.491576,0.492781,0.493973,0.495153,0.496321
0.258551,0.259454,0.260383,0.261337,0.262319,0.263331,0.264374,0.26545,0.266562,0.267711,0.268901,0.270135,0.271415,0.272745,0.27413,0.275574,0.277082,0.27866,0.280315,0.282054,0.283887,0.285823,0.287874,0.290055,0.292382,0.294873,0.297553,0.300448,0.30359,0.307016,0.31077,0.314897,0.319442,0.324437,0.329889,0.335748,0.341905,0.34819,0.354421,0.360448,0.366178,0.371569,0.37662,0.381348,0.385781,0.389946,0.393872,0.397585,0.401108,0.404459,0.407658,0.410718,0.413653,0.416474,0.419191,0.421812,0.424346,0.426799,0.429178,0.431487,0.433732,0.435916,0.438043,0.440118,0.442143,0.444121,0.446055,0.447948,0.4498,0.451615,0.453395,0.45514,0.456853,0.458535,0.460188,0.461813,0.46341,0.464982,0.466528,0.468051,0.469551,0.471029,0.472486,0.473922,0.475338,0.476736,0.478114,0.479475,0.480819,0.482146,0.483457,0.484752,0.486032,0.487297,0.488548,0.489785,0.491008,0.492219,0.493416,0.494601,0.495774
0.25846,0.259357,0.260279,0.261226,0.2622,0.263204,0.264238,0.265305,0.266407,0.267545,0.268724,0.269945,0.271211,0.272527,0.273895,0.275322,0.27681,0.278367,0.279998,0.281711,0.283514,0.285417,0.287431,0.289569,0.291847,0.294282,0.296897,0.299717,0.302771,0.306094,0.309726,0.313712,0.318094,0.322911,0.328175,0.333859,0.339877,0.34608,0.352292,0.358353,0.364151,0.36963,0.374774,0.379594,0.384113,0.388359,0.392358,0.396138,0.399722,0.403129,0.406377,0.409483,0.41246,0.415319,0.418072,0.420726,0.423291,0.425772,0.428177,0.430511,0.432778,0.434984,0.437132,0.439226,0.441269,0.443265,0.445215,0.447122,0.44899,0.450819,0.452611,0.45437,0.456095,0.457789,0.459452,0.461088,0.462695,0.464277,0.465833,0.467365,0.468874,0.470361,0.471825,0.473269,0.474693,0.476098,0.477484,0.478852,0.480203,0.481536,0.482853,0.484155,0.485441,0.486712,0.487968,0.489211,0.490439,0.491655,0.492857,0.494047,0.495225
0.258371,0.259262,0.260176,0.261116,0.262084,0.263079,0.264105,0.265163,0.266254,0.267383,0.26855,0.269758,0.271011,0.272313,0.273665,0.275074,0.276544,0.27808,0.279688,0.281375,0.28315,0.285021,0.286999,0.289096,0.291328,0.29371,0.296264,0.299012,0.301983,0.305209,0.308727,0.31258,0.316809,0.321454,0.326536,0.332043,0.33791,0.344012,0.350184,0.35626,0.362114,0.367672,0.372906,0.377817,0.382423,0.38675,0.390824,0.394673,0.398318,0.401781,0.405082,0.408235,0.411254,0.414153,0.416942,0.41963,0.422226,0.424736,0.427168,0.429527,0.431818,0.434046,0.436214,0.438328,0.44039,0.442402,0.444369,0.446292,0.448175,0.450018,0.451824,0.453595,0.455333,0.457038,0.458713,0.460359,0.461978,0.463569,0.465135,0.466676,0.468194,0.469689,0.471162,0.472614,0.474046,0.475458,0.476852,0.478227,0.479584,0.480924,0.482248,0.483555,0.484847,0.486124,0.487387,0.488635,0.489869,0.49109,0.492297,0.493492,0.494675
0.258283,0.259168,0.260076,0.261009,0.261969,0.262956,0.263974,0.265023,0.266105,0.267223,0.268379,0.269575,0.270815,0.272102,0.27344,0.274832,0.276284,0.277799,0.279385,0.281048,0.282795,0.284635,0.286578,0.288637,0.290824,0.293156,0.295651,0.298332,0.301224,0.304358,0.307769,0.311497,0.315582,0.320064,0.324971,0.3303,0.336009,0.341993,0.348104,0.354176,0.360072,0.3657,0.371018,0.376017,0.38071,0.385119,0.38927,0.393188,0.396897,0.400418,0.403771,0.406972,0.410036,0.412976,0.415802,0.418524,0.421151,0.423691,0.426151,0.428535,0.43085,0.4331,0.43529,0.437424,0.439504,0.441535,0.443518,0.445457,0.447355,0.449212,0.451032,0.452816,0.454566,0.456284,0.457971,0.459628,0.461256,0.462858,0.464434,0.465984,0.467511,0.469015,0.470496,0.471957,0.473396,0.474816,0.476217,0.477599,0.478963,0.48031,0.48164,0.482954,0.484252,0.485535,0.486803,0.488057,0.489296,0.490523,0.491735,0.492935,0.494123
0.258197,0.259075,0.259977,0.260903,0.261856,0.262836,0.263845,0.264885,0.265958,0.267066,0.268211,0.269396,0.270623,0.271896,0.273219,0.274595,0.276028,0.277525,0.279089,0.280728,0.282448,0.284259,0.286169,0.28819,0.290335,0.292618,0.295058,0.297674,0.300492,0.30354,0.30685,0.31046,0.31441,0.318738,0.323474,0.32863,0.334175,0.340028,0.346058,0.352107,0.358028,0.363716,0.369112,0.374197,0.378976,0.383467,0.387695,0.391683,0.395457,0.399038,0.402445,0.405696,0.408805,0.411786,0.41465,0.417407,0.420067,0.422637,0.425125,0.427535,0.429875,0.432148,0.434359,0.436513,0.438613,0.440661,0.442662,0.444617,0.44653,0.448402,0.450236,0.452033,0.453796,0.455526,0.457224,0.458892,0.460532,0.462144,0.463729,0.465289,0.466825,0.468338,0.469828,0.471296,0.472744,0.474171,0.47558,0.476969,0.47834,0.479694,0.48103,0.482351,0.483655,0.484944,0.486218,0.487477,0.488722,0.489954,0.491172,0.492377,0.49357
0.258112,0.258984,0.25988,0.2608,0.261745,0.262718,0.263719,0.26475,0.265814,0.266912,0.268046,0.269219,0.270434,0.271694,0.273003,0.274363,0.275779,0.277256,0.278799,0.280415,0.28211,0.283892,0.28577,0.287755,0.289859,0.292096,0.294483,0.297039,0.299786,0.302753,0.305968,0.309467,0.313288,0.31747,0.322045,0.327029,0.332408,0.338121,0.344055,0.350061,0.35599,0.361724,0.36719,0.372357,0.37722,0.381794,0.386099,0.39016,0.394,0.397641,0.401103,0.404404,0.40756,0.410583,0.413486,0.41628,0.418973,0.421574,0.42409,0.426527,0.428892,0.431189,0.433422,0.435596,0.437715,0.439782,0.4418,0.443772,0.4457,0.447587,0.449435,0.451246,0.453022,0.454764,0.456474,0.458154,0.459804,0.461426,0.463022,0.464591,0.466137,0.467658,0.469157,0.470634,0.472089,0.473524,0.47494,0.476337,0.477715,0.479075,0.480419,0.481745,0.483056,0.484351,0.485631,0.486896,0.488147,0.489383,0.490607,0.491817,0.493015
0.258029,0.258895,0.259784,0.260698,0.261636,0.262601,0.263594,0.264617,0.265672,0.26676,0.267884,0.269046,0.270249,0.271496,0.27279,0.274135,0.275534,0.276993,0.278516,0.280109,0.281779,0.283534,0.285381,0.287332,0.289397,0.29159,0.293926,0.296424,0.299105,0.301994,0.305119,0.308514,0.312215,0.316258,0.320678,0.325497,0.330711,0.336276,0.342098,0.348043,0.353962,0.35973,0.365257,0.3705,0.375445,0.3801,0.384483,0.388617,0.392524,0.396227,0.399746,0.403099,0.406302,0.409368,0.412311,0.415142,0.417869,0.420502,0.423047,0.425511,0.427901,0.430222,0.432478,0.434673,0.436812,0.438897,0.440933,0.442922,0.444866,0.446768,0.44863,0.450455,0.452244,0.453998,0.45572,0.457411,0.459072,0.460705,0.462311,0.46389,0.465445,0.466976,0.468483,0.469968,0.471432,0.472875,0.474298,0.475702,0.477087,0.478455,0.479805,0.481138,0.482455,0.483756,0.485042,0.486313,0.487569,0.488811,0.49004,0.491256,0.492458
0.257946,0.258807,0.259691,0.260597,0.261529,0.262487,0.263472,0.264487,0.265533,0.266611,0.267725,0.268876,0.270068,0.271302,0.272582,0.273911,0.275294,0.276735,0.278238,0.27981,0.281456,0.283184,0.285002,0.286919,0.288947,0.291097,0.293386,0.295829,0.298446,0.301262,0.304303,0.307599,0.311186,0.315098,0.319371,0.32403,0.329081,0.334493,0.340192,0.346059,0.351952,0.357737,0.363315,0.368627,0.373651,0.378386,0.382847,0.387055,0.39103,0.394796,0.398373,0.401778,0.405029,0.408141,0.411125,0.413993,0.416755,0.419419,0.421994,0.424487,0.426903,0.429248,0.431526,0.433743,0.435902,0.438007,0.44006,0.442066,0.444026,0.445944,0.447821,0.449659,0.451461,0.453229,0.454963,0.456665,0.458338,0.459981,0.461597,0.463186,0.46475,0.46629,0.467806,0.4693,0.470772,0.472223,0.473654,0.475065,0.476458,0.477832,0.479189,0.480529,0.481852,0.483159,0.484451,0.485728,0.48699,0.488238,0.489472,0.490692,0.4919
0.257866,0.258721,0.259598,0.260499,0.261424,0.262374,0.263352,0.264359,0.265396,0.266465,0.267569,0.26871,0.269889,0.271111,0.272377,0.273692,0.275059,0.276483,0.277967,0.279518,0.281141,0.282843,0.284632,0.286517,0.288509,0.290619,0.292861,0.295252,0.297809,0.300555,0.303516,0.306719,0.310198,0.313988,0.318121,0.322627,0.327517,0.332774,0.338341,0.344116,0.349964,0.355752,0.361368,0.366742,0.37184,0.376654,0.381192,0.385473,0.389518,0.393348,0.396983,0.400443,0.403743,0.4069,0.409926,0.412832,0.41563,0.418327,0.420933,0.423454,0.425896,0.428266,0.430568,0.432806,0.434986,0.43711,0.439182,0.441205,0.443182,0.445115,0.447007,0.448859,0.450675,0.452455,0.454201,0.455916,0.457599,0.459253,0.46088,0.462479,0.464053,0.465602,0.467127,0.468629,0.470109,0.471568,0.473007,0.474426,0.475826,0.477207,0.478571,0.479917,0.481247,0.48256,0.483858,0.485141,0.486409,0.487662,0.488902,0.490128,0.49134
0.257787,0.258636,0.259508,0.260402,0.26132,0.262264,0.263234,0.264233,0.265261,0.266321,0.267416,0.268546,0.269714,0.270924,0.272177,0.273478,0.274829,0.276235,0.277701,0.279232,0.280832,0.28251,0.284271,0.286126,0.288083,0.290154,0.292352,0.294692,0.297192,0.299873,0.302757,0.305873,0.309251,0.312923,0.316924,0.321283,0.326017,0.33112,0.336548,0.342217,0.348005,0.353779,0.359421,0.364848,0.370014,0.374903,0.379518,0.383873,0.387987,0.391882,0.395577,0.399092,0.402443,0.405646,0.408714,0.41166,0.414494,0.417226,0.419862,0.422412,0.424882,0.427277,0.429602,0.431863,0.434064,0.436207,0.438298,0.440339,0.442332,0.444281,0.446188,0.448055,0.449884,0.451677,0.453436,0.455162,0.456857,0.458523,0.460159,0.461769,0.463352,0.46491,0.466445,0.467956,0.469444,0.470911,0.472358,0.473784,0.475192,0.47658,0.477951,0.479304,0.48064,0.48196,0.483263,0.484552,0.485826,0.487085,0.48833,0.489561,0.490779
0.257709,0.258553,0.259419,0.260307,0.261218,0.262155,0.263118,0.264109,0.265129,0.26618,0.267265,0.268385,0.269542,0.27074,0.27198,0.273267,0.274603,0.275993,0.277441,0.278952,0.28053,0.282184,0.283919,0.285744,0.287668,0.289701,0.291857,0.29415,0.296595,0.299213,0.302026,0.305058,0.30834,0.311902,0.315778,0.319996,0.324579,0.329529,0.334814,0.340367,0.34608,0.351824,0.357478,0.362948,0.368176,0.373136,0.377826,0.382254,0.386439,0.390399,0.394155,0.397726,0.401128,0.404379,0.407491,0.410477,0.413348,0.416114,0.418783,0.421362,0.423859,0.42628,0.42863,0.430913,0.433135,0.435299,0.437408,0.439467,0.441477,0.443442,0.445364,0.447246,0.449089,0.450895,0.452667,0.454405,0.456112,0.457788,0.459436,0.461055,0.462649,0.464216,0.46576,0.467279,0.468777,0.470252,0.471706,0.47314,0.474555,0.475951,0.477328,0.478688,0.480031,0.481357,0.482667,0.483961,0.485241,0.486506,0.487756,0.488993,0.490216
0.257632,0.258471,0.259331,0.260213,0.261118,0.262048,0.263004,0.263987,0.264999,0.266042,0.267117,0.268227,0.269373,0.270559,0.271787,0.27306,0.274382,0.275756,0.277186,0.278678,0.280235,0.281865,0.283575,0.285371,0.287263,0.289261,0.291376,0.293623,0.296016,0.298575,0.301319,0.304273,0.307464,0.310922,0.314678,0.318763,0.323201,0.328,0.333141,0.33857,0.344193,0.349892,0.355543,0.361045,0.366327,0.371355,0.376116,0.380617,0.384872,0.388899,0.392716,0.396344,0.399799,0.403098,0.406255,0.409282,0.412191,0.414992,0.417693,0.420303,0.422828,0.425275,0.427649,0.429956,0.432199,0.434384,0.436513,0.438589,0.440617,0.442598,0.444536,0.446432,0.44829,0.450109,0.451894,0.453644,0.455363,0.45705,0.458708,0.460339,0.461942,0.463519,0.465072,0.4666,0.468106,0.46959,0.471052,0.472494,0.473916,0.475319,0.476704,0.47807,0.47942,0.480752,0.482068,0.483369,0.484654,0.485925,0.487181,0.488423,0.489652
0.257557,0.25839,0.259245,0.260121,0.26102,0.261943,0.262892,0.263867,0.264871,0.265905,0.266971,0.268071,0.269207,0.270382,0.271598,0.272858,0.274165,0.275523,0.276936,0.278409,0.279947,0.281554,0.283239,0.285007,0.286869,0.288832,0.290909,0.293111,0.295455,0.297957,0.300636,0.303515,0.30662,0.309979,0.313623,0.317582,0.32188,0.326531,0.331527,0.336826,0.34235,0.347989,0.353623,0.359143,0.364471,0.36956,0.374391,0.378964,0.383288,0.387381,0.391261,0.394947,0.398455,0.401804,0.405006,0.408075,0.411023,0.413859,0.416594,0.419234,0.421789,0.424262,0.426662,0.428992,0.431257,0.433463,0.435611,0.437706,0.439752,0.44175,0.443703,0.445614,0.447486,0.449319,0.451116,0.452879,0.45461,0.456309,0.457978,0.459619,0.461232,0.462819,0.464381,0.465919,0.467433,0.468925,0.470396,0.471845,0.473275,0.474685,0.476077,0.47745,0.478806,0.480145,0.481468,0.482775,0.484066,0.485342,0.486604,0.487852,0.489086
0.257483,0.258311,0.25916,0.26003,0.260923,0.26184,0.262781,0.26375,0.264746,0.265771,0.266828,0.267919,0.269045,0.270208,0.271412,0.272659,0.273952,0.275295,0.276692,0.278147,0.279664,0.28125,0.28291,0.284652,0.286484,0.288414,0.290454,0.292614,0.29491,0.297358,0.299975,0.302783,0.305807,0.309073,0.31261,0.316448,0.320613,0.325122,0.329973,0.335139,0.340553,0.346119,0.351721,0.357248,0.362612,0.367756,0.372652,0.377293,0.381687,0.385847,0.389789,0.393534,0.397097,0.400495,0.403744,0.406856,0.409843,0.412716,0.415485,0.418157,0.42074,0.423242,0.425667,0.428021,0.430309,0.432535,0.434703,0.436818,0.438881,0.440896,0.442865,0.444792,0.446678,0.448525,0.450335,0.452111,0.453853,0.455564,0.457244,0.458895,0.460519,0.462116,0.463687,0.465234,0.466757,0.468258,0.469736,0.471194,0.472631,0.474049,0.475448,0.476828,0.478191,0.479537,0.480866,0.482179,0.483476,0.484758,0.486026,0.487279,0.488518
0.25741,0.258233,0.259077,0.259941,0.260828,0.261738,0.262673,0.263634,0.264622,0.26564,0.266688,0.267769,0.268885,0.270037,0.271229,0.272464,0.273743,0.275072,0.276452,0.277889,0.279387,0.280952,0.282589,0.284305,0.286108,0.288007,0.29001,0.292131,0.294381,0.296777,0.299335,0.302076,0.305023,0.3082,0.311636,0.31536,0.319397,0.323768,0.328478,0.333508,0.338806,0.344287,0.349843,0.355363,0.360752,0.365943,0.3709,0.375608,0.380069,0.384295,0.388302,0.392105,0.395724,0.399173,0.402469,0.405625,0.408652,0.411563,0.414366,0.41707,0.419683,0.422213,0.424664,0.427042,0.429353,0.431601,0.43379,0.435923,0.438004,0.440036,0.442022,0.443964,0.445865,0.447726,0.44955,0.451338,0.453093,0.454815,0.456507,0.458169,0.459803,0.461409,0.46299,0.464546,0.466079,0.467588,0.469075,0.47054,0.471985,0.473411,0.474817,0.476204,0.477574,0.478926,0.480261,0.481581,0.482884,0.484172,0.485445,0.486704,0.487949
0.257339,0.258157,0.258995,0.259854,0.260734,0.261638,0.262567,0.26352,0.264501,0.26551,0.26655,0.267622,0.268727,0.269869,0.27105,0.272272,0.273538,0.274852,0.276217,0.277637,0.279117,0.280661,0.282275,0.283967,0.285742,0.287609,0.289579,0.291661,0.293868,0.296214,0.298716,0.301393,0.304266,0.307359,0.3107,0.314314,0.31823,0.322469,0.32704,0.331933,0.337109,0.342496,0.347993,0.353493,0.358895,0.364125,0.369137,0.373909,0.378436,0.382728,0.386798,0.390661,0.394336,0.397837,0.401181,0.404381,0.40745,0.410398,0.413237,0.415974,0.418618,0.421175,0.423653,0.426056,0.428391,0.43066,0.43287,0.435023,0.437122,0.439172,0.441174,0.443132,0.445048,0.446923,0.448761,0.450562,0.452329,0.454063,0.455766,0.457439,0.459083,0.4607,0.462291,0.463856,0.465397,0.466915,0.46841,0.469884,0.471337,0.47277,0.474183,0.475578,0.476954,0.478313,0.479655,0.48098,0.48229,0.483584,0.484863,0.486127,0.487378
0.257269,0.258082,0.258914,0.259768,0.260643,0.26154,0.262462,0.263408,0.264382,0.265383,0.266414,0.267477,0.268573,0.269705,0.270874,0.272084,0.273337,0.274637,0.275987,0.27739,0.278851,0.280376,0.281968,0.283636,0.285384,0.287222,0.289158,0.291203,0.293368,0.295667,0.298116,0.300732,0.303535,0.306549,0.309798,0.31331,0.31711,0.321221,0.325657,0.330415,0.335466,0.340749,0.346176,0.351642,0.357046,0.362306,0.367366,0.372197,0.376789,0.381145,0.385278,0.389202,0.392933,0.396487,0.39988,0.403125,0.406236,0.409223,0.412097,0.414868,0.417543,0.420129,0.422634,0.425063,0.427421,0.429713,0.431944,0.434116,0.436235,0.438302,0.440321,0.442295,0.444226,0.446116,0.447967,0.449781,0.451561,0.453307,0.455022,0.456706,0.458361,0.459988,0.461588,0.463163,0.464713,0.46624,0.467744,0.469225,0.470686,0.472127,0.473547,0.474949,0.476333,0.477698,0.479047,0.480379,0.481694,0.482994,0.484279,0.485549,0.486805
0.2572,0.258008,0.258835,0.259683,0.260552,0.261444,0.262359,0.263299,0.264265,0.265258,0.266281,0.267335,0.268421,0.269543,0.270701,0.2719,0.27314,0.274426,0.275761,0.277148,0.278592,0.280097,0.281668,0.283312,0.285035,0.286844,0.288748,0.290757,0.292882,0.295136,0.297534,0.300091,0.302828,0.305767,0.30893,0.312343,0.316033,0.320022,0.324328,0.328952,0.333875,0.339049,0.344395,0.349815,0.355209,0.360488,0.365589,0.370474,0.375127,0.379548,0.383743,0.387727,0.391515,0.395123,0.398565,0.401856,0.40501,0.408037,0.410948,0.413752,0.416459,0.419075,0.421607,0.424062,0.426444,0.428759,0.431011,0.433204,0.435341,0.437427,0.439463,0.441453,0.443399,0.445304,0.447169,0.448997,0.450789,0.452548,0.454274,0.455969,0.457635,0.459272,0.460882,0.462467,0.464026,0.465562,0.467074,0.468564,0.470033,0.471481,0.472909,0.474318,0.475709,0.477081,0.478436,0.479775,0.481096,0.482403,0.483693,0.484969,0.48623
0.257132,0.257935,0.258757,0.2596,0.260463,0.261349,0.262257,0.26319,0.264149,0.265135,0.26615,0.267195,0.268272,0.269384,0.270532,0.271718,0.272946,0.274219,0.275539,0.276911,0.278337,0.279823,0.281374,0.282995,0.284693,0.286475,0.288348,0.290323,0.29241,0.29462,0.296969,0.299471,0.302145,0.305011,0.308092,0.311412,0.314997,0.318871,0.32305,0.327544,0.332338,0.337397,0.342653,0.348016,0.353387,0.358675,0.363809,0.368743,0.373454,0.377936,0.382193,0.386237,0.390083,0.393744,0.397237,0.400575,0.403772,0.406839,0.409787,0.412627,0.415366,0.418012,0.420573,0.423053,0.42546,0.427798,0.430072,0.432285,0.434442,0.436546,0.4386,0.440606,0.442568,0.444487,0.446367,0.448208,0.450013,0.451784,0.453522,0.455229,0.456905,0.458553,0.460174,0.461768,0.463336,0.464881,0.466402,0.4679,0.469377,0.470833,0.472269,0.473685,0.475083,0.476462,0.477824,0.479169,0.480497,0.481809,0.483106,0.484387,0.485654
0.257065,0.257864,0.258681,0.259518,0.260376,0.261255,0.262158,0.263084,0.264036,0.265014,0.266021,0.267058,0.268126,0.269227,0.270365,0.27154,0.272756,0.274016,0.275322,0.276678,0.278088,0.279556,0.281087,0.282686,0.28436,0.286114,0.287958,0.2899,0.29195,0.294119,0.29642,0.298869,0.301483,0.304281,0.307284,0.310516,0.314001,0.317763,0.321822,0.326187,0.330854,0.335795,0.340953,0.346248,0.351585,0.356871,0.362029,0.367005,0.37177,0.376311,0.380629,0.384733,0.388636,0.392352,0.395895,0.399281,0.402522,0.40563,0.408617,0.411491,0.414263,0.41694,0.419529,0.422037,0.424469,0.426831,0.429127,0.431361,0.433537,0.43566,0.437731,0.439754,0.441732,0.443666,0.44556,0.447415,0.449234,0.451017,0.452767,0.454485,0.456173,0.457831,0.459462,0.461066,0.462644,0.464197,0.465727,0.467234,0.468719,0.470183,0.471626,0.47305,0.474455,0.475841,0.47721,0.478561,0.479895,0.481214,0.482516,0.483804,0.485076
0.257,0.257793,0.258606,0.259438,0.26029,0.261164,0.26206,0.26298,0.263924,0.264895,0.265894,0.266922,0.267982,0.269074,0.270201,0.271366,0.27257,0.273816,0.275109,0.27645,0.277843,0.279294,0.280805,0.282383,0.284033,0.285762,0.287578,0.289487,0.291502,0.293631,0.295887,0.298286,0.300842,0.303575,0.306504,0.309652,0.313042,0.316698,0.32064,0.324881,0.329423,0.334244,0.339298,0.344516,0.349807,0.355079,0.360252,0.365263,0.370077,0.374674,0.379051,0.383215,0.387175,0.390945,0.39454,0.397974,0.40126,0.40441,0.407435,0.410346,0.413151,0.41586,0.418478,0.421013,0.423471,0.425856,0.428174,0.43043,0.432627,0.434768,0.436857,0.438897,0.440891,0.442841,0.444749,0.446618,0.44845,0.450246,0.452008,0.453738,0.455437,0.457106,0.458747,0.46036,0.461948,0.463511,0.46505,0.466565,0.468058,0.46953,0.470981,0.472413,0.473825,0.475218,0.476593,0.477951,0.479292,0.480616,0.481925,0.483218,0.484497
0.256935,0.257724,0.258532,0.259359,0.260205,0.261073,0.261963,0.262877,0.263815,0.264779,0.26577,0.26679,0.26784,0.268923,0.27004,0.271194,0.272386,0.273621,0.274899,0.276226,0.277604,0.279037,0.280529,0.282087,0.283714,0.285418,0.287206,0.289085,0.291065,0.293156,0.29537,0.29772,0.300221,0.302891,0.30575,0.308818,0.312117,0.315672,0.319503,0.323625,0.328042,0.332742,0.337689,0.342821,0.348056,0.353304,0.358481,0.36352,0.368377,0.373027,0.377461,0.381683,0.3857,0.389525,0.393172,0.396655,0.399986,0.403178,0.406243,0.40919,0.41203,0.41477,0.417418,0.419981,0.422464,0.424874,0.427216,0.429493,0.43171,0.43387,0.435978,0.438035,0.440045,0.442011,0.443934,0.445817,0.447662,0.449471,0.451246,0.452987,0.454697,0.456377,0.458029,0.459652,0.46125,0.462822,0.464369,0.465894,0.467395,0.468875,0.470334,0.471773,0.473192,0.474592,0.475975,0.477339,0.478686,0.480017,0.481332,0.482631,0.483915
0.256872,0.257657,0.258459,0.259281,0.260122,0.260984,0.261869,0.262776,0.263707,0.264664,0.265647,0.266659,0.267701,0.268775,0.269882,0.271025,0.272206,0.273429,0.274694,0.276006,0.277369,0.278785,0.280259,0.281797,0.283402,0.285082,0.286843,0.288693,0.290639,0.292694,0.294866,0.297169,0.299619,0.30223,0.305021,0.308012,0.311226,0.314685,0.318408,0.322415,0.326711,0.331291,0.336127,0.341166,0.346336,0.351549,0.35672,0.361779,0.366672,0.371371,0.375859,0.380138,0.384211,0.388091,0.391791,0.395322,0.3987,0.401935,0.40504,0.408024,0.410899,0.413671,0.416349,0.41894,0.421451,0.423885,0.42625,0.428549,0.430787,0.432967,0.435093,0.437168,0.439194,0.441176,0.443114,0.445012,0.44687,0.448692,0.450479,0.452233,0.453954,0.455645,0.457307,0.458941,0.460548,0.46213,0.463686,0.465219,0.466729,0.468217,0.469684,0.471131,0.472557,0.473965,0.475354,0.476725,0.478079,0.479416,0.480737,0.482042,0.483332
0.25681,0.25759,0.258388,0.259204,0.26004,0.260897,0.261775,0.262676,0.263601,0.264551,0.265527,0.266531,0.267564,0.268629,0.269727,0.270859,0.27203,0.27324,0.274493,0.275791,0.277138,0.278538,0.279995,0.281513,0.283097,0.284753,0.286489,0.288309,0.290225,0.292243,0.294376,0.296635,0.299034,0.301588,0.304315,0.307235,0.310366,0.313733,0.317354,0.321249,0.325428,0.329889,0.334612,0.339554,0.344649,0.349817,0.354973,0.360041,0.364965,0.369707,0.374247,0.37858,0.38271,0.386644,0.390396,0.393977,0.397401,0.40068,0.403825,0.406848,0.409758,0.412563,0.415272,0.417892,0.420429,0.422889,0.425278,0.427599,0.429858,0.432058,0.434202,0.436295,0.438339,0.440336,0.44229,0.444202,0.446074,0.44791,0.449709,0.451475,0.453208,0.45491,0.456583,0.458227,0.459844,0.461435,0.463001,0.464542,0.466061,0.467557,0.469032,0.470486,0.47192,0.473335,0.474731,0.476109,0.47747,0.478813,0.48014,0.481452,0.482747
0.256749,0.257524,0.258318,0.259129,0.25996,0.260811,0.261684,0.262579,0.263497,0.26444,0.265408,0.266405,0.26743,0.268486,0.269574,0.270697,0.271856,0.273055,0.274295,0.27558,0.276912,0.278296,0.279736,0.281235,0.282798,0.284432,0.286142,0.287935,0.28982,0.291804,0.293899,0.296115,0.298466,0.300966,0.303632,0.306482,0.309536,0.312815,0.316339,0.320127,0.324192,0.328536,0.333145,0.337985,0.342999,0.348112,0.353242,0.358312,0.363258,0.368038,0.372626,0.377012,0.381196,0.385185,0.388988,0.39262,0.39609,0.399413,0.4026,0.405661,0.408607,0.411446,0.414186,0.416835,0.4194,0.421886,0.424298,0.426642,0.428922,0.431142,0.433306,0.435417,0.437478,0.439492,0.441461,0.443387,0.445274,0.447123,0.448935,0.450713,0.452458,0.454171,0.455855,0.457509,0.459136,0.460737,0.462312,0.463863,0.46539,0.466895,0.468378,0.469839,0.471281,0.472703,0.474106,0.475491,0.476858,0.478208,0.479542,0.480859,0.482161
0.256689,0.25746,0.258249,0.259055,0.259881,0.260727,0.261594,0.262482,0.263394,0.26433,0.265292,0.266281,0.267298,0.268345,0.269424,0.270537,0.271686,0.272873,0.274101,0.275372,0.276691,0.278059,0.279482,0.280962,0.282506,0.284118,0.285803,0.28757,0.289425,0.291377,0.293435,0.29561,0.297915,0.300363,0.302971,0.305755,0.308734,0.311929,0.31536,0.319046,0.323,0.32723,0.331725,0.336461,0.341387,0.346437,0.351531,0.356593,0.361554,0.366366,0.370998,0.375434,0.37967,0.383712,0.387568,0.391249,0.394768,0.398135,0.401364,0.404464,0.407446,0.410319,0.413091,0.41577,0.418363,0.420875,0.423312,0.425679,0.427981,0.430221,0.432405,0.434534,0.436612,0.438642,0.440627,0.442569,0.44447,0.446332,0.448157,0.449948,0.451704,0.453429,0.455124,0.456789,0.458426,0.460036,0.461621,0.46318,0.464716,0.466229,0.467721,0.46919,0.470639,0.472069,0.473479,0.474871,0.476245,0.477601,0.478941,0.480265,0.481572
0.25663,0.257397,0.258181,0.258983,0.259803,0.260644,0.261505,0.262388,0.263293,0.264223,0.265177,0.266158,0.267168,0.268206,0.269276,0.270379,0.271518,0.272694,0.27391,0.275169,0.276473,0.277826,0.279233,0.280695,0.282219,0.28381,0.285472,0.287213,0.289039,0.290959,0.292982,0.295118,0.297379,0.299778,0.302329,0.30505,0.307959,0.311074,0.314416,0.318004,0.321852,0.325969,0.330352,0.334981,0.339815,0.344794,0.349844,0.354888,0.359856,0.364693,0.369364,0.373846,0.378134,0.382228,0.386136,0.389867,0.393433,0.396846,0.400116,0.403256,0.406275,0.409183,0.411988,0.414697,0.417317,0.419856,0.422318,0.424709,0.427033,0.429294,0.431497,0.433645,0.435741,0.437788,0.439789,0.441746,0.443661,0.445537,0.447376,0.449178,0.450947,0.452684,0.454389,0.456065,0.457712,0.459332,0.460926,0.462495,0.46404,0.465562,0.467061,0.468539,0.469996,0.471432,0.47285,0.474249,0.475629,0.476992,0.478339,0.479668,0.480982
0.256572,0.257335,0.258114,0.258911,0.259727,0.260562,0.261418,0.262295,0.263194,0.264117,0.265065,0.266038,0.26704,0.26807,0.269131,0.270225,0.271353,0.272518,0.273723,0.274969,0.27626,0.277598,0.278988,0.280434,0.281939,0.283509,0.285148,0.286864,0.288663,0.290552,0.292541,0.294639,0.296858,0.299209,0.301707,0.304368,0.307209,0.310248,0.313505,0.316998,0.320744,0.324753,0.329025,0.333547,0.338285,0.343186,0.348183,0.3532,0.358166,0.363022,0.367725,0.372251,0.376588,0.380733,0.384692,0.388473,0.392086,0.395544,0.398858,0.402038,0.405095,0.408037,0.410875,0.413615,0.416264,0.41883,0.421317,0.423732,0.426078,0.428361,0.430584,0.432751,0.434865,0.436929,0.438946,0.440918,0.442848,0.444738,0.44659,0.448406,0.450187,0.451935,0.453651,0.455338,0.456996,0.458626,0.460229,0.461808,0.463361,0.464891,0.466399,0.467885,0.469349,0.470794,0.472219,0.473624,0.475012,0.476382,0.477734,0.47907,0.48039
0.256515,0.257273,0.258048,0.258841,0.259652,0.260482,0.261332,0.262203,0.263097,0.264013,0.264954,0.26592,0.266914,0.267936,0.268989,0.270073,0.271192,0.272346,0.273539,0.274773,0.27605,0.277374,0.278749,0.280178,0.281664,0.283214,0.284832,0.286523,0.288295,0.290155,0.292111,0.294173,0.29635,0.298656,0.301103,0.303707,0.306483,0.309449,0.312625,0.316028,0.319676,0.323579,0.327743,0.332157,0.336796,0.341615,0.346551,0.351532,0.356487,0.361354,0.366086,0.370651,0.375033,0.379227,0.383236,0.387066,0.390728,0.394231,0.397588,0.400809,0.403904,0.406882,0.409753,0.412524,0.415203,0.417796,0.420309,0.422748,0.425117,0.427422,0.429665,0.431851,0.433983,0.436064,0.438098,0.440086,0.442031,0.443935,0.4458,0.447629,0.449422,0.451182,0.45291,0.454608,0.456276,0.457916,0.459529,0.461117,0.46268,0.464219,0.465734,0.467228,0.468701,0.470153,0.471585,0.472998,0.474392,0.475769,0.477128,0.47847,0.479796
0.256459,0.257213,0.257984,0.258772,0.259578,0.260403,0.261248,0.262113,0.263001,0.263911,0.264845,0.265804,0.266791,0.267805,0.268849,0.269924,0.271033,0.272177,0.273358,0.27458,0.275844,0.277155,0.278514,0.279926,0.281395,0.282925,0.284521,0.28619,0.287936,0.289767,0.291692,0.293718,0.295857,0.298119,0.300517,0.303065,0.30578,0.308677,0.311775,0.315092,0.318645,0.322447,0.326504,0.330812,0.33535,0.340081,0.34495,0.349887,0.354823,0.359694,0.364446,0.369045,0.37347,0.377712,0.38177,0.385649,0.389358,0.392907,0.396308,0.399569,0.402702,0.405717,0.408622,0.411425,0.414133,0.416754,0.419294,0.421757,0.42415,0.426476,0.42874,0.430945,0.433096,0.435195,0.437245,0.439249,0.441209,0.443127,0.445006,0.446848,0.448654,0.450426,0.452166,0.453874,0.455553,0.457203,0.458826,0.460423,0.461995,0.463543,0.465067,0.466569,0.46805,0.46951,0.470949,0.472369,0.473771,0.475154,0.476519,0.477868,0.4792
0.256404,0.257154,0.257921,0.258704,0.259505,0.260325,0.261165,0.262025,0.262906,0.26381,0.264738,0.26569,0.266669,0.267675,0.268711,0.269777,0.270876,0.27201,0.273181,0.274391,0.275643,0.276939,0.278284,0.27968,0.281131,0.282642,0.284218,0.285863,0.287585,0.289388,0.291283,0.293275,0.295376,0.297596,0.299947,0.302443,0.305098,0.307929,0.310953,0.314188,0.31765,0.321354,0.325308,0.32951,0.333947,0.338588,0.343382,0.348268,0.353176,0.358042,0.362809,0.367438,0.371902,0.376188,0.380293,0.38422,0.387977,0.391572,0.395016,0.398319,0.401491,0.404542,0.407482,0.410317,0.413055,0.415705,0.418271,0.420759,0.423175,0.425524,0.427809,0.430034,0.432204,0.43432,0.436387,0.438407,0.440382,0.442315,0.444208,0.446063,0.447882,0.449666,0.451418,0.453137,0.454827,0.456488,0.458121,0.459727,0.461308,0.462865,0.464398,0.465908,0.467397,0.468864,0.470311,0.471738,0.473147,0.474537,0.475909,0.477264,0.478603
0.256351,0.257096,0.257858,0.258637,0.259434,0.260249,0.261083,0.261938,0.262814,0.263711,0.264632,0.265578,0.266549,0.267548,0.268575,0.269633,0.270723,0.271846,0.273006,0.274205,0.275444,0.276728,0.278058,0.279438,0.280873,0.282365,0.283921,0.285544,0.287241,0.289018,0.290883,0.292843,0.294908,0.297087,0.299393,0.301839,0.304437,0.307205,0.310158,0.313314,0.316689,0.320298,0.324152,0.328251,0.332587,0.337134,0.341849,0.346676,0.351549,0.356402,0.361177,0.365829,0.370328,0.374656,0.378807,0.382782,0.386585,0.390226,0.393714,0.397058,0.40027,0.403358,0.406332,0.4092,0.411969,0.414647,0.417241,0.419754,0.422195,0.424565,0.426872,0.429117,0.431306,0.43344,0.435524,0.437561,0.439551,0.441499,0.443406,0.445275,0.447107,0.448903,0.450666,0.452397,0.454097,0.455769,0.457412,0.459028,0.460618,0.462184,0.463726,0.465244,0.466741,0.468216,0.469671,0.471105,0.472521,0.473918,0.475297,0.476658,0.478003
0.256298,0.257039,0.257797,0.258572,0.259364,0.260174,0.261003,0.261852,0.262722,0.263614,0.264529,0.265468,0.266432,0.267423,0.268442,0.269491,0.270572,0.271686,0.272835,0.274022,0.27525,0.27652,0.277836,0.279201,0.280619,0.282094,0.28363,0.285232,0.286905,0.288657,0.290493,0.292422,0.294451,0.296592,0.298855,0.301252,0.303796,0.306503,0.309388,0.312469,0.315761,0.319279,0.323035,0.327034,0.331269,0.33572,0.340353,0.345115,0.349945,0.354778,0.359553,0.364223,0.368752,0.373118,0.377313,0.381333,0.385183,0.388869,0.392401,0.395787,0.399038,0.402164,0.405173,0.408074,0.410875,0.413582,0.416203,0.418742,0.421207,0.423601,0.425929,0.428194,0.430402,0.432555,0.434657,0.436709,0.438716,0.440679,0.4426,0.444482,0.446327,0.448136,0.449911,0.451653,0.453365,0.455047,0.4567,0.458326,0.459926,0.4615,0.463051,0.464578,0.466083,0.467566,0.469028,0.47047,0.471893,0.473297,0.474683,0.476051,0.477402
0.256246,0.256983,0.257737,0.258507,0.259295,0.2601,0.260924,0.261768,0.262632,0.263518,0.264427,0.265359,0.266316,0.2673,0.268311,0.269352,0.270423,0.271528,0.272667,0.273843,0.275059,0.276316,0.277619,0.278969,0.280371,0.281828,0.283345,0.284926,0.286577,0.288303,0.290112,0.29201,0.294007,0.29611,0.298331,0.300681,0.303174,0.305823,0.308643,0.311651,0.314863,0.318294,0.321956,0.325856,0.329991,0.334347,0.338894,0.343586,0.348365,0.35317,0.357939,0.36262,0.367174,0.371576,0.375811,0.379876,0.383771,0.387502,0.391077,0.394506,0.397797,0.40096,0.404005,0.40694,0.409772,0.412509,0.415157,0.417723,0.420212,0.422629,0.424979,0.427266,0.429493,0.431665,0.433784,0.435853,0.437876,0.439854,0.44179,0.443686,0.445544,0.447365,0.449152,0.450906,0.452629,0.454321,0.455985,0.457621,0.45923,0.460814,0.462373,0.463909,0.465422,0.466913,0.468383,0.469833,0.471263,0.472674,0.474066,0.475441,0.476798
0.256195,0.256929,0.257678,0.258444,0.259227,0.260028,0.260847,0.261685,0.262544,0.263424,0.264326,0.265252,0.266202,0.267179,0.268182,0.269214,0.270277,0.271372,0.272501,0.273667,0.274871,0.276116,0.277405,0.278741,0.280127,0.281567,0.283066,0.284627,0.286256,0.287958,0.28974,0.291609,0.293573,0.29564,0.297821,0.300127,0.302569,0.305163,0.307921,0.31086,0.313996,0.317343,0.320914,0.324718,0.328755,0.333015,0.337473,0.34209,0.346813,0.351582,0.356337,0.361023,0.365597,0.370029,0.374303,0.37841,0.382349,0.386125,0.389743,0.393214,0.396545,0.399747,0.402828,0.405796,0.40866,0.411427,0.414104,0.416697,0.419211,0.421651,0.424023,0.426331,0.428579,0.430769,0.432906,0.434993,0.437031,0.439025,0.440975,0.442885,0.444756,0.446591,0.44839,0.450156,0.45189,0.453593,0.455267,0.456913,0.458532,0.460125,0.461693,0.463238,0.464759,0.466258,0.467736,0.469193,0.47063,0.472048,0.473448,0.474829,0.476193
0.256144,0.256875,0.25762,0.258382,0.25916,0.259956,0.26077,0.261604,0.262457,0.263331,0.264228,0.265147,0.266091,0.26706,0.268055,0.26908,0.270134,0.27122,0.272339,0.273494,0.274686,0.275919,0.277195,0.278517,0.279888,0.281312,0.282792,0.284334,0.285941,0.28762,0.289376,0.291217,0.293149,0.295182,0.297324,0.299587,0.301982,0.304522,0.307221,0.310094,0.313156,0.316422,0.319906,0.323617,0.327558,0.331722,0.33609,0.340629,0.34529,0.350017,0.35475,0.359434,0.364022,0.368481,0.37279,0.376937,0.380919,0.384738,0.3884,0.391912,0.395284,0.398524,0.401641,0.404644,0.40754,0.410338,0.413043,0.415663,0.418202,0.420667,0.423062,0.425391,0.427658,0.429868,0.432023,0.434127,0.436182,0.438191,0.440156,0.442081,0.443965,0.445813,0.447624,0.449402,0.451147,0.452862,0.454546,0.456202,0.457831,0.459433,0.461011,0.462564,0.464093,0.465601,0.467087,0.468551,0.469996,0.471421,0.472827,0.474216,0.475586
0.256095,0.256822,0.257563,0.258321,0.259095,0.259886,0.260695,0.261524,0.262372,0.26324,0.264131,0.265044,0.26598,0.266942,0.267931,0.268947,0.269993,0.271069,0.272179,0.273324,0.274505,0.275726,0.276989,0.278297,0.279653,0.281061,0.282524,0.284046,0.285633,0.287289,0.28902,0.290834,0.292736,0.294735,0.29684,0.299062,0.301411,0.3039,0.306542,0.309351,0.312343,0.315532,0.318932,0.322552,0.326399,0.330469,0.334746,0.339203,0.343797,0.348475,0.35318,0.357855,0.362452,0.366933,0.371273,0.375457,0.37948,0.383342,0.387047,0.390601,0.394013,0.397292,0.400445,0.403483,0.406412,0.40924,0.411974,0.414621,0.417187,0.419676,0.422093,0.424444,0.426732,0.428961,0.431135,0.433256,0.435328,0.437353,0.439333,0.441272,0.44317,0.445031,0.446855,0.448645,0.450401,0.452127,0.453822,0.455488,0.457127,0.458739,0.460325,0.461887,0.463425,0.464941,0.466435,0.467907,0.469359,0.470792,0.472205,0.4736,0.474977
0.256047,0.256769,0.257507,0.25826,0.25903,0.259817,0.260622,0.261445,0.262288,0.263151,0.264035,0.264942,0.265872,0.266827,0.267808,0.268817,0.269854,0.270922,0.272022,0.273156,0.274327,0.275537,0.276787,0.278082,0.279423,0.280815,0.282261,0.283765,0.285331,0.286965,0.288673,0.290459,0.292332,0.294299,0.296369,0.298551,0.300856,0.303296,0.305883,0.308631,0.311556,0.314671,0.317989,0.321523,0.325278,0.329254,0.33344,0.337813,0.342336,0.34696,0.35163,0.35629,0.360888,0.365386,0.369754,0.373973,0.378035,0.381938,0.385684,0.38928,0.392732,0.39605,0.39924,0.402313,0.405275,0.408134,0.410898,0.413573,0.416164,0.418678,0.421119,0.423491,0.4258,0.428049,0.430241,0.43238,0.434469,0.43651,0.438506,0.440459,0.442371,0.444245,0.446082,0.447884,0.449652,0.451389,0.453095,0.454771,0.45642,0.458041,0.459637,0.461208,0.462755,0.464279,0.46578,0.467261,0.46872,0.47016,0.47158,0.472982,0.474366
0.255999,0.256718,0.257452,0.258201,0.258967,0.259749,0.260549,0.261367,0.262205,0.263063,0.263941,0.264842,0.265766,0.266714,0.267688,0.268688,0.269717,0.270777,0.271867,0.272992,0.274152,0.27535,0.276589,0.27787,0.279198,0.280574,0.282003,0.283489,0.285036,0.286649,0.288333,0.290093,0.291938,0.293874,0.295909,0.298053,0.300316,0.302708,0.305243,0.307933,0.310793,0.313836,0.317077,0.320526,0.324193,0.328077,0.332173,0.336461,0.340909,0.345473,0.350102,0.354739,0.359334,0.363843,0.368233,0.372484,0.376583,0.380526,0.384313,0.38795,0.391442,0.394798,0.398026,0.401134,0.404129,0.40702,0.409814,0.412516,0.415134,0.417673,0.420137,0.422533,0.424862,0.427131,0.429342,0.431499,0.433605,0.435662,0.437673,0.439641,0.441568,0.443455,0.445305,0.447119,0.448899,0.450647,0.452364,0.454051,0.45571,0.457341,0.458946,0.460526,0.462082,0.463614,0.465124,0.466612,0.468079,0.469526,0.470954,0.472363,0.473753
0.255953,0.256668,0.257398,0.258143,0.258905,0.259682,0.260478,0.261291,0.262124,0.262976,0.263849,0.264743,0.265661,0.266602,0.267569,0.268562,0.269583,0.270634,0.271716,0.27283,0.27398,0.275167,0.276394,0.277662,0.278976,0.280337,0.281751,0.283219,0.284747,0.286339,0.288,0.289736,0.291553,0.293459,0.295461,0.297568,0.29979,0.302137,0.304621,0.307256,0.310053,0.313028,0.316194,0.319562,0.323142,0.326937,0.330942,0.335144,0.339515,0.344015,0.348597,0.353206,0.35779,0.362305,0.366714,0.370993,0.375126,0.379107,0.382934,0.386611,0.390143,0.393538,0.396803,0.399946,0.402975,0.405898,0.408721,0.411453,0.414097,0.416661,0.41915,0.421567,0.423919,0.426208,0.428438,0.430613,0.432736,0.43481,0.436837,0.43882,0.44076,0.442661,0.444524,0.446351,0.448143,0.449903,0.45163,0.453328,0.454997,0.456638,0.458253,0.459842,0.461406,0.462947,0.464465,0.465961,0.467436,0.46889,0.470325,0.471741,0.473138
0.255907,0.256619,0.257345,0.258086,0.258843,0.259617,0.260408,0.261216,0.262044,0.26289,0.263758,0.264647,0.265558,0.266493,0.267452,0.268438,0.269451,0.270493,0.271566,0.272672,0.273811,0.274987,0.276202,0.277458,0.278758,0.280105,0.281503,0.282954,0.284463,0.286035,0.287674,0.289386,0.291177,0.293053,0.295023,0.297095,0.299277,0.301581,0.304017,0.306598,0.309336,0.312245,0.315339,0.318629,0.322125,0.325832,0.329749,0.333864,0.338156,0.342588,0.347117,0.351691,0.356259,0.360774,0.365197,0.3695,0.373665,0.377681,0.381547,0.385264,0.388835,0.392269,0.395571,0.398749,0.401812,0.404767,0.407621,0.410381,0.413053,0.415643,0.418155,0.420596,0.422969,0.425279,0.427529,0.429722,0.431863,0.433953,0.435996,0.437994,0.439949,0.441864,0.44374,0.445579,0.447384,0.449155,0.450894,0.452602,0.454281,0.455932,0.457556,0.459154,0.460728,0.462277,0.463803,0.465308,0.46679,0.468252,0.469694,0.471117,0.472521
0.255862,0.25657,0.257293,0.25803,0.258783,0.259552,0.260339,0.261142,0.261965,0.262806,0.263668,0.264551,0.265456,0.266385,0.267337,0.268316,0.269321,0.270355,0.27142,0.272515,0.273645,0.274811,0.276014,0.277258,0.278545,0.279877,0.281259,0.282694,0.284185,0.285737,0.287355,0.289044,0.290809,0.292657,0.294596,0.296633,0.298778,0.30104,0.30343,0.305959,0.30864,0.311486,0.31451,0.317725,0.32114,0.324762,0.328591,0.332621,0.336831,0.341193,0.345664,0.350198,0.354744,0.359253,0.363684,0.368007,0.3722,0.376251,0.380154,0.383909,0.387519,0.390991,0.39433,0.397544,0.400641,0.403629,0.406513,0.409302,0.412002,0.414617,0.417155,0.419619,0.422014,0.424344,0.426614,0.428826,0.430984,0.433091,0.43515,0.437164,0.439133,0.441062,0.442952,0.444804,0.446621,0.448403,0.450153,0.451873,0.453562,0.455223,0.456857,0.458465,0.460047,0.461605,0.46314,0.464652,0.466142,0.467612,0.469061,0.470491,0.471902
0.255818,0.256523,0.257241,0.257975,0.258724,0.259489,0.260271,0.26107,0.261887,0.262724,0.26358,0.264457,0.265357,0.266278,0.267224,0.268196,0.269194,0.27022,0.271275,0.272362,0.273482,0.274637,0.275829,0.277061,0.278335,0.279654,0.281021,0.282439,0.283913,0.285446,0.287043,0.288709,0.290449,0.29227,0.294179,0.296183,0.298292,0.300513,0.302858,0.305338,0.307964,0.31075,0.313707,0.316849,0.320186,0.323725,0.327469,0.331413,0.335541,0.339829,0.34424,0.348728,0.353245,0.357742,0.362177,0.366516,0.370734,0.374816,0.378754,0.382546,0.386195,0.389704,0.39308,0.39633,0.399462,0.402482,0.405398,0.408216,0.410943,0.413585,0.416147,0.418635,0.421052,0.423403,0.425693,0.427924,0.430101,0.432225,0.4343,0.436329,0.438314,0.440257,0.44216,0.444025,0.445854,0.447648,0.44941,0.45114,0.45284,0.454512,0.456155,0.457772,0.459363,0.46093,0.462473,0.463994,0.465492,0.466969,0.468426,0.469863,0.471281
0.255775,0.256476,0.257191,0.257921,0.258666,0.259427,0.260204,0.260999,0.261811,0.262643,0.263494,0.264365,0.265258,0.266174,0.267113,0.268078,0.269068,0.270086,0.271133,0.272211,0.273321,0.274466,0.275647,0.276868,0.278129,0.279434,0.280787,0.282189,0.283646,0.28516,0.286737,0.288381,0.290097,0.291892,0.293772,0.295744,0.297817,0.3,0.302302,0.304734,0.307307,0.310035,0.312929,0.316001,0.319262,0.322721,0.326381,0.33024,0.334287,0.338499,0.342845,0.347283,0.351766,0.356245,0.360678,0.365028,0.369267,0.373377,0.377349,0.381177,0.384863,0.38841,0.391823,0.395108,0.398274,0.401327,0.404274,0.407122,0.409877,0.412546,0.415133,0.417644,0.420084,0.422457,0.424767,0.427017,0.429212,0.431354,0.433445,0.43549,0.43749,0.439447,0.441364,0.443242,0.445084,0.44689,0.448663,0.450405,0.452115,0.453797,0.45545,0.457077,0.458677,0.460253,0.461805,0.463333,0.46484,0.466325,0.467789,0.469233,0.470658
0.255733,0.25643,0.257142,0.257868,0.258609,0.259365,0.260138,0.260929,0.261736,0.262563,0.263408,0.264274,0.265162,0.266071,0.267004,0.267961,0.268944,0.269955,0.270993,0.272063,0.273164,0.274298,0.275469,0.276677,0.277927,0.279219,0.280557,0.281944,0.283384,0.28488,0.286437,0.28806,0.289753,0.291522,0.293374,0.295316,0.297355,0.2995,0.30176,0.304146,0.306669,0.309341,0.312173,0.315178,0.318366,0.321747,0.325326,0.329101,0.333066,0.337202,0.34148,0.345863,0.350307,0.354764,0.359189,0.363545,0.367801,0.371937,0.375939,0.379802,0.383524,0.387107,0.390557,0.393878,0.397078,0.400164,0.403143,0.406021,0.408804,0.4115,0.414112,0.416648,0.41911,0.421505,0.423835,0.426105,0.428318,0.430478,0.432586,0.434647,0.436661,0.438633,0.440564,0.442455,0.44431,0.446128,0.447913,0.449666,0.451387,0.453079,0.454742,0.456379,0.457988,0.459573,0.461133,0.46267,0.464185,0.465678,0.467149,0.468601,0.470033
0.255691,0.256385,0.257093,0.257815,0.258553,0.259305,0.260074,0.26086,0.261663,0.262484,0.263325,0.264185,0.265067,0.26597,0.266896,0.267847,0.268823,0.269825,0.270856,0.271917,0.273008,0.274133,0.275293,0.276491,0.277728,0.279007,0.280331,0.281704,0.283127,0.284606,0.286144,0.287746,0.289416,0.291161,0.292985,0.294897,0.296903,0.299012,0.301233,0.303575,0.306049,0.308667,0.31144,0.31438,0.317498,0.320803,0.324302,0.327996,0.33188,0.335938,0.340146,0.344471,0.34887,0.353299,0.357711,0.362068,0.366338,0.370496,0.374526,0.378422,0.382179,0.385798,0.389283,0.39264,0.395874,0.398993,0.402003,0.404911,0.407724,0.410446,0.413085,0.415645,0.41813,0.420547,0.422898,0.425188,0.427419,0.429596,0.431722,0.433799,0.435829,0.437815,0.43976,0.441665,0.443532,0.445363,0.44716,0.448924,0.450656,0.452358,0.454032,0.455678,0.457297,0.45889,0.46046,0.462005,0.463528,0.465028,0.466508,0.467967,0.469406
0.255651,0.256341,0.257046,0.257764,0.258497,0.259246,0.260011,0.260792,0.26159,0.262407,0.263242,0.264097,0.264973,0.26587,0.266791,0.267734,0.268703,0.269698,0.270721,0.271773,0.272856,0.273971,0.275121,0.276307,0.277533,0.278799,0.28011,0.281467,0.282875,0.284337,0.285856,0.287438,0.289086,0.290807,0.292605,0.294488,0.296463,0.298537,0.300719,0.303018,0.305446,0.308012,0.310728,0.313606,0.316656,0.319888,0.32331,0.326924,0.330727,0.334707,0.338844,0.343107,0.347457,0.351852,0.356247,0.3606,0.364878,0.369055,0.373111,0.377037,0.380827,0.384481,0.388002,0.391394,0.394663,0.397815,0.400857,0.403795,0.406636,0.409386,0.412051,0.414635,0.417144,0.419583,0.421955,0.424265,0.426515,0.42871,0.430853,0.432946,0.434992,0.436993,0.438952,0.440871,0.442751,0.444594,0.446403,0.448178,0.449922,0.451635,0.453318,0.454974,0.456603,0.458205,0.459783,0.461337,0.462868,0.464377,0.465864,0.46733,0.468777
0.255611,0.256298,0.256999,0.257714,0.258443,0.259188,0.259948,0.260725,0.261519,0.262331,0.263161,0.264011,0.264881,0.265773,0.266686,0.267624,0.268585,0.269573,0.270588,0.271632,0.272706,0.273812,0.274951,0.276127,0.277341,0.278595,0.279892,0.281236,0.282628,0.284073,0.285574,0.287136,0.288763,0.29046,0.292233,0.294089,0.296032,0.298073,0.300218,0.302477,0.304859,0.307375,0.310037,0.312854,0.315839,0.319001,0.322348,0.325883,0.329607,0.333509,0.337573,0.341771,0.34607,0.350426,0.354797,0.359142,0.363424,0.367615,0.371694,0.375648,0.37947,0.383159,0.386714,0.390141,0.393443,0.396628,0.399702,0.402671,0.405541,0.408319,0.41101,0.413619,0.416152,0.418613,0.421006,0.423336,0.425606,0.42782,0.42998,0.432089,0.434151,0.436167,0.43814,0.440073,0.441966,0.443822,0.445643,0.44743,0.449184,0.450908,0.452602,0.454267,0.455906,0.457518,0.459104,0.460667,0.462206,0.463723,0.465218,0.466692,0.468145
0.255571,0.256255,0.256953,0.257664,0.25839,0.259131,0.259887,0.260659,0.261449,0.262256,0.263081,0.263926,0.26479,0.265676,0.266584,0.267515,0.26847,0.26945,0.270457,0.271493,0.272558,0.273655,0.274785,0.27595,0.277152,0.278394,0.279679,0.281008,0.282386,0.283814,0.285298,0.286841,0.288447,0.290122,0.29187,0.293698,0.295612,0.29762,0.299729,0.301949,0.304287,0.306756,0.309365,0.312124,0.315046,0.31814,0.321414,0.324874,0.328519,0.332344,0.336334,0.340466,0.344708,0.349021,0.353365,0.357696,0.361977,0.366179,0.370277,0.374257,0.378109,0.38183,0.385419,0.38888,0.392217,0.395435,0.39854,0.40154,0.404439,0.407245,0.409962,0.412596,0.415153,0.417637,0.420052,0.422402,0.424692,0.426924,0.429101,0.431227,0.433305,0.435337,0.437324,0.439271,0.441177,0.443046,0.444879,0.446678,0.448444,0.450178,0.451883,0.453558,0.455206,0.456827,0.458423,0.459994,0.461542,0.463066,0.464569,0.466051,0.467512
0.255533,0.256214,0.256908,0.257616,0.258338,0.259074,0.259827,0.260595,0.26138,0.262182,0.263003,0.263842,0.264701,0.265581,0.266483,0.267407,0.268356,0.269329,0.270329,0.271356,0.272413,0.2735,0.274621,0.275776,0.276967,0.278197,0.279469,0.280785,0.282147,0.28356,0.285027,0.286551,0.288137,0.28979,0.291514,0.293316,0.295202,0.297178,0.299253,0.301434,0.303731,0.306153,0.308711,0.311416,0.314277,0.317305,0.320509,0.323894,0.327462,0.33121,0.335126,0.33919,0.343373,0.34764,0.35195,0.356263,0.360539,0.364747,0.368862,0.372864,0.376744,0.380496,0.384118,0.387613,0.390983,0.394233,0.397371,0.400401,0.40333,0.406164,0.408908,0.411568,0.414148,0.416655,0.419092,0.421463,0.423772,0.426023,0.428218,0.430361,0.432455,0.434502,0.436505,0.438465,0.440385,0.442267,0.444112,0.445923,0.4477,0.449445,0.45116,0.452846,0.454503,0.456134,0.457739,0.459319,0.460875,0.462408,0.463919,0.465408,0.466876
0.255495,0.256173,0.256864,0.257568,0.258286,0.259019,0.259767,0.260532,0.261312,0.26211,0.262925,0.26376,0.264614,0.265488,0.266384,0.267302,0.268243,0.26921,0.270202,0.271222,0.27227,0.273349,0.27446,0.275604,0.276785,0.278004,0.279263,0.280565,0.281914,0.283311,0.284761,0.286267,0.287834,0.289465,0.291166,0.292943,0.294801,0.296746,0.298788,0.300932,0.303189,0.305567,0.308076,0.310727,0.313529,0.316494,0.31963,0.322943,0.326436,0.330108,0.33395,0.337944,0.342066,0.346282,0.350555,0.354844,0.359111,0.363321,0.367448,0.371471,0.375377,0.379158,0.382812,0.386339,0.389742,0.393025,0.396194,0.399255,0.402214,0.405076,0.407847,0.410532,0.413137,0.415667,0.418126,0.420518,0.422847,0.425116,0.42733,0.42949,0.4316,0.433663,0.43568,0.437655,0.439589,0.441484,0.443342,0.445164,0.446953,0.448709,0.450435,0.452131,0.453798,0.455438,0.457052,0.458641,0.460206,0.461747,0.463266,0.464763,0.466239
0.255458,0.256133,0.25682,0.257521,0.258236,0.258965,0.259709,0.260469,0.261245,0.262039,0.262849,0.263679,0.264527,0.265396,0.266286,0.267198,0.268133,0.269093,0.270078,0.271089,0.27213,0.2732,0.274301,0.275436,0.276606,0.277813,0.279061,0.28035,0.281684,0.283067,0.2845,0.285989,0.287536,0.289147,0.290825,0.292577,0.294408,0.296325,0.298334,0.300443,0.30266,0.304996,0.307458,0.310057,0.312803,0.315707,0.318776,0.322019,0.325439,0.329037,0.332804,0.336728,0.340787,0.34495,0.349181,0.353443,0.357695,0.361903,0.366038,0.370078,0.374007,0.377816,0.3815,0.385059,0.388494,0.39181,0.395011,0.398102,0.40109,0.403981,0.406779,0.40949,0.41212,0.414673,0.417154,0.419567,0.421917,0.424205,0.426437,0.428615,0.430741,0.43282,0.434852,0.436841,0.438789,0.440697,0.442567,0.444402,0.446202,0.44797,0.449706,0.451413,0.45309,0.45474,0.456363,0.457961,0.459534,0.461084,0.46261,0.464115,0.465599
0.255422,0.256094,0.256778,0.257475,0.258186,0.258912,0.259652,0.260408,0.26118,0.261968,0.262775,0.263599,0.264442,0.265306,0.26619,0.267096,0.268025,0.268977,0.269955,0.270959,0.271991,0.273053,0.274145,0.27527,0.27643,0.277626,0.278862,0.280138,0.281459,0.282827,0.284245,0.285716,0.287245,0.288835,0.290492,0.29222,0.294025,0.295913,0.297891,0.299965,0.302145,0.304439,0.306856,0.309405,0.312097,0.314942,0.317948,0.321123,0.324472,0.327995,0.33169,0.335543,0.339537,0.343643,0.34783,0.352059,0.356292,0.360494,0.364634,0.368687,0.372637,0.376471,0.380184,0.383774,0.387241,0.390588,0.39382,0.396943,0.39996,0.402879,0.405704,0.408442,0.411097,0.413673,0.416177,0.418611,0.420981,0.423289,0.425539,0.427734,0.429878,0.431972,0.43402,0.436024,0.437985,0.439906,0.44179,0.443637,0.445449,0.447228,0.448975,0.450692,0.452379,0.454039,0.455671,0.457278,0.45886,0.460418,0.461953,0.463466,0.464957
0.255387,0.256055,0.256736,0.25743,0.258137,0.258859,0.259596,0.260348,0.261115,0.2619,0.262701,0.263521,0.264359,0.265217,0.266095,0.266995,0.267918,0.268864,0.269834,0.270831,0.271855,0.272908,0.273992,0.275107,0.276257,0.277443,0.278666,0.279931,0.281238,0.282591,0.283994,0.285448,0.286959,0.28853,0.290165,0.29187,0.29365,0.29551,0.297458,0.299499,0.301643,0.303897,0.30627,0.308772,0.311411,0.314199,0.317143,0.320252,0.323531,0.326983,0.330605,0.334388,0.338315,0.342363,0.346501,0.350694,0.354904,0.359095,0.363235,0.367299,0.371267,0.375124,0.378865,0.382484,0.385981,0.38936,0.392623,0.395776,0.398823,0.401771,0.404623,0.407387,0.410067,0.412667,0.415194,0.41765,0.42004,0.422367,0.424636,0.426849,0.42901,0.43112,0.433183,0.435202,0.437177,0.439112,0.441008,0.442868,0.444692,0.446482,0.44824,0.449968,0.451665,0.453335,0.454977,0.456593,0.458183,0.45975,0.461293,0.462814,0.464313
0.255352,0.256017,0.256695,0.257385,0.25809,0.258808,0.259541,0.260288,0.261052,0.261832,0.262629,0.263443,0.264277,0.265129,0.266002,0.266896,0.267812,0.268752,0.269716,0.270705,0.271722,0.272766,0.273841,0.274947,0.276087,0.277262,0.278474,0.279726,0.281021,0.28236,0.283747,0.285186,0.286679,0.28823,0.289845,0.291527,0.293283,0.295116,0.297035,0.299044,0.301153,0.303368,0.305699,0.308155,0.310744,0.313476,0.316361,0.319406,0.322618,0.326,0.32955,0.333262,0.337123,0.34111,0.345197,0.34935,0.353532,0.357708,0.361845,0.365915,0.369898,0.373776,0.377542,0.381189,0.384717,0.388126,0.39142,0.394603,0.39768,0.400656,0.403536,0.406326,0.409031,0.411656,0.414205,0.416683,0.419093,0.421441,0.423728,0.425959,0.428137,0.430264,0.432343,0.434376,0.436366,0.438314,0.440224,0.442095,0.443932,0.445734,0.447503,0.449241,0.450949,0.452628,0.45428,0.455905,0.457504,0.459079,0.460631,0.46216,0.463666
0.255318,0.25598,0.256655,0.257342,0.258043,0.258757,0.259486,0.26023,0.26099,0.261765,0.262558,0.263368,0.264196,0.265043,0.265911,0.266799,0.267709,0.268642,0.269599,0.270581,0.27159,0.272627,0.273693,0.27479,0.27592,0.277084,0.278285,0.279526,0.280807,0.282133,0.283505,0.284928,0.286404,0.287937,0.289532,0.291192,0.292923,0.294731,0.296621,0.2986,0.300675,0.302853,0.305143,0.307554,0.310094,0.312774,0.315601,0.318585,0.321731,0.325044,0.328524,0.332166,0.335959,0.339885,0.343918,0.348027,0.352177,0.356334,0.360464,0.364537,0.368531,0.372428,0.376217,0.379891,0.383447,0.386886,0.390211,0.393424,0.39653,0.399534,0.402442,0.405258,0.407989,0.410638,0.41321,0.41571,0.418142,0.420509,0.422816,0.425065,0.42726,0.429403,0.431498,0.433546,0.43555,0.437513,0.439435,0.44132,0.443168,0.444982,0.446762,0.448511,0.450229,0.451918,0.45358,0.455214,0.456823,0.458407,0.459966,0.461503,0.463018
0.255285,0.255944,0.256615,0.257299,0.257997,0.258708,0.259433,0.260173,0.260928,0.2617,0.262488,0.263293,0.264116,0.264958,0.26582,0.266703,0.267607,0.268534,0.269484,0.270459,0.27146,0.272489,0.273547,0.274635,0.275755,0.27691,0.2781,0.279329,0.280598,0.28191,0.283268,0.284675,0.286134,0.287649,0.289224,0.290864,0.292572,0.294354,0.296217,0.298166,0.300208,0.30235,0.304601,0.306969,0.309462,0.31209,0.314862,0.317786,0.320869,0.324115,0.327526,0.331099,0.334824,0.338687,0.342664,0.346726,0.350842,0.354975,0.359093,0.363166,0.367168,0.37108,0.37489,0.378589,0.382173,0.385642,0.388995,0.392238,0.395373,0.398406,0.401342,0.404185,0.40694,0.409614,0.412209,0.414731,0.417184,0.419572,0.421898,0.424165,0.426378,0.428538,0.430648,0.432712,0.434731,0.436707,0.438643,0.44054,0.442401,0.444226,0.446018,0.447778,0.449507,0.451206,0.452877,0.454521,0.456139,0.457731,0.459299,0.460844,0.462367
0.255252,0.255908,0.256577,0.257257,0.257951,0.258659,0.25938,0.260117,0.260868,0.261635,0.262419,0.263219,0.264038,0.264875,0.265732,0.266609,0.267507,0.268427,0.269371,0.270339,0.271333,0.272354,0.273403,0.274483,0.275593,0.276738,0.277918,0.279135,0.280392,0.281691,0.283035,0.284427,0.28587,0.287367,0.288923,0.290542,0.292228,0.293986,0.295822,0.297742,0.299752,0.30186,0.304072,0.306399,0.308847,0.311426,0.314144,0.31701,0.32003,0.323211,0.326555,0.330059,0.333718,0.337516,0.341436,0.345449,0.349526,0.353632,0.357734,0.361802,0.365809,0.369735,0.373563,0.377286,0.380896,0.384392,0.387775,0.391047,0.394211,0.397272,0.400235,0.403105,0.405886,0.408584,0.411203,0.413748,0.416222,0.41863,0.420975,0.423261,0.425491,0.427668,0.429795,0.431874,0.433907,0.435898,0.437847,0.439758,0.441631,0.443468,0.445271,0.447042,0.448781,0.450491,0.452172,0.453825,0.455452,0.457053,0.45863,0.460183,0.461714
0.25522,0.255873,0.256539,0.257216,0.257907,0.258611,0.259329,0.260061,0.260809,0.261572,0.262351,0.263147,0.263961,0.264793,0.265644,0.266516,0.267408,0.268322,0.26926,0.270221,0.271208,0.272221,0.273262,0.274333,0.275434,0.276569,0.277738,0.278944,0.280189,0.281476,0.282806,0.284183,0.28561,0.28709,0.288628,0.290226,0.291891,0.293625,0.295435,0.297327,0.299306,0.301381,0.303557,0.305843,0.308247,0.310778,0.313445,0.316255,0.319216,0.322333,0.325611,0.329048,0.332639,0.336374,0.340234,0.344196,0.34823,0.352306,0.356389,0.360448,0.364457,0.368392,0.372237,0.37598,0.379615,0.383138,0.386549,0.38985,0.393042,0.396132,0.399122,0.402019,0.404826,0.407548,0.410191,0.412758,0.415254,0.417682,0.420047,0.422352,0.4246,0.426794,0.428937,0.431032,0.43308,0.435085,0.437048,0.438971,0.440857,0.442706,0.444521,0.446303,0.448053,0.449773,0.451464,0.453127,0.454763,0.456373,0.457958,0.45952,0.461059
0.255189,0.255839,0.256501,0.257176,0.257863,0.258564,0.259278,0.260007,0.26075,0.261509,0.262284,0.263076,0.263885,0.264712,0.265558,0.266424,0.267311,0.268219,0.26915,0.270105,0.271084,0.27209,0.273123,0.274185,0.275278,0.276403,0.277562,0.278757,0.27999,0.281264,0.282581,0.283944,0.285355,0.286819,0.288338,0.289917,0.29156,0.293272,0.295057,0.296921,0.298871,0.300913,0.303054,0.305301,0.307663,0.310148,0.312764,0.31552,0.318423,0.321479,0.324692,0.328063,0.331588,0.335258,0.339058,0.342967,0.346957,0.350998,0.355058,0.359105,0.363111,0.367053,0.370911,0.374674,0.378332,0.381881,0.385319,0.388647,0.391868,0.394986,0.398004,0.400927,0.403759,0.406507,0.409173,0.411763,0.41428,0.41673,0.419114,0.421438,0.423704,0.425915,0.428075,0.430185,0.432249,0.434268,0.436245,0.438181,0.44008,0.441941,0.443768,0.445561,0.447322,0.449052,0.450753,0.452425,0.454071,0.45569,0.457284,0.458854,0.460401
0.255158,0.255806,0.256465,0.257136,0.25782,0.258518,0.259228,0.259953,0.260693,0.261448,0.262219,0.263006,0.26381,0.264633,0.265474,0.266334,0.267215,0.268118,0.269042,0.26999,0.270963,0.271961,0.272986,0.27404,0.275124,0.27624,0.277389,0.278573,0.279795,0.281056,0.28236,0.283709,0.285105,0.286553,0.288055,0.289614,0.291237,0.292926,0.294687,0.296525,0.298446,0.300456,0.302563,0.304772,0.307094,0.309534,0.312102,0.314806,0.317652,0.320649,0.323799,0.327105,0.330565,0.33417,0.337909,0.341763,0.345705,0.349709,0.353742,0.357773,0.361774,0.365719,0.369588,0.373368,0.377047,0.38062,0.384084,0.38744,0.390689,0.393834,0.396879,0.399829,0.402687,0.405459,0.408149,0.410762,0.413302,0.415772,0.418177,0.420519,0.422804,0.425032,0.427208,0.429335,0.431413,0.433447,0.435438,0.437388,0.439299,0.441173,0.443011,0.444816,0.446587,0.448328,0.450039,0.451722,0.453376,0.455005,0.456608,0.458186,0.459741
0.255129,0.255773,0.256429,0.257098,0.257778,0.258472,0.25918,0.259901,0.260637,0.261388,0.262154,0.262937,0.263737,0.264555,0.265391,0.266246,0.267121,0.268018,0.268936,0.269877,0.270843,0.271834,0.272852,0.273897,0.274972,0.276079,0.277218,0.278392,0.279603,0.280852,0.282143,0.283478,0.28486,0.286291,0.287776,0.289317,0.29092,0.292587,0.294324,0.296137,0.29803,0.30001,0.302083,0.304257,0.306538,0.308936,0.311457,0.31411,0.316903,0.319841,0.32293,0.326173,0.329567,0.333109,0.336787,0.340584,0.344477,0.34844,0.352443,0.356455,0.360446,0.364391,0.368269,0.372063,0.375761,0.379357,0.382846,0.386229,0.389505,0.392677,0.395749,0.398725,0.401609,0.404406,0.40712,0.409756,0.412318,0.414809,0.417234,0.419596,0.421898,0.424145,0.426338,0.42848,0.430574,0.432622,0.434627,0.436591,0.438515,0.440401,0.442251,0.444067,0.44585,0.447602,0.449323,0.451015,0.452679,0.454317,0.455929,0.457516,0.459079
0.255099,0.255741,0.256394,0.25706,0.257737,0.258428,0.259132,0.259849,0.260581,0.261328,0.262091,0.262869,0.263665,0.264478,0.265309,0.266159,0.267028,0.267919,0.268831,0.269766,0.270725,0.271709,0.272719,0.273757,0.274823,0.275921,0.27705,0.278214,0.279414,0.280652,0.28193,0.283252,0.284619,0.286035,0.287503,0.289026,0.290609,0.292255,0.29397,0.295757,0.297623,0.299573,0.301615,0.303753,0.305997,0.308353,0.310829,0.313433,0.316173,0.319055,0.322084,0.325265,0.328596,0.332074,0.335691,0.33943,0.343272,0.347192,0.351162,0.355151,0.359129,0.363071,0.366954,0.370759,0.374475,0.378092,0.381605,0.385013,0.388315,0.391515,0.394613,0.397616,0.400526,0.403347,0.406086,0.408744,0.411328,0.413841,0.416286,0.418667,0.420988,0.423252,0.425462,0.427621,0.42973,0.431794,0.433813,0.43579,0.437727,0.439626,0.441488,0.443316,0.44511,0.446872,0.448604,0.450306,0.45198,0.453627,0.455247,0.456843,0.458415
0.255071,0.25571,0.25636,0.257022,0.257697,0.258384,0.259084,0.259799,0.260527,0.26127,0.262028,0.262803,0.263594,0.264402,0.265228,0.266073,0.266937,0.267822,0.268729,0.269657,0.270609,0.271586,0.272589,0.273619,0.274677,0.275765,0.276885,0.278039,0.279228,0.280454,0.281721,0.283029,0.284382,0.285783,0.287235,0.288741,0.290304,0.29193,0.293622,0.295385,0.297225,0.299147,0.301157,0.303262,0.305469,0.307784,0.310217,0.312774,0.315462,0.31829,0.321261,0.324381,0.32765,0.331066,0.33462,0.338302,0.342091,0.345966,0.349899,0.353862,0.357824,0.361759,0.365644,0.369459,0.373189,0.376825,0.380361,0.383794,0.387122,0.390347,0.393473,0.396501,0.399436,0.402283,0.405045,0.407727,0.410333,0.412867,0.415333,0.417734,0.420074,0.422356,0.424583,0.426757,0.428883,0.430961,0.432995,0.434986,0.436936,0.438847,0.440722,0.442561,0.444367,0.44614,0.447882,0.449594,0.451277,0.452934,0.454563,0.456168,0.457748
0.255043,0.255679,0.256326,0.256986,0.257657,0.258341,0.259038,0.259749,0.260473,0.261213,0.261967,0.262737,0.263524,0.264327,0.265149,0.265988,0.266848,0.267727,0.268627,0.26955,0.270495,0.271465,0.272461,0.273483,0.274533,0.275612,0.276723,0.277867,0.279045,0.280261,0.281515,0.28281,0.28415,0.285536,0.286972,0.28846,0.290006,0.291611,0.293282,0.295022,0.296836,0.29873,0.30071,0.302782,0.304953,0.30723,0.30962,0.312131,0.31477,0.317545,0.320461,0.323521,0.326729,0.330083,0.333576,0.337199,0.340934,0.344762,0.348656,0.352589,0.356532,0.360457,0.364341,0.368162,0.371905,0.375559,0.379115,0.382571,0.385924,0.389176,0.392327,0.395381,0.398342,0.401213,0.404,0.406705,0.409333,0.411889,0.414375,0.416796,0.419154,0.421454,0.423699,0.42589,0.428031,0.430125,0.432173,0.434177,0.436141,0.438065,0.439952,0.441803,0.44362,0.445404,0.447157,0.448879,0.450572,0.452238,0.453877,0.45549,0.457079
0.255015,0.255649,0.256293,0.25695,0.257618,0.258299,0.258993,0.2597,0.260421,0.261156,0.261907,0.262673,0.263455,0.264254,0.26507,0.265905,0.266759,0.267633,0.268528,0.269444,0.270383,0.271346,0.272334,0.273349,0.274391,0.275462,0.276564,0.277698,0.278866,0.28007,0.281313,0.282596,0.283921,0.285293,0.286713,0.288185,0.289713,0.291299,0.292948,0.294665,0.296455,0.298322,0.300273,0.302313,0.304449,0.306689,0.309038,0.311505,0.314097,0.31682,0.319681,0.322684,0.325832,0.329125,0.332557,0.336121,0.339802,0.34358,0.347433,0.351334,0.355254,0.359166,0.363045,0.36687,0.370623,0.374292,0.377868,0.381346,0.384723,0.387999,0.391176,0.394256,0.397242,0.400138,0.402949,0.405677,0.408328,0.410905,0.413412,0.415853,0.41823,0.420549,0.42281,0.425018,0.427175,0.429284,0.431347,0.433366,0.435343,0.43728,0.439179,0.441042,0.442871,0.444666,0.446429,0.448161,0.449865,0.45154,0.453188,0.45481,0.456407
0.254989,0.255619,0.256261,0.256915,0.25758,0.258258,0.258948,0.259652,0.260369,0.261101,0.261847,0.262609,0.263387,0.264182,0.264994,0.265823,0.266672,0.267541,0.268429,0.26934,0.270273,0.271229,0.27221,0.273217,0.274251,0.275314,0.276406,0.277531,0.278689,0.279883,0.281114,0.282384,0.283697,0.285055,0.28646,0.287915,0.289425,0.290993,0.292621,0.294316,0.296082,0.297923,0.299845,0.301855,0.303958,0.306161,0.30847,0.310895,0.31344,0.316114,0.318921,0.321869,0.324958,0.328191,0.331563,0.335068,0.338693,0.342421,0.346231,0.350096,0.35399,0.357886,0.361758,0.365583,0.369344,0.373027,0.37662,0.380119,0.383519,0.386819,0.390021,0.393126,0.396137,0.399058,0.401892,0.404644,0.407317,0.409916,0.412444,0.414905,0.417302,0.419638,0.421917,0.424142,0.426316,0.42844,0.430517,0.43255,0.434541,0.436491,0.438403,0.440278,0.442118,0.443924,0.445698,0.447441,0.449154,0.450839,0.452497,0.454128,0.455734
0.254963,0.255591,0.25623,0.25688,0.257543,0.258217,0.258904,0.259605,0.260318,0.261046,0.261789,0.262547,0.263321,0.264111,0.264918,0.265743,0.266587,0.26745,0.268333,0.269237,0.270164,0.271114,0.272088,0.273087,0.274113,0.275168,0.276252,0.277367,0.278515,0.279698,0.280918,0.282177,0.283477,0.284821,0.286211,0.287651,0.289143,0.290692,0.292301,0.293975,0.295717,0.297533,0.299427,0.301407,0.303477,0.305645,0.307917,0.310299,0.3128,0.315425,0.318182,0.321075,0.324107,0.327281,0.330594,0.33404,0.337609,0.341286,0.34505,0.348878,0.352743,0.356619,0.36048,0.364304,0.36807,0.371763,0.375373,0.37889,0.382312,0.385636,0.388862,0.391992,0.395028,0.397973,0.400831,0.403606,0.406302,0.408922,0.411471,0.413952,0.416368,0.418723,0.42102,0.423262,0.425452,0.427591,0.429684,0.431731,0.433736,0.435699,0.437624,0.439511,0.441362,0.44318,0.444965,0.446718,0.448441,0.450136,0.451803,0.453443,0.455057
0.254937,0.255563,0.256199,0.256846,0.257506,0.258177,0.258861,0.259558,0.260269,0.260993,0.261732,0.262486,0.263255,0.264041,0.264844,0.265664,0.266502,0.26736,0.268238,0.269136,0.270057,0.271,0.271967,0.27296,0.273978,0.275024,0.2761,0.277206,0.278345,0.279517,0.280726,0.281973,0.28326,0.284591,0.285966,0.287391,0.288867,0.290398,0.291987,0.29364,0.295359,0.29715,0.299019,0.300969,0.303008,0.305142,0.307376,0.309719,0.312176,0.314755,0.317461,0.320301,0.323278,0.326394,0.329649,0.333037,0.33655,0.340173,0.34389,0.347678,0.351512,0.355366,0.359214,0.363032,0.3668,0.370503,0.374126,0.377661,0.381103,0.38445,0.387699,0.390853,0.393913,0.396883,0.399765,0.402563,0.405281,0.407924,0.410493,0.412994,0.41543,0.417804,0.420118,0.422377,0.424583,0.426739,0.428846,0.430908,0.432927,0.434904,0.436841,0.43874,0.440604,0.442432,0.444228,0.445992,0.447726,0.44943,0.451106,0.452756,0.454379
0.254912,0.255535,0.256169,0.256813,0.25747,0.258138,0.258819,0.259513,0.26022,0.26094,0.261675,0.262425,0.263191,0.263972,0.26477,0.265586,0.266419,0.267272,0.268144,0.269037,0.269951,0.270888,0.271849,0.272834,0.273845,0.274883,0.27595,0.277048,0.278177,0.279339,0.280537,0.281772,0.283047,0.284365,0.285726,0.287135,0.288595,0.290108,0.291679,0.293311,0.295009,0.296776,0.298618,0.300541,0.302549,0.30465,0.306849,0.309152,0.311568,0.314101,0.316759,0.319548,0.322471,0.32553,0.328727,0.332057,0.335514,0.339084,0.342753,0.346499,0.350299,0.354128,0.357959,0.361769,0.365537,0.369245,0.37288,0.376431,0.379893,0.38326,0.386533,0.38971,0.392794,0.395788,0.398694,0.401515,0.404256,0.40692,0.409511,0.412032,0.414487,0.41688,0.419212,0.421489,0.423711,0.425883,0.428005,0.430082,0.432114,0.434104,0.436055,0.437966,0.439842,0.441682,0.443489,0.445263,0.447007,0.448721,0.450407,0.452066,0.453698
0.254888,0.255508,0.256139,0.256781,0.257435,0.2581,0.258778,0.259468,0.260171,0.260889,0.26162,0.262366,0.263127,0.263904,0.264698,0.265509,0.266338,0.267185,0.268052,0.268939,0.269848,0.270778,0.271732,0.27271,0.273714,0.274744,0.275803,0.276892,0.278011,0.279164,0.280351,0.281575,0.282838,0.284143,0.28549,0.286885,0.288329,0.289825,0.291377,0.292989,0.294665,0.296409,0.298227,0.300122,0.302101,0.304169,0.306333,0.3086,0.310974,0.313464,0.316075,0.318814,0.321684,0.324688,0.327828,0.331101,0.334502,0.338019,0.341638,0.345341,0.349104,0.352905,0.356716,0.360516,0.36428,0.367993,0.371637,0.375202,0.378681,0.382069,0.385363,0.388564,0.391672,0.394689,0.397618,0.400462,0.403225,0.405911,0.408523,0.411065,0.41354,0.415951,0.418302,0.420596,0.422835,0.425022,0.42716,0.429251,0.431298,0.433302,0.435265,0.437189,0.439077,0.440928,0.442746,0.444532,0.446286,0.44801,0.449706,0.451373,0.453015
0.254864,0.255482,0.25611,0.256749,0.2574,0.258062,0.258737,0.259424,0.260124,0.260838,0.261565,0.262308,0.263065,0.263838,0.264627,0.265433,0.266257,0.2671,0.267961,0.268843,0.269745,0.27067,0.271617,0.272588,0.273585,0.274608,0.275658,0.276738,0.277849,0.278991,0.280168,0.281381,0.282633,0.283924,0.285259,0.286639,0.288067,0.289547,0.291081,0.292674,0.294329,0.29605,0.297843,0.299712,0.301662,0.3037,0.30583,0.30806,0.310395,0.312842,0.315408,0.318098,0.320917,0.323867,0.326952,0.330169,0.333513,0.336976,0.340545,0.344203,0.347928,0.351698,0.355487,0.359273,0.363032,0.366745,0.370397,0.373974,0.37747,0.380876,0.384191,0.387414,0.390545,0.393585,0.396537,0.399405,0.40219,0.404898,0.407531,0.410093,0.412588,0.415018,0.417387,0.419698,0.421954,0.424158,0.426311,0.428417,0.430478,0.432496,0.434472,0.436409,0.438308,0.440172,0.442001,0.443797,0.445562,0.447296,0.449001,0.450678,0.452329
0.254841,0.255456,0.256082,0.256718,0.257366,0.258026,0.258697,0.259381,0.260078,0.260788,0.261512,0.26225,0.263004,0.263772,0.264557,0.265359,0.266178,0.267016,0.267872,0.268748,0.269645,0.270563,0.271504,0.272468,0.273458,0.274473,0.275516,0.276587,0.277688,0.278822,0.279989,0.281191,0.282431,0.28371,0.285031,0.286397,0.28781,0.289273,0.29079,0.292364,0.293999,0.295699,0.297468,0.299311,0.301233,0.303241,0.305338,0.307533,0.30983,0.312236,0.314758,0.3174,0.320169,0.323067,0.326097,0.329259,0.332548,0.335957,0.339475,0.343086,0.346771,0.350508,0.354273,0.358042,0.361792,0.365504,0.369161,0.372749,0.376258,0.379682,0.383017,0.386261,0.389414,0.392477,0.395453,0.398343,0.401151,0.40388,0.406534,0.409117,0.411631,0.414081,0.416468,0.418797,0.42107,0.423289,0.425458,0.427579,0.429655,0.431686,0.433675,0.435625,0.437537,0.439412,0.441253,0.44306,0.444835,0.446579,0.448294,0.449981,0.451641
0.254819,0.255431,0.256054,0.256688,0.257333,0.257989,0.258658,0.259339,0.260032,0.260739,0.261459,0.262194,0.262943,0.263708,0.264489,0.265286,0.2661,0.266933,0.267784,0.268655,0.269546,0.270458,0.271393,0.27235,0.273333,0.274341,0.275375,0.276438,0.277531,0.278655,0.279812,0.281003,0.282232,0.283499,0.284807,0.286159,0.287558,0.289005,0.290505,0.292061,0.293676,0.295354,0.2971,0.298918,0.300814,0.302792,0.304858,0.307018,0.309278,0.311644,0.314123,0.31672,0.31944,0.322287,0.325264,0.328371,0.331605,0.334961,0.338427,0.341991,0.345634,0.349336,0.353073,0.356823,0.360562,0.36427,0.367929,0.371525,0.375047,0.378488,0.381842,0.385106,0.388281,0.391366,0.394364,0.397276,0.400106,0.402858,0.405533,0.408136,0.41067,0.413139,0.415545,0.417891,0.420181,0.422417,0.424602,0.426738,0.428827,0.430873,0.432876,0.434838,0.436762,0.43865,0.440502,0.44232,0.444105,0.44586,0.447585,0.449281,0.45095
0.254797,0.255407,0.256027,0.256658,0.2573,0.257954,0.258619,0.259297,0.259987,0.260691,0.261407,0.262138,0.262884,0.263645,0.264421,0.265214,0.266024,0.266851,0.267697,0.268563,0.269448,0.270355,0.271283,0.272234,0.27321,0.27421,0.275237,0.276292,0.277376,0.278491,0.279638,0.280819,0.282036,0.283292,0.284588,0.285926,0.28731,0.288742,0.290225,0.291763,0.293359,0.295016,0.29674,0.298534,0.300403,0.302353,0.304388,0.306515,0.308739,0.311067,0.313504,0.316056,0.318729,0.321527,0.324451,0.327505,0.330685,0.333987,0.337402,0.340917,0.344517,0.348182,0.35189,0.355617,0.359342,0.363044,0.366703,0.370305,0.373838,0.377293,0.380665,0.383949,0.387144,0.390251,0.393271,0.396206,0.399058,0.401831,0.404527,0.407151,0.409705,0.412192,0.414617,0.416981,0.419288,0.421541,0.423741,0.425892,0.427997,0.430056,0.432072,0.434048,0.435985,0.437884,0.439747,0.441577,0.443373,0.445138,0.446873,0.448579,0.450257
0.254775,0.255383,0.256001,0.256629,0.257269,0.257919,0.258582,0.259256,0.259943,0.260643,0.261357,0.262084,0.262826,0.263582,0.264355,0.265143,0.265948,0.266771,0.267612,0.268472,0.269352,0.270253,0.271175,0.27212,0.273088,0.274082,0.275101,0.276148,0.277223,0.278329,0.279467,0.280638,0.281844,0.283088,0.284372,0.285697,0.287067,0.288484,0.28995,0.291471,0.293048,0.294685,0.296387,0.298157,0.300001,0.301923,0.303929,0.306023,0.308213,0.310503,0.3129,0.315409,0.318036,0.320785,0.323659,0.32666,0.329786,0.333035,0.336398,0.339865,0.343421,0.347047,0.350723,0.354426,0.358134,0.361826,0.365484,0.36909,0.372631,0.376099,0.379487,0.382789,0.386005,0.389133,0.392175,0.395131,0.398005,0.400799,0.403517,0.406161,0.408735,0.411242,0.413685,0.416067,0.418391,0.42066,0.422877,0.425043,0.427162,0.429236,0.431266,0.433254,0.435204,0.437115,0.43899,0.440831,0.442638,0.444413,0.446158,0.447874,0.449561
0.254755,0.25536,0.255975,0.256601,0.257237,0.257885,0.258545,0.259216,0.2599,0.260597,0.261307,0.26203,0.262768,0.263521,0.264289,0.265073,0.265874,0.266692,0.267528,0.268383,0.269257,0.270152,0.271069,0.272007,0.272969,0.273955,0.274967,0.276006,0.277073,0.27817,0.279298,0.280459,0.281655,0.282888,0.284159,0.285472,0.286828,0.28823,0.289681,0.291184,0.292743,0.29436,0.296041,0.297788,0.299607,0.301503,0.303479,0.305543,0.307699,0.309952,0.31231,0.314778,0.31736,0.320061,0.322886,0.325835,0.328909,0.332105,0.335417,0.338834,0.342345,0.345931,0.349573,0.353249,0.356938,0.360619,0.364271,0.367879,0.371428,0.374907,0.378309,0.381629,0.384864,0.388012,0.391075,0.394053,0.396948,0.399764,0.402502,0.405167,0.407761,0.410287,0.412748,0.415148,0.41749,0.419776,0.422008,0.42419,0.426324,0.428412,0.430456,0.432458,0.434419,0.436343,0.43823,0.440082,0.4419,0.443686,0.445441,0.447166,0.448863
0.254734,0.255337,0.25595,0.256573,0.257207,0.257852,0.258509,0.259177,0.259858,0.260551,0.261257,0.261978,0.262712,0.263461,0.264225,0.265005,0.265801,0.266614,0.267446,0.268295,0.269164,0.270054,0.270964,0.271896,0.272851,0.273831,0.274835,0.275867,0.276925,0.278014,0.279133,0.280284,0.281469,0.282691,0.28395,0.28525,0.286593,0.28798,0.289416,0.290903,0.292443,0.294042,0.295701,0.297427,0.299222,0.301091,0.30304,0.305073,0.307196,0.309415,0.311734,0.314161,0.3167,0.319355,0.322132,0.325031,0.328053,0.331197,0.334457,0.337825,0.341289,0.344834,0.34844,0.352088,0.355755,0.359422,0.363067,0.366674,0.370228,0.373716,0.377132,0.380468,0.383721,0.386889,0.389972,0.392971,0.395887,0.398724,0.401483,0.404168,0.406782,0.409328,0.411808,0.414226,0.416585,0.418888,0.421136,0.423334,0.425483,0.427585,0.429642,0.431657,0.433632,0.435568,0.437467,0.43933,0.441159,0.442956,0.444721,0.446456,0.448162
0.254715,0.255315,0.255925,0.256546,0.257177,0.257819,0.258473,0.259138,0.259816,0.260506,0.261209,0.261926,0.262656,0.263401,0.264161,0.264937,0.265729,0.266538,0.267364,0.268209,0.269073,0.269956,0.270861,0.271787,0.272736,0.273708,0.274706,0.275729,0.27678,0.27786,0.27897,0.280111,0.281286,0.282497,0.283745,0.285033,0.286362,0.287735,0.289156,0.290626,0.29215,0.293729,0.295369,0.297072,0.298844,0.300688,0.302609,0.304613,0.306705,0.308889,0.311172,0.313559,0.316056,0.318667,0.321396,0.324246,0.327217,0.33031,0.333519,0.336837,0.340255,0.343756,0.347325,0.350942,0.354586,0.358236,0.361872,0.365476,0.369032,0.372528,0.375955,0.379306,0.382576,0.385763,0.388866,0.391886,0.394823,0.397681,0.400461,0.403166,0.405799,0.408364,0.410863,0.413299,0.415676,0.417995,0.42026,0.422473,0.424637,0.426754,0.428825,0.430854,0.432841,0.43479,0.4367,0.438575,0.440415,0.442223,0.443998,0.445743,0.447459
0.254695,0.255293,0.255901,0.256519,0.257148,0.257787,0.258438,0.259101,0.259775,0.260462,0.261162,0.261875,0.262602,0.263343,0.264099,0.264871,0.265658,0.266463,0.267284,0.268124,0.268982,0.269861,0.270759,0.271679,0.272622,0.273588,0.274578,0.275594,0.276637,0.277708,0.278809,0.279941,0.281107,0.282307,0.283543,0.284819,0.286135,0.287495,0.2889,0.290355,0.291861,0.293423,0.295043,0.296725,0.298474,0.300293,0.302188,0.304164,0.306224,0.308375,0.310623,0.312972,0.315427,0.317995,0.320678,0.323479,0.326401,0.329443,0.332602,0.335871,0.339241,0.342699,0.346229,0.349813,0.353431,0.357062,0.360686,0.364284,0.367841,0.371344,0.374781,0.378145,0.381431,0.384636,0.387758,0.390798,0.393755,0.396633,0.399434,0.402159,0.404813,0.407397,0.409914,0.412369,0.414763,0.417099,0.419381,0.421609,0.423788,0.425919,0.428005,0.430047,0.432047,0.434008,0.435931,0.437817,0.439669,0.441487,0.443273,0.445028,0.446754
0.254677,0.255272,0.255878,0.256493,0.257119,0.257756,0.258404,0.259064,0.259735,0.260419,0.261115,0.261825,0.262548,0.263286,0.264038,0.264805,0.265589,0.266388,0.267205,0.26804,0.268894,0.269766,0.270659,0.271573,0.27251,0.273469,0.274452,0.275461,0.276496,0.277559,0.278651,0.279774,0.28093,0.282119,0.283345,0.284608,0.285912,0.287258,0.28865,0.290089,0.291578,0.293122,0.294723,0.296385,0.298111,0.299907,0.301776,0.303724,0.305754,0.307873,0.310086,0.312398,0.314813,0.317338,0.319977,0.322732,0.325605,0.328597,0.331705,0.334925,0.338247,0.341661,0.345152,0.348702,0.352291,0.355901,0.359511,0.363101,0.366657,0.370163,0.373608,0.376984,0.380285,0.383507,0.386648,0.389707,0.392685,0.395583,0.398403,0.401149,0.403822,0.406425,0.408962,0.411434,0.413846,0.416199,0.418497,0.420742,0.422936,0.425081,0.427181,0.429237,0.43125,0.433224,0.435159,0.437057,0.438919,0.440748,0.442545,0.44431,0.446046
0.254659,0.255252,0.255855,0.256468,0.257091,0.257725,0.258371,0.259027,0.259696,0.260376,0.261069,0.261776,0.262495,0.263229,0.263977,0.264741,0.26552,0.266315,0.267128,0.267958,0.268806,0.269673,0.270561,0.271469,0.272399,0.273352,0.274328,0.27533,0.276357,0.277412,0.278496,0.27961,0.280755,0.281935,0.283149,0.284401,0.285693,0.287026,0.288403,0.289827,0.291301,0.292827,0.294409,0.296051,0.297756,0.299528,0.301372,0.303293,0.305294,0.307382,0.309561,0.311837,0.314214,0.316698,0.319293,0.322002,0.324827,0.32777,0.330829,0.334,0.337275,0.340644,0.344093,0.347607,0.351167,0.354753,0.358346,0.361927,0.365479,0.368987,0.372439,0.375825,0.37914,0.382377,0.385536,0.388613,0.391611,0.394529,0.397369,0.400135,0.402827,0.40545,0.408005,0.410496,0.412925,0.415295,0.41761,0.41987,0.422079,0.42424,0.426354,0.428423,0.43045,0.432436,0.434383,0.436293,0.438167,0.440007,0.441814,0.44359,0.445335
0.254641,0.255232,0.255833,0.256443,0.257064,0.257695,0.258338,0.258992,0.259657,0.260334,0.261024,0.261727,0.262443,0.263174,0.263918,0.264678,0.265452,0.266244,0.267051,0.267877,0.26872,0.269582,0.270464,0.271366,0.27229,0.273236,0.274206,0.275201,0.276221,0.277267,0.278343,0.279448,0.280584,0.281753,0.282957,0.284198,0.285477,0.286797,0.288161,0.28957,0.291028,0.292537,0.294101,0.295723,0.297408,0.299157,0.300977,0.302871,0.304845,0.306902,0.309048,0.311289,0.313628,0.316072,0.318625,0.321289,0.324068,0.326963,0.329973,0.333095,0.336322,0.339646,0.343054,0.34653,0.350059,0.35362,0.357194,0.360763,0.364309,0.367816,0.371273,0.374668,0.377995,0.381247,0.384422,0.387518,0.390534,0.393472,0.396332,0.399117,0.401829,0.40447,0.407044,0.409553,0.412,0.414388,0.416718,0.418995,0.42122,0.423395,0.425523,0.427606,0.429646,0.431645,0.433605,0.435526,0.437412,0.439263,0.441081,0.442867,0.444622
0.254624,0.255213,0.255811,0.256419,0.257037,0.257666,0.258306,0.258957,0.259619,0.260293,0.26098,0.26168,0.262392,0.263119,0.26386,0.264615,0.265386,0.266173,0.266976,0.267797,0.268635,0.269492,0.270368,0.271265,0.272183,0.273123,0.274086,0.275073,0.276086,0.277125,0.278192,0.279288,0.280415,0.281575,0.282768,0.283998,0.285265,0.286573,0.287923,0.289318,0.29076,0.292253,0.293799,0.295402,0.297066,0.298794,0.30059,0.302459,0.304404,0.306432,0.308547,0.310753,0.313056,0.315461,0.317972,0.320593,0.323327,0.326175,0.329137,0.33221,0.33539,0.338668,0.342033,0.345472,0.348967,0.352501,0.356054,0.359609,0.363146,0.366652,0.370111,0.373514,0.376851,0.380117,0.383307,0.386421,0.389455,0.392412,0.395291,0.398096,0.400827,0.403487,0.40608,0.408607,0.411072,0.413476,0.415823,0.418116,0.420356,0.422547,0.424689,0.426786,0.42884,0.430851,0.432823,0.434757,0.436654,0.438516,0.440345,0.442141,0.443906
0.254607,0.255194,0.25579,0.256395,0.257011,0.257637,0.258274,0.258922,0.259582,0.260253,0.260937,0.261633,0.262342,0.263065,0.263802,0.264554,0.265321,0.266103,0.266902,0.267718,0.268551,0.269403,0.270274,0.271166,0.272078,0.273011,0.273968,0.274948,0.275954,0.276985,0.278044,0.279132,0.28025,0.281399,0.282583,0.283801,0.285057,0.286352,0.287689,0.28907,0.290497,0.291974,0.293503,0.295087,0.296731,0.298437,0.30021,0.302054,0.303973,0.305972,0.308056,0.310229,0.312497,0.314864,0.317335,0.319914,0.322603,0.325405,0.328319,0.331345,0.334478,0.33771,0.341032,0.344431,0.347892,0.351397,0.354927,0.358465,0.361993,0.365494,0.368954,0.372362,0.375709,0.378987,0.382192,0.385322,0.388374,0.391349,0.394248,0.397071,0.399821,0.402501,0.405112,0.407657,0.410139,0.412561,0.414925,0.417234,0.419489,0.421695,0.423852,0.425963,0.42803,0.430054,0.432039,0.433984,0.435893,0.437767,0.439606,0.441413,0.443188
0.254591,0.255175,0.255769,0.256372,0.256986,0.257609,0.258244,0.258889,0.259545,0.260214,0.260894,0.261587,0.262293,0.263013,0.263746,0.264494,0.265256,0.266035,0.266829,0.26764,0.268469,0.269316,0.270182,0.271067,0.271974,0.272901,0.273851,0.274825,0.275823,0.276847,0.277898,0.278977,0.280086,0.281227,0.2824,0.283608,0.284852,0.286135,0.287459,0.288826,0.290238,0.291699,0.293212,0.294778,0.296402,0.298088,0.299838,0.301658,0.303551,0.305522,0.307576,0.309717,0.311951,0.314281,0.316713,0.31925,0.321896,0.324652,0.32752,0.330499,0.333585,0.336771,0.34005,0.343409,0.346834,0.350308,0.353814,0.357334,0.360849,0.364343,0.367803,0.371215,0.374569,0.377858,0.381077,0.384222,0.387291,0.390284,0.393201,0.396043,0.398812,0.40151,0.40414,0.406703,0.409203,0.411642,0.414023,0.416347,0.418619,0.420839,0.423011,0.425136,0.427216,0.429254,0.431251,0.433209,0.435129,0.437014,0.438864,0.440682,0.442467
0.254576,0.255158,0.255749,0.25635,0.256961,0.257582,0.258213,0.258856,0.25951,0.260175,0.260852,0.261542,0.262245,0.262961,0.26369,0.264434,0.265193,0.265967,0.266757,0.267564,0.268388,0.26923,0.270091,0.270971,0.271871,0.272793,0.273737,0.274704,0.275695,0.276711,0.277754,0.278825,0.279925,0.281056,0.28222,0.283417,0.284651,0.285922,0.287233,0.288586,0.289985,0.29143,0.292926,0.294475,0.29608,0.297745,0.299474,0.30127,0.303138,0.305082,0.307107,0.309216,0.311416,0.313711,0.316104,0.318601,0.321205,0.323917,0.32674,0.329672,0.332711,0.335852,0.339087,0.342405,0.345793,0.349235,0.352715,0.356214,0.359715,0.363201,0.366658,0.370071,0.373432,0.376731,0.379962,0.383122,0.386207,0.389217,0.392152,0.395013,0.3978,0.400517,0.403165,0.405746,0.408264,0.41072,0.413117,0.415458,0.417745,0.41998,0.422167,0.424306,0.4264,0.428451,0.43046,0.432431,0.434363,0.436259,0.43812,0.439948,0.441744
0.254561,0.25514,0.255729,0.256328,0.256936,0.257555,0.258184,0.258824,0.259475,0.260137,0.260811,0.261498,0.262197,0.26291,0.263636,0.264376,0.265131,0.265901,0.266687,0.267489,0.268308,0.269145,0.270001,0.270876,0.27177,0.272686,0.273624,0.274584,0.275568,0.276577,0.277613,0.278676,0.279767,0.280889,0.282043,0.28323,0.284452,0.285712,0.287011,0.288351,0.289735,0.291166,0.292645,0.294177,0.295763,0.297409,0.299116,0.30089,0.302733,0.304651,0.306647,0.308726,0.310894,0.313153,0.31551,0.317968,0.32053,0.323199,0.325977,0.328864,0.331857,0.334953,0.338143,0.34142,0.34477,0.348179,0.351631,0.355107,0.358592,0.362068,0.365519,0.368933,0.372298,0.375605,0.378848,0.382021,0.385122,0.388148,0.391101,0.393979,0.396785,0.39952,0.402186,0.404785,0.40732,0.409794,0.412208,0.414565,0.416867,0.419118,0.421319,0.423472,0.42558,0.427644,0.429667,0.431649,0.433593,0.435501,0.437373,0.439212,0.441018
0.254546,0.255124,0.25571,0.256307,0.256913,0.257529,0.258155,0.258792,0.25944,0.2601,0.260771,0.261454,0.26215,0.262859,0.263582,0.264319,0.26507,0.265836,0.266617,0.267415,0.26823,0.269062,0.269912,0.270782,0.271671,0.272581,0.273512,0.274466,0.275444,0.276446,0.277473,0.278528,0.279611,0.280724,0.281868,0.283046,0.284257,0.285506,0.286792,0.28812,0.28949,0.290906,0.29237,0.293884,0.295453,0.297079,0.298766,0.300517,0.302336,0.304228,0.306197,0.308247,0.310383,0.312608,0.314929,0.317348,0.31987,0.322497,0.325232,0.328073,0.331021,0.334072,0.337219,0.340453,0.343765,0.347139,0.350561,0.354014,0.35748,0.360944,0.364388,0.367801,0.371168,0.374482,0.377735,0.38092,0.384036,0.387078,0.390048,0.392944,0.395767,0.39852,0.401204,0.403821,0.406374,0.408864,0.411295,0.413668,0.415987,0.418252,0.420468,0.422636,0.424757,0.426835,0.42887,0.430865,0.432821,0.43474,0.436623,0.438473,0.440289
0.254532,0.255107,0.255692,0.256286,0.25689,0.257503,0.258127,0.258761,0.259407,0.260063,0.260731,0.261412,0.262104,0.26281,0.263529,0.264262,0.265009,0.265771,0.266549,0.267342,0.268152,0.26898,0.269825,0.27069,0.271573,0.272477,0.273403,0.27435,0.275321,0.276316,0.277336,0.278383,0.279458,0.280562,0.281697,0.282864,0.284065,0.285302,0.286577,0.287892,0.289249,0.29065,0.292099,0.293597,0.295148,0.296755,0.298422,0.300151,0.301948,0.303815,0.305756,0.307778,0.309882,0.312075,0.314361,0.316743,0.319226,0.321812,0.324503,0.327301,0.330204,0.333209,0.336312,0.339505,0.342777,0.346116,0.349507,0.352934,0.356381,0.35983,0.363266,0.366674,0.370043,0.373362,0.376623,0.37982,0.382949,0.386007,0.388992,0.391906,0.394747,0.397517,0.400219,0.402854,0.405424,0.407931,0.410378,0.412768,0.415102,0.417383,0.419614,0.421796,0.423931,0.426022,0.42807,0.430077,0.432046,0.433976,0.435871,0.437731,0.439558
0.254518,0.255092,0.255674,0.256266,0.256867,0.257478,0.258099,0.258731,0.259373,0.260027,0.260693,0.26137,0.262059,0.262762,0.263477,0.264206,0.26495,0.265708,0.266481,0.267271,0.268076,0.268899,0.26974,0.270599,0.271477,0.272375,0.273295,0.274236,0.2752,0.276188,0.277201,0.27824,0.279307,0.280402,0.281528,0.282686,0.283877,0.285103,0.286366,0.287668,0.289012,0.290399,0.291833,0.293315,0.294849,0.296438,0.298085,0.299793,0.301566,0.303409,0.305325,0.307318,0.309393,0.311554,0.313806,0.316151,0.318596,0.321141,0.323791,0.326545,0.329404,0.332366,0.335425,0.338575,0.341808,0.34511,0.348469,0.351869,0.355293,0.358726,0.362152,0.365555,0.368923,0.372246,0.375514,0.378721,0.381863,0.384935,0.387936,0.390866,0.393724,0.396512,0.399231,0.401883,0.40447,0.406995,0.409459,0.411865,0.414215,0.416511,0.418756,0.420953,0.423102,0.425206,0.427267,0.429287,0.431267,0.43321,0.435116,0.436987,0.438824
0.254505,0.255077,0.255657,0.256246,0.256845,0.257453,0.258072,0.258701,0.259341,0.259992,0.260654,0.261329,0.262015,0.262714,0.263426,0.264152,0.264892,0.265646,0.266415,0.2672,0.268001,0.268819,0.269655,0.270509,0.271382,0.272275,0.273188,0.274123,0.275081,0.276062,0.277068,0.2781,0.279158,0.280245,0.281362,0.28251,0.283691,0.284906,0.286158,0.287448,0.288779,0.290153,0.291572,0.293038,0.294555,0.296126,0.297754,0.299441,0.301193,0.303012,0.304902,0.306868,0.308914,0.311044,0.313262,0.315573,0.31798,0.320486,0.323095,0.325807,0.328622,0.33154,0.334555,0.337664,0.340856,0.344121,0.347447,0.350818,0.354219,0.357634,0.361047,0.364443,0.367809,0.371134,0.374408,0.377624,0.380777,0.383862,0.386878,0.389824,0.392699,0.395504,0.39824,0.40091,0.403514,0.406055,0.408536,0.410958,0.413324,0.415635,0.417896,0.420106,0.42227,0.424387,0.426461,0.428494,0.430486,0.432441,0.434358,0.43624,0.438088
0.254493,0.255062,0.25564,0.256227,0.256823,0.25743,0.258046,0.258672,0.259309,0.259958,0.260617,0.261288,0.261971,0.262667,0.263376,0.264098,0.264834,0.265585,0.26635,0.267131,0.267927,0.268741,0.269572,0.270421,0.271289,0.272176,0.273084,0.274013,0.274964,0.275938,0.276937,0.277961,0.279012,0.280091,0.281198,0.282337,0.283508,0.284713,0.285954,0.287232,0.28855,0.28991,0.291315,0.292766,0.294267,0.29582,0.297429,0.299097,0.300827,0.302622,0.304488,0.306428,0.308445,0.310545,0.312731,0.315007,0.317378,0.319846,0.322414,0.325084,0.327857,0.330732,0.333704,0.33677,0.339922,0.343149,0.346441,0.349782,0.353158,0.356554,0.359952,0.363339,0.366701,0.370027,0.373305,0.376529,0.379692,0.382789,0.38582,0.388781,0.391672,0.394493,0.397247,0.399933,0.402555,0.405113,0.40761,0.410048,0.412429,0.414757,0.417032,0.419257,0.421434,0.423565,0.425653,0.427698,0.429702,0.431668,0.433597,0.43549,0.437349
0.254481,0.255048,0.255623,0.256208,0.256802,0.257406,0.25802,0.258644,0.259278,0.259924,0.26058,0.261249,0.261929,0.262621,0.263327,0.264045,0.264778,0.265524,0.266286,0.267062,0.267855,0.268664,0.26949,0.270334,0.271197,0.272078,0.27298,0.273903,0.274848,0.275816,0.276808,0.277825,0.278868,0.279938,0.281037,0.282167,0.283328,0.284523,0.285753,0.287019,0.288325,0.289672,0.291063,0.292499,0.293984,0.29552,0.29711,0.298758,0.300467,0.302241,0.304082,0.305996,0.307986,0.310056,0.312211,0.314453,0.316789,0.319219,0.321749,0.324378,0.327109,0.329941,0.332871,0.335894,0.339005,0.342195,0.345451,0.348761,0.352111,0.355485,0.358868,0.362244,0.365601,0.368925,0.372206,0.375436,0.378608,0.381717,0.384761,0.387736,0.390643,0.393481,0.396251,0.398954,0.401592,0.404167,0.40668,0.409135,0.411532,0.413874,0.416164,0.418404,0.420595,0.42274,0.424841,0.426899,0.428916,0.430894,0.432834,0.434738,0.436608
0.254469,0.255034,0.255607,0.25619,0.256782,0.257383,0.257995,0.258616,0.259248,0.259891,0.260544,0.26121,0.261887,0.262576,0.263278,0.263993,0.264722,0.265465,0.266222,0.266995,0.267783,0.268588,0.269409,0.270248,0.271106,0.271982,0.272879,0.273796,0.274735,0.275696,0.276681,0.27769,0.278726,0.279788,0.280879,0.281999,0.283151,0.284336,0.285555,0.28681,0.288104,0.289438,0.290815,0.292236,0.293705,0.295225,0.296798,0.298426,0.300115,0.301866,0.303685,0.305573,0.307536,0.309578,0.311702,0.313912,0.316212,0.318607,0.321098,0.323688,0.326377,0.329167,0.332055,0.335036,0.338107,0.341257,0.344478,0.347756,0.351078,0.354429,0.357795,0.361158,0.364507,0.367828,0.371111,0.374346,0.377526,0.380646,0.383701,0.386691,0.389613,0.392466,0.395253,0.397972,0.400627,0.403218,0.405748,0.408218,0.410631,0.412989,0.415294,0.417548,0.419754,0.421912,0.424026,0.426097,0.428126,0.430116,0.432068,0.433983,0.435864
0.254458,0.25502,0.255592,0.256172,0.256762,0.257361,0.25797,0.258589,0.259218,0.259858,0.260509,0.261171,0.261845,0.262532,0.26323,0.263942,0.264667,0.265407,0.26616,0.266929,0.267713,0.268513,0.26933,0.270164,0.271017,0.271888,0.272779,0.27369,0.274623,0.275578,0.276556,0.277558,0.278586,0.27964,0.280723,0.281834,0.282977,0.284151,0.28536,0.286604,0.287886,0.289208,0.290571,0.291978,0.293432,0.294935,0.29649,0.298101,0.299769,0.301499,0.303295,0.305159,0.307096,0.309109,0.311203,0.313382,0.315649,0.318008,0.320461,0.323012,0.325661,0.32841,0.331256,0.334196,0.337225,0.340337,0.343521,0.346767,0.35006,0.353387,0.356733,0.360082,0.363422,0.366738,0.370021,0.373259,0.376446,0.379575,0.382642,0.385645,0.388581,0.39145,0.394252,0.396988,0.399659,0.402267,0.404813,0.407299,0.409728,0.412101,0.414421,0.416689,0.418909,0.421081,0.423208,0.425292,0.427334,0.429336,0.431299,0.433226,0.435117
0.254447,0.255008,0.255577,0.256155,0.256743,0.25734,0.257946,0.258562,0.259189,0.259826,0.260474,0.261134,0.261805,0.262488,0.263184,0.263892,0.264614,0.265349,0.266099,0.266864,0.267643,0.268439,0.269252,0.270081,0.270929,0.271795,0.27268,0.273586,0.274512,0.275461,0.276432,0.277428,0.278448,0.279495,0.280569,0.281672,0.282805,0.28397,0.285168,0.286402,0.287672,0.288981,0.290331,0.291724,0.293163,0.294651,0.296189,0.297781,0.29943,0.301139,0.302912,0.304753,0.306664,0.30865,0.310715,0.312863,0.315097,0.317421,0.319839,0.322351,0.324961,0.327669,0.330473,0.333372,0.336361,0.339434,0.342581,0.345793,0.349056,0.352357,0.355682,0.359016,0.362345,0.365656,0.368936,0.372177,0.375369,0.378506,0.381584,0.384599,0.387549,0.390433,0.39325,0.396002,0.398689,0.401313,0.403874,0.406377,0.408821,0.411209,0.413544,0.415828,0.418061,0.420247,0.422387,0.424484,0.426538,0.428552,0.430528,0.432466,0.434368
0.254436,0.254995,0.255563,0.256139,0.256724,0.257318,0.257923,0.258536,0.259161,0.259795,0.260441,0.261097,0.261765,0.262445,0.263138,0.263843,0.264561,0.265293,0.266039,0.266799,0.267575,0.268367,0.269175,0.269999,0.270842,0.271703,0.272583,0.273483,0.274404,0.275346,0.276311,0.277299,0.278313,0.279352,0.280418,0.281512,0.282636,0.283792,0.28498,0.286202,0.287461,0.288758,0.290095,0.291475,0.292899,0.294371,0.295893,0.297467,0.299097,0.300786,0.302537,0.304355,0.306241,0.308201,0.310238,0.312355,0.314558,0.316848,0.319229,0.321705,0.324276,0.326944,0.329708,0.332566,0.335514,0.338548,0.341658,0.344835,0.348067,0.351342,0.354645,0.357961,0.361277,0.36458,0.367857,0.371098,0.374295,0.377439,0.380527,0.383553,0.386516,0.389414,0.392246,0.395014,0.397716,0.400356,0.402934,0.405451,0.407911,0.410315,0.412665,0.414963,0.41721,0.41941,0.421564,0.423673,0.42574,0.427766,0.429753,0.431703,0.433616
