CO2 Viscosity [uPa_s] PelePhys
37.5802,37.2008,36.7903,36.34,35.8361,35.2557,34.5555,33.6395,32.256,30.5069,29.4825,28.8676,28.4288,28.0854,27.8021,27.5602,27.3486,27.1603,26.9905,26.8356,26.6932,26.5614,26.4386,26.3236,26.2156,26.1135,26.0169,25.9252,25.8378,25.7545,25.6747,25.5983,25.5249,25.4543,25.3864,25.3209,25.2577,25.1965,25.1374,25.0801,25.0245,24.9706,24.9183,24.8674,24.8179,24.7697,24.7228,24.6771,24.6325,24.589,24.5466,24.5051,24.4646,24.4249,24.3862,24.3483,24.3112,24.2748,24.2392,24.2044,24.1702,24.1367,24.1038,24.0715,24.0398,24.0088,23.9782,23.9483,23.9188,23.8898,23.8614,23.8334,23.8059,23.7788,23.7522,23.726,23.7003,23.6749,23.6499,23.6253,23.6011,23.5772,23.5537,23.5305,23.5077,23.4851,23.463,23.4411,23.4195,23.3982,23.3772,23.3565,23.3361,23.316,23.2961,23.2764,23.2571,23.2379,23.2191,23.2004,23.182
37.6617,37.2897,36.8887,36.4508,35.9639,35.4088,34.7503,33.9156,32.723,31.0004,29.7678,29.0635,28.5802,28.2104,27.9095,27.6548,27.4337,27.2378,27.0618,26.9019,26.7553,26.6198,26.4938,26.3761,26.2655,26.1613,26.0628,25.9692,25.8802,25.7954,25.7143,25.6366,25.562,25.4904,25.4215,25.355,25.2909,25.2289,25.169,25.111,25.0547,25.0002,24.9472,24.8957,24.8457,24.797,24.7496,24.7034,24.6583,24.6144,24.5715,24.5296,24.4887,24.4487,24.4096,24.3713,24.3339,24.2972,24.2613,24.2261,24.1916,24.1578,24.1247,24.0921,24.0602,24.0289,23.9981,23.9679,23.9382,23.909,23.8804,23.8522,23.8245,23.7972,23.7704,23.744,23.718,23.6925,23.6673,23.6425,23.6181,23.5941,23.5704,23.5471,23.5241,23.5015,23.4791,23.4571,23.4354,23.414,23.3929,23.372,23.3515,23.3312,23.3112,23.2914,23.2719,23.2527,23.2337,23.2149,23.1964
37.7415,37.3765,36.9843,36.5577,36.0864,35.5536,34.9305,34.1603,33.1111,31.5393,30.0984,29.2803,28.7433,28.3428,28.022,27.7533,27.5217,27.3177,27.1352,26.9699,26.8187,26.6794,26.5501,26.4295,26.3164,26.2099,26.1093,26.0139,25.9232,25.8368,25.7543,25.6753,25.5996,25.5269,25.4569,25.3895,25.3245,25.2617,25.2009,25.1422,25.0852,25.03,24.9764,24.9243,24.8737,24.8244,24.7765,24.7298,24.6843,24.6399,24.5966,24.5543,24.5129,24.4726,24.4331,24.3945,24.3567,24.3197,24.2835,24.248,24.2132,24.1791,24.1457,24.1129,24.0807,24.0491,24.0181,23.9876,23.9577,23.9283,23.8994,23.871,23.8431,23.8156,23.7886,23.7621,23.7359,23.7102,23.6848,23.6599,23.6353,23.6111,23.5873,23.5638,23.5406,23.5178,23.4953,23.4732,23.4513,23.4298,23.4085,23.3876,23.3669,23.3465,23.3263,23.3065,23.2868,23.2675,23.2484,23.2295,23.2109
37.8196,37.4613,37.0773,36.6613,36.204,35.6911,35.0985,34.381,33.4404,32.0601,30.4838,29.5225,28.92,28.4836,28.1402,27.856,27.6129,27.4001,27.2106,27.0396,26.8837,26.7403,26.6075,26.4839,26.3681,26.2592,26.1565,26.0592,25.9668,25.8788,25.7949,25.7145,25.6376,25.5637,25.4927,25.4243,25.3584,25.2947,25.2332,25.1736,25.116,25.06,25.0058,24.9531,24.9019,24.8521,24.8036,24.7564,24.7104,24.6656,24.6218,24.5791,24.5374,24.4966,24.4567,24.4178,24.3796,24.3423,24.3058,24.27,24.2349,24.2005,24.1668,24.1337,24.1012,24.0694,24.0381,24.0074,23.9773,23.9477,23.9186,23.8899,23.8618,23.8341,23.8069,23.7802,23.7538,23.7279,23.7024,23.6773,23.6525,23.6282,23.6042,23.5805,23.5572,23.5343,23.5116,23.4893,23.4673,23.4456,23.4242,23.4032,23.3823,23.3618,23.3415,23.3215,23.3018,23.2823,23.2631,23.2441,23.2254
37.8963,37.5441,37.1678,36.7616,36.3173,35.8222,35.2562,34.5825,33.7264,32.5188,30.9271,29.7963,29.1127,28.634,28.2649,27.9633,27.7076,27.4853,27.2883,27.1112,26.9502,26.8026,26.6661,26.5393,26.4207,26.3094,26.2044,26.1051,26.011,25.9214,25.8359,25.7542,25.676,25.601,25.5289,25.4595,25.3926,25.328,25.2657,25.2054,25.147,25.0904,25.0354,24.9821,24.9303,24.88,24.831,24.7833,24.7368,24.6914,24.6472,24.6041,24.5619,24.5208,24.4805,24.4412,24.4027,24.365,24.3282,24.2921,24.2567,24.222,24.188,24.1546,24.1219,24.0898,24.0583,24.0274,23.997,23.9671,23.9378,23.909,23.8806,23.8527,23.8253,23.7984,23.7718,23.7457,23.72,23.6947,23.6698,23.6453,23.6211,23.5973,23.5739,23.5508,23.528,23.5055,23.4834,23.4616,23.44,23.4188,23.3979,23.3772,23.3568,23.3367,23.3168,23.2972,23.2779,23.2588,23.2399
37.9714,37.6252,37.2561,36.8591,36.4266,35.9477,35.405,34.7686,33.9798,32.9108,31.4101,30.1084,29.3246,28.7955,28.3967,28.0757,27.8062,27.5735,27.3683,27.1847,27.0184,26.8662,26.7259,26.5957,26.4743,26.3604,26.2531,26.1518,26.0558,25.9645,25.8775,25.7944,25.7149,25.6387,25.5654,25.495,25.4272,25.3617,25.2985,25.2374,25.1782,25.1209,25.0653,25.0114,24.959,24.9081,24.8585,24.8103,24.7633,24.7175,24.6728,24.6292,24.5867,24.5451,24.5045,24.4648,24.4259,24.3879,24.3507,24.3143,24.2786,24.2436,24.2093,24.1757,24.1427,24.1103,24.0786,24.0474,24.0167,23.9867,23.9571,23.928,23.8995,23.8714,23.8438,23.8166,23.7899,23.7636,23.7378,23.7123,23.6872,23.6625,23.6382,23.6142,23.5906,23.5673,23.5444,23.5218,23.4995,23.4775,23.4559,23.4345,23.4134,23.3926,23.3721,23.3519,23.3319,23.3122,23.2927,23.2735,23.2545
38.0452,37.7046,37.3424,36.9538,36.5322,36.068,35.5462,34.9417,34.2079,33.2475,31.8915,30.4652,29.5596,28.9699,28.5367,28.1936,27.9088,27.6648,27.4509,27.2603,27.0883,26.9313,26.787,26.6533,26.5288,26.4122,26.3026,26.1992,26.1012,26.0082,25.9196,25.8351,25.7542,25.6768,25.6024,25.5309,25.4621,25.3957,25.3316,25.2697,25.2098,25.1517,25.0955,25.0409,24.9879,24.9363,24.8862,24.8375,24.79,24.7437,24.6986,24.6545,24.6116,24.5696,24.5286,24.4885,24.4493,24.4109,24.3734,24.3366,24.3006,24.2653,24.2307,24.1968,24.1636,24.1309,24.0989,24.0675,24.0366,24.0063,23.9765,23.9472,23.9185,23.8902,23.8624,23.835,23.8081,23.7816,23.7555,23.7299,23.7046,23.6798,23.6553,23.6311,23.6074,23.5839,23.5609,23.5381,23.5157,23.4936,23.4718,23.4502,23.429,23.4081,23.3875,23.3671,23.347,23.3272,23.3076,23.2883,23.2692
38.1176,37.7824,37.4266,37.046,36.6346,36.1838,35.6807,35.1039,34.4159,33.5414,32.3335,30.8679,29.8223,29.1592,28.6859,28.3179,28.016,27.7596,27.5362,27.3381,27.16,26.998,26.8494,26.7121,26.5844,26.465,26.3529,26.2473,26.1473,26.0525,25.9623,25.8763,25.794,25.7153,25.6398,25.5672,25.4973,25.43,25.3651,25.3023,25.2416,25.1828,25.1259,25.0706,25.017,24.9649,24.9142,24.8649,24.8169,24.7701,24.7245,24.68,24.6366,24.5942,24.5528,24.5123,24.4728,24.4341,24.3962,24.3591,24.3228,24.2872,24.2523,24.2181,24.1846,24.1517,24.1194,24.0877,24.0566,24.026,23.996,23.9665,23.9375,23.909,23.881,23.8534,23.8263,23.7996,23.7734,23.7476,23.7221,23.6971,23.6724,23.6481,23.6242,23.6006,23.5774,23.5545,23.5319,23.5096,23.4877,23.4661,23.4447,23.4237,23.4029,23.3824,23.3622,23.3422,23.3225,23.3031,23.2839
38.1888,37.8586,37.5089,37.1358,36.7339,36.2954,35.8091,35.2569,34.6076,33.8023,32.7227,31.3046,30.1177,29.3662,28.8456,28.4491,28.1282,27.8581,27.6244,27.4183,27.2337,27.0663,26.9132,26.772,26.641,26.5187,26.4041,26.2961,26.1941,26.0974,26.0055,25.918,25.8343,25.7543,25.6776,25.6039,25.533,25.4647,25.3988,25.3352,25.2737,25.2142,25.1565,25.1006,25.0463,24.9936,24.9423,24.8925,24.8439,24.7967,24.7506,24.7057,24.6618,24.619,24.5772,24.5363,24.4964,24.4573,24.4191,24.3817,24.345,24.3091,24.274,24.2395,24.2057,24.1725,24.1399,24.108,24.0766,24.0458,24.0156,23.9859,23.9566,23.9279,23.8997,23.8719,23.8446,23.8178,23.7913,23.7653,23.7397,23.7145,23.6896,23.6652,23.6411,23.6174,23.594,23.5709,23.5482,23.5258,23.5037,23.4819,23.4604,23.4393,23.4184,23.3977,23.3774,23.3573,23.3375,23.3179,23.2986
38.2588,37.9335,37.5896,37.2235,36.8304,36.4033,35.9322,35.4017,34.7858,34.0371,33.0628,31.7479,30.4499,29.594,29.0175,28.5881,28.2458,27.9606,27.7158,27.501,27.3094,27.1364,26.9785,26.8333,26.6988,26.5734,26.4561,26.3458,26.2416,26.143,26.0494,25.9602,25.8751,25.7938,25.7158,25.6409,25.569,25.4997,25.4329,25.3684,25.3061,25.2458,25.1874,25.1308,25.0759,25.0225,24.9707,24.9203,24.8712,24.8234,24.7769,24.7315,24.6872,24.644,24.6017,24.5605,24.5202,24.4807,24.4422,24.4044,24.3674,24.3312,24.2957,24.261,24.2269,24.1934,24.1606,24.1284,24.0968,24.0657,24.0353,24.0053,23.9759,23.9469,23.9185,23.8905,23.863,23.836,23.8093,23.7831,23.7573,23.7319,23.7069,23.6823,23.6581,23.6342,23.6106,23.5874,23.5645,23.542,23.5198,23.4978,23.4762,23.4549,23.4339,23.4131,23.3927,23.3724,23.3525,23.3328,23.3134
38.3277,38.0069,37.6685,37.3091,36.9242,36.5077,36.0506,35.5394,34.9524,34.2512,33.3622,32.1681,30.8193,29.8462,29.2033,28.7359,28.3694,28.0676,27.8105,27.5864,27.3874,27.2083,27.0454,26.8959,26.7577,26.6292,26.509,26.3962,26.2899,26.1893,26.0938,26.003,25.9164,25.8337,25.7544,25.6784,25.6054,25.5351,25.4673,25.402,25.3388,25.2777,25.2186,25.1613,25.1057,25.0517,24.9993,24.9483,24.8987,24.8504,24.8033,24.7575,24.7127,24.6691,24.6264,24.5848,24.5441,24.5043,24.4654,24.4273,24.3899,24.3534,24.3176,24.2826,24.2482,24.2144,24.1814,24.1489,24.117,24.0857,24.055,24.0248,23.9952,23.966,23.9374,23.9092,23.8815,23.8542,23.8274,23.801,23.7751,23.7495,23.7243,23.6995,23.6751,23.651,23.6273,23.604,23.5809,23.5583,23.5359,23.5138,23.4921,23.4706,23.4494,23.4286,23.408,23.3876,23.3676,23.3478,23.3282
38.3954,38.0791,37.7459,37.3928,37.0156,36.6088,36.1645,35.6709,35.1093,34.4482,33.6289,32.5489,31.2175,30.1264,29.4053,28.8937,28.4998,28.1794,27.909,27.6746,27.4676,27.2821,27.1138,26.9598,26.8178,26.6859,26.5629,26.4475,26.3388,26.2362,26.1389,26.0464,25.9583,25.8741,25.7936,25.7163,25.6422,25.5708,25.5021,25.4358,25.3718,25.3099,25.25,25.192,25.1357,25.0811,25.0281,24.9765,24.9264,24.8775,24.83,24.7836,24.7384,24.6943,24.6513,24.6092,24.5681,24.528,24.4887,24.4502,24.4126,24.3757,24.3396,24.3043,24.2696,24.2356,24.2022,24.1695,24.1374,24.1058,24.0749,24.0445,24.0146,23.9852,23.9563,23.928,23.9,23.8726,23.8456,23.819,23.7928,23.7671,23.7417,23.7168,23.6922,23.668,23.6441,23.6206,23.5974,23.5746,23.5521,23.5298,23.508,23.4864,23.4651,23.4441,23.4233,23.4029,23.3827,23.3628,23.3431
38.4621,38.15,37.8218,37.4746,37.1047,36.7071,36.2745,35.7968,35.2578,34.6311,33.8695,32.8881,31.6259,30.4373,29.626,29.0629,28.6377,28.2966,28.0113,27.766,27.5504,27.3579,27.184,27.0252,26.8792,26.7438,26.6177,26.4997,26.3886,26.2838,26.1846,26.0904,26.0006,25.915,25.8331,25.7547,25.6793,25.6069,25.5372,25.47,25.4051,25.3424,25.2817,25.223,25.166,25.1108,25.0571,25.005,24.9542,24.9049,24.8568,24.81,24.7643,24.7198,24.6763,24.6338,24.5924,24.5518,24.5121,24.4733,24.4354,24.3982,24.3618,24.3261,24.2911,24.2568,24.2232,24.1902,24.1578,24.126,24.0948,24.0642,24.0341,24.0045,23.9754,23.9468,23.9187,23.891,23.8638,23.837,23.8107,23.7848,23.7592,23.7341,23.7093,23.685,23.6609,23.6373,23.6139,23.5909,23.5683,23.5459,23.5239,23.5022,23.4807,23.4596,23.4387,23.4182,23.3979,23.3778,23.358
38.5278,38.2197,37.8963,37.5548,37.1917,36.8026,36.3809,35.9176,35.3988,34.802,34.0889,33.1901,32.022,30.7788,29.8682,29.245,28.784,28.4196,28.118,27.8606,27.6357,27.4359,27.256,27.0922,26.9419,26.8029,26.6736,26.5527,26.4392,26.3322,26.231,26.1349,26.0436,25.9564,25.8732,25.7934,25.7169,25.6434,25.5727,25.5045,25.4387,25.3752,25.3137,25.2542,25.1966,25.1407,25.0864,25.0336,24.9823,24.9324,24.8839,24.8365,24.7904,24.7454,24.7015,24.6586,24.6167,24.5758,24.5357,24.4966,24.4583,24.4208,24.384,24.348,24.3128,24.2782,24.2443,24.211,24.1784,24.1463,24.1149,24.084,24.0536,24.0238,23.9945,23.9657,23.9374,23.9095,23.8821,23.8552,23.8286,23.8025,23.7768,23.7515,23.7266,23.702,23.6778,23.654,23.6305,23.6074,23.5846,23.5621,23.5399,23.518,23.4965,23.4752,23.4542,23.4335,23.4131,23.3929,23.373
38.5925,38.2883,37.9694,37.6333,37.2767,36.8956,36.484,36.0339,35.5332,34.9628,34.2908,33.4609,32.3902,31.1446,30.1346,29.442,28.9397,28.549,28.2295,27.9589,27.724,27.5162,27.3299,27.1608,27.006,26.8631,26.7305,26.6067,26.4906,26.3813,26.278,26.1801,26.0871,25.9984,25.9137,25.8326,25.7549,25.6803,25.6085,25.5394,25.4727,25.4083,25.346,25.2858,25.2274,25.1708,25.1158,25.0625,25.0106,24.9602,24.9111,24.8632,24.8166,24.7712,24.7268,24.6835,24.6412,24.5999,24.5595,24.52,24.4813,24.4435,24.4064,24.3701,24.3345,24.2996,24.2655,24.2319,24.199,24.1667,24.135,24.1039,24.0733,24.0432,24.0137,23.9847,23.9562,23.9281,23.9005,23.8733,23.8466,23.8203,23.7944,23.769,23.7439,23.7191,23.6948,23.6708,23.6472,23.6239,23.6009,23.5783,23.556,23.534,23.5123,23.4909,23.4697,23.4489,23.4283,23.4081,23.388
38.6563,38.3559,38.0413,37.7102,37.3598,36.9862,36.584,36.1461,35.6618,35.1147,34.4781,33.706,32.7247,31.5218,30.4269,29.6558,29.1061,28.6857,28.346,28.061,27.8152,27.599,27.4058,27.2311,27.0715,26.9246,26.7885,26.6617,26.5429,26.4312,26.3258,26.2259,26.1311,26.0408,25.9547,25.8723,25.7933,25.7176,25.6447,25.5746,25.5069,25.4417,25.3786,25.3176,25.2584,25.2012,25.1456,25.0916,25.0391,24.9881,24.9385,24.8901,24.843,24.7971,24.7523,24.7086,24.6659,24.6241,24.5834,24.5435,24.5045,24.4663,24.4289,24.3923,24.3564,24.3212,24.2868,24.2529,24.2198,24.1872,24.1552,24.1239,24.093,24.0628,24.033,24.0038,23.975,23.9468,23.919,23.8916,23.8647,23.8382,23.8122,23.7865,23.7612,23.7363,23.7118,23.6877,23.6639,23.6404,23.6173,23.5945,23.5721,23.5499,23.5281,23.5066,23.4853,23.4643,23.4437,23.4233,23.4031
38.7192,38.4224,38.1119,37.7858,37.4412,37.0745,36.6812,36.2545,35.7851,35.2588,34.6531,33.9298,33.0265,31.8938,30.7445,29.8886,29.2845,28.8303,28.4682,28.1674,27.9098,27.6843,27.4838,27.3031,27.1386,26.9874,26.8477,26.7177,26.5961,26.4819,26.3743,26.2724,26.1758,26.0839,25.9962,25.9124,25.8322,25.7553,25.6813,25.6101,25.5416,25.4754,25.4115,25.3496,25.2898,25.2318,25.1755,25.1209,25.0679,25.0163,24.9661,24.9172,24.8696,24.8232,24.778,24.7338,24.6907,24.6486,24.6074,24.5671,24.5278,24.4892,24.4515,24.4146,24.3784,24.3429,24.3082,24.2741,24.2406,24.2078,24.1756,24.144,24.1129,24.0824,24.0524,24.0229,23.994,23.9655,23.9375,23.91,23.8829,23.8562,23.8299,23.8041,23.7787,23.7536,23.7289,23.7046,23.6807,23.6571,23.6338,23.6109,23.5883,23.566,23.544,23.5223,23.5009,23.4798,23.459,23.4385,23.4182
38.7813,38.4879,38.1814,37.8599,37.5208,37.1609,36.7757,36.3595,35.9038,35.3962,34.8175,34.136,33.2993,32.2468,31.0829,30.1424,29.4765,28.9838,28.5967,28.2783,28.0078,27.7725,27.5641,27.3771,27.2072,27.0516,26.9081,26.7747,26.6502,26.5335,26.4235,26.3196,26.2211,26.1275,26.0383,25.9531,25.8715,25.7933,25.7183,25.6461,25.5765,25.5094,25.4446,25.382,25.3214,25.2627,25.2057,25.1505,25.0968,25.0446,24.9939,24.9445,24.8964,24.8495,24.8038,24.7592,24.7156,24.6731,24.6316,24.5909,24.5512,24.5123,24.4743,24.437,24.4005,24.3647,24.3297,24.2953,24.2616,24.2285,24.196,24.1641,24.1328,24.1021,24.0719,24.0422,24.013,23.9843,23.9561,23.9284,23.9011,23.8742,23.8478,23.8218,23.7962,23.7709,23.7461,23.7216,23.6975,23.6737,23.6503,23.6272,23.6045,23.5821,23.5599,23.5381,23.5166,23.4954,23.4745,23.4538,23.4334
38.8425,38.5524,38.2498,37.9327,37.5989,37.2452,36.8678,36.4613,36.0181,35.5274,34.9727,34.3273,33.5475,32.5734,31.4327,30.4181,29.6836,29.1474,28.732,28.3942,28.1096,27.8636,27.6469,27.453,27.2776,27.1173,26.9697,26.8328,26.7053,26.5859,26.4735,26.3675,26.267,26.1717,26.0809,25.9942,25.9113,25.8319,25.7556,25.6824,25.6118,25.5438,25.4781,25.4146,25.3533,25.2938,25.2362,25.1803,25.126,25.0732,25.0219,24.972,24.9234,24.876,24.8298,24.7848,24.7408,24.6978,24.6559,24.6149,24.5748,24.5355,24.4971,24.4595,24.4227,24.3866,24.3513,24.3166,24.2826,24.2493,24.2165,24.1844,24.1529,24.1219,24.0914,24.0615,24.0321,24.0032,23.9748,23.9469,23.9194,23.8923,23.8657,23.8395,23.8137,23.7883,23.7633,23.7387,23.7144,23.6905,23.6669,23.6437,23.6208,23.5982,23.576,23.554,23.5323,23.511,23.4899,23.4691,23.4486
38.9029,38.616,38.317,38.0042,37.6754,37.3277,36.9576,36.5601,36.1285,35.6533,35.1199,34.506,33.7748,32.8723,31.7816,30.7152,29.9076,29.322,28.8748,28.5155,28.2155,27.9579,27.7322,27.5311,27.3497,27.1844,27.0326,26.8921,26.7614,26.6392,26.5243,26.4161,26.3136,26.2165,26.124,26.0358,25.9515,25.8708,25.7934,25.719,25.6474,25.5785,25.5119,25.4476,25.3854,25.3252,25.2669,25.2103,25.1554,25.102,25.0501,24.9997,24.9505,24.9026,24.856,24.8105,24.7661,24.7227,24.6803,24.6389,24.5985,24.5589,24.5201,24.4822,24.4451,24.4087,24.373,24.3381,24.3038,24.2702,24.2372,24.2048,24.173,24.1418,24.1111,24.081,24.0513,24.0222,23.9936,23.9655,23.9378,23.9105,23.8837,23.8573,23.8314,23.8058,23.7806,23.7558,23.7314,23.7073,23.6836,23.6602,23.6371,23.6144,23.592,23.5699,23.5481,23.5266,23.5054,23.4845,23.4639
38.9626,38.6788,38.3833,38.0746,37.7505,37.4085,37.0452,36.6562,36.2353,35.7742,35.2601,34.6738,33.9845,33.1451,32.118,31.0301,30.1498,29.509,29.0261,28.6428,28.3258,28.0557,27.8202,27.6113,27.4237,27.2531,27.0969,26.9526,26.8185,26.6934,26.576,26.4654,26.3609,26.2619,26.1677,26.078,25.9923,25.9102,25.8316,25.7561,25.6835,25.6135,25.546,25.4808,25.4179,25.3569,25.2978,25.2406,25.185,25.131,25.0786,25.0275,24.9779,24.9295,24.8823,24.8364,24.7915,24.7477,24.705,24.6632,24.6223,24.5824,24.5433,24.505,24.4675,24.4308,24.3949,24.3596,24.3251,24.2912,24.2579,24.2253,24.1932,24.1617,24.1308,24.1005,24.0706,24.0413,24.0125,23.9841,23.9562,23.9288,23.9018,23.8752,23.8491,23.8233,23.798,23.773,23.7484,23.7241,23.7003,23.6767,23.6535,23.6307,23.6081,23.5859,23.564,23.5424,23.521,23.5,23.4792
39.0215,38.7407,38.4486,38.1438,37.8243,37.4877,37.1308,36.7497,36.3389,35.8906,35.3939,34.8322,34.1792,33.3948,32.4345,31.3558,30.4109,29.7097,29.1867,28.7767,28.441,28.1571,27.9111,27.694,27.4996,27.3235,27.1625,27.0143,26.8768,26.7486,26.6285,26.5155,26.4089,26.3079,26.212,26.1206,26.0335,25.9501,25.8702,25.7936,25.7198,25.6489,25.5805,25.5144,25.4506,25.3888,25.329,25.2711,25.2149,25.1603,25.1072,25.0556,25.0054,24.9565,24.9089,24.8624,24.8171,24.7729,24.7297,24.6875,24.6463,24.606,24.5665,24.5279,24.4901,24.4531,24.4168,24.3813,24.3464,24.3123,24.2787,24.2458,24.2135,24.1818,24.1507,24.1201,24.09,24.0605,24.0314,24.0028,23.9748,23.9471,23.9199,23.8932,23.8668,23.8409,23.8154,23.7902,23.7655,23.7411,23.717,23.6934,23.67,23.647,23.6243,23.6019,23.5799,23.5581,23.5366,23.5155,23.4946
39.0797,38.8017,38.5129,38.2119,37.8967,37.5652,37.2145,36.8409,36.4394,36.003,35.5222,34.9823,34.3612,33.6244,32.7281,31.6831,30.69,29.9254,29.3575,28.9177,28.5614,28.2625,28.0052,27.7792,27.5776,27.3956,27.2297,27.0772,26.9361,26.8048,26.6819,26.5665,26.4576,26.3546,26.2569,26.1639,26.0752,25.9904,25.9093,25.8314,25.7566,25.6846,25.6152,25.5483,25.4836,25.4211,25.3605,25.3019,25.245,25.1897,25.1361,25.0839,25.0331,24.9837,24.9356,24.8887,24.8429,24.7982,24.7546,24.7121,24.6704,24.6297,24.5899,24.551,24.5128,24.4755,24.4389,24.4031,24.3679,24.3335,24.2997,24.2665,24.2339,24.202,24.1706,24.1398,24.1095,24.0797,24.0504,24.0217,23.9934,23.9655,23.9382,23.9112,23.8847,23.8586,23.8329,23.8076,23.7826,23.7581,23.7339,23.71,23.6865,23.6634,23.6405,23.618,23.5958,23.5739,23.5523,23.531,23.51
39.1372,38.862,38.5764,38.2789,37.968,37.6414,37.2965,36.9299,36.537,36.1117,35.6453,35.1251,34.5321,33.8368,32.9989,32.0028,30.9845,30.157,29.5397,29.0666,28.6875,28.3722,28.1026,27.867,27.6578,27.4696,27.2985,27.1416,26.9967,26.862,26.7362,26.6182,26.507,26.402,26.3024,26.2077,26.1174,26.0313,25.9488,25.8697,25.7937,25.7207,25.6503,25.5825,25.5169,25.4536,25.3923,25.3329,25.2753,25.2194,25.1651,25.1124,25.0611,25.0111,24.9625,24.9151,24.8689,24.8237,24.7797,24.7367,24.6947,24.6536,24.6135,24.5742,24.5357,24.498,24.4611,24.425,24.3895,24.3548,24.3207,24.2873,24.2545,24.2222,24.1906,24.1595,24.129,24.099,24.0695,24.0406,24.0121,23.984,23.9564,23.9293,23.9026,23.8763,23.8504,23.825,23.7999,23.7751,23.7508,23.7268,23.7031,23.6798,23.6568,23.6342,23.6118,23.5898,23.5681,23.5466,23.5255
39.194,38.9215,38.6389,38.345,38.038,37.7161,37.3767,37.0167,36.632,36.217,35.7638,35.2615,34.6934,34.0343,33.2486,32.3078,31.289,30.4048,29.7342,29.2242,28.8198,28.4865,28.2036,27.9577,27.7404,27.5455,27.3689,27.2073,27.0584,26.9203,26.7915,26.6708,26.5572,26.45,26.3485,26.2521,26.1602,26.0726,25.9887,25.9084,25.8313,25.7572,25.6858,25.617,25.5506,25.4864,25.4243,25.3642,25.3059,25.2493,25.1944,25.1411,25.0892,25.0387,24.9896,24.9417,24.895,24.8494,24.805,24.7615,24.7191,24.6777,24.6371,24.5975,24.5587,24.5207,24.4834,24.447,24.4113,24.3762,24.3419,24.3081,24.2751,24.2426,24.2107,24.1794,24.1487,24.1184,24.0887,24.0595,24.0308,24.0026,23.9748,23.9475,23.9206,23.8941,23.8681,23.8424,23.8171,23.7922,23.7677,23.7436,23.7198,23.6963,23.6732,23.6504,23.6279,23.6057,23.5838,23.5623,23.541
39.2502,38.9803,38.7007,38.41,38.1069,37.7894,37.4553,37.1016,36.7246,36.3191,35.8782,35.392,34.8462,34.2191,33.4793,32.5943,31.5967,30.6682,29.942,29.3912,28.9589,28.6059,28.3084,28.0515,27.8254,27.6235,27.441,27.2745,27.1214,26.9797,26.8477,26.7243,26.6083,26.4988,26.3953,26.297,26.2035,26.1144,26.0292,25.9475,25.8692,25.794,25.7216,25.6518,25.5845,25.5195,25.4566,25.3957,25.3367,25.2795,25.224,25.17,25.1176,25.0665,25.0168,24.9684,24.9213,24.8753,24.8304,24.7865,24.7437,24.7018,24.6609,24.6209,24.5818,24.5434,24.5059,24.4691,24.4331,24.3977,24.3631,24.3291,24.2958,24.2631,24.2309,24.1994,24.1684,24.1379,24.108,24.0786,24.0497,24.0212,23.9933,23.9657,23.9387,23.912,23.8858,23.8599,23.8345,23.8094,23.7848,23.7604,23.7365,23.7129,23.6896,23.6666,23.644,23.6217,23.5997,23.578,23.5566
39.3057,39.0384,38.7616,38.4742,38.1747,37.8615,37.5324,37.1847,36.8149,36.4183,35.9887,35.5173,34.9916,34.3927,33.6935,32.8613,31.8999,30.9448,30.1639,29.5687,29.1054,28.7307,28.4174,28.1485,27.913,27.7036,27.5149,27.3433,27.1858,27.0403,26.905,26.7787,26.6601,26.5484,26.4428,26.3426,26.2474,26.1567,26.0701,25.9871,25.9076,25.8312,25.7578,25.687,25.6188,25.5529,25.4892,25.4275,25.3678,25.3099,25.2537,25.1992,25.1461,25.0945,25.0443,24.9954,24.9477,24.9013,24.8559,24.8116,24.7684,24.7262,24.6849,24.6445,24.605,24.5663,24.5284,24.4914,24.455,24.4194,24.3845,24.3502,24.3166,24.2836,24.2512,24.2194,24.1882,24.1575,24.1274,24.0977,24.0686,24.04,24.0118,23.9841,23.9568,23.93,23.9035,23.8775,23.8519,23.8267,23.8018,23.7774,23.7532,23.7295,23.706,23.6829,23.6602,23.6377,23.6156,23.5937,23.5722
39.3607,39.0958,38.8217,38.5374,38.2415,37.9324,37.6081,37.266,36.903,36.5148,36.0957,35.6379,35.1303,34.5566,33.8932,33.1095,32.1926,31.2307,30.3998,29.7572,29.26,28.8614,28.5308,28.2489,28.0034,27.786,27.5908,27.4137,27.2516,27.1021,26.9634,26.834,26.7128,26.5987,26.4909,26.3889,26.2919,26.1996,26.1114,26.0272,25.9464,25.8689,25.7943,25.7226,25.6534,25.5866,25.5221,25.4596,25.3992,25.3406,25.2837,25.2285,25.1749,25.1227,25.072,25.0225,24.9744,24.9274,24.8816,24.8369,24.7933,24.7506,24.709,24.6682,24.6283,24.5893,24.5511,24.5137,24.4771,24.4411,24.4059,24.3714,24.3375,24.3043,24.2716,24.2396,24.2081,24.1772,24.1468,24.117,24.0876,24.0588,24.0304,24.0025,23.975,23.948,23.9214,23.8952,23.8694,23.844,23.819,23.7943,23.7701,23.7461,23.7226,23.6993,23.6764,23.6538,23.6315,23.6096,23.5879
39.415,39.1525,38.8811,38.5998,38.3073,38.0021,37.6824,37.3457,36.9891,36.6087,36.1994,35.7541,35.263,34.7119,34.0802,33.3402,32.4708,31.5204,30.6491,29.9577,29.4233,28.9985,28.649,28.3531,28.0968,27.8708,27.6686,27.4858,27.3188,27.1652,27.0229,26.8903,26.7663,26.6497,26.5398,26.4357,26.337,26.243,26.1533,26.0677,25.9856,25.9069,25.8313,25.7585,25.6883,25.6206,25.5552,25.492,25.4308,25.3715,25.314,25.2581,25.2039,25.1511,25.0998,25.0499,25.0012,24.9538,24.9075,24.8624,24.8183,24.7753,24.7332,24.6921,24.6518,24.6125,24.5739,24.5362,24.4992,24.463,24.4275,24.3927,24.3585,24.325,24.2921,24.2598,24.2281,24.197,24.1664,24.1363,24.1067,24.0777,24.0491,24.021,23.9933,23.9661,23.9393,23.9129,23.887,23.8614,23.8362,23.8114,23.787,23.7629,23.7391,23.7158,23.6927,23.67,23.6475,23.6254,23.6036
39.4688,39.2086,38.9397,38.6613,38.3722,38.0707,37.7554,37.4238,37.0733,36.7003,36.3001,35.8664,35.3904,34.8596,34.2561,33.5551,32.7326,31.808,30.91,30.1705,29.5961,29.1425,28.7725,28.4613,28.1934,27.9582,27.7486,27.5596,27.3876,27.2296,27.0835,26.9477,26.8208,26.7016,26.5894,26.4833,26.3826,26.2869,26.1958,26.1086,26.0253,25.9453,25.8686,25.7947,25.7236,25.655,25.5887,25.5247,25.4627,25.4026,25.3444,25.2879,25.2331,25.1797,25.1279,25.0774,25.0282,24.9803,24.9336,24.888,24.8435,24.8,24.7576,24.7161,24.6755,24.6357,24.5969,24.5588,24.5215,24.485,24.4492,24.4141,24.3796,24.3459,24.3127,24.2802,24.2482,24.2168,24.186,24.1557,24.1259,24.0966,24.0678,24.0395,24.0117,23.9842,23.9573,23.9307,23.9046,23.8788,23.8535,23.8285,23.8039,23.7797,23.7558,23.7322,23.709,23.6862,23.6636,23.6413,23.6194
39.522,39.264,38.9977,38.7221,38.4361,38.1383,37.8271,37.5004,37.1557,36.7896,36.398,35.975,35.5129,35.0005,34.4222,33.7562,32.9779,32.0882,31.1793,30.3956,29.779,29.2941,28.9015,28.5738,28.2933,28.0482,27.8308,27.6354,27.4579,27.2953,27.1453,27.0061,26.8762,26.7544,26.6398,26.5315,26.4289,26.3315,26.2387,26.1501,26.0654,25.9842,25.9063,25.8313,25.7592,25.6896,25.6225,25.5576,25.4948,25.4341,25.3752,25.318,25.2625,25.2086,25.1561,25.1051,25.0554,25.007,24.9598,24.9138,24.8688,24.825,24.7821,24.7402,24.6992,24.6592,24.6199,24.5815,24.5439,24.5071,24.471,24.4356,24.4009,24.3668,24.3334,24.3006,24.2684,24.2368,24.2057,24.1752,24.1452,24.1157,24.0867,24.0581,24.0301,24.0025,23.9753,23.9486,23.9223,23.8964,23.8708,23.8457,23.8209,23.7965,23.7725,23.7488,23.7254,23.7024,23.6797,23.6573,23.6352
39.5747,39.3189,39.055,38.7821,38.4991,38.2048,37.8976,37.5756,37.2364,36.8769,36.4933,36.0803,35.631,35.1354,34.5798,33.9448,33.2073,32.3571,31.4528,30.6324,29.9725,29.4538,29.0366,28.6909,28.3968,28.1412,27.9154,27.7131,27.5299,27.3625,27.2084,27.0656,26.9326,26.808,26.6909,26.5804,26.4759,26.3766,26.2822,26.1921,26.106,26.0235,25.9444,25.8683,25.7951,25.7246,25.6566,25.5909,25.5273,25.4658,25.4061,25.3483,25.2921,25.2376,25.1846,25.133,25.0828,25.0339,24.9862,24.9397,24.8943,24.85,24.8068,24.7645,24.7231,24.6827,24.6431,24.6044,24.5665,24.5293,24.4929,24.4572,24.4222,24.3879,24.3542,24.3211,24.2887,24.2568,24.2255,24.1947,24.1645,24.1348,24.1056,24.0769,24.0486,24.0208,23.9935,23.9665,23.94,23.9139,23.8882,23.8629,23.838,23.8135,23.7893,23.7654,23.7419,23.7187,23.6959,23.6733,23.6511
39.6268,39.3731,39.1116,38.8413,38.5613,38.2704,37.967,37.6494,37.3155,36.9622,36.5862,36.1825,35.745,35.2647,34.7296,34.1226,33.4222,32.6127,31.7257,30.8793,30.1769,29.6221,29.1782,28.8129,28.5041,28.2372,28.0024,27.7929,27.6037,27.4312,27.2728,27.1263,26.9899,26.8625,26.7429,26.6301,26.5235,26.4224,26.3262,26.2346,26.147,26.0632,25.9829,25.9057,25.8315,25.76,25.691,25.6244,25.56,25.4977,25.4373,25.3788,25.322,25.2669,25.2133,25.1611,25.1104,25.0609,25.0128,24.9658,24.92,24.8753,24.8316,24.7889,24.7472,24.7064,24.6664,24.6274,24.5891,24.5516,24.5149,24.4789,24.4436,24.409,24.3751,24.3418,24.3091,24.2769,24.2454,24.2144,24.1839,24.154,24.1246,24.0957,24.0672,24.0392,24.0117,23.9845,23.9579,23.9316,23.9057,23.8802,23.8552,23.8304,23.8061,23.7821,23.7584,23.7351,23.7121,23.6894,23.6671
39.6784,39.4268,39.1675,38.8998,38.6227,38.335,38.0353,37.722,37.393,37.0457,36.6768,36.2819,35.8552,35.3891,34.8725,34.2906,33.6238,32.8539,31.9936,31.1339,30.3922,29.7995,29.3268,28.9402,28.6156,28.3365,28.0921,27.8749,27.6793,27.5015,27.3386,27.1881,27.0484,26.918,26.7957,26.6805,26.5718,26.4687,26.3708,26.2776,26.1886,26.1034,26.0218,25.9435,25.8682,25.7956,25.7257,25.6582,25.593,25.5299,25.4688,25.4096,25.3521,25.2964,25.2422,25.1894,25.1381,25.0882,25.0395,24.9921,24.9458,24.9006,24.8565,24.8135,24.7713,24.7302,24.6899,24.6505,24.6119,24.5741,24.5371,24.5008,24.4652,24.4303,24.3961,24.3625,24.3295,24.2972,24.2654,24.2341,24.2035,24.1733,24.1437,24.1145,24.0859,24.0577,24.0299,24.0026,23.9758,23.9493,23.9233,23.8976,23.8724,23.8475,23.823,23.7988,23.775,23.7515,23.7284,23.7056,23.6831
39.7296,39.4799,39.2229,38.9576,38.6832,38.3986,38.1026,37.7934,37.4691,37.1274,36.7652,36.3785,35.9621,35.5089,35.0093,34.45,33.8135,33.0811,32.2529,31.3927,30.6177,29.9865,29.4828,29.0732,28.7314,28.4393,28.1847,27.9591,27.7568,27.5734,27.4057,27.2512,27.1079,26.9744,26.8493,26.7317,26.6208,26.5157,26.416,26.3211,26.2306,26.1441,26.0612,25.9816,25.9052,25.8317,25.7608,25.6924,25.6263,25.5624,25.5006,25.4406,25.3825,25.3261,25.2713,25.218,25.1661,25.1156,25.0665,25.0185,24.9718,24.9262,24.8817,24.8382,24.7957,24.7541,24.7135,24.6737,24.6348,24.5967,24.5593,24.5227,24.4868,24.4517,24.4172,24.3833,24.3501,24.3175,24.2854,24.254,24.2231,24.1927,24.1628,24.1335,24.1046,24.0762,24.0483,24.0208,23.9937,23.9671,23.9409,23.9151,23.8896,23.8646,23.8399,23.8156,23.7916,23.768,23.7447,23.7218,23.6991
39.7802,39.5325,39.2776,39.0147,38.743,38.4615,38.1688,37.8635,37.5439,37.2075,36.8517,36.4726,36.0657,35.6245,35.1404,34.6017,33.9925,33.2949,32.5014,31.652,30.8521,30.1832,29.6467,29.2124,28.852,28.5458,28.2801,28.0459,27.8364,27.6471,27.4744,27.3155,27.1686,27.0318,26.9039,26.7837,26.6705,26.5634,26.4618,26.3652,26.2732,26.1852,26.101,26.0202,25.9427,25.8681,25.7962,25.7269,25.6599,25.5952,25.5326,25.4719,25.4131,25.356,25.3006,25.2467,25.1943,25.1433,25.0936,25.0452,24.998,24.9519,24.9069,24.863,24.8201,24.7782,24.7372,24.6971,24.6578,24.6193,24.5817,24.5448,24.5086,24.4732,24.4384,24.4042,24.3708,24.3379,24.3056,24.2739,24.2428,24.2122,24.1821,24.1525,24.1234,24.0948,24.0667,24.039,24.0118,23.985,23.9586,23.9326,23.907,23.8818,23.8569,23.8324,23.8083,23.7846,23.7611,23.738,23.7152
39.8304,39.5846,39.3318,39.0712,38.8021,38.5235,38.2341,37.9326,37.6173,37.286,36.9362,36.5644,36.1664,35.7363,35.2665,34.7464,34.162,33.4963,32.7378,31.908,31.0935,30.3895,29.819,29.358,28.9776,28.6562,28.3788,28.1352,27.9181,27.7225,27.5445,27.3812,27.2304,27.0902,26.9593,26.8366,26.721,26.6118,26.5083,26.4099,26.3162,26.2268,26.1412,26.0592,25.9805,25.9048,25.8319,25.7617,25.6938,25.6283,25.5649,25.5035,25.4439,25.3862,25.3301,25.2756,25.2226,25.1711,25.1209,25.072,25.0243,24.9778,24.9324,24.8881,24.8448,24.8024,24.761,24.7206,24.6809,24.6422,24.6042,24.567,24.5305,24.4947,24.4597,24.4253,24.3915,24.3584,24.3259,24.2939,24.2625,24.2317,24.2014,24.1716,24.1423,24.1135,24.0852,24.0573,24.0299,24.0029,23.9763,23.9502,23.9244,23.899,23.874,23.8494,23.8251,23.8012,23.7776,23.7543,23.7314
39.8801,39.6361,39.3854,39.1271,38.8605,38.5846,38.2984,38.0006,37.6894,37.363,37.0189,36.654,36.2644,35.8447,35.388,34.8849,34.3229,33.6864,32.9618,32.1576,31.339,30.6047,29.9998,29.5104,29.1085,28.7707,28.4807,28.2272,28.0021,27.7999,27.6163,27.4483,27.2934,27.1498,27.0158,26.8903,26.7722,26.6608,26.5553,26.4552,26.3598,26.2689,26.1819,26.0986,26.0187,25.9419,25.868,25.7968,25.7281,25.6617,25.5974,25.5353,25.475,25.4166,25.3599,25.3048,25.2512,25.1991,25.1484,25.099,25.0508,25.0038,24.958,24.9132,24.8695,24.8268,24.785,24.7442,24.7042,24.6651,24.6268,24.5893,24.5525,24.5164,24.4811,24.4464,24.4124,24.379,24.3462,24.314,24.2824,24.2514,24.2208,24.1908,24.1613,24.1323,24.1038,24.0757,24.0481,24.0209,23.9941,23.9678,23.9419,23.9163,23.8911,23.8663,23.8419,23.8178,23.7941,23.7707,23.7476
39.9294,39.6872,39.4384,39.1823,38.9181,38.645,38.3619,38.0675,37.7604,37.4386,37.1,36.7416,36.3597,35.9497,35.5052,35.0177,34.4761,33.8662,33.1737,32.3984,31.5856,30.8279,30.1893,29.6702,29.2451,28.8898,28.5863,28.322,28.0884,27.8792,27.6898,27.5169,27.3578,27.2104,27.0732,26.9448,26.8243,26.7106,26.6031,26.501,26.404,26.3115,26.2231,26.1385,26.0574,25.9794,25.9045,25.8322,25.7626,25.6953,25.6303,25.5673,25.5064,25.4472,25.3899,25.3342,25.28,25.2273,25.1761,25.1261,25.0775,25.03,24.9837,24.9386,24.8944,24.8513,24.8092,24.7679,24.7276,24.6882,24.6495,24.6117,24.5746,24.5382,24.5026,24.4676,24.4334,24.3997,24.3667,24.3342,24.3024,24.2711,24.2403,24.2101,24.1804,24.1512,24.1224,24.0942,24.0663,24.039,24.012,23.9855,23.9594,23.9337,23.9083,23.8834,23.8588,23.8345,23.8107,23.7871,23.7639
39.9782,39.7378,39.4909,39.2369,38.9751,38.7046,38.4245,38.1335,37.8302,37.5129,37.1794,36.8272,36.4527,36.0517,35.6185,35.1454,34.6224,34.0367,33.3741,32.6292,31.8303,31.0573,30.3873,29.8375,29.3878,29.0136,28.6956,28.42,28.1773,27.9606,27.7651,27.587,27.4234,27.2722,27.1316,27.0003,26.8771,26.7611,26.6515,26.5475,26.4487,26.3546,26.2648,26.1788,26.0964,26.0173,25.9413,25.8681,25.7974,25.7293,25.6634,25.5997,25.538,25.4781,25.4201,25.3638,25.309,25.2557,25.2039,25.1535,25.1043,25.0564,25.0097,24.964,24.9195,24.876,24.8334,24.7918,24.7512,24.7113,24.6724,24.6342,24.5968,24.5602,24.5242,24.489,24.4544,24.4205,24.3872,24.3545,24.3224,24.2909,24.2599,24.2295,24.1995,24.1701,24.1412,24.1127,24.0847,24.0571,24.03,24.0033,23.977,23.9511,23.9256,23.9005,23.8757,23.8513,23.8273,23.8036,23.7802
40.0266,39.7879,39.5429,39.291,39.0315,38.7635,38.4863,38.1985,37.8989,37.5858,37.2573,36.9109,36.5435,36.151,35.7282,35.2684,34.7625,34.1988,33.5639,32.8492,32.0703,31.2908,30.5933,30.0125,29.5368,29.1425,28.8088,28.5211,28.2687,28.0443,27.8422,27.6586,27.4904,27.3352,27.1912,27.0568,26.9309,26.8124,26.7005,26.5946,26.4941,26.3983,26.3069,26.2196,26.1359,26.0556,25.9785,25.9042,25.8326,25.7636,25.6968,25.6323,25.5698,25.5093,25.4506,25.3936,25.3382,25.2844,25.232,25.181,25.1314,25.083,25.0357,24.9897,24.9447,24.9008,24.8578,24.8159,24.7748,24.7347,24.6953,24.6568,24.6191,24.5822,24.546,24.5104,24.4756,24.4414,24.4079,24.3749,24.3426,24.3108,24.2796,24.2489,24.2188,24.1891,24.16,24.1313,24.1031,24.0753,24.048,24.0211,23.9947,23.9686,23.9429,23.9176,23.8927,23.8682,23.844,23.8201,23.7966
40.0745,39.8375,39.5944,39.3445,39.0872,38.8217,38.5472,38.2626,37.9665,37.6576,37.3338,36.9929,36.6321,36.2476,35.8346,35.3871,34.8968,34.3532,33.7439,33.0585,32.3033,31.5258,30.8063,30.1953,29.6925,29.2766,28.9264,28.6257,28.363,28.1302,27.9213,27.7319,27.5588,27.3994,27.2518,27.1142,26.9854,26.8645,26.7503,26.6424,26.54,26.4425,26.3496,26.2608,26.1758,26.0943,26.016,25.9407,25.8681,25.7981,25.7306,25.6652,25.602,25.5407,25.4813,25.4236,25.3676,25.3132,25.2603,25.2087,25.1586,25.1097,25.062,25.0155,24.9701,24.9257,24.8824,24.84,24.7986,24.7581,24.7185,24.6796,24.6416,24.6043,24.5678,24.532,24.4969,24.4624,24.4286,24.3954,24.3628,24.3308,24.2993,24.2684,24.2381,24.2082,24.1789,24.15,24.1216,24.0936,24.0661,24.0391,24.0124,23.9862,23.9603,23.9349,23.9098,23.8851,23.8607,23.8367,23.8131
40.1221,39.8867,39.6454,39.3974,39.1423,38.8792,38.6074,38.3258,38.0332,37.7281,37.4089,37.0733,36.7187,36.3417,35.938,35.5018,35.026,34.5009,33.9149,33.2573,32.528,31.7598,31.0249,30.3857,29.8551,29.4164,29.0484,28.7338,28.4602,28.2185,28.0024,27.807,27.6288,27.465,27.3135,27.1726,27.0409,26.9173,26.8009,26.6908,26.5865,26.4873,26.3928,26.3026,26.2162,26.1334,26.054,25.9776,25.904,25.8331,25.7646,25.6984,25.6343,25.5723,25.5122,25.4539,25.3973,25.3422,25.2887,25.2367,25.186,25.1366,25.0884,25.0414,24.9956,24.9508,24.9071,24.8644,24.8226,24.7817,24.7417,24.7025,24.6642,24.6266,24.5897,24.5536,24.5182,24.4835,24.4494,24.416,24.3831,24.3509,24.3192,24.2881,24.2575,24.2274,24.1978,24.1687,24.1401,24.112,24.0843,24.057,24.0302,24.0038,23.9778,23.9522,23.9269,23.902,23.8775,23.8534,23.8296
40.1693,39.9355,39.6959,39.4498,39.1968,38.9361,38.6669,38.3881,38.0988,37.7975,37.4826,37.1521,36.8034,36.4335,36.0384,35.6129,35.1504,34.6422,34.0778,33.4462,32.7435,31.9904,31.2474,30.5831,30.0246,29.5621,29.1751,28.8458,28.5604,28.3094,28.0856,27.8838,27.7003,27.5319,27.3765,27.2321,27.0974,26.9711,26.8522,26.7399,26.6336,26.5327,26.4365,26.3448,26.257,26.173,26.0923,26.0148,25.9402,25.8683,25.7989,25.7319,25.667,25.6042,25.5434,25.4844,25.4271,25.3715,25.3174,25.2648,25.2136,25.1637,25.115,25.0676,25.0213,24.9761,24.932,24.8888,24.8466,24.8054,24.765,24.7255,24.6868,24.6489,24.6118,24.5754,24.5397,24.5047,24.4704,24.4366,24.4036,24.3711,24.3391,24.3078,24.2769,24.2467,24.2169,24.1876,24.1588,24.1304,24.1025,24.0751,24.0481,24.0215,23.9953,23.9695,23.9441,23.9191,23.8944,23.8701,23.8461
40.2161,39.9838,39.7459,39.5017,39.2508,38.9923,38.7256,38.4497,38.1635,37.8659,37.5551,37.2294,36.8864,36.5232,36.1362,35.7206,35.2704,34.7779,34.2332,33.6259,32.9495,32.2156,31.4717,30.7868,30.2011,29.7138,29.3069,28.9617,28.664,28.403,28.1711,27.9626,27.7734,27.6002,27.4406,27.2927,27.1548,27.0256,26.9043,26.7898,26.6814,26.5786,26.4808,26.3875,26.2983,26.213,26.1311,26.0524,25.9768,25.9039,25.8335,25.7656,25.7,25.6364,25.5749,25.5152,25.4572,25.401,25.3463,25.2931,25.2413,25.1909,25.1418,25.0939,25.0471,25.0015,24.9569,24.9134,24.8709,24.8292,24.7885,24.7487,24.7097,24.6714,24.634,24.5973,24.5613,24.526,24.4914,24.4574,24.4241,24.3913,24.3592,24.3276,24.2965,24.266,24.236,24.2065,24.1775,24.149,24.1209,24.0932,24.066,24.0393,24.0129,23.9869,23.9614,23.9362,23.9113,23.8869,23.8628
40.2625,40.0318,39.7955,39.5531,39.3041,39.0479,38.7836,38.5104,38.2274,37.9332,37.6264,37.3053,36.9676,36.6108,36.2314,35.8251,35.3865,34.9083,34.3819,33.797,33.1461,32.4339,31.6957,30.9957,30.3844,29.8718,29.4438,29.0819,28.771,28.4994,28.2589,28.0433,27.8482,27.67,27.5061,27.3543,27.2132,27.0811,26.9572,26.8403,26.7299,26.6252,26.5256,26.4307,26.3401,26.2534,26.1703,26.0904,26.0137,25.9398,25.8685,25.7997,25.7332,25.6689,25.6066,25.5462,25.4876,25.4307,25.3754,25.3216,25.2693,25.2184,25.1687,25.1203,25.0731,25.0271,24.9821,24.9382,24.8952,24.8532,24.8121,24.7719,24.7326,24.694,24.6563,24.6193,24.583,24.5474,24.5125,24.4783,24.4447,24.4117,24.3793,24.3474,24.3162,24.2854,24.2552,24.2255,24.1963,24.1675,24.1393,24.1114,24.0841,24.0571,24.0306,24.0044,23.9787,23.9533,23.9283,23.9037,23.8794
40.3085,40.0793,39.8446,39.604,39.357,39.1029,38.841,38.5704,38.2903,37.9995,37.6965,37.3798,37.0473,36.6965,36.3243,35.9268,35.4988,35.034,34.5243,33.9603,33.3335,32.6444,31.9173,31.2082,30.5741,30.0362,29.5862,29.2066,28.8816,28.5987,28.3492,28.1261,27.9247,27.7413,27.5728,27.4172,27.2726,27.1375,27.0109,26.8916,26.779,26.6723,26.571,26.4745,26.3823,26.2942,26.2098,26.1288,26.051,25.976,25.9038,25.8341,25.7667,25.7016,25.6385,25.5774,25.5181,25.4606,25.4047,25.3503,25.2975,25.246,25.1959,25.147,25.0993,25.0528,25.0074,24.963,24.9197,24.8773,24.8359,24.7953,24.7556,24.7168,24.6787,24.6414,24.6048,24.5689,24.5338,24.4993,24.4654,24.4321,24.3995,24.3674,24.3359,24.3049,24.2745,24.2446,24.2151,24.1862,24.1577,24.1297,24.1021,24.075,24.0483,24.022,23.9961,23.9705,23.9454,23.9206,23.8962
40.3542,40.1264,39.8933,39.6545,39.4093,39.1573,38.8977,38.6297,38.3525,38.0648,37.7656,37.4531,37.1255,36.7804,36.415,36.0257,35.6077,35.1553,34.6611,34.1163,33.5124,32.8466,32.1346,31.4227,30.7693,30.2069,29.7342,29.3359,28.996,28.7012,28.442,28.2111,28.0032,27.8142,27.641,27.4813,27.3331,27.1949,27.0655,26.9437,26.8289,26.7202,26.617,26.5188,26.4251,26.3356,26.2499,26.1676,26.0886,26.0126,25.9394,25.8688,25.8006,25.7346,25.6708,25.6089,25.5489,25.4907,25.4342,25.3793,25.3258,25.2738,25.2232,25.1738,25.1257,25.0787,25.0329,24.9881,24.9443,24.9016,24.8598,24.8189,24.7788,24.7396,24.7012,24.6636,24.6267,24.5906,24.5551,24.5203,24.4862,24.4527,24.4198,24.3875,24.3557,24.3245,24.2939,24.2637,24.2341,24.2049,24.1763,24.1481,24.1203,24.093,24.0661,24.0396,24.0135,23.9878,23.9625,23.9376,23.913
40.3995,40.1732,39.9416,39.7044,39.4611,39.2111,38.9537,38.6882,38.4138,38.1293,37.8335,37.5251,37.2022,36.8626,36.5036,36.122,35.7134,35.2726,34.7927,34.2657,33.6832,33.0404,32.3464,31.6372,30.9693,30.3836,29.8879,29.4701,29.1144,28.807,28.5376,28.2984,28.0835,27.8887,27.7106,27.5466,27.3947,27.2532,27.1209,26.9966,26.8794,26.7686,26.6635,26.5636,26.4684,26.3774,26.2903,26.2068,26.1267,26.0496,25.9754,25.9038,25.8347,25.7679,25.7033,25.6407,25.58,25.5211,25.464,25.4084,25.3544,25.3018,25.2507,25.2008,25.1522,25.1047,25.0585,25.0133,24.9691,24.926,24.8838,24.8425,24.8021,24.7626,24.7239,24.6859,24.6487,24.6123,24.5766,24.5415,24.5071,24.4733,24.4402,24.4076,24.3756,24.3442,24.3133,24.283,24.2531,24.2238,24.1949,24.1665,24.1385,24.111,24.0839,24.0573,24.031,24.0052,23.9797,23.9546,23.9298
40.4445,40.2195,39.9895,39.7539,39.5124,39.2644,39.0092,38.7461,38.4743,38.1928,37.9005,37.5959,37.2775,36.9431,36.5903,36.2159,35.8162,35.3861,34.9195,34.4089,33.8464,33.2259,32.5516,31.8502,31.1726,30.5661,30.0473,29.6093,29.2369,28.9162,28.6361,28.388,28.1659,27.965,27.7817,27.6132,27.4574,27.3126,27.1773,27.0503,26.9308,26.8178,26.7107,26.609,26.5121,26.4197,26.3312,26.2465,26.1651,26.0869,26.0117,25.9391,25.8691,25.8015,25.736,25.6727,25.6113,25.5517,25.4939,25.4378,25.3832,25.33,25.2783,25.228,25.1789,25.131,25.0842,25.0386,24.9941,24.9505,24.9079,24.8663,24.8256,24.7857,24.7466,24.7084,24.6709,24.6341,24.5981,24.5628,24.5281,24.4941,24.4607,24.4279,24.3956,24.364,24.3329,24.3023,24.2722,24.2427,24.2136,24.185,24.1568,24.1291,24.1019,24.075,24.0486,24.0226,23.9969,23.9717,23.9468
40.4891,40.2655,40.037,39.803,39.5632,39.3171,39.064,38.8033,38.5341,38.2555,37.9665,37.6657,37.3515,37.0221,36.6751,36.3076,35.9161,35.4961,35.0419,34.5466,34.0026,33.4035,32.7496,32.0599,31.378,30.7536,30.2125,29.7536,29.3639,29.0291,28.7375,28.4802,28.2504,28.043,27.8543,27.6812,27.5214,27.373,27.2346,27.1049,26.9828,26.8676,26.7586,26.655,26.5565,26.4625,26.3726,26.2865,26.204,26.1247,26.0483,25.9748,25.9038,25.8353,25.7691,25.7049,25.6428,25.5826,25.5241,25.4673,25.4121,25.3584,25.3062,25.2553,25.2057,25.1573,25.1102,25.0641,25.0191,24.9752,24.9322,24.8902,24.8491,24.8089,24.7695,24.7309,24.6931,24.6561,24.6198,24.5841,24.5492,24.5149,24.4812,24.4482,24.4157,24.3838,24.3525,24.3217,24.2914,24.2616,24.2324,24.2036,24.1752,24.1473,24.1199,24.0929,24.0662,24.04,24.0142,23.9888,23.9637
40.5334,40.3112,40.084,39.8517,39.6136,39.3693,39.1183,38.8598,38.5931,38.3174,38.0315,37.7343,37.4242,37.0996,36.7581,36.3972,36.0135,35.6029,35.1602,34.6791,34.1525,33.5734,32.9402,32.2652,31.5838,30.9453,30.3832,29.9032,29.4953,29.1457,28.842,28.5749,28.337,28.1229,27.9285,27.7506,27.5866,27.4345,27.2929,27.1603,27.0357,26.9182,26.8071,26.7016,26.6013,26.5057,26.4144,26.327,26.2432,26.1627,26.0853,26.0108,25.9389,25.8695,25.8024,25.7375,25.6746,25.6137,25.5545,25.4971,25.4413,25.3871,25.3343,25.2828,25.2327,25.1839,25.1363,25.0898,25.0444,25,24.9567,24.9143,24.8728,24.8322,24.7925,24.7536,24.7155,24.6782,24.6415,24.6056,24.5704,24.5358,24.5019,24.4686,24.4359,24.4038,24.3722,24.3412,24.3107,24.2807,24.2512,24.2222,24.1937,24.1656,24.1379,24.1107,24.084,24.0576,24.0316,24.006,23.9808
40.5774,40.3564,40.1307,39.8999,39.6635,39.421,39.172,38.9157,38.6515,38.3785,38.0957,37.8019,37.4958,37.1757,36.8395,36.4847,36.1084,35.7067,35.2748,34.8069,34.2963,33.7363,33.1234,32.4649,31.7886,31.1403,30.5589,30.0581,29.6314,29.2662,28.9499,28.6724,28.426,28.2048,28.0045,27.8214,27.653,27.4972,27.3522,27.2166,27.0894,26.9695,26.8562,26.7488,26.6468,26.5496,26.4568,26.368,26.2829,26.2012,26.1227,26.0471,25.9743,25.904,25.836,25.7703,25.7067,25.645,25.5852,25.5271,25.4707,25.4159,25.3625,25.3106,25.2599,25.2106,25.1625,25.1156,25.0697,25.025,24.9812,24.9385,24.8966,24.8557,24.8156,24.7764,24.738,24.7003,24.6634,24.6272,24.5917,24.5569,24.5227,24.4891,24.4562,24.4238,24.392,24.3608,24.33,24.2998,24.2701,24.2409,24.2122,24.1839,24.1561,24.1287,24.1017,24.0752,24.049,24.0233,23.9979
40.6211,40.4014,40.177,39.9477,39.7129,39.4722,39.2251,38.971,38.7092,38.4388,38.1589,37.8685,37.5662,37.2504,36.9193,36.5704,36.2011,35.8077,35.3858,34.9302,34.4346,33.8924,33.2992,32.6585,31.991,31.3373,30.7393,30.2181,29.7723,29.3908,29.0611,28.7727,28.5174,28.2888,28.0821,27.8938,27.7208,27.561,27.4125,27.2738,27.1439,27.0216,26.9061,26.7967,26.6928,26.5939,26.4996,26.4094,26.323,26.2401,26.1605,26.0838,26.01,25.9387,25.8699,25.8034,25.739,25.6766,25.6161,25.5574,25.5003,25.4449,25.3909,25.3385,25.2873,25.2375,25.1889,25.1415,25.0953,25.0501,25.0059,24.9628,24.9206,24.8793,24.8389,24.7993,24.7606,24.7226,24.6854,24.6489,24.6131,24.578,24.5436,24.5097,24.4765,24.4439,24.4119,24.3804,24.3495,24.319,24.2891,24.2597,24.2308,24.2023,24.1743,24.1467,24.1196,24.0929,24.0665,24.0406,24.0151
40.6644,40.446,40.223,39.9951,39.7619,39.523,39.2778,39.0257,38.7662,38.4983,38.2214,37.9341,37.6355,37.3239,36.9975,36.6543,36.2915,35.906,35.4936,35.0495,34.5679,34.0424,33.468,32.8455,32.1898,31.5349,30.9235,30.383,29.9179,29.5196,29.1759,28.876,28.6113,28.3748,28.1616,27.9677,27.7899,27.626,27.4739,27.332,27.1992,27.0744,26.9566,26.8452,26.7394,26.6388,26.5429,26.4512,26.3635,26.2794,26.1986,26.1209,26.046,25.9738,25.9041,25.8368,25.7716,25.7084,25.6472,25.5878,25.5301,25.4741,25.4196,25.3666,25.3149,25.2646,25.2155,25.1677,25.121,25.0754,25.0308,24.9873,24.9447,24.903,24.8623,24.8224,24.7833,24.745,24.7075,24.6707,24.6346,24.5992,24.5645,24.5304,24.497,24.4641,24.4319,24.4001,24.369,24.3383,24.3082,24.2786,24.2495,24.2208,24.1926,24.1648,24.1375,24.1106,24.0841,24.058,24.0323
40.7074,40.4902,40.2686,40.0421,39.8105,39.5732,39.3299,39.0798,38.8225,38.5572,38.283,37.9989,37.7037,37.3961,37.0744,36.7365,36.38,36.0019,35.5984,35.1651,34.6964,34.1865,33.63,33.0259,32.3839,31.732,31.1108,30.5526,30.0684,29.6527,29.2944,28.9825,28.7078,28.4631,28.243,28.0433,27.8605,27.6922,27.5364,27.3912,27.2555,27.128,27.0079,26.8943,26.7866,26.6842,26.5867,26.4936,26.4045,26.3191,26.2371,26.1583,26.0824,26.0093,25.9386,25.8704,25.8044,25.7405,25.6786,25.6185,25.5602,25.5035,25.4484,25.3948,25.3427,25.2918,25.2423,25.194,25.1468,25.1008,25.0558,25.0119,24.9689,24.9269,24.8858,24.8455,24.8061,24.7675,24.7297,24.6926,24.6562,24.6206,24.5856,24.5512,24.5175,24.4844,24.4519,24.42,24.3886,24.3577,24.3274,24.2976,24.2682,24.2394,24.2109,24.183,24.1555,24.1284,24.1017,24.0755,24.0496
40.7502,40.5342,40.3138,40.0888,39.8586,39.623,39.3815,39.1334,38.8783,38.6153,38.3438,38.0627,37.7709,37.4672,37.1498,36.8171,36.4665,36.0954,35.7003,35.2771,34.8206,34.3253,33.7858,33.1996,32.5729,31.9273,31.3,30.7264,30.2235,29.7902,29.4167,29.0921,28.807,28.5537,28.3264,28.1205,27.9326,27.7598,27.6,27.4514,27.3127,27.1825,27.0599,26.9441,26.8344,26.7303,26.6311,26.5364,26.4459,26.3592,26.276,26.1961,26.1191,26.045,25.9735,25.9044,25.8376,25.7729,25.7102,25.6494,25.5905,25.5332,25.4775,25.4233,25.3706,25.3193,25.2692,25.2204,25.1728,25.1264,25.081,25.0366,24.9933,24.9509,24.9094,24.8688,24.8291,24.7901,24.752,24.7146,24.678,24.642,24.6068,24.5721,24.5382,24.5048,24.4721,24.4399,24.4083,24.3772,24.3466,24.3166,24.287,24.258,24.2294,24.2012,24.1735,24.1463,24.1194,24.093,24.0669
40.7926,40.5778,40.3587,40.135,39.9064,39.6724,39.4326,39.1865,38.9334,38.6728,38.4039,38.1257,37.8372,37.5371,37.224,36.8961,36.5512,36.1868,35.7996,35.3858,34.9407,34.459,33.9355,33.3668,32.7561,32.1197,31.4901,30.9037,30.3832,29.9321,29.5429,29.2051,28.9091,28.6467,28.4118,28.1996,28.0062,27.8287,27.6649,27.5127,27.3708,27.2378,27.1127,26.9947,26.8829,26.7769,26.676,26.5797,26.4878,26.3998,26.3153,26.2342,26.1562,26.0811,26.0086,25.9386,25.871,25.8055,25.7421,25.6806,25.621,25.563,25.5068,25.452,25.3988,25.3469,25.2963,25.2471,25.199,25.1521,25.1063,25.0615,25.0178,24.975,24.9332,24.8922,24.8521,24.8129,24.7744,24.7367,24.6998,24.6636,24.628,24.5931,24.5589,24.5253,24.4923,24.4599,24.428,24.3967,24.366,24.3357,24.3059,24.2767,24.2479,24.2195,24.1917,24.1642,24.1372,24.1106,24.0843
40.8348,40.6211,40.4033,40.1809,39.9537,39.7213,39.4832,39.239,38.988,38.7297,38.4632,38.1878,37.9025,37.606,37.2969,36.9737,36.6342,36.2761,35.8964,35.4915,35.057,34.5882,34.0797,33.5278,32.9334,32.3084,31.6799,31.0838,30.547,30.0783,29.6731,29.3216,29.0141,28.7422,28.4994,28.2804,28.0814,27.899,27.7309,27.5751,27.4298,27.294,27.1663,27.0459,26.9321,26.8241,26.7214,26.6236,26.5302,26.4407,26.3551,26.2728,26.1937,26.1175,26.0441,25.9732,25.9047,25.8384,25.7742,25.712,25.6517,25.5931,25.5362,25.4809,25.4271,25.3747,25.3236,25.2739,25.2253,25.178,25.1317,25.0866,25.0424,24.9993,24.9571,24.9158,24.8753,24.8358,24.797,24.759,24.7217,24.6852,24.6494,24.6142,24.5797,24.5459,24.5126,24.48,24.4479,24.4164,24.3854,24.3549,24.3249,24.2955,24.2665,24.2379,24.2099,24.1822,24.155,24.1282,24.1018
40.8767,40.6641,40.4475,40.2265,40.0007,39.7698,39.5334,39.2909,39.042,38.7858,38.5219,38.2492,37.9669,37.6738,37.3686,37.0499,36.7155,36.3634,35.9908,35.5943,35.1699,34.713,34.2187,33.6828,33.1047,32.4926,31.8684,31.2658,30.7147,30.2289,29.8073,29.4416,29.1222,28.8403,28.5892,28.3632,28.1582,27.9708,27.7982,27.6385,27.4899,27.351,27.2207,27.0979,26.9819,26.8719,26.7674,26.668,26.573,26.4822,26.3952,26.3117,26.2315,26.1543,26.0798,26.008,25.9386,25.8716,25.8066,25.7437,25.6827,25.6234,25.5659,25.51,25.4556,25.4027,25.3511,25.3008,25.2518,25.204,25.1573,25.1117,25.0672,25.0237,24.9811,24.9394,24.8987,24.8587,24.8196,24.7813,24.7438,24.707,24.6709,24.6354,24.6007,24.5666,24.5331,24.5002,24.4678,24.4361,24.4048,24.3742,24.344,24.3143,24.2851,24.2564,24.2281,24.2003,24.1729,24.1459,24.1194
40.9182,40.7068,40.4914,40.2716,40.0473,39.8179,39.5831,39.3424,39.0954,38.8414,38.5798,38.3097,38.0304,37.7406,37.4392,37.1247,36.7953,36.4489,36.083,35.6944,35.2794,34.8338,34.3528,33.8321,33.2701,32.6718,32.0547,31.4488,30.8855,30.3836,29.9456,29.5653,29.2334,28.9411,28.6813,28.448,28.2368,28.044,27.8669,27.7032,27.5511,27.409,27.2759,27.1506,27.0323,26.9204,26.814,26.7129,26.6163,26.5241,26.4358,26.351,26.2697,26.1914,26.1159,26.0432,25.9729,25.905,25.8393,25.7756,25.7139,25.654,25.5958,25.5393,25.4843,25.4308,25.3787,25.328,25.2785,25.2302,25.1831,25.1371,25.0921,25.0482,25.0052,24.9632,24.9221,24.8818,24.8424,24.8038,24.7659,24.7288,24.6924,24.6567,24.6217,24.5873,24.5536,24.5204,24.4879,24.4559,24.4244,24.3935,24.3631,24.3332,24.3038,24.2749,24.2465,24.2184,24.1909,24.1637,24.137
40.9596,40.7493,40.535,40.3165,40.0935,39.8655,39.6324,39.3934,39.1483,38.8964,38.6371,38.3696,38.093,37.8065,37.5087,37.1983,36.8736,36.5327,36.1731,35.792,35.3859,34.9508,34.4823,33.9761,33.4296,32.8458,32.2378,31.6318,31.059,30.5421,30.088,29.6927,29.3479,29.0448,28.7758,28.5348,28.3171,28.1188,27.9369,27.769,27.6132,27.468,27.332,27.2041,27.0835,26.9695,26.8612,26.7583,26.6602,26.5665,26.4768,26.3908,26.3082,26.2288,26.1524,26.0787,26.0075,25.9387,25.8722,25.8078,25.7453,25.6848,25.6259,25.5688,25.5132,25.4592,25.4066,25.3553,25.3053,25.2566,25.209,25.1626,25.1172,25.0729,25.0295,24.9872,24.9457,24.9051,24.8653,24.8264,24.7882,24.7508,24.7141,24.6781,24.6428,24.6082,24.5742,24.5408,24.508,24.4757,24.4441,24.4129,24.3823,24.3522,24.3226,24.2935,24.2649,24.2367,24.2089,24.1816,24.1547
41.0006,40.7914,40.5783,40.361,40.1393,39.9128,39.6812,39.444,39.2007,38.9508,38.6937,38.4287,38.1549,37.8714,37.5771,37.2707,36.9505,36.6148,36.2612,35.8872,35.4895,35.0644,34.6076,34.115,33.5835,33.0144,32.4172,31.8139,31.2344,30.704,30.2342,29.8239,29.4657,29.1513,28.8728,28.6238,28.3993,28.1952,28.0083,27.8361,27.6765,27.5279,27.389,27.2584,27.1355,27.0192,26.909,26.8043,26.7046,26.6093,26.5182,26.431,26.3472,26.2667,26.1892,26.1145,26.0424,25.9727,25.9054,25.8402,25.777,25.7158,25.6563,25.5985,25.5424,25.4878,25.4346,25.3828,25.3323,25.2831,25.2351,25.1882,25.1424,25.0977,25.054,25.0112,24.9694,24.9284,24.8883,24.8491,24.8106,24.7729,24.7359,24.6996,24.6641,24.6291,24.5949,24.5612,24.5282,24.4957,24.4638,24.4325,24.4016,24.3713,24.3415,24.3122,24.2833,24.255,24.227,24.1995,24.1724
41.0414,40.8332,40.6212,40.4052,40.1848,39.9597,39.7296,39.494,39.2526,39.0047,38.7497,38.4871,38.216,37.9355,37.6445,37.3418,37.026,36.6953,36.3475,35.9802,35.5904,35.1747,34.729,34.2492,33.7321,33.1776,32.5923,31.9942,31.4107,30.8689,30.3842,29.9587,29.587,29.2608,28.9723,28.715,28.4834,28.2732,28.0812,27.9045,27.741,27.5889,27.4468,27.3136,27.1881,27.0697,26.9575,26.8509,26.7494,26.6527,26.5601,26.4715,26.3865,26.3049,26.2263,26.1506,26.0776,26.0071,25.9389,25.8729,25.809,25.747,25.6869,25.6285,25.5717,25.5165,25.4628,25.4105,25.3595,25.3098,25.2613,25.214,25.1678,25.1227,25.0785,25.0354,24.9932,24.9519,24.9115,24.8719,24.8331,24.7951,24.7578,24.7212,24.6854,24.6502,24.6157,24.5818,24.5485,24.5158,24.4836,24.4521,24.421,24.3905,24.3605,24.331,24.3019,24.2733,24.2452,24.2175,24.1902
41.082,40.8748,40.6639,40.4491,40.2299,40.0062,39.7776,39.5437,39.3039,39.058,38.8051,38.5448,38.2763,37.9987,37.7109,37.4119,37.1002,36.7742,36.432,36.0711,35.6888,35.2819,34.8466,34.3789,33.8756,33.3354,32.7629,32.172,31.5873,31.0363,30.5377,30.0973,29.7116,29.3733,29.0745,28.8085,28.5695,28.353,28.1555,27.9741,27.8066,27.6509,27.5057,27.3696,27.2416,27.1208,27.0065,26.8981,26.7949,26.6965,26.6025,26.5126,26.4263,26.3435,26.2638,26.1871,26.1131,26.0417,25.9726,25.9058,25.8412,25.7785,25.7177,25.6586,25.6012,25.5455,25.4912,25.4383,25.3869,25.3367,25.2877,25.24,25.1933,25.1478,25.1033,25.0597,25.0172,24.9755,24.9347,24.8948,24.8557,24.8174,24.7798,24.7429,24.7068,24.6714,24.6366,24.6024,24.5689,24.5359,24.5035,24.4717,24.4405,24.4097,24.3795,24.3498,24.3205,24.2918,24.2634,24.2356,24.2081
41.1222,40.9161,40.7063,40.4926,40.2747,40.0524,39.8252,39.5928,39.3548,39.1107,38.86,38.6019,38.3359,38.061,37.7764,37.4809,37.1732,36.8518,36.5148,36.16,35.7848,35.3862,34.9607,34.5046,34.0143,33.488,32.9285,32.3466,31.7633,31.2054,30.6943,30.2395,29.8398,29.489,29.1795,28.9043,28.6576,28.4346,28.2314,28.0452,27.8734,27.714,27.5655,27.4264,27.2958,27.1727,27.0562,26.9458,26.8409,26.7409,26.6454,26.554,26.4665,26.3824,26.3016,26.2239,26.1489,26.0766,26.0067,25.9391,25.8736,25.8102,25.7487,25.689,25.631,25.5746,25.5198,25.4664,25.4144,25.3637,25.3143,25.2661,25.219,25.173,25.1281,25.0842,25.0412,24.9992,24.9581,24.9178,24.8784,24.8398,24.8019,24.7648,24.7283,24.6926,24.6575,24.6231,24.5893,24.5561,24.5235,24.4915,24.46,24.4291,24.3986,24.3687,24.3392,24.3103,24.2817,24.2537,24.2261
41.1623,40.9571,40.7484,40.5359,40.3192,40.0982,39.8724,39.6416,39.4052,39.163,38.9142,38.6584,38.3948,38.1226,37.841,37.5489,37.245,36.928,36.5959,36.2469,35.8785,35.4878,35.0716,34.6263,34.1484,33.6356,33.0893,32.5175,31.9379,31.3756,30.8537,30.3851,29.9714,29.6078,29.2872,29.0026,28.7478,28.518,28.309,28.1177,27.9414,27.7782,27.6262,27.4842,27.3509,27.2253,27.1066,26.9942,26.8874,26.7857,26.6887,26.5959,26.5071,26.4218,26.3399,26.261,26.1851,26.1118,26.041,25.9726,25.9063,25.8422,25.78,25.7196,25.661,25.604,25.5486,25.4946,25.4421,25.3909,25.341,25.2923,25.2448,25.1984,25.1531,25.1088,25.0655,25.0231,24.9816,24.941,24.9012,24.8623,24.8241,24.7867,24.75,24.714,24.6786,24.644,24.6099,24.5765,24.5436,24.5114,24.4796,24.4485,24.4178,24.3877,24.358,24.3288,24.3001,24.2719,24.2441
41.2021,40.9979,40.7902,40.5788,40.3633,40.1436,39.9192,39.6899,39.4552,39.2147,38.9679,38.7142,38.4529,38.1834,37.9047,37.6159,37.3157,37.0028,36.6756,36.3321,35.9701,35.5869,35.1794,34.7443,34.2781,33.7784,33.2453,32.6844,32.1105,31.5462,31.0153,30.5338,30.1064,29.7299,29.3979,29.1034,28.8403,28.6033,28.3882,28.1916,28.0108,27.8435,27.688,27.5429,27.4067,27.2786,27.1577,27.0432,26.9346,26.8312,26.7325,26.6383,26.5481,26.4616,26.3785,26.2985,26.2216,26.1473,26.0756,26.0064,25.9393,25.8744,25.8115,25.7504,25.6912,25.6336,25.5776,25.5231,25.47,25.4183,25.3679,25.3188,25.2708,25.224,25.1782,25.1335,25.0898,25.0471,25.0052,24.9643,24.9242,24.8849,24.8464,24.8087,24.7717,24.7354,24.6998,24.6649,24.6306,24.5969,24.5638,24.5313,24.4993,24.4679,24.4371,24.4067,24.3769,24.3475,24.3186,24.2901,24.2622
41.2416,41.0384,40.8318,40.6214,40.4072,40.1887,39.9657,39.7378,39.5047,39.266,39.021,38.7694,38.5105,38.2435,37.9676,37.6819,37.3853,37.0764,36.7538,36.4156,36.0597,35.6836,35.2844,34.8589,34.4039,33.9166,33.3963,32.8471,32.2804,31.7164,31.1787,30.6855,30.2447,29.8551,29.5114,29.2068,28.935,28.6906,28.4691,28.267,28.0815,27.9101,27.7509,27.6025,27.4635,27.3328,27.2095,27.0929,26.9823,26.8771,26.7769,26.6812,26.5895,26.5017,26.4175,26.3364,26.2584,26.1832,26.1106,26.0404,25.9726,25.9069,25.8432,25.7815,25.7216,25.6633,25.6067,25.5517,25.4981,25.4459,25.395,25.3454,25.2969,25.2497,25.2035,25.1584,25.1143,25.0712,25.029,24.9877,24.9473,24.9077,24.8689,24.8308,24.7935,24.757,24.7211,24.6859,24.6513,24.6174,24.5841,24.5513,24.5191,24.4875,24.4564,24.4259,24.3958,24.3662,24.3371,24.3085,24.2803
41.2809,41.0787,40.873,40.6638,40.4507,40.2334,40.0118,39.7853,39.5538,39.3167,39.0737,38.8241,38.5673,38.3028,38.0297,37.747,37.4538,37.1488,36.8306,36.4974,36.1473,35.778,35.3867,34.9703,34.5258,34.0504,33.5427,33.0053,32.4471,31.8855,31.3431,30.8397,30.3861,29.9836,29.628,29.3129,29.032,28.7799,28.5518,28.344,28.1535,27.9778,27.8149,27.6631,27.5211,27.3877,27.262,27.1432,27.0307,26.9237,26.8217,26.7245,26.6315,26.5423,26.4568,26.3747,26.2956,26.2193,26.1458,26.0748,26.0061,25.9396,25.8752,25.8128,25.7522,25.6933,25.6361,25.5805,25.5263,25.4736,25.4222,25.3721,25.3232,25.2755,25.229,25.1834,25.1389,25.0954,25.0529,25.0112,24.9705,24.9305,24.8914,24.8531,24.8155,24.7786,24.7425,24.707,24.6722,24.638,24.6044,24.5714,24.539,24.5072,24.4759,24.4451,24.4148,24.385,24.3557,24.3269,24.2985
41.32,41.1187,40.9141,40.7059,40.4939,40.2778,40.0575,39.8325,39.6025,39.367,39.1258,38.8781,38.6236,38.3614,38.0909,37.8112,37.5213,37.2201,36.9061,36.5777,36.2332,35.8702,35.4864,35.0787,34.6442,34.18,33.6846,33.1591,32.6104,32.053,31.508,30.996,30.5305,30.1152,29.7475,29.4216,29.1315,28.8713,28.6363,28.4226,28.227,28.0468,27.8799,27.7247,27.5796,27.4435,27.3153,27.1943,27.0796,26.9708,26.8671,26.7683,26.6738,26.5834,26.4966,26.4133,26.3331,26.2559,26.1814,26.1094,26.0399,25.9726,25.9075,25.8443,25.7831,25.7236,25.6657,25.6095,25.5548,25.5015,25.4496,25.3991,25.3497,25.3015,25.2545,25.2086,25.1637,25.1198,25.0769,25.0349,24.9938,24.9535,24.9141,24.8754,24.8375,24.8004,24.764,24.7282,24.6931,24.6587,24.6248,24.5916,24.559,24.5269,24.4954,24.4644,24.4339,24.4039,24.3744,24.3454,24.3168
41.3589,41.1585,40.9548,40.7476,40.5368,40.3219,40.1029,39.8792,39.6507,39.4169,39.1774,38.9317,38.6792,38.4194,38.1514,37.8746,37.5879,37.2902,36.9803,36.6565,36.3173,35.9605,35.5837,35.1842,34.7591,34.3057,33.822,33.3084,32.7698,32.2183,31.6727,31.154,30.6775,30.2498,29.87,29.5331,29.2333,28.9649,28.7228,28.5029,28.3019,28.1171,27.9462,27.7873,27.639,27.5,27.3693,27.246,27.1292,27.0184,26.9131,26.8126,26.7167,26.6248,26.5368,26.4522,26.371,26.2927,26.2172,26.1444,26.074,26.0059,25.94,25.8761,25.8141,25.754,25.6955,25.6387,25.5835,25.5296,25.4772,25.4261,25.3763,25.3277,25.2803,25.2339,25.1886,25.1444,25.1011,25.0587,25.0172,24.9766,24.9369,24.8979,24.8597,24.8223,24.7855,24.7495,24.7142,24.6794,24.6454,24.6119,24.579,24.5467,24.515,24.4837,24.453,24.4228,24.3932,24.3639,24.3352
41.3975,41.198,40.9953,40.7892,40.5794,40.3657,40.1479,39.9256,39.6985,39.4663,39.2285,38.9847,38.7342,38.4767,38.2112,37.9371,37.6535,37.3593,37.0532,36.734,36.3998,36.0488,35.6787,35.287,34.8709,34.4277,33.9553,33.4533,32.9253,32.3809,31.8367,31.313,30.8269,30.3873,29.9954,29.6474,29.3377,29.0607,28.8111,28.5849,28.3784,28.1887,28.0136,27.851,27.6994,27.5575,27.4241,27.2984,27.1795,27.0667,26.9596,26.8575,26.76,26.6667,26.5774,26.4916,26.4092,26.3299,26.2534,26.1797,26.1084,26.0395,25.9728,25.9081,25.8455,25.7846,25.7256,25.6682,25.6123,25.5579,25.505,25.4534,25.4031,25.354,25.3062,25.2594,25.2137,25.169,25.1253,25.0826,25.0408,24.9999,24.9598,24.9205,24.882,24.8442,24.8072,24.7709,24.7353,24.7003,24.666,24.6323,24.5991,24.5666,24.5346,24.5032,24.4723,24.4419,24.412,24.3826,24.3536
41.4359,41.2373,41.0355,40.8304,40.6217,40.4092,40.1926,39.9716,39.746,39.5153,39.2792,39.0371,38.7887,38.5333,38.2703,37.9989,37.7182,37.4273,37.125,36.81,36.4807,36.1352,35.7716,35.3873,34.9797,34.5462,34.0846,33.594,33.0768,32.5404,31.9993,31.4725,30.9782,30.5275,30.1238,29.7645,29.4446,29.1587,28.9015,28.6686,28.4564,28.2617,28.0822,27.9158,27.7608,27.6158,27.4797,27.3515,27.2304,27.1156,27.0066,26.9028,26.8038,26.7091,26.6184,26.5314,26.4478,26.3674,26.2899,26.2152,26.1431,26.0733,26.0058,25.9404,25.877,25.8155,25.7558,25.6978,25.6413,25.5864,25.533,25.4809,25.4301,25.3805,25.3322,25.285,25.2389,25.1938,25.1498,25.1067,25.0645,25.0232,24.9828,24.9432,24.9044,24.8663,24.829,24.7924,24.7565,24.7213,24.6867,24.6527,24.6194,24.5866,24.5544,24.5227,24.4916,24.461,24.4309,24.4013,24.3721
41.4741,41.2764,41.0755,40.8714,40.6637,40.4523,40.2369,40.0173,39.793,39.5638,39.3293,39.0891,38.8426,38.5894,38.3287,38.0598,37.7821,37.4944,37.1957,36.8848,36.5601,36.22,35.8624,35.4851,35.0856,34.6614,34.2101,33.7306,33.2241,32.6966,32.16,31.6321,31.1311,30.6702,30.2549,29.8843,29.5541,29.2591,28.994,28.7542,28.536,28.3362,28.1521,27.9817,27.8232,27.6751,27.5362,27.4055,27.282,27.1652,27.0543,26.9487,26.8481,26.7519,26.6598,26.5716,26.4868,26.4053,26.3268,26.2511,26.178,26.1074,26.0391,25.9729,25.9088,25.8466,25.7863,25.7276,25.6706,25.6151,25.5611,25.5085,25.4572,25.4072,25.3584,25.3107,25.2642,25.2187,25.1743,25.1308,25.0883,25.0467,25.0059,24.966,24.9269,24.8885,24.8509,24.814,24.7779,24.7424,24.7075,24.6733,24.6397,24.6067,24.5742,24.5423,24.511,24.4802,24.4498,24.42,24.3907
41.5121,41.3152,41.1153,40.9121,40.7055,40.4952,40.281,40.0626,39.8397,39.612,39.3791,39.1406,38.896,38.6448,38.3864,38.1201,37.8451,37.5605,37.2653,36.9583,36.6381,36.303,35.9513,35.5807,35.1889,34.7735,34.3321,33.8632,33.3675,32.8492,32.3185,31.791,31.285,30.815,30.3887,30.0069,29.6662,29.3618,29.0885,28.8416,28.6173,28.4121,28.2233,28.0488,27.8866,27.7353,27.5935,27.4601,27.3344,27.2154,27.1025,26.9951,26.8929,26.7952,26.7017,26.6122,26.5262,26.4435,26.364,26.2873,26.2133,26.1418,26.0727,26.0057,25.9409,25.878,25.817,25.7577,25.7,25.644,25.5894,25.5363,25.4845,25.434,25.3847,25.3367,25.2897,25.2438,25.199,25.1551,25.1122,25.0703,25.0292,24.9889,24.9495,24.9108,24.8729,24.8357,24.7993,24.7635,24.7284,24.6939,24.6601,24.6268,24.5941,24.562,24.5305,24.4994,24.4689,24.4389,24.4093
41.5499,41.3538,41.1548,40.9526,40.7469,40.5377,40.3247,40.1075,39.886,39.6597,39.4284,39.1916,38.9488,38.6996,38.4434,38.1796,37.9073,37.6257,37.3339,37.0307,36.7147,36.3845,36.0383,35.6741,35.2896,34.8826,34.4506,33.992,33.5069,32.9982,32.4743,31.949,31.4395,30.9617,30.525,30.1321,29.7809,29.4669,29.1852,28.931,28.7002,28.4895,28.2959,28.1171,27.9511,27.7964,27.6516,27.5156,27.3874,27.2662,27.1513,27.0421,26.9382,26.8389,26.7441,26.6532,26.566,26.4822,26.4015,26.3238,26.2489,26.1765,26.1065,26.0388,25.9732,25.9096,25.8479,25.7879,25.7297,25.673,25.6179,25.5643,25.512,25.461,25.4113,25.3627,25.3153,25.269,25.2238,25.1796,25.1363,25.094,25.0525,25.0119,24.9722,24.9332,24.895,24.8576,24.8208,24.7848,24.7494,24.7147,24.6806,24.6471,24.6142,24.5818,24.55,24.5188,24.488,24.4578,24.4281
41.5874,41.3922,41.1941,40.9928,40.7882,40.58,40.3681,40.1522,39.9319,39.7071,39.4773,39.2421,39.0011,38.7539,38.4999,38.2384,37.9687,37.69,37.4015,37.1019,36.79,36.4645,36.1236,35.7655,35.388,34.9888,34.5658,34.1172,33.6424,33.1435,32.6272,32.1053,31.5942,31.1098,30.6636,30.26,29.8982,29.5745,29.2841,29.0223,28.7849,28.5684,28.3698,28.1865,28.0167,27.8585,27.7107,27.5719,27.4412,27.3177,27.2008,27.0897,26.984,26.8832,26.7868,26.6946,26.6061,26.5211,26.4394,26.3607,26.2848,26.2115,26.1406,26.0721,26.0057,25.9414,25.879,25.8184,25.7595,25.7023,25.6466,25.5924,25.5396,25.4881,25.4379,25.3889,25.3411,25.2944,25.2488,25.2041,25.1605,25.1178,25.076,25.0351,24.995,24.9557,24.9172,24.8795,24.8425,24.8061,24.7705,24.7355,24.7011,24.6674,24.6342,24.6017,24.5697,24.5382,24.5072,24.4768,24.4469
41.6248,41.4304,41.2331,41.0327,40.8291,40.622,40.4112,40.1965,39.9775,39.754,39.5257,39.2922,39.053,38.8077,38.5557,38.2965,38.0294,37.7535,37.4681,37.172,36.8641,36.5431,36.2072,35.8549,35.484,35.0925,34.678,34.2389,33.7741,33.2851,32.7769,32.2598,31.7484,31.259,30.8041,30.3903,30.018,29.6844,29.3852,29.1156,28.8714,28.6489,28.4451,28.2573,28.0834,27.9217,27.7706,27.629,27.4957,27.3699,27.2509,27.1379,27.0304,26.928,26.8301,26.7365,26.6467,26.5605,26.4776,26.3979,26.321,26.2467,26.175,26.1057,26.0385,25.9735,25.9104,25.8491,25.7896,25.7318,25.6755,25.6208,25.5674,25.5155,25.4648,25.4153,25.3671,25.3199,25.2739,25.2289,25.1848,25.1418,25.0996,25.0584,25.0179,24.9784,24.9395,24.9015,24.8642,24.8276,24.7917,24.7564,24.7218,24.6878,24.6544,24.6216,24.5894,24.5577,24.5265,24.4959,24.4657
41.6619,41.4684,41.2719,41.0725,40.8698,40.6637,40.454,40.2404,40.0227,39.8006,39.5738,39.3418,39.1043,38.8608,38.6109,38.354,38.0893,37.8162,37.5338,37.2411,36.937,36.6202,36.2893,35.9425,35.578,35.1936,34.7873,34.3572,33.9022,33.423,32.9234,32.4119,31.9018,31.4088,30.9464,30.5229,30.1403,29.7968,29.4885,29.2109,28.9597,28.7311,28.5218,28.3293,28.1513,27.9859,27.8315,27.6869,27.551,27.4228,27.3016,27.1866,27.0773,26.9732,26.8738,26.7788,26.6877,26.6003,26.5163,26.4354,26.3575,26.2823,26.2097,26.1395,26.0716,26.0058,25.942,25.88,25.8199,25.7615,25.7046,25.6493,25.5954,25.5429,25.4918,25.4419,25.3932,25.3456,25.2991,25.2537,25.2093,25.1659,25.1234,25.0818,25.041,25.0011,24.962,24.9236,24.886,24.8491,24.813,24.7774,24.7426,24.7083,24.6747,24.6417,24.6092,24.5773,24.5459,24.515,24.4847
41.6989,41.5061,41.3105,41.112,40.9102,40.7052,40.4965,40.2841,40.0676,39.8468,39.6214,39.391,39.1551,38.9135,38.6656,38.4108,38.1485,37.878,37.5985,37.3091,37.0087,36.6961,36.3698,36.0283,35.6698,35.2924,34.8939,34.4725,34.0269,33.5573,33.0665,32.5615,32.054,31.5588,31.0901,30.6575,30.265,29.9116,29.5942,29.3083,29.0498,28.8149,28.6001,28.4027,28.2204,28.0511,27.8934,27.7458,27.6071,27.4765,27.353,27.236,27.1248,27.019,26.918,26.8215,26.7291,26.6404,26.5552,26.4733,26.3944,26.3182,26.2447,26.1737,26.1049,26.0383,25.9738,25.9112,25.8504,25.7913,25.7339,25.678,25.6236,25.5706,25.519,25.4686,25.4194,25.3714,25.3245,25.2787,25.2339,25.1901,25.1472,25.1053,25.0642,25.0239,24.9845,24.9459,24.908,24.8708,24.8343,24.7986,24.7634,24.7289,24.695,24.6618,24.6291,24.5969,24.5653,24.5342,24.5037
41.7357,41.5437,41.3489,41.1512,40.9504,40.7463,40.5388,40.3275,40.1122,39.8927,39.6687,39.4397,39.2055,38.9657,38.7197,38.467,38.207,37.9391,37.6625,37.3762,37.0793,36.7707,36.4489,36.1125,35.7597,35.3888,34.9978,34.5847,34.1482,33.688,33.2061,32.7083,32.2044,31.7085,31.2348,30.7941,30.3919,30.0288,29.7021,29.4078,29.1419,28.9004,28.6799,28.4774,28.2906,28.1175,27.9562,27.8055,27.664,27.5308,27.4051,27.286,27.1729,27.0653,26.9628,26.8647,26.7709,26.681,26.5946,26.5115,26.4315,26.3544,26.28,26.2081,26.1385,26.0712,26.0059,25.9426,25.8811,25.8214,25.7634,25.7069,25.652,25.5985,25.5463,25.4954,25.4458,25.3974,25.35,25.3038,25.2586,25.2144,25.1712,25.1289,25.0875,25.0469,25.0072,24.9682,24.93,24.8926,24.8558,24.8198,24.7844,24.7496,24.7155,24.682,24.649,24.6167,24.5848,24.5536,24.5228
41.7722,41.581,41.3871,41.1902,40.9903,40.7872,40.5807,40.3705,40.1564,39.9382,39.7155,39.4881,39.2555,39.0173,38.7732,38.5226,38.2649,37.9995,37.7256,37.4424,37.1489,36.844,36.5266,36.195,35.8478,35.4832,35.0992,34.6941,34.2663,33.8153,33.3424,32.8521,32.353,31.8576,31.3801,30.9323,30.521,30.1483,29.8122,29.5095,29.2359,28.9877,28.7612,28.5536,28.3622,28.185,28.0201,27.8661,27.7218,27.586,27.4579,27.3366,27.2216,27.1122,27.008,26.9084,26.8132,26.7219,26.6343,26.5501,26.4691,26.391,26.3156,26.2428,26.1724,26.1042,26.0382,25.9742,25.9121,25.8517,25.7931,25.736,25.6805,25.6265,25.5738,25.5225,25.4724,25.4235,25.3757,25.3291,25.2835,25.2389,25.1953,25.1527,25.1109,25.07,25.0299,24.9907,24.9522,24.9144,24.8774,24.8411,24.8054,24.7704,24.736,24.7023,24.6691,24.6365,24.6044,24.5729,24.542
41.8086,41.6182,41.425,41.229,41.03,40.8279,40.6224,40.4133,40.2004,39.9834,39.762,39.536,39.305,39.0685,38.8262,38.5776,38.3221,38.0591,37.7878,37.5076,37.2174,36.9162,36.6029,36.276,35.9341,35.5755,35.1983,34.8008,34.3813,33.9393,33.4753,32.9929,32.4992,32.0057,31.5257,31.0717,30.6521,30.27,29.9247,29.6133,29.3319,29.0767,28.8441,28.6311,28.435,28.2536,28.085,27.9277,27.7804,27.6419,27.5114,27.3879,27.2709,27.1596,27.0537,26.9526,26.8559,26.7633,26.6745,26.5891,26.5069,26.4278,26.3515,26.2778,26.2065,26.1376,26.0708,26.006,25.9432,25.8822,25.823,25.7654,25.7093,25.6547,25.6015,25.5497,25.4991,25.4497,25.4016,25.3545,25.3085,25.2636,25.2196,25.1766,25.1344,25.0932,25.0528,25.0132,24.9744,24.9364,24.8991,24.8625,24.8265,24.7913,24.7566,24.7226,24.6892,24.6564,24.6241,24.5924,24.5612
41.8448,41.6551,41.4627,41.2676,41.0695,40.8683,40.6638,40.4557,40.244,40.0282,39.8082,39.5836,39.354,39.1192,38.8787,38.6321,38.3787,38.118,37.8493,37.572,37.2849,36.9873,36.678,36.3556,36.0188,35.6658,35.2951,34.9049,34.4935,34.0601,33.6049,33.1305,32.643,32.1523,31.6712,31.2122,30.7848,30.3938,30.0393,29.7192,29.4298,29.1676,28.9287,28.7101,28.5091,28.3234,28.151,27.9902,27.8399,27.6986,27.5656,27.4399,27.3208,27.2076,27.1,26.9972,26.8991,26.8051,26.715,26.6284,26.5452,26.465,26.3877,26.3131,26.2409,26.1712,26.1036,26.0381,25.9746,25.913,25.8531,25.7949,25.7382,25.6831,25.6294,25.577,25.526,25.4762,25.4275,25.3801,25.3337,25.2883,25.244,25.2006,25.1581,25.1165,25.0758,25.0359,24.9968,24.9585,24.9209,24.884,24.8478,24.8122,24.7774,24.7431,24.7094,24.6764,24.6439,24.6119,24.5805
41.8809,41.6919,41.5003,41.306,41.1087,40.9084,40.7049,40.4979,40.2873,40.0727,39.8539,39.6307,39.4027,39.1695,38.9307,38.686,38.4347,38.1763,37.9101,37.6355,37.3515,37.0574,36.7518,36.4338,36.1018,35.7543,35.3898,35.0065,34.6029,34.1778,33.7312,33.265,32.7842,32.2973,31.8161,31.3533,30.9191,30.5195,30.1561,29.8272,29.5298,29.2602,29.0149,28.7907,28.5846,28.3944,28.218,28.0538,27.9002,27.7562,27.6205,27.4925,27.3713,27.2562,27.1468,27.0424,26.9427,26.8473,26.7559,26.6681,26.5838,26.5025,26.4242,26.3486,26.2756,26.205,26.1367,26.0705,26.0063,25.9439,25.8834,25.8246,25.7673,25.7116,25.6574,25.6046,25.553,25.5027,25.4537,25.4058,25.359,25.3132,25.2685,25.2247,25.1819,25.14,25.0989,25.0587,25.0193,24.9806,24.9427,24.9056,24.8691,24.8333,24.7982,24.7637,24.7298,24.6965,24.6637,24.6316,24.5999
41.9167,41.7284,41.5376,41.3441,41.1477,40.9484,40.7458,40.5398,40.3303,40.1169,39.8994,39.6775,39.4509,39.2193,38.9822,38.7393,38.49,38.2338,37.9701,37.6982,37.4172,37.1263,36.8245,36.5106,36.1833,35.8411,35.4825,35.1058,34.7096,34.2925,33.8544,33.3964,32.9226,32.4403,31.9602,31.4947,31.0546,30.6471,30.2749,29.9373,29.6318,29.3548,29.1029,28.8727,28.6615,28.4667,28.2862,28.1183,27.9615,27.8145,27.6763,27.5458,27.4224,27.3054,27.1941,27.0881,26.9868,26.89,26.7973,26.7082,26.6227,26.5404,26.4611,26.3845,26.3106,26.2392,26.17,26.1031,26.0381,25.9751,25.9139,25.8545,25.7967,25.7404,25.6856,25.6323,25.5802,25.5295,25.48,25.4316,25.3844,25.3382,25.2931,25.249,25.2058,25.1635,25.1221,25.0816,25.0419,25.0029,24.9647,24.9273,24.8905,24.8545,24.8191,24.7843,24.7502,24.7166,24.6837,24.6513,24.6194
41.9524,41.7648,41.5747,41.382,41.1865,40.988,40.7864,40.5814,40.373,40.1607,39.9445,39.7239,39.4987,39.2687,39.0333,38.7922,38.5448,38.2908,38.0294,37.7601,37.482,37.1943,36.8961,36.5861,36.2633,35.9261,35.5732,35.2029,34.8138,34.4045,33.9745,33.5247,33.0582,32.5811,32.1032,31.6361,31.1911,30.7763,30.3957,30.0495,29.7357,29.4512,29.1925,28.9563,28.7398,28.5402,28.3556,28.1839,28.0237,27.8737,27.7328,27.5999,27.4742,27.3551,27.242,27.1342,27.0314,26.9332,26.839,26.7487,26.662,26.5786,26.4982,26.4207,26.3459,26.2736,26.2036,26.1359,26.0702,26.0065,25.9447,25.8846,25.8262,25.7694,25.714,25.6601,25.6076,25.5564,25.5064,25.4576,25.41,25.3634,25.3179,25.2734,25.2298,25.1872,25.1455,25.1046,25.0646,25.0253,24.9868,24.9491,24.912,24.8757,24.8401,24.805,24.7706,24.7369,24.7037,24.671,24.639
41.9878,41.801,41.6117,41.4197,41.2251,41.0274,40.8268,40.6228,40.4154,40.2043,39.9892,39.7699,39.5462,39.3176,39.0838,38.8445,38.5991,38.3471,38.0881,37.8213,37.546,37.2614,36.9665,36.6604,36.3419,36.0096,35.6621,35.2979,34.9156,34.5137,34.0917,33.6499,33.1908,32.7196,32.2447,31.7771,31.3282,30.9069,30.5183,30.1637,29.8417,29.5496,29.2839,29.0416,28.8195,28.6151,28.4261,28.2506,28.0869,27.9338,27.7901,27.6547,27.5267,27.4055,27.2905,27.181,27.0765,26.9767,26.8812,26.7896,26.7017,26.6172,26.5357,26.4573,26.3815,26.3083,26.2375,26.169,26.1026,26.0382,25.9756,25.9149,25.8559,25.7985,25.7426,25.6882,25.6352,25.5835,25.533,25.4838,25.4357,25.3887,25.3428,25.2979,25.254,25.211,25.1689,25.1277,25.0874,25.0478,25.009,24.971,24.9337,24.8971,24.8611,24.8259,24.7912,24.7572,24.7238,24.6909,24.6586
42.0232,41.837,41.6484,41.4573,41.2634,41.0666,40.8669,40.6639,40.4575,40.2475,40.0336,39.8156,39.5932,39.3661,39.134,38.8963,38.6528,38.4029,38.146,37.8817,37.6091,37.3275,37.036,36.7336,36.4192,36.0915,35.7492,35.3909,35.0151,34.6204,34.2061,33.7722,33.3206,32.8555,32.3845,31.9175,31.4657,31.0387,30.6426,30.2798,29.9496,29.6498,29.3771,29.1284,28.9007,28.6912,28.4978,28.3183,28.1511,27.9948,27.8482,27.7102,27.5799,27.4566,27.3395,27.2282,27.1221,27.0208,26.9239,26.831,26.7418,26.6561,26.5736,26.4941,26.4174,26.3433,26.2717,26.2023,26.1352,26.07,26.0068,25.9455,25.8858,25.8278,25.7714,25.7164,25.6629,25.6107,25.5598,25.5101,25.4616,25.4142,25.3679,25.3226,25.2783,25.2349,25.1925,25.151,25.1103,25.0704,25.0313,24.993,24.9554,24.9185,24.8823,24.8468,24.8119,24.7776,24.7439,24.7109,24.6783
42.0583,41.8728,41.685,41.4946,41.3015,41.1056,40.9067,40.7047,40.4994,40.2904,40.0777,39.861,39.6399,39.4142,39.1836,38.9477,38.706,38.458,38.2034,37.9414,37.6714,37.3927,37.1044,36.8056,36.4951,36.172,35.8347,35.482,35.1124,34.7246,34.3177,33.8916,33.4475,32.9889,32.5223,32.0568,31.6032,31.1714,30.7684,30.3977,30.0595,29.7519,29.472,29.2168,28.9833,28.7687,28.5707,28.3871,28.2163,28.0567,27.9071,27.7665,27.6338,27.5082,27.3892,27.276,27.1682,27.0653,26.9669,26.8727,26.7823,26.6954,26.6118,26.5312,26.4536,26.3786,26.3061,26.2359,26.168,26.1021,26.0383,25.9762,25.916,25.8574,25.8004,25.7449,25.6908,25.6381,25.5867,25.5365,25.4876,25.4398,25.3931,25.3474,25.3027,25.259,25.2162,25.1743,25.1333,25.0931,25.0537,25.0151,24.9772,24.9401,24.9036,24.8678,24.8326,24.7981,24.7642,24.7309,24.6981
42.0933,41.9085,41.7213,41.5317,41.3394,41.1444,40.9464,40.7453,40.5409,40.3331,40.1215,39.906,39.6862,39.462,39.2329,38.9985,38.7586,38.5126,38.2601,38.0004,37.7329,37.457,37.1718,36.8764,36.5699,36.251,35.9185,35.5712,35.2076,34.8264,34.4267,34.0081,33.5715,33.1197,32.6581,32.195,31.7405,31.3047,30.8956,30.5173,30.1712,29.8558,29.5687,29.307,29.0675,28.8476,28.6449,28.4571,28.2825,28.1196,27.967,27.8235,27.6883,27.5605,27.4394,27.3244,27.2148,27.1103,27.0104,26.9148,26.8231,26.735,26.6503,26.5687,26.4901,26.4141,26.3408,26.2698,26.2011,26.1345,26.0699,26.0072,25.9463,25.8871,25.8295,25.7735,25.7189,25.6657,25.6138,25.5632,25.5138,25.4655,25.4184,25.3723,25.3273,25.2832,25.24,25.1978,25.1565,25.1159,25.0762,25.0373,24.9991,24.9617,24.925,24.8889,24.8535,24.8187,24.7846,24.751,24.718
42.1281,41.944,41.7575,41.5686,41.3771,41.1829,40.9858,40.7856,40.5822,40.3754,40.165,39.9507,39.7322,39.5093,39.2817,39.0489,38.8108,38.5666,38.3161,38.0587,37.7937,37.5205,37.2383,36.9463,36.6434,36.3287,36.0008,35.6587,35.3008,34.926,34.5332,34.122,33.6927,33.2477,32.7916,32.3316,31.8772,31.4385,31.0238,30.6385,30.2847,29.9616,29.6672,29.3988,29.1533,28.9279,28.7203,28.5282,28.3498,28.1834,28.0276,27.8814,27.7437,27.6135,27.4903,27.3733,27.262,27.1558,27.0544,26.9574,26.8644,26.7751,26.6892,26.6066,26.5269,26.45,26.3758,26.3039,26.2344,26.1671,26.1018,26.0384,25.9769,25.917,25.8589,25.8022,25.7471,25.6934,25.641,25.5899,25.5401,25.4914,25.4439,25.3974,25.3519,25.3075,25.264,25.2214,25.1797,25.1389,25.0989,25.0596,25.0212,24.9834,24.9464,24.9101,24.8744,24.8394,24.805,24.7712,24.738
42.1627,41.9793,41.7935,41.6053,41.4146,41.2212,41.0249,40.8257,40.6233,40.4175,40.2082,39.995,39.7778,39.5562,39.3301,39.0989,38.8624,38.6201,38.3716,38.1164,37.8538,37.5832,37.3039,37.0151,36.7158,36.4051,36.0817,35.7444,35.3921,35.0234,34.6373,34.2332,33.8112,33.3731,32.9228,32.4665,32.0131,31.5723,31.1529,30.7612,30.3999,30.0692,29.7675,29.4922,29.2405,29.0097,28.7971,28.6006,28.4181,28.2482,28.0892,27.9401,27.7997,27.6672,27.5418,27.4228,27.3097,27.2018,27.0989,27.0004,26.906,26.8155,26.7285,26.6447,26.564,26.4862,26.411,26.3384,26.268,26.1999,26.1339,26.0698,26.0076,25.9472,25.8884,25.8312,25.7755,25.7213,25.6684,25.6169,25.5666,25.5174,25.4695,25.4226,25.3768,25.3319,25.2881,25.2451,25.2031,25.1619,25.1216,25.0821,25.0433,25.0053,24.968,24.9314,24.8954,24.8602,24.8255,24.7915,24.758
42.1972,42.0144,41.8293,41.6419,41.4519,41.2593,41.0639,40.8655,40.6641,40.4593,40.251,40.039,39.823,39.6028,39.3781,39.1484,38.9136,38.6731,38.4266,38.1734,37.9132,37.6452,37.3687,37.083,36.7871,36.4802,36.1611,35.8286,35.4816,35.1188,34.7391,34.3419,33.927,33.4959,33.0515,32.5996,32.1479,31.706,31.2827,30.885,30.5166,30.1785,29.8695,29.5874,29.3294,29.0929,28.8752,28.6741,28.4876,28.3139,28.1517,27.9996,27.8565,27.7216,27.594,27.4729,27.3579,27.2484,27.1438,27.0439,26.9481,26.8563,26.7681,26.6832,26.6015,26.5227,26.4466,26.373,26.3019,26.233,26.1662,26.1015,26.0386,25.9775,25.9182,25.8604,25.8042,25.7494,25.696,25.644,25.5932,25.5436,25.4952,25.4479,25.4017,25.3565,25.3123,25.269,25.2266,25.1851,25.1444,25.1046,25.0655,25.0272,24.9896,24.9528,24.9166,24.881,24.8461,24.8119,24.7782
42.2315,42.0494,41.865,41.6782,41.489,41.2972,41.1026,40.9051,40.7046,40.5008,40.2936,40.0827,39.868,39.649,39.4257,39.1975,38.9643,38.7256,38.4809,38.2299,37.9719,37.7063,37.4326,37.1499,36.8574,36.5541,36.2392,35.9113,35.5694,35.2122,34.8387,34.4481,34.0402,33.6159,33.1778,32.7306,32.2814,31.8392,31.4129,31.0099,30.6349,30.2895,29.9733,29.6842,29.4199,29.1775,28.9546,28.7488,28.5581,28.3807,28.2151,28.06,27.9141,27.7767,27.6468,27.5237,27.4067,27.2954,27.1892,27.0878,26.9907,26.8975,26.8081,26.7221,26.6393,26.5595,26.4824,26.408,26.336,26.2664,26.1988,26.1334,26.0698,26.0081,25.9481,25.8897,25.833,25.7777,25.7238,25.6712,25.62,25.57,25.5211,25.4734,25.4268,25.3812,25.3366,25.293,25.2502,25.2084,25.1674,25.1272,25.0879,25.0493,25.0114,24.9742,24.9378,24.902,24.8668,24.8323,24.7984
42.2657,42.0842,41.9004,41.7144,41.5259,41.3348,41.1411,40.9445,40.7449,40.5421,40.3359,40.1261,39.9126,39.6949,39.4729,39.2462,39.0146,38.7775,38.5347,38.2857,38.0299,37.7668,37.4957,37.2159,36.9266,36.6269,36.3159,35.9925,35.6554,35.3037,34.9362,34.552,34.1509,33.7334,33.3016,32.8595,32.4135,31.9718,31.5432,31.1357,30.7545,30.4021,30.0787,29.7827,29.5119,29.2637,29.0354,28.8248,28.6298,28.4486,28.2795,28.1212,27.9725,27.8325,27.7003,27.575,27.4561,27.343,27.2352,27.1322,27.0336,26.9391,26.8485,26.7613,26.6774,26.5966,26.5186,26.4433,26.3704,26.3,26.2317,26.1655,26.1012,26.0389,25.9782,25.9193,25.8619,25.8061,25.7517,25.6987,25.6469,25.5965,25.5472,25.499,25.452,25.406,25.361,25.317,25.274,25.2318,25.1905,25.15,25.1103,25.0714,25.0333,24.9958,24.9591,24.923,24.8876,24.8529,24.8187
42.2997,42.1188,41.9357,41.7504,41.5626,41.3723,41.1794,40.9836,40.7849,40.5831,40.3779,40.1693,39.9568,39.7404,39.5197,39.2945,39.0644,38.829,38.588,38.3409,38.0873,37.8265,37.558,37.281,36.9948,36.6986,36.3914,36.0722,35.7399,35.3934,35.0316,34.6537,34.2592,33.8484,33.4229,32.9862,32.5439,32.1034,31.6734,31.262,30.8752,30.5162,30.1857,29.8829,29.6055,29.3513,29.1176,28.9021,28.7027,28.5175,28.3448,28.1833,28.0317,27.8891,27.7544,27.627,27.5061,27.3911,27.2816,27.177,27.077,26.9812,26.8892,26.8009,26.7159,26.634,26.5551,26.4788,26.4051,26.3338,26.2648,26.1978,26.1329,26.0698,26.0086,25.9491,25.8911,25.8347,25.7798,25.7263,25.6741,25.6231,25.5734,25.5248,25.4774,25.431,25.3856,25.3413,25.2978,25.2553,25.2137,25.1729,25.1329,25.0937,25.0552,25.0175,24.9805,24.9442,24.9085,24.8735,24.8391
42.3336,42.1533,41.9708,41.7862,41.5991,41.4096,41.2174,41.0225,40.8247,40.6238,40.4197,40.2121,40.0008,39.7856,39.5662,39.3424,39.1137,38.88,38.6408,38.3956,38.144,37.8855,37.6195,37.3453,37.0621,36.7692,36.4657,36.1506,35.8229,35.4814,35.1252,34.7532,34.3651,33.9609,33.5418,33.1107,32.6724,32.2339,31.8033,31.3888,30.9969,30.6316,30.2943,29.9846,29.7007,29.4404,29.2012,28.9807,28.7767,28.5874,28.4111,28.2463,28.0918,27.9464,27.8093,27.6796,27.5567,27.4398,27.3285,27.2223,27.1208,27.0236,26.9304,26.8409,26.7547,26.6718,26.5919,26.5147,26.4401,26.3679,26.2981,26.2304,26.1648,26.101,26.0392,25.979,25.9205,25.8635,25.8081,25.754,25.7013,25.6499,25.5997,25.5507,25.5029,25.4561,25.4103,25.3656,25.3218,25.2789,25.237,25.1958,25.1555,25.116,25.0773,25.0393,25.002,24.9654,24.9295,24.8942,24.8596
42.3673,42.1876,42.0058,41.8218,41.6354,41.4467,41.2553,41.0612,40.8643,40.6643,40.4611,40.2546,40.0444,39.8304,39.6123,39.3898,39.1627,38.9306,38.6931,38.4497,38.2002,37.9439,37.6803,37.4087,37.1285,36.8388,36.5389,36.2277,35.9044,35.5677,35.2168,34.8507,34.4688,34.071,33.6582,33.2329,32.7991,32.3631,31.9327,31.5158,31.1195,30.7483,30.4044,30.0879,29.7975,29.5311,29.2862,29.0605,28.852,28.6585,28.4785,28.3103,28.1527,28.0045,27.8649,27.7329,27.6078,27.489,27.376,27.2681,27.1651,27.0665,26.972,26.8812,26.7939,26.7099,26.6289,26.5508,26.4753,26.4023,26.3317,26.2632,26.1969,26.1325,26.0699,26.0092,25.9501,25.8925,25.8365,25.782,25.7288,25.6769,25.6262,25.5768,25.5285,25.4813,25.4352,25.3901,25.3459,25.3027,25.2604,25.2189,25.1783,25.1385,25.0994,25.0612,25.0236,24.9867,24.9505,24.915,24.8801
42.4008,42.2218,42.0406,41.8572,41.6716,41.4835,41.2929,41.0997,40.9036,40.7046,40.5024,40.2968,40.0877,39.8749,39.6581,39.4369,39.2112,38.9807,38.7448,38.5033,38.2558,38.0016,37.7404,37.4714,37.194,36.9074,36.6109,36.3036,35.9844,35.6525,35.3067,34.9461,34.5702,34.1787,33.7722,33.3527,32.9237,32.4908,32.0612,31.6428,31.2426,30.866,30.5159,30.1928,29.8959,29.6232,29.3726,29.1417,28.9285,28.7307,28.5468,28.3752,28.2144,28.0634,27.9212,27.7868,27.6596,27.5389,27.424,27.3145,27.2099,27.1098,27.0139,26.9219,26.8335,26.7484,26.6664,26.5872,26.5109,26.437,26.3655,26.2963,26.2292,26.1641,26.1009,26.0395,25.9798,25.9217,25.8652,25.8101,25.7564,25.704,25.6529,25.603,25.5543,25.5067,25.4602,25.4147,25.3701,25.3266,25.2839,25.2421,25.2012,25.1611,25.1217,25.0831,25.0453,25.0082,24.9717,24.9359,24.9008
42.4343,42.2558,42.0752,41.8925,41.7076,41.5202,41.3304,41.1379,40.9427,40.7445,40.5433,40.3388,40.1308,39.9191,39.7035,39.4837,39.2594,39.0303,38.7961,38.5564,38.3108,38.0587,37.7997,37.5332,37.2586,36.9751,36.6819,36.3783,36.0632,35.7357,35.3948,35.0397,34.6696,34.2842,33.8839,33.4703,33.0463,32.617,32.1888,31.7695,31.3662,30.9848,30.6287,30.2991,29.9957,29.7168,29.4604,29.2243,29.0062,28.8041,28.6162,28.441,28.277,28.1231,27.9783,27.8415,27.712,27.5893,27.4725,27.3613,27.2551,27.1536,27.0563,26.963,26.8734,26.7871,26.7041,26.624,26.5467,26.4719,26.3996,26.3296,26.2618,26.196,26.1321,26.0701,26.0098,25.9511,25.894,25.8384,25.7841,25.7313,25.6797,25.6294,25.5802,25.5322,25.4853,25.4394,25.3945,25.3506,25.3076,25.2654,25.2242,25.1837,25.1441,25.1052,25.0671,25.0297,24.993,24.9569,24.9215
42.4675,42.2896,42.1097,41.9276,41.7433,41.5567,41.3676,41.176,40.9816,40.7843,40.584,40.3805,40.1735,39.963,39.7485,39.53,39.3071,39.0795,38.847,38.609,38.3652,38.1152,37.8584,37.5944,37.3224,37.0418,36.7519,36.4518,36.1406,35.8174,35.4813,35.1314,34.7669,34.3875,33.9933,33.5855,33.1668,32.7414,32.3153,31.8957,31.49,31.1043,30.7426,30.4068,30.097,29.8119,29.5497,29.3082,29.0851,28.8786,28.6867,28.5078,28.3406,28.1837,28.0361,27.8968,27.7651,27.6402,27.5216,27.4086,27.3008,27.1978,27.0991,27.0045,26.9137,26.8263,26.7422,26.6611,26.5828,26.5072,26.434,26.3632,26.2946,26.2281,26.1635,26.1009,26.0399,25.9807,25.923,25.8668,25.8121,25.7587,25.7067,25.6559,25.6063,25.5579,25.5105,25.4643,25.419,25.3747,25.3313,25.2889,25.2473,25.2065,25.1666,25.1274,25.089,25.0513,25.0143,24.978,24.9423
42.5007,42.3233,42.144,41.9626,41.7789,41.593,41.4047,41.2138,41.0202,40.8238,40.6244,40.4219,40.216,40.0065,39.7933,39.576,39.3545,39.1284,38.8973,38.661,38.4191,38.1711,37.9165,37.6548,37.3854,37.1076,36.8208,36.5241,36.2168,35.8978,35.5663,35.2214,34.8623,34.4887,34.1004,33.6985,33.2851,32.8639,32.4404,32.0213,31.6138,31.2244,30.8575,30.5158,30.1998,29.9085,29.6404,29.3934,29.1653,28.9542,28.7582,28.5756,28.405,28.245,28.0946,27.9529,27.8188,27.6919,27.5712,27.4565,27.347,27.2424,27.1423,27.0464,26.9543,26.8658,26.7806,26.6984,26.6192,26.5427,26.4687,26.3971,26.3277,26.2604,26.1952,26.1318,26.0703,26.0104,25.9522,25.8954,25.8402,25.7863,25.7338,25.6826,25.6325,25.5837,25.5359,25.4893,25.4436,25.3989,25.3552,25.3124,25.2705,25.2294,25.1892,25.1497,25.111,25.073,25.0357,24.9992,24.9632
42.5336,42.3569,42.1781,41.9973,41.8144,41.6292,41.4415,41.2514,41.0586,40.8631,40.6646,40.463,40.2581,40.0498,39.8377,39.6217,39.4015,39.1768,38.9473,38.7126,38.4725,38.2264,37.9739,37.7145,37.4476,37.1726,36.8888,36.5954,36.2917,35.9768,35.6497,35.3097,34.9559,34.5878,34.2054,33.8093,33.4013,32.9846,32.5641,32.146,31.7375,31.3449,30.9734,30.626,30.3039,30.0065,29.7325,29.48,29.2468,29.0311,28.8308,28.6444,28.4703,28.3072,28.154,28.0096,27.8732,27.7441,27.6215,27.5049,27.3937,27.2875,27.186,27.0887,26.9953,26.9056,26.8193,26.7361,26.6559,26.5785,26.5036,26.4312,26.361,26.293,26.2271,26.163,26.1008,26.0404,25.9815,25.9243,25.8685,25.8141,25.7611,25.7094,25.6589,25.6096,25.5615,25.5144,25.4683,25.4233,25.3792,25.3361,25.2938,25.2524,25.2118,25.1721,25.1331,25.0948,25.0573,25.0204,24.9842
42.5665,42.3903,42.2121,42.032,41.8496,41.6651,41.4782,41.2888,41.0969,40.9022,40.7046,40.5039,40.3,40.0927,39.8818,39.667,39.4481,39.2248,38.9968,38.7637,38.5253,38.2811,38.0307,37.7735,37.509,37.2367,36.9558,36.6657,36.3655,36.0545,35.7317,35.3963,35.0476,34.685,34.3083,33.9179,33.5153,33.1033,32.6862,32.2698,31.8607,31.4656,31.09,30.7373,30.4093,30.1059,29.826,29.5679,29.3296,29.1091,28.9046,28.7143,28.5366,28.3703,28.2142,28.0671,27.9283,27.7969,27.6723,27.5538,27.4409,27.3331,27.2301,27.1314,27.0368,26.9458,26.8584,26.7742,26.6929,26.6145,26.5388,26.4655,26.3946,26.3258,26.2592,26.1945,26.1316,26.0705,26.0111,25.9533,25.897,25.8421,25.7886,25.7364,25.6854,25.6357,25.5871,25.5396,25.4932,25.4478,25.4034,25.3599,25.3173,25.2755,25.2346,25.1946,25.1553,25.1167,25.0789,25.0418,25.0053
42.5992,42.4235,42.246,42.0664,41.8847,41.7009,41.5147,41.326,41.1349,40.941,40.7443,40.5445,40.3417,40.1354,39.9256,39.712,39.4943,39.2724,39.0458,38.8144,38.5777,38.3353,38.0869,37.8319,37.5698,37.3,37.022,36.735,36.4382,36.1309,35.8123,35.4814,35.1376,34.7803,34.4091,34.0243,33.6272,33.2201,32.8067,32.3923,31.9834,31.5865,31.2072,30.8496,30.5159,30.2066,29.9209,29.6572,29.4136,29.1884,28.9794,28.7851,28.6039,28.4343,28.2752,28.1254,27.9841,27.8504,27.7237,27.6033,27.4886,27.3792,27.2747,27.1746,27.0786,26.9864,26.8978,26.8125,26.7303,26.6509,26.5743,26.5001,26.4284,26.3589,26.2915,26.2261,26.1626,26.1009,26.0409,25.9825,25.9256,25.8702,25.8162,25.7635,25.7121,25.6619,25.6129,25.565,25.5182,25.4724,25.4276,25.3838,25.3408,25.2988,25.2576,25.2172,25.1776,25.1387,25.1006,25.0632,25.0265
42.6318,42.4567,42.2797,42.1007,41.9197,41.7365,41.551,41.3631,41.1727,40.9796,40.7837,40.5849,40.383,40.1778,39.969,39.7566,39.5402,39.3196,39.0945,38.8646,38.6295,38.389,38.1425,37.8896,37.6298,37.3626,37.0873,36.8033,36.5098,36.2062,35.8915,35.565,35.226,34.8737,34.5079,34.1287,33.737,33.3348,32.9254,32.5136,32.1054,31.7072,31.3248,30.9627,30.6237,30.3086,30.0171,29.7478,29.499,29.2688,29.0554,28.8571,28.6721,28.4992,28.337,28.1844,28.0406,27.9046,27.7757,27.6533,27.5368,27.4258,27.3197,27.2181,27.1208,27.0274,26.9376,26.8512,26.7679,26.6876,26.61,26.535,26.4625,26.3922,26.3241,26.258,26.1938,26.1314,26.0708,26.0118,25.9544,25.8985,25.844,25.7908,25.739,25.6883,25.6389,25.5906,25.5434,25.4972,25.452,25.4078,25.3645,25.3221,25.2806,25.2399,25.2,25.1608,25.1224,25.0848,25.0478
42.6642,42.4896,42.3132,42.1349,41.9544,41.7719,41.5871,41.3999,41.2102,41.018,40.823,40.6251,40.4241,40.2199,40.0122,39.8009,39.5857,39.3664,39.1427,38.9144,38.6809,38.4421,38.1975,37.9467,37.6891,37.4244,37.1517,36.8707,36.5804,36.2803,35.9695,35.6472,35.3127,34.9654,34.6048,34.2311,33.8448,33.4476,33.0424,32.6335,32.2265,31.8276,31.4427,31.0766,30.7325,30.4119,30.1146,29.8397,29.5856,29.3505,29.1326,28.9301,28.7413,28.5649,28.3996,28.2442,28.0978,27.9594,27.8283,27.7039,27.5856,27.4728,27.3651,27.2621,27.1634,27.0688,26.9778,26.8902,26.8059,26.7246,26.6461,26.5702,26.4968,26.4257,26.3569,26.29,26.2252,26.1622,26.101,26.0414,25.9834,25.927,25.8719,25.8183,25.7659,25.7149,25.665,25.6163,25.5686,25.5221,25.4765,25.4319,25.3883,25.3456,25.3037,25.2627,25.2225,25.183,25.1444,25.1064,25.0692
42.6965,42.5225,42.3466,42.1688,41.989,41.8071,41.623,41.4365,41.2476,41.0562,40.862,40.665,40.4649,40.2617,40.0551,39.8449,39.631,39.4129,39.1906,38.9637,38.7318,38.4947,38.252,38.0032,37.7478,37.4854,37.2154,36.9371,36.65,36.3532,36.0462,35.728,35.3979,35.0554,34.6999,34.3314,33.9504,33.5583,33.1575,32.7519,32.3466,31.9475,31.5606,31.191,30.8422,30.5162,30.2134,29.9329,29.6735,29.4334,29.2109,29.0041,28.8115,28.6316,28.4631,28.3048,28.1557,28.0149,27.8816,27.7552,27.6349,27.5204,27.4111,27.3066,27.2065,27.1105,27.0183,26.9296,26.8442,26.7619,26.6824,26.6057,26.5314,26.4595,26.3899,26.3224,26.2568,26.1932,26.1313,26.0712,26.0126,25.9556,25.9001,25.8459,25.7931,25.7416,25.6912,25.6421,25.594,25.5471,25.5011,25.4562,25.4122,25.3691,25.3269,25.2856,25.2451,25.2054,25.1664,25.1282,25.0906
42.7287,42.5552,42.3799,42.2027,42.0235,41.8422,41.6587,41.473,41.2848,41.0941,40.9008,40.7046,40.5055,40.3033,40.0977,39.8886,39.6758,39.4591,39.2381,39.0126,38.7823,38.5469,38.3059,38.0591,37.8058,37.5457,37.2782,37.0027,36.7186,36.4251,36.1217,35.8074,35.4816,35.1437,34.7932,34.4299,34.0542,33.6671,33.2708,32.8687,32.4655,32.0668,31.6785,31.3058,30.9528,30.6217,30.3134,30.0274,29.7627,29.5176,29.2903,29.0793,28.8828,28.6993,28.5275,28.3662,28.2144,28.0711,27.9355,27.8069,27.6848,27.5685,27.4575,27.3515,27.25,27.1526,27.0592,26.9694,26.8829,26.7995,26.7191,26.6414,26.5663,26.4936,26.4232,26.3549,26.2887,26.2244,26.1619,26.1011,26.042,25.9844,25.9284,25.8737,25.8204,25.7684,25.7176,25.668,25.6196,25.5722,25.5259,25.4806,25.4362,25.3928,25.3503,25.3086,25.2678,25.2278,25.1885,25.15,25.1122
42.7607,42.5878,42.413,42.2364,42.0578,41.8771,41.6943,41.5092,41.3218,41.1319,40.9394,40.7441,40.5458,40.3445,40.14,39.932,39.7204,39.5048,39.2852,39.0611,38.8323,38.5985,38.3594,38.1144,37.8632,37.6054,37.3403,37.0675,36.7862,36.496,36.196,35.8856,35.5639,35.2305,34.8848,34.5265,34.1559,33.7739,33.3822,32.9839,32.5832,32.1853,31.7961,31.4209,31.064,30.7281,30.4145,30.1231,29.8531,29.6029,29.371,29.1555,28.955,28.7679,28.5927,28.4284,28.2738,28.1279,27.99,27.8594,27.7352,27.6171,27.5044,27.3968,27.2939,27.1952,27.1005,27.0094,26.9218,26.8374,26.756,26.6774,26.6014,26.5279,26.4567,26.3877,26.3208,26.2558,26.1926,26.1313,26.0715,26.0134,25.9568,25.9017,25.8479,25.7954,25.7442,25.6941,25.6453,25.5975,25.5508,25.5051,25.4604,25.4166,25.3738,25.3318,25.2906,25.2503,25.2107,25.1719,25.1339
42.7926,42.6202,42.446,42.2699,42.0919,41.9119,41.7297,41.5453,41.3586,41.1695,40.9777,40.7832,40.5859,40.3856,40.182,39.9751,39.7646,39.5503,39.3319,39.1092,38.8819,38.6497,38.4123,38.1692,37.92,37.6643,37.4016,37.1314,36.853,36.5658,36.2692,35.9625,35.6449,35.3158,34.9747,34.6214,34.2558,33.8787,33.4917,33.0973,32.6995,32.303,31.9134,31.5361,31.1757,30.8354,30.5167,30.22,29.9447,29.6895,29.4527,29.2329,29.0283,28.8374,28.6589,28.4914,28.334,28.1855,28.0452,27.9124,27.7862,27.6662,27.5518,27.4426,27.3382,27.2381,27.1421,27.0499,26.9612,26.8757,26.7933,26.7137,26.6368,26.5625,26.4905,26.4207,26.3531,26.2874,26.2236,26.1616,26.1013,26.0426,25.9855,25.9298,25.8755,25.8225,25.7709,25.7204,25.6711,25.6229,25.5758,25.5298,25.4847,25.4406,25.3974,25.355,25.3136,25.2729,25.2331,25.194,25.1556
42.8244,42.6525,42.4788,42.3033,42.1259,41.9464,41.7649,41.5812,41.3952,41.2068,41.0159,40.8222,40.6258,40.4264,40.2238,40.0179,39.8085,39.5954,39.3783,39.1569,38.9311,38.7005,38.4647,38.2234,37.9762,37.7226,37.4623,37.1945,36.9189,36.6347,36.3414,36.0382,35.7245,35.3996,35.063,34.7144,34.3538,33.9817,33.5994,33.2091,32.8143,32.4196,32.0301,31.6513,31.2879,30.9434,30.6199,30.3181,30.0375,29.7772,29.5357,29.3114,29.1026,28.9079,28.7259,28.5553,28.3949,28.2438,28.1011,27.966,27.8378,27.7159,27.5998,27.4889,27.383,27.2815,27.1842,27.0907,27.0008,26.9143,26.8308,26.7503,26.6725,26.5973,26.5245,26.454,26.3856,26.3192,26.2548,26.1921,26.1312,26.072,26.0143,25.9581,25.9033,25.8498,25.7977,25.7468,25.6971,25.6485,25.601,25.5545,25.5091,25.4646,25.4211,25.3784,25.3366,25.2956,25.2555,25.2161,25.1775
42.8561,42.6847,42.5115,42.3365,42.1597,41.9809,41.8,41.617,41.4317,41.244,41.0538,40.861,40.6654,40.4669,40.2653,40.0604,39.8521,39.6401,39.4243,39.2043,38.9798,38.7507,38.5166,38.2771,38.0318,37.7803,37.5222,37.2569,36.9839,36.7027,36.4125,36.1127,35.8028,35.482,35.1498,34.8059,34.4501,34.0828,33.7052,33.3191,32.9277,32.5351,32.1462,31.7663,31.4004,31.0521,30.724,30.4172,30.1315,29.8661,29.6198,29.3909,29.178,28.9795,28.7939,28.62,28.4567,28.3029,28.1577,28.0203,27.89,27.7661,27.6482,27.5357,27.4282,27.3253,27.2266,27.1319,27.0408,26.9532,26.8687,26.7872,26.7085,26.6324,26.5588,26.4875,26.4183,26.3513,26.2862,26.2229,26.1614,26.1015,26.0433,25.9865,25.9312,25.8773,25.8247,25.7733,25.7232,25.6742,25.6263,25.5794,25.5336,25.4888,25.4449,25.4019,25.3598,25.3185,25.278,25.2383,25.1994
42.8876,42.7167,42.5441,42.3696,42.1934,42.0151,41.8349,41.6525,41.4679,41.2809,41.0915,40.8995,40.7048,40.5071,40.3065,40.1027,39.8954,39.6846,39.4699,39.2512,39.0282,38.8006,38.568,38.3302,38.0868,37.8374,37.5814,37.3185,37.0481,36.7697,36.4826,36.1862,35.8799,35.563,35.2351,34.8956,34.5446,34.1821,33.8092,33.4274,33.0395,32.6493,32.2614,31.881,31.513,31.1614,30.829,30.5173,30.2266,29.9562,29.705,29.4716,29.2544,29.052,28.8628,28.6856,28.5193,28.3627,28.2149,28.0752,27.9427,27.8169,27.6971,27.5829,27.4739,27.3695,27.2695,27.1735,27.0812,26.9924,26.9069,26.8244,26.7448,26.6678,26.5933,26.5212,26.4513,26.3836,26.3178,26.2538,26.1917,26.1313,26.0725,26.0152,25.9594,25.9049,25.8518,25.8,25.7494,25.7,25.6517,25.6045,25.5583,25.5131,25.4688,25.4255,25.383,25.3414,25.3007,25.2607,25.2215
42.919,42.7486,42.5765,42.4026,42.2269,42.0493,41.8696,41.6879,41.5039,41.3177,41.129,40.9378,40.7439,40.5472,40.3475,40.1446,39.9384,39.7287,39.5152,39.2978,39.0761,38.85,38.619,38.3829,38.1413,37.8938,37.64,37.3794,37.1116,36.8358,36.5517,36.2586,35.9558,35.6427,35.3189,34.9839,34.6374,34.2796,33.9113,33.5339,33.1497,32.7622,32.3758,31.9952,31.6256,31.271,30.9347,30.6184,30.3228,30.0474,29.7914,29.5534,29.3319,29.1255,28.9326,28.7521,28.5826,28.4232,28.2729,28.1308,27.9961,27.8683,27.7466,27.6307,27.52,27.4141,27.3127,27.2154,27.1219,27.032,26.9454,26.8619,26.7813,26.7035,26.6282,26.5552,26.4846,26.4161,26.3496,26.285,26.2223,26.1612,26.1018,26.044,25.9877,25.9327,25.8792,25.8269,25.7758,25.726,25.6773,25.6296,25.583,25.5375,25.4929,25.4492,25.4064,25.3645,25.3234,25.2831,25.2436
42.9503,42.7804,42.6088,42.4354,42.2603,42.0832,41.9042,41.7231,41.5398,41.3543,41.1663,40.9759,40.7828,40.587,40.3882,40.1863,39.9811,39.7725,39.5602,39.344,39.1237,38.899,38.6695,38.4351,38.1953,37.9497,37.698,37.4396,37.1742,36.9011,36.6199,36.3299,36.0305,35.7212,35.4014,35.0706,34.7286,34.3754,34.0117,33.6387,33.2583,32.8738,32.4891,32.1089,31.738,31.3809,31.041,30.7203,30.4199,30.1397,29.8789,29.6363,29.4104,29.2,29.0034,28.8194,28.6468,28.4845,28.3315,28.187,28.0501,27.9202,27.7966,27.6789,27.5666,27.4592,27.3564,27.2578,27.1631,27.072,26.9843,26.8998,26.8182,26.7394,26.6632,26.5895,26.5181,26.4488,26.3816,26.3164,26.253,26.1914,26.1314,26.073,26.0161,25.9607,25.9066,25.8539,25.8024,25.7521,25.703,25.6549,25.608,25.562,25.517,25.473,25.4299,25.3876,25.3462,25.3057,25.2659
42.9815,42.812,42.6409,42.4681,42.2935,42.117,41.9386,41.7581,41.5755,41.3907,41.2035,41.0138,40.8215,40.6265,40.4286,40.2277,40.0236,39.816,39.6049,39.3899,39.1709,38.9476,38.7196,38.4868,38.2487,38.005,37.7553,37.4992,37.2361,36.9656,36.6872,36.4002,36.1042,35.7984,35.4825,35.1558,34.8182,34.4696,34.1104,33.7417,33.3653,32.9839,32.6013,32.2218,31.8502,31.491,31.1478,30.8231,30.5181,30.2331,29.9675,29.7202,29.49,29.2755,29.0751,28.8877,28.7119,28.5466,28.3909,28.2439,28.1047,27.9727,27.8472,27.7277,27.6137,27.5048,27.4005,27.3005,27.2045,27.1123,27.0235,26.9379,26.8554,26.7756,26.6986,26.624,26.5518,26.4818,26.4139,26.348,26.2839,26.2217,26.1611,26.1022,26.0448,25.9888,25.9342,25.881,25.8291,25.7783,25.7288,25.6804,25.633,25.5867,25.5413,25.4969,25.4535,25.4109,25.3692,25.3283,25.2882
43.0126,42.8436,42.673,42.5007,42.3266,42.1507,41.9729,41.793,41.611,41.4269,41.2404,41.0515,40.86,40.6658,40.4688,40.2689,40.0657,39.8592,39.6492,39.4355,39.2177,38.9958,38.7693,38.538,38.3016,38.0598,37.812,37.558,37.2973,37.0293,36.7536,36.4696,36.1767,35.8745,35.5623,35.2396,34.9062,34.5621,34.2074,33.843,33.4706,33.0926,32.7123,32.3339,31.962,31.6011,31.255,30.9265,30.6171,30.3274,30.0571,29.8053,29.5707,29.352,29.1478,28.9568,28.7778,28.6095,28.4511,28.3015,28.16,28.0258,27.8983,27.777,27.6613,27.5507,27.445,27.3436,27.2464,27.1529,27.063,26.9764,26.8928,26.8121,26.7342,26.6588,26.5858,26.515,26.4464,26.3798,26.3151,26.2522,26.191,26.1315,26.0736,26.0171,25.962,25.9083,25.8559,25.8047,25.7548,25.7059,25.6582,25.6114,25.5657,25.521,25.4772,25.4343,25.3923,25.3511,25.3107
43.0435,42.875,42.7049,42.5331,42.3596,42.1842,42.007,41.8277,41.6464,41.4629,41.2771,41.089,40.8983,40.7049,40.5088,40.3098,40.1076,39.9022,39.6932,39.4807,39.2642,39.0436,38.8185,38.5888,38.3541,38.114,37.8682,37.6162,37.3577,37.0922,36.8191,36.538,36.2483,35.9494,35.6408,35.3221,34.9928,34.653,34.3027,33.9427,33.5743,33.1997,32.8221,32.4451,32.0733,31.7111,31.3625,31.0305,30.7169,30.4227,30.1478,29.8914,29.6524,29.4295,29.2215,29.0269,28.8445,28.6732,28.5119,28.3598,28.2159,28.0795,27.95,27.8268,27.7094,27.5972,27.4899,27.3872,27.2886,27.1939,27.1028,27.0151,26.9306,26.8489,26.7701,26.6938,26.62,26.5484,26.4791,26.4118,26.3464,26.2829,26.2212,26.1611,26.1026,26.0455,25.99,25.9358,25.8829,25.8313,25.7809,25.7316,25.6835,25.6364,25.5903,25.5452,25.501,25.4578,25.4154,25.3739,25.3332
43.0743,42.9063,42.7366,42.5654,42.3924,42.2176,42.0409,41.8623,41.6816,41.4988,41.3137,41.1262,40.9363,40.7438,40.5486,40.3504,40.1492,39.9448,39.737,39.5255,39.3103,39.091,38.8673,38.6391,38.406,38.1677,37.9237,37.6738,37.4175,37.1543,36.8839,36.6055,36.3188,36.0232,35.7181,35.4032,35.078,34.7423,34.3964,34.0406,33.6763,33.3054,32.9305,32.5553,32.184,31.8209,31.4702,31.135,30.8175,30.519,30.2395,29.9785,29.7351,29.508,29.2961,29.0978,28.9121,28.7377,28.5735,28.4187,28.2724,28.1338,28.0023,27.8771,27.7579,27.6441,27.5353,27.4312,27.3312,27.2353,27.1431,27.0542,26.9686,26.886,26.8062,26.7291,26.6545,26.5821,26.512,26.444,26.378,26.3138,26.2515,26.1908,26.1317,26.0742,26.0181,25.9634,25.9101,25.858,25.8071,25.7575,25.7089,25.6614,25.6149,25.5695,25.525,25.4814,25.4387,25.3969,25.3559
43.105,42.9374,42.7683,42.5975,42.425,42.2508,42.0747,41.8967,41.7166,41.5344,41.35,41.1633,40.9742,40.7825,40.588,40.3908,40.1905,39.9871,39.7804,39.5701,39.356,39.138,38.9158,38.689,38.4575,38.2208,37.9787,37.7308,37.4766,37.2158,36.9478,36.6722,36.3884,36.0959,35.7943,35.483,35.1617,34.8302,34.4885,34.137,33.7768,33.4095,33.0376,32.6644,32.294,31.9304,31.5779,31.2399,30.9188,30.616,30.3321,30.0666,29.8188,29.5876,29.3716,29.1697,28.9805,28.803,28.6359,28.4784,28.3296,28.1888,28.0551,27.928,27.807,27.6915,27.5812,27.4755,27.3743,27.2771,27.1836,27.0937,27.007,26.9234,26.8427,26.7647,26.6892,26.6161,26.5452,26.4765,26.4098,26.345,26.282,26.2207,26.1611,26.103,26.0464,25.9912,25.9374,25.8848,25.8335,25.7834,25.7345,25.6866,25.6397,25.5939,25.5491,25.5051,25.4621,25.4199,25.3786
43.1356,42.9685,42.7998,42.6295,42.4576,42.2839,42.1083,41.9309,41.7515,41.5699,41.3862,41.2002,41.0118,40.8209,40.6273,40.4309,40.2316,40.0292,39.8235,39.6143,39.4014,39.1847,38.9638,38.7385,38.5085,38.2735,38.0332,37.7872,37.5351,37.2765,37.0109,36.7379,36.457,36.1677,35.8693,35.5616,35.2441,34.9166,34.579,34.2317,33.8756,33.512,33.1433,32.7724,32.4031,32.0395,31.6856,31.3451,31.0206,30.7139,30.4256,30.1557,29.9036,29.6681,29.4482,29.2425,29.0499,28.8691,28.6991,28.5389,28.3875,28.2443,28.1085,27.9795,27.8566,27.7394,27.6275,27.5203,27.4177,27.3192,27.2245,27.1335,27.0457,26.9611,26.8794,26.8005,26.7242,26.6503,26.5786,26.5092,26.4418,26.3763,26.3127,26.2508,26.1906,26.132,26.0748,26.0191,25.9648,25.9118,25.8601,25.8095,25.7602,25.7119,25.6647,25.6185,25.5732,25.529,25.4856,25.4431,25.4015
43.1661,42.9994,42.8312,42.6614,42.49,42.3168,42.1418,41.965,41.7861,41.6053,41.4222,41.2369,41.0493,40.8591,40.6664,40.4709,40.2724,40.071,39.8663,39.6582,39.4465,39.231,39.0114,38.7875,38.559,38.3257,38.0871,37.843,37.5929,37.3365,37.0733,36.8029,36.5247,36.2384,35.9433,35.639,35.3252,35.0016,34.6681,34.3249,33.9728,33.613,33.2476,32.8792,32.5113,32.1479,31.7931,31.4504,31.1229,30.8124,30.52,30.2458,29.9893,29.7496,29.5257,29.3162,29.1201,28.936,28.763,28.6,28.4461,28.3005,28.1625,28.0314,27.9067,27.7878,27.6742,27.5656,27.4615,27.3617,27.2658,27.1736,27.0848,26.9991,26.9165,26.8366,26.7594,26.6847,26.6123,26.5421,26.474,26.4079,26.3436,26.2811,26.2203,26.1611,26.1035,26.0473,25.9925,25.939,25.8868,25.8358,25.786,25.7373,25.6897,25.6431,25.5975,25.5529,25.5092,25.4664,25.4245
43.1965,43.0302,42.8625,42.6932,42.5223,42.3496,42.1752,41.9989,41.8207,41.6404,41.458,41.2734,41.0865,40.8971,40.7052,40.5105,40.313,40.1125,39.9088,39.7018,39.4913,39.277,39.0587,38.8362,38.6092,38.3774,38.1405,37.8982,37.6501,37.3959,37.135,36.867,36.5916,36.3081,36.0162,35.7153,35.4051,35.0853,34.7557,34.4166,34.0685,33.7125,33.3504,32.9847,32.6186,32.2558,31.9003,31.5559,31.2256,30.9116,30.6152,30.3367,30.0759,29.8321,29.6041,29.3909,29.1911,29.0038,28.8277,28.6619,28.5054,28.3574,28.2171,28.084,27.9573,27.8366,27.7214,27.6113,27.5058,27.4046,27.3074,27.214,27.1241,27.0374,26.9538,26.873,26.7949,26.7194,26.6462,26.5753,26.5064,26.4396,26.3747,26.3116,26.2502,26.1905,26.1323,26.0755,26.0202,25.9663,25.9136,25.8622,25.812,25.7629,25.7149,25.6679,25.622,25.577,25.533,25.4898,25.4475
43.2267,43.061,42.8937,42.7249,42.5544,42.3823,42.2084,42.0327,41.855,41.6754,41.4937,41.3098,41.1236,40.9349,40.7438,40.55,40.3534,40.1538,39.9511,39.7451,39.5357,39.3226,39.1056,38.8844,38.6589,38.4286,38.1934,37.9529,37.7068,37.4546,37.1959,36.9304,36.6576,36.3769,36.088,35.7904,35.4837,35.1676,34.8419,34.5068,34.1627,33.8105,33.4518,33.0889,32.7247,32.3629,32.0071,31.6613,31.3285,31.0113,30.7111,30.4285,30.1635,29.9155,29.6835,29.4664,29.2631,29.0724,28.8932,28.7245,28.5653,28.4149,28.2724,28.1371,28.0085,27.886,27.7691,27.6574,27.5504,27.4479,27.3495,27.2549,27.1638,27.0761,26.9914,26.9097,26.8307,26.7543,26.6803,26.6086,26.5391,26.4716,26.406,26.3423,26.2803,26.22,26.1612,26.104,26.0482,25.9937,25.9406,25.8888,25.8381,25.7886,25.7402,25.6928,25.6465,25.6012,25.5568,25.5133,25.4707
43.2569,43.0915,42.9247,42.7564,42.5864,42.4148,42.2415,42.0663,41.8893,41.7102,41.5292,41.3459,41.1604,40.9725,40.7822,40.5892,40.3934,40.1948,39.9931,39.7882,39.5798,39.3679,39.1521,38.9323,38.7081,38.4794,38.2459,38.0071,37.7628,37.5126,37.2562,36.993,36.7227,36.4448,36.1589,35.8645,35.5612,35.2486,34.9267,34.5955,34.2553,33.9069,33.5518,33.1918,32.8298,32.4692,32.1135,31.7666,31.4317,31.1115,30.8076,30.5211,30.252,29.9998,29.7638,29.5429,29.3359,29.1419,28.9595,28.7879,28.626,28.473,28.3282,28.1908,28.0602,27.9359,27.8173,27.7039,27.5955,27.4916,27.3919,27.296,27.2038,27.115,27.0294,26.9467,26.8668,26.7895,26.7147,26.6423,26.572,26.5038,26.4375,26.3732,26.3106,26.2497,26.1904,26.1326,26.0763,26.0214,25.9678,25.9154,25.8643,25.8144,25.7656,25.7179,25.6712,25.6255,25.5808,25.5369,25.494
43.2869,43.122,42.9557,42.7878,42.6183,42.4472,42.2744,42.0998,41.9233,41.7449,41.5645,41.3819,41.1971,41.0099,40.8203,40.6282,40.4333,40.2355,40.0348,39.8309,39.6236,39.4128,39.1983,38.9797,38.757,38.5298,38.2978,38.0608,37.8183,37.5701,37.3158,37.0549,36.7871,36.5119,36.2288,35.9375,35.6375,35.3285,35.0102,34.6828,34.3465,34.0019,33.6502,33.2934,32.9338,32.5746,32.2193,31.8716,31.5349,31.212,30.9048,30.6145,30.3413,30.0851,29.845,29.6203,29.4097,29.2121,29.0266,28.852,28.6874,28.5319,28.3847,28.2451,28.1125,27.9863,27.8659,27.751,27.641,27.5357,27.4346,27.3376,27.2442,27.1543,27.0676,26.984,26.9031,26.825,26.7494,26.6761,26.6051,26.5362,26.4693,26.4043,26.341,26.2796,26.2197,26.1614,26.1045,26.0491,25.9951,25.9423,25.8907,25.8404,25.7912,25.7431,25.696,25.6499,25.6048,25.5607,25.5174
43.3169,43.1524,42.9865,42.8191,42.6501,42.4795,42.3072,42.1331,41.9572,41.7794,41.5996,41.4177,41.2336,41.0471,40.8583,40.6669,40.4729,40.276,40.0762,39.8733,39.6671,39.4574,39.2441,39.0268,38.8055,38.5797,38.3493,38.1139,37.8732,37.627,37.3747,37.1161,36.8507,36.578,36.2978,36.0094,35.7127,35.4071,35.0925,34.7688,34.4362,34.0954,33.7473,33.3936,33.0365,32.679,32.3244,31.9763,31.6382,31.3128,31.0025,30.7085,30.4315,30.1712,29.9272,29.6985,29.4843,29.2833,29.0945,28.9169,28.7495,28.5914,28.4418,28.3,28.1653,28.0372,27.9151,27.7985,27.687,27.5802,27.4778,27.3795,27.2849,27.1939,27.1062,27.0215,26.9398,26.8607,26.7843,26.7102,26.6384,26.5688,26.5012,26.4355,26.3717,26.3096,26.2492,26.1903,26.133,26.0771,26.0225,25.9693,25.9173,25.8665,25.8169,25.7684,25.7209,25.6745,25.629,25.5845,25.5409
43.3467,43.1827,43.0172,42.8502,42.6817,42.5116,42.3398,42.1663,41.991,41.8138,41.6346,41.4533,41.2699,41.0841,40.8961,40.7055,40.5123,40.3163,40.1174,39.9155,39.7103,39.5018,39.2896,39.0736,38.8535,38.6292,38.4003,38.1665,37.9276,37.6832,37.433,37.1766,36.9135,36.6434,36.3658,36.0804,35.7868,35.4845,35.1734,34.8534,34.5246,34.1875,33.8429,33.4924,33.138,32.7824,32.4288,32.0806,31.7413,31.4139,31.1006,30.8032,30.5224,30.2582,30.0102,29.7777,29.5598,29.3553,29.1632,28.9825,28.8123,28.6516,28.4996,28.3555,28.2187,28.0886,27.9647,27.8464,27.7334,27.6251,27.5213,27.4217,27.326,27.2338,27.145,27.0594,26.9767,26.8967,26.8194,26.7446,26.672,26.6017,26.5334,26.467,26.4026,26.3399,26.2789,26.2195,26.1616,26.1051,26.0501,25.9964,25.944,25.8928,25.8427,25.7938,25.746,25.6991,25.6533,25.6085,25.5645
43.3764,43.2128,43.0478,42.8813,42.7132,42.5436,42.3723,42.1994,42.0246,41.848,41.6694,41.4887,41.306,41.121,40.9336,40.7438,40.5514,40.3563,40.1584,39.9574,39.7533,39.5458,39.3347,39.12,38.9012,38.6783,38.4509,38.2187,37.9815,37.739,37.4907,37.2364,36.9756,36.7079,36.433,36.1505,35.8598,35.5608,35.2531,34.9367,34.6115,34.2781,33.9371,33.5899,33.2383,32.8848,32.5324,32.1844,31.8442,31.515,31.1991,30.8985,30.614,30.3459,30.0941,29.8577,29.6361,29.4281,29.2327,29.049,28.8759,28.7125,28.558,28.4116,28.2727,28.1406,28.0149,27.8949,27.7802,27.6705,27.5653,27.4644,27.3674,27.2741,27.1842,27.0975,27.0139,26.933,26.8548,26.7792,26.7058,26.6347,26.5657,26.4987,26.4336,26.3703,26.3087,26.2488,26.1903,26.1334,26.0779,26.0237,25.9708,25.9192,25.8687,25.8194,25.7711,25.7239,25.6778,25.6326,25.5883
43.4061,43.2428,43.0782,42.9122,42.7446,42.5755,42.4047,42.2323,42.0581,41.882,41.704,41.524,41.3419,41.1576,40.971,40.7819,40.5904,40.3961,40.199,39.999,39.7959,39.5895,39.3796,39.166,38.9485,38.7269,38.501,38.2704,38.0349,37.7941,37.5478,37.2955,37.037,36.7717,36.4994,36.2196,35.9319,35.636,35.3317,35.0187,34.6972,34.3674,34.0299,33.686,33.3373,32.9861,32.6351,32.2876,31.9469,31.6161,31.2979,30.9943,30.7063,30.4345,30.1788,29.9386,29.7133,29.5018,29.3031,29.1162,28.9401,28.774,28.617,28.4683,28.3272,28.1932,28.0655,27.9438,27.8275,27.7162,27.6096,27.5074,27.4092,27.3147,27.2237,27.136,27.0513,26.9696,26.8905,26.814,26.7399,26.668,26.5983,26.5306,26.4649,26.401,26.3388,26.2782,26.2193,26.1618,26.1058,26.0511,25.9978,25.9457,25.8948,25.8451,25.7964,25.7489,25.7023,25.6567,25.6121
43.4356,43.2728,43.1086,42.943,42.7759,42.6072,42.437,42.2651,42.0914,41.9159,41.7385,41.5591,41.3777,41.194,41.0081,40.8198,40.6291,40.4356,40.2395,40.0404,39.8382,39.6329,39.4241,39.2117,38.9955,38.7752,38.5507,38.3216,38.0877,37.8487,37.6043,37.354,37.0976,36.8347,36.5649,36.2878,36.003,35.7102,35.4091,35.0995,34.7815,34.4553,34.1214,33.7808,33.435,33.0862,32.7369,32.3901,32.0492,31.7172,31.3969,31.0904,30.7991,30.5237,30.2643,30.0204,29.7913,29.5763,29.3742,29.1842,29.0052,28.8363,28.6767,28.5257,28.3824,28.2462,28.1167,27.9932,27.8752,27.7624,27.6544,27.5508,27.4513,27.3556,27.2635,27.1748,27.0891,27.0064,26.9265,26.8491,26.7742,26.7016,26.6311,26.5628,26.4964,26.4318,26.369,26.3079,26.2484,26.1904,26.1339,26.0787,26.0249,25.9724,25.921,25.8709,25.8219,25.7739,25.727,25.6811,25.6361
43.465,43.3026,43.1389,42.9737,42.807,42.6389,42.4691,42.2977,42.1246,41.9496,41.7728,41.5941,41.4132,41.2303,41.0451,40.8576,40.6676,40.475,40.2797,40.0815,39.8803,39.676,39.4683,39.257,39.042,38.8231,38.6,38.3724,38.1401,37.9028,37.6602,37.4119,37.1576,36.897,36.6296,36.3551,36.0731,35.7833,35.4854,35.1792,34.8646,34.5419,34.2114,33.8742,33.5315,33.1851,32.8377,32.4919,32.151,31.8181,31.496,31.187,30.8926,30.6137,30.3505,30.1029,29.8702,29.6516,29.4461,29.2529,29.0709,28.8993,28.7371,28.5836,28.4381,28.2999,28.1684,28.0431,27.9234,27.8091,27.6996,27.5946,27.4938,27.3969,27.3037,27.2138,27.1272,27.0435,26.9627,26.8845,26.8087,26.7353,26.6642,26.5951,26.528,26.4628,26.3994,26.3377,26.2777,26.2192,26.1621,26.1065,26.0522,25.9992,25.9474,25.8969,25.8474,25.7991,25.7518,25.7055,25.6602
43.4943,43.3323,43.169,43.0043,42.8381,42.6704,42.5011,42.3302,42.1576,41.9832,41.807,41.6288,41.4487,41.2664,41.0819,40.8951,40.7058,40.5141,40.3196,40.1223,39.9221,39.7188,39.5121,39.302,39.0883,38.8706,38.6489,38.4227,38.192,37.9564,37.7156,37.4692,37.217,36.9586,36.6936,36.4216,36.1424,35.8555,35.5606,35.2576,34.9464,34.6272,34.3002,33.9663,33.6266,33.2829,32.9375,32.5929,32.2523,31.9188,31.5952,31.2838,30.9865,30.7042,30.4375,30.1862,29.9499,29.7277,29.5189,29.3224,29.1374,28.963,28.7982,28.6422,28.4944,28.3541,28.2206,28.0935,27.9721,27.8562,27.7452,27.6388,27.5367,27.4386,27.3442,27.2533,27.1656,27.0809,26.9992,26.9201,26.8435,26.7693,26.6974,26.6277,26.5599,26.4941,26.4301,26.3678,26.3071,26.2481,26.1905,26.1344,26.0796,26.0262,25.974,25.923,25.8731,25.8244,25.7767,25.73,25.6844
43.5236,43.362,43.199,43.0347,42.869,42.7018,42.533,42.3626,42.1905,42.0167,41.841,41.6634,41.4839,41.3023,41.1185,40.9324,40.7439,40.5529,40.3593,40.1629,39.9636,39.7613,39.5557,39.3467,39.1341,38.9178,38.6973,38.4727,38.2435,38.0095,37.7704,37.5259,37.2757,37.0194,36.7568,36.4873,36.2107,35.9266,35.6348,35.335,35.0271,34.7112,34.3876,34.057,33.7205,33.3795,33.0362,32.6931,32.3531,32.0191,31.6942,31.3808,31.0808,30.7954,30.5252,30.2703,30.0303,29.8047,29.5924,29.3927,29.2047,29.0274,28.8599,28.7015,28.5514,28.4089,28.2734,28.1444,28.0213,27.9037,27.7912,27.6834,27.5799,27.4806,27.385,27.293,27.2043,27.1186,27.0359,26.956,26.8786,26.8036,26.7309,26.6604,26.592,26.5255,26.4609,26.398,26.3368,26.2772,26.2191,26.1624,26.1072,26.0533,26.0006,25.9492,25.8989,25.8498,25.8017,25.7547,25.7087
43.5527,43.3915,43.229,43.0651,42.8998,42.733,42.5647,42.3948,42.2232,42.05,41.8749,41.6979,41.519,41.338,41.1549,40.9695,40.7818,40.5916,40.3988,40.2033,40.0049,39.8035,39.599,39.3911,39.1797,38.9645,38.7454,38.5221,38.2944,38.062,37.8247,37.582,37.3338,37.0796,36.8192,36.5522,36.2782,35.9968,35.7079,35.4112,35.1065,34.794,34.4738,34.1465,33.813,33.4749,33.1338,32.7923,32.4531,32.1191,31.7932,31.478,31.1754,30.887,30.6135,30.3551,30.1116,29.8824,29.6667,29.4638,29.2727,29.0925,28.9223,28.7614,28.6089,28.4642,28.3267,28.1958,28.0709,27.9517,27.8376,27.7284,27.6236,27.523,27.4262,27.333,27.2432,27.1566,27.073,26.9921,26.9139,26.8381,26.7647,26.6934,26.6243,26.5571,26.4919,26.4284,26.3666,26.3064,26.2478,26.1907,26.1349,26.0806,26.0275,25.9756,25.9249,25.8754,25.8269,25.7795,25.7331
43.5817,43.4209,43.2588,43.0953,42.9305,42.7642,42.5963,42.4269,42.2559,42.0831,41.9086,41.7322,41.5539,41.3735,41.1911,41.0064,40.8194,40.63,40.438,40.2434,40.0459,39.8455,39.642,39.4352,39.2249,39.0109,38.7931,38.5712,38.345,38.1141,37.8785,37.6376,37.3913,37.1392,36.881,36.6163,36.3448,36.0661,35.7801,35.4864,35.1849,34.8756,34.5587,34.2346,33.9043,33.569,33.2304,32.8906,32.5524,32.2186,31.8919,31.5752,31.2704,30.9791,30.7024,30.4406,30.1936,29.9609,29.7419,29.5357,29.3414,29.1583,28.9854,28.8219,28.667,28.5201,28.3805,28.2477,28.121,28.0001,27.8845,27.7738,27.6676,27.5657,27.4677,27.3734,27.2825,27.1949,27.1103,27.0285,26.9494,26.8728,26.7986,26.7266,26.6568,26.589,26.5231,26.459,26.3966,26.3359,26.2767,26.2191,26.1628,26.108,26.0544,26.0021,25.951,25.901,25.8522,25.8044,25.7577
43.6107,43.4502,43.2885,43.1255,42.9611,42.7952,42.6278,42.4589,42.2884,42.1161,41.9422,41.7663,41.5886,41.4089,41.2271,41.0431,40.8569,40.6682,40.4771,40.2833,40.0867,39.8872,39.6847,39.4789,39.2698,39.057,38.8405,38.6199,38.3951,38.1658,37.9317,37.6926,37.4482,37.1981,36.942,36.6796,36.4106,36.1346,35.8513,35.5605,35.2621,34.956,34.6424,34.3216,33.9944,33.6619,33.3258,32.988,32.651,32.3175,31.9904,31.6723,31.3655,31.0716,30.7919,30.5268,30.2763,30.0401,29.8177,29.6083,29.4109,29.2248,29.0492,28.8831,28.7258,28.5766,28.435,28.3001,28.1717,28.049,27.9318,27.8196,27.712,27.6088,27.5096,27.4141,27.3222,27.2335,27.1479,27.0652,26.9852,26.9078,26.8328,26.7601,26.6895,26.621,26.5545,26.4898,26.4268,26.3655,26.3058,26.2476,26.1909,26.1355,26.0815,26.0288,25.9772,25.9269,25.8776,25.8295,25.7823
43.6395,43.4795,43.3182,43.1555,42.9915,42.8261,42.6592,42.4907,42.3207,42.149,41.9756,41.8003,41.6232,41.4441,41.263,41.0797,40.8941,40.7062,40.5159,40.3229,40.1272,39.9287,39.7271,39.5224,39.3143,39.1027,38.8874,38.6682,38.4448,38.217,37.9845,37.7471,37.5045,37.2564,37.0024,36.7422,36.4756,36.2021,35.9216,35.6337,35.3383,35.0353,34.7248,34.4073,34.0832,33.7537,33.4201,33.0843,32.7487,32.4159,32.0885,31.7694,31.4608,31.1645,30.8818,30.6135,30.3597,30.1201,29.8943,29.6816,29.4811,29.2921,29.1136,28.9449,28.7852,28.6337,28.4899,28.3531,28.2228,28.0984,27.9796,27.8658,27.7569,27.6523,27.5518,27.4552,27.3621,27.2724,27.1858,27.1022,27.0213,26.943,26.8672,26.7938,26.7225,26.6533,26.5861,26.5207,26.4572,26.3953,26.335,26.2763,26.2191,26.1633,26.1088,26.0556,26.0036,25.9528,25.9032,25.8546,25.8071
43.6683,43.5086,43.3477,43.1855,43.0219,42.8569,42.6904,42.5225,42.3529,42.1817,42.0089,41.8342,41.6576,41.4792,41.2987,41.116,40.9312,40.744,40.5545,40.3623,40.1675,39.9699,39.7693,39.5656,39.3586,39.1481,38.934,38.7161,38.4941,38.2677,38.0368,37.8011,37.5603,37.314,37.0621,36.8041,36.5398,36.2688,35.9909,35.7058,35.4134,35.1135,34.8061,34.4917,34.1708,33.8442,33.5132,33.1796,32.8455,32.5135,32.1862,31.8663,31.5561,31.2576,30.9722,30.7008,30.4437,30.2008,29.9717,29.7557,29.5521,29.3601,29.1788,29.0074,28.8452,28.6914,28.5454,28.4066,28.2744,28.1483,28.0278,27.9125,27.8021,27.6961,27.5944,27.4966,27.4024,27.3116,27.224,27.1394,27.0576,26.9785,26.9019,26.8277,26.7556,26.6858,26.6179,26.5519,26.4877,26.4253,26.3645,26.3052,26.2475,26.1911,26.1362,26.0825,26.0301,25.9789,25.9289,25.8799,25.832
43.6969,43.5376,43.3771,43.2153,43.0521,42.8876,42.7216,42.5541,42.385,42.2144,42.042,41.8679,41.6919,41.514,41.3342,41.1522,40.9681,40.7816,40.5928,40.4015,40.2075,40.0108,39.8111,39.6084,39.4025,39.1932,38.9803,38.7636,38.5429,38.318,38.0887,37.8546,37.6155,37.3711,37.1212,36.8653,36.6033,36.3348,36.0594,35.7771,35.4875,35.1905,34.8863,34.575,34.2572,33.9335,33.6052,33.2738,32.9415,32.6105,32.2834,31.9629,31.6514,31.3509,31.063,30.7887,30.5284,30.2822,30.0498,29.8305,29.6238,29.4287,29.2446,29.0706,28.9058,28.7497,28.6015,28.4607,28.3265,28.1986,28.0764,27.9596,27.8477,27.7404,27.6374,27.5383,27.443,27.3511,27.2625,27.1769,27.0942,27.0143,26.9368,26.8618,26.789,26.7184,26.6499,26.5833,26.5185,26.4554,26.3941,26.3343,26.276,26.2192,26.1637,26.1096,26.0568,26.0051,25.9547,25.9053,25.8571
43.7255,43.5666,43.4064,43.245,43.0822,42.9181,42.7526,42.5856,42.417,42.2468,42.075,41.9014,41.726,41.5488,41.3695,41.1882,41.0048,40.8191,40.631,40.4404,40.2473,40.0515,39.8528,39.651,39.4462,39.2379,39.0262,38.8108,38.5914,38.3679,38.14,37.9075,37.6702,37.4276,37.1796,36.9258,36.666,36.3999,36.1271,35.8474,35.5606,35.2666,34.9654,34.6572,34.3423,34.0216,33.696,33.367,33.0365,32.7067,32.3801,32.0593,31.7466,31.4444,31.1541,30.877,30.6137,30.3642,30.1285,29.9061,29.6962,29.4981,29.3111,29.1344,28.9671,28.8086,28.6582,28.5152,28.3792,28.2494,28.1256,28.0071,27.8937,27.785,27.6807,27.5804,27.4839,27.3909,27.3013,27.2147,27.1311,27.0503,26.972,26.8962,26.8227,26.7513,26.6821,26.6148,26.5494,26.4858,26.4238,26.3635,26.3047,26.2474,26.1914,26.1369,26.0836,26.0315,25.9806,25.9309,25.8822
43.754,43.5954,43.4356,43.2746,43.1123,42.9486,42.7835,42.6169,42.4488,42.2792,42.1078,41.9348,41.76,41.5833,41.4047,41.224,41.0413,40.8563,40.6689,40.4792,40.2869,40.0919,39.8941,39.6934,39.4895,39.2824,39.0718,38.8575,38.6395,38.4174,38.191,37.96,37.7243,37.4835,37.2374,36.9857,36.7281,36.4642,36.1939,35.9168,35.6327,35.3416,35.0434,34.7382,34.4264,34.1085,33.7857,33.4591,33.1305,32.8021,32.4762,32.1552,31.8417,31.5379,31.2455,30.9657,30.6995,30.4469,30.208,29.9823,29.7693,29.5682,29.3783,29.1989,29.029,28.8681,28.7155,28.5704,28.4323,28.3007,28.1751,28.0551,27.9402,27.8301,27.7244,27.6228,27.5251,27.4311,27.3404,27.2528,27.1683,27.0865,27.0074,26.9308,26.8565,26.7845,26.7145,26.6466,26.5805,26.5163,26.4538,26.3929,26.3336,26.2757,26.2193,26.1642,26.1105,26.058,26.0067,25.9565,25.9075
43.7823,43.6242,43.4648,43.3041,43.1422,42.9789,42.8143,42.6482,42.4805,42.3114,42.1406,41.9681,41.7938,41.6177,41.4397,41.2597,41.0776,40.8933,40.7067,40.5177,40.3262,40.1321,39.9352,39.7354,39.5325,39.3265,39.117,38.904,38.6872,38.4664,38.2414,38.012,37.778,37.5389,37.2947,37.045,36.7894,36.5278,36.2599,35.9853,35.7039,35.4156,35.1203,34.8181,34.5092,34.1943,33.8742,33.5501,33.2236,32.8967,32.5716,32.2507,31.9366,31.6314,31.337,31.0548,30.7857,30.5301,30.2881,30.0592,29.8431,29.639,29.4462,29.264,29.0916,28.9282,28.7733,28.6261,28.486,28.3525,28.2252,28.1035,27.9871,27.8755,27.7684,27.6656,27.5667,27.4715,27.3798,27.2912,27.2057,27.123,27.0431,26.9656,26.8906,26.8178,26.7472,26.6785,26.6119,26.547,26.4839,26.4224,26.3626,26.3042,26.2473,26.1918,26.1376,26.0846,26.0329,25.9823,25.9329
43.8106,43.6528,43.4938,43.3335,43.172,43.0092,42.8449,42.6793,42.5121,42.3434,42.1731,42.0012,41.8275,41.652,41.4745,41.2952,41.1137,40.9301,40.7442,40.556,40.3653,40.172,39.976,39.7772,39.5753,39.3703,39.1619,38.9501,38.7345,38.5151,38.2915,38.0636,37.8311,37.5938,37.3514,37.1036,36.8501,36.5907,36.3251,36.053,35.7742,35.4886,35.1962,34.8969,34.591,34.279,33.9616,33.64,33.3157,32.9904,32.6663,32.3458,32.0312,31.7249,31.4287,31.1443,30.8725,30.6139,30.3688,30.1368,29.9176,29.7105,29.5148,29.3298,29.1548,28.989,28.8317,28.6823,28.5402,28.4048,28.2757,28.1524,28.0344,27.9213,27.8129,27.7088,27.6087,27.5123,27.4195,27.3299,27.2434,27.1598,27.079,27.0007,26.9249,26.8514,26.78,26.7107,26.6434,26.5779,26.5142,26.4522,26.3918,26.3329,26.2755,26.2195,26.1648,26.1114,26.0593,26.0083,25.9584
43.8388,43.6814,43.5227,43.3629,43.2017,43.0393,42.8755,42.7103,42.5436,42.3754,42.2056,42.0342,41.861,41.686,41.5092,41.3305,41.1497,40.9667,40.7816,40.5941,40.4042,40.2118,40.0166,39.8187,39.6178,39.4138,39.2065,38.9958,38.7815,38.5633,38.3412,38.1147,37.8838,37.6481,37.4075,37.1616,36.9101,36.6528,36.3895,36.1198,35.8436,35.5607,35.271,34.9746,34.6716,34.3625,34.0479,33.7289,33.4067,33.0832,32.7603,32.4402,32.1255,31.8182,31.5205,31.2339,30.9596,30.6983,30.4501,30.215,29.9927,29.7826,29.584,29.3963,29.2186,29.0503,28.8907,28.7391,28.5949,28.4576,28.3267,28.2017,28.0821,27.9675,27.8577,27.7523,27.651,27.5534,27.4595,27.3689,27.2814,27.1969,27.1152,27.0361,26.9594,26.8852,26.8131,26.7431,26.6751,26.609,26.5447,26.4821,26.4211,26.3617,26.3038,26.2473,26.1922,26.1383,26.0857,26.0343,25.9841
43.8669,43.7098,43.5516,43.3921,43.2313,43.0693,42.9059,42.7412,42.5749,42.4072,42.2379,42.067,41.8944,41.72,41.5437,41.3656,41.1854,41.0032,40.8187,40.632,40.4429,40.2512,40.057,39.8599,39.66,39.457,39.2508,39.0412,38.8281,38.6112,38.3904,38.1654,37.936,37.702,37.463,37.219,36.9695,36.7143,36.4532,36.1859,35.9122,35.6319,35.3449,35.0513,34.7512,34.4449,34.1331,33.8166,33.4968,33.1751,32.8535,32.5341,32.2194,31.9114,31.6123,31.3238,31.0471,30.783,30.532,30.2939,30.0685,29.8554,29.6539,29.4634,29.283,29.1122,28.9503,28.7964,28.6502,28.511,28.3782,28.2514,28.1302,28.0142,27.903,27.7962,27.6936,27.5949,27.4998,27.4082,27.3197,27.2342,27.1516,27.0717,26.9942,26.9192,26.8464,26.7757,26.707,26.6403,26.5754,26.5122,26.4507,26.3907,26.3323,26.2753,26.2197,26.1654,26.1124,26.0605,26.0099
43.895,43.7382,43.5803,43.4212,43.2609,43.0992,42.9363,42.7719,42.6062,42.4389,42.2701,42.0997,41.9276,41.7538,41.5781,41.4006,41.221,41.0395,40.8557,40.6697,40.4813,40.2905,40.0971,39.9009,39.7019,39.4999,39.2948,39.0863,38.8744,38.6587,38.4392,38.2156,37.9877,37.7553,37.5181,37.2758,37.0282,36.7751,36.5162,36.2512,35.9799,35.7022,35.4179,35.127,34.8297,34.5262,34.2172,33.9033,33.5857,33.266,32.9459,32.6274,32.3128,32.0043,31.7041,31.4138,31.1349,30.8683,30.6144,30.3733,30.145,29.9289,29.7245,29.5311,29.3481,29.1748,29.0104,28.8544,28.706,28.5648,28.4302,28.3017,28.1788,28.0612,27.9486,27.8404,27.7366,27.6367,27.5405,27.4477,27.3583,27.2719,27.1883,27.1075,27.0293,26.9534,26.8799,26.8085,26.7391,26.6718,26.6062,26.5425,26.4804,26.4199,26.3609,26.3035,26.2474,26.1926,26.1391,26.0869,26.0358
43.9229,43.7665,43.609,43.4502,43.2903,43.129,42.9665,42.8026,42.6373,42.4705,42.3022,42.1323,41.9607,41.7874,41.6123,41.4354,41.2565,41.0755,40.8925,40.7072,40.5196,40.3295,40.137,39.9417,39.7436,39.5426,39.3385,39.1311,38.9203,38.7059,38.4877,38.2654,38.039,37.8081,37.5726,37.3321,37.0864,36.8353,36.5784,36.3157,36.0468,35.7716,35.4899,35.2017,34.9072,34.6065,34.3002,33.9889,33.6737,33.356,33.0374,32.7199,32.4057,32.097,31.7958,31.5039,31.223,30.9539,30.6972,30.4533,30.222,30.003,29.7957,29.5995,29.4139,29.238,29.0712,28.9128,28.7624,28.6191,28.4826,28.3523,28.2278,28.1087,27.9946,27.8851,27.7799,27.6788,27.5814,27.4876,27.3971,27.3098,27.2253,27.1436,27.0645,26.9879,26.9136,26.8415,26.7715,26.7034,26.6373,26.5729,26.5103,26.4492,26.3898,26.3318,26.2752,26.22,26.166,26.1134,26.0619
43.9508,43.7947,43.6375,43.4792,43.3196,43.1588,42.9966,42.8332,42.6683,42.5019,42.3341,42.1647,41.9936,41.8209,41.6464,41.47,41.2917,41.1115,40.9291,40.7445,40.5576,40.3684,40.1766,39.9822,39.785,39.585,39.3818,39.1755,38.9659,38.7527,38.5357,38.3149,38.0899,37.8605,37.6266,37.3878,37.1439,36.8948,36.64,36.3795,36.1129,35.8401,35.561,35.2755,34.9837,34.6857,34.3821,34.0734,33.7606,33.445,33.1281,32.8118,32.4981,32.1892,31.8873,31.5941,31.3112,31.0398,30.7806,30.5339,30.2997,30.0777,29.8675,29.6686,29.4802,29.3017,29.1325,28.9719,28.8192,28.674,28.5356,28.4035,28.2773,28.1566,28.041,27.9301,27.8236,27.7213,27.6227,27.5278,27.4363,27.3479,27.2625,27.18,27.1,27.0226,26.9475,26.8747,26.804,26.7353,26.6685,26.6036,26.5403,26.4787,26.4187,26.3602,26.3031,26.2475,26.1931,26.14,26.0881
43.9785,43.8228,43.666,43.508,43.3488,43.1884,43.0266,42.8636,42.6992,42.5333,42.3659,42.197,42.0265,41.8542,41.6803,41.5045,41.3268,41.1472,40.9655,40.7816,40.5955,40.407,40.216,40.0224,39.8262,39.6271,39.4249,39.2197,39.0111,38.7991,38.5834,38.3639,38.1403,37.9124,37.68,37.443,37.2009,36.9536,36.7009,36.4425,36.1782,35.9078,35.6312,35.3483,35.0592,34.7639,34.463,34.1569,33.8466,33.5331,33.2179,32.9029,32.5899,32.2811,31.9786,31.6842,31.3996,31.126,30.8643,30.6149,30.3779,30.153,29.94,29.7382,29.5472,29.3661,29.1945,29.0315,28.8767,28.7294,28.589,28.4551,28.3272,28.2049,28.0878,27.9755,27.8677,27.7641,27.6644,27.5683,27.4758,27.3864,27.3001,27.2166,27.1358,27.0576,26.9817,26.9082,26.8367,26.7674,26.7,26.6344,26.5706,26.5084,26.4479,26.3888,26.3313,26.2751,26.2203,26.1667,26.1144
44.0062,43.8508,43.6944,43.5367,43.3779,43.2179,43.0566,42.8939,42.7299,42.5645,42.3976,42.2292,42.0591,41.8875,41.714,41.5388,41.3618,41.1828,41.0017,40.8185,40.6331,40.4454,40.2552,40.0625,39.8671,39.6689,39.4677,39.2635,39.0561,38.8452,38.6307,38.4125,38.1903,37.9639,37.733,37.4976,37.2573,37.0119,36.7612,36.5049,36.2428,35.9747,35.7006,35.4202,35.1337,34.8411,34.5428,34.2393,33.9314,33.6201,33.3069,32.9932,32.6811,32.3725,32.0696,31.7742,31.4881,31.2125,30.9484,30.6964,30.4566,30.2289,30.0131,29.8085,29.6148,29.4311,29.257,29.0917,28.9347,28.7853,28.643,28.5072,28.3776,28.2537,28.135,28.0213,27.9121,27.8072,27.7063,27.6092,27.5155,27.4251,27.3378,27.2535,27.1718,27.0928,27.0161,26.9418,26.8697,26.7997,26.7316,26.6654,26.601,26.5383,26.4772,26.4176,26.3596,26.3029,26.2476,26.1936,26.1408
44.0338,43.8788,43.7226,43.5654,43.4069,43.2473,43.0864,42.9241,42.7606,42.5956,42.4291,42.2612,42.0917,41.9205,41.7477,41.573,41.3965,41.2181,41.0377,40.8552,40.6705,40.4835,40.2941,40.1022,39.9077,39.7104,39.5103,39.3071,39.1007,38.8909,38.6777,38.4607,38.2398,38.0149,37.7856,37.5518,37.3132,37.0696,36.8208,36.5666,36.3066,36.0409,35.7691,35.4912,35.2073,34.9173,34.6217,34.3208,34.0153,33.7062,33.3949,33.0827,32.7716,32.4635,32.1603,31.8641,31.5766,31.2992,31.0329,30.7783,30.5358,30.3054,30.0867,29.8794,29.683,29.4967,29.3201,29.1525,28.9932,28.8417,28.6974,28.5598,28.4285,28.3029,28.1827,28.0675,27.9569,27.8508,27.7486,27.6503,27.5556,27.4642,27.3759,27.2906,27.2081,27.1282,27.0508,26.9757,26.9029,26.8321,26.7634,26.6966,26.6316,26.5683,26.5066,26.4466,26.388,26.3308,26.2751,26.2206,26.1674
44.0613,43.9066,43.7508,43.5939,43.4359,43.2766,43.1161,42.9542,42.7911,42.6266,42.4606,42.2931,42.1241,41.9534,41.7811,41.6071,41.4312,41.2534,41.0736,40.8918,40.7078,40.5215,40.3329,40.1418,39.9481,39.7517,39.5525,39.3503,39.145,38.9363,38.7243,38.5085,38.289,38.0654,37.8376,37.6054,37.3685,37.1267,36.8798,36.6276,36.3698,36.1062,35.8368,35.5614,35.2799,34.9926,34.6995,34.4012,34.0982,33.7914,33.482,33.1714,32.8614,32.5538,32.2507,31.9539,31.6652,31.386,31.1176,30.8607,30.6156,30.3824,30.1609,29.9509,29.7517,29.5629,29.3838,29.2138,29.0523,28.8986,28.7523,28.6129,28.4797,28.3525,28.2307,28.1141,28.0021,27.8946,27.7913,27.6918,27.596,27.5035,27.4143,27.328,27.2446,27.1639,27.0856,27.0098,26.9362,26.8648,26.7954,26.728,26.6624,26.5985,26.5363,26.4757,26.4166,26.3589,26.3027,26.2478,26.1941
44.0888,43.9344,43.779,43.6224,43.4647,43.3058,43.1457,42.9842,42.8215,42.6574,42.4919,42.3249,42.1564,41.9862,41.8144,41.6409,41.4656,41.2884,41.1093,40.9281,40.7448,40.5593,40.3714,40.1811,39.9883,39.7928,39.5945,39.3933,39.189,38.9814,38.7705,38.556,38.3378,38.1156,37.8892,37.6586,37.4233,37.1833,36.9382,36.6879,36.4322,36.1708,35.9037,35.6307,35.3517,35.0669,34.7764,34.4806,34.18,33.8755,33.5682,33.2593,32.9505,32.6436,32.3406,32.0434,31.7536,31.473,31.2026,30.9433,30.6957,30.4599,30.2357,30.023,29.8211,29.6297,29.4481,29.2757,29.1119,28.9561,28.8078,28.6664,28.5315,28.4026,28.2792,28.161,28.0477,27.9389,27.8343,27.7336,27.6366,27.5431,27.4529,27.3657,27.2814,27.1998,27.1208,27.0442,26.9698,26.8977,26.8277,26.7596,26.6933,26.6289,26.5661,26.5049,26.4453,26.3872,26.3305,26.2751,26.221
44.1161,43.9621,43.807,43.6508,43.4934,43.3349,43.1752,43.0141,42.8518,42.6882,42.5231,42.3566,42.1885,42.0189,41.8476,41.6747,41.4999,41.3233,41.1448,40.9643,40.7817,40.5968,40.4097,40.2202,40.0282,39.8336,39.6362,39.436,39.2327,39.0262,38.8164,38.6031,38.3862,38.1653,37.9404,37.7112,37.4776,37.2393,36.996,36.7476,36.4939,36.2347,35.9698,35.6991,35.4226,35.1403,34.8523,34.559,34.2609,33.9587,33.6534,33.3463,33.0388,32.7328,32.4301,32.1325,31.842,31.5599,31.2878,31.0264,30.7763,30.5379,30.311,30.0956,29.8911,29.6971,29.5129,29.3381,29.1721,29.0141,28.8638,28.7205,28.5837,28.4531,28.3281,28.2084,28.0937,27.9835,27.8776,27.7758,27.6776,27.5831,27.4918,27.4036,27.3184,27.236,27.1561,27.0787,27.0037,26.9308,26.8601,26.7913,26.7245,26.6594,26.5961,26.5344,26.4742,26.4156,26.3584,26.3025,26.248
44.1434,43.9897,43.8349,43.679,43.5221,43.3639,43.2045,43.0439,42.882,42.7188,42.5542,42.3881,42.2205,42.0514,41.8807,41.7082,41.5341,41.3581,41.1802,41.0003,40.8183,40.6342,40.4478,40.2591,40.0679,39.8742,39.6777,39.4784,39.2761,39.0707,38.862,38.6499,38.4342,38.2146,37.9911,37.7635,37.5314,37.2947,37.0532,36.8067,36.555,36.2979,36.0352,35.7668,35.4926,35.2128,34.9273,34.6365,34.3408,34.0409,33.7377,33.4324,33.1264,32.8214,32.5191,32.2214,31.9302,31.6469,31.3731,31.1096,30.8573,30.6163,30.3869,30.1688,29.9616,29.765,29.5784,29.4012,29.2328,29.0727,28.9202,28.775,28.6364,28.504,28.3774,28.2562,28.14,28.0285,27.9213,27.8182,27.719,27.6233,27.531,27.4419,27.3557,27.2724,27.1917,27.1135,27.0377,26.9641,26.8927,26.8233,26.7558,26.6901,26.6262,26.564,26.5033,26.4442,26.3865,26.3301,26.2752
44.1706,44.0172,43.8628,43.7072,43.5506,43.3928,43.2338,43.0736,42.9121,42.7493,42.5851,42.4195,42.2524,42.0838,41.9136,41.7417,41.5681,41.3926,41.2153,41.0361,40.8548,40.6714,40.4857,40.2978,40.1074,39.9145,39.7189,39.5205,39.3192,39.1148,38.9072,38.6963,38.4818,38.2636,38.0414,37.8152,37.5847,37.3497,37.1099,36.8652,36.6155,36.3604,36.0998,35.8337,35.5618,35.2844,35.0013,34.713,34.4197,34.1222,33.8211,33.5177,33.2132,32.9092,32.6075,32.3099,32.0181,31.7339,31.4585,31.1931,30.9386,30.6952,30.4632,30.2425,30.0327,29.8335,29.6444,29.4647,29.2941,29.1317,28.9772,28.83,28.6896,28.5554,28.4272,28.3044,28.1867,28.0738,27.9653,27.861,27.7606,27.6638,27.5705,27.4804,27.3933,27.3091,27.2275,27.1485,27.072,26.9977,26.9255,26.8555,26.7873,26.7211,26.6566,26.5938,26.5326,26.4729,26.4147,26.3579,26.3024
44.1977,44.0446,43.8905,43.7354,43.5791,43.4216,43.263,43.1032,42.9421,42.7797,42.616,42.4508,42.2842,42.1161,41.9463,41.775,41.6019,41.427,41.2504,41.0717,40.8911,40.7084,40.5234,40.3362,40.1466,39.9545,39.7598,39.5624,39.362,39.1587,38.9522,38.7424,38.5291,38.3121,38.0913,37.8665,37.6375,37.4041,37.166,36.9232,36.6753,36.4222,36.1637,35.8998,35.6302,35.3551,35.0745,34.7886,34.4977,34.2025,33.9036,33.6021,33.2992,32.9964,32.6954,32.398,32.1059,31.8207,31.544,31.2768,31.0202,30.7745,30.54,30.3167,30.1043,29.9026,29.7109,29.5289,29.3559,29.1913,29.0347,28.8855,28.7432,28.6073,28.4773,28.353,28.2338,28.1195,28.0097,27.9042,27.8026,27.7047,27.6103,27.5192,27.4311,27.346,27.2636,27.1838,27.1065,27.0314,26.9586,26.8878,26.8191,26.7522,26.6871,26.6237,26.562,26.5018,26.4431,26.3858,26.3299
44.2248,44.072,43.9182,43.7634,43.6074,43.4504,43.2921,43.1327,42.972,42.81,42.6467,42.482,42.3158,42.1482,41.979,41.8081,41.6356,41.4613,41.2852,41.1072,40.9272,40.7452,40.5609,40.3745,40.1857,39.9944,39.8005,39.604,39.4046,39.2022,38.9968,38.7881,38.576,38.3603,38.1408,37.9174,37.6899,37.458,37.2216,36.9805,36.7345,36.4833,36.2269,35.9651,35.6978,35.425,35.1468,34.8633,34.5748,34.2818,33.9851,33.6856,33.3844,33.0829,32.7827,32.4856,32.1933,31.9074,31.6295,31.3607,31.102,30.8541,30.6172,30.3914,30.1765,29.9722,29.778,29.5936,29.4182,29.2515,29.0927,28.9415,28.7973,28.6596,28.528,28.402,28.2813,28.1656,28.0545,27.9477,27.8449,27.7458,27.6504,27.5582,27.4692,27.3832,27.2999,27.2193,27.1412,27.0654,26.9918,26.9204,26.851,26.7835,26.7178,26.6538,26.5915,26.5308,26.4716,26.4138,26.3575
44.2517,44.0993,43.9458,43.7913,43.6357,43.479,43.3212,43.1621,43.0018,42.8402,42.6773,42.5131,42.3474,42.1802,42.0114,41.8411,41.6691,41.4954,41.3199,41.1425,40.9632,40.7818,40.5983,40.4125,40.2245,40.034,39.841,39.6453,39.4469,39.2455,39.0411,38.8335,38.6225,38.4081,38.1899,37.9679,37.7418,37.5114,37.2767,37.0373,36.793,36.5438,36.2894,36.0297,35.7646,35.4941,35.2182,34.9371,34.6509,34.3603,34.0657,33.7682,33.4687,33.1686,32.8694,32.5727,32.2804,31.9939,31.7149,31.4447,31.1842,30.9341,30.6948,30.4666,30.2491,30.0423,29.8457,29.6588,29.4811,29.3121,29.1512,28.998,28.8519,28.7123,28.579,28.4514,28.3293,28.2121,28.0996,27.9915,27.8875,27.7873,27.6908,27.5976,27.5076,27.4207,27.3365,27.2551,27.1761,27.0996,27.0253,26.9532,26.8831,26.8149,26.7486,26.6841,26.6213,26.56,26.5003,26.442,26.3852
44.2786,44.1265,43.9733,43.8192,43.6639,43.5076,43.3501,43.1914,43.0315,42.8703,42.7078,42.544,42.3788,42.212,42.0438,41.874,41.7025,41.5294,41.3544,41.1776,40.9989,40.8182,40.6354,40.4504,40.2631,40.0734,39.8812,39.6864,39.4889,39.2885,39.0851,38.8786,38.6687,38.4555,38.2386,38.0179,37.7932,37.5644,37.3312,37.0935,36.851,36.6037,36.3513,36.0936,35.8307,35.5624,35.2888,35.01,34.7262,34.4378,34.1455,33.8499,33.5522,33.2536,32.9554,32.6593,32.3671,32.0802,31.8003,31.5287,31.2664,31.0143,30.7728,30.5422,30.3223,30.1129,29.9138,29.7245,29.5445,29.3733,29.2103,29.055,28.9069,28.7656,28.6305,28.5013,28.3776,28.2589,28.1451,28.0357,27.9304,27.8291,27.7315,27.6373,27.5463,27.4584,27.3734,27.291,27.2113,27.134,27.059,26.9861,26.9154,26.8466,26.7797,26.7146,26.6512,26.5894,26.5291,26.4704,26.413
44.3054,44.1536,44.0008,43.8469,43.692,43.536,43.3789,43.2206,43.0611,42.9003,42.7382,42.5748,42.41,42.2438,42.076,41.9067,41.7358,41.5632,41.3888,41.2126,41.0345,40.8544,40.6723,40.488,40.3014,40.1125,39.9212,39.7272,39.5306,39.3312,39.1288,38.9233,38.7146,38.5025,38.2869,38.0675,37.8442,37.6169,37.3853,37.1492,36.9085,36.663,36.4125,36.1569,35.896,35.6299,35.3586,35.082,34.8005,34.5144,34.2243,33.9308,33.6349,33.3378,33.0407,32.7454,32.4533,32.1662,31.8856,31.6127,31.3489,31.0949,30.8512,30.6182,30.3959,30.1841,29.9825,29.7908,29.6085,29.435,29.2698,29.1125,28.9624,28.8192,28.6824,28.5516,28.4263,28.3062,28.1909,28.0802,27.9737,27.8712,27.7725,27.6772,27.5852,27.4964,27.4104,27.3273,27.2467,27.1686,27.0929,27.0193,26.9479,26.8785,26.8109,26.7452,26.6812,26.6189,26.5581,26.4989,26.441
44.3322,44.1806,44.0281,43.8746,43.72,43.5644,43.4076,43.2497,43.0905,42.9302,42.7685,42.6056,42.4412,42.2754,42.1081,41.9393,41.7689,41.5968,41.423,41.2474,41.0699,40.8905,40.709,40.5254,40.3396,40.1515,39.9609,39.7678,39.5721,39.3736,39.1722,38.9678,38.7602,38.5492,38.3348,38.1167,37.8948,37.6689,37.4388,37.2044,36.9653,36.7216,36.473,36.2194,35.9606,35.6967,35.4275,35.1532,34.874,34.5902,34.3022,34.0108,33.7167,33.4212,33.1254,32.8309,32.5392,32.2519,31.9706,31.6968,31.4314,31.1756,30.9299,30.6946,30.4699,30.2557,30.0517,29.8576,29.6729,29.4972,29.3299,29.1704,29.0184,28.8734,28.7348,28.6023,28.4754,28.3538,28.2371,28.1251,28.0173,27.9137,27.8138,27.7174,27.6245,27.5346,27.4478,27.3637,27.2823,27.2035,27.127,27.0527,26.9806,26.9105,26.8423,26.776,26.7115,26.6486,26.5873,26.5275,26.4692
44.3588,44.2076,44.0554,43.9022,43.748,43.5926,43.4362,43.2787,43.1199,42.96,42.7987,42.6362,42.4722,42.3069,42.1401,41.9718,41.8019,41.6304,41.4571,41.2821,41.1052,40.9264,40.7456,40.5627,40.3776,40.1902,40.0004,39.8082,39.6133,39.4158,39.2153,39.0119,38.8054,38.5956,38.3824,38.1656,37.945,37.7205,37.4919,37.259,37.0217,36.7797,36.5329,36.2813,36.0245,35.7627,35.4957,35.2236,34.9467,34.6651,34.3793,34.0899,33.7977,33.5038,33.2093,32.9157,32.6245,32.3373,32.0555,31.7807,31.514,31.2565,31.0088,30.7714,30.5444,30.3278,30.1214,29.9249,29.7379,29.5599,29.3904,29.2289,29.0749,28.928,28.7876,28.6534,28.5249,28.4018,28.2837,28.1703,28.0613,27.9564,27.8554,27.758,27.664,27.5732,27.4854,27.4005,27.3182,27.2386,27.1613,27.0863,27.0135,26.9427,26.874,26.807,26.7419,26.6784,26.6166,26.5563,26.4975
44.3854,44.2345,44.0826,43.9297,43.7758,43.6208,43.4648,43.3076,43.1492,42.9896,42.8288,42.6667,42.5032,42.3383,42.172,42.0041,41.8347,41.6637,41.491,41.3166,41.1403,40.9621,40.7819,40.5997,40.4153,40.2287,40.0397,39.8483,39.6543,39.4576,39.2582,39.0558,38.8503,38.6416,38.4296,38.214,37.9947,37.7716,37.5445,37.3132,37.0775,36.8372,36.5923,36.3425,36.0877,35.8279,35.5631,35.2932,35.0185,34.7391,34.4554,34.1681,33.8779,33.5856,33.2926,33,32.7094,32.4223,32.1402,31.8646,31.5967,31.3376,31.088,30.8485,30.6193,30.4004,30.1916,29.9928,29.8034,29.6231,29.4514,29.2879,29.1319,28.983,28.8409,28.7049,28.5749,28.4502,28.3307,28.2159,28.1056,27.9995,27.8973,27.7988,27.7037,27.612,27.5232,27.4374,27.3544,27.2739,27.1958,27.1201,27.0466,26.9752,26.9058,26.8382,26.7725,26.7085,26.6461,26.5853,26.526
44.4119,44.2613,44.1097,43.9571,43.8036,43.6489,43.4932,43.3364,43.1784,43.0192,42.8588,42.697,42.534,42.3696,42.2037,42.0363,41.8674,41.697,41.5248,41.3509,41.1752,40.9976,40.8181,40.6366,40.4529,40.267,40.0788,39.8882,39.695,39.4993,39.3007,39.0993,38.8949,38.6873,38.4764,38.2621,38.0441,37.8223,37.5967,37.3668,37.1327,36.8942,36.651,36.4031,36.1502,35.8925,35.6297,35.362,35.0894,34.8122,34.5308,34.2455,33.9572,33.6667,33.3751,33.0836,32.7937,32.5068,32.2245,31.9483,31.6793,31.4188,31.1674,30.9259,30.6945,30.4733,30.2622,30.0611,29.8694,29.6869,29.513,29.3473,29.1893,29.0386,28.8946,28.7569,28.6252,28.499,28.378,28.2619,28.1503,28.0429,27.9395,27.8399,27.7438,27.651,27.5614,27.4747,27.3907,27.3094,27.2306,27.1541,27.0799,27.0078,26.9377,26.8696,26.8032,26.7387,26.6757,26.6144,26.5546
44.4384,44.288,44.1367,43.9845,43.8312,43.6769,43.5216,43.3651,43.2075,43.0487,42.8886,42.7273,42.5647,42.4007,42.2353,42.0684,41.9,41.73,41.5584,41.3851,41.21,41.033,40.8541,40.6732,40.4902,40.3051,40.1176,39.9278,39.7355,39.5406,39.343,39.1426,38.9392,38.7327,38.5229,38.3098,38.0931,37.8726,37.6484,37.42,37.1875,36.9506,36.7091,36.463,36.2121,35.9563,35.6956,35.43,35.1596,34.8846,34.6052,34.3221,34.0357,33.7469,33.4568,33.1665,32.8774,32.5909,32.3086,32.0318,31.7619,31.5,31.2471,31.0036,30.7701,30.5467,30.3333,30.1298,29.9359,29.7511,29.575,29.4072,29.2472,29.0945,28.9487,28.8093,28.676,28.5482,28.4257,28.3082,28.1953,28.0867,27.9821,27.8814,27.7842,27.6904,27.5998,27.5121,27.4273,27.3452,27.2656,27.1884,27.1134,27.0407,26.9699,26.9011,26.8342,26.769,26.7056,26.6437,26.5834
44.4647,44.3147,44.1637,44.0118,43.8588,43.7049,43.5498,43.3937,43.2365,43.078,42.9184,42.7575,42.5953,42.4317,42.2668,42.1004,41.9325,41.763,41.5919,41.4191,41.2446,41.0682,40.89,40.7097,40.5274,40.343,40.1563,39.9672,39.7758,39.5817,39.385,39.1856,38.9832,38.7777,38.5691,38.3571,38.1416,37.9225,37.6996,37.4727,37.2417,37.0064,36.7667,36.5224,36.2734,36.0195,35.7608,35.4973,35.229,34.9561,34.6789,34.3978,34.1133,33.8264,33.5378,33.2488,32.9605,32.6746,32.3923,32.1151,31.8444,31.5813,31.3268,31.0816,30.846,30.6204,30.4048,30.199,30.0028,29.8158,29.6375,29.4676,29.3056,29.151,29.0033,28.8622,28.7271,28.5978,28.4739,28.3549,28.2406,28.1307,28.025,27.9231,27.8249,27.73,27.6384,27.5499,27.4642,27.3812,27.3008,27.2228,27.1472,27.0737,27.0023,26.9329,26.8653,26.7996,26.7355,26.6731,26.6123
44.491,44.3413,44.1906,44.039,43.8863,43.7327,43.578,43.4222,43.2654,43.1073,42.948,42.7875,42.6258,42.4626,42.2981,42.1322,41.9648,41.7958,41.6252,41.453,41.279,41.1033,40.9256,40.746,40.5644,40.3807,40.1947,40.0064,39.8158,39.6226,39.4268,39.2283,39.0268,38.8224,38.6149,38.4041,38.1898,37.972,37.7505,37.525,37.2955,37.0618,36.8237,36.5812,36.334,36.082,35.8253,35.5638,35.2976,35.0268,34.7517,34.4726,34.1902,33.905,33.618,33.3303,33.0431,32.7577,32.4756,32.1982,31.9268,31.6626,31.4067,31.1597,30.9222,30.6946,30.4767,30.2687,30.0702,29.881,29.7005,29.5285,29.3645,29.2079,29.0584,28.9155,28.7787,28.6478,28.5223,28.4019,28.2863,28.1752,28.0682,27.9652,27.8658,27.77,27.6774,27.5879,27.5013,27.4175,27.3363,27.2575,27.1811,27.1069,27.0349,26.9648,26.8966,26.8303,26.7657,26.7027,26.6414
44.5172,44.3678,44.2174,44.0661,43.9138,43.7605,43.6061,43.4507,43.2942,43.1365,42.9776,42.8175,42.6561,42.4934,42.3294,42.1639,41.997,41.8285,41.6584,41.4867,41.3133,41.1381,40.9611,40.7822,40.6012,40.4181,40.2329,40.0454,39.8556,39.6632,39.4683,39.2707,39.0702,38.8669,38.6604,38.4507,38.2377,38.0211,37.8009,37.5768,37.3488,37.1166,36.8802,36.6393,36.3939,36.1439,35.8891,35.6297,35.3655,35.0968,34.8237,34.5467,34.2662,33.9828,33.6975,33.4112,33.125,32.8403,32.5585,32.2809,32.009,31.7439,31.4866,31.238,30.9987,30.769,30.549,30.3388,30.1381,29.9466,29.764,29.5899,29.4238,29.2653,29.1139,28.9692,28.8308,28.6982,28.5712,28.4494,28.3324,28.2199,28.1117,28.0075,27.9071,27.8102,27.7166,27.6261,27.5387,27.454,27.3719,27.2924,27.2153,27.1404,27.0676,26.9969,26.9281,26.8612,26.796,26.7325,26.6706
44.5434,44.3942,44.2441,44.0931,43.9411,43.7881,43.6341,43.479,43.3229,43.1655,43.0071,42.8473,42.6864,42.5241,42.3605,42.1955,42.029,41.861,41.6915,41.5203,41.3475,41.1729,40.9964,40.8181,40.6378,40.4554,40.2709,40.0842,39.8951,39.7036,39.5095,39.3128,39.1134,38.911,38.7056,38.497,38.2851,38.0698,37.8509,37.6282,37.4016,37.171,36.9362,36.697,36.4533,36.2051,35.9523,35.6948,35.4326,35.1659,34.895,34.62,34.3414,34.0599,33.7762,33.4913,33.2063,32.9224,32.6409,32.3634,32.091,31.825,31.5666,31.3165,31.0754,30.8437,30.6217,30.4093,30.2064,30.0127,29.828,29.6517,29.4836,29.3231,29.1698,29.0233,28.8832,28.749,28.6205,28.4972,28.3788,28.265,28.1556,28.0502,27.9486,27.8507,27.7561,27.6647,27.5763,27.4907,27.4079,27.3275,27.2496,27.174,27.1006,27.0292,26.9598,26.8922,26.8265,26.7624,26.7
44.5695,44.4206,44.2708,44.1201,43.9684,43.8157,43.662,43.5073,43.3515,43.1945,43.0364,42.8771,42.7165,42.5547,42.3915,42.2269,42.0609,41.8934,41.7244,41.5538,41.3815,41.2074,41.0316,40.8539,40.6742,40.4925,40.3087,40.1227,39.9344,39.7437,39.5505,39.3547,39.1562,38.9548,38.7504,38.543,38.3322,38.1181,37.9005,37.6792,37.454,37.2249,36.9916,36.7541,36.5121,36.2657,36.0147,35.7592,35.499,35.2344,34.9654,34.6924,34.4158,34.1362,33.8542,33.5707,33.2869,33.0039,32.7229,32.4455,32.1728,31.9061,31.6466,31.3951,31.1523,30.9188,30.6947,30.4802,30.2751,30.0793,29.8924,29.714,29.5438,29.3813,29.2262,29.0779,28.936,28.8002,28.6701,28.5454,28.4256,28.3105,28.1998,28.0932,27.9905,27.8914,27.7958,27.7035,27.6141,27.5277,27.444,27.3629,27.2842,27.2079,27.1337,27.0617,26.9916,26.9235,26.8571,26.7925,26.7296
44.5955,44.4469,44.2974,44.1469,43.9956,43.8432,43.6899,43.5355,43.38,43.2234,43.0657,42.9067,42.7466,42.5851,42.4224,42.2583,42.0927,41.9257,41.7572,41.5871,41.4153,41.2418,41.0666,40.8895,40.7105,40.5295,40.3464,40.1611,39.9735,39.7836,39.5913,39.3964,39.1987,38.9983,38.795,38.5886,38.379,38.1661,37.9497,37.7297,37.5059,37.2782,37.0465,36.8106,36.5704,36.3257,36.0766,35.8229,35.5647,35.302,35.0351,34.7641,34.4894,34.2116,33.9313,33.6494,33.3668,33.0848,32.8044,32.5272,32.2543,31.987,31.7265,31.4737,31.2294,30.9941,30.768,30.5514,30.3442,30.1462,29.9572,29.7767,29.6045,29.4401,29.283,29.1329,28.9893,28.8519,28.7202,28.5939,28.4727,28.3563,28.2443,28.1365,28.0327,27.9325,27.8359,27.7425,27.6523,27.5649,27.4804,27.3985,27.319,27.2419,27.1671,27.0944,27.0237,26.9549,26.888,26.8228,26.7593
44.6214,44.4731,44.3239,44.1738,44.0227,43.8707,43.7176,43.5636,43.4084,43.2522,43.0948,42.9363,42.7765,42.6155,42.4532,42.2895,42.1244,41.9579,41.7898,41.6202,41.449,41.2761,41.1014,40.9249,40.7465,40.5662,40.3838,40.1992,40.0124,39.8233,39.6318,39.4377,39.241,39.0416,38.8392,38.6339,38.4254,38.2137,37.9985,37.7798,37.5574,37.3312,37.1009,36.8666,36.628,36.3851,36.1378,35.886,35.6297,35.369,35.104,34.835,34.5623,34.2863,34.0078,33.7274,33.4461,33.1651,32.8854,32.6085,32.3355,32.0678,31.8064,31.5524,31.3066,31.0696,30.8417,30.6231,30.4138,30.2136,30.0225,29.8399,29.6657,29.4992,29.3403,29.1883,29.043,28.9039,28.7706,28.6428,28.5202,28.4024,28.2891,28.1801,28.0751,27.9739,27.8762,27.7818,27.6906,27.6024,27.517,27.4343,27.3541,27.2762,27.2007,27.1273,27.0559,26.9865,26.919,26.8532,26.7892
44.6473,44.4992,44.3503,44.2005,44.0497,43.898,43.7453,43.5916,43.4368,43.2809,43.1239,42.9657,42.8064,42.6457,42.4838,42.3206,42.156,41.9899,41.8223,41.6532,41.4825,41.3102,41.1361,40.9602,40.7824,40.6027,40.421,40.2371,40.0511,39.8628,39.6721,39.4788,39.283,39.0845,38.8832,38.6789,38.4715,38.2609,38.047,37.8295,37.6085,37.3836,37.1549,36.9221,36.6852,36.4439,36.1984,35.9484,35.694,35.4352,35.1722,34.9051,34.6343,34.3603,34.0834,33.8046,33.5247,33.2448,32.9659,32.6893,32.4164,32.1483,31.8862,31.6312,31.384,31.1453,30.9156,30.695,30.4837,30.2815,30.0882,29.9036,29.7272,29.5588,29.398,29.2442,29.0971,28.9563,28.8214,28.6921,28.5681,28.4489,28.3343,28.2241,28.1179,28.0156,27.9168,27.8214,27.7293,27.6402,27.5539,27.4703,27.3893,27.3107,27.2344,27.1603,27.0883,27.0183,26.9502,26.8838,26.8192
44.6731,44.5253,44.3767,44.2271,44.0767,43.9253,43.7729,43.6195,43.465,43.3095,43.1529,42.9951,42.8361,42.6759,42.5144,42.3516,42.1874,42.0218,41.8547,41.6861,41.5159,41.3441,41.1706,40.9953,40.8181,40.6391,40.458,40.2749,40.0896,39.902,39.7121,39.5197,39.3248,39.1272,38.9268,38.7236,38.5172,38.3078,38.095,37.8788,37.6591,37.4356,37.2084,36.9771,36.7417,36.5022,36.2583,36.0102,35.7576,35.5008,35.2397,34.9745,34.7057,34.4334,34.1584,33.8812,33.6027,33.3238,33.0458,32.7697,32.4969,32.2286,31.9659,31.7098,31.4614,31.2212,30.9897,30.7672,30.5539,30.3496,30.1543,29.9676,29.7893,29.6189,29.4561,29.3005,29.1516,29.0091,28.8727,28.7418,28.6163,28.4957,28.3799,28.2684,28.161,28.0575,27.9577,27.8613,27.7682,27.6781,27.591,27.5066,27.4248,27.3454,27.2684,27.1936,27.1209,27.0503,26.9815,26.9146,26.8494
44.6989,44.5513,44.403,44.2537,44.1036,43.9524,43.8004,43.6473,43.4932,43.338,43.1817,43.0243,42.8657,42.7059,42.5448,42.3824,42.2187,42.0536,41.887,41.7189,41.5492,41.3779,41.205,41.0302,40.8537,40.6753,40.4949,40.3124,40.1278,39.941,39.7519,39.5604,39.3663,39.1696,38.9702,38.7679,38.5627,38.3543,38.1427,37.9278,37.7093,37.4872,37.2614,37.0316,36.7978,36.5599,36.3177,36.0713,35.8206,35.5656,35.3064,35.0432,34.7762,34.5058,34.2325,33.957,33.6799,33.4023,33.1251,32.8497,32.5771,32.3086,32.0454,31.7885,31.5389,31.2972,31.0641,30.8398,30.6245,30.4182,30.2208,30.0321,29.8517,29.6794,29.5146,29.3572,29.2065,29.0624,28.9243,28.7919,28.6649,28.5429,28.4257,28.313,28.2044,28.0998,27.9989,27.9015,27.8074,27.7164,27.6283,27.5431,27.4605,27.3803,27.3026,27.2271,27.1538,27.0824,27.0131,26.9455,26.8798
44.7245,44.5773,44.4292,44.2802,44.1304,43.9796,43.8278,43.675,43.5213,43.3664,43.2105,43.0535,42.8952,42.7358,42.5751,42.4132,42.2499,42.0852,41.9191,41.7515,41.5823,41.4116,41.2392,41.065,40.8891,40.7113,40.5315,40.3497,40.1659,39.9798,39.7915,39.6007,39.4075,39.2118,39.0133,38.812,38.6078,38.4005,38.1901,37.9763,37.7591,37.5384,37.3139,37.0856,36.8533,36.617,36.3766,36.1319,35.883,35.6298,35.3725,35.1112,34.8461,34.5775,34.306,34.032,33.7564,33.4801,33.2039,32.9291,32.6568,32.3883,32.1247,31.8671,31.6164,31.3733,31.1386,30.9126,30.6954,30.4871,30.2877,30.097,29.9146,29.7403,29.5736,29.4143,29.2619,29.116,28.9763,28.8423,28.7138,28.5905,28.4719,28.3579,28.2481,28.1423,28.0403,27.9419,27.8468,27.7549,27.6659,27.5798,27.4964,27.4155,27.337,27.2608,27.1868,27.1148,27.0448,26.9767,26.9103
44.7501,44.6032,44.4553,44.3067,44.1571,44.0066,43.8551,43.7027,43.5493,43.3948,43.2392,43.0825,42.9247,42.7656,42.6054,42.4438,42.281,42.1167,41.9511,41.784,41.6153,41.4451,41.2732,41.0996,40.9243,40.7471,40.568,40.3869,40.2037,40.0184,39.8308,39.6409,39.4485,39.2536,39.0561,38.8558,38.6526,38.4464,38.2371,38.0245,37.8086,37.5891,37.366,37.1391,36.9084,36.6736,36.4348,36.1918,35.9447,35.6933,35.4379,35.1784,34.9152,34.6484,34.3787,34.1064,33.8323,33.5572,33.2821,33.008,32.7362,32.4677,32.2038,31.9455,31.6938,31.4496,31.2133,30.9856,30.7666,30.5564,30.355,30.1623,29.9779,29.8016,29.633,29.4718,29.3176,29.17,29.0287,28.8932,28.7632,28.6384,28.5185,28.4032,28.2922,28.1852,28.0821,27.9826,27.8865,27.7936,27.7038,27.6168,27.5325,27.4508,27.3716,27.2947,27.2199,27.1473,27.0767,27.008,26.941
44.7757,44.629,44.4814,44.333,44.1837,44.0335,43.8824,43.7303,43.5772,43.423,43.2678,43.1115,42.954,42.7954,42.6355,42.4744,42.3119,42.1481,41.9829,41.8163,41.6482,41.4784,41.3071,41.1341,40.9593,40.7828,40.6043,40.4238,40.2414,40.0568,39.8699,39.6808,39.4893,39.2953,39.0986,38.8993,38.6971,38.4919,38.2837,38.0723,37.8576,37.6394,37.4177,37.1922,36.9629,36.7297,36.4925,36.2512,36.0058,35.7562,35.5026,35.245,34.9836,34.7186,34.4506,34.18,33.9074,33.6337,33.3597,33.0864,32.8151,32.5468,32.2826,32.0238,31.7713,31.5258,31.2882,31.0588,30.8381,30.626,30.4227,30.2279,30.0416,29.8633,29.6929,29.5298,29.3738,29.2245,29.0815,28.9444,28.8129,28.6866,28.5654,28.4487,28.3365,28.2284,28.1242,28.0236,27.9265,27.8326,27.7419,27.654,27.5689,27.4864,27.4064,27.3288,27.2533,27.18,27.1088,27.0394,26.9719
44.8012,44.6547,44.5074,44.3593,44.2103,44.0604,43.9096,43.7578,43.605,43.4512,43.2963,43.1403,42.9832,42.825,42.6655,42.5048,42.3428,42.1794,42.0147,41.8485,41.6809,41.5117,41.3409,41.1684,40.9942,40.8182,40.6404,40.4606,40.2788,40.0949,39.9089,39.7205,39.5298,39.3366,39.1409,38.9425,38.7413,38.5372,38.33,38.1198,37.9063,37.6893,37.4689,37.2448,37.017,36.7853,36.5497,36.31,36.0663,35.8185,35.5666,35.3108,35.0512,34.7881,34.5219,34.2529,33.9819,33.7095,33.4366,33.1643,32.8935,32.6254,32.3612,32.1019,31.8486,31.6021,31.3632,31.1323,30.9098,30.6959,30.4906,30.294,30.1057,29.9255,29.7531,29.5882,29.4304,29.2793,29.1346,28.996,28.8629,28.7353,28.6126,28.4947,28.3812,28.2719,28.1665,28.0649,27.9667,27.8719,27.7802,27.6915,27.6055,27.5222,27.4414,27.3631,27.2869,27.213,27.141,27.0711,27.003
44.8266,44.6804,44.5334,44.3855,44.2368,44.0872,43.9367,43.7852,43.6327,43.4792,43.3247,43.1691,43.0124,42.8545,42.6954,42.5351,42.3735,42.2106,42.0463,41.8806,41.7134,41.5448,41.3745,41.2026,41.0289,40.8536,40.6763,40.4972,40.3161,40.1329,39.9476,39.76,39.5701,39.3777,39.1829,38.9854,38.7852,38.5821,38.376,38.1669,37.9545,37.7389,37.5197,37.297,37.0706,36.8404,36.6063,36.3683,36.1262,35.8801,35.63,35.376,35.1182,34.8569,34.5924,34.3251,34.0556,33.7846,33.513,33.2415,32.9714,32.7037,32.4395,32.1799,31.9259,31.6784,31.4382,31.2059,30.9817,30.7661,30.559,30.3604,30.1701,29.988,29.8137,29.647,29.4874,29.3346,29.1882,29.0479,28.9134,28.7842,28.6602,28.5409,28.4262,28.3157,28.2092,28.1064,28.0073,27.9115,27.8188,27.7292,27.6424,27.5583,27.4767,27.3976,27.3207,27.2461,27.1735,27.1029,27.0342
44.8519,44.706,44.5593,44.4117,44.2633,44.1139,43.9637,43.8125,43.6604,43.5072,43.353,43.1978,43.0414,42.8839,42.7252,42.5653,42.4041,42.2416,42.0778,41.9126,41.7459,41.5777,41.4079,41.2366,41.0635,40.8887,40.7121,40.5336,40.3531,40.1707,39.986,39.7992,39.6101,39.4186,39.2246,39.028,38.8288,38.6267,38.4217,38.2136,38.0025,37.788,37.5701,37.3487,37.1237,36.895,36.6624,36.426,36.1856,35.9412,35.6928,35.4406,35.1846,34.925,34.6622,34.3966,34.1287,33.8591,33.5887,33.3183,33.0489,32.7816,32.5174,32.2576,32.003,31.7547,31.5133,31.2796,31.0539,30.8365,30.6276,30.4271,30.235,30.0509,29.8748,29.7061,29.5447,29.3902,29.2422,29.1003,28.9642,28.8336,28.7081,28.5875,28.4715,28.3598,28.2521,28.1483,28.0481,27.9513,27.8577,27.7671,27.6795,27.5945,27.5122,27.4323,27.3547,27.2794,27.2061,27.1349,27.0656
44.8772,44.7315,44.5851,44.4378,44.2896,44.1406,43.9906,43.8398,43.6879,43.5351,43.3813,43.2263,43.0703,42.9132,42.7549,42.5954,42.4346,42.2726,42.1092,41.9444,41.7782,41.6105,41.4413,41.2704,41.0979,40.9237,40.7477,40.5698,40.39,40.2082,40.0243,39.8382,39.6499,39.4592,39.2661,39.0704,38.8721,38.671,38.467,38.2601,38.05,37.8367,37.6201,37.4001,37.1764,36.9491,36.7181,36.4831,36.2443,36.0016,35.755,35.5045,35.2502,34.9924,34.7314,34.4674,34.2011,33.933,33.6638,33.3944,33.1258,32.859,32.595,32.335,32.08,31.8309,31.5885,31.3534,31.1262,30.9072,30.6965,30.4942,30.3001,30.1142,29.9362,29.7657,29.6025,29.4462,29.2965,29.153,29.0154,28.8833,28.7564,28.6344,28.5171,28.4042,28.2954,28.1904,28.0891,27.9913,27.8968,27.8053,27.7168,27.631,27.5479,27.4672,27.3889,27.3129,27.239,27.1671,27.0972
44.9024,44.757,44.6108,44.4638,44.3159,44.1672,44.0175,43.8669,43.7154,43.5629,43.4094,43.2548,43.0992,42.9424,42.7845,42.6254,42.465,42.3034,42.1404,41.9761,41.8104,41.6432,41.4744,41.3041,41.1322,40.9585,40.7831,40.6059,40.4267,40.2456,40.0624,39.8771,39.6895,39.4996,39.3073,39.1125,38.9151,38.715,38.512,38.3062,38.0972,37.8851,37.6697,37.451,37.2287,37.0028,36.7732,36.5398,36.3026,36.0615,35.8165,35.5677,35.3152,35.0592,34.7998,34.5375,34.2728,34.0061,33.7382,33.47,33.2022,32.9359,32.6723,32.4122,32.1568,31.907,31.6636,31.4274,31.1987,30.9781,30.7657,30.5616,30.3657,30.1779,29.998,29.8257,29.6607,29.5026,29.3512,29.2061,29.0669,28.9333,28.805,28.6817,28.5631,28.4489,28.3389,28.2328,28.1305,28.0317,27.9361,27.8438,27.7543,27.6677,27.5838,27.5023,27.4233,27.3466,27.272,27.1995,27.1289
44.9276,44.7824,44.6365,44.4897,44.3421,44.1937,44.0443,43.894,43.7428,43.5907,43.4375,43.2832,43.1279,42.9715,42.814,42.6553,42.4953,42.3341,42.1716,42.0077,41.8424,41.6757,41.5075,41.3377,41.1663,40.9932,40.8184,40.6417,40.4632,40.2828,40.1003,39.9157,39.7289,39.5398,39.3483,39.1544,38.9579,38.7587,38.5568,38.3519,38.1441,37.9331,37.719,37.5014,37.2805,37.056,36.8278,36.5959,36.3603,36.1208,35.8775,35.6304,35.3796,35.1252,34.8676,34.607,34.3438,34.0786,33.8121,33.5449,33.2781,33.0125,32.7491,32.4891,32.2334,31.983,31.7387,31.5013,31.2714,31.0492,30.8351,30.6292,30.4315,30.2419,30.0602,29.886,29.7192,29.5594,29.4063,29.2596,29.1188,28.9837,28.854,28.7293,28.6094,28.4939,28.3828,28.2756,28.1721,28.0723,27.9758,27.8824,27.7921,27.7047,27.6199,27.5377,27.4579,27.3805,27.3052,27.232,27.1609
44.9527,44.8078,44.6621,44.5156,44.3683,44.2201,44.071,43.9211,43.7702,43.6183,43.4654,43.3115,43.1566,43.0006,42.8434,42.685,42.5255,42.3647,42.2026,42.0392,41.8744,41.7081,41.5404,41.3711,41.2003,41.0277,40.8535,40.6775,40.4996,40.3198,40.1379,39.9541,39.768,39.5797,39.3891,39.196,39.0004,38.8021,38.6012,38.3974,38.1906,37.9808,37.7678,37.5515,37.3319,37.1087,36.882,36.6515,36.4174,36.1795,35.9378,35.6924,35.4433,35.1907,34.9347,34.6757,34.4142,34.1505,33.8853,33.6193,33.3534,33.0885,32.8256,32.5656,32.3098,32.0589,31.8138,31.5754,31.3441,31.1205,30.9048,30.6972,30.4977,30.3063,30.1227,29.9467,29.7782,29.6166,29.4618,29.3134,29.1711,29.0345,28.9033,28.7772,28.656,28.5393,28.4269,28.3186,28.2141,28.1131,28.0157,27.9214,27.8302,27.7418,27.6562,27.5733,27.4927,27.4146,27.3386,27.2648,27.193
44.9777,44.833,44.6876,44.5414,44.3943,44.2464,44.0977,43.948,43.7974,43.6459,43.4933,43.3398,43.1852,43.0295,42.8727,42.7147,42.5556,42.3952,42.2335,42.0705,41.9062,41.7404,41.5732,41.4044,41.2341,41.0621,40.8884,40.713,40.5357,40.3566,40.1754,39.9922,39.8069,39.6194,39.4296,39.2373,39.0426,38.8453,38.6453,38.4425,38.2368,38.0281,37.8163,37.6012,37.3828,37.161,36.9356,36.7067,36.4741,36.2377,35.9976,35.7538,35.5064,35.2554,35.0012,34.7439,34.4839,34.2216,33.9578,33.693,33.4281,33.164,32.9016,32.6419,32.3859,32.1345,31.8888,31.6494,31.4169,31.1919,30.9747,30.7654,30.5642,30.371,30.1856,30.0078,29.8375,29.6742,29.5177,29.3676,29.2237,29.0856,28.953,28.8255,28.7029,28.585,28.4714,28.3619,28.2563,28.1543,28.0558,27.9606,27.8684,27.7792,27.6928,27.609,27.5278,27.4489,27.3722,27.2977,27.2253
45.0027,44.8583,44.7131,44.5671,44.4203,44.2727,44.1242,43.9749,43.8246,43.6733,43.5211,43.3679,43.2137,43.0583,42.9019,42.7443,42.5855,42.4256,42.2643,42.1018,41.9379,41.7726,41.6058,41.4375,41.2677,41.0963,40.9232,40.7483,40.5717,40.3932,40.2127,40.0302,39.8456,39.6589,39.4698,39.2784,39.0846,38.8882,38.6891,38.4873,38.2827,38.0751,37.8644,37.6505,37.4334,37.2129,36.9889,36.7613,36.5302,36.2954,36.0568,35.8147,35.5689,35.3196,35.067,34.8113,34.5529,34.2922,34.0297,33.7662,33.5023,33.239,32.9771,32.7177,32.4617,32.21,31.9637,31.7234,31.4898,31.2635,31.0448,30.8339,30.631,30.436,30.2488,30.0693,29.8971,29.7321,29.5739,29.4222,29.2767,29.1371,29.003,28.8741,28.7502,28.631,28.5161,28.4055,28.2987,28.1957,28.0962,28,27.907,27.8169,27.7296,27.645,27.563,27.4834,27.406,27.3308,27.2577
45.0276,44.8834,44.7385,44.5928,44.4463,44.2989,44.1507,44.0017,43.8517,43.7007,43.5488,43.396,43.242,43.0871,42.931,42.7738,42.6154,42.4558,42.295,42.1329,41.9694,41.8046,41.6383,41.4705,41.3012,41.1304,40.9578,40.7835,40.6075,40.4296,40.2498,40.068,39.8841,39.6981,39.5099,39.3193,39.1263,38.9308,38.7327,38.5318,38.3282,38.1217,37.9121,37.6994,37.4835,37.2643,37.0417,36.8155,36.5858,36.3525,36.1155,35.8749,35.6308,35.3831,35.1322,34.8781,34.6213,34.3621,34.101,33.8388,33.576,33.3135,33.0523,32.7932,32.5372,32.2853,32.0384,31.7974,31.5627,31.3352,31.115,30.9026,30.698,30.5013,30.3123,30.131,29.9572,29.7904,29.6305,29.4772,29.3301,29.1889,29.0533,28.9231,28.7978,28.6773,28.5612,28.4494,28.3415,28.2374,28.1369,28.0397,27.9458,27.8548,27.7667,27.6813,27.5984,27.5181,27.44,27.3641,27.2904
45.0524,44.9085,44.7638,44.6184,44.4721,44.3251,44.1772,44.0284,43.8787,43.7281,43.5765,43.4239,43.2703,43.1157,42.96,42.8032,42.6452,42.486,42.3256,42.1639,42.0009,41.8365,41.6707,41.5034,41.3346,41.1643,40.9923,40.8186,40.6431,40.4659,40.2867,40.1056,39.9224,39.7371,39.5497,39.3599,39.1677,38.9731,38.7759,38.5761,38.3734,38.168,37.9595,37.748,37.5333,37.3153,37.094,36.8692,36.6409,36.4091,36.1737,35.9347,35.6921,35.4461,35.1967,34.9443,34.689,34.4313,34.1717,33.9107,33.649,33.3875,33.1269,32.8682,32.6124,32.3604,32.1131,31.8713,31.6357,31.4069,31.1854,30.9715,30.7653,30.5669,30.3762,30.1932,30.0175,29.8491,29.6875,29.5325,29.3838,29.2411,29.104,28.9723,28.8457,28.7239,28.6066,28.4936,28.3846,28.2794,28.1778,28.0797,27.9848,27.8929,27.8039,27.7177,27.6341,27.553,27.4742,27.3976,27.3232
45.0772,44.9335,44.7891,44.6439,44.4979,44.3511,44.2035,44.055,43.9056,43.7553,43.604,43.4518,43.2986,43.1443,42.9889,42.8324,42.6748,42.516,42.356,42.1948,42.0322,41.8683,41.7029,41.5361,41.3679,41.198,41.0266,40.8535,40.6786,40.502,40.3234,40.143,39.9605,39.776,39.5892,39.4002,39.2089,39.0152,38.8189,38.62,38.4184,38.2139,38.0066,37.7962,37.5827,37.3659,37.1459,36.9225,36.6956,36.4652,36.2313,35.9938,35.7528,35.5084,35.2606,35.0098,34.7561,34.4999,34.2417,33.982,33.7215,33.4609,33.2011,32.9429,32.6873,32.4352,32.1875,31.9451,31.7086,31.4787,31.256,31.0406,30.8328,30.6328,30.4404,30.2556,30.0782,29.9081,29.7448,29.5882,29.4379,29.2936,29.1551,29.022,28.894,28.7708,28.6523,28.5381,28.4279,28.3217,28.2191,28.1199,28.024,27.9313,27.8414,27.7544,27.67,27.5881,27.5086,27.4313,27.3563
45.1019,44.9585,44.8143,44.6694,44.5237,44.3772,44.2298,44.0816,43.9325,43.7825,43.6315,43.4796,43.3267,43.1727,43.0177,42.8616,42.7044,42.546,42.3864,42.2255,42.0634,41.8999,41.735,41.5687,41.401,41.2316,41.0607,40.8882,40.7139,40.5379,40.36,40.1802,39.9984,39.8146,39.6286,39.4404,39.2499,39.057,38.8616,38.6636,38.463,38.2596,38.0533,37.844,37.6317,37.4162,37.1974,36.9753,36.7498,36.5208,36.2884,36.0524,35.813,35.5701,35.324,35.0747,34.8226,34.5679,34.3111,34.0528,33.7934,33.5338,33.2748,33.0171,32.7618,32.5097,32.2617,32.0188,31.7815,31.5506,31.3266,31.1098,30.9006,30.6989,30.5049,30.3184,30.1393,29.9674,29.8025,29.6442,29.4923,29.3465,29.2065,29.0719,28.9426,28.8181,28.6983,28.5829,28.4716,28.3642,28.2605,28.1604,28.0636,27.9699,27.8792,27.7913,27.7061,27.6234,27.5432,27.4652,27.3895
45.1266,44.9834,44.8395,44.6948,44.5494,44.4031,44.256,44.1081,43.9592,43.8095,43.6589,43.5073,43.3547,43.2011,43.0465,42.8907,42.7339,42.5758,42.4166,42.2562,42.0945,41.9314,41.767,41.6012,41.4339,41.2651,41.0947,40.9227,40.749,40.5736,40.3963,40.2172,40.0361,39.853,39.6677,39.4803,39.2906,39.0985,38.904,38.707,38.5073,38.3049,38.0996,37.8915,37.6803,37.466,37.2485,37.0277,36.8035,36.576,36.345,36.1105,35.8726,35.6313,35.3867,35.139,34.8884,34.6353,34.3799,34.1229,33.8647,33.6062,33.3479,33.0909,32.8359,32.5839,32.3358,32.0923,31.8543,31.6225,31.3973,31.1792,30.9685,30.7653,30.5696,30.3815,30.2007,30.0271,29.8605,29.7006,29.5471,29.3997,29.2582,29.1222,28.9915,28.8657,28.7446,28.6279,28.5155,28.407,28.3023,28.2011,28.1033,28.0087,27.9171,27.8284,27.7424,27.6589,27.578,27.4993,27.4229
45.1512,45.0083,44.8646,44.7202,44.575,44.429,44.2821,44.1345,43.986,43.8365,43.6862,43.5349,43.3827,43.2294,43.0751,42.9197,42.7632,42.6056,42.4468,42.2867,42.1254,41.9628,41.7989,41.6335,41.4667,41.2984,41.1286,40.9571,40.784,40.6092,40.4325,40.254,40.0736,39.8912,39.7066,39.52,39.3311,39.1398,38.9462,38.7501,38.5513,38.3499,38.1457,37.9386,37.7285,37.5154,37.2991,37.0796,36.8568,36.6306,36.4011,36.1681,35.9316,35.6919,35.4488,35.2027,34.9537,34.702,34.4481,34.1924,33.9355,33.678,33.4206,33.1642,32.9097,32.6578,32.4095,32.1657,31.9271,31.6944,31.4681,31.2488,31.0366,30.8319,30.6346,30.4448,30.2624,30.0871,29.9189,29.7573,29.6022,29.4533,29.3103,29.1728,29.0407,28.9136,28.7912,28.6733,28.5597,28.4501,28.3443,28.2421,28.1434,28.0478,27.9553,27.8657,27.7789,27.6947,27.613,27.5336,27.4565
45.1758,45.0331,44.8896,44.7454,44.6005,44.4548,44.3082,44.1608,44.0126,43.8635,43.7134,43.5625,43.4105,43.2576,43.1036,42.9486,42.7925,42.6352,42.4768,42.3172,42.1563,41.9941,41.8306,41.6657,41.4994,41.3316,41.1623,40.9914,40.8188,40.6446,40.4685,40.2907,40.1109,39.9291,39.7454,39.5594,39.3713,39.1809,38.9881,38.7929,38.5951,38.3946,38.1914,37.9854,37.7764,37.5645,37.3494,37.1312,36.9097,36.6848,36.4567,36.2251,35.9902,35.7519,35.5104,35.2658,35.0183,34.7681,34.5157,34.2613,34.0056,33.7492,33.4928,33.2371,32.983,32.7314,32.4831,32.2389,31.9997,31.7662,31.5389,31.3184,31.1049,30.8987,30.6999,30.5085,30.3244,30.1475,29.9775,29.8144,29.6577,29.5072,29.3627,29.2238,29.0903,28.9618,28.8381,28.719,28.6042,28.4935,28.3866,28.2834,28.1836,28.0872,27.9938,27.9033,27.8157,27.7306,27.6482,27.5681,27.4902
45.2003,45.0578,44.9146,44.7707,44.626,44.4805,44.3342,44.1871,44.0391,43.8903,43.7406,43.5899,43.4383,43.2857,43.1321,42.9774,42.8216,42.6648,42.5067,42.3475,42.187,42.0253,41.8622,41.6978,41.532,41.3647,41.1959,41.0255,40.8535,40.6798,40.5044,40.3271,40.148,39.9669,39.7839,39.5987,39.4113,39.2217,39.0298,38.8354,38.6385,38.439,38.2368,38.0318,37.824,37.6132,37.3993,37.1823,36.9621,36.7386,36.5118,36.2816,36.0482,35.8114,35.5714,35.3283,35.0823,34.8336,34.5826,34.3296,34.0752,33.8199,33.5644,33.3095,33.0559,32.8046,32.5563,32.3119,32.0723,31.838,31.6098,31.3881,31.1733,30.9657,30.7654,30.5724,30.3867,30.2081,30.0366,29.8718,29.7135,29.5615,29.4155,29.2751,29.1401,29.0103,28.8854,28.765,28.649,28.5372,28.4292,28.3249,28.2242,28.1267,28.0324,27.9411,27.8526,27.7668,27.6836,27.6027,27.5242
45.2247,45.0825,44.9395,44.7958,44.6514,44.5061,44.3601,44.2133,44.0656,43.9171,43.7677,43.6173,43.466,43.3137,43.1604,43.0061,42.8507,42.6942,42.5366,42.3777,42.2177,42.0564,41.8937,41.7298,41.5644,41.3976,41.2293,41.0594,40.888,40.7149,40.54,40.3634,40.1849,40.0045,39.8222,39.6377,39.4511,39.2623,39.0712,38.8777,38.6817,38.4831,38.2819,38.078,37.8712,37.6615,37.4488,37.233,37.014,36.7919,36.5664,36.3377,36.1057,35.8704,35.6319,35.3903,35.1458,34.8986,34.649,34.3974,34.1442,33.8901,33.6356,33.3814,33.1284,32.8774,32.6292,32.3847,32.1446,31.9097,31.6807,31.4579,31.2419,31.0329,30.8311,30.6365,30.4492,30.2691,30.0959,29.9295,29.7696,29.6161,29.4685,29.3267,29.1904,29.0592,28.9329,28.8113,28.6941,28.5811,28.4721,28.3667,28.265,28.1666,28.0713,27.9791,27.8898,27.8032,27.7192,27.6376,27.5584
