CO2 Density [kg/m3] Mixed
609.537,603.553,596.842,589.149,580.044,568.7,553.16,526.155,451.668,401.886,382.023,369.55,360.346,353.003,346.866,341.578,336.923,332.758,328.984,325.53,322.344,319.385,316.62,314.026,311.58,309.266,307.069,304.978,302.982,301.073,299.243,297.485,295.794,294.164,292.591,291.071,289.601,288.176,286.795,285.454,284.151,282.883,281.65,280.449,279.278,278.135,277.02,275.931,274.867,273.826,272.808,271.811,270.835,269.878,268.941,268.022,267.12,266.235,265.366,264.512,263.674,262.849,262.039,261.243,260.459,259.688,258.929,258.181,257.445,256.72,256.006,255.303,254.609,253.925,253.25,252.585,251.929,251.281,250.642,250.012,249.389,248.774,248.167,247.567,246.974,246.389,245.81,245.238,244.673,244.114,243.562,243.016,242.475,241.941,241.412,240.889,240.371,239.859,239.352,238.85,238.353
610.666,604.831,598.317,590.9,582.208,571.559,557.452,535.2,476.806,411.901,387.543,373.472,363.442,355.59,349.105,343.563,338.713,334.393,330.494,326.935,323.661,320.625,317.795,315.142,312.645,310.285,308.047,305.918,303.888,301.948,300.089,298.305,296.589,294.937,293.343,291.803,290.314,288.872,287.475,286.118,284.801,283.52,282.273,281.06,279.877,278.723,277.597,276.498,275.424,274.374,273.347,272.341,271.357,270.393,269.448,268.521,267.612,266.72,265.844,264.985,264.14,263.31,262.494,261.692,260.903,260.126,259.362,258.61,257.869,257.14,256.421,255.713,255.015,254.327,253.648,252.979,252.319,251.668,251.025,250.391,249.764,249.146,248.536,247.932,247.337,246.748,246.167,245.592,245.024,244.462,243.907,243.358,242.815,242.278,241.746,241.221,240.701,240.186,239.677,239.172,238.673
611.766,606.07,599.739,592.573,584.249,574.197,561.234,542.121,500.053,425.189,393.896,377.768,366.753,358.317,351.444,345.623,340.562,336.077,332.043,328.374,325.006,321.891,318.992,316.278,313.727,311.319,309.038,306.871,304.806,302.834,300.945,299.134,297.393,295.718,294.102,292.542,291.034,289.575,288.16,286.788,285.456,284.161,282.901,281.675,280.48,279.315,278.179,277.069,275.985,274.925,273.889,272.875,271.882,270.91,269.957,269.023,268.107,267.208,266.326,265.46,264.609,263.773,262.951,262.143,261.348,260.567,259.797,259.04,258.295,257.561,256.837,256.125,255.422,254.73,254.048,253.374,252.71,252.055,251.409,250.771,250.141,249.52,248.906,248.299,247.701,247.109,246.524,245.946,245.375,244.811,244.253,243.701,243.155,242.616,242.082,241.554,241.031,240.514,240.002,239.496,238.994
612.837,607.272,601.112,594.176,586.183,576.65,564.625,547.756,516.481,443.52,401.392,382.523,370.315,361.204,353.894,347.766,342.476,337.812,333.635,329.849,326.382,323.183,320.211,317.434,314.827,312.37,310.044,307.837,305.736,303.73,301.812,299.973,298.206,296.507,294.869,293.289,291.761,290.284,288.852,287.464,286.116,284.807,283.534,282.295,281.088,279.911,278.764,277.643,276.549,275.48,274.435,273.412,272.411,271.43,270.469,269.528,268.604,267.699,266.81,265.937,265.08,264.238,263.41,262.596,261.796,261.009,260.235,259.473,258.722,257.983,257.255,256.538,255.832,255.135,254.449,253.771,253.103,252.445,251.795,251.153,250.52,249.895,249.277,248.668,248.066,247.471,246.883,246.302,245.728,245.161,244.6,244.045,243.497,242.955,242.418,241.887,241.362,240.843,240.329,239.82,239.316
613.882,608.441,602.438,595.715,588.021,578.944,567.705,552.529,527.473,465.494,410.536,387.854,374.169,364.271,356.467,349.998,344.458,339.601,335.271,331.36,327.789,324.502,321.454,318.611,315.946,313.437,311.066,308.817,306.678,304.639,302.689,300.821,299.028,297.304,295.644,294.042,292.495,290.999,289.55,288.145,286.782,285.459,284.172,282.919,281.7,280.512,279.353,278.222,277.118,276.039,274.984,273.952,272.942,271.953,270.985,270.035,269.105,268.192,267.296,266.417,265.553,264.705,263.871,263.052,262.246,261.454,260.674,259.907,259.152,258.408,257.675,256.954,256.243,255.542,254.851,254.17,253.498,252.835,252.181,251.536,250.899,250.271,249.65,249.037,248.432,247.834,247.243,246.659,246.082,245.512,244.948,244.391,243.84,243.295,242.756,242.222,241.695,241.173,240.656,240.145,239.639
614.902,609.577,603.723,597.196,589.774,581.101,570.531,556.685,535.569,487.077,422.185,393.927,378.375,367.544,359.177,352.329,346.514,341.449,336.955,332.911,329.23,325.849,322.721,319.81,317.084,314.522,312.102,309.811,307.633,305.558,303.576,301.679,299.859,298.11,296.426,294.803,293.236,291.72,290.254,288.833,287.454,286.115,284.814,283.549,282.317,281.116,279.946,278.804,277.69,276.601,275.536,274.495,273.477,272.48,271.503,270.546,269.608,268.688,267.785,266.899,266.029,265.174,264.335,263.51,262.698,261.9,261.115,260.343,259.583,258.834,258.097,257.371,256.655,255.95,255.255,254.57,253.894,253.227,252.57,251.921,251.28,250.648,250.024,249.408,248.799,248.198,247.604,247.017,246.437,245.864,245.297,244.737,244.183,243.636,243.094,242.558,242.028,241.504,240.985,240.471,239.963
615.899,610.683,604.969,598.623,591.45,583.139,573.146,560.376,541.989,505.671,437.56,400.99,383.004,371.054,362.04,354.767,348.651,343.36,338.689,334.503,330.705,327.226,324.015,321.031,318.242,315.624,313.155,310.819,308.602,306.49,304.475,302.548,300.7,298.925,297.217,295.571,293.983,292.449,290.964,289.526,288.131,286.777,285.462,284.183,282.938,281.725,280.543,279.391,278.265,277.166,276.092,275.042,274.015,273.009,272.024,271.059,270.114,269.186,268.276,267.384,266.507,265.646,264.801,263.97,263.153,262.349,261.559,260.781,260.016,259.262,258.52,257.79,257.07,256.36,255.661,254.971,254.292,253.621,252.96,252.307,251.663,251.027,250.4,249.78,249.168,248.564,247.966,247.377,246.794,246.217,245.648,245.085,244.528,243.978,243.433,242.895,242.362,241.835,241.314,240.798,240.287
616.873,611.761,606.178,600.001,593.057,585.071,575.582,563.702,547.327,518.925,456.561,409.424,388.159,374.842,365.077,357.325,350.875,345.338,340.478,336.139,332.217,328.635,325.336,322.276,319.421,316.745,314.225,311.842,309.583,307.435,305.385,303.426,301.55,299.748,298.016,296.348,294.739,293.184,291.681,290.225,288.814,287.445,286.115,284.822,283.564,282.339,281.145,279.981,278.845,277.736,276.652,275.592,274.556,273.542,272.548,271.576,270.622,269.687,268.771,267.871,266.988,266.121,265.269,264.432,263.609,262.8,262.004,261.221,260.451,259.692,258.946,258.21,257.486,256.772,256.068,255.375,254.691,254.016,253.351,252.694,252.047,251.407,250.776,250.153,249.538,248.93,248.33,247.737,247.151,246.572,245.999,245.434,244.874,244.321,243.774,243.233,242.698,242.168,241.644,241.126,240.613
617.825,612.813,607.353,601.334,594.6,586.91,577.865,566.736,551.911,528.461,475.999,419.837,393.978,378.959,368.31,360.016,353.196,347.39,342.323,337.823,333.768,330.077,326.685,323.545,320.622,317.885,315.311,312.881,310.579,308.392,306.307,304.316,302.41,300.581,298.824,297.132,295.501,293.926,292.404,290.931,289.503,288.118,286.773,285.466,284.194,282.957,281.751,280.575,279.428,278.309,277.215,276.146,275.1,274.077,273.076,272.095,271.134,270.191,269.267,268.361,267.471,266.597,265.739,264.896,264.067,263.253,262.452,261.663,260.888,260.124,259.373,258.633,257.904,257.185,256.477,255.779,255.091,254.413,253.744,253.083,252.432,251.789,251.154,250.528,249.909,249.298,248.695,248.099,247.51,246.928,246.352,245.783,245.221,244.665,244.116,243.572,243.034,242.502,241.976,241.455,240.939
618.758,613.839,608.495,602.625,596.086,588.664,580.015,569.528,555.94,535.821,494.486,433.079,400.66,383.468,371.77,362.854,355.622,349.52,344.231,339.556,335.361,331.553,328.063,324.84,321.845,319.045,316.415,313.936,311.589,309.362,307.241,305.217,303.28,301.423,299.64,297.924,296.271,294.676,293.134,291.642,290.197,288.796,287.436,286.115,284.83,283.579,282.361,281.174,280.016,278.886,277.782,276.703,275.648,274.616,273.606,272.617,271.648,270.698,269.767,268.853,267.957,267.076,266.212,265.363,264.528,263.708,262.901,262.107,261.327,260.558,259.802,259.057,258.323,257.6,256.888,256.186,255.494,254.811,254.138,253.474,252.819,252.172,251.534,250.904,250.282,249.668,249.061,248.462,247.869,247.284,246.706,246.134,245.569,245.011,244.458,243.912,243.371,242.837,242.308,241.785,241.267
619.671,614.842,609.608,603.877,597.519,590.342,582.048,572.119,559.541,541.819,509.588,449.455,408.502,388.458,375.492,365.86,358.164,351.736,346.205,341.342,336.997,333.065,329.473,326.162,323.091,320.225,317.538,315.007,312.615,310.346,308.187,306.128,304.161,302.275,300.465,298.725,297.049,295.432,293.871,292.361,290.898,289.481,288.105,286.769,285.47,284.206,282.976,281.777,280.607,279.466,278.352,277.263,276.199,275.158,274.14,273.142,272.165,271.208,270.269,269.348,268.445,267.558,266.687,265.832,264.991,264.165,263.353,262.554,261.767,260.994,260.232,259.483,258.744,258.017,257.3,256.594,255.897,255.211,254.534,253.866,253.207,252.557,251.915,251.281,250.656,250.038,249.428,248.826,248.23,247.642,247.061,246.486,245.919,245.357,244.802,244.253,243.71,243.173,242.641,242.115,241.595
620.565,615.822,610.693,605.092,598.902,591.952,583.978,574.538,562.804,546.895,520.748,467.053,417.948,394.044,379.522,369.053,360.834,354.046,348.251,343.185,338.679,334.617,330.915,327.512,324.362,321.428,318.68,316.095,313.655,311.343,309.146,307.052,305.052,303.137,301.3,299.535,297.835,296.197,294.615,293.085,291.605,290.171,288.779,287.428,286.116,284.838,283.595,282.384,281.203,280.051,278.926,277.828,276.754,275.704,274.676,273.67,272.685,271.72,270.774,269.846,268.935,268.042,267.165,266.303,265.456,264.624,263.806,263.002,262.21,261.432,260.665,259.91,259.167,258.435,257.714,257.003,256.303,255.612,254.931,254.259,253.596,252.942,252.297,251.66,251.031,250.41,249.797,249.191,248.593,248.001,247.417,246.84,246.269,245.704,245.147,244.595,244.049,243.509,242.975,242.447,241.924
621.443,616.781,611.751,606.273,600.241,593.499,585.815,576.808,565.791,551.305,529.214,484.182,429.6,400.389,383.916,372.462,363.647,356.459,350.374,345.089,340.411,336.209,332.392,328.892,325.659,322.652,319.841,317.201,314.712,312.355,310.118,307.988,305.954,304.009,302.144,300.353,298.629,296.968,295.366,293.817,292.318,290.867,289.459,288.093,286.766,285.475,284.219,282.995,281.803,280.64,279.504,278.396,277.312,276.253,275.216,274.202,273.209,272.235,271.282,270.346,269.429,268.528,267.644,266.776,265.924,265.086,264.262,263.452,262.655,261.871,261.1,260.34,259.592,258.856,258.13,257.415,256.71,256.015,255.33,254.654,253.987,253.33,252.681,252.04,251.408,250.783,250.167,249.558,248.956,248.362,247.774,247.194,246.62,246.053,245.492,244.938,244.389,243.847,243.311,242.78,242.255
622.303,617.719,612.783,607.422,601.537,594.989,587.57,578.949,568.55,555.214,535.981,499.861,443.83,407.728,388.75,376.119,366.621,358.984,352.581,347.058,342.194,337.844,333.905,330.302,326.982,323.9,321.024,318.326,315.785,313.382,311.103,308.936,306.868,304.891,302.997,301.18,299.432,297.748,296.124,294.555,293.038,291.569,290.145,288.763,287.421,286.117,284.847,283.611,282.407,281.232,280.086,278.967,277.874,276.805,275.759,274.736,273.735,272.754,271.792,270.849,269.925,269.017,268.127,267.252,266.393,265.549,264.72,263.904,263.102,262.313,261.536,260.772,260.019,259.277,258.547,257.828,257.118,256.419,255.73,255.05,254.38,253.718,253.066,252.421,251.786,251.158,250.538,249.926,249.321,248.723,248.133,247.549,246.973,246.403,245.839,245.282,244.731,244.186,243.647,243.113,242.586
623.147,618.638,613.792,608.541,602.795,596.426,589.25,580.976,571.116,558.73,541.62,512.467,459.688,416.393,394.122,380.064,369.774,361.633,354.879,349.097,344.034,339.525,335.456,331.745,328.333,325.172,322.227,319.469,316.875,314.424,312.103,309.896,307.793,305.784,303.861,302.016,300.242,298.535,296.889,295.3,293.764,292.277,290.837,289.439,288.082,286.763,285.48,284.232,283.015,281.829,280.672,279.542,278.439,277.361,276.306,275.274,274.264,273.275,272.305,271.355,270.423,269.509,268.612,267.731,266.866,266.015,265.18,264.359,263.551,262.756,261.974,261.205,260.447,259.701,258.966,258.242,257.529,256.825,256.132,255.448,254.774,254.109,253.452,252.804,252.165,251.534,250.91,250.295,249.687,249.086,248.493,247.906,247.326,246.754,246.187,245.627,245.073,244.526,243.984,243.448,242.918
623.976,619.539,614.778,609.632,604.016,597.815,590.862,582.902,573.516,561.93,546.461,522.15,475.383,426.821,400.167,384.348,373.133,364.42,357.277,351.212,345.934,341.254,337.047,333.222,329.713,326.47,323.453,320.632,317.982,315.483,313.117,310.87,308.73,306.688,304.734,302.861,301.062,299.331,297.663,296.053,294.497,292.992,291.534,290.12,288.748,287.415,286.118,284.857,283.628,282.43,281.262,280.121,279.008,277.92,276.856,275.815,274.796,273.799,272.821,271.864,270.924,270.003,269.099,268.212,267.34,266.484,265.642,264.815,264.002,263.202,262.415,261.64,260.878,260.127,259.387,258.659,257.941,257.233,256.536,255.848,255.169,254.5,253.84,253.188,252.545,251.911,251.284,250.665,250.054,249.45,248.853,248.264,247.681,247.105,246.536,245.973,245.417,244.867,244.322,243.784,243.251
624.791,620.422,615.743,610.695,605.203,599.158,592.412,584.738,575.772,564.872,550.712,529.794,490.507,439.345,407.072,389.035,376.725,367.361,359.785,353.41,347.897,343.035,338.68,334.734,331.124,327.794,324.702,321.816,319.108,316.557,314.145,311.857,309.68,307.604,305.618,303.716,301.891,300.135,298.444,296.813,295.237,293.713,292.238,290.807,289.419,288.072,286.761,285.486,284.245,283.035,281.856,280.704,279.581,278.482,277.409,276.359,275.332,274.326,273.341,272.375,271.428,270.5,269.589,268.695,267.817,266.954,266.107,265.274,264.455,263.649,262.857,262.077,261.31,260.554,259.81,259.077,258.354,257.642,256.941,256.249,255.566,254.893,254.229,253.574,252.927,252.289,251.659,251.037,250.422,249.815,249.215,248.623,248.037,247.458,246.886,246.321,245.762,245.208,244.662,244.12,243.585
625.591,621.288,616.687,611.734,606.357,600.46,593.905,586.492,577.903,567.596,554.507,536.072,503.862,453.544,415.09,394.211,380.588,370.474,362.412,355.696,349.929,344.871,340.359,336.285,332.566,329.145,325.975,323.021,320.253,317.649,315.189,312.858,310.642,308.53,306.513,304.581,302.728,300.947,299.233,297.58,295.984,294.441,292.947,291.5,290.096,288.734,287.409,286.121,284.866,283.645,282.453,281.291,280.157,279.049,277.966,276.907,275.87,274.856,273.863,272.889,271.935,270.999,270.081,269.18,268.296,267.427,266.574,265.735,264.91,264.099,263.301,262.516,261.744,260.983,260.234,259.496,258.77,258.053,257.347,256.651,255.965,255.288,254.62,253.961,253.311,252.669,252.035,251.41,250.792,250.181,249.579,248.983,248.394,247.813,247.238,246.669,246.107,245.551,245.002,244.458,243.92
626.377,622.138,617.612,612.749,607.482,601.723,595.346,588.173,579.924,570.135,557.941,541.398,514.666,468.03,424.547,399.986,384.765,373.781,365.172,358.079,352.036,346.765,342.086,337.875,334.043,330.526,327.274,324.248,321.417,318.758,316.248,313.873,311.617,309.469,307.419,305.456,303.575,301.768,300.03,298.354,296.737,295.175,293.663,292.199,290.779,289.401,288.062,286.76,285.493,284.258,283.055,281.882,280.737,279.619,278.526,277.458,276.412,275.389,274.388,273.406,272.445,271.501,270.576,269.669,268.777,267.902,267.043,266.198,265.367,264.551,263.748,262.957,262.18,261.414,260.66,259.918,259.187,258.466,257.756,257.055,256.365,255.684,255.012,254.349,253.696,253.05,252.413,251.784,251.163,250.549,249.943,249.344,248.753,248.168,247.59,247.019,246.454,245.895,245.343,244.797,244.256
627.151,622.972,618.518,613.74,608.578,602.949,596.739,589.786,581.845,572.516,561.081,546.028,523.252,482.126,435.716,406.51,389.315,377.31,368.08,360.567,354.222,348.722,343.863,339.506,335.555,331.937,328.598,325.498,322.602,319.885,317.324,314.903,312.606,310.42,308.335,306.342,304.432,302.598,300.835,299.137,297.498,295.916,294.386,292.904,291.467,290.074,288.72,287.404,286.123,284.877,283.662,282.477,281.321,280.192,279.09,278.012,276.958,275.926,274.916,273.926,272.957,272.006,271.074,270.159,269.261,268.38,267.514,266.663,265.827,265.005,264.196,263.4,262.618,261.847,261.088,260.341,259.605,258.88,258.165,257.461,256.766,256.081,255.406,254.739,254.082,253.433,252.792,252.159,251.535,250.918,250.309,249.707,249.112,248.524,247.944,247.369,246.802,246.24,245.685,245.137,244.594
627.912,623.792,619.406,614.711,609.648,604.141,598.087,591.339,583.678,574.758,563.976,550.131,530.241,495.408,448.437,413.984,394.307,381.093,371.152,363.172,356.495,350.747,345.694,341.183,337.104,333.379,329.95,326.771,323.808,321.031,318.417,315.948,313.608,311.384,309.264,307.238,305.298,303.437,301.649,299.927,298.267,296.664,295.115,293.615,292.161,290.752,289.383,288.053,286.759,285.499,284.272,283.076,281.909,280.77,279.657,278.57,277.506,276.465,275.447,274.449,273.472,272.514,271.574,270.653,269.748,268.86,267.988,267.131,266.288,265.461,264.646,263.845,263.057,262.282,261.518,260.766,260.026,259.296,258.577,257.868,257.17,256.481,255.801,255.131,254.469,253.817,253.172,252.536,251.908,251.288,250.676,250.071,249.473,248.882,248.298,247.721,247.151,246.587,246.029,245.477,244.932
628.661,624.597,620.278,615.66,610.692,605.301,599.393,592.835,585.431,576.878,566.665,553.82,536.106,506.931,461.802,422.651,399.838,385.169,374.41,365.905,358.862,352.844,347.583,342.906,338.692,334.855,331.331,328.07,325.035,322.196,319.527,317.009,314.625,312.361,310.204,308.145,306.175,304.286,302.471,300.726,299.043,297.419,295.85,294.332,292.861,291.436,290.051,288.707,287.399,286.127,284.887,283.679,282.501,281.351,280.228,279.131,278.058,277.008,275.981,274.975,273.99,273.024,272.077,271.148,270.237,269.342,268.464,267.6,266.752,265.919,265.099,264.292,263.499,262.718,261.95,261.193,260.448,259.714,258.99,258.277,257.574,256.881,256.198,255.523,254.858,254.202,253.554,252.914,252.283,251.66,251.044,250.436,249.835,249.241,248.654,248.074,247.501,246.934,246.373,245.819,245.271
629.398,625.389,621.133,616.591,611.712,606.431,600.661,594.279,587.111,578.89,569.178,557.174,541.158,516.396,474.879,432.731,406.027,389.588,377.876,368.779,361.332,355.019,349.534,344.679,340.322,336.366,332.741,329.395,326.286,323.382,320.656,318.086,315.656,313.351,311.156,309.063,307.062,305.144,303.303,301.532,299.827,298.182,296.593,295.056,293.568,292.125,290.725,289.366,288.044,286.758,285.506,284.286,283.097,281.936,280.803,279.695,278.613,277.554,276.518,275.504,274.511,273.537,272.583,271.647,270.728,269.827,268.942,268.073,267.218,266.379,265.553,264.741,263.943,263.157,262.383,261.622,260.872,260.133,259.405,258.688,257.98,257.283,256.596,255.918,255.249,254.589,253.937,253.294,252.659,252.032,251.413,250.802,250.198,249.601,249.011,248.428,247.852,247.282,246.719,246.162,245.611
630.124,626.167,621.972,617.502,612.709,607.533,601.892,595.675,588.725,580.806,571.538,560.254,545.598,524.133,487.571,444.185,413.034,394.411,381.581,371.811,363.913,357.278,351.55,346.506,341.995,337.913,334.183,330.747,327.56,324.588,321.803,319.18,316.703,314.354,312.121,309.993,307.959,306.012,304.143,302.347,300.619,298.952,297.342,295.786,294.28,292.82,291.405,290.03,288.694,287.395,286.13,284.898,283.697,282.525,281.381,280.264,279.172,278.104,277.059,276.036,275.035,274.053,273.091,272.148,271.222,270.314,269.423,268.547,267.687,266.841,266.01,265.193,264.388,263.597,262.819,262.052,261.297,260.554,259.822,259.1,258.388,257.687,256.995,256.313,255.64,254.977,254.321,253.675,253.037,252.406,251.784,251.169,250.562,249.962,249.369,248.783,248.204,247.631,247.065,246.506,245.952
630.839,626.933,622.797,618.396,613.685,608.608,603.089,597.027,590.279,582.635,573.765,563.104,549.564,530.585,499.254,456.449,421.046,399.718,385.559,375.018,366.618,359.629,353.637,348.388,343.715,339.5,335.658,332.127,328.859,325.817,322.969,320.292,317.765,315.372,313.099,310.935,308.868,306.89,304.993,303.171,301.418,299.729,298.098,296.523,294.998,293.522,292.09,290.7,289.35,288.036,286.759,285.514,284.301,283.118,281.963,280.836,279.734,278.657,277.603,276.571,275.561,274.572,273.602,272.652,271.719,270.804,269.906,269.024,268.157,267.306,266.469,265.646,264.836,264.04,263.256,262.485,261.725,260.977,260.24,259.514,258.798,258.092,257.397,256.711,256.034,255.366,254.707,254.057,253.415,252.782,252.156,251.538,250.927,250.324,249.728,249.139,248.557,247.982,247.413,246.851,246.294
631.543,627.687,623.607,619.272,614.64,609.657,604.254,598.337,591.777,584.386,575.873,565.758,553.151,536.097,509.347,468.667,430.236,405.609,389.854,378.424,369.459,362.078,355.8,350.331,345.484,341.127,337.167,333.537,330.184,327.068,324.155,321.421,318.843,316.405,314.091,311.888,309.787,307.778,305.853,304.004,302.226,300.514,298.862,297.267,295.723,294.229,292.78,291.375,290.01,288.683,287.392,286.134,284.909,283.715,282.549,281.411,280.3,279.213,278.15,277.11,276.091,275.094,274.116,273.158,272.218,271.296,270.391,269.503,268.63,267.772,266.93,266.101,265.286,264.484,263.695,262.919,262.154,261.401,260.66,259.929,259.209,258.499,257.799,257.109,256.429,255.757,255.095,254.441,253.795,253.158,252.529,251.908,251.294,250.688,250.089,249.497,248.912,248.333,247.762,247.197,246.638
632.237,628.428,624.404,620.133,615.576,610.682,605.389,599.609,593.224,586.065,577.876,568.244,556.429,540.904,517.785,480.579,440.619,412.21,394.52,382.053,372.45,364.637,358.045,352.339,347.304,342.797,338.713,334.978,331.536,328.342,325.362,322.568,319.938,317.452,315.095,312.855,310.718,308.677,306.722,304.846,303.043,301.307,299.633,298.017,296.455,294.942,293.477,292.056,290.675,289.334,288.029,286.759,285.522,284.316,283.139,281.991,280.869,279.772,278.7,277.651,276.624,275.619,274.633,273.667,272.72,271.791,270.879,269.984,269.105,268.241,267.393,266.558,265.738,264.931,264.136,263.355,262.585,261.828,261.081,260.346,259.622,258.908,258.204,257.509,256.825,256.15,255.483,254.826,254.177,253.536,252.903,252.279,251.662,251.052,250.45,249.855,249.267,248.686,248.112,247.544,246.982
632.922,629.159,625.187,620.977,616.492,611.685,606.496,600.845,594.624,587.68,579.786,570.583,559.451,545.171,524.844,491.977,451.856,419.669,399.622,385.938,375.608,367.313,360.378,354.415,349.18,344.512,340.297,336.452,332.916,329.641,326.591,323.735,321.05,318.515,316.114,313.834,311.661,309.586,307.601,305.697,303.868,302.108,300.412,298.775,297.193,295.662,294.179,292.742,291.346,289.99,288.672,287.389,286.139,284.921,283.733,282.574,281.442,280.335,279.254,278.196,277.16,276.146,275.153,274.179,273.225,272.289,271.37,270.468,269.583,268.713,267.858,267.018,266.191,265.379,264.579,263.793,263.018,262.256,261.505,260.765,260.036,259.318,258.61,257.911,257.223,256.543,255.873,255.212,254.559,253.915,253.279,252.651,252.031,251.418,250.813,250.215,249.624,249.04,248.462,247.892,247.327
633.597,629.878,625.958,621.807,617.391,612.666,607.575,602.046,595.979,589.234,581.61,572.793,562.255,549.008,530.847,502.323,463.293,428.121,405.245,390.115,378.953,370.12,362.808,356.566,351.116,346.276,341.921,337.959,334.325,330.966,327.842,324.922,322.18,319.594,317.148,314.826,312.616,310.507,308.49,306.558,304.702,302.917,301.198,299.54,297.938,296.388,294.888,293.434,292.022,290.652,289.319,288.023,286.761,285.531,284.331,283.161,282.018,280.902,279.811,278.744,277.699,276.677,275.676,274.694,273.732,272.789,271.863,270.955,270.062,269.186,268.325,267.479,266.647,265.829,265.025,264.233,263.453,262.686,261.93,261.186,260.452,259.729,259.017,258.315,257.622,256.939,256.265,255.6,254.944,254.296,253.656,253.025,252.401,251.785,251.177,250.576,249.982,249.395,248.814,248.241,247.674
634.263,630.587,626.716,622.622,618.273,613.626,608.63,603.216,597.293,590.734,583.358,574.888,564.874,552.5,536.051,511.293,474.448,437.603,411.49,394.633,382.509,373.07,365.342,358.795,353.113,348.091,343.587,339.503,335.765,332.317,329.117,326.13,323.328,320.69,318.196,315.832,313.583,311.439,309.39,307.428,305.545,303.735,301.992,300.312,298.689,297.121,295.602,294.131,292.704,291.318,289.971,288.662,287.386,286.144,284.933,283.752,282.599,281.472,280.371,279.295,278.242,277.211,276.201,275.212,274.242,273.291,272.359,271.443,270.545,269.662,268.795,267.943,267.105,266.282,265.472,264.674,263.89,263.117,262.357,261.608,260.87,260.143,259.426,258.719,258.023,257.336,256.658,255.989,255.329,254.678,254.035,253.4,252.773,252.154,251.542,250.938,250.341,249.751,249.168,248.591,248.021
634.919,631.286,627.463,623.424,619.138,614.567,609.66,604.356,598.568,592.183,585.035,576.882,567.332,555.704,540.641,518.919,485.322,447.912,418.475,399.547,386.304,376.179,367.99,361.111,355.179,349.959,345.298,341.083,337.236,333.696,330.416,327.359,324.496,321.803,319.26,316.852,314.563,312.383,310.301,308.308,306.397,304.561,302.794,301.092,299.448,297.86,296.323,294.835,293.391,291.99,290.629,289.305,288.017,286.762,285.539,284.347,283.183,282.046,280.935,279.849,278.787,277.748,276.73,275.732,274.755,273.797,272.857,271.935,271.029,270.14,269.267,268.409,267.566,266.736,265.921,265.118,264.328,263.551,262.786,262.032,261.289,260.558,259.837,259.126,258.425,257.734,257.052,256.38,255.716,255.061,254.415,253.776,253.146,252.524,251.909,251.301,250.701,250.108,249.522,248.942,248.37
635.567,631.975,628.198,624.212,619.988,615.488,610.668,605.467,599.808,593.584,586.649,578.784,569.649,558.669,544.747,525.422,495.569,458.578,426.306,404.927,390.37,379.466,370.762,363.52,357.316,351.886,347.056,342.704,338.742,335.104,331.74,328.61,325.683,322.933,320.34,317.886,315.557,313.339,311.223,309.199,307.259,305.396,303.605,301.879,300.214,298.606,297.051,295.544,294.084,292.667,291.291,289.954,288.652,287.385,286.15,284.946,283.771,282.624,281.503,280.407,279.336,278.288,277.261,276.256,275.271,274.305,273.358,272.429,271.516,270.621,269.741,268.877,268.028,267.193,266.372,265.564,264.769,263.987,263.216,262.458,261.711,260.974,260.249,259.534,258.829,258.134,257.448,256.772,256.104,255.446,254.796,254.154,253.52,252.894,252.276,251.666,251.062,250.466,249.877,249.295,248.719
636.207,632.654,628.922,624.987,620.822,616.392,611.654,606.551,601.013,594.942,588.203,580.603,571.841,561.429,548.466,531.042,504.813,469.09,435.026,410.857,394.749,382.951,373.672,366.03,359.53,353.874,348.864,344.366,340.282,336.542,333.09,329.884,326.89,324.082,321.436,318.935,316.563,314.307,312.156,310.1,308.13,306.24,304.424,302.674,300.988,299.359,297.784,296.26,294.783,293.35,291.959,290.607,289.292,288.012,286.764,285.549,284.363,283.205,282.074,280.969,279.888,278.831,277.796,276.782,275.789,274.816,273.861,272.925,272.006,271.104,270.218,269.348,268.492,267.652,266.825,266.011,265.211,264.424,263.649,262.885,262.133,261.393,260.663,259.943,259.234,258.535,257.845,257.165,256.494,255.832,255.178,254.533,253.896,253.267,252.645,252.031,251.425,250.826,250.234,249.648,249.07
636.839,633.324,629.635,625.75,621.642,617.279,612.619,607.611,602.187,596.259,589.704,582.346,573.923,564.012,551.866,535.976,512.886,479.361,444.515,417.43,399.489,386.659,376.734,368.649,361.828,355.927,350.725,346.072,341.86,338.012,334.468,331.182,328.119,325.25,322.55,320,317.584,315.288,313.101,311.012,309.012,307.094,305.251,303.478,301.769,300.119,298.525,296.982,295.488,294.038,292.632,291.265,289.936,288.643,287.383,286.156,284.958,283.79,282.649,281.534,280.443,279.377,278.333,277.312,276.31,275.329,274.367,273.424,272.498,271.589,270.697,269.82,268.959,268.112,267.28,266.461,265.656,264.863,264.083,263.315,262.558,261.813,261.078,260.355,259.641,258.938,258.244,257.56,256.885,256.219,255.562,254.913,254.272,253.64,253.015,252.398,251.789,251.186,250.591,250.003,249.422
637.462,633.985,630.338,626.501,622.448,618.149,613.564,608.646,603.331,597.538,591.154,584.021,575.906,566.442,555,540.369,519.855,489.279,454.441,424.732,404.649,390.62,379.963,371.388,364.216,358.051,352.643,347.824,343.476,339.515,335.874,332.505,329.37,326.437,323.681,321.08,318.619,316.282,314.058,311.934,309.903,307.957,306.087,304.289,302.557,300.886,299.272,297.71,296.198,294.732,293.31,291.929,290.586,289.279,288.007,286.767,285.558,284.379,283.227,282.102,281.002,279.927,278.874,277.844,276.835,275.846,274.876,273.925,272.993,272.077,271.178,270.295,269.428,268.575,267.737,266.913,266.102,265.304,264.519,263.746,262.984,262.235,261.496,260.768,260.05,259.342,258.645,257.957,257.278,256.608,255.947,255.295,254.651,254.015,253.387,252.766,252.154,251.548,250.95,250.359,249.774
638.078,634.637,631.031,627.241,623.241,619.003,614.491,609.658,604.447,598.781,592.558,585.633,577.8,568.736,557.908,544.329,525.894,498.529,464.376,432.803,410.297,394.868,383.378,374.257,366.701,360.25,354.621,349.625,345.134,341.052,337.31,333.855,330.644,327.644,324.829,322.177,319.669,317.29,315.027,312.868,310.805,308.829,306.932,305.109,303.353,301.66,300.026,298.445,296.915,295.432,293.994,292.597,291.24,289.92,288.635,287.383,286.162,284.972,283.809,282.674,281.565,280.48,279.418,278.379,277.362,276.365,275.388,274.43,273.49,272.567,271.662,270.773,269.899,269.04,268.197,267.367,266.55,265.747,264.957,264.179,263.413,262.658,261.915,261.182,260.46,259.748,259.047,258.354,257.672,256.998,256.334,255.678,255.03,254.391,253.759,253.136,252.52,251.911,251.31,250.716,250.128
638.687,635.281,631.715,627.969,624.021,619.842,615.399,610.648,605.536,599.99,593.918,587.187,579.613,570.911,560.624,547.936,531.184,506.865,474.066,441.572,416.508,399.447,387.003,377.271,369.291,362.529,356.662,351.478,346.834,342.626,338.778,335.231,331.941,328.873,325.997,323.291,320.734,318.311,316.009,313.814,311.718,309.711,307.787,305.938,304.158,302.442,300.787,299.186,297.638,296.138,294.683,293.271,291.899,290.565,289.267,288.003,286.77,285.568,284.395,283.25,282.13,281.036,279.965,278.918,277.892,276.887,275.902,274.937,273.99,273.06,272.148,271.252,270.372,269.508,268.658,267.822,267.001,266.192,265.397,264.614,263.843,263.083,262.335,261.598,260.872,260.156,259.45,258.754,258.067,257.39,256.721,256.062,255.411,254.768,254.133,253.506,252.887,252.275,251.671,251.074,250.484
639.288,635.916,632.389,628.687,624.788,620.667,616.29,611.618,606.599,601.168,595.237,588.688,581.352,572.978,563.172,551.249,535.877,514.21,483.542,450.811,423.353,404.405,390.863,380.444,371.995,364.895,358.771,353.387,348.58,344.238,340.278,336.636,333.263,330.123,327.184,324.422,321.815,319.347,317.003,314.772,312.642,310.604,308.651,306.775,304.97,303.232,301.555,299.934,298.367,296.849,295.378,293.95,292.564,291.216,289.904,288.627,287.382,286.169,284.985,283.829,282.7,281.596,280.516,279.459,278.425,277.412,276.419,275.446,274.492,273.556,272.637,271.734,270.848,269.977,269.122,268.28,267.453,266.639,265.838,265.05,264.274,263.51,262.758,262.016,261.285,260.565,259.855,259.155,258.464,257.783,257.111,256.447,255.793,255.146,254.508,253.878,253.256,252.641,252.033,251.433,250.84
639.882,636.544,633.054,629.394,625.544,621.478,617.165,612.568,607.639,602.316,596.519,590.139,583.024,574.95,565.573,554.314,540.092,520.636,492.598,460.178,430.867,409.799,394.989,383.792,374.825,367.355,360.954,355.353,350.374,345.891,341.812,338.07,334.611,331.396,328.391,325.571,322.912,320.397,318.012,315.742,313.577,311.507,309.524,307.621,305.791,304.029,302.33,300.689,299.103,297.567,296.079,294.635,293.233,291.871,290.546,289.256,287.999,286.774,285.579,284.412,283.272,282.159,281.07,280.004,278.961,277.94,276.939,275.959,274.997,274.053,273.128,272.219,271.326,270.449,269.587,268.74,267.907,267.088,266.282,265.489,264.708,263.939,263.182,262.435,261.7,260.976,260.261,259.557,258.863,258.177,257.502,256.835,256.176,255.526,254.885,254.251,253.625,253.007,252.397,251.793,251.197
640.469,637.163,633.71,630.091,626.287,622.275,618.024,613.499,608.656,603.436,597.765,591.544,584.633,576.835,567.844,557.168,543.916,526.279,500.996,469.369,439.008,415.69,399.417,387.337,377.792,369.916,363.214,357.382,352.219,347.585,343.382,339.534,335.986,332.693,329.62,326.738,324.026,321.463,319.034,316.724,314.523,312.42,310.407,308.476,306.621,304.835,303.113,301.451,299.845,298.291,296.785,295.325,293.908,292.531,291.192,289.889,288.62,287.383,286.176,284.999,283.849,282.725,281.627,280.552,279.501,278.471,277.462,276.474,275.504,274.554,273.621,272.705,271.806,270.923,270.055,269.203,268.364,267.539,266.728,265.929,265.143,264.369,263.607,262.857,262.117,261.388,260.67,259.961,259.263,258.573,257.894,257.223,256.561,255.908,255.263,254.626,253.997,253.375,252.761,252.155,251.556
641.049,637.776,634.357,630.778,627.02,623.059,618.868,614.412,609.651,604.529,598.978,592.906,586.186,578.64,570.001,559.84,547.417,531.281,508.58,478.368,447.618,422.136,404.19,391.101,380.91,372.587,365.559,359.477,354.117,349.325,344.99,341.031,337.388,334.013,330.869,327.925,325.157,322.544,320.07,317.72,315.481,313.345,311.3,309.341,307.459,305.648,303.904,302.22,300.594,299.021,297.498,296.021,294.588,293.196,291.843,290.527,289.245,287.996,286.778,285.589,284.429,283.295,282.187,281.103,280.043,279.005,277.988,276.992,276.015,275.057,274.117,273.195,272.289,271.4,270.526,269.667,268.822,267.992,267.175,266.372,265.581,264.802,264.035,263.28,262.535,261.802,261.079,260.367,259.664,258.971,258.287,257.613,256.947,256.29,255.642,255.001,254.369,253.744,253.127,252.518,251.915
641.623,638.38,634.997,631.457,627.742,623.831,619.697,615.308,610.625,605.597,600.159,594.227,587.686,580.374,572.053,562.353,550.648,535.759,515.323,487.109,456.435,429.167,409.354,395.112,384.194,375.377,367.993,361.643,356.072,351.111,346.637,342.562,338.82,335.36,332.141,329.132,326.306,323.641,321.12,318.728,316.452,314.28,312.204,310.215,308.306,306.47,304.702,302.997,301.35,299.758,298.217,296.723,295.274,293.867,292.5,291.169,289.875,288.613,287.383,286.184,285.013,283.869,282.751,281.658,280.589,279.542,278.517,277.512,276.528,275.563,274.616,273.686,272.774,271.878,270.998,270.133,269.283,268.447,267.625,266.816,266.02,265.236,264.464,263.704,262.955,262.218,261.49,260.774,260.067,259.37,258.682,258.004,257.335,256.674,256.022,255.378,254.742,254.115,253.494,252.882,252.276
642.191,638.978,635.628,632.125,628.453,624.59,620.512,616.187,611.579,606.64,601.311,595.512,589.137,582.042,574.013,564.725,553.647,539.811,521.292,495.401,465.181,436.759,414.96,399.399,387.662,378.298,370.525,363.884,358.088,352.946,348.325,344.127,340.282,336.732,333.436,330.359,327.473,324.755,322.186,319.751,317.435,315.227,313.118,311.099,309.162,307.3,305.508,303.78,302.113,300.501,298.941,297.43,295.965,294.543,293.161,291.817,290.509,289.235,287.993,286.782,285.6,284.446,283.318,282.216,281.137,280.082,279.048,278.036,277.044,276.071,275.117,274.181,273.262,272.359,271.473,270.602,269.746,268.904,268.076,267.262,266.461,265.672,264.895,264.131,263.377,262.635,261.903,261.182,260.471,259.77,259.079,258.397,257.724,257.059,256.404,255.756,255.117,254.486,253.863,253.247,252.638
642.752,639.569,636.251,632.786,629.154,625.338,621.313,617.05,612.514,607.661,602.434,596.76,590.543,583.649,575.888,566.974,556.449,543.509,526.595,503.073,473.721,444.801,421.054,404,391.334,381.362,373.162,366.206,360.168,354.835,350.057,345.73,341.775,338.132,334.756,331.608,328.659,325.886,323.267,320.787,318.431,316.186,314.043,311.993,310.027,308.139,306.322,304.572,302.883,301.251,299.673,298.144,296.662,295.224,293.827,292.469,291.148,289.861,288.607,287.385,286.192,285.027,283.889,282.777,281.689,280.625,279.583,278.562,277.562,276.582,275.62,274.677,273.751,272.843,271.95,271.073,270.211,269.363,268.53,267.71,266.904,266.11,265.328,264.559,263.801,263.054,262.318,261.592,260.877,260.172,259.477,258.791,258.114,257.446,256.787,256.136,255.493,254.859,254.232,253.613,253.001
643.307,640.153,636.867,633.437,629.846,626.075,622.102,617.898,613.432,608.66,603.531,597.976,591.906,585.2,577.686,569.11,559.077,546.911,531.341,510.03,482.092,453.096,427.662,408.955,395.235,384.583,375.914,368.616,362.317,356.778,351.835,347.371,343.302,339.561,336.1,332.878,329.865,327.034,324.364,321.838,319.44,317.157,314.98,312.897,310.902,308.987,307.145,305.371,303.66,302.008,300.41,298.863,297.364,295.91,294.498,293.126,291.791,290.491,289.225,287.991,286.787,285.612,284.464,283.342,282.245,281.171,280.121,279.092,278.084,277.096,276.127,275.176,274.244,273.328,272.429,271.546,270.678,269.825,268.986,268.16,267.349,266.55,265.763,264.989,264.226,263.474,262.734,262.004,261.285,260.576,259.876,259.186,258.506,257.834,257.171,256.517,255.871,255.233,254.603,253.98,253.366
643.857,640.73,637.476,634.08,630.528,626.801,622.878,618.732,614.332,609.638,604.602,599.16,593.229,586.699,579.413,571.147,561.555,550.062,535.626,516.268,490.165,461.407,434.773,414.304,399.391,387.976,378.79,371.119,364.539,358.781,353.661,349.053,344.863,341.02,337.47,334.172,331.092,328.201,325.478,322.904,320.462,318.141,315.927,313.812,311.787,309.843,307.976,306.178,304.445,302.772,301.154,299.589,298.073,296.602,295.175,293.788,292.439,291.126,289.848,288.602,287.386,286.2,285.042,283.91,282.803,281.721,280.661,279.624,278.608,277.612,276.636,275.678,274.739,273.816,272.911,272.021,271.147,270.288,269.443,268.613,267.795,266.991,266.2,265.42,264.653,263.897,263.152,262.418,261.694,260.981,260.277,259.583,258.899,258.223,257.557,256.899,256.249,255.608,254.975,254.349,253.731
644.4,641.301,638.077,634.715,631.201,627.516,623.641,619.551,615.215,610.597,605.65,600.315,594.515,588.15,581.076,573.094,563.899,552.998,539.527,521.846,497.788,469.549,442.306,420.086,403.833,391.561,381.801,373.722,366.839,360.846,355.539,350.778,346.46,342.509,338.868,335.49,332.339,329.387,326.608,323.985,321.499,319.137,316.887,314.738,312.681,310.709,308.815,306.993,305.237,303.542,301.905,300.321,298.787,297.3,295.857,294.455,293.092,291.766,290.475,289.216,287.99,286.792,285.623,284.481,283.365,282.274,281.205,280.16,279.135,278.132,277.148,276.183,275.236,274.307,273.395,272.499,271.619,270.754,269.903,269.067,268.244,267.435,266.638,265.854,265.081,264.321,263.571,262.833,262.105,261.387,260.68,259.982,259.293,258.614,257.944,257.282,256.629,255.985,255.348,254.719,254.098
644.938,641.866,638.671,635.342,631.865,628.222,624.394,620.357,616.083,611.536,606.674,601.441,595.766,589.555,582.68,574.959,566.123,555.748,543.108,526.852,504.841,477.535,450.112,426.323,408.596,395.358,384.96,376.435,369.223,362.977,357.471,352.547,348.095,344.032,340.293,336.832,333.608,330.592,327.756,325.082,322.55,320.146,317.858,315.675,313.586,311.585,309.664,307.816,306.037,304.32,302.663,301.06,299.508,298.003,296.544,295.127,293.75,292.41,291.106,289.835,288.597,287.388,286.209,285.057,283.931,282.83,281.752,280.698,279.665,278.654,277.662,276.69,275.736,274.8,273.881,272.979,272.092,271.221,270.365,269.523,268.695,267.88,267.078,266.289,265.512,264.746,263.992,263.249,262.517,261.795,261.084,260.382,259.689,259.006,258.332,257.667,257.011,256.362,255.722,255.09,254.466
645.47,642.424,639.259,635.962,632.52,628.917,625.134,621.149,616.935,612.458,607.677,602.541,596.984,590.919,584.228,576.748,568.24,558.334,546.416,531.37,511.267,485.326,458,433.008,413.713,399.391,388.282,379.267,371.697,365.179,359.46,354.364,349.77,345.588,341.748,338.2,334.9,331.817,328.922,326.195,323.616,321.169,318.842,316.623,314.502,312.47,310.521,308.648,306.844,305.106,303.427,301.804,300.234,298.713,297.237,295.805,294.413,293.059,291.742,290.459,289.208,287.988,286.798,285.635,284.5,283.389,282.303,281.239,280.198,279.179,278.179,277.199,276.238,275.295,274.37,273.461,272.568,271.691,270.829,269.981,269.148,268.327,267.52,266.726,265.944,265.174,264.415,263.668,262.931,262.205,261.489,260.783,260.087,259.4,258.722,258.053,257.393,256.742,256.098,255.463,254.835
645.997,642.977,639.839,636.574,633.167,629.603,625.864,621.929,617.772,613.362,608.659,603.616,598.171,592.243,585.726,578.469,570.261,560.777,549.492,535.479,517.075,492.798,465.787,440.085,419.215,403.686,391.784,382.227,374.268,367.457,361.509,356.231,351.487,347.179,343.234,339.594,336.216,333.063,330.107,327.325,324.696,322.206,319.838,317.582,315.428,313.366,311.388,309.488,307.66,305.899,304.199,302.556,300.967,299.428,297.935,296.487,295.081,293.713,292.382,291.086,289.824,288.592,287.391,286.218,285.072,283.952,282.856,281.784,280.735,279.707,278.699,277.712,276.744,275.793,274.861,273.946,273.047,272.163,271.295,270.442,269.602,268.777,267.965,267.165,266.378,265.603,264.84,264.088,263.347,262.616,261.896,261.186,260.486,259.795,259.113,258.441,257.777,257.122,256.475,255.836,255.205
646.519,643.524,640.414,637.179,633.805,630.28,626.584,622.697,618.596,614.249,609.622,604.667,599.329,593.531,587.176,580.127,572.194,563.092,552.367,539.242,522.317,499.837,473.405,447.441,425.122,408.272,395.482,385.327,376.942,369.816,363.623,358.15,353.248,348.808,344.752,341.017,337.556,334.331,331.311,328.472,325.793,323.256,320.847,318.554,316.365,314.271,312.264,310.337,308.484,306.699,304.977,303.314,301.706,300.149,298.64,297.175,295.753,294.372,293.027,291.718,290.443,289.2,287.988,286.804,285.648,284.518,283.413,282.332,281.274,280.237,279.222,278.227,277.251,276.294,275.355,274.433,273.527,272.638,271.763,270.904,270.059,269.228,268.411,267.606,266.814,266.034,265.266,264.509,263.764,263.029,262.305,261.59,260.886,260.192,259.506,258.83,258.163,257.504,256.853,256.211,255.577
647.036,644.065,640.982,637.776,634.436,630.947,627.293,623.453,619.405,615.121,610.565,605.696,600.458,594.784,588.581,581.727,574.048,565.292,555.066,542.713,527.059,506.359,480.884,454.921,431.43,413.177,399.399,388.58,379.73,372.26,365.805,360.125,355.055,350.476,346.303,342.468,338.921,335.621,332.535,329.637,326.906,324.322,321.87,319.538,317.313,315.187,313.15,311.195,309.316,307.508,305.763,304.079,302.452,300.876,299.349,297.869,296.432,295.035,293.677,292.355,291.068,289.813,288.589,287.394,286.227,285.087,283.973,282.883,281.816,280.771,279.748,278.745,277.762,276.797,275.851,274.922,274.01,273.114,272.234,271.369,270.518,269.681,268.858,268.049,267.251,266.467,265.694,264.933,264.182,263.443,262.715,261.996,261.288,260.589,259.9,259.22,258.549,257.887,257.233,256.587,255.95
647.547,644.6,641.544,638.367,635.059,631.606,627.992,624.198,620.202,615.977,611.491,606.702,601.561,596.004,589.945,583.272,575.829,567.389,557.611,545.933,531.373,512.332,488.143,462.366,438.099,418.428,403.556,392.001,382.64,374.798,368.061,362.159,356.91,352.185,347.888,343.949,340.312,336.934,333.779,330.821,328.035,325.402,322.907,320.534,318.273,316.113,314.046,312.063,310.157,308.324,306.557,304.852,303.204,301.609,300.065,298.568,297.115,295.704,294.331,292.996,291.696,290.429,289.193,287.988,286.811,285.66,284.536,283.437,282.361,281.308,280.276,279.266,278.275,277.303,276.349,275.414,274.495,273.593,272.707,271.835,270.979,270.137,269.308,268.493,267.691,266.901,266.124,265.358,264.603,263.859,263.126,262.404,261.691,260.989,260.296,259.612,258.937,258.271,257.614,256.965,256.324
648.054,645.13,642.099,638.951,635.675,632.257,628.682,624.932,620.986,616.819,612.399,607.688,602.64,597.193,591.27,584.767,577.542,569.394,560.019,548.936,535.321,517.77,495.08,469.658,445.043,424.04,407.979,395.606,385.682,377.436,370.394,364.255,358.817,353.936,349.511,345.462,341.731,338.271,335.045,332.024,329.181,326.498,323.957,321.543,319.245,317.05,314.951,312.939,311.007,309.148,307.358,305.631,303.963,302.349,300.787,299.273,297.804,296.377,294.991,293.642,292.329,291.049,289.802,288.585,287.397,286.237,285.103,283.994,282.91,281.848,280.808,279.789,278.79,277.811,276.851,275.908,274.983,274.074,273.181,272.304,271.442,270.594,269.76,268.94,268.132,267.338,266.555,265.784,265.025,264.277,263.54,262.813,262.096,261.39,260.693,260.005,259.327,258.657,257.996,257.343,256.699
648.556,645.655,642.649,639.529,636.283,632.899,629.362,625.655,621.758,617.646,613.29,608.654,603.694,598.353,592.558,586.215,579.194,571.313,562.305,551.752,538.957,522.716,501.609,476.822,452.137,430.013,412.691,399.413,388.869,380.18,372.81,366.417,360.777,355.733,351.171,347.007,343.178,339.633,336.333,333.246,330.345,327.61,325.022,322.566,320.229,317.999,315.867,313.825,311.865,309.981,308.167,306.418,304.729,303.096,301.515,299.984,298.498,297.056,295.655,294.292,292.966,291.674,290.415,289.187,287.988,286.817,285.673,284.555,283.461,282.391,281.342,280.315,279.309,278.322,277.354,276.405,275.473,274.558,273.659,272.775,271.907,271.054,270.214,269.388,268.576,267.776,266.988,266.213,265.449,264.696,263.955,263.224,262.503,261.792,261.091,260.4,259.717,259.044,258.379,257.723,257.076
649.053,646.175,643.193,640.1,636.884,633.533,630.033,626.368,622.518,618.46,614.165,609.601,604.725,599.485,593.812,587.62,580.789,573.155,564.481,554.402,542.324,527.226,507.673,483.832,459.246,436.315,417.713,403.441,392.213,383.041,375.315,368.65,362.795,357.577,352.871,348.587,344.655,341.021,337.644,334.489,331.528,328.739,326.102,323.602,321.225,318.959,316.794,314.721,312.733,310.823,308.984,307.212,305.501,303.848,302.249,300.7,299.198,297.74,296.324,294.948,293.608,292.303,291.032,289.792,288.582,287.401,286.247,285.119,284.016,282.936,281.88,280.844,279.83,278.836,277.861,276.904,275.965,275.043,274.138,273.249,272.374,271.515,270.67,269.839,269.021,268.216,267.423,266.643,265.874,265.117,264.371,263.636,262.911,262.196,261.491,260.796,260.11,259.432,258.764,258.105,257.453
649.545,646.689,643.732,640.665,637.478,634.16,630.696,627.071,623.266,619.26,615.025,610.53,605.735,600.591,595.034,588.983,582.331,574.926,566.558,556.906,545.46,531.355,513.256,490.608,466.249,442.882,423.06,407.713,395.729,386.028,377.915,370.958,364.873,359.47,354.613,350.202,346.162,342.436,338.978,335.752,332.729,329.884,327.198,324.652,322.234,319.931,317.732,315.627,313.61,311.673,309.809,308.014,306.281,304.608,302.99,301.423,299.904,298.43,296.999,295.608,294.254,292.937,291.653,290.402,289.181,287.989,286.825,285.687,284.574,283.486,282.42,281.377,280.354,279.352,278.37,277.406,276.46,275.532,274.62,273.724,272.844,271.979,271.128,270.291,269.468,268.658,267.86,267.075,266.302,265.54,264.789,264.05,263.32,262.601,261.892,261.193,260.503,259.822,259.15,258.487,257.833
650.033,647.199,644.265,641.224,638.066,634.779,631.35,627.764,624.004,620.048,615.871,611.442,606.725,601.672,596.225,590.309,583.823,576.632,568.545,559.28,548.395,535.155,518.371,497.069,473.111,449.615,428.732,412.247,399.432,389.15,380.618,373.345,367.016,361.417,356.399,351.855,347.702,343.879,340.337,337.038,333.95,331.047,328.309,325.717,323.256,320.915,318.68,316.544,314.496,312.532,310.642,308.823,307.069,305.375,303.737,302.151,300.615,299.125,297.678,296.273,294.905,293.575,292.278,291.015,289.783,288.58,287.405,286.258,285.135,284.038,282.964,281.912,280.881,279.871,278.881,277.91,276.957,276.022,275.104,274.202,273.315,272.444,271.588,270.746,269.917,269.102,268.299,267.509,266.731,265.964,265.209,264.465,263.731,263.008,262.295,261.592,260.898,260.214,259.538,258.871,258.213
650.517,647.703,644.793,641.777,638.647,635.39,631.996,628.448,624.731,620.823,616.702,612.337,607.694,602.729,597.387,591.598,585.269,578.277,570.45,561.537,551.153,538.672,523.057,503.152,479.858,456.399,434.705,417.062,403.34,392.42,383.431,375.818,369.226,363.418,358.231,353.546,349.275,345.351,341.721,338.346,335.19,332.228,329.436,326.796,324.292,321.911,319.64,317.47,315.393,313.399,311.484,309.64,307.863,306.148,304.49,302.886,301.332,299.825,298.363,296.942,295.561,294.217,292.908,291.633,290.389,289.175,287.99,286.832,285.7,284.593,283.51,282.45,281.411,280.393,279.396,278.417,277.457,276.515,275.59,274.682,273.789,272.912,272.05,271.202,270.368,269.547,268.74,267.944,267.161,266.39,265.631,264.882,264.144,263.417,262.7,261.992,261.295,260.606,259.927,259.256,258.595
650.996,648.203,645.316,642.325,639.221,635.995,632.633,629.123,625.447,621.587,617.519,613.216,608.645,603.764,598.521,592.853,586.672,579.867,572.28,563.689,553.756,541.942,527.357,508.819,486.435,463.124,440.929,422.169,407.471,395.851,386.363,378.382,371.508,365.479,360.112,355.278,350.883,346.853,343.132,339.677,336.452,333.427,330.58,327.891,325.342,322.92,320.612,318.408,316.299,314.277,312.334,310.466,308.665,306.928,305.25,303.627,302.055,300.532,299.053,297.618,296.222,294.864,293.542,292.255,290.999,289.774,288.578,287.41,286.268,285.152,284.06,282.991,281.944,280.918,279.913,278.927,277.96,277.011,276.079,275.164,274.265,273.382,272.514,271.66,270.821,269.995,269.182,268.382,267.594,266.818,266.054,265.301,264.558,263.827,263.105,262.394,261.692,261,260.317,259.643,258.978
651.471,648.699,645.833,642.866,639.789,636.592,633.263,629.789,626.154,622.339,618.323,614.08,609.577,604.777,599.63,594.075,588.035,581.404,574.041,565.745,556.22,544.999,531.318,514.061,492.774,469.716,447.326,427.569,411.841,399.457,389.424,381.044,373.867,367.601,362.043,357.054,352.527,348.386,344.57,341.032,337.734,334.646,331.742,329.001,326.406,323.941,321.595,319.356,317.215,315.163,313.194,311.3,309.475,307.716,306.017,304.374,302.784,301.244,299.749,298.298,296.888,295.516,294.181,292.881,291.613,290.377,289.17,287.992,286.84,285.714,284.613,283.535,282.479,281.446,280.432,279.439,278.465,277.509,276.57,275.649,274.744,273.854,272.98,272.121,271.276,270.444,269.626,268.821,268.028,267.248,266.479,265.721,264.974,264.238,263.513,262.797,262.092,261.396,260.709,260.031,259.362
651.942,649.189,646.345,643.402,640.351,637.183,633.886,630.447,626.851,623.08,619.115,614.929,610.492,605.769,600.713,595.268,589.36,582.893,575.738,567.715,558.559,547.867,534.982,518.894,498.813,476.2,453.799,433.245,416.466,403.251,392.623,383.81,376.308,369.788,364.029,358.874,354.21,349.953,346.037,342.413,339.039,335.884,332.921,330.127,327.484,324.977,322.591,320.316,318.142,316.06,314.062,312.142,310.293,308.511,306.791,305.128,303.52,301.961,300.45,298.983,297.558,296.172,294.824,293.511,292.231,290.983,289.766,288.577,287.415,286.279,285.169,284.082,283.018,281.976,280.955,279.954,278.972,278.009,277.064,276.136,275.224,274.329,273.449,272.583,271.733,270.896,270.072,269.262,268.464,267.679,266.905,266.143,265.392,264.651,263.922,263.202,262.492,261.792,261.102,260.42,259.748
652.409,649.676,646.853,643.933,640.908,637.767,634.501,631.096,627.538,623.811,619.894,615.763,611.391,606.742,601.773,596.432,590.649,584.337,577.377,569.605,560.788,550.57,538.388,523.347,504.505,482.56,460.251,439.157,421.355,407.25,395.973,386.69,378.836,372.046,366.071,360.741,355.932,351.553,347.534,343.819,340.368,337.143,334.119,331.27,328.578,326.026,323.6,321.288,319.08,316.966,314.939,312.992,311.119,309.314,307.572,305.889,304.261,302.685,301.157,299.674,298.234,296.834,295.472,294.146,292.854,291.594,290.365,289.165,287.994,286.848,285.728,284.632,283.56,282.509,281.48,280.471,279.482,278.512,277.56,276.625,275.707,274.805,273.919,273.048,272.192,271.349,270.521,269.705,268.902,268.112,267.333,266.566,265.811,265.066,264.332,263.608,262.895,262.191,261.496,260.811,260.135
652.871,650.158,647.356,644.459,641.458,638.345,635.108,631.737,628.217,624.531,620.661,616.584,612.273,607.695,602.81,597.568,591.905,585.738,578.96,571.423,562.915,553.126,541.567,527.458,509.824,488.741,466.602,445.242,426.51,411.469,399.485,389.69,381.458,374.377,368.173,362.658,357.697,353.189,349.061,345.253,341.719,338.423,335.335,332.43,329.687,327.089,324.621,322.271,320.028,317.882,315.826,313.852,311.953,310.124,308.36,306.657,305.009,303.415,301.869,300.37,298.914,297.5,296.124,294.785,293.48,292.209,290.969,289.758,288.576,287.42,286.291,285.186,284.104,283.045,282.008,280.992,279.995,279.017,278.058,277.117,276.192,275.284,274.392,273.515,272.653,271.805,270.971,270.15,269.342,268.547,267.763,266.992,266.232,265.483,264.744,264.016,263.298,262.591,261.892,261.203,260.523
653.33,650.635,647.854,644.979,642.003,638.916,635.709,632.37,628.886,625.241,621.417,617.392,613.14,608.631,603.826,598.678,593.128,587.1,580.493,573.173,564.951,555.551,544.547,531.265,514.767,494.688,472.835,451.421,431.916,415.919,403.173,392.822,384.179,376.786,370.338,364.627,359.504,354.863,350.62,346.714,343.096,339.725,336.571,333.607,330.812,328.166,325.656,323.266,320.988,318.809,316.722,314.72,312.795,310.942,309.156,307.431,305.764,304.15,302.587,301.072,299.6,298.171,296.781,295.429,294.111,292.828,291.576,290.354,289.161,287.996,286.857,285.742,284.652,283.585,282.539,281.515,280.51,279.525,278.559,277.611,276.68,275.765,274.867,273.984,273.116,272.262,271.423,270.597,269.783,268.983,268.195,267.419,266.654,265.9,265.158,264.426,263.704,262.992,262.289,261.597,260.913
653.785,651.109,648.347,645.494,642.542,639.481,636.303,632.996,629.547,625.941,622.162,618.187,613.993,609.549,604.821,599.764,594.322,588.424,581.978,574.861,566.903,557.857,547.353,534.803,519.349,500.351,478.971,457.609,437.543,420.609,407.049,396.094,387.007,379.279,372.57,366.651,361.358,356.575,352.213,348.205,344.498,341.05,337.827,334.803,331.953,329.259,326.704,324.274,321.959,319.746,317.629,315.598,313.646,311.768,309.959,308.212,306.525,304.892,303.312,301.779,300.292,298.847,297.443,296.077,294.747,293.451,292.187,290.954,289.751,288.575,287.426,286.302,285.203,284.127,283.073,282.041,281.028,280.036,279.063,278.107,277.169,276.249,275.344,274.455,273.581,272.722,271.877,271.045,270.227,269.421,268.628,267.847,267.078,266.32,265.573,264.837,264.11,263.394,262.688,261.992,261.304
654.236,651.578,648.836,646.005,643.075,640.04,636.89,633.614,630.2,626.632,622.896,618.97,614.831,610.451,605.797,600.826,595.487,589.713,583.419,576.492,568.778,560.057,550.002,538.105,523.594,505.698,484.972,463.729,443.34,425.541,411.127,399.518,389.95,381.861,374.873,368.732,363.26,358.328,353.841,349.726,345.926,342.398,339.105,336.017,333.111,330.366,327.766,325.295,322.942,320.695,318.545,316.484,314.506,312.602,310.769,309.001,307.293,305.641,304.042,302.492,300.988,299.529,298.11,296.73,295.387,294.078,292.803,291.558,290.344,289.158,287.999,286.866,285.757,284.672,283.61,282.569,281.549,280.549,279.569,278.606,277.662,276.734,275.823,274.928,274.048,273.183,272.333,271.496,270.672,269.862,269.064,268.278,267.504,266.741,265.99,265.249,264.519,263.799,263.088,262.388,261.697
654.684,652.043,649.321,646.51,643.604,640.594,637.471,634.225,630.844,627.314,623.619,619.74,615.655,611.337,606.754,601.866,596.625,590.968,584.818,578.069,570.582,562.16,552.513,541.198,527.534,510.711,490.792,469.735,449.242,430.702,415.416,403.104,393.016,384.537,377.251,370.875,365.212,360.123,355.505,351.278,347.382,343.77,340.403,337.251,334.286,331.49,328.842,326.329,323.936,321.654,319.472,317.381,315.374,313.445,311.587,309.796,308.067,306.396,304.778,303.211,301.691,300.215,298.782,297.387,296.031,294.71,293.422,292.166,290.941,289.744,288.575,287.432,286.314,285.221,284.15,283.101,282.073,281.065,280.077,279.108,278.156,277.222,276.305,275.403,274.518,273.647,272.79,271.948,271.119,270.304,269.501,268.71,267.931,267.164,266.408,265.663,264.928,264.204,263.49,262.786,262.09
655.128,652.505,649.801,647.011,644.127,641.141,638.045,634.829,631.481,627.987,624.333,620.5,616.466,612.207,607.692,602.884,597.737,592.192,586.178,579.597,572.322,564.174,554.899,544.106,531.199,515.389,496.386,475.649,455.175,436.069,419.923,406.865,396.214,387.316,379.709,373.082,367.218,361.964,357.207,352.863,348.866,345.167,341.724,338.504,335.48,332.629,329.933,327.376,324.944,322.625,320.409,318.287,316.252,314.296,312.414,310.6,308.849,307.157,305.52,303.935,302.398,300.907,299.458,298.05,296.68,295.346,294.046,292.778,291.541,290.334,289.155,288.002,286.875,285.772,284.692,283.635,282.599,281.584,280.588,279.612,278.653,277.713,276.789,275.881,274.989,274.112,273.25,272.403,271.568,270.748,269.939,269.144,268.36,267.589,266.828,266.079,265.34,264.611,263.893,263.185,262.486
655.568,652.962,650.277,647.507,644.645,641.684,638.614,635.426,632.11,628.651,625.036,621.248,617.265,613.063,608.614,603.882,598.824,593.387,587.501,581.078,574.001,566.108,557.172,546.851,534.621,519.747,501.715,481.461,461.071,441.6,424.651,410.811,399.553,390.202,382.253,375.357,369.279,363.85,358.948,354.481,350.38,346.59,343.068,339.778,336.692,333.785,331.04,328.437,325.964,323.607,321.356,319.203,317.138,315.155,313.248,311.41,309.638,307.925,306.269,304.666,303.112,301.604,300.14,298.717,297.333,295.986,294.673,293.394,292.146,290.928,289.738,288.575,287.439,286.327,285.238,284.173,283.129,282.105,281.102,280.118,279.153,278.205,277.275,276.361,275.463,274.58,273.712,272.859,272.019,271.193,270.38,269.58,268.791,268.015,267.25,266.496,265.753,265.02,264.298,263.585,262.882
656.005,653.416,650.749,647.999,645.158,642.22,639.176,636.016,632.731,629.307,625.731,621.985,618.051,613.904,609.519,604.86,599.888,594.552,588.789,582.515,575.623,567.968,559.344,549.449,537.825,523.804,506.756,487.132,466.873,447.242,429.588,414.951,403.044,393.205,384.886,377.705,371.4,365.786,360.731,356.136,351.925,348.04,344.435,341.073,337.922,334.959,332.161,329.512,326.996,324.601,322.315,320.129,318.035,316.024,314.091,312.229,310.434,308.7,307.024,305.402,303.831,302.307,300.827,299.389,297.991,296.631,295.305,294.014,292.754,291.525,290.325,289.152,288.006,286.884,285.787,284.713,283.661,282.63,281.619,280.627,279.655,278.7,277.763,276.843,275.939,275.05,274.176,273.317,272.472,271.641,270.823,270.017,269.224,268.443,267.673,266.915,266.167,265.43,264.704,263.987,263.281
656.438,653.866,651.217,648.486,645.667,642.751,639.732,636.6,633.345,629.955,626.416,622.712,618.825,614.732,610.408,605.82,600.93,595.692,590.044,583.911,577.194,569.759,561.422,551.915,540.836,527.587,511.497,492.624,472.574,452.932,434.717,419.291,406.697,396.332,387.616,380.129,373.582,367.773,362.557,357.827,353.502,349.519,345.828,342.39,339.173,336.15,333.299,330.602,328.042,325.608,323.285,321.066,318.941,316.901,314.942,313.055,311.237,309.482,307.786,306.145,304.556,303.015,301.519,300.066,298.654,297.28,295.942,294.638,293.367,292.126,290.915,289.732,288.576,287.445,286.339,285.256,284.196,283.156,282.138,281.139,280.159,279.198,278.254,277.327,276.417,275.522,274.643,273.778,272.927,272.09,271.267,270.456,269.658,268.872,268.098,267.335,266.583,265.842,265.111,264.391,263.68
656.868,654.312,651.681,648.969,646.17,643.277,640.283,637.178,633.952,630.595,627.092,623.429,619.587,615.546,611.281,606.761,601.951,596.805,591.268,585.269,578.716,571.487,563.416,554.263,543.676,531.122,515.939,497.899,478.194,458.609,440.004,423.831,410.52,399.592,390.449,382.634,375.83,369.814,364.429,359.557,355.112,351.026,347.246,343.729,340.443,337.359,334.453,331.706,329.102,326.626,324.267,322.013,319.856,317.788,315.801,313.89,312.048,310.271,308.555,306.894,305.287,303.729,302.217,300.749,299.322,297.934,296.583,295.266,293.983,292.731,291.509,290.316,289.15,288.01,286.894,285.802,284.733,283.686,282.66,281.654,280.667,279.698,278.747,277.814,276.897,275.996,275.111,274.24,273.384,272.542,271.713,270.897,270.094,269.304,268.525,267.757,267.001,266.255,265.52,264.796,264.081
657.295,654.755,652.141,649.448,646.669,643.798,640.828,637.749,634.552,631.227,627.759,624.136,620.339,616.348,612.14,607.686,602.951,597.894,592.462,586.59,580.192,573.156,565.331,556.504,546.361,534.434,520.095,502.93,483.705,464.217,445.403,428.564,414.521,402.992,393.391,385.225,378.147,371.912,366.348,361.327,356.756,352.563,348.69,345.092,341.735,338.587,335.624,332.826,330.176,327.658,325.26,322.972,320.782,318.684,316.67,314.732,312.867,311.067,309.33,307.65,306.024,304.448,302.92,301.436,299.994,298.592,297.228,295.899,294.604,293.34,292.107,290.903,289.727,288.577,287.452,286.352,285.274,284.219,283.184,282.171,281.176,280.201,279.243,278.303,277.38,276.473,275.581,274.705,273.843,272.995,272.161,271.34,270.532,269.737,268.953,268.181,267.42,266.67,265.931,265.202,264.484
657.718,655.194,652.597,649.922,647.164,644.314,641.367,638.314,635.146,631.851,628.418,624.833,621.079,617.137,612.984,608.593,603.932,598.96,593.629,587.877,581.625,574.77,567.175,558.648,548.909,537.547,523.982,507.699,489.073,469.724,450.862,433.474,418.705,406.543,396.449,387.908,380.538,374.07,368.317,363.14,358.437,354.131,350.161,346.48,343.048,339.834,336.813,333.962,331.264,328.703,326.266,323.941,321.718,319.59,317.547,315.583,313.693,311.871,310.112,308.412,306.767,305.173,303.628,302.129,300.672,299.256,297.878,296.536,295.228,293.953,292.709,291.494,290.308,289.148,288.014,286.904,285.818,284.754,283.712,282.69,281.688,280.706,279.741,278.794,277.865,276.951,276.054,275.171,274.304,273.451,272.611,271.785,270.972,270.171,269.383,268.606,267.841,267.087,266.343,265.61,264.887
658.138,655.63,653.05,650.393,647.654,644.825,641.901,638.873,635.732,632.468,629.069,625.522,621.809,617.914,613.815,609.485,604.894,600.004,594.769,589.131,583.018,576.334,568.953,560.702,551.333,540.481,527.622,512.197,494.265,475.155,456.326,438.535,423.073,410.25,399.632,390.688,383.006,376.291,370.338,364.996,360.155,355.732,351.661,347.892,344.383,341.101,338.019,335.114,332.367,329.762,327.284,324.922,322.665,320.505,318.433,316.443,314.527,312.682,310.901,309.18,307.516,305.905,304.342,302.827,301.355,299.924,298.532,297.177,295.857,294.57,293.314,292.089,290.892,289.722,288.579,287.46,286.365,285.293,284.242,283.213,282.203,281.213,280.242,279.288,278.352,277.432,276.528,275.64,274.767,273.908,273.063,272.232,271.414,270.608,269.815,269.033,268.263,267.505,266.757,266.02,265.293
658.555,656.062,653.498,650.859,648.139,645.332,642.43,639.427,636.313,633.078,629.712,626.201,622.529,618.68,614.632,610.361,605.838,601.027,595.884,590.355,584.373,577.849,570.669,562.674,553.644,543.254,531.036,516.427,499.254,480.5,461.745,443.707,427.618,414.122,402.947,393.572,385.556,378.579,372.414,366.898,361.913,357.367,353.19,349.33,345.741,342.389,339.244,336.283,333.485,330.834,328.314,325.914,323.623,321.43,319.329,317.311,315.37,313.5,311.697,309.956,308.272,306.642,305.062,303.53,302.042,300.597,299.191,297.823,296.49,295.191,293.924,292.687,291.48,290.3,289.147,288.019,286.915,285.834,284.775,283.738,282.721,281.723,280.745,279.784,278.841,277.915,277.005,276.111,275.232,274.367,273.517,272.68,271.857,271.046,270.248,269.462,268.687,267.924,267.172,266.431,265.7
658.969,656.491,653.944,651.322,648.62,645.833,642.954,639.975,636.887,633.682,630.347,626.871,623.24,619.435,615.437,611.223,606.765,602.029,596.974,591.55,585.692,579.32,572.328,564.572,555.853,545.884,534.246,520.401,504.018,485.731,467.079,448.948,432.328,418.162,406.401,396.565,388.193,380.936,374.547,368.849,363.711,359.036,354.75,350.795,347.123,343.697,340.488,337.469,334.619,331.92,329.358,326.919,324.592,322.366,320.234,318.188,316.221,314.327,312.501,310.738,309.034,307.385,305.788,304.239,302.735,301.275,299.855,298.473,297.127,295.816,294.537,293.29,292.071,290.881,289.718,288.581,287.468,286.378,285.311,284.266,283.241,282.236,281.25,280.283,279.333,278.4,277.484,276.584,275.699,274.829,273.973,273.131,272.302,271.486,270.683,269.892,269.113,268.346,267.589,266.843,266.108
659.38,656.917,654.385,651.78,649.097,646.33,643.472,640.517,637.455,634.278,630.975,627.534,623.94,620.178,616.229,612.07,607.675,603.012,598.041,592.716,586.977,580.749,573.933,566.399,557.968,548.383,537.272,524.132,508.542,490.821,472.327,454.208,437.179,422.371,410.001,399.675,390.922,383.368,376.741,370.85,365.552,360.743,356.342,352.287,348.529,345.028,341.751,338.672,335.768,333.021,330.415,327.936,325.571,323.312,321.149,319.074,317.08,315.161,313.312,311.527,309.803,308.135,306.519,304.953,303.434,301.958,300.523,299.127,297.769,296.445,295.154,293.895,292.666,291.466,290.293,289.146,288.024,286.925,285.85,284.796,283.764,282.751,281.758,280.784,279.827,278.888,277.965,277.059,276.168,275.292,274.431,273.583,272.749,271.928,271.12,270.325,269.541,268.769,268.008,267.257,266.518
659.788,657.339,654.823,652.235,649.57,646.823,643.986,641.054,638.017,634.868,631.595,628.188,624.632,620.912,617.01,612.904,608.57,603.976,599.087,593.857,588.231,582.138,575.489,568.163,559.998,550.765,540.132,527.64,512.822,495.742,477.505,459.442,442.141,426.743,413.752,402.908,393.749,385.878,378.999,372.904,367.437,362.487,357.966,353.809,349.961,346.381,343.035,339.894,336.934,334.137,331.486,328.965,326.563,324.269,322.074,319.969,317.948,316.003,314.13,312.324,310.578,308.891,307.257,305.673,304.137,302.646,301.196,299.787,298.415,297.078,295.776,294.505,293.265,292.054,290.871,289.714,288.583,287.476,286.392,285.33,284.289,283.269,282.269,281.287,280.324,279.378,278.449,277.536,276.639,275.757,274.89,274.037,273.198,272.372,271.559,270.758,269.97,269.193,268.428,267.673,266.929
660.193,657.758,655.258,652.686,650.039,647.311,644.495,641.585,638.573,635.451,632.208,628.833,625.314,621.635,617.778,613.724,609.449,604.923,600.111,594.972,589.454,583.49,576.998,569.867,561.95,553.04,542.843,530.941,516.862,500.473,482.593,464.611,447.176,431.267,417.658,406.271,396.68,388.47,381.324,375.013,369.37,364.271,359.625,355.36,351.419,347.757,344.339,341.134,338.117,335.269,332.57,330.007,327.566,325.237,323.009,320.874,318.825,316.854,314.957,313.127,311.361,309.653,308,306.399,304.846,303.339,301.875,300.451,299.065,297.716,296.401,295.119,293.868,292.646,291.453,290.286,289.145,288.029,286.936,285.866,284.818,283.79,282.782,281.793,280.823,279.87,278.935,278.016,277.113,276.225,275.352,274.494,273.649,272.818,272,271.194,270.401,269.619,268.849,268.09,267.342
660.595,658.174,655.689,653.134,650.504,647.795,644.999,642.112,639.124,636.028,632.814,629.472,625.988,622.348,618.536,614.532,610.313,605.852,601.115,596.064,590.648,584.807,578.463,571.515,563.828,555.217,545.418,534.055,520.669,504.995,487.566,469.692,452.241,435.925,421.718,409.769,399.72,391.15,383.72,377.181,371.35,366.097,361.32,356.942,352.904,349.158,345.665,342.393,339.318,336.416,333.669,331.062,328.582,326.216,323.954,321.788,319.71,317.713,315.791,313.938,312.15,310.422,308.75,307.131,305.561,304.038,302.558,301.12,299.72,298.358,297.031,295.737,294.474,293.242,292.038,290.861,289.711,288.586,287.484,286.405,285.349,284.313,283.298,282.301,281.324,280.365,279.423,278.497,277.588,276.695,275.816,274.952,274.102,273.265,272.442,271.631,270.833,270.047,269.273,268.509,267.757
660.994,658.587,656.117,653.578,650.965,648.274,645.499,642.633,639.669,636.599,633.413,630.102,626.653,623.052,619.283,615.327,611.163,606.765,602.1,597.132,591.815,586.091,579.887,573.111,565.64,557.305,547.871,537,524.258,509.299,492.402,474.707,457.296,440.691,425.93,413.407,402.875,393.923,386.191,379.41,373.382,367.966,363.051,358.556,354.417,350.583,347.012,343.673,340.536,337.579,334.783,332.131,329.61,327.206,324.91,322.712,320.605,318.581,316.633,314.756,312.946,311.197,309.506,307.868,306.281,304.741,303.246,301.793,300.38,299.004,297.665,296.358,295.084,293.841,292.627,291.44,290.28,289.145,288.035,286.948,285.883,284.839,283.816,282.812,281.828,280.862,279.913,278.981,278.066,277.166,276.282,275.412,274.556,273.715,272.886,272.071,271.268,270.477,269.697,268.93,268.173
661.39,658.997,656.541,654.018,651.422,648.75,645.994,643.149,640.209,637.164,634.006,630.725,627.31,623.746,620.019,616.11,612,607.661,603.066,598.179,592.956,587.342,581.272,574.659,567.389,559.311,550.212,539.79,527.643,513.383,497.076,479.649,462.302,445.532,430.283,417.187,406.151,396.793,388.74,381.703,375.468,369.879,364.821,360.204,355.959,352.034,348.383,344.972,341.772,338.759,335.912,333.214,330.65,328.208,325.877,323.647,321.509,319.457,317.483,315.583,313.75,311.979,310.268,308.612,307.007,305.451,303.94,302.472,301.044,299.655,298.303,296.984,295.698,294.444,293.219,292.022,290.852,289.708,288.589,287.493,286.419,285.368,284.337,283.326,282.334,281.361,280.406,279.467,278.546,277.64,276.75,275.874,275.013,274.166,273.332,272.512,271.704,270.908,270.124,269.352,268.591
661.784,659.404,656.963,654.455,651.876,649.221,646.485,643.661,640.743,637.723,634.592,631.341,627.959,624.431,620.745,616.882,612.823,608.543,604.015,599.205,594.071,588.564,582.621,576.161,569.081,561.241,552.451,542.44,530.84,517.249,501.572,484.498,467.234,450.411,434.762,421.111,409.553,399.766,391.373,384.064,377.61,371.84,366.631,361.886,357.532,353.511,349.777,346.293,343.028,339.956,337.056,334.311,331.704,329.222,326.855,324.591,322.423,320.342,318.342,316.416,314.56,312.769,311.037,309.362,307.739,306.166,304.639,303.155,301.714,300.311,298.945,297.614,296.316,295.051,293.815,292.608,291.428,290.274,289.146,288.041,286.959,285.899,284.861,283.842,282.843,281.863,280.901,279.956,279.028,278.116,277.22,276.338,275.472,274.619,273.78,272.954,272.141,271.341,270.552,269.775,269.01
662.174,659.809,657.381,654.888,652.326,649.688,646.971,644.168,641.272,638.276,635.172,631.95,628.6,625.108,621.461,617.643,613.633,609.41,604.946,600.211,595.163,589.758,583.935,577.62,570.718,563.101,554.597,544.963,533.864,520.905,505.877,489.234,472.091,455.293,439.345,425.174,413.084,402.847,394.093,386.496,379.81,373.851,368.483,363.604,359.136,355.016,351.196,347.636,344.303,341.171,338.217,335.422,332.771,330.249,327.844,325.546,323.346,321.236,319.209,317.258,315.379,313.565,311.813,310.118,308.477,306.886,305.343,303.844,302.388,300.971,299.592,298.248,296.939,295.661,294.414,293.197,292.007,290.844,289.706,288.592,287.502,286.434,285.387,284.361,283.355,282.367,281.398,280.447,279.512,278.594,277.692,276.805,275.932,275.074,274.23,273.399,272.581,271.775,270.982,270.201,269.431
662.563,660.21,657.796,655.318,652.772,650.152,647.453,644.67,641.796,638.824,635.746,632.552,629.233,625.776,622.168,618.392,614.431,610.263,605.861,601.197,596.233,590.924,585.216,579.039,572.305,564.897,556.658,547.37,536.731,524.362,509.982,493.835,476.888,460.142,444.004,429.369,416.748,406.041,396.905,389.004,382.072,375.913,370.379,365.36,360.772,356.55,352.64,349,345.598,342.403,339.394,336.549,333.851,331.288,328.845,326.512,324.28,322.14,320.085,318.108,316.204,314.368,312.595,310.88,309.22,307.612,306.052,304.538,303.066,301.635,300.243,298.886,297.565,296.276,295.018,293.789,292.589,291.416,290.269,289.146,288.047,286.971,285.916,284.882,283.869,282.874,281.898,280.94,279.999,279.074,278.166,277.273,276.395,275.531,274.682,273.845,273.022,272.212,271.414,270.628,269.853
662.948,660.608,658.208,655.745,653.214,650.611,647.931,645.167,642.315,639.366,636.313,633.148,629.859,626.436,622.865,619.131,615.217,611.102,606.761,602.165,597.281,592.065,586.466,580.42,573.844,566.632,558.64,549.672,539.454,527.634,513.887,498.285,481.609,464.93,448.707,433.681,420.544,409.352,399.814,391.59,384.399,378.028,372.32,367.155,362.442,358.112,354.109,350.388,346.914,343.655,340.587,337.69,334.946,332.339,329.857,327.489,325.223,323.053,320.969,318.966,317.038,315.179,313.384,311.649,309.97,308.344,306.767,305.237,303.75,302.305,300.898,299.529,298.195,296.894,295.625,294.386,293.175,291.992,290.835,289.704,288.596,287.511,286.448,285.406,284.385,283.383,282.4,281.435,280.488,279.557,278.642,277.743,276.859,275.99,275.135,274.294,273.465,272.65,271.847,271.056,270.277
663.331,661.004,658.618,656.169,653.653,651.067,648.404,645.66,642.829,639.903,636.875,633.737,630.478,627.088,623.553,619.86,615.992,611.927,607.645,603.116,598.308,593.181,587.687,581.765,575.339,568.31,560.549,551.877,542.047,530.732,517.595,502.568,486.236,469.643,453.422,438.093,424.469,412.783,402.824,394.259,386.794,380.201,374.309,368.99,364.147,359.706,355.606,351.8,348.251,344.925,341.798,338.848,336.055,333.404,330.882,328.476,326.177,323.975,321.863,319.833,317.879,315.997,314.18,312.424,310.726,309.082,307.488,305.941,304.439,302.979,301.559,300.176,298.829,297.516,296.236,294.985,293.765,292.572,291.405,290.264,289.147,288.054,286.983,285.933,284.904,283.895,282.905,281.933,280.979,280.041,279.121,278.216,277.326,276.451,275.591,274.744,273.91,273.09,272.282,271.486,270.703
663.711,661.397,659.024,656.589,654.089,651.519,648.874,646.149,643.338,640.435,637.431,634.319,631.09,627.732,624.233,620.579,616.755,612.74,608.514,604.049,599.315,594.273,588.879,583.075,576.792,569.936,562.391,553.992,544.519,533.672,521.112,506.675,490.752,474.297,458.118,442.581,428.516,416.337,405.94,397.015,389.26,382.432,376.347,370.868,365.889,361.331,357.13,353.237,349.609,346.215,343.027,340.021,337.179,334.483,331.919,329.476,327.142,324.908,322.765,320.708,318.729,316.822,314.983,313.206,311.488,309.825,308.214,306.651,305.133,303.658,302.224,300.828,299.468,298.143,296.85,295.589,294.358,293.154,291.978,290.828,289.702,288.6,287.52,286.463,285.426,284.409,283.412,282.433,281.472,280.528,279.601,278.69,277.795,276.914,276.048,275.196,274.357,273.532,272.719,271.918,271.13
664.089,661.787,659.427,657.007,654.521,651.967,649.34,646.634,643.843,640.961,637.982,634.896,631.695,628.368,624.904,621.289,617.507,613.541,609.369,604.966,600.303,595.343,590.045,584.354,578.205,571.513,564.169,556.026,546.883,536.466,524.448,510.6,495.139,478.889,462.767,447.118,432.674,420.014,409.165,399.862,391.802,384.726,378.438,372.789,367.668,362.989,358.683,354.698,350.991,347.526,344.274,341.212,338.318,335.575,332.969,330.487,328.117,325.85,323.678,321.592,319.587,317.655,315.793,313.995,312.257,310.575,308.946,307.366,305.832,304.342,302.893,301.483,300.111,298.773,297.469,296.196,294.954,293.741,292.554,291.394,290.26,289.149,288.061,286.995,285.951,284.926,283.922,282.936,281.968,281.018,280.084,279.167,278.265,277.379,276.507,275.65,274.806,273.975,273.157,272.352,271.559
664.465,662.174,659.828,657.421,654.951,652.412,649.802,647.114,644.343,641.483,638.526,635.466,632.293,628.997,625.566,621.989,618.249,614.33,610.21,605.867,601.272,596.392,591.185,585.602,579.581,573.044,565.89,557.984,549.145,539.125,527.613,514.342,499.383,483.404,467.348,451.674,436.927,423.81,412.502,402.805,394.422,387.084,380.582,374.757,369.487,364.681,360.266,356.186,352.396,348.857,345.54,342.419,339.472,336.681,334.032,331.51,329.103,326.803,324.599,322.485,320.453,318.496,316.611,314.791,313.032,311.331,309.683,308.086,306.536,305.031,303.567,302.144,300.758,299.408,298.092,296.808,295.554,294.33,293.134,291.964,290.82,289.701,288.604,287.53,286.478,285.446,284.434,283.441,282.466,281.509,280.569,279.646,278.738,277.846,276.969,276.106,275.256,274.421,273.598,272.788,271.99
664.838,662.559,660.225,657.832,655.376,652.854,650.26,647.59,644.839,641.999,639.066,636.03,632.884,629.618,626.221,622.68,618.981,615.107,611.038,606.753,602.224,597.42,592.301,586.821,580.922,574.531,567.555,559.872,551.316,541.662,530.62,517.905,503.473,487.825,471.866,456.221,441.254,427.72,415.953,405.846,397.124,389.511,382.784,376.772,371.346,366.408,361.88,357.702,353.825,350.21,346.825,343.643,340.642,337.802,335.108,332.545,330.101,327.766,325.531,323.387,321.327,319.345,317.436,315.594,313.814,312.093,310.427,308.812,307.246,305.725,304.247,302.809,301.41,300.047,298.718,297.423,296.158,294.924,293.717,292.538,291.384,290.256,289.151,288.068,287.008,285.968,284.949,283.948,282.967,282.003,281.057,280.127,279.213,278.315,277.432,276.563,275.709,274.868,274.04,273.225,272.422
665.208,662.941,660.62,658.24,655.799,653.292,650.714,648.062,645.33,642.511,639.6,636.589,633.47,630.233,626.868,623.362,619.702,615.872,611.854,607.625,603.159,598.428,593.393,588.012,582.229,575.977,569.17,561.695,553.402,544.086,533.48,521.293,507.399,492.138,476.33,460.733,445.633,431.733,419.517,408.99,399.912,392.009,385.044,378.837,373.248,368.172,363.525,359.245,355.278,351.585,348.13,344.886,341.829,338.938,336.198,333.593,331.11,328.74,326.472,324.298,322.21,320.202,318.269,316.404,314.603,312.862,311.177,309.544,307.961,306.424,304.931,303.479,302.066,300.69,299.349,298.042,296.766,295.52,294.304,293.114,291.951,290.814,289.7,288.609,287.54,286.493,285.466,284.458,283.47,282.499,281.546,280.61,279.69,278.786,277.897,277.023,276.163,275.317,274.484,273.664,272.856
665.576,663.321,661.012,658.646,656.218,653.726,651.165,648.53,645.817,643.018,640.129,637.142,634.049,630.84,627.507,624.036,620.414,616.627,612.657,608.482,604.078,599.417,594.463,589.176,583.504,577.385,570.737,563.457,555.409,546.406,536.204,524.517,511.16,496.329,480.73,465.19,450.037,435.837,423.193,412.237,402.79,394.581,387.367,380.955,375.195,369.974,365.204,360.817,356.758,352.983,349.456,346.147,343.032,340.089,337.301,334.653,332.131,329.725,327.423,325.218,323.102,321.068,319.109,317.221,315.398,313.637,311.933,310.282,308.681,307.128,305.62,304.153,302.726,301.337,299.984,298.665,297.377,296.121,294.894,293.694,292.522,291.375,290.252,289.153,288.076,287.02,285.986,284.971,283.975,282.998,282.038,281.096,280.17,279.259,278.365,277.485,276.619,275.768,274.929,274.104,273.292
665.942,663.699,661.402,659.048,656.635,654.157,651.612,648.994,646.299,643.521,640.653,637.69,634.622,631.441,628.138,624.701,621.117,617.372,613.448,609.326,604.981,600.388,595.512,590.316,584.75,578.755,572.258,565.163,557.344,548.632,538.802,527.583,514.753,500.385,485.052,469.58,454.441,440.014,426.974,415.591,405.76,397.231,389.755,383.127,377.187,371.815,366.917,362.419,358.264,354.404,350.802,347.427,344.252,341.256,338.419,335.727,333.165,330.721,328.385,326.149,324.003,321.941,319.958,318.046,316.201,314.419,312.695,311.025,309.408,307.838,306.314,304.832,303.392,301.989,300.623,299.291,297.993,296.725,295.487,294.278,293.095,291.939,290.807,289.699,288.614,287.551,286.508,285.486,284.483,283.499,282.532,281.583,280.651,279.735,278.834,277.948,277.077,276.22,275.377,274.547,273.729
666.305,664.073,661.789,659.448,657.048,654.585,652.056,649.455,646.778,644.019,641.172,638.232,635.189,632.036,628.762,625.358,621.811,618.106,614.228,610.156,605.869,601.341,596.541,591.431,585.966,580.092,573.737,566.816,559.211,550.769,541.286,530.504,518.182,504.297,489.282,473.92,458.821,444.244,430.853,419.051,408.826,399.962,392.21,385.355,379.228,373.698,368.665,364.052,359.797,355.85,352.171,348.727,345.49,342.438,339.552,336.814,334.21,331.728,329.358,327.089,324.913,322.824,320.814,318.878,317.01,315.207,313.463,311.775,310.139,308.553,307.013,305.516,304.061,302.645,301.266,299.922,298.612,297.333,296.084,294.865,293.672,292.506,291.366,290.249,289.155,288.084,287.033,286.004,284.993,284.002,283.029,282.073,281.135,280.212,279.305,278.414,277.537,276.675,275.826,274.991,274.168
666.667,664.446,662.173,659.845,657.458,655.01,652.496,649.911,647.252,644.512,641.687,638.768,635.75,632.623,629.379,626.008,622.496,618.83,614.996,610.974,606.743,602.278,597.55,592.523,587.156,581.395,575.177,568.419,561.015,552.825,543.663,533.288,521.452,508.059,493.408,478.205,463.155,448.503,434.818,422.613,411.989,402.778,394.737,387.643,381.318,375.623,370.451,365.718,361.358,357.32,353.561,350.046,346.746,343.638,340.7,337.915,335.268,332.747,330.341,328.039,325.833,323.715,321.679,319.718,317.827,316.002,314.238,312.531,310.877,309.273,307.717,306.205,304.736,303.306,301.914,300.557,299.235,297.945,296.685,295.455,294.253,293.077,291.927,290.801,289.699,288.619,287.561,286.524,285.506,284.508,283.528,282.565,281.62,280.692,279.779,278.882,277.999,277.131,276.277,275.437,274.609
667.026,664.816,662.554,660.239,657.866,655.432,652.933,650.364,647.722,645.002,642.196,639.3,636.306,633.205,629.99,626.649,623.172,619.545,615.753,611.779,607.602,603.198,598.54,593.594,588.319,582.667,576.578,569.975,562.761,554.807,545.942,535.945,524.571,511.669,497.418,482.425,467.43,452.769,438.853,426.275,415.251,405.681,397.337,389.993,383.461,377.593,372.274,367.416,362.949,358.817,354.975,351.386,348.021,344.854,341.863,339.03,336.34,333.779,331.335,328.999,326.762,324.615,322.551,320.566,318.651,316.804,315.019,313.292,311.62,309.999,308.427,306.9,305.415,303.971,302.566,301.197,299.862,298.56,297.29,296.049,294.836,293.651,292.492,291.357,290.246,289.158,288.092,287.047,286.022,285.016,284.029,283.06,282.108,281.173,280.255,279.351,278.463,277.59,276.73,275.885,275.052
667.382,665.183,662.934,660.63,658.27,655.85,653.366,650.814,648.189,645.487,642.701,639.826,636.855,633.781,630.593,627.283,623.84,620.251,616.5,612.572,608.448,604.103,599.512,594.643,589.457,583.91,577.943,571.487,564.451,556.718,548.13,538.486,527.545,515.125,501.301,486.567,471.649,457.02,442.942,430.028,418.612,408.673,400.014,392.408,385.659,379.609,374.138,369.149,364.57,360.34,356.412,352.748,349.315,346.087,343.041,340.159,337.424,334.822,332.341,329.97,327.7,325.524,323.433,321.421,319.483,317.613,315.807,314.06,312.37,310.731,309.142,307.599,306.099,304.641,303.222,301.84,300.493,299.18,297.898,296.646,295.423,294.228,293.059,291.916,290.796,289.699,288.625,287.572,286.54,285.527,284.533,283.557,282.599,281.657,280.732,279.823,278.929,278.05,277.185,276.334,275.497
667.737,665.549,663.31,661.019,658.672,656.265,653.796,651.26,648.652,645.967,643.202,640.348,637.4,634.35,631.19,627.91,624.5,620.947,617.237,613.354,609.28,604.993,600.467,595.672,590.572,585.124,579.275,572.958,566.091,558.564,550.235,540.918,530.384,518.431,505.051,490.621,475.821,461.236,447.063,433.862,422.069,411.756,402.77,394.89,387.913,381.674,376.043,370.918,366.222,361.891,357.874,354.131,350.629,347.338,344.236,341.303,338.522,335.878,333.358,330.952,328.649,326.442,324.323,322.285,320.322,318.429,316.602,314.835,313.125,311.469,309.862,308.303,306.788,305.316,303.883,302.488,301.128,299.803,298.51,297.247,296.014,294.809,293.63,292.477,291.349,290.244,289.161,288.1,287.06,286.04,285.039,284.056,283.091,282.143,281.212,280.297,279.397,278.513,277.642,276.786,275.943
668.089,665.912,663.684,661.405,659.071,656.678,654.223,651.702,649.11,646.444,643.698,640.865,637.939,634.914,631.781,628.53,625.152,621.634,617.964,614.125,610.1,605.868,601.405,596.681,591.664,586.311,580.574,574.39,567.682,560.35,552.263,543.249,533.096,521.591,508.662,494.574,479.938,465.401,451.197,437.765,425.618,414.932,405.608,397.441,390.226,383.788,377.99,372.724,367.906,363.47,359.361,355.537,351.962,348.608,345.448,342.462,339.634,336.946,334.387,331.944,329.608,327.37,325.222,323.157,321.169,319.253,317.403,315.616,313.887,312.212,310.588,309.013,307.482,305.995,304.548,303.14,301.768,300.43,299.125,297.852,296.608,295.393,294.204,293.042,291.905,290.791,289.7,288.631,287.583,286.555,285.547,284.558,283.586,282.632,281.694,280.773,279.867,278.977,278.101,277.239,276.391
668.44,666.272,664.056,661.789,659.467,657.087,654.646,652.141,649.566,646.917,644.189,641.377,638.473,635.472,632.365,629.143,625.796,622.313,618.681,614.885,610.908,606.729,602.326,597.672,592.734,587.473,581.842,575.785,569.227,562.078,554.218,545.488,535.691,524.612,512.133,498.416,483.989,469.508,455.323,441.72,429.253,418.199,408.529,400.065,392.601,385.955,379.982,374.569,369.624,365.078,360.874,356.966,353.317,349.896,346.676,343.637,340.76,338.028,335.428,332.948,330.577,328.307,326.13,324.037,322.024,320.084,318.212,316.403,314.654,312.961,311.32,309.727,308.182,306.679,305.218,303.796,302.411,301.061,299.745,298.46,297.205,295.98,294.782,293.61,292.463,291.341,290.242,289.165,288.109,287.074,286.058,285.061,284.083,283.122,282.179,281.251,280.34,279.443,278.562,277.695,276.841
668.788,666.631,664.426,662.17,659.86,657.494,655.067,652.576,650.017,647.386,644.676,641.884,639.002,636.024,632.943,629.749,626.433,622.984,619.389,615.634,611.703,607.577,603.233,598.645,593.783,588.61,583.082,577.144,570.73,563.754,556.106,547.641,538.175,527.499,515.463,502.141,487.965,473.57,459.423,445.711,432.965,421.556,411.537,402.764,395.039,388.176,382.021,376.453,371.377,366.717,362.414,358.419,354.693,351.203,347.923,344.828,341.9,339.123,336.481,333.962,331.557,329.254,327.047,324.926,322.887,320.922,319.027,317.198,315.428,313.716,312.057,310.448,308.886,307.368,305.893,304.457,303.059,301.697,300.368,299.072,297.807,296.571,295.362,294.181,293.025,291.894,290.786,289.701,288.637,287.594,286.572,285.568,284.583,283.615,282.665,281.731,280.814,279.912,279.024,278.152,277.293
669.134,666.987,664.793,662.548,660.251,657.897,655.484,653.008,650.465,647.85,645.159,642.387,639.526,636.571,633.515,630.348,627.062,623.646,620.088,616.373,612.487,608.411,604.124,599.601,594.812,589.724,584.293,578.471,572.193,565.38,557.932,549.714,540.558,530.262,518.655,505.741,491.853,477.584,463.481,449.718,436.742,424.999,414.63,405.54,397.544,390.453,384.107,378.378,373.165,368.387,363.981,359.897,356.091,352.531,349.186,346.035,343.056,340.231,337.546,334.989,332.547,330.211,327.973,325.824,323.758,321.768,319.85,317.999,316.209,314.477,312.8,311.173,309.595,308.062,306.572,305.122,303.711,302.336,300.996,299.688,298.411,297.165,295.947,294.756,293.59,292.45,291.334,290.24,289.169,288.118,287.088,286.077,285.084,284.11,283.154,282.214,281.29,280.382,279.489,278.611,277.747
669.478,667.341,665.158,662.924,660.639,658.298,655.899,653.437,650.91,648.312,645.638,642.885,640.045,637.113,634.081,630.941,627.684,624.3,620.778,617.103,613.26,609.233,605.001,600.54,595.822,590.815,585.478,579.765,573.617,566.959,559.699,551.713,542.846,532.906,521.713,509.214,495.646,481.543,467.486,453.724,440.572,428.523,417.809,408.395,400.117,392.789,386.244,380.347,374.99,370.09,365.577,361.399,357.512,353.878,350.469,347.259,344.226,341.354,338.625,336.027,333.549,331.179,328.909,326.731,324.637,322.622,320.681,318.807,316.996,315.244,313.549,311.905,310.31,308.761,307.256,305.792,304.368,302.98,301.627,300.307,299.02,297.763,296.534,295.333,294.159,293.009,291.884,290.782,289.702,288.644,287.606,286.588,285.589,284.608,283.644,282.698,281.768,280.854,279.956,279.072,278.202
669.82,667.693,665.52,663.298,661.024,658.696,656.31,653.863,651.35,648.769,646.113,643.379,640.56,637.65,634.642,631.528,628.3,624.947,621.459,617.822,614.022,610.043,605.864,601.463,596.813,591.884,586.638,581.03,575.005,568.494,561.411,553.643,545.045,535.44,524.641,512.556,499.335,485.436,471.441,457.711,444.438,432.12,421.072,411.33,402.761,395.186,388.433,382.36,376.854,371.826,367.203,362.928,358.956,355.247,351.77,348.499,345.412,342.49,339.717,337.078,334.561,332.157,329.854,327.646,325.525,323.484,321.518,319.622,317.79,316.018,314.303,312.642,311.03,309.465,307.945,306.467,305.028,303.627,302.262,300.931,299.632,298.364,297.125,295.914,294.73,293.571,292.437,291.327,290.239,289.173,288.127,287.102,286.095,285.108,284.138,283.185,282.249,281.329,280.424,279.535,278.66
670.16,668.043,665.88,663.669,661.407,659.091,656.719,654.285,651.788,649.223,646.584,643.868,641.069,638.181,635.196,632.108,628.908,625.586,622.132,618.532,614.774,610.84,606.713,602.37,597.787,592.933,587.774,582.266,576.358,569.987,563.072,555.508,547.164,537.871,527.447,515.77,502.913,489.255,475.355,461.664,448.325,435.78,424.416,414.345,405.478,397.645,390.675,384.419,378.758,373.597,368.859,364.484,360.423,356.637,353.091,349.758,346.615,343.642,340.822,338.141,335.585,333.145,330.81,328.571,326.421,324.354,322.363,320.444,318.59,316.798,315.064,313.384,311.755,310.175,308.639,307.146,305.694,304.28,302.902,301.558,300.248,298.969,297.719,296.498,295.304,294.137,292.994,291.875,290.778,289.704,288.651,287.618,286.604,285.61,284.633,283.674,282.731,281.805,280.895,280,279.119
670.498,668.391,666.238,664.038,661.788,659.484,657.124,654.705,652.222,649.673,647.051,644.354,641.574,638.707,635.746,632.683,629.51,626.218,622.796,619.233,615.515,611.626,607.549,603.263,598.743,593.962,588.886,583.475,577.679,571.441,564.684,557.313,549.206,540.206,530.137,518.856,506.376,492.991,479.221,465.571,452.215,439.491,427.836,417.441,408.269,400.17,392.973,386.526,380.704,375.404,370.546,366.068,361.916,358.049,354.431,351.034,347.833,344.808,341.941,339.216,336.621,334.144,331.775,329.505,327.327,325.232,323.216,321.273,319.397,317.585,315.831,314.133,312.486,310.889,309.338,307.83,306.364,304.936,303.545,302.19,300.868,299.577,298.317,297.086,295.882,294.705,293.553,292.425,291.321,290.238,289.177,288.137,287.116,286.114,285.131,284.165,283.216,282.284,281.368,280.467,279.58
670.834,668.737,666.594,664.405,662.166,659.874,657.527,655.121,652.653,650.119,647.515,644.835,642.075,639.229,636.29,633.251,630.105,626.843,623.453,619.926,616.247,612.401,608.373,604.141,599.683,594.972,589.976,584.657,578.969,572.857,566.251,559.062,551.176,542.451,532.716,521.818,509.72,496.636,483.031,469.427,456.092,443.239,431.325,420.616,411.135,402.761,395.329,388.683,382.692,377.248,372.266,367.68,363.434,359.484,355.792,352.329,349.069,345.99,343.074,340.305,337.669,335.154,332.751,330.449,328.241,326.119,324.077,322.11,320.211,318.378,316.604,314.887,313.223,311.609,310.042,308.519,307.038,305.597,304.193,302.825,301.491,300.19,298.919,297.677,296.463,295.277,294.115,292.979,291.866,290.775,289.706,288.658,287.63,286.621,285.631,284.658,283.703,282.765,281.842,280.935,280.044
671.169,669.08,666.948,664.769,662.541,660.261,657.927,655.535,653.081,650.562,647.974,645.312,642.571,639.745,636.829,633.814,630.695,627.46,624.102,620.609,616.968,613.166,609.184,605.005,600.607,595.964,591.045,585.815,580.23,574.238,567.775,560.757,553.081,544.613,535.193,524.661,512.944,500.182,486.776,473.243,459.943,447.01,434.873,423.866,414.076,405.421,397.745,390.892,384.724,379.13,374.02,369.322,364.978,360.942,357.174,353.643,350.322,347.187,344.221,341.407,338.729,336.176,333.737,331.403,329.164,327.014,324.946,322.954,321.033,319.177,317.384,315.647,313.965,312.334,310.751,309.213,307.717,306.262,304.845,303.465,302.119,300.806,299.524,298.271,297.048,295.851,294.681,293.535,292.413,291.315,290.238,289.182,288.146,287.13,286.133,285.154,284.192,283.248,282.319,281.406,280.509
671.501,669.422,667.3,665.131,662.914,660.646,658.324,655.945,653.505,651.002,648.43,645.785,643.063,640.257,637.362,634.372,631.277,628.071,624.744,621.284,617.681,613.919,609.984,605.856,601.516,596.938,592.093,586.948,581.462,575.586,569.258,562.403,554.924,546.697,537.572,527.39,516.049,503.625,490.45,477.017,463.756,450.789,438.472,427.187,417.093,408.15,400.222,393.153,386.802,381.052,375.808,370.994,366.55,362.424,358.578,354.976,351.592,348.401,345.383,342.522,339.801,337.209,334.734,332.366,330.097,327.918,325.823,323.806,321.861,319.984,318.169,316.414,314.713,313.065,311.465,309.911,308.401,306.932,305.502,304.108,302.75,301.425,300.132,298.869,297.636,296.429,295.249,294.095,292.964,291.857,290.772,289.708,288.665,287.642,286.638,285.652,284.684,283.733,282.798,281.879,280.976
671.832,669.762,667.649,665.491,663.285,661.028,658.719,656.353,653.927,651.438,648.882,646.254,643.55,640.764,637.891,634.923,631.854,628.676,625.378,621.952,618.384,614.663,610.772,606.694,602.409,597.894,593.122,588.059,582.667,576.901,570.703,564.002,556.708,548.709,539.861,530.01,519.036,506.96,494.043,480.743,467.52,454.561,442.108,430.574,420.184,410.951,402.763,395.47,388.928,383.016,377.632,372.698,368.149,363.931,360.003,356.33,352.88,349.631,346.561,343.651,340.887,338.254,335.742,333.34,331.039,328.831,326.708,324.666,322.697,320.797,318.962,317.186,315.467,313.801,312.185,310.615,309.09,307.606,306.162,304.756,303.386,302.049,300.745,299.471,298.227,297.01,295.821,294.657,293.518,292.402,291.309,290.237,289.187,288.156,287.145,286.152,285.177,284.22,283.279,282.354,281.445
672.16,670.1,667.997,665.848,663.653,661.408,659.11,656.757,654.345,651.871,649.331,646.72,644.034,641.267,638.415,635.47,632.425,629.273,626.005,622.611,619.079,615.396,611.549,607.519,603.289,598.835,594.131,589.148,583.847,578.186,572.111,565.556,558.438,550.652,542.066,532.528,521.909,510.185,497.55,484.413,471.24,458.312,445.769,434.018,423.345,413.822,405.368,397.843,391.103,385.022,379.494,374.435,369.776,365.464,361.452,357.703,354.187,350.878,347.753,344.794,341.985,339.311,336.761,334.324,331.99,329.752,327.602,325.533,323.54,321.618,319.761,317.965,316.227,314.543,312.909,311.324,309.783,308.285,306.828,305.408,304.025,302.676,301.361,300.076,298.821,297.595,296.396,295.223,294.074,292.95,291.849,290.769,289.711,288.673,287.654,286.655,285.673,284.709,283.762,282.831,281.916
672.487,670.436,668.342,666.204,664.019,661.785,659.5,657.159,654.761,652.301,649.776,647.181,644.513,641.765,638.934,636.011,632.99,629.865,626.625,623.262,619.765,616.12,612.315,608.332,604.155,599.76,595.123,590.215,585.002,579.442,573.485,567.069,560.117,552.532,544.191,534.949,524.671,513.299,500.965,488.02,474.924,462.032,449.441,437.51,426.574,416.764,408.039,400.275,393.329,387.072,381.393,376.205,371.434,367.023,362.924,359.098,355.514,352.142,348.962,345.952,343.096,340.38,337.791,335.318,332.952,330.683,328.504,326.409,324.391,322.445,320.567,318.75,316.993,315.29,313.64,312.038,310.482,308.969,307.497,306.064,304.669,303.308,301.98,300.685,299.419,298.183,296.974,295.791,294.634,293.501,292.391,291.304,290.238,289.192,288.166,287.16,286.171,285.201,284.247,283.31,282.389
672.812,670.77,668.685,666.557,664.383,662.16,659.886,657.558,655.173,652.727,650.217,647.639,644.988,642.259,639.448,636.547,633.55,630.45,627.238,623.906,620.442,616.835,613.07,609.134,605.007,600.669,596.097,591.263,586.133,580.67,574.825,568.542,561.748,554.352,546.242,537.279,527.327,516.303,504.282,491.558,478.566,465.709,453.111,441.04,429.864,419.774,410.776,402.767,395.608,389.168,383.333,378.009,373.122,368.609,364.42,360.515,356.859,353.424,350.186,347.124,344.221,341.462,338.833,336.324,333.923,331.623,329.415,327.293,325.25,323.28,321.379,319.542,317.765,316.044,314.375,312.757,311.185,309.657,308.171,306.725,305.316,303.943,302.604,301.297,300.021,298.774,297.555,296.363,295.197,294.055,292.937,291.841,290.767,289.714,288.681,287.667,286.672,285.695,284.735,283.792,282.865
673.136,671.102,669.027,666.908,664.744,662.532,660.27,657.954,655.582,653.151,650.656,648.093,645.46,642.749,639.957,637.078,634.104,631.029,627.845,624.542,621.111,617.54,613.816,609.924,605.846,601.564,597.054,592.291,587.242,581.872,576.135,569.978,563.333,556.117,548.223,539.524,529.882,519.198,507.499,495.019,482.16,469.341,456.766,444.596,433.209,422.852,413.581,405.319,397.94,391.31,385.313,379.85,374.841,370.222,365.941,361.954,358.225,354.724,351.427,348.312,345.36,342.557,339.887,337.34,334.905,332.573,330.335,328.185,326.116,324.122,322.199,320.34,318.543,316.803,315.117,313.481,311.893,310.351,308.85,307.39,305.968,304.583,303.232,301.913,300.626,299.369,298.14,296.938,295.762,294.612,293.485,292.381,291.299,290.238,289.198,288.177,287.175,286.191,285.225,284.275,283.342
673.457,671.432,669.366,667.257,665.104,662.903,660.652,658.348,655.989,653.571,651.091,648.544,645.927,643.235,640.462,637.604,634.653,631.602,628.445,625.172,621.773,618.237,614.551,610.702,606.673,602.444,597.995,593.3,588.33,583.048,577.415,571.378,564.875,557.829,550.14,541.689,532.341,521.987,510.614,498.397,485.699,472.937,460.394,448.165,436.601,425.993,416.451,407.934,400.328,393.502,387.335,381.727,376.593,371.865,367.488,363.416,359.611,356.043,352.685,349.515,346.513,343.664,340.953,338.368,335.897,333.532,331.264,329.086,326.991,324.972,323.025,321.145,319.327,317.568,315.864,314.211,312.607,311.049,309.534,308.06,306.624,305.226,303.863,302.533,301.235,299.967,298.728,297.516,296.331,295.171,294.036,292.924,291.834,290.765,289.717,288.689,287.68,286.689,285.716,284.761,283.821
673.777,671.76,669.704,667.604,665.461,663.27,661.031,658.739,656.393,653.988,651.522,648.991,646.391,643.716,640.963,638.125,635.196,632.17,629.039,625.794,622.426,618.925,615.277,611.47,607.487,603.311,598.921,594.292,589.396,584.201,578.666,572.744,566.377,559.491,551.995,543.778,534.71,524.673,513.625,501.689,489.177,476.496,463.986,451.737,440.03,429.192,419.386,410.612,402.772,395.743,389.402,383.643,378.378,373.537,369.06,364.901,361.019,357.381,353.961,350.734,347.681,344.785,342.031,339.407,336.9,334.502,332.203,329.995,327.873,325.829,323.859,321.957,320.118,318.339,316.617,314.946,313.326,311.752,310.222,308.734,307.285,305.874,304.498,303.157,301.847,300.568,299.319,298.098,296.903,295.734,294.59,293.469,292.371,291.295,290.239,289.204,288.187,287.19,286.21,285.248,284.303
674.095,672.087,670.039,667.949,665.816,663.636,661.407,659.128,656.794,654.403,651.951,649.435,646.851,644.194,641.459,638.641,635.734,632.732,629.626,626.41,623.072,619.604,615.994,612.228,608.29,604.165,599.831,595.266,590.443,585.33,579.89,574.078,567.839,561.106,553.794,545.797,536.992,527.26,516.535,504.89,492.587,480.013,467.536,455.298,443.486,432.444,422.385,413.352,405.275,398.036,391.513,385.598,380.198,375.24,370.66,366.41,362.448,358.739,355.254,351.969,348.864,345.92,343.122,340.457,337.914,335.481,333.15,330.913,328.764,326.694,324.7,322.775,320.916,319.117,317.375,315.687,314.05,312.46,310.915,309.412,307.95,306.526,305.138,303.784,302.463,301.173,299.914,298.682,297.478,296.3,295.147,294.017,292.911,291.827,290.763,289.721,288.697,287.693,286.707,285.738,284.786
674.412,672.412,670.373,668.292,666.168,663.999,661.781,659.513,657.192,654.814,652.376,649.875,647.307,644.667,641.951,639.153,636.267,633.288,630.208,627.018,623.711,620.276,616.701,612.975,609.082,605.005,600.726,596.223,591.47,586.437,581.088,575.381,569.266,562.678,555.538,547.749,539.194,529.753,519.343,507.997,495.924,483.482,471.047,458.837,446.957,435.74,425.442,416.155,407.836,400.381,393.67,387.593,382.054,376.973,372.288,367.944,363.899,360.116,356.565,353.221,350.061,347.068,344.226,341.52,338.938,336.47,334.107,331.841,329.663,327.567,325.548,323.601,321.72,319.901,318.14,316.434,314.779,313.173,311.613,310.095,308.619,307.182,305.781,304.415,303.083,301.782,300.512,299.27,298.056,296.869,295.707,294.569,293.454,292.362,291.291,290.24,289.21,288.198,287.205,286.23,285.272
674.727,672.735,670.705,668.633,666.519,664.36,662.153,659.897,657.587,655.222,652.799,650.312,647.76,645.137,642.438,639.66,636.795,633.839,630.783,627.621,624.343,620.939,617.4,613.712,609.862,605.833,601.608,597.164,592.479,587.522,582.261,576.656,570.657,564.207,557.232,549.639,541.32,532.156,522.053,511.009,499.184,486.897,474.525,462.347,450.433,439.073,428.555,419.018,410.456,402.78,395.876,389.63,383.946,378.74,373.944,369.504,365.373,361.514,357.895,354.49,351.275,348.231,345.343,342.594,339.974,337.471,335.074,332.777,330.57,328.448,326.404,324.433,322.53,320.691,318.91,317.186,315.514,313.891,312.315,310.783,309.293,307.842,306.428,305.05,303.706,302.395,301.113,299.862,298.638,297.441,296.269,295.123,294,292.899,291.82,290.762,289.724,288.706,287.706,286.724,285.76
675.04,673.056,671.035,668.972,666.868,664.719,662.523,660.277,657.98,655.628,653.218,650.746,648.209,645.602,642.922,640.162,637.319,634.384,631.353,628.216,624.967,621.595,618.09,614.44,610.632,606.649,602.475,598.09,593.47,588.587,583.41,577.902,572.016,565.697,558.877,551.471,543.375,534.474,524.667,513.925,502.361,490.254,477.966,465.819,453.903,442.434,431.718,421.941,413.135,405.234,398.13,391.711,385.876,380.539,375.63,371.09,366.871,362.934,359.245,355.776,352.504,349.409,346.473,343.681,341.021,338.481,336.051,333.722,331.487,329.337,327.268,325.273,323.348,321.487,319.687,317.944,316.254,314.615,313.023,311.476,309.971,308.506,307.08,305.69,304.334,303.01,301.718,300.456,299.222,298.016,296.835,295.68,294.548,293.439,292.352,291.287,290.242,289.216,288.209,287.221,286.25
675.351,673.376,671.363,669.31,667.214,665.075,662.89,660.656,658.37,656.031,653.634,651.176,648.655,646.064,643.401,640.661,637.837,634.925,631.917,628.806,625.585,622.243,618.772,615.159,611.391,607.454,603.33,599.001,594.443,589.632,584.537,579.121,573.343,567.15,560.478,553.247,545.362,536.711,527.189,516.746,505.453,493.545,481.365,469.249,457.357,445.811,434.924,424.92,415.873,407.743,400.434,393.836,387.845,382.373,377.346,372.703,368.393,364.375,360.613,357.08,353.749,350.601,347.617,344.781,342.08,339.503,337.038,334.677,332.412,330.235,328.14,326.12,324.172,322.29,320.47,318.708,317,315.344,313.736,312.173,310.654,309.176,307.736,306.333,304.965,303.63,302.327,301.054,299.81,298.594,297.404,296.24,295.099,293.982,292.887,291.814,290.761,289.729,288.715,287.72,286.742
675.661,673.694,671.689,669.645,667.559,665.43,663.255,661.032,658.758,656.431,654.047,651.604,649.097,646.523,643.877,641.155,638.351,635.46,632.475,629.39,626.196,622.884,619.445,615.868,612.14,608.246,604.172,599.897,595.401,590.658,585.641,580.315,574.64,568.567,562.035,554.972,547.286,538.871,529.623,519.473,508.458,496.767,484.717,472.648,460.786,449.196,438.166,427.951,418.668,410.308,402.789,396.006,389.854,384.243,379.094,374.344,369.94,365.838,362.002,358.402,355.011,351.808,348.775,345.893,343.151,340.535,338.035,335.642,333.346,331.141,329.019,326.975,325.004,323.1,321.259,319.478,317.752,316.078,314.453,312.876,311.341,309.849,308.396,306.98,305.6,304.254,302.939,301.656,300.402,299.176,297.976,296.803,295.653,294.528,293.425,292.344,291.284,290.243,289.223,288.221,287.237
675.969,674.01,672.014,669.978,667.902,665.782,663.617,661.405,659.143,656.828,654.457,652.028,649.536,646.977,644.348,641.644,638.86,635.99,633.028,629.967,626.8,623.518,620.111,616.569,612.879,609.028,605.001,600.779,596.342,591.666,586.725,581.485,575.909,569.95,563.552,556.647,549.15,540.96,531.972,522.109,511.374,499.915,488.016,476.014,464.181,452.579,441.436,431.03,421.519,412.929,405.196,398.222,391.905,386.148,380.873,376.013,371.512,367.324,363.412,359.743,356.29,353.032,349.947,347.019,344.234,341.579,339.043,336.616,334.289,332.055,329.906,327.837,325.842,323.916,322.054,320.253,318.509,316.818,315.177,313.583,312.034,310.527,309.06,307.632,306.239,304.881,303.555,302.261,300.996,299.76,298.551,297.368,296.21,295.076,293.965,292.876,291.808,290.761,289.733,288.724,287.733
676.276,674.325,672.337,670.31,668.242,666.132,663.978,661.776,659.526,657.223,654.865,652.449,649.971,647.428,644.816,642.13,639.365,636.515,633.576,630.539,627.398,624.144,620.769,617.261,613.609,609.799,605.818,601.647,597.268,592.657,587.788,582.631,577.15,571.301,565.031,558.277,550.958,542.98,534.241,524.655,514.201,502.986,491.258,479.344,467.538,455.949,444.724,434.15,424.423,415.605,407.656,400.487,393.997,388.091,382.686,377.712,373.11,368.834,364.843,361.103,357.587,354.271,351.134,348.158,345.33,342.635,340.062,337.6,335.242,332.978,330.802,328.707,326.688,324.739,322.856,321.035,319.272,317.563,315.905,314.295,312.731,311.209,309.729,308.287,306.882,305.512,304.175,302.87,301.594,300.348,299.13,297.937,296.77,295.628,294.508,293.411,292.336,291.281,290.246,289.23,288.232
676.581,674.638,672.658,670.639,668.581,666.481,664.336,662.145,659.906,657.615,655.269,652.867,650.404,647.876,645.28,642.611,639.865,637.036,634.118,631.105,627.99,624.764,621.419,617.944,614.329,610.56,606.624,602.503,598.179,593.63,588.832,583.755,578.365,572.621,566.473,559.862,552.713,544.937,536.434,527.115,516.939,505.977,494.439,482.631,470.86,459.298,448.021,437.306,427.377,418.335,410.168,402.8,396.133,390.073,384.533,379.441,374.736,370.368,366.295,362.483,358.901,355.526,352.335,349.311,346.438,343.702,341.091,338.595,336.204,333.91,331.706,329.585,327.541,325.569,323.665,321.823,320.041,318.314,316.638,315.012,313.433,311.897,310.402,308.947,307.529,306.147,304.798,303.482,302.196,300.94,299.711,298.509,297.333,296.182,295.054,293.949,292.866,291.803,290.761,289.738,288.733
676.885,674.949,672.977,670.967,668.918,666.827,664.692,662.512,660.283,658.004,655.671,653.282,650.833,648.32,645.74,643.089,640.361,637.552,634.656,631.666,628.576,625.377,622.062,618.62,615.04,611.311,607.418,603.345,599.075,594.587,589.857,584.857,579.554,573.911,567.88,561.406,554.418,546.833,538.555,529.492,519.59,508.886,497.552,485.872,474.153,462.619,451.319,440.488,430.376,421.118,412.733,405.162,398.314,392.094,386.415,381.201,376.389,371.926,367.77,363.883,360.234,356.798,353.552,350.478,347.559,344.781,342.132,339.6,337.175,334.851,332.618,330.47,328.402,326.407,324.48,322.618,320.816,319.07,317.377,315.735,314.139,312.588,311.08,309.611,308.18,306.786,305.425,304.097,302.801,301.534,300.296,299.085,297.899,296.739,295.603,294.489,293.398,292.328,291.278,290.248,289.237
677.187,675.259,673.295,671.293,669.253,667.171,665.046,662.876,660.659,658.391,656.07,653.694,651.259,648.761,646.197,643.563,640.853,638.063,635.188,632.221,629.155,625.984,622.697,619.287,615.743,612.052,608.201,604.176,599.958,595.528,590.864,585.938,580.72,575.174,569.255,562.91,556.076,548.672,540.607,531.79,522.155,511.712,500.596,489.062,477.413,465.905,454.607,443.69,433.415,423.951,415.35,407.573,400.54,394.156,388.332,382.993,378.07,373.51,369.267,365.303,361.585,358.087,354.785,351.659,348.694,345.872,343.183,340.615,338.157,335.801,333.539,331.364,329.27,327.251,325.302,323.419,321.597,319.832,318.122,316.462,314.851,313.285,311.762,310.279,308.836,307.428,306.056,304.717,303.409,302.132,300.884,299.663,298.468,297.299,296.154,295.032,293.933,292.855,291.798,290.761,289.743
677.488,675.567,673.611,671.618,669.586,667.513,665.398,663.238,661.031,658.775,656.467,654.103,651.682,649.199,646.65,644.032,641.341,638.57,635.715,632.771,629.729,626.584,623.326,619.947,616.436,612.783,608.974,604.994,600.827,596.454,591.853,586.999,581.863,576.409,570.597,564.377,557.688,550.456,542.595,534.013,524.637,514.455,503.568,492.197,480.636,469.155,457.879,446.904,436.488,426.831,418.018,410.035,402.812,396.259,390.287,384.817,379.781,375.12,370.788,366.745,362.956,359.393,356.033,352.855,349.841,346.976,344.247,341.641,339.149,336.761,334.469,332.266,330.146,328.103,326.131,324.226,322.384,320.6,318.872,317.195,315.568,313.986,312.449,310.952,309.495,308.075,306.691,305.34,304.021,302.733,301.475,300.244,299.04,297.862,296.708,295.578,294.471,293.385,292.32,291.276,290.251
677.787,675.874,673.925,671.94,669.917,667.853,665.748,663.598,661.402,659.157,656.861,654.51,652.102,649.633,647.1,644.498,641.824,639.072,636.238,633.315,630.297,627.177,623.948,620.599,617.122,613.505,609.736,605.801,601.683,597.365,592.826,588.041,582.983,577.619,571.91,565.809,559.259,552.19,544.522,536.163,527.038,517.115,506.464,495.273,483.818,472.376,461.127,450.119,439.588,429.754,420.736,412.546,405.13,398.404,392.279,386.675,381.521,376.757,372.333,368.208,364.346,360.717,357.298,354.066,351.003,348.093,345.322,342.678,340.15,337.73,335.407,333.176,331.03,328.962,326.967,325.04,323.177,321.374,319.628,317.934,316.289,314.692,313.14,311.629,310.159,308.726,307.329,305.967,304.637,303.338,302.069,300.829,299.615,298.428,297.265,296.127,295.011,293.918,292.845,291.793,290.761
678.085,676.179,674.238,672.261,670.246,668.192,666.096,663.956,661.77,659.536,657.252,654.913,652.519,650.064,647.546,644.961,642.304,639.57,636.756,633.855,630.86,627.765,624.563,621.244,617.799,614.218,610.488,606.596,602.526,598.262,593.782,589.065,584.083,578.805,573.194,567.207,560.789,553.876,546.39,538.246,529.361,519.694,509.283,498.286,486.955,475.568,464.345,453.329,442.708,432.716,423.501,415.107,407.496,400.592,394.311,388.568,383.293,378.421,373.903,369.693,365.756,362.06,358.579,355.292,352.178,349.222,346.409,343.726,341.162,338.708,336.355,334.095,331.922,329.828,327.81,325.861,323.977,322.154,320.389,318.677,317.016,315.404,313.836,312.311,310.827,309.381,307.972,306.597,305.256,303.947,302.667,301.417,300.194,298.997,297.825,296.678,295.554,294.453,293.373,292.313,291.274
678.381,676.482,674.549,672.58,670.574,668.528,666.441,664.311,662.136,659.913,657.64,655.314,652.933,650.492,647.989,645.419,642.779,640.064,637.269,634.389,631.417,628.347,625.171,621.881,618.468,614.922,611.23,607.38,603.357,599.145,594.723,590.07,585.161,579.966,574.45,568.572,562.281,555.516,548.204,540.263,531.61,522.193,512.025,501.232,490.042,478.727,467.528,456.526,445.84,435.71,426.311,417.716,409.909,402.825,396.381,390.497,385.095,380.114,375.498,371.201,367.186,363.421,359.878,356.534,353.368,350.365,347.508,344.785,342.185,339.697,337.312,335.023,332.822,330.703,328.66,326.688,324.783,322.94,321.156,319.426,317.749,316.12,314.537,312.997,311.499,310.04,308.618,307.232,305.879,304.559,303.268,302.008,300.775,299.569,298.388,297.233,296.1,294.991,293.903,292.836,291.789
678.676,676.784,674.859,672.898,670.9,668.863,666.785,664.665,662.5,660.288,658.026,655.712,653.344,650.917,648.428,645.874,643.251,640.554,637.778,634.918,631.969,628.923,625.773,622.512,619.13,615.617,611.963,608.154,604.177,600.014,595.649,591.059,586.22,581.105,575.68,569.906,563.736,557.112,549.966,542.218,533.788,524.613,514.689,504.11,493.076,481.85,470.679,459.703,448.977,438.731,429.162,420.372,412.369,405.101,398.493,392.461,386.931,381.835,377.118,372.733,368.638,364.801,361.194,357.791,354.573,351.521,348.62,345.856,343.218,340.695,338.278,335.959,333.73,331.585,329.517,327.523,325.596,323.733,321.929,320.181,318.486,316.841,315.242,313.688,312.176,310.704,309.269,307.87,306.506,305.174,303.873,302.602,301.359,300.144,298.954,297.79,296.649,295.531,294.435,293.361,292.307
678.969,677.085,675.167,673.214,671.224,669.195,667.127,665.016,662.861,660.66,658.41,656.108,653.752,651.338,648.864,646.326,643.719,641.039,638.282,635.443,632.515,629.493,626.369,623.136,619.784,616.305,612.687,608.918,604.984,600.871,596.56,592.031,587.261,582.223,576.885,571.212,565.157,558.667,551.679,544.115,535.898,526.958,517.276,506.918,496.054,484.932,473.805,462.853,452.111,441.772,432.05,423.073,414.875,407.423,400.645,394.463,388.799,383.586,378.766,374.288,370.112,366.201,362.528,359.065,355.792,352.691,349.745,346.939,344.263,341.704,339.254,336.904,334.646,332.474,330.382,328.364,326.415,324.531,322.708,320.942,319.229,317.567,315.953,314.384,312.857,311.371,309.924,308.513,307.136,305.793,304.481,303.2,301.947,300.722,299.523,298.35,297.2,296.074,294.971,293.888,292.827
679.261,677.384,675.473,673.528,671.546,669.526,667.467,665.366,663.221,661.03,658.791,656.501,654.157,651.757,649.297,646.774,644.183,641.521,638.782,635.963,633.057,630.058,626.959,623.752,620.431,616.984,613.401,609.671,605.781,601.715,597.457,592.986,588.282,583.319,578.066,572.489,566.545,560.184,553.345,545.957,537.942,529.23,519.787,509.653,498.972,487.97,476.9,465.972,455.235,444.827,434.969,425.816,417.428,409.789,402.839,396.502,390.702,385.368,380.44,375.868,371.607,367.621,363.879,360.356,357.027,353.875,350.882,348.034,345.318,342.723,340.24,337.858,335.571,333.372,331.255,329.213,327.241,325.336,323.493,321.708,319.977,318.299,316.668,315.084,313.543,312.043,310.582,309.159,307.77,306.416,305.093,303.801,302.538,301.303,300.095,298.913,297.755,296.62,295.508,294.419,293.349
679.552,677.682,675.778,673.84,671.867,669.855,667.805,665.713,663.578,661.397,659.169,656.891,654.56,652.173,649.727,647.218,644.643,641.998,639.278,636.478,633.593,630.617,627.542,624.363,621.07,617.655,614.107,610.415,606.566,602.547,598.34,593.927,589.287,584.395,579.224,573.739,567.901,561.663,554.967,547.747,539.925,531.432,522.223,512.316,501.827,490.961,479.964,469.058,458.342,447.888,437.915,428.598,420.024,412.199,405.075,398.58,392.639,387.181,382.143,377.473,373.125,369.061,365.25,361.663,358.278,355.073,352.033,349.141,346.385,343.753,341.235,338.822,336.505,334.278,332.135,330.068,328.074,326.147,324.284,322.48,320.731,319.035,317.389,315.789,314.233,312.719,311.245,309.809,308.408,307.042,305.708,304.406,303.132,301.888,300.67,299.478,298.312,297.169,296.049,294.951,293.875
679.841,677.978,676.082,674.151,672.185,670.183,668.141,666.058,663.933,661.763,659.546,657.279,654.96,652.586,650.153,647.66,645.1,642.472,639.77,636.989,634.125,631.17,628.12,624.967,621.702,618.318,614.804,611.149,607.341,603.367,599.209,594.852,590.274,585.452,580.359,574.963,569.227,563.107,556.548,549.486,541.85,533.567,524.585,514.906,504.617,493.9,482.991,472.118,461.426,450.949,440.881,431.415,422.663,414.654,407.354,400.697,394.612,389.025,383.874,379.104,374.666,370.523,366.64,362.988,359.544,356.286,353.197,350.261,347.463,344.794,342.24,339.794,337.448,335.192,333.022,330.931,328.914,326.965,325.081,323.258,321.491,319.777,318.114,316.499,314.928,313.4,311.912,310.463,309.05,307.672,306.327,305.013,303.73,302.475,301.248,300.047,298.872,297.72,296.592,295.486,294.402
680.129,678.272,676.383,674.461,672.503,670.508,668.475,666.401,664.286,662.126,659.919,657.664,655.357,652.996,650.577,648.097,645.554,642.942,640.257,637.495,634.651,631.719,628.692,625.565,622.328,618.974,615.493,611.874,608.106,604.175,600.066,595.763,591.245,586.49,581.472,576.163,570.525,564.517,558.088,551.178,543.718,535.637,526.877,517.423,507.341,496.785,485.979,475.152,464.482,454.001,443.862,434.263,425.343,417.152,409.675,402.854,396.621,390.902,385.635,380.761,376.231,372.006,368.049,364.331,360.826,357.514,354.375,351.393,348.554,345.845,343.256,340.777,338.399,336.115,333.918,331.802,329.761,327.79,325.885,324.041,322.256,320.525,318.845,317.213,315.628,314.085,312.584,311.122,309.696,308.306,306.949,305.625,304.331,303.066,301.829,300.619,299.434,298.274,297.138,296.024,294.932
680.416,678.566,676.684,674.768,672.818,670.832,668.807,666.743,664.637,662.487,660.291,658.047,655.752,653.403,650.997,648.532,646.004,643.408,640.741,637.997,635.173,632.262,629.259,626.156,622.947,619.622,616.173,612.59,608.861,604.972,600.911,596.659,592.2,587.51,582.566,577.339,571.795,565.895,559.591,552.826,545.534,537.645,529.099,519.869,509.997,499.614,488.924,478.156,467.508,457.041,446.85,437.137,428.059,419.692,412.038,405.051,398.666,392.813,387.425,382.445,377.821,373.51,369.478,365.691,362.125,358.757,355.567,352.538,349.656,346.908,344.282,341.769,339.36,337.046,334.822,332.68,330.615,328.621,326.695,324.831,323.027,321.278,319.581,317.933,316.332,314.775,313.26,311.784,310.346,308.944,307.576,306.24,304.935,303.66,302.413,301.194,300,298.831,297.687,296.565,295.465
680.701,678.858,676.983,675.075,673.132,671.154,669.138,667.082,664.985,662.845,660.66,658.427,656.143,653.807,651.415,648.964,646.45,643.87,641.22,638.495,635.69,632.801,629.82,626.742,623.559,620.263,616.846,613.297,609.606,605.759,601.743,597.543,593.139,588.512,583.639,578.492,573.039,567.242,561.057,554.43,547.299,539.595,531.256,522.245,512.585,502.383,491.823,481.129,470.505,460.06,449.839,440.031,430.81,422.273,414.443,407.289,400.75,394.758,389.247,384.156,379.435,375.038,370.927,367.071,363.442,360.016,356.773,353.696,350.77,347.982,345.319,342.771,340.329,337.986,335.734,333.566,331.476,329.459,327.511,325.627,323.803,322.036,320.322,318.658,317.041,315.469,313.94,312.451,311,309.585,308.205,306.858,305.543,304.258,303.001,301.772,300.569,299.391,298.238,297.108,296
680.985,679.148,677.28,675.379,673.445,671.474,669.466,667.42,665.332,663.202,661.027,658.805,656.533,654.209,651.83,649.392,646.893,644.329,641.695,638.988,636.203,633.334,630.376,627.321,624.165,620.897,617.511,613.996,610.341,606.535,602.564,598.412,594.064,589.498,584.693,579.623,574.257,568.56,562.489,555.995,549.016,541.489,533.349,524.552,515.105,505.091,494.673,484.066,473.477,463.055,452.823,442.94,433.589,424.891,416.889,409.566,402.871,396.737,391.099,385.896,381.074,376.588,372.397,368.469,364.775,361.29,357.994,354.868,351.897,349.067,346.366,343.783,341.309,338.935,336.654,334.459,332.344,330.304,328.334,326.43,324.586,322.8,321.068,319.388,317.755,316.168,314.624,313.122,311.658,310.231,308.839,307.481,306.154,304.858,303.592,302.353,301.141,299.954,298.792,297.654,296.538
681.267,679.437,677.576,675.683,673.755,671.793,669.793,667.755,665.677,663.557,661.392,659.18,656.92,654.608,652.241,649.817,647.333,644.784,642.167,639.478,636.711,633.862,630.926,627.895,624.764,621.525,618.168,614.686,611.067,607.301,603.373,599.27,594.974,590.468,585.729,580.733,575.451,569.85,563.889,557.52,550.688,543.33,535.381,526.793,517.558,507.736,497.472,486.964,476.424,466.022,455.796,445.858,436.395,427.545,419.375,411.884,405.03,398.751,392.984,387.665,382.74,378.162,373.889,369.887,366.126,362.581,359.23,356.054,353.037,350.165,347.424,344.805,342.297,339.892,337.582,335.36,333.22,331.157,329.164,327.238,325.375,323.57,321.82,320.123,318.474,316.872,315.314,313.797,312.32,310.88,309.476,308.106,306.769,305.462,304.185,302.937,301.715,300.52,299.349,298.202,297.078
681.549,679.725,677.871,675.984,674.065,672.11,670.119,668.089,666.02,663.909,661.754,659.553,657.304,655.004,652.65,650.24,647.769,645.236,642.635,639.963,637.215,634.386,631.471,628.464,625.358,622.145,618.818,615.368,611.785,608.056,604.171,600.114,595.871,591.422,586.747,581.823,576.622,571.113,565.257,559.009,552.317,545.12,537.354,528.969,519.943,510.318,500.216,489.821,479.342,468.96,458.753,448.779,439.22,430.231,421.899,414.241,407.227,400.802,394.901,389.463,384.433,379.76,375.402,371.324,367.495,363.888,360.481,357.254,354.19,351.274,348.494,345.838,343.296,340.859,338.52,336.27,334.104,332.016,330,328.053,326.169,324.345,322.578,320.863,319.198,317.58,316.007,314.476,312.986,311.534,310.117,308.736,307.387,306.07,304.783,303.524,302.293,301.088,299.909,298.753,297.621
681.829,680.012,678.164,676.285,674.372,672.425,670.442,668.421,666.361,664.259,662.114,659.924,657.686,655.398,653.056,650.659,648.203,645.684,643.099,640.444,637.714,634.905,632.011,629.027,625.945,622.759,619.461,616.042,612.493,608.802,604.958,600.947,596.753,592.36,587.748,582.893,577.771,572.35,566.595,560.463,553.905,546.861,539.272,531.082,522.262,512.836,502.904,492.634,482.228,471.873,461.688,451.696,442.06,432.946,424.46,416.638,409.463,402.888,396.851,391.292,386.152,381.382,376.938,372.782,368.883,365.212,361.747,358.467,355.355,352.396,349.575,346.881,344.304,341.835,339.465,337.188,334.995,332.882,330.844,328.874,326.97,325.127,323.34,321.608,319.927,318.293,316.705,315.16,313.656,312.191,310.762,309.369,308.009,306.681,305.383,304.115,302.874,301.66,300.471,299.307,298.167
682.108,680.297,678.456,676.583,674.678,672.739,670.764,668.751,666.7,664.608,662.473,660.293,658.065,655.789,653.459,651.075,648.633,646.129,643.56,640.921,638.21,635.42,632.547,629.584,626.527,623.367,620.097,616.709,613.193,609.539,605.735,601.768,597.623,593.284,588.732,583.944,578.898,573.562,567.904,561.884,555.453,548.557,541.136,533.135,524.516,515.29,505.535,495.4,485.079,474.763,464.598,454.605,444.911,435.686,427.054,419.072,411.737,405.01,398.835,393.151,387.9,383.03,378.497,374.261,370.289,366.554,363.03,359.696,356.535,353.53,350.667,347.935,345.323,342.821,340.42,338.113,335.894,333.756,331.694,329.702,327.777,325.914,324.109,322.359,320.661,319.011,317.408,315.849,314.331,312.852,311.411,310.006,308.634,307.295,305.987,304.708,303.458,302.234,301.037,299.864,298.715
682.385,680.581,678.746,676.881,674.983,673.051,671.084,669.08,667.037,664.954,662.829,660.659,658.442,656.177,653.86,651.489,649.06,646.57,644.017,641.395,638.701,635.93,633.077,630.137,627.102,623.968,620.726,617.368,613.885,610.267,606.502,602.578,598.481,594.194,589.7,584.978,580.004,574.751,569.186,563.272,556.964,550.209,542.95,535.13,526.708,517.68,508.106,498.117,487.893,477.626,467.479,457.5,447.765,438.445,429.679,421.542,414.048,407.169,400.853,395.041,389.676,384.704,380.079,375.761,371.715,367.913,364.328,360.939,357.727,354.676,351.771,349,346.351,343.815,341.384,339.048,336.801,334.638,332.551,330.537,328.591,326.707,324.883,323.115,321.4,319.734,318.116,316.542,315.01,313.518,312.064,310.647,309.263,307.913,306.594,305.305,304.045,302.812,301.605,300.424,299.267
682.661,680.863,679.035,677.177,675.286,673.361,671.402,669.406,667.372,665.298,663.183,661.023,658.817,656.563,654.258,651.899,649.484,647.009,644.47,641.865,639.188,636.436,633.603,630.684,627.673,624.563,621.348,618.02,614.568,610.985,607.259,603.377,599.325,595.09,590.652,585.993,581.09,575.916,570.442,564.63,558.439,551.819,544.715,537.069,528.838,520.007,510.618,500.782,490.667,480.461,470.335,460.377,450.618,441.22,432.331,424.047,416.397,409.365,402.906,396.964,391.481,386.403,381.684,377.282,373.161,369.29,365.643,362.198,358.934,355.836,352.888,350.076,347.39,344.82,342.356,339.991,337.716,335.527,333.416,331.379,329.41,327.507,325.663,323.877,322.144,320.462,318.828,317.239,315.693,314.188,312.721,311.291,309.896,308.535,307.205,305.905,304.635,303.392,302.177,300.986,299.82
682.936,681.144,679.323,677.471,675.587,673.67,671.719,669.731,667.706,665.641,663.534,661.385,659.19,656.947,654.653,652.307,649.905,647.444,644.92,642.331,639.671,636.937,634.124,631.226,628.237,625.152,621.964,618.664,615.244,611.695,608.006,604.164,600.158,595.972,591.59,586.992,582.157,577.06,571.672,565.959,559.88,553.389,546.433,538.956,530.909,522.272,513.069,503.394,493.398,483.265,473.169,463.231,453.464,444.005,435.008,426.584,418.781,411.596,404.993,398.918,393.315,388.13,383.314,378.825,374.626,370.685,366.975,363.472,360.156,357.009,354.016,351.164,348.44,345.835,343.338,340.942,338.639,336.423,334.288,332.227,330.237,328.312,326.449,324.644,322.894,321.195,319.545,317.941,316.381,314.862,313.382,311.94,310.533,309.16,307.819,306.509,305.228,303.976,302.751,301.552,300.377
683.21,681.424,679.609,677.764,675.887,673.978,672.034,670.054,668.037,665.981,663.884,661.744,659.56,657.328,655.046,652.712,650.323,647.876,645.367,642.793,640.15,637.434,634.64,631.763,628.797,625.736,622.573,619.301,615.912,612.396,608.743,604.942,600.98,596.842,592.513,587.975,583.206,578.183,572.878,567.26,561.289,554.922,548.107,540.791,532.924,524.476,515.461,505.951,496.084,486.035,475.979,466.059,456.3,446.795,437.704,429.15,421.2,413.864,407.115,400.905,395.179,389.884,384.969,380.391,376.112,372.099,368.324,364.761,361.391,358.195,355.157,352.263,349.501,346.859,344.33,341.903,339.571,337.328,335.167,333.082,331.069,329.124,327.241,325.417,323.649,321.934,320.267,318.648,317.073,315.54,314.047,312.592,311.173,309.788,308.436,307.116,305.825,304.563,303.328,302.12,300.937
683.483,681.703,679.895,678.056,676.186,674.284,672.347,670.376,668.367,666.32,664.232,662.102,659.927,657.706,655.436,653.114,650.738,648.304,645.81,643.252,640.625,637.927,635.152,632.295,629.351,626.313,623.176,619.932,616.573,613.089,609.472,605.709,601.79,597.699,593.422,588.941,584.236,579.285,574.061,568.534,562.667,556.418,549.739,542.578,534.883,526.621,517.792,508.453,498.724,488.769,478.764,468.86,459.119,449.586,440.416,431.743,423.651,416.166,409.271,402.925,397.074,391.666,386.649,381.98,377.619,373.532,369.69,366.067,362.642,359.395,356.31,353.374,350.572,347.894,345.33,342.872,340.511,338.24,336.053,333.945,331.909,329.942,328.039,326.196,324.41,322.677,320.994,319.36,317.77,316.223,314.716,313.248,311.817,310.421,309.057,307.726,306.425,305.153,303.909,302.691,301.499
683.754,681.981,680.178,678.346,676.483,674.588,672.659,670.695,668.695,666.657,664.578,662.457,660.293,658.083,655.824,653.514,651.15,648.73,646.25,643.707,641.097,638.416,635.659,632.822,629.9,626.885,623.773,620.556,617.226,613.774,610.191,606.467,602.589,598.544,594.317,589.892,585.25,580.368,575.221,569.782,564.015,557.88,551.331,544.318,536.79,528.708,520.064,510.898,501.314,491.464,481.52,471.64,461.918,452.372,443.138,434.359,426.133,418.503,411.462,404.977,398.999,393.476,388.355,383.593,379.148,374.985,371.074,367.389,363.907,360.609,357.477,354.496,351.654,348.939,346.341,343.85,341.459,339.16,336.947,334.814,332.755,330.766,328.843,326.98,325.176,323.426,321.726,320.076,318.471,316.91,315.39,313.909,312.465,311.057,309.682,308.34,307.028,305.746,304.492,303.265,302.064
684.025,682.257,680.461,678.635,676.779,674.891,672.97,671.014,669.021,666.991,664.922,662.811,660.656,658.456,656.209,653.911,651.56,649.153,646.687,644.159,641.565,638.901,636.162,633.345,630.443,627.452,624.364,621.173,617.872,614.451,610.902,607.215,603.378,599.377,595.2,590.829,586.246,581.431,576.36,571.005,565.334,559.308,552.885,546.014,538.646,530.739,522.277,513.287,503.854,494.118,484.246,474.398,464.694,455.149,445.867,436.995,428.644,420.872,413.687,407.063,400.956,395.314,390.088,385.23,380.698,376.458,372.477,368.728,365.188,361.837,358.656,355.631,352.748,349.995,347.362,344.838,342.416,340.089,337.849,335.691,333.609,331.597,329.653,327.771,325.947,324.179,322.464,320.797,319.177,317.601,316.067,314.573,313.117,311.696,310.31,308.957,307.635,306.342,305.079,303.842,302.632
684.294,682.532,680.742,678.923,677.073,675.192,673.278,671.33,669.346,667.324,665.264,663.162,661.018,658.828,656.591,654.305,651.966,649.572,647.121,644.607,642.029,639.382,636.661,633.863,630.982,628.013,624.949,621.784,618.511,615.121,611.605,607.954,604.156,600.199,596.069,591.751,587.227,582.477,577.478,572.205,566.626,560.706,554.402,547.667,540.453,532.716,524.433,515.618,506.342,496.729,486.939,477.132,467.444,457.912,448.597,439.646,431.18,423.272,415.945,409.182,402.944,397.182,391.847,386.891,382.271,377.951,373.898,370.084,366.485,363.079,359.849,356.779,353.853,351.062,348.392,345.835,343.382,341.026,338.759,336.575,334.469,332.435,330.469,328.567,326.725,324.939,323.206,321.523,319.888,318.297,316.749,315.242,313.772,312.34,310.942,309.577,308.245,306.942,305.668,304.422,303.203
684.562,682.806,681.022,679.209,677.366,675.492,673.585,671.645,669.669,667.656,665.604,663.511,661.377,659.197,656.972,654.697,652.37,649.989,647.551,645.052,642.489,639.859,637.156,634.377,631.516,628.568,625.528,622.389,619.143,615.782,612.299,608.683,604.924,601.009,596.926,592.659,588.191,583.505,578.576,573.382,567.892,562.072,555.883,549.28,542.214,534.641,526.533,517.894,508.778,499.295,489.596,479.841,470.171,460.657,451.325,442.308,433.738,425.702,418.236,411.334,404.964,399.08,393.633,388.576,383.866,379.465,375.338,371.457,367.797,364.336,361.056,357.938,354.971,352.139,349.433,346.842,344.357,341.971,339.677,337.467,335.336,333.279,331.292,329.369,327.508,325.703,323.953,322.254,320.603,318.997,317.435,315.914,314.432,312.987,311.578,310.202,308.858,307.545,306.261,305.006,303.777
684.829,683.078,681.301,679.494,677.658,675.791,673.891,671.958,669.99,667.985,665.942,663.859,661.734,659.565,657.349,655.086,652.771,650.403,647.978,645.494,642.946,640.332,637.647,634.886,632.045,629.119,626.102,622.987,619.768,616.437,612.985,609.404,605.682,601.809,597.77,593.553,589.141,584.515,579.655,574.537,569.133,563.41,557.331,550.854,543.93,536.516,528.578,520.113,511.16,501.815,492.217,482.523,472.878,463.382,454.044,444.978,436.316,428.159,420.557,413.518,407.015,401.007,395.447,390.288,385.485,381,376.797,372.848,369.126,365.608,362.276,359.111,356.099,353.228,350.484,347.858,345.341,342.925,340.602,338.366,336.211,334.131,332.121,330.178,328.296,326.474,324.706,322.99,321.323,319.702,318.126,316.591,315.096,313.638,312.217,310.829,309.475,308.151,306.857,305.592,304.354
685.094,683.35,681.578,679.778,677.948,676.088,674.195,672.27,670.309,668.313,666.278,664.204,662.088,659.929,657.725,655.473,653.17,650.814,648.403,645.932,643.4,640.801,638.133,635.391,632.57,629.664,626.67,623.58,620.387,617.084,613.664,610.116,606.431,602.597,598.603,594.435,590.076,585.51,580.715,575.671,570.349,564.72,558.747,552.39,545.604,538.342,530.571,522.277,513.489,504.287,494.798,485.174,475.563,466.083,456.753,447.65,438.909,430.64,422.909,415.733,409.097,402.964,397.289,392.025,387.127,382.556,378.277,374.257,370.471,366.896,363.51,360.297,357.241,354.327,351.546,348.885,346.335,343.888,341.536,339.273,337.092,334.988,332.957,330.992,329.091,327.249,325.464,323.731,322.048,320.412,318.821,317.272,315.764,314.294,312.86,311.461,310.095,308.76,307.456,306.181,304.934
685.359,683.62,681.854,680.06,678.237,676.383,674.498,672.58,670.627,668.639,666.613,664.547,662.441,660.292,658.098,655.857,653.566,651.222,648.824,646.368,643.85,641.267,638.616,635.891,633.089,630.205,627.233,624.166,620.999,617.725,614.334,610.819,607.17,603.376,599.425,595.304,590.997,586.488,581.758,576.784,571.543,566.004,560.133,553.891,547.236,540.122,532.512,524.387,515.764,506.709,497.337,487.793,478.225,468.76,459.446,450.32,441.513,433.143,425.288,417.98,411.211,404.952,399.159,393.788,388.793,384.135,379.776,375.685,371.834,368.199,364.759,361.496,358.394,355.439,352.618,349.921,347.337,344.859,342.478,340.188,337.981,335.853,333.799,331.813,329.892,328.031,326.227,324.477,322.778,321.126,319.52,317.958,316.436,314.953,313.507,312.096,310.718,309.373,308.059,306.774,305.517
685.622,683.889,682.129,680.341,678.524,676.677,674.799,672.888,670.943,668.963,666.945,664.889,662.792,660.653,658.469,656.239,653.959,651.628,649.243,646.8,644.297,641.729,639.095,636.388,633.605,630.741,627.79,624.747,621.605,618.358,614.997,611.515,607.901,604.145,600.236,596.16,591.904,587.451,582.782,577.878,572.714,567.261,561.489,555.359,548.83,541.858,534.404,526.444,517.986,509.082,499.834,490.379,480.862,471.417,462.12,452.985,444.125,435.665,427.694,420.256,413.355,406.969,401.058,395.577,390.484,385.736,381.295,377.131,373.213,369.518,366.023,362.709,359.56,356.562,353.701,350.967,348.349,345.839,343.429,341.11,338.878,336.725,334.648,332.64,330.698,328.818,326.996,325.228,323.512,321.845,320.224,318.647,317.112,315.616,314.157,312.734,311.346,309.99,308.665,307.369,306.103
685.885,684.157,682.403,680.621,678.811,676.97,675.099,673.195,671.258,669.285,667.276,665.228,663.141,661.011,658.838,656.618,654.35,652.031,649.658,647.229,644.74,642.188,639.569,636.88,634.116,631.271,628.342,625.322,622.205,618.985,615.653,612.202,608.622,604.904,601.035,597.004,592.797,588.399,583.79,578.953,573.863,568.494,562.816,556.793,550.386,543.55,536.247,528.449,520.155,511.405,502.287,492.928,483.472,474.054,464.774,455.64,446.741,438.202,430.123,422.56,415.53,409.016,402.985,397.394,392.199,387.359,382.836,378.596,374.61,370.853,367.301,363.935,360.739,357.697,354.796,352.024,349.371,346.829,344.388,342.041,339.782,337.605,335.504,333.474,331.511,329.611,327.77,325.985,324.252,322.569,320.933,319.341,317.792,316.283,314.812,313.377,311.977,310.609,309.274,307.968,306.692
686.146,684.424,682.675,680.9,679.095,677.262,675.397,673.501,671.571,669.606,667.605,665.566,663.488,661.368,659.204,656.995,654.738,652.431,650.071,647.655,645.18,642.643,640.041,637.368,634.622,631.798,628.889,625.892,622.799,619.605,616.302,612.881,609.335,605.653,601.824,597.837,593.678,589.332,584.782,580.009,574.992,569.704,564.117,558.197,551.906,545.202,538.045,530.405,522.273,513.677,504.694,495.44,486.053,476.67,467.403,458.282,449.356,440.751,432.573,424.891,417.734,411.093,404.941,399.237,393.94,389.006,384.398,380.081,376.025,372.204,368.594,365.176,361.931,358.844,355.901,353.091,350.403,347.827,345.355,342.98,340.694,338.491,336.366,334.314,332.33,330.41,328.55,326.747,324.997,323.298,321.646,320.04,318.477,316.954,315.47,314.023,312.611,311.233,309.886,308.57,307.284
686.406,684.69,682.947,681.177,679.379,677.552,675.694,673.805,671.882,669.925,667.932,665.902,663.832,661.722,659.568,657.37,655.124,652.828,650.481,648.078,645.617,643.095,640.508,637.853,635.125,632.319,629.431,626.456,623.388,620.219,616.944,613.553,610.04,606.393,602.603,598.659,594.546,590.251,585.758,581.048,576.1,570.891,565.392,559.571,553.392,546.814,539.798,532.311,524.338,515.899,507.055,497.912,488.603,479.263,470.012,460.907,451.967,443.307,435.041,427.247,419.966,413.2,406.926,401.108,395.705,390.676,385.981,381.586,377.459,373.572,369.903,366.43,363.136,360.003,357.018,354.169,351.445,348.835,346.332,343.927,341.613,339.385,337.236,335.161,333.155,331.215,329.336,327.514,325.747,324.032,322.364,320.743,319.165,317.629,316.132,314.673,313.249,311.859,310.502,309.176,307.879
686.665,684.954,683.217,681.453,679.661,677.84,675.989,674.107,672.192,670.243,668.258,666.236,664.175,662.074,659.93,657.742,655.507,653.223,650.888,648.498,646.051,643.543,640.972,638.333,635.623,632.836,629.969,627.015,623.97,620.827,617.578,614.218,610.736,607.124,603.372,599.469,595.402,591.157,586.719,582.07,577.19,572.056,566.641,560.916,554.844,548.389,541.509,534.17,526.354,518.07,509.369,500.343,491.119,481.832,472.602,463.513,454.57,445.869,437.524,429.626,422.225,415.335,408.939,403.006,397.497,392.37,387.587,383.111,378.91,374.958,371.228,367.7,364.354,361.175,358.147,355.258,352.497,349.853,347.317,344.883,342.541,340.286,338.112,336.014,333.987,332.026,330.127,328.287,326.502,324.77,323.087,321.451,319.859,318.309,316.799,315.327,313.891,312.489,311.121,309.784,308.477
686.923,685.218,683.486,681.728,679.942,678.128,676.283,674.408,672.5,670.558,668.582,666.568,664.516,662.424,660.29,658.112,655.888,653.615,651.292,648.915,646.481,643.988,641.432,638.81,636.117,633.349,630.501,627.569,624.547,621.428,618.207,614.875,611.424,607.847,604.132,600.269,596.246,592.05,587.665,583.075,578.26,573.199,567.867,562.233,556.266,549.927,543.178,535.984,528.321,520.192,511.635,502.733,493.602,484.373,475.172,466.097,457.162,448.43,440.019,432.025,424.51,417.498,410.981,404.932,399.315,394.088,389.214,384.656,380.381,376.36,372.569,368.984,365.586,362.359,359.287,356.358,353.559,350.88,348.312,345.847,343.477,341.195,338.996,336.874,334.825,332.843,330.924,329.065,327.263,325.514,323.815,322.163,320.556,318.992,317.469,315.984,314.536,313.123,311.744,310.396,309.079
687.18,685.48,683.754,682.002,680.222,678.414,676.576,674.707,672.807,670.873,668.904,666.898,664.855,662.772,660.648,658.48,656.267,654.005,651.694,649.329,646.909,644.43,641.889,639.283,636.607,633.857,631.029,628.118,625.118,622.024,618.828,615.525,612.105,608.56,604.882,601.058,597.079,592.93,588.597,584.064,579.313,574.323,569.069,563.524,557.657,551.431,544.808,537.754,530.24,522.264,513.853,505.079,496.047,486.887,477.722,468.66,459.739,450.989,442.523,434.442,426.819,419.688,413.051,406.885,401.158,395.831,390.865,386.222,381.871,377.781,373.926,370.283,366.832,363.556,360.44,357.469,354.631,351.917,349.316,346.819,344.42,342.112,339.887,337.741,335.669,333.666,331.727,329.849,328.029,326.262,324.547,322.88,321.258,319.68,318.143,316.646,315.186,313.761,312.37,311.011,309.684
687.436,685.741,684.021,682.274,680.501,678.699,676.867,675.006,673.112,671.185,669.224,667.227,665.192,663.119,661.004,658.846,656.643,654.393,652.093,649.741,647.334,644.869,642.343,639.752,637.093,634.361,631.552,628.662,625.684,622.613,619.443,616.167,612.778,609.266,605.622,601.837,597.9,593.797,589.515,585.038,580.348,575.426,570.249,564.79,559.019,552.901,546.401,539.481,532.113,524.288,516.024,507.381,498.456,489.37,480.249,471.204,462.299,453.542,445.031,436.873,429.149,421.904,415.148,408.866,403.028,397.599,392.538,387.81,383.38,379.219,375.299,371.597,368.093,364.767,361.604,358.591,355.714,352.964,350.329,347.801,345.372,343.036,340.786,338.616,336.52,334.495,332.536,330.639,328.8,327.016,325.284,323.601,321.965,320.373,318.822,317.311,315.839,314.402,313,311.63,310.292
687.691,686.001,684.287,682.546,680.778,678.982,677.157,675.302,673.416,671.496,669.543,667.554,665.528,663.463,661.357,659.209,657.017,654.777,652.489,650.149,647.755,645.304,642.793,640.217,637.575,634.861,632.071,629.2,626.244,623.197,620.052,616.804,613.443,609.963,606.354,602.607,598.71,594.652,590.419,585.996,581.367,576.511,571.408,566.031,560.353,554.34,547.957,541.167,533.941,526.264,518.147,509.638,500.825,491.821,482.752,473.73,464.839,456.085,447.541,439.317,431.499,424.144,417.271,410.873,404.925,399.391,394.235,389.419,384.91,380.676,376.69,372.927,369.367,365.991,362.782,359.725,356.808,354.021,351.351,348.791,346.333,343.968,341.692,339.497,337.378,335.331,333.351,331.434,329.577,327.775,326.026,324.328,322.676,321.069,319.505,317.981,316.496,315.047,313.633,312.252,310.903
687.945,686.261,684.551,682.816,681.054,679.264,677.446,675.598,673.718,671.806,669.86,667.879,665.861,663.805,661.709,659.571,657.388,655.16,652.883,650.555,648.174,645.736,643.239,640.679,638.053,635.356,632.585,629.734,626.8,623.775,620.655,617.433,614.101,610.652,607.077,603.366,599.51,595.495,591.31,586.94,582.369,577.578,572.546,567.249,561.66,555.748,549.478,542.814,535.726,528.194,520.222,511.85,503.154,494.239,485.229,476.237,467.358,458.615,450.05,441.769,433.866,426.407,419.42,412.907,406.847,401.208,395.955,391.05,386.459,382.151,378.097,374.273,370.657,367.228,363.971,360.871,357.913,355.088,352.383,349.79,347.301,344.908,342.605,340.385,338.243,336.173,334.172,332.235,330.359,328.539,326.774,325.059,323.392,321.77,320.192,318.655,317.156,315.695,314.27,312.878,311.518
688.198,686.519,684.815,683.085,681.329,679.545,677.733,675.891,674.019,672.114,670.176,668.203,666.193,664.146,662.058,659.93,657.758,655.54,653.274,650.958,648.59,646.165,643.683,641.138,638.527,635.848,633.095,630.264,627.35,624.348,621.252,618.056,614.752,611.334,607.792,604.117,600.299,596.327,592.189,587.87,583.355,578.626,573.664,568.444,562.942,557.127,550.965,544.423,537.468,530.078,522.251,514.017,505.441,496.623,487.678,478.723,469.857,461.129,452.553,444.226,436.248,428.691,421.594,414.967,408.795,403.051,397.698,392.703,388.029,383.645,379.522,375.635,371.961,368.48,365.174,362.028,359.03,356.165,353.425,350.799,348.279,345.857,343.526,341.28,339.114,337.022,335,333.042,331.147,329.309,327.526,325.795,324.112,322.476,320.883,319.332,317.821,316.348,314.91,313.507,312.136
688.45,686.776,685.077,683.353,681.603,679.825,678.019,676.184,674.318,672.42,670.49,668.524,666.523,664.484,662.406,660.287,658.125,655.918,653.663,651.359,649.003,646.592,644.123,641.593,638.998,636.335,633.6,630.789,627.895,624.915,621.843,618.673,615.396,612.008,608.498,604.858,601.078,597.148,593.055,588.786,584.326,579.658,574.762,569.618,564.199,558.477,552.421,545.996,539.17,531.918,524.235,516.139,507.688,498.97,490.098,481.187,472.34,463.626,455.048,446.687,438.642,430.994,423.792,417.053,410.77,404.918,399.466,394.378,389.62,385.159,380.965,377.014,373.28,369.745,366.389,363.198,360.157,357.254,354.477,351.817,349.265,346.813,344.455,342.183,339.992,337.877,335.833,333.855,331.94,330.084,328.284,326.535,324.837,323.185,321.579,320.014,318.49,317.004,315.554,314.139,312.758
688.701,687.032,685.338,683.62,681.875,680.103,678.304,676.475,674.616,672.725,670.802,668.844,666.851,664.821,662.752,660.642,658.49,656.293,654.049,651.757,649.413,647.015,644.56,642.044,639.465,636.819,634.102,631.309,628.436,625.478,622.429,619.283,616.034,612.674,609.196,605.59,601.848,597.958,593.91,589.689,585.282,580.673,575.842,570.77,565.432,559.8,553.845,547.533,540.832,533.716,526.173,518.216,509.891,501.28,492.487,483.627,474.804,466.103,457.532,449.146,441.044,433.313,426.011,419.163,412.77,406.811,401.258,396.076,391.231,386.691,382.426,378.409,374.615,371.024,367.618,364.38,361.296,358.353,355.539,352.844,350.26,347.778,345.392,343.093,340.878,338.739,336.673,334.674,332.739,330.865,329.046,327.281,325.567,323.9,322.278,320.7,319.162,317.664,316.202,314.775,313.383
688.951,687.287,685.599,683.885,682.146,680.381,678.587,676.765,674.912,673.029,671.113,669.163,667.178,665.156,663.096,660.995,658.852,656.666,654.433,652.152,649.82,647.435,644.993,642.492,639.929,637.299,634.599,631.824,628.971,626.034,623.008,619.887,616.664,613.333,609.886,606.314,602.608,598.758,594.752,590.579,586.224,581.672,576.904,571.902,566.642,561.098,555.24,549.037,542.457,535.472,528.067,520.248,512.052,503.552,494.844,486.041,477.25,468.56,460.002,451.601,443.453,435.647,428.25,421.297,414.794,408.729,403.073,397.797,392.864,388.244,383.905,379.82,375.965,372.319,368.861,365.575,362.447,359.462,356.611,353.881,351.264,348.752,346.336,344.011,341.77,339.608,337.519,335.499,333.544,331.651,329.814,328.032,326.301,324.619,322.983,321.39,319.839,318.327,316.853,315.415,314.011
689.2,687.541,685.858,684.15,682.417,680.657,678.869,677.053,675.207,673.331,671.422,669.48,667.503,665.489,663.437,661.346,659.213,657.037,654.815,652.545,650.225,647.852,645.424,642.937,640.389,637.775,635.092,632.336,629.502,626.586,623.582,620.485,617.288,613.985,610.568,607.029,603.358,599.547,595.584,591.457,587.152,582.655,577.949,573.015,567.83,562.37,556.606,550.509,544.046,537.188,529.918,522.236,514.17,505.784,497.168,488.429,479.675,471,462.456,454.05,445.865,437.993,430.508,423.453,416.843,410.671,404.913,399.54,394.519,389.817,385.403,381.25,377.332,373.627,370.117,366.782,363.609,360.583,357.693,354.928,352.277,349.734,347.289,344.937,342.67,340.483,338.372,336.331,334.355,332.442,330.588,328.788,327.041,325.343,323.692,322.085,320.52,318.995,317.509,316.059,314.643
689.448,687.794,686.116,684.413,682.686,680.931,679.15,677.34,675.501,673.631,671.73,669.795,667.826,665.82,663.777,661.695,659.572,657.405,655.194,652.935,650.627,648.267,645.852,643.379,640.845,638.247,635.581,632.843,630.028,627.133,624.151,621.078,617.906,614.63,611.243,607.736,604.1,600.326,596.404,592.322,588.066,583.624,578.977,574.108,568.996,563.618,557.945,551.949,545.599,538.865,531.727,524.18,516.246,507.977,499.457,490.789,482.079,473.423,464.892,456.489,448.276,440.348,432.782,425.63,418.916,412.637,406.777,401.307,396.195,391.41,386.92,382.696,378.714,374.951,371.387,368.003,364.784,361.716,358.786,355.984,353.3,350.725,348.25,345.87,343.577,341.366,339.231,337.168,335.172,333.239,331.366,329.549,327.785,326.071,324.405,322.783,321.205,319.667,318.168,316.706,315.278
689.695,688.046,686.373,684.676,682.953,681.205,679.43,677.626,675.794,673.931,672.036,670.109,668.147,666.15,664.115,662.042,659.928,657.772,655.571,653.323,651.027,648.679,646.277,643.817,641.298,638.716,636.066,633.346,630.55,627.675,624.715,621.664,618.518,615.269,611.91,608.434,604.833,601.096,597.214,593.175,588.968,584.577,579.988,575.183,570.142,564.842,559.258,553.36,547.118,540.504,533.495,526.081,518.278,510.13,501.711,493.119,484.459,475.829,467.309,458.916,450.685,442.709,435.069,427.826,421.01,414.628,408.665,403.097,397.893,393.023,388.455,384.161,380.113,376.29,372.671,369.236,365.97,362.859,359.89,357.051,354.332,351.724,349.22,346.811,344.492,342.256,340.097,338.012,335.995,334.042,332.15,330.315,328.534,326.804,325.123,323.487,321.894,320.343,318.831,317.356,315.917
689.941,688.297,686.629,684.937,683.22,681.478,679.708,677.911,676.084,674.228,672.341,670.421,668.467,666.478,664.452,662.387,660.283,658.136,655.945,653.709,651.424,649.088,646.698,644.253,641.748,639.181,636.548,633.844,631.067,628.212,625.273,622.245,619.123,615.901,612.57,609.125,605.557,601.856,598.013,594.017,589.856,585.517,580.984,576.241,571.268,566.045,560.545,554.742,548.606,542.107,535.223,527.941,520.268,512.242,503.928,495.418,486.815,478.216,469.707,461.328,453.089,445.074,437.369,430.04,423.127,416.641,410.576,404.909,399.614,394.657,390.01,385.643,381.529,377.645,373.969,370.483,367.17,364.014,361.004,358.127,355.373,352.733,350.197,347.76,345.414,343.152,340.97,338.862,336.824,334.851,332.94,331.087,329.289,327.542,325.845,324.194,322.587,321.023,319.498,318.011,316.56
690.186,688.547,686.884,685.197,683.486,681.749,679.985,678.194,676.374,674.524,672.644,670.731,668.785,666.804,664.786,662.73,660.635,658.498,656.318,654.092,651.818,649.494,647.117,644.685,642.195,639.642,637.025,634.339,631.58,628.744,625.826,622.821,619.723,616.526,613.223,609.808,606.272,602.607,598.802,594.848,590.732,586.443,581.964,577.281,572.375,567.225,561.807,556.096,550.061,543.676,536.913,529.759,522.216,514.313,506.108,497.686,489.144,480.583,472.09,463.724,455.484,447.439,439.677,432.27,425.263,418.677,412.51,406.745,401.356,396.313,391.585,387.143,382.962,379.015,375.282,371.743,368.381,365.181,362.13,359.214,356.424,353.75,351.184,348.717,346.343,344.056,341.85,339.719,337.659,335.666,333.735,331.864,330.048,328.285,326.572,324.906,323.285,321.706,320.168,318.669,317.206
690.43,688.796,687.138,685.456,683.75,682.019,680.261,678.476,676.662,674.819,672.946,671.04,669.101,667.128,665.119,663.072,660.985,658.858,656.688,654.472,652.21,649.897,647.533,645.114,642.638,640.1,637.499,634.83,632.089,629.272,626.374,623.391,620.316,617.145,613.87,610.484,606.979,603.348,599.581,595.667,591.596,587.355,582.93,578.305,573.463,568.385,563.046,557.423,551.487,545.21,538.566,531.538,524.123,516.344,508.251,499.92,491.446,482.929,474.457,466.101,457.868,449.803,441.993,434.513,427.418,420.734,414.467,408.604,403.12,397.989,393.179,388.662,384.411,380.401,376.61,373.017,369.606,366.36,363.266,360.311,357.485,354.777,352.179,349.682,347.281,344.967,342.736,340.582,338.5,336.486,334.536,332.646,330.813,329.033,327.304,325.623,323.987,322.395,320.843,319.331,317.856
690.674,689.044,687.391,685.714,684.014,682.288,680.536,678.757,676.949,675.113,673.246,671.348,669.416,667.451,665.45,663.411,661.334,659.216,657.055,654.85,652.599,650.298,647.946,645.541,643.078,640.555,637.969,635.316,632.593,629.795,626.917,623.956,620.904,617.757,614.509,611.152,607.679,604.081,600.351,596.477,592.449,588.254,583.881,579.313,574.534,569.524,564.263,558.725,552.884,546.712,540.183,533.277,525.989,518.334,510.355,502.12,493.72,485.252,476.806,468.46,460.239,452.162,444.312,436.768,429.59,422.812,416.447,410.485,404.907,399.686,394.793,390.2,385.879,381.804,377.953,374.306,370.844,367.551,364.414,361.419,358.556,355.813,353.183,350.656,348.226,345.886,343.63,341.452,339.348,337.313,335.343,333.434,331.582,329.786,328.04,326.344,324.693,323.087,321.522,319.997,318.51
690.916,689.291,687.643,685.971,684.276,682.556,680.809,679.036,677.235,675.405,673.545,671.654,669.73,667.772,665.779,663.749,661.68,659.572,657.421,655.226,652.986,650.697,648.357,645.964,643.515,641.006,638.436,635.799,633.093,630.314,627.456,624.515,621.486,618.364,615.142,611.813,608.37,604.806,601.111,597.275,593.289,589.141,584.818,580.305,575.587,570.644,565.457,560.002,554.252,548.182,541.765,534.979,527.816,520.284,512.42,504.285,495.964,487.551,479.137,470.804,462.595,454.514,446.633,439.032,431.777,424.909,418.447,412.388,406.715,401.405,396.428,391.757,387.363,383.223,379.311,375.608,372.095,368.755,365.573,362.538,359.637,356.859,354.195,351.638,349.179,346.812,344.53,342.329,340.202,338.145,336.155,334.227,332.357,330.543,328.782,327.069,325.404,323.783,322.205,320.667,319.167
691.158,689.537,687.894,686.228,684.537,682.822,681.082,679.314,677.519,675.696,673.842,671.958,670.041,668.091,666.106,664.084,662.025,659.925,657.784,655.6,653.37,651.092,648.765,646.384,643.948,641.454,638.899,636.278,633.589,630.828,627.99,625.07,622.063,618.965,615.768,612.467,609.054,605.522,601.861,598.064,594.119,590.016,585.742,581.282,576.623,571.745,566.63,561.255,555.594,549.622,543.313,536.644,529.603,522.194,514.447,506.415,498.177,489.824,481.449,473.132,464.935,456.857,448.953,441.303,433.977,427.024,420.469,414.313,408.546,403.144,398.083,393.332,388.866,384.658,380.685,376.924,373.359,369.97,366.745,363.668,360.728,357.914,355.217,352.628,350.14,347.745,345.438,343.212,341.062,338.984,336.973,335.026,333.138,331.306,329.528,327.799,326.119,324.484,322.892,321.34,319.828
691.398,689.782,688.144,686.483,684.798,683.088,681.353,679.591,677.803,675.985,674.138,672.261,670.352,668.409,666.432,664.418,662.367,660.277,658.146,655.971,653.752,651.486,649.17,646.802,644.379,641.899,639.358,636.754,634.082,631.338,628.519,625.619,622.635,619.56,616.388,613.114,609.73,606.229,602.603,598.843,594.938,590.879,586.652,582.245,577.643,572.828,567.783,562.485,556.91,551.033,544.829,538.273,531.352,524.065,516.435,508.509,500.359,492.072,483.739,475.444,467.257,459.188,451.269,443.578,436.189,429.156,422.509,416.259,410.397,404.905,399.758,394.927,390.387,386.11,382.074,378.256,374.637,371.199,367.927,364.808,361.829,358.979,356.248,353.627,351.109,348.687,346.353,344.102,341.929,339.829,337.798,335.83,333.924,332.074,330.279,328.534,326.839,325.189,323.583,322.018,320.493
691.638,690.026,688.393,686.736,685.057,683.352,681.623,679.867,678.084,676.273,674.433,672.562,670.66,668.725,666.756,664.75,662.708,660.627,658.505,656.341,654.132,651.876,649.572,647.216,644.807,642.341,639.814,637.225,634.57,631.844,629.043,626.164,623.201,620.149,617.002,613.754,610.399,606.929,603.336,599.612,595.747,591.73,587.549,583.193,578.647,573.894,568.916,563.692,558.201,552.416,546.313,539.868,533.064,525.897,518.385,510.566,502.508,494.291,486.007,477.74,469.562,461.506,453.579,445.856,438.41,431.302,424.569,418.226,412.271,406.687,401.453,396.541,391.925,387.579,383.479,379.602,375.928,372.44,369.122,365.96,362.941,360.054,357.288,354.635,352.087,349.636,347.275,345,342.803,340.68,338.628,336.64,334.715,332.847,331.035,329.274,327.563,325.898,324.278,322.7,321.162
691.877,690.27,688.641,686.989,685.315,683.616,681.892,680.142,678.365,676.56,674.726,672.863,670.967,669.04,667.078,665.081,663.047,660.975,658.862,656.708,654.509,652.265,649.972,647.628,645.232,642.779,640.267,637.693,635.054,632.345,629.563,626.704,623.762,620.732,617.61,614.388,611.061,607.621,604.061,600.372,596.545,592.569,588.435,584.128,579.635,574.942,570.029,564.879,559.468,553.772,547.767,541.429,534.739,527.691,520.296,512.587,504.624,496.483,488.252,480.017,471.852,463.808,455.881,448.133,440.639,433.461,426.645,420.212,414.164,408.49,403.169,398.175,393.483,389.066,384.9,380.963,377.234,373.695,370.33,367.123,364.064,361.138,358.338,355.652,353.073,350.593,348.205,345.904,343.683,341.538,339.464,337.456,335.511,333.626,331.796,330.019,328.292,326.612,324.977,323.385,321.834
692.115,690.512,688.888,687.241,685.572,683.878,682.16,680.415,678.644,676.846,675.018,673.161,671.273,669.353,667.399,665.41,663.384,661.32,659.217,657.072,654.884,652.65,650.369,648.037,645.653,643.214,640.717,638.158,635.535,632.843,630.079,627.239,624.317,621.31,618.211,615.015,611.716,608.305,604.777,601.123,597.333,593.398,589.308,585.049,580.609,575.974,571.125,566.045,560.711,555.102,549.192,542.958,536.38,529.448,522.17,514.571,506.706,498.644,490.472,482.275,474.128,466.093,458.173,450.408,442.871,435.632,428.738,422.217,416.079,410.314,404.905,399.828,395.058,390.57,386.338,382.339,378.554,374.962,371.549,368.298,365.197,362.233,359.397,356.677,354.067,351.558,349.143,346.815,344.57,342.402,340.306,338.278,336.314,334.409,332.562,330.768,329.025,327.33,325.681,324.075,322.511
692.352,690.754,689.134,687.492,685.828,684.139,682.426,680.688,678.923,677.13,675.309,673.458,671.577,669.664,667.718,665.736,663.719,661.664,659.57,657.435,655.257,653.034,650.764,648.444,646.072,643.646,641.163,638.619,636.011,633.336,630.59,627.769,624.868,621.883,618.807,615.636,612.364,608.982,605.485,601.865,598.111,594.216,590.169,585.957,581.569,576.989,572.202,567.19,561.932,556.406,550.589,544.455,537.986,531.169,524.006,516.519,508.753,500.776,492.667,484.512,476.388,468.362,460.453,452.677,445.107,437.811,430.844,424.24,418.012,412.158,406.661,401.501,396.653,392.091,387.792,383.731,379.888,376.244,372.781,369.485,366.341,363.339,360.465,357.712,355.07,352.531,350.088,347.734,345.464,343.273,341.155,339.106,337.121,335.198,333.333,331.522,329.763,328.053,326.389,324.769,323.191
692.588,690.994,689.379,687.743,686.083,684.4,682.692,680.959,679.199,677.413,675.598,673.754,671.88,669.974,668.035,666.062,664.053,662.006,659.921,657.796,655.627,653.415,651.156,648.848,646.488,644.075,641.606,639.077,636.484,633.826,631.098,628.295,625.414,622.45,619.397,616.251,613.005,609.652,606.186,602.598,598.88,595.024,591.019,586.853,582.514,577.989,573.263,568.317,563.132,557.687,551.958,545.922,539.559,532.854,525.805,518.43,510.766,502.876,494.836,486.728,478.631,470.616,462.718,454.94,447.343,439.998,432.964,426.28,419.965,414.021,408.437,403.193,398.266,393.631,389.262,385.138,381.237,377.538,374.026,370.683,367.497,364.454,361.544,358.756,356.082,353.512,351.041,348.66,346.365,344.15,342.009,339.939,337.935,335.993,334.109,332.281,330.506,328.78,327.101,325.467,323.876
692.823,691.234,689.624,687.992,686.337,684.659,682.956,681.229,679.475,677.695,675.886,674.049,672.181,670.282,668.351,666.385,664.384,662.347,660.27,658.154,655.996,653.794,651.545,649.249,646.902,644.502,642.046,639.531,636.954,634.312,631.601,628.817,625.955,623.012,619.982,616.86,613.639,610.314,606.878,603.323,599.64,595.822,591.857,587.736,583.446,578.974,574.306,569.424,564.31,558.943,553.301,547.36,541.1,534.504,527.568,520.304,512.745,504.945,496.976,488.921,480.857,472.856,464.968,457.193,449.577,442.19,435.094,428.334,421.936,415.904,410.233,404.905,399.898,395.188,390.75,386.561,382.6,378.847,375.283,371.894,368.664,365.581,362.633,359.809,357.102,354.502,352.001,349.594,347.273,345.034,342.871,340.779,338.754,336.793,334.891,333.046,331.254,329.512,327.818,326.17,324.565
693.058,691.473,689.867,688.24,686.59,684.917,683.22,681.498,679.75,677.975,676.173,674.342,672.481,670.589,668.665,666.707,664.714,662.685,660.618,658.511,656.362,654.17,651.932,649.647,647.312,644.925,642.482,639.982,637.42,634.794,632.1,629.334,626.492,623.569,620.561,617.463,614.267,610.97,607.563,604.039,600.391,596.609,592.685,588.607,584.365,579.945,575.333,570.514,565.468,560.177,554.618,548.77,542.609,536.12,529.296,522.142,514.688,506.981,499.089,491.09,483.063,475.081,467.202,459.435,451.807,444.385,437.233,430.403,423.923,417.806,412.049,406.636,401.549,396.763,392.254,388,383.978,380.169,376.554,373.117,369.842,366.718,363.731,360.872,358.131,355.5,352.97,350.535,348.188,345.924,343.738,341.624,339.579,337.598,335.678,333.815,332.006,330.248,328.539,326.876,325.257
693.291,691.711,690.11,688.487,686.842,685.174,683.482,681.765,680.023,678.254,676.458,674.634,672.779,670.894,668.978,667.027,665.042,663.021,660.963,658.865,656.726,654.544,652.317,650.043,647.72,645.345,642.916,640.429,637.882,635.272,632.595,629.846,627.023,624.121,621.135,618.06,614.889,611.618,608.24,604.747,601.133,597.387,593.502,589.467,585.271,580.901,576.345,571.586,566.607,561.389,555.912,550.152,544.089,537.704,530.988,523.945,516.596,508.984,501.172,493.235,485.25,477.291,469.42,461.665,454.03,446.58,439.38,432.484,425.927,419.726,413.883,408.387,403.218,398.356,393.776,389.455,385.372,381.506,377.838,374.352,371.032,367.865,364.84,361.944,359.169,356.506,353.947,351.483,349.111,346.822,344.612,342.476,340.41,338.409,336.47,334.589,332.763,330.989,329.265,327.587,325.954
693.524,691.948,690.351,688.733,687.093,685.43,683.743,682.032,680.295,678.532,676.742,674.924,673.076,671.198,669.289,667.346,665.369,663.356,661.306,659.217,657.088,654.916,652.7,650.437,648.125,645.763,643.346,640.874,638.341,635.746,633.086,630.355,627.551,624.668,621.703,618.651,615.505,612.26,608.91,605.448,601.866,598.156,594.309,590.315,586.164,581.844,577.341,572.641,567.727,562.58,557.181,551.508,545.539,539.256,532.647,525.713,518.469,510.955,503.226,495.354,487.415,479.484,471.625,463.88,456.246,448.775,441.532,434.575,427.945,421.664,415.736,410.156,404.906,399.967,395.315,390.927,386.781,382.857,379.135,375.599,372.233,369.024,365.959,363.026,360.217,357.521,354.931,352.44,350.04,347.726,345.493,343.335,341.247,339.226,337.268,335.369,333.526,331.735,329.995,328.303,326.655
693.756,692.184,690.592,688.978,687.343,685.685,684.003,682.297,680.566,678.809,677.025,675.213,673.372,671.501,669.598,667.663,665.694,663.689,661.648,659.568,657.448,655.286,653.08,650.828,648.528,646.177,643.774,641.315,638.797,636.217,633.573,630.859,628.073,625.211,622.267,619.236,616.115,612.896,609.573,606.141,602.59,598.915,595.105,591.152,587.045,582.773,578.322,573.679,568.828,563.751,558.428,552.838,546.961,540.777,534.273,527.446,520.308,512.892,505.249,497.447,489.559,481.66,473.817,466.08,458.452,450.966,443.687,436.676,429.977,423.617,417.608,411.944,406.613,401.596,396.871,392.414,388.205,384.222,380.446,376.859,373.447,370.194,367.088,364.118,361.274,358.545,355.924,353.404,350.977,348.638,346.38,344.199,342.09,340.049,338.071,336.154,334.293,332.486,330.73,329.022,327.36
693.987,692.42,690.832,689.223,687.592,685.939,684.262,682.562,680.836,679.085,677.307,675.501,673.666,671.802,669.906,667.978,666.017,664.02,661.987,659.916,657.805,655.653,653.458,651.217,648.928,646.589,644.199,641.753,639.249,636.685,634.056,631.36,628.592,625.748,622.825,619.817,616.718,613.525,610.229,606.826,603.307,599.665,595.892,591.979,587.915,583.689,579.289,574.702,569.912,564.901,559.652,554.144,548.355,542.268,535.866,529.145,522.113,514.796,507.242,499.512,491.679,483.817,475.993,468.264,460.646,453.152,445.844,438.784,432.021,425.586,419.496,413.75,408.338,403.243,398.444,393.919,389.645,385.602,381.77,378.133,374.672,371.375,368.229,365.22,362.34,359.578,356.926,354.376,351.922,349.556,347.274,345.07,342.939,340.877,338.88,336.944,335.065,333.241,331.469,329.746,328.07
694.217,692.654,691.071,689.466,687.84,686.192,684.52,682.825,681.105,679.359,677.587,675.787,673.959,672.101,670.213,668.292,666.338,664.35,662.325,660.263,658.161,656.019,653.833,651.603,649.325,646.999,644.62,642.188,639.698,637.149,634.536,631.856,629.106,626.281,623.378,620.392,617.316,614.147,610.879,607.504,604.016,600.407,596.67,592.795,588.773,584.592,580.242,575.709,570.978,566.033,560.855,555.426,549.723,543.729,537.428,530.811,523.883,516.667,509.203,501.55,493.776,485.955,478.155,470.435,462.827,455.33,448,440.897,434.075,427.569,421.401,415.574,410.082,404.909,400.035,395.439,391.1,386.997,383.109,379.419,375.91,372.568,369.379,366.332,363.415,360.619,357.936,355.356,352.874,350.482,348.175,345.947,343.794,341.711,339.694,337.739,335.843,334.002,332.213,330.475,328.783
694.447,692.888,691.309,689.709,688.087,686.444,684.777,683.087,681.373,679.633,677.866,676.073,674.251,672.4,670.518,668.605,666.658,664.677,662.661,660.607,658.515,656.382,654.206,651.986,649.72,647.405,645.039,642.62,640.144,637.609,635.011,632.348,629.616,626.81,623.927,620.961,617.909,614.764,611.521,608.174,604.716,601.14,597.438,593.601,589.619,585.483,581.182,576.701,572.028,567.146,562.038,556.684,551.066,545.163,538.959,532.444,525.62,518.505,511.133,503.559,495.848,488.072,480.3,472.593,464.994,457.5,450.153,443.014,436.138,429.566,423.322,417.416,411.843,406.592,401.643,396.977,392.572,388.406,384.461,380.718,377.16,373.772,370.541,367.454,364.5,361.67,358.954,356.344,353.833,351.415,349.082,346.831,344.655,342.551,340.514,338.54,336.625,334.767,332.962,331.208,329.501
694.676,693.121,691.546,689.95,688.334,686.695,685.033,683.348,681.639,679.905,678.144,676.357,674.541,672.696,670.822,668.915,666.976,665.004,662.995,660.95,658.867,656.743,654.577,652.368,650.113,647.809,645.455,643.049,640.587,638.066,635.484,632.837,630.121,627.334,624.47,621.525,618.495,615.374,612.157,608.838,605.409,601.865,598.197,594.396,590.455,586.363,582.108,577.679,573.061,568.241,563.2,557.921,552.384,546.569,540.46,534.046,527.324,520.309,513.031,505.539,497.895,490.168,482.428,474.737,467.146,459.66,452.302,445.133,438.208,431.573,425.257,419.274,413.622,408.292,403.269,398.531,394.059,389.831,385.828,382.031,378.423,374.989,371.714,368.587,365.595,362.73,359.981,357.34,354.801,352.355,349.997,347.721,345.523,343.397,341.339,339.346,337.413,335.537,333.716,331.945,330.224
694.904,693.353,691.782,690.191,688.579,686.945,685.288,683.608,681.905,680.176,678.421,676.639,674.83,672.992,671.124,669.225,667.293,665.328,663.328,661.291,659.216,657.102,654.946,652.747,650.503,648.211,645.869,643.475,641.026,638.52,635.952,633.321,630.623,627.854,625.009,622.085,619.077,615.979,612.787,609.494,606.095,602.581,598.947,595.183,591.28,587.23,583.021,578.642,574.079,569.319,564.343,559.136,553.678,547.949,541.932,535.616,528.996,522.081,514.898,507.49,499.915,492.242,484.538,476.867,469.283,461.807,454.445,447.252,440.284,433.591,427.207,421.147,415.418,410.011,404.912,400.102,395.562,391.271,387.209,383.357,379.698,376.216,372.898,369.73,366.7,363.799,361.017,358.345,355.776,353.302,350.919,348.619,346.397,344.249,342.171,340.158,338.206,336.312,334.474,332.688,330.951
695.131,693.584,692.018,690.431,688.823,687.194,685.542,683.868,682.169,680.445,678.696,676.921,675.118,673.286,671.424,669.532,667.608,665.651,663.658,661.63,659.564,657.459,655.313,653.124,650.89,648.609,646.279,643.898,641.462,638.97,636.418,633.802,631.121,628.369,625.543,622.639,619.652,616.578,613.41,610.144,606.773,603.29,599.688,595.959,592.095,588.086,583.922,579.592,575.082,570.379,565.468,560.33,554.948,549.303,543.377,537.156,530.636,523.82,516.732,509.411,501.909,494.293,486.629,478.982,471.408,463.942,456.58,449.368,442.364,435.618,429.168,423.036,417.23,411.746,406.572,401.69,397.082,392.726,388.604,384.697,380.986,377.456,374.093,370.883,367.815,364.878,362.061,359.358,356.759,354.258,351.847,349.523,347.278,345.107,343.008,340.975,339.004,337.093,335.237,333.435,331.682
695.357,693.814,692.252,690.67,689.067,687.442,685.795,684.126,682.432,680.714,678.971,677.201,675.404,673.578,671.724,669.838,667.922,665.972,663.987,661.967,659.91,657.814,655.677,653.498,651.275,649.005,646.687,644.318,641.896,639.417,636.879,634.28,631.614,628.88,626.073,623.189,620.223,617.171,614.028,610.787,607.444,603.991,600.421,596.727,592.9,588.931,584.811,580.528,576.07,571.424,566.574,561.504,556.196,550.632,544.794,538.667,532.244,525.528,518.535,511.301,503.876,496.32,488.7,481.081,473.521,466.062,458.706,451.481,444.446,437.652,431.141,424.939,419.059,413.498,408.249,403.294,398.617,394.197,390.014,386.05,382.287,378.708,375.3,372.048,368.94,365.966,363.115,360.379,357.75,355.22,352.783,350.433,348.164,345.972,343.851,341.798,339.808,337.878,336.005,334.186,332.418
695.583,694.044,692.486,690.908,689.309,687.689,686.047,684.383,682.694,680.982,679.244,677.48,675.689,673.87,672.022,670.143,668.233,666.291,664.315,662.303,660.254,658.167,656.04,653.871,651.658,649.399,647.093,644.736,642.326,639.861,637.338,634.753,632.104,629.387,626.598,623.733,620.788,617.759,614.639,611.424,608.108,604.684,601.145,597.485,593.695,589.765,585.688,581.451,577.044,572.452,567.663,562.659,557.423,551.937,546.185,540.149,533.822,527.204,520.307,513.162,505.815,498.323,490.751,483.164,475.62,468.168,460.82,453.589,446.528,439.692,433.124,426.856,420.902,415.267,409.942,404.915,400.169,395.683,391.439,387.418,383.601,379.973,376.518,373.223,370.075,367.063,364.178,361.409,358.749,356.191,353.727,351.351,349.058,346.843,344.7,342.626,340.617,338.669,336.778,334.942,333.158
