CO2 Specific Heat [J kg^-1 K^-1] CoolProp
16128.5,17808.7,20026.1,23108.5,27731.5,35561.1,52175.2,113761,279987,102984,60397.9,43784.6,34868.5,29262.6,25388.7,22538.4,20345.4,18600.8,17176.4,15989.1,14982.7,14117.4,13364.6,12702.9,12116.3,11592.2,11120.8,10694.2,10306.1,9951.31,9625.54,9325.26,9047.47,8789.62,8549.58,8325.47,8115.71,7918.89,7733.82,7559.43,7394.78,7239.04,7091.48,6951.45,6818.36,6691.69,6570.96,6455.74,6345.66,6240.36,6139.52,6042.86,5950.11,5861.03,5775.39,5692.99,5613.64,5537.17,5463.42,5392.24,5323.49,5257.04,5192.78,5130.59,5070.37,5012.03,4955.48,4900.62,4847.39,4795.71,4745.5,4696.71,4649.27,4603.12,4558.21,4514.5,4471.92,4430.43,4390,4350.57,4312.12,4274.59,4237.97,4202.21,4167.28,4133.16,4099.82,4067.22,4035.34,4004.16,3973.65,3943.79,3914.56,3885.94,3857.91,3830.45,3803.54,3777.17,3751.32,3725.97,3701.1
15787.5,17364.6,19422.4,22237.3,26358.1,33059.9,46178.1,84881.2,269046,131470,68760.3,47757.9,37213.8,30824.6,26511.7,23389.5,21015.6,19144.2,17627.2,16370,15309.5,14401.3,13614,12924.1,12314,11770.1,11281.9,10840.9,10440.4,10074.8,9739.51,9430.85,9145.62,8881.14,8635.16,8405.71,8191.12,7989.93,7800.87,7622.84,7454.86,7296.07,7145.7,7003.07,6867.57,6738.67,6615.87,6498.73,6386.85,6279.87,6177.47,6079.33,5985.2,5894.82,5807.95,5724.4,5643.96,5566.46,5491.74,5419.63,5350.01,5282.73,5217.68,5154.74,5093.81,5034.79,4977.58,4922.11,4868.28,4816.03,4765.28,4715.97,4668.04,4621.41,4576.05,4531.89,4488.89,4447,4406.17,4366.37,4327.56,4289.69,4252.73,4216.64,4181.41,4146.98,4113.35,4080.46,4048.31,4016.87,3986.11,3956.01,3926.54,3897.69,3869.43,3841.76,3814.64,3788.06,3762.01,3736.47,3711.42
15466.2,16950.3,18866.4,21449.8,25151.3,30966.2,41634.3,68456.3,215605,177627,79899.2,52571,39920.7,32576,27746.9,24312.8,21735.3,19723,18104.3,16771.2,15652.2,14698,13873.8,13153.8,12518.8,11954.1,11448.2,10992.2,10578.6,10201.6,9856.47,9539.09,9246.14,8974.79,8722.65,8487.67,8268.09,8062.38,7869.22,7687.44,7516.03,7354.09,7200.83,7055.54,6917.58,6786.39,6661.47,6542.36,6428.64,6319.95,6215.93,6116.3,6020.75,5929.04,5840.93,5756.2,5674.65,5596.1,5520.38,5447.34,5376.82,5308.7,5242.85,5179.14,5117.49,5057.77,4999.91,4943.8,4889.38,4836.55,4785.25,4735.41,4686.97,4639.87,4594.04,4549.44,4506.01,4463.71,4422.49,4382.3,4343.12,4304.9,4267.6,4231.19,4195.64,4160.91,4126.98,4093.81,4061.39,4029.68,3998.66,3968.31,3938.6,3909.51,3881.03,3853.14,3825.81,3799.03,3772.77,3747.04,3721.8
15162.9,16562.6,18352.4,20733.7,24081.2,29184.6,38062.1,57894.2,140670,234960,95377.5,58515.8,43079.2,34553.3,29111.9,25318,22510.1,20341,18610.3,17194.3,16011.9,15008.4,14144.6,13392.6,12731.2,12144.5,11620,11148,10720.8,10332.1,9976.56,9650.1,9349.11,9070.63,8812.11,8571.41,8346.67,8136.29,7938.89,7753.26,7578.32,7413.15,7256.92,7108.88,6968.39,6834.87,6707.77,6586.64,6471.04,6360.59,6254.94,6153.76,6056.77,5963.71,5874.32,5788.39,5705.71,5626.09,5549.36,5475.36,5403.94,5334.96,5268.28,5203.81,5141.41,5080.99,5022.46,4965.71,4910.67,4857.26,4805.41,4755.04,4706.08,4658.48,4612.19,4567.13,4523.27,4480.55,4438.93,4398.37,4358.81,4320.23,4282.59,4245.85,4209.98,4174.94,4140.71,4107.26,4074.55,4042.57,4011.29,3980.69,3950.74,3921.42,3892.71,3864.6,3837.05,3810.06,3783.61,3757.67,3732.25
14876.1,16198.9,17875.4,20079.3,23124.6,27647.6,35172.7,50521.4,100220,239503,117997,66031.8,46810.6,36802.7,30628.1,26416.3,23346.7,21002.2,19147.9,17641.1,16390.1,15333.2,14427.2,13641,12951.6,12341.6,11797.5,11308.9,10867.3,10466.2,10099.9,9763.97,9454.64,9168.74,8903.61,8656.98,8426.91,8211.71,8009.94,7820.33,7641.76,7473.26,7313.97,7163.13,7020.04,6884.11,6754.79,6631.59,6514.06,6401.81,6294.48,6191.73,6093.27,5998.82,5908.14,5820.98,5737.15,5656.44,5578.68,5503.71,5431.36,5361.5,5294,5228.73,5165.58,5104.45,5045.23,4987.84,4932.18,4878.18,4825.75,4774.84,4725.37,4677.27,4630.5,4584.98,4540.68,4497.54,4455.52,4414.56,4374.63,4335.69,4297.7,4260.62,4224.42,4189.08,4154.54,4120.8,4087.81,4055.56,4024.02,3993.16,3962.97,3933.41,3904.47,3876.13,3848.37,3821.17,3794.51,3768.38,3742.76
14604.2,15857,17431.5,19478.5,22263.7,26306,32781.9,45069.8,78214.4,224751,152266,75806.4,51283.1,39384,32322,27621.4,24252.8,21711.3,19719.9,18113.7,16788.1,15673.7,14722.4,13899.7,13180.5,12545.7,11981,11474.8,11018.3,10604.2,10226.6,9880.83,9562.81,9269.21,8997.22,8744.45,8508.86,8288.69,8082.4,7888.68,7706.38,7534.45,7372.02,7218.29,7072.54,6934.15,6802.54,6677.22,6557.72,6443.63,6334.58,6230.23,6130.26,6034.4,5942.39,5853.98,5768.97,5687.16,5608.35,5532.38,5459.09,5388.34,5319.99,5253.92,5190.01,5128.15,5068.24,5010.18,4953.89,4899.29,4846.29,4794.83,4744.83,4696.23,4648.97,4602.99,4558.24,4514.68,4472.24,4430.89,4390.58,4351.27,4312.93,4275.51,4238.98,4203.32,4168.48,4134.44,4101.17,4068.65,4036.84,4005.72,3975.28,3945.48,3916.31,3887.74,3859.76,3832.35,3805.48,3779.15,3753.34
14346.2,15534.7,17017.1,18924.7,21484,25123.3,30767.2,40864.4,64684.6,169456,197307,88959.6,56735.3,42375.1,34226.4,28949.4,25237.2,22473.6,20329.9,18614.4,17207.6,16031,15030.8,14169.2,13418.3,12757.4,12170.8,11646.1,11173.9,10746.2,10356.9,10000.8,9673.72,9372.11,9093.01,8833.88,8592.58,8367.26,8156.32,7958.37,7772.2,7596.76,7431.1,7274.39,7125.91,6984.99,6851.04,6723.55,6602.03,6486.06,6375.25,6269.26,6167.76,6070.45,5977.08,5887.4,5801.19,5718.24,5638.36,5561.38,5487.14,5415.48,5346.27,5279.38,5214.69,5152.09,5091.48,5032.75,4975.82,4920.61,4867.02,4815,4764.46,4715.35,4667.6,4621.16,4575.96,4531.96,4489.1,4447.35,4406.65,4366.98,4328.27,4290.51,4253.66,4217.67,4182.52,4148.19,4114.63,4081.83,4049.75,4018.37,3987.67,3957.63,3928.22,3899.43,3871.23,3843.6,3816.52,3789.99,3763.98
14100.9,15230.4,16629.1,18412.1,20774,24071.6,29043.2,37513.9,55557.3,119230,218379,107358,63516.1,45879.9,36382.4,30419.8,26310.4,23295.3,20981.8,19145.8,17650.2,16406.2,15353.6,14450.3,13665.6,12977,12367.2,11823.1,11334.3,10892.4,10490.8,10124,9787.47,9477.55,9191.06,8925.34,8678.13,8447.48,8231.73,8029.42,7839.28,7660.21,7491.23,7331.47,7180.17,7036.66,6900.31,6770.59,6647,6529.11,6416.51,6308.83,6205.76,6106.98,6012.23,5921.25,5833.81,5749.71,5668.74,5590.73,5515.51,5442.93,5372.84,5305.12,5239.64,5176.29,5114.96,5055.55,4997.97,4942.13,4887.95,4835.36,4784.28,4734.65,4686.4,4639.48,4593.82,4549.38,4506.11,4463.95,4422.86,4382.81,4343.74,4305.63,4268.44,4232.13,4196.67,4162.03,4128.18,4095.1,4062.75,4031.11,4000.16,3969.87,3940.22,3911.19,3882.77,3854.92,3827.64,3800.9,3774.69
13867.3,14942.5,16264.9,17936.2,20124.3,23129.4,27549.2,34775.7,48981,90143,208755,133772,72151,50039.5,38842.5,32056.7,27485,24183.6,21679.8,19710.7,18118,16800.9,15691.7,14743.6,13923,13204.9,12570.7,12006.1,11499.8,11043,10628.5,10250.5,9904.19,9585.61,9291.45,9018.89,8765.56,8529.41,8308.69,8101.87,7907.64,7724.83,7552.43,7389.53,7235.35,7089.17,6950.36,6818.36,6692.66,6572.79,6458.35,6348.96,6244.28,6143.99,6047.83,5955.52,5866.84,5781.55,5699.48,5620.41,5544.2,5470.68,5399.7,5331.14,5264.85,5200.74,5138.68,5078.57,5020.33,4963.86,4909.08,4855.92,4804.29,4754.13,4705.38,4657.97,4611.85,4566.96,4523.25,4480.68,4439.2,4398.77,4359.34,4320.87,4283.34,4246.7,4210.93,4175.98,4141.84,4108.47,4075.84,4043.94,4012.73,3982.19,3952.3,3923.04,3894.39,3866.32,3838.83,3811.88,3785.47
13644.5,14669.6,15922.4,17492.9,19527.1,22279.6,26240.2,32491.8,44009.1,72759.1,184996,168580,83456.7,55049.6,41674.6,33889.4,28775.9,25146.8,22429.2,20312.3,18613.1,17216.4,16046.2,15050.2,14191,13441.6,12781.5,12195.3,11670.7,11198.2,10770.3,10380.5,10024,9696.39,9394.26,9114.61,8854.93,8613.09,8387.23,8175.77,7977.32,7790.66,7614.74,7448.62,7291.47,7142.56,7001.22,6866.88,6739,6617.12,6500.8,6389.65,6283.33,6181.51,6083.9,5990.24,5900.28,5813.8,5730.58,5650.45,5573.23,5498.75,5426.86,5357.43,5290.33,5225.44,5162.64,5101.83,5042.92,4985.81,4930.42,4876.67,4824.48,4773.79,4724.52,4676.62,4630.03,4584.69,4540.55,4497.56,4455.68,4414.86,4375.06,4336.24,4298.36,4261.39,4225.29,4190.04,4155.6,4121.94,4089.03,4056.86,4025.39,3994.6,3964.47,3934.97,3906.09,3877.8,3850.09,3822.94,3796.32
13431.8,14410.5,15599.4,17078.7,18975.9,21508.6,25082.4,30554.4,40110.8,61405.8,139616,194619,98710.7,61188.5,44967.5,35954.6,30200.8,26194.7,23235.6,20954.4,19138,17654.6,16418.3,15370.7,14470.4,13687.7,13000.2,12391,11847.1,11358.3,10916.1,10514.2,10147,9810,9499.58,9212.57,8946.32,8698.59,8467.42,8251.16,8048.35,7857.73,7678.19,7508.75,7348.55,7196.83,7052.91,6916.16,6786.06,6662.11,6543.86,6430.92,6322.92,6219.53,6120.45,6025.4,5934.14,5846.43,5762.07,5680.85,5602.59,5527.14,5454.33,5384.02,5316.09,5250.4,5186.85,5125.33,5065.73,5007.97,4951.96,4897.61,4844.86,4793.62,4743.84,4695.44,4648.37,4602.57,4557.99,4514.58,4472.29,4431.08,4390.9,4351.72,4313.49,4276.18,4239.76,4204.2,4169.45,4135.5,4102.32,4069.87,4038.14,4007.09,3976.71,3946.98,3917.86,3889.35,3861.42,3834.06,3807.24
13228.5,14164,15294.3,16690.7,18465.4,20805.4,24050.1,28887.8,36966.3,53439,104292,189541,119674,68862.1,48839.6,38298.4,31781.3,27338.6,24105.8,21641.1,19695.5,18117.3,16809.4,15706.2,14761.9,13943.6,13227,12593.7,12029.5,11523.3,11066.4,10651.6,10273.3,9926.54,9607.5,9312.85,9039.79,8785.95,8549.3,8328.08,8120.78,7926.07,7742.8,7569.95,7406.62,7252.02,7105.43,6966.23,6833.85,6707.78,6587.56,6472.78,6363.07,6258.07,6157.48,6061.03,5968.44,5879.48,5793.94,5711.6,5632.3,5555.85,5482.1,5410.9,5342.12,5275.63,5211.32,5149.07,5088.78,5030.35,4973.71,4918.76,4865.43,4813.64,4763.33,4714.42,4666.87,4620.61,4575.58,4531.74,4489.04,4447.43,4406.87,4367.32,4328.74,4291.1,4254.35,4218.46,4183.41,4149.17,4115.7,4082.98,4050.97,4019.67,3989.04,3959.07,3929.72,3900.98,3872.83,3845.26,3818.23
13033.8,13929.3,15005.5,16326.4,17990.9,20161,23123.1,27437,34371.7,47540.5,82300.6,181615,146874,78674.6,53452,40979.7,33543.9,28592.3,25047.5,22377.2,20288.4,18606.6,17220.9,16057.8,15066.3,14210.1,13462.5,12803.6,12218,11693.6,11221.2,10793,10403,10046.1,9718.12,9415.53,9135.41,8875.25,8632.93,8406.59,8194.65,7995.73,7808.62,7632.26,7465.7,7308.14,7158.82,7017.1,6882.38,6754.14,6631.91,6515.25,6403.77,6297.14,6195.02,6097.12,6003.17,5912.94,5826.2,5742.73,5662.36,5584.89,5510.19,5438.08,5368.44,5301.13,5236.04,5173.05,5112.05,5052.96,4995.67,4940.11,4886.19,4833.85,4783,4733.58,4685.53,4638.8,4593.32,4549.05,4505.93,4463.92,4422.98,4383.05,4344.12,4306.12,4269.04,4232.84,4197.48,4162.94,4129.18,4096.17,4063.9,4032.34,4001.46,3971.24,3941.65,3912.69,3884.32,3856.53,3829.3
12847.3,13705.5,14731.7,15983.6,17548.6,19568,22285.2,26161.2,32190.7,42992.5,68190.1,154085,171834,91519.3,59028.1,44074.5,35521.1,29972,26069.7,23168,20920.5,19124.8,17654.4,16426.6,15384.4,14487.7,13707.3,13021.2,12412.9,11869.5,11380.7,10938.6,10536.4,10168.9,9831.54,9520.7,9233.25,8966.55,8718.35,8486.72,8270,8066.74,7875.67,7695.69,7525.83,7365.22,7213.1,7068.79,6931.67,6801.21,6676.91,6558.33,6445.06,6336.75,6233.05,6133.68,6038.36,5946.82,5858.85,5774.23,5692.77,5614.28,5538.59,5465.56,5395.04,5326.9,5261.02,5197.28,5135.56,5075.79,5017.85,4961.67,4907.16,4854.24,4802.85,4752.91,4704.37,4657.15,4611.22,4566.5,4522.96,4480.55,4439.21,4398.91,4359.61,4321.27,4283.85,4247.32,4211.65,4176.8,4142.75,4109.47,4076.93,4045.1,4013.96,3983.49,3953.67,3924.47,3895.88,3867.87,3840.43
12668.4,13491.7,14471.7,15660.2,17135.1,19020.1,21523.6,25029.2,30329.1,39373.5,58519.6,119267,176341,108547,65883.9,47682.5,37753.5,31497.1,27182.9,24019.7,21595.5,19674.4,18111.8,16813.9,15717.2,14777.2,13961.7,13246.9,12614.7,12051.1,11545.2,11088.4,10673.5,10294.9,9947.86,9628.46,9333.4,9059.92,8805.64,8568.54,8346.87,8139.13,7943.98,7760.29,7587.02,7423.28,7268.28,7121.31,6981.74,6849,6722.59,6602.04,6486.93,6376.9,6271.61,6170.73,6073.99,5981.13,5891.91,5806.12,5723.54,5644,5567.32,5493.35,5421.94,5352.95,5286.27,5221.76,5159.32,5098.85,5040.25,4983.43,4928.32,4874.83,4822.88,4772.42,4723.37,4675.67,4629.27,4584.11,4540.14,4497.31,4455.58,4414.9,4375.23,4336.53,4298.78,4261.92,4225.93,4190.78,4156.43,4122.86,4090.04,4057.95,4026.55,3995.83,3965.77,3936.34,3907.52,3879.29,3851.63
12496.5,13287.3,14224.3,15354.5,16747.5,18512.1,20828,24017,28719.4,36420.7,51506,93228.6,169423,130189,74471.3,51936.6,40292.1,33191.4,28399.6,24939.7,22317.9,20258.4,18594.9,17221,16065.6,15079.3,14226.5,13481.1,12823.6,12238.8,11714.9,11242.7,10814.5,10424.4,10067.2,9738.88,9435.93,9155.41,8894.84,8652.09,8425.32,8212.95,8013.6,7826.07,7649.3,7482.35,7324.4,7174.7,7032.61,6897.54,6768.96,6646.39,6529.41,6417.62,6310.69,6208.28,6110.1,6015.88,5925.39,5838.39,5754.68,5674.07,5596.38,5521.45,5449.14,5379.29,5311.78,5246.49,5183.31,5122.14,5062.87,5005.41,4949.68,4895.6,4843.1,4792.1,4742.54,4694.35,4647.47,4601.86,4557.45,4514.21,4472.08,4431.01,4390.97,4351.92,4313.81,4276.62,4240.31,4204.85,4170.21,4136.35,4103.25,4070.89,4039.23,4008.26,3977.95,3948.28,3919.23,3890.78,3862.91
12331.3,13091.6,13988.7,15065.1,16383.4,18039.5,20189.6,23105.9,27312,33962,46189.3,75988.3,156956,152081,85428.4,57017,43201.9,35083.6,29734.6,25936,23092.8,20880.1,19106.1,17649.7,16430.9,15394.8,14502.2,13724.4,13040.1,12432.9,11890.1,11401.7,10959.6,10557.4,10189.7,9852.09,9540.93,9253.12,8986.03,8737.42,8505.38,8288.24,8084.57,7893.09,7712.71,7542.45,7381.46,7228.97,7084.29,6946.83,6816.03,6691.4,6572.49,6458.92,6350.3,6246.32,6146.67,6051.08,5959.28,5871.06,5786.2,5704.5,5625.78,5549.87,5476.63,5405.91,5337.57,5271.49,5207.55,5145.66,5085.71,5027.6,4971.25,4916.58,4863.51,4811.96,4761.88,4713.19,4665.84,4619.77,4574.92,4531.25,4488.71,4447.25,4406.84,4367.42,4328.97,4291.44,4254.81,4219.03,4184.08,4149.93,4116.55,4083.92,4052,4020.77,3990.22,3960.31,3931.03,3902.35,3874.26
12172.4,12904,13763.9,14790.6,16040.5,17598.6,19601.3,22280.7,26069.7,31880.2,42017.3,64291.5,131202,162034,99522.1,63171.7,46567.1,37209.4,31205.4,27018.6,23925.9,21543.1,19647.7,18101.4,16814.2,15724.7,14789.5,13977.2,13264.5,12633.7,12071,11565.6,11109,10694.1,10315.4,9968.17,9648.48,9353.1,9079.26,8824.6,8587.11,8365.05,8156.91,7961.36,7777.27,7603.62,7439.51,7284.14,7136.81,6996.9,6863.82,6737.08,6616.21,6500.8,6390.47,6284.89,6183.73,6086.73,5993.61,5904.14,5818.09,5735.28,5655.51,5578.62,5504.43,5432.82,5363.63,5296.75,5232.05,5169.43,5108.78,5050.01,4993.03,4937.75,4884.1,4832.01,4781.4,4732.2,4684.36,4637.83,4592.54,4548.44,4505.48,4463.63,4422.83,4383.05,4344.24,4306.38,4269.41,4233.32,4198.06,4163.62,4129.95,4097.04,4064.85,4033.37,4002.56,3972.41,3942.9,3914,3885.69
12019.3,12724,13549.2,14529.9,15716.9,17186.2,19057.2,21529.3,24964,30092.5,38652.4,55952.2,104609,156188,117059,70743.4,50497.7,39613,32833.1,28198.6,24823.9,22251.7,20222.5,18578.2,17216.9,16069.9,15089.1,14240.1,13497.4,12841.5,12257.8,11734.6,11262.7,10834.7,10444.5,10087.2,9758.69,9455.45,9174.61,8913.68,8670.56,8443.42,8230.66,8030.93,7843.02,7665.87,7498.55,7340.24,7190.19,7047.76,6912.35,6783.44,6660.56,6543.27,6431.2,6323.97,6221.28,6122.84,6028.36,5937.62,5850.38,5766.44,5685.6,5607.69,5532.55,5460.02,5389.97,5322.27,5256.8,5193.44,5132.08,5072.64,5015.02,4959.13,4904.9,4852.24,4801.09,4751.38,4703.05,4656.05,4610.3,4565.77,4522.4,4480.14,4438.96,4398.8,4359.64,4321.42,4284.13,4247.71,4212.15,4177.4,4143.45,4110.26,4077.8,4046.06,4015,3984.6,3954.85,3925.72,3897.19
11871.7,12551.2,13343.8,14281.7,15410.9,16799.4,18552.2,20841.8,23972.6,28538.8,35878,49731.7,84669.3,151109,135657,80191.1,55139.9,42350.3,34643.4,29489.6,25794.4,23010.4,20833.6,19082.2,17640.5,16431.5,15402,14513.8,13739.1,13056.8,12451,11909.1,11421.2,10979.3,10577.2,10209.4,9871.64,9560.24,9272.14,9004.73,8755.79,8523.39,8305.88,8101.84,7909.99,7729.24,7558.63,7397.28,7244.44,7099.43,6961.63,6830.51,6705.57,6586.36,6472.49,6363.59,6259.34,6159.42,6063.57,5971.52,5883.06,5797.96,5716.03,5637.09,5560.98,5487.53,5416.6,5348.07,5281.8,5217.69,5155.62,5095.5,5037.22,4980.71,4925.88,4872.66,4820.97,4770.74,4721.91,4674.42,4628.22,4583.24,4539.45,4496.79,4455.21,4414.68,4375.15,4336.59,4298.96,4262.22,4226.34,4191.29,4157.04,4123.57,4090.84,4058.83,4027.52,3996.88,3966.88,3937.52,3908.76
11729.4,12385,13147.2,14045.3,15121.1,16435.7,18082,20210,23078.1,27174.7,33548.1,44918.2,70774,136220,147675,92038.1,60689.3,45492.2,36667.4,30907.2,26846.4,23824.7,21484.4,19615.5,18086.4,16810.6,15728.8,14798.8,13990.2,13279.9,12650.7,12089.1,11584.4,11128.2,10713.5,10334.8,9987.44,9667.57,9371.94,9097.81,8842.84,8605.01,8382.6,8174.11,7978.21,7793.76,7619.76,7455.3,7299.59,7151.93,7011.69,6878.29,6751.24,6630.07,6514.37,6403.76,6297.9,6196.49,6099.22,6005.85,5916.14,5829.87,5746.83,5666.84,5589.73,5515.34,5443.52,5374.14,5307.07,5242.19,5179.4,5118.58,5059.64,5002.5,4947.07,4893.27,4841.02,4790.27,4740.93,4692.96,4646.29,4600.87,4556.64,4513.57,4471.6,4430.68,4390.79,4351.87,4313.9,4276.83,4240.63,4205.28,4170.74,4136.98,4103.97,4071.7,4040.12,4009.23,3979,3949.4,3920.42
11592,12225.1,12958.7,13819.7,14846.2,16093,17643,19627.1,22266.3,25966.3,31561.5,41081.2,60913.8,114192,146806,106488,67407.8,49130.3,38943.6,32470.3,27990.2,24700.7,22178.8,20180.9,18556.7,17208.6,16070.5,15095.9,14251.1,13511.3,12857.4,12275.1,11752.7,11281.4,10853.6,10463.5,10106.2,9777.52,9474.08,9192.99,8931.78,8688.35,8460.87,8247.79,8047.71,7859.46,7681.97,7514.31,7355.66,7205.28,7062.53,6926.81,6797.6,6674.42,6556.84,6444.49,6336.99,6234.04,6135.34,6040.62,5949.63,5862.16,5777.99,5696.93,5618.81,5543.46,5470.74,5400.5,5332.61,5266.95,5203.41,5141.89,5082.28,5024.5,4968.45,4914.07,4861.26,4809.97,4760.12,4711.66,4664.52,4618.64,4573.98,4530.49,4488.12,4446.82,4406.55,4367.27,4328.95,4291.55,4255.04,4219.37,4184.53,4150.48,4117.2,4084.65,4052.82,4021.67,3991.19,3961.36,3932.15
11459.3,12071.1,12777.8,13604.2,14584.9,15769.5,17231.9,19087.2,21525.8,24887.4,29845.6,37948.2,53647.9,93563.5,141890,122156,75630.8,53383.3,41520,34201.7,29237.8,25645.5,22921.2,20781.1,19053.1,17626.9,16428.3,15405.9,14522.6,13751.3,13071.4,12467.2,11926.3,11439.1,10997.7,10595.7,10228,9890.19,9578.65,9290.34,9022.67,8773.44,8540.74,8322.92,8118.54,7926.37,7745.29,7574.34,7412.67,7259.51,7114.18,6976.08,6844.65,6719.42,6599.93,6485.78,6376.61,6272.09,6171.92,6075.82,5983.54,5894.84,5809.52,5727.38,5648.23,5571.9,5498.26,5427.14,5358.42,5291.97,5227.68,5165.44,5105.15,5046.71,4990.04,4935.06,4881.69,4829.85,4779.49,4730.52,4682.9,4636.57,4591.47,4547.55,4504.77,4463.08,4422.44,4382.8,4344.13,4306.39,4269.55,4233.57,4198.43,4164.08,4130.52,4097.7,4065.6,4034.2,4003.47,3973.4,3943.95
11330.9,11922.7,12604,13398,14336.2,15463.5,16846.2,18585.7,20847,23917.5,28347.2,35339.4,48095.6,77820.7,134433,134300,85718.9,58406.9,44456.5,36128.8,30603.5,26667.1,23716.6,21419.5,19578,18066.9,16803.1,15729.5,14805.2,14000.5,13293.1,12665.8,12105.5,11601.7,11146,10731.6,10353,10005.7,9685.71,9389.92,9115.58,8860.35,8622.24,8399.54,8190.73,7994.51,7809.75,7635.42,7470.65,7314.63,7166.66,7026.11,6892.42,6765.08,6643.63,6527.65,6416.78,6310.66,6208.99,6111.48,6017.87,5927.93,5841.43,5758.18,5677.98,5600.66,5526.08,5454.07,5384.5,5317.25,5252.19,5189.22,5128.24,5069.14,5011.84,4956.26,4902.31,4849.92,4799.02,4749.55,4701.45,4654.65,4609.1,4564.76,4521.56,4479.47,4438.45,4398.44,4359.42,4321.34,4284.17,4247.87,4212.42,4177.78,4143.93,4110.84,4078.47,4046.81,4015.84,3985.52,3955.84
11206.8,11779.5,12437,13200.5,14099.1,15173.6,16483.3,18118.3,20222.4,23040.2,27026.2,33131.1,43719.6,66376.5,119496,137253,97802.2,64402.4,47829.4,38284.9,32104.2,27775.1,24570.6,22099.6,20133.7,18530.4,17196.3,16067.7,15099.7,14259.5,13522.8,12871.3,12290.5,11769.2,11298.5,10871.2,10481.3,10124.1,9795.38,9491.83,9210.56,8949.13,8705.44,8477.69,8264.31,8063.94,7875.38,7697.58,7529.61,7370.66,7219.98,7076.93,6940.92,6811.42,6687.96,6570.12,6457.49,6349.74,6246.54,6147.59,6052.64,5961.42,5873.73,5789.34,5708.07,5629.75,5554.2,5481.29,5410.86,5342.79,5276.96,5213.25,5151.56,5091.79,5033.85,4977.65,4923.12,4870.17,4818.74,4768.75,4720.15,4672.88,4626.89,4582.1,4538.49,4496,4454.59,4414.21,4374.83,4336.4,4298.9,4262.28,4226.52,4191.59,4157.44,4124.07,4091.43,4059.51,4028.28,3997.72,3967.81
11086.6,11641.2,12276.2,13011.2,13872.9,14898.3,16141.2,17681.6,19645.3,22242.3,25851.7,31235.8,40181.7,57950.1,101260,132376,111023,71617.3,51735.7,40711.2,33759.9,28980.3,25489.7,22825.6,20723,19019.2,17609,16421.4,15406.6,14528.7,13761.1,13083.9,12481.5,11941.9,11455.6,11014.7,10613.1,10245.5,9907.73,9596.13,9307.69,9039.84,8790.38,8557.43,8339.34,8134.68,7942.21,7760.84,7589.59,7427.62,7274.17,7128.55,6990.16,6858.46,6732.95,6613.19,6498.78,6389.36,6284.59,6184.18,6087.84,5995.33,5906.41,5820.88,5738.52,5659.17,5582.65,5508.81,5437.5,5368.6,5301.98,5237.52,5175.11,5114.66,5056.07,4999.25,4944.12,4890.6,4838.63,4788.12,4739.03,4691.28,4644.82,4599.6,4555.56,4512.66,4470.86,4430.1,4390.36,4351.58,4313.74,4276.8,4240.73,4205.49,4171.05,4137.39,4104.49,4072.3,4040.82,4010.01,3979.85
10970.2,11507.6,12121.4,12829.5,13656.6,14636.7,15818,17272.3,19110.3,21513.2,24800,29589.7,37260.5,51563.9,84930.6,128732,122399,80302.4,56299.8,43458.6,35594.6,30295.5,26481.4,23602,21348.8,19535.4,18042.9,16791.8,15726.9,14808.8,14008.4,13304,12678.9,12120.1,11617.4,11162.3,10748.4,10370.1,10022.9,9702.91,9407.03,9132.54,8877.12,8638.79,8415.84,8206.77,8010.28,7825.23,7650.62,7485.55,7329.24,7180.99,7040.17,6906.2,6778.59,6656.87,6540.64,6429.51,6323.15,6221.24,6123.5,6029.66,5939.5,5852.79,5769.32,5688.92,5611.41,5536.63,5464.44,5394.69,5327.26,5262.04,5198.9,5137.76,5078.5,5021.05,4965.32,4911.23,4858.7,4807.67,4758.07,4709.83,4662.91,4617.24,4572.77,4529.46,4487.26,4446.12,4406.01,4366.88,4328.7,4291.43,4255.04,4219.49,4184.76,4150.82,4117.63,4085.18,4053.44,4022.38,3991.98
10857.3,11378.5,11972.1,12655,13449.8,14387.5,15512.2,16888,18612.7,20843.8,23851.9,28145.5,34805.9,46579.5,72195.2,119895,127560,90536.8,61677.4,46590.6,37637.5,31735.8,27554.1,24434.1,22014.5,20081.3,18499.5,17179.9,16061.4,15100.4,14265.2,13532.1,12883.1,12304,11784,11314.2,10887.5,10498,10140.9,9812.26,9508.68,9227.3,8965.72,8721.84,8493.86,8280.24,8079.61,7890.78,7712.7,7544.46,7385.23,7234.28,7090.95,6954.67,6824.91,6701.19,6583.09,6470.22,6362.22,6258.78,6159.61,6064.42,5972.99,5885.08,5800.49,5719.02,5640.5,5564.76,5491.66,5421.06,5352.81,5286.81,5222.93,5161.08,5101.16,5043.07,4986.72,4932.04,4878.96,4827.39,4777.27,4728.55,4681.15,4635.03,4590.13,4546.4,4503.8,4462.27,4421.79,4382.3,4343.77,4306.17,4269.45,4233.6,4198.57,4164.33,4130.87,4098.15,4066.14,4034.83,4004.19
10747.8,11253.5,11828,12487.1,13251.6,14150,15222.3,16526.2,18148.6,20226.9,22992.4,26867.1,32712.5,42586.7,62605,106164,125196,101759,68052.5,50187.1,39923.9,33318.8,28717.8,25327.7,22724,20659.4,18980.5,17587.1,16411,15404.2,14532,13768.5,13094.2,12493.9,11955.9,11470.5,11030.4,10629.2,10261.9,9924.27,9612.69,9324.19,9056.23,8806.61,8573.46,8355.14,8150.24,7957.52,7775.89,7604.38,7442.14,7288.42,7142.53,7003.88,6871.92,6746.15,6626.14,6511.49,6401.82,6296.82,6196.18,6099.62,6006.9,5917.77,5832.02,5749.47,5669.92,5593.21,5519.19,5447.7,5378.63,5311.84,5247.21,5184.64,5124.04,5065.29,5008.33,4953.05,4899.4,4847.29,4796.65,4747.42,4699.55,4652.97,4607.63,4563.48,4520.46,4478.55,4437.69,4397.84,4358.96,4321.02,4283.98,4247.81,4212.48,4177.95,4144.2,4111.21,4078.94,4047.37,4016.48
10641.6,11132.5,11689,12325.5,13061.6,13923.3,14947,16184.9,17714.4,19656.2,22209,25726.7,30904.4,39317.3,55321.5,91166.1,121629,112043,75600.6,54347.4,42496.9,35065.9,29983.9,26289.8,23481.4,21272.5,19487.9,18014.6,16776.7,15721.1,14809.5,14013.8,13312.8,12690.1,12133,11631.5,11177.3,10764,10386.1,10039,9719.15,9423.27,9148.71,8893.16,8654.66,8431.51,8222.22,8025.49,7840.2,7665.33,7500.01,7343.44,7194.93,7053.85,6919.63,6791.77,6669.8,6553.33,6441.96,6335.37,6233.23,6135.27,6041.22,5950.85,5863.93,5780.27,5699.67,5621.97,5547.01,5474.64,5404.72,5337.12,5271.73,5208.44,5147.14,5087.73,5030.14,4974.26,4920.03,4867.36,4816.2,4766.47,4718.11,4671.06,4625.27,4580.69,4537.27,4494.96,4453.71,4413.49,4374.26,4335.98,4298.61,4262.12,4226.48,4191.66,4157.63,4124.36,4091.82,4060,4028.86
10538.5,11015.3,11554.6,12169.9,12879.2,13706.5,14685.2,15862.4,17307.3,19126.4,21491.8,24702.3,29325.9,36589.7,49666.2,77983.9,116731,118223,84366.1,59193,45409.9,37002.1,31365.9,27327.9,24291.7,21923.8,20023.8,18464.1,17159.7,16051.7,15098.2,14268.3,13539.1,12892.8,12315.8,11797.3,11328.5,10902.5,10513.4,10156.6,9828.16,9524.63,9243.23,8981.55,8737.53,8509.39,8295.56,8094.72,7905.66,7727.34,7558.85,7399.37,7248.17,7104.59,6968.06,6838.05,6714.09,6595.76,6482.65,6374.43,6270.76,6171.37,6075.97,5984.33,5896.22,5811.43,5729.77,5651.06,5575.14,5501.87,5431.09,5362.67,5296.51,5232.47,5170.47,5110.39,5052.15,4995.67,4940.85,4887.63,4835.92,4785.68,4736.83,4689.31,4643.07,4598.05,4554.21,4511.5,4469.87,4429.28,4389.69,4351.06,4313.36,4276.55,4240.6,4205.48,4171.15,4137.6,4104.8,4072.71,4041.31
10438.3,10901.7,11424.7,12019.9,12703.9,13499.1,14435.8,15557,16924.7,18633.2,20832.3,23776.4,27934.7,34278.3,45169.2,67476.2,107579,118329,93961.9,64861,48728.4,39157.9,32879.5,28451.1,25160.1,22616.7,20590.6,18937.2,17561.1,16397,15398.8,14532.6,13773.6,13102.4,12504.5,11968.1,11484,11044.7,10644.1,10277.2,9939.79,9628.32,9339.85,9071.83,8822.11,8588.82,8370.33,8165.23,7972.3,7790.44,7618.7,7456.22,7302.26,7156.13,7017.23,6885.03,6759.03,6638.78,6523.9,6414.01,6308.79,6207.93,6111.16,6018.23,5928.9,5842.96,5760.21,5680.48,5603.59,5529.39,5457.74,5388.49,5321.54,5256.75,5194.03,5133.27,5074.38,5017.27,4961.86,4908.07,4855.83,4805.06,4755.71,4707.71,4661.01,4615.56,4571.29,4528.17,4486.15,4445.18,4405.23,4366.25,4328.21,4291.08,4254.81,4219.39,4184.77,4150.94,4117.86,4085.51,4053.86
10340.9,10791.6,11299,11875.1,12535.3,13300.3,14198,15267.3,16564.3,18172.7,20223.6,22935.1,26698.5,32293.2,41514.1,59324.8,95471.8,114490,103108,71474.8,52532.3,41570.2,34543.2,29669.7,26093,23355.3,21191,19435.6,17982.2,16758,15712,14807.4,14016.7,13319.3,12699.3,12144.2,11644.1,11190.9,10778.3,10400.9,10054.1,9734.45,9438.64,9164.07,8908.46,8669.85,8446.54,8237.08,8040.15,7854.65,7679.56,7514.02,7357.22,7208.47,7067.16,6932.7,6804.61,6682.42,6565.72,6454.13,6347.32,6244.97,6146.8,6052.55,5961.97,5874.86,5791.01,5710.23,5632.35,5557.21,5484.67,5414.58,5346.82,5281.28,5217.83,5156.38,5096.83,5039.09,4983.07,4928.71,4875.91,4824.62,4774.76,4726.28,4679.11,4633.21,4588.51,4544.98,4502.56,4461.21,4420.89,4381.56,4343.18,4305.72,4269.13,4233.4,4198.49,4164.37,4131.02,4098.4,4066.49
10246.3,10684.6,11177.3,11735.3,12373.1,13109.7,13970.9,14992.2,16224.1,17741.5,19659.7,22166.7,25591.8,30568.6,38485.9,52968.5,83091.6,111749,109558,79055.7,56916.5,44283.5,36379,30995.6,27097.3,24143.9,21827.7,19961.5,18424.5,17135.7,16038.7,15093,14268.9,13543.8,12900.6,12325.8,11808.9,11341.3,10916.1,10527.7,10171.3,9843.08,9539.67,9258.32,8996.62,8752.52,8524.25,8310.28,8109.26,7920,7741.48,7572.78,7413.08,7261.65,7117.85,6981.09,6850.86,6726.68,6608.12,6494.8,6386.36,6282.48,6182.88,6087.29,5995.45,5907.14,5822.17,5740.32,5661.44,5585.34,5511.89,5440.95,5372.37,5306.05,5241.86,5179.71,5119.49,5061.11,5004.48,4949.53,4896.17,4844.35,4793.98,4745,4697.37,4651.01,4605.88,4561.93,4519.11,4477.37,4436.68,4396.99,4358.26,4320.46,4283.56,4247.52,4212.31,4177.9,4144.26,4111.37,4079.21
10154.1,10580.8,11059.4,11600.2,12216.7,12926.7,13753.8,14730.4,15902.4,17336.9,19135.7,21461.9,24594.9,29055.3,35935.6,47928.2,72260.4,106066,111381,87324.8,61983.8,47351.8,38413.1,32442.7,28181.1,24987.4,22504.2,20516.9,18889.4,17531.2,16379.6,15390.3,14530.6,13776.3,13108.6,12513.2,11978.7,11496,11057.7,10657.8,10291.4,9954.3,9643.03,9354.65,9086.65,8836.89,8603.51,8384.89,8179.64,7986.53,7804.48,7632.54,7469.85,7315.67,7169.33,7030.22,6897.79,6771.57,6651.11,6536.02,6425.92,6320.49,6219.43,6122.46,6029.33,5939.81,5853.69,5770.76,5690.85,5613.78,5539.41,5467.6,5398.19,5331.08,5266.14,5203.27,5142.37,5083.34,5026.09,4970.55,4916.62,4864.25,4813.36,4763.89,4715.77,4668.96,4623.39,4579.01,4535.78,4493.66,4452.59,4412.53,4373.46,4335.32,4298.1,4261.74,4226.23,4191.53,4157.61,4124.44,4092.01
10064.5,10480,10945.1,11469.6,12066,12750.8,13545.9,14481,15597.7,16956.3,18647.2,20812.8,23691.5,27715.8,33757.5,43852.7,63449,97276,108810,95405.4,67820.7,50839.7,40676.9,34027.3,29353.6,25891.6,23224,21104.5,19378.9,17945.7,16735.7,15699.9,14802.5,14017.1,13323.7,12706.6,12153.6,11655.1,11203.2,10791.4,10414.5,10068.2,9748.78,9453.13,9178.62,8923.01,8684.34,8460.94,8251.34,8054.27,7868.59,7693.32,7527.57,7370.57,7221.62,7080.09,6945.42,6817.12,6694.71,6577.8,6466.01,6359,6256.45,6158.08,6063.63,5972.87,5885.58,5801.55,5720.59,5642.54,5567.23,5494.53,5424.28,5356.36,5290.67,5227.07,5165.47,5105.78,5047.9,4991.76,4937.26,4884.34,4832.92,4782.94,4734.34,4687.06,4641.04,4596.24,4552.6,4510.07,4468.62,4428.2,4388.77,4350.3,4312.74,4276.07,4240.25,4205.25,4171.04,4137.6,4104.9
9977.18,10382,10834.2,11343.2,11920.6,12581.6,13346.7,14243,15308.6,16597.6,18190.7,20212.7,22868.7,26521,31874.5,40496.3,56438.3,86800.1,106153,101707,74433.1,54821.4,43207.8,35768.5,30625.4,26862.8,23991.1,21726.8,19894.6,18380.7,17108,16022.4,15085,14266.9,13546.2,12906.3,12334,11818.9,11352.7,10928.5,10540.8,10184.9,9857.01,9553.82,9272.58,9010.92,8766.8,8538.47,8324.39,8123.23,7933.83,7755.13,7586.25,7426.35,7274.72,7130.72,6993.76,6863.32,6738.93,6620.17,6506.65,6398.01,6293.94,6194.15,6098.36,6006.33,5917.85,5832.69,5750.67,5671.62,5595.36,5521.75,5450.64,5381.91,5315.44,5251.1,5188.81,5128.44,5069.93,5013.17,4958.08,4904.6,4852.65,4802.16,4753.07,4705.31,4658.84,4613.61,4569.55,4526.62,4484.78,4443.99,4404.2,4365.38,4327.49,4290.5,4254.37,4219.07,4184.58,4150.86,4117.88
9892.14,10286.6,10726.6,11220.8,11780.1,12418.8,13155.6,14015.7,15033.7,16258.8,17762.9,19656.1,22115.7,25447.9,30229.4,37685.9,50845.7,76489.8,102717,104583,81612.9,59374,46050.4,37689.1,32009,27908.2,24810.1,22386.8,20438.6,18837.5,17497.5,16358.9,15378.9,14526,13776.6,13112.7,12520.1,11987.6,11506.4,11069.3,10670.3,10304.5,9967.8,9656.81,9368.6,9100.69,8850.94,8617.52,8398.83,8193.47,8000.23,7818.02,7645.91,7483.04,7328.68,7182.14,7042.83,6910.21,6783.79,6663.13,6547.83,6437.54,6331.92,6230.67,6133.52,6040.2,5950.5,5864.2,5781.1,5701.02,5623.79,5549.26,5477.28,5407.73,5340.46,5275.38,5212.37,5151.32,5092.16,5034.78,4979.1,4925.05,4872.56,4821.54,4771.95,4723.72,4676.8,4631.12,4586.63,4543.3,4501.07,4459.9,4419.75,4380.58,4342.35,4305.03,4268.59,4232.99,4198.2,4164.2,4130.96
9809.26,10193.9,10622.2,11102.2,11644.3,12261.8,12972.1,13798.3,14772.2,15938.3,17361.1,19138.1,21423.8,24478.4,28778.8,35298.3,46327.5,67452.4,96763.8,103610,88741.7,64558,49257,39815.6,33518.6,29036.2,25686.2,23087.9,21013.3,19317.8,17905.4,16710,15684.6,14794.9,14015.2,13326,12712,12161.4,11664.6,11214,10803.2,10427,10081.2,9762.16,9466.74,9192.37,8936.81,8698.14,8474.69,8265.01,8067.82,7882.01,7706.58,7540.67,7383.49,7234.35,7092.64,6957.78,6829.28,6706.69,6589.59,6477.6,6370.4,6267.66,6169.11,6074.49,5983.55,5896.08,5811.87,5730.75,5652.54,5577.07,5504.21,5433.81,5365.74,5299.9,5236.16,5174.43,5114.6,5056.59,5000.31,4945.69,4892.64,4841.1,4791.01,4742.29,4694.9,4648.77,4603.86,4560.12,4517.49,4475.94,4435.42,4395.9,4357.33,4319.68,4282.92,4247.01,4211.93,4177.64,4144.12
9728.45,10103.6,10520.7,10987.3,11513,12110.5,12795.7,13590.1,14522.9,15634.4,16982.9,18654.9,20785.4,23597.7,27489.6,33244.1,42619.7,59962.9,88669.8,100612,94684.8,70369.3,52885.4,42179.7,35170.9,30256.2,26625.1,23833.9,21621.1,19823.3,18332.9,17076.8,16003.1,15074.2,14262.4,13546.5,12910.1,12340.5,11827.4,11362.6,10939.6,10552.7,10197.4,9869.96,9567.07,9286.02,9024.46,8780.37,8552.02,8337.89,8136.64,7947.11,7768.28,7599.24,7439.18,7287.39,7143.2,7006.06,6875.44,6750.86,6631.91,6518.2,6409.38,6305.13,6205.15,6109.19,6016.99,5928.33,5843.01,5760.82,5681.6,5605.19,5531.42,5460.16,5391.29,5324.67,5260.19,5197.75,5137.26,5078.61,5021.72,4966.51,4912.91,4860.83,4810.23,4761.02,4713.16,4666.58,4621.23,4577.07,4534.04,4492.1,4451.21,4411.33,4372.42,4334.44,4297.35,4261.14,4225.75,4191.18,4157.38
9649.64,10015.8,10422,10875.8,11386,11964.4,12626,13390.6,14284.9,15346,16626.2,18202.7,20194.3,22793.7,26335.5,31457.2,39529.2,53872.6,79661.9,98484.6,98123.8,76647.6,56993.9,44818.1,36985.5,31579.2,27633.3,24628.8,22264.8,20355.9,18781.5,17460.2,16334.9,15364.5,14518.8,13774.7,13114.7,12525.1,11994.9,11515.4,11079.6,10681.5,10316.4,9980.28,9669.66,9381.7,9113.94,8864.27,8630.86,8412.14,8206.71,8013.37,7831.05,7658.8,7495.78,7341.26,7194.55,7055.06,6922.27,6795.67,6674.83,6559.35,6448.88,6343.08,6241.65,6144.32,6050.84,5960.97,5874.5,5791.24,5710.99,5633.61,5558.93,5486.8,5417.09,5349.69,5284.46,5221.31,5160.13,5100.84,5043.33,4987.53,4933.35,4880.74,4829.61,4779.91,4731.57,4684.53,4638.74,4594.16,4550.72,4508.39,4467.13,4426.88,4387.62,4349.3,4311.89,4275.36,4239.68,4204.81,4170.72
9572.75,9930.13,10326.1,10767.6,11263,11823.3,12462.6,13199.1,14057.6,15071.7,16289,17778.6,19645.4,22056.4,25295.7,29887.8,36915.9,48917.2,70989.3,94590.6,98383.7,82945.2,61624,47773,38985,33017.7,28718.3,25477.3,22947.5,20917.7,19252.6,17861.3,16680.9,15666.4,14784.7,14010.9,13326.1,12715.5,12167.4,11672.6,11223.4,10813.7,10438.4,10093.2,9774.58,9479.47,9205.3,8949.87,8711.25,8487.8,8278.08,8080.82,7894.9,7719.35,7553.31,7395.98,7246.69,7104.8,6969.78,6841.11,6718.34,6601.06,6488.9,6381.52,6278.61,6179.89,6085.1,5993.99,5906.36,5822,5740.71,5662.34,5586.73,5513.71,5443.17,5374.96,5308.98,5245.1,5183.23,5123.28,5065.14,5008.74,4953.99,4900.82,4849.17,4798.96,4750.13,4702.63,4656.4,4611.39,4567.54,4524.81,4483.17,4442.55,4402.94,4364.28,4326.54,4289.69,4253.7,4218.54,4184.17
9497.7,9846.69,10232.8,10662.5,11143.8,11687,12305.1,13015.2,13840.1,14810.6,15969.8,17379.9,19133.9,21377.6,24353.5,28497.7,34677.5,44846.9,63347.5,88730.9,96014.8,88441.7,66765.4,51090.1,41196.1,34586.3,29888.6,26384.7,23672.6,21511.2,19747.8,18281.3,17042.1,15980.6,15060.7,14255.6,13544.6,12912,12345.2,11834.2,11371.1,10949.3,10563.4,10208.9,9881.92,9579.41,9298.62,9037.23,8793.24,8564.92,8350.77,8149.47,7959.87,7780.93,7611.77,7451.58,7299.63,7155.3,7017.99,6887.2,6762.46,6643.34,6529.46,6420.47,6316.05,6215.91,6119.78,6027.41,5938.59,5853.11,5770.77,5691.4,5614.83,5540.92,5469.51,5400.5,5333.74,5269.13,5206.56,5145.93,5087.15,5030.14,4974.81,4921.09,4868.9,4818.18,4768.86,4720.89,4674.21,4628.76,4584.49,4541.37,4499.33,4458.35,4418.37,4379.37,4341.3,4304.13,4267.83,4232.36,4197.7
9424.42,9765.34,10142,10560.4,11028.2,11555.1,12153.2,12838.4,13631.7,14561.6,15667.1,17004.4,18656.2,20750.3,23495.5,27257.2,32738.6,41461.4,56908.5,81447.5,93982.8,92110.9,72291.7,54812.7,43649.2,36301.8,31153.7,27356.9,24443.8,22138.7,20269,18721.6,17419.3,16307.7,15347.4,14509.1,13770.5,13114.8,12528.3,12000.6,11523,11088.5,10691.6,10327.3,9991.75,9681.58,9393.94,9126.4,8876.86,8643.53,8424.82,8219.37,8025.97,7843.57,7671.21,7508.07,7353.41,7206.56,7066.92,6933.97,6807.21,6686.21,6570.57,6459.93,6353.97,6252.37,6154.88,6061.24,5971.21,5884.58,5801.16,5720.77,5643.24,5568.41,5496.14,5426.29,5358.75,5293.39,5230.11,5168.8,5109.38,5051.75,4995.82,4941.53,4888.8,4837.56,4787.75,4739.3,4692.16,4646.27,4601.58,4558.05,4515.62,4474.26,4433.92,4394.57,4356.16,4318.67,4282.05,4246.29,4211.34
9352.85,9686,10053.5,10461.2,10916.2,11427.5,12006.6,12668.3,13432,14323.8,15379.6,16649.9,18208.7,20168.7,22710.5,26142.9,31042.2,38608.4,51572.4,73699.9,91453.5,93239.3,77870.5,58969.1,46378.5,38183.7,32524.8,28400.5,25265.5,22803.1,20818.1,19183.5,17813.6,16648.6,15645.3,14771.9,14004.3,13324.2,12717.1,12171.8,11679,11231.5,10823,10448.6,10104.2,9786.05,9491.33,9217.43,8962.17,8723.67,8500.27,8290.55,8093.25,7907.27,7731.64,7565.48,7408.04,7258.61,7116.59,6981.41,6852.59,6729.67,6612.23,6499.91,6392.37,6289.3,6190.42,6095.47,6004.21,5916.42,5831.91,5750.48,5671.96,5596.2,5523.04,5452.36,5384.01,5317.9,5253.89,5191.89,5131.81,5073.55,5017.03,4962.16,4908.88,4857.12,4806.8,4757.87,4710.26,4663.93,4618.81,4574.86,4532.04,4490.3,4449.6,4409.89,4371.14,4333.32,4296.39,4260.31,4225.07
9282.92,9608.59,9967.34,10364.7,10807.4,11303.9,11865,12504.4,13240.3,14096.6,15106.1,16314.7,17788.7,19627.8,21989.1,25135.8,29544.8,36174,47154.3,66332.3,87368.3,91924.5,82899.8,63545.1,49419.6,40254.3,34014.6,29523,26142.3,23507.7,21397.2,19668.4,18226.1,17004.1,15955.1,15044.5,14246.3,13540.5,12911.9,12348.1,11839.5,11378.3,10957.8,10573,10219.2,9892.9,9590.85,9310.39,9049.22,8805.38,8577.15,8363.04,8161.73,7972.08,7793.08,7623.83,7463.53,7311.46,7167,7029.56,6898.62,6773.73,6654.46,6540.42,6431.28,6326.7,6226.4,6130.12,6037.6,5948.63,5863,5780.51,5700.99,5624.28,5550.23,5478.69,5409.54,5342.65,5277.91,5215.21,5154.46,5095.56,5038.43,4982.98,4929.15,4876.84,4826.01,4776.59,4728.51,4681.73,4636.18,4591.82,4548.59,4506.47,4465.39,4425.32,4386.23,4348.08,4310.82,4274.44,4238.89
9214.57,9533.03,9883.36,10270.8,10701.7,11184.1,11728.1,12346.5,13056.1,13879.1,14845.5,15997.1,17393.5,19123.2,21323.8,24220.8,28212.8,34073.1,43471.5,59795,81817.3,89566.7,86590.1,68438.8,52805.1,42539,35637.6,30733,27079.5,24255.7,22008.7,20178.2,18658,17375.1,16277.5,15327.5,14496.9,13764.2,13112.8,12529.8,12004.6,11529,11096.2,10700.4,10337.1,10002.2,9692.57,9405.32,9138.06,8888.72,8655.51,8436.87,8231.44,8038.02,7855.57,7683.14,7519.91,7365.14,7218.17,7078.41,6945.31,6818.41,6697.27,6581.48,6470.69,6364.58,6262.84,6165.19,6071.4,5981.22,5894.45,5810.89,5730.35,5652.68,5577.71,5505.3,5435.32,5367.65,5302.16,5238.75,5177.32,5117.78,5060.03,5003.99,4949.59,4896.75,4845.4,4795.48,4746.92,4699.68,4653.69,4608.91,4565.28,4522.76,4481.3,4440.88,4401.44,4362.94,4325.37,4288.67,4252.82
9147.75,9459.25,9801.49,10179.4,10599.1,11068,11595.7,12194.1,12879,13670.7,14596.9,15695.7,17020.8,18651.3,20708,23385.5,27019.5,32241.6,40370.4,54204.7,75338.9,87875.6,88285.6,73398.3,56553.1,45065.1,37410.4,32040.3,28083.2,25051.1,22655.2,20714.6,19110.7,17762.5,16613.2,15621.4,14756.5,13995.4,13320.2,12716.9,12174.5,11684,11238.2,10831.1,10457.7,10114.1,9796.57,9502.3,9228.75,8973.73,8735.39,8512.09,8302.41,8105.12,7919.12,7743.43,7577.2,7419.66,7270.13,7127.98,6992.68,6863.73,6740.66,6623.09,6510.62,6402.94,6299.72,6200.7,6105.6,6014.19,5926.26,5841.6,5760.03,5681.38,5605.48,5532.19,5461.37,5392.9,5326.66,5262.53,5200.41,5140.2,5081.83,5025.19,4970.21,4916.82,4864.95,4814.52,4765.49,4717.78,4671.34,4626.13,4582.09,4539.18,4497.34,4456.55,4416.75,4377.92,4340.01,4303,4266.85
9082.4,9387.2,9721.64,10090.4,10499.3,10955.4,11467.5,12047.1,12708.5,13470.9,14359.6,15409.3,16668.9,18208.9,20136.1,22619.5,25944,30630.4,37730.5,49494.6,68651.8,85070.8,87843.5,77974.5,60647.8,47860.7,39351.8,33455.8,29160,25898.2,23339.5,21279.5,19585.4,18167.4,16962.9,15926.8,15025.7,14234.6,13534.4,12909.9,12349.4,11843.3,11384,10965,10581.4,10228.5,9902.91,9601.39,9321.32,9060.45,8816.82,8588.72,8374.69,8173.41,7983.76,7804.73,7635.42,7475.04,7322.88,7178.3,7040.74,6909.69,6784.66,6665.26,6551.09,6441.8,6337.08,6236.64,6140.21,6047.56,5958.45,5872.67,5790.05,5710.39,5633.55,5559.36,5487.69,5418.41,5351.4,5286.53,5223.71,5162.84,5103.83,5046.58,4991.03,4937.08,4884.67,4833.73,4784.21,4736.03,4689.14,4643.5,4599.04,4555.73,4513.51,4472.34,4432.19,4393.01,4354.77,4317.44,4280.97
9018.48,9316.79,9643.73,10003.7,10402.3,10846,11343.4,11905,12544.3,13279,14132.6,15136.7,16335.8,17793.2,19603.6,21914.3,24969.1,29201.4,35459,45534.4,62332.2,80997.4,85778.7,81561.6,65005.4,50949.8,41482.8,34992.3,30317.5,26801.6,24064.9,21875.2,20083.8,18591,17327.6,16244.3,15304.9,14482.3,13755.6,13108.9,12529.4,12007.1,11533.7,11102.5,10708,10345.7,10011.7,9702.64,9415.86,9148.94,8899.85,8666.82,8448.29,8242.92,8049.52,7867.05,7694.59,7531.29,7376.44,7229.38,7089.51,6956.3,6829.28,6708,6592.08,6481.16,6374.91,6273.03,6175.25,6081.32,5991,5904.1,5820.4,5739.73,5661.92,5586.82,5514.29,5444.18,5376.38,5310.77,5247.25,5185.7,5126.04,5068.17,5012.03,4957.51,4904.57,4853.11,4803.09,4754.43,4707.09,4661.01,4616.13,4572.41,4529.8,4488.25,4447.74,4408.21,4369.64,4331.98,4295.2
8955.92,9247.99,9567.68,9919.25,10307.9,10739.9,11223.1,11767.6,12386,13094.6,13915.2,14876.9,16020,17401.7,19106.2,21262.7,24080.9,27924.9,33484.8,42188.9,56684.6,75859.2,84187.5,83592.7,69431.2,54343.7,43825.6,36663.8,31564.2,27766.9,24834.7,22504,20607.5,19034.3,17708.1,16574.7,15594.7,14738.7,13984.3,13314.2,12714.9,12175.6,11687.5,11243.5,10837.9,10465.7,10122.9,9806.13,9512.4,9239.25,8984.54,8746.41,8523.26,8313.68,8116.43,7930.44,7754.73,7588.45,7430.84,7281.23,7138.99,7003.59,6874.52,6751.33,6633.63,6521.04,6413.23,6309.88,6210.72,6115.49,6023.95,5935.88,5851.09,5769.39,5690.6,5614.58,5541.16,5470.22,5401.62,5335.26,5271.01,5208.77,5148.46,5089.97,5033.22,4978.13,4924.64,4872.66,4822.13,4772.99,4725.19,4678.66,4633.35,4589.22,4546.21,4504.29,4463.41,4423.53,4384.61,4346.63,4309.53
8894.69,9180.71,9493.43,9836.88,10216,10636.7,11106.5,11634.8,12233.3,12917.3,13707,14629,15720.2,17032.3,18640.4,20658.6,23268.2,26777.3,31753.4,39340.2,51790.1,70125.3,82256.7,83819.8,73585.1,58025.4,46401.9,38486.3,32909.9,28799.9,25652.9,23168.5,21158.4,19498.9,18105.4,16918.7,15895.7,15004.4,14220.7,13526.1,12906,12348.9,11845.5,11388.3,10971,10588.6,10236.8,9911.93,9611.02,9331.43,9070.91,8827.54,8599.63,8385.72,8184.52,7994.9,7815.87,7646.53,7486.1,7333.87,7189.21,7051.56,6920.4,6795.26,6675.74,6561.44,6452.03,6347.19,6246.62,6150.06,6057.28,5968.03,5882.13,5799.38,5719.6,5642.63,5568.31,5496.52,5427.12,5359.98,5295,5232.07,5171.08,5111.96,5054.6,4998.94,4944.88,4892.37,4841.34,4791.71,4743.43,4696.45,4650.71,4606.17,4562.76,4520.45,4479.2,4438.96,4399.7,4361.38,4323.97
8834.74,9114.92,9420.91,9756.54,10126.5,10536.4,10993.4,11506.1,12085.8,12746.6,13507.2,14392.2,15435.2,16683.1,18203.4,20096.8,22521.3,25739.5,30222.3,36892.3,47605.5,64324.3,79324.4,82467.7,77000.4,61925.3,49229.3,40476.9,34365.4,29907.4,26523.8,23871.7,21738.5,19986,18520.6,17277,16208.3,15279.8,14465.3,13745,13103.1,12527.4,12008,11536.9,11107.5,10714.5,10353.3,10020.1,9711.78,9425.54,9159.03,8910.25,8677.44,8459.07,8253.81,8060.47,7878.02,7705.55,7542.22,7387.32,7240.18,7100.23,6966.93,6839.8,6718.42,6602.38,6491.34,6384.97,6282.96,6185.06,6091,6000.56,5913.52,5829.7,5748.91,5670.98,5595.75,5523.1,5452.87,5384.96,5319.23,5255.59,5193.93,5134.16,5076.18,5019.93,4965.31,4912.26,4860.71,4810.59,4761.83,4714.4,4668.22,4623.25,4579.44,4536.74,4495.11,4454.51,4414.9,4376.25,4338.51
8776.02,9050.57,9350.05,9678.15,10039.3,10438.9,10883.5,11381.5,11943.3,12582.1,13315.3,14165.6,15163.7,16352.4,17792.2,19572.8,21832.3,24796.1,28858.2,34769.5,44038.6,58856.6,75395,80590.4,79204.3,65890.4,52314.1,42653.6,35942.8,31096.8,27452.1,24616.6,22349.9,20497.2,18954.7,17650.6,16533.4,15565.4,14718.5,13971,13306.3,12711.1,12175,11689.5,11247.5,10843.5,10472.5,10130.8,9814.75,9521.63,9248.95,8994.59,8756.74,8533.78,8324.34,8127.18,7941.23,7765.53,7599.24,7441.59,7291.92,7149.61,7014.12,6884.96,6761.67,6643.86,6531.16,6423.23,6319.76,6220.48,6125.13,6033.46,5945.28,5860.36,5778.54,5699.63,5623.48,5549.95,5478.89,5410.18,5343.7,5279.34,5216.99,5156.56,5097.96,5041.11,4985.92,4932.32,4880.25,4829.62,4780.39,4732.49,4685.87,4640.47,4596.25,4553.15,4511.15,4470.18,4430.22,4391.22,4353.16
8718.51,8987.59,9280.8,9601.64,9954.32,10344,10776.9,11260.8,11805.6,12423.6,13130.9,13948.5,14904.9,16038.7,17404.7,19082.9,21194.6,23934.5,27635,32912.3,40988.8,53934,70703.7,79220.9,79914.9,69658.9,55638.9,45033.3,37655.5,32376.7,28443.2,25406.9,22995.1,21034.2,19409.1,18040.3,16871.5,15861.8,14980.6,14204.6,13515.9,12900.4,12346.8,11846.2,11391.2,10975.7,10594.7,10243.9,9919.99,9619.76,9340.71,9080.61,8837.55,8609.87,8396.13,8195.05,8005.5,7826.5,7657.16,7496.71,7344.44,7199.72,7062,6930.75,6805.53,6685.9,6571.5,6461.98,6357.02,6256.34,6159.66,6066.75,5977.39,5891.37,5808.5,5728.6,5651.51,5577.08,5505.17,5435.66,5368.41,5303.31,5240.27,5179.18,5119.95,5062.49,5006.72,4952.56,4899.95,4848.82,4799.1,4750.73,4703.66,4657.83,4613.19,4569.7,4527.3,4485.97,4445.65,4406.31,4367.91
8662.15,8925.95,9213.09,9526.93,9871.48,10251.6,10673.2,11143.7,11672.3,12270.5,12953.4,13740.5,14657.8,15740.7,17038.8,18623.6,20602.4,23144.1,26531.3,31274.2,38365,49617,65633.6,77120.4,79186.9,72869.3,59145.4,47628.6,39517.6,33756.4,29503,26246.2,23676.6,21598.9,19885,18447,17223.5,16169.5,15252.1,14446.1,13732.2,13095.4,12523.6,12007.3,11538.6,11111.2,10719.7,10359.8,10027.6,9720,9434.36,9168.34,8919.92,8687.39,8469.23,8264.11,8070.87,7888.48,7716.02,7552.69,7397.76,7250.58,7110.57,6977.19,6849.98,6728.5,6612.37,6501.23,6394.75,6292.63,6194.61,6100.44,6009.88,5922.73,5838.79,5757.88,5679.83,5604.5,5531.73,5461.39,5393.36,5327.53,5263.78,5202.01,5142.13,5084.06,5027.7,4972.98,4919.83,4868.18,4817.97,4769.12,4721.59,4675.32,4630.27,4586.37,4543.59,4501.88,4461.2,4421.51,4382.77
8606.91,8865.59,9146.88,9453.96,9790.67,10161.6,10572.5,11030.1,11543.2,12122.8,12782.6,13540.9,14421.6,15457.2,16692.6,18192.1,20050.9,22416.3,25530.2,29818.5,36090.9,45878.1,60572.6,74177.9,77424,75134.1,62711.4,50442,41543.5,35246.2,30638.2,27139.1,24397.3,22193.3,20383.8,18872,17590.1,16489.2,15533.5,14695.9,13955.5,13296.4,12705.5,12172.8,11690,11250.2,10847.8,10478.3,10137.6,9822.42,9529.98,9257.84,9003.9,8766.37,8543.66,8334.39,8137.36,7951.49,7775.83,7609.56,7451.9,7302.2,7159.84,7024.29,6895.05,6771.68,6653.78,6540.98,6432.95,6329.38,6229.99,6134.52,6042.75,5954.45,5869.42,5787.48,5708.46,5632.2,5558.56,5487.39,5418.57,5351.98,5287.51,5225.06,5164.52,5105.82,5048.87,4993.58,4939.89,4887.71,4836.99,4787.67,4739.68,4692.97,4647.48,4603.17,4560,4517.91,4476.86,4436.82,4397.74
8552.76,8806.48,9082.1,9382.67,9711.83,10074,10474.5,10919.8,11418.3,11979.9,12617.9,13349.1,14195.5,15187,16364.5,17785.9,19535.8,21743.7,24617.6,28516.1,34104.2,42651.5,55804.3,70468.5,76151.5,76177.1,66132.7,53456.7,43746.3,36857.4,31856,28090.1,25160.5,22819.5,20907.2,19316.2,17972.1,16821.5,15825.3,14954.4,14186.2,13503.6,12892.9,12343.1,11845.4,11392.7,10979.1,10599.6,10250.1,9927.07,9627.61,9349.16,9089.53,8846.85,8619.46,8405.93,8205,8015.56,7836.62,7667.32,7506.88,7354.59,7209.84,7072.06,6940.75,6815.45,6695.74,6581.25,6471.64,6366.58,6265.79,6169.01,6075.99,5986.52,5900.39,5817.41,5737.4,5660.2,5585.66,5513.65,5444.02,5376.67,5311.47,5248.32,5187.13,5127.79,5070.23,5014.37,4960.12,4907.41,4856.18,4806.37,4757.91,4710.75,4664.83,4620.11,4576.53,4534.06,4492.64,4452.24,4412.83
8499.66,8748.58,9018.72,9312.99,9634.87,9988.55,10379.1,10812.7,11297.1,11841.9,12459.2,13164.7,13979,14929.3,16053.1,17402.6,19053.6,21119.9,23782.1,27343.7,32355.2,39862.4,51480.5,66217.6,74635.4,75953,69126.6,56622.9,46134.8,38601.6,33164.7,29104.5,25969.5,23479.9,21456.8,19781,18370.6,17167.1,16128.1,15222,14424.6,13717.4,13085.8,12518.1,12005.1,11539,11113.6,10723.8,10365.2,10034,9727.31,9442.35,9176.85,8928.86,8696.66,8478.75,8273.81,8080.71,7898.41,7726.01,7562.7,7407.77,7260.57,7120.52,6987.09,6859.82,6738.27,6622.05,6510.82,6404.24,6302.03,6203.91,6109.63,6018.97,5931.71,5847.67,5766.65,5688.5,5613.05,5540.18,5469.73,5401.6,5335.66,5271.81,5209.94,5149.96,5091.79,5035.34,4980.52,4927.28,4875.54,4825.23,4776.3,4728.68,4682.32,4637.18,4593.2,4550.34,4508.55,4467.79,4428.02
8447.58,8691.85,8956.68,9244.87,9559.73,9905.26,10286.3,10708.6,11179.6,11708.2,12305.9,12987.3,13771.3,14683.2,15757.1,17040.4,18601,20539.8,23013.9,26282.4,30804.2,37440.1,47648.1,61728.7,72451,74683.9,71378.7,59841.9,48708.8,40490.3,34573,30188.3,26828.2,24177.1,22034.4,20267.7,18786.4,17526.7,16442.4,15499.1,14671,13938,13284.6,12698.2,12169.1,11689.1,11251.5,10851,10482.9,10143.4,9829.15,9537.46,9265.92,9012.46,8775.3,8552.88,8343.84,8146.97,7961.22,7785.64,7619.41,7461.77,7312.06,7169.68,7034.08,6904.79,6781.36,6663.38,6550.5,6442.38,6338.72,6239.23,6143.67,6051.79,5963.39,5878.26,5796.22,5717.09,5640.73,5566.98,5495.71,5426.78,5360.09,5295.52,5232.97,5172.34,5113.54,5056.49,5001.11,4947.32,4895.06,4844.25,4794.83,4746.76,4699.96,4654.39,4610,4566.74,4524.57,4483.45,4443.33
8396.49,8636.24,8895.94,9178.24,9486.34,9824.02,10195.9,10607.4,11065.6,11578.8,12157.9,12816.4,13571.9,14447.8,15475.3,16697.5,18175.4,19998.8,22305.1,25316.9,29419.5,35323.5,44290.3,57287.5,69580.4,73168.6,72635.4,62952.2,51452.3,42533.5,36090.2,31347.7,27740.9,24914.1,22642.1,20777.6,19220.6,17901.1,16768.8,15786.3,14925.8,14165.8,13489.4,12883.6,12337.7,11843.2,11392.9,10981.3,10603.4,10255.2,9933.19,9634.56,9356.78,9097.69,8855.43,8628.37,8415.1,8214.37,8025.07,7846.24,7677,7516.59,7364.31,7219.55,7081.75,6950.39,6825.04,6705.26,6590.7,6481,6375.86,6274.98,6178.1,6084.99,5995.43,5909.19,5826.11,5746,5668.7,5594.06,5521.94,5452.22,5384.76,5319.46,5256.22,5194.93,5135.5,5077.84,5021.88,4967.54,4914.74,4863.43,4813.53,4764.98,4717.73,4671.73,4626.93,4583.27,4540.72,4499.22,4458.75
8346.36,8581.73,8836.45,9113.07,9414.63,9744.75,10107.8,10509,10954.9,11453.5,12014.8,12651.6,13380.3,14222.5,15206.7,16372.2,17774.3,19492.8,21648.7,24434.4,28175.6,33461.7,41360.4,53099.2,66126.9,72042,72801.5,65731,54322.4,44737,37726,32589.8,28712.2,25693.8,23281.9,21312.3,19674.4,18291.3,17108,16084.1,15189.5,14401,13700.6,13074.4,12511,12001.3,11538,11114.8,10726.7,10369.5,10039.5,9733.7,9449.48,9184.59,8937.08,8705.25,8487.63,8282.93,8090,7907.82,7735.51,7572.26,7417.35,7270.16,7130.09,6996.63,6869.31,6747.7,6631.42,6520.11,6413.46,6311.16,6212.95,6118.58,6027.83,5940.47,5856.33,5775.21,5696.96,5621.42,5548.44,5477.9,5409.67,5343.64,5279.69,5217.72,5157.65,5099.38,5042.84,4987.94,4934.6,4882.77,4832.38,4783.36,4735.65,4689.22,4643.99,4599.93,4556.99,4515.12,4474.28
8297.16,8528.28,8778.17,9049.29,9344.54,9667.37,10021.9,10413.2,10847.4,11332,11876.5,12492.7,13196.1,14006.5,14950.3,16063.3,17395.5,19018.5,21039.1,23624.4,27051.8,31813,38802.2,49275.4,62289.5,70419.3,71984.5,67923.6,57238.5,47099,39489.5,33922,29747.2,26519.8,23956.4,21873.6,20148.9,18698,17460.6,16393,15462.4,14643.9,13918.5,13270.9,12689.3,12163.8,11686.8,11251.6,10853,10486.4,10148.1,9834.95,9544.08,9273.21,9020.28,8783.55,8561.47,8352.69,8156.02,7970.42,7794.95,7628.79,7471.2,7321.5,7179.12,7043.51,6914.18,6790.7,6672.67,6559.72,6451.53,6347.78,6248.22,6152.57,6060.6,5972.11,5886.88,5804.75,5725.53,5649.07,5575.22,5503.85,5434.83,5368.04,5303.38,5240.73,5180.01,5121.12,5063.98,5008.51,4954.63,4902.28,4851.38,4801.88,4753.72,4706.84,4661.19,4616.72,4573.39,4531.14,4489.94
8248.86,8475.85,8721.07,8986.87,9276.02,9591.81,9938.21,10320,10742.9,11214.1,11742.6,12339.4,13018.8,13799.3,14705.2,15769.5,17037.2,18572.9,20471.1,22878,26031.3,30343.5,36561.1,45853.5,58304.8,68221.8,70489.2,69306.7,60071.4,49603.9,41388.2,35352.1,30851.5,27395.9,24668,22463.1,20645.6,19122.3,17827.5,16713.5,15744.9,14895.1,14143.2,13473.3,12872.6,12330.7,11839.4,11391.8,10982.3,10606.1,10259.2,9938.35,9640.63,9363.59,9105.09,8863.31,8636.63,8423.66,8223.16,8034.05,7855.35,7686.21,7525.86,7373.61,7228.86,7091.05,6959.67,6834.28,6714.46,6599.84,6490.08,6384.86,6283.9,6186.95,6093.75,6004.1,5917.77,5834.6,5754.39,5677,5602.27,5530.06,5460.24,5392.69,5327.3,5263.96,5202.58,5143.06,5085.31,5029.27,4974.84,4921.95,4870.55,4820.57,4771.94,4724.61,4678.53,4633.64,4589.91,4547.28,4505.71
8201.44,8424.42,8665.11,8925.75,9209,9518.02,9856.55,10229.1,10641.3,11099.8,11612.9,12191.2,12847.9,13600.3,14470.8,15489.6,16697.7,18153.3,19940.7,22188,25100.1,29025.7,34588,42824.2,54385.5,65474.9,69452.3,69763.7,62643.6,52215.1,43425.7,36888.2,32031,28326,25419.5,23083,21165.8,19565.2,18209.4,17046.3,16037.7,15154.7,14375.2,13681.9,13061.3,12502.3,11996.1,11535.6,11114.7,10728.5,10372.8,10044,9739.19,9455.78,9191.54,8944.56,8713.17,8495.89,8291.46,8098.73,7916.72,7744.52,7581.35,7426.5,7279.33,7139.27,7005.8,6878.45,6756.8,6640.47,6529.11,6422.39,6320.02,6221.74,6127.29,6036.45,5949.01,5864.78,5783.57,5705.23,5629.6,5556.53,5485.9,5417.58,5351.45,5287.41,5225.35,5165.19,5106.84,5050.2,4995.22,4941.8,4889.88,4839.4,4790.3,4742.52,4696,4650.7,4606.56,4563.54,4521.6
8154.86,8373.96,8610.25,8865.9,9143.45,9445.91,9776.87,10140.7,10542.5,10988.7,11487.2,12047.9,12683.2,13409.1,14246.3,15222.6,16375.6,17757.5,19444,21547.9,24246.9,27837.2,32841,40154.4,50682.6,62287.5,68234.9,69326.8,64748.8,54865.7,45599,38537.2,33292.2,29314.8,26214.1,23735.4,21711,20027.9,18607.1,17392,16341.1,15423.3,14614.7,13897,13255.5,12678.6,12157,11683,11250.4,10853.8,10488.9,10151.9,9839.81,9549.84,9279.69,9027.36,8791.1,8569.4,8360.93,8164.5,7979.09,7803.76,7637.71,7480.18,7330.53,7188.17,7052.56,6923.22,6799.71,6681.64,6568.64,6460.39,6356.58,6256.94,6161.21,6069.17,5980.59,5895.29,5813.06,5733.76,5657.21,5583.27,5511.81,5442.71,5375.83,5311.08,5248.34,5187.53,5128.56,5071.33,5015.77,4961.81,4909.38,4858.4,4808.82,4760.58,4713.62,4667.89,4623.34,4579.93,4537.61
8109.12,8324.43,8556.45,8807.26,9079.29,9375.43,9699.1,10054.4,10446.3,10880.8,11365.4,11909.4,12524.3,13225.1,14031.1,14967.7,16069.3,17383.5,18977.8,20952.3,23461.9,26759.9,31285.4,37801.9,47280.3,58827.6,66557.3,68181.2,66194.7,57451.2,47893.3,40304.8,34641.6,30367.1,27055.1,24422.5,22283,20511.6,19021.6,17751.4,16655.8,15701.2,14862.1,14118.7,13455.4,12859.9,12322.2,11834.3,11389.4,10982,10607.6,10262.2,9942.57,9645.82,9369.57,9111.73,8870.48,8644.23,8431.61,8231.38,8042.48,7863.95,7694.93,7534.67,7382.49,7237.78,7099.98,6968.6,6843.19,6723.33,6608.67,6498.86,6393.58,6292.56,6195.54,6102.27,6012.53,5926.13,5842.87,5762.59,5685.11,5610.29,5537.99,5468.09,5400.45,5334.97,5271.55,5210.08,5150.47,5092.65,5036.51,4982,4929.04,4877.55,4827.49,4778.78,4731.37,4685.22,4640.26,4596.45,4553.74
8064.18,8275.81,8503.69,8749.81,9016.5,9306.53,9623.15,9970.29,10352.7,10776,11247.3,11775.3,12370.9,13048,13824.5,14724,15777.8,17029.3,18539.3,20396.7,22737.1,25778.5,29892.1,35724.2,44209.2,55279,64398.5,66941.3,66859.2,59829.1,50276.8,42192.8,36085.6,31488,27946.2,25146.9,22883.5,21017.5,19453.8,18125,16982.2,15988.9,15117.7,14347.4,13661.4,13046.4,12491.9,11989.5,11531.9,11113.4,10729.1,10375,10047.5,9743.78,9461.24,9197.72,8951.33,8720.41,8503.52,8299.4,8106.92,7925.1,7753.05,7589.99,7435.22,7288.1,7148.06,7014.6,6887.25,6765.58,6649.22,6537.81,6431.04,6328.61,6230.26,6135.75,6044.83,5957.32,5873.01,5791.72,5713.3,5637.58,5564.43,5493.72,5425.31,5359.1,5294.97,5232.83,5172.59,5114.15,5057.44,5002.36,4948.86,4896.87,4846.31,4797.13,4749.27,4702.68,4657.3,4613.09,4570
8020.02,8228.08,8451.93,8693.5,8955.02,9239.14,9548.97,9888.25,10261.5,10674,11132.6,11645.4,12222.6,12877.3,13626,14490.7,15500,16693.5,18126,19877,22065.6,24880.6,28637.3,33882,41465,51801.4,61804.3,66002.3,66730.9,61831.7,52693.7,44197.4,37629.8,32682.9,28891.2,25911.4,23514.4,21547.1,19904.8,18513.9,17321,16286.9,15382,14583.4,13873.5,13238.2,12666.3,12148.7,11677.9,11247.9,10853.4,10490.2,10154.7,9843.76,9554.75,9285.38,9033.69,8797.97,8576.7,8368.57,8172.42,7987.23,7812.08,7646.15,7488.73,7339.15,7196.83,7061.24,6931.9,6808.38,6690.28,6577.25,6468.96,6365.1,6265.4,6169.61,6077.5,5988.85,5903.47,5821.17,5741.79,5665.16,5591.14,5519.6,5450.41,5383.45,5318.62,5255.8,5194.91,5135.85,5078.54,5022.91,4968.86,4916.35,4865.29,4815.64,4767.32,4720.28,4674.48,4629.86,4586.38
7976.61,8181.2,8401.15,8638.3,8894.81,9173.21,9476.49,9808.19,10172.6,10574.8,11021.2,11519.5,12079.2,12712.7,13435.2,14267.1,15234.9,16374.6,17735.8,19389.7,21441.7,24055.8,27501.5,32240.9,39024.4,48508.4,58877.7,64716.9,65918.4,63295.5,55058.6,46304.8,39278,33957.2,29894.3,26718.9,24177.9,22101.9,20375.7,18918.7,17672.9,16595.7,15655.2,14827.1,14092.2,13435.7,12845.5,12312.2,11827.7,11385.7,10980.6,10608.1,10264.2,9945.84,9650.14,9374.75,9117.61,8876.94,8651.17,8438.93,8239.02,8050.38,7872.04,7703.18,7543.04,7390.94,7246.29,7108.52,6977.16,6851.75,6731.88,6617.19,6507.34,6402.03,6300.95,6203.87,6110.54,6020.74,5934.27,5850.94,5770.58,5693.02,5618.12,5545.75,5475.76,5408.04,5342.49,5278.98,5217.43,5157.75,5099.84,5043.63,4989.04,4935.99,4884.43,4834.29,4785.51,4738.03,4691.8,4646.76,4602.88
7933.95,8135.16,8351.31,8584.18,8835.83,9108.7,9405.64,9730.04,10086,10478.3,10913,11397.4,11940.5,12553.8,13251.6,14052.7,14981.6,16071.2,17366.6,18931.8,20860.2,23295.2,26468.5,30771.8,36855.8,45464.5,55757.2,63028.6,64650,64102.8,57256.1,48487.2,41031.1,35316.1,30960.1,27572.7,24876.2,22683.5,20867.7,19340.3,18038.4,16915.8,15937.9,15078.7,14317.6,13638.9,13029.8,12480,11981.3,11526.8,11110.8,10728.6,10376.1,10050.1,9747.47,9465.87,9203.13,8957.37,8726.98,8510.52,8306.74,8114.55,7932.96,7761.09,7598.17,7443.5,7296.45,7156.47,7023.04,6895.69,6774.02,6657.64,6546.21,6439.4,6336.93,6238.53,6143.96,6052.98,5965.4,5881.02,5799.67,5721.17,5645.38,5572.15,5501.36,5432.87,5366.58,5302.38,5240.16,5179.84,5121.32,5064.53,5009.38,4955.8,4903.73,4853.1,4803.85,4755.91,4709.25,4663.8,4619.52
7892.01,8089.92,8302.38,8531.09,8778.04,9045.56,9336.37,9653.73,10001.5,10384.3,10807.9,11279,11806.3,12400.4,13074.8,13846.9,14739.3,15782.3,17016.8,18500.5,20316.8,22591.6,25524.7,29449.9,34926,42695.4,52585.4,60943.5,63791.2,64216.3,59149.3,50697.6,42884.4,36764,32092.9,28476.1,25611.8,23293.7,21382,19779.9,18418.4,17247.7,16230.5,15338.6,14550.2,13848.2,13219.3,12652.5,12138.9,11671.5,11244.1,10851.9,10490.5,10156.5,9846.8,9558.8,9290.28,9039.29,8804.14,8583.35,8375.61,8179.78,7994.84,7819.9,7654.13,7496.83,7347.34,7205.09,7069.54,6940.23,6816.72,6698.61,6585.56,6477.24,6373.34,6273.6,6177.76,6085.59,5996.88,5911.44,5829.07,5749.61,5672.91,5598.82,5527.21,5457.94,5390.91,5326,5263.1,5202.14,5143,5085.62,5029.9,4975.79,4923.2,4872.07,4822.34,4773.94,4726.84,4680.97,4636.28
7850.76,8045.47,8254.34,8479.01,8721.4,8983.73,9268.63,9579.18,9919.09,10292.8,10705.6,11164,11676.2,12252.1,12904.3,13649.1,14507.3,15506.7,16684.8,18093.7,19807.9,21938.4,24658.9,28254.6,33203.6,40200.3,49484.1,58515.1,62795.5,63693.6,60600.1,52865.6,44825.3,38303.4,33297.5,29432.9,26387.3,23934.3,21920.1,20238.2,18813.7,17592.2,16533.4,15607.2,14790,14063.8,13414.2,12829.6,12300.6,11819.8,11380.6,10978,10607.4,10265.2,9948.17,9653.59,9379.12,9122.75,8882.71,8657.46,8445.65,8246.09,8057.73,7879.63,7710.95,7550.95,7398.97,7254.39,7116.69,6985.36,6859.97,6740.11,6625.41,6515.54,6410.19,6309.08,6211.95,6118.57,6028.71,5942.18,5858.79,5778.36,5700.73,5625.77,5553.32,5483.26,5415.47,5349.84,5286.26,5224.63,5164.87,5106.89,5050.6,4995.94,4942.82,4891.19,4840.98,4792.12,4744.57,4698.27,4653.17
7810.2,8001.79,8207.16,8427.92,8665.88,8923.19,9202.36,9506.35,9838.68,10203.6,10606.1,11052.4,11550.1,12108.7,12739.9,13458.8,14284.9,15243.6,16369.3,17709.2,19330.1,21330.4,23861.7,27168.8,31660.5,37962.7,46539.8,55835.3,61474.2,62677.9,61499.9,54897,46829.3,39934.2,34577.7,30446.8,27205.6,24607.5,22483.4,20716.5,19225,17949.7,16847.2,15884.8,15037.6,14286,13614.7,13011.6,12466.6,11971.8,11520.5,11107.1,10727,10376.3,10051.7,9750.28,9469.68,9207.77,8962.7,8732.88,8516.89,8313.51,8121.63,7940.3,7768.64,7605.88,7451.35,7304.4,7164.49,7031.11,6903.79,6782.14,6665.76,6554.31,6447.48,6344.98,6246.54,6151.92,6060.9,5973.26,5888.82,5807.4,5728.84,5652.98,5579.69,5508.82,5440.27,5373.9,5309.63,5247.34,5186.94,5128.35,5071.49,5016.26,4962.62,4910.47,4859.77,4810.44,4762.44,4715.71,4670.19
7770.3,7958.85,8160.83,8377.77,8611.43,8863.87,9137.5,9435.15,9760.18,10116.6,10509.2,10943.9,11427.9,11970,12581.2,13275.7,14071.4,14992.1,16069,17345.1,18880.6,20762.9,23124.9,26178.1,30271.9,35959.1,43803.2,53017,59808.6,61650.1,61798.5,56679.3,48856.5,41651.4,35937,31521.6,28069.6,25315.4,23073.5,21216,19653.2,18321,17172.3,16172,15293.1,14514.9,13821.1,13198.6,12637,12127.7,11663.7,11239.2,10849.2,10489.8,10157.3,9848.92,9562.02,9294.4,9044.16,8809.64,8589.36,8382.05,8186.58,8001.93,7827.22,7661.64,7504.49,7355.12,7212.95,7077.47,6948.2,6824.71,6706.62,6593.57,6485.23,6381.31,6281.53,6185.65,6093.44,6004.68,5919.18,5836.76,5757.24,5680.48,5606.32,5534.64,5465.3,5398.2,5333.22,5270.25,5209.21,5150.01,5092.55,5036.77,4982.58,4929.92,4878.72,4828.92,4780.46,4733.28,4687.34
7731.05,7916.63,8115.31,8328.54,8558.03,8805.76,9074.02,9365.54,9683.52,10031.8,10414.9,10838.5,11309.3,11835.6,12427.9,13099.2,13866.5,14751.4,15782.8,16999.8,18456.8,20231.9,22441.9,25270.4,29016.9,34163.7,41296,50171.6,57818.8,60858.5,61517.9,58096.4,50848.5,43443.3,37376.9,32661.1,28982.6,26060.4,23692.2,21737.8,20099.3,18706.8,17509.4,16469.1,15557,14751,14033.6,13391,12812,12287.6,11810.5,11374.4,10974.2,10605.7,10265.2,9949.58,9656.18,9382.69,9127.13,8887.77,8663.09,8451.75,8252.59,8064.55,7886.71,7718.24,7558.42,7406.57,7262.1,7124.47,6993.2,6867.85,6748.01,6633.31,6523.44,6418.07,6316.94,6219.77,6126.35,6036.45,5949.87,5866.42,5785.93,5708.25,5633.22,5560.71,5490.58,5422.72,5357.02,5293.38,5231.68,5171.85,5113.8,5057.45,5002.71,4949.53,4897.82,4847.54,4798.62,4751,4704.63
7692.42,7875.12,8070.58,8280.21,8505.65,8748.79,9011.87,9297.46,9608.64,9949.05,10323.1,10736,11194.1,11705.4,12279.7,12929.1,13669.4,14520.7,15509.6,16671.9,18056.6,19733.8,21806.9,24435.6,27877.8,32551.2,39019.5,47392.7,55558.7,59819.1,60751.8,59050.8,52727.6,45288.4,38896.6,33868.4,29947.7,26844.9,24341.2,22283.3,20564.3,19107.9,17859,16776.6,15829.7,14994.5,14252.4,13588.8,12991.7,12451.7,11960.9,11512.8,11102.1,10724.3,10375.4,10052.3,9752.2,9472.67,9211.65,8967.32,8738.11,8522.64,8319.69,8128.17,7947.12,7775.7,7613.14,7458.76,7311.94,7172.12,7038.81,6911.55,6789.92,6673.56,6562.11,6455.28,6352.75,6254.29,6159.64,6068.57,5980.89,5896.4,5814.93,5736.31,5660.39,5587.04,5516.11,5447.49,5381.06,5316.72,5254.36,5193.9,5135.24,5078.3,5023.02,4969.3,4917.09,4866.32,4816.93,4768.86,4722.06
7654.41,7834.3,8026.62,8232.74,8454.25,8692.96,8950.99,9230.85,9535.46,9868.31,10233.5,10636.2,11082.3,11579.2,12136.3,12765,13479.8,14299.6,15248.7,16359.9,17677.9,19265.6,21214.7,23665,26839.4,31098.6,36962.6,44747.4,53108.1,58490.4,59672.4,59486.6,54401.1,47152.6,40491,35146,30968.1,27671.5,25022.5,22854.1,21049.2,19525.1,18221.7,17095,16111.5,15245.7,14477.9,13792.3,13176.4,12620.1,12115.1,11654.6,11233,10845.4,10488,10157.2,9850.15,9564.4,9297.74,9048.31,8814.45,8594.74,8387.9,8192.81,8008.49,7834.04,7668.69,7511.71,7362.48,7220.43,7085.03,6955.82,6832.38,6714.31,6601.27,6492.93,6389,6289.2,6193.3,6101.05,6012.25,5926.7,5844.23,5764.66,5687.84,5613.63,5541.88,5472.49,5405.32,5340.27,5277.24,5216.14,5156.87,5099.35,5043.49,4989.24,4936.51,4885.25,4835.38,4786.86,4739.62
7617,7794.14,7983.41,8186.12,8403.8,8638.2,8891.36,9165.67,9463.94,9789.48,10146.3,10539,10973.6,11456.9,11997.6,12606.5,13297.3,14087.2,14999.1,16062.8,17319.1,18824.5,20661,22951.5,25889.1,29785.2,35107.6,42276.1,50557.6,56871.3,58950.8,59403.8,55771.2,48987,42149.2,36494.9,32046.9,28543.1,25738.2,23451.5,21555.2,19959.2,18598.3,17424.8,16402.8,15505,14710.2,14001.6,13366.1,12792.9,12273.2,11799.8,11366.9,10969.3,10603,10264.2,9950.08,9657.91,9385.46,9130.78,8892.15,8668.08,8457.25,8258.51,8070.82,7893.28,7725.06,7565.43,7413.74,7269.4,7131.88,7000.68,6875.38,6755.58,6640.91,6531.04,6425.67,6324.52,6227.34,6133.89,6043.95,5957.33,5873.84,5793.3,5715.57,5640.48,5567.91,5497.73,5429.81,5364.05,5300.34,5238.58,5178.69,5120.57,5064.15,5009.35,4956.1,4904.33,4853.99,4805,4757.32
7580.16,7754.63,7940.93,8140.33,8354.29,8584.5,8832.93,9101.87,9394,9712.51,10061.2,10444.5,10867.9,11338.1,11863.2,12453.4,13121.3,13883.2,14760.1,15779.4,16978.4,18408.3,20142.2,22288.7,25016,28593.1,33434.5,39997.3,47995.6,54988.4,58123.9,58860.5,56752,50727,43852.2,37913.4,33186.6,29462.2,26490.5,24077.3,22083.6,20411.1,18989.3,17766.5,16704,15772.6,14949.6,14217.2,13561.2,12970.3,12435.3,11948.6,11503.9,11096,10720.5,10373.5,10052,9753.26,9474.85,9214.77,8971.23,8742.68,8527.77,8325.28,8134.15,7953.43,7782.28,7619.95,7465.74,7319.07,7179.36,7046.14,6918.95,6797.37,6681.04,6569.62,6462.78,6360.26,6261.78,6167.1,6076.01,5988.29,5903.76,5822.25,5743.58,5667.61,5594.2,5523.22,5454.54,5388.05,5323.65,5261.23,5200.7,5141.98,5084.98,5029.63,4975.85,4923.58,4872.74,4823.29,4775.16
7543.9,7715.76,7899.16,8095.32,8305.67,8531.82,8775.67,9039.4,9325.6,9637.31,9978.11,10352.3,10765.1,11222.8,11733,12305.3,12951.6,13687,14531,15508.9,16654.7,18014.8,19655,21671.4,24211,27507,31923.1,37913.8,45494.5,52892.5,57061.2,57967.1,57286.8,52295.6,45570.8,39396.6,34388.9,30431.7,27281.7,24733.1,22635.5,20881.9,19395.7,18120.8,17015.7,16049,15196.5,14439,13761.7,13152.5,12601.6,12101.1,11644.2,11225.6,10840.5,10485.1,10156.1,9850.5,9565.95,9300.31,9051.73,8818.59,8599.48,8393.15,8198.49,8014.52,7840.37,7675.26,7518.49,7369.43,7227.5,7092.21,6963.08,6839.7,6721.68,6608.66,6500.34,6396.41,6296.61,6200.69,6108.42,6019.59,5934,5851.49,5771.88,5695.01,5620.75,5548.95,5479.5,5412.27,5347.17,5284.08,5222.92,5163.58,5106,5050.09,4995.77,4942.98,4891.65,4841.73,4793.14
7508.19,7677.5,7858.08,8051.1,8257.93,8480.13,8719.53,8978.22,9258.69,9563.82,9897.07,10262.5,10665.1,11110.7,11606.8,12162.1,12787.9,13498.2,14311.2,15250.2,16346.5,17642.1,19196.4,21094.7,23466.4,26513.7,30554.4,36018.3,43107.2,50651.2,55747.1,57104.9,57362.1,53610.8,47263.5,40934.4,35654,31453.8,28114.1,25420.9,23212.5,21372.6,19818,18488.2,17338.3,16334.6,15451.1,14667.5,13968,13339.7,12772.3,12257.4,11787.9,11358.2,10963.3,10599.1,10262.3,9949.67,9658.8,9387.45,9133.69,8895.83,8672.42,8462.14,8263.87,8076.57,7899.35,7731.4,7572,7420.5,7276.31,7138.9,7007.8,6882.57,6762.82,6648.19,6538.35,6432.99,6331.84,6234.65,6141.18,6051.22,5964.57,5881.04,5800.47,5722.69,5647.56,5574.94,5504.7,5436.73,5370.91,5307.14,5245.33,5185.37,5127.2,5070.72,5015.86,4962.55,4910.72,4860.31,4811.27
7473.03,7639.85,7817.67,8007.63,8211.03,8429.4,8664.48,8918.29,9193.2,9491.99,9817.94,10175,10567.7,11001.9,11484.3,12023.4,12629.7,13316.3,14100.1,15002.7,16052.7,17288.6,18763.9,20554.9,22775.4,25601.9,29311.2,34297.5,40866.3,48338.3,54190.1,56430.9,57009.8,54597.4,48876.6,42509.9,36980.2,32530.7,28990,26142.6,23816,21884.3,20257.3,18869.4,17672.3,16629.7,15713.7,14902.9,14180.1,13532,12947.4,12417.5,11935,11493.8,11088.8,10715.6,10370.6,10050.8,9753.46,9476.23,9217.14,8974.44,8746.6,8532.28,8330.3,8139.59,7959.23,7788.38,7626.29,7472.29,7325.79,7186.22,7053.11,6926,6804.49,6688.21,6576.82,6470,6367.49,6269,6174.32,6083.2,5995.46,5910.9,5829.35,5750.65,5674.63,5601.18,5530.14,5461.41,5394.87,5330.41,5267.94,5207.36,5148.58,5091.52,5036.11,4982.28,4929.94,4879.05,4829.54
7438.39,7602.79,7777.92,7964.89,8164.96,8379.6,8610.49,8859.56,9129.09,9421.75,9740.67,10089.6,10472.9,10896,11365.4,11889.1,12476.8,13141,13897.2,14765.5,15772.4,16952.8,18355.3,20048.2,22132.4,24762,28178.2,32736.1,38788,46022.9,52418.9,55575.9,56306.5,55200.8,50345.8,44098,38362.5,33663.3,29911.5,26900.1,24447.4,22418.1,20714.4,19265.1,18018.3,16934.8,15984.8,15145.4,14398.5,13729.6,13127.1,12581.8,12085.7,11632.6,11217.1,10834.6,10481.3,10154,9849.96,9566.68,9302.11,9054.44,8822.06,8603.6,8397.81,8203.61,8020.03,7846.21,7681.37,7524.83,7375.95,7234.19,7099.02,6969.99,6846.69,6728.72,6615.75,6507.46,6403.54,6303.75,6207.82,6115.54,6026.69,5941.08,5858.54,5778.89,5701.98,5627.68,5555.83,5486.33,5419.06,5353.9,5290.76,5229.54,5170.15,5112.51,5056.54,5002.17,4949.32,4897.94,4847.95
7404.26,7566.29,7738.8,7922.86,8119.7,8330.71,8557.52,8802,9066.33,9353.05,9665.18,10006.2,10380.5,10793,11250,11758.9,12329,12971.8,13702,14538.1,15504.5,16633.4,17968.6,19571.8,21532.4,23985.8,27142.3,31317.8,36875.7,43762.6,50479.6,54508.5,55383.6,55399.2,51601.8,45663.3,39791.5,34851.5,30880.8,27695.4,25108.5,22975.4,21190.1,19676,18376.8,17250.3,16264.7,15395.4,14623.2,13932.7,13311.7,12750.2,12240.1,11774.7,11348.3,10956.1,10594.3,10259.3,9948.36,9658.86,9388.66,9135.87,8898.83,8676.12,8466.43,8268.65,8081.78,7904.92,7737.27,7578.12,7426.83,7282.81,7145.54,7014.56,6889.42,6769.75,6655.17,6545.36,6440.03,6338.89,6241.7,6148.23,6058.26,5971.58,5888.03,5807.42,5729.61,5654.44,5581.77,5511.49,5443.47,5377.61,5313.79,5251.92,5191.91,5133.68,5077.15,5022.23,4968.86,4916.98,4866.52
7370.64,7530.36,7700.31,7881.54,8075.21,8282.7,8505.55,8745.57,9004.85,9285.84,9591.4,9924.93,10290.5,10692.8,11137.8,11632.6,12185.9,12808.5,13514,14319.8,15248.3,16329,17602,19122.8,20971.1,23266.2,26191.8,30027,35124.8,41599.4,48428.3,53225.4,54769.7,55207.7,52579.3,47160.7,41252.3,36093.2,31899.1,28530.4,25801,23557.4,21685.7,20102.9,18748.3,17576.6,16553.7,15653.1,14854.5,14141.5,13501.2,12923,12398.4,11920.2,11482.5,11080.4,10709.7,10366.8,10048.7,9752.8,9476.81,9218.76,8976.95,8749.86,8536.18,8334.74,8144.49,7964.52,7793.99,7632.18,7478.41,7332.1,7192.69,7059.71,6932.71,6811.28,6695.06,6583.72,6476.94,6374.44,6275.97,6181.28,6090.16,6002.41,5917.83,5836.25,5757.51,5681.46,5607.97,5536.89,5468.12,5401.53,5337.02,5274.5,5213.87,5155.04,5097.93,5042.46,4988.57,4936.18,4885.23
7337.51,7494.97,7662.43,7840.88,8031.49,8235.54,8454.55,8690.24,8944.63,9220.06,9519.28,9845.53,10202.7,10595.2,11028.8,11510.1,12047.4,12650.7,13332.9,14110.1,15002.9,16038.8,17254,18698.9,20444.8,22597.1,25316.8,28849.5,33525.7,39560,46325.3,51739.9,54074,54677.7,53227.7,48536.2,42723,37383.6,32967.2,29407,26526.4,24165.4,22202,20546.6,19133.6,17914.4,16852.2,15918.9,15092.7,14356.3,13695.8,13100.3,12560.5,12069.1,11619.8,11207.4,10827.5,10476.5,10151.1,9848.56,9566.6,9303.16,9056.43,8824.87,8607.09,8401.89,8208.18,8025.02,7851.56,7687.02,7530.73,7382.07,7240.48,7105.46,6976.55,6853.34,6735.45,6622.54,6514.28,6410.4,6310.62,6214.7,6122.42,6033.56,5947.94,5865.37,5785.7,5708.76,5634.42,5562.53,5492.99,5425.68,5360.47,5297.28,5236.01,5176.58,5118.88,5062.86,5008.44,4955.54,4904.1
7304.86,7460.11,7625.13,7800.89,7988.5,8189.21,8404.48,8635.97,8885.62,9155.67,9448.76,9767.99,10117,10500.2,10922.8,11391.2,11913.2,12498.2,13158.3,13908.4,14767.8,15761.6,16923.1,18298,19950.2,21973.3,24508.7,27772.2,32066.4,37658.3,44225.7,50080.4,53204.1,53894,53520.6,49731.3,44173.4,38714,34084.5,30326.8,27286.6,24801,22740.3,21008,19533.4,18264.1,17160.7,16193.2,15338.1,14577.2,13895.8,13282.2,12726.7,12221.6,11760.3,11337.2,10947.9,10588.4,10255.5,9946.17,9658.09,9389.09,9137.32,8901.16,8679.18,8470.12,8272.88,8086.46,7909.99,7742.67,7583.79,7432.73,7288.91,7151.81,7020.96,6895.93,6776.34,6661.83,6552.08,6446.78,6345.67,6248.5,6155.03,6065.05,5978.37,5894.8,5814.17,5736.33,5661.12,5588.43,5518.11,5450.05,5384.14,5320.27,5258.36,5198.3,5140.02,5083.44,5028.47,4975.05,4923.12
7272.68,7425.78,7588.41,7761.54,7946.23,8143.69,8355.32,8582.73,8827.78,9092.63,9379.79,9692.23,10033.4,10407.6,10819.7,11275.7,11783.1,12350.7,12989.7,13714.2,14542.1,15496.6,16608.1,17918.2,19484.5,21390.3,23760.2,26783.7,30734,35898.5,42175.2,48287.3,52147.1,53162.8,53461.7,50689.5,45565.3,40071.3,35248.8,31290.6,28083.2,25465.6,23301.6,21487.9,19948.2,18626.2,17479.6,16476.1,15590.9,14804.5,14101.3,13468.9,12897.2,12377.8,11904,11470,11070.9,10702.7,10362,10045.7,9751.31,9476.6,9219.65,8978.77,8752.48,8539.47,8338.6,8148.85,7969.29,7799.12,7637.61,7484.1,7338,7198.78,7065.94,6939.07,6817.74,6701.6,6590.32,6483.58,6381.12,6282.67,6188,6096.88,6009.12,5924.53,5842.93,5764.17,5688.1,5614.57,5543.46,5474.65,5408.02,5343.47,5280.9,5220.22,5161.34,5104.19,5048.67,4994.73,4942.29
7240.96,7391.94,7552.26,7722.82,7904.66,8098.95,8307.05,8530.5,8771.08,9030.87,9312.3,9618.18,9951.88,10317.3,10719.3,11163.5,11656.9,12207.8,12826.9,13527.2,14325.4,15242.9,16307.8,17557.8,19045.1,20844,23064.8,25873.9,29515.7,34277.7,40207.6,46408,50906,52583.8,53083.5,51364.4,46853.2,41436.1,36455.4,32298.9,28917.5,26160.6,23887.2,21987.3,20378.9,19001.4,17809.3,16768.2,15851.5,15038.4,14312.5,13660.6,13072,12537.9,12051.2,11605.7,11196.6,10819.4,10470.7,10147.2,9846.3,9565.72,9303.45,9057.72,8827.01,8609.96,8405.38,8212.2,8029.5,7856.42,7692.21,7536.19,7387.77,7246.37,7111.52,6982.75,6859.65,6741.86,6629.02,6520.82,6416.98,6317.23,6221.33,6129.06,6040.2,5954.57,5871.99,5792.3,5715.34,5640.96,5569.05,5499.48,5432.12,5366.88,5303.65,5242.34,5182.85,5125.11,5069.04,5014.57,4961.62
7209.69,7358.61,7516.65,7684.71,7863.77,8054.98,8259.63,8479.23,8715.48,8970.38,9246.25,9545.8,9872.23,10229.3,10621.6,11054.4,11534.4,12069.5,12669.6,13347,14117.1,14999.9,16021.1,17215.4,18629.8,20331.1,22417,25034.1,28399.6,32789.2,38345.2,44491,49497,51870.2,52446.8,51728.1,47987.5,42782.6,37696.3,33350.8,29790.9,26887.6,24498.4,22507.2,20826.2,19390.2,18150.3,17069.8,16120.1,15279.2,14529.6,13857.4,13251.2,12701.9,12201.8,11744.6,11325,10938.6,10581.6,10250.7,9943.11,9656.5,9388.76,9138.06,8902.81,8681.61,8473.22,8276.55,8090.62,7914.56,7747.59,7589.02,7438.22,7294.61,7157.69,7027,6902.1,6782.61,6668.18,6558.5,6453.25,6352.18,6255.03,6161.58,6071.61,5984.93,5901.35,5820.71,5742.84,5667.62,5594.89,5524.54,5456.45,5390.5,5326.6,5264.64,5204.55,5146.22,5089.59,5034.58,4981.11
7178.85,7325.75,7481.58,7647.19,7823.55,8011.75,8213.06,8428.9,8660.94,8911.1,9181.59,9475.02,9794.44,10143.5,10526.4,10948.3,11415.5,11935.5,12517.5,13173.1,13916.7,14766.8,15747.2,16889.5,18236.6,19848.5,21812,24256.5,27374.7,31423.5,36600.1,42580.7,47946.3,50997.8,51653.5,51776.3,48919.2,44078.3,38959.7,34444,30704,27647.8,25136.5,23048.7,21291,19793.3,18503.2,17381.3,16397.1,15527.2,14752.9,14059.6,13435.2,12870,12356,11886.6,11456.3,11060.3,10694.8,10356.2,10041.8,9748.98,9475.62,9219.81,8979.9,8754.45,8542.16,8341.9,8152.67,7973.56,7803.78,7642.6,7489.36,7343.5,7204.48,7071.81,6945.07,6823.87,6707.82,6596.62,6489.94,6387.53,6289.11,6194.46,6103.36,6015.6,5931.01,5849.4,5770.63,5694.53,5620.98,5549.85,5481,5414.34,5349.76,5287.15,5226.43,5167.51,5110.31,5054.75,5000.76
7148.45,7293.37,7447.03,7610.25,7783.97,7969.24,8167.29,8379.49,8607.45,8853,9118.28,9405.79,9718.44,10059.7,10433.6,10845.1,11300,11805.5,12370.4,13005.3,13723.8,14543.1,15485.1,16579,17863.7,19393.4,21245.5,23534.6,26431.2,30170.5,34976.5,40713.9,46288.8,49962.6,51125.4,51528.8,49606.7,45284.6,40228.8,35573.9,31656.7,28442.4,25802.6,23612.9,21774.1,20211.3,18868.5,17703.1,16682.8,15782.5,14982.6,14267.2,13623.9,13042.3,12513.9,12032,11590.5,11184.7,10810.3,10463.9,10142.4,9843.19,9564.05,9303,9058.32,8828.5,8612.21,8408.29,8215.68,8033.45,7860.79,7696.93,7541.22,7393.05,7251.88,7117.21,6988.6,6865.63,6747.94,6635.19,6527.07,6423.28,6323.57,6227.7,6135.45,6046.6,5960.98,5878.4,5798.69,5721.71,5647.32,5575.39,5505.79,5438.4,5373.12,5309.86,5248.5,5188.98,5131.2,5075.09,5020.57
7118.46,7261.46,7413,7573.88,7745.02,7927.44,8122.31,8330.97,8554.95,8796.03,9056.27,9338.04,9644.15,9977.9,10343.2,10744.6,11187.8,11679.5,12227.9,12843.1,13537.9,14328.1,15234.2,16282.8,17509.6,18963.6,20714,22862.6,25560.1,29019.7,33473.3,38918.2,44564.3,48771.1,50533.6,51028.6,50022.1,46359.2,41481.2,36733.3,32648.2,29272.3,26498,24200.7,22276.4,20645.1,19246.6,18035.7,16977.6,16045.6,15218.8,14480.6,13817.6,13218.9,12675.7,12180.7,11727.7,11311.7,10928.3,10573.7,10244.9,9939.19,9654.11,9387.67,9138.09,8903.79,8683.41,8475.73,8279.66,8094.25,7918.63,7752.05,7593.81,7443.28,7299.92,7163.2,7032.68,6907.92,6788.55,6674.23,6564.62,6459.44,6358.42,6261.31,6167.89,6077.93,5991.26,5907.68,5827.04,5749.16,5673.92,5601.18,5530.8,5462.68,5396.7,5332.76,5270.77,5210.64,5152.27,5095.6,5040.55
7088.88,7229.99,7379.46,7538.07,7706.69,7886.32,8078.1,8283.31,8503.43,8740.18,8995.52,9271.74,9571.53,9898.03,10255,10646.7,11078.7,11557.1,12089.8,12686.4,13358.6,14121.4,14993.6,15999.9,17172.8,18556.9,20214.2,22235.4,24753.9,27961.3,32085.4,37212.1,42812.3,47439.9,49810.6,50341,50155.9,47259.9,42689.1,37911.5,33675.8,30138,27223.9,24813.5,22798.8,21095.2,19638.3,18379.5,17281.8,16316.7,15462,14699.9,14016.4,13400,12841.4,12332.9,11868.1,11441.5,11048.7,10685.8,10349.5,10037,9745.83,9473.86,9219.24,8980.36,8755.78,8544.24,8344.63,8155.96,7977.33,7807.96,7647.13,7494.2,7348.59,7209.79,7077.32,6950.74,6829.66,6713.73,6602.62,6496.02,6393.66,6295.29,6200.68,6109.6,6021.86,5937.27,5855.67,5776.88,5700.78,5627.21,5556.05,5487.18,5420.49,5355.88,5293.24,5232.48,5173.53,5116.29,5060.69
7059.7,7198.96,7346.41,7502.79,7668.95,7845.87,8034.63,8236.48,8452.86,8685.39,8935.98,9206.83,9500.51,9820.02,10168.9,10551.4,10972.5,11438.3,11956,12534.8,13185.6,13922.4,14762.7,15729.3,16852.1,18171.4,19743.4,21648.6,24005.6,26985.8,30805.7,35606.2,41068.8,45992.8,48946.1,49714.6,50018.9,47949.5,43819.5,39093.7,34735.5,31039.1,27981.1,25452.1,23342.4,21562.5,20044.1,18735,17595.9,16596.2,15712.2,14925.3,14220.5,13585.8,13011.2,12488.7,12011.6,11574.2,11171.7,10800.2,10456.2,10136.7,9839.26,9561.6,9301.82,9058.22,8829.34,8613.86,8410.62,8218.61,8036.9,7864.67,7701.2,7545.82,7397.93,7257,7122.53,6994.09,6871.27,6753.71,6641.06,6533.02,6429.3,6329.65,6233.82,6141.6,6052.78,5967.16,5884.58,5804.88,5727.9,5653.49,5581.54,5511.92,5444.51,5379.2,5315.9,5254.52,5194.96,5137.15,5081
7030.91,7168.37,7313.83,7468.03,7631.8,7806.07,7991.89,8190.48,8403.2,8631.64,8877.63,9143.27,9431.04,9743.8,10084.9,10458.5,10869.2,11322.8,11826.3,12388.1,13018.5,13730.7,14541,15470.3,16546.2,17805.5,19298.8,21098.4,23309.4,26084.8,29626.2,34104.9,39363.7,44460.2,47940.7,49213.3,49640.2,48401.1,44836.4,40260.6,35820.4,31974.5,28770.3,26117.7,23907.9,22047.9,20464.6,19102.8,17920.2,16884.3,15969.9,15157.1,14430.2,13776.3,13185.2,12648.2,12158.4,11709.7,11297.3,10916.9,10564.9,10238.3,9934.42,9650.93,9385.84,9137.42,8904.12,8684.6,8477.65,8282.22,8097.36,7922.22,7756.04,7598.15,7447.93,7304.82,7168.33,7038,6913.4,6794.17,6679.96,6570.45,6465.35,6364.39,6267.33,6173.95,6084.02,5997.36,5913.8,5833.16,5755.28,5680.03,5607.27,5536.88,5468.74,5402.73,5338.77,5276.75,5216.58,5158.18,5101.47
7002.51,7138.19,7281.72,7433.79,7595.22,7766.9,7949.86,8145.27,8354.44,8578.9,8820.42,9081.02,9363.06,9669.29,10003,10367.9,10768.6,11210.6,11700.4,12246,12857.1,13546,14327.8,15222.2,16254.2,17457.7,18878.5,20581.4,22660,25250.6,28538.4,32708,37719.5,42875.2,46803,48610.3,49067.9,48602.2,45703.4,41388.2,36921.1,32941.8,29591.6,26811.1,24496.5,22552,20900.6,19483.4,18255.2,17181.4,16235.1,15395.4,14645.5,13971.9,13363.5,12811.6,12308.6,11848.3,11425.6,11036,10675.9,10341.9,10031.4,9741.88,9471.35,9217.97,8980.15,8756.48,8545.73,8346.8,8158.72,7980.6,7811.66,7651.21,7498.61,7353.29,7214.72,7082.46,6956.05,6835.13,6719.32,6608.32,6501.81,6399.52,6301.21,6206.64,6115.6,6027.88,5943.31,5861.71,5782.93,5706.82,5633.25,5562.08,5493.19,5426.48,5361.84,5299.17,5238.39,5179.4,5122.12
6974.48,7108.43,7250.06,7400.06,7559.2,7728.36,7908.52,8100.82,8306.54,8527.14,8764.32,9020.03,9296.52,9596.45,9922.91,10279.5,10670.7,11101.5,11578.2,12108.3,12701,13367.8,14122.8,14984.1,15975.1,17126.6,18480.3,20094.5,22052.7,24476.4,27534,31411.9,36152,41269.9,45548.8,47886.5,48382.1,48556.8,46387.3,42448.4,38024.4,33937,30444.6,27533,25109,23075.8,21352.8,19877.3,18601.2,17487.8,16508.4,15640.6,14866.7,14172.5,13546.4,12978.9,12462.3,11990,11556.7,11157.7,10789.1,10447.5,10130.2,9834.5,9558.38,9299.91,9057.45,8829.54,8614.9,8412.39,8221,8039.84,7868.08,7705.01,7549.98,7402.39,7261.72,7127.48,6999.24,6876.58,6759.16,6646.62,6538.68,6435.05,6335.46,6239.69,6147.51,6058.71,5973.12,5890.56,5810.86,5733.88,5659.47,5587.51,5517.87,5450.44,5385.12,5321.79,5260.38,5200.79,5142.95
6946.82,7079.07,7218.85,7366.81,7523.72,7690.41,7867.85,8057.13,8259.49,8476.33,8709.3,8960.26,9231.39,9525.21,9844.7,10193.3,10575.2,10995.3,11459.5,11974.8,12550,13195.7,13925.3,14755.6,15708.1,16811.1,18102.6,19635.2,21483.7,23756.3,26605.1,30211.5,34670.6,39673.8,44199.6,47038,47923.4,48284.8,46862.8,43410.1,39113.5,34953.8,31328.1,28283.9,25746.2,23620,21821.7,20285.1,18958.9,17804,16789.9,15892.9,15094,14378.4,13733.8,13150.2,12619.5,12134.9,11690.6,11281.8,10904.5,10555.2,10230.8,9928.82,9646.96,9383.27,9136.05,8903.79,8685.16,8478.99,8284.23,8099.95,7925.31,7759.57,7602.05,7452.16,7309.34,7173.09,7042.96,6918.54,6799.47,6685.38,6575.98,6470.97,6370.09,6273.1,6179.76,6089.87,6003.24,5919.7,5839.07,5761.2,5685.95,5613.18,5542.78,5474.62,5408.6,5344.61,5282.57,5222.37,5163.95
6919.52,7050.11,7188.07,7334.04,7488.76,7653.05,7827.84,8014.17,8213.25,8426.44,8655.31,8901.67,9167.6,9455.52,9768.28,10109.2,10482.2,10892,11344.1,11845.3,12403.8,13029.5,13735,14535.9,15452.2,16509.9,17743.7,19201.1,20949.3,23084.8,25744.4,29100.1,33279.3,38111.5,42781.5,46067.7,47415.1,47821.3,47116,44241.7,40167.6,35983.7,32239.7,29063.8,26408.9,24185.5,22308.2,20707.4,19328.7,18130.3,17080,16152.4,15327.7,14589.8,13926,13325.8,12780.5,12283.1,11827.5,11408.6,11022.4,10665,10333.4,10024.9,9737.13,9468.09,9215.99,8979.27,8756.56,8546.63,8348.42,8160.95,7983.37,7814.9,7654.85,7502.6,7357.57,7219.28,7087.23,6961.02,6840.26,6724.6,6613.71,6507.31,6405.11,6306.87,6212.35,6121.35,6033.67,5949.13,5867.55,5788.78,5712.68,5639.1,5567.92,5499.02,5432.3,5367.64,5304.95,5244.14,5185.12
6892.57,7021.53,7157.71,7301.74,7454.33,7616.27,7788.46,7971.92,8167.81,8377.45,8602.34,8844.23,9105.12,9387.33,9693.58,10027.1,10391.5,10791.4,11232,11719.6,12262.1,12868.9,13551.5,14324.7,15206.9,16222.2,17402.3,18790.2,20446.4,22457.1,24945.4,28071.1,31978.8,36601.7,41321.8,44985.8,46806.6,47217,47146,44914.2,41162.6,37015,33175.5,29872,27097.6,24773.1,22813.1,21144.8,19711,18467.2,17379,16419.6,15567.8,14806.9,14123.1,13505.6,12945.3,12434.6,11967.3,11538.1,11142.6,10777,10438,10122.8,9828.93,9554.39,9297.29,9056,8829.1,8615.34,8413.59,8222.86,8042.27,7871.01,7708.37,7553.71,7406.45,7266.06,7132.07,7004.03,6881.55,6764.28,6651.89,6544.05,6440.51,6341.01,6245.3,6153.17,6064.42,5978.86,5896.32,5816.64,5739.66,5665.26,5593.29,5523.65,5456.21,5390.87,5327.52,5266.09,5206.48
6865.97,6993.34,7127.78,7269.9,7420.4,7580.04,7749.71,7930.37,8123.15,8329.33,8550.35,8787.9,9043.9,9320.58,9620.55,9946.84,10303,10693.4,11122.9,11597.6,12124.8,12713.5,13374.4,14121.4,14971.5,15947,17076.9,18400.5,19972.2,21869.3,24201.9,27117.4,30766.9,35157.7,39847.3,43806.3,46089.2,46675.4,46966,45404.1,42071.7,38033.1,34129.8,30707.3,27812.6,25383.5,23336.9,21598,20106.5,18815.1,17687.3,16694.6,15814.7,15029.8,14325.4,13690,13114,12589.6,12110.3,11670.4,11265.4,10891.2,10544.5,10222.4,9922.4,9642.22,9379.98,9134,8902.82,8685.12,8479.76,8285.7,8102.02,7927.92,7762.64,7605.52,7455.98,7313.45,7177.47,7047.57,6923.35,6804.44,6690.5,6581.22,6476.32,6375.52,6278.6,6185.32,6095.48,6008.89,5925.38,5844.77,5766.91,5691.67,5618.91,5548.5,5480.33,5414.3,5350.3,5288.23,5228.02
6839.7,6965.51,7098.24,7238.5,7386.96,7544.36,7711.56,7889.49,8079.24,8282.05,8499.32,8732.65,8983.91,9255.23,9549.12,9868.47,10216.7,10597.9,11016.8,11479.1,11991.7,12563.1,13203.4,13925.5,14745.4,15683.5,16766.6,18030.5,19524.3,21317.5,23508.7,26232.5,29639.4,33787.7,38382.2,42548.8,45262.5,46238.4,46600.7,45696.7,42867.7,39019.9,35094.9,31567.3,28553.6,26017.1,23880.5,22067.6,20515.5,19174.3,18005.2,16977.9,16068.7,15258.7,14532.9,13878.9,13286.8,12748.2,12256.4,11805.5,11390.6,11007.7,10653.2,10324,10017.6,9731.6,9464.09,9213.31,8977.74,8756.01,8546.95,8349.48,8162.66,7985.64,7817.66,7658.04,7506.16,7361.46,7223.45,7091.65,6965.65,6845.07,6729.57,6618.82,6512.52,6410.42,6312.26,6217.82,6126.87,6039.24,5954.73,5873.17,5794.42,5718.33,5644.76,5573.58,5504.68,5437.94,5373.27,5310.57,5249.74
6813.77,6938.04,7069.11,7207.55,7354.01,7509.22,7674,7849.26,8036.07,8235.6,8449.21,8678.45,8925.1,9191.23,9479.23,9791.88,10132.5,10504.8,10913.4,11363.9,11862.6,12417.4,13038.2,13736.7,14528,15430.9,16470.2,17678.6,19100.5,20798.5,22861,25410.2,28591.3,32495.9,36946.6,41235.2,44331.1,45723.4,46088,45788.1,43524.8,39954.6,36060.6,32448.3,29320,26674.5,24444.4,22554.3,20938.8,19545.4,18333,17269.6,16329.9,15493.9,14745.8,14072.6,13463.7,12910.5,12405.8,11943.5,11518.5,11126.6,10764,10427.5,10114.5,9822.57,9549.66,9293.96,9053.88,8828.03,8615.18,8414.23,8224.19,8044.19,7873.46,7711.28,7557.02,7410.1,7270.01,7136.28,7008.47,6886.19,6769.09,6656.84,6549.14,6445.7,6346.29,6250.66,6158.59,6069.89,5984.37,5901.86,5822.21,5745.25,5670.85,5598.89,5529.25,5461.8,5396.45,5333.1,5271.65
6788.16,6910.93,7040.36,7177.02,7321.52,7474.59,7637.01,7809.68,7993.61,8189.95,8399.99,8625.26,8867.44,9128.54,9410.84,9717.02,10050.2,10414,10812.8,11251.8,11737.2,12276.3,12878.4,13554.6,14318.8,15188.6,16186.9,17343.5,18698.9,20309.4,22254.4,24644.6,27617.2,31283.2,35556.4,39888.5,43304.9,45115.1,45491.8,45685.9,44021.4,40814,37013.8,33345.3,30110.5,27355.6,25029.2,23058.6,21376.8,19928.9,18671.3,17570.1,16598.6,15735.6,14964.3,14271.2,13645,13076.6,12558.6,12084.5,11649.1,11247.9,10876.9,10533,10213.2,9915.18,9636.72,9375.96,9131.28,8901.21,8684.48,8479.96,8286.63,8103.59,7930.04,7765.25,7608.56,7459.38,7317.18,7181.47,7051.82,6927.81,6809.09,6695.31,6586.17,6481.38,6380.69,6283.85,6190.64,6100.86,6014.32,5930.84,5850.26,5772.42,5697.2,5624.44,5554.04,5485.87,5419.83,5355.82,5293.74
6762.87,6884.17,7012,7146.9,7289.5,7440.47,7600.59,7770.72,7951.85,8145.07,8351.66,8573.05,8810.9,9067.12,9343.9,9643.81,9969.82,10325.5,10714.8,11142.9,11615.4,12139.5,12723.8,13378.7,14117.3,14955.9,15915.6,17023.9,18317.6,19847.6,21685.3,23930.5,26711.2,30148.2,34222.8,38530.9,42197.1,44409.9,45090,45408.1,44343,41574.5,37938.8,34251.1,30922.7,28060.2,25635.3,23581.2,21830.2,20325.2,19020.4,17879.7,16875.1,15984,15188.7,14474.8,13830.6,13246.6,12714.8,12228.6,11782.4,11371.6,10992.1,10640.5,10313.8,10009.5,9725.3,9459.36,9209.95,8975.56,8754.86,8546.69,8350,8163.85,7987.42,7819.96,7660.79,7509.31,7364.96,7227.24,7095.7,6969.93,6849.55,6734.22,6623.62,6517.45,6415.46,6317.39,6223.03,6132.15,6044.57,5960.1,5878.59,5799.86,5723.79,5650.23,5579.06,5510.16,5443.42,5378.74,5316.03
6737.89,6857.75,6984,7117.2,7257.93,7406.85,7564.72,7732.38,7910.76,8100.95,8304.17,8521.8,8755.44,9006.92,9278.36,9572.2,9891.31,10239,10619.3,11036.8,11497.1,12006.8,12574.1,13208.8,13923.1,14732.3,15655.8,16718.9,17955.3,19410.9,21150.3,23263.1,25867.9,29088.1,32953.1,37182.3,41024.7,43609,44649.8,44983,44483.7,42213.2,38817.6,35156.6,31753.2,28787.6,26263.1,24122.5,22299.4,20734.8,19380.6,18198.9,17159.6,16239.3,15419,14683.6,14020.9,13420.6,12874.6,12375.9,11918.6,11497.9,11109.6,10750,10416.2,10105.4,9815.43,9544.19,9289.93,9051.11,8826.35,8614.44,8414.31,8224.99,8045.62,7875.44,7713.74,7559.9,7413.35,7273.58,7140.13,7012.57,6890.5,6773.59,6661.5,6553.93,6450.62,6351.3,6255.76,6163.77,6075.13,5989.66,5907.19,5827.57,5750.63,5676.26,5604.31,5534.67,5467.22,5401.87,5338.51
6713.22,6831.66,6956.38,7087.89,7226.79,7373.71,7529.39,7694.62,7870.34,8057.57,8257.51,8471.48,8701.03,8947.91,9214.17,9502.14,9814.58,10154.7,10526.2,10933.6,11382.1,11878.1,12429.1,13044.6,13735.8,14517.2,15406.6,16427.3,17610.3,18997.3,20646.2,22638.3,25081.9,28098.9,31751.2,35859.7,39806.5,42718.5,44131.8,44450.6,44447.1,42710.8,39630.2,36050.3,32597.3,29536.3,26912.4,24683.1,22785,21158.2,19752.5,18527.8,17452.6,16501.8,15655.5,14897.9,14215.8,13598.8,13038.1,12526.4,12057.7,11626.8,11229.4,10861.7,10520.5,10203.2,9907.16,9630.47,9371.24,9127.88,8898.96,8683.24,8479.59,8287.02,8104.66,7931.69,7767.4,7611.16,7462.37,7320.52,7185.11,7055.72,6931.94,6813.42,6699.81,6590.82,6486.16,6385.58,6288.84,6195.71,6106,6019.52,5936.08,5855.54,5777.74,5702.53,5629.79,5559.4,5491.24,5425.2,5361.18
6688.85,6805.9,6929.11,7058.98,7196.09,7341.05,7494.57,7657.45,7830.56,8014.91,8211.65,8422.06,8647.63,8890.05,9151.28,9433.58,9739.57,10072.3,10435.4,10833,11270.2,11753,12288.6,12885.7,13555.1,14310,15167.3,16148.4,17281.5,18604.8,20170.6,22052.1,24348.1,27176.1,30618.6,34576.2,38561.6,41747.2,43528.9,43978.5,44246,43053.1,40355.8,36918.6,33448.6,30304.2,27582.8,25263.2,23287.6,21595.9,20136.4,18866.9,17754.2,16771.7,15898.5,15117.7,14415.6,13781.2,13205.3,12680.3,12199.8,11758.4,11351.6,10975.5,10626.8,10302.7,10000.5,9718.24,9453.92,9205.91,8972.74,8753.1,8545.85,8349.97,8164.53,7988.72,7821.8,7663.11,7512.04,7368.05,7230.65,7099.4,6973.87,6853.71,6738.56,6628.12,6522.1,6420.23,6322.27,6227.99,6137.19,6049.67,5965.26,5883.79,5805.1,5729.05,5655.51,5584.36,5515.47,5448.73,5384.05
6664.77,6780.46,6902.19,7030.45,7165.8,7308.85,7460.27,7620.84,7791.41,7972.95,8166.57,8373.52,8595.22,8833.31,9089.67,9366.47,9666.21,9991.84,10346.8,10735,11161.4,11631.6,12152.4,12732,13380.6,14110.5,14937.4,15881.2,16967.8,18231.9,19721.1,21501.1,23662.1,26315,29554.4,33341.7,37308.7,40707.4,42840.1,43595.1,43901.1,43232.9,40974.4,37745.6,34298.9,31088,28273.7,25863,23807.4,22048.4,20532.8,19216.6,18064.7,17049.3,16148,15343.2,14620.4,13968.1,13376.4,12837.6,12344.9,11892.7,11476.3,11091.6,10735.2,10404,10095.5,9807.53,9537.99,9285.22,9047.68,8824.05,8613.12,8413.84,8225.27,8046.56,7876.95,7715.75,7562.36,7416.2,7276.77,7143.62,7016.31,6894.48,6777.77,6665.85,6558.44,6455.25,6356.06,6260.61,6168.7,6080.13,5994.73,5912.31,5832.72,5755.82,5681.47,5609.54,5539.91,5472.47,5407.12
6640.98,6755.33,6875.61,7002.3,7135.93,7277.1,7426.47,7584.78,7752.87,7931.67,8122.25,8325.83,8543.77,8777.65,9029.28,9300.75,9594.46,9913.21,10260.3,10639.5,11055.5,11513.5,12020.2,12583.1,13211.9,13918.1,14716.3,15625,16668.1,17877.1,19295.4,20982.3,23019.6,25511,28556.6,32162.5,36064.4,39613.8,42068.1,43151.2,43442.3,43251,41468.5,38514.1,35138.1,31883.3,28983.5,26482.3,24345,22516.2,20942.1,19577.3,18384.6,17334.8,16404.4,15574.6,14830.4,14159.4,13551.5,12998.5,12493.2,12029.8,11603.5,11209.9,10845.5,10507.2,10192.3,9898.37,9623.49,9365.83,9123.83,8896.1,8681.41,8478.67,8286.89,8105.22,7932.86,7769.11,7613.33,7464.96,7323.47,7188.38,7059.26,6935.73,6817.42,6704,6595.18,6490.66,6390.21,6293.57,6200.54,6110.9,6024.49,5941.11,5860.61,5782.85,5707.67,5634.96,5564.58,5496.43,5430.4
6617.48,6730.51,6849.37,6974.51,7106.46,7245.8,7393.16,7549.26,7714.92,7891.05,8078.67,8278.96,8493.25,8723.04,8970.09,9236.38,9524.25,9836.37,10175.9,10546.4,10952.3,11398.8,11891.8,12438.8,13048.7,13732.5,14503.6,15379.2,16381.4,17539.1,18891.7,20492.9,22416.9,24759.5,27622.1,31042.4,34842.7,38482.5,41218.8,42634.2,42921.1,43115.9,41824.6,39205.8,35954.1,32684.5,29710.2,27120.7,24900.4,22999.6,21364.9,19949.2,18714.1,17628.6,16667.8,15812.2,15045.7,14355.4,13730.8,13163,12644.7,12169.9,11733.3,11330.6,10958,10612.3,10290.7,9990.8,9710.44,9447.78,9201.21,8969.28,8750.74,8544.45,8349.41,8164.7,7989.54,7823.19,7664.99,7514.36,7370.75,7233.7,7102.74,6977.48,6857.54,6742.6,6632.33,6526.46,6424.73,6326.88,6232.7,6141.99,6054.55,5970.2,5888.77,5810.13,5734.12,5660.61,5589.47,5520.6,5453.87
6594.25,6706,6823.46,6947.09,7077.39,7214.93,7360.32,7514.27,7677.56,7851.08,8035.82,8232.91,8443.63,8669.45,8912.04,9173.33,9455.53,9761.23,10093.4,10455.6,10851.9,11287.1,11767.2,12299,12890.9,13553.2,14298.6,15143,16106.9,17216.7,18508.3,20030.5,21850.3,24056.2,26747.4,29982.9,33655,37329.6,40300.8,42040.9,42566.6,42843.3,42034.9,39803.2,36733.2,33484,30450.7,27777.3,25473.7,23499,21801.3,20332.9,19053.6,17930.8,16938.6,16056.1,15266.5,14556.2,13914.2,13331.2,12799.5,12312.9,11865.8,11453.7,11072.7,10719.4,10391,10084.9,9798.87,9531.09,9279.83,9043.62,8821.14,8611.22,8412.83,8225.04,8047.01,7878,7717.33,7564.39,7418.64,7279.58,7146.74,7019.72,6898.13,6781.63,6669.9,6562.65,6459.62,6360.54,6265.21,6173.39,6084.91,5999.57,5917.21,5837.67,5760.81,5686.49,5614.59,5544.98,5477.55
6571.29,6681.78,6797.87,6920.01,7048.7,7184.48,7327.95,7479.79,7640.77,7811.74,7993.66,8187.64,8394.89,8616.85,8855.11,9111.54,9388.26,9687.75,10012.9,10367,10754,11178.5,11646.1,12163.3,12738.1,13380.1,14101.1,14916,15843.7,16908.7,18143.6,19592.8,21316.9,23397,25928.5,28983.8,32509.6,36170.8,39325,41371.6,42182.4,42455.8,42098.1,40290.4,37460.2,34273,31201,28450.9,26064.8,24014.6,22252,20728.7,19403.4,18241.9,17216.9,16306.4,15492.9,14762,14102,13503.3,12957.8,12458.9,12001,11579.2,11189.6,10828.5,10493.1,10180.6,9888.82,9615.78,9359.73,9119.13,8892.62,8679,8477.19,8286.24,8105.28,7933.56,7770.37,7615.08,7467.14,7326.03,7191.28,7062.46,6939.19,6821.11,6707.9,6599.25,6494.89,6394.57,6298.05,6205.12,6115.57,6029.23,5945.92,5865.48,5787.76,5712.62,5639.93,5569.58,5501.45
6548.61,6657.85,6772.6,6893.29,7020.39,7154.44,7296.03,7445.81,7604.53,7773.01,7952.19,8143.13,8347.01,8565.21,8799.27,9050.98,9322.39,9615.87,9934.16,10280.5,10658.5,11072.8,11528.4,12031.7,12590.1,13212.6,13910.5,14697.6,15591.3,16614.3,17796.4,19177.9,20813.9,22778.4,25161.7,28043.7,31412.3,35019.8,38304.2,40630.2,41737.2,41985.2,42019.7,40654.9,38119.3,35040.9,31955.8,29139.2,26673.1,24546.6,22717.1,21137,19763.8,18562,17503,16563.6,15725.2,14972.9,14294.3,13679.3,13119.6,12608.1,12139,11707.3,11308.7,10939.7,10597,10278,9980.32,9701.9,9440.94,9195.85,8965.21,8747.8,8542.49,8348.31,8164.37,7989.88,7824.11,7666.44,7516.26,7373.07,7236.36,7105.72,6980.74,6861.05,6746.32,6636.24,6530.54,6428.95,6331.23,6237.17,6146.55,6059.19,5974.91,5893.55,5814.96,5738.99,5665.51,5594.4,5525.55
6526.18,6634.2,6747.64,6866.9,6992.45,7124.81,7264.56,7412.33,7568.84,7734.89,7911.39,8099.36,8299.96,8514.5,8744.48,8991.61,9257.87,9545.53,9857.22,10196,10565.4,10969.8,11413.9,11903.8,12446.6,13050.7,13726.6,14487.3,15349,16332.5,17465.2,18784,20338.7,22196.8,24443,27160.2,30366.6,33888.8,37252.2,39821.9,41224.9,41570.6,41811.2,40888.6,38694.9,35775.6,32708.7,29839.5,27297.7,25094.9,23196.9,21558.1,20135.2,18891.6,17797.1,16827.6,15963.5,15189,14491.2,13859.4,13284.9,12760.5,12279.9,11837.9,11430.2,11052.9,10702.8,10377.1,10073.4,9789.47,9523.48,9273.78,9038.93,8817.64,8608.76,8411.29,8224.3,8046.97,7878.58,7718.47,7566.02,7420.69,7282.01,7149.5,7022.77,6901.45,6785.18,6673.65,6566.58,6463.7,6364.77,6269.55,6177.84,6089.45,6004.19,5921.89,5842.41,5765.6,5691.32,5619.45,5549.87
6504.01,6610.84,6722.98,6840.84,6964.87,7095.58,7233.52,7379.32,7533.67,7697.35,7871.24,8056.32,8253.72,8464.7,8690.71,8933.4,9194.66,9476.69,9781.99,10113.5,10474.6,10869.4,11302.6,11779.7,12307.4,12893.9,13548.9,14284.6,15116,16062.5,17149.1,18409.5,19889.1,21649.3,23768.6,26330.5,29374.2,32787.2,36182.4,38955,40644.4,41232.2,41489.7,40988.8,39172.7,36463.7,33451.5,30548.1,27937.2,25659.3,23691.7,21992.3,20518,19230.8,18099.6,17098.9,16208.1,15410.6,14692.8,14043.7,13454,12916.2,12423.7,11971.2,11554,11168.3,10810.6,10478.1,10168.1,9878.52,9607.37,9352.97,9113.8,8888.54,8676.02,8475.17,8285.07,8104.86,7933.79,7771.18,7616.41,7468.92,7328.21,7193.81,7065.31,6942.32,6824.48,6711.48,6603.02,6498.83,6398.66,6302.27,6209.45,6120.01,6033.75,5950.51,5870.13,5792.47,5717.37,5644.72,5574.4
6482.1,6587.75,6698.62,6815.1,6937.65,7066.73,7202.91,7346.78,7499.02,7660.38,7831.72,8013.99,8208.26,8415.78,8637.93,8876.3,9132.72,9409.28,9708.41,10032.9,10386,10771.6,11194.2,11659,12172.4,12742.1,13377.2,14089.1,14891.9,15803.5,16846.9,18053,19463,21132.9,23135.2,25551.4,28435.1,31722.3,35108.3,38039.1,39997,40846.5,41079,40958.4,39541.2,37091.5,34174.9,31260.3,28589.9,26239.3,24201.5,22440,20912.3,19580.1,18410.7,17377.5,16459,15637.7,14899.3,14232.3,13626.9,13075.2,12570.5,12107.1,11680.3,11285.9,10920.4,10580.8,10264.5,9969.08,9692.66,9433.42,9189.84,8960.53,8744.27,8539.98,8346.7,8163.54,7989.74,7824.59,7667.46,7517.76,7374.99,7238.66,7108.35,6983.66,6864.23,6749.73,6639.86,6534.34,6432.91,6335.33,6241.38,6150.87,6063.6,5979.41,5898.12,5819.58,5743.66,5670.23,5599.15
6460.43,6564.93,6674.55,6789.69,6910.77,7038.27,7172.72,7314.7,7464.87,7623.97,7792.82,7972.33,8163.57,8367.72,8586.11,8820.29,9072.01,9343.28,9636.42,9954.13,10299.5,10676.3,11088.6,11541.7,12041.4,12595,13211.1,13900.5,14676.2,15554.9,16557.8,17713.2,19058.6,20645.2,22539.5,24819.8,27548.4,30699.4,34041.4,37085.5,39286.6,40402.8,40620.9,40806,39792.4,37645,34868.4,31970,29252.9,26833.8,24726.2,22901.2,21318.7,19939.7,18730.6,17663.8,16716.6,15870.5,15110.9,14425.3,13803.7,13237.7,12720.4,12245.9,11809.1,11405.8,11032.3,10685.4,10362.5,10061.2,9779.35,9515.18,9267.08,9033.62,8813.55,8605.74,8409.21,8223.05,8046.46,7878.72,7719.17,7567.23,7422.35,7284.06,7151.91,7025.49,6904.44,6788.42,6677.11,6570.23,6467.52,6368.73,6273.64,6182.05,6093.75,6008.58,5926.37,5846.95,5770.19,5695.96,5624.13
6439.01,6542.37,6650.77,6764.59,6884.23,7010.18,7142.93,7283.06,7431.22,7588.1,7754.51,7931.35,8119.63,8320.49,8535.23,8765.33,9012.48,9278.62,9565.98,9877.13,10215.1,10583.3,10985.8,11427.5,11914.1,12452.3,13050.4,13718.3,14468.4,15316,16280.9,17388.9,18674.4,20183.8,21978.4,24132.2,26712.4,29721.6,32991.9,36105.8,38518.6,39898.2,40306,40544.6,39922.5,38111.7,35520.1,32670.2,29922.8,27441.7,25265.5,23376.2,21737.2,20309.9,19059.7,17958,16980.9,16109.3,15327.6,14622.8,13984.5,13403.8,12873.6,12387.5,11940.4,11527.9,11146.2,10791.9,10462.3,10154.9,9867.49,9598.27,9345.54,9107.83,8883.86,8672.47,8472.61,8283.38,8103.95,7933.56,7771.55,7617.32,7470.3,7330.01,7195.99,7067.81,6945.11,6827.54,6714.77,6606.51,6502.5,6402.49,6306.24,6213.54,6124.2,6038.04,5954.89,5874.58,5796.97,5721.93,5649.33
6417.82,6520.07,6627.27,6739.79,6858.03,6982.45,7113.54,7251.87,7398.05,7552.77,7716.8,7891.02,8076.41,8274.07,8485.26,8711.39,8954.11,9215.28,9497.02,9801.83,10132.6,10492.5,10885.6,11316.5,11790.4,12314,12894.8,13542.3,14268,15086.3,16015.3,17079,18308.7,19746.7,21449.2,23485.5,25925,28790.6,31968,35111.4,37700.4,39332.8,39968.6,40192.5,39932.8,38480.8,36117.9,33352.5,30595.4,28061,25818.7,23864.9,22168.2,20690.9,19398.2,18260.2,17252.3,16354.2,15549.6,14825,14169.4,13573.6,13029.9,12532,12074.4,11652.4,11262.2,10900.3,10563.8,10250.2,9957.11,9682.71,9425.24,9183.2,8955.24,8740.17,8536.93,8344.56,8162.22,7989.14,7824.63,7668.05,7518.86,7376.53,7240.6,7110.63,6986.25,6867.1,6752.84,6643.19,6537.86,6436.59,6339.16,6245.35,6154.96,6067.79,5983.68,5902.47,5824,5748.14,5674.75
6396.87,6498.03,6604.05,6715.29,6832.16,6955.08,7084.55,7221.1,7365.34,7517.95,7679.66,7851.33,8033.9,8228.44,8436.17,8658.45,8896.86,9153.2,9429.51,9728.17,10051.9,10404,10788,11208.4,11670.2,12179.7,12744,13372.1,14074.7,14865.2,15760.5,16782.6,17960.2,19332,20949.3,22876.8,25183.4,27906.9,30976.1,34113.7,36840.5,38708.7,39582.6,39775.2,39829.1,38744.5,36649.6,34007.6,31265.3,28689.2,26385,24367.2,22611.7,21083.1,19746.4,18570.9,17530.9,16605.4,15777.1,15032.1,14358.6,13747.1,13189.7,12679.5,12211,11779.4,11380.5,11010.8,10667.2,10347.1,10048.2,9768.52,9506.21,9259.73,9027.7,8808.87,8602.17,8406.61,8221.3,8045.47,7878.4,7719.44,7568.03,7423.62,7285.74,7153.96,7027.87,6907.11,6791.34,6680.27,6573.59,6471.06,6372.43,6277.49,6186.02,6097.83,6012.76,5930.62,5851.28,5774.59,5700.41
6376.16,6476.24,6581.1,6691.09,6806.6,6928.05,7055.93,7190.75,7333.1,7483.64,7643.08,7812.26,7992.08,8183.58,8387.93,8606.47,8840.7,9092.34,9363.39,9656.11,9973.13,10317.5,10692.8,11103.1,11553.3,12049.3,12597.9,13207.4,13888,14652.2,15515.7,16498.7,17627.7,18938,20476.4,22303,24485,27069.8,30020.8,33122.6,35948.6,38029.6,39143.1,39408.6,39621.6,38898.6,37103.9,34625.3,31926.1,29323.3,26963.2,24882.7,23067.8,21486.6,20104.4,18890.1,17817,16863,16010.3,15244,14552.1,13924.5,13352.8,12830.1,12350.4,11908.8,11500.9,11123.2,10772.4,10445.7,10140.9,9855.75,9588.48,9337.46,9101.25,8878.6,8668.36,8469.53,8281.2,8102.56,7932.88,7771.49,7617.81,7471.29,7331.44,7197.8,7069.97,6947.58,6830.28,6717.75,6609.71,6505.89,6406.05,6309.95,6217.39,6128.17,6042.11,5959.05,5878.82,5801.28,5726.3
6355.67,6454.69,6558.42,6667.18,6781.36,6901.38,7027.69,7160.81,7301.31,7449.82,7607.05,7773.79,7950.93,8139.47,8340.54,8555.42,8785.59,9032.68,9298.62,9585.58,9896.09,10233.1,10599.9,11000.5,11439.6,11922.6,12456.1,13048,13707.7,14446.9,15280.4,16226.7,17310.2,18563.1,20028.4,21761.6,23827.1,26278.3,29105,32146.8,35034.8,37300.6,38648.6,39108.5,39324.3,38942.9,37470.9,35194.6,32570.4,29959.3,27551.3,25410.8,23536.5,21901.5,20472.6,19218.2,18110.7,17127.3,16249.3,15461.1,14750.1,14105.8,13519.5,12983.8,12492.6,12040.7,11623.7,11237.7,10879.4,10546.1,10235.1,9944.42,9672.07,9416.4,9175.93,8949.36,8735.51,8533.34,8341.92,8160.42,7988.08,7824.22,7668.23,7519.55,7377.69,7242.16,7112.57,6988.51,6869.65,6755.65,6646.22,6541.09,6440.01,6342.74,6249.07,6158.81,6071.75,5987.74,5906.61,5828.22,5752.42
6335.4,6433.39,6535.99,6643.55,6756.43,6875.03,6999.81,7131.27,7269.96,7416.49,7571.55,7735.91,7910.43,8096.08,8293.95,8505.29,8731.5,8974.17,9235.15,9516.54,9820.74,10150.6,10509.2,10900.5,11328.9,11799.5,12318.6,12893.6,13533.4,14248.9,15053.9,15965.6,17006.5,18206,19603.5,21250.1,23206.9,25530.4,28230.6,31193.2,34109,36528.4,38100.2,38770.8,38956.2,38881.3,37743.1,35704.8,33189.9,30592.3,28147.3,25950.6,24017.5,22328.1,20851.2,19555.3,18412.3,17398.5,16494.2,15683.4,14952.7,14291.2,13689.7,13140.7,12637.7,12175.3,11748.8,11354.3,10988.4,10648.2,10330.9,10034.6,9757,9496.58,9251.76,9021.17,8803.63,8598.06,8403.49,8219.06,8044.01,7877.63,7719.29,7568.42,7424.5,7287.05,7155.66,7029.91,6909.46,6793.96,6683.13,6576.67,6474.33,6375.87,6281.08,6189.75,6101.68,6016.71,5934.67,5855.41,5778.78
6315.35,6412.32,6513.82,6620.2,6731.8,6849.02,6972.3,7102.13,7239.04,7383.63,7536.57,7698.61,7870.57,8053.4,8248.16,8456.04,8678.4,8916.78,9172.96,9448.93,9747.03,10069.9,10420.7,10803.1,11221.1,11679.8,12185.1,12743.9,13364.7,14057.8,14835.9,15715,16715.8,17865.5,19199.9,20766.1,22621.7,24824.2,27398.1,30267.6,33180.5,35720.7,37500.1,38386.7,38551.5,38721.4,37916,36145.8,33775.6,31216.6,28748,26500.9,24510.6,22766.3,21240.3,19901.7,18722,17676.7,16745.3,15911.1,15160,14480.8,13863.7,13301,12785.8,12312.5,11876.3,11473.1,11099.4,10752,10428.4,10126.2,9843.31,9578.03,9328.75,9094.07,8872.76,8663.7,8465.91,8278.51,8100.69,7931.74,7771,7617.89,7471.88,7332.49,7199.25,7071.79,6949.72,6832.7,6720.44,6612.62,6509.01,6409.35,6313.41,6220.99,6131.9,6045.95,5962.99,5882.85,5805.39
6295.52,6391.48,6491.91,6597.12,6707.46,6823.32,6945.14,7073.37,7208.54,7351.24,7502.11,7661.87,7831.34,8011.42,8203.14,8407.65,8626.27,8860.48,9111.98,9382.72,9674.91,9991.13,10334.3,10708,11116.1,11563.4,12055.4,12598.8,13201.5,13873.2,14625.7,15474,16437.2,17540.2,18816,20307.7,22069.1,24157.4,26607.2,29374,32258,34885.7,36851.8,37953.4,38270.2,38474.4,37988.6,36508.5,34317.8,31825.7,29350,27060,25014.9,23216,21640,20257.6,19040,17962.1,17002.7,16144.3,15372.2,14674.6,14041.5,13464.6,12936.8,12452.4,12006.3,11594.1,11212.4,10857.8,10527.5,10219.3,9931.02,9660.76,9406.92,9168.06,8942.89,8730.29,8529.22,8338.77,8158.13,7986.55,7823.37,7667.99,7519.85,7378.46,7243.37,7114.15,6990.44,6871.88,6758.15,6648.97,6544.05,6443.16,6346.07,6252.55,6162.42,6075.48,5991.58,5910.54,5832.23
6275.9,6370.87,6470.24,6574.31,6683.42,6797.95,6918.32,7044.98,7178.45,7319.29,7468.13,7625.68,7792.71,7970.1,8158.86,8360.1,8575.07,8805.23,9052.2,9317.85,9604.32,9914.08,10250,10615.3,11013.8,11450.1,11929.4,12458,13043.4,13694.7,14423,15242.3,16170,17229.4,18450.4,19872.8,21546.7,23527.6,25857.1,28515.1,31348.9,34032.2,36160.3,37471.1,37972.1,38155,37963.1,36786,34807.1,32412.1,29948.8,27625.7,25529.8,23676.9,22050.4,20623.1,19366.5,18255,17266.6,16383.1,15589.4,14872.9,14223.2,13631.7,13091,12595.1,12138.7,11717.4,11327.4,10965.3,10628.4,10314,10020.2,9744.81,9486.31,9243.16,9014.06,8797.83,8593.41,8399.86,8216.34,8042.09,7876.42,7718.72,7568.41,7424.99,7288,7157,7031.62,6911.48,6796.28,6685.7,6579.47,6477.33,6379.06,6284.42,6193.23,6105.3,6020.44,5938.5,5859.33
6256.48,6350.49,6448.81,6551.76,6659.66,6772.88,6891.84,7016.96,7148.77,7287.79,7434.65,7590.02,7754.67,7929.45,8115.32,8313.36,8524.79,8751,8993.57,9254.29,9535.22,9838.71,10167.5,10524.7,10914.1,11339.8,11806.9,12321.4,12890.3,13522.2,14227.5,15019.1,15913.5,16931.8,18101.8,19459.8,21052.2,22932.6,25146.4,27692.7,30459.2,33168.6,35431.6,36940.8,37635,37783.8,37845.2,36973.6,35234.3,32967.8,30539.3,28195.4,26054,24148.7,22471.5,20998.4,19701.7,18555.4,17537.2,16627.8,15811.7,15075.6,14408.9,13802.3,13248.3,12740.6,12273.7,11843,11444.5,11074.8,10731,10410.4,10110.8,9830.19,9566.92,9319.41,9086.29,8866.35,8658.5,8461.79,8275.33,8098.35,7930.15,7770.08,7617.57,7472.09,7333.16,7200.36,7073.27,6951.53,6834.82,6722.82,6615.25,6511.85,6412.38,6316.62,6224.35,6135.4,6049.57,5966.72,5886.67
6237.28,6330.33,6427.63,6529.47,6636.18,6748.12,6865.68,6989.31,7119.48,7256.72,7401.64,7554.89,7717.21,7889.43,8072.48,8267.41,8475.39,8697.77,8936.06,9191.99,9467.54,9764.98,10086.9,10436.4,10816.8,11232.4,11687.8,12188.7,12741.8,13355.2,14038.6,14804.1,15667,16646.8,17769,19067,20583.7,22370.1,24473.6,26907.6,29593.9,32303,34672.3,36364.8,37254.5,37457.6,37643.8,37069.4,35591.2,33484.4,31115.6,28765.7,26585.8,24630.7,22903.1,21383.5,20045.7,18863.7,17814.5,16878.5,16039.2,15283,14598.6,13976.6,13408.9,12889.1,12411.4,11971,11563.8,11186.2,10835.3,10508.3,10202.8,9916.94,9648.8,9396.81,9159.58,8935.86,8724.52,8524.57,8335.12,8155.37,7984.58,7822.1,7667.34,7519.76,7378.86,7244.21,7115.39,6992.03,6873.79,6760.35,6651.42,6546.74,6446.05,6349.14,6255.78,6165.79,6078.99,5995.2,5914.27
6218.27,6310.38,6406.67,6507.43,6612.98,6723.66,6839.86,6962.01,7090.57,7226.07,7369.09,7520.27,7680.31,7850.04,8030.34,8222.23,8426.85,8645.5,8879.63,9130.91,9401.25,9692.83,10008.1,10350.1,10722,11127.7,11571.9,12059.8,12597.8,13193.5,13856,14596.8,15429.9,16373.5,17450.9,18693,20139.3,21837.8,23836.6,26159.6,28756.6,31442.7,33889.8,35746.7,36829.7,37190.1,37370.2,37074.7,35871.3,33953.3,31671.1,29332.8,27123.4,25122.1,23344.9,21778.5,20398.6,19179.9,18098.9,17135.3,16272.2,15495.2,14792.6,14154.6,13572.9,13040.5,12551.7,12101.4,11685.2,11299.7,10941.5,10607.9,10296.4,10005.1,9731.95,9475.39,9233.97,9006.37,8791.47,8588.23,8395.72,8213.13,8039.71,7874.78,7717.73,7568,7425.11,7288.58,7158,7032.99,6913.19,6798.28,6687.97,6581.98,6480.06,6381.98,6287.52,6196.48,6108.68,6023.95,5942.12
6199.46,6290.65,6385.95,6485.64,6590.04,6699.48,6814.35,6935.05,7062.05,7195.84,7337,7486.14,7643.97,7811.26,7988.87,8177.81,8379.15,8594.17,8824.25,9071.03,9336.31,9622.2,9931.1,10265.8,10629.4,11025.7,11459.1,11934.5,12458,13036.8,13679.5,14396.8,15201.8,16111.2,17146.6,18336.4,19717.1,21333.6,23233.7,25448.3,27950,30594.1,33091.4,35091,36360.7,36892.6,37039.8,36993.6,36069.9,34366.4,32198.8,29891.9,27664.1,25621.7,23796.6,22183.2,20760.7,19504.3,18390.5,17398.5,16510.6,15712.2,14990.9,14336.4,13740.2,13195,12694.8,12234.2,11808.9,11415.1,11049.5,10709.1,10391.6,10094.6,9816.41,9555.18,9309.46,9077.92,8859.38,8652.77,8457.15,8271.67,8095.56,7928.12,7768.74,7616.84,7471.91,7333.47,7201.1,7074.41,6953.03,6836.63,6724.91,6617.6,6514.43,6415.16,6319.58,6227.47,6138.66,6052.97,5970.23
6180.85,6271.13,6365.46,6464.1,6567.37,6675.6,6789.15,6908.44,7033.89,7166.02,7305.35,7452.51,7608.16,7773.07,7948.07,8134.11,8332.27,8543.75,8769.9,9012.29,9272.67,9553.05,9855.74,10183.4,10539.1,10926.3,11349.2,11812.6,12322.3,12885,13508.8,14203.7,14981.9,15859.1,16855.2,17996.1,19315.6,20855.7,22662.7,24772.6,27175.7,29762.5,32284.5,34403,35849,36557.4,36680.6,36832.9,36184.7,34716.3,32691.1,30437.8,28205,26128,24257.5,22597.6,21131.8,19836.9,18689.4,17668.1,16754.8,15934.2,15193.6,14522.2,13911,13352.6,12840.6,12369.6,11934.9,11532.7,11159.4,10812.1,10488.3,10185.6,9902.19,9636.19,9386.09,9150.52,8928.25,8718.21,8519.41,8330.99,8152.14,7982.15,7820.4,7666.28,7519.27,7378.89,7244.7,7116.3,6993.31,6875.39,6762.25,6653.59,6549.14,6448.67,6351.95,6258.77,6168.93,6082.27,5998.6
6162.42,6251.81,6345.18,6442.8,6544.96,6652,6764.26,6882.15,7006.1,7136.58,7274.14,7419.35,7572.88,7735.46,7907.9,8091.13,8286.18,8494.21,8716.54,8954.67,9210.29,9485.33,9782.01,10102.9,10450.8,10829.3,11242.2,11694.1,12190.5,12737.7,13343.5,14017.1,14770,15616.8,16575.8,17671,18933.4,20402.1,22121.8,24131.2,26434.4,28952.2,31476.1,33688.8,35297,36182.5,36427.9,36601.6,36216.1,34996.8,33140.4,30964.6,28742.5,26639.2,24726.7,23021.3,21512.1,20177.8,18995.7,17944.2,17004.8,16161.4,15400.9,14712,14085.5,13513.5,12989.4,12507.5,12063.2,11652.3,11271.2,10916.9,10586.6,10278.1,9989.33,9718.45,9463.86,9224.17,8998.12,8784.57,8582.53,8391.1,8209.45,8036.88,7872.7,7716.32,7567.2,7424.85,7288.8,7158.66,7034.03,6914.58,6799.99,6689.96,6584.22,6482.53,6384.65,6290.37,6199.5,6111.84,6027.24
6144.19,6232.7,6325.12,6421.73,6522.81,6628.67,6739.67,6856.19,6978.66,7107.54,7243.35,7386.66,7538.11,7698.41,7868.36,8048.84,8240.86,8445.54,8664.15,8898.13,9149.13,9418.99,9709.84,10024.1,10364.7,10734.7,11137.9,11578.8,12062.4,12594.8,13183.3,13836.7,14565.6,15383.6,16307.7,17359.9,18569,19971.2,21609,23522.6,25726.5,28166.6,30672.3,32954.6,34708.2,35767.3,36163.1,36311.9,36167,35203.4,33539.4,31466,29272.4,27152.9,25203.3,23454,21901.3,20527.2,19309.6,18227.2,17260.7,16393.8,15612.7,14905.9,14263.5,13677.5,13141,12648.2,12193.9,11774.1,11385,11023.4,10686.6,10372.1,10077.9,9801.97,9542.81,9298.92,9068.98,8851.86,8646.51,8452.01,8267.53,8092.3,7925.66,7766.98,7615.72,7471.35,7333.42,7201.5,7075.22,6954.2,6838.13,6726.71,6619.66,6516.73,6417.67,6322.28,6230.36,6141.7,6056.15
6126.14,6213.78,6305.28,6400.89,6500.9,6605.61,6715.37,6830.56,6951.57,7078.88,7212.98,7354.43,7503.84,7661.92,7829.43,8007.23,8196.29,8397.7,8612.69,8842.65,9089.15,9353.99,9639.2,9947.14,10280.5,10642.3,11036.3,11466.5,11937.9,12456.1,13028.2,13662.2,14368.3,15159,16050.2,17062.1,18221.3,19561.4,21122.5,22945.2,25051.5,27408.1,29878.8,32206.7,34086.5,35312.5,35866.7,35980.5,36042.4,35333.6,33881.3,31935.3,29790,27666.4,25685.7,23894.9,22299.3,20885,19631.2,18517,17522.7,16631.6,15829.4,15104,14445.4,13845,13295.7,12791.5,12327.1,11898.1,11500.8,11131.8,10788.2,10467.6,10167.8,9886.79,9622.95,9374.76,9140.87,8920.1,8711.38,8513.75,8326.37,8148.44,7979.29,7818.27,7664.82,7518.4,7378.55,7244.84,7116.86,6994.25,6876.69,6763.85,6655.47,6551.28,6451.03,6354.51,6261.51,6171.84,6085.32
6108.27,6195.07,6285.65,6380.28,6479.24,6582.82,6691.37,6805.23,6924.83,7050.59,7183.01,7322.64,7470.07,7625.97,7791.1,7966.28,8152.46,8350.69,8562.15,8788.19,9030.32,9290.28,9570.03,9871.81,10198.2,10552.2,10937.2,11357.1,11816.7,12321.4,12877.7,13493.3,14177.7,14942.5,15802.6,16776.7,17889.2,19171.2,20660.5,22397.2,24408.6,26678.2,29100.2,31451.6,33436.9,34819.8,35535,35688.7,35849.9,35387,34160.6,32365.7,30290,28176.4,26172.2,24343.3,22705.9,21251.1,19960.6,18813.7,17790.9,16874.9,16050.9,15306.4,14631,14015.9,13453.5,12937.5,12462.7,12024.4,11618.6,11242,10891.5,10564.7,10259.1,9972.93,9704.31,9451.73,9213.8,8989.3,8777.14,8576.32,8385.98,8205.31,8033.6,7870.19,7714.51,7566.01,7424.21,7288.67,7158.97,7034.75,6915.66,6801.39,6691.65,6586.18,6484.72,6387.06,6292.97,6202.27,6114.78
6090.58,6176.54,6266.23,6359.9,6457.82,6560.3,6667.64,6780.22,6898.41,7022.67,7153.45,7291.29,7436.77,7590.55,7753.34,7925.97,8109.34,8304.46,8512.49,8734.72,8972.61,9227.84,9502.28,9798.1,10117.8,10464.1,10840.5,11250.6,11698.9,12190.5,12731.7,13329.7,13993.4,14733.8,15564.4,16502.9,17571.5,18799.3,20221.5,21877.1,23796.9,25977.7,28340.4,30695.3,32764.4,34291.6,35166.8,35449.3,35598.8,35365.5,34372.7,32750.6,30766.8,28679.1,26660.6,24798.1,23120.5,21625.5,20297.8,19117.6,18065.5,17123.8,16277.4,15513.3,14820.6,14190.2,13614.4,13086.4,12600.9,12153,11738.6,11354.1,10996.6,10663.3,10351.9,10060.4,9786.9,9529.84,9287.79,9059.49,8843.81,8639.74,8446.39,8262.92,8088.6,7922.76,7764.81,7614.19,7470.41,7333,7201.56,7075.69,6955.06,6839.33,6728.22,6621.44,6518.76,6419.93,6324.74,6233,6144.51
6073.07,6158.2,6247.01,6339.74,6436.64,6538.02,6644.19,6755.5,6872.33,6995.1,7124.27,7260.36,7403.94,7555.64,7716.16,7886.29,8066.91,8259.01,8463.69,8682.21,8915.98,9166.61,9435.91,9725.95,10039.1,10378.1,10746.1,11146.7,11584.1,12063.3,12590,13171.2,13815.2,14532.2,15335.1,16239.9,17267.5,18444.4,19803.7,21383,23215.2,25307,27602.2,29943.1,32074.7,33730.9,34762.3,35185.6,35301.6,35272.9,34515.1,33084,31214.3,29170.3,27148.5,25258.1,23542.5,22008,20642.8,19428.7,18346.5,17378.5,16509,15724.7,15014.3,14368.2,13778.5,13238.2,12741.7,12283.9,11860.6,11468.2,11103.5,10763.6,10446.2,10149.3,9870.76,9609.11,9362.85,9130.67,8911.41,8704.03,8507.59,8321.27,8144.3,7975.99,7815.73,7662.95,7517.15,7377.85,7244.62,7117.09,6994.88,6877.67,6765.16,6657.07,6553.14,6453.13,6356.82,6264.02,6174.52
6055.74,6140.05,6227.99,6319.79,6415.7,6516,6621.02,6731.08,6846.57,6967.88,7095.48,7229.85,7371.57,7521.23,7679.53,7847.22,8025.17,8214.31,8415.74,8630.65,8860.41,9106.56,9370.87,9655.32,9962.19,10294.1,10654,11045.5,11472.4,11939.5,12452.4,13017.5,13642.7,14337.6,15114.1,15987.2,16976.1,18105.4,19405.9,20913.5,22662,24666,26888,29199.9,31373.2,33141.5,34322.4,34891.4,34981.4,35115.3,34586.9,33360.6,31626.6,29645.3,27632.9,25721.4,23971.2,22398.2,20995.5,19747,18634.1,17639,16745.8,15940.7,15212,14549.8,13945.8,13392.9,12885.1,12417.2,11984.9,11584.3,11212.1,10865.5,10542.1,10239.5,9955.89,9689.56,9439,9202.86,8979.94,8769.18,8569.62,8380.38,8200.71,8029.88,7867.27,7712.3,7564.44,7423.21,7288.18,7158.95,7035.14,6916.43,6802.5,6693.06,6587.87,6486.66,6389.22,6295.33,6204.82
6038.57,6122.09,6209.17,6300.05,6394.98,6494.23,6598.11,6706.95,6821.12,6941,7067.05,7199.75,7339.64,7487.32,7643.44,7808.75,7984.08,8170.35,8368.6,8579.99,8805.85,9047.66,9307.12,9586.14,9886.92,10211.9,10564.1,10946.7,11363.6,11819.2,12318.7,12868.4,13475.7,14149.5,14901,15744.1,16696.6,17781.2,19026.7,20466.9,22136,24054.1,26199.1,28469.8,30665.5,32527.6,33848.7,34564.3,34753.4,34900.3,34589.1,33576.2,31997.7,30098.9,28110.3,26186.3,24405.6,22795.7,21355.8,20072.5,18928.3,17905.5,16987.9,16161.4,15414,14735.2,14116.6,13550.7,13031.3,12553,12111.3,11702.3,11322.6,10969.1,10639.4,10331.1,10042.3,9771.22,9516.27,9276.08,9049.44,8835.23,8632.47,8440.27,8257.84,8084.45,7919.44,7762.24,7612.28,7469.1,7332.23,7201.27,7075.84,6955.6,6840.22,6729.43,6622.95,6520.52,6421.93,6326.96,6235.4
6021.57,6104.3,6190.54,6280.52,6374.48,6472.7,6575.47,6683.11,6795.98,6914.47,7039,7170.06,7308.16,7453.88,7607.88,7770.86,7943.64,8127.1,8322.25,8530.22,8752.28,8989.88,9244.63,9518.39,9813.25,10131.6,10476.3,10850.3,11257.5,11702,12188.8,12723.8,13313.9,13967.6,14695.4,15510.1,16428.2,17470.9,18664.8,20041.8,21635.7,23470.5,25536.5,27756.1,29956.8,31893.9,33343.5,34204,34516.9,34637.3,34524.8,33728.1,32322,30525.9,28576.8,26650.3,24844.4,23199.9,21723.4,20405.2,19229.2,18178,17235.5,16387,15620.2,14924.5,14290.8,13711.5,13180.2,12691.3,12240.1,11822.5,11435,11074.5,10738.3,10424.2,10130.1,9854.1,9594.67,9350.36,9119.91,8902.18,8696.16,8500.95,8315.71,8139.7,7972.26,7812.78,7660.7,7515.52,7376.78,7244.07,7116.99,6995.19,6878.35,6766.18,6658.39,6554.73,6454.97,6358.88,6266.28
6004.74,6086.69,6172.11,6261.2,6354.21,6451.41,6553.08,6659.54,6771.14,6888.26,7011.31,7140.75,7277.1,7420.92,7572.83,7733.54,7903.82,8084.54,8276.68,8481.31,8699.68,8933.17,9183.35,9452,9741.14,10053.1,10390.5,10756.3,11154.1,11587.9,12062.5,12583.3,13157,13791.6,14496.8,15284.6,16170.4,17173.6,18319.1,19636.9,21159.7,22914.2,24900.7,27061.6,29251.7,31245.3,32809.8,33810.9,34254.9,34340.5,34398.4,33815.2,32594.9,30920.8,29028.4,27110.7,25286.1,23610,22098.1,20745,19536.8,18456.7,17488.5,16617.5,15830.9,15117.6,14468.4,13875.5,13331.9,12832.1,12371.1,11944.7,11549.2,11181.5,10838.9,10518.8,10219.2,9938.23,9674.22,9425.7,9191.36,8970.05,8760.71,8562.42,8374.32,8195.65,8025.73,7863.93,7709.69,7562.48,7421.84,7287.34,7158.58,7035.21,6916.88,6803.3,6694.19,6589.28,6488.33,6391.12,6297.45
5988.07,6069.26,6153.86,6242.08,6334.16,6430.35,6530.95,6636.25,6746.6,6862.37,6983.96,7111.83,7246.46,7388.41,7538.3,7696.78,7864.62,8042.67,8231.86,8433.24,8648.02,8877.52,9123.26,9386.95,9670.54,9976.24,10306.6,10664.5,11053.3,11476.8,11939.6,12446.9,13004.9,13621.2,14304.9,15067.2,15922.4,16888.6,17988.6,19250.7,20706.5,22384.2,24291.5,26388.2,28554.5,30586.4,32250.8,33386.1,33963.7,34078.1,34216.3,33837.8,32812.3,31278.3,29460.3,27564.4,25728.8,24025.2,22479.4,21091.8,19851.1,18741.6,17747.2,16853,16046,15314.8,14649.7,14042.6,13486.6,12975.6,12504.5,12069.1,11665.5,11290.4,10941,10614.9,10309.7,10023.6,9754.94,9502.12,9263.82,9038.85,8826.13,8624.7,8433.68,8252.31,8079.86,7915.7,7759.26,7609.99,7467.42,7331.1,7200.64,7075.66,6955.83,6840.82,6730.36,6624.17,6522.02,6423.67,6328.92
5971.56,6052,6135.79,6223.16,6314.32,6409.53,6509.07,6613.23,6722.36,6836.8,6956.96,7083.28,7216.23,7356.36,7504.25,7660.56,7826.02,8001.46,8187.77,8385.99,8597.26,8822.88,9064.3,9323.18,9601.39,9901.05,10224.6,10574.8,10954.9,11368.5,11820,12314.3,12857.3,13456.1,14119.3,14857.5,15683.7,16614.9,17672.3,18882.2,20274.8,21879.1,23708.7,25737.4,27868.8,29922.2,31670.5,32931.2,33642.3,33862.8,33986.2,33798.1,32971.5,31593.4,29867.9,28007.9,26170.4,24444.1,22866.7,21445.3,20172.1,19032.7,18011.6,17093.7,16265.7,15516,14834.6,14213.1,13644.1,13121.7,12640.3,12195.6,11783.7,11401.1,11044.8,10712.4,10401.6,10110.3,9836.85,9579.64,9337.31,9108.6,8892.43,8687.8,8493.82,8309.68,8134.66,7968.11,7809.42,7658.05,7513.52,7375.36,7243.16,7116.55,6995.18,6878.73,6766.9,6659.42,6556.05,6456.55,6360.7
5955.21,6034.91,6117.91,6204.43,6294.68,6388.93,6487.43,6590.47,6698.4,6811.54,6930.3,7055.1,7186.41,7324.74,7470.69,7624.87,7788.01,7960.89,8144.4,8339.53,8547.39,8769.23,9006.46,9260.66,9533.65,9827.46,10144.4,10487.2,10858.9,11263,11703.5,12185.3,12714,13296.1,13939.8,14654.9,15453.8,16352,17369.2,18530.1,19863.3,21397.9,23151.6,25110.1,27197.6,29257,31072.8,32448.5,33290.7,33628.1,33718.4,33699.7,33071.1,31861.7,30246.2,28437.6,26608.4,24865.4,23259.2,21805.3,20499.6,19330.1,18281.7,17339.5,16490.1,15721.4,15023.3,14386.9,13804.7,13270.5,12778.6,12324.4,11903.9,11513.6,11150.4,10811.6,10494.9,10198.3,9919.98,9658.29,9411.83,9179.32,8959.63,8751.74,8554.73,8367.78,8190.15,8021.15,7860.18,7706.68,7560.15,7420.11,7286.16,7157.89,7034.96,6917.04,6803.82,6695.03,6590.42,6489.74,6392.78
5939.01,6017.98,6100.21,6185.89,6275.26,6368.55,6466.03,6567.98,6674.72,6786.59,6903.97,7027.28,7156.98,7293.56,7437.59,7589.7,7750.56,7920.95,8101.73,8293.85,8498.38,8716.55,8949.69,9199.35,9467.27,9755.41,10066,10401.6,10765.2,11160.1,11590.2,12060,12574.8,13141,13766,14459.3,15232.2,16099.2,17078.6,18193.4,19470.8,20939.2,22619.5,24506.8,26543.3,28595.1,30462,31940.4,32909.6,33368.1,33431.7,33547.6,33111,32079.5,30590.5,28849.1,27040,25287.3,23656.2,22171.1,20833.5,19633.7,18557.5,17590.6,16719.2,15931.1,15215.8,14564.1,13968.4,13422.1,12919.4,12455.5,12026.2,11628,11257.6,10912.3,10589.7,10287.7,10004.3,9738.08,9487.41,9251.02,9027.74,8816.53,8616.44,8426.63,8246.32,8074.84,7911.55,7755.88,7607.31,7465.37,7329.63,7199.68,7075.16,6955.74,6841.12,6731,6625.13,6523.26,6425.17
5922.97,6001.22,6082.68,6167.55,6256.04,6348.39,6444.86,6545.73,6651.31,6761.93,6877.97,6999.82,7127.93,7262.8,7404.96,7555.03,7713.67,7881.63,8059.74,8248.92,8450.22,8664.8,8893.97,9139.22,9402.22,9684.86,9989.29,10318,10673.7,11059.7,11479.7,11937.9,12439.5,12990.4,13597.7,14270.1,15018.4,15855.9,16799.8,17871.2,19095.9,20501.7,22111.5,23927.5,25907.7,27940.1,29842.4,31410.2,32500,33080.9,33225.1,33348.2,33092.8,32244.1,30896.2,29238.3,27462.1,25708,24056.4,22542.4,21173.6,19943.4,18839.2,17847.1,16953.1,16145.1,15412.1,14744.8,14135.2,13576.5,13062.7,12588.9,12150.6,11744.3,11366.6,11014.6,10685.9,10378.3,10089.9,9819.02,9564.06,9323.71,9096.77,8882.18,8678.95,8486.22,8303.2,8129.19,7963.54,7805.66,7655.03,7511.15,7373.58,7241.92,7115.8,6994.86,6878.81,6767.34,6660.19,6557.11,6457.87
5907.08,5984.62,6065.33,6149.39,6237.02,6328.45,6423.93,6523.74,6628.18,6737.57,6852.28,6972.7,7099.26,7232.44,7372.78,7520.86,7677.33,7842.91,8018.41,8204.72,8402.86,8613.95,8839.27,9080.23,9338.45,9615.75,9914.21,10236.2,10584.3,10961.8,11372,11819.2,12308.1,12844.3,13434.6,14087.2,14812,15621.6,16531.9,17562.5,18737.8,20084.4,21626.5,23372.1,25292.2,27295.1,29218.1,30861.2,32063.5,32766,33013.1,33109.5,33019.2,32353.8,31159.3,29600.8,27871.2,26125,24458.5,22918.4,21519.5,20259.1,19126.8,18108.9,17192,16363.5,15612.4,14929.1,14305.2,13733.8,13208.6,12724.6,12277.2,11862.6,11477.3,11118.6,10783.7,10470.4,10176.8,9901.14,9641.8,9397.41,9166.75,8948.7,8742.27,8546.57,8360.8,8184.21,8016.15,7856.03,7703.29,7557.44,7418.03,7284.63,7156.87,7034.39,6916.88,6804.04,6695.59,6591.29,6490.89
5891.33,5968.18,6048.14,6131.41,6218.19,6308.71,6403.23,6501.99,6605.31,6713.5,6826.9,6945.92,7070.96,7202.5,7341.04,7487.17,7641.51,7804.77,7977.72,8161.24,8356.3,8564,8785.55,9022.34,9275.92,9548.05,9840.72,10156.2,10497,10866.2,11267,11703.5,12180.2,12702.4,13276.5,13910.1,14612.6,15395.8,16274.3,17266.6,18395.3,19686.1,21163.5,22840.1,24697.8,26663,28592.9,30297,31602.3,32423.8,32780,32842.8,32894.3,32408.5,31376.3,29932.3,28263.6,26535.9,24861,23298.2,21870.7,20580.8,19420,18376.1,17435.8,16586.4,15816.8,15117,14478.5,13894,13357.2,12862.7,12405.9,11982.8,11589.9,11224.2,10882.9,10563.9,10265,9984.46,9720.65,9472.14,9237.68,9016.11,8806.43,8607.7,8419.11,8239.9,8069.4,7906.99,7752.12,7604.26,7462.97,7327.8,7198.38,7074.34,6955.36,6841.12,6731.36,6625.81,6524.23
5875.74,5951.9,6031.13,6113.61,6199.56,6289.19,6382.75,6480.49,6582.7,6689.71,6801.84,6919.47,7043.02,7172.94,7309.74,7453.96,7606.22,7767.2,7937.67,8118.46,8310.52,8514.9,8732.8,8965.53,9214.6,9481.7,9768.75,10077.9,10411.7,10772.9,11164.7,11590.9,12055.8,12564.5,13123,13738.6,14419.9,15178,16026.5,16982.6,18067.4,19305.5,20721.4,22331,24124.9,26045.8,27970.6,29721.2,31118.8,32054.8,32522.8,32605.7,32723.3,32409,31544.6,30228.6,28635.4,26937.9,25262,23680.7,22226.8,20908,19719,18648.7,17684.5,16813.9,16025.3,15308.6,14655.1,14057.2,13508.5,13003.3,12536.9,12105.1,11704.4,11331.5,10983.8,10658.8,10354.5,10069,9800.62,9547.92,9309.58,9084.43,8871.42,8669.62,8478.16,8296.28,8123.29,7958.56,7801.51,7651.62,7508.41,7371.45,7240.34,7114.72,6994.23,6878.59,6767.49,6660.67,6557.9
5860.29,5935.77,6014.27,6095.99,6181.12,6269.87,6362.49,6459.22,6560.35,6666.19,6777.07,6893.35,7015.44,7143.77,7278.85,7421.2,7571.43,7730.2,7898.23,8076.36,8265.49,8466.65,8680.97,8909.76,9154.45,9416.68,9698.28,10001.3,10328.3,10681.7,11064.8,11481.1,11934.7,12430.5,12974.1,13572.4,14233.5,14967.8,15787.9,16709.8,17753.3,18941.7,20299.2,21843.9,23573.7,25445.2,27354.3,29137.7,30615.6,31660.4,32240.4,32411.5,32512.5,32357.3,31662.6,30486,28982.8,27327.7,25659.4,24064.8,22587.1,21240.5,20023.5,18926.8,17938.4,17045.9,16237.9,15503.9,14835.1,14223.5,13662.5,13146.4,12670.2,12229.5,11820.7,11440.5,11086.2,10755.2,10445.3,10154.8,9881.74,9624.75,9382.46,9153.66,8937.27,8732.33,8537.95,8353.36,8177.84,8010.74,7851.48,7699.52,7554.37,7415.59,7282.76,7155.52,7033.52,6916.43,6803.98,6695.88,6591.89
5844.98,5919.79,5997.59,6078.54,6162.86,6250.75,6342.44,6438.18,6538.25,6642.95,6752.59,6867.55,6988.2,7114.99,7248.38,7388.9,7537.14,7693.73,7859.39,8034.92,8221.19,8419.2,8630.06,8855.01,9095.44,9352.92,9629.24,9926.39,10246.7,10592.7,10967.3,11374.1,11816.8,12300.2,12829.5,13411.3,14053.2,14764.8,15557.9,16447.6,17452.2,18593.7,19895.7,21378,23044.1,24862.6,26746.9,28550.1,30095.8,31241.9,31932.8,32201.5,32270.6,32256.8,31729.6,30701.3,29301.8,27702.1,26050.9,24449,22950.7,21577.9,20333.4,19210.1,18197.2,17282.6,16454.7,15703.1,15018.5,14392.9,13819.4,13292,12805.7,12355.9,11938.9,11551.3,11190.2,10853,10537.5,10241.8,9964.02,9702.67,9456.35,9223.82,9003.99,8795.84,8598.5,8411.14,8233.04,8063.54,7902.03,7747.96,7600.84,7460.21,7325.64,7196.76,7073.21,6954.67,6840.84,6731.44,6626.22
5829.81,5903.96,5981.06,6061.27,6144.79,6231.83,6322.61,6417.38,6516.4,6619.97,6728.41,6842.06,6961.31,7086.57,7218.31,7357.05,7503.33,7657.8,7821.14,7994.13,8177.61,8372.56,8580.03,8801.24,9037.52,9290.4,9561.59,9853.02,10166.9,10505.6,10872.2,11269.7,11702,12173.4,12689,13255,13878.5,14568.5,15336.2,16195.3,17163.2,18260.5,19510.1,20932.5,22535.8,24298.8,26150.8,27961.7,29562.7,30801.4,31600.3,31970.5,32013,32111.7,31746.2,30872,29588.8,28057.5,26434,24831.5,23316.6,21919.6,20648.3,19498.8,18461.2,17524,16675.9,15906.2,15205.5,14565.5,13979.1,13440.3,12943.6,12484.5,12059.1,11663.9,11295.8,10952.4,10631.1,10330.1,10047.5,9781.67,9531.25,9294.93,9071.58,8860.18,8659.81,8469.64,8288.92,8116.97,7953.18,7796.97,7647.84,7505.32,7368.98,7238.44,7113.32,6993.3,6878.07,6767.35,6660.88
5814.78,5888.28,5964.69,6044.16,6126.9,6213.1,6302.99,6396.8,6494.79,6597.26,6704.51,6816.88,6934.74,7058.52,7188.64,7325.62,7470,7622.39,7783.46,7953.96,8134.73,8326.68,8530.86,8748.43,8980.68,9229.09,9495.3,9781.16,10088.8,10420.6,10779.2,11167.9,11590.1,12050,12552.5,13103.3,13709.3,14378.8,15122.2,15952.5,16885.6,17941.2,19141.2,20506.4,22048.4,23754.4,25567.9,27375.8,29019.4,30341.1,31243.7,31716.8,31824.8,31927.3,31713.8,30996.4,29840.1,28390.5,26805.7,25210.6,23683.7,22264.9,20968.1,19792.5,18730.1,17770.1,16901.4,16113.2,15396,14741.3,14141.8,13591.1,13083.9,12615.3,12181.3,11778.3,11403.1,11053.2,10726.1,10419.7,10132.1,9861.79,9607.18,9366.99,9140.07,8925.35,8721.9,8528.87,8345.48,8171.04,8004.92,7846.54,7695.37,7550.93,7412.8,7280.56,7153.85,7032.33,6915.68,6803.62,6695.89
5799.88,5872.75,5948.47,6027.22,6109.19,6194.57,6283.57,6376.44,6473.42,6574.8,6680.88,6792,6908.51,7030.82,7159.36,7294.62,7437.13,7587.49,7746.34,7914.42,8092.53,8281.56,8482.53,8696.55,8924.88,9168.94,9430.31,9710.78,10012.4,10337.4,10688.5,11068.5,11481,11929.9,12419.8,12956,13545.2,14195.1,14915.5,15718.4,16618.8,17635.1,18788.1,20098.8,21581.3,23229.5,24999.8,26795.1,28469.2,29863.3,30864.1,31439.9,31634.1,31710.2,31635.2,31073.8,30053,28697.6,27163.2,25583.9,24050.7,22613.2,21292.3,20091.2,19004,18021,17131.2,16324.2,15590.1,14920.4,14307.4,13744.7,13226.6,12748.3,12305.5,11894.5,11512.2,11155.7,10822.5,10510.6,10218,9943.04,9684.15,9440.03,9209.46,8991.37,8784.78,8588.84,8402.73,8225.76,8057.27,7896.68,7743.43,7597.06,7457.09,7323.14,7194.81,7071.76,6953.68,6840.26,6731.24
5785.12,5857.36,5932.41,6010.45,6091.65,6176.22,6264.35,6356.29,6452.28,6552.6,6657.54,6767.42,6882.6,7003.47,7130.46,7264.03,7404.72,7553.09,7709.77,7875.48,8050.99,8237.17,8435.01,8645.57,8870.09,9109.92,9366.59,9641.83,9937.59,10256.1,10599.8,10971.6,11374.7,11812.9,12290.6,12813,13386.1,14017.4,14715.8,15492.8,16362.2,17341.3,18449.9,19708.8,21133.7,22724.3,24447.7,26222.3,27915.4,29370.9,30463.1,31139.9,31425.9,31470,31513.7,31104.2,30225,28975.2,27503.1,25949.3,24415.9,22963.4,21620.3,20394.5,19282.7,18276.5,17365.5,16539.2,15787.9,15102.8,14476,13901,13371.8,12883.5,12431.7,12012.6,11622.9,11259.7,10920.4,10602.9,10305.1,10025.4,9762.2,9514.05,9279.77,9058.24,8848.46,8649.55,8460.68,8281.14,8110.24,7947.39,7792.04,7643.69,7501.87,7366.17,7236.2,7111.6,6992.06,6877.26,6766.94
5770.49,5842.11,5916.5,5993.83,6074.29,6158.05,6245.34,6336.36,6431.38,6530.64,6634.45,6743.12,6857,6976.46,7101.93,7233.85,7372.75,7519.17,7673.73,7837.12,8010.09,8193.5,8388.28,8595.48,8816.28,9052,9304.1,9574.27,9864.36,10176.5,10513.1,10876.9,11271,11698.9,12165,12674,13231.7,13845.1,14522.7,15275.1,16115.2,17059.1,18125.8,19335.4,20705,22238.5,23912.6,25659.5,27360.8,28866.7,30042.4,30817.4,31197.4,31254.9,31353.8,31088.8,30354.4,29220.3,27822.4,26304,24777.6,23314.6,21951.6,20702.1,19566.1,18536.6,17604.2,16758.4,15989.5,15288.6,14647.7,14060.1,13519.6,13021.1,12560.1,12132.6,11735.4,11365.3,11019.8,10696.5,10393.5,10109,9841.32,9589.08,9351.01,9125.98,8912.96,8711.02,8519.35,8337.18,8163.84,7998.7,7841.21,7690.85,7547.14,7409.67,7278.03,7151.86,7030.83,6914.64,6802.99
5755.99,5826.99,5900.74,5977.38,6057.09,6140.07,6226.52,6316.64,6410.7,6508.93,6611.64,6719.12,6831.71,6949.79,7073.76,7204.07,7341.21,7485.73,7638.21,7799.34,7969.83,8150.53,8342.33,8546.25,8763.43,8995.14,9242.81,9508.04,9792.64,10098.6,10428.3,10784.4,11169.7,11587.8,12042.7,12538.8,13081.8,13678.2,14335.9,15064.8,15877.1,16787.9,17814.9,18977.8,20294.2,21771.8,23394.8,25108.4,26808.4,28353.4,29604,30473.1,30947.8,31079.1,31160.8,31029.7,30440.3,29430.2,28117.9,26645.5,25133.9,23665.3,22285.4,21013.7,19854,18801.4,17847.2,16981.6,16194.8,15477.8,14822.6,14222,13669.9,13161,12690.6,12254.6,11849.6,11472.5,11120.6,10791.5,10483.2,10193.7,9921.53,9665.13,9423.21,9194.6,8978.27,8773.26,8578.73,8393.89,8218.06,8050.6,7890.93,7738.53,7592.91,7453.64,7320.3,7192.54,7070.01,6952.39,6839.4
5741.62,5812.02,5885.12,5961.08,6040.07,6122.27,6207.89,6297.13,6390.24,6487.46,6589.08,6695.39,6806.73,6923.45,7045.95,7174.68,7310.1,7452.75,7603.2,7762.11,7930.19,8108.23,8297.13,8497.85,8711.5,8939.32,9182.68,9443.12,9722.38,10022.4,10345.5,10694,11071,11479.5,11923.5,12407.4,12936.3,13516.3,14155.1,14861.7,15647.7,16527,17516.5,18635.1,19900.8,21323.6,22894.8,24570.5,26260.7,27834,29150.2,30108.2,30676.9,30890.4,30941.7,30929.6,30482.6,29602.5,28386.4,26970.8,25482.6,24014.2,22620.8,21328.8,20146.2,19070.6,18094.6,17208.9,16403.9,15670.5,15000.5,14386.8,13822.8,13303.2,12823.2,12378.6,11965.7,11581.4,11223,10887.9,10574.1,10279.7,10002.9,9742.2,9496.36,9264.12,9044.42,8836.28,8638.84,8451.29,8272.93,8103.1,7941.22,7786.74,7639.18,7498.08,7363.02,7233.64,7109.58,6990.52,6876.17
5727.38,5797.18,5869.65,5944.93,6023.21,6104.65,6189.45,6277.82,6370,6466.23,6566.77,6671.94,6782.04,6897.43,7018.5,7145.67,7279.4,7420.22,7568.69,7725.43,7891.15,8066.6,8252.66,8450.26,8660.48,8884.51,9123.67,9379.45,9653.54,9947.81,10264.4,10605.7,10974.5,11373.9,11807.5,12279.5,12794.8,13359.2,13979.9,14665.3,15426.3,16275.9,17229.9,18306.5,19523.7,20893.5,22412.5,24046.9,25719.8,27311.4,28683.3,29724,30385,30684.1,30709.6,30792.2,30482,29735.6,28625.1,27277.1,25821.4,24359.7,22956.8,21646.7,20442.3,19344.2,18346.4,17440.4,16616.9,15866.8,15181.8,14554.5,13978.4,13447.9,12958.1,12504.5,12083.6,11692,11326.9,10985.8,10666.4,10366.8,10085.3,9820.33,9570.48,9334.55,9111.42,8900.09,8699.69,8509.38,8328.45,8156.22,7992.09,7835.5,7685.96,7543,7406.2,7275.17,7149.56,7029.04,6913.3
5713.26,5782.47,5854.31,5928.94,6006.51,6087.19,6171.19,6258.71,6349.98,6445.22,6544.72,6648.75,6757.64,6871.73,6991.38,7117.03,7249.12,7388.14,7534.67,7689.29,7852.69,8025.62,8208.91,8403.47,8610.34,8830.68,9065.75,9317.01,9586.07,9874.74,10185.1,10519.4,10880.3,11270.8,11694.4,12155,12657.3,13206.8,13810.1,14475.4,15212.5,16033.9,16954.4,17991.3,19162.2,20480.8,21948,23538.4,25187.8,26788.1,28206,29322.2,30072.5,30458.8,30537.6,30621.9,30440.2,29828.5,28831.5,27561.4,26147.8,24699.9,23292.2,21966.7,20742,19621.8,18602.4,17676,16833.7,16066.6,15366.2,14725.1,14136.7,13595.1,13095.2,12632.5,12203.4,11804.3,11432.4,11085.1,10760,10455.2,10168.9,9899.52,9645.6,9405.89,9179.27,8964.71,8761.29,8568.18,8384.63,8209.95,8043.53,7884.81,7733.26,7588.41,7449.84,7317.14,7189.95,7067.95,6950.81
5699.26,5767.9,5839.12,5913.09,5989.97,6069.91,6153.12,6239.8,6330.16,6424.44,6522.91,6625.83,6733.53,6846.33,6964.61,7088.76,7219.23,7356.5,7501.12,7653.67,7814.81,7985.27,8165.85,8357.45,8561.06,8777.8,9008.9,9255.76,9519.94,9803.17,10107.4,10435,10788.3,11170.2,11584.1,12033.8,12523.5,13058.7,13645.5,14291.5,15006.1,15800.7,16689.4,17688.6,18815.6,20084.9,21500.9,23045.7,24666.2,26266.7,27720.6,28904.6,29740.4,30213.8,30365.3,30424.3,30359.4,29880.9,29003.3,27821,26459.3,25033,23625.8,22288.1,21044.7,19903.4,18862.5,17915.6,17054.4,16269.9,15554,14898.8,14297.7,13744.7,13234.5,12762.6,12325.1,11918.4,11539.5,11185.8,10855,10544.9,10253.7,9979.79,9721.72,9478.17,9247.99,9030.13,8823.65,8627.68,8441.47,8264.31,8095.57,7934.67,7781.07,7634.31,7493.94,7359.54,7230.76,7107.25,6988.69
5685.39,5753.45,5824.07,5897.39,5973.58,6052.8,6135.23,6221.08,6310.56,6403.89,6501.34,6603.18,6709.7,6821.24,6938.16,7060.84,7189.73,7325.28,7468.04,7618.56,7777.49,7945.54,8123.48,8312.18,8512.61,8725.84,8953.08,9195.66,9455.09,9733.06,10031.5,10352.4,10698.4,11072.1,11476.6,11915.7,12393.4,12914.8,13485.8,14113.4,14806.4,15575.7,16434.3,17397.8,18483,19705,21070.8,22569,24156.3,25749.3,27229.7,28473.2,29389.7,29949.3,30178.4,30207.2,30242.6,29893.3,29139.1,28053.2,26753.1,25356.7,23956,22609.9,21349.9,20188.4,19126.6,18159.3,17278.9,16476.9,15745.1,15075.6,14461.5,13896.9,13376.2,12894.8,12448.7,12034.2,11648.3,11288.1,10951.3,10635.8,10339.6,10061.2,9798.85,9551.4,9317.6,9096.38,8886.78,8687.91,8498.99,8319.31,8148.2,7985.09,7829.42,7680.71,7538.51,7402.4,7271.99,7146.95,7026.94
5671.64,5739.13,5809.15,5881.84,5957.35,6035.85,6117.52,6202.55,6291.15,6383.56,6480.01,6580.77,6686.15,6796.45,6912.03,7033.28,7160.61,7294.48,7435.41,7583.95,7740.72,7906.4,8081.77,8267.64,8464.97,8674.79,8898.26,9136.68,9391.5,9664.35,9957.04,10271.6,10610.5,10976.2,11371.7,11800.6,12266.8,12775,13330.7,13940.8,14613.4,15358.5,16188.6,17118.3,18163.7,19340.4,20657.4,22108.4,23659.3,25238,26735.9,28030.3,29021.7,29665.6,29974.5,30011.3,30093.6,29866.8,29237.6,28255.7,27026.8,25669,24281.1,22930.9,21656.9,20476.7,19394.4,18406.8,17507.2,16687.5,15939.5,15255.4,14628.2,14051.6,13520.2,13029.2,12574.3,12151.8,11758.6,11391.9,11049.1,10728,10426.8,10143.6,9877.02,9625.59,9388.11,9163.47,8950.69,8748.87,8557.2,8374.94,8201.44,8036.08,7878.31,7727.62,7583.56,7445.7,7313.65,7187.05,7065.58
5658,5724.94,5794.37,5866.43,5941.28,6019.07,6099.98,6184.21,6271.95,6363.44,6458.91,6558.62,6662.86,6771.95,6886.23,7006.06,7131.87,7264.09,7403.23,7549.82,7704.48,7867.86,8040.7,8223.82,8418.12,8624.61,8844.42,9078.79,9329.13,9597,9884.16,10192.6,10524.5,10882.5,11269.3,11688.4,12143.5,12639,13180.2,13773.5,14426.5,15148.7,15951.7,16849.3,17857.1,18990.5,20260.1,21664,23175.9,24734.5,26241.5,27577.9,28637.9,29363.3,29752.7,29851.6,29916.7,29803.3,29298.6,28426.5,27277.7,25967.3,24599.5,23250,21965,20767.7,19665.8,18658.2,17739.4,16901.8,16137.3,15438.3,14797.7,14209,13666.6,13165.7,12701.8,12271.3,11870.7,11497.2,11148.3,10821.6,10515.2,10227.2,9956.23,9700.75,9459.52,9231.4,9015.39,8810.57,8616.1,8431.23,8255.29,8087.64,7927.73,7775.04,7629.09,7489.46,7355.74,7227.57,7104.61
5644.48,5710.87,5779.72,5851.16,5925.35,6002.45,6082.62,6166.05,6252.95,6343.53,6438.03,6536.71,6639.85,6747.74,6860.73,6979.18,7103.49,7234.1,7371.48,7516.18,7668.76,7829.89,8000.27,8180.69,8372.04,8575.29,8791.52,9021.95,9267.93,9530.98,9812.77,10115.2,10440.5,10791,11169.4,11579,12023.3,12506.7,13033.9,13611.2,14245.5,14946,15723.2,16590.4,17562.4,18654.4,19878.4,21235.6,22706.6,24240.3,25748.7,27118.4,28240,29043.2,29512.8,29681.4,29718,29705.3,29322.2,28563.9,27503.4,26249.4,24909.1,23565.8,22273.3,21060.9,19940.4,18913.2,17975.2,17119.6,16338.5,15624.4,14970,14369,13815.5,13304.4,12831.4,12392.6,11984.5,11604.1,11248.9,10916.4,10604.7,10312,10036.5,9776.9,9531.85,9300.2,9080.9,8873.02,8675.71,8488.18,8309.76,8139.79,7977.71,7822.98,7675.11,7533.68,7398.26,7268.49,7144.03
5631.08,5696.92,5765.2,5836.03,5909.57,5985.98,6065.42,6148.08,6234.14,6323.84,6417.39,6515.05,6617.09,6723.81,6835.54,6952.63,7075.48,7204.5,7340.16,7482.99,7633.56,7792.48,7960.45,8138.25,8326.71,8526.8,8739.55,8966.15,9207.89,9466.23,9742.82,10039.5,10358.3,10701.5,11071.8,11472.3,11906.3,12377.9,12891.8,13453.6,14070.2,14749.8,15502.7,16341,17279,18331.7,19511.5,20822.8,22251.9,23756.6,25259.4,26654,27829.8,28706.3,29255,29496.4,29508.1,29575.9,29309.2,28667,27701.7,26512.8,25207.9,23876.7,22580.8,21355.6,20217.8,19171.7,18214.7,17341,16543.1,15813.6,15145.3,14531.6,13966.7,13445.4,12963.1,12515.8,12100,11712.6,11351,11012.7,10695.6,10397.9,10117.9,9854.05,9605.11,9369.86,9147.22,8936.23,8736.02,8545.8,8364.86,8192.53,8028.24,7871.44,7721.63,7578.37,7441.23,7309.84,7183.85
5617.79,5683.1,5750.8,5821.04,5893.94,5969.67,6048.39,6130.28,6215.53,6304.34,6396.96,6493.62,6594.59,6700.16,6810.65,6926.41,7047.81,7175.28,7309.26,7450.27,7598.85,7755.61,7921.24,8096.46,8282.12,8479.12,8688.48,8911.34,9148.95,9402.74,9674.26,9965.29,10277.8,10614,10976.5,11368.2,11792.2,12252.5,12753.6,13300.7,13900.2,14560,15289.6,16100.6,17006.4,18021.5,19159,20425.3,21811.8,23284.4,24775.5,26186.9,27409.1,28353.8,28979.7,29295.3,29350.3,29418.8,29261.3,28735.1,27870.8,26755.2,25493.8,24181.2,22886.2,21651.2,20497.6,19433.3,18457.7,17565.9,16751.1,16006,15323.6,14697,14120.5,13588.6,13096.8,12640.8,12217.2,11822.7,11454.5,11110.3,10787.7,10485,10200.3,9932.21,9679.32,9440.4,9214.36,9000.21,8797.06,8604.1,8420.59,8245.87,8079.34,7920.43,7768.65,7623.53,7484.64,7351.61,7224.06
5604.61,5669.39,5736.54,5806.18,5878.46,5953.52,6031.52,6112.65,6197.1,6285.06,6376.75,6472.43,6572.34,6676.78,6786.06,6900.5,7020.5,7146.44,7278.77,7417.99,7564.63,7719.29,7882.61,8055.32,8238.23,8432.22,8638.28,8857.5,9091.1,9340.45,9607.05,9892.62,10199.1,10528.5,10883.4,11266.5,11681,12130.4,12619.1,13152.1,13735.3,14376.2,15083.8,15868.7,16743.9,17723.3,18820.2,20042.8,21386.5,22824.4,24298.6,25719.3,26980.1,27987.1,28687.4,29077.5,29194.1,29238.6,29180.3,28768.4,28009.2,26974.4,25764.7,24477.5,23188.4,21946.7,20779.4,19697.9,18704,17794.2,16962.5,16201.6,15504.8,14865.2,14276.8,13734.2,13232.6,12767.9,12336.2,11934.4,11559.6,11209.2,10881.1,10573.2,10283.9,10011.4,9754.48,9511.84,9282.34,9064.98,8858.83,8663.08,8476.97,8299.81,8131,7969.96,7816.17,7669.17,7528.51,7393.81,7264.68
5591.54,5655.8,5722.4,5791.45,5863.11,5937.51,6014.82,6095.2,6178.85,6265.96,6356.76,6451.46,6550.34,6653.67,6761.75,6874.91,6993.52,7117.96,7248.68,7386.15,7530.89,7683.48,7844.56,8014.82,8195.05,8386.1,8588.93,8804.61,9034.3,9279.33,9541.16,9821.43,10122,10444.9,10792.4,11167.3,11572.5,12011.4,12488.3,13007.6,13575.3,14198.2,14884.6,15644.9,16490.9,17436.4,18494.5,19674.6,20975.7,22377.2,23829.8,25252.9,26544.6,27607.8,28379,28843,29025.7,29041.9,29069,28767.4,28115.8,27168.4,26018.2,24763.6,23485.9,22241.3,21062.4,19965,18953.5,18025.9,17177.1,16400.4,15689,15036.1,14435.6,13882.1,13370.6,12896.9,12457.1,12047.8,11666.2,11309.6,10975.8,10662.7,10368.5,10091.6,9830.62,9584.18,9351.16,9130.53,8921.34,8722.75,8534,8354.37,8183.24,8020.03,7864.21,7715.29,7572.84,7436.44,7305.72
5578.58,5642.33,5708.38,5776.86,5847.9,5921.66,5998.27,6077.92,6160.79,6247.07,6336.97,6430.72,6528.58,6630.82,6737.72,6849.62,6966.87,7089.85,7218.98,7354.74,7497.62,7648.19,7807.06,7974.93,8152.54,8340.72,8540.41,8752.63,8978.52,9219.35,9476.54,9751.66,10046.5,10363,10703.5,11070.4,11466.6,11895.5,12360.9,12867.2,13420,14025.6,14692,15428.7,16247.1,17160.3,18181.3,19320.4,20579.4,21943.1,23370.5,24789.7,26104.8,27217.3,28055.4,28592,28842.9,28862.7,28930.4,28733.3,28189.9,27335.5,26252.4,25037.8,23777.4,22533.8,21346.1,20234.2,19205.9,18260.9,17395.1,16602.4,15876.1,15209.7,14597,14032.4,13510.8,13027.9,12579.7,12162.9,11774.4,11411.5,11071.9,10753.4,10454.3,10172.9,9907.74,9657.44,9420.84,9196.88,8984.6,8783.13,8591.69,8409.55,8236.07,8070.65,7912.76,7761.9,7617.62,7479.5,7347.16
5565.72,5628.96,5694.48,5762.39,5832.83,5905.95,5981.88,6060.81,6142.91,6228.37,6317.39,6410.21,6507.06,6608.22,6713.98,6824.64,6940.55,7062.09,7189.67,7323.74,7464.8,7613.39,7770.12,7935.64,8110.69,8296.08,8492.7,8701.55,8923.73,9160.48,9413.15,9683.27,9972.56,10282.9,10616.5,10975.7,11363.3,11782.4,12236.8,12730.7,13269.1,13858.2,14505.4,15219.7,16011.9,16894.4,17879.9,18979.6,20197.2,21522.4,22921.5,24331.2,25662.5,26817.6,27717.8,28325.1,28644.9,28717.4,28768.3,28667.7,28231.5,27474.1,26465.2,25297.9,24061,22823.2,21629.5,20505.1,19460.8,18498.9,17616.2,16807.5,16066.3,15386.2,14761,14185,13653.1,13160.9,12704.2,12279.7,11884.1,11514.7,11169.2,10845.4,10541.3,10255.3,9985.86,9731.63,9491.39,9264.05,9048.62,8844.22,8650.04,8465.35,8289.48,8121.83,7961.84,7809.01,7662.88,7523.01,7389.03
5552.98,5615.72,5680.7,5748.05,5817.9,5890.38,5965.65,6043.87,6125.2,6209.85,6298.01,6389.91,6485.78,6585.88,6690.5,6799.95,6914.55,7034.68,7160.73,7293.16,7432.43,7579.09,7733.71,7896.94,8069.49,8252.14,8445.77,8651.34,8869.91,9102.68,9350.96,9616.23,9900.12,10204.5,10531.4,10883.1,11262.4,11672.2,12115.9,12597.7,13122.4,13695.8,14324.7,15017.7,15784.9,16638.1,17589.9,18651.6,19828.8,21115.2,22483.5,23878.9,25219.6,26410.3,27367.4,28042.8,28431.4,28563.3,28587.4,28572.9,28241,27583.3,26654.8,25542.1,24335.2,23108.1,21912,20777,19718.1,18739.7,17840.5,17015.7,16259.5,15565.5,14927.6,14340.1,13797.7,13295.9,12830.6,12398.2,11995.4,11619.5,11268,10938.6,10629.4,10338.8,10065,9806.76,9562.81,9332.03,9113.41,8906.04,8709.08,8521.79,8343.5,8173.57,8011.45,7856.62,7708.61,7566.97,7431.32
5540.33,5602.58,5667.04,5733.84,5803.1,5874.96,5949.57,6027.08,6107.67,6191.52,6278.84,6369.83,6464.73,6563.79,6667.3,6775.54,6888.86,7007.6,7132.17,7262.97,7400.5,7545.26,7697.82,7858.81,8028.92,8208.9,8399.61,8601.98,8817.04,9045.93,9289.94,9550.48,9829.15,10127.7,10448.1,10792.7,11163.9,11564.6,11998.1,12468.4,12979.9,13538.1,14149.5,14822.2,15565.6,16391.1,17310.6,18335.8,19473.8,20721.3,22057,23433.9,24777.8,25997.3,27005.6,27745.8,28202.5,28396.7,28397.1,28451.5,28219.2,27662.4,26819.4,25768.3,24598.3,23387.2,22192.3,21049.4,19977.2,18983.2,18067.6,17226.9,16455.6,15747.6,15096.9,14497.6,13944.6,13433.1,12958.9,12518.5,12108.4,11725.8,11368.1,11033.1,10718.7,10423.3,10145.1,9882.84,9635.13,9400.85,9178.98,8968.58,8768.8,8578.88,8398.12,8225.88,8061.6,7904.74,7754.81,7611.38,7474.04
5527.79,5589.55,5653.5,5719.75,5788.43,5859.68,5933.63,6010.46,6090.31,6173.38,6259.85,6349.95,6443.9,6541.94,6644.35,6751.43,6863.48,6980.86,7103.96,7233.19,7369,7511.9,7662.45,7821.24,7988.96,8166.34,8354.2,8553.44,8765.07,8990.19,9230.05,9486,9759.59,10052.5,10366.7,10704.2,11067.6,11459.6,11883.3,12342.4,12841.2,13384.9,13979.7,14632.9,15353.8,16152.7,17041.6,18031.9,19131.7,20340.6,21642.4,22997.3,24338.8,25580.2,26633.8,27435,27958.6,28216.4,28251.9,28306.6,28167.5,27711.1,26957.8,25974.8,24848.2,23659,22469.6,21321.4,20237.8,19229.1,18297.6,17441.1,16654.7,15932.6,15268.8,14657.6,14093.7,13572.3,13089.2,12640.5,12222.9,11833.5,11469.6,11128.9,10809.3,10509,10226.3,9959.89,9708.35,9470.51,9245.34,9031.86,8829.21,8636.61,8453.35,8278.77,8112.29,7953.37,7801.51,7656.25,7517.19
5515.36,5576.63,5640.07,5705.78,5773.89,5844.53,5917.85,5993.99,6073.12,6155.41,6241.07,6330.29,6423.29,6520.33,6621.67,6727.59,6838.4,6954.45,7076.11,7203.78,7337.91,7479,7627.57,7784.22,7949.61,8124.44,8309.52,8505.71,8714,8935.45,9171.25,9422.74,9691.39,9978.84,10286.9,10617.7,10973.6,11357.1,11771.3,12219.6,12706.3,13236.1,13814.8,14449.6,15148.9,15922.7,16782.3,17739.1,18802.1,19973,21240,22570,23904,25161,26253.6,27111.6,27700,28021.7,28109.9,28141.9,28087.8,27729.7,27068.8,26159.8,25083.4,23921.9,22742.6,21592.4,20499.2,19476.9,18530.3,17658.2,16856.6,16120.3,15443.3,14820,14245.1,13713.7,13221.4,12764.4,12339.2,11942.8,11572.5,11226,10901,10595.8,10308.6,10037.9,9782.47,9541.03,9312.49,9095.88,8890.32,8695,8509.2,8332.24,8163.53,8002.52,7848.69,7701.59,7560.78
5503.02,5563.82,5626.75,5691.93,5759.48,5829.53,5902.21,5977.68,6056.09,6137.63,6222.47,6310.82,6402.91,6498.96,6599.24,6704.02,6813.62,6928.36,7048.6,7174.75,7307.24,7446.54,7593.19,7747.74,7910.84,8083.19,8265.54,8458.77,8663.79,8881.66,9113.53,9360.68,9624.53,9906.67,10208.9,10533.1,10881.6,11257,11662,12100,12575,13091.4,13654.9,14271.9,14950.6,15700.5,16532.2,17457.1,18484.5,19618.1,20849.9,22152.6,23474.6,24741.1,25866.7,26776.6,27427.4,27812.8,27957.6,27963.3,27982.3,27718.9,27151.9,26321.7,25301.9,24174.3,23010.1,21861.2,20760.8,19726.4,18765.3,17877.9,17061.4,16310.8,15620.5,14984.9,14398.8,13857.1,13355.5,12890,12457.1,12053.7,11676.9,11324.4,10994,10683.7,10391.9,10116.9,9857.53,9612.4,9380.45,9160.67,8952.15,8754.06,8565.68,8386.31,8215.33,8052.19,7896.37,7747.39,7604.82
5490.78,5551.11,5613.55,5678.21,5745.2,5814.65,5886.71,5961.52,6039.23,6120.01,6204.06,6291.56,6382.74,6477.82,6577.06,6680.73,6789.13,6902.58,7021.44,7146.1,7276.97,7414.53,7559.28,7711.78,7872.65,8042.56,8222.26,8412.58,8614.43,8828.81,9056.84,9299.77,9558.95,9835.93,10132.4,10450.3,10791.7,11159.2,11555.3,11983.4,12447.1,12950.7,13499.5,14099.6,14758.7,15485.7,16290.9,17185.2,18178.4,19275.7,20472,21745.7,23051.8,24322.2,25474.4,26431.3,27141.5,27589.7,27793,27799,27853.5,27679.7,27206.7,26459.4,25502.2,24414.6,23270.6,22127.1,21022,19977.1,19002.4,18100.3,17268.9,16504,15800.3,15152.4,14554.9,14002.8,13491.7,13017.6,12576.7,12166.1,11782.7,11424.2,11088.2,10772.8,10476.2,10197,9933.52,9684.65,9449.23,9226.22,9014.69,8813.8,8622.79,8440.96,8267.69,8102.39,7944.55,7793.66,7649.3
5478.64,5538.51,5600.46,5664.59,5731.04,5799.91,5871.36,5945.51,6022.52,6102.57,6185.83,6272.5,6362.78,6456.91,6555.12,6657.7,6764.92,6877.11,6994.61,7117.8,7247.09,7382.94,7525.84,7676.33,7835.01,8002.55,8179.66,8367.14,8565.89,8776.87,9001.17,9239.98,9494.63,9766.6,10057.5,10369.3,10703.8,11063.6,11451.2,11869.7,12322.5,12813.8,13348.5,13932.5,14572.8,15278.1,16057.9,16923.1,17883.4,18945.3,20106.3,21349.5,22636.5,23905.6,25078.6,26077.1,26843.1,27352.8,27615.4,27666.2,27704.7,27613.8,27233.3,26571.7,25682.5,24641.2,23522.8,22388.8,21282.1,20228.5,19241.3,18325,17479,16699.9,15982.8,15322.3,14713.3,14150.6,13629.9,13147,12698.1,12280.1,11890,11525.3,11183.6,10863.1,10561.7,10278,10010.5,9757.79,9518.84,9292.54,9077.95,8874.21,8680.54,8496.23,8320.62,8153.13,7993.23,7840.41,7694.23
5466.6,5526.01,5587.47,5651.1,5717,5785.3,5856.14,5929.65,6005.98,6085.3,6167.79,6253.63,6343.03,6436.22,6533.43,6634.92,6740.99,6851.94,6968.11,7089.86,7217.6,7351.77,7492.86,7641.38,7797.93,7963.14,8137.71,8322.43,8518.15,8725.82,8946.47,9181.28,9431.52,9698.62,9984.16,10289.9,10617.9,10970.2,11349.6,11758.7,12201.1,12680.5,13201.7,13770.2,14392.7,15077.2,15832.9,16670.2,17599,18626.5,19752.7,20964.4,22229.5,23492.8,24680.8,25715.2,26533.2,27102.6,27424.5,27526.3,27539.9,27522.8,27232.2,26658,25841.6,24852.3,23765.2,22645.2,21540.1,20480,19481.6,18551.9,17691.7,16898.4,16167.8,15494.7,14874,14300.7,13770.1,13278.2,12821.2,12395.7,11998.8,11627.8,11280.4,10954.5,10648.3,10360.1,10088.4,9831.82,9589.28,9359.65,9141.96,8935.32,8738.94,8552.1,8374.12,8204.42,8042.43,7887.65,7739.63
5454.65,5513.61,5574.6,5637.72,5703.09,5770.82,5841.06,5913.93,5989.59,6068.2,6149.92,6234.95,6323.49,6415.75,6511.97,6612.41,6717.34,6827.07,6941.93,7062.27,7188.49,7321.02,7460.32,7606.92,7761.37,7924.31,8096.41,8278.43,8471.19,8675.62,8892.73,9123.64,9369.59,9631.95,9912.26,10212.2,10533.7,10878.9,11250.3,11650.5,12082.7,12550.8,13059,13612.7,14218,14882.7,15615.4,16426.2,17324.8,18319,19410.8,20590.6,21831.4,23084.8,24282.3,25347.3,26212.8,26839.5,27220.3,27375.7,27366.9,27409.1,27204.2,26717.9,25978.1,25046.4,23996.3,22895.1,21795.1,20730.9,19722.9,18780.6,17906.7,17099.5,16355.4,15669.6,15037.1,14452.9,13912.4,13411.4,12946.1,12513,12109.1,11731.7,11378.5,11047.2,10736,10443.2,10167.2,9906.76,9660.57,9427.55,9206.7,8997.13,8798,8608.59,8428.21,8256.25,8092.14,7935.38,7785.48
5442.8,5501.31,5561.82,5624.45,5689.29,5756.47,5826.12,5898.36,5973.36,6051.26,6132.23,6216.46,6304.14,6395.49,6490.74,6590.14,6693.96,6802.49,6916.06,7035.02,7159.75,7290.66,7428.23,7572.94,7725.35,7886.06,8055.74,8235.12,8425,8626.27,8839.93,9067.04,9308.8,9566.56,9841.78,10136.1,10451.4,10789.7,11153.2,11544.8,11967.3,12424.4,12920.2,13459.6,14048.6,14694.3,15405.1,16190.5,17060.2,18022.4,19080.4,20227.9,21442.8,22682.7,23884.6,24974.5,25883.1,26564.3,27003.1,27213.3,27232.9,27275.4,27150.7,26751.4,26091.1,25222.1,24214.5,23137.2,22046.1,20980.6,19964.8,19011,18123.8,17303,16545.5,15847,15202.6,14607.4,14056.8,13546.5,13072.7,12631.9,12220.9,11837,11477.8,11141.1,10824.8,10527.3,10247.1,9982.61,9732.72,9496.26,9272.2,9059.64,8857.72,8665.7,8482.88,8308.63,8142.38,7983.6,7831.81
5431.04,5489.11,5549.16,5611.29,5675.61,5742.24,5811.3,5882.93,5957.27,6034.48,6114.71,6198.15,6285,6375.45,6469.75,6568.12,6670.84,6778.2,6890.5,7008.1,7131.37,7260.7,7396.56,7539.42,7689.83,7848.37,8015.68,8192.48,8379.55,8577.74,8788.02,9011.43,9249.14,9502.41,9772.69,10061.6,10370.8,10702.3,11058.4,11441.6,11854.8,12301.3,12785,13310.8,13884.1,14511.8,15201.6,15962.8,16804.8,17736.1,18761.2,19876.5,21064.1,22287.3,23489.1,24598.5,25545.4,26277.7,26773.3,27038.7,27103.4,27124.8,27073.1,26758.8,26179.9,25378.1,24418.5,23370.1,22292.2,21228.3,20206.6,19242.6,18342.9,17508.8,16738,16026.7,15370.3,14764,14203.2,13683.6,13201.1,12752.4,12334.3,11943.8,11578.5,11236.2,10914.8,10612.6,10327.9,10059.4,9805.74,9565.77,9338.46,9122.86,8918.12,8723.45,8538.15,8361.58,8193.15,8032.32,7878.6
5419.37,5477.01,5536.59,5598.24,5662.05,5728.14,5796.62,5867.65,5941.34,6017.86,6097.36,6180.03,6266.05,6355.62,6448.97,6546.34,6647.98,6754.18,6865.25,6981.52,7103.34,7231.13,7365.31,7506.37,7654.81,7811.22,7976.22,8150.5,8334.82,8530.01,8737,8956.81,9190.55,9439.47,9704.95,9988.5,10291.8,10616.9,10965.7,11340.8,11744.9,12181.2,12653.5,13166.1,13724.4,14334.8,15004.7,15742.8,16558.3,17459.8,18453,19536.1,20695.4,21899.3,23096.7,24220.6,25200.7,25980.7,26531.1,26851.7,26965.2,26962.1,26973.5,26740.9,26244.1,25513.2,24606.7,23592.4,22532,21473.1,20447.8,19475,18563.7,17716.7,16932.9,16208.9,15540.5,14922.9,14351.7,13822.5,13331.4,12874.7,12449.2,12052,11680.5,11332.5,11005.9,10698.9,10409.8,10137.1,9879.63,9636.11,9405.49,9186.81,8979.19,8781.83,8594.02,8415.09,8244.45,8081.55,7925.88
5407.8,5465,5524.13,5585.3,5648.6,5714.15,5782.07,5852.49,5925.55,6001.39,6080.18,6162.08,6247.29,6335.99,6428.42,6524.8,6625.38,6730.45,6840.3,6955.25,7075.67,7201.94,7334.48,7473.76,7620.28,7774.61,7937.34,8109.16,8290.79,8483.05,8686.84,8903.13,9133.02,9377.7,9638.5,9916.9,10214.5,10533.2,10875.1,11242.3,11637.7,12064.1,12525.3,13025.3,13569.3,14163.1,14813.9,15529.9,16320.1,17193.1,18155.2,19206.7,20336.9,21519.5,22708.7,23842,24850.5,25674.2,26277.3,26652.5,26816.4,26811,26853.9,26698.6,26283.6,25626.4,24777.8,23802.8,22764.5,21714.1,20687.7,19707.7,18785.9,17926.6,17130,16393.4,15712.9,15084,14502.4,13963.5,13463.5,12998.6,12565.7,12161.6,11783.9,11430.1,11098.2,10786.3,10492.6,10215.8,9954.41,9707.28,9473.3,9251.49,9040.95,8840.86,8650.5,8469.18,8296.3,8131.29,7973.63
5396.31,5453.08,5511.77,5572.46,5635.27,5700.29,5767.65,5837.48,5909.91,5985.08,6063.16,6144.31,6228.72,6316.57,6408.08,6503.49,6603.03,6706.98,6815.63,6929.3,7048.34,7173.11,7304.05,7441.59,7586.23,7738.52,7899.04,8068.45,8247.46,8436.86,8637.51,8850.38,9076.51,9317.06,9573.32,9846.71,10138.8,10451.4,10786.4,11146.1,11533,11950,12400.4,12888.4,13418.5,13996.5,14629,15324,16090,16935.6,17867.6,18887.9,19988.8,21148.2,22325.9,23464.2,24495.9,25359.3,26012.4,26441.2,26656.5,26689.4,26717.2,26633.3,26298.5,25717.1,24930.6,23999.8,22988.3,21950.2,20925.6,19940.4,19009.1,18138.2,17329.2,16580.1,15887.6,15247.3,14655.1,14106.4,13597.4,13124.3,12683.8,12272.8,11888.7,11529,11191.7,10874.8,10576.5,10295.4,10030.1,9779.29,9541.9,9316.91,9103.4,8900.55,8707.59,8523.85,8348.69,8181.54,8021.88
5384.91,5441.27,5499.51,5559.73,5622.04,5686.54,5753.36,5822.6,5894.41,5968.93,6046.31,6126.72,6210.33,6297.35,6387.96,6482.41,6580.93,6683.78,6791.26,6903.66,7021.34,7144.66,7274.01,7409.85,7552.65,7702.94,7861.3,8028.35,8204.8,8391.4,8589,8798.53,9020.99,9257.52,9509.36,9777.88,10064.6,10371.2,10699.7,11052,11430.7,11838.6,12278.7,12755,13271.9,13834.7,14449.8,15124.6,15867.5,16686.8,17589.9,18579.6,19651,20785.9,21949.2,23088.1,24138.4,25037,25737.2,26218.3,26485,26561.9,26566.8,26546.6,26289.6,25784.9,25063.9,24182.2,23202.2,22180.5,21160.7,20172.3,19233,18351.4,17530.3,16769,16064.4,15412.8,14809.9,14251.3,13733.2,13251.7,12803.5,12385.4,11994.8,11629.2,11286.4,10964.4,10661.4,10376,10106.7,9852.15,9611.29,9383.07,9166.55,8960.89,8765.3,8579.1,8401.63,8232.31,8070.62
5373.6,5429.54,5487.34,5547.11,5608.93,5672.92,5739.18,5807.85,5879.05,5952.92,6029.62,6109.29,6192.13,6278.32,6368.05,6461.56,6559.07,6660.84,6767.16,6878.33,6994.67,7116.55,7244.36,7378.53,7519.53,7667.86,7824.1,7988.85,8162.79,8346.66,8541.29,8747.55,8966.45,9199.06,9446.6,9710.39,9991.89,10292.7,10614.8,10960,11330.8,11729.8,12160,12625.1,13129.3,13677.5,14275.9,14931.5,15652.2,16446.4,17321.5,18281.4,19323.3,20432.7,21579.2,22714.9,23779.1,24708.5,25452.5,25984.2,26302.1,26425.4,26409,26440.4,26257.4,25829.5,25177,24348.7,23405,22403.9,21392.1,20403,19457.1,18565.7,17733.3,16959.9,16243.5,15580.5,14966.8,14398.2,13870.8,13380.9,12924.8,12499.6,12102.4,11730.7,11382.3,11055.1,10747.4,10457.6,10184.2,9925.86,9681.49,9449.99,9230.42,9021.9,8823.64,8634.94,8455.13,8283.62,8119.85
5362.37,5417.9,5475.28,5534.58,5595.92,5659.4,5725.13,5793.23,5863.83,5937.06,6013.08,6092.04,6174.11,6259.48,6348.35,6440.92,6537.44,6638.16,6743.34,6853.29,6968.33,7088.8,7215.09,7347.63,7486.85,7633.27,7787.43,7949.93,8121.43,8302.63,8494.34,8697.43,8912.85,9141.65,9385,9644.18,9920.6,10215.8,10531.7,10870,11233.2,11623.6,12044.3,12498.6,12990.5,13524.8,14107.2,14744.4,15444,16214.1,17062.2,17993.1,19005.8,20088.9,21216.4,22345.6,23419.1,24374.9,25159.2,25739.3,26107.9,26278.6,26284.9,26316.9,26203.3,25851.1,25269.1,24498.2,23595.4,22619.1,21619,20631.6,19681.1,18781,17937.8,17152.8,16424.6,15750.2,15125.7,14547.1,14010.4,13511.7,13047.8,12615.2,12211.3,11833.5,11479.4,11147,10834.5,10540.2,10262.6,10000.4,9752.5,9517.67,9294.99,9083.58,8882.62,8691.38,8509.19,8335.45,8169.59
5351.24,5406.36,5463.3,5522.16,5583.03,5646,5711.2,5778.74,5848.75,5921.35,5996.7,6074.95,6156.27,6240.83,6328.84,6420.51,6516.05,6615.73,6719.8,6828.55,6942.3,7061.39,7186.2,7317.12,7454.62,7599.16,7751.29,7911.59,8080.69,8259.29,8448.16,8648.14,8860.17,9085.25,9324.52,9579.22,9850.71,10140.5,10450.3,10782,11137.8,11519.9,11931.3,12375.2,12855.3,13376.3,13943.4,14563,15242.3,15989.3,16811.5,17714.3,18698.2,19754.6,20861.5,21980.9,23059.7,24037.4,24858.2,25484.4,25902.6,26121.3,26166.5,26178.9,26128.5,25850.1,25339.8,24629.7,23772.2,22825.1,21840.2,20857.5,19904.2,18996.8,18143.6,17347.4,16607.8,15922,15286.7,14697.9,14151.8,13644.4,13172.4,12732.4,12321.7,11937.6,11577.8,11240,10922.6,10623.8,10342,10075.9,9824.33,9586.12,9360.3,9145.94,8942.23,8748.42,8563.83,8387.82,8219.84
5340.18,5394.9,5451.43,5509.84,5570.23,5632.72,5697.39,5764.38,5833.8,5905.78,5980.47,6058.02,6138.6,6222.37,6309.54,6400.31,6494.9,6593.54,6696.52,6804.09,6916.58,7034.31,7157.66,7287.02,7422.81,7565.52,7715.66,7873.8,8040.56,8216.61,8402.71,8599.66,8808.38,9029.84,9265.14,9515.47,9782.17,10066.7,10370.7,10695.9,11044.4,11418.6,11821.1,12254.9,12723.8,13231.8,13784.2,14387,15047,15771.9,16569.2,17444.8,18400.3,19429.7,20514.7,21621.7,22701.9,23697.1,24550.5,25220.1,25686.6,25953.2,26040.7,26030.4,26034.7,25827.1,25388.7,24742.2,23934.2,23020.7,22054.9,21079.8,20126,19212.7,18350.5,17543.7,16792.8,16095.8,15449.7,14850.7,14295,13778.8,13298.6,12851.2,12433.6,12043.1,11677.4,11334.3,11011.8,10708.4,10422.3,10152.3,9896.99,9655.35,9426.33,9208.99,9002.49,8806.08,8619.04,8440.74,8270.6
5329.21,5383.53,5439.64,5497.61,5557.55,5619.54,5683.7,5750.14,5818.98,5890.35,5964.39,6041.25,6121.1,6204.1,6290.44,6380.32,6473.96,6571.6,6673.5,6779.92,6891.17,7007.57,7129.48,7257.29,7391.42,7532.34,7680.53,7836.56,8001.03,8174.59,8357.97,8551.97,8757.46,8975.39,9206.82,9452.91,9714.94,9994.32,10292.6,10611.6,10953.2,11319.6,11713.5,12137.6,12595.5,13091.3,13629.6,14216.2,14857.7,15561.5,16334.8,17184.1,18111.9,19114.3,20176.2,21268.5,22346.6,23355.1,24237.1,24947,25460.2,25774.5,25905.9,25891,25923.7,25783.1,25416.1,24835.3,24080.3,23204.7,22262,21297.8,20345.9,19428.3,18558.2,17741.4,16979.6,16271.6,15614.7,15005.5,14440.1,13915,13426.6,12971.5,12546.9,12149.9,11778.2,11429.6,11102.1,10794,10503.6,10229.5,9970.49,9725.37,9493.1,9272.74,9063.41,8864.34,8674.82,8494.2,8321.88
5318.32,5372.25,5427.95,5485.49,5544.96,5606.47,5670.12,5736.02,5804.29,5875.06,5948.46,6024.65,6103.77,6186,6271.52,6360.54,6453.25,6549.9,6650.74,6756.02,6866.05,6981.15,7101.66,7227.95,7360.45,7499.6,7645.89,7799.85,7962.08,8133.21,8313.94,8505.06,8707.39,8921.88,9149.54,9391.5,9648.98,9923.37,10216.2,10529,10863.9,11222.9,11608.4,12023.2,12470.6,12954.4,13479.2,14050.4,14674.2,15357.7,16108.1,16931.9,17832.7,18808.2,19846.3,20921.9,21994.7,23012.5,23919.1,24666.2,25224.1,25585.4,25761.3,25779.4,25798,25719.2,25422.2,24908.2,24209.7,23376,22460.4,21510.5,20563,19643.1,18766.2,17940.2,17168,16449.2,15781.6,15162.1,14587.1,14053,13556.2,13093.4,12661.6,12258.1,11880.4,11526.2,11193.6,10880.6,10585.8,10307.7,10044.8,9796.19,9560.63,9337.19,9124.99,8923.24,8731.2,8548.22,8373.68
5307.51,5361.06,5416.35,5473.46,5532.48,5593.51,5656.66,5722.03,5789.74,5859.91,5932.68,6008.19,6086.61,6168.08,6252.8,6340.96,6432.76,6528.44,6628.23,6732.4,6841.23,6955.04,7074.17,7198.98,7329.88,7467.3,7611.72,7763.66,7923.7,8092.45,8270.59,8458.89,8658.15,8869.29,9093.27,9331.2,9584.27,9853.79,10141.2,10448.2,10776.5,11128.3,11505.7,11911.5,12348.8,12821.2,13333,13889.3,14496.2,15160.3,15888.7,16688,17562.4,18511.3,19525.1,20582.3,21647,22670.4,23597.5,24378.3,24978.7,25386,25606.7,25662.9,25660.3,25636.9,25407.4,24961,24321.5,23533.5,22649,21717,20776.8,19856.6,18974.3,18140,17357.8,16628.5,15950.4,15320.6,14735.9,14192.7,13687.4,13216.8,12777.9,12367.7,11983.8,11624,11286.1,10968.3,10669,10386.7,10120,9867.81,9628.9,9402.34,9187.23,8982.76,8788.17,8602.8,8426.02
5296.78,5349.95,5404.83,5461.52,5520.1,5580.66,5643.31,5708.16,5775.31,5844.89,5917.04,5991.9,6069.61,6150.34,6234.27,6321.58,6412.49,6507.2,6605.97,6709.04,6816.7,6929.25,7047.02,7170.38,7299.71,7435.43,7578.02,7727.99,7885.87,8052.3,8227.91,8413.46,8609.72,8817.58,9037.98,9271.99,9520.75,9785.55,10067.8,10369,10691,11035.7,11405.4,11802.4,12230,12691.3,13190.7,13732.8,14323.4,14968.9,15676.2,16452,17300.9,18223.4,19212.6,20250.2,21304.2,22329.6,23273.3,24084.3,24724.8,25176.7,25442.2,25538.7,25516.1,25537.7,25372.6,24993.4,24415,23676.3,22826.9,21916.3,20986.3,20068,19182,18340.4,17548.9,16809.4,16120.9,15481,14886.6,14334.2,13820.4,13341.9,12895.6,12478.7,12088.6,11723,11379.8,11057.1,10753.2,10466.7,10196.1,9940.24,9697.94,9468.22,9250.15,9042.91,8845.74,8657.94,8478.88
5286.13,5338.92,5393.41,5449.68,5507.82,5567.91,5630.07,5694.4,5761,5830.01,5901.54,5975.75,6052.77,6132.77,6215.92,6302.4,6392.42,6486.19,6583.95,6685.94,6792.45,6903.76,7020.21,7142.13,7269.92,7403.99,7544.78,7692.81,7848.6,8012.74,8185.89,8368.74,8562.07,8766.73,8983.64,9213.83,9458.41,9718.61,9995.8,10291.5,10607.3,10945.2,11307.3,11696,12114,12564.8,13052.2,13580.7,14155.7,14783.4,15470.5,16223.5,17047.6,17944.4,18908.8,19925.6,20966.9,21991.1,22947.6,23785.2,24462.9,24958,25267.8,25405.6,25401,25423.7,25318.8,25005.7,24489.9,23803.4,22992.8,22107.5,21190.9,20276.9,19388.8,18541,17741.1,16991.8,16293.1,15643.2,15039,14477.4,13955,13468.5,13014.8,12591,12194.6,11823.2,11474.6,11146.9,10838.4,10547.6,10273.1,10013.5,9767.74,9534.81,9313.75,9103.71,8903.91,8713.65,8532.29
5275.56,5327.98,5382.07,5437.93,5495.63,5555.27,5616.94,5680.76,5746.82,5815.26,5886.19,5959.75,6036.09,6115.37,6197.75,6283.42,6372.57,6465.41,6562.17,6663.11,6768.48,6878.57,6993.71,7114.23,7240.51,7372.95,7511.99,7658.12,7811.85,7973.77,8144.5,8324.72,8515.19,8716.73,8930.24,9156.7,9397.2,9652.93,9925.2,10215.5,10525.4,10856.7,11211.4,11591.9,12000.9,12441.5,12917.3,13432.7,13992.8,14603.4,15271.1,16002.3,16802.5,17674,18613.7,19609,20635.5,21655.5,22621.3,23481.8,24193.8,24730.2,25083.6,25263.4,25292.4,25297.1,25247.1,24998.3,24545.7,23914.2,23146,22289.5,21389.6,20482.5,19594.3,18741.7,17934,17175.5,16467,15807,15193.2,14622.4,14091.3,13596.7,13135.5,12704.8,12302,11924.6,11570.5,11237.8,10924.7,10629.5,10350.9,10087.6,9838.33,9602.14,9378.04,9165.15,8962.69,8769.94,8586.24
5265.07,5317.12,5370.82,5426.27,5483.54,5542.73,5603.92,5667.23,5732.77,5800.64,5870.97,5943.9,6019.57,6098.14,6179.76,6264.62,6352.92,6444.84,6540.63,6640.52,6744.78,6853.68,6967.54,7086.68,7211.48,7342.32,7479.64,7623.9,7775.62,7935.36,8103.73,8281.38,8469.06,8667.55,8877.74,9100.57,9337.1,9588.47,9855.97,10141,10445.1,10770,11117.6,11490.3,11890.5,12321.2,12785.9,13288.7,13834.5,14428.8,15077.9,15788.1,16565.1,17412,18327.1,19300.3,20310.5,21323.8,22295.3,23175.1,23918.4,24494.1,24890.1,25111.7,25177.6,25161.2,25158.9,24971.8,24582.5,24007.9,23285.4,22461.4,21581.5,20684.1,19797.8,18941.8,18127.4,17360.3,16642.3,15972.6,15349.1,14769.1,14229.3,13726.5,13257.7,12820,12410.7,12027.3,11667.7,11329.8,11011.9,10712.3,10429.6,10162.5,9909.7,9670.2,9443.02,9227.25,9022.09,8826.81,8640.73
5254.65,5306.34,5359.66,5414.7,5471.55,5530.29,5591.01,5653.82,5718.83,5786.14,5855.89,5928.19,6003.2,6081.07,6161.95,6246.02,6333.46,6424.49,6519.32,6618.19,6721.35,6829.07,6941.67,7059.46,7182.8,7312.08,7447.71,7590.16,7739.91,7897.51,8063.56,8238.71,8423.65,8619.17,8826.12,9045.41,9278.07,9525.2,9788.05,10068,10366.4,10685.1,11025.9,11390.9,11782.6,12203.8,12657.8,13148.6,13680.6,14259.2,14890.4,15580.5,16335.2,17158.2,18048.9,18999.6,19992.2,20996.4,21970.4,22866.1,23637.4,24250,24687.5,24950.8,25054.9,25032.4,25056,24927.1,24600.3,24084.1,23410.2,22622.2,21765.7,20880.9,19998.8,19141.1,18321.1,17546.1,16818.9,16139.6,15506.7,14917.4,14368.8,13857.9,13381.4,12936.6,12520.7,12131.2,11766,11422.9,11100.1,10796.1,10509.2,10238.2,9981.86,9739.01,9508.7,9290.01,9082.11,8884.27,8695.79
