N2 Specific Heat [J kg^-1 K^-1] CoolProp
1.71664e+07,108424,64629.4,47953.5,38884.6,33092.4,29032.9,26009.2,23658.1,21770.4,20216.7,18912.5,17799.8,16837.6,15996.2,15253.2,14591.5,13997.9,13461.9,12975.2,12530.9,12123.5,11748.3,11401.4,11079.7,10780.4,10501,10239.6,9994.31,9763.7,9546.4,9341.23,9147.15,8963.23,8788.66,8622.7,8464.69,8314.06,8170.26,8032.83,7901.31,7775.32,7654.5,7538.52,7427.08,7319.9,7216.74,7117.35,7021.52,6929.05,6839.77,6753.5,6670.08,6589.37,6511.22,6435.52,6362.14,6290.98,6221.92,6154.88,6089.75,6026.46,5964.93,5905.07,5846.82,5790.11,5734.88,5681.06,5628.6,5577.45,5527.56,5478.87,5431.35,5384.94,5339.61,5295.32,5252.04,5209.72,5168.33,5127.84,5088.23,5049.45,5011.49,4974.31,4937.9,4902.22,4867.26,4832.99,4799.39,4766.44,4734.11,4702.4,4671.29,4640.75,4610.77,4581.33,4552.42,4524.03,4496.13,4468.72,4441.78
205637,151229,75057.4,52827,41772.1,35029.8,30436.4,27080.4,24507.1,22462.8,20794.2,19402.8,18222.3,17206.3,16321.3,15542.4,14850.8,14232,13674.6,13169.4,12709.1,12287.7,11900.2,11542.6,11211.2,10903.2,10616.1,10347.7,10096.1,9859.77,9637.24,9427.29,9228.82,9040.87,8862.58,8693.18,8531.99,8378.4,8231.85,8091.85,7957.94,7829.71,7706.79,7588.84,7475.55,7366.63,7261.81,7160.87,7063.58,6969.73,6879.13,6791.61,6707.01,6625.17,6545.95,6469.23,6394.89,6322.79,6252.85,6184.96,6119.03,6054.97,5992.69,5932.13,5873.19,5815.83,5759.97,5705.55,5652.51,5600.81,5550.38,5501.17,5453.15,5406.26,5360.47,5315.74,5272.02,5229.28,5187.49,5146.62,5106.62,5067.48,5029.17,4991.65,4954.9,4918.91,4883.63,4849.06,4815.16,4781.93,4749.33,4717.35,4685.98,4655.18,4624.96,4595.28,4566.14,4537.52,4509.4,4481.77,4454.63
120860,270874,90316.8,59001.2,45201.5,37247.7,32005.6,28258.3,25429.2,23207.7,21410.8,19923.2,18668.5,17593.9,16661.8,15844.4,15120.8,14475.2,13895,13370.3,12893.2,12457.1,12056.7,11687.7,11346.3,11029.3,10734.1,10458.4,10200.3,9958.01,9730.07,9515.17,9312.16,9120.05,8937.92,8764.98,8600.51,8443.88,8294.5,8151.87,8015.5,7884.97,7759.9,7639.93,7524.73,7414.03,7307.53,7205,7106.21,7010.94,6919,6830.21,6744.4,6661.41,6581.11,6503.35,6428.01,6354.97,6284.13,6215.38,6148.63,6083.78,6020.75,5959.46,5899.84,5841.81,5785.31,5730.28,5676.66,5624.38,5573.41,5523.68,5475.15,5427.78,5381.52,5336.33,5292.17,5249.01,5206.81,5165.54,5125.17,5085.66,5046.99,5009.12,4972.04,4935.72,4900.13,4865.25,4831.06,4797.54,4764.66,4732.41,4700.77,4669.72,4639.24,4609.33,4579.95,4551.1,4522.76,4494.91,4467.56
89206.8,2.71666e+06,115047,67105.5,49348.3,39814.6,33772.5,29560.1,26434.6,24011.6,22070.8,20476.6,19140.4,18002.1,17019,16160.1,15402.3,14728.1,14123.7,13578.4,13083.4,12631.9,12218,11837.1,11485.1,11158.7,10855.1,10571.9,10307,10058.5,9824.94,9604.92,9397.23,9200.81,9014.72,8838.13,8670.29,8510.52,8358.24,8212.89,8074,7941.11,7813.83,7691.79,7574.66,7462.12,7353.91,7249.75,7149.43,7052.71,6959.4,6869.31,6782.26,6698.11,6616.69,6537.87,6461.52,6387.53,6315.77,6246.14,6178.55,6112.9,6049.1,5987.08,5926.76,5868.05,5810.91,5755.25,5701.03,5648.18,5596.65,5546.39,5497.35,5449.49,5402.75,5357.1,5312.5,5268.91,5226.3,5184.63,5143.87,5103.98,5064.95,5026.73,4989.31,4952.66,4916.75,4881.56,4847.07,4813.26,4780.1,4747.58,4715.67,4684.36,4653.63,4623.47,4593.85,4564.77,4536.2,4508.14,4480.57
72204.4,257161,162896,78263.5,54474.4,42823.1,35778.8,31007.2,27535.5,24881.9,22779.1,21066.3,19640.5,18432.5,17394.1,16490.5,15696.1,14991.3,14361.2,13793.9,13280.2,12812.3,12384.3,11990.8,11627.8,11291.6,10979.3,10688.2,10416.2,10161.3,9921.93,9696.61,9484.07,9283.21,9093.04,8912.68,8741.36,8578.37,8423.09,8274.97,8133.48,7998.17,7868.62,7744.46,7625.33,7510.92,7400.95,7295.13,7193.24,7095.04,7000.33,6908.91,6820.61,6735.26,6652.7,6572.81,6495.43,6420.46,6347.76,6277.25,6208.8,6142.34,6077.76,6014.99,5953.95,5894.56,5836.76,5780.47,5725.64,5672.21,5620.12,5569.32,5519.76,5471.39,5424.17,5378.06,5333.01,5288.98,5245.95,5203.87,5162.72,5122.46,5083.06,5044.49,5006.72,4969.74,4933.5,4898,4863.21,4829.1,4795.65,4762.85,4730.67,4699.1,4668.12,4637.71,4607.85,4578.54,4549.74,4521.46,4493.67
61439.6,137318,299157,94701.9,60989.2,46402.8,38078.3,32626.5,28746.8,25827.6,23541.5,21696.2,20171.3,18887,17788.6,16836.7,16002.9,15265.5,14607.9,14017.4,13483.8,12998.8,12555.7,12149.2,11774.6,11428.2,11106.7,10807.4,10528.1,10266.5,10021.1,9790.3,9572.75,9367.3,9172.91,8988.66,8813.75,8647.45,8489.09,8338.1,8193.95,8056.16,7924.29,7797.95,7676.78,7560.45,7448.67,7341.16,7237.66,7137.95,7041.81,6949.03,6859.45,6772.88,6689.17,6608.17,6529.75,6453.77,6380.13,6308.7,6239.39,6172.1,6106.73,6043.2,5981.43,5921.35,5862.87,5805.94,5750.5,5696.47,5643.81,5592.46,5542.37,5493.5,5445.78,5399.2,5353.69,5309.23,5265.77,5223.28,5181.73,5141.08,5101.31,5062.38,5024.27,4986.94,4950.39,4914.57,4879.46,4845.06,4811.32,4778.24,4745.79,4713.95,4682.71,4652.05,4621.95,4592.4,4563.37,4534.87,4506.86
53943.8,97801.5,1.41406e+06,121554,69571.2,50740.1,40743,34451.5,30086.4,26859.3,24364.5,22370.7,20735.9,19367.9,18204,17200,16323.7,15551.3,14864.5,14249.3,13694.6,13191.5,12732.7,12312.4,11925.7,11568.6,11237.5,10929.7,10642.7,10374.2,10122.6,9886.06,9663.32,9453.12,9254.38,9066.12,8887.52,8717.79,8556.27,8402.34,8255.45,8115.1,7980.84,7852.27,7729.01,7610.72,7497.1,7387.85,7282.71,7181.45,7083.84,6989.69,6898.79,6810.97,6726.08,6643.96,6564.47,6487.48,6412.86,6340.51,6270.32,6202.18,6136,6071.7,6009.2,5948.4,5889.25,5831.67,5775.6,5720.97,5667.73,5615.82,5565.2,5515.8,5467.59,5420.53,5374.56,5329.65,5285.76,5242.85,5200.9,5159.86,5119.71,5080.42,5041.95,5004.29,4967.4,4931.26,4895.84,4861.13,4827.11,4793.74,4761.01,4728.91,4697.41,4666.49,4636.15,4606.35,4577.1,4548.36,4520.13
48388.9,77666.7,319935,173859,81433.7,56113.2,43870.4,36525.6,31576.6,27989.6,25255.9,23094.8,21337.8,19877.6,18642.2,17581.5,16659.4,15849.5,15131.6,14490.1,13913.1,13390.8,12915.4,12480.6,12081.2,11712.9,11371.9,11055.2,10760.2,10484.5,10226.4,9983.97,9755.85,9540.74,9337.49,9145.11,8962.69,8789.44,8624.66,8467.7,8317.99,8175.02,8038.32,7907.46,7782.05,7661.75,7546.23,7435.2,7328.39,7225.55,7126.45,7030.88,6938.64,6849.55,6763.46,6680.19,6599.61,6521.58,6445.98,6372.69,6301.59,6232.6,6165.6,6100.51,6037.25,5975.74,5915.89,5857.65,5800.94,5745.7,5691.87,5639.4,5588.23,5538.31,5489.6,5442.04,5395.61,5350.24,5305.92,5262.59,5220.23,5178.8,5138.26,5098.6,5059.78,5021.77,4984.54,4948.08,4912.35,4877.33,4843.01,4809.35,4776.35,4743.97,4712.21,4681.04,4650.44,4620.4,4590.91,4561.95,4533.5
44087.2,65298.7,156176,319573,98980.1,62957.9,47597,38905.2,33245.1,29233.7,26224.9,23874.3,21980.9,20418.7,19105,17982.7,17011.3,16161,15409.7,14740.3,14139.6,13597,13104.1,12654.1,12241.4,11861.3,11509.9,11184,10880.6,10597.5,10332.6,10084.1,9850.41,9630.22,9422.32,9225.66,9039.31,8862.43,8694.29,8534.22,8381.62,8235.95,8096.74,7963.53,7835.92,7713.56,7596.1,7483.25,7374.72,7270.26,7169.63,7072.61,6979.01,6888.63,6801.3,6716.87,6635.18,6556.09,6479.48,6405.23,6333.22,6263.35,6195.52,6129.63,6065.61,6003.36,5942.81,5883.89,5826.54,5770.68,5716.25,5663.2,5611.48,5561.03,5511.81,5463.76,5416.84,5371.02,5326.25,5282.49,5239.72,5197.89,5156.97,5116.93,5077.74,5039.38,5001.82,4965.02,4928.98,4893.65,4859.03,4825.08,4791.79,4759.14,4727.11,4695.68,4664.83,4634.55,4604.82,4575.63,4546.95
40644.8,56857.2,107310,952070,127716,71995.6,52118.9,41665.3,35127,30610.4,27282.4,24716.2,22669.6,20994.5,19594.8,18405.4,17380.4,16486.8,15699.8,15000.5,14374.6,13810.6,13299.2,12833.2,12406.5,12014.1,11651.8,11316.2,11004.2,10713.3,10441.4,10186.5,9947.05,9721.6,9508.89,9307.82,9117.42,8936.8,8765.2,8601.92,8446.35,8297.91,8156.11,8020.49,7890.63,7766.16,7646.72,7532,7421.72,7315.6,7213.41,7114.92,7019.91,6928.21,6839.63,6754,6671.18,6591.01,6513.38,6438.15,6365.21,6294.45,6225.76,6159.06,6094.26,6031.27,5970,5910.4,5852.39,5795.9,5740.86,5687.23,5634.95,5583.96,5534.22,5485.67,5438.27,5391.98,5346.76,5302.57,5259.37,5217.14,5175.82,5135.41,5095.86,5057.14,5019.23,4982.1,4945.73,4910.09,4875.17,4840.93,4807.35,4774.42,4742.12,4710.43,4679.33,4648.8,4618.83,4589.4,4560.5
37819.4,50690.4,83586.3,380312,183347,84513.5,57729.3,44908.2,37267.3,32142.7,28441.4,25628.3,23409.2,21608.3,20113.9,18851.2,17768.2,16827.8,16002.4,15271.4,14618.7,14031.9,13501,13018.2,12576.7,12171.4,11797.7,11452,11130.9,10832,10552.8,10291.3,10045.9,9814.97,9597.28,9391.66,9197.06,9012.58,8837.42,8670.84,8512.21,8360.93,8216.48,8078.39,7946.21,7819.57,7698.1,7581.47,7469.39,7361.58,7257.79,7157.79,7061.36,6968.3,6878.44,6791.6,6707.62,6626.36,6547.68,6471.45,6397.56,6325.89,6256.34,6188.81,6123.22,6059.47,5997.48,5937.18,5878.5,5821.36,5765.72,5711.5,5658.64,5607.1,5556.83,5507.77,5459.88,5413.12,5367.45,5322.82,5279.19,5236.55,5194.84,5154.04,5114.11,5075.04,5036.78,4999.32,4962.62,4926.66,4891.43,4856.89,4823.02,4789.82,4757.24,4725.28,4693.93,4663.15,4632.93,4603.27,4574.13
35452.9,45966,69425.5,176740,328466,103043,64885.8,48776.3,39724.6,33859.3,29717.7,26620.1,24205.6,22264.3,20665.2,19322.2,18176.2,17185.2,16318.7,15553.5,14872.3,14261.4,13709.9,13209.2,12752.3,12333.4,11947.8,11591.5,11261,10953.6,10666.8,10398.5,10146.9,9910.37,9687.54,9477.21,9278.28,9089.83,8910.99,8741.02,8579.24,8425.03,8277.86,8137.22,8002.68,7873.81,7750.26,7631.67,7517.75,7408.21,7302.79,7201.24,7103.36,7008.92,6917.75,6829.67,6744.51,6662.13,6582.38,6505.14,6430.28,6357.69,6287.26,6218.89,6152.49,6087.97,6025.24,5964.23,5904.87,5847.09,5790.81,5735.99,5682.56,5630.46,5579.65,5530.08,5481.69,5434.45,5388.31,5343.24,5299.18,5256.12,5214.01,5172.82,5132.52,5093.08,5054.47,5016.66,4979.63,4943.36,4907.81,4872.97,4838.81,4805.32,4772.47,4740.24,4708.62,4677.59,4647.13,4617.23,4587.86
33437.8,42217.7,59943.3,117591,715553,133278,74344.3,53474.2,42577,35796.4,31130.6,27702.8,25065.9,22967,21251.8,19820.6,18605.9,17560.2,16649.3,15847.7,15136.1,14499.5,13926.2,13406.7,12933.5,12500.4,12102.3,11734.9,11394.6,11078.4,10783.7,10508.3,10250.3,10007.9,9779.73,9564.53,9361.14,9168.58,8985.96,8812.49,8647.46,8490.25,8340.28,8197.03,8060.05,7928.91,7803.22,7682.63,7566.83,7455.51,7348.42,7245.3,7145.92,7050.07,6957.57,6868.22,6781.86,6698.34,6617.5,6539.23,6463.38,6389.85,6318.52,6249.3,6182.07,6116.77,6053.29,5991.56,5931.51,5873.06,5816.15,5760.72,5706.7,5654.04,5602.69,5552.59,5503.7,5455.97,5409.36,5363.83,5319.35,5275.86,5233.34,5191.76,5151.07,5111.26,5072.3,5034.14,4996.78,4960.18,4924.32,4889.17,4854.72,4820.94,4787.81,4755.31,4723.43,4692.14,4661.43,4631.28,4601.68
31698.3,39162.1,53111.2,89914.2,415166,190626,87443.1,59307.1,45930.3,38000.7,32703.8,28889.8,25998.2,23721.7,21877.4,20349.1,19059.2,17954.2,16995.5,16154.8,15410.7,14746.8,14150.3,13610.9,13120.6,12672.5,12261.3,11882.3,11531.8,11206.5,10903.6,10620.8,10356,10107.6,9873.92,9653.67,9445.68,9248.88,9062.35,8885.28,8716.92,8556.61,8403.76,8257.84,8118.35,7984.87,7856.99,7734.35,7616.62,7503.49,7394.69,7289.96,7189.06,7091.77,6997.9,6907.26,6819.67,6734.99,6653.05,6573.72,6496.87,6422.38,6350.13,6280.04,6211.98,6145.87,6081.63,6019.17,5958.42,5899.3,5841.75,5785.69,5731.08,5677.84,5625.94,5575.31,5525.9,5477.68,5430.6,5384.61,5339.68,5295.77,5252.83,5210.85,5169.78,5129.6,5090.27,5051.76,5014.06,4977.13,4940.95,4905.49,4870.74,4836.67,4803.26,4770.49,4738.34,4706.79,4675.83,4645.43,4615.59
30179.2,36617.4,47931.8,73796.3,197381,325660,106776,66749.8,49932.3,40532.6,34466.9,30197.4,27012.2,24534.6,22546,20910.3,19538.2,18368.7,17358.4,16475.6,15696.8,15003.8,14382.7,13822.4,13313.9,12850.1,12425.1,12034,11672.8,11337.9,11026.4,10735.9,10464.3,10209.5,9970.16,9744.71,9531.94,9330.77,9140.22,8959.43,8787.63,8624.14,8468.33,8319.66,8177.61,8041.73,7911.61,7786.86,7667.16,7552.17,7441.62,7335.24,7232.78,7134.02,7038.76,6946.8,6857.96,6772.09,6689.02,6608.61,6530.74,6455.28,6382.1,6311.12,6242.21,6175.29,6110.28,6047.07,5985.61,5925.8,5867.59,5810.91,5755.68,5701.87,5649.4,5598.23,5548.31,5499.59,5452.02,5405.57,5360.19,5315.84,5272.49,5230.1,5188.64,5148.08,5108.38,5069.52,5031.47,4994.21,4957.71,4921.94,4886.88,4852.52,4818.82,4785.77,4753.35,4721.54,4690.32,4659.68,4629.6
28839.3,34461,43856,63188.9,128341,571839,137991,76580.4,54794.3,43472.7,36457.2,31645.4,28119.5,25412.9,23262.4,21507.6,20045.2,18805.4,17739.1,16811.1,15995.1,15271.1,14623.9,14041.3,13513.7,13033.4,12593.9,12190.1,11817.6,11472.8,11152.4,10853.9,10575.1,10313.8,10068.5,9837.69,9620,9414.3,9219.6,9034.98,8859.65,8692.88,8534.03,8382.53,8237.84,8099.5,7967.08,7840.18,7718.45,7601.56,7489.22,7381.15,7277.1,7176.84,7080.16,6986.85,6896.74,6809.65,6725.43,6643.93,6565.01,6488.56,6414.44,6342.54,6272.77,6205.03,6139.22,6075.26,6013.07,5952.57,5893.69,5836.37,5780.53,5726.12,5673.09,5621.37,5570.92,5521.69,5473.64,5426.71,5380.87,5336.09,5292.31,5249.51,5207.65,5166.71,5126.64,5087.42,5049.03,5011.43,4974.59,4938.51,4903.15,4868.48,4834.49,4801.16,4768.47,4736.4,4704.92,4674.03,4643.71
27647.3,32607.1,40555.8,55643,96550.2,415183,195184,90160.1,60830.4,46930.1,38722.5,33258,29333.7,26364.9,24031.9,22144.6,20582.7,19266.1,18139.2,17162.4,16306.4,15549.4,14874.4,14268.2,13720.4,13222.6,12768,12350.9,11966.6,11611.4,11281.7,10974.9,10688.5,10420.5,10169.1,9932.69,9709.89,9499.53,9300.54,9111.98,8933,8762.86,8600.88,8446.47,8299.08,8158.21,8023.43,7894.32,7770.52,7651.68,7537.51,7427.72,7322.04,7220.24,7122.11,7027.42,6936.01,6847.68,6762.29,6679.67,6599.69,6522.22,6447.13,6374.32,6303.67,6235.09,6168.48,6103.75,6040.82,5979.61,5920.06,5862.08,5805.62,5750.61,5697,5644.73,5593.74,5544,5495.45,5448.04,5401.74,5356.51,5312.3,5269.08,5226.82,5185.49,5145.04,5105.46,5066.71,5028.77,4991.61,4955.2,4919.53,4884.56,4850.28,4816.67,4783.7,4751.36,4719.62,4688.48,4657.91
26578.9,30993.9,37822.5,49978.5,78367.4,215569,313991,110066,68525.5,51056.2,41325.1,35065.5,30671.4,27400.4,24860.8,22825.5,21153.7,19752.9,18560.1,17530.6,16631.7,15839.3,15134.7,14503.5,13934.3,13418.1,12947.5,12516.5,12119.9,11753.7,11414.4,11098.9,10804.8,10529.8,10272,10029.8,9801.69,9586.51,9383.09,9190.45,9007.72,8834.11,8668.91,8511.51,8361.34,8217.88,8080.68,7949.3,7823.37,7702.55,7586.5,7474.94,7367.6,7264.24,7164.61,7068.53,6975.78,6886.19,6799.6,6715.84,6634.78,6556.28,6480.21,6406.46,6334.91,6265.48,6198.04,6132.53,6068.85,6006.93,5946.68,5888.05,5830.95,5775.33,5721.13,5668.3,5616.77,5566.5,5517.45,5469.56,5422.79,5377.1,5332.46,5288.82,5246.15,5204.42,5163.6,5123.65,5084.54,5046.25,5008.76,4972.03,4936.04,4900.77,4866.19,4832.29,4799.04,4766.43,4734.43,4703.03,4672.21
25615.1,29575.4,35517.2,45555.7,66570.8,139044,475292,141648,78666.4,56067.3,44347.4,37106.3,32153,28531.4,25756.5,23555.1,21761.3,20268.2,19003.5,17916.9,16972,16141.6,15405.4,14747.7,14155.9,13620.3,13132.8,12687.1,12277.7,11900.1,11550.6,11226.2,10923.9,10641.6,10377.2,10129,9895.46,9675.29,9467.3,9270.46,9083.85,8906.66,8738.16,8577.69,8424.66,8278.53,8138.84,8005.14,7877.04,7754.17,7636.21,7522.84,7413.8,7308.83,7207.69,7110.17,7016.06,6925.19,6837.37,6752.45,6670.29,6590.73,6513.66,6438.96,6366.5,6296.19,6227.93,6161.62,6097.18,6034.53,5973.58,5914.27,5856.53,5800.29,5745.5,5692.09,5640.01,5589.21,5539.65,5491.26,5444.02,5397.87,5352.79,5308.72,5265.64,5223.51,5182.3,5141.98,5102.51,5063.87,5026.04,4988.98,4952.67,4917.09,4882.21,4848.02,4814.49,4781.6,4749.34,4717.68,4686.61
24740.3,28317,33543.2,41997.2,58272.1,103332,391978,196851,92603.7,62282.1,47900.7,39429.2,33803.1,29771.6,26727.4,24339,22409.5,20814.5,19471.4,18322.9,17328.2,16457.2,15687.3,15001.2,14385.5,13829.3,13324.2,12863,12440.1,12050.6,11690.6,11356.7,11046,10756.1,10484.8,10230.4,9991.25,9765.92,9553.21,9352.04,9161.44,8980.57,8808.65,8645.02,8489.05,8340.2,8197.95,8061.87,7931.54,7806.57,7686.64,7571.43,7460.65,7354.04,7251.35,7152.36,7056.87,6964.68,6875.61,6789.51,6706.22,6625.6,6547.51,6471.83,6398.45,6327.25,6258.14,6191.02,6125.81,6062.41,6000.75,5940.76,5882.36,5825.5,5770.1,5716.11,5663.47,5612.13,5562.05,5513.16,5465.44,5418.83,5373.29,5328.79,5285.3,5242.76,5201.16,5160.46,5120.62,5081.63,5043.45,5006.06,4969.43,4933.53,4898.36,4863.87,4830.05,4796.89,4764.35,4732.43,4701.11
23942.3,27191.9,31831.4,39065.8,52097.3,83070,228667,297190,112812,70188.4,52139,42097.7,35652.8,31138.2,27783.7,25183.4,23102.3,21394.9,19965.8,18750.1,17701.6,16786.9,15981,15264.8,14623.6,14045.7,13521.9,13044.5,12607.4,12205.4,11834.4,11490.6,11171.2,10873.4,10595,10334.2,10089.1,9858.48,9640.89,9435.23,9240.52,9055.85,8880.43,8713.54,8554.56,8402.89,8258.03,8119.5,7986.88,7859.77,7737.83,7620.73,7508.17,7399.87,7295.6,7195.12,7098.21,7004.68,6914.34,6827.03,6742.59,6660.88,6581.75,6505.08,6430.75,6358.65,6288.68,6220.74,6154.73,6090.58,6028.2,5967.51,5908.45,5850.95,5794.93,5740.35,5687.15,5635.26,5584.65,5535.26,5487.05,5439.96,5393.97,5349.04,5305.11,5262.17,5220.17,5179.08,5138.88,5099.53,5061,5023.27,4986.31,4950.1,4914.62,4879.83,4845.73,4812.28,4779.48,4747.29,4715.71
23210.8,26179.1,30330.9,36604.4,47310.5,70054.3,149012,405980,144112,80565.5,57280.8,45195.4,37741,32651.6,28937.3,26095.8,23844.7,22012.6,20489.2,19200.1,18093.4,17131.7,16287.2,15538.9,14870.7,14269.9,13726.3,13231.8,12779.8,12364.8,11982.2,11628.2,11299.6,10993.6,10707.8,10440.3,10189.2,9953.01,9730.37,9520.1,9321.14,9132.56,8953.52,8783.29,8621.2,8466.65,8319.1,8178.06,8043.09,7913.79,7789.78,7670.74,7556.36,7446.35,7340.46,7238.45,7140.09,7045.19,6953.55,6865.01,6779.4,6696.57,6616.39,6538.71,6463.42,6390.4,6319.55,6250.77,6183.97,6119.05,6055.93,5994.54,5934.8,5876.64,5820.01,5764.83,5711.05,5658.61,5607.46,5557.56,5508.85,5461.29,5414.83,5369.45,5325.1,5281.74,5239.34,5197.86,5157.28,5117.57,5078.69,5040.62,5003.33,4966.8,4931,4895.91,4861.52,4827.79,4794.7,4762.25,4730.41
22537.4,25261.7,29003.4,34505,43482.1,60978.4,110031,360121,195812,94718.6,63645.3,48835,40117.3,34337.2,30202.4,27084.9,24642.4,22671.5,21044.1,19675,18505.2,17492.8,16606.9,15824.3,15127.3,14502.1,13937.7,13425.2,12957.5,12528.8,12134.1,11769.5,11431.3,11116.8,10823.3,10548.9,10291.5,10049.6,9821.74,9606.69,9403.34,9210.72,9027.97,8854.29,8689.01,8531.49,8381.18,8237.57,8100.19,7968.63,7842.52,7721.5,7605.25,7493.48,7385.94,7282.36,7182.53,7086.23,6993.27,6903.47,6816.66,6732.7,6651.43,6572.73,6496.46,6422.51,6350.76,6281.13,6213.51,6147.81,6083.94,6021.84,5961.41,5902.6,5845.33,5789.54,5735.17,5682.17,5630.48,5580.05,5530.84,5482.79,5435.87,5390.04,5345.25,5301.47,5258.66,5216.79,5175.83,5135.75,5096.51,5058.1,5020.47,4983.62,4947.51,4912.11,4877.42,4843.4,4810.04,4777.32,4745.21
21915.2,24426.4,27819.3,32690.6,40344,54275.6,87809,235141,278304,114939,71714.7,53171.5,42845.9,36226.3,31596.2,28161,25501.6,23375.9,21633.6,20176.8,18938.4,17871.2,16940.8,16121.6,15394.1,14743,14156.5,13625,13140.9,12697.8,12290.5,11914.6,11566.5,11243.1,10941.7,10660,10396.1,10148.3,9915.03,9695.05,9487.18,9290.4,9103.8,8926.58,8758.01,8597.45,8444.3,8298.04,8158.2,8024.33,7896.06,7773,7654.85,7541.29,7432.05,7326.87,7225.53,7127.8,7033.49,6942.41,6854.39,6769.26,6686.9,6607.14,6529.87,6454.97,6382.32,6311.82,6243.37,6176.87,6112.25,6049.41,5988.29,5928.8,5870.89,5814.48,5759.52,5705.95,5653.71,5602.75,5553.03,5504.49,5457.1,5410.8,5365.57,5321.37,5278.14,5235.88,5194.53,5154.07,5114.48,5075.71,5037.75,5000.57,4964.14,4928.44,4893.44,4859.13,4825.49,4792.49,4760.12
21338.2,23661.9,26755.7,31104.8,37720.2,49112.2,73591.1,157484,353820,145336,82244.2,58422.7,46011.1,38358.2,33139.6,29336,26430.1,24130.6,22261.1,20707.9,19394.8,18268.4,17290.2,16431.7,15671.5,14993,14383.1,13831.6,13330.2,12872,12451.4,12063.8,11705.3,11372.6,11062.9,10773.8,10503.1,10249.2,10010.3,9785.24,9572.7,9371.62,9181.07,9000.2,8828.25,8664.55,8508.49,8359.52,8217.14,8080.91,7950.41,7825.28,7705.17,7589.77,7478.8,7371.99,7269.11,7169.92,7074.23,6981.84,6892.57,6806.27,6722.78,6641.96,6563.68,6487.8,6414.23,6342.84,6273.55,6206.25,6140.85,6077.27,6015.44,5955.27,5896.7,5839.67,5784.1,5729.95,5677.15,5625.66,5575.42,5526.38,5478.51,5431.75,5386.07,5341.43,5297.79,5255.12,5213.38,5172.55,5132.58,5093.46,5055.16,5017.64,4980.89,4944.88,4909.58,4874.98,4841.05,4807.77,4775.13
20801.5,22959.3,25794.3,29705.5,35490.5,45004.4,63734.7,116364,327564,192511,96459.3,64903.7,49726,40783.1,34858.1,30624.5,27436.5,24941.4,22930.3,21271.2,19876.5,18685.8,17655.9,16755.4,15960.3,15252.6,14618,14045.3,13525.6,13051.5,12617.1,12217.3,11847.9,11505.6,11187.2,10890.3,10612.6,10352.3,10107.7,9877.32,9659.95,9454.44,9259.82,9075.18,8899.76,8732.83,8573.77,8422.01,8277.04,8138.38,8005.61,7878.34,7756.23,7638.95,7526.21,7417.73,7313.27,7212.6,7115.49,7021.77,6931.24,6843.73,6759.1,6677.19,6597.87,6521.01,6446.49,6374.21,6304.05,6235.93,6169.75,6105.42,6042.86,5982,5922.77,5865.1,5808.92,5754.18,5700.82,5648.78,5598.01,5548.47,5500.1,5452.88,5406.74,5361.66,5317.6,5274.52,5232.39,5191.17,5150.83,5111.36,5072.7,5034.85,4997.77,4961.44,4925.84,4890.94,4856.72,4823.17,4790.25
20300.6,22311,24920.3,28460.4,33569.7,41652.6,56496.8,92458.7,235162,259277,116398,73082.5,54144.5,43565.3,36783.3,32043.9,28531.2,25814.8,23645.7,21869.4,20385.4,19124.9,18039.3,17093.5,16261.2,15522.4,14861.5,14266.5,13727.6,13236.8,12787.7,12375.1,11994.4,11642,11314.6,11009.6,10724.7,10457.8,10207.2,9971.34,9748.98,9538.91,9340.08,9151.57,8972.56,8802.31,8640.18,8485.55,8337.91,8196.76,8061.66,7932.21,7808.05,7688.85,7574.3,7464.11,7358.04,7255.84,7157.3,7062.21,6970.39,6881.65,6795.86,6712.84,6632.46,6554.6,6479.12,6405.92,6334.89,6265.93,6198.95,6133.85,6070.56,6009,5949.1,5890.78,5833.98,5778.64,5724.7,5672.1,5620.8,5570.75,5521.89,5474.18,5427.59,5382.07,5337.57,5294.08,5251.54,5209.94,5169.23,5129.39,5090.38,5052.19,5014.78,4978.13,4942.22,4907.02,4872.51,4838.67,4805.48
19831.9,21710.6,24121.8,27344.3,31895.7,38861.2,50949.6,77119.8,163809,313160,145362,83673.8,59481.3,46789.2,38954.9,33615,29726.5,26758.5,24412.2,22506.2,20924.1,19587.5,18441.7,17447.2,16575,15803,15114.3,14495.6,13936.3,13428,12963.6,12537.5,12145,11782.1,11445.3,11131.9,10839.4,10565.6,10308.8,10067.4,9839.86,9625.06,9421.89,9229.39,9046.69,8873.04,8707.74,8550.17,8399.79,8256.08,8118.59,7986.9,7860.65,7739.47,7623.07,7511.14,7403.42,7299.66,7199.65,7103.17,7010.03,6920.05,6833.06,6748.91,6667.46,6588.57,6512.12,6437.99,6366.07,6296.26,6228.46,6162.59,6098.55,6036.28,5975.68,5916.71,5859.27,5803.33,5748.8,5695.65,5643.81,5593.23,5543.87,5495.68,5448.62,5402.64,5357.72,5313.8,5270.86,5228.86,5187.77,5147.56,5108.2,5069.66,5031.92,4994.95,4958.72,4923.21,4888.41,4854.28,4820.81
19392.3,21152.6,23389.1,26337.3,30422.3,36497.2,46556.5,66506.6,122027,297692,187504,97793.7,66042.3,50566.8,41422.9,35363.6,31036.8,27781.2,25235.5,23185.3,21495.2,20075.6,18864.4,17817.5,16902.5,16095.1,15376.8,14733,14152.2,13625.4,13144.9,12704.8,12299.9,11925.9,11579.4,11257.3,10956.9,10676,10412.8,10165.5,9932.64,9712.96,9505.32,9308.7,9122.2,8945.03,8776.48,8615.89,8462.69,8316.36,8176.42,8042.44,7914.03,7790.84,7672.54,7558.82,7449.42,7344.08,7242.56,7144.66,7050.17,6958.91,6870.71,6785.41,6702.87,6622.93,6545.49,6470.41,6397.58,6326.91,6258.28,6191.62,6126.83,6063.82,6002.54,5942.89,5884.82,5828.25,5773.14,5719.41,5667.02,5615.91,5566.04,5517.36,5469.83,5423.4,5378.03,5333.69,5290.33,5247.94,5206.46,5165.88,5126.16,5087.27,5049.19,5011.89,4975.34,4939.53,4904.43,4870.01,4836.26
18979,20632.6,22713.8,25423.5,29114.2,34466.8,42986.2,58739.6,96879.2,230150,241147,117179,74272.6,55049.5,44251.5,37321.5,32479.6,28893.4,26122.3,23911.1,22101.9,20591.4,19309.2,18205.6,17244.7,16399.5,15649.6,14979.1,14375.7,13829.3,13332,12877.1,12459.2,12073.8,11717,11385.8,11077.2,10789,10519.1,10265.7,10027.4,9802.66,9590.4,9389.53,9199.12,9018.33,8846.43,8682.73,8526.64,8377.62,8235.16,8098.84,7968.23,7842.97,7722.73,7607.18,7496.06,7389.09,7286.05,7186.69,7090.83,6998.27,6908.83,6822.36,6738.69,6657.7,6579.24,6503.2,6429.45,6357.89,6288.43,6220.96,6155.39,6091.65,6029.66,5969.33,5910.61,5853.42,5797.7,5743.39,5690.45,5638.8,5588.42,5539.24,5491.22,5444.33,5398.51,5353.74,5309.97,5267.17,5225.3,5184.34,5144.26,5105.02,5066.59,5028.96,4992.09,4955.97,4920.56,4885.85,4851.81
18589.5,20146.6,22089.3,24590.1,27944,32702,40023.2,52808.9,80566.7,167626,280587,144307,84832.5,60445.8,47524.1,39528.1,34076,30107.4,27080.2,24688.7,22747.5,21137.3,19777.7,18612.9,17602.6,16716.9,15933.3,15234.6,14607.1,14040.2,13525,13054.6,12623.1,12225.7,11858.3,11517.6,11200.5,10904.7,10627.8,10368.2,10124.1,9894.22,9677.18,9471.93,9277.49,9092.98,8917.63,8750.74,8591.68,8439.89,8294.86,8156.12,8023.25,7895.88,7773.65,7656.24,7543.35,7434.73,7330.11,7229.28,7132.01,7038.12,6947.42,6859.75,6774.95,6692.87,6613.38,6536.35,6461.67,6389.22,6318.89,6250.61,6184.26,6119.77,6057.05,5996.04,5936.65,5878.82,5822.49,5767.6,5714.09,5661.9,5610.99,5561.31,5512.81,5465.44,5419.17,5373.96,5329.77,5286.56,5244.3,5202.96,5162.5,5122.9,5084.13,5046.16,5008.97,4972.53,4936.81,4901.8,4867.48
18221.8,19691.1,21509.6,23826.3,26890.2,31152.4,37521.7,48128.8,69252.3,126730,271287,181342,98705,67047.6,51350.7,42033.1,35851.7,31437.7,28118.1,25523.9,23436,21716,20272.1,19040.9,17977.3,17048.1,16228.7,15499.9,14847,14258.3,13724.4,13237.6,12791.9,12381.9,12003.5,11652.8,11326.9,11023.1,10739.1,10473,10223,9987.69,9765.72,9555.95,9357.35,9169,8990.11,8819.93,8657.82,8503.19,8355.51,8214.3,8079.13,7949.58,7825.32,7705.99,7591.31,7480.99,7374.77,7272.42,7173.73,7078.48,6986.49,6897.6,6811.64,6728.46,6647.91,6569.88,6494.25,6420.88,6349.69,6280.57,6213.42,6148.17,6084.72,6023.01,5962.95,5904.47,5847.52,5792.03,5737.95,5685.21,5633.77,5583.57,5534.58,5486.73,5440.01,5394.35,5349.73,5306.11,5263.45,5221.72,5180.89,5140.92,5101.8,5063.49,5025.97,4989.21,4953.18,4917.87,4883.26
17873.9,19263.2,20969.9,23123.4,25935.5,29779.5,35379.2,44337.8,60978.5,100918,221861,224375,117302,75269.9,55878.4,44900.1,37838.2,32901.9,29246.5,26423.2,24171.7,22330.6,20794.4,19491.1,18370,17394.2,16536.4,15775.6,15095.7,14484,13930.3,13426.5,12965.8,12542.7,12152.6,11791.6,11456.5,11144.4,10853,10580.1,10324,10083.1,9856.07,9641.64,9438.74,9246.45,9063.9,8890.34,8725.1,8567.55,8417.16,8273.41,8135.86,8004.1,7877.75,7756.47,7639.95,7527.89,7420.04,7316.14,7215.98,7119.35,7026.05,6935.92,6848.77,6764.46,6682.85,6603.8,6527.19,6452.9,6380.82,6310.85,6242.89,6176.87,6112.68,6050.25,5989.5,5930.37,5872.79,5816.7,5762.03,5708.73,5656.75,5606.04,5556.54,5508.21,5461.02,5414.91,5369.86,5325.81,5282.75,5240.63,5199.42,5159.09,5119.61,5080.96,5043.1,5006.01,4969.68,4934.06,4899.15
17544.2,18860.4,20466,22474.1,25066.1,28553.8,33521.5,41201.2,54673.5,83849.5,168922,253915,142333,85706.3,61306.5,48210.8,40074.8,34520.9,30477.6,27394.3,24959.8,22984.6,21347.1,19965.3,18782.1,17756.2,16857.2,16062.3,15353.8,14717.7,14143.2,13621.3,13144.9,12708.1,12305.8,11934.1,11589.4,11268.7,10969.5,10689.7,10427.3,10180.6,9948.29,9729.03,9521.72,9325.35,9139.04,8962.01,8793.54,8633,8479.81,8333.47,8193.49,8059.45,7930.97,7807.69,7689.28,7575.45,7465.92,7360.44,7258.79,7160.75,7066.11,6974.7,6886.35,6800.9,6718.19,6638.11,6560.5,6485.27,6412.29,6341.46,6272.68,6205.86,6140.91,6077.76,6016.32,5956.53,5898.31,5841.6,5786.34,5732.47,5679.94,5628.7,5578.69,5529.88,5482.21,5435.65,5390.16,5345.69,5302.21,5259.69,5218.1,5177.39,5137.56,5098.55,5060.36,5022.95,4986.29,4950.37,4915.16
17231.2,18480.3,19994.3,21872.1,24270.4,27452,31894,38560.3,49710,71924,130266,248267,174497,99192.4,67908.8,52071.7,42610.4,36320.2,31826,28446.2,25805.9,23681.9,21933,20465.6,19215,18135.1,17192.1,16360.8,15621.8,14959.9,14363.4,13822.5,13329.6,12878.4,12463.4,12080.5,11725.7,11396.1,11088.9,10801.8,10532.8,10280.2,10042.4,9818.2,9606.32,9405.75,9215.58,9034.96,8863.18,8699.56,8543.51,8394.49,8252.02,8115.65,7984.99,7859.65,7739.31,7623.67,7512.43,7405.34,7302.17,7202.68,7106.68,7013.97,6924.39,6837.77,6753.95,6672.81,6594.2,6518,6444.1,6372.39,6302.78,6235.15,6169.44,6105.55,6043.41,5982.94,5924.07,5866.73,5810.87,5756.43,5703.34,5651.57,5601.05,5551.74,5503.59,5456.57,5410.62,5365.72,5321.83,5278.91,5236.92,5195.85,5155.64,5116.29,5077.75,5040.01,5003.03,4966.8,4931.29
16933.7,18121.1,19551.5,21312.3,23539.2,26455.4,30455.1,36303.9,45699.4,63184,104430,211819,209098,116816,76063.6,56624,45507.2,38331.2,33309.1,29589.3,26716.8,24426.9,22555.2,20994.1,19670.3,18532.1,17541.9,16671.7,15900.3,15211.1,14591.2,14030.4,13520.1,13053.7,12625.5,12230.8,11865.7,11526.7,11211.2,10916.5,10640.7,10381.9,10138.6,9909.19,9692.6,9487.7,9293.53,9109.24,8934.04,8767.26,8608.27,8456.51,8311.49,8172.73,8039.82,7912.38,7790.08,7672.57,7559.59,7450.85,7346.12,7245.16,7147.76,7053.73,6962.9,6875.08,6790.14,6707.91,6628.27,6551.1,6476.26,6403.66,6333.19,6264.76,6198.26,6133.63,6070.77,6009.61,5950.08,5892.11,5835.64,5780.61,5726.96,5674.64,5623.6,5573.78,5525.15,5477.66,5431.26,5385.93,5341.61,5298.28,5255.9,5214.44,5173.87,5134.16,5095.28,5057.2,5019.9,4983.35,4947.53
16650.3,17780.9,19135,20790.1,22864.5,25549.2,29172.7,34352,42389.1,56524,86882.5,167979,231681,139625,86289.7,62055.4,48844.4,40592.2,34947.7,30835.8,27700.1,25224.7,23217.1,21553.3,20150,18948.8,17907.7,16995.9,16189.9,15471.7,14827.2,14245.2,13716.8,13234.5,12792.3,12385.4,12009.3,11660.7,11336.4,11034,10751.1,10485.9,10236.7,10002,9780.6,9571.24,9372.96,9184.87,9006.17,8836.13,8674.12,8519.55,8371.9,8230.69,8095.49,7965.9,7841.58,7722.18,7607.4,7496.98,7390.65,7288.19,7189.37,7093.99,7001.88,6912.85,6826.75,6743.42,6662.74,6584.57,6508.78,6435.28,6363.94,6294.67,6227.38,6161.99,6098.4,6036.54,5976.34,5917.73,5860.64,5805.02,5750.8,5697.92,5646.35,5596.03,5546.9,5498.93,5452.08,5406.3,5361.56,5317.81,5275.04,5233.19,5192.25,5152.17,5112.94,5074.52,5036.89,5000.02,4963.89
16380.1,17458.1,18742.4,20301.7,22239.8,24721,28021.8,32645.3,39608.3,51286.8,74470.5,132524,228259,167336,99269.8,68617.8,52724.4,43151.4,36767.1,32200.2,28764.7,26081,23922.6,22146,20655.9,19386.4,18290.7,17334.2,16491.4,15742.3,15071.7,14467.4,13919.8,13420.8,12964.1,12544.3,12156.9,11798.1,11464.8,11154.3,10864.1,10592.3,10337,10096.8,9870.37,9656.41,9453.9,9261.9,9079.59,8906.21,8741.09,8583.63,8433.29,8289.57,8152.01,8020.23,7893.83,7772.49,7655.89,7543.74,7435.79,7331.79,7231.52,7134.76,7041.34,6951.08,6863.8,6779.35,6697.61,6618.42,6541.67,6467.23,6395.01,6324.9,6256.81,6190.64,6126.31,6063.74,6002.86,5943.59,5885.88,5829.65,5774.85,5721.42,5669.31,5618.46,5568.84,5520.39,5473.07,5426.85,5381.67,5337.51,5294.32,5252.09,5210.76,5170.32,5130.73,5091.97,5054.01,5016.82,4980.37
16122.2,17151.5,18371.5,19843.7,21659.4,23960.9,26982.6,31139.2,37237.4,47061.6,65323.3,107297,201086,195289,115789,76648,57280.4,46068.9,38797.9,33699.7,29920.9,27002.4,24676.1,22775.2,21190.2,19846.7,18691.9,17687.6,16805.4,16023.5,15325.2,14697.4,14129.5,13613,13141,12707.7,12308.4,11939.1,11596.4,11277.4,10979.7,10701,10439.5,10193.6,9961.98,9743.26,9536.38,9340.36,9154.33,8977.52,8809.21,8648.78,8495.68,8349.38,8209.42,8075.37,7946.86,7823.53,7705.06,7591.15,7481.54,7375.97,7274.21,7176.05,7081.3,6989.77,6901.29,6815.71,6732.88,6652.65,6574.92,6499.54,6426.43,6355.46,6286.54,6219.59,6154.5,6091.21,6029.64,5969.71,5911.36,5854.52,5799.13,5745.13,5692.47,5641.1,5590.97,5542.03,5494.25,5447.56,5401.95,5357.36,5313.77,5271.13,5229.43,5188.61,5148.67,5109.56,5071.25,5033.74,4996.98
15875.6,16859.7,18020.5,19413.2,21118.5,23260.3,26038.8,29799.2,35190.5,43580.1,58338.9,89583.2,165253,212870,136365,86585.6,62686.3,49420.8,41077.8,35354.8,31180.9,27996.6,25482.8,23444.3,21755.5,20331.4,19112.8,18057.1,17132.8,16315.9,15588.3,14935.5,14346.3,13811.3,13323.2,12875.9,12464.2,12083.9,11731.4,11403.7,11098,10812.2,10544.2,10292.5,10055.5,9831.85,9620.47,9420.3,9230.45,9050.09,8878.5,8715.03,8559.09,8410.14,8267.71,8131.35,8000.68,7875.31,7754.93,7639.22,7527.91,7420.73,7317.46,7217.87,7121.76,7028.94,6939.24,6852.5,6768.56,6687.28,6608.54,6532.21,6458.18,6386.34,6316.59,6248.83,6182.99,6118.96,6056.69,5996.08,5937.08,5879.62,5823.63,5769.06,5715.85,5663.94,5613.3,5563.87,5515.6,5468.46,5422.39,5377.38,5333.37,5290.34,5248.24,5207.05,5166.74,5127.28,5088.63,5050.79,5013.71
15639.5,16581.6,17687.8,19007.7,20613.1,22612.3,25177.4,28598.5,33403.9,40660.6,52844.3,76837.3,133510,210835,160123,98963.8,69169.5,53304,43653.2,37190.4,32559.1,29072.5,26348.3,24157.4,22354.4,20842.6,19554.9,18443.9,17474.4,16620.2,15861.4,15182.2,14570.4,14016.1,13511.1,13049.1,12624.4,12232.6,11869.9,11533,11219.1,10925.9,10651.3,10393.5,10150.9,9922.23,9706.19,9501.76,9307.96,9123.96,8949,8782.4,8623.55,8471.89,8326.92,8188.2,8055.3,7927.85,7805.51,7687.96,7574.91,7466.1,7361.28,7260.23,7162.73,7068.6,6977.65,6889.72,6804.65,6722.31,6642.54,6565.24,6490.28,6417.55,6346.95,6278.38,6211.76,6146.99,6084,6022.71,5963.05,5904.96,5848.36,5793.21,5739.43,5686.99,5635.82,5585.89,5537.14,5489.53,5443.01,5397.56,5353.13,5309.69,5267.2,5225.63,5184.95,5145.13,5106.14,5067.96,5030.56
15413.4,16316.2,17371.9,18625,20139.5,22010.8,24387.7,27515.8,31830,38175.7,48413.6,67362,109438,190333,182843,114300,77022.4,57842.6,46581.9,39236.2,34072.3,30240.2,27279.2,24918.8,22990.1,21382.4,20019.8,18849.1,17831.2,16937.2,16145.2,15438,14802.4,14227.6,13704.9,13227.4,12789.2,12385.4,12012,11665.6,11343.2,11042.3,10760.8,10496.7,10248.4,10014.4,9793.61,9584.77,9386.92,9199.17,9020.74,8850.93,8689.08,8534.64,8387.07,8245.92,8110.75,7981.17,7856.82,7737.39,7622.57,7512.08,7405.68,7303.14,7204.22,7108.75,7016.53,6927.39,6841.18,6757.74,6676.94,6598.64,6522.73,6449.1,6377.64,6308.24,6240.83,6175.3,6111.59,6049.6,5989.28,5930.54,5873.33,5817.58,5763.24,5710.24,5658.55,5608.1,5558.86,5510.78,5463.81,5417.91,5373.06,5329.2,5286.32,5244.36,5203.31,5163.13,5123.79,5085.27,5047.54
15196.4,16062.7,17071.5,18263.1,19694.8,21450.9,23660.8,26533.9,30431.8,36033.8,44766.3,60094.9,91881.4,161213,196753,132716,86604.6,63195.1,49936.3,41528.9,35740.6,31511.8,28283.1,25733.5,23666,21953.3,20509.3,19274.1,18204.2,17267.6,16440.2,15703.4,15042.6,14446.2,13904.9,13411.1,12958.7,12542.4,12157.9,11801.6,11470.4,11161.5,10872.8,10602.1,10347.9,10108.6,9882.78,9669.39,9467.35,9275.75,9093.76,8920.63,8755.72,8598.41,8448.19,8304.54,8167.04,8035.28,7908.88,7787.52,7670.88,7558.69,7450.68,7346.6,7246.25,7149.41,7055.89,6965.52,6878.14,6793.58,6711.72,6632.42,6555.54,6480.99,6408.65,6338.42,6270.2,6203.91,6139.45,6076.76,6015.76,5956.37,5898.53,5842.18,5787.26,5733.71,5681.48,5630.51,5580.77,5532.21,5484.78,5438.44,5393.15,5348.88,5305.58,5263.24,5221.81,5181.26,5141.57,5102.7,5064.64
14988.1,15820.1,16785.3,17920.2,19276.2,20928.1,22989.1,25638.9,29180.8,34167.3,41711.2,54366.4,78975.2,133325,195597,153037,98310.2,69562.1,53806.8,44112.9,37588.3,32901.3,29368.8,26607.3,24386,22558,21025.4,19720.4,18594.5,17612.4,16747.3,15978.9,15291.4,14672.2,14111.3,13600.5,13133.2,12703.8,12307.7,11941.1,11600.7,11283.5,10987.3,10709.9,10449.6,10204.6,9973.74,9755.66,9549.32,9353.74,9168.07,8991.55,8823.48,8663.24,8510.28,8364.08,8224.19,8090.19,7961.7,7838.37,7719.88,7605.94,7496.27,7390.64,7288.81,7190.58,7095.74,7004.11,6915.53,6829.85,6746.9,6666.57,6588.72,6513.23,6440,6368.91,6299.87,6232.8,6167.6,6104.19,6042.49,5982.44,5923.97,5867.01,5811.5,5757.38,5704.61,5653.12,5602.88,5553.83,5505.92,5459.13,5413.4,5368.71,5325.01,5282.27,5240.45,5199.54,5159.49,5120.27,5081.87
14787.9,15587.8,16512.4,17594.9,18881.5,20438.8,22366.3,24819.2,28054.2,32525.3,39114.1,49743.9,69264.9,110820,179940,171631,112434,77190.6,58307.4,47043.3,39644.2,34425.3,30546.3,27546.6,25154.4,23199.7,21570.2,20189.6,19003.4,17972.4,17067,16265.2,15549.4,14906.1,14324.5,13795.8,13312.9,12869.8,12461.6,12084.3,11734.2,11408.5,11104.5,10820.1,10553.4,10302.7,10066.5,9843.63,9632.84,9433.18,9243.73,9063.71,8892.4,8729.15,8573.38,8424.57,8282.23,8145.94,8015.3,7889.95,7769.56,7653.83,7542.48,7435.26,7331.93,7232.27,7136.08,7043.17,6953.38,6866.54,6782.5,6701.12,6622.27,6545.83,6471.68,6399.73,6329.86,6261.99,6196.02,6131.88,6069.49,6008.77,5949.65,5892.07,5835.96,5781.28,5727.95,5675.93,5625.17,5575.63,5527.25,5480,5433.83,5388.7,5344.59,5301.45,5259.25,5217.95,5177.54,5137.98,5099.24
14595.3,15365.1,16251.8,17285.6,18508.4,19979.6,21787,24065.5,27033.7,31068.8,36878.4,45939,61767.4,93723.7,156316,182794,128820,86363.3,63579.7,50387.8,41943.4,36103.5,31827.4,28558.8,25976.3,23881.6,22146.3,20683.5,19432.2,18348.6,17400.3,16562.7,15817,15148.3,14544.9,13997.4,13498.1,13040.6,12619.8,12231.2,11871.2,11536.5,11224.5,10932.9,10659.6,10402.9,10161.3,9933.35,9717.99,9514.1,9320.77,9137.16,8962.51,8796.16,8637.51,8486.01,8341.17,8202.53,8069.69,7942.28,7819.95,7702.39,7589.32,7480.47,7375.61,7274.49,7176.93,7082.72,6991.68,6903.66,6818.5,6736.06,6656.19,6578.78,6503.71,6430.87,6360.16,6291.48,6224.74,6159.86,6096.76,6035.35,5975.58,5917.37,5860.66,5805.39,5751.5,5698.94,5647.67,5597.62,5548.76,5501.04,5454.42,5408.86,5364.33,5320.78,5278.19,5236.52,5195.74,5155.82,5116.73
14409.8,15151.3,16002.6,16991.2,18155.2,19547.7,21246.6,23369.8,26104.6,29767.1,34932.7,42753.5,55835.5,80839,132134,182201,146192,97350.8,69796.8,54230,44528.3,37959.1,33225.8,29652.7,26857.3,24607.8,22756.3,21204.1,19882.4,18742.4,17748,16872.4,16094.8,15399.1,14772.7,14205.4,13688.9,13216.4,12782.4,12382.1,12011.7,11667.7,11347.4,11048.2,10768.1,10505.2,10257.9,10024.9,9804.79,9596.56,9399.22,9211.91,9033.84,8864.31,8702.7,8548.45,8401.03,8259.99,8124.9,7995.37,7871.06,7751.63,7636.8,7526.29,7419.86,7317.26,7218.29,7122.75,7030.45,6941.23,6854.93,6771.4,6690.5,6612.1,6536.09,6462.35,6390.78,6321.28,6253.75,6188.12,6124.29,6062.19,6001.75,5942.91,5885.58,5829.72,5775.27,5722.16,5670.36,5619.8,5570.45,5522.26,5475.19,5429.19,5384.23,5340.27,5297.28,5255.22,5214.07,5173.79,5134.36
14231.1,14945.9,15764,16710.7,17820.2,19140.6,20741.2,22725.3,25254.6,28596.3,33223,40047.6,51039.8,70998.8,111456,170107,161518,110272,77160.8,58672.7,47450.7,40019.9,34757.7,30838.1,27803.7,25382.5,23403.4,21753.5,20355.6,19154.7,18111,17194.8,16383.3,15659.1,15008.5,14420.3,13885.7,13397.5,12949.6,12537.1,12155.8,11802.2,11473.2,11166.2,10879,10609.7,10356.6,10118.3,9893.29,9680.59,9479.13,9288.01,9106.41,8933.62,8768.98,8611.9,8461.84,8318.34,8180.94,8049.25,7922.9,7801.57,7684.94,7572.73,7464.69,7360.58,7260.18,7163.28,7069.69,6979.25,6891.78,6807.14,6725.19,6645.79,6568.82,6494.17,6421.72,6351.39,6283.06,6216.66,6152.1,6089.3,6028.18,5968.69,5910.74,5854.28,5799.25,5745.59,5693.25,5642.18,5592.34,5543.66,5496.13,5449.68,5404.29,5359.92,5316.52,5274.08,5232.55,5191.91,5152.12
14058.7,14748.4,15535.4,16442.8,17502,18756.2,20267.2,22126.3,24473.8,27537,31708.1,37720.3,47088.8,63332.5,95079.1,150914,170591,124791,85883.6,63840,50773.2,42319.3,36442.1,32126.6,28823,26210.6,24090.8,22334.3,20853.5,19587,18490.4,17530.7,16683.3,15928.8,15252.5,14642.3,14088.8,13584,13121.7,12696.4,12303.8,11940.1,11602,11287,10992.5,10716.6,10457.4,10213.6,9983.56,9766.24,9560.53,9365.49,9180.27,9004.12,8836.36,8676.38,8523.62,8377.59,8237.82,8103.92,7975.49,7852.21,7733.74,7619.8,7510.12,7404.47,7302.6,7204.31,7109.42,7017.72,6929.07,6843.31,6760.28,6679.86,6601.92,6526.33,6453,6381.81,6312.67,6245.49,6180.19,6116.67,6054.87,5994.71,5936.13,5879.07,5823.45,5769.23,5716.35,5664.76,5614.41,5565.25,5517.24,5470.35,5424.52,5379.72,5335.92,5293.08,5251.17,5210.16,5170.01
13892.3,14558.4,15316.1,16186.9,17199.3,18392.4,19821.8,21568.1,23753.8,26573.6,30355.9,35696.6,43780.4,57234.3,82393.2,130133,170361,139654,96130.2,69877.7,54572,44897.4,38301.2,33531.4,29923.5,27097.7,24822.4,22949.1,21378.3,20040.8,18887.2,17881.2,16995.3,16208.8,15505.3,14871.9,14298.3,13776.2,13298.7,12860.2,12455.7,12081.5,11734.1,11410.6,11108.5,10825.8,10560.4,10310.8,10075.6,9853.55,9643.47,9444.39,9255.45,9075.85,8904.88,8741.92,8586.39,8437.76,8295.58,8159.41,8028.86,7903.57,7783.22,7667.51,7556.16,7448.92,7345.56,7245.87,7149.63,7056.67,6966.81,6879.89,6795.77,6714.31,6635.38,6558.85,6484.61,6412.56,6342.59,6274.62,6208.55,6144.31,6081.82,6020.99,5961.77,5904.08,5847.87,5793.08,5739.65,5687.53,5636.67,5587.02,5538.54,5491.19,5444.92,5399.69,5355.48,5312.24,5269.94,5228.55,5188.05
13731.6,14375.2,15105.5,15942,16910.9,18047.7,19402.2,21046.3,23087.3,25693.1,29140.9,33920.2,40970.7,52288.3,72534,111398,160917,152377,107887,76945,58938.2,47802.2,40361.8,35068.1,31114.9,28050,25602.4,23600.8,21931.9,20517.6,19302.8,18247,17320.2,16499.5,15767.2,15109.4,14514.8,13974.5,13481.1,13028.5,12611.8,12226.7,11869.5,11537.2,11227.3,10937.4,10665.6,10410.1,10169.6,9942.58,9727.98,9524.75,9331.97,9148.82,8974.57,8808.55,8650.17,8498.89,8354.23,8215.73,8083,7955.67,7833.39,7715.87,7602.82,7493.97,7389.09,7287.94,7190.34,7096.08,7004.99,6916.91,6831.68,6749.15,6669.21,6591.71,6516.56,6443.63,6372.82,6304.05,6237.21,6172.23,6109.02,6047.52,5987.65,5929.33,5872.52,5817.15,5763.16,5710.5,5659.13,5608.98,5560.02,5512.2,5465.48,5419.82,5375.19,5331.55,5288.86,5247.09,5206.22
13576.2,14198.7,14903.1,15707.4,16635.7,17720.4,19006.3,20557.5,22468.5,24885,28042.8,32347.7,38555,48206.1,64767.2,95939.8,145272,159835,120718,85190.5,63978.2,51091,42655.1,36755,32408.4,29074.8,26435.7,24293,22516.9,21019.3,19738.3,18629.2,17658.7,16801.7,16038.9,15355.2,14738.4,14178.9,13668.9,13201.8,12772.2,12375.6,12008.3,11667,11348.8,11051.6,10773.1,10511.5,10265.4,10033.4,9814.13,9606.62,9409.89,9223.09,9045.45,8876.29,8714.99,8560.99,8413.78,8272.9,8137.94,8008.52,7884.28,7764.91,7650.11,7539.61,7433.17,7330.56,7231.56,7135.98,7043.64,6954.36,6868,6784.39,6703.42,6624.94,6548.85,6475.03,6403.37,6333.77,6266.16,6200.42,6136.5,6074.31,6013.77,5954.82,5897.4,5841.44,5786.89,5733.68,5681.78,5631.13,5581.68,5533.39,5486.21,5440.12,5395.06,5351.01,5307.93,5265.78,5224.53
13425.9,14028.3,14708.3,15482.5,16372.9,17409.2,18631.9,20098.3,21892.2,24140.5,27044.9,30945.4,36455.7,44784.5,58545.4,83614,127508,159839,133457,94693.1,69811.2,54832.1,45218.7,38613.4,33817,30180.3,27327.8,25029.2,23135.8,21547.7,20195.4,19028.9,18011.7,17116,16320.9,15609.7,14969.6,14390,13862.4,13380,12937,12528.6,12150.7,11799.9,11473.3,11168.3,10882.9,10615.1,10363.3,10126,9901.94,9690.02,9489.23,9298.68,9117.56,8945.18,8780.88,8624.08,8474.26,8330.95,8193.71,8062.14,7935.89,7814.62,7698.04,7585.86,7477.84,7373.72,7273.3,7176.37,7082.75,6992.26,6904.74,6820.04,6738.01,6658.54,6581.5,6506.76,6434.23,6363.81,6295.4,6228.9,6164.25,6101.35,6040.14,5980.55,5922.51,5865.95,5810.82,5757.07,5704.63,5653.47,5603.52,5554.76,5507.12,5460.58,5415.1,5370.63,5327.14,5284.61,5242.99
13280.5,13863.8,14520.7,15266.5,16121.6,17112.9,18277.2,19666.1,21354,23451.9,26133.8,29686.5,34614.2,41877.4,53476.3,73846.1,110725,152390,144093,105345,76557.3,59104.7,48096.5,40668.5,35355.4,31375.8,28284.8,25813.7,23791.7,22105.1,20675.5,19447.4,18380.1,17443.2,16613.7,15873.5,15208.7,14607.9,14062,13563.6,13106.5,12685.6,12296.7,11936.1,11600.7,11287.8,10995.2,10720.9,10463.2,10220.5,9991.48,9775.01,9570.03,9375.62,9190.93,9015.23,8847.85,8688.19,8535.7,8389.89,8250.31,8116.55,7988.24,7865.04,7746.63,7632.74,7523.09,7417.44,7315.57,7217.26,7122.34,7030.61,6941.91,6856.09,6773,6692.51,6614.5,6538.84,6465.43,6394.16,6324.93,6257.67,6192.27,6128.67,6066.77,6006.52,5947.85,5890.69,5834.98,5780.66,5727.69,5676,5625.56,5576.31,5528.21,5481.22,5435.3,5390.41,5346.52,5303.58,5261.58
13139.6,13704.9,14339.9,15059,15880.9,16830.3,17940.7,19258.5,20850,22813,25298.4,28549.6,32985.2,39377.9,49280.7,66050.8,96319.9,139582,150286,116668,84310.5,63998.1,51340.5,42949.6,37041.2,32672.1,29313.6,26651.3,24487.8,22693.7,21180.5,19885.9,18764.9,17784,16917.9,16147.1,15456.2,14833,14267.8,13752.6,13280.8,12847,12446.6,12075.8,11731.2,11410.1,11110.1,10829,10565.2,10316.9,10082.8,9861.63,9652.35,9453.95,9265.59,9086.49,8915.95,8753.34,8598.11,8449.74,8307.76,8171.76,8041.34,7916.16,7795.9,7680.24,7568.94,7461.72,7358.37,7258.66,7162.41,7069.42,6979.52,6892.56,6808.39,6726.86,6647.86,6571.26,6496.95,6424.82,6354.78,6286.72,6220.57,6156.24,6093.66,6032.74,5973.43,5915.66,5859.35,5804.47,5750.95,5698.73,5647.78,5598.04,5549.47,5502.02,5455.66,5410.34,5366.04,5322.71,5280.33
13003,13551.2,14165.6,14859.5,15650.3,16560.6,17620.9,18873.3,20377,22218.5,24529.1,27517.4,31533.5,37206.3,45757.8,59752.1,84490.3,124441,150438,127613,93082.2,69606.2,55010.6,45491.1,38894.6,34081.7,30422.3,27547.2,25227.9,23316.2,21712.1,20345.9,19167.3,18139.4,17234.4,16430.9,15712.5,15065.8,14480.3,13947.4,13460.3,13012.9,12600.5,12219,11864.9,11535.3,11227.5,10939.5,10669.3,10415.3,10175.9,9949.93,9736.2,9533.72,9341.58,9158.98,8985.19,8819.56,8661.52,8510.52,8366.09,8227.79,8095.22,7968.02,7845.84,7728.4,7615.4,7506.59,7401.72,7300.58,7202.97,7108.69,7017.58,6929.45,6844.18,6761.6,6681.6,6604.04,6528.81,6455.81,6384.93,6316.08,6249.16,6184.1,6120.81,6059.22,5999.25,5940.85,5883.95,5828.49,5774.41,5721.66,5670.2,5619.96,5570.91,5523,5476.19,5430.44,5385.72,5341.99,5299.22
12870.6,13402.4,13997.2,14667.4,15428.9,16302.7,17316.6,18508.6,19932,21663.6,23818.4,26575.8,30231.3,35301.8,42761.7,54590.9,74917.5,109532,144509,136565,102703,76014.2,59174.5,48333.1,40939,35618.8,31619.9,28507.5,26016,23975.6,22272.7,20828.9,19588.4,18510.1,17563.7,16725.6,15978,15306.4,14699.6,14148.3,13645,13183.5,12758.6,12366,12002,11663.4,11347.7,11052.5,10775.8,10515.7,10270.9,10040,9821.65,9614.96,9418.93,9232.72,9055.6,8886.88,8725.95,8572.26,8425.32,8284.66,8149.88,8020.61,7896.49,7777.21,7662.48,7552.04,7445.63,7343.03,7244.04,7148.45,7056.09,6966.78,6880.38,6796.73,6715.7,6637.17,6561.01,6487.12,6415.39,6345.73,6278.03,6212.22,6148.22,6085.94,6025.32,5966.29,5908.78,5852.73,5798.09,5744.8,5692.81,5642.07,5592.53,5544.15,5496.89,5450.71,5405.56,5361.42,5318.25
12742.1,13258.4,13834.6,14482.3,15216.4,16055.9,17026.5,18162.8,19512.6,21144.4,23159.4,25712.9,29056.1,33618,40184.2,50302.5,67166.2,96251.4,133972,141754,112688,83270.7,63904.9,51521.7,43201.6,37299.8,32916.8,29538.9,26856.8,24675,22864.4,21336.7,20029.5,18897.3,17906.6,17031.8,16253.3,15555.5,14926.1,14355.4,13835.2,13358.9,12920.9,12516.8,12142.5,11794.7,11470.7,11168,10884.5,10618.3,10367.9,10131.8,9908.74,9697.7,9497.67,9307.77,9127.22,8955.31,8791.42,8634.98,8485.45,8342.39,8205.35,8073.96,7947.85,7826.7,7710.2,7598.09,7490.11,7386.02,7285.62,7188.69,7095.06,7004.54,6916.99,6832.26,6750.19,6670.67,6593.56,6518.77,6446.18,6375.68,6307.2,6240.63,6175.9,6112.92,6051.63,5991.96,5933.83,5877.19,5821.98,5768.14,5715.62,5664.36,5614.33,5565.48,5517.76,5471.14,5425.57,5381.01,5337.44
12617.4,13118.9,13677.5,14303.9,15012,15819.4,16749.7,17834.3,19116.5,20657.4,22546.5,24919.1,27989.9,32118.2,37944.2,46692.5,60839.9,85023.6,121079,141998,122120,91336.8,69272.8,55108.9,45713.9,39143.8,34324.8,30649,27755.4,25418.1,23490,21871.2,20492,19302,18264.1,17350.2,16538.8,15813.3,15160.3,14569.1,14031.2,13539.4,13087.8,12671.6,12286.5,11929.2,11596.6,11286.1,10995.6,10723,10466.8,10225.4,9997.5,9782,9577.85,9384.14,9200.07,9024.9,8857.97,8698.69,8546.53,8400.99,8261.65,8128.08,7999.94,7876.87,7758.57,7644.75,7535.16,7429.56,7327.71,7229.42,7134.5,7042.76,6954.04,6868.19,6785.06,6704.53,6626.47,6550.75,6477.28,6405.95,6336.66,6269.32,6203.85,6140.17,6078.2,6017.87,5959.12,5901.88,5846.08,5791.68,5738.62,5686.86,5636.33,5586.99,5538.81,5491.73,5445.73,5400.76,5356.78
12496.3,12983.6,13525.4,14131.7,14815.3,15592.6,16485.2,17521.9,18741.7,20199.6,21974.9,24186.1,27017.9,30773.5,35980,43617.1,55620,75738.2,107911,137238,129702,100007,75333.1,59151,48511.8,41172.5,35857.4,31846.7,28717.6,26208.8,24152.1,22434.5,20977.6,19725.5,18637,17681.4,16835.3,16080.4,15402.4,14789.8,14233.2,13725.2,13259.3,12830.5,12434.3,12067,11725.5,11407,11109.2,10830,10567.8,10320.9,10088,9867.89,9659.5,9461.88,9274.19,9095.66,8925.61,8763.43,8608.56,8460.5,8318.78,8183,8052.77,7927.74,7807.6,7692.04,7580.81,7473.66,7370.34,7270.66,7174.42,7081.42,6991.52,6904.53,6820.33,6738.77,6659.73,6583.08,6508.71,6436.53,6366.42,6298.3,6232.08,6167.68,6105.02,6044.03,5984.64,5926.79,5870.4,5815.44,5761.84,5709.54,5658.51,5608.68,5560.03,5512.5,5466.06,5420.66,5376.27
12378.6,12852.4,13378.2,13965.4,14625.9,15374.9,16232.2,17224.2,18386.4,19768.3,21440.4,23506.9,26127.9,29560.8,34243.5,40968.6,51261.8,68100.4,95778.9,128524,134087,108814,82097.7,63705.4,51635.6,43410.9,37530,33141.8,29749.9,27051.7,24854,23028.8,21487.9,20168.9,19026.3,18026.3,17143.2,16357.3,15652.9,15017.7,14441.6,13916.5,13435.8,12993.8,12586,12208.3,11857.5,11530.7,11225.3,10939.3,10670.9,10418.4,10180.3,9955.42,9742.66,9541.02,9349.6,9167.62,8994.37,8829.22,8671.57,8520.91,8376.77,8238.72,8106.36,7979.33,7857.3,7739.97,7627.06,7518.32,7413.51,7312.41,7214.82,7120.55,7029.43,6941.3,6856,6773.39,6693.35,6615.75,6540.48,6467.42,6396.48,6327.57,6260.59,6195.46,6132.1,6070.44,6010.4,5951.93,5894.95,5839.41,5785.25,5732.43,5680.88,5630.56,5581.43,5533.44,5486.55,5440.72,5395.92
12264.1,12725.1,13235.7,13804.7,14443.3,15165.6,15989.9,16940.3,18049.1,19361.2,20939.3,22875.7,25309.5,28461.1,32697.2,38665.5,47580.7,61796.2,85226.7,117542,134386,116968,89492.1,68822.5,55129.3,45887.2,39360.4,34545.5,30859.8,27951.7,25599.3,23656.7,22024.8,20633.7,19433.1,18385.7,17463.4,16644.5,15912.2,15253.1,14656.5,14113.6,13617.3,13161.6,12741.7,12353.2,11992.7,11657.2,11344.1,11051,10776.2,10517.8,10274.4,10044.6,9827.38,9621.59,9426.35,9240.83,9064.29,8896.07,8735.58,8582.27,8435.65,8295.27,8160.72,8031.64,7907.69,7788.54,7673.93,7563.57,7457.23,7354.68,7255.72,7160.15,7067.8,6978.49,6892.07,6808.4,6727.35,6648.78,6572.58,6498.64,6426.86,6357.14,6289.38,6223.51,6159.44,6097.09,6036.4,5977.3,5919.72,5863.59,5808.88,5755.51,5703.44,5652.62,5603.01,5554.55,5507.21,5460.95,5415.73
12152.8,12601.4,13097.5,13649.3,14267.2,14964.3,15757.5,16669.1,17728.5,18976.1,20468.6,22287.4,24554.4,27459.2,31311.4,36645.1,44437.4,56552.6,76305.5,105959,130534,123429,97293.5,74531.5,59038.8,48633.2,41368.6,36070.5,32055.6,28914.5,26391.7,24321,22590.3,21121.4,19858.5,18760.5,17796.3,16942.5,16180.8,15496.6,14878.4,14316.8,13804.1,13334.1,12901.5,12501.8,12131.3,11786.8,11465.6,11165.2,10883.7,10619.3,10370.4,10135.6,9913.7,9703.64,9504.46,9315.3,9135.39,8964.03,8800.62,8644.58,8495.42,8352.66,8215.88,8084.71,7958.78,7837.78,7721.41,7609.41,7501.51,7397.48,7297.12,7200.23,7106.62,7016.11,6928.56,6843.8,6761.72,6682.16,6605.03,6530.19,6457.55,6387.01,6318.46,6251.84,6187.05,6124.01,6062.65,6002.91,5944.71,5888,5832.71,5778.8,5726.2,5674.87,5624.77,5575.84,5528.04,5481.34,5435.69
12044.4,12481.3,12963.6,13499,14097.2,14770.5,15534.6,16409.8,17423.1,18611.4,20025.3,21737.5,23855.1,26542.2,30062,34858.8,41726.1,52149.4,68844.9,94954.6,123289,127161,105067,80816.4,63407.2,51683.6,43577.1,37731.3,33346.5,29946.3,27235.6,25024.6,23186.6,21633.8,20303.9,19151.6,18142.9,17252.1,16459.1,15748.4,15107.5,14526.2,13996.5,13511.5,13065.7,12654.3,12273.4,11919.5,11589.9,11282,10993.6,10722.9,10468.3,10228.3,10001.7,9787.21,9583.98,9391.07,9207.69,9033.12,8866.71,8707.88,8556.11,8410.91,8271.85,8138.53,8010.59,7887.69,7769.54,7655.85,7546.36,7440.83,7339.04,7240.8,7145.9,7054.17,6965.46,6879.61,6796.47,6715.91,6637.82,6562.07,6488.56,6417.18,6347.84,6280.45,6214.92,6151.18,6089.15,6028.76,5969.93,5912.62,5856.76,5802.29,5749.16,5697.32,5646.71,5597.3,5549.05,5501.9,5455.82
11938.9,12364.5,12833.6,13353.3,13932.9,14583.8,15320.3,16161.5,17132,18265.2,19607.1,21222.3,23205.6,25699.6,28929.6,33268.2,39365.8,48414.8,62611.2,85121.4,113921,127490,112140,87578.8,68267.1,55074.9,46011.1,39544,34743.3,31054.1,28135.8,25771.1,23816.2,22172.5,20770.6,19560.2,18504,17573.8,16747.8,16009.1,15344.2,14742.3,14194.7,13694,13234.4,12810.8,12419,12055.4,11717.1,11401.3,11105.9,10828.8,10568.3,10322.9,10091.3,9872.34,9664.94,9468.18,9281.24,9103.36,8933.87,8772.18,8617.74,8470.04,8328.64,8193.13,8063.13,7938.3,7818.32,7702.9,7591.79,7484.72,7381.48,7281.86,7185.65,7092.69,7002.79,6915.82,6831.61,6750.03,6670.97,6594.29,6519.89,6447.66,6377.51,6309.34,6243.07,6178.61,6115.9,6054.85,5995.39,5937.47,5881.02,5825.99,5772.32,5719.95,5668.85,5618.95,5570.22,5522.62,5476.1
11836.2,12251,12707.4,13212.3,13774.1,14403.7,15114.4,15923.6,16854.1,17936.3,19211.8,20738.6,22600.5,24922.4,27898.3,31842.9,37293.8,45216.4,57379.4,76624.3,103761,124351,117677,94592.3,73627,58843,48698.3,41527,36257.7,32246,29097.8,26564.2,24481.8,22739.6,21260.1,19987.4,18880.4,17908.3,17047.3,16279,15588.9,14965.3,14398.9,13881.8,13407.8,12971.4,12568.3,12194.7,11847.3,11523.4,11220.6,10936.8,10670.3,10419.4,10182.7,9959.07,9747.38,9546.66,9356.05,9174.78,9002.14,8837.51,8680.33,8530.07,8386.28,8248.52,8116.42,7989.6,7867.76,7750.59,7637.81,7529.18,7424.45,7323.42,7225.89,7131.66,7040.56,6952.44,6867.14,6784.53,6704.48,6626.85,6551.55,6478.46,6407.48,6338.53,6271.5,6206.31,6142.9,6081.18,6021.09,5962.55,5905.51,5849.9,5795.68,5742.78,5691.17,5640.78,5591.58,5543.52,5496.56
11736,12140.5,12584.8,13075.5,13620.5,14229.9,14916.1,15695.3,16588.4,17623.2,18837.4,20283.3,22035.3,24203.2,26954.9,30558.1,35461.1,42451.6,52957,69396.4,93834,118296,120875,101462,79449.7,63018.5,51667.9,43700.5,37903.1,33530.6,30127.5,27408.1,25186.4,23337.4,21774,20434.4,19273.2,18256.4,17358.2,16558.6,15841.9,15195.5,14609.4,14075.1,13586,13136.4,12721.6,12337.5,11980.7,11648.4,11337.9,11047.2,10774.4,10517.8,10275.9,10047.4,9831.33,9626.54,9432.17,9247.41,9071.53,8903.89,8743.9,8591.02,8444.78,8304.73,8170.46,8041.63,7917.88,7798.91,7684.44,7574.21,7467.97,7365.5,7266.61,7171.09,7078.77,6989.48,6903.08,6819.41,6738.35,6659.77,6583.55,6509.58,6437.76,6368,6300.2,6234.29,6170.16,6107.77,6047.02,5987.86,5930.21,5874.03,5819.25,5765.81,5713.68,5662.79,5613.11,5564.58,5517.18
11638.4,12032.9,12465.7,12942.8,13471.8,14062,14725.1,15476.1,16334.1,17324.8,18482.4,19853.9,21506,23535.5,26088.4,29394,33828.8,40041,49187.8,63278.4,84736,110288,121217,107618,85622.9,67619,54949.3,46086.5,39694.4,34917.8,31231.6,28307.4,25933.3,23968.1,22314.2,20902.6,19683.3,18618.9,17681.3,16848.6,16103.8,15433.4,14826.5,14274.2,13769.4,13306,12878.8,12483.8,12117.3,11776.2,11457.9,11160.1,10880.7,10618.2,10370.9,10137.5,9916.85,9707.87,9509.63,9321.28,9142.08,8971.35,8808.48,8652.92,8504.16,8361.76,8225.29,8094.38,7968.69,7847.89,7731.69,7619.82,7512.04,7408.11,7307.83,7210.99,7117.42,7026.95,6939.42,6854.68,6772.59,6693.03,6615.88,6541.02,6468.35,6397.78,6329.2,6262.53,6197.69,6134.6,6073.19,6013.4,5955.14,5898.37,5843.02,5789.05,5736.39,5684.99,5634.82,5585.83,5537.96
11543.2,11928.2,12349.8,12814,13327.8,13899.8,14541,15265.3,16090.6,17040.1,18145.1,19448.3,21009.2,22913.7,25289.5,28334.1,32365.8,37922.5,45948,58093.1,76705.4,101387,118642,112389,91926,72636.2,58569.4,48708.7,41647.9,36418.7,32417.5,29267.2,26726.1,24634.3,22882.4,21393.5,20111.9,18996.7,18017.1,17149.3,16374.9,15679.2,15050.5,14479.4,13958.1,13480.2,13040.3,12633.9,12257.2,11907.1,11580.6,11275.3,10989.3,10720.7,10467.8,10229.3,10004,9790.68,9588.46,9396.43,9213.81,9039.91,8874.09,8715.77,8564.45,8419.64,8280.91,8147.89,8020.2,7897.52,7779.56,7666.02,7556.66,7451.25,7349.55,7251.38,7156.54,7064.86,6976.18,6890.34,6807.21,6726.66,6648.56,6572.79,6499.26,6427.85,6358.48,6291.05,6225.48,6161.7,6099.62,6039.17,5980.3,5922.93,5867.01,5812.48,5759.29,5707.38,5656.72,5607.24,5558.92
11450.4,11826.1,12237.2,12689,13188.1,13742.9,14363.4,15062.6,15857,16768,17824.3,19064.4,20541.9,22333.2,24550.5,27364.8,31047.3,36047.3,43139.9,53677.6,69756.1,92469.6,113556,115147,98005.4,78018.3,62548,51591.1,43781.5,38045.5,33693.5,30293.2,27568.9,25339.1,23481,21908.5,20560.2,19390.8,18366.5,17461.5,16655.7,15933.3,15281.8,14690.9,14152.3,13659.3,13206,12787.9,12400.7,12041.1,11706.1,11393.2,11100.2,10825.3,10566.7,10322.9,10092.7,9875.01,9668.69,9472.88,9286.76,9109.6,8940.75,8779.61,8625.65,8478.38,8337.35,8202.16,8072.43,7947.84,7828.07,7712.83,7601.87,7494.93,7391.79,7292.25,7196.12,7103.21,7013.35,6926.4,6842.22,6760.65,6681.58,6604.9,6530.48,6458.23,6388.05,6319.85,6253.55,6189.05,6126.29,6065.19,6005.69,5947.71,5891.21,5836.12,5782.39,5729.96,5678.8,5628.84,5580.05
11359.7,11726.7,12127.5,12567.5,13052.7,13591.1,14191.9,14867.4,15632.7,16507.7,17518.6,18700.4,20101.4,21789.9,23864.8,26474.9,29852.6,34376.3,40686.8,49893.3,63794.3,84102.8,106694,115490,103382,83646.5,66890.1,54756.7,46114.4,39811.6,35068.7,31391.8,28465.9,26085.5,24112.1,22449.5,21029.5,19802.1,18730.3,17785.8,16946.8,16196.2,15520.6,14908.9,14352.3,13843.5,13376.3,12945.8,12547.7,12178.3,11834.5,11513.7,11213.6,10932.1,10667.5,10418.4,10183.2,9960.91,9750.37,9550.67,9360.95,9180.45,9008.49,8844.46,8687.8,8538,8394.61,8257.2,8125.4,7998.85,7877.24,7760.26,7647.65,7539.16,7434.56,7333.62,7236.17,7142,7050.96,6962.88,6877.61,6795.01,6714.97,6637.34,6562.03,6488.93,6417.93,6348.94,6281.88,6216.66,6153.21,6091.45,6031.31,5972.72,5915.63,5859.97,5805.69,5752.74,5701.06,5650.62,5601.35
11271.3,11629.7,12020.8,12449.4,12921.4,13444,14026.2,14679.2,15417.2,16258.5,17227,18354.8,19685.5,21280.2,23226.5,25654.7,28765.1,32878.2,38527.7,46626.7,58688.4,76564.7,98899.9,113364,107513,89311.5,71574.9,58224.4,48666.2,41731.6,36553.4,32569.8,29422.2,26877.1,24778.3,23018.4,21521.2,20231.8,19109.2,18122.7,17248.6,16468.4,15767.4,15133.9,14558.4,14033,13551.3,13108,12698.4,12318.8,11965.9,11636.9,11329.4,11041.1,10770.5,10515.7,10275.4,10048.4,9833.54,9629.83,9436.41,9252.48,9077.34,8910.34,8750.91,8598.53,8452.72,8313.05,8179.11,8050.56,7927.07,7808.31,7694.03,7583.96,7477.85,7375.5,7276.7,7181.26,7089,6999.76,6913.4,6829.75,6748.71,6670.13,6593.91,6519.93,6448.1,6378.32,6310.5,6244.55,6180.39,6117.95,6057.16,5997.96,5940.26,5884.03,5829.2,5775.71,5723.52,5672.58,5622.84
11184.9,11535.1,11916.8,12334.5,12793.8,13301.5,13866,14497.8,15209.9,16019.5,16948.4,18026.1,19291.9,20800.9,22630.9,24896.3,27770.8,31527.6,36614.4,43786.4,54305.5,69929.6,90913.1,109071,109905,94701,76540.6,62004.7,51456.3,43821.1,38158.5,33835.1,30443.1,27717.6,25482.5,23617.2,22037,20681,19504.3,18473.2,17561.9,16750.3,16022.5,15366.1,14770.7,14228,13731.2,13274.5,12853,12462.9,12100.5,11763,11447.7,11152.5,10875.5,10615,10369.4,10137.6,9918.23,9710.41,9513.18,9325.73,9147.32,8977.28,8815.01,8659.98,8511.69,8369.7,8233.59,8103,7977.58,7857.01,7741.02,7629.33,7521.69,7417.9,7317.72,7220.98,7127.49,7037.07,6949.59,6864.88,6782.82,6703.27,6626.12,6551.26,6478.59,6407.99,6339.39,6272.7,6207.83,6144.71,6083.26,6023.42,5965.12,5908.31,5852.91,5798.88,5746.17,5694.72,5644.49
11100.4,11442.8,11815.5,12222.7,12669.9,13163.4,13711,14322.6,15010.4,15790.1,16682.1,17713.1,18919,20349.3,22073.6,24192.8,26858.1,30304,34908.2,41299.1,50525.8,64158.7,83256.3,103175,110243,99412.9,81667.4,66092.3,54501.7,46096.3,39896,35196,31534.4,28611.3,26227.5,24248,22578.4,21151,19916.5,18837.9,17887.1,17042.3,16286.4,15605.8,14989.6,14428.8,13916.1,13445.5,13011.7,12610.5,12238.3,11891.9,11568.7,11266.3,10982.8,10716.3,10465.3,10228.4,10004.5,9792.43,9591.29,9400.22,9218.45,9045.29,8880.12,8722.38,8571.55,8427.19,8288.85,8156.17,8028.78,7906.36,7788.62,7675.28,7566.09,7460.82,7359.24,7261.17,7166.42,7074.81,6986.18,6900.39,6817.3,6736.76,6658.68,6582.92,6509.38,6437.96,6368.58,6301.13,6235.53,6171.72,6109.6,6049.12,5990.21,5932.8,5876.83,5822.25,5769.01,5717.05,5666.34
11017.9,11352.7,11716.7,12114,12549.5,13029.4,13560.9,14153.4,14818.2,15569.8,16427.1,17414.6,18565,19923,21551,23538.3,26017.2,29190.1,33377.7,39105.9,47247.7,59162.4,76221.5,96348.1,108478,103007,86761,70457.3,57814.5,48573.3,41778.9,36661.7,32702.8,29562.7,27016.9,24913.5,23147.3,21643.3,20347,19217.8,18225,17345.1,16559.5,15853.5,15215.4,14635.6,14106.4,13621.1,13174.5,12761.9,12379.5,12023.9,11692.5,11382.6,11092.3,10819.6,10563,10321,10092.3,9875.93,9670.78,9475.99,9290.77,9114.41,8946.26,8785.74,8632.32,8485.52,8344.91,8210.08,8080.69,7956.38,7836.85,7721.83,7611.05,7504.27,7401.27,7301.85,7205.81,7112.98,7023.2,6936.3,6852.15,6770.62,6691.57,6614.9,6540.49,6468.24,6398.05,6329.83,6263.5,6198.98,6136.19,6075.06,6015.52,5957.51,5900.96,5845.83,5792.05,5739.58,5688.36
10937.3,11264.8,11620.4,12008,12432.4,12899.3,13415.6,13989.8,14632.8,15358,16182.7,17129.6,18228.5,19519.8,21059.7,22927.7,25239.8,28171.7,31997.4,37159.6,44386.7,54836.5,69926,89209.9,104837,105092,91548.1,75032.4,61397.1,51267,43820.3,38242.2,33955.2,30576.9,27854.1,25616.2,23745.7,22159.3,20796.7,19613.6,18576.3,17659.2,16842.2,16109.5,15448.4,14848.8,14302.2,13801.7,13341.6,12917.1,12524.1,12159.1,11819,11501.5,11204.1,10925.1,10662.7,10415.4,10181.8,9960.96,9751.67,9553.07,9364.31,9184.66,9013.45,8850.08,8694,8544.72,8401.78,8264.77,8133.31,8007.07,7885.73,7768.98,7656.58,7548.27,7443.82,7343.02,7245.67,7151.6,7060.63,6972.61,6887.4,6804.84,6724.82,6647.22,6571.92,6498.82,6427.81,6358.82,6291.74,6226.51,6163.03,6101.24,6041.06,5982.44,5925.31,5869.61,5815.29,5762.29,5710.57
10858.4,11178.9,11526.4,11904.8,12318.5,12773,13274.6,13831.6,14453.9,15154.1,15948.2,16857.1,17908.1,19137.9,20597.1,22356.6,24518.9,27237,30746.4,35422,41874.1,51080.9,64374.6,82229.1,99755.8,105420,95691,79700.2,65236.7,54189.4,46034,39948.1,35299.4,31659.4,28743.1,26359.1,24375.7,22700.6,21267.1,20026.4,18941.8,17985.2,17135,16374.1,15688.9,15068.4,14503.7,13987.3,13513.3,13076.4,12672.3,12297.4,11948.5,11623,11318.4,11032.8,10764.4,10511.6,10273,10047.6,9834.02,9631.48,9439.09,9256.07,9081.73,8915.44,8756.63,8604.8,8459.48,8320.23,8186.68,8058.46,7935.25,7816.76,7702.7,7592.82,7486.88,7384.68,7286,7190.67,7098.5,7009.34,6923.03,6839.43,6758.43,6679.88,6603.67,6529.71,6457.88,6388.09,6320.26,6254.29,6190.12,6127.66,6066.84,6007.6,5949.87,5893.6,5838.73,5785.2,5732.96
10781.2,11094.9,11434.7,11804.2,12207.7,12650.2,13138,13678.5,14281.2,14957.8,15723.1,16596.4,17602.7,18775.6,20160.5,21821.2,23848.4,26376,29607.5,33862.2,39653.6,47806.4,59514.2,75698.1,93771.3,103947,98831.9,84283.4,69296.6,57346.3,48432.5,41790.5,36743.8,32816.3,29688.4,27145.2,25039.7,23269,21759.5,20457.3,19322.2,18323.8,17438.6,16648,15937.4,15295,14711.2,14178.3,13689.6,13239.8,12824.2,12439.1,12081,11747.2,11435.1,11142.7,10868.1,10609.7,10366,10135.7,9917.84,9711.27,9515.15,9328.67,9151.11,8981.83,8820.23,8665.79,8518.02,8376.49,8240.79,8110.56,7985.45,7865.16,7749.41,7637.93,7530.49,7426.85,7326.82,7230.19,7136.8,7046.47,6959.06,6874.41,6792.39,6712.88,6635.76,6560.92,6488.25,6417.66,6349.05,6282.35,6217.47,6154.32,6092.85,6032.99,5974.66,5917.8,5862.37,5808.3,5755.55
10705.8,11012.8,11345.2,11706.2,12099.8,12530.9,13005.4,13530.2,14114.3,14768.5,15506.7,16346.5,17311.2,18431.2,19747.8,21318.2,23223,25580.2,28566.2,32454.6,37679.8,44936.8,55268.2,69757.3,87399.6,100844,100659,88543.7,73507.3,60733.9,51027,43780.6,38297,34053.9,30694.5,27978,25740.2,23866.4,22275.2,20907.2,19718.5,18675.8,17753.4,16931.4,16194,15528.7,14925,14374.7,13870.8,13407.5,12980,12584.2,12216.6,11874.2,11554.4,11255,10974,10709.8,10460.7,10225.6,10003.2,9792.48,9592.52,9402.48,9221.62,9049.27,8884.81,8727.7,8577.44,8433.57,8295.67,8163.37,8036.32,7914.21,7796.73,7683.62,7574.64,7469.54,7368.12,7270.18,7175.54,7084.03,6995.49,6909.76,6826.72,6746.23,6668.18,6592.44,6518.92,6447.52,6378.13,6310.68,6245.07,6181.24,6119.11,6058.6,5999.66,5942.22,5886.22,5831.61,5778.33
10631.9,10932.6,11257.7,11610.5,11994.7,12414.9,12876.6,13386.5,13952.9,14585.9,15298.4,16106.9,17032.6,18103.5,19357,20844.6,22638.4,24842.3,27610.5,31178.3,35915.2,42408.2,51555.4,64447.3,81054.4,96452.4,100973,92198.1,77756.6,64333.5,53824.6,45929.5,39968.4,35379.3,31766.6,28861.4,26479.9,24494.9,22815.9,21377.6,20131.6,19041.7,18080,17224.9,16459.4,15769.9,15145.3,14576.9,14057,13579.8,13139.9,12733,12355.5,12004.2,11676.4,11369.7,11082.1,10811.9,10557.3,10317.1,10090.1,9875.12,9671.22,9477.54,9293.3,9117.8,8950.41,8790.56,8637.74,8491.47,8351.33,8216.92,8087.89,7963.91,7844.67,7729.9,7619.34,7512.75,7409.93,7310.65,7214.74,7122.02,7032.33,6945.51,6861.43,6779.94,6700.94,6624.3,6549.91,6477.67,6407.49,6339.28,6272.94,6208.41,6145.61,6084.46,6024.89,5966.85,5910.28,5855.11,5801.3
10559.5,10854.1,11172.3,11517.1,11892.2,12302,12751.5,13247.1,13796.7,14409.6,15097.9,15876.9,16766.1,17791.2,18986.2,20397.8,22090.4,24156.2,26730.1,30016,34329.4,40167.9,48299.6,59745.4,75015.2,91200.2,99737.6,94954.5,81884.1,68104.4,56826.3,48246.8,41767.5,36800,32910.2,29799.2,27261.9,25156.7,23383.3,21869.6,20562.5,19422.5,18419.1,17529,16733.8,16018.9,15372.5,14785,14248.6,13756.6,13303.8,12885.5,12497.7,12137.2,11801,11486.9,11192.5,10916,10655.8,10410.4,10178.6,9959.26,9751.3,9553.87,9366.16,9187.43,9017.03,8854.38,8698.94,8550.23,8407.79,8271.23,8140.17,8014.27,7893.24,7776.77,7664.61,7556.5,7452.24,7351.6,7254.39,7160.44,7069.58,6981.65,6896.51,6814.01,6734.05,6656.48,6581.21,6508.13,6437.14,6368.16,6301.08,6235.84,6172.35,6110.55,6050.35,5991.71,5934.55,5878.82,5824.47
10488.7,10777.4,11088.8,11426,11792.4,12192.1,12629.9,13112,13645.4,14239.3,14904.7,15655.9,16510.8,17493.2,18634.1,19975.5,21575.7,23516.4,25916.5,28953.1,32897.3,38172.3,45433.2,55599.6,69437.3,85516.3,97082.5,96561.8,85683.5,71976.7,60023.2,50740,43703.6,38323.5,34131.2,30795.8,28089.4,25854.2,23979.1,22384.6,21012.4,19818.9,18771.4,17844.3,17017.8,16276.2,15606.8,14999.4,14445.6,13938.4,13472.1,13041.8,12643.3,12273.3,11928.5,11606.6,11305.1,11022.3,10756.2,10505.5,10268.8,10044.9,9832.8,9631.51,9440.23,9258.19,9084.72,8919.2,8761.07,8609.85,8465.06,8326.29,8193.16,8065.32,7942.45,7824.25,7710.45,7600.8,7495.07,7393.04,7294.52,7199.31,7107.26,7018.2,6931.97,6848.45,6767.5,6689,6612.84,6538.9,6467.09,6397.32,6329.49,6263.53,6199.35,6136.88,6076.04,6016.78,5959.04,5902.74,5847.84
10419.3,10702.2,11007.2,11337.1,11695,12085,12511.7,12980.7,13498.9,14074.6,14718.4,15443.3,16266.1,17208.5,18299,19575.8,21091.2,22918.4,25162.2,27977.4,31598,36385.4,42898.3,51947,64384.4,79761.7,93274.5,96861.4,88917.1,75845.4,63392.4,53412.4,45785.1,39958,35435.9,31856,28965.8,26590,24605.4,22924.2,21482.2,20232,19137.5,18171.3,17311.8,16542.1,15848.6,15220.3,14648.3,14125.2,13644.8,13202.1,12792.5,12412.6,12058.9,11728.9,11420.2,11130.7,10858.7,10602.4,10360.7,10132.1,9915.74,9710.5,9515.55,9330.11,9153.48,8985.02,8824.15,8670.36,8523.16,8382.14,8246.9,8117.06,7992.31,7872.34,7756.87,7645.65,7538.42,7434.98,7335.11,7238.63,7145.37,7055.15,6967.83,6883.26,6801.31,6721.86,6644.79,6569.98,6497.34,6426.77,6358.18,6291.48,6226.6,6163.45,6101.97,6042.09,5983.74,5926.86,5871.41
10351.3,10628.7,10927.4,11250.1,11600,11980.7,12396.7,12853.3,13356.8,13915.3,14538.5,15238.6,16031.2,16936.2,17979.8,19196.8,20634.4,22358.1,24460.9,27078.6,30414.1,34777.4,40645.8,48724.5,59859.2,74196.8,88658,95820.4,91345.5,79566.6,66890.7,56260.9,48019.2,41711.3,36830.7,32984.8,29894.9,27366.9,25264.3,23490,21973.5,20662.7,19518.4,18510.7,17616.3,16817,16098.1,15448,14857,14317.2,13822.2,13366.5,12945.5,12555.2,12192.3,11854,11537.8,11241.4,10963.2,10701.2,10454.3,10221,10000.2,9790.86,9592.15,9403.22,9223.35,9051.87,8888.19,8731.77,8582.12,8438.79,8301.38,8169.51,8042.85,7921.07,7803.9,7691.06,7582.31,7477.42,7376.19,7278.41,7183.91,7092.52,7004.09,6918.45,6835.49,6755.07,6677.07,6601.37,6527.89,6456.51,6387.14,6319.7,6254.1,6190.27,6128.13,6067.62,6008.66,5951.2,5895.18
10284.6,10556.7,10849.3,11165.2,11507.3,11879.1,12284.8,12729.4,13219.1,13761.1,14364.8,15041.4,15805.5,16675.5,17675.3,18836.8,20202.7,21831.9,23807.1,26248,29331.1,33323.7,38634.5,45873.3,55831.4,68981.8,83588.5,93538.9,92765.7,82962,70450.3,59272.7,50410.1,43590.9,38322.5,34187.4,30880.8,28188,25958,24083.7,22487.4,21112,19914.7,18863.1,17931.9,17101.3,16355.8,15682.7,15071.8,14514.7,14004.5,13535.3,13102.2,12701.3,12328.8,11981.9,11657.9,11354.5,11069.8,10802,10549.7,10311.4,10086.1,9872.62,9670.05,9477.55,9294.35,9119.78,8953.22,8794.1,8641.94,8496.25,8356.63,8222.68,8094.06,7970.44,7851.53,7737.05,7626.74,7520.38,7417.76,7318.66,7222.9,7130.32,7040.74,6954.03,6870.03,6788.62,6709.68,6633.09,6558.74,6486.54,6416.39,6348.19,6281.87,6217.34,6154.53,6093.38,6033.81,5975.75,5919.16
10219.3,10486.1,10773,11082.2,11416.8,11780,12175.8,12609,13085.3,13611.8,14196.9,14851.3,15588.5,16425.5,17384.5,18494.5,19794.2,21336.8,23196.1,25477.9,28336.7,32003.8,36830.1,43341.7,52255.1,64195.2,78377.9,90227,93049.5,85831.9,73973.6,62421.8,52958,45603.2,39917.9,35469.5,31927.7,29056.4,26689.1,24707.2,23025.4,21581,20327.5,19229.2,18259.1,17395.6,16622.1,15924.9,15293.2,14717.9,14191.7,13708.5,13263,12850.9,12468.6,12112.7,11780.6,11469.9,11178.6,10904.8,10646.9,10403.6,10173.6,9955.83,9749.29,9553.11,9366.51,9188.77,9019.25,8857.38,8702.64,8554.54,8412.66,8276.59,8145.97,8020.47,7899.78,7783.62,7671.73,7563.87,7459.82,7359.38,7262.34,7168.54,7077.81,6989.99,6904.94,6822.53,6742.64,6665.13,6589.91,6516.87,6445.92,6376.95,6309.9,6244.66,6181.18,6119.37,6059.18,6000.52,5943.35
10155.3,10417,10698.2,11001.1,11328.4,11683.3,12069.7,12491.9,12955.5,13467,14034.4,14667.8,15379.7,16185.8,17106.5,18168.4,19406.9,20869.9,22623.7,24762,27420.5,30800.3,35204,41084.7,49079.4,59860.7,73264.2,86162.3,92168.7,87979.2,77332.5,65664.6,55656.2,47752.8,41623.3,36836.7,33040.1,29975.7,27460,25362.4,23589,22071.1,20757.5,19609.9,18598.5,17700.4,16897.3,16174.9,15521.3,14927,14384.2,13886.3,13427.9,13004.3,12611.6,12246.5,11906.1,11587.8,11289.6,11009.6,10746,10497.5,10262.7,10040.5,9829.91,9629.96,9439.85,9258.86,9086.32,8921.63,8764.25,8613.68,8469.48,8331.24,8198.58,8071.16,7948.66,7830.79,7717.28,7607.9,7502.4,7400.58,7302.24,7207.2,7115.29,7026.35,6940.24,6856.81,6775.94,6697.51,6621.4,6547.51,6475.74,6406,6338.19,6272.25,6208.08,6145.61,6084.78,6025.51,5967.75
10092.4,10349.3,10625,10921.7,11242,11589,11966.2,12378,12829.3,13326.6,13877.3,14490.7,15178.5,15955.4,16840.3,17857.4,19039.2,20429,22086.3,24094.6,26573.6,29698.9,33732,39064.1,46254.9,55965.8,68405.4,81639.4,90200.4,89238.9,80373.2,68935.9,58489.3,50041.3,43444.6,38294.7,34222.8,30949.6,28273.8,26051.7,24180,22583.3,21205.9,20005.8,18950.8,18016,17181.9,16432.9,15756.4,15142.3,14582.1,14069,13597,13161.5,12758.1,12383.4,12034.3,11708.3,11403,11116.5,10847.1,10593.2,10353.5,10126.7,9911.93,9708.11,9514.41,9330.09,9154.44,8986.86,8826.78,8673.69,8527.12,8386.66,8251.92,8122.53,7998.18,7878.57,7763.41,7652.47,7545.49,7442.27,7342.61,7246.3,7153.2,7063.12,6975.91,6891.45,6809.59,6730.21,6653.2,6578.45,6505.86,6435.33,6366.76,6300.09,6235.22,6172.08,6110.61,6050.72,5992.37
10030.8,10283,10553.3,10844.1,11157.6,11496.9,11865.4,12267,12706.7,13190.4,13725,14319.5,14984.6,15734,16585.2,17560.5,18689.6,20011.8,21580.7,23471,25788.5,28687.1,32394.1,37247.4,43736,52479.7,63890.1,76926.5,87311.2,89506.8,82927.8,72146.2,61429.6,52466.1,45386.3,39849.1,35480.6,31981.8,29133.2,26777.1,24800,23119.2,21673.8,20417.9,19316.7,18343.2,17476.4,16699.4,15998.9,15364,14785.7,14256.6,13770.6,13322.6,12908.1,12523.5,12165.5,11831.4,11518.8,11225.7,10950.2,10690.7,10445.9,10214.5,9995.4,9787.6,9590.22,9402.47,9223.65,9053.1,8890.26,8734.58,8585.6,8442.86,8305.99,8174.59,8048.36,7926.96,7810.13,7697.59,7589.11,7484.47,7383.45,7285.86,7191.53,7100.29,7011.98,6926.46,6843.6,6763.26,6685.34,6609.71,6536.28,6464.94,6395.61,6328.19,6262.62,6198.8,6136.67,6076.16,6017.2
9970.34,10217.9,10483.1,10768.1,11075.1,11407,11767,12159,12587.5,13058.1,13577.5,14154,14797.5,15521,16340.5,17276.7,18356.7,19616.3,21104.1,22886.8,25058.6,27754.7,31173.3,35607.2,41482.4,49363.5,59756.1,72237.8,83725.6,88758.6,84833.2,75182.1,64433.6,55018.1,47450.8,41505.1,36818.4,33076.5,30041.6,27541.3,25451,23680.2,22162.2,20847,19696.8,18682.4,17781.1,16974.8,16249.1,15592.4,14995.1,14449.4,13948.8,13487.8,13061.8,12666.9,12299.6,11957.2,11637,11337,11055.3,10790.1,10540.1,10303.9,10080.3,9868.46,9667.29,9476.04,9293.95,9120.38,8954.7,8796.38,8644.92,8499.86,8360.81,8227.37,8099.2,7975.99,7857.44,7743.28,7633.26,7527.17,7424.77,7325.87,7230.3,7137.88,7048.45,6961.86,6877.97,6796.66,6717.8,6641.28,6567,6494.84,6424.73,6356.57,6290.27,6225.77,6162.97,6101.83,6042.26
9910.99,10154.1,10414.3,10693.7,10994.4,11319.2,11671.1,12053.7,12471.5,12929.7,13434.5,13993.8,14617,15315.9,16105.6,17005.1,18039.3,19241,20654,22338.5,24378.2,26892.6,30055.2,34120.4,39458.9,46576.5,56006,67724.6,79688.1,87054,85954.5,77910.9,67439.8,57679.8,49637.5,43266.7,38241.1,34237.8,31002.2,28346.7,26135,24267.9,22672.4,21294.2,20092.1,19034.4,18096.7,17259.5,16507.3,15827.8,15210.7,14647.7,14131.8,13657.4,13219.3,12813.7,12436.8,12085.7,11757.8,11450.7,11162.5,10891.5,10636.1,10394.9,10166.8,9950.72,9745.67,9550.82,9365.39,9188.7,9020.13,8859.1,8705.1,8557.68,8416.39,8280.86,8150.72,8025.65,7905.35,7789.54,7677.96,7570.38,7466.58,7366.36,7269.52,7175.89,7085.31,6997.63,6912.71,6830.4,6750.6,6673.17,6598.02,6525.04,6454.14,6385.21,6318.19,6252.98,6189.52,6127.72,6067.53
9852.73,10091.5,10346.9,10620.9,10915.5,11233.4,11577.4,11951.1,12358.6,12804.9,13295.8,13838.7,14442.5,15118.2,15879.8,16744.9,17736.4,18884.2,20228.2,21822.6,23742.4,26093.3,29027.6,32767.3,37635.1,44079.6,52622.2,63480.6,75428,84526,86206.6,80191,70366.8,60422.5,51941.6,45137,39753.1,35469.8,32018.6,29196.2,26854.2,24883.9,23205.8,21760.4,20503.2,19399.7,18423.6,17553.9,16773.9,16070.5,15432.6,14851.5,14319.8,13831.3,13380.8,12964.1,12577.2,12217.2,11881.2,11566.8,11272,10994.8,10733.9,10487.6,10254.8,10034.4,9825.39,9626.84,9437.99,9258.11,9086.56,8922.76,8766.17,8616.32,8472.76,8335.09,8202.94,8075.98,7953.89,7836.39,7723.22,7614.13,7508.89,7407.31,7309.18,7214.33,7122.59,7033.8,6947.82,6864.5,6783.74,6705.39,6629.36,6555.54,6483.83,6414.13,6346.37,6280.45,6216.3,6153.86,6093.04
9795.53,10030.1,10280.8,10549.5,10838.3,11149.5,11486,11851.1,12248.7,12683.5,13161.1,13688.5,14273.8,14927.5,15662.6,16495.3,17446.8,18544.6,19824.8,21336.5,23146.9,25350,28080.2,31531.5,35985.3,41837.1,49576.8,59552.7,71136.1,81356.9,85568.6,81887.3,73114.5,63204.1,54352,47116.4,41358.2,36776.9,33094.2,30092.6,27610.7,25530,23763.6,22246.8,20931.1,19779.2,18762.5,17858.4,17049.3,16320.8,15661.2,15061.2,14512.9,14009.8,13546.4,13118.1,12721,12351.7,12007.3,11685.3,11383.6,11100.2,10833.5,10582.1,10344.5,10119.6,9906.47,9704.13,9511.76,9328.61,9154.02,8987.38,8828.15,8675.81,8529.92,8390.06,8255.86,8126.96,8003.05,7883.83,7769.03,7658.4,7551.71,7448.75,7349.31,7253.21,7160.28,7070.36,6983.31,6898.97,6817.22,6737.94,6661.02,6586.34,6513.81,6443.33,6374.81,6308.18,6243.34,6180.23,6118.77
9739.35,9969.83,10216,10479.7,10762.7,11067.5,11396.7,11753.5,12141.6,12565.4,13030.4,13542.8,14110.6,14743.5,15453.4,16255.7,17169.8,18220.8,19441.9,20877.4,22587.9,24657.2,27204,30398.7,34487.2,39817,46837.4,55956.4,66954.5,77749.5,84087.1,82888.8,75568.4,65967.2,56849.9,49202.6,43059.4,38162.8,34232.8,31039,28407,26208.1,24347.4,22754.6,21376.6,20173.4,19113.8,18173.7,17333.9,16579,15896.8,15277,14711.4,14193,13716.2,13275.9,12868.1,12489.2,12136.2,11806.4,11497.6,11207.8,10935.2,10678.3,10435.7,10206.3,9988.96,9782.73,9586.75,9400.25,9222.54,9052.99,8891.04,8736.16,8587.89,8445.81,8309.5,8178.63,8052.86,7931.88,7815.42,7703.23,7595.05,7490.68,7389.9,7292.53,7198.4,7107.33,7019.18,6933.8,6851.06,6770.83,6692.99,6617.45,6544.09,6472.81,6403.53,6336.16,6270.62,6206.84,6144.73
9684.17,9910.69,10152.5,10411.2,10688.7,10987.3,11309.5,11658.3,12037.2,12450.6,12903.3,13401.5,13952.7,14565.7,15252,16025.6,16904.5,17911.8,19078,20443.3,22062.1,24009.7,26391.3,29357,33122,37991.6,44371.2,52685.1,62977.4,73899.7,81868.6,83125.6,77609.1,68637.9,59406.6,51388.9,44857.9,39631.1,35437.9,32038.3,29245.6,26920.1,24958.8,23284.8,21840.9,20583.3,19478.4,18500.2,17628.1,16845.6,16139.5,15499.1,14915.4,14381.2,13890.3,13437.6,13018.7,12629.9,12267.9,11930,11613.9,11317.4,11038.8,10776.3,10528.7,10294.6,10072.9,9862.66,9662.98,9473.04,9292.14,9119.61,8954.88,8797.4,8646.7,8502.33,8363.88,8230.99,8103.32,7980.55,7862.4,7748.6,7638.91,7533.1,7430.97,7332.31,7236.94,7144.71,7055.44,6969,6885.25,6804.05,6725.3,6648.87,6574.66,6502.58,6432.53,6364.41,6298.16,6233.69,6170.93
9629.96,9852.63,10090.1,10344.1,10616.3,10908.8,11224.2,11565.3,11935.5,12338.7,12779.8,13264.5,13799.6,14393.9,15057.7,15804.2,16650,17616.6,18731.7,20031.9,21566.7,23403.3,25635.6,28396,31873.7,36336.6,42147.3,49720.4,59259.1,69975.9,79061.9,82579.6,79123.9,71128.2,61981.7,53662.9,46752.9,41184.5,36712.9,33093.8,30129,27668.2,25599.3,23839,22324.9,21009.6,19856.8,18838.5,17932.3,17120.8,16389.8,15727.8,15125.3,14574.5,14069.1,13603.4,13173,12773.8,12402.6,12056.4,11732.7,11429.3,11144.4,10876.2,10623.3,10384.4,10158.3,9943.95,9740.47,9547.01,9362.83,9187.25,9019.68,8859.54,8706.35,8559.64,8419.01,8284.06,8154.44,8029.85,7909.97,7794.54,7683.31,7576.04,7472.51,7372.54,7275.92,7182.5,7092.1,7004.58,6919.8,6837.62,6757.93,6680.61,6605.54,6532.64,6461.8,6392.93,6325.96,6260.79,6197.36
9576.7,9795.61,10029,10278.3,10545.3,10832,11140.9,11474.5,11836.2,12229.8,12659.7,13131.4,13651.4,14227.7,14870.2,15591.1,16405.9,17334.2,18401.6,19641.6,21098.9,22834.1,24930.9,27506.9,30728.3,34830.9,40137.1,47037.7,55822.5,66109.5,75835.5,81287.5,80021.3,73339.5,64522,56005.1,48740.4,42824.6,38060.9,34208.5,31060,28454.5,26270.8,24418.4,22829.7,21453.2,20249.8,19189,18247.1,17405.2,16648,15963.3,15341.1,14773.2,14252.5,13773.4,13331.1,12921.2,12540.4,12185.5,11854,11543.6,11252.2,10978.1,10719.8,10475.9,10245.2,10026.6,9819.27,9622.19,9434.65,9255.95,9085.46,8922.6,8766.86,8617.77,8474.9,8337.84,8206.25,8079.79,7958.15,7841.05,7728.25,7619.49,7514.55,7413.24,7315.35,7220.71,7129.16,7040.55,6954.72,6871.54,6790.9,6712.66,6636.73,6562.99,6491.35,6421.72,6354.01,6288.14,6224.04
9524.34,9739.62,9968.92,10213.7,10475.7,10756.9,11059.4,11385.9,11739.4,12123.6,12542.8,13002.1,13507.6,14066.8,14689.1,15385.8,16171.3,17063.8,18086.7,19270.8,20656.5,22298.7,24272.4,26681.9,29674.2,33456.8,38315.4,44610.4,52671.5,62392.5,72356.2,79335.2,80243.3,75170.6,66961,58387.2,50812.3,44551.6,39484.6,35385.4,32041.3,29281.3,26975.1,25024.6,23356.4,21915.1,20658.1,19552.6,18573,17699,16914.3,16206,15563.3,14977.3,14440.9,13947.8,13493,13072.1,12681.3,12317.5,11977.9,11660.1,11362.1,11081.9,10818,10569,10333.7,10110.8,9899.39,9698.61,9507.62,9325.72,9152.24,8986.6,8828.26,8676.73,8531.56,8392.36,8258.74,8130.38,8006.94,7888.15,7773.74,7663.46,7557.09,7454.41,7355.22,7259.36,7166.63,7076.9,6990.01,6905.82,6824.21,6745.05,6668.23,6593.64,6521.19,6450.79,6382.33,6315.75,6250.95
9472.88,9684.61,9909.99,10150.4,10407.6,10683.3,10979.6,11299.2,11644.9,12020.2,12429,12876.4,13368,13911.1,14514.1,15187.9,15945.7,16804.5,17785.9,18917.9,20237.5,21794.3,23655.5,25914.4,28701.1,32198.5,36659.6,42412.1,49795.8,58882.7,68772.1,76844.2,79774.5,76527.3,69221.2,60770.9,52955.5,46363.2,40985.7,36627.4,33075.6,30151,27714,25659,23906.4,22396.2,21082.4,19929.7,18910.4,18002.7,17189.3,16456.2,15791.9,15187.2,14634.3,14126.7,13659,13226.6,12825.5,12452.4,12104.5,11779.1,11474.2,11187.8,10918.2,10663.9,10423.7,10196.4,9980.88,9776.29,9581.78,9396.59,9220.06,9051.56,8890.55,8736.53,8589.03,8447.63,8311.95,8181.63,8056.37,7935.84,7819.8,7707.97,7600.13,7496.06,7395.56,7298.44,7204.52,7113.65,7025.68,6940.46,6857.86,6777.76,6700.04,6624.6,6551.32,6480.13,6410.92,6343.61,6278.12
9422.29,9630.57,9852.13,10088.3,10340.8,10611.2,10901.6,11214.5,11552.7,11919.3,12318.3,12754.2,13232.6,13760.1,14344.9,14997,15728.7,16555.8,17498.1,18581.6,19839.9,21318,23076.5,25198.8,27800.3,31042.8,35150.3,40418,47177.9,55610,65202.9,73955,78643.9,77333.6,71217.9,63107.2,55150,48254.3,42564.8,37936.7,34165.4,31065.8,28489.6,26323.2,24481,22897.7,21523.8,20321.1,19259.9,18316.8,17473.2,16714.1,16027.4,15403.1,14833,14310.3,13829.2,13384.8,12973.1,12590.4,12233.8,11900.7,11588.6,11295.7,11020.2,10760.6,10515.4,10283.5,10063.8,9855.27,9657.13,9468.58,9288.92,9117.5,8953.77,8797.19,8647.3,8503.65,8365.86,8233.57,8106.43,7984.14,7866.43,7753.02,7643.69,7538.2,7436.36,7337.96,7242.83,7150.81,7061.73,6975.46,6891.86,6810.81,6732.18,6655.86,6581.75,6509.75,6439.78,6371.73,6305.53
9372.54,9577.46,9795.31,10027.4,10275.3,10540.6,10825.3,11131.7,11462.5,11820.9,12210.3,12635.3,13101.1,13613.8,14181.2,14812.6,15519.6,16316.8,17222.7,18260.8,19462.2,20867.7,22532,24529.8,26964.1,29978.2,33770.3,38605.1,44797,52585.2,61736.8,70809.7,76920.9,77541.6,72864.9,65336.7,57368.6,50215.8,44220.7,39315.2,35313.3,32028.1,29303.8,27019,25081.4,23420.5,21983,20727.5,19622.2,18641.8,17766.4,16980.1,16269.9,15625.2,15037.2,14498.7,14003.6,13546.9,13124.1,12731.5,12366,12024.8,11705.4,11405.9,11124.3,10859,10608.7,10372.1,10148.1,9935.57,9733.72,9541.72,9358.85,9184.45,9017.92,8858.74,8706.4,8560.46,8420.52,8286.19,8157.14,8033.06,7913.64,7798.63,7687.77,7580.84,7477.63,7377.93,7281.57,7188.37,7098.18,7010.84,6926.22,6844.2,6764.64,6687.43,6612.47,6539.66,6468.91,6400.11,6333.2
9323.61,9525.26,9739.5,9967.61,10211,10471.4,10750.5,11050.7,11374.5,11724.8,12105.1,12519.6,12973.2,13471.8,14022.7,14634.5,15318.1,16087.1,16958.6,17954.4,19102.8,20441.1,22018.8,23903.1,26185.9,28994.6,32504.8,36953.2,42631.1,49805.4,58432.8,67537.6,74705.6,77137.8,74083.4,67391.1,59575.3,52233.9,45950.4,40763.7,36521.4,33040.3,30158.8,27748.1,25709,23965.9,22460.9,21149.7,19997.8,18978.1,18069.5,17254.6,16519.8,15853.7,15247,14692.2,14182.6,13713,13278.7,12875.9,12501.1,12151.5,11824.6,11518.2,11230.3,10959.4,10703.8,10462.4,10233.9,10017.2,9811.58,9616.04,9429.88,9252.42,9083.03,8921.18,8766.34,8618.06,8475.91,8339.52,8208.52,8082.6,7961.45,7844.8,7732.39,7623.99,7519.38,7418.36,7320.74,7226.35,7135.02,7046.59,6960.94,6877.93,6797.43,6719.32,6643.5,6569.87,6498.32,6428.77,6361.13
9275.47,9473.94,9684.67,9908.89,10148,10403.5,10677.3,10971.5,11288.5,11631,12002.6,12407,12848.9,13334.1,13869.1,14462.3,15123.7,15866.1,16705.3,17661.4,18760.5,20036.5,21534.4,23314.8,25460,28083.4,31341.1,35443.9,40658.8,47259.3,55325.5,64247.1,72115,76145.4,74809.9,69197.4,61725.1,54289,47747.7,42281.9,37791.4,34104.4,31056.5,28512.2,26365.5,24535,22958.6,21588.4,20387.3,19326.4,18382.7,17537.9,16777.3,16088.9,15462.8,14890.8,14366.2,13883.3,13437.1,13023.6,12639.2,12281,11946.3,11632.8,11338.5,11061.6,10800.6,10554.2,10321.1,10100.3,9890.72,9691.56,9502.03,9321.43,9149.12,8984.54,8827.14,8676.46,8532.07,8393.56,8260.58,8132.78,8009.86,7891.54,7777.55,7667.65,7561.62,7459.26,7360.36,7264.75,7172.26,7082.73,6996.03,6912.01,6830.55,6751.53,6674.83,6600.36,6528.01,6457.69,6389.31
9228.12,9423.48,9630.8,9851.24,10086.1,10337,10605.6,10894,11204.3,11539.5,11902.5,12297.3,12728.1,13200.3,13720.2,14295.6,14936.1,15653.3,16462,17380.9,18433.9,19652.1,21076.3,22761.4,24781.3,27237.2,30267.8,34061.4,38860,44931.4,52430.8,61020.9,69270,74620.8,75004.6,70682.4,63765,56354.8,49602.9,43867.8,39124.3,35222.5,31999.1,29313.2,27052.2,25129.1,23477.1,22044.5,20791.6,19687.1,18706.6,17830.5,17042.9,16331.1,15684.7,15094.9,14554.6,14057.8,13599.3,13174.7,12780.5,12413.4,12070.6,11749.7,11448.8,11165.8,10899.3,10647.8,10410,10184.8,9971.19,9768.31,9575.33,9391.52,9216.22,9048.83,8888.82,8735.7,8589.01,8448.34,8313.32,8183.61,8058.89,7938.86,7823.26,7711.84,7604.36,7500.62,7400.42,7303.57,7209.91,7119.26,7031.49,6946.45,6864.02,6784.06,6706.48,6631.15,6557.99,6486.89,6417.76
9181.52,9373.86,9577.85,9794.62,10025.5,10271.8,10535.4,10818.1,11122.1,11450,11804.9,12190.3,12610.4,13070.3,13575.8,14134.3,14754.8,15448.2,16228.2,17112.2,18122,19286.4,20642.5,22239.9,24145.3,26449.2,29275.4,32791.5,37216.2,42804,49752.1,57917.9,66283.6,72646.4,74655.8,71779.6,65635.2,58397.9,51501.9,45517.4,40520.2,36396.1,32988.4,30152.7,27770.8,25749.5,24017.4,22518.9,21211.2,20060.9,19041.7,18132.6,17316.8,16580.6,15913,15304.7,14748.1,14236.8,13765.4,13329.5,12925,12548.6,12197.5,11869.1,11561.2,11272,10999.8,10743,10500.4,10270.7,10053,9846.32,9649.8,9462.69,9284.33,9114.08,8951.4,8795.77,8646.73,8503.86,8366.77,8235.11,8108.54,7986.77,7869.53,7756.55,7647.61,7542.47,7440.94,7342.83,7247.97,7156.18,7067.32,6981.25,6897.83,6816.93,6738.44,6662.25,6588.26,6516.36,6446.48
9135.67,9325.06,9525.81,9739.01,9965.89,10207.9,10466.5,10743.7,11041.6,11362.6,11709.7,12086.1,12495.9,12943.9,13435.7,13978.1,14579.6,15250.4,16003.3,16854.3,17823.8,18938,20230.9,21747.6,23548.2,25714,28355.4,31622.1,35710.9,40859.2,47283.7,54975.1,63252.8,70320.2,73782,72436,67272.4,60377.4,53425.6,47223.8,41978.1,37626.2,34026.1,31032.7,28522.7,26397.6,24580.6,23012.4,21647,20448.4,19388.5,18444.8,17599.4,16837.7,16147.9,15520.2,14946.6,14420.4,13935.7,13487.9,13072.8,12686.9,12327.1,11990.9,11676,11380.3,11102.2,10840,10592.4,10358.1,10136.2,9925.61,9725.46,9534.99,9353.48,9180.31,9014.89,8856.7,8705.26,8560.14,8420.93,8287.28,8158.83,8035.29,7916.38,7801.81,7691.37,7584.81,7481.93,7382.54,7286.45,7193.51,7103.54,7016.41,6931.98,6850.13,6770.72,6693.65,6618.82,6546.12,6475.47
9090.53,9277.05,9474.64,9684.36,9907.4,10145.1,10399,10670.9,10962.9,11277.2,11616.7,11984.5,12384.4,12821,13299.6,13826.7,14410.1,15059.5,15786.8,16606.8,17538.4,18605.8,19840,21282.1,22986.5,25026.2,27500.3,30542.3,34329,39079.3,45014.6,52213.2,60254.7,67745.2,72429.3,72618.1,68614.3,62245.7,55349.1,48977,43495.2,38913.4,35113.7,31954.8,29309.7,27074.7,25168,23526.1,22099.7,20850.2,19747.5,18767.5,17891,17102.6,16389.7,15741.8,15150.6,14608.7,14110.2,13650.1,13224,12828.2,12459.6,12115.3,11793.1,11490.8,11206.5,10938.8,10686,10447.1,10220.8,10006.2,9802.35,9608.42,9423.7,9247.53,9079.32,8918.51,8764.62,8617.19,8475.83,8340.13,8209.77,8084.43,7963.8,7847.62,7735.65,7627.64,7523.39,7422.69,7325.37,7231.24,7140.15,7051.95,6966.5,6883.66,6803.33,6725.37,6649.68,6576.17,6504.73
9046.09,9229.81,9424.33,9630.66,9849.97,10083.5,10332.9,10599.6,10885.8,11193.7,11525.8,11885.3,12275.7,12701.4,13167.4,13679.8,14246,14875.1,15578.1,16368.9,17265,18288.5,19468.2,20841.2,22457.1,24381.7,26703.7,29542.8,33057.6,37448,42931.3,49639.3,57346.2,65019.7,70666,72316,69604.8,63950.6,57241.2,50763,45066.8,40257.1,36252.4,32920.6,30133.2,27782.1,25780.6,24060.9,22570.1,21267,20119.2,19101.1,18192.1,17375.7,16638.6,15969.8,15360.1,14802,14289.2,13816.3,13378.8,12972.7,12594.9,12242.3,11912.6,11603.4,11312.9,11039.4,10781.4,10537.7,10306.9,10088.2,9880.5,9683.03,9495.01,9315.77,9144.69,8981.21,8824.81,8675.04,8531.46,8393.69,8261.38,8134.19,8011.82,7893.99,7780.46,7670.98,7565.33,7463.3,7364.71,7269.38,7177.15,7087.86,7001.37,6917.55,6836.26,6757.4,6680.84,6606.5,6534.26
9002.34,9183.32,9374.84,9577.89,9793.55,10023.1,10268,10529.8,10810.4,11112,11437,11788.5,12169.8,12585,13039,13537.3,14087.2,14696.9,15376.9,16140.1,17002.7,17985.2,19114,20423,21957.3,23776.4,25960,28615.4,31884.9,35950.3,41019,47253.2,54565.8,62230,68574.3,71544.4,70199.3,65437.3,59065,52563.2,46685.6,41655.5,37442.6,33931.3,30994.8,28521.4,26419.7,24617.8,23059.1,21699.5,20504.3,19446.1,18503,17657.4,16895,16204.2,15575.3,15000.4,14472.6,13986.5,13537.2,13120.6,12733.2,12372.1,12034.5,11718.2,11421.3,11141.9,10878.5,10629.8,10394.5,10171.5,9959.93,9758.83,9567.44,9385.06,9211.05,9044.82,8885.86,8733.69,8587.85,8447.96,8313.65,8184.58,8060.44,7940.94,7825.81,7714.83,7607.75,7504.37,7404.5,7307.95,7214.55,7124.16,7036.61,6951.78,6869.53,6789.74,6712.31,6637.12,6564.08
8959.25,9137.57,9326.17,9526,9738.13,9963.77,10204.3,10461.3,10736.5,11032,11350.3,11694,12066.6,12471.7,12914.1,13399,13933.2,14524.5,15182.7,15919.8,16750.9,17695,18776.2,20025.8,21484.7,23206.8,25264.1,27752.8,30800.6,34572.4,39262.7,45048,51936.9,59447.2,66241.7,70341.2,70369.6,66652.6,60778,54354.1,48341.3,43105.2,38684.2,34988.1,31895.9,29293.8,27086.6,25197.9,23567.6,22148.5,20903.4,19803.1,18824.2,17948,17159.2,16445.5,15796.6,15204,14660.8,14160.9,13699.4,13271.8,12874.6,12504.6,12159,11835.4,11531.8,11246.4,10977.4,10723.6,10483.6,10256.3,10040.7,9835.85,9641,9455.4,9278.39,9109.37,8947.79,8793.15,8645.02,8502.96,8366.61,8235.62,8109.67,7988.46,7871.72,7759.2,7650.67,7545.92,7444.74,7346.94,7252.36,7160.84,7072.22,6986.36,6903.14,6822.42,6744.09,6668.05,6594.19
8916.82,9092.53,9278.29,9474.99,9683.68,9905.52,10141.8,10394.1,10664.1,10953.8,11265.5,11601.8,11965.8,12361.3,12792.5,13264.7,13783.9,14357.7,14995.2,15707.6,16509,17416.9,18453.7,19648,21037.1,22670,24611.7,26948.7,29795.9,33302.2,37648,43013.7,49470.7,56725.7,63753.7,68763.2,70107.1,67548.8,62334.5,56107,50020.2,44601.1,39976.1,36091.6,32837.6,30100.7,27782.4,25802.3,24096.5,22614.6,21317.1,20172.6,19156.2,18247.8,17431.4,16693.8,16024,15413.2,14853.9,14339.7,13865.5,13426.6,13019.2,12640,12286.1,11955,11644.6,11352.9,11078.2,10819.1,10574.3,10342.5,10122.8,9914.11,9715.72,9526.83,9346.75,9174.86,9010.6,8853.46,8702.97,8558.7,8420.28,8287.33,8159.52,8036.57,7918.18,7804.1,7694.1,7587.94,7485.43,7386.37,7290.59,7197.92,7108.21,7021.31,6937.09,6855.42,6776.18,6699.27,6624.58
8875.02,9048.19,9231.17,9424.83,9630.16,9848.3,10080.5,10328.3,10593.2,10877.2,11182.5,11511.6,11867.5,12253.7,12674.3,13134.1,13639.1,14196.2,14814,15503,16276.4,17150.3,18145.4,19288.1,20612.5,22163.1,23998.7,26197.5,28862.6,32128.6,36161.5,41138.5,47170.6,54104.1,61187.1,66879.3,69423.9,68088.4,63687,57788.5,51704.5,46135.7,41316,37241.8,33820.9,30943.3,28508.4,26432,24646.7,23098.7,21746,20555.1,19499.3,18557.3,17712,16949.4,16257.9,15628.1,15052,14523,14035.6,13584.9,13167,12778.3,12415.8,12077,11759.5,11461.4,11180.8,10916.3,10666.5,10430.2,10206.2,9993.66,9791.64,9599.37,9416.15,9241.32,9074.32,8914.62,8761.72,8615.2,8474.65,8339.7,8210.02,8085.28,7965.21,7849.55,7738.03,7630.45,7526.58,7426.24,7329.23,7235.4,7144.57,7056.62,6971.39,6888.75,6808.6,6730.81,6655.27
8833.84,9004.53,9184.8,9375.49,9577.56,9792.1,10020.3,10263.7,10523.7,10802.2,11101.4,11423.5,11771.6,12148.8,12559.2,13007.2,13498.5,14039.6,14638.7,15305.6,16052.4,16894.3,17850.4,18944.9,20209.1,21683.7,23421.9,25494.3,27993.8,31042,34790.8,39410,45033.3,51607.6,58606.8,64764.4,68351.1,68247.7,64789.8,59360.9,53372.1,47698.5,42700.1,38438.2,34846.6,31822.8,29265.7,27088.2,25219.1,23601.7,22190.9,20951.1,19854,18876.9,18001.4,17212.7,16498.5,15848.8,15255.3,14710.9,14209.9,13747,13318.2,12919.7,12548.4,12201.5,11876.8,11572,11285.4,11015.3,10760.4,10519.4,10291.1,10074.5,9868.77,9673.04,9486.6,9308.78,9138.98,8976.65,8821.29,8672.47,8529.75,8392.76,8261.15,8134.61,8012.83,7895.54,7782.49,7673.45,7568.21,7466.55,7368.3,7273.28,7181.33,7092.29,7006.04,6922.43,6841.33,6762.65,6686.26
8793.26,8961.54,9139.16,9326.95,9525.84,9736.89,9961.26,10200.3,10455.6,10728.8,11021.9,11337.4,11677.9,12046.5,12447,12883.7,13362,13887.9,14469.2,15115,15836.7,16648.4,17567.8,18617.3,19825.5,21229.6,22878.1,24834.7,27183.4,30033.8,33524.5,37815.9,43052.3,49250.5,56063.8,62492.6,66935.9,68019.2,65602.6,60783.9,54996.8,49276.2,44122.9,39679,35914.8,32740,30055.5,27771.9,25814.8,24124.2,22652.4,21361.4,20221,19207,18299.8,17483.8,16746,16075.7,15464.1,14903.7,14388.4,13913,13472.9,13064.2,12683.8,12328.7,11996.4,11684.8,11391.9,11116.2,10856,10610.1,10377.4,10156.7,9947.14,9747.88,9558.14,9377.24,9204.57,9039.56,8881.7,8730.52,8585.59,8446.52,8312.95,8184.55,8061.03,7942.09,7827.48,7716.96,7610.31,7507.32,7407.8,7311.58,7218.48,7128.35,7041.05,6956.44,6874.4,6794.8,6717.54
8753.28,8919.19,9094.23,9279.19,9474.99,9682.63,9903.24,10138.1,10388.8,10656.8,10944.2,11253.2,11586.4,11946.7,12337.7,12763.6,13229.3,13740.8,14305,14930.8,15628.8,16412,17296.9,18304.1,19460.1,20798.9,22364.5,24214.8,26425.8,29096.4,32352.6,36344.1,41218.4,47038.7,53596.3,60131.8,65236.7,67412.5,66093.5,62016.4,56548.3,50851.8,45576.6,40961.7,37025.2,33695.7,30878.7,28484.1,26434.7,24667.3,23131.3,21786.5,20600.6,19547.9,18607.7,17763.2,17000.7,16308.9,15678.4,15101.5,14571.5,14082.9,13631.1,13212,12822.1,12458.4,12118.4,11799.8,11500.5,11218.9,10953.3,10702.5,10465.2,10240.3,10026.8,9823.89,9630.78,9446.74,9271.14,9103.39,8942.96,8789.37,8642.18,8500.98,8365.41,8235.13,8109.82,7989.2,7873,7760.98,7652.89,7548.55,7447.74,7350.29,7256.02,7164.79,7076.43,6990.81,6907.8,6827.28,6749.13
8713.87,8877.47,9049.99,9232.2,9424.98,9629.3,9846.26,10077.1,10323.2,10586.3,10868.1,11170.9,11496.9,11849.3,12231.2,12646.7,13100.4,13597.9,14146,14752.8,15428.2,16184.4,17036.8,18004.5,19111.7,20389.7,21878.7,23631.3,25716.1,28222.8,31265.8,34983.6,39521.6,44972.6,51230.4,57740.8,63317.2,66453.7,66242.4,63019.2,57993.1,52405,47051,42282,38176.7,34690.1,31736.2,29225.9,27079.7,25231.7,23628.4,22227,20993.4,19900.3,18925.5,18051.2,17262.9,16548.7,15898.6,15304.3,14759.1,14257,13793.1,13363.1,12963.4,12591,12243,11917.1,11611.2,11323.5,11052.4,10796.5,10554.5,10325.2,10107.7,9901.12,9704.55,9517.29,9338.69,9168.13,9005.08,8849.03,8699.53,8556.17,8418.56,8286.36,8159.23,8036.9,7919.07,7805.51,7695.98,7590.25,7488.13,7389.43,7293.98,7201.61,7112.17,7025.52,6941.53,6860.07,6781.03
8675.03,8836.37,9006.43,9185.95,9375.79,9576.88,9790.28,10017.2,10259,10517.2,10793.6,11090.3,11409.5,11754.2,12127.3,12532.8,12975,13459.2,13991.9,14580.5,15234.5,15965.3,16787,17717.5,18779.1,20000.5,21418.5,23081,25050.2,27407.3,30256,33724.1,37951.6,43048.3,48982.4,55367.5,61241.7,65182.1,66042.9,63757.8,59295.9,53911.5,48533.3,43634.3,39367.4,35723,32628.7,29998.1,27750.8,25818.3,24144.3,22683.6,21400,20264.4,19253.4,18348.1,17532.9,16795.3,16124.8,15512.6,14951.5,14435.3,13958.8,13517.6,13107.9,12726.3,12370.1,12036.7,11724,11430.1,11153.3,10892.1,10645.3,10411.6,10190,9979.58,9779.47,9588.92,9407.24,9233.82,9068.09,8909.53,8757.67,8612.1,8472.4,8338.24,8209.26,8085.18,7965.7,7850.58,7739.56,7632.42,7528.97,7429,7332.34,7238.82,7148.29,7060.6,6975.61,6893.2,6813.25
8636.74,8795.87,8963.52,9140.43,9327.39,9525.33,9735.27,9958.36,10195.9,10449.4,10720.6,11011.4,11324.1,11661.3,12026,12421.8,12853,13324.5,13842.3,14413.7,15047.4,15754,16546.8,17442.3,18461.2,19629.8,20982,22561.2,24424.1,26644.3,29316,32556.2,36497.8,41259.4,46860.8,53048.6,59070.3,63646.9,65502.9,64205.4,60420.9,55344.2,50007.3,45010.7,40594.3,36793.9,33556.5,30801.6,28448.9,26427.9,24679.8,23157,21821,20640.9,19592,18654.2,17811,17049,16357.2,15726.3,15148.8,14618,14128.5,13675.7,13255.5,12864.6,12499.8,12158.7,11839,11538.7,11256,10989.5,10737.7,10499.5,10273.6,10059.3,9855.57,9661.65,9476.83,9300.47,9132,8970.87,8816.61,8668.77,8526.95,8390.78,8259.92,8134.06,8012.9,7896.18,7783.65,7675.08,7570.27,7469.01,7371.12,7276.44,7184.79,7096.04,7010.04,6926.66,6845.78
8598.99,8755.96,8921.26,9095.61,9279.77,9474.65,9681.21,9900.58,10134,10383,10649.1,10934.2,11240.5,11570.5,11927.1,12313.7,12734.2,13193.6,13697.3,14252.2,14866.5,15550.2,16315.7,17178.2,18157,19276.4,20567.2,22069.4,23834.5,25929.2,28439.1,31471.3,35150.5,39597.9,44868.3,50810.5,56856.1,61902.9,64643.9,64344.6,61334.5,56673.2,51454.2,46401.2,41852.9,37901.3,34519.6,31636.9,29174.8,27061.4,25235.8,23647.8,22256.8,21030.3,19941.7,18969.9,18097.4,17310,16596.1,15945.8,15351.1,14805.2,14302.3,13837.4,13406.5,13005.8,12632.3,12283.2,11956.3,11649.4,11360.7,11088.6,10831.8,10588.8,10358.7,10140.3,9932.87,9735.5,9547.46,9368.11,9196.83,9033.08,8876.36,8726.21,8582.22,8444.01,8311.23,8183.54,8060.67,7942.32,7828.26,7718.24,7612.04,7509.47,7410.33,7314.45,7221.68,7131.84,7044.81,6960.45,6878.63
8561.76,8716.62,8879.63,9051.48,9232.91,9424.79,9628.07,9843.83,10073.3,10317.8,10579,10858.6,11158.7,11481.8,11830.5,12208.2,12618.6,13066.2,13556.4,14095.6,14691.5,15353.5,16093.1,16924.6,17865.7,18939,20172.7,21603.5,23278.3,25257.7,27619.7,30461.9,33900.4,38055.3,43003.7,48670.8,54643.2,60005.7,63499,64170.1,62007.2,57867.6,52851.9,47793.5,43137.3,39043,35517.6,32504.4,29929.1,27719.6,25812.9,24156.7,22708.2,21432.9,20302.9,19295.6,18392.5,17578.7,16841.7,16171.2,15558.8,14997.1,14480.2,14002.9,13560.8,13150.1,12767.5,12410.3,12075.9,11762.2,11467.3,11189.6,10927.5,10679.7,10445.1,10222.7,10011.4,9810.5,9619.17,9436.74,9262.6,9096.17,8936.93,8784.43,8638.23,8497.93,8363.18,8233.65,8109.02,7989.02,7873.39,7761.89,7654.28,7550.37,7449.97,7352.88,7258.95,7168.02,7079.95,6994.59,6911.82
8525.05,8677.84,8838.61,9008.02,9186.79,9375.75,9575.84,9788.07,10013.6,10253.9,10510.3,10784.6,11078.7,11395.1,11736.2,12105.3,12505.9,12942.4,13419.6,13943.8,14522.1,15163.5,15878.6,16680.7,17586.4,18616.5,19797,21161.4,22752.7,24626.1,26852.5,29520.9,32738.9,36622.6,41262.7,46640,52466.8,58008.3,62110,63688.2,62416,58896.3,54175.9,49172.6,44439.9,40215.5,36549.4,33404.2,30712.5,28403.1,26411.9,24684.4,23175.7,21849.5,20676.1,19631.7,18696.7,17855.2,17094.2,16402.7,15771.8,15193.9,14662.5,14172.3,13718.7,13297.6,12905.7,12540,12197.9,11877.2,11575.9,11292.3,11024.9,10772.2,10533,10306.4,10091.2,9886.67,9691.97,9506.4,9329.33,9160.15,8998.35,8843.44,8694.98,8552.56,8415.8,8284.38,8157.97,8036.29,7919.06,7806.05,7697.01,7591.74,7490.04,7391.73,7296.63,7204.58,7115.44,7029.07,6945.33
8488.84,8639.61,8798.19,8965.21,9141.38,9327.51,9524.47,9733.28,9955.07,10191.1,10442.9,10712,11000.4,11310.3,11644.1,12005,12396.2,12821.8,13286.7,13796.5,14358.1,14979.8,15671.6,16446.1,17318.4,18307.9,19438.6,20741.4,22255.4,24031.1,26132.9,28642.1,31658.1,35291.4,39639.6,44722.9,50352.9,55958.4,60523.6,62916.9,62546.2,59730.1,55399.8,50520.9,45750.9,41414.5,37613.5,34336.1,31525.3,29112.7,27033.5,25231.6,23660,22280.4,21061.7,19978.5,19010.2,18140,17353.9,16640.6,15990.5,15395.7,14849.3,14345.7,13880.1,13448.3,13046.8,12672.3,12322.4,11994.5,11686.6,11397,11124,10866.3,10622.4,10391.5,10172.3,9964.03,9765.88,9577.11,9397.03,9225.05,9060.63,8903.26,8752.49,8607.9,8469.1,8335.76,8207.53,8084.13,7965.28,7850.72,7740.23,7633.58,7530.56,7431,7334.71,7241.53,7151.31,7063.9,6979.18
8453.12,8601.92,8758.36,8923.05,9096.68,9280.03,9473.95,9679.43,9897.54,10129.5,10376.8,10640.9,10923.7,11227.3,11554.1,11907,12289.1,12704.4,13157.4,13653.5,14199.1,14802.1,15471.9,16220.1,17061,18012.4,19096.6,20341.8,21784.1,23469.5,25456.8,27820.1,30650.8,34053.2,38127.4,42920.1,48320,53896.7,58788.1,61884.1,62393.2,60343.9,56496.3,51818.4,47058.7,42633.9,38707.2,35299.4,32367.8,29848.9,27678.4,25798.9,24161.6,22726.3,21460.2,20336.5,19333.4,18433.2,17621.1,16885.1,16215,15602.6,15040.7,14523.3,14045.3,13602.4,13190.9,12807.5,12449.3,12114,11799.4,11503.6,11225,10962,10713.4,10477.9,10254.7,10042.6,9840.94,9648.87,9465.73,9290.89,9123.79,8963.91,8810.78,8663.97,8523.09,8387.78,8257.7,8132.55,8012.05,7895.92,7783.94,7675.88,7571.53,7470.69,7373.2,7278.86,7187.55,7099.09,7013.37
8417.88,8564.75,8719.09,8881.5,9052.66,9233.3,9424.27,9626.49,9841.03,10069.1,10312,10571.2,10848.6,11146.2,11466.2,11811.3,12184.7,12590.1,13031.7,13514.6,14045,14630.2,15279,16002.4,16813.6,17729.1,18769.6,19961.2,21336.9,22938.8,24820.4,27049.8,29710.5,32900.3,36718.7,41229.7,46379.8,51856.2,56950.3,60625.3,61962.1,60718,57438.4,53043,48349.1,43866.1,39827.1,36292.8,33239.7,30612,28347.1,26386.9,24681.1,23187.7,21872.1,20706.1,19666.8,18735.2,17896,17136.3,16445.5,15814.9,15236.8,14705.1,14214.3,13760,13338.2,12945.4,12578.9,12235.9,11914.4,11612.2,11327.7,11059.4,10805.9,10565.9,10338.4,10122.5,9917.16,9721.73,9535.45,9357.68,9187.84,9025.39,8869.86,8720.79,8577.78,8440.47,8308.5,8181.57,8059.38,7941.66,7828.17,7718.67,7612.96,7510.83,7412.1,7316.6,7224.16,7134.64,7047.9
8383.11,8528.09,8680.38,8840.57,9009.3,9187.31,9375.38,9574.44,9785.5,10009.7,10248.3,10502.9,10775,11066.7,11380.1,11717.9,12082.9,12478.7,12909.3,13379.6,13895.5,14463.7,15092.6,15792.4,16575.5,17457.2,18456.8,19598.3,20911.9,22436.4,24220.6,26326.7,28831.3,31825.6,35406.1,39647.7,44538.9,49862.4,55052.9,59180.6,61268.1,60839.9,58200.8,54171.4,49606,45102,40968.6,37314.4,34140.7,31402.3,29040.2,26996.4,25219.2,23665.1,22297.8,21087.7,20010.5,19046.4,18178.9,17394.6,16682.3,16032.7,15437.9,14891.3,14387.3,13921.1,13488.7,13086.3,12711.1,12360.3,12031.5,11722.8,11432.4,11158.5,10899.9,10655.3,10423.5,10203.6,9994.58,9795.7,9606.21,9425.44,9252.8,9087.73,8929.74,8778.37,8633.19,8493.83,8359.94,8231.19,8107.28,7987.93,7872.9,7761.95,7654.85,7551.41,7451.42,7354.73,7261.16,7170.56,7082.79
8348.81,8491.94,8642.22,8800.23,8966.6,9142.03,9327.29,9523.26,9730.93,9951.39,10185.9,10435.9,10703,10989,11296,11626.6,11983.5,12370,12790.2,13248.4,13750.3,14302.3,14912.3,15589.7,16346.2,17196.2,18157.3,19251.7,20507.6,21960.1,23654.3,25646.8,28008,30822.3,34182.3,38168.5,42799.7,47934,53133.1,57591.9,60334.7,60705.4,58761.9,55179.4,50811.2,46330.3,42125.7,38361.5,35069.7,32219.7,29758,27627.7,25776.4,24159.1,22738,21481.8,20365.2,19367,18470,17660.1,16925.5,16256.2,15644,15082,14564.4,14085.9,13642.5,13230.3,12846.1,12487.1,12151,11835.6,11538.9,11259.5,10995.7,10746.3,10510,10286,10073.2,9870.8,9678.02,9494.2,9318.69,9150.95,8990.45,8836.71,8689.33,8547.88,8412.03,8281.42,8155.76,8034.76,7918.16,7805.72,7697.21,7592.43,7491.18,7393.27,7298.55,7206.85,7118.03
8314.95,8456.27,8604.59,8760.48,8924.53,9097.44,9279.96,9472.92,9677.29,9894.12,10124.6,10370.2,10632.3,10912.8,11213.7,11537.3,11886.4,12264.1,12674.2,13120.9,13609.4,14145.9,14737.8,15394,16125.3,16945.2,17870.1,18920.5,20122.4,21508.1,23118.9,25006.6,27235.7,29884.4,33040.3,36786.3,41162,46083.7,51221.8,55900.4,59192.1,60318.8,59104.8,56043.4,51944.9,47538,43291.1,39430.5,36025.3,33063.9,30500.7,28281.3,26353.3,24670.2,23193,21888.8,20731,19697.4,18769.8,17933.2,17175.3,16485.6,15855.4,15277.5,14745.6,14254.5,13799.7,13377.3,12983.8,12616.5,12272.8,11950.4,11647.5,11362.2,11093.1,10838.7,10598,10369.8,10153.1,9947.06,9750.92,9563.96,9385.53,9215.05,9051.98,8895.85,8746.2,8602.63,8464.77,8332.28,8204.83,8082.15,7963.95,7850,7740.06,7633.91,7531.37,7432.23,7336.34,7243.52,7153.63
8281.54,8421.08,8567.48,8721.29,8883.09,9053.54,9233.37,9423.4,9624.55,9837.85,10064.5,10305.7,10563,10838.2,11133.1,11450.1,11791.6,12160.8,12561.1,12996.7,13472.4,13994.2,14568.8,15204.8,15912.3,16703.7,17594.5,18603.6,19755,21078.5,22611.9,24402.7,26510.2,29006.3,31973.6,35494.8,39623.2,44319.3,49343.5,54144.2,57874.8,59693,59218.8,56741.7,52986.3,48710.2,44456,40516.7,37005.5,33934.2,31268.4,28957.7,26950.3,25199,23663.3,22309.2,21108.5,20037.9,19078.4,18214.1,17432,16721.1,16072.2,15477.8,14931.2,14427,13960.4,13527.4,13124.5,12748.6,12397,12067.5,11758,11466.8,11192.2,10932.8,10687.4,10454.9,10234.2,10024.5,9824.93,9634.76,9453.34,9280.06,9114.38,8955.78,8803.83,8658.09,8518.19,8383.77,8254.51,8130.11,8010.29,7894.79,7783.39,7675.86,7572,7471.61,7374.52,7280.57,7189.6
8248.56,8386.36,8530.89,8682.66,8842.25,9010.29,9187.51,9374.68,9572.7,9782.56,10005.4,10242.4,10495.1,10765.1,11054.3,11364.8,11699,12060,12450.9,12875.8,13339.3,13846.9,14405.1,15021.9,15706.7,16471.3,17329.8,18300.1,19404.2,20669.7,22131.2,23832.3,25827.5,28183,30976.1,34287.6,38179.5,42644.8,47516.9,52357.2,56419.3,58847.9,59100.4,57255.5,53914.1,49830.4,45609.7,41614.3,38007.3,34829.5,32060.8,29657,27567.8,25745.8,24149.5,22743.3,21497.9,20388.9,19396.2,18503.1,17695.8,16962.8,16294.6,15683,15121.3,14603.5,14124.8,13680.9,13268.1,12883.3,12523.7,12186.9,11870.7,11573.3,11293.1,11028.5,10778.4,10541.4,10316.7,10103.2,9900.06,9706.61,9522.13,9346,9177.64,9016.54,8862.23,8714.28,8572.29,8435.91,8304.8,8178.64,8057.17,7940.11,7827.22,7718.28,7613.07,7511.41,7413.11,7318.01,7225.94
8216,8352.1,8494.78,8644.56,8802,8967.7,9142.36,9326.74,9521.71,9728.21,9947.34,10180.3,10428.5,10693.5,10977.1,11281.3,11608.5,11961.5,12343.5,12758.1,13209.9,13703.9,14246.4,14844.9,15508.2,16247.3,17075.4,18009.2,19068.9,20280.1,21674.7,23292.8,25184.1,27409.9,30042.2,33158.7,36826.1,41061.1,45755.1,50568.2,54861.6,57809.2,58753.1,57570.3,54707.7,50880.9,46740.2,42716.3,39027.1,35748.1,32877.5,30379.3,28206.2,26311.2,24651.9,23191.7,21899.8,20750.8,19723.5,18800.4,17967,17211.1,16522.8,15893.4,15315.9,14784.1,14292.9,13837.7,13414.8,13020.8,12652.9,12308.5,11985.4,11681.8,11395.7,11125.9,10870.8,10629.4,10400.4,10183,9976.34,9779.54,9591.93,9412.87,9241.78,9078.12,8921.41,8771.2,8627.09,8488.71,8355.7,8227.77,8104.6,7985.95,7871.55,7761.17,7654.6,7551.65,7452.12,7355.84,7262.66
8183.86,8318.29,8459.17,8607,8762.32,8925.73,9097.9,9279.56,9471.55,9674.79,9890.33,10119.3,10363.1,10623.3,10901.4,11199.6,11520.1,11865.4,12238.7,12643.5,13083.9,13565,14092.5,14673.5,15316.3,16031.3,16830.7,17730,18748.1,19908.6,21240.8,22781.7,24576.9,26682.9,29166.6,32102,35557.9,39567.5,44066.9,48800.5,53236,56606.6,58187.6,57677.1,55348.3,51843,47833.9,43814.1,40060.3,36687.9,33717.6,31124.4,28865.7,26895.5,25171,23654.7,22314.5,21123.9,20060.6,19106.3,18245.7,17466.2,16756.9,16109.2,15515.3,14969,14464.8,13998,13564.6,13161.2,12784.7,12432.5,12102.4,11792.2,11500.3,11224.9,10964.9,10718.8,10485.5,10264.2,10053.8,9853.56,9662.76,9480.71,9306.83,9140.55,8981.39,8828.87,8682.6,8542.17,8407.24,8277.49,8152.61,8032.33,7916.39,7804.55,7696.6,7592.33,7491.54,7394.07,7299.75
8152.12,8284.91,8424.03,8569.96,8723.21,8884.38,9054.11,9233.12,9422.2,9622.26,9834.31,10059.5,10299,10554.4,10827.3,11119.7,11433.5,11771.5,12136.4,12531.7,12961.4,13430,13943.2,14507.5,15130.8,15822.8,16595.1,17461.9,18440.9,19553.8,20827.8,22296.9,24003.1,25998.3,28344.6,31112,34369.4,38161.1,42457.5,47072.4,51573.1,55271.9,57421,57572.6,55819.6,52698,48875.8,44898,41101.2,37645.8,34579.7,31892,29546.4,27499.1,25707.3,24132.8,22742.4,21508.6,20407.9,19421.2,18532.4,17728.1,16997.2,16330.4,15719.6,15158.3,14640.7,14161.8,13717.7,13304.5,12919.2,12559,12221.5,11904.7,11606.7,11325.8,11060.5,10809.7,10572,10346.6,10132.5,9928.71,9734.63,9549.53,9372.79,9203.84,9042.17,8887.31,8738.82,8596.32,8459.43,8327.82,8201.19,8079.25,7961.75,7848.42,7739.06,7633.45,7531.39,7432.71,7337.24
8120.78,8251.97,8389.36,8533.42,8684.66,8843.64,9010.98,9187.4,9373.65,9570.61,9779.25,10000.7,10236.1,10486.9,10754.7,11041.4,11348.9,11679.7,12036.6,12422.8,12842,13298.7,13798.1,14346.5,14951.3,15621.5,16368.1,17204.2,18146.3,19214.7,20434.3,21836.5,23460,25352.7,27571.9,30183.6,33255.4,36838.6,40929.2,45397.2,49899.6,53836.8,56475.2,57259.8,56109.2,53428.1,49850,45956.6,42143,38618.3,35462.2,32681.5,30248.2,28122.1,26261,24626.3,23183.9,21905.1,20765.6,19745.2,18827.1,17997.2,17243.9,16557.2,15929,15352.1,14820.6,14329.4,13874,13450.8,13056.4,12688,12343,12019.3,11715,11428.3,11157.8,10902.1,10660,10430.4,10212.3,10005,9807.57,9619.35,9439.69,9268.02,9103.79,8946.53,8795.78,8651.15,8512.26,8378.77,8250.36,8126.74,8007.63,7892.8,7782,7675.03,7571.68,7471.76,7375.11
8089.83,8219.45,8355.15,8497.38,8646.64,8803.48,8968.5,9142.38,9325.87,9519.81,9725.14,9942.91,10174.3,10420.7,10683.6,10964.7,11266.1,11590,11939.1,12316.5,12725.7,13171,13657.3,14190.5,14777.6,15427.1,16149.2,16956.3,17863.7,18890.1,20058.8,21398.7,22945.4,24742.9,26844.6,29311.9,32210.5,35595.7,39481.9,43784.5,48237.4,52331.7,55376,56747.9,56209.2,54016.7,50739.8,46977.6,43177.7,39600.7,36362.8,33491.8,30970.9,28764.6,26832.5,25135.6,23639.4,22314,21134.1,20078.7,19130.2,18273.7,17497.1,16789.9,16143.5,15550.5,15004.7,14500.7,14033.8,13600.2,13196.4,12819.5,12466.8,12136.1,11825.3,11532.8,11256.8,10996.1,10749.3,10515.5,10293.5,10082.4,9881.6,9690.19,9507.55,9333.09,9166.25,9006.54,8853.49,8706.7,8565.77,8430.35,8300.12,8174.78,8054.05,7937.68,7825.42,7717.06,7612.4,7511.23,7413.39
8059.26,8187.34,8321.38,8461.82,8609.15,8763.89,8926.64,9098.05,9278.84,9469.83,9671.93,9886.16,10113.7,10355.7,10613.8,10889.6,11185.1,11502.3,11843.9,12212.8,12612.4,13046.7,13520.4,14039,14609.2,15239,15937.9,16717.6,17592.2,18579.3,19700.3,20981.8,22457,24166.3,26159,28492.6,31229.8,34427.9,38114.7,42240.2,46604.2,50784.6,54151,56051.2,56116.8,54449.7,51528.9,47947.3,44196,40587.6,37278.3,34321.5,31713.9,29426.7,27421.9,25661.1,24109.2,22735.5,21513.8,20422.1,19441.9,18557.9,17757.1,17028.6,16363.4,15753.8,15193.1,14675.8,14197.1,13752.8,13339.4,12953.7,12593,12255.1,11937.7,11639,11357.5,11091.7,10840.2,10601.9,10375.9,10161.1,9956.74,9762.06,9576.38,9399.07,9229.57,9067.35,8911.96,8762.96,8619.95,8482.57,8350.49,8223.4,8101.02,7983.08,7869.34,7759.57,7653.56,7551.12,7452.06
8029.07,8155.64,8288.05,8426.74,8572.18,8724.87,8885.39,9054.38,9232.55,9420.67,9619.62,9830.39,10054.1,10292,10545.4,10816.1,11105.7,11416.6,11750.9,12111.6,12502,12925.7,13387.3,13892,14446.1,15057.1,15734,16487.6,17331.3,18281.3,19357.4,20584.5,21993,23620.3,25511.9,27721.4,30308.4,33330.6,36824.7,40767.7,45013.4,49219.6,52828,55188.8,55834.5,54716.5,52201.3,48851.4,45187.6,41572.4,38205.3,35168.8,32476.6,30108.2,28029.4,26203,24593.6,23169.9,21904.9,20775.5,19762.5,18849.9,18024,17273.5,16588.9,15962,15386,14855,14364,13908.7,13485.3,13090.6,12721.7,12376.3,12052.1,11747.2,11460,11188.9,10932.5,10689.8,10459.6,10240.9,10033,9835,9646.2,9465.98,9293.76,9128.99,8971.2,8819.95,8674.82,8535.44,8401.48,8272.61,8148.54,8029,7913.75,7802.54,7695.17,7591.44,7491.15
7999.24,8124.33,8255.15,8392.12,8535.7,8686.39,8844.74,9011.38,9186.97,9372.29,9568.17,9775.58,9995.58,10229.4,10478.3,10744,11028.1,11332.6,11660,12012.8,12394.2,12807.8,13257.8,13749.2,14287.9,14881,15536.9,16265.9,17080.3,17995.3,19029.4,20205.5,21551.7,23102.6,24900.3,26994.7,29442.1,32299.3,35608.9,39368.2,43474.9,47657.7,51434.2,54182.9,55370.1,54810.1,52742.9,49675.3,46141.2,42547.6,39139.2,36031.2,33257.6,30808.6,28655,26761.5,25093,23617.7,22307.7,21139.2,20092.3,19150,18298.1,17524.8,16820,16175.3,15583.4,15038.3,14534.6,14067.9,13634.2,13230.2,12853,12499.9,12168.7,11857.4,11564.3,11287.7,11026.4,10779.1,10544.6,10322,10110.4,9909.02,9717.04,9533.85,9358.84,9191.46,9031.23,8877.68,8730.39,8588.98,8453.09,8322.41,8196.62,8075.46,7958.67,7846,7737.25,7632.2,7530.66
7969.77,8093.41,8222.67,8357.96,8499.73,8648.45,8804.68,8969.01,9142.09,9324.67,9517.57,9721.7,9938.1,10167.9,10412.5,10673.3,10952,11250.5,11571.1,11916.3,12289.1,12692.9,13131.8,13610.4,14134.4,14710.4,15346.4,16051.9,16838.6,17720.6,18715.1,19843.4,21131.4,22611.2,24321.6,26309.1,28626.6,31329.3,34463.5,38041.2,41995.4,46115.6,49994.7,53057.4,54736,54728.3,53141.4,50404.3,47044.3,43504.6,40074.6,36905.9,34055.6,31527.4,29298.6,27336.7,25607.6,24079,22722.6,21513.7,20431.5,19458.4,18579.6,17782.6,17057,16393.8,15785.5,15225.8,14709,14230.5,13786.3,13372.7,12986.8,12625.8,12287.4,11969.5,11670.4,11388.3,11121.9,10869.9,10631,10404.4,10189.1,9984.14,9788.91,9602.68,9424.83,9254.79,9092.06,8936.16,8786.67,8643.18,8505.34,8372.8,8245.27,8122.46,8004.1,7889.95,7779.79,7673.4,7570.58
7940.66,8062.87,8190.6,8324.24,8464.23,8611.04,8765.19,8927.26,9097.89,9277.8,9467.79,9668.73,9881.62,10107.6,10347.9,10604,10877.4,11170.1,11484.2,11822.1,12186.6,12581,13009.1,13475.5,13985.4,14545.1,15162.1,15845.4,16605.8,17456.6,18413.8,19497.1,20730.7,22144.1,23773.3,25661.4,27858.1,30416.5,33384.6,36785.3,40579,44606.7,48531.8,51836.9,53948.5,54473,53387.5,51024.6,47884.2,44433.8,41005.5,37789.2,34868.7,32263.6,29959.8,27928.7,26137.5,24554.2,23149.8,21899.1,20780.4,19775.5,18868.8,18047.3,17300,16617.7,15992.5,15417.6,14887.3,14396.7,13941.6,13518.1,13123.3,12754.2,12408.4,12083.8,11778.4,11490.7,11219,10962.1,10718.8,10488.1,10268.9,10060.4,9861.83,9672.49,9491.74,9318.99,9153.71,8995.42,8843.68,8698.07,8558.23,8423.82,8294.51,8170.01,8050.06,7934.4,7822.8,7715.04,7610.94
7911.89,8032.7,8158.93,8290.96,8429.21,8574.13,8726.25,8886.12,9054.36,9231.66,9418.8,9616.63,9826.12,10048.3,10284.5,10536,10804.4,11091.4,11399.1,11729.9,12086.4,12471.8,12889.6,13344.3,13840.7,14384.8,14983.7,15645.8,16381.3,17202.6,18124.6,19165.7,20348.2,21699.6,23253.2,25048.9,27133.1,29556.8,32368.3,35598.1,39227.8,43140.9,47064.9,50545.7,53026.7,54051,53475.3,51523.6,48647.8,45324.8,41924.7,38676.7,35694.3,33016,30638.1,28537.3,26682.9,25043.4,23589.6,22295.7,21139.3,20101.3,19165.7,18318.9,17549.3,16847.2,16204.4,15613.9,15069.7,14566.6,14100.1,13666.6,13262.5,12885,12531.6,12200.1,11888.4,11594.8,11317.8,11055.9,10808.1,10573.1,10349.9,10137.8,9935.82,9743.31,9559.59,9384.07,9216.19,9055.46,8901.42,8753.66,8611.79,8475.45,8344.33,8218.12,8096.54,7979.34,7866.29,7757.15,7651.73
7883.46,8002.9,8127.66,8258.1,8394.64,8537.73,8687.86,8845.57,9011.47,9186.23,9370.6,9565.4,9771.56,9990.12,10222.3,10469.3,10732.8,11014.3,11315.9,11639.8,11988.6,12365.3,12773.2,13216.6,13700,14229.2,14810.8,15452.8,16164.7,16958.1,17846.9,18848.2,19982.9,21276.2,22759.2,24468.8,26448.4,28746.4,31410.7,34476.6,37942.2,41725.4,45610,49206.2,51991.6,53472.8,53402.6,51890.9,49322.1,46166.6,42824.3,39563.3,36529.6,33783.1,31332.9,29162.4,27243.8,25546.9,24042.3,22703.8,21508.4,20436.3,19470.8,18597.6,17804.9,17082.4,16421.5,15814.8,15256.2,14740.2,14262.1,13818.1,13404.5,13018.5,12657.3,12318.5,12000.3,11700.7,11418.2,11151.3,10898.7,10659.4,10432.2,10216.4,10010.9,9815.16,9628.41,9450.05,9279.52,9116.3,8959.92,8809.96,8666.01,8527.72,8394.75,8266.79,8143.57,8024.8,7910.26,7799.72,7692.96
7855.36,7973.46,8096.77,8225.66,8360.53,8501.82,8650,8805.6,8969.22,9141.5,9323.15,9514.99,9717.92,9932.93,10161.2,10403.9,10662.5,10938.8,11234.5,11551.8,11893.1,12261.3,12659.8,13092.3,13563.3,14078.3,14643.4,15266.2,15955.6,16722.5,17579.9,18543.8,19633.4,20872.4,22289.4,23918.8,25801,27981.8,30507.8,33417.7,36721.4,40365,44180.1,47839,50865,52752.5,53171.3,52118.2,49895,46947.5,43695.4,40443.3,37371,34562.9,32043.2,29803.5,27820.3,26064.8,24508.1,23123.7,21888,20780.6,19784.1,18883.8,18067.1,17323.4,16643.8,16020.5,15446.9,14917.6,14427.6,13972.7,13549.4,13154.5,12785.3,12439.2,12114.3,11808.5,11520.4,11248.2,10990.9,10747.1,10515.8,10296.1,10087.1,9888.04,9698.2,9516.95,9343.71,9177.94,9019.18,8866.97,8720.91,8580.63,8445.78,8316.05,8191.14,8070.78,7954.73,7842.76,7734.63
7827.59,7944.37,8066.26,8193.63,8326.87,8466.39,8612.66,8766.21,8927.59,9097.43,9276.45,9465.41,9665.17,9876.72,10101.1,10339.7,10593.7,10864.8,11154.7,11465.6,11799.8,12159.9,12549.2,12971.2,13430.4,13931.7,14481,15085.5,15753.5,16495.3,17323.1,18251.6,19298.9,20487,21842.2,23396.7,25188.2,27259.6,29656.1,32418,35564.1,39062.3,42785.2,46462,49668.2,51906.8,52787.1,52200.5,50355.6,47655.9,44528.5,41309.8,38214.3,35353,32767.7,30460.1,28412,26597.1,24987.1,23555.5,22278.3,21134.4,20106,19177.5,18336.1,17570.5,16871.5,16231,15642.1,15099,14596.6,14130.6,13697.3,13293.3,12915.7,12562.2,12230.3,11918.3,11624.3,11346.8,11084.5,10836.2,10600.7,10377.1,10164.5,9962,9768.99,9584.78,9408.77,9240.42,9079.22,8924.72,8776.51,8634.2,8497.43,8365.89,8239.27,8117.29,7999.71,7886.27,7776.76
7800.14,7915.62,8036.13,8162.01,8293.63,8431.43,8575.83,8727.36,8886.56,9054.03,9230.47,9416.61,9613.3,9821.48,10042.2,10276.7,10526.2,10792.3,11076.6,11381.3,11708.5,12060.8,12441.3,12853.3,13301,13789.2,14323.5,14910.5,15558.2,16276.2,17075.8,17971,18978.4,20118.6,21416.1,22900.6,24607.4,26576.7,28852,31474,34467.9,37818.7,41432.6,45090.3,48421.7,50953.9,52259,52135.9,50694.5,48280.4,45313.6,42155.6,39054.6,36150.4,33504.8,31131.4,29018.8,27143.7,25479.4,23999.4,22679.5,21498,20436.5,19479,18612,17823.8,17104.8,16446.4,15841.7,15284.4,14769.3,14291.9,13848.2,13434.8,13048.8,12687.4,12348.5,12029.9,11730,11447.1,11179.8,10926.8,10687,10459.3,10243,10037,9840.8,9653.57,9474.73,9303.73,9140.05,8983.22,8832.81,8688.43,8549.71,8416.32,8287.96,8164.34,8045.19,7930.27,7819.35
7773.01,7887.21,8006.36,8130.77,8260.83,8396.92,8539.51,8689.06,8846.12,9011.27,9185.19,9368.59,9562.28,9767.18,9984.29,10214.8,10459.9,10721.1,11000.2,11298.8,11619.3,11964,12336,12738.4,13175.1,13650.7,14170.6,14740.9,15369.3,16064.6,16837.5,17701.2,18671.1,19766.2,21009.6,22428.7,24056.4,25930.4,28092.3,30582.4,33430.3,36634.1,40127.7,43736.4,47144,49913.1,51599.3,51925.9,50904.8,48810.2,46040.2,42972.6,39886.4,36951.7,34252.4,31816.3,29640.1,27704.7,25985.2,24455.7,23091.8,21871.6,20776,19788.5,18895,18083.5,17343.8,16667,16045.9,15474,14945.8,14456.5,14002.2,13579.2,13184.3,12815,12468.8,12143.6,11837.6,11549.1,11276.6,11018.8,10774.6,10542.8,10322.7,10113.2,9913.64,9723.33,9541.61,9367.9,9201.69,9042.47,8889.83,8743.34,8602.63,8467.37,8337.23,8211.93,8091.19,7974.76,7862.41
7746.18,7859.14,7976.94,8099.92,8228.43,8362.87,8503.66,8651.28,8806.25,8969.15,9140.6,9321.31,9512.08,9713.78,9927.39,10154,10394.9,10651.4,10925.2,11218,11532,11869.5,12233.2,12626.3,13052.5,13516.1,14022.1,14576.5,15186.4,15860.1,16607.8,17441.6,18376,19428.9,20621.4,21979.3,23533,25318.1,27373.8,29739.9,32448.5,35507.8,38873.7,42410.2,45851.7,48803.4,50822.4,51575.5,50981.9,49235.7,46698.1,43751.9,40703.5,37752.9,35008.1,32513.5,30275.2,28279.7,26504.3,24924.4,23515.4,22255.4,21124.7,20106.2,19185.4,18349.7,17588.6,16892.9,16254.9,15667.9,15126.1,14624.7,14159.4,13726.4,13322.6,12945.1,12591.4,12259.4,11947.1,11652.8,11375,11112.3,10863.5,10627.6,10403.6,10190.5,9987.54,9794.07,9609.41,9432.95,9264.14,9102.5,8947.57,8798.93,8656.2,8519.02,8387.08,8260.07,8137.71,8019.75,7905.95
7719.66,7831.39,7947.88,8069.45,8196.45,8329.26,8468.3,8614.03,8766.95,8927.63,9096.68,9274.78,9462.69,9661.27,9871.47,10094.3,10331.1,10583,10851.7,11138.9,11446.6,11777,12132.8,12517,12933,13385.1,13877.8,14417,15009.3,15662.5,16386.2,17191.6,18092.6,19105.5,20250.3,21550.8,23035.4,24737.3,26693.7,28943.2,31519.5,34438,37672.5,41119.2,44559.1,47643,49944.4,51092.4,50924.4,49548.9,47277.1,44484.7,41499,38549.3,35769.2,33221.3,30923.4,28868.3,27036.8,25405.5,23950.5,22649.6,21482.7,20432.2,19483.2,18622.7,17839.5,17124.2,16468.7,15866.1,15310.4,14796.4,14319.8,13876.6,13463.5,13077.6,12716.3,12377.2,12058.5,11758.3,11475,11207.3,10953.9,10713.7,10485.7,10268.9,10062.5,9865.83,9678.15,9498.88,9327.43,9163.32,9006.06,8855.23,8710.43,8571.31,8437.52,8308.77,8184.77,8065.24,7949.96
7693.44,7803.96,7919.16,8039.34,8164.86,8296.08,8433.4,8577.28,8728.2,8886.71,9053.41,9228.96,9414.09,9609.63,9816.49,10035.7,10268.4,10515.9,10779.7,11061.5,11363.1,11686.7,12034.8,12410.4,12816.6,13257.6,13737.6,14262.2,14837.6,15471.3,16172.1,16950.8,17820.1,18795.4,19895.3,21141.9,22561.8,24185.9,26049.4,28189.4,30640.4,33423,36524.8,39869,43278.1,46449,48982.1,50487.3,50733.4,49743.7,47767.6,45161.5,42265.5,39335.6,36532.2,33937.8,31583.5,29470,27582.3,25899.1,24397.2,23054.3,21850.2,20766.8,19788.8,18902.5,18096.5,17361,16687.5,16068.9,15498.8,14971.9,14483.6,14029.9,13607.3,13212.7,12843.4,12497.2,12171.8,11865.6,11576.8,11303.9,11045.8,10801.2,10569.1,10348.5,10138.6,9938.61,9747.86,9565.71,9391.57,9224.93,9065.3,8912.23,8765.33,8624.22,8488.57,8358.04,8232.36,8111.25,7994.47
7667.5,7776.84,7890.77,8009.6,8133.67,8263.32,8398.96,8541.03,8689.99,8846.38,9010.78,9183.84,9366.25,9558.83,9762.45,9978.1,10206.9,10450.1,10709.1,10985.6,11281.3,11598.3,11939,12306.3,12703.2,13133.4,13601.3,14111.9,14671.2,15286.3,15965.4,16718.6,17557.9,18497.7,19555.3,20751.3,22110.5,23661.8,25438.3,27475.6,29808.2,32460.2,35430.1,38663.5,42018.3,45236.5,47952.5,49772.7,50413.2,49816.1,48161.3,45773,42995,40106.2,37293.2,34660.5,32254.1,30084.1,28140.6,26405.1,24855.4,23469.7,22227.3,21110.2,20102.1,19189.4,18359.9,17603.5,16911.5,16276.2,15691.3,15151.1,14650.8,14186.3,13753.9,13350.4,12973,12619.4,12287.2,11974.8,11680.2,11402.1,11139.1,10890,10653.7,10429.3,10215.8,10012.4,9818.55,9633.46,9456.58,9287.36,9125.3,8969.96,8820.92,8677.79,8540.22,8407.9,8280.51,8157.79,8039.47
7641.86,7750.03,7862.72,7980.22,8102.85,8230.97,8364.97,8505.26,8652.31,8806.63,8968.78,9139.4,9319.16,9508.84,9709.3,9921.49,10146.5,10385.5,10639.9,10911.2,11201.2,11511.8,11845.5,12204.7,12592.5,13012.4,13468.6,13965.9,14509.8,15107,15765.5,16494.6,17305.5,18211.7,19229.4,20377.8,21680.1,23163.2,24858.3,26799.2,29020,31547.4,34387.8,37504.8,40787.4,44019,46872,48962.8,49970.7,49764.7,48451.2,46310.4,43679.4,40854.7,38048,35386.7,32933.7,30709.6,28711.3,26923.3,25325.3,23895.8,22614.4,21462.4,20423.6,19483.4,18629.8,17851.9,17140.7,16488.3,15888.1,15334.2,14821.6,14345.9,13903.4,13490.7,13105,12743.8,12404.7,12085.9,11785.5,11502,11234,10980.3,10739.7,10511.3,10294.1,10087.3,9890.23,9702.15,9522.46,9350.61,9186.09,9028.43,8877.2,8732.01,8592.5,8458.34,8329.22,8204.85,8084.97
7616.5,7723.53,7834.99,7951.18,8072.42,8199.04,8331.41,8469.96,8615.14,8767.43,8927.39,9095.62,9272.79,9459.66,9657.03,9865.85,10087.1,10322.1,10572,10838.3,11122.8,11427.2,11753.9,12105.4,12484.5,12894.6,13339.6,13824,14353.2,14933.4,15572.2,16278.2,17062.2,17936.7,18916.7,20020.4,21269.2,22688.3,24307.1,26157.7,28273.2,30681.9,33396.3,36394.4,39591.1,42807.7,45756.1,48072.4,49414.9,49590.7,48631.8,46765.1,44310.3,41574.1,38791.5,36113.1,33620.1,31345.5,29293.7,27453.6,25806.8,24332.8,23011.4,21823.7,20753.1,19784.9,18906.3,18106.2,17375.2,16705.3,16089.3,15521.2,14995.9,14508.8,14055.9,13633.8,13239.5,12870.5,12524.3,12198.9,11892.5,11603.5,11330.4,11072,10827,10594.5,10373.6,10163.3,9962.94,9771.8,9589.24,9414.71,9247.67,9087.64,8934.18,8786.9,8645.41,8509.38,8378.49,8252.45,8130.98
7591.41,7697.32,7807.58,7922.49,8042.35,8167.49,8298.29,8435.13,8578.47,8728.78,8886.59,9052.49,9227.14,9411.25,9605.62,9811.15,10028.8,10259.8,10505.3,10766.8,11045.9,11344.4,11664.5,12008.4,12379.1,12779.7,13213.9,13686,14201,14765.1,15385,16069.2,16827.6,17672,18616.5,19678,20876.5,22235.7,23782.9,25548.7,27565.1,29861.1,32453.7,35332.3,38433.5,41612,44618.7,47116.6,48756.8,49297.7,48699.7,47129.9,44879.3,42257.4,39518.4,36836.1,34311,31990.3,29887.1,27995.4,26299.7,24780.6,23418.4,22194.2,21091.1,20093.9,19189.5,18366.6,17615.3,16927.2,16295,15712.4,15173.9,14675,14211.4,13779.7,13376.6,12999.5,12646,12313.9,12001.4,11706.7,11428.4,11165.1,10915.7,10679.1,10454.3,10240.4,10036.7,9842.41,9656.94,9479.67,9310.06,9147.61,8991.89,8842.46,8698.96,8561.03,8428.34,8300.59,8177.52
7566.6,7671.4,7780.48,7894.13,8012.64,8136.34,8265.58,8400.76,8542.29,8690.66,8846.37,9010,9182.18,9363.6,9555.04,9757.37,9971.55,10198.7,10439.9,10696.7,10970.6,11263.3,11576.9,11913.7,12276.2,12667.6,13091.4,13551.7,14053.3,14601.8,15203.8,15867.2,16601.3,17417.2,18328.1,19349.7,20500.9,21803.7,23283.8,24970,26893.2,29082.5,31558,34318.1,37317.3,40439.4,43472.2,46110.2,48009,48891.6,48653.8,47398.4,45378.6,42897.1,40222.8,37551.4,35003.8,32642.4,30490.6,28548.4,26803.8,25239.3,23835.5,22574,21437.5,20410.6,19479.7,18633.3,17861,17154.2,16505.3,15907.7,15355.8,14844.7,14370.1,13928.4,13516.3,13131,12770,12431,12112.1,11811.6,11527.9,11259.7,11005.8,10764.9,10536.1,10318.6,10111.5,9914.02,9725.56,9545.49,9373.26,9208.36,9050.32,8898.72,8753.16,8613.29,8478.77,8349.29,8224.58
7542.05,7645.76,7753.69,7866.11,7983.29,8105.57,8233.29,8366.83,8506.6,8653.07,8806.73,8968.13,9137.89,9316.69,9505.27,9704.48,9915.24,10138.6,10375.7,10628,10896.8,11183.9,11491.3,11821,12175.8,12558.3,12972.1,13421.1,13909.7,14443.3,15028.2,15671.7,16382.7,17171.6,18050.7,19034.8,20141.4,21391.2,22808.2,24419.8,26255.3,28343.6,30707.2,33350.9,36244.3,39295.7,42327.4,45067,47184.4,48380.4,48495,47566.1,45800.6,43485.7,40898.5,38254.5,35695.3,33299.8,31102.9,29111.9,27318.9,25708.6,24262.8,22963.2,21792.5,20735,19777,18906.4,18112.5,17386.5,16720.3,16107.2,15541.4,15017.8,14532,14080.1,13658.7,13264.9,12896.2,12550.1,12224.8,11918.3,11629.2,11355.9,11097.2,10852,10619.2,10398,10187.3,9986.63,9795.13,9612.21,9437.31,9269.9,9109.5,8955.68,8808.03,8666.18,8529.8,8398.56,8272.17
7517.76,7620.41,7727.21,7838.4,7954.29,8075.18,8201.4,8333.34,8471.38,8615.99,8767.63,8926.86,9094.27,9270.5,9456.29,9652.45,9859.88,10079.6,10312.7,10560.5,10824.5,11106.2,11407.5,11730.5,12077.6,12451.7,12855.9,13293.9,13770,14289.4,14857.9,15482.6,16171.6,16934.8,17783.7,18732.3,19796.9,20996.8,22354.6,23896,25649,27642.1,29898.8,32429.4,35215.1,38185.4,41193.2,44000.1,46296.6,47773.7,48226.4,47629.9,46138.9,44015.6,41538.8,38940.4,36382,33960.2,31722.6,29685.1,27844.5,26188.5,24700.2,23361.8,22156.2,21067.4,20081.5,19186,18369.9,17624,16940.1,16311.2,15731.1,15194.6,14697.2,14234.8,13803.8,13401.4,13024.7,12671.4,12339.4,12026.8,11732.1,11453.6,11190.2,10940.5,10703.6,10478.5,10264.3,10060.3,9865.65,9679.83,9502.2,9332.23,9169.43,9013.35,8863.57,8719.71,8581.43,8448.39,8320.31
7493.74,7595.34,7701.01,7811.02,7925.63,8045.15,8169.91,8300.27,8436.62,8579.4,8729.08,8886.19,9051.28,9225.02,9408.09,9601.28,9805.46,10021.6,10250.8,10494.3,10753.5,11029.9,11325.4,11641.9,11981.7,12347.5,12742.5,13170,13634.2,14140,14692.8,15299.4,15967.5,16706.2,17526.6,18441.6,19466.5,20619.4,21921.5,23397,25072.5,26975.6,29130.7,31551.9,34229.7,37111.4,40077,42920.8,45358.7,47082.4,47853.2,47588.7,46388,44480,42137.2,39603.6,37060,34621,32348.2,30266.9,28380.1,26678.7,25147.6,23769.9,22528.6,21407.9,20393.3,19472.2,18633.3,17867,17164.9,16519.6,15924.8,15375.1,14865.7,14392.5,13951.8,13540.4,13155.6,12794.8,12456,12137.2,11836.7,11552.9,11284.6,11030.4,10789.2,10560.2,10342.4,10135,9937.16,9748.37,9567.96,9395.38,9230.13,9071.74,8919.79,8773.89,8633.67,8498.81,8369
7469.97,7570.54,7675.11,7783.94,7897.3,8015.48,8138.8,8267.62,8402.32,8543.31,8691.07,8846.09,9008.93,9180.22,9360.63,9550.92,9751.95,9964.64,10190.1,10429.4,10683.9,10955.3,11245,11555.2,11887.9,12245.9,12631.8,13049.3,13502,13994.7,14532.6,15121.9,15770,16485.5,17278.8,18162,19149.4,20258,21507.7,22921.2,24523.8,26342,28400.7,30716.6,33287.6,36075.8,38984.8,41839.2,44383.4,46318.2,47382.4,47443.5,46543.8,44872.1,42686.7,40238.4,37725,35279.2,32977.7,30856.3,28925,27178.8,25604.9,24187.5,22910,21756.5,20712.6,19765.2,18902.9,18115.6,17394.7,16732.6,16122.7,15559.4,15037.7,14553.4,14102.6,13682,13288.8,12920.5,12574.7,12249.5,11943,11653.8,11380.5,11121.6,10876.2,10643.2,10421.6,10210.7,10009.7,9817.85,9634.6,9459.36,9291.61,9130.87,8976.71,8828.72,8686.53,8549.81,8418.25
7446.44,7546,7649.49,7757.17,7869.3,7986.16,8108.08,8235.38,8368.45,8507.7,8653.57,8806.55,8967.19,9136.09,9313.91,9501.38,9699.31,9908.63,10130.3,10365.6,10615.7,10882,11166.3,11470.3,11796.3,12146.5,12523.9,12931.6,13373.3,13853.5,14377,14949.8,15578.9,16272.3,17039.8,17892.9,18844.8,19911.7,21112,22467.1,24001,25739.3,27706.6,29921.5,32387.9,35079.8,37920.8,40764,43382.5,45492.9,46822.3,47196.9,46603.8,45186.2,43180.7,40838.9,38372.3,35931.5,33608.8,31451.8,29478.3,27688.3,26071.8,24614.4,23300.1,22113.4,21039.4,20065.1,19178.7,18369.9,17629.6,16950.2,16324.8,15747.5,15213.2,14717.4,14256.3,13826.3,13424.6,13048.4,12695.4,12363.7,12051.2,11756.4,11477.9,11214.3,10964.5,10727.3,10502,10287.5,10083.2,9888.27,9702.13,9524.18,9353.88,9190.75,9034.33,8884.22,8740.03,8601.42,8468.06
7423.17,7521.72,7624.16,7730.7,7841.62,7957.19,8077.72,8203.54,8335.02,8472.56,8616.58,8767.57,8926.06,9092.62,9267.9,9452.61,9647.54,9853.57,10071.7,10303,10548.7,10810.2,11089.2,11387.3,11706.6,12049.5,12418.5,12816.9,13248,13716.1,14225.8,14782.9,15393.8,16066.2,16809.2,17633.6,18552.1,19579.4,20733.1,22033.3,23502.6,25165.5,27046.3,29164.8,31529.4,34123.6,36888.6,39702.4,42366.6,44618.5,46182.7,46853.5,46566.9,45417.6,43613,41398.9,38997,36574.2,34239,32051.7,30039.2,28206.8,26548.2,25050.6,23699.2,22478.5,21373.9,20372,19460.9,18629.9,17869.9,17172.7,16531.3,15939.6,15392.3,14884.8,14413,13973.4,13562.9,13178.6,12818.3,12479.8,12161.2,11860.7,11576.9,11308.4,11054.1,10812.8,10583.5,10365.5,10157.7,9959.67,9770.58,9589.86,9416.96,9251.39,9092.67,8940.4,8794.17,8653.63,8518.45
7400.13,7497.71,7599.09,7704.53,7814.26,7928.56,8047.73,8172.1,8302.02,8437.87,8580.09,8729.13,8885.5,9049.78,9222.59,9404.61,9596.6,9799.43,10014,10241.5,10483,10739.8,11013.6,11306,11618.9,11954.6,12315.7,12705,13125.9,13582.4,14079,14620.9,15214.4,15866.8,16586.5,17383.8,18270.4,19260.5,20370.2,21618.6,23027.1,24618.9,26417.8,28444.5,30710.5,33207.2,35890.3,38660,41345.2,43706.4,45473.7,46419.2,46433.8,45562.6,43977.8,41912.4,39593.8,37203.3,34865.5,32654.3,30606.3,28733.5,27033.5,25495.9,24107,22851.9,21716.1,20686,19749.5,18895.9,18115.5,17400,16742.2,16135.7,15575.1,15055.5,14572.8,14123.3,13703.7,13311.3,12943.4,12598,12273,11966.7,11677.5,11404.1,11145.1,10899.5,10666.3,10444.5,10233.4,10032.1,9839.95,9656.4,9480.86,9312.8,9151.75,8997.27,8848.96,8706.46,8569.43
7377.33,7473.94,7574.3,7678.64,7787.21,7900.26,8018.1,8141.04,8269.43,8403.64,8544.08,8691.21,8845.53,9007.57,9177.96,9357.35,9546.48,9746.19,9957.38,10181.1,10418.5,10670.8,10939.5,11226.3,11533.1,11861.9,12215.2,12595.8,13006.9,13452.2,13936.2,14463.6,15040.5,15673.7,16371.3,17142.8,17999.3,18954,20022.3,21221.9,22573,24097.8,25819.3,27758.6,29929.6,32330,34927.4,37641.4,40326.4,42767.4,44706.1,45901.7,46207.1,45618.9,44269.8,42373.4,40157.2,37814.5,35485.2,33257.3,31178.3,29267.5,27527.3,25950.1,24523.6,23233.6,22066,21007.2,20044.8,19167.8,18366.5,17632.3,16957.6,16335.9,15761.6,15229.7,14735.7,14276,13847.2,13446.3,13070.7,12718.2,12386.7,12074.4,11779.7,11501.2,11237.5,10987.6,10750.3,10524.7,10310,10105.4,9910.26,9723.84,9545.59,9375,9211.56,9054.84,8904.42,8759.92,8621
7354.76,7450.43,7549.78,7653.04,7760.46,7872.29,7988.83,8110.36,8237.25,8369.84,8508.55,8653.81,8806.11,8965.97,9133.99,9310.82,9497.16,9693.82,9901.68,10121.7,10355.1,10603,10866.9,11148.3,11449,11771.1,12117,12489.2,12890.8,13325.5,13797.3,14310.9,14871.9,15486.8,16163.3,16910.2,17738.1,18659.4,19688.4,20841.9,22138.9,23600.6,25249,27105.3,29185.1,31491.1,34000.7,36650.2,39317.1,41811.2,43890.5,45309.2,45890.6,45585.7,44484.9,42776.3,40681.8,38403.1,36094.5,33858.3,31753.5,29807.9,28029,26412.7,24948.7,23623.6,22423.7,21335.5,20346.7,19445.9,18623.1,17869.6,17177.6,16540.4,15952,15407.3,14901.9,14431.7,13993.4,13583.8,13200.3,12840.5,12502.4,12183.9,11883.6,11599.9,11331.4,11077,10835.5,10606.1,10387.8,10179.9,9981.54,9792.17,9611.18,9437.99,9272.13,9113.12,8960.54,8814.02,8673.18
7332.43,7427.16,7525.52,7627.72,7734.01,7844.64,7959.89,8080.06,8205.47,8336.48,8473.49,8616.92,8767.24,8924.97,9090.68,9264.99,9448.61,9642.29,9846.91,10063.4,10292.9,10536.5,10795.7,11071.8,11366.8,11682.4,12021,12385.1,12777.7,13202,13662.1,14162.4,14708.2,15305.7,15962,16685.6,17486.3,18375.9,19367.8,20477.8,21723.8,23125.8,24705.2,26482.7,28475.3,30689.3,33110.4,35688.9,38323,40846.8,43037.2,44651,45489.6,45463.7,44619.9,43115.9,41162,38964.4,36689.8,34454.7,32330.3,30353.4,28537.9,26883.5,25382.1,24021.7,22789.2,21671.2,20655.3,19730.1,18885.4,18112.1,17402.3,16749.1,16146.3,15588.5,15071.3,14590.4,14142.3,13723.8,13332.2,12965,12620,12295.3,11989.2,11700.1,11426.7,11167.7,10922,10688.6,10466.7,10255.3,10053.8,9861.43,9677.62,9501.8,9333.46,9172.12,9017.35,8868.76,8725.96
7310.32,7404.13,7501.51,7602.68,7707.86,7817.31,7931.3,8050.11,8174.08,8303.54,8438.88,8580.52,8728.9,8884.55,9047.99,9219.86,9400.81,9591.6,9793.06,10006.1,10231.8,10471.2,10725.8,10996.9,11286.2,11595.6,11927.2,12283.5,12667.2,13081.7,13530.5,14018.1,14549.3,15130.1,15767.1,16468.5,17243.5,18102.9,19059.7,20128.5,21326.3,22672.1,24186.2,25889.1,27798.4,29923.3,32256.2,34759.2,37348.8,39881.8,42156.1,43936.5,45010.7,45254.9,44672.9,43387.6,41592.5,39493.4,37267,35043.4,32906.4,30902.7,29053.1,27361.8,25823.6,24427.9,23162.4,22014.2,20970.8,20020.6,19153.4,18359.9,17631.9,16962.2,16344.5,15773.4,15244,14752.1,14294,13866.4,13466.5,13091.6,12739.6,12408.5,12096.5,11802,11523.5,11259.8,11009.8,10772.4,10546.7,10331.8,10127,9931.61,9744.94,9566.44,9395.57,9231.86,9074.86,8924.15,8779.37
7288.43,7381.33,7477.75,7577.9,7682,7790.29,7903.03,8020.52,8143.07,8271.01,8404.72,8544.6,8691.09,8844.69,9005.93,9175.4,9353.76,9541.72,9740.09,9949.77,10171.8,10407.2,10657.2,10923.4,11207.2,11510.6,11835.4,12184.2,12559.4,12964.3,13402.4,13877.7,14395,14959.7,15578.4,16258.6,17009,17839.9,18763.4,19793.3,20945.6,22238.2,23690.7,25322.9,27152.8,29191.8,31437.5,33862.1,36397.9,38922.9,41256.2,43175.3,44461.4,44962.7,44643,43587.9,41968.3,39985.1,37821.9,35621.2,33479.5,31454.1,29573.5,27847.1,26272.7,24842,23543.4,22364.5,21293,20317.5,19427.3,18613,17866.3,17179.8,16546.9,15962,15420.2,14917,14448.6,14011.6,13603.1,13220.5,12861.4,12523.7,12205.6,11905.4,11621.8,11353.4,11098.9,10857.4,10627.9,10409.4,10201.3,10002.7,9813.16,9631.92,9458.48,9292.35,9133.07,8980.22,8833.41
7266.75,7358.77,7454.25,7553.39,7656.42,7763.57,7875.09,7991.28,8112.44,8238.89,8371,8509.15,8653.8,8805.39,8964.47,9131.6,9307.42,9492.62,9687.99,9894.38,10112.8,10344.2,10590,10851.4,11129.9,11427.4,11745.7,12087.1,12454.2,12849.9,13277.6,13741.1,14245,14794.4,15395.6,16055.5,16782.6,17586.4,18478.2,19471.3,20580.5,21823,23217.2,24782.4,26536.7,28493.2,30653.5,32998.1,35473.1,37975.5,40345.8,42376.7,43849.7,44592,44530.8,43713.7,42284.8,40434.5,38350.1,36184.6,34047.2,32006.1,30098.1,28338.6,26729.2,25263.6,23931.8,22722,21622.2,20620.7,19707,18871.6,18105.7,17401.9,16753.4,16154.4,15599.8,15085,14606.1,14159.5,13742.3,13351.6,12985.2,12640.7,12316.4,12010.6,11721.7,11448.4,11189.4,10943.7,10710.2,10488.1,10276.6,10074.8,9882.28,9698.25,9522.19,9353.59,9192,9036.96,8888.1
7245.3,7336.44,7430.99,7529.14,7631.11,7737.14,7847.48,7962.39,8082.18,8207.16,8337.7,8474.17,8617,8766.64,8923.6,9088.45,9261.78,9444.29,9636.72,9839.92,10054.8,10282.4,10524,10780.7,11054.1,11345.9,11657.8,11992.2,12351.4,12738.2,13155.9,13608.1,14099.1,14633.9,15218.3,15859,16563.7,17341.7,18203.6,19161.7,20230.3,21425.2,22764.3,24266.2,25948.7,27826,29903.1,32167.3,34576.3,37044.3,39432,41549.8,43184.2,44148.4,44338.3,43763.5,42538,40837,38847,36729.9,34606.5,32556.4,30625.5,28835.5,27192.3,25692.6,24327.8,23086.8,21958.2,20930.4,19992.8,19135.6,18350.1,17628.6,16964.1,16350.7,15782.9,15256.3,14766.5,14310.2,13884,13485.1,13111.1,12759.8,12429.1,12117.5,11823.1,11544.8,11281.2,11031.2,10793.7,10567.9,10352.9,10147.9,9952.32,9765.44,9586.72,9415.61,9251.65,9094.39,8943.43
7224.05,7314.33,7407.96,7505.15,7606.09,7711.01,7820.17,7933.83,8052.28,8175.83,8304.83,8439.65,8580.69,8728.42,8883.31,9045.92,9216.83,9396.71,9586.28,9786.35,9997.83,10221.7,10459.1,10711.4,10979.8,11266,11571.9,11899.4,12251,12629.3,13037.3,13478.6,13957.3,14478.1,15046.4,15668.6,16352.1,17105.6,17939,18864,19893.9,21044,22331,23772.8,25387.1,27188.7,29185.2,31369.3,33708.7,36132.8,38521.3,40702.8,42473.4,43638.5,44068.3,43736.6,42724.6,41187.9,39308.2,37253.2,35154.5,33103,31154.1,29336.6,27661.6,26128.5,24730.9,23458.7,22301,21246.5,20284.5,19405.2,18599.7,17860,17179.2,16550.9,15969.7,15430.8,14930.1,14463.6,14028.2,13620.9,13239.2,12880.8,12543.7,12226,11926.2,11642.8,11374.4,11120,10878.5,10648.8,10430.3,10222,10023.3,9833.52,9652.07,9478.41,9312.04,9152.52,8999.42
7203.02,7292.45,7385.18,7481.4,7581.33,7685.17,7793.18,7905.6,8022.74,8144.88,8272.37,8405.56,8544.87,8690.72,8843.59,9004,9172.55,9349.86,9536.63,9733.67,9941.82,10162.1,10395.5,10643.3,10906.9,11187.8,11487.7,11808.7,12152.9,12522.9,12921.6,13352.4,13819.3,14326.6,14879.5,15484.1,16147.4,16877.4,17683.8,18577.3,19570.8,20678.3,21916.1,23301.1,24850.6,26579.9,28498.4,30603.6,32871.2,35243.9,37618.9,39843.4,41725.7,43069.6,43725.1,43633.3,42842,41483.1,39729.2,37750.5,35687.9,33643.3,31682.2,29841,28136.1,26570.9,25140.9,23837.6,22650.6,21569,20582.3,19680.4,18854.4,18096.2,17398.6,16755.1,16160.2,15608.8,15096.7,14619.9,14175,13759.2,13369.6,13004,12660.2,12336.4,12030.9,11742.2,11469.1,11210.2,10964.4,10730.9,10508.8,10297.1,10095.2,9902.5,9718.27,9542.01,9373.19,9211.36,9056.09
7182.19,7270.78,7362.62,7457.91,7556.83,7659.61,7766.48,7877.7,7993.54,8114.3,8240.31,8371.91,8509.51,8653.52,8804.41,8962.69,9128.92,9303.72,9487.77,9681.83,9886.75,10103.5,10333,10576.6,10835.5,11111.2,11405.3,11719.9,12056.9,12418.9,12808.7,13229.5,13684.9,14179.3,14717.5,15305.2,15949.1,16656.9,17437.5,18301.2,19260,20327.3,21518.4,22849.6,24337.6,25998,27841.6,29869.3,32064.1,34379.7,36729.4,38978.4,40949.5,42449.2,43313.7,43455.5,42888.9,41719.2,40105.6,38217.6,36203.3,34174.9,32207.9,30347.2,28615.1,27019.2,25557.6,24223.3,23007,21898,20886.1,19961.3,19114.4,18337.2,17622.4,16963.4,16354.4,15790.2,15266.4,14779.1,14324.6,13899.9,13502.2,13129.2,12778.6,12448.5,12137.3,11843.3,11565.1,11301.6,11051.7,10814.2,10588.3,10373.2,10168.1,9972.39,9785.33,9606.41,9435.1,9270.92,9113.43
7161.55,7249.33,7340.3,7434.66,7532.6,7634.33,7740.09,7850.12,7964.69,8084.09,8208.64,8338.69,8474.62,8616.83,8765.78,8921.96,9085.93,9258.27,9439.66,9630.83,9832.59,10045.8,10271.6,10511,10765.4,11036,11324.6,11633,11963.1,12317.4,12698.6,13109.6,13554.1,14036,14560.1,15131.7,15757.2,16443.7,17199.8,18035.1,18961,19990.2,21137,22417.2,23847,25441.7,27213.3,29165.6,31287.2,33541.6,35856.4,38113.8,40152.2,41785.1,42840,43205.7,42864.5,41893.2,40433.6,38650.5,36697,34694.7,32729.1,30853.7,29097.6,27472.7,25980.4,24615.6,23369.9,22233.5,21196,20247.8,19379.7,18583.2,17850.8,17175.8,16552.4,15975.1,15439.4,14941.2,14476.8,14043.1,13637.2,13256.5,12899,12562.5,12245.3,11945.9,11662.7,11394.5,11140.2,10898.7,10669,10450.4,10242,10043.2,9853.27,9671.64,9497.78,9331.21,9171.47
7141.12,7228.08,7318.2,7411.64,7508.62,7609.32,7713.98,7822.84,7936.17,8054.24,8177.37,8305.89,8440.17,8580.62,8727.67,8881.81,9043.56,9213.51,9392.29,9580.63,9779.32,9989.22,10211.3,10446.7,10696.6,10962.3,11245.5,11547.9,11871.4,12218.2,12591.1,12992.7,13426.7,13896.7,14407.2,14963.3,15571.1,16237.3,16970,17778.4,18673.1,19666.1,20771.1,22003,23377.4,24909.7,26612.3,28491.3,30540.2,32730.6,35002.7,37254.7,39341,41084.9,42310.4,42887.6,42769.3,42002.9,40709.3,39045.1,37165.4,35199.8,33243.5,31359,29582.4,27930.8,26409,25014.2,23739.3,22575.2,21512,20540.1,19650.3,18834,18083.7,17392.5,16754.3,16163.6,15615.7,15106.3,14631.8,14188.8,13774.5,13386.1,13021.4,12678.4,12355.1,12050.1,11761.7,11488.8,11230,10984.4,10750.9,10528.7,10316.9,10115,9922.08,9737.7,9561.26,9392.25,9230.21
7120.89,7207.05,7296.32,7388.87,7484.89,7584.58,7688.17,7795.88,7907.98,8024.74,8146.47,8273.49,8406.17,8544.89,8690.08,8842.21,9001.8,9169.4,9345.65,9531.23,9726.91,9933.54,10152,10383.5,10629.1,10890.1,11168,11464.6,11781.6,12121.3,12486,12878.7,13302.5,13761,14258.5,14799.8,15390.7,16037.6,16748,17530.7,18395.7,19354.3,20419.6,21605.7,22927.7,24400.5,26037.2,27845.5,29822.5,31947.2,34170.6,36405.5,38522.3,40355.9,41731.7,42505.6,42604.8,42047,40929.7,39397.6,37604.8,35687,33748.7,31861.2,30068.2,28392.5,26842.8,25418.7,24114.9,22923.1,21834.1,20838.1,19926.3,19089.9,18321.3,17613.4,16960.1,16355.6,15795.3,15274.5,14789.7,14337.2,13914.2,13517.8,13145.9,12796.1,12466.7,12155.9,11862.3,11584.5,11321.2,11071.3,10833.9,10608,10392.9,10187.7,9991.8,9804.61,9625.53,9454.04,9289.67
7100.84,7186.22,7274.65,7366.32,7461.41,7560.1,7662.63,7769.22,7880.11,7995.59,8115.95,8241.5,8372.6,8509.63,8653,8803.16,8960.63,9125.95,9299.71,9482.6,9675.35,9878.78,10093.8,10321.4,10562.8,10819.2,11092.1,11383,11693.7,12026.5,12383.5,12767.4,13181.4,13628.9,14113.9,14641,15215.7,15844.1,16533.2,17291.5,18128.2,19054.3,20081.9,21224.6,22496.8,23913.1,25486.7,27226.8,29133.5,31191.7,33361.7,35569.8,37701.7,39605.4,41110.8,42065.1,42373.4,42024.9,41092.1,39704.3,38011.4,36153.1,34241.9,32358.2,30553.6,28856.8,27281,25828.8,24496.5,23277.2,22162,21141.9,20207.7,19350.8,18563.6,17838.7,17169.9,16551.4,15978.2,15445.9,14950.4,14488.2,14056.3,13651.8,13272.4,12915.8,12580.1,12263.5,11964.5,11681.6,11413.7,11159.5,10918.1,10688.4,10469.8,10261.4,10062.4,9872.38,9690.61,9516.59,9349.85
7080.99,7165.59,7253.2,7344,7438.17,7535.88,7637.37,7742.85,7852.56,7966.78,8085.79,8209.9,8339.45,8474.82,8616.41,8764.65,8920.05,9083.12,9254.46,9434.72,9624.61,9824.93,10036.6,10260.5,10497.8,10749.7,11017.6,11303,11607.7,11933.7,12283.2,12658.8,13063.3,13500.1,13973.1,14486.7,15045.9,15656.5,16325.4,17060.3,17870.2,18765.3,19757.2,20858.6,22083.6,23446.1,24959.7,26634.1,28472.2,30463.7,32577.1,34750.6,36884.1,38839.7,40454.6,41571.7,42078.2,41937.1,41194.7,39962,38381.5,36594.6,34720.4,32848,31037,29322.7,27723,26243.9,24883.8,23637.1,22495.9,21451.3,20494.4,19616.8,18810.5,18068.3,17383.7,16750.9,16164.6,15620.4,15114,14641.9,14200.9,13788.2,13401.1,13037.5,12695.3,12372.7,12068.2,11780.2,11507.5,11249,11003.4,10770,10547.8,10336,10134,9941.03,9756.52,9579.93,9410.76
7061.32,7145.16,7231.97,7321.91,7415.16,7511.92,7612.38,7716.77,7825.33,7938.31,8055.99,8178.69,8306.72,8440.46,8580.3,8726.67,8880.03,9040.91,9209.89,9387.58,9574.67,9771.95,9980.27,10200.6,10433.9,10681.4,10944.5,11224.7,11523.5,11843,12185.2,12552.7,12948.1,13374.7,13836.2,14336.6,14880.9,15474.6,16124.2,16836.8,17621.1,18486.8,19444.7,20507,21687.1,22998.6,24454.8,26066.3,27837.8,29763.1,31817.6,33950,36073.8,38064.8,39769.9,41031.4,41723.2,41784.7,41236.2,40167.9,38711.8,37008.1,35181.2,33328.2,31516.7,29788.9,28167.9,26663.4,25276.4,24002.8,22835.5,21766.3,20786.6,19887.9,19062.3,18302.4,17601.7,16954.2,16354.5,15798.1,15280.6,14798.4,14348.1,13926.8,13531.9,13161.1,12812.3,12483.7,12173.5,11880.3,11602.8,11339.7,11090,10852.7,10626.9,10411.7,10206.5,10010.6,9823.27,9644.06,9472.42
7041.83,7124.92,7210.93,7300.04,7392.4,7488.21,7587.66,7690.98,7798.39,7910.16,8026.54,8147.85,8274.4,8406.54,8544.67,8689.19,8840.57,8999.31,9165.97,9341.14,9525.52,9719.84,9924.92,10141.7,10371.2,10614.5,10872.9,11147.9,11441.1,11754.2,12089.4,12449,12835.7,13252.4,13702.8,14190.7,14720.7,15298.2,15929.2,16620.7,17380.6,18218.2,19143.8,20169,21306.5,22569.5,23971.1,25522.2,27229.2,29089.2,31083.5,33170,35274.4,37286.2,39063.2,40450.5,41313.1,41570,41216.1,40319.7,38999,37390.2,35621.3,33796.3,31990.7,30254,28614.7,27086.8,25673.9,24373.9,23180.7,22086.9,21084.1,20164.1,19318.8,18540.9,17823.8,17161.3,16548,15979.1,15450.2,14957.6,14497.8,14067.8,13665,13286.8,12931.3,12596.4,12280.4,11981.9,11699.5,11431.8,11177.9,10936.6,10707.1,10488.4,10280,10081,9890.86,9708.98,9534.84
7022.53,7104.88,7190.11,7278.38,7369.86,7464.74,7563.2,7665.47,7771.76,7882.33,7997.44,8117.38,8242.47,8373.05,8509.5,8652.22,8801.65,8958.3,9122.69,9295.41,9477.13,9668.55,9870.49,10083.8,10309.5,10548.7,10802.6,11072.6,11360.3,11667.3,11995.7,12347.7,12725.9,13133.2,13572.8,14048.7,14565,15127,15740.2,16411.4,17148.1,17959,18853.9,19843.9,20940.9,22157.8,23507.2,25000.7,26645.4,28441.4,30374.9,32411.7,34488.7,36508.4,38340.4,39835.3,40853,41295.7,41134.9,40415.7,39240.1,37737.7,36037.6,34249.7,32457.1,30716.4,29062.4,27513.2,26075.8,24750,23531.4,22413,21387,20445.3,19580.1,18784,18050.1,17372.3,16745.1,16163.4,15622.9,15119.7,14650.2,14211.3,13800.3,13414.6,13052.1,12710.9,12389.1,12085.1,11797.6,11525.3,11267,11021.6,10788.3,10566.2,10354.4,10152.4,9959.33,9774.73,9598.03
7003.4,7085.02,7169.48,7256.94,7347.56,7441.51,7539,7640.23,7745.42,7854.82,7968.68,8087.28,8210.94,8339.99,8474.79,8615.73,8763.27,8917.86,9080.03,9250.36,9429.48,9618.08,9816.94,10026.9,10249,10484.2,10733.7,10998.8,11281.1,11582.2,11904,12248.7,12618.8,13016.9,13446.2,13910.4,14413.7,14960.7,15557,16208.8,16923.3,17708.8,18574.5,19530.9,20589.4,21762.4,23062.4,24500.6,26085.5,27818.9,29691.6,31676,33719.1,35735.6,37607.1,39192,40348.2,40965.5,40993.6,40454.7,39432.6,38047.4,36427,34685.7,32913.6,31174.6,29509.7,27941.8,26481.5,25130.9,23887.2,22744.3,21695.1,20731.6,19846.2,19031.5,18280.6,17587.2,16945.8,16351.1,15798.8,15284.7,14805.2,14357.2,13937.8,13544.5,13175,12827.2,12499.4,12189.9,11897.2,11620.1,11357.4,11107.9,10870.7,10645,10429.9,10224.7,10028.7,9841.3,9662
6984.45,7065.35,7149.05,7235.7,7325.47,7418.53,7515.06,7615.27,7719.38,7827.62,7940.24,8057.53,8179.79,8307.33,8440.52,8579.73,8725.4,8877.98,9037.99,9205.98,9382.55,9568.4,9764.27,9970.98,10189.5,10420.7,10666,10926.4,11203.5,11498.9,11814.3,12151.9,12514.1,12903.3,13322.8,13775.8,14266.5,14799.2,15379.2,16012.5,16705.9,17467,18304.9,19229.4,20251.4,21382.7,22635.4,24020.9,25548.2,27220.9,29033.2,30963.5,32967.5,34971.2,36868.4,38526.3,39804.5,40583.3,40794.2,40436.5,39574.6,38316.5,36786.4,35101.5,33358,31626.8,29955.3,28371.7,26890.3,25516.1,24247.9,23080.8,22008.3,21023,20117.2,19283.6,18515.4,17806.1,17150.1,16542.2,15977.7,15452.6,14963,14505.7,14077.7,13676.6,13299.8,12945.4,12611.4,12296.2,11998.3,11716.4,11449.1,11195.4,10954.3,10724.9,10506.3,10297.9,10098.9,9908.71,9726.76
6965.67,7045.87,7128.82,7214.68,7303.61,7395.77,7491.36,7590.57,7693.61,7800.72,7912.14,8028.14,8149.01,8275.08,8406.68,8544.2,8688.04,8838.66,8996.55,9162.24,9336.34,9519.5,9712.44,9915.97,10131,10358.5,10599.5,10855.4,11127.4,11417.2,11726.5,12057.3,12411.8,12792.5,13202.4,13644.7,14123.2,14642.2,15206.7,15822.2,16495.3,17233.4,18044.7,18938.8,19926.1,21017.7,22225.5,23560.7,25032.7,26646.5,28399.2,30274.3,32235.2,34218.1,36128.6,37844,39227.4,40153.8,40539.1,40361.3,39664.4,38542.2,37112.8,35494.2,33787.7,32070.9,30397.7,28801.7,27301.6,25905.1,24613.1,23422.2,22326.6,21319.3,20392.9,19540.3,18754.4,18029,17358.2,16736.8,16159.9,15623.4,15123.4,14656.6,14220,13810.8,13426.7,13065.5,12725.2,12404.2,12101,11814,11542.1,11284.1,11039,10805.8,10583.8,10372.1,10170,9976.98,9792.33
6947.07,7026.56,7108.77,7193.86,7281.96,7373.25,7467.91,7566.14,7668.13,7774.12,7884.35,7999.09,8118.61,8243.22,8373.28,8509.13,8651.18,8799.88,8955.69,9119.14,9290.82,9471.35,9661.44,9861.86,10073.5,10297.3,10534.3,10785.7,11052.8,11337.2,11640.6,11964.7,12311.8,12684.3,13084.9,13516.9,13983.7,14489.6,15039.1,15637.7,16291.4,17007.4,17793.5,18658.6,19612.8,20666.7,21831.7,23118.8,24537.8,26094.8,27789.1,29608.6,31523.2,33478.8,35391.8,37150,38622.6,39681.9,40231.4,40230.1,39701.2,38722.5,37403.5,35861.1,34200.4,32505.1,30835.4,29230.9,27714.4,26297.3,24982.5,23768.3,22649.8,21620.4,20673.4,19801.4,18997.8,18256,17570.1,16934.9,16345.4,15797.3,15286.7,14810.2,14364.7,13947.3,13555.6,13187.4,12840.8,12513.9,12205.1,11913.1,11636.5,11374.1,11124.9,10887.9,10662.3,10447.3,10242.1,10046.1,9858.71
6928.63,7007.43,7088.92,7173.23,7260.52,7350.95,7444.7,7541.96,7642.92,7747.82,7856.88,7970.37,8088.56,8211.76,8340.29,8474.51,8614.81,8761.62,8915.4,9076.66,9245.97,9423.93,9611.24,9808.64,10017,10237.1,10470.2,10717.3,10979.7,11258.8,11556.4,11874.1,12214,12578.6,12970.3,13392.3,13847.9,14341.1,14876.3,15458.6,16093.9,16788.7,17550.7,18388.3,19310.9,20328.9,21453.1,22694.5,24062.7,25564.9,27202.2,28966,30832.2,32755,34661.3,36449.3,37995.5,39172.6,39875,40044.6,39684.6,38855.4,37655.8,36199.4,34593.4,32927,31266.7,29657.8,28128,26692,25355.7,24118.8,22977.6,21926.4,20958.5,20067.1,19245.4,18487,17785.8,17136.5,16534.1,15974.2,15452.8,14966.4,14511.7,14086,13686.6,13311.4,12958.2,12625.2,12310.9,12013.6,11732.2,11465.3,11212,10971.1,10741.9,10523.5,10315.1,10116.1,9925.93
6910.36,6988.48,7069.25,7152.81,7239.3,7328.88,7421.73,7518.03,7617.98,7721.8,7829.72,7941.98,8058.87,8180.67,8307.71,8440.33,8578.92,8723.88,8875.67,9034.79,9201.78,9377.24,9561.82,9756.27,9961.38,10178,10407.3,10650.1,10907.9,11182,11473.9,11785.4,12118.4,12475.3,12858.5,13270.8,13715.6,14196.6,14718.1,15284.8,15902.4,16577,17316,18127.3,19019.9,20003.7,21089.1,22286.7,23606.4,25055.8,26637.6,28346.2,30162.6,32048.4,33939.9,35745.9,37351.2,38631,39473.8,39807.1,39614.9,38939.6,37867.4,36506.3,34964.1,33334.5,31689.7,30081,28541.1,27088.6,25732.1,24473.3,23309.9,22237,21248.3,20337.3,19497.4,18722,18005.3,17341.7,16726.2,16154.2,15621.8,15125.3,14661.3,14227,13819.8,13437.3,13077.4,12738.3,12418.2,12115.7,11829.3,11557.9,11300.3,11055.5,10822.5,10600.6,10389,10187,9993.98
6892.24,6969.7,7049.77,7132.58,7218.28,7307.03,7398.99,7494.35,7593.31,7696.07,7802.86,7913.92,8029.53,8149.96,8275.54,8406.59,8543.49,8686.64,8836.49,8993.51,9158.23,9331.24,9513.17,9704.73,9906.7,10120,10345.4,10584.2,10837.5,11106.6,11393.1,11698.6,12024.9,12374.3,12749.2,13152.3,13586.7,14056,14564.2,15116,15716.6,16372,17089,17875.2,18739.2,19690.4,20738.8,21894.7,23168,24566.6,26094.6,27748.8,29514.6,31359.9,33230.1,35043.6,36694.5,38062.3,39032.2,39520.3,39492.9,38974.2,38036.2,36779.3,35310,33725.2,32102.6,30499.2,28952.8,27486.2,26111.1,24831.5,23646.5,22552,21542.6,20612,19753.6,18961.1,18228.6,17550.4,16921.6,16337.4,15793.7,15286.8,14813.4,14370.4,13955.1,13565.2,13198.5,12853.1,12527.2,12219.3,11927.9,11651.8,11389.8,11141,10904.3,10678.9,10464,10258.9,10062.9
6874.29,6951.09,7030.46,7112.54,7197.46,7285.39,7376.48,7470.92,7568.9,7670.62,7776.3,7886.18,8000.53,8119.62,8243.75,8373.27,8508.52,8649.9,8797.84,8952.81,9115.32,9285.93,9465.27,9654.01,9852.93,10062.8,10284.7,10519.5,10768.4,11032.7,11313.9,11613.5,11933.4,12275.6,12642.5,13036.6,13461,13919.1,14414.6,14952,15536.4,16173.3,16869.2,17631.5,18468.3,19388.4,20401.5,21517.7,22746.6,24096.5,25572.4,27173.2,28888,30690.4,32533.6,34345.8,36029.8,37471.3,38554.9,39187.5,39320.2,38959.1,38160.7,37016,35628.6,34096.9,32503.4,30910.6,29361.8,27884,26492.2,25193,23986.9,22871.3,21841.3,20891,20014.1,19204.3,18455.8,17762.8,17120.4,16523.7,15968.5,15451.1,14968,14516.1,14092.6,13695.2,13321.5,12969.7,12637.8,12324.4,12027.9,11747,11480.6,11227.7,10987.1,10758.1,10539.8,10331.6,10132.7
6856.5,6932.65,7011.33,7092.68,7176.84,7263.96,7354.2,7447.73,7544.74,7645.44,7750.03,7858.75,7971.86,8089.63,8212.36,8340.36,8474,8613.64,8759.72,8912.67,9073.01,9241.28,9418.09,9604.09,9800.01,10006.7,10225,10455.9,10700.6,10960.3,11236.3,11530.2,11843.9,12179.1,12538.2,12923.7,13338.5,13785.7,14269,14792.6,15361.4,15980.6,16656.5,17395.9,18206.6,19097.1,20076.7,21154.9,22341.4,23644.6,25070.1,26618.8,28282.7,30040.4,31852.2,33655,35361.1,36862.8,38046.3,38812.4,39098.8,38894.3,38239.7,37214.5,35917.3,34447,32889.9,31313.7,29766.7,28280.8,26874.6,25557.1,24331,23194.7,22144.3,21174.3,20278.7,19451.5,18686.8,17978.9,17322.6,16713.2,16146.3,15618.2,15125.2,14664.2,14232.4,13827.2,13446.5,13088,12750.1,12431,12129.3,11843.6,11572.7,11315.5,11071.1,10838.4,10616.7,10405.3,10203.3
6838.87,6914.37,6992.38,7073.02,7156.42,7242.74,7332.14,7424.77,7520.84,7620.52,7724.05,7831.63,7943.53,8060,8181.34,8307.87,8439.92,8577.86,8722.1,8873.09,9031.31,9197.29,9371.62,9554.94,9747.95,9951.45,10166.3,10393.5,10634,10889.1,11160.2,11448.6,11756.2,12084.7,12436.3,12813.5,13218.9,13655.6,14127.2,14637.6,15191.4,15793.7,16450.4,17167.9,17953.8,18816,19763.6,20805.6,21951.6,23209.9,24587,26084.9,27698.3,29410.2,31187,32973.9,34692,36241.3,37511.2,38398.9,38831.1,38780.8,38272.4,37372.8,36173.9,34773.3,33260,31706.5,30166.2,28675.7,27257.4,25923.3,24678.2,23521.9,22451.3,21461.7,20547.5,19702.8,18921.7,18198.6,17528.2,16905.9,16327.2,15788.1,15285,14814.7,14374.4,13961.4,13573.4,13208.2,12864.1,12539.3,12232.2,11941.6,11666.1,11404.6,11156.2,10919.8,10694.6,10479.9,10274.9
6821.39,6896.26,6973.6,7053.53,7136.2,7221.73,7310.29,7402.05,7497.18,7595.88,7698.35,7804.81,7915.51,8030.72,8150.7,8275.77,8406.26,8542.54,8684.99,8834.05,8990.2,9153.94,9325.85,9506.54,9696.71,9897.12,10108.6,10332.1,10568.6,10819.3,11085.5,11368.7,11670.3,11992.3,12336.7,12705.8,13102.2,13528.9,13989.2,14486.9,15026.3,15612.3,16250.6,16947.3,17709.4,18544.7,19461.6,20469.2,21576.4,22791.9,24122.3,25570.9,27134.4,28799.8,30538.8,32304.2,34025.5,35610.8,36954.1,37951.2,38520.1,38619.8,38258.5,37489.5,36396.3,35073.5,33611.6,32087.2,30558.8,29067.5,27639.9,26291.1,25028.1,23852.5,22762.2,21753.3,20820.4,19958,19160.4,18421.9,17737.3,17101.9,16511,15960.8,15447.4,14967.7,14518.7,14097.7,13702.2,13330.3,12979.8,12649.2,12336.7,12041,11760.8,11495,11242.4,11002.2,10773.5,10555.5,10347.4
6804.06,6878.31,6954.99,7034.23,7116.16,7200.92,7288.67,7379.56,7473.77,7571.49,7672.92,7778.29,7887.82,8001.77,8120.42,8244.06,8373.03,8507.67,8648.37,8795.55,8949.66,9111.21,9280.75,9458.89,9646.28,9843.67,10051.9,10271.8,10504.4,10750.8,11012.3,11290.3,11586.2,11901.9,12239.3,12600.6,12988.3,13405.3,13854.7,14340.1,14865.8,15436.3,16056.9,16733.5,17473,18282.5,19170.3,20144.9,21215.2,22389.5,23675.1,25075.9,26590.6,28209.1,29908.3,31647.5,33364.4,34975.1,36379.3,37473.4,38169.1,38413.1,38198.3,37563.6,36582.5,35345.3,33942.5,32454,30942.8,29455,28021.1,26659.7,25380.3,24186.2,23076.8,22048.7,21097.3,20217.2,19402.9,18648.9,17949.9,17301.1,16697.9,16136.3,15612.5,15123.2,14665.3,14236.1,13833.1,13454.2,13097.3,12760.7,12442.7,12141.8,11856.9,11586.6,11329.9,11085.8,10853.5,10632,10420.7
6786.88,6860.51,6936.55,7015.1,7096.31,7180.31,7267.25,7357.29,7450.59,7547.36,7647.77,7752.05,7860.43,7973.16,8090.5,8212.74,8340.21,8473.25,8612.23,8757.56,8909.68,9069.09,9236.32,9411.95,9596.63,9791.08,9996.08,10212.5,10441.3,10683.6,10940.5,11213.4,11503.8,11813.4,12144,12497.8,12877.1,13284.7,13723.6,14197.3,14709.7,15265.2,15868.9,16526.5,17244.2,18029.2,18889.1,19832.2,20867.2,22002.2,23244.6,24599.2,26066.1,27638,29295.9,31005.2,32711.1,34337.7,35791,36969.7,37781.6,38163,38092.5,37594.4,36731.1,35586.6,34250.5,32804.7,31316.6,29836.7,28399.9,27028.3,25734.1,24522.7,23394.7,22347.8,21378,20480.3,19649.2,18879.5,18165.9,17503.6,16887.9,16314.8,15780.4,15281.2,14814.3,14376.8,13966.1,13580,13216.6,12873.8,12550.2,12244.1,11954.3,11679.5,11418.5,11170.5,10934.5,10709.6,10495.1
6769.85,6842.87,6918.27,6996.15,7076.65,7159.9,7246.04,7335.24,7427.66,7523.48,7622.89,7726.11,7833.35,7944.87,8060.93,8181.8,8307.8,8439.26,8576.56,8720.07,8870.25,9027.56,9192.53,9365.71,9547.75,9739.33,9941.2,10154.2,10379.3,10617.5,10870,11138.1,11423.1,11726.7,12050.8,12397.2,12768.5,13167,13595.8,14058.2,14557.8,15099,15686.5,16325.7,17022.7,17784.2,18617.5,19530.6,20531.8,21629.2,22830.2,24140.2,25560.5,27086.1,28701.8,30378.1,32067.4,33701.4,35193,36444.4,37361.4,37872.2,37942.2,37581.7,36840.6,35795.6,34533.5,33137.5,31678.5,30211.3,28775.3,27396.1,26089,24861.5,23715.7,22650.5,21662.4,20747.1,19899.3,19113.8,18385.4,17709.4,17081,16496.1,15950.9,15441.8,14965.7,14519.6,14101.1,13707.8,13337.6,12988.7,12659.3,12347.9,12053.1,11773.6,11508.4,11256.3,11016.5,10788.1,10570.3
6752.96,6825.39,6900.15,6977.37,7057.17,7139.68,7225.04,7313.41,7404.95,7499.84,7598.27,7700.44,7806.58,7916.91,8031.7,8151.22,8275.78,8405.71,8541.35,8683.09,8831.36,8986.62,9149.37,9320.17,9499.62,9688.39,9887.22,10096.9,10318.4,10552.7,10800.8,11064.1,11343.9,11641.8,11959.5,12298.9,12662.3,13052.1,13471.2,13922.6,14410,14937.4,15509.4,16131.1,16808.2,17547.1,18355,19239.4,20208.3,21269.8,22431.1,23698.1,25073.1,26553.1,28125.9,29767,31435,33068.9,34588.8,35901.3,36912.2,37543.4,37749.1,37525.6,36910.2,35970.6,34789.5,33450.3,32026.5,30577.3,29146,27762.2,26444.3,25202,24039.4,22956.4,21950.4,21017.6,20153,19351.6,18608.4,17918.4,17277.2,16680.4,16124.2,15604.9,15119.4,14664.7,14238.2,13837.5,13460.5,13105.2,12770,12453.1,12153.2,11869.1,11599.5,11343.3,11099.7,10867.7,10646.5
6736.22,6808.06,6882.2,6958.76,7037.87,7119.65,7204.24,7291.8,7382.47,7476.45,7573.91,7675.05,7780.09,7889.26,8002.81,8121.01,8244.16,8372.57,8506.59,8646.59,8792.99,8946.24,9106.83,9275.29,9452.21,9638.25,9834.11,10040.6,10258.6,10489,10732.9,10991.6,11266.3,11558.6,11870.2,12202.8,12558.6,12940,13349.6,13790.5,14266.2,14780.3,15337.3,15942.2,16600.2,17317.7,18101.3,18958.3,19896.3,20923.3,22046.6,23272.1,24603.3,26038.4,27568.3,29172.4,30815.2,32442.5,33981.6,35344.3,36437.9,37180.1,37515.3,37426.9,36939.3,36110.1,35016.7,33741.2,32359.1,30933.1,29510.8,28125.6,26799.2,25543.8,24365.4,23265.3,22241.8,21291.6,20410.2,19592.9,18834.7,18130.8,17476.6,16867.7,16300.3,15770.7,15275.6,14812.1,14377.5,13969.2,13585.3,13223.5,12882.3,12559.9,12254.8,11965.9,11691.8,11431.5,11184,10948.3,10723.7
6719.61,6790.87,6864.4,6940.32,7018.75,7099.81,7183.64,7270.39,7360.22,7453.3,7549.81,7649.93,7753.9,7861.92,7974.25,8091.15,8212.91,8339.84,8472.27,8610.57,8755.14,8906.43,9064.89,9231.07,9405.52,9588.88,9781.84,9985.17,10199.7,10426.4,10666.2,10920.4,11190.3,11477.1,11782.7,12108.7,12457.2,12830.4,13231,13661.8,14126,14627.4,15170.1,15758.8,16398.7,17095.5,17855.9,18686.6,19595.2,20589.2,21676,22861.7,24150.3,25541.6,27028.6,28594.6,30209,31824.2,33374.2,34777,35942.3,36785.4,37243,37286.5,36927.6,36213,35213.3,34008.2,32674.2,31277.1,29868.3,28485.3,27152.8,25886.2,24693.2,23576.8,22536.3,21569,20671,19837.8,19064.5,18346.4,17679,17057.9,16479.1,15939,15434.3,14961.8,14518.9,14103,13711.9,13343.6,12996.2,12668.2,12357.9,12064,11785.4,11520.8,11269.3,11030,10801.9
6703.15,6773.83,6846.76,6922.04,6999.8,7080.15,7163.23,7249.2,7338.19,7430.38,7525.95,7625.08,7727.99,7834.89,7946.02,8061.65,8182.04,8307.51,8438.38,8575.01,8717.79,8867.15,9023.54,9187.48,9359.52,9540.27,9730.4,9930.65,10141.8,10364.9,10600.8,10850.6,11115.6,11397.3,11697,12016.6,12358,12723.4,13115.2,13536.2,13989.5,14478.6,15007.6,15580.7,16203.1,16880.3,17618.3,18424,19304.4,20266.9,21318.7,22466.1,23713.6,25062.1,26506.7,28033.6,29617.1,31215.5,32769.3,34202.7,35429,36362.9,36934.8,37106,36875.3,36278.4,35377.8,34249.5,32970.1,31607.6,30217.2,28840,27504.5,26228.6,25022.5,23890.7,22833.7,21849.7,20935.2,20086,19297.7,18565.3,17884.6,17251.1,16660.8,16110,15595.4,15113.8,14662.4,14238.7,13840.4,13465.4,13111.9,12778,12462.4,12163.6,11880.3,11611.4,11355.8,11112.7,10881.1
6686.83,6756.94,6829.27,6903.93,6981.02,7060.67,7143.02,7228.2,7316.38,7407.7,7502.34,7600.49,7702.36,7808.15,7918.11,8032.48,8151.54,8275.58,8404.92,8539.91,8680.94,8828.41,8982.77,9144.52,9314.2,9492.4,9679.76,9877.02,10084.9,10304.4,10536.4,10782,11042.4,11318.9,11613.1,11926.5,12261,12618.7,13002.1,13413.7,13856.4,14333.8,14849.5,15407.7,16013.4,16671.6,17388.4,18170.1,19023.5,19955.8,20974.1,22084.7,23292.5,24599.3,26002,27489.6,29040.2,30617.7,32169,33624.4,34901.6,35916,36593.8,36887.1,36783,36305.8,35508.9,34463.5,33244.9,31923,30555.9,29188.6,27853.1,26570.2,25352.6,24206.4,23133.7,22133.3,21202.6,20337.6,19534.1,18787.5,18093.3,17447.2,16845.3,16283.7,15759,15268.1,14808.2,14376.5,13970.9,13589.1,13229.2,12889.5,12568.4,12264.5,11976.4,11703.1,11443.5,11196.5,10961.3
6670.64,6740.2,6811.94,6885.97,6962.41,7041.38,7123,7207.41,7294.78,7385.24,7478.97,7576.16,7677.01,7781.71,7890.51,8003.65,8121.39,8244.03,8371.87,8505.26,8644.57,8790.19,8942.56,9102.18,9269.54,9445.25,9629.91,9824.24,10029,10245,10473.2,10714.7,10970.6,11242.1,11530.8,11838.2,12166.1,12516.5,12891.6,13294.1,13726.7,14192.7,14695.6,15239.6,15829.1,16469.3,17165.6,17924.3,18752,19655.4,20641.6,21716.9,22886.4,24152.8,25514.2,26962.3,28478.7,30032,31575.3,33044.8,34363.5,35448.2,36222.9,36631.9,36651.8,36295,35605.6,34648.6,33497,32221.5,30883,29529.9,28197.6,26910.3,25682.9,24523.7,23436,22419.8,21473.1,20592.4,19773.8,19012.8,18305,17646.3,17032.6,16460,15925.2,15424.9,14956.2,14516.4,14103.3,13714.5,13348.2,13002.5,12675.9,12366.8,12073.9,11796.1,11532.3,11281.4,11042.6
6654.59,6723.59,6794.75,6868.17,6943.97,7022.26,7103.16,7186.82,7273.39,7363,7455.84,7552.09,7651.92,7755.56,7863.22,7975.15,8091.6,8212.86,8339.23,8471.05,8608.67,8752.48,8902.91,9060.42,9225.54,9398.8,9580.83,9772.3,9973.95,10186.6,10411.1,10648.6,10900.1,11166.8,11450.2,11751.7,12073.2,12416.4,12783.7,13177.4,13600.2,14055.2,14545.9,15076.1,15650.2,16273,16949.8,17686.5,18489.4,19365.2,20320.6,21362,22494.6,23721.8,25042.9,26451.6,27932.7,29459.2,30989.7,32466.4,33817.6,34963,35825.2,36342.8,36482.7,36246.2,35667.1,34803.3,33724.6,32501.5,31197,29862.5,28537.1,27248,26012.8,24841.9,23740.2,22708.9,21746.5,20850.4,20016.6,19241.2,18519.9,17848.4,17222.7,16639,16093.8,15584,15106.4,14658.4,14237.7,13841.8,13468.9,13117.2,12784.9,12470.5,12172.8,11890.4,11622.3,11367.4,11124.8
6638.66,6707.12,6777.71,6850.53,6925.69,7003.31,7083.51,7166.43,7252.2,7340.99,7432.95,7528.26,7627.1,7729.69,7836.24,7946.97,8062.16,8182.07,8307,8437.27,8573.23,8715.27,8863.79,9019.26,9182.16,9353.04,9532.49,9721.17,9919.79,10129.2,10350.1,10583.7,10830.9,11092.9,11371.2,11667,11982.2,12318.6,12678.2,13063.4,13476.8,13921.2,14400.1,14917.1,15476.4,16082.4,16740.5,17456.1,18235.4,19084.7,20010.6,21019.4,22116.6,23305.8,24587.6,25957.2,27402.3,28899.9,30413.5,31891.3,33266.9,34463.5,35404,36022.5,36277.6,36159.9,35692.9,34926.6,33926.3,32761.4,31496.2,30185.1,28870.4,27582.4,26341.6,25160.7,24046.1,23000.2,22022.7,21111.2,20262.6,19472.8,18737.8,18053.4,17415.6,16820.7,16265.1,15745.5,15258.9,14802.5,14374,13971,13591.4,13233.5,12895.4,12575.7,12273,11986,11713.5,11454.6,11208.2
6622.87,6690.79,6760.82,6833.04,6907.57,6984.53,7064.04,7146.22,7231.22,7319.19,7410.28,7504.67,7602.55,7704.1,7809.55,7919.12,8033.06,8151.64,8275.15,8403.9,8538.25,8678.54,8825.2,8978.66,9139.4,9307.95,9484.89,9670.84,9866.51,10072.7,10290.1,10519.9,10762.9,11020.4,11293.7,11584.1,11893.2,12222.9,12575.1,12952.1,13356.3,13790.6,14258.1,14762.4,15307.4,15897.4,16537.5,17233,17989.6,18813.5,19711.2,20688.7,21751.8,22904.3,24147.7,25478.8,26887.6,28354.6,29848,31321.4,32713.9,33952.9,34962.4,35673.7,36038.3,36037,35683,35017.6,34100.6,32999.5,31779.1,30496.3,29196.2,27912.5,26668.6,25479.3,24353,23293.5,22301.3,21374.9,20511.5,19707.4,18958.6,18261.3,17611.4,17005.1,16438.8,15909.4,15413.6,14948.8,14512.4,14102.1,13715.7,13351.4,13007.5,12682.3,12374.5,12082.8,11805.9,11542.8,11292.6
