N2 Density [kg/m3] PelePhys
284.306,244.123,236.937,232.08,228.299,225.16,222.454,220.063,217.913,215.954,214.151,212.478,210.915,209.448,208.063,206.751,205.504,204.314,203.177,202.086,201.039,200.031,199.06,198.121,197.214,196.336,195.484,194.657,193.854,193.072,192.311,191.57,190.848,190.142,189.454,188.781,188.123,187.479,186.849,186.232,185.627,185.034,184.453,183.882,183.322,182.771,182.231,181.7,181.177,180.664,180.158,179.661,179.172,178.69,178.215,177.747,177.286,176.832,176.384,175.943,175.507,175.077,174.653,174.234,173.821,173.413,173.01,172.612,172.219,171.831,171.447,171.068,170.693,170.322,169.955,169.593,169.234,168.879,168.528,168.181,167.837,167.497,167.16,166.827,166.497,166.17,165.847,165.526,165.209,164.894,164.583,164.274,163.968,163.665,163.365,163.067,162.772,162.48,162.19,161.902,161.617
294.382,248.664,239.54,234.024,229.893,226.531,223.668,221.159,218.917,216.884,215.02,213.295,211.689,210.182,208.764,207.422,206.147,204.934,203.774,202.664,201.598,200.574,199.586,198.634,197.713,196.822,195.958,195.12,194.306,193.515,192.745,191.996,191.265,190.552,189.855,189.175,188.511,187.86,187.224,186.601,185.99,185.392,184.805,184.229,183.664,183.109,182.564,182.029,181.502,180.984,180.475,179.974,179.481,178.995,178.517,178.046,177.582,177.124,176.673,176.229,175.79,175.358,174.931,174.509,174.094,173.683,173.278,172.877,172.482,172.091,171.705,171.323,170.946,170.573,170.204,169.84,169.479,169.123,168.77,168.421,168.075,167.733,167.395,167.06,166.728,166.4,166.074,165.752,165.433,165.117,164.804,164.494,164.187,163.883,163.581,163.282,162.985,162.691,162.4,162.111,161.825
299.353,255.929,242.59,236.166,231.602,227.979,224.938,222.299,219.956,217.843,215.913,214.133,212.479,210.932,209.478,208.104,206.802,205.563,204.38,203.249,202.165,201.123,200.119,199.152,198.217,197.313,196.437,195.588,194.764,193.963,193.183,192.424,191.685,190.964,190.26,189.573,188.901,188.244,187.601,186.972,186.356,185.752,185.16,184.579,184.009,183.449,182.899,182.359,181.829,181.307,180.793,180.289,179.792,179.302,178.821,178.346,177.879,177.418,176.964,176.516,176.075,175.639,175.21,174.786,174.367,173.954,173.546,173.143,172.745,172.352,171.964,171.58,171.201,170.826,170.455,170.088,169.726,169.367,169.012,168.661,168.314,167.97,167.63,167.293,166.96,166.63,166.303,165.979,165.659,165.341,165.027,164.715,164.406,164.1,163.797,163.497,163.199,162.904,162.611,162.321,162.033
302.959,283.493,246.345,238.566,233.451,229.516,226.271,223.486,221.033,218.832,216.831,214.992,213.288,211.698,210.206,208.799,207.467,206.202,204.996,203.843,202.739,201.679,200.659,199.676,198.727,197.81,196.922,196.061,195.225,194.414,193.625,192.857,192.109,191.38,190.668,189.973,189.294,188.631,187.982,187.346,186.724,186.114,185.517,184.93,184.355,183.791,183.237,182.692,182.157,181.631,181.114,180.605,180.104,179.611,179.126,178.648,178.177,177.713,177.256,176.805,176.361,175.922,175.49,175.063,174.642,174.226,173.816,173.41,173.01,172.614,172.224,171.838,171.456,171.079,170.706,170.337,169.973,169.612,169.255,168.902,168.553,168.208,167.866,167.527,167.192,166.86,166.532,166.207,165.885,165.566,165.249,164.936,164.626,164.319,164.014,163.712,163.413,163.117,162.823,162.531,162.243
305.868,293.124,251.415,241.313,235.47,231.158,227.676,224.725,222.15,219.854,217.776,215.873,214.116,212.48,210.949,209.507,208.145,206.852,205.621,204.446,203.321,202.242,201.205,200.206,199.243,198.312,197.411,196.538,195.692,194.87,194.071,193.293,192.536,191.799,191.079,190.377,189.691,189.02,188.364,187.723,187.095,186.479,185.876,185.284,184.704,184.135,183.576,183.027,182.487,181.957,181.435,180.923,180.418,179.921,179.432,178.951,178.477,178.01,177.549,177.095,176.648,176.206,175.771,175.341,174.918,174.499,174.086,173.678,173.276,172.878,172.485,172.096,171.712,171.333,170.958,170.587,170.221,169.858,169.499,169.145,168.794,168.446,168.102,167.762,167.425,167.092,166.762,166.435,166.111,165.791,165.473,165.158,164.847,164.538,164.232,163.929,163.628,163.33,163.035,162.742,162.452
308.343,298.169,260.213,244.566,237.704,232.922,229.161,226.024,223.311,220.91,218.749,216.779,214.964,213.28,211.707,210.229,208.834,207.513,206.256,205.058,203.912,202.814,201.759,200.743,199.765,198.819,197.905,197.02,196.162,195.33,194.521,193.734,192.968,192.221,191.494,190.784,190.09,189.413,188.75,188.102,187.468,186.846,186.237,185.641,185.055,184.481,183.917,183.363,182.819,182.285,181.759,181.242,180.734,180.233,179.741,179.256,178.778,178.307,177.844,177.387,176.936,176.492,176.054,175.621,175.195,174.774,174.358,173.948,173.542,173.142,172.747,172.356,171.97,171.588,171.211,170.838,170.47,170.105,169.744,169.388,169.035,168.685,168.34,167.998,167.659,167.324,166.992,166.664,166.339,166.016,165.697,165.381,165.068,164.758,164.45,164.146,163.844,163.544,163.248,162.954,162.662
310.515,301.842,282.988,248.633,240.217,234.835,230.741,227.388,224.522,222.006,219.754,217.71,215.835,214.099,212.482,210.965,209.536,208.185,206.901,205.679,204.511,203.392,202.319,201.287,200.292,199.333,198.405,197.508,196.638,195.794,194.975,194.178,193.403,192.648,191.911,191.193,190.493,189.808,189.139,188.484,187.843,187.216,186.601,185.999,185.408,184.829,184.26,183.702,183.153,182.614,182.084,181.563,181.051,180.547,180.05,179.562,179.081,178.607,178.14,177.68,177.226,176.779,176.337,175.902,175.473,175.049,174.631,174.218,173.81,173.407,173.01,172.617,172.228,171.844,171.465,171.09,170.719,170.353,169.99,169.631,169.277,168.925,168.578,168.234,167.894,167.557,167.224,166.894,166.567,166.243,165.922,165.604,165.29,164.978,164.669,164.363,164.06,163.759,163.461,163.166,162.873
312.463,304.805,291.987,254.279,243.115,236.93,232.431,228.826,225.787,223.143,220.792,218.669,216.728,214.938,213.273,211.716,210.252,208.869,207.557,206.309,205.118,203.979,202.887,201.837,200.827,199.852,198.911,198,197.118,196.263,195.433,194.626,193.841,193.077,192.333,191.607,190.898,190.206,189.53,188.869,188.222,187.588,186.968,186.36,185.764,185.179,184.605,184.042,183.489,182.946,182.411,181.886,181.37,180.862,180.362,179.87,179.385,178.908,178.437,177.974,177.517,177.067,176.622,176.184,175.752,175.326,174.905,174.489,174.079,173.674,173.274,172.878,172.488,172.102,171.72,171.343,170.97,170.601,170.237,169.876,169.519,169.166,168.817,168.472,168.129,167.791,167.456,167.124,166.795,166.47,166.148,165.829,165.512,165.199,164.889,164.581,164.277,163.975,163.675,163.379,163.084
314.236,307.323,297.049,264.598,246.578,239.256,234.251,230.35,227.114,224.327,221.867,219.657,217.646,215.797,214.083,212.483,210.981,209.565,208.224,206.95,205.735,204.575,203.463,202.395,201.368,200.378,199.422,198.498,197.604,196.737,195.896,195.079,194.284,193.511,192.758,192.023,191.307,190.608,189.924,189.256,188.603,187.963,187.337,186.723,186.122,185.532,184.953,184.385,183.827,183.279,182.74,182.211,181.691,181.179,180.675,180.179,179.691,179.21,178.736,178.269,177.809,177.356,176.909,176.468,176.033,175.603,175.18,174.762,174.349,173.941,173.539,173.141,172.748,172.36,171.976,171.597,171.222,170.851,170.484,170.122,169.763,169.408,169.057,168.71,168.366,168.025,167.689,167.355,167.025,166.698,166.374,166.053,165.736,165.421,165.109,164.8,164.494,164.19,163.89,163.592,163.296
315.869,309.532,300.767,282.659,250.967,241.887,236.228,231.973,228.509,225.561,222.981,220.678,218.591,216.679,214.912,213.266,211.725,210.274,208.902,207.601,206.362,205.178,204.046,202.96,201.915,200.909,199.939,199.001,198.094,197.215,196.363,195.535,194.731,193.948,193.186,192.443,191.719,191.012,190.321,189.646,188.986,188.34,187.708,187.089,186.482,185.886,185.302,184.729,184.167,183.614,183.071,182.538,182.013,181.497,180.989,180.49,179.998,179.513,179.036,178.566,178.103,177.647,177.196,176.752,176.315,175.882,175.456,175.035,174.62,174.21,173.805,173.405,173.009,172.619,172.233,171.851,171.474,171.101,170.733,170.368,170.007,169.651,169.298,168.948,168.603,168.261,167.922,167.587,167.255,166.926,166.601,166.279,165.959,165.643,165.33,165.019,164.712,164.407,164.105,163.806,163.509
317.387,311.512,303.773,290.974,257.187,244.937,238.4,233.711,229.982,226.853,224.139,221.733,219.564,217.585,215.761,214.067,212.484,210.997,209.593,208.263,206.998,205.791,204.638,203.532,202.47,201.447,200.462,199.51,198.59,197.699,196.835,195.996,195.182,194.39,193.618,192.867,192.134,191.42,190.722,190.04,189.373,188.72,188.082,187.457,186.844,186.243,185.654,185.076,184.509,183.951,183.404,182.866,182.337,181.817,181.306,180.802,180.307,179.819,179.338,178.865,178.398,177.939,177.485,177.038,176.598,176.163,175.734,175.31,174.892,174.479,174.072,173.669,173.272,172.879,172.491,172.107,171.728,171.353,170.982,170.615,170.253,169.894,169.539,169.188,168.841,168.497,168.156,167.819,167.486,167.156,166.829,166.505,166.184,165.866,165.551,165.239,164.93,164.624,164.321,164.02,163.722
318.807,313.312,306.329,296,268.276,248.612,240.82,235.586,231.543,228.207,225.345,222.826,220.567,218.515,216.631,214.886,213.26,211.734,210.296,208.936,207.644,206.413,205.238,204.112,203.031,201.992,200.991,200.025,199.091,198.187,197.311,196.462,195.637,194.835,194.054,193.294,192.553,191.83,191.125,190.436,189.762,189.103,188.458,187.827,187.209,186.602,186.008,185.425,184.852,184.291,183.739,183.196,182.663,182.139,181.623,181.116,180.617,180.125,179.641,179.165,178.695,178.232,177.776,177.326,176.882,176.444,176.012,175.586,175.165,174.75,174.34,173.935,173.535,173.14,172.749,172.363,171.982,171.605,171.232,170.863,170.499,170.138,169.781,169.428,169.079,168.734,168.391,168.053,167.718,167.386,167.057,166.731,166.409,166.09,165.774,165.46,165.15,164.842,164.537,164.235,163.936
320.145,314.969,308.57,299.74,282.431,253.315,243.567,237.628,233.209,229.633,226.603,223.959,221.604,219.473,217.524,215.725,214.052,212.486,211.013,209.621,208.301,207.045,205.847,204.7,203.6,202.543,201.526,200.545,199.597,198.681,197.793,196.932,196.096,195.284,194.494,193.725,192.975,192.245,191.531,190.835,190.154,189.489,188.838,188.2,187.576,186.964,186.364,185.776,185.198,184.632,184.075,183.528,182.991,182.463,181.943,181.432,180.929,180.434,179.946,179.466,178.993,178.527,178.067,177.614,177.167,176.727,176.292,175.863,175.44,175.022,174.609,174.202,173.799,173.402,173.009,172.621,172.237,171.858,171.483,171.112,170.746,170.383,170.025,169.67,169.319,168.971,168.627,168.287,167.95,167.616,167.286,166.959,166.635,166.314,165.996,165.681,165.37,165.06,164.754,164.451,164.15
321.41,316.508,310.577,302.776,290.081,260.017,246.769,239.877,234.995,231.14,227.92,225.137,222.675,220.46,218.442,216.585,214.862,213.253,211.743,210.318,208.969,207.687,206.464,205.296,204.177,203.102,202.068,201.071,200.109,199.179,198.279,197.407,196.56,195.737,194.938,194.159,193.401,192.662,191.941,191.237,190.549,189.877,189.219,188.576,187.945,187.328,186.722,186.129,185.546,184.975,184.414,183.862,183.32,182.788,182.264,181.749,181.242,180.743,180.252,179.769,179.292,178.823,178.36,177.904,177.454,177.011,176.573,176.141,175.715,175.295,174.88,174.47,174.065,173.665,173.27,172.879,172.493,172.112,171.735,171.362,170.994,170.629,170.268,169.912,169.559,169.209,168.864,168.522,168.183,167.848,167.516,167.187,166.862,166.539,166.22,165.903,165.59,165.28,164.972,164.667,164.365
322.613,317.948,312.403,305.361,295.024,270.871,250.647,242.39,236.926,232.74,229.303,226.365,223.786,221.478,219.385,217.466,215.691,214.037,212.487,211.028,209.648,208.339,207.092,205.901,204.761,203.668,202.617,201.604,200.627,199.684,198.771,197.886,197.028,196.195,195.385,194.598,193.831,193.083,192.354,191.642,190.947,190.268,189.604,188.954,188.317,187.694,187.083,186.484,185.897,185.32,184.754,184.198,183.652,183.115,182.587,182.068,181.557,181.055,180.56,180.073,179.593,179.12,178.654,178.195,177.742,177.296,176.855,176.421,175.992,175.569,175.151,174.739,174.331,173.929,173.532,173.139,172.751,172.367,171.988,171.613,171.242,170.876,170.513,170.155,169.8,169.449,169.101,168.757,168.417,168.08,167.746,167.416,167.089,166.765,166.444,166.126,165.811,165.499,165.19,164.884,164.58
323.759,319.303,314.082,307.629,298.762,282.266,255.63,245.251,239.032,234.448,230.76,227.647,224.938,222.53,220.356,218.37,216.539,214.838,213.247,211.751,210.339,209.001,207.729,206.515,205.354,204.241,203.172,202.143,201.151,200.193,199.267,198.37,197.501,196.657,195.837,195.04,194.264,193.507,192.77,192.051,191.348,190.662,189.991,189.334,188.692,188.063,187.446,186.842,186.249,185.667,185.097,184.536,183.985,183.444,182.912,182.389,181.874,181.368,180.869,180.379,179.895,179.419,178.95,178.488,178.032,177.582,177.139,176.702,176.27,175.844,175.424,175.009,174.599,174.194,173.794,173.399,173.009,172.623,172.242,171.865,171.492,171.123,170.759,170.398,170.042,169.689,169.339,168.994,168.651,168.313,167.978,167.646,167.317,166.991,166.669,166.349,166.033,165.72,165.409,165.101,164.796
324.856,320.585,315.641,309.662,301.815,289.3,262.627,248.597,241.356,236.282,232.301,228.99,226.137,223.619,221.357,219.3,217.409,215.657,214.022,212.489,211.043,209.675,208.376,207.138,205.955,204.822,203.734,202.689,201.681,200.709,199.769,198.86,197.978,197.123,196.293,195.486,194.7,193.935,193.19,192.462,191.752,191.059,190.381,189.718,189.069,188.434,187.812,187.202,186.604,186.017,185.441,184.876,184.32,183.775,183.239,182.711,182.193,181.682,181.18,180.686,180.199,179.719,179.247,178.781,178.322,177.87,177.424,176.983,176.549,176.121,175.697,175.28,174.868,174.46,174.058,173.661,173.268,172.88,172.497,172.117,171.743,171.372,171.005,170.643,170.284,169.929,169.578,169.231,168.887,168.546,168.209,167.876,167.545,167.218,166.894,166.573,166.255,165.94,165.628,165.319,165.013
325.908,321.802,317.099,311.509,304.422,294.122,272.64,252.658,243.958,238.267,233.938,230.4,227.386,224.747,222.39,220.256,218.301,216.495,214.814,213.241,211.76,210.361,209.033,207.77,206.564,205.411,204.304,203.241,202.217,201.23,200.276,199.354,198.46,197.594,196.753,195.936,195.141,194.367,193.613,192.877,192.16,191.459,190.774,190.104,189.449,188.808,188.179,187.564,186.96,186.368,185.788,185.217,184.658,184.107,183.567,183.035,182.513,181.999,181.493,180.995,180.504,180.021,179.545,179.077,178.614,178.159,177.71,177.267,176.829,176.398,175.972,175.552,175.137,174.728,174.323,173.923,173.528,173.138,172.752,172.371,171.994,171.621,171.253,170.888,170.528,170.171,169.818,169.469,169.123,168.781,168.442,168.107,167.775,167.446,167.12,166.798,166.479,166.162,165.849,165.538,165.23
326.919,322.962,318.471,313.209,306.713,297.837,282.142,257.855,246.928,240.436,235.687,231.887,228.691,225.918,223.457,221.24,219.217,217.354,215.624,214.008,212.49,211.058,209.702,208.412,207.183,206.008,204.882,203.8,202.76,201.757,200.789,199.854,198.948,198.07,197.218,196.39,195.585,194.802,194.039,193.295,192.57,191.862,191.17,190.493,189.831,189.184,188.55,187.928,187.319,186.722,186.136,185.561,184.997,184.442,183.897,183.361,182.835,182.316,181.807,181.305,180.811,180.324,179.845,179.373,178.908,178.449,177.997,177.551,177.111,176.677,176.248,175.825,175.408,174.996,174.589,174.187,173.789,173.397,173.009,172.625,172.246,171.872,171.501,171.134,170.772,170.413,170.058,169.707,169.36,169.016,168.676,168.339,168.005,167.675,167.347,167.023,166.702,166.384,166.069,165.757,165.448
327.894,324.071,319.767,314.787,308.766,300.895,288.619,264.905,250.405,242.832,237.568,233.461,230.059,227.136,224.562,222.255,220.158,218.234,216.452,214.791,213.235,211.768,210.381,209.065,207.811,206.613,205.467,204.367,203.309,202.291,201.308,200.358,199.44,198.55,197.687,196.848,196.034,195.241,194.469,193.717,192.983,192.267,191.568,190.885,190.216,189.563,188.922,188.295,187.681,187.078,186.487,185.907,185.338,184.778,184.229,183.689,183.158,182.636,182.122,181.617,181.119,180.629,180.147,179.671,179.203,178.741,178.285,177.836,177.394,176.957,176.525,176.1,175.68,175.265,174.856,174.451,174.051,173.657,173.266,172.881,172.5,172.123,171.75,171.382,171.017,170.656,170.3,169.947,169.598,169.252,168.91,168.571,168.236,167.904,167.575,167.249,166.927,166.607,166.291,165.977,165.666
328.835,325.135,320.998,316.261,310.633,303.515,293.293,273.891,254.617,245.519,239.606,235.135,231.497,228.407,225.708,223.302,221.126,219.136,217.3,215.592,213.994,212.492,211.073,209.728,208.448,207.228,206.06,204.941,203.865,202.83,201.833,200.869,199.937,199.035,198.16,197.311,196.486,195.684,194.903,194.142,193.4,192.677,191.97,191.279,190.604,189.944,189.298,188.665,188.044,187.436,186.84,186.255,185.681,185.117,184.563,184.018,183.483,182.957,182.44,181.93,181.429,180.935,180.449,179.971,179.499,179.034,178.575,178.123,177.677,177.238,176.804,176.376,175.953,175.536,175.124,174.717,174.315,173.917,173.525,173.137,172.754,172.375,172,171.629,171.263,170.9,170.542,170.187,169.836,169.489,169.145,168.804,168.467,168.134,167.803,167.476,167.152,166.831,166.513,166.198,165.886
329.745,326.157,322.171,317.648,312.351,305.822,296.965,282.046,259.938,248.587,241.834,236.925,233.014,229.736,226.897,224.385,222.123,220.063,218.168,216.41,214.769,213.229,211.777,210.402,209.096,207.851,206.662,205.522,204.429,203.377,202.363,201.385,200.44,199.525,198.638,197.778,196.943,196.131,195.34,194.571,193.821,193.089,192.375,191.677,190.995,190.328,189.675,189.036,188.41,187.797,187.195,186.605,186.026,185.457,184.899,184.35,183.81,183.28,182.759,182.245,181.74,181.243,180.754,180.271,179.796,179.328,178.866,178.411,177.963,177.52,177.083,176.652,176.227,175.807,175.393,174.983,174.579,174.179,173.784,173.394,173.009,172.628,172.251,171.878,171.51,171.145,170.785,170.428,170.075,169.726,169.38,169.038,168.699,168.364,168.032,167.703,167.378,167.055,166.736,166.419,166.105
330.626,327.142,323.293,318.959,313.945,307.892,300.015,288.025,266.817,252.175,244.299,238.851,234.62,231.128,228.136,225.505,223.152,221.016,219.058,217.247,215.56,213.981,212.493,211.088,209.754,208.484,207.272,206.112,204.999,203.93,202.9,201.907,200.948,200.02,199.121,198.25,197.404,196.581,195.782,195.003,194.244,193.504,192.782,192.077,191.388,190.715,190.056,189.411,188.779,188.159,187.552,186.957,186.373,185.799,185.236,184.683,184.139,183.605,183.079,182.562,182.053,181.552,181.059,180.574,180.095,179.624,179.159,178.701,178.249,177.804,177.364,176.93,176.502,176.08,175.663,175.251,174.844,174.442,174.045,173.653,173.265,172.882,172.503,172.128,171.757,171.391,171.029,170.67,170.315,169.964,169.617,169.273,168.932,168.595,168.262,167.931,167.604,167.28,166.959,166.641,166.326
331.481,328.093,324.368,320.203,315.435,309.775,302.641,292.534,274.817,256.493,247.063,240.939,236.33,232.593,229.427,226.668,224.213,221.996,219.971,218.104,216.369,214.747,213.224,211.785,210.422,209.126,207.891,206.709,205.577,204.49,203.443,202.435,201.461,200.52,199.609,198.726,197.869,197.036,196.227,195.439,194.671,193.923,193.193,192.481,191.785,191.104,190.439,189.787,189.149,188.525,187.912,187.311,186.722,186.144,185.576,185.018,184.47,183.931,183.401,182.88,182.368,181.863,181.366,180.877,180.395,179.921,179.453,178.992,178.537,178.088,177.646,177.209,176.779,176.353,175.934,175.519,175.11,174.706,174.306,173.912,173.522,173.136,172.755,172.379,172.006,171.638,171.273,170.913,170.556,170.203,169.854,169.508,169.166,168.827,168.492,168.16,167.831,167.506,167.183,166.863,166.547
332.312,329.012,325.401,321.389,316.836,311.509,304.958,296.148,281.97,261.836,250.215,243.223,238.158,234.138,230.778,227.876,225.311,223.006,220.909,218.982,217.196,215.53,213.968,212.495,211.102,209.779,208.519,207.315,206.163,205.057,203.993,202.969,201.981,201.026,200.102,199.207,198.338,197.495,196.676,195.878,195.102,194.346,193.608,192.887,192.184,191.497,190.824,190.167,189.523,188.892,188.274,187.668,187.073,186.49,185.917,185.355,184.802,184.259,183.725,183.2,182.684,182.175,181.675,181.182,180.697,180.219,179.748,179.284,178.826,178.374,177.929,177.49,177.056,176.628,176.206,175.789,175.377,174.971,174.569,174.172,173.78,173.392,173.009,172.63,172.255,171.885,171.519,171.156,170.798,170.443,170.092,169.744,169.401,169.06,168.723,168.389,168.059,167.732,167.408,167.087,166.768
333.119,329.902,326.396,322.522,318.161,313.118,307.04,299.177,287.508,268.393,253.888,245.75,240.127,235.776,232.195,229.133,226.448,224.048,221.873,219.882,218.042,216.329,214.726,213.218,211.793,210.442,209.157,207.93,206.756,205.631,204.55,203.509,202.506,201.537,200.6,199.692,198.812,197.959,197.129,196.322,195.536,194.771,194.025,193.297,192.586,191.892,191.213,190.549,189.899,189.262,188.638,188.027,187.427,186.838,186.261,185.694,185.137,184.589,184.051,183.522,183.002,182.489,181.985,181.489,181,180.519,180.044,179.577,179.116,178.661,178.213,177.771,177.335,176.904,176.479,176.06,175.646,175.236,174.832,174.433,174.039,173.649,173.263,172.882,172.506,172.133,171.765,171.401,171.04,170.684,170.331,169.981,169.636,169.294,168.955,168.62,168.288,167.959,167.633,167.31,166.991
333.905,330.765,327.356,323.608,319.417,314.622,308.937,301.8,291.842,275.531,258.26,248.58,242.262,237.519,233.685,230.445,227.627,225.123,222.866,220.805,218.907,217.146,215.5,213.955,212.497,211.116,209.804,208.553,207.358,206.213,205.114,204.056,203.037,202.054,201.103,200.183,199.291,198.426,197.586,196.769,195.975,195.2,194.446,193.71,192.992,192.29,191.604,190.933,190.277,189.634,189.005,188.388,187.783,187.189,186.607,186.035,185.473,184.921,184.379,183.845,183.321,182.805,182.297,181.797,181.305,180.82,180.342,179.872,179.408,178.95,178.499,178.054,177.615,177.182,176.754,176.332,175.915,175.503,175.097,174.695,174.298,173.906,173.519,173.136,172.757,172.382,172.012,171.646,171.283,170.925,170.57,170.219,169.872,169.528,169.187,168.85,168.517,168.186,167.859,167.535,167.214
334.671,331.603,328.284,324.651,320.615,316.036,310.684,304.122,295.383,281.909,263.53,251.801,244.597,239.385,235.258,231.818,228.852,226.236,223.888,221.754,219.795,217.981,216.29,214.706,213.213,211.802,210.462,209.186,207.968,206.803,205.684,204.61,203.574,202.576,201.612,200.678,199.775,198.898,198.047,197.221,196.416,195.633,194.87,194.126,193.4,192.691,191.998,191.321,190.658,190.009,189.374,188.751,188.14,187.542,186.954,186.377,185.811,185.255,184.708,184.171,183.642,183.122,182.61,182.107,181.611,181.123,180.642,180.168,179.7,179.24,178.786,178.338,177.896,177.46,177.03,176.605,176.185,175.771,175.362,174.958,174.559,174.165,173.775,173.39,173.009,172.632,172.26,171.892,171.527,171.167,170.81,170.458,170.108,169.763,169.421,169.082,168.747,168.415,168.086,167.76,167.437
335.418,332.418,329.182,325.655,321.758,317.373,312.306,306.213,298.383,287.055,269.689,255.527,247.178,241.393,236.926,233.258,230.129,227.388,224.943,222.73,220.705,218.835,217.097,215.471,213.942,212.499,211.13,209.829,208.588,207.4,206.263,205.17,204.118,203.104,202.126,201.179,200.263,199.375,198.513,197.676,196.862,196.07,195.298,194.546,193.812,193.095,192.395,191.711,191.041,190.386,189.745,189.116,188.5,187.896,187.304,186.722,186.151,185.59,185.039,184.497,183.965,183.441,182.925,182.418,181.919,181.427,180.942,180.465,179.995,179.531,179.074,178.623,178.178,177.739,177.306,176.879,176.457,176.04,175.629,175.223,174.821,174.424,174.032,173.645,173.262,172.883,172.509,172.139,171.772,171.41,171.052,170.697,170.346,169.999,169.655,169.314,168.977,168.644,168.313,167.986,167.662
336.148,333.211,330.053,326.624,322.855,318.641,313.822,308.12,300.994,291.212,276.099,259.899,250.063,243.571,238.701,234.773,231.461,228.584,226.032,223.734,221.639,219.71,217.922,216.252,214.685,213.208,211.81,210.481,209.216,208.007,206.849,205.737,204.668,203.639,202.645,201.685,200.756,199.856,198.983,198.136,197.312,196.51,195.729,194.968,194.226,193.502,192.795,192.104,191.428,190.766,190.119,189.484,188.863,188.253,187.656,187.069,186.493,185.928,185.372,184.826,184.289,183.761,183.242,182.731,182.228,181.732,181.244,180.764,180.29,179.823,179.363,178.909,178.462,178.02,177.584,177.154,176.73,176.31,175.897,175.488,175.084,174.685,174.291,173.901,173.516,173.135,172.759,172.386,172.018,171.654,171.293,170.937,170.584,170.235,169.889,169.547,169.209,168.873,168.541,168.212,167.887
336.861,333.984,330.899,327.561,323.907,319.849,315.248,309.877,303.315,294.67,281.859,265.021,253.331,245.951,240.601,236.373,232.854,229.826,227.159,224.768,222.598,220.607,218.765,217.05,215.443,213.93,212.5,211.144,209.853,208.621,207.442,206.312,205.225,204.179,203.171,202.197,201.255,200.342,199.458,198.599,197.765,196.954,196.164,195.395,194.644,193.912,193.198,192.499,191.817,191.149,190.495,189.855,189.228,188.613,188.01,187.418,186.837,186.267,185.707,185.157,184.615,184.083,183.56,183.045,182.538,182.039,181.548,181.064,180.587,180.117,179.654,179.197,178.746,178.302,177.863,177.43,177.003,176.582,176.165,175.754,175.348,174.946,174.55,174.158,173.771,173.388,173.009,172.635,172.265,171.898,171.536,171.178,170.823,170.472,170.125,169.781,169.441,169.104,168.77,168.44,168.112
337.558,334.738,331.721,328.467,324.921,321.003,316.596,311.51,305.41,297.63,286.658,270.76,257.077,248.576,242.645,238.068,234.316,231.121,228.326,225.836,223.584,221.526,219.628,217.864,216.215,214.666,213.203,211.818,210.5,209.245,208.044,206.894,205.789,204.726,203.702,202.714,201.758,200.833,199.937,199.068,198.223,197.402,196.603,195.824,195.066,194.326,193.603,192.898,192.208,191.534,190.874,190.228,189.595,188.974,188.366,187.769,187.183,186.608,186.044,185.489,184.943,184.407,183.88,183.361,182.851,182.348,181.853,181.366,180.885,180.412,179.946,179.486,179.032,178.585,178.143,177.708,177.278,176.854,176.435,176.021,175.613,175.209,174.81,174.416,174.026,173.641,173.261,172.884,172.512,172.144,171.78,171.419,171.063,170.71,170.361,170.016,169.673,169.335,168.999,168.667,168.339
338.239,335.474,332.521,329.346,325.899,322.109,317.875,313.037,307.324,300.224,290.639,276.563,261.4,251.502,244.86,239.873,235.855,232.471,229.537,226.938,224.6,222.47,220.512,218.696,217.003,215.415,213.918,212.502,211.158,209.877,208.654,207.483,206.36,205.28,204.24,203.237,202.267,201.329,200.421,199.54,198.685,197.853,197.045,196.258,195.49,194.742,194.012,193.299,192.603,191.922,191.255,190.603,189.964,189.338,188.724,188.122,187.531,186.952,186.382,185.823,185.273,184.733,184.201,183.679,183.164,182.658,182.16,181.669,181.185,180.709,180.239,179.776,179.319,178.869,178.425,177.987,177.554,177.127,176.706,176.289,175.878,175.472,175.071,174.675,174.283,173.896,173.513,173.135,172.76,172.39,172.024,171.662,171.304,170.949,170.598,170.251,169.907,169.567,169.23,168.896,168.565
338.907,336.192,333.301,330.2,326.844,323.171,319.093,314.473,309.089,302.538,294.006,281.817,266.323,254.795,247.278,241.804,237.479,233.885,230.796,228.079,225.646,223.44,221.417,219.548,217.808,216.179,214.646,213.199,211.826,210.519,209.273,208.081,206.938,205.841,204.784,203.765,202.782,201.831,200.91,200.017,199.151,198.309,197.491,196.695,195.919,195.162,194.424,193.704,193,192.312,191.639,190.981,190.336,189.704,189.085,188.477,187.882,187.297,186.723,186.159,185.605,185.06,184.525,183.998,183.48,182.97,182.468,181.973,181.486,181.006,180.533,180.067,179.608,179.155,178.707,178.266,177.831,177.402,176.977,176.559,176.145,175.737,175.333,174.935,174.541,174.151,173.766,173.386,173.009,172.637,172.269,171.905,171.545,171.189,170.836,170.487,170.141,169.799,169.46,169.125,168.793
339.562,336.895,334.061,331.029,327.758,324.194,320.257,315.831,310.73,304.633,296.92,286.308,271.655,258.53,249.938,243.88,239.2,235.368,232.108,229.261,226.726,224.437,222.346,220.419,218.63,216.958,215.388,213.907,212.504,211.171,209.901,208.687,207.524,206.408,205.334,204.3,203.302,202.337,201.403,200.499,199.621,198.769,197.941,197.135,196.35,195.586,194.84,194.112,193.4,192.705,192.026,191.361,190.71,190.072,189.447,188.835,188.234,187.644,187.065,186.497,185.938,185.389,184.849,184.319,183.797,183.283,182.777,182.279,181.789,181.305,180.829,180.36,179.897,179.441,178.991,178.547,178.109,177.677,177.25,176.829,176.413,176.002,175.596,175.195,174.799,174.408,174.021,173.638,173.259,172.885,172.515,172.149,171.787,171.429,171.074,170.723,170.376,170.032,169.692,169.355,169.021
340.203,337.583,334.803,331.836,328.645,325.18,321.372,317.12,312.266,306.55,299.489,290.118,276.95,262.761,252.889,246.127,241.032,236.929,233.477,230.487,227.841,225.463,223.3,221.311,219.47,217.753,216.144,214.628,213.194,211.833,210.538,209.301,208.118,206.982,205.891,204.841,203.827,202.849,201.902,200.985,200.096,199.233,198.395,197.579,196.786,196.012,195.258,194.522,193.804,193.102,192.415,191.744,191.087,190.443,189.812,189.194,188.588,187.993,187.41,186.836,186.273,185.72,185.176,184.641,184.115,183.598,183.088,182.586,182.093,181.606,181.127,180.654,180.188,179.729,179.276,178.83,178.389,177.954,177.524,177.101,176.682,176.269,175.861,175.457,175.059,174.665,174.276,173.891,173.51,173.134,172.762,172.394,172.03,171.67,171.314,170.961,170.612,170.266,169.924,169.586,169.25
340.832,338.256,335.527,332.622,329.505,326.132,322.443,318.347,313.712,308.32,301.792,293.39,281.782,267.457,256.186,248.574,242.99,238.576,234.909,231.762,228.995,226.521,224.279,222.226,220.329,218.565,216.914,215.362,213.896,212.506,211.185,209.924,208.719,207.564,206.455,205.388,204.359,203.366,202.406,201.477,200.576,199.702,198.853,198.028,197.224,196.442,195.68,194.936,194.21,193.501,192.807,192.129,191.466,190.816,190.18,189.556,188.945,188.345,187.756,187.178,186.61,186.053,185.504,184.965,184.435,183.914,183.401,182.895,182.398,181.908,181.425,180.95,180.481,180.018,179.563,179.113,178.669,178.232,177.8,177.373,176.952,176.536,176.126,175.72,175.319,174.923,174.532,174.145,173.762,173.384,173.01,172.64,172.274,171.912,171.554,171.199,170.848,170.501,170.157,169.817,169.48
341.45,338.915,336.236,333.388,330.341,327.054,323.473,319.52,315.078,309.968,303.882,296.25,285.998,272.413,259.879,251.257,245.094,240.321,236.412,233.09,230.191,227.613,225.287,223.164,221.208,219.394,217.699,216.109,214.609,213.19,211.841,210.556,209.329,208.154,207.026,205.941,204.897,203.889,202.915,201.973,201.06,200.175,199.315,198.48,197.667,196.876,196.105,195.353,194.619,193.903,193.202,192.518,191.848,191.192,190.55,189.92,189.303,188.698,188.104,187.522,186.949,186.387,185.835,185.291,184.757,184.232,183.715,183.206,182.705,182.211,181.725,181.246,180.774,180.309,179.85,179.397,178.951,178.511,178.076,177.647,177.223,176.805,176.392,175.984,175.581,175.182,174.789,174.399,174.015,173.634,173.258,172.886,172.519,172.155,171.794,171.438,171.086,170.737,170.391,170.049,169.711
342.056,339.561,336.929,334.136,331.154,327.948,324.467,320.643,316.376,311.512,305.799,298.789,289.643,277.278,263.988,254.217,247.366,242.176,237.993,234.476,231.432,228.741,226.324,224.127,222.109,220.241,218.501,216.871,215.336,213.885,212.508,211.198,209.948,208.751,207.604,206.502,205.441,204.417,203.429,202.474,201.549,200.652,199.782,198.936,198.114,197.313,196.533,195.773,195.032,194.307,193.6,192.908,192.232,191.57,190.922,190.287,189.664,189.054,188.455,187.867,187.29,186.723,186.166,185.619,185.081,184.551,184.03,183.518,183.013,182.516,182.027,181.544,181.069,180.601,180.139,179.683,179.234,178.791,178.353,177.922,177.495,177.074,176.659,176.248,175.843,175.442,175.046,174.655,174.268,173.886,173.508,173.134,172.764,172.398,172.036,171.678,171.324,170.973,170.626,170.282,169.942
342.652,340.195,337.607,334.866,331.947,328.815,325.428,321.722,317.611,312.965,307.572,301.075,292.818,281.753,268.446,257.496,249.834,244.158,239.66,235.926,232.721,229.907,227.393,225.116,223.032,221.108,219.32,217.647,216.075,214.591,213.186,211.849,210.575,209.357,208.189,207.069,205.991,204.952,203.95,202.981,202.043,201.134,200.252,199.396,198.564,197.754,196.965,196.197,195.447,194.715,194.001,193.302,192.619,191.951,191.296,190.656,190.027,189.412,188.808,188.215,187.633,187.062,186.5,185.948,185.406,184.872,184.348,183.831,183.323,182.822,182.33,181.844,181.365,180.894,180.429,179.97,179.518,179.072,178.632,178.197,177.769,177.345,176.927,176.514,176.106,175.703,175.305,174.912,174.523,174.138,173.758,173.382,173.01,172.642,172.279,171.919,171.562,171.21,170.861,170.515,170.173
343.237,340.818,338.271,335.58,332.719,329.658,326.357,322.76,318.792,314.339,309.224,303.157,295.62,285.723,273.06,261.123,252.528,246.283,241.426,237.446,234.065,231.116,228.496,226.133,223.979,221.995,220.156,218.439,216.829,215.311,213.874,212.51,211.211,209.97,208.783,207.643,206.548,205.493,204.475,203.492,202.541,201.621,200.727,199.86,199.018,198.199,197.401,196.624,195.866,195.126,194.404,193.699,193.009,192.334,191.673,191.027,190.393,189.772,189.162,188.565,187.978,187.402,186.836,186.28,185.733,185.195,184.667,184.146,183.634,183.13,182.634,182.145,181.663,181.188,180.72,180.259,179.803,179.354,178.911,178.474,178.043,177.617,177.196,176.781,176.371,175.965,175.565,175.169,174.778,174.391,174.009,173.631,173.257,172.888,172.522,172.16,171.802,171.447,171.097,170.75,170.406
343.813,341.428,338.923,336.278,333.473,330.478,327.257,323.762,319.923,315.644,310.773,305.071,298.124,289.211,277.559,265.089,255.482,248.574,243.302,239.045,235.466,232.371,229.636,227.181,224.951,222.904,221.011,219.247,217.596,216.042,214.574,213.182,211.857,210.593,209.384,208.225,207.111,206.04,205.007,204.01,203.045,202.112,201.207,200.329,199.476,198.647,197.84,197.054,196.288,195.54,194.811,194.098,193.401,192.72,192.053,191.4,190.761,190.134,189.519,188.916,188.325,187.744,187.173,186.613,186.062,185.52,184.987,184.463,183.947,183.439,182.939,182.447,181.962,181.484,181.013,180.548,180.09,179.638,179.192,178.752,178.318,177.89,177.467,177.049,176.636,176.228,175.826,175.428,175.034,174.646,174.261,173.881,173.505,173.134,172.766,172.402,172.042,171.686,171.333,170.985,170.639
344.379,342.028,339.562,336.962,334.208,331.276,328.131,324.729,321.01,316.887,312.232,306.845,300.39,292.288,281.727,269.312,258.724,251.053,245.302,240.731,236.933,233.674,230.814,228.261,225.949,223.835,221.885,220.073,218.379,216.787,215.286,213.864,212.512,211.224,209.993,208.814,207.682,206.593,205.544,204.532,203.554,202.608,201.691,200.802,199.939,199.099,198.283,197.488,196.713,195.958,195.22,194.5,193.796,193.108,192.435,191.776,191.131,190.498,189.878,189.27,188.673,188.088,187.512,186.947,186.392,185.846,185.309,184.781,184.262,183.75,183.247,182.751,182.262,181.781,181.307,180.839,180.378,179.923,179.474,179.032,178.595,178.164,177.738,177.318,176.903,176.492,176.087,175.687,175.292,174.901,174.514,174.132,173.754,173.38,173.011,172.645,172.283,171.925,171.571,171.22,170.873
344.936,342.618,340.188,337.631,334.928,332.054,328.98,325.665,322.056,318.075,313.612,308.499,302.46,295.027,285.477,273.62,262.265,253.747,247.444,242.515,238.469,235.032,232.036,229.374,226.976,224.791,222.78,220.916,219.177,217.546,216.01,214.557,213.178,211.864,210.61,209.41,208.259,207.153,206.088,205.061,204.069,203.109,202.18,201.28,200.405,199.556,198.73,197.925,197.142,196.378,195.633,194.905,194.195,193.5,192.82,192.155,191.503,190.865,190.239,189.626,189.024,188.433,187.854,187.284,186.724,186.174,185.633,185.101,184.578,184.062,183.555,183.056,182.564,182.079,181.602,181.131,180.667,180.209,179.758,179.312,178.873,178.439,178.01,177.588,177.17,176.758,176.35,175.947,175.55,175.156,174.768,174.384,174.004,173.628,173.256,172.889,172.525,172.165,171.809,171.457,171.108
345.485,343.198,340.804,338.287,335.631,332.813,329.806,326.572,323.064,319.213,314.924,310.051,304.367,297.493,288.816,277.804,266.078,256.68,249.746,244.407,240.084,236.448,233.303,230.525,228.034,225.771,223.696,221.777,219.992,218.32,216.747,215.262,213.854,212.514,211.237,210.015,208.844,207.72,206.638,205.595,204.589,203.616,202.674,201.762,200.876,200.016,199.18,198.366,197.574,196.802,196.049,195.314,194.595,193.894,193.207,192.536,191.878,191.234,190.603,189.984,189.377,188.781,188.197,187.622,187.058,186.504,185.959,185.423,184.895,184.376,183.865,183.362,182.867,182.379,181.898,181.424,180.957,180.496,180.042,179.594,179.151,178.715,178.284,177.858,177.438,177.024,176.614,176.209,175.809,175.413,175.023,174.636,174.254,173.876,173.503,173.133,172.768,172.406,172.048,171.694,171.343
346.025,343.768,341.408,338.93,336.32,333.555,330.61,327.453,324.038,320.306,316.173,311.514,306.138,299.734,291.795,281.706,270.074,259.869,252.228,246.422,241.786,237.929,234.619,231.715,229.123,226.779,224.635,222.659,220.823,219.108,217.498,215.979,214.54,213.174,211.872,210.628,209.437,208.294,207.194,206.136,205.114,204.128,203.173,202.248,201.351,200.481,199.634,198.811,198.01,197.229,196.468,195.725,194.999,194.29,193.597,192.919,192.255,191.605,190.969,190.344,189.732,189.131,188.542,187.963,187.394,186.835,186.286,185.746,185.214,184.692,184.177,183.671,183.172,182.68,182.196,181.719,181.249,180.785,180.328,179.876,179.431,178.992,178.558,178.13,177.708,177.291,176.878,176.471,176.069,175.671,175.278,174.89,174.506,174.126,173.75,173.379,173.011,172.648,172.288,171.932,171.58
346.557,344.329,342.002,339.562,336.994,334.279,331.394,328.308,324.981,321.359,317.368,312.9,307.793,301.788,294.471,285.256,274.109,263.31,254.911,248.574,243.584,239.48,235.99,232.948,230.248,227.815,225.599,223.561,221.673,219.913,218.262,216.708,215.238,213.844,212.516,211.249,210.037,208.875,207.758,206.682,205.646,204.645,203.677,202.739,201.831,200.949,200.093,199.26,198.449,197.66,196.89,196.139,195.406,194.69,193.99,193.305,192.635,191.979,191.337,190.707,190.089,189.483,188.889,188.305,187.732,187.168,186.615,186.071,185.535,185.009,184.49,183.98,183.478,182.983,182.495,182.015,181.541,181.075,180.614,180.16,179.712,179.27,178.834,178.404,177.978,177.559,177.144,176.734,176.33,175.93,175.535,175.144,174.758,174.376,173.998,173.625,173.255,172.89,172.528,172.171,171.816
347.081,344.881,342.585,340.181,337.655,334.988,332.159,329.14,325.894,322.374,318.513,314.216,309.346,303.687,296.895,288.456,278.019,266.965,257.81,250.88,245.49,241.109,237.419,234.227,231.409,228.882,226.588,224.485,222.542,220.733,219.041,217.45,215.948,214.524,213.17,211.879,210.645,209.463,208.327,207.235,206.183,205.167,204.186,203.236,202.315,201.422,200.555,199.712,198.892,198.094,197.315,196.556,195.816,195.092,194.385,193.694,193.018,192.356,191.707,191.072,190.449,189.837,189.238,188.649,188.071,187.504,186.946,186.397,185.858,185.327,184.805,184.291,183.785,183.287,182.796,182.312,181.836,181.366,180.902,180.445,179.995,179.55,179.111,178.678,178.25,177.828,177.411,176.999,176.592,176.189,175.792,175.399,175.011,174.627,174.247,173.872,173.501,173.133,172.77,172.41,172.054
347.598,345.425,343.16,340.79,338.303,335.681,332.905,329.949,326.78,323.354,319.612,315.472,310.813,305.453,299.107,291.339,281.687,270.749,260.933,253.356,247.514,242.824,238.913,235.555,232.61,229.981,227.604,225.432,223.43,221.571,219.835,218.206,216.67,215.215,213.834,212.518,211.262,210.059,208.904,207.795,206.726,205.696,204.7,203.737,202.804,201.9,201.022,200.169,199.339,198.531,197.744,196.977,196.229,195.498,194.784,194.085,193.403,192.734,192.08,191.439,190.81,190.194,189.589,188.996,188.413,187.84,187.278,186.725,186.182,185.647,185.121,184.604,184.094,183.592,183.098,182.611,182.131,181.658,181.192,180.732,180.278,179.831,179.389,178.953,178.523,178.098,177.678,177.264,176.855,176.45,176.05,175.655,175.265,174.879,174.497,174.12,173.746,173.377,173.012,172.65,172.293
348.108,345.961,343.725,341.388,338.938,336.36,333.635,330.739,327.641,324.303,320.671,316.672,312.202,307.105,301.144,293.949,285.057,274.539,264.266,256.016,249.671,244.633,240.476,236.938,233.853,231.115,228.649,226.403,224.339,222.427,220.646,218.976,217.404,215.918,214.508,213.167,211.887,210.662,209.488,208.361,207.276,206.23,205.22,204.243,203.298,202.382,201.492,200.629,199.789,198.972,198.177,197.401,196.645,195.906,195.185,194.48,193.79,193.115,192.455,191.808,191.174,190.552,189.942,189.344,188.756,188.179,187.612,187.055,186.508,185.969,185.439,184.918,184.404,183.899,183.401,182.911,182.428,181.952,181.482,181.019,180.563,180.112,179.668,179.229,178.796,178.369,177.947,177.53,177.118,176.712,176.31,175.912,175.52,175.132,174.748,174.368,173.993,173.622,173.255,172.891,172.532
348.61,346.489,344.281,341.976,339.562,337.026,334.348,331.509,328.478,325.222,321.691,317.822,313.522,308.659,303.031,296.328,288.125,278.21,267.764,258.871,251.974,246.547,242.117,238.378,235.142,232.286,229.724,227.4,225.27,223.302,221.472,219.76,218.151,216.632,215.193,213.825,212.52,211.274,210.08,208.934,207.832,206.769,205.745,204.754,203.796,202.868,201.968,201.093,200.244,199.417,198.612,197.828,197.064,196.317,195.589,194.877,194.18,193.499,192.832,192.179,191.54,190.912,190.297,189.694,189.102,188.52,187.948,187.387,186.835,186.292,185.759,185.233,184.716,184.207,183.706,183.212,182.726,182.247,181.774,181.308,180.849,180.395,179.948,179.507,179.071,178.641,178.217,177.797,177.383,176.974,176.57,176.17,175.776,175.385,175,174.618,174.241,173.867,173.498,173.133,172.772
349.106,347.009,344.828,342.554,340.175,337.678,335.046,332.26,329.294,326.114,322.678,318.927,314.782,310.127,304.789,298.51,290.915,281.671,271.349,261.919,254.435,248.576,243.841,239.883,236.481,233.496,230.832,228.424,226.224,224.197,222.316,220.56,218.912,217.358,215.888,214.493,213.163,211.894,210.679,209.514,208.394,207.316,206.276,205.271,204.3,203.359,202.447,201.562,200.702,199.866,199.052,198.259,197.486,196.732,195.996,195.276,194.573,193.885,193.212,192.553,191.908,191.275,190.655,190.046,189.449,188.862,188.286,187.72,187.164,186.617,186.08,185.55,185.03,184.517,184.012,183.515,183.025,182.543,182.067,181.598,181.136,180.68,180.229,179.785,179.347,178.915,178.487,178.066,177.649,177.238,176.831,176.429,176.032,175.64,175.252,174.868,174.489,174.114,173.743,173.376,173.012
349.595,347.522,345.367,343.122,340.777,338.318,335.73,332.995,330.088,326.98,323.632,319.991,315.987,311.518,306.438,300.525,293.459,284.877,274.921,265.138,257.064,250.732,245.659,241.457,237.874,234.749,231.975,229.477,227.203,225.113,223.178,221.376,219.687,218.097,216.595,215.171,213.815,212.523,211.286,210.101,208.963,207.868,206.812,205.793,204.808,203.855,202.931,202.035,201.164,200.318,199.495,198.693,197.912,197.149,196.405,195.679,194.969,194.274,193.595,192.93,192.278,191.64,191.014,190.4,189.798,189.207,188.626,188.056,187.495,186.944,186.402,185.869,185.345,184.828,184.32,183.819,183.326,182.84,182.362,181.889,181.424,180.965,180.512,180.065,179.624,179.189,178.759,178.335,177.916,177.502,177.093,176.689,176.29,175.895,175.505,175.12,174.738,174.361,173.988,173.619,173.254
350.078,348.028,345.898,343.682,341.368,338.946,336.4,333.713,330.863,327.823,324.557,321.018,317.142,312.842,307.99,302.398,295.791,287.822,278.381,268.484,259.866,253.024,247.577,243.106,239.325,236.048,233.155,230.561,228.207,226.051,224.06,222.208,220.477,218.849,217.314,215.859,214.477,213.16,211.901,210.696,209.539,208.426,207.355,206.321,205.322,204.356,203.42,202.512,201.631,200.774,199.942,199.131,198.34,197.57,196.818,196.084,195.367,194.666,193.98,193.309,192.651,192.007,191.376,190.757,190.149,189.553,188.968,188.393,187.828,187.273,186.727,186.19,185.661,185.141,184.629,184.125,183.629,183.139,182.657,182.182,181.713,181.251,180.796,180.346,179.902,179.464,179.032,178.605,178.184,177.768,177.356,176.95,176.549,176.152,175.76,175.372,174.988,174.609,174.234,173.863,173.496
350.555,348.527,346.422,344.233,341.95,339.563,337.057,334.416,331.62,328.643,325.454,322.009,318.252,314.105,309.457,304.147,297.941,290.521,281.657,271.887,262.831,255.464,249.606,244.838,240.838,237.397,234.374,231.677,229.239,227.012,224.961,223.058,221.282,219.615,218.045,216.559,215.149,213.807,212.525,211.298,210.122,208.992,207.904,206.855,205.841,204.862,203.913,202.994,202.102,201.235,200.392,199.572,198.773,197.994,197.234,196.493,195.768,195.06,194.368,193.69,193.027,192.377,191.74,191.115,190.503,189.902,189.311,188.732,188.162,187.603,187.053,186.512,185.979,185.455,184.94,184.432,183.932,183.44,182.954,182.476,182.004,181.539,181.081,180.628,180.182,179.741,179.306,178.877,178.453,178.034,177.62,177.212,176.808,176.409,176.015,175.625,175.239,174.858,174.481,174.108,173.739
351.026,349.019,346.938,344.776,342.523,340.168,337.701,335.104,332.359,329.443,326.326,322.969,319.321,315.314,310.85,305.79,299.933,293,284.714,275.262,265.936,258.054,251.755,246.66,242.42,238.798,235.636,232.828,230.3,227.998,225.883,223.926,222.103,220.395,218.788,217.27,215.831,214.462,213.157,211.909,210.712,209.564,208.459,207.394,206.366,205.373,204.411,203.48,202.576,201.699,200.846,200.016,199.209,198.421,197.653,196.904,196.172,195.457,194.758,194.074,193.404,192.749,192.106,191.476,190.858,190.252,189.657,189.073,188.499,187.935,187.38,186.835,186.299,185.771,185.252,184.741,184.237,183.741,183.253,182.771,182.296,181.828,181.367,180.911,180.462,180.019,179.581,179.149,178.723,178.302,177.886,177.475,177.069,176.667,176.271,175.879,175.491,175.108,174.729,174.354,173.983
351.491,349.505,347.447,345.31,343.086,340.764,338.333,335.778,333.082,330.223,327.173,323.899,320.352,316.473,312.175,307.338,301.789,295.284,287.543,278.534,269.136,260.796,254.032,248.579,244.076,240.257,236.944,234.016,231.391,229.009,226.828,224.813,222.941,221.19,219.545,217.993,216.524,215.128,213.798,212.527,211.31,210.143,209.02,207.939,206.896,205.889,204.915,203.971,203.056,202.167,201.304,200.465,199.648,198.852,198.076,197.319,196.579,195.857,195.151,194.46,193.785,193.123,192.474,191.839,191.216,190.604,190.004,189.415,188.837,188.268,187.71,187.16,186.62,186.089,185.566,185.051,184.544,184.044,183.552,183.067,182.59,182.118,181.654,181.196,180.744,180.298,179.857,179.423,178.994,178.57,178.152,177.738,177.33,176.926,176.528,176.133,175.744,175.358,174.977,174.6,174.228
351.951,349.985,347.949,345.837,343.64,341.35,338.953,336.439,333.789,330.984,327.999,324.801,321.349,317.587,313.441,308.804,303.527,297.398,290.155,281.645,272.37,263.675,256.442,250.603,245.812,241.778,238.3,235.243,232.514,230.048,227.795,225.72,223.796,222,220.316,218.729,217.228,215.804,214.448,213.154,211.916,210.729,209.588,208.49,207.432,206.411,205.423,204.466,203.539,202.64,201.766,200.917,200.091,199.286,198.501,197.736,196.989,196.26,195.547,194.849,194.167,193.499,192.845,192.204,191.575,190.959,190.354,189.76,189.177,188.604,188.041,187.487,186.943,186.408,185.881,185.362,184.851,184.349,183.853,183.365,182.884,182.41,181.942,181.481,181.026,180.577,180.135,179.697,179.266,178.84,178.419,178.003,177.592,177.186,176.785,176.389,175.997,175.61,175.227,174.848,174.473
352.405,350.458,348.445,346.356,344.186,341.925,339.563,337.087,334.481,331.728,328.803,325.677,322.313,318.661,314.653,310.196,305.161,299.365,292.569,284.565,275.57,266.666,258.988,252.74,247.635,243.365,239.709,236.513,233.673,231.115,228.787,226.649,224.669,222.826,221.1,219.477,217.943,216.49,215.107,213.789,212.529,211.322,210.163,209.048,207.974,206.938,205.936,204.967,204.028,203.117,202.233,201.373,200.537,199.723,198.93,198.157,197.402,196.665,195.945,195.241,194.552,193.878,193.218,192.571,191.937,191.315,190.705,190.107,189.519,188.941,188.374,187.816,187.267,186.728,186.197,185.675,185.161,184.654,184.156,183.664,183.18,182.703,182.232,181.768,181.31,180.859,180.413,179.973,179.539,179.11,178.687,178.269,177.856,177.447,177.044,176.646,176.252,175.862,175.477,175.096,174.719
352.853,350.926,348.933,346.869,344.724,342.492,340.162,337.723,335.16,332.455,329.587,326.53,323.248,319.696,315.815,311.523,306.705,301.203,294.804,287.286,278.673,269.728,261.664,254.995,249.55,245.025,241.174,237.827,234.868,232.213,229.805,227.599,225.562,223.669,221.9,220.238,218.67,217.186,215.777,214.434,213.151,211.923,210.745,209.612,208.522,207.47,206.454,205.472,204.521,203.598,202.703,201.833,200.988,200.164,199.362,198.581,197.818,197.074,196.346,195.635,194.94,194.26,193.593,192.941,192.301,191.674,191.059,190.455,189.862,189.28,188.708,188.146,187.594,187.05,186.516,185.989,185.472,184.962,184.459,183.965,183.477,182.997,182.523,182.056,181.595,181.141,180.692,180.25,179.813,179.382,178.956,178.535,178.12,177.709,177.304,176.903,176.507,176.115,175.728,175.345,174.967
353.297,351.389,349.416,347.374,345.254,343.05,340.752,338.348,335.825,333.166,330.353,327.36,324.155,320.697,316.933,312.79,308.168,302.928,296.882,289.815,281.635,272.807,264.455,257.371,251.566,246.762,242.7,239.19,236.102,233.344,230.85,228.573,226.475,224.53,222.715,221.013,219.41,217.894,216.456,215.087,213.781,212.532,211.334,210.183,209.076,208.009,206.978,205.982,205.018,204.084,203.178,202.297,201.442,200.609,199.798,199.008,198.237,197.485,196.75,196.032,195.33,194.644,193.971,193.313,192.667,192.035,191.414,190.806,190.208,189.621,189.045,188.478,187.922,187.374,186.835,186.305,185.784,185.27,184.765,184.267,183.776,183.292,182.815,182.345,181.881,181.424,180.973,180.528,180.088,179.654,179.226,178.803,178.385,177.972,177.564,177.161,176.763,176.369,175.98,175.595,175.214
353.736,351.845,349.893,347.872,345.777,343.6,341.331,338.961,336.477,333.863,331.101,328.168,325.036,321.666,318.01,314.004,309.558,304.553,298.822,292.164,284.43,275.848,267.336,259.866,253.685,248.582,244.291,240.605,237.378,234.509,231.924,229.571,227.409,225.409,223.546,221.802,220.162,218.613,217.146,215.75,214.42,213.148,211.93,210.761,209.636,208.553,207.508,206.498,205.521,204.574,203.656,202.765,201.899,201.057,200.237,199.438,198.659,197.899,197.157,196.432,195.723,195.03,194.351,193.687,193.036,192.398,191.772,191.158,190.556,189.964,189.383,188.812,188.251,187.699,187.157,186.623,186.098,185.58,185.071,184.57,184.076,183.589,183.109,182.635,182.169,181.709,181.255,180.807,180.364,179.928,179.497,179.072,178.651,178.236,177.826,177.421,177.02,176.624,176.233,175.846,175.463
354.169,352.297,350.363,348.364,346.292,344.141,341.901,339.564,337.117,334.545,331.833,328.957,325.893,322.605,319.049,315.169,310.884,306.09,300.64,294.35,287.049,278.799,270.267,262.474,255.914,250.491,245.952,242.075,238.699,235.71,233.028,230.594,228.365,226.307,224.394,222.606,220.928,219.345,217.846,216.423,215.067,213.773,212.534,211.345,210.203,209.103,208.043,207.019,206.028,205.069,204.14,203.238,202.361,201.509,200.68,199.872,199.085,198.317,197.567,196.835,196.119,195.419,194.734,194.063,193.407,192.763,192.132,191.513,190.905,190.309,189.723,189.148,188.582,188.026,187.48,186.942,186.413,185.892,185.379,184.874,184.377,183.887,183.403,182.927,182.458,181.994,181.537,181.087,180.642,180.203,179.769,179.341,178.919,178.501,178.088,177.681,177.278,176.88,176.487,176.097,175.713
354.598,352.743,350.828,348.849,346.8,344.674,342.463,340.157,337.745,335.214,332.548,329.727,326.727,323.516,320.054,316.289,312.152,307.548,302.349,296.391,289.497,281.626,273.204,265.177,258.251,252.493,247.687,243.604,240.067,236.95,234.165,231.645,229.344,227.225,225.259,223.426,221.707,220.088,218.558,217.106,215.724,214.406,213.145,211.937,210.776,209.66,208.584,207.545,206.541,205.569,204.627,203.714,202.827,201.965,201.126,200.309,199.514,198.737,197.98,197.24,196.517,195.811,195.119,194.442,193.78,193.13,192.494,191.869,191.257,190.655,190.065,189.485,188.915,188.355,187.804,187.263,186.73,186.205,185.689,185.18,184.679,184.186,183.699,183.22,182.747,182.281,181.822,181.368,180.92,180.479,180.043,179.612,179.187,178.767,178.352,177.942,177.537,177.137,176.741,176.35,175.963
355.023,353.184,351.288,349.329,347.302,345.2,343.015,340.74,338.362,335.87,333.249,330.48,327.54,324.401,321.026,317.369,313.367,308.936,303.964,298.303,291.783,284.305,276.1,267.951,260.693,254.591,249.502,245.196,241.486,238.232,235.335,232.725,230.348,228.164,226.143,224.262,222.501,220.845,219.281,217.799,216.391,215.048,213.765,212.536,211.357,210.223,209.13,208.077,207.059,206.074,205.12,204.195,203.297,202.425,201.576,200.75,199.946,199.161,198.396,197.649,196.919,196.205,195.507,194.824,194.155,193.5,192.858,192.228,191.61,191.004,190.409,189.824,189.25,188.686,188.131,187.585,187.048,186.52,186,185.488,184.983,184.486,183.997,183.514,183.039,182.569,182.107,181.65,181.2,180.756,180.317,179.884,179.456,179.034,178.616,178.204,177.797,177.394,176.997,176.603,176.214
355.443,353.62,351.742,349.802,347.796,345.718,343.56,341.313,338.969,336.514,333.935,331.215,328.333,325.262,321.969,318.412,314.534,310.26,305.492,300.099,293.921,286.83,278.915,270.76,263.23,256.789,251.399,246.855,242.958,239.557,236.542,233.835,231.377,229.125,227.046,225.114,223.309,221.614,220.016,218.503,217.067,215.699,214.393,213.143,211.944,210.792,209.683,208.614,207.582,206.583,205.617,204.68,203.771,202.888,202.03,201.194,200.381,199.588,198.815,198.06,197.322,196.602,195.897,195.208,194.533,193.872,193.224,192.589,191.966,191.355,190.755,190.165,189.587,189.018,188.459,187.909,187.368,186.836,186.312,185.796,185.289,184.788,184.295,183.81,183.331,182.859,182.393,181.934,181.481,181.034,180.592,180.156,179.726,179.301,178.882,178.467,178.058,177.653,177.253,176.857,176.466
355.859,354.052,352.19,350.27,348.285,346.229,344.096,341.878,339.565,337.146,334.608,331.935,329.107,326.1,322.884,319.42,315.656,311.528,306.945,301.792,295.924,289.201,281.618,273.566,265.846,259.083,253.384,248.586,244.489,240.929,237.787,234.976,232.433,230.109,227.969,225.984,224.133,222.398,220.763,219.218,217.753,216.359,215.029,213.757,212.539,211.368,210.242,209.157,208.11,207.098,206.119,205.17,204.249,203.356,202.487,201.642,200.82,200.018,199.237,198.474,197.729,197.002,196.29,195.594,194.913,194.246,193.592,192.952,192.324,191.707,191.102,190.508,189.925,189.352,188.788,188.234,187.69,187.154,186.626,186.107,185.595,185.092,184.595,184.106,183.624,183.149,182.681,182.219,181.763,181.313,180.869,180.43,179.998,179.57,179.148,178.731,178.319,177.912,177.51,177.112,176.719
356.27,354.479,352.634,350.732,348.767,346.733,344.625,342.434,340.151,337.767,335.268,332.639,329.863,326.917,323.773,320.396,316.739,312.743,308.329,303.394,297.806,291.426,284.191,276.331,268.517,261.469,255.458,250.392,246.08,242.35,239.073,236.152,233.518,231.118,228.913,226.873,224.973,223.195,221.524,219.945,218.45,217.029,215.674,214.38,213.14,211.951,210.807,209.706,208.644,207.618,206.625,205.664,204.732,203.827,202.949,202.094,201.262,200.452,199.662,198.891,198.139,197.404,196.686,195.983,195.296,194.623,193.963,193.317,192.683,192.062,191.452,190.853,190.265,189.687,189.12,188.562,188.013,187.473,186.941,186.418,185.903,185.396,184.897,184.405,183.919,183.441,182.969,182.504,182.046,181.593,181.146,180.705,180.27,179.84,179.416,178.996,178.582,178.173,177.768,177.368,176.973
356.677,354.901,353.073,351.188,349.243,347.231,345.146,342.981,340.728,338.377,335.915,333.329,330.603,327.714,324.638,321.342,317.784,313.911,309.651,304.913,299.579,293.515,286.626,279.021,271.212,263.936,257.621,252.276,247.735,243.824,240.401,237.363,234.632,232.152,229.879,227.78,225.83,224.008,222.297,220.684,219.157,217.708,216.328,215.011,213.75,212.541,211.379,210.261,209.184,208.143,207.137,206.163,205.219,204.303,203.414,202.549,201.708,200.889,200.09,199.312,198.552,197.809,197.084,196.375,195.681,195.001,194.336,193.684,193.045,192.418,191.803,191.2,190.607,190.025,189.453,188.89,188.337,187.793,187.258,186.732,186.213,185.702,185.199,184.704,184.216,183.734,183.259,182.791,182.33,181.874,181.425,180.981,180.543,180.111,179.684,179.262,178.846,178.434,178.027,177.625,177.228
357.08,355.319,353.507,351.64,349.713,347.722,345.66,343.521,341.296,338.976,336.55,334.006,331.326,328.492,325.48,322.26,318.795,315.035,310.917,306.359,301.255,295.48,288.924,281.611,273.898,266.467,259.87,254.24,249.459,245.353,241.775,238.612,235.778,233.213,230.868,228.708,226.705,224.836,223.084,221.435,219.876,218.398,216.991,215.65,214.367,213.138,211.958,210.823,209.729,208.674,207.654,206.667,205.711,204.783,203.883,203.008,202.158,201.329,200.522,199.735,198.967,198.217,197.485,196.769,196.068,195.383,194.711,194.054,193.409,192.777,192.157,191.548,190.951,190.364,189.788,189.221,188.664,188.116,187.577,187.046,186.524,186.01,185.503,185.005,184.513,184.028,183.551,183.08,182.615,182.157,181.705,181.258,180.818,180.383,179.953,179.529,179.11,178.696,178.287,177.883,177.484
357.479,355.733,353.936,352.086,350.178,348.207,346.167,344.053,341.855,339.566,337.175,334.669,332.034,329.252,326.301,323.153,319.774,316.119,312.132,307.738,302.843,297.331,291.089,284.085,276.543,269.04,262.199,256.286,251.253,246.941,243.198,239.9,236.958,234.302,231.881,229.656,227.597,225.68,223.886,222.199,220.606,219.098,217.664,216.298,214.992,213.743,212.543,211.39,210.28,209.21,208.176,207.175,206.207,205.268,204.357,203.472,202.611,201.773,200.957,200.162,199.386,198.629,197.889,197.166,196.459,195.767,195.089,194.426,193.775,193.138,192.513,191.899,191.297,190.705,190.124,189.553,188.992,188.44,187.897,187.362,186.837,186.319,185.809,185.307,184.812,184.324,183.843,183.369,182.902,182.44,181.985,181.536,181.093,180.656,180.224,179.797,179.376,178.959,178.548,178.142,177.74
357.875,356.142,354.361,352.527,350.637,348.686,346.668,344.577,342.406,340.146,337.788,335.32,332.728,329.995,327.101,324.021,320.723,317.166,313.299,309.057,304.352,299.081,293.131,286.437,279.119,271.628,264.595,258.412,253.12,248.591,244.671,241.231,238.172,235.42,232.919,230.626,228.509,226.541,224.702,222.976,221.348,219.808,218.346,216.955,215.626,214.355,213.136,211.965,210.838,209.751,208.703,207.689,206.708,205.757,204.834,203.939,203.068,202.221,201.396,200.592,199.808,199.042,198.295,197.565,196.851,196.153,195.469,194.8,194.144,193.501,192.87,192.252,191.644,191.048,190.463,189.887,189.322,188.765,188.218,187.68,187.151,186.629,186.116,185.61,185.112,184.621,184.137,183.66,183.189,182.725,182.267,181.816,181.37,180.93,180.495,180.066,179.642,179.224,178.81,178.401,177.997
358.266,356.547,354.781,352.963,351.091,349.159,347.161,345.094,342.948,340.717,338.391,335.959,333.408,330.722,327.883,324.867,321.644,318.179,314.424,310.32,305.79,300.738,295.057,288.665,281.605,274.203,267.044,260.614,255.061,250.304,246.197,242.606,239.424,236.57,233.984,231.619,229.44,227.419,225.534,223.767,222.103,220.53,219.039,217.621,216.268,214.975,213.735,212.546,211.401,210.299,209.235,208.208,207.213,206.25,205.316,204.41,203.529,202.672,201.837,201.025,200.232,199.459,198.705,197.967,197.247,196.542,195.852,195.176,194.515,193.866,193.23,192.606,191.994,191.393,190.803,190.223,189.653,189.093,188.542,187.999,187.466,186.941,186.424,185.915,185.413,184.919,184.432,183.952,183.478,183.011,182.551,182.096,181.647,181.205,180.768,180.336,179.91,179.489,179.073,178.662,178.256
358.654,356.949,355.197,353.395,351.539,349.626,347.649,345.604,343.483,341.279,338.984,336.586,334.075,331.434,328.646,325.691,322.54,319.16,315.509,311.533,307.163,302.311,296.878,290.773,283.988,276.738,269.524,262.884,257.076,252.084,247.78,244.028,240.714,237.752,235.076,232.636,230.392,228.316,226.382,224.572,222.87,221.264,219.742,218.296,216.919,215.602,214.342,213.134,211.972,210.853,209.774,208.732,207.724,206.748,205.803,204.885,203.993,203.126,202.283,201.461,200.661,199.879,199.117,198.372,197.645,196.933,196.237,195.555,194.887,194.233,193.592,192.963,192.346,191.74,191.145,190.56,189.986,189.421,188.866,188.32,187.783,187.254,186.734,186.221,185.716,185.218,184.728,184.245,183.768,183.298,182.835,182.377,181.926,181.481,181.041,180.607,180.178,179.755,179.336,178.923,178.515
359.039,357.346,355.608,353.822,351.983,350.087,348.13,346.107,344.01,341.833,339.567,337.203,334.729,332.131,329.393,326.495,323.411,320.112,316.558,312.7,308.477,303.808,298.603,292.767,286.261,279.21,272.012,265.211,259.163,253.932,249.421,245.498,242.045,238.969,236.198,233.678,231.366,229.231,227.246,225.392,223.651,222.009,220.456,218.982,217.578,216.239,214.957,213.728,212.548,211.412,210.318,209.261,208.24,207.251,206.293,205.364,204.462,203.585,202.732,201.901,201.092,200.303,199.532,198.78,198.045,197.327,196.624,195.936,195.263,194.603,193.956,193.321,192.699,192.088,191.489,190.9,190.321,189.752,189.193,188.643,188.102,187.569,187.045,186.529,186.02,185.519,185.026,184.539,184.06,183.587,183.12,182.66,182.206,181.758,181.316,180.879,180.448,180.022,179.601,179.186,178.775
359.419,357.74,356.016,354.244,352.421,350.544,348.606,346.603,344.53,342.378,340.141,337.809,335.371,332.814,330.123,327.28,324.26,321.036,317.573,313.825,309.737,305.237,300.24,294.655,288.422,281.6,274.485,267.58,261.316,255.847,251.123,247.02,243.42,240.222,237.351,234.746,232.363,230.166,228.128,226.227,224.445,222.767,221.181,219.677,218.247,216.883,215.58,214.33,213.131,211.978,210.867,209.796,208.76,207.759,206.789,205.848,204.935,204.047,203.185,202.345,201.526,200.729,199.951,199.191,198.449,197.724,197.014,196.32,195.64,194.974,194.322,193.682,193.055,192.439,191.834,191.241,190.657,190.084,189.521,188.967,188.422,187.885,187.357,186.837,186.326,185.821,185.324,184.835,184.352,183.876,183.407,182.944,182.487,182.036,181.591,181.152,180.718,180.29,179.867,179.449,179.036
359.797,358.13,356.419,354.662,352.855,350.995,349.076,347.093,345.042,342.916,340.706,338.405,336.002,333.484,330.838,328.046,325.087,321.935,318.556,314.911,310.948,306.603,301.797,296.445,290.475,283.898,276.919,269.973,263.528,257.83,252.886,248.596,244.839,241.513,238.535,235.841,233.383,231.122,229.028,227.079,225.254,223.538,221.918,220.384,218.926,217.537,216.21,214.94,213.722,212.551,211.423,210.336,209.286,208.271,207.288,206.336,205.411,204.514,203.641,202.792,201.964,201.158,200.372,199.605,198.855,198.123,197.407,196.706,196.02,195.348,194.69,194.045,193.412,192.791,192.182,191.584,190.996,190.418,189.85,189.292,188.743,188.203,187.671,187.148,186.632,186.125,185.625,185.132,184.646,184.167,183.695,183.229,182.769,182.315,181.868,181.426,180.99,180.559,180.133,179.713,179.298
360.171,358.516,356.819,355.076,353.284,351.44,349.54,347.577,345.548,343.445,341.263,338.991,336.621,334.142,331.539,328.796,325.894,322.809,319.51,315.96,312.114,307.911,303.282,298.144,292.423,286.097,279.294,272.368,265.788,259.876,254.712,250.226,246.306,242.844,239.753,236.966,234.428,232.099,229.947,227.946,226.077,224.321,222.666,221.1,219.614,218.199,216.849,215.557,214.319,213.129,211.985,210.882,209.818,208.789,207.793,206.828,205.892,204.984,204.101,203.242,202.406,201.591,200.797,200.021,199.264,198.525,197.802,197.095,196.403,195.725,195.061,194.41,193.772,193.146,192.531,191.928,191.336,190.754,190.182,189.619,189.066,188.522,187.987,187.46,186.941,186.43,185.926,185.43,184.941,184.459,183.984,183.515,183.052,182.596,182.146,181.701,181.262,180.829,180.401,179.978,179.561
360.541,358.899,357.214,355.486,353.709,351.881,349.998,348.055,346.047,343.968,341.811,339.568,337.23,334.787,332.225,329.53,326.682,323.66,320.436,316.976,313.238,309.168,304.701,299.761,294.273,288.195,281.596,274.746,268.08,261.98,256.6,251.914,247.822,244.217,241.007,238.12,235.499,233.099,230.885,228.832,226.915,225.119,223.427,221.828,220.312,218.871,217.496,216.182,214.923,213.715,212.553,211.434,210.354,209.311,208.302,207.325,206.378,205.458,204.565,203.696,202.851,202.027,201.224,200.441,199.676,198.93,198.2,197.486,196.787,196.103,195.434,194.777,194.134,193.502,192.883,192.275,191.678,191.091,190.515,189.948,189.391,188.843,188.304,187.773,187.25,186.736,186.229,185.729,185.237,184.752,184.274,183.802,183.337,182.877,182.424,181.977,181.536,181.1,180.67,180.244,179.825
360.909,359.278,357.606,355.891,354.129,352.317,350.452,348.527,346.54,344.483,342.351,340.136,337.829,335.421,332.898,330.248,327.452,324.49,321.337,317.961,314.323,310.376,306.058,301.302,296.031,290.193,283.814,277.086,270.39,264.134,258.548,253.658,249.388,245.632,242.298,239.306,236.596,234.121,231.844,229.735,227.77,225.93,224.201,222.568,221.021,219.552,218.152,216.815,215.535,214.307,213.127,211.992,210.896,209.839,208.817,207.827,206.867,205.937,205.033,204.154,203.299,202.466,201.655,200.864,200.091,199.337,198.6,197.879,197.174,196.484,195.809,195.146,194.497,193.861,193.236,192.623,192.022,191.431,190.85,190.279,189.718,189.165,188.622,188.088,187.562,187.043,186.533,186.03,185.535,185.047,184.565,184.09,183.622,183.16,182.704,182.254,181.81,181.372,180.939,180.512,180.089
361.273,359.654,357.994,356.293,354.545,352.749,350.9,348.994,347.026,344.992,342.884,340.696,338.419,336.044,333.559,330.951,328.205,325.3,322.214,318.917,315.373,311.539,307.361,302.773,297.705,292.096,285.943,279.372,272.698,266.327,260.552,255.461,251.006,247.093,243.627,240.524,237.722,235.169,232.824,230.656,228.641,226.756,224.987,223.319,221.741,220.243,218.817,217.456,216.155,214.907,213.708,212.556,211.444,210.372,209.336,208.333,207.362,206.419,205.505,204.616,203.751,202.909,202.089,201.289,200.509,199.747,199.003,198.276,197.564,196.868,196.186,195.518,194.863,194.221,193.592,192.974,192.367,191.772,191.186,190.611,190.046,189.489,188.942,188.404,187.874,187.352,186.839,186.332,185.834,185.342,184.858,184.38,183.909,183.444,182.985,182.533,182.086,181.645,181.21,180.78,180.355
361.634,360.026,358.379,356.69,354.957,353.176,351.343,349.455,347.507,345.494,343.409,341.247,338.999,336.656,334.207,331.641,328.942,326.091,323.068,319.845,316.39,312.662,308.612,304.18,299.3,293.909,287.981,281.592,274.988,268.547,262.607,257.319,252.677,248.601,244.996,241.778,238.878,236.241,233.826,231.597,229.529,227.598,225.787,224.083,222.472,220.944,219.491,218.106,216.782,215.514,214.296,213.126,211.998,210.911,209.86,208.844,207.86,206.906,205.98,205.081,204.207,203.355,202.526,201.718,200.93,200.161,199.409,198.675,197.956,197.254,196.566,195.892,195.232,194.584,193.949,193.326,192.715,192.114,191.525,190.945,190.375,189.815,189.264,188.722,188.188,187.663,187.145,186.636,186.134,185.639,185.151,184.671,184.197,183.729,183.267,182.812,182.363,181.919,181.481,181.049,180.622
361.992,360.395,358.76,357.084,355.365,353.598,351.781,349.911,347.981,345.989,343.927,341.79,339.57,337.258,334.844,332.317,329.663,326.864,323.9,320.748,317.375,313.747,309.816,305.53,300.823,295.636,289.928,283.736,277.242,270.779,264.704,259.232,254.402,250.156,246.406,243.066,240.064,237.341,234.851,232.559,230.434,228.455,226.602,224.859,223.214,221.655,220.175,218.764,217.417,216.128,214.891,213.702,212.558,211.455,210.39,209.36,208.364,207.398,206.461,205.55,204.666,203.805,202.967,202.15,201.354,200.577,199.818,199.076,198.351,197.642,196.948,196.268,195.602,194.949,194.309,193.681,193.064,192.459,191.865,191.281,190.707,190.142,189.587,189.041,188.504,187.975,187.454,186.941,186.435,185.937,185.447,184.963,184.486,184.015,183.551,183.093,182.641,182.194,181.754,181.319,180.889
362.348,360.762,359.138,357.474,355.768,354.016,352.215,350.361,348.45,346.478,344.438,342.325,340.132,337.85,335.47,332.981,330.369,327.619,324.713,321.626,318.332,314.796,310.977,306.825,302.28,297.283,291.787,285.799,279.446,273.006,266.834,261.194,256.179,251.761,247.86,244.392,241.282,238.467,235.9,233.541,231.359,229.329,227.431,225.648,223.968,222.378,220.868,219.432,218.061,216.749,215.492,214.285,213.124,212.005,210.925,209.881,208.872,207.893,206.945,206.024,205.129,204.258,203.411,202.586,201.781,200.996,200.229,199.481,198.749,198.033,197.332,196.646,195.974,195.316,194.67,194.037,193.416,192.806,192.206,191.618,191.04,190.471,189.912,189.362,188.821,188.288,187.763,187.247,186.738,186.237,185.743,185.256,184.776,184.302,183.835,183.374,182.919,182.471,182.027,181.59,181.158
362.7,361.125,359.512,357.861,356.168,354.43,352.644,350.807,348.914,346.961,344.942,342.853,340.685,338.432,336.085,333.632,331.061,328.359,325.506,322.482,319.262,315.813,312.098,308.07,303.676,298.857,293.562,287.78,281.589,275.213,268.984,263.2,258.007,253.414,249.358,245.757,242.533,239.623,236.974,234.545,232.302,230.219,228.275,226.451,224.734,223.111,221.572,220.108,218.713,217.379,216.101,214.875,213.696,212.561,211.465,210.408,209.384,208.394,207.433,206.501,205.596,204.715,203.859,203.024,202.211,201.418,200.644,199.888,199.149,198.426,197.719,197.027,196.349,195.685,195.034,194.395,193.769,193.154,192.55,191.957,191.374,190.801,190.238,189.684,189.139,188.603,188.075,187.555,187.042,186.538,186.04,185.55,185.067,184.591,184.121,183.657,183.199,182.748,182.302,181.862,181.428
363.049,361.484,359.883,358.244,356.564,354.84,353.069,351.247,349.372,347.438,345.44,343.373,341.231,339.006,336.69,334.272,331.741,329.083,326.281,323.317,320.166,316.799,313.182,309.27,305.016,300.362,295.258,289.677,283.664,277.387,271.142,265.241,259.883,255.117,250.901,247.161,243.819,240.809,238.074,235.571,233.265,231.127,229.134,227.268,225.513,223.856,222.286,220.794,219.373,218.016,216.717,215.472,214.275,213.122,212.011,210.939,209.902,208.899,207.926,206.983,206.067,205.176,204.31,203.467,202.645,201.843,201.061,200.298,199.551,198.822,198.108,197.41,196.726,196.056,195.4,194.756,194.124,193.504,192.896,192.298,191.711,191.134,190.566,190.008,189.459,188.919,188.387,187.863,187.348,186.84,186.339,185.846,185.36,184.88,184.407,183.941,183.48,183.026,182.578,182.135,181.698
363.396,361.841,360.251,358.624,356.956,355.245,353.489,351.683,349.824,347.909,345.932,343.887,341.769,339.571,337.284,334.9,332.407,329.792,327.04,324.132,321.047,317.757,314.23,310.428,306.303,301.804,296.879,291.494,285.665,279.515,273.293,267.31,261.803,256.867,252.49,248.607,245.141,242.025,239.201,236.622,234.249,232.054,230.01,228.099,226.305,224.612,223.01,221.49,220.043,218.662,217.341,216.075,214.86,213.69,212.563,211.476,210.425,209.408,208.424,207.469,206.542,205.641,204.765,203.912,203.081,202.272,201.481,200.71,199.957,199.22,198.5,197.796,197.106,196.43,195.768,195.118,194.481,193.856,193.243,192.641,192.049,191.467,190.896,190.334,189.781,189.237,188.701,188.174,187.655,187.143,186.64,186.143,185.654,185.171,184.695,184.226,183.763,183.306,182.855,182.409,181.97
363.74,362.195,360.616,359,357.344,355.647,353.904,352.114,350.272,348.375,346.417,344.394,342.299,340.127,337.87,335.518,333.061,330.487,327.782,324.928,321.905,318.688,315.247,311.546,307.542,303.188,298.431,293.232,287.59,281.587,275.424,269.394,263.76,258.664,254.125,250.094,246.5,243.274,240.356,237.696,235.254,232.999,230.903,228.946,227.11,225.38,223.746,222.196,220.722,219.316,217.973,216.686,215.451,214.264,213.121,212.018,210.953,209.923,208.925,207.959,207.02,206.109,205.223,204.361,203.521,202.703,201.905,201.126,200.365,199.622,198.895,198.184,197.487,196.806,196.138,195.483,194.841,194.211,193.592,192.985,192.389,191.803,191.227,190.661,190.104,189.556,189.016,188.486,187.963,187.448,186.941,186.441,185.949,185.463,184.984,184.512,184.046,183.586,183.132,182.685,182.242
364.081,362.547,360.978,359.373,357.729,356.045,354.316,352.541,350.715,348.835,346.896,344.894,342.823,340.676,338.446,336.125,333.703,331.169,328.508,325.705,322.741,319.593,316.233,312.627,308.737,304.517,299.918,294.897,289.44,283.596,277.523,271.482,265.748,260.503,255.804,251.623,247.897,244.556,241.54,238.796,236.282,233.964,231.813,229.808,227.929,226.161,224.493,222.912,221.41,219.979,218.612,217.304,216.05,214.844,213.684,212.566,211.486,210.442,209.432,208.453,207.503,206.581,205.685,204.813,203.965,203.138,202.331,201.544,200.776,200.025,199.292,198.574,197.871,197.184,196.51,195.85,195.202,194.567,193.943,193.332,192.731,192.14,191.56,190.989,190.428,189.876,189.333,188.799,188.273,187.754,187.244,186.741,186.245,185.756,185.274,184.799,184.33,183.868,183.411,182.961,182.516
364.42,362.895,361.336,359.742,358.111,356.439,354.724,352.963,351.153,349.29,347.37,345.388,343.339,341.216,339.013,336.723,334.334,331.838,329.22,326.466,323.558,320.475,317.191,313.675,309.891,305.796,301.344,296.492,291.215,285.538,279.579,273.561,267.757,262.381,257.527,253.195,249.332,245.873,242.754,239.922,237.333,234.949,232.741,230.685,228.762,226.955,225.251,223.639,222.108,220.651,219.26,217.93,216.655,215.431,214.254,213.119,212.024,210.967,209.943,208.952,207.991,207.058,206.151,205.269,204.411,203.576,202.761,201.966,201.19,200.432,199.691,198.967,198.258,197.564,196.884,196.218,195.565,194.925,194.297,193.68,193.074,192.479,191.894,191.32,190.755,190.199,189.652,189.114,188.584,188.062,187.548,187.042,186.542,186.051,185.566,185.087,184.616,184.15,183.691,183.238,182.791
364.756,363.24,361.692,360.109,358.489,356.829,355.127,353.381,351.586,349.74,347.838,345.875,343.848,341.749,339.572,337.311,334.955,332.494,329.917,327.21,324.356,321.334,318.122,314.69,311.005,307.028,302.714,298.021,292.918,287.412,281.585,275.621,269.778,264.291,259.292,254.809,250.807,247.225,244,241.076,238.407,235.955,233.688,231.58,229.61,227.763,226.022,224.376,222.816,221.332,219.916,218.564,217.268,216.025,214.83,213.678,212.568,211.496,210.459,209.455,208.482,207.538,206.621,205.729,204.862,204.017,203.193,202.39,201.607,200.841,200.093,199.362,198.647,197.947,197.261,196.589,195.931,195.285,194.652,194.03,193.419,192.82,192.231,191.652,191.082,190.522,189.972,189.43,188.896,188.371,187.853,187.344,186.841,186.346,185.858,185.377,184.902,184.434,183.972,183.516,183.067
365.089,363.583,362.045,360.472,358.863,357.216,355.527,353.794,352.015,350.185,348.3,346.357,344.35,342.274,340.123,337.889,335.565,333.139,330.602,327.939,325.136,322.173,319.028,315.676,312.084,308.217,304.033,299.489,294.552,289.215,283.533,277.651,271.8,266.226,261.094,256.465,252.322,248.612,245.277,242.258,239.507,236.983,234.653,232.491,230.474,228.584,226.805,225.125,223.534,222.022,220.581,219.205,217.888,216.625,215.412,214.244,213.118,212.031,210.98,209.963,208.978,208.022,207.094,206.193,205.315,204.461,203.629,202.818,202.026,201.253,200.498,199.76,199.038,198.332,197.64,196.963,196.298,195.647,195.009,194.382,193.767,193.162,192.569,191.985,191.412,190.848,190.293,189.747,189.21,188.681,188.16,187.647,187.141,186.643,186.152,185.668,185.19,184.719,184.254,183.796,183.343
365.42,363.923,362.395,360.833,359.235,357.599,355.923,354.204,352.439,350.625,348.757,346.833,344.846,342.793,340.666,338.459,336.165,333.773,331.273,328.653,325.898,322.991,319.911,316.634,313.13,309.366,305.302,300.899,296.121,290.95,285.42,279.64,273.813,268.179,262.93,258.159,253.875,250.037,246.587,243.469,240.632,238.033,235.639,233.42,231.353,229.419,227.601,225.886,224.263,222.722,221.255,219.855,218.516,217.233,216,214.815,213.673,212.571,211.506,210.476,209.478,208.511,207.572,206.66,205.773,204.909,204.068,203.249,202.449,201.668,200.906,200.161,199.432,198.719,198.021,197.338,196.668,196.012,195.368,194.736,194.116,193.507,192.908,192.321,191.743,191.175,190.616,190.066,189.525,188.993,188.468,187.952,187.443,186.941,186.447,185.96,185.479,185.005,184.538,184.076,183.621
365.749,364.261,362.742,361.19,359.603,357.979,356.315,354.609,352.859,351.06,349.209,347.303,345.336,343.304,341.201,339.021,336.755,334.396,331.932,329.353,326.645,323.791,320.772,317.565,314.144,310.477,306.527,302.256,297.627,292.618,287.243,281.583,275.806,270.14,264.793,259.891,255.468,251.499,247.931,244.709,241.783,239.107,236.646,234.368,232.249,230.269,228.41,226.658,225.002,223.432,221.938,220.513,219.152,217.847,216.596,215.393,214.234,213.116,212.037,210.994,209.983,209.004,208.054,207.131,206.234,205.361,204.511,203.682,202.875,202.086,201.316,200.564,199.829,199.109,198.405,197.716,197.04,196.378,195.729,195.092,194.466,193.853,193.25,192.658,192.076,191.503,190.941,190.387,189.842,189.306,188.778,188.258,187.746,187.241,186.743,186.253,185.769,185.293,184.822,184.358,183.9
366.075,364.596,363.086,361.544,359.968,358.355,356.704,355.011,353.274,351.491,349.656,347.768,345.82,343.809,341.729,339.574,337.336,335.008,332.58,330.04,327.376,324.572,321.612,318.472,315.129,311.553,307.71,303.563,299.076,294.222,289.003,283.473,277.77,272.1,266.678,261.657,257.099,252.997,249.309,245.981,242.962,240.205,237.674,235.334,233.162,231.134,229.233,227.443,225.753,224.152,222.63,221.18,219.795,218.469,217.198,215.976,214.801,213.667,212.574,211.516,210.493,209.501,208.54,207.606,206.698,205.816,204.957,204.119,203.303,202.507,201.73,200.97,200.228,199.502,198.791,198.096,197.414,196.746,196.092,195.449,194.819,194.201,193.593,192.996,192.41,191.834,191.267,190.709,190.16,189.62,189.089,188.565,188.05,187.542,187.041,186.547,186.061,185.581,185.108,184.641,184.18
366.399,364.929,363.428,361.896,360.33,358.728,357.089,355.409,353.686,351.917,350.098,348.227,346.298,344.308,342.25,340.119,337.909,335.611,333.216,330.714,328.092,325.337,322.431,319.356,316.086,312.596,308.853,304.823,300.47,295.765,290.699,285.308,279.698,274.05,268.576,263.451,258.765,254.532,250.721,247.284,244.168,241.328,238.723,236.32,234.092,232.014,230.069,228.241,226.515,224.882,223.332,221.855,220.446,219.099,217.807,216.567,215.374,214.224,213.115,212.044,211.007,210.003,209.03,208.085,207.167,206.274,205.406,204.56,203.735,202.931,202.146,201.379,200.629,199.897,199.18,198.478,197.79,197.117,196.457,195.809,195.174,194.55,193.938,193.337,192.746,192.165,191.594,191.033,190.48,189.936,189.401,188.874,188.355,187.844,187.34,186.843,186.353,185.87,185.394,184.924,184.461
366.72,365.259,363.767,362.245,360.689,359.098,357.47,355.803,354.093,352.339,350.536,348.681,346.77,344.8,342.764,340.657,338.473,336.203,333.841,331.375,328.794,326.085,323.232,320.217,317.018,313.608,309.96,306.039,301.813,297.249,292.333,287.084,281.582,275.98,270.48,265.269,260.464,256.103,252.169,248.619,245.404,242.477,239.796,237.327,235.04,232.911,230.92,229.051,227.29,225.624,224.043,222.54,221.106,219.736,218.423,217.164,215.953,214.787,213.662,212.576,211.526,210.509,209.524,208.568,207.639,206.737,205.858,205.003,204.17,203.358,202.565,201.79,201.034,200.294,199.571,198.862,198.169,197.49,196.824,196.171,195.531,194.902,194.285,193.679,193.084,192.499,191.924,191.358,190.801,190.254,189.715,189.184,188.662,188.147,187.64,187.14,186.647,186.161,185.682,185.209,184.743
367.039,365.586,364.104,362.591,361.045,359.465,357.849,356.193,354.497,352.756,350.968,349.13,347.237,345.286,343.271,341.187,339.028,336.787,334.456,332.025,329.483,326.818,324.016,321.058,317.924,314.592,311.032,307.215,303.107,298.678,293.907,288.801,283.418,277.883,272.382,267.105,262.193,257.708,253.65,249.986,246.669,243.651,240.892,238.354,236.006,233.824,231.786,229.875,228.076,226.376,224.765,223.234,221.775,220.381,219.047,217.768,216.538,215.355,214.215,213.114,212.05,211.02,210.023,209.055,208.116,207.203,206.315,205.45,204.608,203.787,202.986,202.204,201.441,200.694,199.964,199.249,198.55,197.865,197.193,196.535,195.889,195.256,194.634,194.023,193.423,192.834,192.254,191.685,191.124,190.573,190.03,189.496,188.97,188.452,187.941,187.438,186.942,186.453,185.971,185.495,185.026
367.356,365.911,364.438,362.934,361.398,359.829,358.224,356.58,354.896,353.17,351.397,349.574,347.699,345.766,343.772,341.71,339.576,337.362,335.06,332.663,330.159,327.537,324.782,321.879,318.808,315.548,312.073,308.353,304.357,300.055,295.423,290.459,285.202,279.752,274.272,268.952,263.947,259.345,255.165,251.385,247.963,244.853,242.012,239.402,236.992,234.755,232.668,230.713,228.875,227.14,225.497,223.937,222.452,221.034,219.678,218.378,217.13,215.93,214.773,213.657,212.579,211.536,210.526,209.546,208.596,207.672,206.775,205.901,205.05,204.22,203.411,202.622,201.85,201.097,200.36,199.639,198.933,198.242,197.565,196.901,196.25,195.611,194.985,194.369,193.765,193.171,192.587,192.013,191.449,190.893,190.347,189.809,189.279,188.758,188.244,187.737,187.238,186.746,186.261,185.783,185.311
367.671,366.234,364.769,363.275,361.749,360.189,358.595,356.964,355.292,353.579,351.82,350.013,348.155,346.24,344.266,342.226,340.116,337.928,335.656,333.29,330.822,328.241,325.532,322.681,319.67,316.479,313.083,309.455,305.565,301.383,296.885,292.06,286.933,281.581,276.144,270.802,265.721,261.012,256.713,252.817,249.288,246.082,243.157,240.473,237.998,235.703,233.565,231.565,229.687,227.915,226.24,224.65,223.138,221.695,220.317,218.996,217.729,216.51,215.337,214.205,213.113,212.056,211.033,210.042,209.08,208.146,207.238,206.355,205.494,204.656,203.839,203.042,202.263,201.502,200.758,200.031,199.319,198.621,197.938,197.269,196.613,195.969,195.337,194.717,194.108,193.509,192.921,192.343,191.774,191.215,190.665,190.123,189.59,189.065,188.548,188.038,187.536,187.041,186.552,186.071,185.596
367.984,366.555,365.098,363.613,362.096,360.547,358.964,357.343,355.684,353.984,352.24,350.448,348.606,346.709,344.754,342.736,340.648,338.486,336.242,333.907,331.474,328.931,326.267,323.466,320.512,317.385,314.064,310.523,306.733,302.666,298.294,293.605,288.609,283.366,277.99,272.648,267.51,262.704,258.292,254.281,250.644,247.339,244.327,241.566,239.023,236.669,234.479,232.432,230.512,228.703,226.994,225.373,223.833,222.365,220.963,219.621,218.334,217.097,215.907,214.76,213.652,212.581,211.546,210.542,209.568,208.623,207.705,206.812,205.943,205.096,204.27,203.464,202.678,201.91,201.159,200.425,199.706,199.003,198.314,197.639,196.977,196.328,195.691,195.066,194.452,193.849,193.257,192.675,192.102,191.539,190.985,190.439,189.902,189.374,188.853,188.34,187.834,187.336,186.845,186.36,185.883
368.294,366.873,365.425,363.948,362.441,360.902,359.329,357.72,356.073,354.386,352.655,350.878,349.052,347.173,345.236,343.238,341.173,339.036,336.819,334.514,332.115,329.609,326.987,324.233,321.334,318.269,315.019,311.56,307.864,303.905,299.654,295.096,290.231,285.103,279.804,274.482,269.307,264.419,259.901,255.776,252.029,248.625,245.523,242.683,240.07,237.654,235.409,233.314,231.35,229.503,227.759,226.107,224.538,223.044,221.618,220.254,218.946,217.691,216.483,215.319,214.196,213.112,212.062,211.046,210.061,209.105,208.176,207.273,206.394,205.538,204.704,203.89,203.096,202.321,201.563,200.822,200.097,199.387,198.692,198.012,197.344,196.69,196.048,195.418,194.799,194.191,193.595,193.008,192.431,191.864,191.306,190.756,190.216,189.684,189.159,188.643,188.134,187.633,187.138,186.651,186.17
368.602,367.189,365.749,364.281,362.783,361.254,359.691,358.093,356.458,354.783,353.066,351.304,349.493,347.631,345.713,343.735,341.692,339.578,337.387,335.112,332.744,330.275,327.693,324.985,322.137,319.131,315.949,312.567,308.961,305.103,300.968,296.535,291.8,286.79,281.581,276.299,271.105,266.15,261.535,257.301,253.445,249.939,246.745,243.823,241.138,238.658,236.357,234.211,232.203,230.315,228.535,226.851,225.252,223.732,222.281,220.894,219.566,218.291,217.065,215.885,214.746,213.647,212.584,211.555,210.558,209.59,208.651,207.738,206.849,205.984,205.141,204.319,203.517,202.734,201.969,201.221,200.49,199.774,199.073,198.386,197.713,197.053,196.406,195.771,195.147,194.535,193.934,193.343,192.762,192.19,191.628,191.075,190.531,189.995,189.467,188.948,188.435,187.931,187.433,186.943,186.459
368.909,367.503,366.071,364.612,363.123,361.603,360.05,358.463,356.84,355.177,353.473,351.725,349.93,348.084,346.184,344.225,342.203,340.112,337.947,335.7,333.363,330.929,328.385,325.721,322.922,319.973,316.855,313.547,310.025,306.264,302.237,297.924,293.316,288.427,283.316,278.091,272.899,267.894,263.192,258.854,254.891,251.282,247.994,244.988,242.228,239.682,237.322,235.125,233.07,231.141,229.324,227.606,225.977,224.428,222.952,221.542,220.192,218.897,217.653,216.456,215.302,214.188,213.111,212.069,211.059,210.08,209.13,208.206,207.308,206.433,205.581,204.751,203.941,203.15,202.378,201.623,200.885,200.162,199.455,198.763,198.084,197.419,196.766,196.126,195.498,194.881,194.275,193.679,193.094,192.518,191.952,191.395,190.847,190.308,189.777,189.253,188.738,188.23,187.729,187.236,186.749
369.213,367.815,366.391,364.94,363.46,361.949,360.407,358.83,357.218,355.568,353.877,352.142,350.362,348.532,346.649,344.709,342.708,340.64,338.499,336.279,333.973,331.571,329.065,326.443,323.691,320.796,317.739,314.5,311.058,307.388,303.465,299.267,294.781,290.014,285.008,279.853,274.681,269.643,264.868,260.433,256.365,252.653,249.27,246.177,243.34,240.726,238.306,236.055,233.952,231.98,230.125,228.372,226.712,225.134,223.632,222.198,220.826,219.511,218.248,217.033,215.863,214.733,213.642,212.587,211.565,210.574,209.612,208.678,207.77,206.886,206.025,205.186,204.368,203.569,202.79,202.028,201.282,200.554,199.84,199.142,198.457,197.786,197.129,196.483,195.85,195.228,194.617,194.017,193.428,192.848,192.278,191.717,191.165,190.622,190.087,189.561,189.042,188.53,188.027,187.53,187.04
369.515,368.125,366.709,365.266,363.794,362.293,360.76,359.194,357.593,355.954,354.276,352.555,350.789,348.975,347.109,345.188,343.206,341.16,339.043,336.849,334.572,332.203,329.732,327.15,324.444,321.6,318.601,315.429,312.062,308.479,304.654,300.566,296.198,291.551,286.655,281.58,276.445,271.393,266.558,262.035,257.866,254.053,250.572,247.392,244.476,241.791,239.308,237.002,234.849,232.833,230.938,229.149,227.457,225.85,224.321,222.862,221.468,220.132,218.849,217.617,216.429,215.284,214.179,213.11,212.075,211.072,210.099,209.154,208.235,207.342,206.472,205.624,204.798,203.991,203.204,202.435,201.683,200.947,200.227,199.523,198.833,198.156,197.493,196.842,196.204,195.577,194.962,194.357,193.763,193.179,192.605,192.04,191.485,190.938,190.399,189.869,189.347,188.832,188.325,187.825,187.333
369.815,368.432,367.024,365.589,364.126,362.634,361.111,359.555,357.965,356.338,354.672,352.964,351.213,349.414,347.564,345.661,343.699,341.673,339.58,337.411,335.162,332.824,330.388,327.844,325.182,322.386,319.443,316.334,313.039,309.538,305.806,301.822,297.568,293.039,288.254,283.27,278.186,273.136,268.258,263.657,259.393,255.479,251.902,248.632,245.634,242.877,240.33,237.966,235.762,233.701,231.764,229.939,228.212,226.575,225.019,223.535,222.117,220.759,219.457,218.206,217.002,215.841,214.721,213.638,212.59,211.574,210.59,209.634,208.705,207.801,206.922,206.066,205.231,204.416,203.621,202.844,202.086,201.343,200.617,199.906,199.21,198.528,197.859,197.203,196.56,195.928,195.308,194.699,194.101,193.512,192.934,192.365,191.805,191.255,190.713,190.179,189.653,189.135,188.625,188.122,187.626
370.114,368.738,367.337,365.91,364.456,362.973,361.459,359.913,358.333,356.718,355.064,353.369,351.631,349.848,348.014,346.128,344.185,342.18,340.109,337.965,335.743,333.435,331.032,328.526,325.905,323.156,320.265,317.216,313.99,310.567,306.924,303.039,298.893,294.479,289.807,284.919,279.899,274.869,269.962,265.296,260.943,256.932,253.258,249.897,246.817,243.985,241.371,238.948,236.691,234.582,232.604,230.74,228.979,227.311,225.726,224.216,222.774,221.395,220.072,218.802,217.58,216.403,215.268,214.17,213.109,212.081,211.084,210.117,209.178,208.265,207.376,206.51,205.667,204.844,204.041,203.257,202.491,201.742,201.009,200.292,199.59,198.902,198.227,197.566,196.918,196.281,195.656,195.042,194.439,193.847,193.264,192.691,192.128,191.573,191.027,190.49,189.961,189.44,188.926,188.42,187.921
370.41,369.041,367.648,366.229,364.783,363.308,361.804,360.268,358.699,357.094,355.452,353.77,352.046,350.277,348.46,346.59,344.665,342.681,340.631,338.512,336.316,334.036,331.666,329.195,326.614,323.91,321.07,318.078,314.917,311.568,308.008,304.218,300.177,295.874,291.313,286.526,281.581,276.584,271.665,266.946,262.513,258.41,254.64,251.188,248.023,245.115,242.432,239.948,237.637,235.479,233.457,231.554,229.758,228.057,226.442,224.906,223.439,222.037,220.694,219.405,218.165,216.971,215.82,214.708,213.633,212.592,211.584,210.605,209.655,208.731,207.833,206.958,206.106,205.275,204.464,203.672,202.899,202.143,201.404,200.68,199.972,199.278,198.598,197.931,197.277,196.636,196.006,195.388,194.78,194.183,193.596,193.019,192.452,191.893,191.344,190.803,190.27,189.745,189.228,188.719,188.217
370.705,369.343,367.957,366.546,365.108,363.642,362.147,360.62,359.061,357.467,355.837,354.168,352.457,350.702,348.9,347.047,345.14,343.175,341.147,339.05,336.88,334.628,332.289,329.852,327.309,324.648,321.857,318.92,315.821,312.542,309.062,305.361,301.42,297.224,292.774,288.09,283.227,278.277,273.362,268.604,264.102,259.91,256.048,252.504,249.253,246.267,243.514,240.966,238.599,236.391,234.323,232.38,230.547,228.814,227.169,225.605,224.113,222.688,221.323,220.014,218.756,217.545,216.378,215.251,214.162,213.108,212.087,211.097,210.136,209.202,208.293,207.409,206.548,205.709,204.89,204.09,203.31,202.547,201.801,201.071,200.356,199.656,198.97,198.298,197.639,196.992,196.358,195.734,195.122,194.521,193.93,193.349,192.777,192.215,191.661,191.117,190.58,190.052,189.532,189.019,188.514
370.998,369.643,368.264,366.86,365.43,363.973,362.486,360.97,359.421,357.838,356.219,354.561,352.864,351.123,349.336,347.499,345.61,343.663,341.656,339.582,337.436,335.211,332.902,330.498,327.992,325.372,322.627,319.742,316.702,313.49,310.086,306.471,302.624,298.532,294.19,289.61,284.835,279.944,275.047,270.265,265.703,261.432,257.479,253.844,250.507,247.441,244.616,242.004,239.579,237.319,235.205,233.219,231.349,229.581,227.905,226.313,224.795,223.346,221.959,220.63,219.353,218.125,216.941,215.799,214.696,213.629,212.595,211.593,210.621,209.676,208.758,207.864,206.994,206.146,205.319,204.511,203.723,202.953,202.2,201.463,200.743,200.037,199.345,198.667,198.003,197.351,196.711,196.083,195.466,194.86,194.265,193.68,193.104,192.538,191.981,191.432,190.892,190.361,189.837,189.321,188.812
371.288,369.94,368.569,367.172,365.75,364.301,362.824,361.316,359.777,358.205,356.597,354.952,353.267,351.539,349.767,347.946,346.074,344.146,342.158,340.106,337.984,335.786,333.505,331.134,328.663,326.083,323.382,320.547,317.563,314.415,311.083,307.549,303.793,299.8,295.562,291.086,286.404,281.581,276.715,271.923,267.315,262.971,258.933,255.209,251.785,248.639,245.74,243.061,240.576,238.263,236.101,234.072,232.163,230.36,228.652,227.03,225.486,224.012,222.603,221.253,219.957,218.71,217.51,216.353,215.235,214.154,213.107,212.093,211.109,210.154,209.225,208.322,207.443,206.586,205.75,204.935,204.139,203.362,202.602,201.859,201.132,200.419,199.722,199.039,198.369,197.711,197.067,196.434,195.812,195.202,194.602,194.012,193.432,192.862,192.301,191.749,191.205,190.67,190.143,189.624,189.112
371.578,370.236,368.872,367.483,366.068,364.628,363.159,361.66,360.131,358.569,356.972,355.338,353.666,351.952,350.193,348.388,346.532,344.622,342.654,340.623,338.524,336.352,334.099,331.758,329.322,326.78,324.121,321.334,318.405,315.317,312.054,308.597,304.927,301.03,296.893,292.52,287.933,283.185,278.363,273.575,268.933,264.526,260.408,256.597,253.087,249.858,246.885,244.138,241.592,239.223,237.011,234.938,232.989,231.149,229.409,227.757,226.185,224.687,223.255,221.883,220.567,219.302,218.085,216.912,215.779,214.684,213.624,212.598,211.602,210.636,209.697,208.784,207.895,207.029,206.185,205.362,204.558,203.773,203.007,202.257,201.523,200.805,200.101,199.412,198.736,198.074,197.424,196.786,196.16,195.545,194.94,194.346,193.762,193.188,192.623,192.067,191.52,190.981,190.451,189.928,189.413
371.865,370.53,369.172,367.791,366.384,364.951,363.491,362.002,360.482,358.93,357.344,355.721,354.061,352.36,350.616,348.826,346.986,345.094,343.144,341.134,339.058,336.909,334.684,332.373,329.969,327.464,324.846,322.105,319.227,316.197,312.999,309.616,306.029,302.222,298.184,293.911,289.421,284.755,279.986,275.216,270.553,266.093,261.901,258.006,254.412,251.101,248.051,245.234,242.625,240.2,237.937,235.819,233.828,231.951,230.177,228.494,226.894,225.37,223.914,222.52,221.184,219.901,218.666,217.476,216.328,215.219,214.146,213.107,212.099,211.122,210.172,209.249,208.35,207.476,206.623,205.791,204.98,204.188,203.414,202.657,201.916,201.192,200.482,199.787,199.106,198.438,197.783,197.14,196.509,195.889,195.281,194.682,194.094,193.516,192.947,192.387,191.836,191.294,190.759,190.233,189.715
372.151,370.822,369.471,368.097,366.698,365.273,363.821,362.34,360.83,359.288,357.712,356.101,354.453,352.765,351.034,349.258,347.435,345.559,343.629,341.638,339.584,337.459,335.26,332.978,330.606,328.136,325.558,322.86,320.031,317.057,313.922,310.609,307.1,303.38,299.436,295.262,290.869,286.288,281.582,276.84,272.169,267.668,263.41,259.436,255.758,252.366,249.239,246.351,243.678,241.194,238.879,236.713,234.68,232.765,230.955,229.241,227.612,226.061,224.581,223.165,221.808,220.505,219.253,218.046,216.883,215.759,214.672,213.62,212.601,211.611,210.651,209.718,208.809,207.925,207.064,206.224,205.405,204.605,203.823,203.06,202.313,201.582,200.866,200.165,199.478,198.805,198.144,197.496,196.86,196.236,195.622,195.02,194.427,193.845,193.272,192.708,192.153,191.607,191.07,190.54,190.018
372.435,371.113,369.768,368.401,367.009,365.592,364.148,362.677,361.175,359.643,358.078,356.478,354.841,353.165,351.448,349.687,347.879,346.02,344.107,342.136,340.103,338.002,335.827,333.573,331.232,328.796,326.256,323.601,320.819,317.897,314.822,311.575,308.142,304.505,300.652,296.574,292.276,287.783,283.147,278.445,273.778,269.247,264.932,260.885,257.126,253.653,250.448,247.488,244.749,242.206,239.837,237.622,235.545,233.59,231.745,229.998,228.34,226.761,225.256,223.817,222.439,221.117,219.846,218.622,217.442,216.304,215.203,214.138,213.106,212.105,211.134,210.19,209.272,208.378,207.508,206.66,205.832,205.025,204.236,203.465,202.711,201.974,201.252,200.545,199.852,199.173,198.508,197.854,197.213,196.584,195.966,195.359,194.762,194.175,193.598,193.031,192.472,191.922,191.381,190.848,190.323
372.717,371.401,370.064,368.703,367.319,365.909,364.474,363.01,361.518,359.995,358.44,356.851,355.226,353.562,351.858,350.111,348.318,346.475,344.58,342.628,340.616,338.537,336.387,334.16,331.848,329.445,326.941,324.326,321.59,318.719,315.7,312.518,309.156,305.599,301.832,297.847,293.644,289.241,284.679,280.027,275.376,270.827,266.465,262.351,258.514,254.961,251.678,248.646,245.839,243.235,240.811,238.546,236.424,234.429,232.547,230.766,229.077,227.471,225.94,224.477,223.077,221.734,220.445,219.204,218.008,216.854,215.739,214.661,213.616,212.603,211.621,210.666,209.738,208.835,207.956,207.099,206.263,205.447,204.651,203.873,203.112,202.368,201.64,200.927,200.228,199.544,198.873,198.214,197.568,196.934,196.311,195.7,195.099,194.508,193.926,193.355,192.792,192.239,191.694,191.157,190.629
372.997,371.688,370.357,369.003,367.626,366.224,364.797,363.342,361.858,360.345,358.8,357.221,355.607,353.956,352.264,350.531,348.752,346.926,345.048,343.114,341.122,339.065,336.939,334.738,332.455,330.083,327.614,325.039,322.346,319.523,316.559,313.438,310.144,306.663,302.979,299.084,294.973,290.66,286.177,281.583,276.959,272.403,268.004,263.83,259.921,256.29,252.93,249.823,246.949,244.282,241.801,239.486,237.317,235.28,233.36,231.545,229.824,228.189,226.632,225.145,223.722,222.359,221.05,219.791,218.579,217.409,216.28,215.188,214.13,213.106,212.111,211.146,210.208,209.295,208.406,207.54,206.696,205.873,205.069,204.283,203.516,202.765,202.03,201.311,200.607,199.917,199.24,198.576,197.925,197.286,196.659,196.042,195.437,194.841,194.256,193.68,193.114,192.557,192.008,191.468,190.936
373.276,371.973,370.648,369.302,367.931,366.537,365.117,363.671,362.196,360.692,359.156,357.588,355.985,354.345,352.667,350.947,349.183,347.371,345.51,343.595,341.621,339.586,337.483,335.307,333.052,330.711,328.276,325.738,323.086,320.311,317.398,314.335,311.107,307.698,304.095,300.286,296.266,292.042,287.641,283.11,278.523,273.972,269.546,265.321,261.344,257.638,254.201,251.021,248.077,245.347,242.808,240.44,238.224,236.144,234.185,232.334,230.581,228.917,227.332,225.821,224.375,222.991,221.662,220.385,219.156,217.97,216.826,215.72,214.649,213.612,212.606,211.63,210.681,209.758,208.86,207.985,207.133,206.301,205.489,204.697,203.922,203.164,202.423,201.698,200.987,200.291,199.609,198.94,198.284,197.64,197.007,196.386,195.776,195.177,194.587,194.008,193.437,192.876,192.324,191.78,191.245
373.554,372.256,370.938,369.598,368.235,366.848,365.436,363.997,362.531,361.036,359.51,357.952,356.36,354.732,353.065,351.359,349.608,347.812,345.967,344.069,342.115,340.1,338.02,335.868,333.64,331.329,328.926,326.424,323.813,321.082,318.219,315.212,312.046,308.707,305.18,301.454,297.522,293.387,289.068,284.607,280.066,275.53,271.088,266.82,262.782,259.004,255.493,252.239,249.226,246.431,243.833,241.411,239.146,237.021,235.022,233.135,231.349,229.654,228.042,226.505,225.036,223.63,222.281,220.985,219.738,218.537,217.377,216.257,215.173,214.123,213.105,212.117,211.158,210.225,209.318,208.434,207.572,206.732,205.913,205.112,204.331,203.566,202.818,202.087,201.37,200.668,199.98,199.306,198.644,197.995,197.358,196.732,196.118,195.514,194.92,194.336,193.762,193.197,192.641,192.094,191.555
373.829,372.538,371.226,369.892,368.536,367.156,365.752,364.321,362.864,361.377,359.861,358.313,356.732,355.115,353.46,351.766,350.03,348.249,346.419,344.539,342.603,340.608,338.549,336.422,334.22,331.937,329.566,327.098,324.526,321.838,319.023,316.069,312.963,309.69,306.236,302.59,298.743,294.695,290.461,286.072,281.584,277.073,272.626,268.324,264.232,260.387,256.803,253.477,250.393,247.532,244.874,242.397,240.082,237.912,235.872,233.947,232.127,230.401,228.761,227.197,225.704,224.276,222.906,221.591,220.327,219.108,217.933,216.798,215.701,214.638,213.608,212.609,211.639,210.696,209.778,208.885,208.015,207.167,206.339,205.531,204.742,203.97,203.216,202.478,201.755,201.047,200.354,199.674,199.007,198.353,197.711,197.08,196.461,195.852,195.254,194.666,194.088,193.519,192.96,192.408,191.866
374.104,372.818,371.512,370.185,368.836,367.463,366.066,364.643,363.194,361.716,360.209,358.671,357.1,355.494,353.852,352.17,350.447,348.681,346.867,345.003,343.085,341.11,339.072,336.968,334.791,332.535,330.195,327.761,325.225,322.579,319.81,316.907,313.858,310.648,307.265,303.695,299.931,295.968,291.818,287.504,283.075,278.598,274.156,269.831,265.693,261.786,258.132,254.733,251.579,248.653,245.933,243.4,241.034,238.817,236.734,234.771,232.916,231.158,229.488,227.898,226.38,224.929,223.539,222.204,220.921,219.686,218.495,217.345,216.234,215.158,214.115,213.105,212.123,211.17,210.243,209.34,208.461,207.604,206.768,205.953,205.156,204.377,203.616,202.871,202.142,201.428,200.729,200.044,199.371,198.712,198.065,197.43,196.806,196.193,195.59,194.998,194.416,193.843,193.279,192.725,192.178
374.376,373.097,371.797,370.476,369.133,367.767,366.378,364.963,363.522,362.053,360.555,359.026,357.466,355.871,354.24,352.57,350.861,349.108,347.309,345.462,343.561,341.605,339.588,337.506,335.354,333.125,330.814,328.412,325.913,323.305,320.581,317.727,314.732,311.583,308.267,304.772,301.086,297.207,293.14,288.903,284.538,280.103,275.675,271.337,267.16,263.197,259.477,256.008,252.784,249.791,247.009,244.419,242,239.736,237.61,235.608,233.716,231.926,230.226,228.608,227.065,225.59,224.178,222.824,221.522,220.269,219.062,217.897,216.771,215.682,214.627,213.604,212.612,211.648,210.71,209.798,208.91,208.044,207.2,206.377,205.572,204.787,204.018,203.267,202.532,201.812,201.107,200.416,199.738,199.073,198.421,197.781,197.152,196.535,195.928,195.332,194.745,194.168,193.601,193.042,192.492
374.647,373.373,372.08,370.765,369.429,368.07,366.688,365.28,363.847,362.387,360.898,359.379,357.828,356.244,354.624,352.967,351.27,349.531,347.747,345.915,344.032,342.094,340.098,338.037,335.909,333.706,331.423,329.053,326.588,324.019,321.336,318.53,315.587,312.497,309.245,305.82,302.211,298.413,294.427,290.269,285.971,281.585,277.181,272.838,268.631,264.619,260.837,257.3,254.008,250.948,248.103,245.454,242.982,240.669,238.499,236.456,234.528,232.703,230.973,229.326,227.758,226.259,224.825,223.45,222.129,220.858,219.635,218.454,217.314,216.211,215.143,214.108,213.104,212.129,211.182,210.26,209.362,208.488,207.635,206.804,205.992,205.199,204.424,203.665,202.924,202.198,201.486,200.79,200.106,199.436,198.779,198.134,197.501,196.879,196.267,195.667,195.076,194.495,193.924,193.361,192.808
374.917,373.649,372.361,371.052,369.723,368.371,366.995,365.596,364.17,362.718,361.238,359.728,358.187,356.614,355.005,353.36,351.676,349.95,348.181,346.364,344.498,342.578,340.601,338.562,336.456,334.278,332.023,329.683,327.251,324.719,322.077,319.316,316.424,313.389,310.199,306.842,303.307,299.587,295.682,291.602,287.374,283.042,278.67,274.332,270.104,266.049,262.21,258.608,255.249,252.122,249.214,246.506,243.98,241.617,239.401,237.316,235.351,233.492,231.729,230.054,228.459,226.935,225.479,224.082,222.742,221.454,220.213,219.016,217.861,216.744,215.664,214.616,213.601,212.615,211.657,210.725,209.818,208.935,208.074,207.234,206.414,205.613,204.831,204.066,203.318,202.585,201.868,201.166,200.477,199.802,199.139,198.489,197.851,197.224,196.608,196.003,195.408,194.823,194.248,193.682,193.124
375.185,373.922,372.64,371.338,370.015,368.669,367.301,365.909,364.491,363.048,361.576,360.075,358.544,356.981,355.383,353.749,352.077,350.365,348.61,346.809,344.959,343.056,341.098,339.079,336.996,334.843,332.614,330.303,327.904,325.407,322.804,320.086,317.242,314.261,311.13,307.838,304.374,300.73,296.904,292.902,288.746,284.472,280.139,275.815,271.575,267.485,263.595,259.932,256.506,253.314,250.342,247.575,244.993,242.579,240.316,238.19,236.185,234.291,232.496,230.791,229.168,227.62,226.14,224.722,223.362,222.055,220.797,219.584,218.414,217.283,216.189,215.129,214.101,213.104,212.135,211.193,210.277,209.384,208.515,207.667,206.839,206.031,205.241,204.469,203.714,202.976,202.252,201.544,200.849,200.169,199.501,198.846,198.203,197.571,196.951,196.341,195.742,195.153,194.574,194.004,193.443
375.452,374.194,372.918,371.622,370.305,368.966,367.605,366.22,364.81,363.374,361.911,360.42,358.898,357.344,355.758,354.135,352.475,350.776,349.035,347.248,345.414,343.529,341.589,339.59,337.529,335.399,333.196,330.914,328.545,326.083,323.518,320.842,318.044,315.114,312.04,308.81,305.414,301.843,298.094,294.169,290.086,285.875,281.586,277.284,273.041,268.925,264.989,261.269,257.78,254.523,251.488,248.66,246.022,243.556,241.246,239.076,237.032,235.101,233.273,231.538,229.887,228.313,226.809,225.369,223.989,222.662,221.387,220.158,218.972,217.826,216.718,215.646,214.606,213.597,212.617,211.665,210.739,209.837,208.959,208.102,207.267,206.451,205.654,204.875,204.113,203.368,202.639,201.924,201.224,200.538,199.865,199.204,198.556,197.92,197.295,196.681,196.078,195.484,194.901,194.327,193.762
375.717,374.465,373.195,371.904,370.593,369.261,367.907,366.529,365.127,363.699,362.244,360.761,359.249,357.705,356.129,354.518,352.87,351.183,349.455,347.683,345.865,343.996,342.074,340.095,338.055,335.948,333.77,331.515,329.176,326.747,324.219,321.583,318.829,315.948,312.929,309.759,306.429,302.929,299.254,295.405,291.395,287.249,283.011,278.738,274.5,270.365,266.391,262.618,259.069,255.748,252.65,249.762,247.067,244.548,242.19,239.975,237.89,235.922,234.06,232.294,230.614,229.014,227.485,226.023,224.622,223.276,221.982,220.736,219.535,218.374,217.253,216.167,215.115,214.094,213.104,212.141,211.205,210.294,209.406,208.541,207.697,206.874,206.069,205.283,204.515,203.763,203.027,202.307,201.601,200.909,200.23,199.565,198.912,198.271,197.641,197.023,196.415,195.817,195.23,194.652,194.083
375.981,374.734,373.469,372.185,370.88,369.554,368.207,366.836,365.441,364.021,362.575,361.101,359.597,358.063,356.497,354.897,353.261,351.586,349.872,348.114,346.31,344.458,342.554,340.594,338.574,336.49,334.336,332.107,329.798,327.4,324.907,322.31,319.599,316.766,313.798,310.686,307.419,303.987,300.384,296.61,292.673,288.594,284.41,280.173,275.948,271.802,267.797,263.977,260.371,256.989,253.829,250.88,248.127,245.555,243.147,240.887,238.761,236.755,234.858,233.06,231.351,229.723,228.17,226.685,225.262,223.897,222.584,221.321,220.103,218.928,217.792,216.692,215.628,214.595,213.594,212.62,211.674,210.753,209.857,208.983,208.131,207.299,206.487,205.694,204.919,204.16,203.418,202.691,201.98,201.282,200.598,199.927,199.269,198.623,197.989,197.366,196.754,196.152,195.56,194.978,194.405
376.243,375.002,373.742,372.464,371.165,369.846,368.505,367.141,365.753,364.341,362.903,361.437,359.943,358.419,356.863,355.273,353.648,351.986,350.284,348.54,346.751,344.915,343.028,341.086,339.087,337.024,334.894,332.691,330.409,328.043,325.583,323.023,320.354,317.566,314.649,311.592,308.385,305.019,301.486,297.785,293.921,289.91,285.783,281.588,277.383,273.235,269.205,265.345,261.686,258.245,255.023,252.014,249.204,246.578,244.119,241.813,239.644,237.599,235.666,233.835,232.096,230.441,228.862,227.354,225.909,224.523,223.192,221.911,220.677,219.486,218.335,217.223,216.145,215.101,214.087,213.103,212.147,211.216,210.31,209.428,208.567,207.728,206.908,206.108,205.325,204.56,203.811,203.078,202.361,201.657,200.968,200.292,199.629,198.978,198.338,197.711,197.094,196.488,195.892,195.306,194.729
376.504,375.268,374.014,372.741,371.449,370.135,368.801,367.444,366.064,364.659,363.229,361.771,360.286,358.771,357.225,355.646,354.032,352.382,350.693,348.962,347.188,345.367,343.497,341.573,339.593,337.551,335.444,333.266,331.012,328.675,326.248,323.724,321.095,318.35,315.481,312.477,309.329,306.026,302.561,298.931,295.138,291.196,287.13,282.981,278.803,274.66,270.614,266.718,263.011,259.514,256.233,253.163,250.296,247.615,245.106,242.752,240.54,238.455,236.486,234.621,232.852,231.168,229.563,228.03,226.563,225.157,223.806,222.507,221.256,220.05,218.884,217.758,216.667,215.61,214.585,213.59,212.623,211.683,210.767,209.876,209.007,208.159,207.332,206.524,205.734,204.962,204.207,203.468,202.744,202.035,201.34,200.658,199.99,199.334,198.69,198.057,197.436,196.825,196.225,195.635,195.055
376.763,375.533,374.284,373.017,371.73,370.423,369.095,367.745,366.372,364.974,363.552,362.103,360.626,359.121,357.584,356.016,354.413,352.774,351.097,349.38,347.62,345.815,343.96,342.054,340.093,338.072,335.987,333.833,331.605,329.297,326.902,324.413,321.821,319.119,316.296,313.344,310.251,307.009,303.609,300.048,296.326,292.453,288.449,284.351,280.206,276.075,272.02,268.096,264.345,260.795,257.456,254.328,251.403,248.667,246.106,243.705,241.448,239.323,237.317,235.418,233.616,231.904,230.272,228.715,227.225,225.797,224.427,223.109,221.841,220.618,219.438,218.297,217.193,216.124,215.087,214.081,213.103,212.153,211.228,210.327,209.449,208.593,207.758,206.942,206.146,205.367,204.605,203.859,203.129,202.414,201.713,201.026,200.353,199.692,199.043,198.405,197.78,197.165,196.56,195.966,195.381
377.022,375.796,374.553,373.291,372.01,370.709,369.388,368.044,366.678,365.288,363.873,362.432,360.964,359.468,357.941,356.382,354.79,353.163,351.498,349.794,348.048,346.257,344.419,342.53,340.587,338.586,336.523,334.392,332.19,329.91,327.545,325.09,322.535,319.873,317.095,314.192,311.153,307.969,304.633,301.139,297.486,293.681,289.741,285.696,281.59,277.478,273.421,269.475,265.687,262.088,258.694,255.508,252.525,249.734,247.121,244.671,242.37,240.203,238.158,236.224,234.391,232.649,230.99,229.407,227.894,226.444,225.054,223.718,222.432,221.193,219.997,218.842,217.724,216.642,215.593,214.575,213.587,212.626,211.691,210.781,209.895,209.03,208.187,207.364,206.56,205.774,205.005,204.253,203.517,202.796,202.089,201.397,200.718,200.051,199.397,198.755,198.125,197.506,196.897,196.298,195.71
377.279,376.058,374.82,373.564,372.289,370.994,369.678,368.341,366.982,365.599,364.192,362.759,361.3,359.812,358.294,356.746,355.164,353.548,351.896,350.204,348.472,346.695,344.873,343,341.075,339.094,337.051,334.944,332.766,330.513,328.178,325.755,323.236,320.613,317.878,315.022,312.035,308.907,305.632,302.203,298.617,294.88,291.004,287.016,282.953,278.866,274.814,270.853,267.033,263.39,259.943,256.702,253.663,250.816,248.151,245.652,243.304,241.095,239.012,237.042,235.176,233.403,231.716,230.107,228.57,227.099,225.687,224.332,223.028,221.772,220.561,219.391,218.26,217.165,216.103,215.074,214.074,213.103,212.158,211.239,210.343,209.471,208.619,207.788,206.976,206.183,205.408,204.649,203.906,203.179,202.467,201.769,201.084,200.413,199.754,199.107,198.472,197.848,197.235,196.632,196.039
377.534,376.319,375.086,373.835,372.566,371.277,369.967,368.637,367.284,365.909,364.509,363.084,361.633,360.154,358.645,357.107,355.536,353.93,352.289,350.61,348.891,347.129,345.321,343.466,341.558,339.595,337.573,335.488,333.335,331.108,328.801,326.409,323.925,321.34,318.646,315.835,312.898,309.825,306.609,303.242,299.722,296.052,292.241,288.31,284.294,280.238,276.197,272.228,268.383,264.699,261.204,257.909,254.814,251.913,249.195,246.646,244.252,242,239.877,237.87,235.97,234.167,232.451,230.816,229.254,227.76,226.328,224.953,223.631,222.358,221.13,219.945,218.8,217.691,216.618,215.576,214.566,213.584,212.629,211.7,210.795,209.914,209.054,208.215,207.396,206.595,205.813,205.047,204.299,203.565,202.847,202.143,201.453,200.777,200.113,199.461,198.821,198.192,197.575,196.968,196.371
377.788,376.578,375.35,374.105,372.841,371.558,370.255,368.931,367.585,366.216,364.824,363.407,361.963,360.493,358.994,357.464,355.904,354.309,352.68,351.013,349.306,347.558,345.766,343.926,342.035,340.091,338.089,336.025,333.895,331.693,329.415,327.053,324.602,322.053,319.399,316.632,313.743,310.722,307.563,304.257,300.801,297.196,293.449,289.578,285.612,281.592,277.569,273.598,269.733,266.015,262.475,259.128,255.979,253.024,250.252,247.653,245.213,242.917,240.753,238.709,236.775,234.94,233.195,231.533,229.946,228.429,226.975,225.58,224.239,222.949,221.705,220.505,219.345,218.223,217.136,216.083,215.061,214.068,213.103,212.164,211.25,210.36,209.492,208.645,207.818,207.01,206.22,205.448,204.693,203.953,203.229,202.52,201.824,201.142,200.473,199.816,199.171,198.538,197.916,197.305,196.704
378.041,376.836,375.613,374.373,373.115,371.837,370.54,369.222,367.883,366.521,365.136,363.727,362.292,360.83,359.339,357.82,356.269,354.685,353.066,351.411,349.718,347.983,346.205,344.381,342.507,340.581,338.598,336.555,334.448,332.271,330.019,327.687,325.267,322.754,320.138,317.413,314.57,311.6,308.495,305.249,301.855,298.314,294.631,290.82,286.906,282.926,278.927,274.961,271.082,267.335,263.754,260.359,257.157,254.148,251.324,248.675,246.186,243.846,241.641,239.56,237.59,235.722,233.948,232.258,230.646,229.105,227.629,226.213,224.854,223.545,222.285,221.069,219.895,218.759,217.659,216.593,215.56,214.556,213.581,212.632,211.708,210.809,209.932,209.077,208.242,207.427,206.63,205.852,205.09,204.344,203.614,202.898,202.197,201.509,200.835,200.173,199.524,198.886,198.259,197.643,197.038
378.293,377.092,375.875,374.64,373.387,372.115,370.824,369.512,368.18,366.825,365.447,364.045,362.618,361.164,359.682,358.172,356.631,355.057,353.45,351.807,350.125,348.404,346.64,344.831,342.973,341.065,339.101,337.078,334.993,332.84,330.614,328.31,325.922,323.442,320.864,318.18,315.381,312.46,309.408,306.218,302.884,299.406,295.786,292.036,288.176,284.24,280.269,276.314,272.428,268.658,265.04,261.599,258.347,255.286,252.41,249.71,247.173,244.788,242.542,240.421,238.416,236.515,234.71,232.992,231.353,229.788,228.29,226.854,225.474,224.148,222.871,221.639,220.449,219.299,218.186,217.108,216.063,215.048,214.062,213.103,212.17,211.261,210.376,209.512,208.67,207.847,207.043,206.257,205.489,204.736,204,203.279,202.572,201.879,201.199,200.532,199.878,199.235,198.604,197.984,197.374
378.543,377.347,376.135,374.905,373.658,372.391,371.106,369.801,368.474,367.126,365.755,364.361,362.941,361.496,360.023,358.521,356.99,355.427,353.83,352.198,350.529,348.821,347.071,345.276,343.435,341.543,339.598,337.595,335.531,333.402,331.201,328.925,326.566,324.119,321.577,318.932,316.176,313.302,310.3,307.165,303.891,300.473,296.916,293.226,289.422,285.532,281.594,277.656,273.769,269.981,266.331,262.849,259.548,256.436,253.508,250.758,248.174,245.743,243.454,241.294,239.252,237.318,235.481,233.734,232.069,230.479,228.958,227.501,226.101,224.757,223.462,222.214,221.009,219.845,218.718,217.627,216.57,215.543,214.547,213.578,212.635,211.717,210.823,209.951,209.1,208.27,207.458,206.665,205.89,205.131,204.389,203.661,202.949,202.25,201.565,200.893,200.234,199.586,198.95,198.325,197.711
378.793,377.601,376.394,375.169,373.927,372.666,371.387,370.087,368.767,367.426,366.062,364.674,363.263,361.825,360.361,358.868,357.346,355.793,354.207,352.586,350.929,349.234,347.497,345.717,343.891,342.016,340.089,338.106,336.063,333.956,331.78,329.53,327.2,324.785,322.278,319.67,316.956,314.127,311.174,308.092,304.874,301.517,298.02,294.391,290.643,286.801,282.901,278.985,275.102,271.302,267.626,264.106,260.76,257.598,254.62,251.819,249.187,246.71,244.378,242.178,240.099,238.13,236.262,234.486,232.794,231.178,229.634,228.154,226.735,225.371,224.059,222.794,221.573,220.395,219.254,218.151,217.081,216.043,215.035,214.056,213.103,212.176,211.272,210.392,209.533,208.695,207.876,207.076,206.294,205.529,204.78,204.046,203.328,202.624,201.933,201.256,200.591,199.939,199.298,198.669,198.05
379.041,377.854,376.651,375.432,374.195,372.939,371.666,370.372,369.058,367.723,366.366,364.986,363.582,362.152,360.696,359.213,357.7,356.156,354.581,352.971,351.326,349.643,347.919,346.154,344.343,342.484,340.574,338.61,336.587,334.502,332.35,330.126,327.825,325.44,322.966,320.395,317.721,314.935,312.03,308.999,305.836,302.536,299.099,295.53,291.839,288.048,284.188,280.298,276.427,272.62,268.923,265.368,261.981,258.772,255.744,252.894,250.212,247.69,245.314,243.074,240.957,238.953,237.053,235.246,233.526,231.885,230.317,228.815,227.375,225.992,224.661,223.379,222.143,220.95,219.795,218.678,217.596,216.546,215.527,214.537,213.575,212.638,211.725,210.836,209.969,209.123,208.296,207.489,206.7,205.928,205.173,204.433,203.709,202.999,202.303,201.62,200.951,200.293,199.648,199.014,198.391
379.287,378.105,376.907,375.693,374.461,373.211,371.943,370.655,369.348,368.019,366.669,365.296,363.899,362.477,361.029,359.554,358.051,356.517,354.951,353.353,351.719,350.048,348.338,346.586,344.79,342.947,341.054,339.108,337.105,335.041,332.912,330.714,328.44,326.085,323.643,321.108,318.472,315.728,312.869,309.887,306.777,303.533,300.155,296.644,293.011,289.272,285.455,281.596,277.74,273.933,270.219,266.636,263.209,259.955,256.879,253.98,251.251,248.682,246.263,243.981,241.826,239.786,237.853,236.016,234.267,232.6,231.007,229.483,228.022,226.619,225.27,223.971,222.718,221.509,220.341,219.21,218.115,217.054,216.023,215.023,214.05,213.103,212.181,211.283,210.408,209.554,208.72,207.905,207.109,206.33,205.568,204.822,204.092,203.376,202.675,201.987,201.312,200.65,200,199.361,198.734
379.533,378.355,377.162,375.952,374.726,373.481,372.219,370.937,369.635,368.313,366.969,365.603,364.214,362.8,361.36,359.893,358.399,356.874,355.319,353.731,352.108,350.449,348.752,347.014,345.232,343.405,341.529,339.6,337.617,335.574,333.467,331.293,329.045,326.719,324.309,321.808,319.209,316.506,313.691,310.757,307.698,304.509,301.187,297.735,294.158,290.472,286.701,282.876,279.04,275.238,271.514,267.906,264.444,261.148,258.026,255.079,252.302,249.687,247.223,244.9,242.706,240.63,238.663,236.794,235.017,233.323,231.705,230.158,228.675,227.252,225.884,224.568,223.299,222.074,220.891,219.747,218.639,217.565,216.523,215.512,214.528,213.572,212.641,211.734,210.85,209.987,209.145,208.323,207.52,206.734,205.966,205.214,204.477,203.756,203.049,202.355,201.675,201.008,200.353,199.709,199.078
379.777,378.604,377.416,376.211,374.989,373.75,372.493,371.217,369.921,368.605,367.268,365.909,364.527,363.12,361.688,360.23,358.744,357.229,355.684,354.106,352.494,350.847,349.162,347.437,345.67,343.858,341.998,340.087,338.122,336.1,334.015,331.864,329.642,327.344,324.964,322.496,319.933,317.269,314.497,311.609,308.6,305.463,302.197,298.801,295.281,291.649,287.925,284.138,280.327,276.534,272.804,269.177,265.685,262.349,259.183,256.189,253.365,250.703,248.195,245.83,243.597,241.484,239.482,237.583,235.776,234.054,232.411,230.84,229.335,227.891,226.504,225.17,223.884,222.644,221.446,220.288,219.167,218.081,217.027,216.004,215.01,214.044,213.103,212.187,211.294,210.424,209.574,208.744,207.934,207.141,206.366,205.607,204.865,204.137,203.425,202.726,202.04,201.368,200.708,200.06,199.423
380.02,378.852,377.668,376.468,375.251,374.017,372.766,371.495,370.206,368.896,367.565,366.213,364.837,363.438,362.014,360.564,359.087,357.581,356.045,354.478,352.877,351.241,349.569,347.857,346.103,344.306,342.462,340.568,338.622,336.619,334.555,332.427,330.231,327.959,325.609,323.172,320.645,318.018,315.287,312.444,309.483,306.398,303.185,299.845,296.381,292.803,289.127,285.381,281.598,277.82,274.09,270.448,266.929,263.557,260.349,257.31,254.439,251.732,249.18,246.772,244.499,242.349,240.312,238.38,236.543,234.794,233.125,231.529,230.002,228.537,227.131,225.778,224.476,223.219,222.006,220.834,219.7,218.601,217.535,216.501,215.496,214.519,213.569,212.644,211.742,210.863,210.005,209.168,208.35,207.55,206.768,206.003,205.254,204.521,203.802,203.098,202.407,201.73,201.065,200.412,199.77
380.262,379.098,377.919,376.724,375.512,374.283,373.037,371.772,370.488,369.185,367.86,366.514,365.146,363.754,362.338,360.896,359.428,357.931,356.404,354.847,353.257,351.632,349.971,348.272,346.532,344.75,342.921,341.044,339.115,337.131,335.089,332.983,330.811,328.566,326.243,323.838,321.344,318.754,316.063,313.263,310.348,307.312,304.153,300.867,297.458,293.933,290.307,286.604,282.853,279.094,275.368,271.717,268.175,264.771,261.523,258.441,255.525,252.772,250.175,247.725,245.412,243.224,241.152,239.187,237.319,235.542,233.846,232.226,230.676,229.19,227.764,226.393,225.072,223.8,222.571,221.385,220.236,219.124,218.047,217.001,215.985,214.998,214.038,213.103,212.193,211.305,210.439,209.594,208.769,207.962,207.173,206.402,205.646,204.907,204.182,203.472,202.776,202.093,201.423,200.765,200.119
380.503,379.344,378.169,376.978,375.771,374.548,373.306,372.047,370.769,369.471,368.153,366.814,365.453,364.068,362.66,361.226,359.765,358.277,356.76,355.213,353.633,352.02,350.371,348.684,346.957,345.189,343.375,341.514,339.603,337.638,335.616,333.532,331.383,329.163,326.868,324.493,322.032,319.477,316.824,314.066,311.196,308.208,305.1,301.867,298.512,295.041,291.466,287.806,284.091,280.355,276.638,272.982,269.422,265.99,262.705,259.581,256.621,253.824,251.183,248.69,246.336,244.11,242.002,240.004,238.105,236.298,234.576,232.931,231.357,229.85,228.403,227.013,225.675,224.385,223.141,221.94,220.778,219.653,218.563,217.505,216.478,215.481,214.51,213.566,212.647,211.75,210.876,210.023,209.19,208.376,207.58,206.802,206.04,205.295,204.564,203.849,203.147,202.459,201.784,201.121,200.47
380.743,379.588,378.417,377.231,376.029,374.811,373.575,372.321,371.048,369.757,368.445,367.112,365.758,364.38,362.979,361.553,360.101,358.622,357.114,355.576,354.006,352.404,350.766,349.092,347.378,345.623,343.825,341.98,340.085,338.139,336.136,334.073,331.947,329.752,327.484,325.138,322.708,320.188,317.572,314.854,312.027,309.086,306.027,302.846,299.545,296.126,292.602,288.988,285.31,281.601,277.898,274.241,270.668,267.211,263.893,260.73,257.727,254.886,252.201,249.666,247.271,245.006,242.862,240.83,238.9,237.063,235.313,233.643,232.046,230.516,229.048,227.639,226.283,224.976,223.717,222.5,221.324,220.185,219.083,218.013,216.975,215.967,214.986,214.032,213.104,212.198,211.316,210.455,209.614,208.793,207.99,207.205,206.437,205.685,204.949,204.227,203.52,202.826,202.146,201.478,200.823
380.982,379.831,378.664,377.483,376.286,375.072,373.841,372.593,371.326,370.04,368.735,367.408,366.06,364.69,363.296,361.878,360.434,358.963,357.464,355.936,354.377,352.785,351.158,349.496,347.795,346.054,344.27,342.44,340.562,338.633,336.65,334.608,332.503,330.333,328.091,325.773,323.373,320.886,318.306,315.627,312.842,309.947,306.935,303.805,300.556,297.19,293.716,290.149,286.511,282.831,279.146,275.494,271.912,268.434,265.087,261.886,258.843,255.959,253.231,250.653,248.217,245.913,243.733,241.666,239.703,237.837,236.059,234.363,232.741,231.189,229.7,228.271,226.897,225.573,224.297,223.065,221.874,220.722,219.607,218.525,217.476,216.456,215.466,214.502,213.564,212.65,211.758,210.889,210.041,209.212,208.402,207.61,206.835,206.077,205.335,204.607,203.895,203.196,202.51,201.837,201.177
381.219,380.072,378.911,377.734,376.541,375.332,374.107,372.864,371.602,370.322,369.023,367.703,366.361,364.998,363.611,362.2,360.765,359.302,357.812,356.293,354.744,353.162,351.547,349.896,348.208,346.48,344.71,342.896,341.034,339.122,337.157,335.135,333.053,330.905,328.689,326.398,324.028,321.573,319.028,316.386,313.642,310.79,307.826,304.744,301.546,298.232,294.808,291.289,287.692,284.045,280.382,276.738,273.152,269.658,266.284,263.05,259.967,257.041,254.271,251.65,249.174,246.831,244.613,242.512,240.517,238.62,236.814,235.091,233.444,231.869,230.359,228.91,227.516,226.175,224.882,223.635,222.43,221.264,220.135,219.041,217.98,216.95,215.948,214.975,214.027,213.104,212.204,211.326,210.47,209.634,208.817,208.018,207.236,206.472,205.723,204.99,204.271,203.567,202.876,202.198,201.533
381.456,380.313,379.156,377.983,376.795,375.591,374.371,373.133,371.877,370.603,369.309,367.995,366.66,365.304,363.924,362.521,361.093,359.639,358.158,356.648,355.108,353.537,351.932,350.293,348.617,346.902,345.146,343.346,341.501,339.606,337.659,335.657,333.595,331.47,329.278,327.014,324.673,322.249,319.737,317.132,314.427,311.618,308.698,305.665,302.516,299.252,295.879,292.408,288.854,285.242,281.603,277.973,274.387,270.88,267.483,264.218,261.099,258.133,255.321,252.659,250.141,247.759,245.504,243.367,241.339,239.411,237.576,235.826,234.155,232.556,231.024,229.554,228.142,226.783,225.473,224.21,222.99,221.81,220.668,219.561,218.488,217.447,216.435,215.451,214.493,213.561,212.653,211.767,210.902,210.058,209.234,208.428,207.64,206.869,206.114,205.374,204.65,203.94,203.244,202.561,201.89
381.691,380.552,379.399,378.231,377.048,375.849,374.633,373.401,372.15,370.881,369.594,368.286,366.957,365.608,364.235,362.839,361.419,359.973,358.5,356.999,355.469,353.908,352.314,350.686,349.022,347.32,345.578,343.792,341.962,340.084,338.155,336.171,334.13,332.028,329.859,327.621,325.308,322.914,320.435,317.865,315.198,312.43,309.554,306.567,303.466,300.253,296.929,293.506,289.996,286.421,282.81,279.196,275.614,272.1,268.684,265.391,262.238,259.233,256.38,253.677,251.119,248.698,246.405,244.233,242.171,240.212,238.347,236.57,234.873,233.251,231.696,230.206,228.774,227.396,226.069,224.79,223.555,222.36,221.205,220.086,219.001,217.948,216.925,215.93,214.963,214.022,213.104,212.21,211.337,210.485,209.653,208.84,208.045,207.268,206.506,205.761,205.031,204.315,203.613,202.925,202.25
381.925,380.791,379.642,378.478,377.3,376.105,374.894,373.667,372.422,371.159,369.877,368.575,367.253,365.909,364.544,363.155,361.743,360.305,358.841,357.349,355.828,354.276,352.693,351.076,349.424,347.734,346.005,344.234,342.419,340.557,338.645,336.68,334.659,332.578,330.433,328.219,325.933,323.569,321.121,318.585,315.956,313.226,310.393,307.451,304.398,301.233,297.959,294.583,291.118,287.582,284.002,280.408,276.834,273.316,269.885,266.568,263.383,260.341,257.449,254.706,252.107,249.646,247.316,245.108,243.012,241.021,239.127,237.322,235.599,233.952,232.375,230.863,229.411,228.015,226.671,225.375,224.124,222.916,221.746,220.614,219.517,218.452,217.418,216.414,215.436,214.485,213.559,212.656,211.775,210.915,210.076,209.255,208.453,207.669,206.901,206.15,205.414,204.692,203.985,203.291,202.611
382.159,381.028,379.883,378.724,377.55,376.36,375.154,373.932,372.692,371.434,370.158,368.862,367.546,366.21,364.851,363.469,362.064,360.634,359.178,357.695,356.183,354.642,353.069,351.463,349.822,348.144,346.428,344.671,342.871,341.024,339.129,337.183,335.181,333.121,330.998,328.809,326.549,324.213,321.796,319.293,316.699,314.009,311.216,308.318,305.311,302.194,298.968,295.64,292.22,288.725,285.177,281.606,278.045,274.527,271.085,267.746,264.532,261.457,258.527,255.744,253.105,250.605,248.237,245.993,243.863,241.84,239.915,238.082,236.333,234.661,233.061,231.527,230.055,228.64,227.278,225.966,224.699,223.476,222.292,221.147,220.037,218.961,217.916,216.9,215.913,214.952,214.016,213.104,212.215,211.348,210.5,209.673,208.864,208.073,207.299,206.541,205.799,205.072,204.359,203.66,202.974
382.391,381.264,380.124,378.969,377.799,376.614,375.413,374.195,372.961,371.708,370.438,369.148,367.838,366.508,365.156,363.781,362.384,360.961,359.514,358.039,356.536,355.004,353.441,351.846,350.216,348.551,346.848,345.104,343.318,341.487,339.609,337.68,335.697,333.657,331.556,329.391,327.156,324.848,322.461,319.99,317.43,314.777,312.024,309.169,306.206,303.136,299.958,296.677,293.302,289.848,286.335,282.791,279.245,275.731,272.281,268.925,265.686,262.578,259.612,256.791,254.113,251.574,249.168,246.887,244.723,242.668,240.712,238.85,237.074,235.377,233.754,232.198,230.705,229.271,227.891,226.561,225.279,224.04,222.843,221.684,220.562,219.473,218.417,217.39,216.393,215.422,214.477,213.556,212.659,211.783,210.928,210.093,209.277,208.479,207.698,206.934,206.186,205.453,204.734,204.03,203.339
382.622,381.499,380.363,379.212,378.047,376.866,375.67,374.457,373.228,371.981,370.716,369.432,368.128,366.804,365.459,364.091,362.701,361.286,359.847,358.38,356.887,355.364,353.811,352.226,350.608,348.954,347.263,345.533,343.761,341.945,340.083,338.171,336.207,334.187,332.107,329.965,327.755,325.473,323.115,320.675,318.149,315.532,312.818,310.003,307.084,304.059,300.928,297.694,294.365,290.953,287.476,283.96,280.433,276.927,273.474,270.104,266.842,263.705,260.704,257.846,255.13,252.553,250.109,247.792,245.593,243.504,241.518,239.627,237.823,236.101,234.454,232.876,231.362,229.908,228.509,227.163,225.864,224.61,223.398,222.226,221.09,219.989,218.921,217.884,216.876,215.895,214.941,214.011,213.105,212.221,211.358,210.515,209.692,208.887,208.1,207.329,206.575,205.836,205.112,204.402,203.706
382.852,381.733,380.601,379.454,378.293,377.117,375.926,374.718,373.494,372.252,370.992,369.714,368.416,367.099,365.76,364.399,363.016,361.609,360.177,358.719,357.234,355.721,354.178,352.603,350.995,349.353,347.674,345.957,344.199,342.398,340.551,338.656,336.71,334.709,332.651,330.531,328.345,326.089,323.759,321.349,318.856,316.273,313.597,310.822,307.946,304.965,301.88,298.692,295.408,292.038,288.6,285.114,281.609,278.114,274.662,271.282,268,264.836,261.803,258.909,256.155,253.54,251.059,248.705,246.472,244.35,242.333,240.412,238.581,236.832,235.161,233.56,232.025,230.551,229.134,227.769,226.454,225.184,223.958,222.771,221.623,220.51,219.43,218.381,217.363,216.372,215.408,214.469,213.554,212.662,211.791,210.94,210.11,209.298,208.504,207.727,206.966,206.221,205.491,204.776,204.074
383.081,381.966,380.838,379.696,378.539,377.367,376.18,374.977,373.758,372.522,371.267,369.995,368.703,367.392,366.059,364.705,363.329,361.93,360.505,359.056,357.579,356.075,354.541,352.977,351.38,349.749,348.082,346.377,344.633,342.846,341.015,339.137,337.208,335.226,333.188,331.089,328.927,326.696,324.393,322.013,319.551,317.002,314.362,311.627,308.791,305.854,302.813,299.671,296.432,293.105,289.705,286.253,282.772,279.291,275.843,272.456,269.158,265.97,262.908,259.979,257.189,254.537,252.019,249.629,247.36,245.205,243.156,241.205,239.346,237.571,235.875,234.251,232.694,231.2,229.764,228.381,227.049,225.764,224.522,223.322,222.16,221.034,219.942,218.882,217.853,216.852,215.878,214.93,214.006,213.105,212.226,211.368,210.53,209.711,208.91,208.127,207.36,206.609,205.873,205.152,204.445
383.309,382.198,381.074,379.936,378.783,377.616,376.434,375.235,374.021,372.79,371.541,370.274,368.988,367.683,366.357,365.009,363.64,362.248,360.831,359.39,357.922,356.426,354.902,353.347,351.761,350.141,348.486,346.794,345.063,343.29,341.474,339.612,337.7,335.737,333.718,331.641,329.501,327.295,325.018,322.666,320.235,317.719,315.115,312.417,309.621,306.726,303.729,300.631,297.437,294.153,290.793,287.374,283.92,280.457,277.016,273.627,270.316,267.107,264.017,261.056,258.231,255.543,252.987,250.561,248.257,246.069,243.988,242.007,240.119,238.318,236.596,234.949,233.37,231.855,230.4,228.999,227.65,226.348,225.091,223.877,222.701,221.562,220.459,219.387,218.347,217.335,216.352,215.394,214.461,213.552,212.665,211.799,210.953,210.127,209.319,208.529,207.755,206.998,206.257,205.53,204.817
383.536,382.429,381.309,380.174,379.026,377.863,376.686,375.492,374.283,373.056,371.813,370.551,369.271,367.972,366.652,365.312,363.949,362.564,361.155,359.721,358.262,356.775,355.26,353.715,352.139,350.53,348.886,347.207,345.488,343.73,341.928,340.081,338.187,336.241,334.242,332.185,330.067,327.885,325.634,323.31,320.908,318.424,315.854,313.193,310.436,307.582,304.628,301.574,298.423,295.183,291.863,288.48,285.054,281.612,278.181,274.792,271.472,268.245,265.13,262.139,259.28,256.556,253.965,251.503,249.164,246.941,244.828,242.817,240.901,239.072,237.325,235.654,234.053,232.517,231.042,229.622,228.256,226.938,225.666,224.436,223.247,222.095,220.979,219.896,218.844,217.822,216.829,215.861,214.919,214.001,213.106,212.232,211.379,210.545,209.73,208.933,208.153,207.39,206.642,205.91,205.191
383.762,382.659,381.542,380.412,379.268,378.11,376.936,375.748,374.543,373.322,372.083,370.827,369.553,368.259,366.946,365.612,364.256,362.878,361.477,360.051,358.599,357.121,355.615,354.08,352.514,350.916,349.283,347.615,345.91,344.165,342.378,340.546,338.668,336.74,334.759,332.722,330.626,328.467,326.241,323.944,321.571,319.118,316.581,313.955,311.236,308.422,305.51,302.499,299.392,296.194,292.915,289.568,286.173,282.753,279.337,275.951,272.625,269.383,266.245,263.227,260.336,257.577,254.951,252.453,250.079,247.823,245.677,243.635,241.69,239.834,238.062,236.366,234.742,233.185,231.689,230.251,228.867,227.532,226.244,225,223.797,222.632,221.503,220.408,219.345,218.313,217.309,216.332,215.38,214.453,213.549,212.668,211.807,210.966,210.144,209.34,208.553,207.784,207.03,206.292,205.568
383.988,382.888,381.775,380.649,379.509,378.355,377.186,376.002,374.802,373.586,372.353,371.102,369.833,368.545,367.238,365.91,364.561,363.19,361.796,360.378,358.935,357.465,355.968,354.442,352.886,351.298,349.677,348.021,346.328,344.596,342.822,341.006,339.144,337.233,335.27,333.253,331.178,329.042,326.84,324.569,322.224,319.801,317.296,314.705,312.023,309.247,306.375,303.407,300.342,297.187,293.948,290.639,287.276,283.882,280.481,277.103,273.774,270.52,267.363,264.319,261.398,258.606,255.945,253.412,251.003,248.713,246.535,244.462,242.488,240.604,238.805,237.085,235.438,233.859,232.343,230.886,229.484,228.132,226.828,225.569,224.351,223.173,222.031,220.925,219.85,218.807,217.792,216.805,215.845,214.909,213.996,213.106,212.237,211.389,210.56,209.749,208.956,208.18,207.42,206.675,205.946
384.212,383.116,382.007,380.885,379.749,378.599,377.434,376.255,375.059,373.848,372.62,371.375,370.112,368.83,367.528,366.207,364.864,363.5,362.113,360.703,359.267,357.806,356.318,354.801,353.255,351.677,350.067,348.422,346.741,345.022,343.263,341.461,339.614,337.72,335.776,333.778,331.723,329.609,327.43,325.184,322.867,320.473,317.999,315.441,312.795,310.057,307.225,304.298,301.276,298.162,294.964,291.693,288.363,284.996,281.615,278.246,274.918,271.655,268.482,265.414,262.465,259.641,256.946,254.379,251.936,249.612,247.402,245.298,243.293,241.382,239.556,237.811,236.141,234.54,233.004,231.527,230.106,228.737,227.417,226.143,224.911,223.718,222.564,221.445,220.359,219.304,218.279,217.282,216.312,215.367,214.446,213.547,212.671,211.814,210.978,210.16,209.361,208.578,207.812,207.061,206.326
384.435,383.343,382.237,381.119,379.987,378.842,377.681,376.506,375.316,374.109,372.886,371.646,370.388,369.112,367.817,366.502,365.166,363.808,362.428,361.025,359.598,358.145,356.665,355.157,353.62,352.053,350.453,348.82,347.151,345.445,343.699,341.912,340.08,338.202,336.275,334.296,332.261,330.168,328.013,325.791,323.5,321.135,318.692,316.166,313.555,310.854,308.06,305.173,302.192,299.12,295.963,292.73,289.435,286.096,282.736,279.38,276.056,272.788,269.6,266.512,263.536,260.682,257.955,255.354,252.877,250.52,248.277,246.141,244.107,242.167,240.315,238.545,236.851,235.227,233.67,232.173,230.734,229.348,228.011,226.721,225.474,224.268,223.101,221.969,220.871,219.805,218.77,217.763,216.783,215.828,214.898,213.991,213.107,212.243,211.399,210.574,209.767,208.978,208.206,207.449,206.708
384.657,383.569,382.467,381.353,380.225,379.083,377.927,376.757,375.571,374.369,373.151,371.916,370.664,369.393,368.104,366.795,365.465,364.114,362.742,361.346,359.926,358.481,357.01,355.511,353.984,352.426,350.837,349.215,347.557,345.864,344.131,342.358,340.541,338.679,336.769,334.808,332.793,330.72,328.587,326.39,324.124,321.787,319.373,316.879,314.301,311.636,308.88,306.032,303.092,300.061,296.944,293.75,290.49,287.181,283.845,280.504,277.186,273.916,270.717,267.611,264.611,261.729,258.97,256.336,253.826,251.436,249.16,246.993,244.929,242.96,241.081,239.285,237.567,235.921,234.342,232.826,231.368,229.964,228.61,227.304,226.043,224.822,223.641,222.497,221.387,220.31,219.264,218.246,217.256,216.293,215.354,214.438,213.545,212.674,211.822,210.99,210.177,209.381,208.602,207.84,207.093
384.879,383.793,382.696,381.585,380.461,379.324,378.172,377.006,375.825,374.628,373.415,372.185,370.938,369.673,368.389,367.086,365.763,364.419,363.053,361.664,360.252,358.815,357.352,355.862,354.344,352.796,351.217,349.606,347.96,346.278,344.559,342.799,340.997,339.151,337.257,335.314,333.318,331.266,329.154,326.98,324.74,322.429,320.044,317.581,315.036,312.405,309.686,306.876,303.976,300.985,297.908,294.753,291.529,288.251,284.94,281.618,278.309,275.039,271.833,268.711,265.689,262.781,259.992,257.326,254.783,252.359,250.051,247.853,245.759,243.761,241.855,240.033,238.291,236.622,235.021,233.484,232.007,230.585,229.214,227.892,226.616,225.381,224.186,223.029,221.907,220.818,219.761,218.733,217.733,216.76,215.812,214.888,213.987,213.107,212.248,211.409,210.588,209.786,209.001,208.232,207.479
385.099,384.017,382.923,381.817,380.697,379.563,378.416,377.254,376.077,374.885,373.677,372.452,371.21,369.951,368.673,367.375,366.058,364.721,363.362,361.98,360.575,359.146,357.691,356.21,354.701,353.163,351.594,349.994,348.359,346.689,344.982,343.236,341.449,339.617,337.74,335.814,333.836,331.804,329.714,327.563,325.346,323.062,320.705,318.271,315.758,313.161,310.478,307.706,304.844,301.893,298.856,295.739,292.551,289.306,286.022,282.719,279.423,276.156,272.945,269.81,266.769,263.836,261.019,258.322,255.747,253.291,250.951,248.721,246.596,244.57,242.636,240.789,239.021,237.329,235.707,234.149,232.652,231.212,229.824,228.485,227.193,225.944,224.736,223.566,222.431,221.331,220.262,219.224,218.214,217.231,216.274,215.341,214.431,213.543,212.677,211.83,211.002,210.193,209.401,208.626,207.867
385.319,384.241,383.15,382.047,380.931,379.801,378.658,377.501,376.328,375.141,373.937,372.718,371.481,370.227,368.954,367.663,366.352,365.021,363.669,362.294,360.897,359.475,358.029,356.556,355.056,353.527,351.968,350.378,348.755,347.097,345.402,343.669,341.896,340.079,338.218,336.309,334.349,332.336,330.267,328.137,325.945,323.685,321.355,318.951,316.469,313.905,311.256,308.521,305.697,302.785,299.787,296.708,293.557,290.346,287.09,283.809,280.527,277.267,274.053,270.908,267.85,264.895,262.051,259.325,256.718,254.23,251.858,249.597,247.442,245.387,243.425,241.551,239.759,238.043,236.398,234.82,233.303,231.844,230.439,229.084,227.776,226.512,225.29,224.106,222.959,221.847,220.767,219.717,218.697,217.705,216.738,215.796,214.878,213.982,213.108,212.254,211.419,210.603,209.804,209.023,208.258
385.537,384.463,383.376,382.276,381.164,380.039,378.899,377.746,376.578,375.395,374.197,372.982,371.75,370.502,369.235,367.949,366.645,365.32,363.974,362.606,361.216,359.802,358.364,356.899,355.408,353.888,352.339,350.759,349.147,347.5,345.818,344.098,342.338,340.536,338.69,336.798,334.856,332.862,330.812,328.704,326.535,324.3,321.997,319.621,317.168,314.636,312.022,309.322,306.535,303.661,300.702,297.661,294.547,291.369,288.143,284.886,281.621,278.37,275.157,272.004,268.932,265.956,263.087,260.333,257.696,255.177,252.773,250.481,248.296,246.211,244.221,242.321,240.503,238.764,237.096,235.497,233.96,232.482,231.059,229.687,228.363,227.084,225.848,224.651,223.491,222.366,221.275,220.215,219.184,218.182,217.206,216.255,215.328,214.424,213.541,212.68,211.838,211.015,210.209,209.422,208.65
385.755,384.684,383.6,382.505,381.396,380.275,379.14,377.991,376.827,375.649,374.455,373.245,372.018,370.775,369.514,368.234,366.935,365.616,364.277,362.916,361.533,360.127,358.696,357.24,355.757,354.247,352.707,351.138,349.536,347.9,346.23,344.523,342.776,340.989,339.158,337.281,335.357,333.381,331.351,329.264,327.117,324.907,322.629,320.28,317.857,315.356,312.774,310.109,307.359,304.522,301.601,298.598,295.521,292.378,289.182,285.951,282.704,279.464,276.254,273.097,270.013,267.019,264.127,261.346,258.68,256.13,253.695,251.373,249.157,247.043,245.025,243.098,241.255,239.491,237.801,236.18,234.623,233.125,231.684,230.295,228.955,227.661,226.41,225.2,224.027,222.89,221.787,220.716,219.674,218.662,217.676,216.716,215.781,214.868,213.978,213.108,212.259,211.429,210.617,209.822,209.045
385.972,384.904,383.824,382.732,381.627,380.51,379.379,378.234,377.075,375.901,374.711,373.506,372.285,371.047,369.791,368.517,367.224,365.911,364.579,363.225,361.848,360.449,359.026,357.578,356.104,354.603,353.073,351.513,349.921,348.297,346.638,344.943,343.21,341.436,339.62,337.76,335.852,333.894,331.883,329.817,327.692,325.505,323.252,320.93,318.535,316.065,313.515,310.884,308.168,305.368,302.485,299.52,296.479,293.37,290.206,287.001,283.775,280.549,277.345,274.186,271.093,268.083,265.17,262.363,259.669,257.09,254.625,252.271,250.026,247.882,245.836,243.882,242.013,240.225,238.512,236.869,235.291,233.775,232.315,230.909,229.552,228.243,226.977,225.753,224.567,223.418,222.303,221.22,220.168,219.145,218.15,217.181,216.236,215.315,214.417,213.54,212.683,211.845,211.027,210.226,209.442
386.188,385.123,384.047,382.959,381.858,380.744,379.617,378.476,377.321,376.151,374.967,373.766,372.55,371.317,370.066,368.798,367.511,366.205,364.878,363.531,362.161,360.77,359.354,357.914,356.448,354.956,353.435,351.885,350.304,348.69,347.043,345.36,343.64,341.88,340.078,338.233,336.342,334.401,332.409,330.363,328.259,326.095,323.866,321.57,319.203,316.762,314.244,311.645,308.964,306.201,303.354,300.426,297.421,294.347,291.215,288.038,284.835,281.624,278.428,275.27,272.17,269.146,266.214,263.384,260.664,258.056,255.561,253.177,250.902,248.729,246.655,244.673,242.779,240.966,239.23,237.564,235.966,234.43,232.951,231.528,230.155,228.829,227.549,226.31,225.111,223.949,222.822,221.728,220.665,219.632,218.627,217.648,216.695,215.765,214.858,213.973,213.109,212.264,211.439,210.631,209.84
386.403,385.342,384.269,383.184,382.087,380.977,379.854,378.717,377.566,376.401,375.221,374.025,372.814,371.586,370.341,369.078,367.796,366.496,365.176,363.835,362.472,361.088,359.68,358.248,356.79,355.306,353.794,352.254,350.683,349.08,347.444,345.773,344.065,342.319,340.532,338.701,336.826,334.903,332.929,330.902,328.819,326.677,324.472,322.201,319.861,317.449,314.961,312.394,309.748,307.019,304.208,301.316,298.348,295.309,292.209,289.062,285.882,282.689,279.504,276.349,273.244,270.21,267.261,264.409,261.663,259.028,256.504,254.09,251.785,249.584,247.481,245.472,243.552,241.714,239.954,238.266,236.647,235.09,233.593,232.152,230.762,229.421,228.125,226.872,225.659,224.484,223.345,222.24,221.166,220.122,219.107,218.119,217.156,216.218,215.303,214.41,213.538,212.686,211.853,211.039,210.242
386.617,385.559,384.49,383.409,382.315,381.209,380.089,378.957,377.81,376.649,375.474,374.283,373.076,371.853,370.613,369.356,368.08,366.786,365.472,364.137,362.782,361.404,360.003,358.579,357.129,355.654,354.151,352.62,351.059,349.467,347.842,346.182,344.487,342.754,340.98,339.165,337.305,335.399,333.443,331.435,329.372,327.251,325.07,322.823,320.51,318.125,315.667,313.132,310.518,307.823,305.048,302.192,299.26,296.256,293.189,290.071,286.916,283.742,280.57,277.421,274.314,271.271,268.307,265.436,262.667,260.004,257.452,255.01,252.675,250.445,248.314,246.278,244.331,242.468,240.685,238.974,237.333,235.757,234.241,232.781,231.374,230.017,228.706,227.438,226.212,225.024,223.872,222.755,221.67,220.616,219.591,218.593,217.621,216.674,215.75,214.849,213.969,213.11,212.27,211.448,210.645
386.831,385.776,384.71,383.632,382.542,381.44,380.324,379.196,378.053,376.897,375.725,374.539,373.337,372.119,370.884,369.632,368.362,367.074,365.766,364.438,363.089,361.718,360.325,358.908,357.466,355.999,354.505,352.983,351.432,349.85,348.236,346.588,344.905,343.184,341.425,339.624,337.779,335.889,333.951,331.961,329.918,327.819,325.659,323.437,321.149,318.792,316.362,313.858,311.276,308.614,305.873,303.053,300.156,297.187,294.154,291.066,287.937,284.785,281.627,278.485,275.38,272.33,269.354,266.465,263.673,260.986,258.407,255.936,253.572,251.313,249.154,247.091,245.118,243.23,241.422,239.689,238.026,236.429,234.894,233.416,231.991,230.618,229.291,228.009,226.769,225.568,224.403,223.274,222.178,221.113,220.077,219.069,218.088,217.132,216.2,215.291,214.403,213.536,212.689,211.861,211.05
387.043,385.992,384.929,383.855,382.768,381.669,380.558,379.433,378.295,377.143,375.976,374.794,373.597,372.384,371.154,369.907,368.643,367.36,366.058,364.736,363.394,362.03,360.644,359.234,357.801,356.342,354.857,353.344,351.802,350.23,348.627,346.99,345.319,343.611,341.864,340.078,338.248,336.374,334.453,332.481,330.458,328.379,326.241,324.042,321.779,319.448,317.047,314.572,312.021,309.393,306.686,303.9,301.038,298.104,295.104,292.046,288.945,285.815,282.674,279.542,276.44,273.387,270.4,267.495,264.683,261.972,259.366,256.868,254.476,252.188,250.001,247.911,245.911,243.998,242.166,240.41,238.725,237.108,235.552,234.056,232.614,231.223,229.881,228.584,227.33,226.115,224.938,223.797,222.689,221.613,220.567,219.549,218.559,217.594,216.653,215.735,214.84,213.965,213.11,212.275,211.458
387.255,386.207,385.147,384.076,382.994,381.898,380.791,379.67,378.536,377.387,376.225,375.048,373.855,372.647,371.423,370.181,368.922,367.645,366.349,365.033,363.697,362.34,360.961,359.559,358.133,356.682,355.205,353.702,352.169,350.607,349.014,347.389,345.729,344.033,342.3,340.527,338.712,336.854,334.949,332.995,330.991,328.932,326.815,324.639,322.4,320.095,317.721,315.275,312.755,310.159,307.485,304.734,301.906,299.006,296.039,293.013,289.94,286.833,283.711,280.591,277.494,274.439,271.444,268.525,265.695,262.961,260.331,257.805,255.386,253.07,250.855,248.737,246.711,244.773,242.916,241.137,239.43,237.792,236.217,234.701,233.242,231.834,230.476,229.164,227.895,226.667,225.477,224.324,223.204,222.117,221.06,220.033,219.032,218.058,217.108,216.182,215.279,214.396,213.534,212.692,211.868
387.466,386.421,385.365,384.297,383.218,382.126,381.022,379.905,378.775,377.631,376.473,375.3,374.112,372.909,371.689,370.453,369.199,367.928,366.638,365.328,363.998,362.648,361.276,359.881,358.463,357.02,355.552,354.057,352.534,350.981,349.399,347.784,346.136,344.452,342.732,340.972,339.172,337.329,335.44,333.504,331.517,329.478,327.383,325.229,323.013,320.733,318.386,315.968,313.478,310.913,308.271,305.553,302.76,299.894,296.96,293.965,290.921,287.839,284.736,281.63,278.541,275.486,272.486,269.555,266.708,263.954,261.299,258.748,256.302,253.958,251.716,249.571,247.518,245.554,243.673,241.871,240.142,238.482,236.887,235.352,233.875,232.45,231.076,229.748,228.465,227.223,226.02,224.854,223.723,222.625,221.557,220.519,219.509,218.525,217.567,216.632,215.72,214.83,213.961,213.111,212.28
387.676,386.634,385.581,384.517,383.441,382.353,381.253,380.14,379.014,377.874,376.72,375.551,374.368,373.17,371.955,370.724,369.475,368.209,366.925,365.621,364.298,362.954,361.589,360.201,358.79,357.356,355.895,354.409,352.895,351.353,349.78,348.176,346.539,344.867,343.159,341.413,339.627,337.798,335.926,334.006,332.038,330.017,327.942,325.81,323.618,321.362,319.041,316.651,314.189,311.655,309.045,306.36,303.6,300.767,297.866,294.904,291.888,288.832,285.751,282.66,279.58,276.529,273.525,270.584,267.722,264.949,262.272,259.696,257.223,254.853,252.583,250.411,248.332,246.342,244.437,242.611,240.859,239.178,237.562,236.009,234.513,233.071,231.68,230.337,229.039,227.783,226.567,225.389,224.245,223.135,222.057,221.009,219.989,218.996,218.028,217.085,216.165,215.267,214.39,213.533,212.695
387.885,386.847,385.797,384.736,383.664,382.579,381.483,380.373,379.251,378.115,376.965,375.801,374.623,373.429,372.219,370.993,369.75,368.489,367.21,365.913,364.596,363.258,361.9,360.519,359.116,357.689,356.237,354.759,353.254,351.721,350.158,348.564,346.938,345.278,343.583,341.849,340.077,338.263,336.406,334.503,332.552,330.55,328.495,326.384,324.214,321.983,319.687,317.323,314.89,312.385,309.806,307.154,304.426,301.627,298.759,295.828,292.842,289.813,286.753,283.68,280.611,277.565,274.559,271.612,268.737,265.946,263.248,260.648,258.15,255.753,253.456,251.257,249.152,247.137,245.207,243.357,241.583,239.88,238.244,236.671,235.156,233.697,232.29,230.931,229.618,228.348,227.118,225.927,224.771,223.65,222.561,221.502,220.472,219.469,218.492,217.54,216.612,215.706,214.821,213.957,213.112
388.094,387.058,386.012,384.954,383.885,382.804,381.711,380.606,379.487,378.355,377.21,376.05,374.876,373.687,372.482,371.261,370.023,368.767,367.494,366.203,364.892,363.561,362.209,360.835,359.439,358.02,356.576,355.106,353.61,352.086,350.533,348.95,347.334,345.686,344.002,342.282,340.523,338.723,336.881,334.995,333.061,331.077,329.041,326.951,324.803,322.595,320.323,317.986,315.581,313.104,310.556,307.935,305.24,302.473,299.638,296.738,293.783,290.78,287.744,284.69,281.634,278.594,275.589,272.636,269.75,266.944,264.226,261.604,259.081,256.659,254.336,252.11,249.979,247.938,245.983,244.109,242.312,240.588,238.931,237.338,235.805,234.328,232.904,231.529,230.201,228.917,227.673,226.469,225.301,224.168,223.068,221.998,220.958,219.946,218.96,217.999,217.062,216.148,215.255,214.383,213.531
388.301,387.269,386.226,385.171,384.106,383.028,381.939,380.837,379.722,378.595,377.453,376.298,375.128,373.943,372.743,371.527,370.294,369.044,367.777,366.491,365.186,363.861,362.516,361.149,359.76,358.348,356.912,355.451,353.963,352.448,350.905,349.332,347.727,346.09,344.418,342.71,340.964,339.179,337.352,335.481,333.564,331.598,329.581,327.511,325.384,323.198,320.951,318.639,316.261,313.813,311.294,308.704,306.041,303.306,300.503,297.635,294.709,291.735,288.723,285.689,282.647,279.617,276.614,273.658,270.763,267.943,265.207,262.564,260.017,257.57,255.221,252.969,250.812,248.745,246.766,244.868,243.048,241.302,239.624,238.011,236.459,234.964,233.523,232.132,230.789,229.49,228.233,227.015,225.835,224.69,223.578,222.498,221.447,220.425,219.43,218.46,217.514,216.592,215.692,214.812,213.953
388.508,387.479,386.439,385.388,384.325,383.251,382.165,381.067,379.957,378.833,377.695,376.544,375.379,374.199,373.003,371.792,370.564,369.32,368.057,366.777,365.478,364.16,362.821,361.461,360.079,358.674,357.246,355.793,354.314,352.808,351.274,349.711,348.116,346.49,344.83,343.134,341.402,339.63,337.817,335.962,334.061,332.113,330.114,328.064,325.958,323.794,321.57,319.284,316.931,314.511,312.021,309.461,306.829,304.126,301.355,298.518,295.623,292.676,289.69,286.676,283.651,280.631,277.634,274.676,271.774,268.941,266.189,263.526,260.957,258.485,256.111,253.834,251.651,249.559,247.555,245.633,243.79,242.022,240.323,238.69,237.119,235.606,234.147,232.74,231.381,230.067,228.796,227.565,226.373,225.215,224.092,223.001,221.94,220.908,219.903,218.924,217.97,217.039,216.131,215.244,214.377
388.714,387.688,386.651,385.603,384.544,383.474,382.391,381.297,380.19,379.07,377.936,376.79,375.628,374.453,373.262,372.055,370.833,369.593,368.337,367.062,365.769,364.456,363.124,361.771,360.396,358.999,357.578,356.133,354.662,353.165,351.64,350.087,348.503,346.887,345.238,343.555,341.835,340.077,338.278,336.438,334.553,332.621,330.641,328.61,326.524,324.382,322.181,319.919,317.592,315.199,312.737,310.206,307.605,304.933,302.193,299.388,296.523,293.605,290.644,287.653,284.645,281.637,278.646,275.689,272.782,269.94,267.173,264.491,261.901,259.406,257.007,254.704,252.496,250.379,248.35,246.404,244.538,242.747,241.027,239.374,237.784,236.252,234.777,233.353,231.978,230.649,229.364,228.12,226.914,225.745,224.61,223.507,222.436,221.394,220.379,219.391,218.428,217.489,216.572,215.678,214.803
388.92,387.896,386.862,385.818,384.762,383.695,382.616,381.525,380.422,379.306,378.176,377.034,375.877,374.705,373.519,372.317,371.1,369.866,368.614,367.345,366.058,364.752,363.425,362.079,360.711,359.321,357.907,356.47,355.008,353.519,352.004,350.46,348.886,347.281,345.643,343.971,342.264,340.519,338.734,336.909,335.039,333.125,331.162,329.149,327.084,324.963,322.784,320.545,318.244,315.877,313.443,310.941,308.369,305.728,303.019,300.245,297.41,294.52,291.586,288.617,285.629,282.635,279.652,276.698,273.788,270.936,268.157,265.458,262.848,260.33,257.907,255.58,253.347,251.205,249.151,247.181,245.292,243.479,241.738,240.064,238.454,236.904,235.411,233.97,232.579,231.236,229.936,228.678,227.459,226.278,225.131,224.017,222.935,221.883,220.859,219.861,218.889,217.941,217.017,216.114,215.232
389.124,388.104,387.073,386.031,384.979,383.915,382.84,381.752,380.653,379.541,378.415,377.277,376.124,374.957,373.775,372.578,371.366,370.136,368.89,367.627,366.345,365.045,363.725,362.385,361.024,359.64,358.235,356.805,355.351,353.871,352.364,350.83,349.266,347.671,346.044,344.384,342.689,340.957,339.186,337.375,335.521,333.622,331.677,329.682,327.636,325.536,323.379,321.163,318.886,316.545,314.138,311.664,309.122,306.511,303.832,301.089,298.284,295.423,292.515,289.571,286.602,283.623,280.65,277.701,274.789,271.932,269.14,266.426,263.797,261.258,258.813,256.461,254.203,252.036,249.958,247.965,246.052,244.216,242.454,240.759,239.13,237.561,236.05,234.592,233.186,231.827,230.512,229.241,228.009,226.814,225.656,224.531,223.438,222.375,221.341,220.334,219.353,218.397,217.464,216.553,215.664
389.328,388.31,387.283,386.244,385.195,384.135,383.063,381.979,380.883,379.774,378.653,377.518,376.37,375.207,374.03,372.838,371.63,370.406,369.165,367.907,366.631,365.336,364.023,362.689,361.334,359.958,358.56,357.138,355.692,354.22,352.722,351.197,349.642,348.058,346.442,344.793,343.11,341.391,339.633,337.836,335.997,334.115,332.186,330.209,328.182,326.102,323.966,321.773,319.52,317.204,314.823,312.377,309.863,307.282,304.633,301.92,299.145,296.313,293.432,290.512,287.564,284.602,281.641,278.697,275.786,272.924,270.123,267.395,264.749,262.19,259.722,257.347,255.065,252.873,250.771,248.754,246.818,244.96,243.175,241.46,239.811,238.224,236.694,235.22,233.796,232.422,231.093,229.807,228.562,227.355,226.184,225.048,223.944,222.871,221.826,220.81,219.82,218.855,217.913,216.995,216.098
389.531,388.516,387.492,386.456,385.41,384.353,383.285,382.204,381.112,380.007,378.89,377.759,376.615,375.456,374.284,373.096,371.893,370.674,369.438,368.185,366.915,365.626,364.319,362.991,361.643,360.274,358.883,357.468,356.03,354.567,353.077,351.561,350.016,348.442,346.837,345.199,343.527,341.82,340.076,338.293,336.469,334.602,332.69,330.73,328.722,326.661,324.546,322.375,320.145,317.853,315.499,313.079,310.593,308.041,305.422,302.739,299.993,297.19,294.337,291.441,288.515,285.571,282.623,279.687,276.779,273.913,271.105,268.364,265.702,263.124,260.635,258.237,255.931,253.716,251.589,249.548,247.59,245.709,243.903,242.167,240.498,238.891,237.343,235.852,234.412,233.022,231.678,230.378,229.119,227.899,226.716,225.568,224.453,223.369,222.315,221.289,220.289,219.315,218.365,217.439,216.534
389.733,388.722,387.7,386.668,385.625,384.571,383.506,382.429,381.34,380.239,379.125,377.999,376.859,375.704,374.536,373.353,372.155,370.94,369.71,368.462,367.198,365.915,364.613,363.292,361.95,360.588,359.203,357.796,356.366,354.911,353.43,351.923,350.387,348.823,347.228,345.601,343.941,342.246,340.515,338.745,336.935,335.083,333.188,331.245,329.255,327.213,325.119,322.969,320.761,318.494,316.164,313.771,311.313,308.789,306.199,303.545,300.829,298.055,295.229,292.359,289.455,286.529,283.596,280.669,277.765,274.899,272.084,269.333,266.656,264.06,261.551,259.132,256.803,254.564,252.414,250.349,248.367,246.464,244.636,242.879,241.19,239.564,237.998,236.488,235.032,233.626,232.267,230.953,229.68,228.448,227.252,226.092,224.966,223.871,222.807,221.771,220.762,219.779,218.82,217.885,216.973
389.935,388.926,387.907,386.878,385.838,384.788,383.726,382.652,381.567,380.47,379.36,378.237,377.101,375.951,374.787,373.609,372.415,371.205,369.98,368.738,367.478,366.201,364.905,363.59,362.255,360.899,359.522,358.122,356.7,355.252,353.78,352.281,350.755,349.2,347.616,346,344.351,342.668,340.949,339.193,337.397,335.56,333.68,331.755,329.782,327.759,325.684,323.556,321.37,319.126,316.821,314.454,312.022,309.526,306.965,304.34,301.653,298.907,296.109,293.264,290.384,287.478,284.56,281.644,278.746,275.881,273.061,270.301,267.611,264.999,262.471,260.03,257.679,255.417,253.243,251.155,249.15,247.224,245.374,243.597,241.887,240.242,238.657,237.13,235.657,234.235,232.861,231.532,230.246,229,227.792,226.62,225.482,224.377,223.302,222.256,221.238,220.245,219.278,218.335,217.414
390.136,389.13,388.114,387.088,386.051,385.003,383.945,382.875,381.793,380.7,379.594,378.475,377.343,376.197,375.037,373.863,372.674,371.469,370.249,369.012,367.758,366.486,365.196,363.887,362.558,361.209,359.839,358.446,357.031,355.592,354.127,352.637,351.12,349.575,348.001,346.395,344.757,343.086,341.38,339.637,337.855,336.032,334.167,332.258,330.303,328.298,326.243,324.135,321.971,319.75,317.469,315.126,312.721,310.252,307.719,305.123,302.464,299.747,296.976,294.158,291.301,288.416,285.514,282.611,279.72,276.857,274.035,271.268,268.566,265.939,263.393,260.932,258.559,256.274,254.078,251.966,249.938,247.99,246.119,244.32,242.59,240.925,239.322,237.777,236.287,234.849,233.459,232.115,230.815,229.556,228.335,227.151,226.002,224.885,223.8,222.744,221.716,220.715,219.739,218.787,217.858
390.336,389.332,388.319,387.296,386.263,385.219,384.163,383.097,382.019,380.928,379.826,378.711,377.583,376.441,375.286,374.116,372.932,371.732,370.516,369.284,368.036,366.769,365.485,364.182,362.859,361.517,360.153,358.768,357.36,355.928,354.472,352.991,351.483,349.947,348.382,346.787,345.16,343.501,341.806,340.076,338.307,336.499,334.65,332.757,330.818,328.831,326.795,324.707,322.564,320.365,318.107,315.79,313.41,310.968,308.462,305.894,303.264,300.575,297.832,295.04,292.207,289.343,286.459,283.57,280.688,277.828,275.006,272.233,269.521,266.88,264.317,261.837,259.443,257.136,254.917,252.783,250.732,248.762,246.868,245.048,243.298,241.613,239.992,238.429,236.922,235.467,234.062,232.703,231.389,230.116,228.883,227.686,226.525,225.398,224.301,223.235,222.198,221.187,220.202,219.242,218.305
390.535,389.535,388.525,387.504,386.474,385.433,384.381,383.318,382.243,381.156,380.058,378.946,377.822,376.685,375.533,374.368,373.188,371.993,370.782,369.555,368.312,367.051,365.772,364.475,363.159,361.823,360.466,359.087,357.687,356.263,354.815,353.342,351.842,350.316,348.761,347.176,345.56,343.911,342.229,340.511,338.756,336.962,335.127,333.249,331.327,329.358,327.34,325.271,323.15,320.972,318.738,316.444,314.09,311.674,309.195,306.654,304.052,301.391,298.675,295.909,293.101,290.259,287.394,284.519,281.648,278.794,275.972,273.195,270.474,267.821,265.243,262.745,260.331,258.003,255.761,253.605,251.531,249.539,247.623,245.782,244.011,242.307,240.666,239.085,237.561,236.09,234.669,233.295,231.966,230.68,229.434,228.225,227.052,225.913,224.806,223.73,222.682,221.662,220.668,219.699,218.754
390.734,389.736,388.729,387.712,386.684,385.646,384.597,383.537,382.466,381.383,380.288,379.181,378.06,376.927,375.78,374.619,373.443,372.253,371.047,369.825,368.587,367.331,366.058,364.767,363.457,362.127,360.776,359.405,358.011,356.595,355.155,353.69,352.199,350.682,349.136,347.561,345.956,344.319,342.648,340.942,339.2,337.42,335.599,333.737,331.831,329.879,327.879,325.83,323.728,321.572,319.36,317.09,314.76,312.369,309.917,307.404,304.829,302.196,299.507,296.768,293.984,291.164,288.319,285.46,282.6,279.753,276.933,274.154,271.427,268.762,266.17,263.654,261.221,258.873,256.61,254.431,252.336,250.321,248.384,246.521,244.73,243.006,241.346,239.747,238.205,236.717,235.28,233.892,232.548,231.248,229.989,228.767,227.582,226.432,225.314,224.227,223.17,222.14,221.137,220.159,219.206
390.932,389.937,388.932,387.918,386.894,385.859,384.813,383.756,382.689,381.609,380.518,379.414,378.297,377.168,376.025,374.868,373.697,372.511,371.31,370.093,368.86,367.61,366.342,365.057,363.752,362.429,361.085,359.72,358.334,356.925,355.493,354.036,352.554,351.045,349.509,347.944,346.349,344.722,343.063,341.369,339.64,337.873,336.067,334.219,332.329,330.394,328.412,326.381,324.299,322.164,319.974,317.726,315.421,313.055,310.629,308.142,305.595,302.989,300.327,297.614,294.855,292.059,289.234,286.391,283.544,280.706,277.89,275.109,272.377,269.703,267.097,264.566,262.115,259.747,257.462,255.262,253.145,251.108,249.149,247.266,245.454,243.71,242.031,240.413,238.854,237.349,235.896,234.492,233.134,231.82,230.547,229.313,228.116,226.954,225.826,224.728,223.66,222.621,221.609,220.622,219.66
391.129,390.137,389.135,388.124,387.102,386.07,385.028,383.975,382.91,381.834,380.746,379.646,378.533,377.408,376.269,375.116,373.95,372.768,371.572,370.36,369.132,367.887,366.625,365.345,364.047,362.729,361.392,360.034,358.654,357.253,355.828,354.379,352.905,351.406,349.879,348.323,346.738,345.122,343.474,341.793,340.076,338.322,336.53,334.697,332.822,330.904,328.939,326.926,324.863,322.748,320.58,318.355,316.073,313.732,311.331,308.87,306.35,303.771,301.136,298.449,295.716,292.942,290.138,287.313,284.48,281.652,278.841,276.061,273.324,270.643,268.025,265.48,263.011,260.624,258.319,256.098,253.959,251.9,249.92,248.015,246.183,244.419,242.721,241.085,239.508,237.986,236.517,235.097,233.725,232.396,231.11,229.863,228.654,227.48,226.34,225.232,224.154,223.105,222.084,221.088,220.117
391.325,390.336,389.337,388.329,387.31,386.281,385.242,384.192,383.131,382.058,380.974,379.877,378.768,377.647,376.512,375.364,374.201,373.024,371.832,370.625,369.402,368.162,366.906,365.632,364.339,363.028,361.697,360.345,358.973,357.578,356.161,354.72,353.255,351.763,350.245,348.7,347.125,345.519,343.882,342.212,340.507,338.767,336.988,335.17,333.31,331.407,329.46,327.465,325.421,323.326,321.178,318.975,316.716,314.399,312.023,309.588,307.094,304.542,301.934,299.273,296.564,293.815,291.032,288.226,285.407,282.59,279.785,277.008,274.269,271.581,268.953,266.394,263.909,261.504,259.179,256.937,254.777,252.697,250.696,248.77,246.917,245.133,243.416,241.761,240.166,238.627,237.142,235.707,234.319,232.977,231.677,230.417,229.195,228.01,226.858,225.739,224.651,223.592,222.561,221.556,220.577
391.521,390.534,389.538,388.533,387.517,386.491,385.455,384.408,383.35,382.281,381.2,380.107,379.002,377.885,376.754,375.609,374.451,373.279,372.092,370.889,369.671,368.436,367.185,365.916,364.63,363.324,362,360.655,359.289,357.902,356.492,355.059,353.601,352.119,350.609,349.073,347.508,345.913,344.287,342.628,340.935,339.207,337.442,335.637,333.793,331.906,329.975,327.997,325.972,323.896,321.769,319.587,317.351,315.057,312.706,310.296,307.828,305.302,302.72,300.085,297.402,294.676,291.915,289.128,286.326,283.52,280.724,277.949,275.21,272.517,269.88,267.309,264.809,262.386,260.043,257.781,255.6,253.499,251.476,249.53,247.656,245.853,244.116,242.442,240.829,239.273,237.771,236.32,234.918,233.561,232.247,230.974,229.74,228.543,227.38,226.25,225.151,224.082,223.042,222.028,221.039
391.716,390.732,389.739,388.736,387.723,386.701,385.667,384.624,383.569,382.503,381.426,380.337,379.235,378.121,376.994,375.854,374.7,373.532,372.35,371.152,369.939,368.709,367.463,366.2,364.919,363.619,362.301,360.962,359.603,358.223,356.82,355.395,353.945,352.471,350.971,349.443,347.888,346.303,344.688,343.04,341.359,339.643,337.891,336.101,334.271,332.399,330.484,328.524,326.516,324.46,322.352,320.192,317.977,315.707,313.38,310.995,308.552,306.052,303.496,300.887,298.229,295.527,292.788,290.02,287.235,284.442,281.655,278.886,276.147,273.45,270.806,268.224,265.71,263.271,260.91,258.628,256.427,254.305,252.262,250.294,248.4,246.577,244.821,243.128,241.497,239.924,238.405,236.939,235.521,234.149,232.822,231.536,230.289,229.079,227.905,226.764,225.655,224.575,223.525,222.502,221.505
391.911,390.929,389.939,388.939,387.929,386.909,385.879,384.838,383.787,382.724,381.651,380.565,379.467,378.357,377.234,376.098,374.948,373.784,372.606,371.413,370.205,368.98,367.739,366.482,365.206,363.913,362.6,361.268,359.916,358.542,357.147,355.729,354.287,352.821,351.329,349.811,348.265,346.69,345.085,343.449,341.779,340.076,338.336,336.559,334.743,332.887,330.988,329.044,327.054,325.016,322.929,320.789,318.596,316.348,314.044,311.683,309.265,306.791,304.261,301.677,299.044,296.366,293.65,290.903,288.135,285.356,282.58,279.817,277.08,274.381,271.731,269.138,266.612,264.158,261.779,259.479,257.258,255.116,253.052,251.064,249.149,247.306,245.53,243.819,242.17,240.579,239.044,237.561,236.128,234.742,233.4,232.101,230.841,229.619,228.433,227.281,226.161,225.072,224.011,222.979,221.973
392.104,391.126,390.138,389.141,388.134,387.117,386.09,385.052,384.004,382.945,381.874,380.792,379.698,378.592,377.473,376.34,375.195,374.035,372.862,371.673,370.469,369.25,368.014,366.762,365.492,364.204,362.898,361.572,360.226,358.859,357.471,356.06,354.627,353.169,351.685,350.176,348.639,347.074,345.479,343.854,342.196,340.504,338.777,337.014,335.212,333.37,331.486,329.559,327.586,325.567,323.498,321.378,319.207,316.981,314.7,312.363,309.969,307.52,305.015,302.457,299.849,297.195,294.501,291.775,289.025,286.262,283.497,280.741,278.007,275.308,272.653,270.052,267.515,265.046,262.651,260.332,258.092,255.93,253.846,251.838,249.903,248.04,246.245,244.515,242.848,241.239,239.687,238.188,236.739,235.338,233.983,232.67,231.397,230.163,228.965,227.801,226.671,225.571,224.501,223.459,222.444
