N2 dmu_drho [uPa_s/kg/m3] PelePhys
0.0537608,0.0477495,0.0467061,0.0460037,0.0454581,0.0450056,0.0446158,0.0442714,0.0439619,0.0436798,0.0434201,0.0431792,0.042954,0.0427425,0.0425427,0.0423535,0.0421734,0.0420016,0.0418372,0.0416796,0.0415281,0.0413822,0.0412415,0.0411055,0.0409739,0.0408464,0.0407228,0.0406026,0.0404858,0.0403722,0.0402615,0.0401535,0.0400482,0.0399454,0.0398449,0.0397466,0.0396505,0.0395564,0.0394642,0.0393738,0.0392853,0.0391983,0.0391131,0.0390293,0.0389471,0.0388662,0.0387868,0.0387086,0.0386317,0.0385561,0.0384816,0.0384083,0.0383361,0.0382649,0.0381948,0.0381257,0.0380575,0.0379903,0.037924,0.0378586,0.037794,0.0377303,0.0376673,0.0376052,0.0375438,0.0374832,0.0374232,0.037364,0.0373055,0.0372476,0.0371904,0.0371338,0.0370779,0.0370225,0.0369678,0.0369136,0.03686,0.0368069,0.0367543,0.0367023,0.0366508,0.0365999,0.0365494,0.0364993,0.0364498,0.0364007,0.0363521,0.0363039,0.0362561,0.0362088,0.0361619,0.0361154,0.0360693,0.0360236,0.0359783,0.0359334,0.0358888,0.0358446,0.0358008,0.0357573,0.0357141
0.0553417,0.0484121,0.0470835,0.0462848,0.0456881,0.0452033,0.0447908,0.0444295,0.0441067,0.043814,0.0435455,0.0432971,0.0430656,0.0428486,0.042644,0.0424504,0.0422666,0.0420913,0.0419238,0.0417633,0.0416092,0.041461,0.041318,0.04118,0.0410465,0.0409173,0.0407919,0.0406702,0.040552,0.0404369,0.0403249,0.0402157,0.0401093,0.0400053,0.0399038,0.0398045,0.0397074,0.0396124,0.0395193,0.0394281,0.0393388,0.0392511,0.0391651,0.0390806,0.0389977,0.0389162,0.0388361,0.0387573,0.0386799,0.0386036,0.0385286,0.0384548,0.038382,0.0383104,0.0382398,0.0381702,0.0381016,0.0380339,0.0379672,0.0379013,0.0378364,0.0377722,0.0377089,0.0376464,0.0375846,0.0375236,0.0374634,0.0374038,0.0373449,0.0372868,0.0372292,0.0371723,0.0371161,0.0370604,0.0370054,0.0369509,0.036897,0.0368437,0.0367909,0.0367386,0.0366869,0.0366356,0.0365849,0.0365346,0.0364849,0.0364356,0.0363867,0.0363383,0.0362903,0.0362428,0.0361957,0.036149,0.0361027,0.0360568,0.0360113,0.0359661,0.0359214,0.035877,0.035833,0.0357893,0.035746
0.0561363,0.049479,0.0475267,0.0465948,0.0459351,0.0454122,0.0449739,0.0445938,0.0442565,0.0439522,0.0436743,0.043418,0.0431797,0.0429568,0.0427472,0.0425491,0.0423612,0.0421824,0.0420117,0.0418482,0.0416914,0.0415407,0.0413955,0.0412553,0.0411199,0.0409888,0.0408617,0.0407385,0.0406187,0.0405023,0.0403889,0.0402785,0.0401708,0.0400657,0.0399631,0.0398628,0.0397647,0.0396688,0.0395748,0.0394828,0.0393926,0.0393041,0.0392174,0.0391322,0.0390486,0.0389664,0.0388857,0.0388063,0.0387282,0.0386514,0.0385759,0.0385015,0.0384282,0.038356,0.038285,0.0382149,0.0381458,0.0380777,0.0380105,0.0379443,0.0378789,0.0378143,0.0377506,0.0376877,0.0376256,0.0375642,0.0375036,0.0374437,0.0373845,0.037326,0.0372682,0.037211,0.0371544,0.0370985,0.0370431,0.0369884,0.0369342,0.0368806,0.0368275,0.036775,0.036723,0.0366715,0.0366205,0.03657,0.03652,0.0364705,0.0364214,0.0363728,0.0363246,0.0362768,0.0362295,0.0361826,0.0361361,0.03609,0.0360443,0.035999,0.0359541,0.0359095,0.0358653,0.0358215,0.035778
0.0567195,0.0536349,0.0480736,0.0469425,0.0462022,0.0456341,0.0451662,0.0447649,0.0444116,0.0440948,0.0438067,0.0435419,0.0432964,0.0430674,0.0428524,0.0426496,0.0424575,0.0422749,0.0421008,0.0419343,0.0417747,0.0416214,0.0414738,0.0413315,0.041194,0.0410611,0.0409323,0.0408073,0.040686,0.0405681,0.0404534,0.0403417,0.0402328,0.0401266,0.0400228,0.0399215,0.0398225,0.0397256,0.0396307,0.0395378,0.0394468,0.0393575,0.03927,0.0391841,0.0390997,0.0390169,0.0389355,0.0388555,0.0387768,0.0386995,0.0386233,0.0385484,0.0384746,0.0384019,0.0383303,0.0382598,0.0381902,0.0381217,0.038054,0.0379874,0.0379215,0.0378566,0.0377925,0.0377292,0.0376667,0.037605,0.037544,0.0374838,0.0374243,0.0373654,0.0373072,0.0372497,0.0371929,0.0371366,0.037081,0.037026,0.0369715,0.0369176,0.0368643,0.0368115,0.0367592,0.0367075,0.0366563,0.0366055,0.0365553,0.0365055,0.0364562,0.0364074,0.036359,0.036311,0.0362635,0.0362163,0.0361696,0.0361233,0.0360774,0.0360319,0.0359868,0.0359421,0.0358977,0.0358536,0.03581
0.0571943,0.0551421,0.0488153,0.0473413,0.0464943,0.0458711,0.0453688,0.0449436,0.0445726,0.044242,0.0439429,0.043669,0.0434159,0.0431803,0.0429596,0.0427519,0.0425554,0.0423689,0.0421913,0.0420216,0.0418591,0.0417031,0.0415531,0.0414085,0.041269,0.0411341,0.0410035,0.0408769,0.040754,0.0406346,0.0405185,0.0404055,0.0402953,0.0401879,0.0400831,0.0399807,0.0398806,0.0397827,0.0396869,0.0395932,0.0395013,0.0394112,0.0393229,0.0392363,0.0391512,0.0390677,0.0389856,0.038905,0.0388257,0.0387477,0.038671,0.0385955,0.0385212,0.038448,0.0383759,0.0383049,0.0382348,0.0381658,0.0380978,0.0380306,0.0379644,0.037899,0.0378345,0.0377709,0.037708,0.0376459,0.0375846,0.037524,0.0374641,0.0374049,0.0373465,0.0372886,0.0372315,0.0371749,0.037119,0.0370637,0.0370089,0.0369548,0.0369012,0.0368481,0.0367956,0.0367436,0.0366921,0.0366411,0.0365907,0.0365406,0.0364911,0.036442,0.0363934,0.0363452,0.0362975,0.0362502,0.0362032,0.0361567,0.0361107,0.0360649,0.0360196,0.0359747,0.0359301,0.0358859,0.0358421
0.0576012,0.0559461,0.0501128,0.0478146,0.0468178,0.0461261,0.0455832,0.0451308,0.0447401,0.0443944,0.0440832,0.0437995,0.0435383,0.0432958,0.0430691,0.0428561,0.0426551,0.0424644,0.0422831,0.0421101,0.0419446,0.0417859,0.0416334,0.0414865,0.0413448,0.0412079,0.0410755,0.0409471,0.0408226,0.0407017,0.0405842,0.0404698,0.0403584,0.0402497,0.0401437,0.0400403,0.0399392,0.0398403,0.0397436,0.0396489,0.0395562,0.0394653,0.0393762,0.0392888,0.039203,0.0391187,0.039036,0.0389547,0.0388748,0.0387962,0.0387189,0.0386429,0.038568,0.0384943,0.0384217,0.0383501,0.0382797,0.0382102,0.0381417,0.0380741,0.0380074,0.0379417,0.0378768,0.0378127,0.0377494,0.037687,0.0376253,0.0375643,0.0375041,0.0374446,0.0373858,0.0373277,0.0372702,0.0372133,0.0371571,0.0371015,0.0370465,0.036992,0.0369381,0.0368848,0.036832,0.0367798,0.0367281,0.0366768,0.0366261,0.0365759,0.0365261,0.0364768,0.036428,0.0363796,0.0363316,0.0362841,0.0362369,0.0361902,0.0361439,0.036098,0.0360525,0.0360074,0.0359627,0.0359183,0.0358742
0.0579609,0.0565381,0.0535569,0.0484081,0.0471824,0.0464027,0.0458113,0.0453276,0.0449146,0.0445523,0.044228,0.0439338,0.0436638,0.0434139,0.0431809,0.0429624,0.0427565,0.0425616,0.0423765,0.0422,0.0420314,0.0418698,0.0417147,0.0415654,0.0414215,0.0412825,0.0411482,0.0410181,0.0408919,0.0407694,0.0406504,0.0405346,0.0404219,0.040312,0.0402049,0.0401003,0.0399981,0.0398983,0.0398006,0.039705,0.0396114,0.0395197,0.0394297,0.0393416,0.039255,0.0391701,0.0390867,0.0390047,0.0389242,0.038845,0.0387671,0.0386905,0.0386151,0.0385408,0.0384677,0.0383956,0.0383247,0.0382547,0.0381857,0.0381177,0.0380506,0.0379844,0.0379191,0.0378547,0.037791,0.0377282,0.0376661,0.0376048,0.0375443,0.0374844,0.0374253,0.0373668,0.037309,0.0372518,0.0371953,0.0371394,0.0370841,0.0370294,0.0369752,0.0369216,0.0368686,0.0368161,0.0367641,0.0367126,0.0366617,0.0366112,0.0365612,0.0365117,0.0364626,0.036414,0.0363658,0.036318,0.0362707,0.0362238,0.0361773,0.0361312,0.0360855,0.0360402,0.0359953,0.0359507,0.0359065
0.0582854,0.0570202,0.0549624,0.0492363,0.0476036,0.046706,0.0460554,0.0455352,0.0450971,0.0447162,0.0443777,0.044072,0.0437926,0.0435348,0.0432951,0.0430708,0.0428598,0.0426604,0.0424713,0.0422913,0.0421194,0.0419549,0.041797,0.0416453,0.0414991,0.041358,0.0412217,0.0410897,0.0409619,0.0408378,0.0407173,0.0406001,0.040486,0.0403749,0.0402665,0.0401608,0.0400575,0.0399567,0.039858,0.0397615,0.039667,0.0395744,0.0394837,0.0393947,0.0393074,0.0392218,0.0391376,0.039055,0.0389738,0.038894,0.0388155,0.0387383,0.0386623,0.0385875,0.0385139,0.0384413,0.0383699,0.0382994,0.03823,0.0381615,0.038094,0.0380274,0.0379617,0.0378968,0.0378328,0.0377696,0.0377071,0.0376455,0.0375846,0.0375244,0.0374649,0.0374061,0.037348,0.0372905,0.0372337,0.0371775,0.0371219,0.0370669,0.0370124,0.0369586,0.0369053,0.0368525,0.0368003,0.0367485,0.0366973,0.0366466,0.0365964,0.0365466,0.0364973,0.0364485,0.0364001,0.0363521,0.0363046,0.0362575,0.0362108,0.0361645,0.0361186,0.0360731,0.0360279,0.0359832,0.0359388
0.0585826,0.0574332,0.0557668,0.0507655,0.0481082,0.0470432,0.0463185,0.0457552,0.0452884,0.0448869,0.0445326,0.0442145,0.043925,0.0436588,0.0434119,0.0431815,0.0429651,0.042761,0.0425677,0.0423839,0.0422087,0.0420411,0.0418804,0.0417261,0.0415776,0.0414343,0.041296,0.0411621,0.0410325,0.0409068,0.0407847,0.0406661,0.0405506,0.0404382,0.0403286,0.0402217,0.0401174,0.0400155,0.0399158,0.0398183,0.0397229,0.0396295,0.0395379,0.0394481,0.0393601,0.0392737,0.0391889,0.0391056,0.0390237,0.0389433,0.0388642,0.0387864,0.0387098,0.0386345,0.0385603,0.0384873,0.0384153,0.0383444,0.0382745,0.0382055,0.0381376,0.0380705,0.0380044,0.0379391,0.0378747,0.0378111,0.0377483,0.0376863,0.037625,0.0375645,0.0375046,0.0374455,0.0373871,0.0373293,0.0372722,0.0372157,0.0371598,0.0371045,0.0370498,0.0369956,0.036942,0.036889,0.0368365,0.0367845,0.0367331,0.0366821,0.0366317,0.0365817,0.0365321,0.0364831,0.0364344,0.0363863,0.0363385,0.0362912,0.0362443,0.0361978,0.0361517,0.036106,0.0360607,0.0360158,0.0359712
0.0588577,0.0577978,0.0563643,0.053506,0.0487501,0.0474252,0.0466047,0.0459895,0.0454897,0.0450649,0.0446933,0.0443616,0.0440612,0.0437859,0.0435315,0.0432945,0.0430725,0.0428635,0.0426658,0.0424781,0.0422993,0.0421285,0.041965,0.041808,0.041657,0.0415115,0.041371,0.0412353,0.0411038,0.0409764,0.0408528,0.0407327,0.0406158,0.0405021,0.0403912,0.0402832,0.0401777,0.0400747,0.039974,0.0398756,0.0397792,0.0396849,0.0395925,0.0395019,0.0394131,0.039326,0.0392404,0.0391564,0.0390739,0.0389928,0.0389131,0.0388347,0.0387576,0.0386817,0.038607,0.0385334,0.0384609,0.0383895,0.0383191,0.0382497,0.0381813,0.0381139,0.0380473,0.0379816,0.0379168,0.0378528,0.0377896,0.0377272,0.0376656,0.0376047,0.0375445,0.0374851,0.0374263,0.0373682,0.0373108,0.037254,0.0371978,0.0371422,0.0370872,0.0370328,0.0369789,0.0369256,0.0368729,0.0368207,0.0367689,0.0367177,0.036667,0.0366168,0.036567,0.0365178,0.0364689,0.0364205,0.0363726,0.036325,0.0362779,0.0362312,0.0361849,0.036139,0.0360935,0.0360484,0.0360036
0.0591147,0.0581266,0.0568519,0.0548027,0.0496652,0.0478692,0.0469194,0.0462407,0.0457023,0.0452511,0.0448602,0.0445137,0.0442014,0.0439165,0.0436539,0.0434101,0.0431821,0.0429679,0.0427655,0.0425737,0.0423913,0.0422172,0.0420506,0.0418909,0.0417374,0.0415896,0.041447,0.0413092,0.0411759,0.0410468,0.0409215,0.0407998,0.0406816,0.0405665,0.0404544,0.0403451,0.0402385,0.0401344,0.0400327,0.0399332,0.0398359,0.0397407,0.0396474,0.039556,0.0394664,0.0393785,0.0392923,0.0392076,0.0391244,0.0390426,0.0389623,0.0388833,0.0388056,0.0387291,0.0386538,0.0385797,0.0385067,0.0384348,0.038364,0.0382941,0.0382253,0.0381573,0.0380904,0.0380243,0.037959,0.0378947,0.0378311,0.0377683,0.0377063,0.0376451,0.0375846,0.0375248,0.0374657,0.0374073,0.0373495,0.0372924,0.0372359,0.03718,0.0371247,0.0370701,0.0370159,0.0369624,0.0369094,0.0368569,0.0368049,0.0367535,0.0367025,0.036652,0.0366021,0.0365525,0.0365035,0.0364549,0.0364067,0.0363589,0.0363116,0.0362647,0.0362182,0.0361721,0.0361264,0.0360811,0.0360362
0.0593563,0.0584275,0.0572696,0.0555992,0.0513165,0.0484055,0.0472705,0.046512,0.0459278,0.0454465,0.045034,0.0446712,0.044346,0.0440507,0.0437794,0.0435282,0.043294,0.0430742,0.0428671,0.042671,0.0424847,0.0423072,0.0421375,0.0419749,0.0418188,0.0416686,0.0415238,0.041384,0.0412488,0.0411178,0.0409909,0.0408677,0.0407479,0.0406314,0.040518,0.0404075,0.0402997,0.0401945,0.0400917,0.0399913,0.039893,0.0397969,0.0397027,0.0396105,0.0395201,0.0394314,0.0393444,0.039259,0.0391751,0.0390927,0.0390117,0.0389321,0.0388538,0.0387768,0.0387009,0.0386263,0.0385528,0.0384804,0.038409,0.0383387,0.0382694,0.038201,0.0381336,0.0380671,0.0380014,0.0379367,0.0378727,0.0378096,0.0377472,0.0376856,0.0376248,0.0375646,0.0375052,0.0374464,0.0373884,0.0373309,0.0372742,0.037218,0.0371624,0.0371074,0.037053,0.0369992,0.0369459,0.0368932,0.036841,0.0367893,0.0367381,0.0366874,0.0366372,0.0365874,0.0365381,0.0364893,0.0364409,0.0363929,0.0363454,0.0362983,0.0362516,0.0362053,0.0361594,0.0361139,0.0360688
0.0595848,0.0587059,0.0576386,0.0561985,0.0534709,0.049095,0.0476699,0.0468078,0.0461685,0.0456523,0.0452155,0.0448346,0.0444954,0.0441887,0.0439082,0.0436492,0.0434082,0.0431827,0.0429705,0.04277,0.0425797,0.0423986,0.0422256,0.0420601,0.0419013,0.0417486,0.0416015,0.0414595,0.0413223,0.0411896,0.0410609,0.0409361,0.0408148,0.0406969,0.0405822,0.0404704,0.0403614,0.0402551,0.0401512,0.0400497,0.0399505,0.0398534,0.0397584,0.0396653,0.039574,0.0394846,0.0393968,0.0393107,0.0392261,0.039143,0.0390614,0.0389812,0.0389023,0.0388246,0.0387483,0.0386731,0.038599,0.0385261,0.0384543,0.0383835,0.0383137,0.0382449,0.038177,0.0381101,0.038044,0.0379788,0.0379145,0.037851,0.0377882,0.0377263,0.0376651,0.0376046,0.0375448,0.0374858,0.0374274,0.0373696,0.0373125,0.0372561,0.0372002,0.0371449,0.0370903,0.0370362,0.0369826,0.0369296,0.0368771,0.0368252,0.0367738,0.0367228,0.0366723,0.0366224,0.0365729,0.0365238,0.0364752,0.036427,0.0363793,0.036332,0.0362851,0.0362386,0.0361925,0.0361468,0.0361015
0.059802,0.0589657,0.0579711,0.0566896,0.0546623,0.0500843,0.0481366,0.0471339,0.0464268,0.0458699,0.0454055,0.0450045,0.0446499,0.044331,0.0440404,0.0437731,0.0435251,0.0432934,0.0430759,0.0428706,0.0426762,0.0424913,0.042315,0.0421464,0.0419848,0.0418295,0.0416801,0.0415359,0.0413967,0.0412621,0.0411317,0.0410052,0.0408824,0.040763,0.0406469,0.0405338,0.0404236,0.0403161,0.0402111,0.0401086,0.0400084,0.0399103,0.0398144,0.0397204,0.0396283,0.0395381,0.0394496,0.0393627,0.0392774,0.0391937,0.0391114,0.0390305,0.038951,0.0388728,0.0387958,0.0387201,0.0386455,0.0385721,0.0384997,0.0384284,0.0383582,0.0382889,0.0382206,0.0381532,0.0380868,0.0380212,0.0379564,0.0378925,0.0378294,0.0377671,0.0377055,0.0376447,0.0375846,0.0375252,0.0374665,0.0374084,0.037351,0.0372943,0.0372381,0.0371826,0.0371276,0.0370732,0.0370194,0.0369661,0.0369134,0.0368612,0.0368095,0.0367583,0.0367076,0.0366574,0.0366077,0.0365584,0.0365096,0.0364612,0.0364133,0.0363657,0.0363186,0.0362719,0.0362257,0.0361798,0.0361343
0.0600092,0.0592099,0.0582752,0.057111,0.0554437,0.0517073,0.0487036,0.0474988,0.0467063,0.046101,0.045605,0.0451815,0.0448099,0.0444777,0.0441764,0.0439001,0.0436446,0.0434065,0.0431833,0.0429732,0.0427743,0.0425855,0.0424057,0.0422339,0.0420694,0.0419115,0.0417596,0.0416132,0.0414719,0.0413353,0.0412031,0.0410749,0.0409506,0.0408297,0.0407122,0.0405978,0.0404863,0.0403776,0.0402715,0.0401679,0.0400667,0.0399677,0.0398708,0.0397759,0.039683,0.0395919,0.0395026,0.039415,0.039329,0.0392445,0.0391616,0.0390801,0.0389999,0.0389211,0.0388436,0.0387673,0.0386922,0.0386182,0.0385454,0.0384736,0.0384029,0.0383332,0.0382644,0.0381966,0.0381297,0.0380637,0.0379986,0.0379343,0.0378708,0.0378081,0.0377461,0.037685,0.0376245,0.0375648,0.0375057,0.0374474,0.0373897,0.0373326,0.0372761,0.0372203,0.0371651,0.0371104,0.0370563,0.0370028,0.0369498,0.0368973,0.0368454,0.036794,0.036743,0.0366926,0.0366426,0.0365931,0.0365441,0.0364955,0.0364473,0.0363996,0.0363523,0.0363054,0.0362589,0.0362128,0.0361671
0.0602075,0.0594408,0.0585565,0.0574834,0.0560413,0.0534455,0.0494359,0.0479154,0.0470116,0.0463479,0.0458153,0.0453664,0.0449761,0.0446293,0.0443164,0.0440305,0.0437669,0.043522,0.0432929,0.0430776,0.0428742,0.0426813,0.0424978,0.0423227,0.0421552,0.0419945,0.0418401,0.0416914,0.041548,0.0414094,0.0412753,0.0411454,0.0410194,0.040897,0.040778,0.0406623,0.0405495,0.0404396,0.0403324,0.0402277,0.0401254,0.0400254,0.0399275,0.0398318,0.039738,0.0396461,0.039556,0.0394676,0.0393809,0.0392957,0.0392121,0.0391299,0.0390492,0.0389697,0.0388916,0.0388148,0.0387391,0.0386646,0.0385913,0.038519,0.0384478,0.0383776,0.0383084,0.0382401,0.0381728,0.0381064,0.0380408,0.0379761,0.0379123,0.0378492,0.0377869,0.0377254,0.0376646,0.0376045,0.0375451,0.0374864,0.0374284,0.037371,0.0373143,0.0372582,0.0372026,0.0371477,0.0370933,0.0370395,0.0369863,0.0369336,0.0368814,0.0368297,0.0367785,0.0367278,0.0366776,0.0366279,0.0365786,0.0365298,0.0364814,0.0364335,0.036386,0.0363389,0.0362922,0.0362459,0.0362
0.0603979,0.05966,0.058819,0.0578191,0.0565338,0.0545397,0.0504721,0.0484038,0.0473489,0.0466134,0.0460379,0.0455601,0.0451489,0.0447862,0.0444606,0.0441645,0.0438923,0.0436401,0.0434048,0.043184,0.0429758,0.0427786,0.0425913,0.0424128,0.0422421,0.0420786,0.0419216,0.0417705,0.0416248,0.0414842,0.0413482,0.0412165,0.0410888,0.0409649,0.0408444,0.0407273,0.0406132,0.0405021,0.0403937,0.0402878,0.0401845,0.0400835,0.0399847,0.039888,0.0397933,0.0397006,0.0396097,0.0395205,0.0394331,0.0393472,0.0392629,0.03918,0.0390986,0.0390186,0.0389399,0.0388624,0.0387862,0.0387112,0.0386373,0.0385646,0.0384929,0.0384222,0.0383525,0.0382838,0.0382161,0.0381492,0.0380833,0.0380182,0.0379539,0.0378905,0.0378278,0.0377659,0.0377048,0.0376444,0.0375847,0.0375256,0.0374673,0.0374096,0.0373526,0.0372961,0.0372403,0.0371851,0.0371305,0.0370764,0.0370229,0.0369699,0.0369175,0.0368655,0.0368141,0.0367632,0.0367128,0.0366628,0.0366133,0.0365643,0.0365157,0.0364675,0.0364198,0.0363725,0.0363256,0.0362791,0.036233
0.0605812,0.0598692,0.0590656,0.0581261,0.0569576,0.0553004,0.0519747,0.0489989,0.0477274,0.0469009,0.0462745,0.0457637,0.0453291,0.0449488,0.0446095,0.0443022,0.0440209,0.043761,0.043519,0.0432925,0.0430792,0.0428776,0.0426863,0.0425042,0.0423303,0.0421639,0.0420041,0.0418505,0.0417026,0.0415598,0.0414219,0.0412884,0.041159,0.0410334,0.0409115,0.0407929,0.0406775,0.040565,0.0404554,0.0403485,0.0402441,0.040142,0.0400422,0.0399446,0.0398491,0.0397555,0.0396637,0.0395738,0.0394855,0.039399,0.0393139,0.0392304,0.0391484,0.0390677,0.0389884,0.0389104,0.0388336,0.038758,0.0386836,0.0386103,0.0385381,0.038467,0.0383969,0.0383277,0.0382595,0.0381923,0.0381259,0.0380604,0.0379957,0.0379319,0.0378689,0.0378066,0.0377451,0.0376844,0.0376243,0.037565,0.0375063,0.0374483,0.037391,0.0373342,0.0372781,0.0372226,0.0371677,0.0371134,0.0370596,0.0370063,0.0369536,0.0369015,0.0368498,0.0367986,0.036748,0.0366978,0.036648,0.0365988,0.03655,0.0365016,0.0364537,0.0364062,0.0363591,0.0363124,0.0362661
0.0607581,0.0600693,0.0592987,0.05841,0.0573326,0.0558928,0.0534264,0.0497646,0.0481603,0.0472155,0.0465276,0.0459785,0.0455174,0.0451177,0.0447633,0.0444441,0.0441529,0.0438847,0.0436358,0.0434031,0.0431846,0.0429783,0.0427829,0.042597,0.0424198,0.0422502,0.0420877,0.0419316,0.0417813,0.0416363,0.0414963,0.0413609,0.0412298,0.0411026,0.0409791,0.040859,0.0407423,0.0406285,0.0405177,0.0404096,0.0403041,0.040201,0.0401002,0.0400016,0.0399051,0.0398107,0.0397181,0.0396273,0.0395383,0.039451,0.0393653,0.0392811,0.0391984,0.0391171,0.0390372,0.0389585,0.0388812,0.0388051,0.0387301,0.0386563,0.0385836,0.038512,0.0384414,0.0383718,0.0383031,0.0382355,0.0381687,0.0381028,0.0380377,0.0379735,0.0379101,0.0378475,0.0377856,0.0377245,0.0376641,0.0376045,0.0375455,0.0374872,0.0374295,0.0373725,0.0373161,0.0372603,0.0372051,0.0371504,0.0370964,0.0370429,0.0369899,0.0369375,0.0368856,0.0368342,0.0367833,0.0367328,0.0366829,0.0366334,0.0365844,0.0365358,0.0364876,0.0364399,0.0363926,0.0363457,0.0362993
0.0609291,0.0602614,0.0595199,0.0586748,0.0576708,0.0563848,0.054433,0.0508119,0.0486686,0.0475638,0.0467999,0.0462059,0.0457148,0.0452934,0.0449226,0.0445903,0.0442885,0.0440116,0.0437551,0.0435161,0.043292,0.0430808,0.042881,0.0426913,0.0425105,0.0423378,0.0421724,0.0420136,0.0418609,0.0417137,0.0415716,0.0414343,0.0413013,0.0411724,0.0410473,0.0409258,0.0408076,0.0406926,0.0405805,0.0404712,0.0403645,0.0402603,0.0401585,0.040059,0.0399616,0.0398662,0.0397728,0.0396812,0.0395914,0.0395034,0.0394169,0.039332,0.0392486,0.0391667,0.0390862,0.0390069,0.038929,0.0388523,0.0387769,0.0387025,0.0386293,0.0385572,0.0384861,0.038416,0.038347,0.0382788,0.0382116,0.0381453,0.0380798,0.0380152,0.0379515,0.0378885,0.0378263,0.0377648,0.0377041,0.0376441,0.0375847,0.0375261,0.0374681,0.0374108,0.0373541,0.037298,0.0372425,0.0371876,0.0371333,0.0370795,0.0370263,0.0369736,0.0369215,0.0368698,0.0368187,0.036768,0.0367178,0.0366681,0.0366189,0.0365701,0.0365217,0.0364738,0.0364263,0.0363792,0.0363325
0.0610948,0.0604462,0.0597309,0.0589236,0.0579802,0.0568097,0.055169,0.0521643,0.0492871,0.0479549,0.0470954,0.046448,0.0459225,0.0454767,0.0450877,0.0447413,0.0444281,0.0441417,0.0438773,0.0436315,0.0434015,0.0431852,0.0429809,0.0427871,0.0426027,0.0424267,0.0422582,0.0420967,0.0419414,0.0417919,0.0416477,0.0415084,0.0413735,0.0412429,0.0411162,0.0409931,0.0408735,0.0407571,0.0406437,0.0405332,0.0404254,0.0403201,0.0402173,0.0401167,0.0400184,0.0399221,0.0398278,0.0397354,0.0396449,0.039556,0.0394688,0.0393833,0.0392992,0.0392166,0.0391354,0.0390556,0.0389771,0.0388998,0.0388238,0.0387489,0.0386752,0.0386026,0.038531,0.0384605,0.038391,0.0383224,0.0382547,0.038188,0.0381221,0.0380571,0.037993,0.0379296,0.037867,0.0378052,0.0377441,0.0376838,0.0376242,0.0375652,0.0375069,0.0374493,0.0373923,0.0373359,0.0372801,0.0372249,0.0371703,0.0371163,0.0370628,0.0370099,0.0369575,0.0369056,0.0368542,0.0368033,0.0367529,0.0367029,0.0366534,0.0366044,0.0365558,0.0365077,0.03646,0.0364127,0.0363658
0.0612555,0.0606246,0.0599327,0.0591587,0.0582664,0.0571863,0.0557533,0.0534117,0.0500731,0.0484028,0.047419,0.0467071,0.0461416,0.0456684,0.0452593,0.0448973,0.0445718,0.0442753,0.0440025,0.0437495,0.0435133,0.0432916,0.0430825,0.0428844,0.0426962,0.0425168,0.0423452,0.0421809,0.042023,0.0418711,0.0417247,0.0415832,0.0414465,0.0413141,0.0411857,0.0410611,0.04094,0.0408222,0.0407075,0.0405958,0.0404868,0.0403804,0.0402765,0.0401749,0.0400756,0.0399784,0.0398832,0.03979,0.0396986,0.039609,0.0395211,0.0394348,0.03935,0.0392668,0.0391849,0.0391045,0.0390254,0.0389476,0.038871,0.0387956,0.0387213,0.0386482,0.0385761,0.0385051,0.0384351,0.0383661,0.038298,0.0382309,0.0381646,0.0380992,0.0380347,0.0379709,0.037908,0.0378458,0.0377844,0.0377237,0.0376637,0.0376044,0.0375458,0.0374879,0.0374306,0.0373739,0.0373178,0.0372624,0.0372075,0.0371532,0.0370994,0.0370462,0.0369936,0.0369414,0.0368898,0.0368386,0.036788,0.0367378,0.0366881,0.0366389,0.0365901,0.0365417,0.0364938,0.0364463,0.0363992
0.0614117,0.0607969,0.0601264,0.0593818,0.0585333,0.0575264,0.0562428,0.0543402,0.0510982,0.0489283,0.0477775,0.0469862,0.0463738,0.0458695,0.0454379,0.0450589,0.04472,0.0444126,0.0441307,0.0438701,0.0436274,0.0434,0.0431859,0.0429834,0.0427912,0.0426082,0.0424335,0.0422661,0.0421056,0.0419512,0.0418025,0.041659,0.0415202,0.041386,0.0412559,0.0411297,0.0410071,0.0408878,0.0407718,0.0406588,0.0405486,0.0404411,0.0403361,0.0402335,0.0401332,0.0400351,0.039939,0.0398449,0.0397527,0.0396623,0.0395736,0.0394866,0.0394011,0.0393172,0.0392347,0.0391536,0.0390739,0.0389955,0.0389184,0.0388424,0.0387677,0.038694,0.0386215,0.03855,0.0384795,0.03841,0.0383415,0.0382739,0.0382072,0.0381414,0.0380765,0.0380124,0.037949,0.0378865,0.0378247,0.0377637,0.0377034,0.0376438,0.0375848,0.0375266,0.037469,0.037412,0.0373557,0.0372999,0.0372447,0.0371902,0.0371361,0.0370827,0.0370298,0.0369774,0.0369255,0.0368741,0.0368232,0.0367728,0.0367229,0.0366734,0.0366244,0.0365758,0.0365277,0.03648,0.0364327
0.0615636,0.0609638,0.0603127,0.0595944,0.058784,0.0578378,0.0566675,0.055049,0.0523051,0.0495638,0.0481804,0.0472892,0.0466212,0.046081,0.0456243,0.0452265,0.044873,0.0445538,0.0442624,0.0439936,0.043744,0.0435106,0.0432912,0.0430841,0.0428878,0.042701,0.0425229,0.0423526,0.0421892,0.0420323,0.0418812,0.0417355,0.0415948,0.0414586,0.0413268,0.0411989,0.0410747,0.0409541,0.0408367,0.0407223,0.0406109,0.0405022,0.0403961,0.0402925,0.0401912,0.0400921,0.0399951,0.0399001,0.0398071,0.0397159,0.0396264,0.0395387,0.0394525,0.0393679,0.0392847,0.039203,0.0391227,0.0390437,0.038966,0.0388895,0.0388142,0.03874,0.038667,0.038595,0.0385241,0.0384541,0.0383852,0.0383172,0.0382501,0.0381838,0.0381185,0.038054,0.0379903,0.0379274,0.0378652,0.0378039,0.0377432,0.0376833,0.037624,0.0375654,0.0375075,0.0374502,0.0373936,0.0373376,0.0372821,0.0372273,0.037173,0.0371192,0.0370661,0.0370134,0.0369613,0.0369096,0.0368585,0.0368079,0.0367577,0.036708,0.0366588,0.03661,0.0365617,0.0365137,0.0364663
0.0617116,0.0611258,0.0604924,0.0597978,0.0590209,0.0581258,0.0570449,0.0556227,0.0534001,0.0503551,0.0486414,0.0476212,0.0468861,0.0463044,0.0458193,0.0454007,0.0450312,0.0446994,0.0443975,0.0441201,0.0438631,0.0436234,0.0433985,0.0431865,0.0429859,0.0427953,0.0426137,0.0424402,0.0422739,0.0421144,0.0419608,0.0418129,0.0416701,0.041532,0.0413983,0.0412688,0.041143,0.0410209,0.0409021,0.0407864,0.0406737,0.0405638,0.0404566,0.0403519,0.0402496,0.0401495,0.0400516,0.0399557,0.0398618,0.0397698,0.0396796,0.0395911,0.0395042,0.0394189,0.0393351,0.0392527,0.0391718,0.0390922,0.0390139,0.0389368,0.0388609,0.0387863,0.0387127,0.0386402,0.0385688,0.0384984,0.038429,0.0383606,0.038293,0.0382264,0.0381606,0.0380957,0.0380317,0.0379684,0.0379059,0.0378442,0.0377832,0.0377229,0.0376633,0.0376044,0.0375462,0.0374886,0.0374317,0.0373753,0.0373196,0.0372645,0.0372099,0.0371559,0.0371025,0.0370495,0.0369972,0.0369453,0.0368939,0.0368431,0.0367927,0.0367427,0.0366933,0.0366443,0.0365957,0.0365476,0.0364999
0.061856,0.0612831,0.0606661,0.059993,0.0592456,0.0583945,0.0573862,0.056108,0.0542594,0.0513348,0.0491802,0.0479891,0.0471716,0.0465413,0.0460239,0.0455822,0.0451951,0.0448495,0.0445365,0.0442498,0.043985,0.0437386,0.0435079,0.0432908,0.0430857,0.0428911,0.0427058,0.042529,0.0423598,0.0421975,0.0420414,0.0418912,0.0417462,0.0416062,0.0414706,0.0413393,0.041212,0.0410883,0.040968,0.040851,0.040737,0.0406259,0.0405176,0.0404118,0.0403084,0.0402073,0.0401085,0.0400117,0.0399169,0.0398241,0.039733,0.0396438,0.0395561,0.0394701,0.0393856,0.0393026,0.0392211,0.0391408,0.0390619,0.0389843,0.0389079,0.0388327,0.0387586,0.0386857,0.0386138,0.0385429,0.038473,0.0384041,0.0383362,0.0382691,0.038203,0.0381377,0.0380732,0.0380096,0.0379467,0.0378846,0.0378233,0.0377626,0.0377027,0.0376435,0.037585,0.0375271,0.0374698,0.0374132,0.0373572,0.0373018,0.0372469,0.0371927,0.037139,0.0370858,0.0370332,0.036981,0.0369294,0.0368783,0.0368277,0.0367776,0.0367279,0.0366786,0.0366299,0.0365815,0.0365336
0.0619969,0.0614361,0.0608342,0.0601807,0.0594599,0.0586469,0.0576989,0.0565312,0.0549397,0.0524138,0.049825,0.0484024,0.0474817,0.0467937,0.0462392,0.0457716,0.0453652,0.0450046,0.0446795,0.0443829,0.0441098,0.0438563,0.0436195,0.0433971,0.0431872,0.0429884,0.0427993,0.0426191,0.0424468,0.0422817,0.042123,0.0419704,0.0418232,0.0416811,0.0415437,0.0414106,0.0412815,0.0411563,0.0410345,0.0409161,0.0408009,0.0406885,0.040579,0.040472,0.0403676,0.0402655,0.0401657,0.040068,0.0399724,0.0398787,0.0397868,0.0396968,0.0396084,0.0395217,0.0394365,0.0393528,0.0392706,0.0391898,0.0391103,0.0390321,0.0389551,0.0388794,0.0388048,0.0387313,0.0386589,0.0385876,0.0385172,0.0384479,0.0383795,0.038312,0.0382455,0.0381798,0.0381149,0.0380509,0.0379876,0.0379252,0.0378635,0.0378025,0.0377423,0.0376828,0.0376239,0.0375657,0.0375081,0.0374512,0.0373949,0.0373392,0.0372841,0.0372296,0.0371756,0.0371222,0.0370693,0.0370169,0.036965,0.0369137,0.0368628,0.0368125,0.0367625,0.0367131,0.0366641,0.0366156,0.0365674
0.0621347,0.0615851,0.0609973,0.0603617,0.0596647,0.0588854,0.0579884,0.0569084,0.0555008,0.0533907,0.0506074,0.0488739,0.0478214,0.0470642,0.0464668,0.0459698,0.045542,0.0451649,0.0448268,0.0445197,0.0442377,0.0439767,0.0437334,0.0435053,0.0432905,0.0430873,0.0428943,0.0427105,0.042535,0.0423669,0.0422056,0.0420505,0.0419011,0.0417568,0.0416174,0.0414825,0.0413518,0.0412249,0.0411017,0.0409818,0.0408652,0.0407516,0.0406409,0.0405328,0.0404273,0.0403242,0.0402234,0.0401247,0.0400282,0.0399336,0.0398409,0.0397501,0.039661,0.0395735,0.0394876,0.0394033,0.0393204,0.039239,0.0391589,0.0390801,0.0390025,0.0389262,0.0388511,0.0387771,0.0387042,0.0386324,0.0385616,0.0384918,0.038423,0.0383551,0.0382881,0.038222,0.0381568,0.0380924,0.0380287,0.0379659,0.0379039,0.0378426,0.037782,0.0377221,0.0376629,0.0376044,0.0375466,0.0374893,0.0374328,0.0373768,0.0373214,0.0372666,0.0372123,0.0371586,0.0371055,0.0370529,0.0370008,0.0369492,0.0368981,0.0368475,0.0367973,0.0367476,0.0366984,0.0366497,0.0366013
0.0622694,0.0617304,0.0611556,0.0605366,0.0598613,0.0591117,0.0582586,0.0572503,0.0559802,0.0541888,0.0515297,0.0494217,0.0481977,0.0473557,0.0467081,0.0461778,0.0457262,0.0453311,0.0449789,0.0446602,0.0443688,0.0440998,0.0438497,0.0436157,0.0433957,0.0431878,0.0429908,0.0428033,0.0426245,0.0424533,0.0422893,0.0421316,0.0419798,0.0418334,0.041692,0.0415552,0.0414227,0.0412941,0.0411694,0.0410481,0.0409301,0.0408152,0.0407032,0.040594,0.0404874,0.0403832,0.0402814,0.0401818,0.0400843,0.0399889,0.0398954,0.0398037,0.0397138,0.0396256,0.039539,0.039454,0.0393705,0.0392884,0.0392077,0.0391283,0.0390502,0.0389733,0.0388977,0.0388232,0.0387498,0.0386775,0.0386062,0.0385359,0.0384667,0.0383983,0.0383309,0.0382644,0.0381988,0.038134,0.03807,0.0380068,0.0379444,0.0378827,0.0378218,0.0377616,0.0377021,0.0376433,0.0375851,0.0375276,0.0374707,0.0374144,0.0373588,0.0373037,0.0372491,0.0371952,0.0371418,0.0370889,0.0370366,0.0369847,0.0369334,0.0368825,0.0368322,0.0367823,0.0367328,0.0366839,0.0366353
0.0624013,0.0618723,0.0613097,0.0607059,0.0600503,0.0593273,0.0585125,0.0575639,0.0564008,0.0548404,0.0525005,0.0500679,0.0486195,0.0476722,0.0469653,0.0463969,0.0459185,0.0455035,0.0451359,0.0448049,0.0445034,0.0442259,0.0439685,0.0437283,0.0435028,0.0432902,0.0430888,0.0428975,0.0427152,0.0425409,0.042374,0.0422137,0.0420595,0.0419108,0.0417673,0.0416286,0.0414943,0.0413641,0.0412377,0.0411149,0.0409955,0.0408793,0.0407661,0.0406556,0.0405479,0.0404426,0.0403398,0.0402393,0.0401409,0.0400445,0.0399502,0.0398577,0.039767,0.0396781,0.0395907,0.039505,0.0394208,0.0393381,0.0392567,0.0391768,0.0390981,0.0390207,0.0389445,0.0388694,0.0387955,0.0387227,0.038651,0.0385803,0.0385105,0.0384418,0.0383739,0.038307,0.038241,0.0381758,0.0381114,0.0380478,0.0379851,0.0379231,0.0378618,0.0378013,0.0377414,0.0376823,0.0376238,0.037566,0.0375088,0.0374522,0.0373962,0.0373409,0.0372861,0.0372319,0.0371782,0.0371251,0.0370725,0.0370204,0.0369688,0.0369177,0.0368671,0.036817,0.0367673,0.0367181,0.0366694
0.0625305,0.0620109,0.0614597,0.06087,0.0602325,0.0595335,0.0587523,0.0578544,0.056777,0.0553874,0.053383,0.05083,0.0490988,0.0480189,0.0472409,0.0466283,0.0461198,0.0456828,0.0452984,0.0449541,0.0446416,0.0443551,0.04409,0.0438432,0.043612,0.0433943,0.0431885,0.0429932,0.0428073,0.0426297,0.0424598,0.0422968,0.0421401,0.0419891,0.0418435,0.0417027,0.0415666,0.0414346,0.0413067,0.0411824,0.0410615,0.0409439,0.0408294,0.0407178,0.0406089,0.0405025,0.0403987,0.0402971,0.0401978,0.0401005,0.0400053,0.039912,0.0398205,0.0397308,0.0396427,0.0395563,0.0394714,0.039388,0.0393061,0.0392255,0.0391462,0.0390682,0.0389915,0.0389159,0.0388415,0.0387682,0.0386959,0.0386248,0.0385546,0.0384854,0.0384171,0.0383498,0.0382833,0.0382177,0.038153,0.038089,0.0380259,0.0379635,0.0379019,0.037841,0.0377809,0.0377214,0.0376626,0.0376045,0.037547,0.0374901,0.0374339,0.0373782,0.0373231,0.0372687,0.0372147,0.0371613,0.0371085,0.0370561,0.0370043,0.036953,0.0369022,0.0368518,0.0368019,0.0367525,0.0367035
0.0626571,0.0621465,0.0616059,0.0610294,0.0604085,0.0597313,0.0589799,0.0581257,0.0571187,0.0558596,0.0541269,0.0516913,0.0496507,0.0484022,0.0475379,0.0468739,0.0463311,0.0458697,0.0454667,0.0451079,0.0447838,0.0444876,0.0442144,0.0439606,0.0437233,0.0435004,0.0432899,0.0430904,0.0429007,0.0427198,0.0425468,0.0423809,0.0422216,0.0420683,0.0419205,0.0417777,0.0416396,0.0415059,0.0413762,0.0412504,0.0411281,0.0410091,0.0408933,0.0407804,0.0406703,0.0405629,0.0404579,0.0403553,0.040255,0.0401569,0.0400608,0.0399666,0.0398743,0.0397838,0.039695,0.0396079,0.0395223,0.0394383,0.0393556,0.0392744,0.0391946,0.039116,0.0390387,0.0389626,0.0388876,0.0388138,0.0387411,0.0386694,0.0385988,0.0385291,0.0384604,0.0383927,0.0383258,0.0382598,0.0381947,0.0381304,0.0380669,0.0380041,0.0379422,0.0378809,0.0378204,0.0377606,0.0377015,0.0376431,0.0375853,0.0375281,0.0374716,0.0374157,0.0373603,0.0373055,0.0372513,0.0371977,0.0371446,0.037092,0.0370399,0.0369884,0.0369373,0.0368867,0.0368366,0.036787,0.0367378
0.0627814,0.0622791,0.0617487,0.0611844,0.0605789,0.0599215,0.0591968,0.0583807,0.0574327,0.0562764,0.0547502,0.0525713,0.0502907,0.0488306,0.0478603,0.0471356,0.0465537,0.0460648,0.0456415,0.0452669,0.0449301,0.0446236,0.0443417,0.0440806,0.0438369,0.0436084,0.043393,0.0431892,0.0429956,0.0428112,0.042635,0.0424662,0.0423042,0.0421484,0.0419983,0.0418534,0.0417134,0.0415779,0.0414465,0.041319,0.0411952,0.0410748,0.0409576,0.0408435,0.0407322,0.0406236,0.0405176,0.040414,0.0403127,0.0402136,0.0401166,0.0400216,0.0399285,0.0398372,0.0397476,0.0396597,0.0395735,0.0394887,0.0394055,0.0393236,0.0392432,0.039164,0.0390861,0.0390095,0.038934,0.0388597,0.0387865,0.0387143,0.0386432,0.0385731,0.038504,0.0384358,0.0383685,0.0383021,0.0382365,0.0381719,0.038108,0.0380449,0.0379826,0.037921,0.0378602,0.0378,0.0377406,0.0376818,0.0376237,0.0375663,0.0375094,0.0374532,0.0373976,0.0373425,0.0372881,0.0372342,0.0371808,0.037128,0.0370757,0.0370238,0.0369725,0.0369217,0.0368714,0.0368215,0.0367721
0.0629034,0.0624091,0.0618881,0.0613354,0.0607441,0.0601049,0.0594042,0.0586217,0.0577239,0.0566508,0.0552821,0.0533767,0.0510247,0.0493144,0.0482128,0.0474159,0.0467888,0.0462691,0.0458232,0.0454314,0.045081,0.0447633,0.0444722,0.0442032,0.0439529,0.0437185,0.043498,0.0432896,0.043092,0.0429039,0.0427243,0.0425526,0.0423878,0.0422295,0.042077,0.04193,0.041788,0.0416505,0.0415174,0.0413883,0.041263,0.0411411,0.0410226,0.0409071,0.0407946,0.0406848,0.0405777,0.0404731,0.0403708,0.0402707,0.0401728,0.0400769,0.0399829,0.0398908,0.0398005,0.0397119,0.0396249,0.0395395,0.0394556,0.0393731,0.039292,0.0392123,0.0391338,0.0390566,0.0389806,0.0389058,0.038832,0.0387594,0.0386878,0.0386172,0.0385476,0.038479,0.0384113,0.0383445,0.0382786,0.0382135,0.0381492,0.0380858,0.0380231,0.0379612,0.0379,0.0378395,0.0377798,0.0377207,0.0376623,0.0376045,0.0375474,0.0374909,0.037435,0.0373797,0.0373249,0.0372707,0.0372171,0.037164,0.0371115,0.0370594,0.0370079,0.0369568,0.0369063,0.0368562,0.0368065
0.0630232,0.0625365,0.0620245,0.0614825,0.0609045,0.060282,0.0596032,0.0588505,0.057996,0.0569916,0.0557459,0.0540725,0.0518265,0.0498655,0.0486017,0.0477178,0.0470383,0.0464836,0.0460126,0.0456019,0.0452366,0.044907,0.044606,0.0443288,0.0440713,0.0438308,0.0436049,0.0433918,0.0431899,0.042998,0.042815,0.0426401,0.0424725,0.0423116,0.0421567,0.0420074,0.0418633,0.0417239,0.041589,0.0414582,0.0413313,0.041208,0.041088,0.0409712,0.0408575,0.0407465,0.0406383,0.0405325,0.0404292,0.0403282,0.0402293,0.0401325,0.0400377,0.0399448,0.0398537,0.0397644,0.0396766,0.0395905,0.0395059,0.0394228,0.0393411,0.0392608,0.0391817,0.039104,0.0390274,0.038952,0.0388778,0.0388047,0.0387326,0.0386616,0.0385915,0.0385225,0.0384543,0.0383871,0.0383208,0.0382553,0.0381907,0.0381268,0.0380638,0.0380015,0.03794,0.0378792,0.0378191,0.0377597,0.037701,0.0376429,0.0375855,0.0375287,0.0374725,0.0374169,0.0373619,0.0373074,0.0372535,0.0372002,0.0371474,0.0370951,0.0370433,0.036992,0.0369412,0.0368909,0.036841
0.0631409,0.0626614,0.0621579,0.0616261,0.0610604,0.0604534,0.0597945,0.0590685,0.0582518,0.0573054,0.056158,0.0546682,0.0526304,0.0504933,0.0490344,0.0480451,0.0473041,0.0467094,0.0462104,0.0457789,0.0453975,0.045055,0.0447434,0.0444573,0.0441924,0.0439454,0.0437138,0.0434957,0.0432894,0.0430935,0.042907,0.0427288,0.0425583,0.0423946,0.0422373,0.0420857,0.0419394,0.0417981,0.0416613,0.0415288,0.0414003,0.0412754,0.041154,0.0410359,0.0409208,0.0408087,0.0406993,0.0405924,0.0404881,0.0403861,0.0402862,0.0401886,0.0400929,0.0399991,0.0399072,0.0398171,0.0397287,0.0396418,0.0395566,0.0394728,0.0393904,0.0393095,0.0392299,0.0391515,0.0390744,0.0389985,0.0389238,0.0388501,0.0387776,0.0387061,0.0386356,0.0385661,0.0384975,0.0384299,0.0383631,0.0382972,0.0382322,0.038168,0.0381046,0.038042,0.0379801,0.037919,0.0378585,0.0377988,0.0377398,0.0376814,0.0376237,0.0375666,0.0375101,0.0374542,0.0373989,0.0373442,0.0372901,0.0372365,0.0371834,0.0371308,0.0370788,0.0370273,0.0369763,0.0369257,0.0368756
0.0632567,0.0627841,0.0622886,0.0617664,0.0612122,0.0606195,0.0599788,0.059277,0.0584937,0.0575968,0.0565297,0.0551844,0.0533714,0.0511947,0.0495195,0.0484024,0.0475886,0.046948,0.0464175,0.0459629,0.0455639,0.0452075,0.0448846,0.0445891,0.0443161,0.0440623,0.0438248,0.0436015,0.0433905,0.0431905,0.0430003,0.0428188,0.0426452,0.0424787,0.0423188,0.0421649,0.0420164,0.041873,0.0417344,0.0416001,0.0414699,0.0413434,0.0412206,0.0411011,0.0409847,0.0408713,0.0407607,0.0406528,0.0405474,0.0404443,0.0403435,0.0402449,0.0401484,0.0400538,0.0399611,0.0398702,0.039781,0.0396934,0.0396075,0.039523,0.03944,0.0393585,0.0392782,0.0391993,0.0391217,0.0390452,0.0389699,0.0388958,0.0388228,0.0387508,0.0386798,0.0386099,0.0385409,0.0384728,0.0384056,0.0383394,0.0382739,0.0382094,0.0381456,0.0380826,0.0380204,0.0379589,0.0378981,0.0378381,0.0377787,0.03772,0.037662,0.0376046,0.0375478,0.0374917,0.0374361,0.0373811,0.0373267,0.0372728,0.0372195,0.0371667,0.0371144,0.0370627,0.0370114,0.0369606,0.0369103
0.0633706,0.0629045,0.0624167,0.0619035,0.0613602,0.0607808,0.0601569,0.0594769,0.0587234,0.0578694,0.0568691,0.055639,0.0540243,0.0519411,0.0500654,0.0487952,0.0478948,0.0472011,0.0466349,0.0461547,0.0457365,0.0453649,0.0450298,0.0447242,0.0444428,0.0441818,0.043938,0.0437092,0.0434934,0.0432891,0.043095,0.04291,0.0427333,0.0425639,0.0424013,0.0422449,0.0420942,0.0419488,0.0418082,0.041672,0.0415401,0.0414121,0.0412877,0.0411668,0.0410491,0.0409344,0.0408226,0.0407136,0.0406071,0.040503,0.0404012,0.0403017,0.0402042,0.0401088,0.0400152,0.0399235,0.0398336,0.0397453,0.0396586,0.0395735,0.0394899,0.0394077,0.0393269,0.0392474,0.0391691,0.0390921,0.0390163,0.0389417,0.0388681,0.0387957,0.0387242,0.0386538,0.0385844,0.0385159,0.0384483,0.0383816,0.0383158,0.0382509,0.0381867,0.0381234,0.0380608,0.0379989,0.0379378,0.0378775,0.0378178,0.0377588,0.0377004,0.0376427,0.0375857,0.0375292,0.0374734,0.0374181,0.0373634,0.0373093,0.0372557,0.0372027,0.0371502,0.0370982,0.0370466,0.0369956,0.0369451
0.0634827,0.0630229,0.0625424,0.0620377,0.0615046,0.0609376,0.0603293,0.0596692,0.0589424,0.0581259,0.0571822,0.0560455,0.0545937,0.0526805,0.0506762,0.0492298,0.0482262,0.0474705,0.0468638,0.0463551,0.0459156,0.0455275,0.0451794,0.044863,0.0445726,0.0443039,0.0440535,0.043819,0.0435981,0.0433894,0.0431912,0.0430026,0.0428225,0.0426502,0.0424849,0.042326,0.0421729,0.0420253,0.0418827,0.0417447,0.041611,0.0414814,0.0413555,0.0412331,0.041114,0.0409981,0.040885,0.0407748,0.0406672,0.0405621,0.0404593,0.0403588,0.0402604,0.0401641,0.0400697,0.0399772,0.0398865,0.0397975,0.0397101,0.0396243,0.03954,0.0394572,0.0393757,0.0392956,0.0392168,0.0391393,0.0390629,0.0389878,0.0389137,0.0388408,0.0387689,0.038698,0.0386281,0.0385592,0.0384912,0.0384241,0.0383579,0.0382925,0.038228,0.0381643,0.0381013,0.0380391,0.0379777,0.037917,0.037857,0.0377977,0.037739,0.037681,0.0376237,0.0375669,0.0375108,0.0374552,0.0374003,0.0373459,0.037292,0.0372387,0.037186,0.0371337,0.037082,0.0370307,0.03698
0.0635931,0.0631393,0.0626657,0.0621691,0.0616457,0.0610903,0.0604963,0.0598545,0.0591518,0.0583684,0.0574734,0.0564138,0.0550939,0.0533669,0.0513434,0.0497131,0.0485869,0.0477587,0.0471056,0.0465648,0.0461019,0.0456959,0.0453335,0.0450056,0.0447056,0.0444288,0.0441715,0.0439309,0.0437047,0.0434913,0.0432889,0.0430965,0.0429131,0.0427376,0.0425695,0.042408,0.0422525,0.0421027,0.041958,0.0418181,0.0416826,0.0415513,0.0414238,0.0412999,0.0411795,0.0410622,0.0409479,0.0408365,0.0407278,0.0406216,0.0405178,0.0404163,0.040317,0.0402198,0.0401246,0.0400312,0.0399397,0.0398499,0.0397618,0.0396753,0.0395904,0.0395069,0.0394248,0.0393441,0.0392647,0.0391866,0.0391097,0.039034,0.0389595,0.038886,0.0388137,0.0387423,0.038672,0.0386026,0.0385342,0.0384667,0.0384001,0.0383343,0.0382694,0.0382053,0.038142,0.0380795,0.0380177,0.0379566,0.0378963,0.0378367,0.0377777,0.0377194,0.0376617,0.0376047,0.0375483,0.0374925,0.0374372,0.0373826,0.0373285,0.0372749,0.0372219,0.0371694,0.0371174,0.0370659,0.0370149
0.0637018,0.0632538,0.0627867,0.0622979,0.0617835,0.0612391,0.0606585,0.0600335,0.0593526,0.0585989,0.0577461,0.0567512,0.0555385,0.0539815,0.0520393,0.0502502,0.0489819,0.0480684,0.0473619,0.046785,0.046296,0.0458704,0.0454926,0.0451522,0.044842,0.0445566,0.044292,0.044045,0.0438133,0.0435949,0.0433882,0.0431919,0.0430049,0.0428262,0.0426552,0.042491,0.0423331,0.0421809,0.0420341,0.0418922,0.0417549,0.0416219,0.0414928,0.0413674,0.0412455,0.0411268,0.0410113,0.0408987,0.0407888,0.0406815,0.0405766,0.0404742,0.0403739,0.0402758,0.0401797,0.0400856,0.0399933,0.0399027,0.0398139,0.0397267,0.039641,0.0395569,0.0394742,0.0393929,0.0393129,0.0392342,0.0391568,0.0390805,0.0390055,0.0389315,0.0388587,0.0387868,0.038716,0.0386462,0.0385774,0.0385095,0.0384424,0.0383763,0.038311,0.0382465,0.0381828,0.03812,0.0380578,0.0379964,0.0379358,0.0378758,0.0378165,0.0377579,0.0376999,0.0376426,0.0375859,0.0375298,0.0374743,0.0374194,0.037365,0.0373112,0.0372579,0.0372052,0.0371529,0.0371012,0.03705
0.0638089,0.0633664,0.0629057,0.0624242,0.0619184,0.0613843,0.0608162,0.0602068,0.0595458,0.0588186,0.0580029,0.0570631,0.0559387,0.054526,0.0527236,0.0508408,0.0494162,0.0484028,0.0476345,0.0470167,0.0464987,0.0460515,0.045657,0.0453033,0.0449821,0.0446875,0.0444151,0.0441615,0.0439239,0.0437004,0.0434891,0.0432887,0.0430981,0.0429161,0.042742,0.042575,0.0424145,0.04226,0.042111,0.0419671,0.0418279,0.0416931,0.0415623,0.0414354,0.041312,0.041192,0.0410752,0.0409613,0.0408502,0.0407418,0.0406359,0.0405324,0.0404312,0.0403322,0.0402352,0.0401402,0.0400471,0.0399558,0.0398662,0.0397783,0.0396919,0.0396071,0.0395238,0.0394419,0.0393613,0.039282,0.039204,0.0391273,0.0390517,0.0389772,0.0389038,0.0388316,0.0387603,0.03869,0.0386207,0.0385524,0.038485,0.0384184,0.0383527,0.0382879,0.0382238,0.0381606,0.0380981,0.0380364,0.0379754,0.0379151,0.0378555,0.0377965,0.0377383,0.0376806,0.0376236,0.0375673,0.0375115,0.0374563,0.0374016,0.0373476,0.037294,0.037241,0.0371886,0.0371366,0.0370851
0.0639145,0.0634773,0.0630227,0.0625481,0.0620505,0.0615261,0.0609696,0.0603746,0.059732,0.0590287,0.0582459,0.0573537,0.056303,0.0550101,0.0533631,0.0514737,0.0498948,0.0487657,0.0479257,0.0472613,0.0467109,0.0462399,0.0458271,0.045459,0.045126,0.0448217,0.0445411,0.0442803,0.0440367,0.0438078,0.0435917,0.0433871,0.0431926,0.0430072,0.0428299,0.0426601,0.042497,0.0423401,0.0421888,0.0420428,0.0419017,0.041765,0.0416326,0.041504,0.0413792,0.0412578,0.0411396,0.0410244,0.0409122,0.0408026,0.0406956,0.0405911,0.0404889,0.0403889,0.0402911,0.0401952,0.0401013,0.0400092,0.0399188,0.0398302,0.0397431,0.0396576,0.0395736,0.0394911,0.0394099,0.0393301,0.0392515,0.0391742,0.0390981,0.0390231,0.0389492,0.0388765,0.0388047,0.038734,0.0386643,0.0385955,0.0385277,0.0384607,0.0383946,0.0383294,0.038265,0.0382013,0.0381385,0.0380764,0.0380151,0.0379545,0.0378945,0.0378353,0.0377767,0.0377188,0.0376615,0.0376048,0.0375488,0.0374933,0.0374384,0.037384,0.0373302,0.037277,0.0372243,0.0371721,0.0371204
0.0640187,0.0635866,0.0631377,0.0626698,0.06218,0.0616646,0.0611192,0.0605376,0.0599118,0.0592303,0.0584768,0.0576261,0.0566378,0.0554443,0.0539433,0.0521242,0.05042,0.0491611,0.0482381,0.0475203,0.0469335,0.0464361,0.0460034,0.0456196,0.0452741,0.0449594,0.04467,0.0444018,0.0441517,0.0439171,0.0436961,0.0434871,0.0432886,0.0430996,0.042919,0.0427462,0.0425804,0.042421,0.0422674,0.0421193,0.0419762,0.0418377,0.0417035,0.0415733,0.0414469,0.041324,0.0412045,0.041088,0.0409745,0.0408638,0.0407558,0.0406502,0.040547,0.0404461,0.0403473,0.0402505,0.0401558,0.0400629,0.0399717,0.0398824,0.0397946,0.0397084,0.0396238,0.0395406,0.0394588,0.0393783,0.0392992,0.0392213,0.0391447,0.0390692,0.0389948,0.0389216,0.0388494,0.0387782,0.038708,0.0386388,0.0385705,0.0385031,0.0384367,0.038371,0.0383062,0.0382423,0.0381791,0.0381166,0.0380549,0.037994,0.0379337,0.0378742,0.0378153,0.0377571,0.0376995,0.0376425,0.0375862,0.0375304,0.0374752,0.0374206,0.0373666,0.0373131,0.0372601,0.0372076,0.0371557
0.0641214,0.0636942,0.0632509,0.0627893,0.0623069,0.0618002,0.0612651,0.0606961,0.0600858,0.0594243,0.0586971,0.0578829,0.0569481,0.0558376,0.0544642,0.0527611,0.0509887,0.0495931,0.0485745,0.0477956,0.0471677,0.046641,0.0461865,0.0457857,0.0454266,0.0451007,0.044802,0.044526,0.044269,0.0440286,0.0438024,0.0435887,0.0433861,0.0431933,0.0430094,0.0428335,0.0426649,0.0425029,0.042347,0.0421966,0.0420514,0.041911,0.041775,0.0416432,0.0415152,0.0413909,0.0412699,0.0411522,0.0410374,0.0409255,0.0408163,0.0407097,0.0406055,0.0405036,0.0404039,0.0403062,0.0402106,0.0401169,0.040025,0.0399348,0.0398464,0.0397595,0.0396742,0.0395903,0.0395079,0.0394269,0.0393471,0.0392687,0.0391915,0.0391155,0.0390406,0.0389668,0.0388942,0.0388225,0.0387519,0.0386822,0.0386135,0.0385458,0.0384789,0.0384129,0.0383477,0.0382833,0.0382198,0.038157,0.0380949,0.0380336,0.0379731,0.0379132,0.037854,0.0377955,0.0377376,0.0376803,0.0376237,0.0375676,0.0375122,0.0374573,0.037403,0.0373492,0.037296,0.0372433,0.0371911
0.0642229,0.0638003,0.0633623,0.0629069,0.0624314,0.061933,0.0614076,0.0608503,0.0602545,0.0596112,0.0589079,0.0581261,0.0572377,0.0561973,0.0549324,0.0533598,0.0515886,0.0500646,0.0489382,0.0480892,0.0474147,0.0468554,0.0463768,0.0459575,0.0455837,0.045246,0.0449374,0.0446529,0.0443889,0.0441422,0.0439105,0.043692,0.0434851,0.0432884,0.0431011,0.042922,0.0427505,0.0425858,0.0424274,0.0422748,0.0421275,0.0419851,0.0418473,0.0417137,0.0415841,0.0414583,0.0413359,0.0412168,0.0411008,0.0409877,0.0408773,0.0407696,0.0406644,0.0405615,0.0404608,0.0403623,0.0402658,0.0401712,0.0400785,0.0399876,0.0398984,0.0398108,0.0397248,0.0396403,0.0395573,0.0394756,0.0393953,0.0393163,0.0392385,0.039162,0.0390866,0.0390123,0.0389392,0.0388671,0.038796,0.0387259,0.0386567,0.0385885,0.0385212,0.0384548,0.0383893,0.0383245,0.0382606,0.0381975,0.0381351,0.0380734,0.0380125,0.0379523,0.0378928,0.037834,0.0377758,0.0377182,0.0376613,0.037605,0.0375493,0.0374941,0.0374395,0.0373855,0.037332,0.0372791,0.0372266
0.064323,0.063905,0.0634721,0.0630224,0.0625537,0.062063,0.0615468,0.0610005,0.0604182,0.0597917,0.0591101,0.0583574,0.0575096,0.056529,0.0553559,0.053909,0.0521984,0.0505758,0.0493325,0.0484034,0.0476761,0.0470803,0.046575,0.0461356,0.0457459,0.0453954,0.0450762,0.0447829,0.0445113,0.044258,0.0440206,0.0437971,0.0435857,0.043385,0.043194,0.0430116,0.0428371,0.0426697,0.0425088,0.0423538,0.0422043,0.0420599,0.0419202,0.0417849,0.0416537,0.0415263,0.0414024,0.041282,0.0411646,0.0410503,0.0409388,0.04083,0.0407236,0.0406197,0.0405181,0.0404186,0.0403213,0.0402259,0.0401324,0.0400407,0.0399507,0.0398624,0.0397757,0.0396906,0.0396069,0.0395246,0.0394437,0.0393641,0.0392858,0.0392087,0.0391328,0.039058,0.0389844,0.0389118,0.0388402,0.0387697,0.0387001,0.0386315,0.0385638,0.038497,0.038431,0.0383659,0.0383016,0.0382381,0.0381754,0.0381134,0.0380521,0.0379916,0.0379318,0.0378726,0.0378141,0.0377563,0.037699,0.0376424,0.0375864,0.037531,0.0374762,0.0374219,0.0373681,0.0373149,0.0372623
0.0644218,0.0640082,0.0635802,0.0631362,0.0626738,0.0621906,0.0616831,0.0611471,0.0605773,0.0599665,0.0593047,0.0585781,0.0577661,0.0568373,0.0557419,0.0544078,0.0527941,0.0511217,0.0497601,0.0487408,0.0479535,0.0473166,0.0467819,0.0463204,0.0459136,0.0455492,0.0452188,0.0449161,0.0446364,0.0443763,0.0441329,0.043904,0.0436879,0.0434831,0.0432883,0.0431025,0.0429249,0.0427546,0.0425911,0.0424337,0.042282,0.0421356,0.0419939,0.0418568,0.0417239,0.0415949,0.0414696,0.0413477,0.041229,0.0411134,0.0410007,0.0408907,0.0407833,0.0406784,0.0405758,0.0404754,0.0403771,0.0402809,0.0401865,0.0400941,0.0400033,0.0399143,0.0398269,0.0397411,0.0396567,0.0395738,0.0394923,0.0394121,0.0393333,0.0392556,0.0391792,0.0391039,0.0390298,0.0389567,0.0388847,0.0388137,0.0387437,0.0386746,0.0386065,0.0385392,0.0384729,0.0384074,0.0383427,0.0382789,0.0382158,0.0381534,0.0380919,0.038031,0.0379708,0.0379114,0.0378526,0.0377944,0.0377369,0.03768,0.0376237,0.037568,0.0375129,0.0374584,0.0374044,0.0373509,0.037298
0.0645194,0.06411,0.0636868,0.0632481,0.0627919,0.0623157,0.0618164,0.0612903,0.0607322,0.0601358,0.0594923,0.0587893,0.0580093,0.0571255,0.0560965,0.0548604,0.053357,0.0516904,0.0502225,0.049104,0.0482488,0.0475657,0.0469983,0.0465125,0.046087,0.0457078,0.0453653,0.0450525,0.0447644,0.044497,0.0442473,0.0440129,0.0437919,0.0435827,0.043384,0.0431947,0.0430139,0.0428407,0.0426744,0.0425146,0.0423606,0.042212,0.0420684,0.0419294,0.0417947,0.0416641,0.0415372,0.0414139,0.0412939,0.041177,0.0410631,0.040952,0.0408435,0.0407375,0.0406339,0.0405325,0.0404333,0.0403362,0.040241,0.0401478,0.0400563,0.0399665,0.0398784,0.0397919,0.0397069,0.0396233,0.0395412,0.0394604,0.039381,0.0393028,0.0392258,0.03915,0.0390753,0.0390018,0.0389293,0.0388578,0.0387874,0.0387179,0.0386493,0.0385817,0.0385149,0.0384491,0.038384,0.0383198,0.0382563,0.0381936,0.0381317,0.0380705,0.03801,0.0379502,0.0378911,0.0378327,0.0377749,0.0377177,0.0376611,0.0376051,0.0375498,0.0374949,0.0374407,0.037387,0.0373338
0.0646159,0.0642106,0.0637919,0.0633584,0.062908,0.0624385,0.0619471,0.0614301,0.0608831,0.0603002,0.0596735,0.0589921,0.0582406,0.0573964,0.0564247,0.055273,0.0538782,0.0522639,0.0507183,0.0494956,0.048564,0.047829,0.0472251,0.0467125,0.0462666,0.0458714,0.045516,0.0451925,0.0448954,0.0446203,0.044364,0.0441238,0.0438977,0.043684,0.0434812,0.0432882,0.043104,0.0429278,0.0427588,0.0425963,0.04244,0.0422892,0.0421435,0.0420027,0.0418662,0.0417339,0.0416055,0.0414807,0.0413593,0.0412411,0.0411259,0.0410136,0.040904,0.040797,0.0406923,0.04059,0.0404899,0.0403919,0.0402959,0.0402018,0.0401095,0.040019,0.0399301,0.0398429,0.0397572,0.0396731,0.0395903,0.0395089,0.0394289,0.0393501,0.0392726,0.0391963,0.0391211,0.0390471,0.0389741,0.0389022,0.0388313,0.0387613,0.0386924,0.0386243,0.0385572,0.0384909,0.0384254,0.0383608,0.038297,0.038234,0.0381717,0.0381102,0.0380494,0.0379893,0.0379298,0.0378711,0.037813,0.0377555,0.0376986,0.0376424,0.0375867,0.0375316,0.0374771,0.0374231,0.0373697
0.0647112,0.0643098,0.0638956,0.063467,0.0630223,0.0625592,0.0620752,0.061567,0.0610304,0.06046,0.0598488,0.0591871,0.0584615,0.0576524,0.0567305,0.0556514,0.0543561,0.0528234,0.0512416,0.0499172,0.0489013,0.0481079,0.0474633,0.0469212,0.046453,0.0460405,0.0456711,0.0453362,0.0450295,0.0447464,0.0444831,0.0442368,0.0440054,0.0437869,0.0435799,0.0433831,0.0431954,0.043016,0.0428442,0.0426791,0.0425203,0.0423672,0.0422195,0.0420767,0.0419384,0.0418044,0.0416744,0.0415481,0.0414253,0.0413057,0.0411893,0.0410758,0.040965,0.0408569,0.0407512,0.0406479,0.0405468,0.0404479,0.040351,0.0402561,0.040163,0.0400717,0.0399822,0.0398943,0.0398079,0.0397231,0.0396397,0.0395577,0.0394771,0.0393977,0.0393197,0.0392428,0.0391671,0.0390926,0.0390191,0.0389467,0.0388753,0.038805,0.0387356,0.0386671,0.0385995,0.0385328,0.038467,0.038402,0.0383379,0.0382745,0.0382119,0.03815,0.0380888,0.0380284,0.0379687,0.0379096,0.0378512,0.0377934,0.0377362,0.0376797,0.0376238,0.0375684,0.0375136,0.0374594,0.0374057
0.0648054,0.0644079,0.0639979,0.063574,0.0631347,0.0626778,0.0622009,0.061701,0.0611741,0.0606155,0.0600188,0.0593752,0.0586731,0.0578953,0.0570169,0.0560005,0.0547937,0.0533546,0.0517811,0.0503691,0.0492629,0.0484042,0.047714,0.0471393,0.0466468,0.0462154,0.045831,0.0454839,0.0451671,0.0448753,0.0446047,0.044352,0.044115,0.0438916,0.0436801,0.0434794,0.0432881,0.0431055,0.0429306,0.0427628,0.0426015,0.0424462,0.0422963,0.0421515,0.0420113,0.0418756,0.0417439,0.041616,0.0414918,0.0413709,0.0412531,0.0411384,0.0410264,0.0409172,0.0408105,0.0407061,0.0406041,0.0405043,0.0404065,0.0403108,0.0402169,0.0401248,0.0400345,0.0399459,0.0398588,0.0397733,0.0396893,0.0396067,0.0395255,0.0394456,0.0393669,0.0392895,0.0392133,0.0391383,0.0390643,0.0389914,0.0389196,0.0388488,0.0387789,0.03871,0.0386421,0.038575,0.0385088,0.0384434,0.0383788,0.0383151,0.0382521,0.0381899,0.0381284,0.0380677,0.0380076,0.0379482,0.0378895,0.0378314,0.037774,0.0377172,0.037661,0.0376053,0.0375503,0.0374958,0.0374419
0.0648986,0.0645047,0.0640988,0.0636796,0.0632454,0.0627944,0.0623243,0.0618322,0.0613146,0.0607671,0.0601838,0.059557,0.0588762,0.0581266,0.0572867,0.0563248,0.0551954,0.0538503,0.052322,0.0508487,0.0496503,0.0487195,0.0479787,0.0473677,0.0468484,0.0463965,0.045996,0.0456358,0.0453081,0.0450073,0.0447289,0.0444695,0.0442266,0.043998,0.043782,0.0435771,0.0433822,0.0431961,0.0430182,0.0428476,0.0426837,0.042526,0.0423739,0.042227,0.0420849,0.0419474,0.041814,0.0416846,0.0415588,0.0414365,0.0413175,0.0412014,0.0410883,0.0409779,0.0408701,0.0407648,0.0406618,0.040561,0.0404624,0.0403657,0.040271,0.0401782,0.0400871,0.0399978,0.03991,0.0398238,0.0397392,0.0396559,0.0395741,0.0394936,0.0394144,0.0393365,0.0392597,0.0391841,0.0391097,0.0390363,0.038964,0.0388928,0.0388225,0.0387531,0.0386848,0.0386173,0.0385507,0.0384849,0.03842,0.0383559,0.0382925,0.03823,0.0381682,0.0381071,0.0380467,0.037987,0.0379279,0.0378696,0.0378118,0.0377547,0.0376982,0.0376423,0.037587,0.0375323,0.0374781
0.0649907,0.0646004,0.0641985,0.0637837,0.0633545,0.0629092,0.0624455,0.0619609,0.061452,0.0609149,0.0603441,0.0597328,0.0590716,0.0583475,0.0575419,0.0566277,0.0555658,0.0543088,0.0528495,0.0513498,0.0500646,0.0490558,0.0482585,0.0476074,0.0470586,0.0465844,0.0461664,0.0457921,0.045453,0.0451425,0.0448558,0.0445894,0.0443404,0.0441064,0.0438855,0.0436764,0.0434776,0.0432881,0.0431069,0.0429334,0.0427669,0.0426067,0.0424523,0.0423033,0.0421593,0.0420199,0.0418848,0.0417538,0.0416265,0.0415027,0.0413823,0.041265,0.0411507,0.0410391,0.0409302,0.0408238,0.0407198,0.0406181,0.0405186,0.0404211,0.0403255,0.0402319,0.04014,0.0400499,0.0399615,0.0398746,0.0397893,0.0397054,0.039623,0.0395419,0.0394621,0.0393836,0.0393063,0.0392302,0.0391553,0.0390814,0.0390087,0.0389369,0.0388662,0.0387964,0.0387276,0.0386597,0.0385927,0.0385266,0.0384613,0.0383968,0.0383331,0.0382702,0.038208,0.0381466,0.0380859,0.0380259,0.0379665,0.0379078,0.0378498,0.0377924,0.0377356,0.0376795,0.0376239,0.0375688,0.0375144
0.0650819,0.064695,0.0642969,0.0638864,0.063462,0.0630221,0.0625646,0.0620871,0.0615866,0.0610592,0.0605002,0.0599033,0.0592601,0.0585592,0.0577843,0.0569121,0.0559092,0.0547318,0.0533526,0.0518623,0.0505049,0.0494145,0.048555,0.0478594,0.0472782,0.0467796,0.0463426,0.0459533,0.0456018,0.045281,0.0449857,0.0447119,0.0444563,0.0442167,0.0439908,0.0437772,0.0435744,0.0433813,0.0431969,0.0430204,0.042851,0.0426883,0.0425316,0.0423804,0.0422344,0.0420931,0.0419562,0.0418235,0.0416947,0.0415695,0.0414477,0.0413291,0.0412135,0.0411008,0.0409908,0.0408833,0.0407783,0.0406756,0.0405751,0.0404767,0.0403803,0.0402859,0.0401933,0.0401024,0.0400132,0.0399257,0.0398397,0.0397551,0.0396721,0.0395904,0.03951,0.039431,0.0393531,0.0392765,0.0392011,0.0391267,0.0390535,0.0389813,0.0389101,0.0388399,0.0387706,0.0387023,0.0386349,0.0385684,0.0385027,0.0384378,0.0383738,0.0383105,0.038248,0.0381862,0.0381252,0.0380649,0.0380052,0.0379462,0.0378879,0.0378302,0.0377731,0.0377167,0.0376608,0.0376055,0.0375508
0.065172,0.0647886,0.0643942,0.0639878,0.063568,0.0631333,0.0626817,0.062211,0.0617184,0.0612003,0.0606523,0.0600689,0.0594423,0.0587625,0.0580152,0.0571804,0.0562292,0.0551227,0.0538251,0.052374,0.0509681,0.0497968,0.0488697,0.0481248,0.0475079,0.0469826,0.0465251,0.0461195,0.0457548,0.0454231,0.0451186,0.0448369,0.0445746,0.044329,0.044098,0.0438797,0.0436727,0.0434758,0.043288,0.0431084,0.0429362,0.0427709,0.0426117,0.0424583,0.0423102,0.042167,0.0420284,0.0418939,0.0417635,0.0416368,0.0415136,0.0413936,0.0412768,0.0411629,0.0410517,0.0409432,0.0408371,0.0407334,0.040632,0.0405327,0.0404355,0.0403402,0.0402468,0.0401552,0.0400652,0.039977,0.0398903,0.0398051,0.0397214,0.0396391,0.0395582,0.0394786,0.0394002,0.039323,0.0392471,0.0391722,0.0390985,0.0390258,0.0389542,0.0388835,0.0388138,0.0387451,0.0386773,0.0386104,0.0385443,0.038479,0.0384146,0.038351,0.0382881,0.038226,0.0381647,0.038104,0.038044,0.0379847,0.0379261,0.0378681,0.0378108,0.037754,0.0376979,0.0376423,0.0375873
0.0652613,0.064881,0.0644903,0.0640879,0.0636725,0.0632428,0.0627969,0.0623327,0.0618475,0.0613382,0.0608007,0.0602298,0.0596186,0.0589582,0.058236,0.0574346,0.056529,0.055485,0.0542653,0.0528731,0.0514479,0.0502026,0.049204,0.048405,0.0477487,0.0471941,0.0467143,0.0462911,0.0459122,0.0455689,0.0452547,0.0449647,0.0446953,0.0444435,0.044207,0.0439838,0.0437725,0.0435717,0.0433804,0.0431976,0.0430225,0.0428544,0.0426928,0.0425371,0.0423869,0.0422417,0.0421011,0.041965,0.0418329,0.0417047,0.04158,0.0414587,0.0413406,0.0412254,0.0411131,0.0410035,0.0408964,0.0407917,0.0406893,0.0405891,0.040491,0.0403948,0.0403006,0.0402082,0.0401176,0.0400286,0.0399412,0.0398554,0.039771,0.0396881,0.0396066,0.0395264,0.0394474,0.0393697,0.0392932,0.0392179,0.0391437,0.0390705,0.0389984,0.0389273,0.0388572,0.038788,0.0387198,0.0386525,0.038586,0.0385204,0.0384556,0.0383916,0.0383284,0.038266,0.0382043,0.0381433,0.038083,0.0380234,0.0379644,0.0379062,0.0378485,0.0377915,0.0377351,0.0376792,0.037624
0.0653496,0.0649725,0.0645852,0.0641867,0.0637757,0.0633508,0.0629103,0.0624523,0.0619743,0.0614733,0.0609456,0.0603864,0.0597896,0.059147,0.0584477,0.0576762,0.056811,0.0558224,0.0546743,0.0533508,0.0519355,0.0506307,0.0495589,0.0487012,0.0480015,0.0474149,0.0469107,0.0464685,0.0460745,0.0457188,0.0453942,0.0450955,0.0448185,0.0445602,0.0443179,0.0440897,0.0438739,0.0436691,0.0434741,0.043288,0.0431098,0.042939,0.0427748,0.0426167,0.0424643,0.0423171,0.0421747,0.0420367,0.041903,0.0417732,0.041647,0.0415243,0.0414049,0.0412885,0.041175,0.0410642,0.040956,0.0408503,0.0407469,0.0406458,0.0405468,0.0404498,0.0403548,0.0402616,0.0401702,0.0400805,0.0399924,0.0399059,0.0398209,0.0397373,0.0396552,0.0395744,0.0394949,0.0394167,0.0393396,0.0392638,0.0391891,0.0391154,0.0390428,0.0389713,0.0389007,0.0388312,0.0387625,0.0386948,0.0386279,0.0385619,0.0384967,0.0384324,0.0383688,0.038306,0.038244,0.0381827,0.038122,0.0380621,0.0380029,0.0379443,0.0378864,0.037829,0.0377723,0.0377162,0.0376607
0.065437,0.065063,0.0646791,0.0642843,0.0638774,0.0634572,0.0630219,0.0625699,0.0620987,0.0616056,0.0610871,0.060539,0.0599556,0.0593295,0.058651,0.0579067,0.0570776,0.0561379,0.0550545,0.0538021,0.0524208,0.0510775,0.049935,0.0490144,0.0482674,0.0476456,0.0471149,0.0466522,0.0462418,0.0458728,0.0455372,0.0452293,0.0449444,0.0446792,0.044431,0.0441975,0.043977,0.0437679,0.0435692,0.0433796,0.0431983,0.0430246,0.0428578,0.0426973,0.0425426,0.0423932,0.0422489,0.0421091,0.0419737,0.0418423,0.0417146,0.0415905,0.0414697,0.041352,0.0412373,0.0411254,0.0410161,0.0409093,0.040805,0.0407029,0.040603,0.0405051,0.0404092,0.0403152,0.0402231,0.0401326,0.0400438,0.0399567,0.039871,0.0397868,0.0397041,0.0396227,0.0395426,0.0394638,0.0393862,0.0393099,0.0392346,0.0391605,0.0390875,0.0390155,0.0389445,0.0388744,0.0388054,0.0387372,0.03867,0.0386036,0.038538,0.0384733,0.0384094,0.0383462,0.0382838,0.0382222,0.0381612,0.038101,0.0380414,0.0379826,0.0379243,0.0378667,0.0378097,0.0377533,0.0376976
0.0655236,0.0651526,0.064772,0.0643808,0.0639779,0.0635621,0.0631319,0.0626855,0.0622208,0.0617353,0.0612256,0.0606879,0.0601169,0.0595062,0.0588469,0.0581271,0.0573304,0.0564341,0.0554087,0.0542253,0.0528944,0.051537,0.0503317,0.0493459,0.0485473,0.0478871,0.0473275,0.0468425,0.0464146,0.0460313,0.0456841,0.0453662,0.045073,0.0448007,0.0445461,0.0443071,0.0440817,0.0438683,0.0436656,0.0434725,0.0432879,0.0431113,0.0429417,0.0427787,0.0426217,0.0424702,0.0423238,0.0421822,0.042045,0.0419119,0.0417827,0.0416572,0.041535,0.041416,0.0413,0.041187,0.0410766,0.0409688,0.0408634,0.0407603,0.0406595,0.0405607,0.040464,0.0403692,0.0402763,0.0401851,0.0400956,0.0400077,0.0399214,0.0398365,0.0397532,0.0396712,0.0395905,0.0395112,0.0394331,0.0393562,0.0392804,0.0392058,0.0391323,0.0390598,0.0389883,0.0389179,0.0388484,0.0387798,0.0387122,0.0386454,0.0385794,0.0385144,0.0384501,0.0383866,0.0383238,0.0382618,0.0382006,0.03814,0.0380801,0.0380209,0.0379624,0.0379045,0.0378472,0.0377906,0.0377345
0.0656094,0.0652413,0.0648638,0.0644761,0.0640771,0.0636656,0.0632403,0.0627994,0.0623409,0.0618625,0.0613611,0.0608332,0.060274,0.0596775,0.0590359,0.0583386,0.0575711,0.0567136,0.0557398,0.0546208,0.0533492,0.0520017,0.0507472,0.0496962,0.0488424,0.0481403,0.0475491,0.04704,0.0465931,0.0461946,0.0458349,0.0455066,0.0452046,0.0449246,0.0446635,0.0444188,0.0441882,0.0439703,0.0437635,0.0435666,0.0433788,0.043199,0.0430267,0.0428611,0.0427017,0.042548,0.0423996,0.042256,0.042117,0.0419823,0.0418515,0.0417244,0.0416008,0.0414805,0.0413633,0.041249,0.0411375,0.0410286,0.0409222,0.0408181,0.0407164,0.0406167,0.0405191,0.0404235,0.0403298,0.0402378,0.0401476,0.040059,0.039972,0.0398865,0.0398025,0.0397199,0.0396387,0.0395587,0.0394801,0.0394026,0.0393264,0.0392513,0.0391773,0.0391043,0.0390324,0.0389615,0.0388916,0.0388226,0.0387545,0.0386873,0.038621,0.0385556,0.0384909,0.038427,0.0383639,0.0383016,0.03824,0.0381791,0.038119,0.0380594,0.0380006,0.0379424,0.0378848,0.0378279,0.0377716
0.0656943,0.065329,0.0649546,0.0645703,0.0641751,0.0637678,0.0633471,0.0629114,0.0624589,0.0619873,0.0614939,0.0609753,0.0604271,0.0598439,0.0592187,0.0585419,0.0578008,0.0569781,0.0560505,0.0549906,0.0537811,0.0524632,0.0511779,0.0500653,0.0491535,0.048406,0.0477805,0.0472451,0.0467778,0.046363,0.0459899,0.0456506,0.0453392,0.0450513,0.0447833,0.0445324,0.0442966,0.0440739,0.0438628,0.0436622,0.0434708,0.0432879,0.0431127,0.0429444,0.0427826,0.0426266,0.0424761,0.0423305,0.0421897,0.0420532,0.0419208,0.0417922,0.0416672,0.0415455,0.041427,0.0413115,0.0411988,0.0410888,0.0409814,0.0408763,0.0407736,0.0406731,0.0405746,0.0404781,0.0403836,0.0402909,0.0401999,0.0401106,0.0400229,0.0399368,0.0398521,0.0397689,0.0396871,0.0396065,0.0395273,0.0394493,0.0393726,0.0392969,0.0392224,0.039149,0.0390767,0.0390053,0.0389349,0.0388655,0.038797,0.0387295,0.0386628,0.0385969,0.0385319,0.0384677,0.0384042,0.0383415,0.0382796,0.0382184,0.0381579,0.0380981,0.0380389,0.0379804,0.0379226,0.0378653,0.0378087
0.0657784,0.0654159,0.0650445,0.0646635,0.0642719,0.0638686,0.0634524,0.0630218,0.062575,0.06211,0.0616241,0.0611142,0.0605764,0.0600057,0.0593956,0.0587378,0.0580208,0.0572294,0.0563431,0.0553366,0.0541883,0.0529139,0.0516184,0.0504523,0.0494814,0.0486852,0.0480224,0.0474585,0.046969,0.0465367,0.0461493,0.0457983,0.045477,0.0451807,0.0449054,0.0446483,0.0444069,0.0441792,0.0439637,0.0437591,0.0435642,0.043378,0.0431998,0.0430288,0.0428644,0.0427061,0.0425533,0.0424058,0.0422631,0.0421248,0.0419908,0.0418606,0.0417341,0.0416111,0.0414912,0.0413745,0.0412606,0.0411495,0.041041,0.0409349,0.0408312,0.0407297,0.0406304,0.0405331,0.0404377,0.0403442,0.0402525,0.0401624,0.040074,0.0399872,0.0399019,0.0398181,0.0397357,0.0396546,0.0395748,0.0394963,0.039419,0.0393428,0.0392678,0.0391939,0.0391211,0.0390493,0.0389785,0.0389086,0.0388397,0.0387717,0.0387046,0.0386384,0.038573,0.0385084,0.0384446,0.0383816,0.0383193,0.0382578,0.0381969,0.0381368,0.0380774,0.0380186,0.0379604,0.0379029,0.037846
0.0658618,0.0655019,0.0651335,0.0647557,0.0643676,0.0639682,0.0635564,0.0631306,0.0626893,0.0622305,0.0617517,0.0612502,0.0607222,0.0601631,0.0595672,0.0589269,0.0582319,0.0574689,0.0566197,0.0556614,0.054571,0.0533479,0.052062,0.0508552,0.0498263,0.0489786,0.0482755,0.0476808,0.0471674,0.0467161,0.0463135,0.04595,0.0456182,0.045313,0.0450301,0.0447663,0.0445191,0.0442863,0.0440662,0.0438575,0.0436588,0.0434693,0.043288,0.0431141,0.0429471,0.0427864,0.0426314,0.0424818,0.0423372,0.0421971,0.0420613,0.0419296,0.0418016,0.0416771,0.041556,0.0414379,0.0413229,0.0412106,0.041101,0.0409939,0.0408892,0.0407868,0.0406865,0.0405883,0.0404921,0.0403978,0.0403053,0.0402146,0.0401255,0.040038,0.039952,0.0398676,0.0397845,0.0397028,0.0396225,0.0395434,0.0394655,0.0393889,0.0393134,0.039239,0.0391657,0.0390934,0.0390222,0.0389519,0.0388826,0.0388142,0.0387467,0.03868,0.0386143,0.0385493,0.0384852,0.0384218,0.0383592,0.0382973,0.0382361,0.0381757,0.0381159,0.0380568,0.0379984,0.0379406,0.0378834
0.0659444,0.0655872,0.0652216,0.0648469,0.0644622,0.0640666,0.0636589,0.0632378,0.0628018,0.0623489,0.061877,0.0613834,0.0608646,0.0603166,0.0597339,0.0591097,0.058435,0.0576978,0.056882,0.0559672,0.0549306,0.0537618,0.0525018,0.0512703,0.0501879,0.049287,0.0485406,0.0479125,0.0473733,0.0469017,0.0464828,0.0461058,0.045763,0.0454484,0.0451575,0.0448867,0.0446334,0.0443952,0.0441704,0.0439573,0.0437548,0.0435618,0.0433773,0.0432005,0.0430308,0.0428676,0.0427104,0.0425586,0.042412,0.0422701,0.0421326,0.0419992,0.0418696,0.0417437,0.0416212,0.0415019,0.0413856,0.0412722,0.0411614,0.0410533,0.0409476,0.0408442,0.040743,0.040644,0.0405469,0.0404518,0.0403585,0.040267,0.0401772,0.040089,0.0400024,0.0399173,0.0398336,0.0397513,0.0396704,0.0395907,0.0395123,0.0394352,0.0393592,0.0392843,0.0392105,0.0391377,0.039066,0.0389953,0.0389256,0.0388568,0.0387889,0.0387218,0.0386557,0.0385904,0.0385258,0.0384621,0.0383991,0.0383369,0.0382755,0.0382147,0.0381546,0.0380952,0.0380364,0.0379783,0.0379209
0.0660263,0.0656716,0.0653088,0.0649371,0.0645557,0.0641637,0.0637601,0.0633435,0.0629126,0.0624654,0.0620001,0.061514,0.061004,0.0604663,0.059896,0.0592869,0.0586308,0.0579171,0.0571316,0.0562559,0.0552685,0.0541541,0.0529316,0.0516928,0.050565,0.0496107,0.0488185,0.0481544,0.0475872,0.0470937,0.0466573,0.0462662,0.0459115,0.045587,0.0452876,0.0450096,0.0447499,0.0445061,0.0442763,0.0440588,0.0438522,0.0436556,0.0434678,0.043288,0.0431155,0.0429498,0.0427902,0.0426362,0.0424876,0.0423437,0.0422044,0.0420694,0.0419383,0.0418109,0.041687,0.0415663,0.0414488,0.0413342,0.0412223,0.0411131,0.0410063,0.040902,0.0407999,0.0406999,0.040602,0.040506,0.040412,0.0403197,0.0402292,0.0401403,0.040053,0.0399672,0.0398829,0.0398,0.0397185,0.0396383,0.0395594,0.0394816,0.0394051,0.0393297,0.0392555,0.0391823,0.0391101,0.0390389,0.0389688,0.0388995,0.0388312,0.0387638,0.0386973,0.0386315,0.0385667,0.0385026,0.0384393,0.0383767,0.0383149,0.0382538,0.0381934,0.0381337,0.0380746,0.0380162,0.0379585
0.0661075,0.0657553,0.0653951,0.0650263,0.0646482,0.0642598,0.06386,0.0634478,0.0630217,0.0625801,0.062121,0.0616421,0.0611404,0.0606124,0.0600538,0.0594587,0.0588199,0.0581278,0.0573697,0.0565294,0.0555869,0.0545246,0.0533468,0.0521169,0.0509553,0.0499496,0.0491097,0.0484071,0.0478098,0.0472927,0.0468376,0.0464312,0.046064,0.0457289,0.0454206,0.0451349,0.0448685,0.0446189,0.0443839,0.0441618,0.0439511,0.0437507,0.0435594,0.0433766,0.0432012,0.0430329,0.0428708,0.0427147,0.0425639,0.0424181,0.042277,0.0421402,0.0420075,0.0418786,0.0417532,0.0416313,0.0415124,0.0413966,0.0412836,0.0411733,0.0410655,0.0409601,0.0408571,0.0407562,0.0406574,0.0405606,0.0404658,0.0403727,0.0402814,0.0401918,0.0401039,0.0400174,0.0399325,0.039849,0.0397669,0.0396861,0.0396066,0.0395283,0.0394513,0.0393754,0.0393006,0.0392269,0.0391543,0.0390827,0.0390121,0.0389425,0.0388737,0.0388059,0.038739,0.0386729,0.0386076,0.0385432,0.0384795,0.0384166,0.0383545,0.038293,0.0382323,0.0381723,0.038113,0.0380543,0.0379962
0.066188,0.0658382,0.0654806,0.0651147,0.0647397,0.0643547,0.0639587,0.0635507,0.0631293,0.062693,0.0622399,0.0617678,0.061274,0.0607553,0.0602076,0.0596256,0.0590028,0.0583305,0.0575976,0.0567892,0.0558876,0.0548742,0.0537442,0.0525371,0.0513555,0.0503033,0.0494147,0.0486712,0.0480415,0.0474991,0.0470238,0.0466012,0.0462207,0.0458745,0.0455567,0.0452629,0.0449896,0.0447338,0.0444934,0.0442664,0.0440514,0.0438471,0.0436524,0.0434663,0.043288,0.0431169,0.0429524,0.0427939,0.042641,0.0424932,0.0423502,0.0422117,0.0420773,0.0419469,0.0418201,0.0416967,0.0415766,0.0414595,0.0413453,0.0412339,0.041125,0.0410187,0.0409146,0.0408128,0.0407132,0.0406155,0.0405199,0.040426,0.040334,0.0402437,0.040155,0.0400679,0.0399823,0.0398982,0.0398154,0.0397341,0.039654,0.0395752,0.0394976,0.0394212,0.039346,0.0392718,0.0391987,0.0391267,0.0390556,0.0389855,0.0389164,0.0388482,0.0387808,0.0387144,0.0386487,0.0385839,0.0385199,0.0384567,0.0383942,0.0383324,0.0382714,0.038211,0.0381514,0.0380924,0.038034
0.0662678,0.0659203,0.0655653,0.0652022,0.0648302,0.0644485,0.0640562,0.0636523,0.0632354,0.0628042,0.0623568,0.0618912,0.061405,0.060895,0.0603576,0.0597879,0.05918,0.0585261,0.057816,0.0570369,0.0561722,0.0552042,0.0541224,0.052948,0.0517611,0.0506703,0.0497337,0.0489472,0.048283,0.0477133,0.0472164,0.0467764,0.0463817,0.0460237,0.045696,0.0453937,0.045113,0.0448509,0.0446048,0.0443728,0.0441533,0.043945,0.0437466,0.0435572,0.0433759,0.043202,0.0430349,0.042874,0.0427189,0.0425691,0.0424242,0.0422838,0.0421478,0.0420157,0.0418875,0.0417627,0.0416412,0.0415229,0.0414075,0.0412949,0.041185,0.0410776,0.0409726,0.0408698,0.0407693,0.0406708,0.0405743,0.0404796,0.0403868,0.0402958,0.0402064,0.0401186,0.0400324,0.0399476,0.0398643,0.0397823,0.0397017,0.0396223,0.0395442,0.0394673,0.0393915,0.0393169,0.0392433,0.0391708,0.0390993,0.0390288,0.0389592,0.0388906,0.0388229,0.038756,0.03869,0.0386248,0.0385604,0.0384968,0.038434,0.0383719,0.0383106,0.0382499,0.0381899,0.0381306,0.038072
0.0663469,0.0660018,0.0656493,0.0652888,0.0649198,0.0645413,0.0641526,0.0637526,0.0633401,0.0629137,0.0624718,0.0620125,0.0615335,0.0610318,0.0605041,0.059946,0.0593519,0.058715,0.0580261,0.0572735,0.0564424,0.0555162,0.0544813,0.0533458,0.0521674,0.0510483,0.0500664,0.0492358,0.0485349,0.0479359,0.0474159,0.0469573,0.0465474,0.0461769,0.0458387,0.0455275,0.045239,0.0449701,0.0447182,0.044481,0.0442569,0.0440443,0.0438421,0.0436493,0.0434648,0.0432881,0.0431183,0.042955,0.0427976,0.0426457,0.0424988,0.0423567,0.0422189,0.0420852,0.0419554,0.0418292,0.0417064,0.0415867,0.0414701,0.0413564,0.0412454,0.0411369,0.0410309,0.0409272,0.0408257,0.0407263,0.040629,0.0405336,0.04044,0.0403482,0.0402581,0.0401696,0.0400827,0.0399973,0.0399133,0.0398308,0.0397496,0.0396697,0.039591,0.0395136,0.0394373,0.0393621,0.0392881,0.0392151,0.0391432,0.0390722,0.0390022,0.0389332,0.038865,0.0387978,0.0387314,0.0386658,0.0386011,0.0385372,0.038474,0.0384116,0.0383499,0.0382889,0.0382286,0.038169,0.03811
0.0664254,0.0660825,0.0657324,0.0653746,0.0650084,0.0646331,0.0642478,0.0638516,0.0634433,0.0630216,0.0625851,0.0621318,0.0616596,0.0611658,0.0606473,0.0601,0.059519,0.0588978,0.0582283,0.0575001,0.0566997,0.0558116,0.0548213,0.0537279,0.0525694,0.0514342,0.0504119,0.049537,0.0487975,0.0481674,0.0476225,0.0471441,0.0467181,0.0463342,0.0459849,0.0456642,0.0453677,0.0450918,0.0448336,0.044591,0.044362,0.0441451,0.043939,0.0437426,0.0435549,0.0433752,0.0432027,0.0430369,0.0428772,0.0427231,0.0425742,0.0424301,0.0422906,0.0421553,0.0420239,0.0418962,0.041772,0.0416511,0.0415332,0.0414183,0.0413062,0.0411966,0.0410896,0.0409849,0.0408825,0.0407822,0.040684,0.0405878,0.0404934,0.0404009,0.04031,0.0402208,0.0401333,0.0400472,0.0399626,0.0398795,0.0397977,0.0397172,0.039638,0.03956,0.0394832,0.0394076,0.0393331,0.0392596,0.0391872,0.0391158,0.0390454,0.0389759,0.0389074,0.0388397,0.038773,0.038707,0.0386419,0.0385776,0.0385141,0.0384513,0.0383893,0.038328,0.0382674,0.0382075,0.0381482
0.0665033,0.0661626,0.0658149,0.0654596,0.0650962,0.064724,0.064342,0.0639495,0.0635452,0.0631281,0.0626966,0.062249,0.0617834,0.0612971,0.0607874,0.0602503,0.0596815,0.059075,0.0584235,0.0577176,0.0569452,0.056092,0.0551434,0.054093,0.0529631,0.051824,0.0507687,0.0498508,0.0490713,0.0484082,0.0478368,0.0473371,0.0468939,0.0464959,0.0461348,0.0458042,0.0454991,0.0452158,0.0449512,0.0447029,0.0444689,0.0442475,0.0440373,0.0438372,0.0436462,0.0434634,0.0432881,0.0431197,0.0429576,0.0428013,0.0426503,0.0425043,0.042363,0.042226,0.042093,0.0419638,0.0418382,0.0417159,0.0415968,0.0414807,0.0413674,0.0412567,0.0411487,0.041043,0.0409396,0.0408385,0.0407394,0.0406423,0.0405472,0.0404538,0.0403623,0.0402724,0.0401841,0.0400974,0.0400122,0.0399284,0.039846,0.039765,0.0396852,0.0396067,0.0395294,0.0394532,0.0393782,0.0393043,0.0392314,0.0391596,0.0390887,0.0390188,0.0389499,0.0388818,0.0388147,0.0387483,0.0386829,0.0386182,0.0385543,0.0384912,0.0384289,0.0383672,0.0383063,0.0382461,0.0381865
0.0665805,0.0662419,0.0658966,0.0655438,0.0651831,0.0648138,0.0644351,0.0640461,0.0636458,0.0632331,0.0628065,0.0623645,0.061905,0.061426,0.0609245,0.0603971,0.0598397,0.059247,0.0586122,0.0579268,0.0571801,0.0563589,0.0554489,0.0544408,0.053345,0.0522138,0.0511348,0.0501768,0.0493567,0.0486588,0.0480592,0.0475368,0.0470752,0.0466622,0.0462886,0.0459475,0.0456334,0.0453424,0.0450711,0.0448168,0.0445775,0.0443515,0.0441371,0.0439332,0.0437387,0.0435528,0.0433746,0.0432035,0.0430389,0.0428803,0.0427272,0.0425793,0.0424361,0.0422973,0.0421627,0.042032,0.0419049,0.0417813,0.0416609,0.0415435,0.041429,0.0413173,0.0412081,0.0411015,0.0409971,0.0408951,0.0407951,0.0406972,0.0406012,0.0405071,0.0404148,0.0403242,0.0402352,0.0401478,0.040062,0.0399776,0.0398946,0.0398129,0.0397326,0.0396536,0.0395757,0.0394991,0.0394236,0.0393491,0.0392758,0.0392035,0.0391322,0.0390619,0.0389925,0.0389241,0.0388565,0.0387898,0.038724,0.0386589,0.0385947,0.0385312,0.0384685,0.0384066,0.0383453,0.0382848,0.0382249
0.0666572,0.0663207,0.0659776,0.0656273,0.0652692,0.0649028,0.0645272,0.0641417,0.0637452,0.0633367,0.0629148,0.0624781,0.0620246,0.0615524,0.0610588,0.0605406,0.059994,0.0594141,0.0587949,0.0581285,0.0574053,0.0566133,0.0557391,0.0547715,0.0537129,0.0525993,0.051507,0.050514,0.0496537,0.0489196,0.0482901,0.0477435,0.0472624,0.0468334,0.0464465,0.0460943,0.0457708,0.0454716,0.0451932,0.0449328,0.0446881,0.0444571,0.0442383,0.0440305,0.0438324,0.0436432,0.0434621,0.0432882,0.0431211,0.0429602,0.0428049,0.0426549,0.0425098,0.0423693,0.042233,0.0421007,0.0419722,0.0418471,0.0417254,0.0416068,0.0414911,0.0413783,0.041268,0.0411603,0.041055,0.040952,0.0408511,0.0407524,0.0406556,0.0405607,0.0404676,0.0403762,0.0402866,0.0401985,0.040112,0.040027,0.0399434,0.0398611,0.0397802,0.0397006,0.0396223,0.0395451,0.0394691,0.0393942,0.0393204,0.0392476,0.0391759,0.0391051,0.0390353,0.0389665,0.0388985,0.0388314,0.0387652,0.0386998,0.0386352,0.0385714,0.0385084,0.0384461,0.0383845,0.0383236,0.0382635
0.0667332,0.0663988,0.0660579,0.0657099,0.0653545,0.0649908,0.0646183,0.0642361,0.0638434,0.0634389,0.0630216,0.0625899,0.0621423,0.0616766,0.0611905,0.060681,0.0601446,0.0595767,0.058972,0.0583232,0.0576217,0.0568566,0.0560152,0.0550859,0.0540656,0.052977,0.0518822,0.0508609,0.049962,0.0491908,0.0485298,0.0479576,0.0474556,0.0470097,0.0466088,0.0462447,0.0459113,0.0456036,0.0453178,0.0450509,0.0448005,0.0445644,0.0443411,0.0441292,0.0439274,0.0437349,0.0435506,0.043374,0.0432042,0.0430409,0.0428834,0.0427313,0.0425843,0.0424419,0.042304,0.0421701,0.04204,0.0419135,0.0417904,0.0416705,0.0415537,0.0414396,0.0413283,0.0412196,0.0411133,0.0410093,0.0409075,0.0408079,0.0407102,0.0406145,0.0405207,0.0404286,0.0403382,0.0402495,0.0401623,0.0400766,0.0399924,0.0399096,0.0398281,0.0397479,0.039669,0.0395913,0.0395148,0.0394394,0.0393651,0.0392919,0.0392197,0.0391485,0.0390783,0.039009,0.0389407,0.0388732,0.0388066,0.0387408,0.0386759,0.0386117,0.0385483,0.0384857,0.0384238,0.0383626,0.0383021
0.0668087,0.0664763,0.0661375,0.0657919,0.0654389,0.065078,0.0647085,0.0643296,0.0639403,0.0635399,0.0631269,0.0627002,0.062258,0.0617986,0.0613196,0.0608184,0.0602916,0.0597351,0.0591439,0.0585115,0.0578301,0.0570896,0.0562785,0.055385,0.0544028,0.0533442,0.0522566,0.0512153,0.0502812,0.0494727,0.0487789,0.0481794,0.0476554,0.0471913,0.0467755,0.0463991,0.0460551,0.0457385,0.0454449,0.0451713,0.0449149,0.0446736,0.0444455,0.0442294,0.0440238,0.0438277,0.0436403,0.0434607,0.0432883,0.0431225,0.0429627,0.0428085,0.0426595,0.0425152,0.0423755,0.04224,0.0421084,0.0419804,0.041856,0.0417348,0.0416167,0.0415015,0.041389,0.0412792,0.0411719,0.041067,0.0409643,0.0408637,0.0407652,0.0406687,0.0405741,0.0404812,0.0403901,0.0403007,0.0402128,0.0401265,0.0400417,0.0399582,0.0398762,0.0397954,0.039716,0.0396378,0.0395607,0.0394848,0.0394101,0.0393364,0.0392637,0.0391921,0.0391215,0.0390518,0.038983,0.0389151,0.0388481,0.038782,0.0387167,0.0386521,0.0385884,0.0385254,0.0384632,0.0384017,0.0383409
0.0668836,0.0665531,0.0662165,0.0658731,0.0655226,0.0651644,0.0647977,0.064422,0.0640362,0.0636395,0.0632308,0.0628088,0.062372,0.0619185,0.0614464,0.060953,0.0604353,0.0598895,0.059311,0.0586939,0.058031,0.0573133,0.0565301,0.0556699,0.0547246,0.053699,0.0526269,0.0515747,0.05061,0.0497651,0.0490374,0.0484094,0.0478619,0.0473787,0.0469471,0.0465575,0.0462025,0.0458763,0.0455747,0.045294,0.0450313,0.0447845,0.0445516,0.044331,0.0441215,0.0439219,0.0437311,0.0435486,0.0433734,0.043205,0.0430428,0.0428864,0.0427354,0.0425892,0.0424477,0.0423105,0.0421773,0.0420479,0.041922,0.0417995,0.0416801,0.0415637,0.0414502,0.0413393,0.0412309,0.041125,0.0410213,0.0409199,0.0408205,0.0407232,0.0406278,0.0405342,0.0404423,0.0403522,0.0402636,0.0401766,0.0400912,0.0400071,0.0399245,0.0398432,0.0397632,0.0396844,0.0396068,0.0395305,0.0394552,0.039381,0.0393079,0.0392359,0.0391648,0.0390947,0.0390255,0.0389572,0.0388898,0.0388233,0.0387576,0.0386927,0.0386286,0.0385653,0.0385028,0.0384409,0.0383798
0.066958,0.0666294,0.0662948,0.0659537,0.0656056,0.0652499,0.0648861,0.0645134,0.064131,0.063738,0.0633334,0.0629159,0.0624842,0.0620365,0.0615709,0.061085,0.0605759,0.0600403,0.0594737,0.0588708,0.0582252,0.0575285,0.0567709,0.0559417,0.0550315,0.0540401,0.05299,0.0519361,0.0509471,0.0500678,0.0493057,0.0486478,0.0480755,0.0475719,0.0471236,0.0467201,0.0463534,0.0460174,0.0457072,0.0454191,0.0451499,0.0448974,0.0446594,0.0444343,0.0442206,0.0440172,0.0438232,0.0436375,0.0434595,0.0432884,0.0431239,0.0429652,0.042812,0.042664,0.0425206,0.0423817,0.0422469,0.0421159,0.0419886,0.0418647,0.0417441,0.0416265,0.0415117,0.0413997,0.0412903,0.0411834,0.0410788,0.0409764,0.0408762,0.040778,0.0406817,0.0405874,0.0404948,0.0404039,0.0403147,0.040227,0.0401409,0.0400563,0.039973,0.0398911,0.0398105,0.0397312,0.0396532,0.0395763,0.0395005,0.0394259,0.0393523,0.0392798,0.0392082,0.0391377,0.0390681,0.0389994,0.0389317,0.0388647,0.0387987,0.0387334,0.038669,0.0386053,0.0385424,0.0384803,0.0384188
0.0670318,0.0667051,0.0663725,0.0660336,0.0656878,0.0653346,0.0649735,0.0646038,0.0642247,0.0638353,0.0634346,0.0630216,0.0625947,0.0621526,0.0616932,0.0612144,0.0607136,0.0601875,0.0596321,0.0590426,0.058413,0.0577358,0.057002,0.0562014,0.0553243,0.0543673,0.0533436,0.0522963,0.0512905,0.0503799,0.0495838,0.048895,0.0482966,0.0477715,0.0473054,0.0468872,0.0465082,0.0461617,0.0458425,0.0455467,0.0452708,0.0450123,0.044769,0.0445391,0.0443212,0.044114,0.0439164,0.0437275,0.0435465,0.0433728,0.0432058,0.0430448,0.0428895,0.0427394,0.0425942,0.0424535,0.042317,0.0421845,0.0420558,0.0419305,0.0418085,0.0416897,0.0415737,0.0414606,0.0413501,0.0412422,0.0411366,0.0410333,0.0409322,0.0408331,0.0407361,0.0406409,0.0405475,0.0404559,0.040366,0.0402777,0.0401909,0.0401056,0.0400218,0.0399393,0.0398582,0.0397783,0.0396997,0.0396223,0.039546,0.0394709,0.0393968,0.0393239,0.0392519,0.0391809,0.0391109,0.0390418,0.0389736,0.0389063,0.0388399,0.0387743,0.0387095,0.0386455,0.0385822,0.0385197,0.038458
0.0671051,0.0667803,0.0664496,0.0661128,0.0657693,0.0654186,0.0650601,0.0646933,0.0643173,0.0639314,0.0635346,0.0631258,0.0627037,0.0622668,0.0618134,0.0613415,0.0608485,0.0603314,0.0597866,0.0592097,0.058595,0.0579359,0.057224,0.0564499,0.055604,0.0546804,0.0536861,0.0526525,0.0516377,0.0507005,0.0498714,0.0491511,0.0485254,0.0479776,0.0474928,0.047059,0.046667,0.0463094,0.0459809,0.0456769,0.0453939,0.0451292,0.0448804,0.0446456,0.0444233,0.0442121,0.0440108,0.0438187,0.0436347,0.0434582,0.0432886,0.0431252,0.0429677,0.0428156,0.0426684,0.0425259,0.0423878,0.0422537,0.0421234,0.0419967,0.0418734,0.0417533,0.0416362,0.0415219,0.0414103,0.0413013,0.0411948,0.0410905,0.0409885,0.0408886,0.0407907,0.0406947,0.0406006,0.0405082,0.0404176,0.0403286,0.0402412,0.0401552,0.0400708,0.0399877,0.039906,0.0398256,0.0397464,0.0396685,0.0395917,0.0395161,0.0394416,0.0393681,0.0392957,0.0392243,0.0391539,0.0390844,0.0390158,0.0389481,0.0388813,0.0388153,0.0387501,0.0386858,0.0386222,0.0385593,0.0384972
0.0671779,0.0668548,0.0665261,0.0661913,0.06585,0.0655018,0.0651459,0.0647819,0.064409,0.0640265,0.0636334,0.0632286,0.0628111,0.0623793,0.0619317,0.0614663,0.0609807,0.0604722,0.0599375,0.0593723,0.0587717,0.0581293,0.0574378,0.0566882,0.0558713,0.05498,0.0540163,0.0530021,0.0519861,0.051028,0.0501682,0.0494162,0.0487622,0.0481906,0.047686,0.0472357,0.0468299,0.0464608,0.0461224,0.0458098,0.0455195,0.0452482,0.0449937,0.0447538,0.0445269,0.0443115,0.0441066,0.043911,0.0437239,0.0435446,0.0433723,0.0432065,0.0430467,0.0428925,0.0427434,0.042599,0.0424592,0.0423235,0.0421917,0.0420635,0.0419388,0.0418174,0.0416991,0.0415836,0.041471,0.0413609,0.0412533,0.0411481,0.0410451,0.0409443,0.0408456,0.0407488,0.0406539,0.0405608,0.0404695,0.0403798,0.0402916,0.0402051,0.04012,0.0400363,0.039954,0.039873,0.0397933,0.0397149,0.0396376,0.0395615,0.0394865,0.0394126,0.0393397,0.0392678,0.039197,0.0391271,0.0390581,0.03899,0.0389228,0.0388564,0.0387909,0.0387262,0.0386622,0.0385991,0.0385366
0.0672502,0.0669289,0.066602,0.0662693,0.0659302,0.0655842,0.0652309,0.0648696,0.0644997,0.0641205,0.0637309,0.0633302,0.062917,0.0624902,0.0620481,0.0615889,0.0611104,0.0606101,0.0600848,0.0595308,0.0589432,0.0583166,0.0576439,0.0569171,0.0561272,0.0552666,0.0543339,0.0533432,0.0523332,0.0513607,0.0504733,0.0496901,0.0490073,0.0484107,0.0478852,0.0474176,0.0469973,0.0466159,0.0462671,0.0459456,0.0456475,0.0453695,0.045109,0.0448638,0.0446321,0.0444125,0.0442037,0.0440046,0.0438143,0.043632,0.043457,0.0432887,0.0431266,0.0429702,0.042819,0.0426728,0.0425312,0.0423938,0.0422604,0.0421308,0.0420048,0.041882,0.0417624,0.0416458,0.041532,0.0414208,0.0413122,0.041206,0.0411022,0.0410005,0.0409008,0.0408032,0.0407076,0.0406137,0.0405216,0.0404312,0.0403424,0.0402552,0.0401694,0.0400852,0.0400023,0.0399207,0.0398405,0.0397615,0.0396837,0.0396071,0.0395316,0.0394572,0.0393839,0.0393116,0.0392403,0.0391699,0.0391005,0.039032,0.0389644,0.0388977,0.0388318,0.0387667,0.0387024,0.0386389,0.0385762
0.0673219,0.0670024,0.0666774,0.0663466,0.0660096,0.0656659,0.0653151,0.0649565,0.0645895,0.0642134,0.0638274,0.0634304,0.0630215,0.0625994,0.0621626,0.0617094,0.0612377,0.0607452,0.0602289,0.0596853,0.0591101,0.0584982,0.0578431,0.0571373,0.0563726,0.055541,0.0546388,0.0536741,0.0526764,0.0516964,0.0507857,0.0499728,0.0492606,0.0486381,0.0480907,0.0476048,0.0471692,0.046775,0.0464152,0.0460844,0.0457781,0.045493,0.0452263,0.0449756,0.044739,0.0445149,0.0443021,0.0440994,0.0439058,0.0437204,0.0435426,0.0433718,0.0432073,0.0430486,0.0428954,0.0427473,0.0426038,0.0424648,0.0423298,0.0421987,0.0420712,0.0419471,0.0418262,0.0417084,0.0415934,0.0414812,0.0413716,0.0412644,0.0411595,0.0410569,0.0409564,0.040858,0.0407615,0.0406669,0.040574,0.0404829,0.0403934,0.0403055,0.0402192,0.0401343,0.0400508,0.0399686,0.0398878,0.0398083,0.03973,0.0396528,0.0395769,0.039502,0.0394282,0.0393554,0.0392837,0.0392129,0.0391431,0.0390742,0.0390063,0.0389391,0.0388729,0.0388074,0.0387428,0.0386789,0.0386158
0.0673932,0.0670754,0.0667522,0.0664233,0.0660884,0.0657469,0.0653985,0.0650425,0.0646784,0.0643054,0.0639227,0.0635295,0.0631247,0.0627071,0.0622754,0.0618279,0.0613627,0.0608776,0.0603699,0.0598362,0.0592726,0.0586744,0.0580357,0.0573496,0.0566083,0.0558038,0.0549312,0.053994,0.0530135,0.0520328,0.051104,0.0502635,0.0495222,0.048873,0.0483027,0.0477976,0.0473459,0.0469381,0.0465668,0.0462262,0.0459115,0.045619,0.0453457,0.0450893,0.0448476,0.0446189,0.044402,0.0441955,0.0439984,0.04381,0.0436293,0.0434558,0.0432888,0.0431279,0.0429726,0.0428225,0.0426772,0.0425364,0.0423998,0.0422671,0.0421382,0.0420127,0.0418905,0.0417715,0.0416553,0.041542,0.0414313,0.0413231,0.0412172,0.0411137,0.0410123,0.040913,0.0408157,0.0407203,0.0406267,0.0405349,0.0404447,0.0403561,0.0402691,0.0401836,0.0400995,0.0400168,0.0399354,0.0398553,0.0397765,0.0396988,0.0396223,0.039547,0.0394727,0.0393995,0.0393273,0.0392561,0.0391859,0.0391166,0.0390482,0.0389807,0.0389141,0.0388483,0.0387833,0.038719,0.0386556
0.067464,0.0671478,0.0668264,0.0664994,0.0661665,0.0658273,0.0654812,0.0651277,0.0647663,0.0643963,0.0640169,0.0636273,0.0632265,0.0628133,0.0623865,0.0619445,0.0614856,0.0610076,0.0605079,0.0599836,0.059431,0.0588457,0.0582223,0.0575545,0.0568349,0.056056,0.0552117,0.0543025,0.0533428,0.0523676,0.0514265,0.0505616,0.0497919,0.0491157,0.0485216,0.0479963,0.0475276,0.0471056,0.0467222,0.0463712,0.0460476,0.0457474,0.0454674,0.0452049,0.0449579,0.0447245,0.0445033,0.0442929,0.0440923,0.0439006,0.043717,0.0435408,0.0433713,0.043208,0.0430506,0.0428984,0.0427512,0.0426086,0.0424704,0.0423361,0.0422057,0.0420788,0.0419553,0.041835,0.0417177,0.0416032,0.0414914,0.0413821,0.0412753,0.0411708,0.0410686,0.0409684,0.0408703,0.0407741,0.0406797,0.0405871,0.0404962,0.040407,0.0403193,0.0402331,0.0401484,0.0400651,0.0399832,0.0399025,0.0398231,0.039745,0.039668,0.0395922,0.0395174,0.0394437,0.0393711,0.0392995,0.0392288,0.0391591,0.0390903,0.0390224,0.0389554,0.0388892,0.0388239,0.0387593,0.0386955
0.0675344,0.0672198,0.0669001,0.066575,0.0662441,0.0659069,0.0655631,0.0652122,0.0648535,0.0644864,0.0641101,0.063724,0.063327,0.0629181,0.062496,0.0620594,0.0616064,0.0611351,0.0606432,0.0601278,0.0595856,0.0590124,0.0584034,0.0577526,0.0570533,0.0562982,0.0554809,0.0545995,0.0536629,0.0526986,0.0517513,0.050866,0.0500694,0.049366,0.0487474,0.048201,0.0477145,0.0472775,0.0468814,0.0465196,0.0461867,0.0458784,0.0455913,0.0453226,0.0450701,0.0448317,0.0446061,0.0443917,0.0441875,0.0439924,0.0438058,0.0436267,0.0434546,0.043289,0.0431293,0.042975,0.0428259,0.0426815,0.0425415,0.0424057,0.0422738,0.0421455,0.0420206,0.041899,0.0417804,0.0416648,0.0415519,0.0414416,0.0413338,0.0412283,0.0411252,0.0410241,0.0409251,0.0408281,0.040733,0.0406396,0.040548,0.0404581,0.0403698,0.0402829,0.0401976,0.0401137,0.0400312,0.03995,0.03987,0.0397914,0.0397139,0.0396375,0.0395623,0.0394882,0.0394151,0.039343,0.0392719,0.0392018,0.0391326,0.0390643,0.0389969,0.0389303,0.0388646,0.0387997,0.0387356
0.0676043,0.0672913,0.0669733,0.06665,0.066321,0.065986,0.0656444,0.0652958,0.0649397,0.0645755,0.0642024,0.0638196,0.0634263,0.0630215,0.062604,0.0621724,0.0617251,0.0612603,0.0607758,0.0602689,0.0597365,0.0591747,0.0585792,0.0579443,0.057264,0.0565311,0.0557393,0.054885,0.0539732,0.0530241,0.0520763,0.0511754,0.0503541,0.0496239,0.0489802,0.048412,0.0479069,0.0474541,0.0470447,0.0466715,0.0463288,0.0460121,0.0457176,0.0454424,0.0451841,0.0449407,0.0447104,0.0444918,0.0442839,0.0440854,0.0438956,0.0437137,0.0435389,0.0433708,0.0432088,0.0430524,0.0429013,0.0427551,0.0426133,0.0424759,0.0423424,0.0422126,0.0420864,0.0419635,0.0418437,0.0417268,0.0416128,0.0415015,0.0413926,0.0412862,0.0411821,0.0410802,0.0409803,0.0408825,0.0407865,0.0406925,0.0406001,0.0405095,0.0404205,0.040333,0.040247,0.0401625,0.0400794,0.0399976,0.0399171,0.0398379,0.0397599,0.0396831,0.0396074,0.0395327,0.0394592,0.0393867,0.0393152,0.0392446,0.039175,0.0391063,0.0390385,0.0389716,0.0389055,0.0388402,0.0387757
0.0676737,0.0673623,0.067046,0.0667244,0.0663973,0.0660643,0.065725,0.0653787,0.0650252,0.0646637,0.0642936,0.0639141,0.0635245,0.0631236,0.0627105,0.0622838,0.061842,0.0613834,0.0609059,0.0604071,0.0598839,0.059333,0.0587501,0.0581302,0.0574675,0.0567554,0.0559876,0.0551595,0.054273,0.0533424,0.0523997,0.0514881,0.0506452,0.0498892,0.0492202,0.0486294,0.0481048,0.0476355,0.0472121,0.046827,0.0464741,0.0461485,0.0458464,0.0455644,0.0453001,0.0450514,0.0448163,0.0445935,0.0443816,0.0441796,0.0439865,0.0438016,0.0436242,0.0434535,0.0432892,0.0431306,0.0429774,0.0428293,0.0426858,0.0425466,0.0424116,0.0422803,0.0421527,0.0420284,0.0419073,0.0417893,0.0416742,0.0415617,0.0414518,0.0413444,0.0412394,0.0411365,0.0410358,0.0409371,0.0408404,0.0407455,0.0406525,0.0405611,0.0404714,0.0403833,0.0402967,0.0402116,0.0401278,0.0400455,0.0399645,0.0398847,0.0398062,0.0397288,0.0396526,0.0395775,0.0395035,0.0394305,0.0393586,0.0392876,0.0392176,0.0391485,0.0390803,0.039013,0.0389465,0.0388809,0.0388161
0.0677427,0.0674328,0.0671181,0.0667983,0.0664731,0.0661421,0.0658048,0.0654609,0.0651098,0.064751,0.0643839,0.0640076,0.0636214,0.0632244,0.0628156,0.0623936,0.0619571,0.0615044,0.0610336,0.0605425,0.0600281,0.0594874,0.0589165,0.0583106,0.0576644,0.0569718,0.0562265,0.0554235,0.0545623,0.0536525,0.0527195,0.0518027,0.0509418,0.0501614,0.0494674,0.0488533,0.0483085,0.047822,0.0473839,0.0469863,0.0466227,0.0462879,0.0459777,0.0456887,0.0454182,0.0451639,0.0449239,0.0446966,0.0444807,0.044275,0.0440786,0.0438907,0.0437104,0.0435371,0.0433704,0.0432096,0.0430543,0.0429042,0.0427589,0.042618,0.0424813,0.0423486,0.0422195,0.0420938,0.0419715,0.0418522,0.0417359,0.0416224,0.0415114,0.041403,0.041297,0.0411932,0.0410916,0.0409921,0.0408946,0.0407989,0.0407051,0.040613,0.0405226,0.0404338,0.0403466,0.0402608,0.0401765,0.0400936,0.040012,0.0399317,0.0398526,0.0397747,0.039698,0.0396225,0.039548,0.0394746,0.0394022,0.0393308,0.0392603,0.0391908,0.0391222,0.0390545,0.0389877,0.0389217,0.0388565
0.0678113,0.0675029,0.0671898,0.0668717,0.0665483,0.0662192,0.0658841,0.0655424,0.0651937,0.0648375,0.0644732,0.0641,0.0637173,0.063324,0.0629192,0.0625018,0.0620704,0.0616234,0.0611591,0.0606752,0.0601693,0.0596383,0.0590786,0.0584859,0.0578552,0.0571808,0.0564566,0.0556774,0.0548411,0.0539536,0.0530341,0.0521171,0.0512426,0.0504401,0.0497214,0.0490839,0.0485182,0.0480137,0.0475602,0.0471495,0.0467747,0.0464302,0.0461116,0.0458153,0.0455383,0.0452783,0.0450331,0.0448012,0.0445812,0.0443717,0.0441719,0.0439808,0.0437976,0.0436217,0.0434524,0.0432893,0.043132,0.0429798,0.0428326,0.04269,0.0425517,0.0424174,0.0422868,0.0421598,0.0420361,0.0419156,0.0417981,0.0416834,0.0415714,0.041462,0.041355,0.0412503,0.0411478,0.0410474,0.040949,0.0408526,0.040758,0.0406652,0.0405741,0.0404846,0.0403967,0.0403103,0.0402254,0.0401419,0.0400597,0.0399788,0.0398992,0.0398209,0.0397437,0.0396676,0.0395927,0.0395188,0.0394459,0.0393741,0.0393032,0.0392333,0.0391643,0.0390962,0.039029,0.0389626,0.0388971
0.0678794,0.0675725,0.067261,0.0669446,0.0666229,0.0662958,0.0659626,0.0656232,0.0652769,0.0649232,0.0645617,0.0641915,0.063812,0.0634224,0.0630216,0.0626085,0.062182,0.0617405,0.0612824,0.0608055,0.0603076,0.0597857,0.0592366,0.0586563,0.0580402,0.0573829,0.0566786,0.0559219,0.0551098,0.0542452,0.0533422,0.0524298,0.0515461,0.0507244,0.0499822,0.0493211,0.048734,0.0482107,0.0477412,0.0473168,0.0469303,0.0465757,0.0462483,0.0459443,0.0456606,0.0453946,0.0451441,0.0449075,0.0446831,0.0444698,0.0442664,0.044072,0.0438858,0.0437072,0.0435354,0.0433699,0.0432104,0.0430562,0.0429071,0.0427627,0.0426226,0.0424867,0.0423547,0.0422263,0.0421013,0.0419795,0.0418608,0.0417449,0.0416318,0.0415214,0.0414133,0.0413077,0.0412043,0.041103,0.0410038,0.0409066,0.0408112,0.0407177,0.0406259,0.0405357,0.0404471,0.0403601,0.0402745,0.0401904,0.0401077,0.0400262,0.0399461,0.0398672,0.0397895,0.0397129,0.0396375,0.0395631,0.0394899,0.0394176,0.0393463,0.039276,0.0392066,0.0391381,0.0390705,0.0390037,0.0389378
0.0679471,0.0676417,0.0673317,0.0670169,0.066697,0.0663717,0.0660406,0.0657033,0.0653593,0.0650081,0.0646492,0.064282,0.0639057,0.0635196,0.0631226,0.0627138,0.062292,0.0618558,0.0614036,0.0609334,0.060443,0.0599299,0.0593909,0.0588223,0.0582199,0.0575785,0.0568928,0.0561575,0.0553687,0.0545271,0.0536428,0.0527391,0.0518509,0.0510134,0.0502492,0.0495649,0.0489559,0.0484133,0.0479271,0.0474884,0.0470895,0.0467244,0.0463878,0.0460759,0.0457851,0.0455129,0.0452569,0.0450153,0.0447865,0.0445691,0.0443621,0.0441644,0.0439751,0.0437936,0.0436192,0.0434514,0.0432895,0.0431333,0.0429822,0.042836,0.0426942,0.0425567,0.0424231,0.0422932,0.0421669,0.0420438,0.0419238,0.0418068,0.0416926,0.0415811,0.0414721,0.0413654,0.0412611,0.041159,0.0410589,0.0409609,0.0408647,0.0407704,0.0406779,0.040587,0.0404978,0.0404101,0.0403239,0.0402392,0.0401558,0.0400738,0.0399931,0.0399137,0.0398355,0.0397584,0.0396825,0.0396077,0.0395339,0.0394612,0.0393895,0.0393188,0.039249,0.0391801,0.0391121,0.0390449,0.0389787
0.0680145,0.0677104,0.0674019,0.0670888,0.0667706,0.0664471,0.0661179,0.0657827,0.065441,0.0650922,0.064736,0.0643716,0.0639984,0.0636156,0.0632224,0.0628177,0.0624005,0.0619693,0.0615228,0.061059,0.0605759,0.0600711,0.0595417,0.0589841,0.0583945,0.0577682,0.0571,0.0563848,0.0556182,0.0547995,0.0539352,0.0530435,0.0521554,0.0513059,0.0505219,0.049815,0.049184,0.0486215,0.048118,0.0476643,0.0472526,0.0468764,0.0465303,0.04621,0.045912,0.0456333,0.0453716,0.0451249,0.0448914,0.0446699,0.0444591,0.0442579,0.0440655,0.0438811,0.043704,0.0435337,0.0433695,0.0432111,0.043058,0.0429099,0.0427664,0.0426272,0.0424921,0.0423607,0.042233,0.0421086,0.0419874,0.0418692,0.0417539,0.0416412,0.0415312,0.0414236,0.0413183,0.0412153,0.0411143,0.0410155,0.0409185,0.0408234,0.0407302,0.0406386,0.0405487,0.0404603,0.0403735,0.0402882,0.0402042,0.0401217,0.0400404,0.0399604,0.0398817,0.0398041,0.0397277,0.0396524,0.0395782,0.039505,0.0394329,0.0393617,0.0392915,0.0392222,0.0391538,0.0390863,0.0390197
0.0680814,0.0677787,0.0674717,0.0671601,0.0668436,0.0665219,0.0661947,0.0658615,0.065522,0.0651756,0.0648219,0.0644603,0.0640901,0.0637106,0.063321,0.0629203,0.0625075,0.0620812,0.0616401,0.0611824,0.0607063,0.0602094,0.059689,0.059142,0.0585645,0.0579523,0.0573006,0.0566042,0.0558588,0.0550625,0.0542189,0.053342,0.052458,0.0516006,0.0507995,0.0500711,0.0494183,0.0488355,0.048314,0.0478448,0.0474197,0.047032,0.0466759,0.0463469,0.0460412,0.0457559,0.0454882,0.0452362,0.044998,0.0447721,0.0445574,0.0443527,0.044157,0.0439696,0.0437898,0.0436169,0.0434504,0.0432897,0.0431346,0.0429846,0.0428392,0.0426984,0.0425616,0.0424288,0.0422996,0.0421739,0.0420514,0.041932,0.0418155,0.0417018,0.0415907,0.0414821,0.0413758,0.0412719,0.0411701,0.0410703,0.0409726,0.0408768,0.0407827,0.0406904,0.0405998,0.0405108,0.0404233,0.0403374,0.0402528,0.0401697,0.0400879,0.0400074,0.0399281,0.03985,0.0397731,0.0396973,0.0396227,0.039549,0.0394764,0.0394048,0.0393342,0.0392645,0.0391957,0.0391278,0.0390608
0.0681479,0.0678466,0.0675411,0.067231,0.0669162,0.0665962,0.0662708,0.0659396,0.0656023,0.0652582,0.064907,0.0645481,0.0641809,0.0638046,0.0634185,0.0630216,0.062613,0.0621914,0.0617556,0.0613038,0.0608343,0.060345,0.0598332,0.059296,0.05873,0.0581312,0.0574949,0.0568163,0.0560911,0.0553163,0.0544938,0.0536337,0.0527575,0.0518962,0.0510812,0.0503329,0.0496586,0.0490553,0.0485153,0.0480299,0.0475909,0.0471911,0.0468246,0.0464866,0.046173,0.0458806,0.0456068,0.0453492,0.0451061,0.0448758,0.044657,0.0444486,0.0442496,0.0440591,0.0438765,0.043701,0.043532,0.0433691,0.0432119,0.0430599,0.0429127,0.0427701,0.0426318,0.0424974,0.0423667,0.0422396,0.0421158,0.0419952,0.0418775,0.0417627,0.0416505,0.0415409,0.0414337,0.0413288,0.0412261,0.0411256,0.041027,0.0409304,0.0408356,0.0407425,0.0406512,0.0405615,0.0404734,0.0403868,0.0403017,0.0402179,0.0401356,0.0400545,0.0399747,0.0398961,0.0398187,0.0397424,0.0396673,0.0395932,0.0395202,0.0394481,0.0393771,0.039307,0.0392378,0.0391695,0.0391021
0.068214,0.0679141,0.06761,0.0673014,0.0669882,0.06667,0.0663464,0.0660172,0.0656819,0.0653401,0.0649913,0.0646351,0.0642707,0.0638975,0.0635148,0.0631216,0.0627171,0.0623001,0.0618693,0.0614232,0.0609601,0.0604779,0.0599743,0.0594466,0.0588915,0.0583051,0.0576834,0.0570216,0.0563154,0.0555615,0.0547599,0.0539178,0.0530524,0.0521913,0.0513657,0.0505997,0.0499047,0.0492808,0.0487219,0.0482199,0.0477663,0.047354,0.0469766,0.0466291,0.0463073,0.0460077,0.0457274,0.0454641,0.0452159,0.044981,0.0447581,0.0445459,0.0443434,0.0441498,0.0439642,0.043786,0.0436145,0.0434494,0.04329,0.0431359,0.0429869,0.0428425,0.0427025,0.0425665,0.0424344,0.0423059,0.0421808,0.0420589,0.04194,0.0418241,0.0417108,0.0416001,0.041492,0.0413861,0.0412825,0.0411811,0.0410817,0.0409842,0.0408887,0.0407949,0.0407029,0.0406125,0.0405237,0.0404365,0.0403508,0.0402664,0.0401835,0.0401018,0.0400215,0.0399424,0.0398645,0.0397877,0.0397121,0.0396375,0.039564,0.0394916,0.0394201,0.0393496,0.03928,0.0392113,0.0391435
0.0682797,0.0679812,0.0676785,0.0673714,0.0670597,0.0667432,0.0664214,0.0660941,0.0657609,0.0654213,0.0650749,0.0647212,0.0643596,0.0639894,0.06361,0.0632205,0.0628199,0.0624073,0.0619813,0.0615407,0.0610836,0.0606084,0.0601126,0.0595938,0.059049,0.0584745,0.0578665,0.0572205,0.0565323,0.0557982,0.0550174,0.0541941,0.0533419,0.0524846,0.051652,0.0508708,0.0501562,0.0495119,0.0489339,0.0484147,0.0479461,0.0475207,0.047132,0.0467747,0.0464443,0.0461371,0.0458502,0.045581,0.0453274,0.0450878,0.0448605,0.0446444,0.0444384,0.0442415,0.0440529,0.0438719,0.0436979,0.0435304,0.0433688,0.0432127,0.0430617,0.0429155,0.0427738,0.0426362,0.0425026,0.0423727,0.0422462,0.042123,0.042003,0.0418858,0.0417715,0.0416598,0.0415506,0.0414438,0.0413393,0.0412369,0.0411367,0.0410384,0.0409421,0.0408476,0.0407548,0.0406638,0.0405743,0.0404864,0.0404001,0.0403151,0.0402316,0.0401494,0.0400685,0.0399888,0.0399104,0.0398332,0.0397571,0.039682,0.0396081,0.0395352,0.0394633,0.0393923,0.0393223,0.0392533,0.0391851
0.0683451,0.0680478,0.0677465,0.0674409,0.0671308,0.0668159,0.0664959,0.0661705,0.0658392,0.0655018,0.0651577,0.0648065,0.0644476,0.0640804,0.0637041,0.0633181,0.0629214,0.062513,0.0620918,0.0616563,0.0612052,0.0607365,0.0602482,0.0597379,0.0592028,0.0586396,0.0580445,0.0574135,0.0567422,0.0560271,0.0552663,0.0544623,0.0536251,0.0527748,0.051939,0.0511453,0.0504127,0.0497487,0.0491514,0.0486145,0.0481304,0.0476914,0.0472909,0.0469234,0.046584,0.046269,0.0459751,0.0456998,0.0454407,0.0451961,0.0449644,0.0447443,0.0445346,0.0443344,0.0441427,0.0439589,0.0437823,0.0436123,0.0434484,0.0432902,0.0431372,0.0429892,0.0428457,0.0427065,0.0425714,0.04244,0.0423121,0.0421877,0.0420663,0.041948,0.0418325,0.0417198,0.0416096,0.0415018,0.0413963,0.0412931,0.041192,0.0410929,0.0409958,0.0409005,0.040807,0.0407153,0.0406251,0.0405366,0.0404496,0.040364,0.0402799,0.0401971,0.0401157,0.0400355,0.0399566,0.0398788,0.0398022,0.0397267,0.0396523,0.039579,0.0395066,0.0394353,0.0393648,0.0392954,0.0392268
0.0684101,0.0681141,0.0678141,0.06751,0.0672014,0.0668881,0.0665698,0.0662462,0.065917,0.0655816,0.0652398,0.064891,0.0645348,0.0641704,0.0637973,0.0634146,0.0630217,0.0626174,0.0622006,0.0617702,0.0613247,0.0608623,0.0603812,0.059879,0.0593531,0.0588005,0.0582177,0.0576007,0.0569456,0.0562485,0.0555071,0.0547223,0.0539015,0.0530609,0.0522252,0.0514222,0.0506737,0.0499906,0.0493741,0.0488194,0.0483192,0.0478662,0.0474535,0.0470753,0.0467266,0.0464034,0.0461023,0.0458206,0.0455559,0.0453062,0.0450699,0.0448456,0.0446321,0.0444284,0.0442335,0.0440468,0.0438675,0.043695,0.0435288,0.0433684,0.0432135,0.0430635,0.0429183,0.0427774,0.0426407,0.0425078,0.0423786,0.0422528,0.0421302,0.0420107,0.041894,0.0417802,0.0416689,0.0415601,0.0414537,0.0413496,0.0412476,0.0411477,0.0410498,0.0409538,0.0408595,0.040767,0.0406762,0.040587,0.0404994,0.0404132,0.0403285,0.0402451,0.0401631,0.0400824,0.0400029,0.0399247,0.0398476,0.0397716,0.0396967,0.0396229,0.0395501,0.0394783,0.0394075,0.0393376,0.0392687
0.0684747,0.06818,0.0678814,0.0675786,0.0672715,0.0669598,0.0666432,0.0663214,0.0659941,0.0656608,0.0653212,0.0649748,0.0646211,0.0642595,0.0638894,0.0635101,0.0631207,0.0627204,0.062308,0.0618824,0.0614423,0.060986,0.0605117,0.0600172,0.0595002,0.0589577,0.0583864,0.0577827,0.0571428,0.0564628,0.0557401,0.0549743,0.0541707,0.0533419,0.0525096,0.0517006,0.0509384,0.0502375,0.0496021,0.0490293,0.0485127,0.0480452,0.0476198,0.0472304,0.0468721,0.0465404,0.0462319,0.0459435,0.0456729,0.0454179,0.0451769,0.0449483,0.0447309,0.0445236,0.0443255,0.0441357,0.0439537,0.0437786,0.04361,0.0434474,0.0432904,0.0431385,0.0429915,0.0428489,0.0427106,0.0425762,0.0424455,0.0423183,0.0421945,0.0420737,0.0419559,0.041841,0.0417287,0.0416189,0.0415115,0.0414065,0.0413036,0.0412028,0.0411041,0.0410073,0.0409123,0.0408191,0.0407276,0.0406377,0.0405494,0.0404626,0.0403772,0.0402933,0.0402107,0.0401295,0.0400495,0.0399707,0.0398931,0.0398166,0.0397413,0.039667,0.0395938,0.0395216,0.0394503,0.03938,0.0393107
0.068539,0.0682455,0.0679482,0.0676468,0.0673412,0.0670311,0.0667161,0.0663961,0.0660706,0.0657394,0.0654019,0.0650578,0.0647066,0.0643477,0.0639806,0.0636044,0.0632186,0.0628221,0.0624139,0.0619931,0.0615581,0.0611076,0.0606399,0.0601528,0.0596441,0.0591112,0.0585509,0.0579598,0.0573342,0.0566705,0.0559656,0.0552185,0.0544324,0.0536171,0.0527912,0.0519793,0.051206,0.0504889,0.0498352,0.0492443,0.048711,0.0482285,0.0477899,0.0473891,0.0470206,0.0466801,0.0463638,0.0460686,0.0457918,0.0455314,0.0452854,0.0450524,0.044831,0.04462,0.0444186,0.0442257,0.0440408,0.0438631,0.0436921,0.0435273,0.0433681,0.0432143,0.0430653,0.042921,0.042781,0.0426451,0.042513,0.0423844,0.0422592,0.0421372,0.0420183,0.0419022,0.0417888,0.041678,0.0415696,0.0414636,0.0413599,0.0412583,0.0411587,0.0410611,0.0409653,0.0408714,0.0407792,0.0406886,0.0405996,0.0405122,0.0404263,0.0403417,0.0402586,0.0401768,0.0400962,0.0400169,0.0399388,0.0398619,0.039786,0.0397113,0.0396376,0.039565,0.0394933,0.0394226,0.0393528
0.0686029,0.0683107,0.0680146,0.0677146,0.0674105,0.0671018,0.0667885,0.0664702,0.0661466,0.0658173,0.065482,0.0651401,0.0647914,0.0644351,0.0640708,0.0636978,0.0633153,0.0629225,0.0625185,0.0621021,0.0616722,0.0612273,0.0607658,0.0602858,0.0597851,0.0592612,0.0587113,0.0581322,0.0575202,0.0568718,0.056184,0.055455,0.0546866,0.0538861,0.0530688,0.0522572,0.0514757,0.0507442,0.0500731,0.0494642,0.048914,0.0484161,0.0479639,0.0475512,0.0471723,0.0468226,0.0464983,0.0461959,0.0459128,0.0456467,0.0453957,0.045158,0.0449325,0.0447177,0.0445128,0.0443168,0.0441289,0.0439486,0.043775,0.0436079,0.0434465,0.0432907,0.0431398,0.0429938,0.0428521,0.0427146,0.0425809,0.042451,0.0423245,0.0422012,0.042081,0.0419638,0.0418493,0.0417375,0.0416281,0.0415212,0.0414165,0.041314,0.0412136,0.0411152,0.0410187,0.040924,0.040831,0.0407398,0.0406501,0.0405621,0.0404755,0.0403904,0.0403066,0.0402243,0.0401432,0.0400633,0.0399847,0.0399073,0.039831,0.0397558,0.0396816,0.0396085,0.0395365,0.0394653,0.0393952
0.0686665,0.0683754,0.0680807,0.067782,0.0674792,0.0671721,0.0668604,0.0665438,0.066222,0.0658946,0.0655613,0.0652217,0.0648753,0.0645217,0.0641601,0.0637901,0.0634109,0.0630217,0.0626216,0.0622096,0.0617845,0.061345,0.0608895,0.0604163,0.0599233,0.0594081,0.0588681,0.0583002,0.057701,0.0570673,0.0563957,0.0556842,0.0549333,0.0541484,0.0533419,0.0525333,0.0517465,0.0510027,0.0503153,0.049689,0.0491217,0.0486082,0.048142,0.0477169,0.0473272,0.046968,0.0466353,0.0463255,0.0460359,0.0457639,0.0455076,0.0452652,0.0450353,0.0448167,0.0446082,0.044409,0.0442181,0.0440349,0.0438588,0.0436893,0.0435257,0.0433678,0.043215,0.0430671,0.0429238,0.0427846,0.0426495,0.0425181,0.0423902,0.0422656,0.0421442,0.0420258,0.0419102,0.0417973,0.041687,0.0415791,0.0414735,0.0413701,0.0412688,0.0411696,0.0410723,0.0409768,0.0408831,0.0407912,0.0407009,0.0406122,0.040525,0.0404392,0.0403549,0.040272,0.0401903,0.04011,0.0400308,0.0399529,0.0398761,0.0398004,0.0397258,0.0396523,0.0395798,0.0395082,0.0394376
0.0687298,0.0684399,0.0681463,0.067849,0.0675476,0.067242,0.0669318,0.0666168,0.0662968,0.0659713,0.0656401,0.0653026,0.0649586,0.0646074,0.0642486,0.0638815,0.0635055,0.0631198,0.0627235,0.0623157,0.0618953,0.061461,0.0610112,0.0605445,0.0600587,0.0595518,0.0590212,0.058464,0.0578771,0.0572571,0.056601,0.0559063,0.0551727,0.0544039,0.0536096,0.0528067,0.0520174,0.0512637,0.0505616,0.0499184,0.0493341,0.0488047,0.0483242,0.0478863,0.0474854,0.0471164,0.0467749,0.0464575,0.046161,0.045883,0.0456212,0.045374,0.0451397,0.044917,0.0447049,0.0445022,0.0443083,0.0441223,0.0439436,0.0437715,0.0436057,0.0434457,0.0432909,0.0431411,0.042996,0.0428552,0.0427185,0.0425857,0.0424564,0.0423305,0.0422079,0.0420883,0.0419716,0.0418576,0.0417462,0.0416373,0.0415308,0.0414265,0.0413243,0.0412243,0.0411262,0.0410299,0.0409355,0.0408429,0.0407519,0.0406625,0.0405747,0.0404883,0.0404034,0.0403199,0.0402377,0.0401568,0.0400771,0.0399987,0.0399214,0.0398452,0.0397702,0.0396962,0.0396232,0.0395512,0.0394802
0.0687927,0.0685039,0.0682116,0.0679156,0.0676156,0.0673114,0.0670027,0.0666894,0.0663711,0.0660474,0.0657182,0.0653828,0.065041,0.0646923,0.0643361,0.0639719,0.063599,0.0632167,0.0628242,0.0624204,0.0620045,0.0615751,0.061131,0.0606704,0.0601917,0.0596926,0.0591709,0.0586239,0.0580486,0.0574417,0.0568003,0.0561217,0.055405,0.0546525,0.0538715,0.0530764,0.0522874,0.0515264,0.0508113,0.0501521,0.0495512,0.0490057,0.0485105,0.0480595,0.047647,0.0472677,0.0469173,0.0465919,0.0462884,0.0460041,0.0457367,0.0454844,0.0452455,0.0450187,0.0448027,0.0445967,0.0443995,0.0442106,0.0440292,0.0438547,0.0436865,0.0435243,0.0433675,0.0432158,0.0430689,0.0429265,0.0427882,0.0426538,0.0425231,0.0423959,0.042272,0.0421512,0.0420333,0.0419182,0.0418058,0.0416959,0.0415884,0.0414832,0.0413802,0.0412793,0.0411804,0.0410834,0.0409882,0.0408948,0.0408031,0.0407131,0.0406246,0.0405376,0.0404521,0.040368,0.0402852,0.0402038,0.0401236,0.0400446,0.0399669,0.0398902,0.0398147,0.0397402,0.0396668,0.0395944,0.039523
0.0688552,0.0685677,0.0682766,0.0679818,0.0676831,0.0673803,0.0670732,0.0667615,0.0664448,0.066123,0.0657956,0.0654624,0.0651228,0.0647765,0.0644229,0.0640614,0.0636916,0.0633125,0.0629236,0.0625238,0.0621122,0.0616877,0.0612488,0.0607942,0.0603222,0.0598307,0.0593175,0.0587801,0.0582158,0.0576214,0.0569939,0.0563307,0.0556304,0.0548941,0.0541274,0.0533419,0.0525557,0.0517899,0.0510638,0.0503898,0.0497726,0.0492112,0.048701,0.0482366,0.0478121,0.0474222,0.0470625,0.0467288,0.046418,0.0461272,0.045854,0.0455964,0.0453528,0.0451217,0.0449019,0.0446923,0.0444919,0.0442999,0.0441157,0.0439386,0.0437681,0.0436036,0.0434448,0.0432912,0.0431424,0.0429983,0.0428584,0.0427225,0.0425903,0.0424618,0.0423365,0.0422145,0.0420955,0.0419793,0.0418658,0.0417549,0.0416464,0.0415403,0.0414364,0.0413346,0.0412348,0.0411371,0.0410412,0.040947,0.0408547,0.0407639,0.0406748,0.0405872,0.040501,0.0404163,0.040333,0.040251,0.0401703,0.0400908,0.0400125,0.0399354,0.0398594,0.0397845,0.0397106,0.0396378,0.039566
0.0689175,0.068631,0.0683411,0.0680476,0.0677502,0.0674488,0.0671432,0.066833,0.0665181,0.066198,0.0658725,0.0655413,0.0652039,0.0648599,0.0645088,0.0641501,0.0637831,0.0634073,0.0630218,0.0626259,0.0622185,0.0617985,0.0613649,0.060916,0.0604503,0.059966,0.059461,0.0589328,0.0583789,0.0577963,0.0571822,0.0565337,0.0558492,0.055129,0.0543769,0.0536025,0.0528214,0.0520534,0.0513185,0.050631,0.0499983,0.049421,0.0488958,0.0484175,0.0479807,0.04758,0.0472105,0.0468683,0.0465499,0.0462524,0.0459732,0.0457102,0.0454617,0.0452262,0.0450024,0.0447891,0.0445853,0.0443903,0.0442033,0.0440235,0.0438505,0.0436838,0.0435228,0.0433672,0.0432166,0.0430707,0.0429291,0.0427917,0.0426581,0.0425281,0.0424016,0.0422783,0.042158,0.0420407,0.0419261,0.0418142,0.0417047,0.0415977,0.0414928,0.0413902,0.0412896,0.0411911,0.0410944,0.0409995,0.0409064,0.040815,0.0407252,0.040637,0.0405502,0.0404649,0.040381,0.0402984,0.0402172,0.0401372,0.0400584,0.0399808,0.0399043,0.0398289,0.0397546,0.0396813,0.039609
0.0689794,0.0686941,0.0684053,0.068113,0.067817,0.067517,0.0672127,0.0669041,0.0665908,0.0662725,0.0659488,0.0656196,0.0652843,0.0649425,0.0645939,0.0642378,0.0638737,0.063501,0.0631189,0.0627267,0.0623233,0.0619079,0.0614791,0.0610358,0.0605763,0.0600989,0.0596016,0.0590822,0.0585382,0.0579669,0.0573653,0.0567309,0.0560616,0.0553571,0.05462,0.0538578,0.0530837,0.052316,0.0515745,0.0508753,0.0502279,0.049635,0.0490947,0.0486025,0.048153,0.047741,0.0473615,0.0470105,0.0466843,0.0463797,0.0460943,0.0458258,0.0455723,0.0453322,0.0451042,0.0448871,0.0446799,0.0444817,0.0442918,0.0441093,0.0439338,0.0437647,0.0436016,0.043444,0.0432914,0.0431437,0.0430005,0.0428614,0.0427263,0.042595,0.0424671,0.0423425,0.0422211,0.0421026,0.0419869,0.0418739,0.0417634,0.0416554,0.0415497,0.0414462,0.0413447,0.0412454,0.0411479,0.0410523,0.0409585,0.0408663,0.0407759,0.040687,0.0405996,0.0405137,0.0404292,0.0403461,0.0402643,0.0401837,0.0401044,0.0400263,0.0399493,0.0398735,0.0397987,0.039725,0.0396523
0.069041,0.0687568,0.0684692,0.0681781,0.0678833,0.0675846,0.0672819,0.0669747,0.066663,0.0663464,0.0660246,0.0656972,0.065364,0.0650245,0.0646782,0.0643247,0.0639634,0.0635937,0.0632149,0.0628263,0.0624268,0.0620157,0.0615918,0.0611537,0.0607001,0.0602293,0.0597395,0.0592285,0.0586939,0.0581332,0.0575437,0.0569227,0.056268,0.0555788,0.0548567,0.0541074,0.053342,0.0525769,0.0518312,0.051122,0.0504611,0.0498531,0.0492977,0.0487913,0.0483289,0.0479053,0.0475156,0.0471554,0.0468211,0.0465093,0.0462174,0.0459431,0.0456844,0.0454397,0.0452074,0.0449865,0.0447757,0.0445742,0.0443813,0.0441961,0.044018,0.0438465,0.0436811,0.0435214,0.043367,0.0432174,0.0430724,0.0429318,0.0427952,0.0426623,0.0425331,0.0424072,0.0422845,0.0421648,0.0420481,0.041934,0.0418225,0.0417135,0.0416068,0.0415024,0.0414002,0.0412999,0.0412017,0.0411053,0.0410108,0.0409179,0.0408268,0.0407372,0.0406492,0.0405627,0.0404776,0.0403939,0.0403116,0.0402305,0.0401506,0.040072,0.0399946,0.0399182,0.039843,0.0397688,0.0396957
0.0691024,0.0688192,0.0685327,0.0682428,0.0679493,0.0676519,0.0673505,0.0670449,0.0667347,0.0664198,0.0660997,0.0657743,0.0654431,0.0651057,0.0647618,0.0644108,0.0640522,0.0636855,0.0633098,0.0629247,0.0625291,0.0621221,0.0617028,0.0612698,0.0608219,0.0603574,0.0598747,0.0593717,0.0588461,0.0582956,0.0577175,0.0571093,0.0564686,0.0557942,0.0550871,0.0543512,0.0535958,0.0528353,0.0520876,0.0513706,0.0506974,0.0500751,0.0495049,0.0489842,0.0485086,0.0480731,0.0476727,0.0473031,0.0469604,0.0466412,0.0463426,0.0460623,0.0457983,0.0455487,0.045312,0.0450871,0.0448727,0.0446679,0.0444718,0.0442837,0.044103,0.0439291,0.0437615,0.0435996,0.0434431,0.0432917,0.043145,0.0430027,0.0428645,0.0427302,0.0425996,0.0424723,0.0423484,0.0422276,0.0421096,0.0419945,0.0418819,0.0417719,0.0416643,0.041559,0.0414559,0.0413548,0.0412558,0.0411586,0.0410633,0.0409698,0.0408779,0.0407877,0.0406991,0.0406119,0.0405263,0.040442,0.040359,0.0402774,0.0401971,0.0401179,0.04004,0.0399632,0.0398875,0.0398129,0.0397393
0.0691634,0.0688812,0.0685959,0.0683071,0.0680148,0.0677188,0.0674188,0.0671146,0.066806,0.0664926,0.0661744,0.0658508,0.0655215,0.0651863,0.0648447,0.0644961,0.0641402,0.0637762,0.0634037,0.0630219,0.06263,0.0622271,0.0618122,0.0613842,0.0609417,0.0604834,0.0600074,0.059512,0.0589951,0.0584543,0.0578871,0.0572909,0.0566637,0.0560037,0.0553112,0.0545891,0.0538447,0.0530906,0.0523432,0.0516202,0.0509364,0.0503006,0.0497159,0.0491809,0.048692,0.0482443,0.047833,0.0474537,0.0471023,0.0467754,0.0464699,0.0461835,0.0459139,0.0456593,0.0454181,0.045189,0.0449709,0.0447626,0.0445634,0.0443724,0.044189,0.0440126,0.0438426,0.0436785,0.04352,0.0433667,0.0432182,0.0430742,0.0429344,0.0427986,0.0426665,0.042538,0.0424128,0.0422907,0.0421716,0.0420553,0.0419418,0.0418308,0.0417222,0.0416159,0.0415119,0.04141,0.0413102,0.0412122,0.0411162,0.0410219,0.0409294,0.0408385,0.0407492,0.0406614,0.0405751,0.0404902,0.0404068,0.0403246,0.0402437,0.040164,0.0400856,0.0400083,0.0399321,0.0398571,0.039783
0.0692241,0.068943,0.0686587,0.0683711,0.0680801,0.0677853,0.0674866,0.0671838,0.0668767,0.066565,0.0662484,0.0659267,0.0655994,0.0652662,0.0649268,0.0645806,0.0642272,0.0638661,0.0634966,0.0631181,0.0627298,0.0623308,0.0619202,0.0614969,0.0610597,0.0606072,0.0601378,0.0596497,0.059141,0.0586094,0.0580525,0.057468,0.0568535,0.0562074,0.0555292,0.054821,0.0540884,0.0533421,0.052597,0.0518703,0.0511775,0.0505293,0.0499306,0.0493815,0.0488791,0.048419,0.0479965,0.0476072,0.0472468,0.0469119,0.0465994,0.0463066,0.0460313,0.0457715,0.0455257,0.0452924,0.0450703,0.0448585,0.044656,0.0444621,0.0442759,0.0440969,0.0439245,0.0437582,0.0435976,0.0434424,0.043292,0.0431463,0.0430049,0.0428675,0.042734,0.0426041,0.0424776,0.0423543,0.042234,0.0421166,0.042002,0.0418899,0.0417804,0.0416732,0.0415683,0.0414655,0.0413648,0.0412661,0.0411693,0.0410743,0.040981,0.0408895,0.0407995,0.0407111,0.0406242,0.0405387,0.0404547,0.0403719,0.0402905,0.0402103,0.0401314,0.0400536,0.039977,0.0399014,0.0398269
0.0692845,0.0690044,0.0687212,0.0684348,0.0681449,0.0678514,0.067554,0.0672527,0.066947,0.0666369,0.066322,0.066002,0.0656766,0.0653455,0.0650082,0.0646644,0.0643135,0.0639551,0.0635885,0.0632132,0.0628283,0.0624331,0.0620267,0.061608,0.0611759,0.060729,0.0602658,0.0597847,0.0592839,0.0587611,0.0582141,0.0576406,0.0570384,0.0564055,0.0557413,0.0550469,0.0543267,0.0535895,0.0528486,0.0521201,0.0514202,0.0507608,0.0501489,0.0495859,0.04907,0.0485973,0.0481633,0.0477637,0.0473941,0.047051,0.0467311,0.0464318,0.0461505,0.0458855,0.0456348,0.0453971,0.0451711,0.0449556,0.0447498,0.0445527,0.0443637,0.0441821,0.0440072,0.0438387,0.043676,0.0435187,0.0433665,0.043219,0.0430759,0.042937,0.042802,0.0426707,0.0425428,0.0424183,0.0422968,0.0421783,0.0420626,0.0419495,0.0418389,0.0417308,0.041625,0.0415213,0.0414198,0.0413203,0.0412227,0.041127,0.041033,0.0409407,0.0408501,0.040761,0.0406735,0.0405874,0.0405028,0.0404195,0.0403375,0.0402568,0.0401774,0.0400991,0.0400219,0.0399459,0.039871
0.0693446,0.0690655,0.0687834,0.0684981,0.0682094,0.0679171,0.0676211,0.0673211,0.0670169,0.0667083,0.066395,0.0660768,0.0657532,0.0654241,0.0650889,0.0647474,0.064399,0.0640432,0.0636795,0.0633072,0.0629257,0.0625342,0.0621318,0.0617175,0.0612903,0.0608488,0.0603917,0.0599173,0.0594239,0.0589096,0.058372,0.0578091,0.0572185,0.0565984,0.0559478,0.055267,0.0545595,0.0538324,0.0530972,0.052369,0.0516637,0.0509947,0.0503704,0.0497939,0.0492645,0.0487791,0.0483335,0.0479232,0.0475442,0.0471926,0.0468651,0.046559,0.0462717,0.0460011,0.0457455,0.0455033,0.0452732,0.045054,0.0448447,0.0446445,0.0444525,0.0442682,0.0440908,0.0439199,0.0437551,0.0435957,0.0434416,0.0432923,0.0431476,0.0430071,0.0428706,0.0427378,0.0426086,0.0424827,0.0423601,0.0422404,0.0421235,0.0420094,0.0418979,0.0417888,0.041682,0.0415775,0.0414751,0.0413748,0.0412764,0.0411799,0.0410852,0.0409922,0.0409009,0.0408112,0.0407231,0.0406364,0.0405511,0.0404673,0.0403847,0.0403035,0.0402235,0.0401447,0.0400671,0.0399906,0.0399152
0.0694044,0.0691264,0.0688453,0.0685611,0.0682735,0.0679824,0.0676877,0.067389,0.0670863,0.0667792,0.0664675,0.066151,0.0658293,0.0655021,0.065169,0.0648297,0.0644837,0.0641304,0.0637695,0.0634003,0.063022,0.0626341,0.0622356,0.0618256,0.0614031,0.0609668,0.0605154,0.0600475,0.0595613,0.059055,0.0585265,0.0579736,0.0573942,0.0567863,0.0561488,0.0554815,0.0547868,0.0540704,0.0533423,0.0526162,0.0519075,0.0512304,0.0505947,0.0500053,0.0494626,0.0489644,0.0485069,0.0480858,0.0476971,0.0473367,0.0470015,0.0466883,0.0463947,0.0461185,0.0458578,0.0456109,0.0453766,0.0451535,0.0449407,0.0447373,0.0445423,0.0443552,0.0441753,0.044002,0.0438349,0.0436735,0.0435174,0.0433663,0.0432198,0.0430777,0.0429396,0.0428054,0.0426748,0.0425477,0.0424237,0.0423029,0.0421849,0.0420697,0.0419571,0.0418471,0.0417394,0.0416339,0.0415307,0.0414295,0.0413303,0.0412331,0.0411376,0.041044,0.040952,0.0408616,0.0407728,0.0406855,0.0405997,0.0405153,0.0404322,0.0403504,0.0402699,0.0401906,0.0401125,0.0400355,0.0399597
0.069464,0.0691869,0.0689069,0.0686237,0.0683373,0.0680474,0.0677539,0.0674566,0.0671553,0.0668497,0.0665396,0.0662247,0.0659048,0.0655795,0.0652484,0.0649113,0.0645676,0.0642169,0.0638586,0.0634923,0.0631173,0.0627328,0.0623381,0.0619322,0.0615142,0.061083,0.0606372,0.0601755,0.0596962,0.0591975,0.0586776,0.0581343,0.0575656,0.0569695,0.0563445,0.0556903,0.0550085,0.0543034,0.0535836,0.0528612,0.052151,0.0514674,0.0508216,0.0502199,0.0496642,0.0491532,0.0486837,0.0482516,0.0478528,0.0474835,0.0471402,0.0468198,0.0465197,0.0462377,0.0459717,0.0457201,0.0454814,0.0452544,0.0450379,0.0448311,0.0446331,0.0444432,0.0442606,0.0440849,0.0439155,0.0437519,0.0435939,0.0434409,0.0432926,0.0431488,0.0430092,0.0428735,0.0427416,0.0426131,0.0424879,0.0423658,0.0422467,0.0421304,0.0420168,0.0419057,0.0417971,0.0416907,0.0415866,0.0414846,0.0413846,0.0412866,0.0411904,0.041096,0.0410033,0.0409123,0.0408228,0.0407349,0.0406485,0.0405634,0.0404798,0.0403975,0.0403164,0.0402366,0.040158,0.0400806,0.0400042
0.0695232,0.0692471,0.0689681,0.068686,0.0684007,0.068112,0.0678198,0.0675238,0.0672238,0.0669197,0.0666111,0.0662979,0.0659797,0.0656563,0.0653272,0.0649922,0.0646507,0.0643025,0.0639469,0.0635834,0.0632115,0.0628304,0.0624393,0.0620374,0.0616239,0.0611975,0.060757,0.0603012,0.0598285,0.0593373,0.0588256,0.0582915,0.057733,0.0571481,0.0565352,0.0558938,0.0552247,0.0545313,0.0538206,0.0531035,0.0523935,0.0517051,0.0510504,0.0504374,0.0498691,0.0493455,0.0488638,0.0484205,0.0480115,0.047633,0.0472814,0.0469536,0.0466468,0.0463587,0.0460873,0.0458308,0.0455876,0.0453565,0.0451364,0.0449261,0.044725,0.0445321,0.0443468,0.0441686,0.0439969,0.0438311,0.043671,0.0435161,0.0433661,0.0432206,0.0430794,0.0429422,0.0428088,0.0426789,0.0425524,0.0424292,0.0423089,0.0421915,0.0420768,0.0419647,0.0418551,0.0417478,0.0416428,0.04154,0.0414392,0.0413403,0.0412434,0.0411483,0.0410549,0.0409632,0.0408731,0.0407845,0.0406975,0.0406119,0.0405276,0.0404448,0.0403632,0.0402829,0.0402037,0.0401258,0.040049
0.0695822,0.0693071,0.0690291,0.068748,0.0684638,0.0681763,0.0678853,0.0675905,0.0672919,0.0669892,0.0666822,0.0663706,0.0660541,0.0657325,0.0654054,0.0650724,0.0647332,0.0643873,0.0640343,0.0636736,0.0633047,0.0629268,0.0625393,0.0621413,0.061732,0.0613103,0.060875,0.0604249,0.0599586,0.0594744,0.0589706,0.0584452,0.0578965,0.0573223,0.0567212,0.0560921,0.0554355,0.054754,0.0540532,0.0533425,0.0526344,0.051943,0.0512809,0.0506574,0.0500772,0.0495411,0.0490473,0.0485926,0.0481732,0.0477852,0.0474251,0.0470896,0.046776,0.0464817,0.0462047,0.0459431,0.0456953,0.04546,0.045236,0.0450223,0.0448179,0.044622,0.044434,0.0442532,0.044079,0.0439111,0.0437489,0.043592,0.0434402,0.0432929,0.0431501,0.0430114,0.0428765,0.0427453,0.0426175,0.0424929,0.0423715,0.042253,0.0421372,0.0420241,0.0419135,0.0418053,0.0416994,0.0415956,0.041494,0.0413944,0.0412967,0.0412008,0.0411067,0.0410143,0.0409235,0.0408344,0.0407467,0.0406605,0.0405757,0.0404922,0.0404101,0.0403293,0.0402496,0.0401712,0.0400939
0.0696409,0.0693668,0.0690897,0.0688097,0.0685266,0.0682402,0.0679504,0.0676569,0.0673596,0.0670583,0.0667528,0.0664428,0.066128,0.0658081,0.0654829,0.065152,0.0648149,0.0644714,0.0641209,0.0637629,0.0633969,0.0630222,0.0626381,0.0622439,0.0618387,0.0614215,0.0609912,0.0605466,0.0600864,0.059609,0.0591127,0.0585958,0.0580563,0.0574924,0.0569025,0.0562854,0.0556412,0.0549716,0.0542812,0.053578,0.0528732,0.0521804,0.0515125,0.0508797,0.0502881,0.0497399,0.049234,0.0487679,0.0483378,0.0479402,0.0475713,0.047228,0.0469072,0.0466066,0.0463238,0.046057,0.0458045,0.0455649,0.045337,0.0451196,0.0449118,0.0447129,0.0445221,0.0443386,0.0441621,0.0439918,0.0438275,0.0436686,0.0435149,0.0433659,0.0432214,0.0430811,0.0429447,0.0428121,0.042683,0.0425572,0.0424345,0.0423148,0.042198,0.0420838,0.0419722,0.0418631,0.0417562,0.0416516,0.0415492,0.0414487,0.0413502,0.0412536,0.0411588,0.0410657,0.0409743,0.0408844,0.0407961,0.0407093,0.0406239,0.0405399,0.0404573,0.0403759,0.0402957,0.0402168,0.040139
0.0696994,0.0694261,0.0691501,0.0688711,0.068589,0.0683038,0.0680151,0.0677229,0.0674269,0.067127,0.0668229,0.0665145,0.0662013,0.0658832,0.0655598,0.0652309,0.064896,0.0645547,0.0642067,0.0638513,0.0634881,0.0631165,0.0627358,0.0623452,0.061944,0.0615312,0.0611057,0.0606664,0.060212,0.0597411,0.0592521,0.0587432,0.0582126,0.0576586,0.0570795,0.056474,0.0558417,0.055184,0.0545044,0.0538095,0.0531095,0.0524169,0.0517446,0.0511037,0.0505017,0.0499417,0.049424,0.0489463,0.0485055,0.0480979,0.0477201,0.0473687,0.0470407,0.0467334,0.0464447,0.0461726,0.0459152,0.0456712,0.0454392,0.0452181,0.0450069,0.0448049,0.0446111,0.044425,0.0442459,0.0440733,0.0439068,0.0437459,0.0435902,0.0434395,0.0432933,0.0431514,0.0430135,0.0428794,0.042749,0.0426219,0.042498,0.0423771,0.0422592,0.0421439,0.0420313,0.0419212,0.0418134,0.0417079,0.0416046,0.0415034,0.0414041,0.0413067,0.0412112,0.0411174,0.0410252,0.0409347,0.0408458,0.0407584,0.0406724,0.0405878,0.0405046,0.0404227,0.040342,0.0402626,0.0401843
0.0697576,0.0694852,0.0692101,0.0689322,0.0686512,0.068367,0.0680795,0.0677885,0.0674938,0.0671953,0.0668926,0.0665857,0.0662741,0.0659577,0.0656362,0.0653092,0.0649764,0.0646373,0.0642917,0.0639389,0.0635785,0.0632098,0.0628324,0.0624453,0.062048,0.0616394,0.0612185,0.0607844,0.0603356,0.059871,0.0593888,0.0588877,0.0583657,0.0578211,0.0572523,0.0566579,0.0560374,0.0553914,0.0547227,0.0540369,0.0533427,0.0526518,0.0519768,0.0513292,0.0507175,0.0501464,0.049617,0.0491278,0.0486761,0.0482586,0.0478716,0.0475118,0.0471763,0.0468624,0.0465675,0.0462898,0.0460275,0.0457789,0.0455427,0.0453178,0.0451032,0.0448979,0.0447011,0.0445122,0.0443306,0.0441556,0.0439869,0.0438239,0.0436663,0.0435137,0.0433657,0.0432222,0.0430828,0.0429473,0.0428154,0.042687,0.0425619,0.0424398,0.0423207,0.0422044,0.0420908,0.0419797,0.041871,0.0417646,0.0416604,0.0415583,0.0414582,0.0413601,0.0412638,0.0411693,0.0410765,0.0409853,0.0408957,0.0408077,0.0407211,0.0406359,0.0405522,0.0404697,0.0403885,0.0403085,0.0402298
0.0698155,0.0695441,0.0692699,0.0689929,0.068713,0.0684299,0.0681435,0.0678537,0.0675603,0.0672631,0.0669619,0.0666564,0.0663464,0.0660317,0.065712,0.0653869,0.0650561,0.0647192,0.0643759,0.0640256,0.0636679,0.0633022,0.0629279,0.0625443,0.0621506,0.0617461,0.0613298,0.0609005,0.0604572,0.0599986,0.0595231,0.0590293,0.0585155,0.05798,0.0574211,0.0568374,0.0562282,0.0555938,0.0549362,0.05426,0.0535726,0.0528847,0.0522084,0.0515555,0.0509354,0.0503538,0.049813,0.0493124,0.0488498,0.048422,0.0480257,0.0476575,0.0473143,0.0469933,0.0466922,0.0464088,0.0461413,0.045888,0.0456476,0.0454188,0.0452005,0.0449919,0.0447921,0.0446004,0.0444161,0.0442387,0.0440677,0.0439026,0.043743,0.0435885,0.0434388,0.0432936,0.0431526,0.0430156,0.0428823,0.0427526,0.0426262,0.042503,0.0423827,0.0422653,0.0421506,0.0420385,0.0419289,0.0418215,0.0417165,0.0416135,0.0415126,0.0414137,0.0413167,0.0412214,0.0411279,0.0410361,0.0409459,0.0408572,0.04077,0.0406843,0.0405999,0.0405169,0.0404352,0.0403547,0.0402754
0.0698732,0.0696026,0.0693294,0.0690534,0.0687745,0.0684925,0.0682072,0.0679186,0.0676265,0.0673306,0.0670307,0.0667267,0.0664183,0.0661052,0.0657872,0.065464,0.0651352,0.0648004,0.0644594,0.0641115,0.0637564,0.0633936,0.0630223,0.0626421,0.0622521,0.0618515,0.0614395,0.061015,0.0605769,0.0601241,0.059655,0.0591683,0.0586623,0.0581355,0.0575861,0.0570128,0.0564146,0.0557915,0.0551449,0.0544786,0.0537989,0.0531153,0.0524391,0.0517823,0.0511548,0.0505635,0.0500118,0.0495,0.0490264,0.0485884,0.0481825,0.0478056,0.0474545,0.0471264,0.0468189,0.0465296,0.0462568,0.0459987,0.0457539,0.045521,0.0452991,0.0450871,0.0448842,0.0446895,0.0445026,0.0443227,0.0441493,0.043982,0.0438204,0.043664,0.0435125,0.0433656,0.043223,0.0430845,0.0429498,0.0428187,0.042691,0.0425665,0.0424451,0.0423266,0.0422108,0.0420977,0.0419871,0.0418788,0.0417729,0.0416691,0.0415673,0.0414676,0.0413698,0.0412738,0.0411796,0.0410871,0.0409962,0.0409069,0.0408191,0.0407328,0.0406479,0.0405643,0.040482,0.040401,0.0403213
0.0699306,0.0696609,0.0693886,0.0691136,0.0688356,0.0685547,0.0682706,0.0679831,0.0676922,0.0673976,0.0670991,0.0667965,0.0664896,0.0661782,0.0658619,0.0655405,0.0652136,0.064881,0.0645421,0.0641967,0.0638441,0.063484,0.0631158,0.0627388,0.0623523,0.0619555,0.0615477,0.0611278,0.0606948,0.0602475,0.0597846,0.0593047,0.0588063,0.0582877,0.0577475,0.0571841,0.0565965,0.0559844,0.0553489,0.0546927,0.0540213,0.053343,0.0526684,0.052009,0.0513753,0.0507753,0.0502132,0.0496904,0.049206,0.0487575,0.048342,0.0479562,0.0475971,0.0472617,0.0469475,0.0466522,0.046374,0.0461109,0.0458615,0.0456246,0.0453989,0.0451834,0.0449772,0.0447796,0.0445899,0.0444075,0.0442317,0.0440622,0.0438985,0.0437401,0.0435868,0.0434381,0.0432939,0.0431539,0.0430177,0.0428852,0.0427562,0.0426305,0.0425079,0.0423883,0.0422714,0.0421573,0.0420456,0.0419364,0.0418296,0.0417249,0.0416223,0.0415218,0.0414232,0.0413265,0.0412316,0.0411384,0.0410469,0.0409569,0.0408685,0.0407815,0.040696,0.0406119,0.0405291,0.0404476,0.0403673
0.0699878,0.069719,0.0694476,0.0691735,0.0688965,0.0686166,0.0683336,0.0680473,0.0677576,0.0674642,0.0671671,0.0668659,0.0665605,0.0662506,0.065936,0.0656164,0.0652914,0.0649608,0.0646241,0.064281,0.063931,0.0635736,0.0632082,0.0628344,0.0624513,0.0620583,0.0616545,0.0612391,0.0608109,0.060369,0.059912,0.0594387,0.0589475,0.0584369,0.0579054,0.0573515,0.0567742,0.0561729,0.0555482,0.0549023,0.0542397,0.0535676,0.0528958,0.0522352,0.0515967,0.0509888,0.050417,0.0498836,0.0493884,0.0489295,0.0485042,0.0481094,0.047742,0.0473991,0.0470781,0.0467767,0.0464928,0.0462247,0.0459707,0.0457295,0.0454999,0.0452808,0.0450714,0.0448707,0.0446782,0.0444931,0.0443149,0.0441431,0.0439773,0.0438169,0.0436617,0.0435113,0.0433654,0.0432238,0.0430862,0.0429523,0.0428219,0.0426949,0.0425711,0.0424503,0.0423324,0.0422172,0.0421046,0.0419944,0.0418866,0.0417811,0.0416777,0.0415763,0.041477,0.0413795,0.0412838,0.0411899,0.0410977,0.0410071,0.0409181,0.0408305,0.0407444,0.0406597,0.0405763,0.0404943,0.0404135
0.0700447,0.0697768,0.0695063,0.0692331,0.0689571,0.0686782,0.0683963,0.0681111,0.0678226,0.0675305,0.0672346,0.0669349,0.0666309,0.0663226,0.0660097,0.0656918,0.0653687,0.06504,0.0647055,0.0643646,0.064017,0.0636623,0.0632998,0.0629289,0.0625492,0.0621598,0.0617599,0.0613488,0.0609254,0.0604886,0.0600374,0.0595703,0.059086,0.0585831,0.05806,0.0575153,0.0569478,0.056357,0.0557429,0.0551073,0.0544539,0.0537888,0.0531208,0.0524604,0.0518183,0.0512036,0.0506229,0.0500794,0.0495736,0.0491044,0.0486692,0.0482652,0.0478894,0.0475388,0.0472108,0.0469031,0.0466134,0.04634,0.0460813,0.0458357,0.0456021,0.0453794,0.0451666,0.0449628,0.0447674,0.0445796,0.044399,0.0442248,0.0440568,0.0438944,0.0437373,0.0435851,0.0434375,0.0432943,0.0431551,0.0430198,0.0428881,0.0427598,0.0426348,0.0425128,0.0423938,0.0422775,0.0421638,0.0420527,0.041944,0.0418375,0.0417333,0.0416311,0.041531,0.0414327,0.0413363,0.0412417,0.0411488,0.0410576,0.0409679,0.0408797,0.040793,0.0407077,0.0406238,0.0405412,0.0404599
0.0701014,0.0698343,0.0695647,0.0692924,0.0690174,0.0687395,0.0684586,0.0681746,0.0678872,0.0675963,0.0673018,0.0670034,0.0667009,0.0663941,0.0660828,0.0657666,0.0654453,0.0651186,0.0647861,0.0644475,0.0641023,0.0637501,0.0633903,0.0630225,0.062646,0.0622601,0.061864,0.0614571,0.0610382,0.0606064,0.0601606,0.0596996,0.059222,0.0587264,0.0582114,0.0576755,0.0571176,0.0565369,0.0559333,0.0553079,0.0546639,0.0540064,0.0533433,0.0526843,0.0520398,0.0514195,0.0508307,0.0502775,0.0497615,0.0492819,0.0488368,0.0484236,0.0480391,0.0476807,0.0473456,0.0470314,0.0467358,0.046457,0.0461934,0.0459433,0.0457056,0.0454792,0.0452629,0.0450559,0.0448576,0.0446671,0.0444838,0.0443073,0.0441371,0.0439726,0.0438135,0.0436595,0.0435102,0.0433653,0.0432246,0.0430878,0.0429547,0.0428252,0.0426989,0.0425757,0.0424555,0.0423382,0.0422235,0.0421114,0.0420017,0.0418943,0.0417892,0.0416862,0.0415852,0.0414862,0.0413891,0.0412938,0.0412002,0.0411082,0.0410179,0.0409291,0.0408418,0.040756,0.0406715,0.0405883,0.0405065
0.0701578,0.0698915,0.0696228,0.0693515,0.0690774,0.0688005,0.0685207,0.0682377,0.0679515,0.0676618,0.0673685,0.0670715,0.0667704,0.0664651,0.0661554,0.0658409,0.0655214,0.0651966,0.0648661,0.0645297,0.0641868,0.0638371,0.06348,0.0631151,0.0627417,0.0623592,0.0619668,0.0615639,0.0611494,0.0607225,0.060282,0.0598268,0.0593556,0.0588671,0.0583598,0.0578324,0.0572837,0.0567127,0.0561193,0.0555041,0.0548697,0.0542203,0.0535628,0.0529063,0.0522608,0.051636,0.05104,0.0504778,0.0499519,0.0494621,0.0490072,0.0485845,0.0481914,0.0478249,0.0474825,0.0471616,0.04686,0.0465757,0.046307,0.0460524,0.0458105,0.0455802,0.0453603,0.0451501,0.0449487,0.0447554,0.0445696,0.0443906,0.0442181,0.0440515,0.0438904,0.0437345,0.0435835,0.0434369,0.0432946,0.0431564,0.0430219,0.0428909,0.0427634,0.042639,0.0425177,0.0423992,0.0422835,0.0421704,0.0420597,0.0419514,0.0418454,0.0417416,0.0416398,0.04154,0.0414421,0.0413461,0.0412518,0.0411592,0.0410682,0.0409788,0.0408908,0.0408044,0.0407193,0.0406356,0.0405533
0.070214,0.0699486,0.0696807,0.0694102,0.0691371,0.0688612,0.0685824,0.0683005,0.0680154,0.0677269,0.0674349,0.0671392,0.0668395,0.0665357,0.0662275,0.0659146,0.0655969,0.065274,0.0649455,0.0646112,0.0642705,0.0639233,0.0635688,0.0632067,0.0628363,0.0624571,0.0620684,0.0616693,0.0612591,0.0608369,0.0604015,0.0599519,0.0594869,0.0590051,0.0585053,0.0579861,0.0574462,0.0568847,0.0563012,0.0556961,0.0550712,0.0544303,0.0537792,0.0531262,0.0524808,0.0518527,0.0512505,0.05068,0.0501446,0.049645,0.0491801,0.048748,0.0483461,0.0479715,0.0476216,0.0472938,0.046986,0.0466961,0.0464222,0.0461629,0.0459167,0.0456824,0.0454589,0.0452454,0.0450409,0.0448447,0.0446562,0.0444747,0.0442999,0.0441311,0.043968,0.0438102,0.0436573,0.0435091,0.0433652,0.0432254,0.0430895,0.0429572,0.0428283,0.0427027,0.0425802,0.0424607,0.0423439,0.0422297,0.0421181,0.0420089,0.041902,0.0417973,0.0416947,0.0415941,0.0414954,0.0413986,0.0413036,0.0412103,0.0411187,0.0410286,0.0409401,0.040853,0.0407674,0.0406832,0.0406002
0.07027,0.0700054,0.0697383,0.0694688,0.0691966,0.0689216,0.0686438,0.068363,0.068079,0.0677917,0.0675009,0.0672065,0.0669081,0.0666058,0.0662991,0.0659879,0.0656718,0.0653507,0.0650242,0.0646919,0.0643536,0.0640086,0.0636567,0.0632974,0.06293,0.062554,0.0621687,0.0617735,0.0613674,0.0609496,0.0605192,0.060075,0.0596159,0.0591407,0.058648,0.0581367,0.0576053,0.0570529,0.056479,0.0558838,0.0552685,0.0546363,0.0539922,0.0533436,0.0526994,0.0520693,0.0514618,0.0508839,0.0503395,0.0498302,0.0493556,0.0489141,0.0485032,0.0481203,0.0477628,0.0474281,0.0471139,0.0468182,0.0465391,0.0462749,0.0460243,0.0457859,0.0455587,0.0453417,0.045134,0.0449349,0.0447436,0.0445597,0.0443824,0.0442114,0.0440463,0.0438865,0.0437318,0.0435818,0.0434363,0.043295,0.0431576,0.0430239,0.0428938,0.0427669,0.0426432,0.0425225,0.0424046,0.0422894,0.0421768,0.0420667,0.0419588,0.0418533,0.0417498,0.0416484,0.041549,0.0414515,0.0413557,0.0412617,0.0411694,0.0410787,0.0409896,0.0409019,0.0408157,0.0407309,0.0406474
0.0703257,0.0700619,0.0697957,0.069527,0.0692557,0.0689817,0.0687049,0.0684251,0.0681423,0.0678561,0.0675665,0.0672733,0.0669764,0.0666754,0.0663702,0.0660606,0.0657463,0.0654269,0.0651023,0.0647721,0.0644359,0.0640933,0.0637439,0.0633872,0.0630227,0.0626498,0.0622679,0.0618763,0.0614742,0.0610608,0.0606351,0.0601962,0.0597428,0.0592739,0.0587881,0.0582843,0.0577611,0.0572176,0.056653,0.0560674,0.0554617,0.0548383,0.0542017,0.0535583,0.0529164,0.0522852,0.0516737,0.0510891,0.0505364,0.0500178,0.0495337,0.0490827,0.0486628,0.0482715,0.0479063,0.0475644,0.0472437,0.0469421,0.0466575,0.0463884,0.0461332,0.0458907,0.0456597,0.0454391,0.0452282,0.0450261,0.044832,0.0446455,0.0444658,0.0442925,0.0441252,0.0439635,0.0438069,0.0436552,0.043508,0.0433651,0.0432262,0.0430911,0.0429596,0.0428315,0.0427066,0.0425847,0.0424657,0.0423495,0.0422359,0.0421248,0.042016,0.0419096,0.0418053,0.0417031,0.0416028,0.0415046,0.0414081,0.0413134,0.0412204,0.041129,0.0410393,0.040951,0.0408642,0.0407788,0.0406948
0.0703812,0.0701182,0.0698528,0.069585,0.0693146,0.0690416,0.0687657,0.068487,0.0682052,0.0679202,0.0676318,0.0673398,0.0670442,0.0667446,0.0664409,0.0661328,0.0658201,0.0655026,0.0651798,0.0648516,0.0645175,0.0641771,0.0638302,0.0634761,0.0631144,0.0627446,0.0623659,0.0619779,0.0615797,0.0611705,0.0607494,0.0603155,0.0598677,0.0594048,0.0589257,0.0584291,0.0579138,0.0573788,0.0568233,0.0562471,0.0556508,0.0550364,0.0544076,0.0537701,0.0531313,0.0525002,0.0518857,0.0512954,0.050735,0.0502076,0.0497141,0.0492538,0.0488249,0.0484251,0.0480519,0.0477028,0.0473755,0.0470677,0.0467776,0.0465034,0.0462436,0.0459968,0.0457619,0.0455377,0.0453235,0.0451182,0.0449213,0.0447321,0.04455,0.0443744,0.0442049,0.0440411,0.0438827,0.0437291,0.0435803,0.0434358,0.0432954,0.0431588,0.043026,0.0428966,0.0427704,0.0426474,0.0425273,0.04241,0.0422953,0.0421832,0.0420735,0.0419662,0.041861,0.041758,0.041657,0.0415579,0.0414607,0.0413653,0.0412716,0.0411796,0.0410892,0.0410003,0.0409129,0.0408269,0.0407423
0.0704365,0.0701743,0.0699097,0.0696427,0.0693732,0.0691011,0.0688263,0.0685485,0.0682678,0.0679839,0.0676966,0.0674059,0.0671116,0.0668134,0.0665111,0.0662046,0.0658935,0.0655776,0.0652567,0.0649304,0.0645984,0.0642603,0.0639157,0.0635641,0.0632052,0.0628383,0.0624629,0.0620783,0.0616838,0.0612787,0.0608621,0.0604331,0.0599906,0.0595335,0.0590608,0.0585712,0.0580635,0.0575367,0.05699,0.0564229,0.0558359,0.0552305,0.0546098,0.0539787,0.053344,0.052714,0.0520975,0.0515024,0.0509351,0.0503993,0.0498968,0.0494272,0.0489893,0.048581,0.0481998,0.0478433,0.0475092,0.0471952,0.0468994,0.04662,0.0463554,0.0461043,0.0458653,0.0456375,0.0454198,0.0452114,0.0450116,0.0448196,0.044635,0.044457,0.0442853,0.0441195,0.0439591,0.0438037,0.0436531,0.043507,0.043365,0.043227,0.0430928,0.0429621,0.0428347,0.0427104,0.0425892,0.0424708,0.0423551,0.042242,0.0421314,0.0420231,0.0419171,0.0418132,0.0417114,0.0416116,0.0415136,0.0414175,0.0413231,0.0412304,0.0411393,0.0410498,0.0409618,0.0408753,0.0407901
0.0704916,0.0702301,0.0699663,0.0697002,0.0694316,0.0691604,0.0688865,0.0686097,0.06833,0.0680472,0.0677612,0.0674717,0.0671786,0.0668817,0.0665809,0.0662758,0.0659664,0.0656522,0.065333,0.0650086,0.0646786,0.0643427,0.0640004,0.0636513,0.0632951,0.0629311,0.0625587,0.0621775,0.0617867,0.0613856,0.0609733,0.0605489,0.0601116,0.0596601,0.0591936,0.0587107,0.0582103,0.0576914,0.0571532,0.056595,0.0560171,0.0554207,0.0548082,0.054184,0.053554,0.0529261,0.0523086,0.0517098,0.0511364,0.0505928,0.0500816,0.049603,0.0491562,0.0487392,0.04835,0.047986,0.0476449,0.0473246,0.0470229,0.0467382,0.0464687,0.0462131,0.04597,0.0457384,0.0455172,0.0453056,0.0451028,0.0449081,0.0447208,0.0445404,0.0443665,0.0441985,0.0440361,0.0438789,0.0437265,0.0435787,0.0434352,0.0432958,0.0431601,0.043028,0.0428993,0.0427739,0.0426515,0.042532,0.0424153,0.0423012,0.0421896,0.0420804,0.0419735,0.0418687,0.0417661,0.0416655,0.0415668,0.0414699,0.0413748,0.0412815,0.0411897,0.0410996,0.041011,0.0409238,0.0408381
0.0705464,0.0702857,0.0700227,0.0697574,0.0694897,0.0692194,0.0689464,0.0686707,0.068392,0.0681103,0.0678253,0.067537,0.0672452,0.0669497,0.0666502,0.0663466,0.0660387,0.0657262,0.0654088,0.0650863,0.0647582,0.0644244,0.0640844,0.0637377,0.0633841,0.0630229,0.0626536,0.0622756,0.0618883,0.061491,0.0610829,0.0606631,0.0602307,0.0597847,0.0593241,0.0588477,0.0583544,0.0578431,0.057313,0.0567635,0.0561946,0.055607,0.0550029,0.0543859,0.0537613,0.0531363,0.0525189,0.0519173,0.0513386,0.0507879,0.0502684,0.049781,0.0493253,0.0488998,0.0485024,0.0481307,0.0477826,0.0474558,0.0471482,0.046858,0.0465835,0.0463233,0.046076,0.0458405,0.0456158,0.0454009,0.045195,0.0449974,0.0448075,0.0446247,0.0444484,0.0442783,0.0441138,0.0439547,0.0438005,0.0436511,0.043506,0.043365,0.0432279,0.0430944,0.0429645,0.0428378,0.0427142,0.0425936,0.0424758,0.0423607,0.0422481,0.042138,0.0420301,0.0419246,0.0418211,0.0417197,0.0416202,0.0415226,0.0414268,0.0413327,0.0412404,0.0411496,0.0410603,0.0409726,0.0408863
0.070601,0.0703411,0.0700789,0.0698144,0.0695475,0.0692781,0.0690061,0.0687313,0.0684536,0.068173,0.0678891,0.067602,0.0673114,0.0670172,0.0667191,0.066417,0.0661106,0.0657997,0.065484,0.0651633,0.0648372,0.0645054,0.0641676,0.0638234,0.0634722,0.0631137,0.0627474,0.0623726,0.0619888,0.0615952,0.0611911,0.0607757,0.0603481,0.0599074,0.0594524,0.0589823,0.0584958,0.0579919,0.0574697,0.0569286,0.0563684,0.0557896,0.0551939,0.0545843,0.0539657,0.0533443,0.0527279,0.0521245,0.0515414,0.0509843,0.050457,0.0499612,0.0494967,0.0490626,0.048657,0.0482776,0.0479223,0.0475889,0.0472752,0.0469794,0.0466999,0.046435,0.0461834,0.0459439,0.0457155,0.0454972,0.0452881,0.0450877,0.044895,0.0447097,0.0445311,0.0443587,0.0441922,0.0440312,0.0438752,0.043724,0.0435772,0.0434347,0.0432961,0.0431613,0.04303,0.0429021,0.0427773,0.0426556,0.0425367,0.0424205,0.042307,0.0421959,0.0420871,0.0419807,0.0418764,0.0417741,0.0416739,0.0415755,0.041479,0.0413843,0.0412912,0.0411998,0.0411099,0.0410215,0.0409347
0.0706554,0.0703962,0.0701348,0.0698711,0.0696051,0.0693365,0.0690654,0.0687916,0.0685149,0.0682353,0.0679526,0.0676667,0.0673773,0.0670843,0.0667876,0.0664869,0.066182,0.0658726,0.0655587,0.0652397,0.0649155,0.0645858,0.0642501,0.0639082,0.0635595,0.0632037,0.0628402,0.0624685,0.062088,0.061698,0.0612979,0.0608867,0.0604638,0.0600281,0.0595787,0.0591146,0.0586346,0.0581379,0.0576233,0.0570904,0.0565386,0.0559685,0.0553812,0.0547793,0.054167,0.05355,0.0529354,0.0523311,0.0517445,0.0511818,0.0506473,0.0501432,0.0496703,0.0492277,0.0488138,0.0484267,0.0480641,0.0477239,0.047404,0.0471026,0.0468178,0.046548,0.046292,0.0460485,0.0458163,0.0455946,0.0453823,0.0451789,0.0449835,0.0447956,0.0446145,0.0444399,0.0442713,0.0441083,0.0439504,0.0437975,0.0436491,0.043505,0.0433649,0.0432287,0.0430961,0.0429668,0.0428409,0.042718,0.042598,0.0424808,0.0423662,0.0422541,0.0421445,0.0420371,0.041932,0.0418289,0.0417279,0.0416288,0.0415315,0.0414361,0.0413423,0.0412502,0.0411597,0.0410707,0.0409833
0.0707096,0.0704512,0.0701905,0.0699276,0.0696624,0.0693947,0.0691245,0.0688516,0.068576,0.0682974,0.0680158,0.0677309,0.0674427,0.067151,0.0668556,0.0665563,0.0662529,0.0659451,0.0656328,0.0653156,0.0649933,0.0646655,0.064332,0.0639923,0.063646,0.0632928,0.0629321,0.0625634,0.0621861,0.0617997,0.0614033,0.0609963,0.0605779,0.0601471,0.059703,0.0592447,0.0587711,0.0582811,0.057774,0.0572489,0.0567054,0.0561437,0.0555648,0.0549707,0.054365,0.053753,0.0531411,0.0525368,0.0519476,0.05138,0.0508389,0.0503272,0.0498459,0.0493949,0.0489728,0.0485778,0.0482079,0.0478609,0.0475347,0.0472274,0.0469372,0.0466626,0.0464021,0.0461544,0.0459184,0.0456931,0.0454775,0.045271,0.0450728,0.0448823,0.0446988,0.0445219,0.0443511,0.044186,0.0440263,0.0438715,0.0437214,0.0435758,0.0434342,0.0432965,0.0431625,0.043032,0.0429048,0.0427807,0.0426596,0.0425413,0.0424257,0.0423127,0.0422021,0.0420939,0.0419878,0.041884,0.0417821,0.0416822,0.0415843,0.0414881,0.0413937,0.0413009,0.0412097,0.0411202,0.0410321
0.0707636,0.0705059,0.070246,0.0699839,0.0697195,0.0694527,0.0691833,0.0689114,0.0686367,0.0683591,0.0680786,0.0677949,0.0675078,0.0672174,0.0669233,0.0666253,0.0663233,0.0660171,0.0657064,0.0653909,0.0650704,0.0647446,0.0644131,0.0640756,0.0637318,0.0633811,0.0630231,0.0626573,0.0622832,0.0619001,0.0615074,0.0611044,0.0606903,0.0602643,0.0598254,0.0593727,0.0589051,0.0584218,0.0579218,0.0574044,0.0568689,0.0563155,0.0557448,0.0551586,0.0545599,0.0539533,0.0533447,0.0527413,0.0521504,0.0515788,0.0510317,0.0505127,0.0500235,0.0495642,0.049134,0.0487311,0.0483538,0.0479998,0.0476672,0.0473539,0.0470583,0.0467786,0.0465135,0.0462615,0.0460216,0.0457927,0.0455738,0.0453642,0.0451631,0.0449698,0.0447839,0.0446046,0.0444316,0.0442645,0.0441028,0.0439462,0.0437944,0.0436471,0.043504,0.0433649,0.0432295,0.0430977,0.0429692,0.0428439,0.0427217,0.0426023,0.0424857,0.0423716,0.0422601,0.0421509,0.042044,0.0419393,0.0418367,0.041736,0.0416373,0.0415404,0.0414452,0.0413518,0.04126,0.0411698,0.0410811
0.0708174,0.0705604,0.0703012,0.0700399,0.0697763,0.0695103,0.0692419,0.0689709,0.0686971,0.0684206,0.0681411,0.0678584,0.0675726,0.0672833,0.0669905,0.0666939,0.0663933,0.0660886,0.0657795,0.0654657,0.065147,0.0648231,0.0644936,0.0641583,0.0638167,0.0634685,0.0631131,0.0627502,0.0623791,0.0619994,0.0616103,0.0612112,0.0608013,0.0603798,0.0599459,0.0594986,0.0590369,0.05856,0.0580669,0.0575568,0.0570292,0.0564839,0.0559213,0.055343,0.0547514,0.0541506,0.0535461,0.0529444,0.0523527,0.0517778,0.0512255,0.0506997,0.0502029,0.0497356,0.0492972,0.0488865,0.0485017,0.0481406,0.0478015,0.0474822,0.047181,0.0468962,0.0466263,0.04637,0.0461261,0.0458934,0.0456711,0.0454583,0.0452543,0.0450583,0.0448697,0.0446881,0.0445129,0.0443436,0.04418,0.0440215,0.043868,0.043719,0.0435743,0.0434337,0.0432969,0.0431638,0.043034,0.0429075,0.0427841,0.0426637,0.042546,0.0424309,0.0423184,0.0422083,0.0421005,0.0419949,0.0418915,0.04179,0.0416905,0.0415929,0.0414971,0.041403,0.0413105,0.0412196,0.0411303
0.070871,0.0706147,0.0703563,0.0700957,0.0698329,0.0695678,0.0693002,0.06903,0.0687573,0.0684817,0.0682032,0.0679217,0.067637,0.0673489,0.0670573,0.0667621,0.0664629,0.0661596,0.0658521,0.0655399,0.065223,0.0649009,0.0645734,0.0642402,0.0639009,0.0635551,0.0632023,0.0628421,0.0624741,0.0620975,0.0617119,0.0613166,0.0609108,0.0604937,0.0600646,0.0596225,0.0591666,0.0586958,0.0582094,0.0577064,0.0571864,0.0566489,0.0560944,0.0555239,0.0549396,0.054345,0.053745,0.0531457,0.052554,0.0519767,0.0514199,0.050888,0.0503839,0.0499088,0.0494625,0.049044,0.0486516,0.0482835,0.0479377,0.0476122,0.0473053,0.0470153,0.0467406,0.0464798,0.0462318,0.0459954,0.0457696,0.0455535,0.0453464,0.0451476,0.0449565,0.0447724,0.0445949,0.0444235,0.0442578,0.0440975,0.0439421,0.0437914,0.0436452,0.043503,0.0433648,0.0432303,0.0430993,0.0429716,0.042847,0.0427254,0.0426066,0.0424906,0.0423771,0.042266,0.0421573,0.0420509,0.0419466,0.0418443,0.0417441,0.0416457,0.0415492,0.0414544,0.0413612,0.0412697,0.0411798
0.0709244,0.0706687,0.0704111,0.0701513,0.0698892,0.0696249,0.0693582,0.069089,0.0688171,0.0685425,0.0682651,0.0679846,0.067701,0.0674141,0.0671238,0.0668298,0.066532,0.0662302,0.0659242,0.0656136,0.0652984,0.0649782,0.0646526,0.0643215,0.0639843,0.0636409,0.0632906,0.0629332,0.062568,0.0621946,0.0618124,0.0614207,0.0610188,0.0606061,0.0601816,0.0597446,0.0592942,0.0588294,0.0583493,0.0578533,0.0573405,0.0568108,0.0562641,0.0557015,0.0551245,0.0545364,0.0539414,0.0533451,0.0527542,0.0521753,0.0516147,0.0510774,0.0505665,0.0500839,0.0496297,0.0492034,0.0488035,0.0484282,0.0480757,0.047744,0.0474313,0.047136,0.0468563,0.046591,0.0463388,0.0460985,0.0458691,0.0456497,0.0454395,0.0452379,0.045044,0.0448574,0.0446776,0.044504,0.0443363,0.044174,0.0440168,0.0438644,0.0437166,0.0435729,0.0434332,0.0432973,0.043165,0.043036,0.0429102,0.0427875,0.0426676,0.0425505,0.0424361,0.0423241,0.0422145,0.0421071,0.042002,0.0418989,0.0417979,0.0416988,0.0416015,0.041506,0.0414122,0.04132,0.0412295
0.0709775,0.0707226,0.0704656,0.0702066,0.0699454,0.0696819,0.069416,0.0691476,0.0688767,0.0686031,0.0683266,0.0680472,0.0677647,0.067479,0.0671899,0.0668972,0.0666007,0.0663003,0.0659958,0.0656868,0.0653733,0.0650548,0.0647312,0.064402,0.0640671,0.0637259,0.0633781,0.0630233,0.062661,0.0622906,0.0619117,0.0615235,0.0611255,0.0607169,0.060297,0.0598648,0.0594197,0.0589607,0.0584869,0.0579975,0.0574918,0.0569696,0.0564306,0.0558757,0.0553061,0.0547246,0.054135,0.0535424,0.052953,0.0523734,0.0518098,0.0512675,0.0507504,0.0502606,0.0497989,0.0493649,0.0489574,0.048575,0.0482156,0.0478776,0.047559,0.0472582,0.0469735,0.0467036,0.046447,0.0462028,0.0459697,0.045747,0.0455336,0.045329,0.0451325,0.0449433,0.0447611,0.0445853,0.0444155,0.0442512,0.0440922,0.043938,0.0437885,0.0436433,0.0435021,0.0433648,0.0432311,0.0431009,0.0429739,0.04285,0.042729,0.0426109,0.0424954,0.0423824,0.0422719,0.0421637,0.0420577,0.0419538,0.041852,0.0417521,0.0416541,0.0415579,0.0414634,0.0413706,0.0412794
0.0710305,0.0707763,0.07052,0.0702617,0.0700012,0.0697385,0.0694735,0.069206,0.068936,0.0686633,0.0683878,0.0681095,0.0678281,0.0675435,0.0672555,0.0669641,0.066669,0.06637,0.0660669,0.0657595,0.0654476,0.0651309,0.0648091,0.064482,0.0641491,0.0638102,0.0634648,0.0631125,0.062753,0.0623856,0.0620098,0.0616251,0.0612308,0.0608263,0.0604107,0.0599833,0.0595433,0.0590898,0.058622,0.0581391,0.0576404,0.0571253,0.0565939,0.0560466,0.0554844,0.0549097,0.0543258,0.0537374,0.0531502,0.0525705,0.0520047,0.0514582,0.0509354,0.0504388,0.0499698,0.0495282,0.0491133,0.0487236,0.0483574,0.048013,0.0476884,0.047382,0.0470922,0.0468175,0.0465566,0.0463083,0.0460715,0.0458453,0.0456287,0.0454211,0.0452218,0.04503,0.0448454,0.0446673,0.0444953,0.0443291,0.0441681,0.0440122,0.043861,0.0437142,0.0435715,0.0434328,0.0432977,0.0431662,0.043038,0.0429129,0.0427908,0.0426716,0.0425551,0.0424411,0.0423297,0.0422206,0.0421137,0.042009,0.0419063,0.0418057,0.0417069,0.04161,0.0415148,0.0414214,0.0413295
0.0710833,0.0708297,0.0705742,0.0703166,0.0700569,0.069795,0.0695308,0.0692641,0.068995,0.0687232,0.0684488,0.0681714,0.0678911,0.0676076,0.0673209,0.0670307,0.0667368,0.0664392,0.0661376,0.0658318,0.0655215,0.0652065,0.0648865,0.0645612,0.0642304,0.0638937,0.0635507,0.0632009,0.062844,0.0624795,0.0621069,0.0617255,0.0613349,0.0609342,0.0605229,0.0601001,0.0596651,0.059217,0.058755,0.0582783,0.0577862,0.0572783,0.0567542,0.0562143,0.0556595,0.0550917,0.0545138,0.05393,0.0533455,0.0527666,0.0521993,0.0516493,0.0511213,0.0506184,0.0501423,0.0496934,0.0492711,0.0488742,0.0485011,0.0481501,0.0478195,0.0475075,0.0472124,0.0469329,0.0466675,0.0464151,0.0461744,0.0459447,0.0457248,0.0455142,0.045312,0.0451176,0.0449305,0.04475,0.0445759,0.0444076,0.0442447,0.044087,0.0439341,0.0437856,0.0436414,0.0435012,0.0433648,0.043232,0.0431025,0.0429762,0.042853,0.0427327,0.0426151,0.0425002,0.0423878,0.0422777,0.04217,0.0420644,0.041961,0.0418596,0.04176,0.0416624,0.0415665,0.0414724,0.0413799
0.0711359,0.070883,0.0706281,0.0703713,0.0701123,0.0698512,0.0695878,0.069322,0.0690537,0.0687829,0.0685094,0.068233,0.0679538,0.0676714,0.0673858,0.0670968,0.0668043,0.066508,0.0662078,0.0659035,0.0655948,0.0652814,0.0649633,0.0646399,0.0643111,0.0639765,0.0636358,0.0632885,0.0629342,0.0625725,0.0622029,0.0618248,0.0614377,0.0610408,0.0606336,0.0602152,0.059785,0.0593421,0.0588857,0.0584151,0.0579295,0.0574284,0.0569115,0.0563789,0.0558314,0.0552705,0.0546988,0.05412,0.0535389,0.0529613,0.0523933,0.0518405,0.051308,0.0507993,0.0503164,0.0498603,0.0494307,0.0490266,0.0486466,0.0482891,0.0479523,0.0476345,0.0473342,0.0470497,0.0467798,0.0465231,0.0462786,0.0460452,0.045822,0.0456082,0.0454031,0.045206,0.0450163,0.0448335,0.0446572,0.0444868,0.044322,0.0441624,0.0440077,0.0438576,0.0437118,0.0435702,0.0434323,0.0432982,0.0431674,0.0430399,0.0429156,0.0427941,0.0426755,0.0425596,0.0424462,0.0423352,0.0422266,0.0421202,0.0420159,0.0419137,0.0418134,0.041715,0.0416185,0.0415236,0.0414305
0.0711883,0.070936,0.0706819,0.0704257,0.0701675,0.0699072,0.0696445,0.0693796,0.0691122,0.0688423,0.0685697,0.0682944,0.0680161,0.0677349,0.0674504,0.0671626,0.0668714,0.0665764,0.0662776,0.0659747,0.0656676,0.0653559,0.0650395,0.064718,0.0643911,0.0640586,0.0637201,0.0633752,0.0630235,0.0626646,0.0622979,0.061923,0.0615392,0.0611461,0.0607428,0.0603288,0.0599032,0.0594653,0.0590144,0.0585496,0.0580703,0.0575758,0.0570659,0.0565405,0.0560002,0.0554462,0.0548808,0.0543073,0.0537301,0.0531545,0.0525864,0.0520316,0.0514952,0.0509811,0.0504919,0.0500289,0.0495921,0.0491809,0.048794,0.0484298,0.0480868,0.0477632,0.0474575,0.047168,0.0468934,0.0466324,0.0463839,0.0461468,0.0459202,0.0457032,0.0454951,0.0452953,0.045103,0.0449178,0.0447392,0.0445667,0.0443999,0.0442384,0.0440819,0.0439301,0.0437828,0.0436396,0.0435003,0.0433648,0.0432328,0.0431041,0.0429785,0.042856,0.0427363,0.0426193,0.0425049,0.042393,0.0422835,0.0421762,0.0420711,0.0419681,0.0418671,0.0417679,0.0416706,0.0415751,0.0414813
0.0712405,0.0709889,0.0707354,0.07048,0.0702225,0.0699629,0.0697011,0.069437,0.0691704,0.0689014,0.0686298,0.0683554,0.0680782,0.067798,0.0675147,0.0672281,0.066938,0.0666444,0.0663469,0.0660455,0.0657399,0.0654298,0.0651151,0.0647954,0.0644705,0.0641401,0.0638037,0.0634612,0.063112,0.0627557,0.0623919,0.06202,0.0616396,0.06125,0.0608506,0.0604408,0.0600197,0.0595867,0.059141,0.0586819,0.0582086,0.0577206,0.0572175,0.0566991,0.0561659,0.0556189,0.0550599,0.054492,0.053919,0.053346,0.0527785,0.0522223,0.0516826,0.0511637,0.0506686,0.050199,0.0497552,0.0493369,0.0489431,0.0485724,0.0482231,0.0478936,0.0475823,0.0472877,0.0470084,0.046743,0.0464904,0.0462496,0.0460194,0.0457992,0.0455881,0.0453854,0.0451905,0.0450029,0.0448219,0.0446472,0.0444784,0.044315,0.0441567,0.0440032,0.0438543,0.0437096,0.0435688,0.0434319,0.0432986,0.0431686,0.0430419,0.0429182,0.0427974,0.0426794,0.042564,0.0424512,0.0423407,0.0422326,0.0421266,0.0420228,0.041921,0.0418211,0.0417231,0.0416269,0.0415324
0.0712925,0.0710416,0.0707888,0.070534,0.0702773,0.0700184,0.0697574,0.0694941,0.0692284,0.0689602,0.0686895,0.0684161,0.0681399,0.0678608,0.0675786,0.0672931,0.0670043,0.0667119,0.0664158,0.0661158,0.0658117,0.0655032,0.0651902,0.0648723,0.0645493,0.0642208,0.0638866,0.0635463,0.0631996,0.0628459,0.0624849,0.0621161,0.0617389,0.0613528,0.0609571,0.0605513,0.0601346,0.0597063,0.0592657,0.0588121,0.0583447,0.0578629,0.0573664,0.0568549,0.0563286,0.0557885,0.0552361,0.0546739,0.0541055,0.0535356,0.0529693,0.0524124,0.0518701,0.051347,0.0508465,0.0503705,0.0499199,0.0494947,0.049094,0.0487166,0.048361,0.0480256,0.0477087,0.0474089,0.0471248,0.0468549,0.0465982,0.0463535,0.0461198,0.0458962,0.045682,0.0454765,0.0452789,0.0450887,0.0449054,0.0447285,0.0445576,0.0443922,0.0442321,0.0440769,0.0439263,0.04378,0.0436378,0.0434995,0.0433648,0.0432336,0.0431056,0.0429808,0.0428589,0.0427399,0.0426235,0.0425097,0.0423983,0.0422892,0.0421824,0.0420778,0.0419752,0.0418745,0.0417758,0.0416788,0.0415836
0.0713443,0.071094,0.0708419,0.0705878,0.0703318,0.0700737,0.0698134,0.0695509,0.0692861,0.0690188,0.068749,0.0684766,0.0682013,0.0679232,0.0676421,0.0673578,0.0670702,0.0667791,0.0664843,0.0661857,0.0658831,0.0655761,0.0652647,0.0649486,0.0646274,0.0643009,0.0639688,0.0636308,0.0632864,0.0629353,0.062577,0.0622111,0.061837,0.0614543,0.0610623,0.0606604,0.0602479,0.0598242,0.0593886,0.0589402,0.0584785,0.0580028,0.0575127,0.0570078,0.0564885,0.0559551,0.0554093,0.054853,0.0542896,0.0537231,0.0531587,0.0526017,0.0520575,0.0515307,0.0510252,0.0505433,0.0500862,0.0496542,0.0492467,0.0488627,0.0485007,0.0481592,0.0478367,0.0475316,0.0472426,0.0469682,0.0467072,0.0464586,0.0462212,0.0459943,0.0457769,0.0455684,0.0453681,0.0451754,0.0449897,0.0448105,0.0446375,0.0444701,0.0443081,0.0441511,0.0439989,0.043851,0.0437073,0.0435676,0.0434315,0.043299,0.0431698,0.0430438,0.0429208,0.0428007,0.0426833,0.0425685,0.0424562,0.0423462,0.0422385,0.042133,0.0420296,0.0419282,0.0418287,0.0417311,0.0416352
0.071396,0.0711463,0.0708948,0.0706415,0.0703861,0.0701288,0.0698693,0.0696075,0.0693435,0.0690771,0.0688082,0.0685367,0.0682625,0.0679854,0.0677053,0.0674221,0.0671357,0.0668458,0.0665524,0.0662551,0.0659539,0.0656485,0.0653387,0.0650243,0.0647049,0.0643804,0.0640503,0.0637145,0.0633724,0.0630237,0.0626681,0.0623051,0.0619341,0.0615546,0.0611662,0.0607681,0.0603598,0.0599405,0.0595096,0.0590664,0.0586102,0.0581404,0.0576565,0.0571581,0.0566454,0.0561189,0.0555795,0.0550293,0.054471,0.0539085,0.0533464,0.05279,0.0522445,0.0517147,0.0512047,0.0507172,0.0502538,0.0498152,0.049401,0.0490104,0.048642,0.0482945,0.0479663,0.0476559,0.0473618,0.0470828,0.0468175,0.0465648,0.0463238,0.0460934,0.0458728,0.0456613,0.0454582,0.0452628,0.0450747,0.0448932,0.044718,0.0445487,0.0443848,0.044226,0.044072,0.0439225,0.0437773,0.0436361,0.0434987,0.0433648,0.0432344,0.0431072,0.0429831,0.0428619,0.0427434,0.0426276,0.0425144,0.0424035,0.0422949,0.0421886,0.0420844,0.0419822,0.0418819,0.0417835,0.041687
0.0714475,0.0711984,0.0709476,0.0706949,0.0704403,0.0701836,0.0699249,0.0696639,0.0694007,0.0691352,0.0688672,0.0685966,0.0683233,0.0680472,0.0677682,0.0674861,0.0672009,0.0669122,0.06662,0.0663241,0.0660244,0.0657205,0.0654123,0.0650995,0.0647819,0.0644592,0.0641312,0.0637974,0.0634576,0.0631114,0.0627584,0.0623981,0.0620301,0.0616538,0.0612688,0.0608744,0.0604701,0.0600551,0.0596289,0.0591906,0.0587398,0.0582757,0.0577978,0.0573058,0.0567997,0.0562798,0.0557469,0.0552028,0.0546499,0.0540917,0.0535324,0.0529771,0.0524308,0.0518986,0.0513847,0.0508921,0.0504228,0.0499778,0.049557,0.0491598,0.0487851,0.0484314,0.0480974,0.0477816,0.0474825,0.0471987,0.046929,0.0466723,0.0464275,0.0461936,0.0459697,0.0457551,0.0455492,0.0453511,0.0451605,0.0449767,0.0447993,0.0446279,0.044462,0.0443014,0.0441457,0.0439946,0.0438478,0.0437051,0.0435663,0.0434311,0.0432994,0.043171,0.0430457,0.0429234,0.0428039,0.0426871,0.0425729,0.0424611,0.0423516,0.0422444,0.0421394,0.0420364,0.0419354,0.0418363,0.041739
0.0714988,0.0712503,0.0710002,0.0707481,0.0704942,0.0702382,0.0699802,0.0697201,0.0694577,0.069193,0.0689258,0.0686561,0.0683838,0.0681087,0.0678308,0.0675498,0.0672657,0.0669782,0.0666873,0.0663927,0.0660943,0.0657919,0.0654853,0.0651741,0.0648583,0.0645375,0.0642114,0.0638797,0.0635421,0.0631983,0.0628478,0.0624902,0.0621251,0.0617519,0.0613703,0.0609795,0.060579,0.0601682,0.0597465,0.0593131,0.0588674,0.0584088,0.0579368,0.057451,0.0569513,0.0564378,0.0559115,0.0553735,0.0548261,0.0542725,0.0537165,0.0531628,0.0526164,0.0520824,0.051565,0.0510678,0.0505929,0.0501418,0.0497145,0.0493109,0.0489298,0.04857,0.0482302,0.0479088,0.0476046,0.047316,0.0470419,0.046781,0.0465323,0.0462948,0.0460676,0.0458499,0.045641,0.0454403,0.0452471,0.0450609,0.0448813,0.0447078,0.0445399,0.0443774,0.0442199,0.0440671,0.0439188,0.0437746,0.0436344,0.0434979,0.0433649,0.0432352,0.0431088,0.0429853,0.0428648,0.0427469,0.0426317,0.042519,0.0424086,0.0423006,0.0421947,0.0420909,0.0419891,0.0418893,0.0417913
0.0715499,0.0713021,0.0710525,0.0708011,0.0705479,0.0702926,0.0700354,0.069776,0.0695144,0.0692505,0.0689842,0.0687154,0.0684441,0.06817,0.067893,0.0676131,0.0673301,0.0670438,0.0667541,0.0664609,0.0661639,0.0658629,0.0655578,0.0652482,0.0649341,0.0646151,0.0642909,0.0639613,0.0636259,0.0632843,0.0629363,0.0625814,0.0622191,0.061849,0.0614705,0.0610833,0.0606866,0.0602798,0.0598624,0.0594337,0.058993,0.0585398,0.0580735,0.0575937,0.0571002,0.0565932,0.0560732,0.0555414,0.0549997,0.0544508,0.0538985,0.0533469,0.0528011,0.0522658,0.0517456,0.0512441,0.0507641,0.050307,0.0498736,0.0494635,0.0490761,0.0487102,0.0483645,0.0480376,0.0477282,0.0474347,0.047156,0.0468909,0.0466383,0.0463971,0.0461665,0.0459457,0.0457338,0.0455303,0.0453345,0.0451459,0.044964,0.0447883,0.0446185,0.0444541,0.0442948,0.0441403,0.0439903,0.0438446,0.0437029,0.043565,0.0434308,0.0432999,0.0431722,0.0430476,0.042926,0.0428071,0.0426909,0.0425772,0.042466,0.042357,0.0422503,0.0421457,0.0420431,0.0419425,0.0418438
0.0716008,0.0713536,0.0711047,0.070854,0.0706014,0.0703468,0.0700903,0.0698317,0.0695709,0.0693078,0.0690423,0.0687745,0.068504,0.0682309,0.0679549,0.0676761,0.0673942,0.0671091,0.0668206,0.0665286,0.066233,0.0659334,0.0656298,0.0653218,0.0650094,0.0646921,0.0643698,0.0640422,0.0637089,0.0633696,0.063024,0.0626716,0.0623121,0.061945,0.0615697,0.0611858,0.0607928,0.0603899,0.0599768,0.0595526,0.0591168,0.0586688,0.058208,0.0577341,0.0572467,0.0567459,0.0562323,0.0557066,0.0551706,0.0546268,0.0540783,0.0535294,0.0529845,0.0524486,0.0519261,0.051421,0.0509361,0.0504735,0.050034,0.0496176,0.0492239,0.0488519,0.0485004,0.0481679,0.0478532,0.0475548,0.0472715,0.0470021,0.0467455,0.0465006,0.0462665,0.0460424,0.0458275,0.0456212,0.0454227,0.0452317,0.0450474,0.0448696,0.0446976,0.0445313,0.0443702,0.044214,0.0440624,0.0439151,0.043772,0.0436327,0.0434971,0.0433649,0.0432361,0.0431103,0.0429876,0.0428677,0.0427504,0.0426358,0.0425236,0.0424138,0.0423062,0.0422008,0.0420974,0.041996,0.0418965
0.0716516,0.071405,0.0711567,0.0709066,0.0706547,0.0704008,0.070145,0.0698871,0.0696271,0.0693648,0.0691002,0.0688332,0.0685637,0.0682915,0.0680166,0.0677387,0.0674579,0.067174,0.0668867,0.066596,0.0663016,0.0660035,0.0657013,0.0653949,0.0650841,0.0647686,0.0644481,0.0641224,0.0637912,0.0634542,0.0631109,0.062761,0.0624042,0.0620399,0.0616678,0.0612872,0.0608977,0.0604987,0.0600896,0.0596698,0.0592387,0.0587958,0.0583404,0.0578721,0.0573907,0.0568961,0.0563886,0.0558691,0.0553389,0.0548002,0.054256,0.05371,0.0531667,0.0526307,0.0521065,0.0515981,0.0511089,0.050641,0.0501957,0.0497732,0.0493734,0.0489953,0.0486378,0.0482997,0.0479797,0.0476763,0.0473883,0.0471145,0.0468538,0.0466051,0.0463675,0.0461401,0.0459221,0.0457129,0.0455118,0.0453182,0.0451316,0.0449515,0.0447775,0.0446092,0.0444462,0.0442883,0.044135,0.0439862,0.0438415,0.0437008,0.0435638,0.0434304,0.0433003,0.0431734,0.0430495,0.0429286,0.0428103,0.0426947,0.0425816,0.0424708,0.0423624,0.0422561,0.0421519,0.0420498,0.0419496
0.0717022,0.0714562,0.0712085,0.070959,0.0707078,0.0704546,0.0701995,0.0699423,0.0696831,0.0694216,0.0691578,0.0688917,0.068623,0.0683518,0.0680779,0.0678011,0.0675213,0.0672385,0.0669524,0.0666629,0.0663699,0.0660731,0.0657724,0.0654675,0.0651583,0.0648445,0.0645258,0.0642021,0.0638729,0.063538,0.063197,0.0628496,0.0624954,0.0621339,0.0617647,0.0613874,0.0610013,0.0606061,0.0602009,0.0597854,0.0593589,0.0589209,0.0584707,0.058008,0.0575323,0.0570437,0.0565424,0.0560289,0.0555045,0.0549711,0.0544314,0.0538888,0.0533474,0.0528118,0.0522864,0.0517754,0.0512823,0.0508095,0.0503586,0.0499302,0.0495243,0.0491401,0.0487768,0.048433,0.0481076,0.0477992,0.0475065,0.0472282,0.0469634,0.0467108,0.0464696,0.0462388,0.0460177,0.0458056,0.0456017,0.0454055,0.0452165,0.0450342,0.044858,0.0446877,0.0445228,0.0443631,0.0442081,0.0440577,0.0439115,0.0437694,0.0436311,0.0434963,0.043365,0.0432369,0.0431119,0.0429898,0.0428705,0.0427539,0.0426398,0.0425282,0.0424188,0.0423117,0.0422068,0.0421038,0.0420029
0.0717526,0.0715072,0.0712601,0.0710113,0.0707607,0.0705082,0.0702538,0.0699974,0.0697388,0.0694782,0.0692152,0.0689499,0.0686822,0.0684118,0.0681389,0.0678631,0.0675844,0.0673027,0.0670178,0.0667295,0.0664377,0.0661423,0.065843,0.0655396,0.065232,0.0649198,0.064603,0.0642811,0.0639539,0.0636211,0.0632823,0.0629373,0.0625857,0.0622269,0.0618607,0.0614865,0.0611038,0.0607121,0.0603109,0.0598995,0.0594775,0.0590441,0.058599,0.0581417,0.0576717,0.0571889,0.0566936,0.0561861,0.0556675,0.0551395,0.0546044,0.0540655,0.0535265,0.0529918,0.0524658,0.0519526,0.0514561,0.0509788,0.0505226,0.0500885,0.0496766,0.0492865,0.0489173,0.0485679,0.048237,0.0479235,0.0476259,0.0473432,0.0470741,0.0468176,0.0465727,0.0463385,0.0461143,0.0458991,0.0456925,0.0454937,0.0453022,0.0451175,0.0449392,0.0447669,0.0446001,0.0444385,0.0442818,0.0441298,0.0439821,0.0438385,0.0436987,0.0435627,0.0434301,0.0433008,0.0431746,0.0430514,0.0429311,0.0428135,0.0426984,0.0425858,0.0424756,0.0423677,0.0422619,0.0421581,0.0420564
0.0718029,0.0715581,0.0713116,0.0710634,0.0708134,0.0705616,0.0703079,0.0700521,0.0697944,0.0695345,0.0692723,0.0690079,0.068741,0.0684716,0.0681996,0.0679248,0.0676472,0.0673665,0.0670827,0.0667957,0.0665052,0.0662111,0.0659131,0.0656112,0.0653052,0.0649947,0.0646795,0.0643594,0.0640342,0.0637035,0.0633669,0.0630243,0.0626751,0.062319,0.0619556,0.0615845,0.061205,0.0608169,0.0604194,0.0600121,0.0595943,0.0591656,0.0587254,0.0582733,0.0578088,0.0573318,0.0568423,0.0563407,0.0558279,0.0553054,0.0547751,0.0542401,0.0537039,0.0531705,0.0526444,0.0521296,0.0516301,0.0511487,0.0506876,0.050248,0.0498303,0.0494343,0.0490592,0.0487042,0.0483679,0.0480492,0.0477468,0.0474595,0.0471861,0.0469256,0.046677,0.0464393,0.0462118,0.0459936,0.0457841,0.0455826,0.0453886,0.0452016,0.0450211,0.0448467,0.044678,0.0445145,0.0443561,0.0442024,0.0440531,0.043908,0.0437669,0.0436294,0.0434956,0.0433651,0.0432377,0.0431134,0.042992,0.0428734,0.0427573,0.0426438,0.0425327,0.0424239,0.0423172,0.0422127,0.0421102
0.071853,0.0716087,0.0713628,0.0711152,0.0708659,0.0706148,0.0703617,0.0701067,0.0698497,0.0695906,0.0693292,0.0690656,0.0687996,0.0685311,0.06826,0.0679862,0.0677096,0.06743,0.0671474,0.0668615,0.0665722,0.0662794,0.0659829,0.0656824,0.0653778,0.0650689,0.0647555,0.0644372,0.0641139,0.0637852,0.0634508,0.0631104,0.0627637,0.0624102,0.0620496,0.0616814,0.0613052,0.0609204,0.0605266,0.0601232,0.0597096,0.0592854,0.05885,0.0584029,0.0579438,0.0574723,0.0569886,0.0564929,0.0559858,0.0554687,0.0549434,0.0544126,0.0538795,0.0533479,0.0528221,0.0523063,0.0518042,0.0513191,0.0508535,0.0504086,0.0499853,0.0495835,0.0492026,0.0488419,0.0485002,0.0481763,0.047869,0.047577,0.0472993,0.0470348,0.0467823,0.0465411,0.0463103,0.046089,0.0458766,0.0456724,0.0454759,0.0452865,0.0451037,0.0449272,0.0447564,0.0445911,0.0444309,0.0442755,0.0441247,0.043978,0.0438355,0.0436967,0.0435615,0.0434297,0.0433012,0.0431758,0.0430533,0.0429336,0.0428166,0.0427021,0.0425901,0.0424804,0.0423729,0.0422676,0.0421643
0.0719029,0.0716592,0.0714139,0.0711669,0.0709182,0.0706677,0.0704154,0.0701611,0.0699048,0.0696464,0.0693858,0.069123,0.0688579,0.0685903,0.0683201,0.0680473,0.0677717,0.0674932,0.0672116,0.0669269,0.0666389,0.0663473,0.0660521,0.0657531,0.06545,0.0651427,0.0648309,0.0645144,0.0641929,0.0638662,0.0635339,0.0631958,0.0628514,0.0625005,0.0621426,0.0617773,0.0614042,0.0610227,0.0606324,0.0602328,0.0598234,0.0594035,0.0589727,0.0585306,0.0580766,0.0576107,0.0571326,0.0566425,0.0561412,0.0556296,0.0551094,0.0545829,0.0540531,0.0535238,0.0529988,0.0524823,0.0519782,0.0514899,0.05102,0.0505702,0.0501415,0.049734,0.0493475,0.0489811,0.0486339,0.0483048,0.0479925,0.0476959,0.0474138,0.0471451,0.0468888,0.046644,0.0464098,0.0461853,0.04597,0.045763,0.0455639,0.0453721,0.0451871,0.0450084,0.0448356,0.0446684,0.0445064,0.0443492,0.0441967,0.0440486,0.0439045,0.0437644,0.0436279,0.0434948,0.0433651,0.0432386,0.043115,0.0429942,0.0428762,0.0427608,0.0426478,0.0425372,0.0424289,0.0423227,0.0422186
0.0719527,0.0717096,0.0714648,0.0712185,0.0709704,0.0707205,0.0704688,0.0702152,0.0699597,0.069702,0.0694422,0.0691802,0.0689159,0.0686492,0.0683799,0.0681081,0.0678335,0.067556,0.0672756,0.066992,0.0667051,0.0664149,0.066121,0.0658233,0.0655217,0.0652159,0.0649058,0.064591,0.0642714,0.0639466,0.0636163,0.0632804,0.0629384,0.0625899,0.0622347,0.0618722,0.0615021,0.0611239,0.060737,0.0603411,0.0599356,0.05952,0.0590937,0.0586564,0.0582075,0.0577468,0.0572742,0.0567898,0.0562941,0.055788,0.0552729,0.0547509,0.0542248,0.053698,0.0531743,0.0526576,0.052152,0.0516609,0.0511872,0.0507328,0.0502988,0.0498858,0.0494937,0.0491217,0.048769,0.0484347,0.0481174,0.047816,0.0475295,0.0472566,0.0469964,0.0467479,0.0465103,0.0462826,0.0460643,0.0458545,0.0456528,0.0454585,0.0452711,0.0450902,0.0449154,0.0447462,0.0445823,0.0444235,0.0442693,0.0441196,0.0439741,0.0438325,0.0436947,0.0435604,0.0434294,0.0433017,0.043177,0.0430552,0.0429361,0.0428197,0.0427058,0.0425943,0.0424851,0.0423781,0.0422732
0.0720023,0.0717597,0.0715156,0.0712698,0.0710223,0.0707731,0.0705221,0.0702692,0.0700143,0.0697574,0.0694984,0.0692372,0.0689737,0.0687078,0.0684395,0.0681686,0.067895,0.0676185,0.0673391,0.0670567,0.066771,0.066482,0.0661894,0.0658931,0.065593,0.0652887,0.0649801,0.0646671,0.0643492,0.0640263,0.0636981,0.0633643,0.0630245,0.0626785,0.0623258,0.0619661,0.0615989,0.0612239,0.0608404,0.0604481,0.0600465,0.0596349,0.0592131,0.0587803,0.0583364,0.0578809,0.0574137,0.0569348,0.0564446,0.055944,0.055434,0.0549167,0.0543945,0.0538705,0.0533484,0.0528321,0.0523254,0.051832,0.0513548,0.050896,0.0504572,0.0500389,0.0496412,0.0492637,0.0489056,0.0485659,0.0482436,0.0479375,0.0476464,0.0473693,0.0471051,0.0468529,0.0466118,0.0463809,0.0461595,0.0459468,0.0457424,0.0455456,0.0453559,0.0451727,0.0449958,0.0448246,0.0446589,0.0444983,0.0443425,0.0441912,0.0440441,0.0439011,0.0437619,0.0436263,0.0434941,0.0433652,0.0432394,0.0431165,0.0429964,0.042879,0.0427642,0.0426517,0.0425417,0.0424338,0.0423281
0.0720518,0.0718098,0.0715662,0.071321,0.0710741,0.0708255,0.0705751,0.0703229,0.0700687,0.0698126,0.0695543,0.0692939,0.0690312,0.0687662,0.0684988,0.0682288,0.0679561,0.0676807,0.0674024,0.067121,0.0668365,0.0665487,0.0662574,0.0659625,0.0656637,0.065361,0.065054,0.0647426,0.0644265,0.0641054,0.0637792,0.0634475,0.0631099,0.0627663,0.0624161,0.0620591,0.0616948,0.0613228,0.0609426,0.0605538,0.0601559,0.0597483,0.0593307,0.0589025,0.0584634,0.0580129,0.057551,0.0570775,0.0565928,0.0560975,0.0555928,0.0550802,0.0545621,0.0540412,0.0535212,0.0530056,0.0524983,0.052003,0.0515227,0.05106,0.0506164,0.050193,0.0497899,0.049407,0.0490435,0.0486986,0.0483712,0.0480602,0.0477646,0.0474832,0.047215,0.046959,0.0467143,0.0464801,0.0462556,0.0460401,0.0458329,0.0456335,0.0454414,0.045256,0.0450769,0.0449037,0.0447361,0.0445737,0.0444162,0.0442632,0.0441147,0.0439702,0.0438296,0.0436927,0.0435593,0.0434291,0.0433022,0.0431782,0.043057,0.0429386,0.0428228,0.0427095,0.0425985,0.0424898,0.0423833
0.0721011,0.0718596,0.0716166,0.071372,0.0711257,0.0708777,0.070628,0.0703764,0.070123,0.0698675,0.06961,0.0693504,0.0690885,0.0688244,0.0685578,0.0682887,0.068017,0.0677426,0.0674653,0.0671851,0.0669017,0.0666151,0.066325,0.0660314,0.0657341,0.0654328,0.0651273,0.0648175,0.0645031,0.0641839,0.0638596,0.0635299,0.0631946,0.0628532,0.0625055,0.0621511,0.0617896,0.0614206,0.0610436,0.0606582,0.0602639,0.0598603,0.0594468,0.059023,0.0585885,0.058143,0.0576861,0.057218,0.0567387,0.0562488,0.0557492,0.0552414,0.0547275,0.0542101,0.0536924,0.0531779,0.0526704,0.0521737,0.0516908,0.0512244,0.0507765,0.0503481,0.0499398,0.0495515,0.0491827,0.0488325,0.0485001,0.0481843,0.0478841,0.0475983,0.047326,0.0470662,0.0468179,0.0465803,0.0463526,0.0461342,0.0459242,0.0457222,0.0455276,0.0453399,0.0451587,0.0449835,0.0448139,0.0446497,0.0444904,0.0443358,0.0441857,0.0440398,0.0438978,0.0437595,0.0436248,0.0434935,0.0433653,0.0432402,0.043118,0.0429986,0.0428818,0.0427675,0.0426557,0.0425461,0.0424387
0.0721502,0.0719093,0.0716668,0.0714228,0.0711771,0.0709298,0.0706807,0.0704298,0.070177,0.0699222,0.0696655,0.0694066,0.0691456,0.0688822,0.0686165,0.0683483,0.0680776,0.0678041,0.0675279,0.0672487,0.0669665,0.066681,0.0663922,0.0660999,0.0658039,0.0655041,0.0652001,0.0648919,0.0645792,0.0642618,0.0639394,0.0636117,0.0632785,0.0629394,0.0625941,0.0622423,0.0618835,0.0615174,0.0611435,0.0607614,0.0603707,0.0599708,0.0595614,0.0591419,0.0587119,0.0582711,0.0578193,0.0573563,0.0568823,0.0563977,0.0559033,0.0554004,0.0548908,0.054377,0.0538619,0.053349,0.0528418,0.052344,0.0518589,0.0513893,0.0509373,0.0505042,0.0500909,0.0496973,0.0493232,0.0489678,0.0486303,0.0483097,0.0480048,0.0477147,0.0474382,0.0471745,0.0469226,0.0466815,0.0464506,0.0462291,0.0460164,0.0458117,0.0456146,0.0454246,0.0452411,0.0450638,0.0448923,0.0447262,0.0445652,0.044409,0.0442572,0.0441098,0.0439664,0.0438268,0.0436908,0.0435582,0.0434289,0.0433026,0.0431794,0.0430589,0.0429411,0.0428259,0.0427131,0.0426027,0.0424945
0.0721992,0.0719588,0.0717169,0.0714734,0.0712283,0.0709816,0.0707331,0.0704829,0.0702308,0.0699768,0.0697207,0.0694626,0.0692024,0.0689398,0.068675,0.0684077,0.0681379,0.0678654,0.0675902,0.0673121,0.0670309,0.0667466,0.0664591,0.066168,0.0658734,0.0655749,0.0652725,0.0649658,0.0646548,0.0643391,0.0640186,0.0636929,0.0633617,0.0630248,0.0626819,0.0623325,0.0619764,0.0616131,0.0612423,0.0608634,0.0604761,0.06008,0.0596744,0.0592591,0.0588335,0.0583974,0.0579505,0.0574925,0.0570237,0.0565443,0.0560551,0.0555571,0.055052,0.0545419,0.0540298,0.0535187,0.0530121,0.0525137,0.0520268,0.0515544,0.0510986,0.0506612,0.050243,0.0498443,0.049465,0.0491044,0.0487618,0.0484363,0.0481268,0.0478322,0.0475516,0.0472839,0.0470283,0.0467838,0.0465496,0.046325,0.0461094,0.045902,0.0457024,0.04551,0.0453243,0.0451449,0.0449713,0.0448033,0.0446405,0.0444826,0.0443293,0.0441803,0.0440354,0.0438945,0.0437571,0.0436233,0.0434928,0.0433654,0.0432411,0.0431195,0.0430007,0.0428846,0.0427709,0.0426595,0.0425505
0.072248,0.0720082,0.0717668,0.0715239,0.0712794,0.0710333,0.0707854,0.0705358,0.0702844,0.0700311,0.0697758,0.0695184,0.0692589,0.0689972,0.0687332,0.0684668,0.0681979,0.0679264,0.0676521,0.0673751,0.067095,0.0668119,0.0665255,0.0662357,0.0659424,0.0656453,0.0653443,0.0650392,0.0647298,0.0644159,0.0640971,0.0637733,0.0634442,0.0631095,0.0627688,0.0624219,0.0620684,0.0617079,0.06134,0.0609643,0.0605804,0.0601878,0.059786,0.0593748,0.0589535,0.0585219,0.0580797,0.0576268,0.057163,0.0566888,0.0562046,0.0557115,0.0552109,0.0547049,0.0541959,0.0536869,0.0531814,0.0526828,0.0521946,0.0517196,0.0512605,0.0508189,0.050396,0.0499924,0.0496079,0.0492422,0.0488946,0.0485642,0.04825,0.0479509,0.0476661,0.0473944,0.047135,0.046887,0.0466495,0.0464218,0.0462033,0.0459932,0.045791,0.0455961,0.0454081,0.0452266,0.045051,0.0448811,0.0447165,0.0445568,0.0444019,0.0442513,0.044105,0.0439626,0.0438239,0.0436888,0.0435571,0.0434286,0.0433031,0.0431805,0.0430607,0.0429436,0.0428289,0.0427167,0.0426068
0.0722967,0.0720574,0.0718165,0.0715742,0.0713303,0.0710847,0.0708375,0.0705886,0.0703378,0.0700852,0.0698306,0.0695739,0.0693152,0.0690543,0.0687911,0.0685256,0.0682576,0.067987,0.0677138,0.0674377,0.0671588,0.0668767,0.0665915,0.066303,0.066011,0.0657153,0.0654157,0.0651121,0.0648043,0.064492,0.0641751,0.0638532,0.063526,0.0631934,0.062855,0.0625105,0.0621595,0.0618017,0.0614367,0.061064,0.0606834,0.0602943,0.0598962,0.0594889,0.0590718,0.0586447,0.0582071,0.057759,0.0573002,0.0568311,0.0563519,0.0558637,0.0553678,0.0548658,0.0543601,0.0538536,0.0533495,0.0528511,0.0523619,0.0518849,0.0514226,0.0509772,0.05055,0.0501415,0.0497521,0.0493813,0.0490287,0.0486933,0.0483744,0.0480709,0.0477818,0.0475061,0.0472428,0.0469912,0.0467504,0.0465196,0.046298,0.0460851,0.0458803,0.045683,0.0454927,0.0453089,0.0451313,0.0449594,0.044793,0.0446316,0.044475,0.0443229,0.044175,0.0440312,0.0438912,0.0437548,0.0436218,0.0434921,0.0433655,0.0432419,0.043121,0.0430029,0.0428873,0.0427742,0.0426634
0.0723453,0.0721064,0.0718661,0.0716243,0.071381,0.0711361,0.0708894,0.0706411,0.070391,0.070139,0.0698851,0.0696293,0.0693713,0.0691112,0.0688488,0.0685842,0.068317,0.0680474,0.0677751,0.0675001,0.0672222,0.0669413,0.0666572,0.0663699,0.0660791,0.0657848,0.0654866,0.0651845,0.0648783,0.0645677,0.0642524,0.0639324,0.0636072,0.0632766,0.0629404,0.0625982,0.0622497,0.0618946,0.0615323,0.0611627,0.0607852,0.0603995,0.0600051,0.0596016,0.0591886,0.0587657,0.0583327,0.0578893,0.0574354,0.0569712,0.0564971,0.0560138,0.0555224,0.0550246,0.0545225,0.0540187,0.0535163,0.0530185,0.0525287,0.0520499,0.051585,0.0511361,0.0507047,0.0502916,0.0498973,0.0495215,0.0491639,0.0488237,0.0485001,0.048192,0.0478986,0.0476188,0.0473518,0.0470965,0.0468523,0.0466182,0.0463937,0.046178,0.0459705,0.0457706,0.045578,0.045392,0.0452123,0.0450384,0.0448701,0.0447069,0.0445486,0.0443949,0.0442455,0.0441003,0.0439589,0.0438212,0.043687,0.0435561,0.0434283,0.0433036,0.0431817,0.0430626,0.042946,0.0428319,0.0427203
0.0723936,0.0721553,0.0719156,0.0716743,0.0714315,0.0711872,0.0709412,0.0706935,0.070444,0.0701927,0.0699395,0.0696844,0.0694272,0.0691678,0.0689063,0.0686424,0.0683762,0.0681075,0.0678361,0.0675621,0.0672853,0.0670054,0.0667225,0.0664364,0.0661469,0.0658539,0.0655571,0.0652565,0.0649517,0.0646427,0.0643292,0.064011,0.0636877,0.0633592,0.0630251,0.0626852,0.0623391,0.0619865,0.061627,0.0612603,0.0608859,0.0605035,0.0601126,0.0597129,0.0593038,0.0588851,0.0584565,0.0580177,0.0575686,0.0571093,0.0566401,0.0561617,0.0556749,0.0551814,0.054683,0.0541821,0.0536817,0.0531848,0.0526948,0.0522148,0.0517475,0.0512954,0.05086,0.0504426,0.0500435,0.0496629,0.0493004,0.0489554,0.048627,0.0483144,0.0480166,0.0477327,0.0474617,0.0472028,0.0469551,0.0467178,0.0464902,0.0462716,0.0460614,0.045859,0.045664,0.0454757,0.0452939,0.045118,0.0449477,0.0447828,0.0446228,0.0444674,0.0443165,0.0441698,0.044027,0.043888,0.0437525,0.0436204,0.0434915,0.0433657,0.0432427,0.0431225,0.043005,0.04289,0.0427775
0.0724419,0.0722041,0.0719648,0.0717241,0.0714819,0.0712381,0.0709927,0.0707456,0.0704968,0.0702462,0.0699937,0.0697392,0.0694828,0.0692242,0.0689635,0.0687005,0.0684351,0.0681673,0.0678969,0.0676238,0.067348,0.0670693,0.0667875,0.0665025,0.0662143,0.0659225,0.0656271,0.0653279,0.0650247,0.0647173,0.0644054,0.064089,0.0637676,0.063441,0.0631091,0.0627714,0.0624276,0.0620776,0.0617208,0.0613569,0.0609855,0.0606063,0.0602189,0.0598227,0.0594176,0.059003,0.0585786,0.0581443,0.0576999,0.0572454,0.056781,0.0563074,0.0558253,0.0553361,0.0548415,0.0543438,0.0538456,0.0533501,0.0528602,0.0523792,0.05191,0.051455,0.051016,0.0505943,0.0501907,0.0498054,0.049438,0.0490882,0.0487551,0.0484379,0.0481358,0.0478477,0.0475728,0.0473102,0.047059,0.0468184,0.0465876,0.0463661,0.0461532,0.0459482,0.0457507,0.0455601,0.0453761,0.0451982,0.045026,0.0448592,0.0446975,0.0445405,0.044388,0.0442398,0.0440956,0.0439552,0.0438185,0.0436851,0.0435551,0.0434281,0.0433041,0.0431829,0.0430644,0.0429484,0.0428349
0.07249,0.0722527,0.0720139,0.0717738,0.0715321,0.0712889,0.0710441,0.0707976,0.0705494,0.0702995,0.0700476,0.0697939,0.0695382,0.0692804,0.0690204,0.0687582,0.0684937,0.0682268,0.0679573,0.0676853,0.0674104,0.0671328,0.0668521,0.0665683,0.0662812,0.0659908,0.0656967,0.0653989,0.0650972,0.0647913,0.0644811,0.0641664,0.0638468,0.0635222,0.0631923,0.0628568,0.0625154,0.0621677,0.0618135,0.0614524,0.061084,0.060708,0.0603239,0.0599313,0.0595299,0.0591192,0.0586991,0.0582692,0.0578293,0.0573795,0.0569199,0.056451,0.0559736,0.0554888,0.0549981,0.0545037,0.0540081,0.053514,0.0530247,0.0525431,0.0520723,0.0516147,0.0511724,0.0507468,0.0503389,0.0499489,0.0495767,0.0492221,0.0488843,0.0485626,0.0482561,0.0479639,0.047685,0.0474186,0.0471638,0.0469199,0.046686,0.0464615,0.0462458,0.0460382,0.0458382,0.0456453,0.0454591,0.0452791,0.0451049,0.0449362,0.0447727,0.0446141,0.04446,0.0443103,0.0441647,0.0440229,0.0438849,0.0437503,0.043619,0.0434909,0.0433658,0.0432436,0.043124,0.0430071,0.0428927
0.0725379,0.0723011,0.0720629,0.0718233,0.0715822,0.0713395,0.0710953,0.0708494,0.0706019,0.0703525,0.0701014,0.0698483,0.0695933,0.0693363,0.0690771,0.0688157,0.0685521,0.068286,0.0680175,0.0677464,0.0674725,0.0671959,0.0669163,0.0666337,0.0663478,0.0660586,0.0657659,0.0654694,0.0651692,0.0648648,0.0645562,0.0642432,0.0639254,0.0636027,0.0632748,0.0629415,0.0626023,0.0622571,0.0619054,0.061547,0.0611815,0.0608085,0.0604276,0.0600385,0.0596408,0.059234,0.0588179,0.0583923,0.0579569,0.0575117,0.0570568,0.0565927,0.0561198,0.0556394,0.0551527,0.0546618,0.0541689,0.0536767,0.0531882,0.0527064,0.0522343,0.0517746,0.0513292,0.0508999,0.0504878,0.0500933,0.0497165,0.0493572,0.0490148,0.0486885,0.0483776,0.0480811,0.0477982,0.047528,0.0472697,0.0470223,0.0467852,0.0465577,0.0463392,0.0461289,0.0459264,0.0457311,0.0455427,0.0453606,0.0451844,0.0450138,0.0448485,0.0446882,0.0445325,0.0443813,0.0442342,0.0440911,0.0439517,0.0438158,0.0436833,0.0435541,0.0434279,0.0433046,0.0431841,0.0430662,0.0429508
0.0725857,0.0723494,0.0721117,0.0718726,0.071632,0.07139,0.0711463,0.070901,0.0706541,0.0704054,0.0701549,0.0699026,0.0696483,0.069392,0.0691336,0.068873,0.0686102,0.068345,0.0680774,0.0678072,0.0675343,0.0672587,0.0669802,0.0666987,0.066414,0.066126,0.0658346,0.0655395,0.0652407,0.0649379,0.0646308,0.0643195,0.0640035,0.0636826,0.0633567,0.0630254,0.0626885,0.0623456,0.0619964,0.0616407,0.061278,0.0609079,0.0605302,0.0601445,0.0597503,0.0593473,0.0589352,0.0585138,0.0580827,0.057642,0.0571918,0.0567322,0.056264,0.0557879,0.0553054,0.054818,0.054328,0.053838,0.0533506,0.052869,0.052396,0.0519343,0.0514863,0.0510536,0.0506375,0.0502386,0.0498573,0.0494934,0.0491463,0.0488155,0.0485002,0.0481995,0.0479126,0.0476385,0.0473765,0.0471257,0.0468854,0.0466549,0.0464334,0.0462204,0.0460154,0.0458177,0.045627,0.0454427,0.0452645,0.045092,0.0449249,0.0447629,0.0446055,0.0444527,0.0443042,0.0441596,0.0440189,0.0438818,0.0437481,0.0436176,0.0434903,0.0433659,0.0432444,0.0431255,0.0430093
0.0726334,0.0723976,0.0721604,0.0719218,0.0716817,0.0714402,0.0711971,0.0709525,0.0707061,0.0704581,0.0702083,0.0699566,0.069703,0.0694474,0.0691898,0.06893,0.068668,0.0684037,0.068137,0.0678677,0.0675958,0.0673212,0.0670438,0.0667634,0.0664798,0.0661931,0.0659029,0.0656092,0.0653117,0.0650104,0.0647049,0.0643952,0.0640809,0.0637619,0.0634379,0.0631087,0.0627739,0.0624333,0.0620866,0.0617334,0.0613734,0.0610063,0.0606317,0.0602492,0.0598585,0.0594592,0.059051,0.0586336,0.0582068,0.0577706,0.0573248,0.0568699,0.0564062,0.0559345,0.0554561,0.0549724,0.0544855,0.0539978,0.0535119,0.0530307,0.0525572,0.052094,0.0516435,0.0512076,0.0507878,0.0503848,0.0499991,0.0496306,0.049279,0.0489436,0.0486239,0.048319,0.048028,0.0477501,0.0474844,0.0472301,0.0469865,0.0467529,0.0465285,0.0463128,0.0461051,0.045905,0.045712,0.0455255,0.0453453,0.0451708,0.0450019,0.044838,0.0446791,0.0445247,0.0443746,0.0442287,0.0440866,0.0439481,0.0438132,0.0436816,0.0435531,0.0434277,0.0433051,0.0431852,0.043068
0.0726809,0.0724456,0.0722089,0.0719708,0.0717313,0.0714903,0.0712478,0.0710037,0.070758,0.0705106,0.0702614,0.0700104,0.0697575,0.0695027,0.0692458,0.0689868,0.0687256,0.0684621,0.0681963,0.0679279,0.067657,0.0673834,0.067107,0.0668277,0.0665453,0.0662597,0.0659708,0.0656784,0.0653823,0.0650824,0.0647785,0.0644704,0.0641578,0.0638406,0.0635185,0.0631912,0.0628585,0.0625202,0.0621758,0.0618252,0.0614679,0.0611036,0.060732,0.0603527,0.0599654,0.0595697,0.0591653,0.0587519,0.0583293,0.0578973,0.057456,0.0570056,0.0565464,0.0560791,0.0556048,0.0551249,0.0546413,0.0541561,0.0536719,0.0531915,0.0527177,0.0522533,0.0518007,0.051362,0.0509387,0.0505318,0.0501418,0.0497688,0.0494127,0.0490729,0.0487488,0.0484396,0.0481445,0.0478627,0.0475933,0.0473355,0.0470886,0.0468518,0.0466245,0.0464059,0.0461956,0.045993,0.0457976,0.045609,0.0454266,0.0452502,0.0450794,0.0449138,0.0447531,0.0445971,0.0444456,0.0442981,0.0441547,0.0440149,0.0438787,0.0437459,0.0436163,0.0434897,0.0433661,0.0432452,0.043127
0.0727283,0.0724934,0.0722572,0.0720197,0.0717807,0.0715403,0.0712983,0.0710548,0.0708097,0.0705629,0.0703144,0.070064,0.0698118,0.0695577,0.0693016,0.0690433,0.0687829,0.0685203,0.0682553,0.0679879,0.0677179,0.0674453,0.0671699,0.0668917,0.0666104,0.066326,0.0660383,0.0657472,0.0654525,0.065154,0.0648516,0.064545,0.0642341,0.0639186,0.0635984,0.0632731,0.0629425,0.0626063,0.0622643,0.0619161,0.0615614,0.0611999,0.0608313,0.0604551,0.0600711,0.0596789,0.0592782,0.0588686,0.0584501,0.0580223,0.0575854,0.0571394,0.0566846,0.0562217,0.0557516,0.0552756,0.0547953,0.0543128,0.0538305,0.0533512,0.0528775,0.0524123,0.0519579,0.0515166,0.05109,0.0506794,0.0502853,0.049908,0.0495474,0.0492032,0.0488747,0.0485612,0.048262,0.0479763,0.0477032,0.0474418,0.0471916,0.0469516,0.0467213,0.0464999,0.0462869,0.0460818,0.045884,0.0456931,0.0455087,0.0453302,0.0451575,0.0449901,0.0448277,0.0446701,0.044517,0.0443681,0.0442232,0.0440821,0.0439447,0.0438106,0.0436798,0.0435522,0.0434275,0.0433056,0.0431864
0.0727755,0.0725412,0.0723054,0.0720684,0.0718299,0.07159,0.0713487,0.0711057,0.0708612,0.070615,0.0703671,0.0701174,0.0698659,0.0696125,0.0693571,0.0690996,0.06884,0.0685782,0.0683141,0.0680475,0.0677785,0.0675069,0.0672325,0.0669553,0.0666751,0.0663919,0.0661054,0.0658156,0.0655222,0.0652251,0.0649242,0.0646191,0.0643099,0.0639961,0.0636777,0.0633543,0.0630257,0.0626917,0.062352,0.0620062,0.061654,0.0612953,0.0609295,0.0605564,0.0601756,0.0597868,0.0593896,0.0589839,0.0585693,0.0581457,0.057713,0.0572713,0.056821,0.0563624,0.0558965,0.0554243,0.0549475,0.0544679,0.0539878,0.0535098,0.0530365,0.0525707,0.0521149,0.0516714,0.0512418,0.0508276,0.0504295,0.050048,0.0496831,0.0493345,0.0490017,0.048684,0.0483807,0.048091,0.0478141,0.0475492,0.0472955,0.0470523,0.0468189,0.0465947,0.046379,0.0461714,0.0459712,0.045778,0.0455913,0.0454109,0.0452362,0.045067,0.0449029,0.0447436,0.0445889,0.0444385,0.0442922,0.0441498,0.044011,0.0438757,0.0437438,0.043615,0.0434892,0.0433663,0.0432461
0.0728227,0.0725887,0.0723535,0.072117,0.071879,0.0716397,0.0713988,0.0711565,0.0709125,0.0706669,0.0704197,0.0701707,0.0699198,0.0696671,0.0694124,0.0691557,0.0688969,0.0686359,0.0683726,0.0681069,0.0678388,0.0675681,0.0672947,0.0670186,0.0667395,0.0664574,0.0661721,0.0658835,0.0655915,0.0652958,0.0649962,0.0646928,0.0643851,0.064073,0.0637564,0.0634349,0.0631083,0.0627764,0.0624388,0.0620954,0.0617458,0.0613896,0.0610266,0.0606565,0.0602788,0.0598934,0.0594997,0.0590977,0.058687,0.0582674,0.0578389,0.0574015,0.0569555,0.0565012,0.0560394,0.0555712,0.055098,0.0546214,0.0541437,0.0536672,0.0531946,0.0527286,0.0522717,0.0518261,0.0513938,0.0509763,0.0505745,0.0501889,0.0498198,0.0494668,0.0491297,0.0488078,0.0485004,0.0482067,0.047926,0.0476575,0.0474004,0.0471539,0.0469175,0.0466903,0.0464719,0.0462616,0.046059,0.0458635,0.0456747,0.0454921,0.0453155,0.0451444,0.0449785,0.0448176,0.0446613,0.0445094,0.0443616,0.0442178,0.0440778,0.0439412,0.0438081,0.0436781,0.0435512,0.0434273,0.0433061
0.0728696,0.0726362,0.0724014,0.0721654,0.071928,0.0716891,0.0714488,0.071207,0.0709637,0.0707187,0.070472,0.0702237,0.0699735,0.0697215,0.0694675,0.0692115,0.0689535,0.0686933,0.0684308,0.068166,0.0678988,0.0676291,0.0673567,0.0670816,0.0668036,0.0665226,0.0662385,0.0659511,0.0656603,0.065366,0.0650679,0.0647659,0.0644598,0.0641494,0.0638344,0.0635148,0.0631902,0.0628603,0.0625249,0.0621838,0.0618366,0.061483,0.0611228,0.0607555,0.060381,0.0599987,0.0596085,0.0592101,0.0588031,0.0583875,0.0579631,0.0575299,0.0570881,0.0566381,0.0561805,0.0557163,0.0552466,0.0547732,0.054298,0.0538234,0.0533518,0.0528858,0.052428,0.0519808,0.0515461,0.0511255,0.0507201,0.0503306,0.0499573,0.0496002,0.0492588,0.0489326,0.0486211,0.0483234,0.0480389,0.0477668,0.0475062,0.0472565,0.0470169,0.0467868,0.0465656,0.0463527,0.0461476,0.0459497,0.0457587,0.045574,0.0453954,0.0452224,0.0450548,0.0448921,0.0447342,0.0445808,0.0444315,0.0442863,0.0441449,0.0440071,0.0438728,0.0437417,0.0436137,0.0434886,0.0433664
0.0729165,0.0726835,0.0724492,0.0722137,0.0719767,0.0717384,0.0714987,0.0712574,0.0710146,0.0707703,0.0705242,0.0702765,0.070027,0.0697756,0.0695224,0.0692671,0.0690099,0.0687504,0.0684888,0.0682249,0.0679586,0.0676897,0.0674183,0.0671442,0.0668673,0.0665874,0.0663044,0.0660183,0.0657287,0.0654357,0.065139,0.0648385,0.0645339,0.0642252,0.0639119,0.0635941,0.0632714,0.0629435,0.0626103,0.0622714,0.0619266,0.0615756,0.061218,0.0608536,0.060482,0.0601029,0.059716,0.0593211,0.0589179,0.0585061,0.0580857,0.0576566,0.057219,0.0567732,0.0563197,0.0558595,0.0553935,0.0549233,0.0544509,0.0539782,0.0535078,0.0530422,0.0525839,0.0521353,0.0516984,0.051275,0.0508662,0.050473,0.0500957,0.0497344,0.0493888,0.0490585,0.0487428,0.0484412,0.0481529,0.047877,0.0476129,0.0473599,0.0471172,0.0468841,0.0466601,0.0464445,0.0462369,0.0460366,0.0458433,0.0456566,0.0454759,0.045301,0.0451315,0.0449672,0.0448076,0.0446526,0.0445019,0.0443553,0.0442125,0.0440735,0.0439379,0.0438056,0.0436765,0.0435503,0.0434271
0.0729632,0.0727307,0.0724969,0.0722618,0.0720254,0.0717876,0.0715483,0.0713077,0.0710654,0.0708216,0.0705762,0.0703291,0.0700803,0.0698296,0.069577,0.0693225,0.069066,0.0688074,0.0685465,0.0682835,0.068018,0.0677501,0.0674796,0.0672065,0.0669306,0.0666518,0.06637,0.066085,0.0657968,0.0655051,0.0652097,0.0649106,0.0646076,0.0643004,0.0639889,0.0636728,0.0633519,0.0630261,0.0626949,0.0623582,0.0620157,0.0616672,0.0613122,0.0609506,0.0605819,0.0602059,0.0598223,0.0594308,0.0590312,0.0586232,0.0582067,0.0577816,0.0573481,0.0569065,0.0564571,0.0560008,0.0555386,0.0550718,0.0546021,0.0541317,0.0536628,0.0531978,0.0527392,0.0522895,0.0518507,0.0514247,0.0510128,0.0506161,0.0502349,0.0498695,0.0495198,0.0491853,0.0488656,0.04856,0.0482678,0.0479883,0.0477207,0.0474643,0.0472183,0.0469823,0.0467554,0.0465371,0.0463269,0.0461242,0.0459287,0.0457397,0.045557,0.0453802,0.0452089,0.0450427,0.0448815,0.0447249,0.0445728,0.0444247,0.0442806,0.0441402,0.0440034,0.0438699,0.0437396,0.0436124,0.0434881
0.0730098,0.0727777,0.0725444,0.0723098,0.0720738,0.0718366,0.0715979,0.0713577,0.0711161,0.0708729,0.070628,0.0703816,0.0701333,0.0698833,0.0696315,0.0693777,0.0691219,0.068864,0.068604,0.0683418,0.0680772,0.0678102,0.0675407,0.0672685,0.0669937,0.0667159,0.0664352,0.0661514,0.0658644,0.065574,0.06528,0.0649823,0.0646808,0.0643751,0.0640652,0.0637509,0.0634319,0.0631079,0.0627788,0.0624443,0.0621041,0.0617579,0.0614055,0.0610466,0.0606807,0.0603078,0.0599274,0.0595392,0.0591431,0.0587388,0.0583261,0.057905,0.0574756,0.057038,0.0565927,0.0561404,0.0556819,0.0552185,0.0547518,0.0542838,0.0538165,0.0533524,0.0528938,0.0524433,0.0520029,0.0515746,0.0511598,0.0507597,0.0503748,0.0500055,0.0496517,0.0493131,0.0489893,0.0486798,0.0483837,0.0481005,0.0478293,0.0475695,0.0473204,0.0470813,0.0468515,0.0466305,0.0464177,0.0462126,0.0460147,0.0458235,0.0456388,0.04546,0.0452868,0.0451189,0.044956,0.0447978,0.0446441,0.0444946,0.0443491,0.0442073,0.0440692,0.0439346,0.0438031,0.0436748,0.0435495
0.0730562,0.0728246,0.0725917,0.0723576,0.0721222,0.0718854,0.0716472,0.0714076,0.0711665,0.0709239,0.0706797,0.0704338,0.0701862,0.0699369,0.0696857,0.0694326,0.0691776,0.0689205,0.0686612,0.0683998,0.0681361,0.06787,0.0676014,0.0673302,0.0670564,0.0667797,0.0665001,0.0662175,0.0659316,0.0656425,0.0653498,0.0650535,0.0647534,0.0644493,0.0641411,0.0638284,0.0635112,0.0631891,0.062862,0.0625296,0.0621916,0.0618478,0.0614979,0.0611416,0.0607786,0.0604085,0.0600312,0.0596464,0.0592537,0.0588529,0.058444,0.0580268,0.0576014,0.0571678,0.0567266,0.0562781,0.0558234,0.0553635,0.0548999,0.0544344,0.053969,0.0535059,0.0530477,0.0525967,0.052155,0.0517246,0.0513072,0.0509038,0.0505154,0.0501422,0.0497844,0.0494418,0.049114,0.0488005,0.0485006,0.0482137,0.0479389,0.0476757,0.0474234,0.0471811,0.0469484,0.0467247,0.0465092,0.0463016,0.0461014,0.045908,0.0457211,0.0455403,0.0453652,0.0451955,0.0450309,0.0448711,0.0447159,0.0445649,0.044418,0.0442749,0.0441355,0.0439996,0.043867,0.0437376,0.0436112
0.0731025,0.0728713,0.0726389,0.0724053,0.0721704,0.0719341,0.0716964,0.0714574,0.0712168,0.0709748,0.0707311,0.0704859,0.0702389,0.0699902,0.0697397,0.0694873,0.069233,0.0689767,0.0687182,0.0684576,0.0681947,0.0679295,0.0676618,0.0673916,0.0671188,0.0668431,0.0665646,0.0662831,0.0659985,0.0657105,0.0654192,0.0651243,0.0648256,0.064523,0.0642163,0.0639054,0.0635899,0.0632697,0.0629445,0.0626142,0.0622784,0.0619369,0.0615894,0.0612357,0.0608754,0.0605082,0.0601339,0.0597523,0.0593629,0.0589657,0.0585605,0.0581471,0.0577255,0.0572959,0.0568586,0.0564141,0.0559632,0.0555068,0.0550464,0.0545835,0.0541201,0.0536585,0.0532008,0.0527495,0.0523067,0.0518746,0.0514547,0.0510484,0.0506565,0.0502797,0.049918,0.0495715,0.0492397,0.0489222,0.0486185,0.0483278,0.0480495,0.0477828,0.0475272,0.0472819,0.0470462,0.0468196,0.0466015,0.0463914,0.0461888,0.0459932,0.0458041,0.0456213,0.0454443,0.0452728,0.0451064,0.044945,0.0447881,0.0446357,0.0444873,0.0443429,0.0442022,0.0440651,0.0439313,0.0438007,0.0436732
0.0731487,0.072918,0.072686,0.0724529,0.0722184,0.0719826,0.0717455,0.0715069,0.0712669,0.0710254,0.0707824,0.0705377,0.0702914,0.0700434,0.0697935,0.0695418,0.0692882,0.0690326,0.068775,0.0685152,0.0682531,0.0679888,0.067722,0.0674527,0.0671808,0.0669062,0.0666288,0.0663484,0.0660649,0.0657782,0.0654882,0.0651946,0.0648973,0.0645962,0.0642911,0.0639818,0.063668,0.0633496,0.0630264,0.0626981,0.0623644,0.0620252,0.0616801,0.0613288,0.0609712,0.0606069,0.0602355,0.059857,0.0594709,0.0590772,0.0586755,0.0582658,0.0578481,0.0574224,0.056989,0.0565484,0.0561012,0.0556484,0.0551912,0.0547311,0.0542699,0.0538098,0.053353,0.0529016,0.0524581,0.0520244,0.0516023,0.0511933,0.0507982,0.0504178,0.0500524,0.0497019,0.0493662,0.0490449,0.0487373,0.0484429,0.048161,0.0478909,0.0476319,0.0473834,0.0471448,0.0469154,0.0466946,0.0464819,0.0462769,0.046079,0.0458878,0.0457029,0.0455239,0.0453505,0.0451824,0.0450193,0.0448609,0.0447069,0.0445571,0.0444113,0.0442693,0.0441309,0.0439959,0.0438642,0.0437356
0.0731948,0.0729645,0.072733,0.0725003,0.0722663,0.072031,0.0717944,0.0715564,0.0713169,0.071076,0.0708335,0.0705894,0.0703437,0.0700963,0.0698471,0.0695961,0.0693432,0.0690884,0.0688315,0.0685724,0.0683112,0.0680477,0.0677819,0.0675135,0.0672426,0.066969,0.0666926,0.0664133,0.066131,0.0658455,0.0655567,0.0652644,0.0649686,0.0646689,0.0643653,0.0640576,0.0637455,0.0634289,0.0631076,0.0627812,0.0624497,0.0621126,0.0617699,0.0614211,0.0610661,0.0607045,0.060336,0.0599605,0.0595777,0.0591873,0.0587891,0.058383,0.0579691,0.0575472,0.0571177,0.056681,0.0562376,0.0557883,0.0553344,0.0548772,0.0544184,0.05396,0.0535041,0.0530531,0.0526091,0.0521741,0.0517501,0.0513384,0.0509403,0.0505566,0.0501875,0.0498333,0.0494937,0.0491684,0.048857,0.0485589,0.0482734,0.0479998,0.0477375,0.0474859,0.0472442,0.0470119,0.0467884,0.0465732,0.0463657,0.0461655,0.0459721,0.0457851,0.0456041,0.0454289,0.045259,0.0450942,0.0449341,0.0447786,0.0446274,0.0444802,0.0443369,0.0441972,0.044061,0.0439281,0.0437984
0.0732407,0.0730109,0.0727798,0.0725476,0.072314,0.0720792,0.0718431,0.0716056,0.0713667,0.0711263,0.0708844,0.0706409,0.0703958,0.0701491,0.0699005,0.0696502,0.069398,0.0691439,0.0688877,0.0686295,0.0683691,0.0681064,0.0678414,0.067574,0.0673041,0.0670315,0.0667561,0.0664779,0.0661967,0.0659124,0.0656248,0.0653339,0.0650394,0.0647412,0.0644391,0.0641329,0.0638225,0.0635076,0.0631881,0.0628637,0.0625342,0.0621993,0.0618588,0.0615125,0.06116,0.0608011,0.0604355,0.060063,0.0596832,0.0592961,0.0589013,0.0584989,0.0580886,0.0576705,0.0572448,0.0568119,0.0563722,0.0559265,0.0554759,0.0550217,0.0545654,0.0541089,0.0536543,0.0532038,0.0527595,0.0523235,0.0518977,0.0514838,0.0510829,0.0506959,0.0503233,0.0499653,0.049622,0.0492929,0.0489777,0.0486758,0.0483867,0.0481096,0.047844,0.0475892,0.0473445,0.0471093,0.046883,0.0466652,0.0464552,0.0462526,0.046057,0.0458679,0.045685,0.0455078,0.0453361,0.0451696,0.0450079,0.0448508,0.0446981,0.0445495,0.0444048,0.0442638,0.0441264,0.0439923,0.0438615
0.0732866,0.0730571,0.0728265,0.0725947,0.0723617,0.0721273,0.0718917,0.0716547,0.0714163,0.0711765,0.0709352,0.0706923,0.0704478,0.0702016,0.0699537,0.0697041,0.0694526,0.0691992,0.0689438,0.0686863,0.0684267,0.0681649,0.0679008,0.0676342,0.0673652,0.0670936,0.0668193,0.0665421,0.066262,0.0659789,0.0656926,0.0654029,0.0651097,0.0648129,0.0645123,0.0642077,0.0638989,0.0635858,0.0632681,0.0629456,0.062618,0.0622853,0.061947,0.061603,0.061253,0.0608967,0.0605339,0.0601643,0.0597876,0.0594037,0.0590123,0.0586133,0.0582066,0.0577922,0.0573703,0.0569411,0.0565052,0.0560631,0.0556158,0.0551646,0.054711,0.0542565,0.0538034,0.0533536,0.0529092,0.0524725,0.0520453,0.0516293,0.0512257,0.0508357,0.0504597,0.0500982,0.0497511,0.0494182,0.0490992,0.0487937,0.0485009,0.0482204,0.0479514,0.0476933,0.0474455,0.0472074,0.0469784,0.0467579,0.0465454,0.0463405,0.0461426,0.0459514,0.0457664,0.0455873,0.0454138,0.0452455,0.0450821,0.0449235,0.0447693,0.0446192,0.0444732,0.0443309,0.0441922,0.0440569,0.0439249
0.0733322,0.0731032,0.0728731,0.0726417,0.0724091,0.0721753,0.0719402,0.0717037,0.0714658,0.0712265,0.0709857,0.0707434,0.0704995,0.070254,0.0700067,0.0697578,0.0695069,0.0692542,0.0689996,0.0687429,0.0684841,0.0682231,0.0679598,0.0676942,0.0674261,0.0671554,0.0668821,0.066606,0.066327,0.066045,0.0657599,0.0654715,0.0651796,0.0648842,0.064585,0.0642819,0.0639748,0.0636633,0.0633474,0.0630267,0.0627012,0.0623705,0.0620344,0.0616927,0.0613451,0.0609914,0.0606313,0.0602645,0.0598908,0.05951,0.0591219,0.0587263,0.0583231,0.0579124,0.0574942,0.0570688,0.0566365,0.056198,0.0557541,0.055306,0.0548551,0.0544029,0.0539513,0.0535024,0.0530583,0.0526211,0.0521927,0.0517748,0.0513688,0.0509759,0.0505967,0.0502317,0.0498809,0.0495444,0.0492217,0.0489124,0.0486161,0.048332,0.0480597,0.0477983,0.0475475,0.0473064,0.0470745,0.0468514,0.0466364,0.046429,0.0462288,0.0460354,0.0458484,0.0456674,0.045492,0.0453219,0.0451569,0.0449966,0.0448409,0.0446894,0.044542,0.0443984,0.0442584,0.0441219,0.0439888
0.0733778,0.0731492,0.0729195,0.0726886,0.0724565,0.0722231,0.0719885,0.0717525,0.0715151,0.0712764,0.0710361,0.0707944,0.0705511,0.0703062,0.0700596,0.0698112,0.0695611,0.0693091,0.0690551,0.0687992,0.0685412,0.068281,0.0680186,0.0677538,0.0674866,0.0672169,0.0669446,0.0666696,0.0663917,0.0661108,0.0658268,0.0655396,0.0652491,0.064955,0.0646573,0.0643557,0.0640501,0.0637403,0.0634261,0.0631073,0.0627836,0.062455,0.062121,0.0617816,0.0614364,0.0610852,0.0607277,0.0603637,0.0599929,0.0596152,0.0592303,0.058838,0.0584383,0.0580311,0.0576166,0.0571948,0.0567662,0.0563313,0.0558908,0.0554459,0.0549977,0.0545478,0.0540981,0.0536503,0.0532067,0.0527692,0.0523398,0.0519202,0.0515121,0.0511164,0.0507342,0.0503658,0.0500115,0.0496713,0.0493449,0.049032,0.0487321,0.0484445,0.0481688,0.0479042,0.0476502,0.0474062,0.0471715,0.0469456,0.046728,0.0465182,0.0463157,0.0461201,0.045931,0.045748,0.0455707,0.0453989,0.0452322,0.0450703,0.044913,0.04476,0.0446112,0.0444663,0.044325,0.0441873,0.044053
0.0734233,0.0731951,0.0729658,0.0727353,0.0725037,0.0722708,0.0720366,0.0718011,0.0715643,0.0713261,0.0710864,0.0708452,0.0706025,0.0703582,0.0701122,0.0698645,0.069615,0.0693637,0.0691105,0.0688553,0.068598,0.0683387,0.0680771,0.0678132,0.0675469,0.0672781,0.0670068,0.0667328,0.0664559,0.0661762,0.0658934,0.0656074,0.0653181,0.0650254,0.0647291,0.0644289,0.0641249,0.0638167,0.0635042,0.0631872,0.0628654,0.0625388,0.0622069,0.0618697,0.0615268,0.061178,0.0608231,0.0604618,0.0600939,0.0597192,0.0593374,0.0589484,0.0585521,0.0581484,0.0577374,0.0573193,0.0568943,0.0564629,0.0560259,0.0555841,0.0551388,0.0546914,0.0542436,0.0537972,0.0533542,0.0529166,0.0524865,0.0520656,0.0516554,0.0512573,0.0508721,0.0505005,0.0501428,0.049799,0.049469,0.0491525,0.048849,0.0485579,0.0482788,0.0480109,0.0477538,0.0475067,0.0472692,0.0470406,0.0468204,0.0466081,0.0464033,0.0462055,0.0460143,0.0458292,0.0456501,0.0454764,0.045308,0.0451444,0.0449856,0.0448311,0.0446809,0.0445346,0.044392,0.0442531,0.0441175
0.0734686,0.0732408,0.073012,0.0727819,0.0725507,0.0723183,0.0720846,0.0718496,0.0716133,0.0713756,0.0711365,0.0708958,0.0706537,0.07041,0.0701646,0.0699176,0.0696687,0.0694181,0.0691656,0.0689111,0.0686547,0.0683961,0.0681353,0.0678723,0.0676069,0.0673391,0.0670687,0.0667957,0.0665199,0.0662412,0.0659596,0.0656748,0.0653868,0.0650953,0.0648004,0.0645017,0.0641991,0.0638925,0.0635817,0.0632665,0.0629466,0.0626218,0.062292,0.061957,0.0616164,0.06127,0.0609176,0.060559,0.0601939,0.0598221,0.0594434,0.0590576,0.0586646,0.0582643,0.0578568,0.0574423,0.0570208,0.056593,0.0561594,0.0557209,0.0552785,0.0548336,0.0543878,0.0539429,0.0535008,0.0530634,0.0526328,0.0522107,0.0517988,0.0513984,0.0510105,0.0506358,0.0502747,0.0499275,0.0495939,0.0492738,0.0489667,0.0486722,0.0483896,0.0481185,0.0478582,0.0476081,0.0473677,0.0471363,0.0469135,0.0466988,0.0464916,0.0462915,0.0460981,0.0459111,0.04573,0.0455545,0.0453843,0.0452191,0.0450586,0.0449027,0.044751,0.0446033,0.0444594,0.0443192,0.0441825
0.0735138,0.0732864,0.073058,0.0728284,0.0725976,0.0723657,0.0721325,0.071898,0.0716622,0.071425,0.0711864,0.0709463,0.0707047,0.0704616,0.0702168,0.0699704,0.0697223,0.0694723,0.0692205,0.0689668,0.068711,0.0684532,0.0681933,0.0679311,0.0676666,0.0673997,0.0671303,0.0668582,0.0665835,0.0663059,0.0660254,0.0657418,0.065455,0.0651649,0.0648712,0.064574,0.0642729,0.0639679,0.0636587,0.0633451,0.0630271,0.0627043,0.0623765,0.0620435,0.0617051,0.0613611,0.0610112,0.0606552,0.0602928,0.0599239,0.0595481,0.0591655,0.0587757,0.0583788,0.0579748,0.0575637,0.0571458,0.0567215,0.0562913,0.055856,0.0554166,0.0549744,0.0545308,0.0540875,0.0536465,0.0532095,0.0527786,0.0523556,0.0519421,0.0515396,0.0511491,0.0507715,0.0504073,0.0500566,0.0497195,0.0493959,0.0490853,0.0487872,0.0485013,0.0482269,0.0479634,0.0477103,0.047467,0.0472328,0.0470074,0.0467901,0.0465805,0.0463782,0.0461826,0.0459935,0.0458104,0.0456331,0.0454611,0.0452942,0.0451322,0.0449747,0.0448215,0.0446724,0.0445273,0.0443858,0.0442478
0.0735589,0.0733319,0.0731039,0.0728748,0.0726444,0.0724129,0.0721802,0.0719462,0.0717109,0.0714742,0.0712361,0.0709966,0.0707556,0.0705131,0.0702689,0.0700231,0.0697756,0.0695263,0.0692752,0.0690222,0.0687672,0.0685102,0.068251,0.0679897,0.067726,0.06746,0.0671915,0.0669205,0.0666467,0.0663702,0.0660908,0.0658084,0.0655228,0.0652339,0.0649417,0.0646458,0.0643462,0.0640427,0.0637351,0.0634233,0.063107,0.062786,0.0624602,0.0621293,0.0617931,0.0614514,0.0611039,0.0607504,0.0603907,0.0600246,0.0596518,0.0592722,0.0588856,0.058492,0.0580914,0.0576838,0.0572693,0.0568485,0.0564217,0.0559896,0.0555533,0.0551138,0.0546725,0.054231,0.0537912,0.0533548,0.0529238,0.0525001,0.0520853,0.0516809,0.051288,0.0509076,0.0505403,0.0501864,0.0498459,0.0495187,0.0492046,0.0489032,0.0486138,0.0483361,0.0480695,0.0478133,0.047567,0.0473301,0.047102,0.0468821,0.0466701,0.0464655,0.0462677,0.0460765,0.0458915,0.0457123,0.0455385,0.0453699,0.0452062,0.0450472,0.0448925,0.044742,0.0445955,0.0444527,0.0443135
0.0736039,0.0733773,0.0731497,0.072921,0.0726911,0.07246,0.0722278,0.0719942,0.0717594,0.0715233,0.0712857,0.0710467,0.0708063,0.0705643,0.0703208,0.0700756,0.0698287,0.0695801,0.0693297,0.0690774,0.0688231,0.0685669,0.0683085,0.068048,0.0677852,0.0675201,0.0672525,0.0669824,0.0667097,0.0664342,0.0661559,0.0658746,0.0655902,0.0653026,0.0650116,0.0647171,0.064419,0.064117,0.063811,0.0635008,0.0631862,0.0628671,0.0625432,0.0622144,0.0618803,0.0615408,0.0611957,0.0608447,0.0604876,0.0601242,0.0597543,0.0593777,0.0589943,0.0586039,0.0582066,0.0578023,0.0573914,0.0569739,0.0565505,0.0561217,0.0556884,0.0552517,0.0548128,0.0543733,0.0539348,0.0534992,0.0530684,0.0526442,0.0522283,0.0518221,0.0514271,0.0510441,0.0506739,0.0503167,0.0499729,0.0496424,0.0493248,0.0490199,0.0487272,0.0484462,0.0481764,0.0479171,0.0476679,0.0474281,0.0471973,0.0469749,0.0467604,0.0465534,0.0463535,0.0461602,0.0459731,0.045792,0.0456164,0.0454461,0.0452808,0.0451201,0.044964,0.0448121,0.0446642,0.0445201,0.0443796
0.0736487,0.0734226,0.0731954,0.0729671,0.0727376,0.072507,0.0722752,0.0720422,0.0718078,0.0715722,0.0713351,0.0710967,0.0708568,0.0706154,0.0703725,0.0701279,0.0698817,0.0696337,0.0693839,0.0691323,0.0688788,0.0686233,0.0683657,0.068106,0.0678441,0.0675798,0.0673132,0.067044,0.0667723,0.0664979,0.0662206,0.0659405,0.0656573,0.0653709,0.0650812,0.064788,0.0644913,0.0641907,0.0638863,0.0635777,0.0632649,0.0629476,0.0626256,0.0622987,0.0619667,0.0616295,0.0612867,0.0609381,0.0605836,0.0602228,0.0598557,0.0594821,0.0591017,0.0587145,0.0583204,0.0579195,0.057512,0.0570979,0.0566779,0.0562523,0.0558221,0.0553882,0.0549517,0.0545143,0.0540774,0.0536428,0.0532123,0.0527878,0.052371,0.0519634,0.0515663,0.0511809,0.0508078,0.0504477,0.0501006,0.0497667,0.0494457,0.0491374,0.0488414,0.0485571,0.048284,0.0480217,0.0477695,0.0475269,0.0472933,0.0470683,0.0468514,0.0466421,0.0464399,0.0462444,0.0460553,0.0458723,0.0456948,0.0455228,0.0453558,0.0451936,0.0450359,0.0448825,0.0447332,0.0445878,0.0444461
0.0736935,0.0734677,0.0732409,0.073013,0.072784,0.0725539,0.0723225,0.0720899,0.0718561,0.0716209,0.0713844,0.0711465,0.0709072,0.0706663,0.070424,0.07018,0.0699344,0.0696871,0.069438,0.0691871,0.0689343,0.0686795,0.0684227,0.0681638,0.0679027,0.0676393,0.0673736,0.0671054,0.0668346,0.0665612,0.066285,0.066006,0.0657239,0.0654387,0.0651503,0.0648585,0.0645631,0.064264,0.0639611,0.0636541,0.063343,0.0630274,0.0627073,0.0623824,0.0620525,0.0617173,0.0613768,0.0610306,0.0606786,0.0603205,0.0599561,0.0595853,0.0592079,0.0588238,0.058433,0.0580354,0.0576311,0.0572204,0.0568037,0.0563814,0.0559543,0.0555232,0.0550894,0.054654,0.0542188,0.0537854,0.0533554,0.0529308,0.0525133,0.0521044,0.0517056,0.0513179,0.0509422,0.0505791,0.0502289,0.0498917,0.0495674,0.0492557,0.0489563,0.0486687,0.0483925,0.0481271,0.0478719,0.0476264,0.0473901,0.0471625,0.0469431,0.0467314,0.0465269,0.0463293,0.0461382,0.0459531,0.0457738,0.0456,0.0454313,0.0452675,0.0451083,0.0449534,0.0448028,0.044656,0.044513
0.0737381,0.0735127,0.0732864,0.0730589,0.0728303,0.0726006,0.0723697,0.0721376,0.0719042,0.0716695,0.0714335,0.0711962,0.0709574,0.0707171,0.0704753,0.0702319,0.0699869,0.0697403,0.0694918,0.0692416,0.0689895,0.0687355,0.0684794,0.0682213,0.067961,0.0676985,0.0674337,0.0671664,0.0668966,0.0666242,0.0663491,0.0660711,0.0657902,0.0655062,0.065219,0.0649285,0.0646345,0.0643368,0.0640354,0.06373,0.0634205,0.0631067,0.0627884,0.0624653,0.0621374,0.0618044,0.0614661,0.0611222,0.0607727,0.0604171,0.0600555,0.0596875,0.059313,0.0589319,0.0585442,0.0581498,0.0577489,0.0573415,0.0569281,0.056509,0.056085,0.0556568,0.0552256,0.0547925,0.0543591,0.0539269,0.0534977,0.0530733,0.0526553,0.0522453,0.0518448,0.0514551,0.0510769,0.050711,0.0503577,0.0500173,0.0496897,0.0493747,0.049072,0.0487812,0.0485018,0.0482332,0.047975,0.0477267,0.0474877,0.0472574,0.0470354,0.0468213,0.0466146,0.0464148,0.0462216,0.0460345,0.0458534,0.0456777,0.0455073,0.0453419,0.0451811,0.0450248,0.0448727,0.0447246,0.0445803
0.0737826,0.0735577,0.0733317,0.0731046,0.0728764,0.0726472,0.0724167,0.0721851,0.0719522,0.071718,0.0714825,0.0712456,0.0710074,0.0707677,0.0705264,0.0702837,0.0700393,0.0697932,0.0695455,0.0692959,0.0690445,0.0687912,0.0685359,0.0682786,0.0680191,0.0677575,0.0674935,0.0672271,0.0669583,0.0666869,0.0664128,0.0661359,0.0658561,0.0655733,0.0652873,0.064998,0.0647054,0.0644091,0.0641092,0.0638053,0.0634974,0.0631853,0.0628688,0.0625476,0.0622217,0.0618908,0.0615546,0.061213,0.0608659,0.0605128,0.0601538,0.0597886,0.059417,0.0590389,0.0586542,0.058263,0.0578653,0.0574612,0.057051,0.0566352,0.0562142,0.055789,0.0553605,0.0549297,0.0544982,0.0540675,0.0536392,0.053215,0.0527967,0.0523859,0.051984,0.0515923,0.0512118,0.0508433,0.0504871,0.0501436,0.0498128,0.0494945,0.0491885,0.0488944,0.0486118,0.0483402,0.048079,0.0478277,0.0475859,0.047353,0.0471285,0.0469119,0.0467029,0.0465009,0.0463056,0.0461165,0.0459335,0.045756,0.0455839,0.0454168,0.0452544,0.0450966,0.0449431,0.0447936,0.044648
