N2 Density [kg/m3] CoolProp
322.229,256.682,247.22,241.053,236.365,232.538,229.282,226.435,223.897,221.603,219.504,217.568,215.769,214.087,212.506,211.014,209.601,208.257,206.976,205.752,204.578,203.452,202.369,201.325,200.318,199.345,198.403,197.491,196.605,195.746,194.911,194.098,193.307,192.536,191.784,191.051,190.334,189.634,188.95,188.281,187.625,186.984,186.355,185.739,185.134,184.542,183.96,183.388,182.827,182.276,181.734,181.201,180.677,180.162,179.655,179.155,178.663,178.179,177.702,177.232,176.769,176.312,175.861,175.417,174.979,174.547,174.12,173.699,173.283,172.872,172.467,172.066,171.671,171.28,170.893,170.511,170.134,169.761,169.392,169.027,168.666,168.309,167.956,167.606,167.26,166.918,166.579,166.244,165.912,165.583,165.258,164.935,164.616,164.3,163.987,163.676,163.369,163.064,162.762,162.463,162.166
356.456,262.508,250.423,243.382,238.24,234.129,230.676,227.684,225.034,222.649,220.477,218.479,216.627,214.899,213.279,211.751,210.306,208.934,207.628,206.38,205.186,204.04,202.939,201.879,200.856,199.869,198.913,197.988,197.091,196.221,195.375,194.553,193.752,192.972,192.212,191.471,190.747,190.039,189.348,188.672,188.01,187.362,186.728,186.106,185.496,184.898,184.311,183.735,183.169,182.614,182.067,181.53,181.002,180.483,179.972,179.469,178.973,178.485,178.005,177.532,177.065,176.605,176.152,175.704,175.263,174.828,174.399,173.975,173.556,173.143,172.735,172.332,171.934,171.541,171.153,170.768,170.389,170.014,169.643,169.276,168.913,168.554,168.199,167.847,167.5,167.156,166.815,166.478,166.144,165.814,165.487,165.163,164.842,164.524,164.21,163.898,163.589,163.283,162.979,162.679,162.381
364.012,271.594,254.199,245.961,240.258,235.814,232.138,228.985,226.211,223.729,221.477,219.413,217.505,215.729,214.066,212.502,211.024,209.623,208.29,207.018,205.802,204.636,203.516,202.439,201.401,200.398,199.429,198.491,197.582,196.7,195.844,195.011,194.201,193.412,192.644,191.894,191.162,190.447,189.749,189.066,188.398,187.744,187.103,186.476,185.86,185.257,184.665,184.084,183.514,182.953,182.402,181.861,181.329,180.805,180.29,179.784,179.285,178.793,178.309,177.833,177.363,176.9,176.443,175.993,175.549,175.111,174.679,174.252,173.831,173.416,173.005,172.6,172.199,171.804,171.413,171.027,170.645,170.267,169.894,169.525,169.16,168.799,168.442,168.089,167.74,167.394,167.052,166.713,166.377,166.045,165.717,165.391,165.069,164.749,164.433,164.12,163.809,163.502,163.197,162.895,162.596
368.951,306.025,258.86,248.861,242.447,237.608,233.676,230.342,227.433,224.844,222.507,220.372,218.404,216.577,214.87,213.267,211.755,210.323,208.962,207.665,206.426,205.24,204.101,203.006,201.951,200.934,199.951,198.999,198.078,197.184,196.317,195.474,194.654,193.856,193.079,192.32,191.581,190.858,190.153,189.463,188.788,188.128,187.481,186.848,186.227,185.618,185.021,184.435,183.86,183.295,182.739,182.194,181.657,181.13,180.611,180.1,179.598,179.103,178.615,178.135,177.662,177.196,176.736,176.283,175.836,175.395,174.96,174.531,174.107,173.689,173.276,172.868,172.465,172.067,171.674,171.286,170.902,170.522,170.147,169.776,169.409,169.046,168.687,168.332,167.981,167.633,167.289,166.948,166.611,166.278,165.947,165.62,165.296,164.975,164.658,164.343,164.031,163.722,163.416,163.112,162.812
372.714,351.719,265.091,252.193,244.846,239.528,235.3,231.761,228.702,225.997,223.568,221.357,219.326,217.444,215.691,214.047,212.498,211.034,209.645,208.322,207.06,205.852,204.693,203.58,202.509,201.475,200.478,199.513,198.579,197.673,196.795,195.941,195.111,194.304,193.517,192.751,192.003,191.273,190.56,189.863,189.181,188.515,187.862,187.222,186.596,185.982,185.379,184.788,184.208,183.638,183.078,182.528,181.988,181.456,180.933,180.418,179.912,179.413,178.923,178.439,177.963,177.493,177.03,176.574,176.124,175.68,175.243,174.811,174.384,173.963,173.548,173.137,172.732,172.332,171.936,171.546,171.159,170.778,170.4,170.027,169.658,169.294,168.933,168.576,168.222,167.873,167.527,167.185,166.846,166.511,166.179,165.85,165.524,165.202,164.883,164.566,164.253,163.942,163.635,163.33,163.028
375.791,360.735,275.024,256.142,247.507,241.598,237.021,233.25,230.024,227.192,224.662,222.37,220.271,218.332,216.529,214.842,213.256,211.759,210.339,208.99,207.703,206.472,205.293,204.161,203.073,202.023,201.011,200.032,199.085,198.167,197.277,196.413,195.573,194.755,193.96,193.184,192.428,191.69,190.97,190.266,189.577,188.904,188.245,187.599,186.967,186.347,185.739,185.143,184.558,183.983,183.419,182.865,182.32,181.784,181.257,180.738,180.228,179.726,179.231,178.744,178.265,177.792,177.326,176.867,176.414,175.967,175.526,175.091,174.662,174.239,173.821,173.408,173,172.598,172.2,171.807,171.418,171.034,170.655,170.28,169.909,169.542,169.179,168.82,168.465,168.114,167.766,167.422,167.081,166.744,166.411,166.08,165.753,165.429,165.108,164.79,164.475,164.164,163.854,163.548,163.245
378.415,366.276,305.687,261.049,250.508,243.846,238.855,234.818,231.404,228.432,225.793,223.412,221.241,219.241,217.386,215.654,214.028,212.496,211.045,209.667,208.355,207.102,205.902,204.75,203.643,202.578,201.55,200.557,199.596,198.666,197.764,196.888,196.038,195.211,194.406,193.621,192.857,192.111,191.383,190.671,189.976,189.296,188.631,187.979,187.341,186.715,186.102,185.501,184.91,184.331,183.762,183.203,182.653,182.113,181.582,181.06,180.546,180.04,179.542,179.051,178.568,178.092,177.623,177.16,176.704,176.255,175.811,175.374,174.942,174.516,174.095,173.68,173.269,172.864,172.464,172.069,171.678,171.292,170.91,170.533,170.16,169.791,169.426,169.065,168.708,168.355,168.006,167.66,167.318,166.979,166.643,166.311,165.983,165.657,165.335,165.015,164.699,164.385,164.075,163.767,163.462
380.715,370.386,346.538,267.672,253.969,246.314,240.821,236.474,232.848,229.721,226.963,224.487,222.238,220.173,218.263,216.483,214.816,213.246,211.763,210.356,209.018,207.74,206.518,205.347,204.222,203.139,202.095,201.087,200.113,199.17,198.256,197.369,196.508,195.67,194.856,194.062,193.289,192.535,191.799,191.08,190.378,189.691,189.019,188.361,187.717,187.086,186.467,185.86,185.265,184.68,184.107,183.543,182.989,182.445,181.91,181.383,180.865,180.356,179.854,179.36,178.873,178.394,177.921,177.456,176.997,176.544,176.097,175.657,175.222,174.794,174.37,173.952,173.54,173.132,172.73,172.332,171.939,171.551,171.167,170.787,170.412,170.041,169.674,169.312,168.953,168.598,168.246,167.899,167.555,167.214,166.877,166.543,166.213,165.886,165.562,165.241,164.923,164.608,164.296,163.987,163.681
382.768,373.696,357.28,278.333,258.088,249.058,242.941,238.231,234.365,231.065,228.175,225.596,223.263,221.129,219.16,217.33,215.619,214.011,212.494,211.056,209.69,208.388,207.143,205.951,204.807,203.707,202.646,201.623,200.635,199.679,198.752,197.854,196.982,196.134,195.31,194.507,193.725,192.963,192.219,191.492,190.782,190.089,189.41,188.746,188.096,187.459,186.834,186.222,185.621,185.032,184.453,183.885,183.327,182.778,182.239,181.708,181.186,180.673,180.167,179.67,179.18,178.697,178.221,177.752,177.29,176.834,176.385,175.942,175.504,175.073,174.647,174.226,173.811,173.401,172.996,172.596,172.201,171.81,171.424,171.042,170.665,170.292,169.923,169.559,169.198,168.841,168.488,168.138,167.792,167.45,167.111,166.776,166.444,166.115,165.789,165.467,165.147,164.831,164.518,164.207,163.899
384.629,376.49,363.499,305.569,263.233,252.159,245.248,240.105,235.962,232.468,229.433,226.743,224.319,222.111,220.079,218.196,216.439,214.791,213.238,211.768,210.374,209.046,207.778,206.564,205.4,204.281,203.204,202.166,201.163,200.193,199.254,198.344,197.46,196.602,195.768,194.955,194.164,193.393,192.641,191.907,191.19,190.489,189.804,189.133,188.477,187.834,187.204,186.586,185.98,185.386,184.802,184.229,183.666,183.113,182.57,182.035,181.509,180.992,180.482,179.981,179.487,179.001,178.522,178.05,177.585,177.126,176.674,176.227,175.787,175.353,174.924,174.501,174.083,173.671,173.263,172.861,172.463,172.071,171.682,171.299,170.919,170.544,170.173,169.807,169.444,169.085,168.73,168.379,168.031,167.687,167.346,167.009,166.676,166.345,166.018,165.694,165.373,165.055,164.74,164.428,164.119
386.335,378.92,367.989,341.132,270.217,255.746,247.785,242.115,237.65,233.937,230.743,227.929,225.408,223.12,221.022,219.082,217.276,215.586,213.995,212.493,211.068,209.713,208.421,207.185,206.001,204.863,203.769,202.715,201.697,200.713,199.761,198.838,197.943,197.074,196.23,195.408,194.608,193.828,193.068,192.326,191.601,190.893,190.201,189.524,188.861,188.212,187.576,186.953,186.341,185.742,185.153,184.575,184.008,183.45,182.902,182.363,181.833,181.312,180.799,180.294,179.797,179.307,178.825,178.349,177.881,177.419,176.964,176.515,176.072,175.634,175.203,174.777,174.357,173.942,173.532,173.127,172.727,172.332,171.942,171.556,171.174,170.797,170.424,170.055,169.691,169.33,168.973,168.62,168.27,167.924,167.582,167.243,166.908,166.576,166.247,165.921,165.599,165.279,164.963,164.649,164.339
387.912,381.079,371.55,353.674,281.399,260.028,250.609,244.286,239.443,235.48,232.107,229.159,226.532,224.158,221.989,219.989,218.132,216.397,214.767,213.23,211.774,210.391,209.074,207.815,206.61,205.453,204.341,203.27,202.237,201.238,200.273,199.338,198.431,197.551,196.696,195.864,195.055,194.266,193.497,192.747,192.015,191.3,190.6,189.916,189.247,188.592,187.95,187.321,186.705,186.1,185.506,184.923,184.351,183.789,183.237,182.694,182.16,181.634,181.117,180.609,180.108,179.615,179.129,178.65,178.178,177.714,177.255,176.803,176.357,175.917,175.483,175.054,174.632,174.214,173.802,173.394,172.992,172.595,172.202,171.814,171.43,171.051,170.676,170.305,169.938,169.576,169.217,168.862,168.51,168.163,167.819,167.478,167.141,166.807,166.477,166.15,165.826,165.505,165.187,164.872,164.56
389.38,383.026,374.525,360.629,305.511,265.396,253.809,246.651,241.356,237.107,233.533,230.436,227.694,225.227,222.982,220.918,219.007,217.224,215.554,213.98,212.492,211.08,209.737,208.454,207.227,206.05,204.92,203.831,202.782,201.77,200.79,199.842,198.924,198.032,197.166,196.324,195.505,194.708,193.93,193.172,192.432,191.709,191.003,190.312,189.636,188.975,188.327,187.692,187.07,186.46,185.861,185.274,184.697,184.13,183.573,183.026,182.488,181.958,181.437,180.925,180.42,179.924,179.434,178.952,178.477,178.009,177.548,177.093,176.644,176.201,175.764,175.333,174.907,174.487,174.072,173.663,173.258,172.858,172.463,172.073,171.687,171.305,170.928,170.555,170.187,169.822,169.461,169.104,168.751,168.402,168.056,167.714,167.375,167.04,166.708,166.379,166.053,165.73,165.411,165.095,164.781
390.756,384.805,377.093,365.528,335.945,272.687,257.517,249.255,243.41,238.827,235.027,231.765,228.896,226.33,224.003,221.871,219.902,218.07,216.356,214.744,213.223,211.781,210.409,209.102,207.852,206.655,205.506,204.4,203.335,202.307,201.313,200.352,199.421,198.518,197.641,196.789,195.96,195.153,194.367,193.6,192.852,192.122,191.408,190.711,190.028,189.361,188.707,188.066,187.438,186.823,186.219,185.626,185.044,184.473,183.911,183.36,182.817,182.284,181.759,181.243,180.735,180.234,179.741,179.256,178.778,178.306,177.842,177.384,176.932,176.486,176.046,175.612,175.184,174.761,174.344,173.932,173.525,173.123,172.725,172.333,171.945,171.561,171.182,170.807,170.436,170.07,169.707,169.348,168.993,168.642,168.294,167.95,167.61,167.273,166.939,166.608,166.281,165.957,165.636,165.318,165.003
392.051,386.444,379.362,369.356,349.974,284.136,261.954,252.159,245.631,240.655,236.597,233.151,230.143,227.468,225.054,222.849,220.819,218.934,217.175,215.523,213.966,212.492,211.093,209.76,208.487,207.268,206.099,204.975,203.893,202.85,201.842,200.867,199.923,199.008,198.12,197.258,196.419,195.602,194.807,194.032,193.276,192.538,191.817,191.112,190.423,189.749,189.089,188.442,187.808,187.187,186.578,185.98,185.394,184.818,184.252,183.695,183.149,182.611,182.082,181.562,181.05,180.546,180.05,179.561,179.079,178.605,178.137,177.676,177.221,176.772,176.33,175.893,175.462,175.037,174.617,174.202,173.793,173.388,172.988,172.594,172.203,171.818,171.436,171.059,170.686,170.318,169.953,169.593,169.236,168.883,168.533,168.187,167.845,167.506,167.171,166.839,166.51,166.184,165.862,165.542,165.226
393.276,387.967,381.4,372.522,357.684,305.477,267.52,255.453,248.053,242.607,238.252,234.599,231.439,228.645,226.136,223.854,221.758,219.818,218.01,216.317,214.723,213.216,211.787,210.428,209.131,207.89,206.7,205.558,204.459,203.399,202.377,201.388,200.431,199.504,198.604,197.731,196.882,196.055,195.251,194.467,193.703,192.957,192.228,191.516,190.82,190.14,189.473,188.821,188.181,187.554,186.94,186.337,185.745,185.164,184.594,184.033,183.482,182.94,182.407,181.883,181.368,180.86,180.36,179.868,179.383,178.905,178.434,177.969,177.512,177.06,176.615,176.175,175.742,175.313,174.891,174.474,174.062,173.655,173.253,172.856,172.463,172.075,171.692,171.313,170.938,170.567,170.2,169.838,169.479,169.124,168.773,168.425,168.081,167.741,167.404,167.07,166.739,166.412,166.088,165.767,165.449
394.439,389.391,383.254,375.235,363.012,331.411,275.047,259.275,250.722,244.705,240.004,236.117,232.788,229.864,227.252,224.886,222.721,220.722,218.864,217.127,215.494,213.953,212.493,211.106,209.784,208.52,207.31,206.148,205.031,203.955,202.917,201.914,200.944,200.004,199.093,198.208,197.348,196.512,195.699,194.906,194.133,193.379,192.643,191.924,191.221,190.533,189.86,189.202,188.556,187.924,187.304,186.696,186.099,185.513,184.938,184.373,183.817,183.271,182.734,182.206,181.686,181.175,180.671,180.176,179.687,179.206,178.732,178.264,177.803,177.349,176.901,176.458,176.022,175.591,175.166,174.746,174.332,173.922,173.518,173.118,172.724,172.334,171.948,171.567,171.19,170.817,170.448,170.084,169.723,169.366,169.013,168.664,168.318,167.976,167.637,167.302,166.97,166.641,166.315,165.993,165.673
395.547,390.729,384.959,377.619,367.119,346.27,286.509,263.852,253.702,246.975,241.867,237.714,234.194,231.129,228.405,225.949,223.71,221.648,219.737,217.953,216.28,214.703,213.211,211.795,210.446,209.159,207.927,206.746,205.61,204.517,203.464,202.446,201.462,200.509,199.586,198.69,197.82,196.974,196.15,195.348,194.567,193.805,193.061,192.334,191.624,190.929,190.25,189.585,188.934,188.296,187.67,187.057,186.455,185.864,185.284,184.714,184.154,183.604,183.063,182.531,182.007,181.492,180.985,180.485,179.993,179.509,179.031,178.561,178.097,177.639,177.188,176.743,176.303,175.87,175.442,175.02,174.603,174.191,173.784,173.382,172.985,172.593,172.205,171.822,171.443,171.068,170.697,170.331,169.968,169.61,169.255,168.904,168.556,168.212,167.872,167.534,167.201,166.87,166.543,166.219,165.898
396.606,391.993,386.538,379.751,370.484,354.692,305.456,269.586,257.085,249.451,243.857,239.397,235.665,232.442,229.597,227.045,224.726,222.598,220.629,218.797,217.081,215.466,213.941,212.495,211.119,209.808,208.553,207.351,206.197,205.086,204.016,202.984,201.986,201.02,200.084,199.176,198.295,197.439,196.606,195.794,195.004,194.234,193.482,192.747,192.03,191.329,190.643,189.971,189.314,188.67,188.039,187.42,186.813,186.217,185.632,185.057,184.493,183.938,183.393,182.857,182.329,181.81,181.299,180.796,180.301,179.813,179.332,178.858,178.391,177.93,177.476,177.028,176.586,176.15,175.72,175.295,174.875,174.461,174.052,173.647,173.248,172.853,172.463,172.078,171.697,171.32,170.947,170.579,170.214,169.854,169.497,169.144,168.795,168.449,168.107,167.768,167.432,167.1,166.771,166.446,166.123
397.619,393.191,388.012,381.684,373.348,360.452,327.696,277.268,261.013,252.183,245.997,241.18,237.207,233.81,230.832,228.175,225.77,223.571,221.543,219.659,217.898,216.244,214.684,213.206,211.803,210.465,209.188,207.965,206.791,205.662,204.576,203.527,202.515,201.536,200.587,199.668,198.775,197.908,197.065,196.244,195.445,194.666,193.906,193.164,192.439,191.731,191.038,190.36,189.697,189.047,188.41,187.785,187.173,186.572,185.982,185.403,184.834,184.275,183.725,183.185,182.653,182.13,181.615,181.109,180.61,180.118,179.634,179.157,178.687,178.223,177.766,177.315,176.87,176.431,175.998,175.571,175.148,174.732,174.32,173.913,173.512,173.115,172.722,172.335,171.952,171.573,171.198,170.827,170.461,170.098,169.74,169.385,169.034,168.686,168.342,168.002,167.665,167.331,167.001,166.673,166.349
398.592,394.331,389.395,383.456,375.852,364.846,342.675,288.533,265.713,255.235,248.314,243.077,238.829,235.237,232.113,229.342,226.845,224.571,222.479,220.54,218.732,217.037,215.44,213.93,212.497,211.133,209.832,208.586,207.392,206.245,205.141,204.077,203.05,202.057,201.095,200.164,199.26,198.382,197.528,196.698,195.89,195.102,194.333,193.584,192.851,192.136,191.436,190.752,190.082,189.426,188.783,188.153,187.535,186.929,186.334,185.75,185.176,184.613,184.059,183.514,182.979,182.452,181.933,181.423,180.92,180.425,179.938,179.458,178.984,178.517,178.057,177.603,177.156,176.714,176.278,175.848,175.423,175.004,174.589,174.18,173.776,173.377,172.983,172.593,172.207,171.826,171.45,171.077,170.709,170.344,169.984,169.627,169.274,168.925,168.579,168.237,167.898,167.563,167.23,166.902,166.576
399.528,395.418,390.698,385.094,378.081,368.416,351.691,305.441,271.577,258.701,250.843,245.104,240.541,236.73,233.445,230.549,227.953,225.598,223.438,221.441,219.583,217.845,216.21,214.666,213.202,211.811,210.485,209.217,208.002,206.836,205.714,204.633,203.591,202.583,201.609,200.665,199.749,198.86,197.996,197.156,196.338,195.541,194.764,194.007,193.267,192.544,191.837,191.146,190.47,189.807,189.159,188.523,187.9,187.288,186.688,186.099,185.521,184.953,184.395,183.846,183.306,182.775,182.253,181.739,181.232,180.734,180.243,179.759,179.283,178.813,178.349,177.893,177.442,176.997,176.559,176.126,175.698,175.277,174.86,174.448,174.042,173.64,173.244,172.852,172.464,172.081,171.702,171.327,170.957,170.591,170.228,169.87,169.515,169.164,168.816,168.472,168.132,167.795,167.461,167.131,166.803
400.43,396.459,391.932,386.619,380.096,371.436,357.866,324.731,279.328,262.723,253.634,247.285,242.354,238.296,234.832,231.8,229.097,226.654,224.421,222.364,220.453,218.669,216.994,215.414,213.919,212.5,211.147,209.856,208.619,207.434,206.294,205.196,204.138,203.116,202.127,201.17,200.243,199.342,198.468,197.618,196.79,195.984,195.199,194.433,193.685,192.955,192.241,191.543,190.86,190.192,189.537,188.895,188.267,187.65,187.045,186.451,185.868,185.295,184.732,184.179,183.635,183.1,182.574,182.056,181.546,181.044,180.55,180.063,179.583,179.109,178.643,178.183,177.73,177.282,176.841,176.405,175.975,175.551,175.131,174.718,174.309,173.905,173.506,173.111,172.722,172.336,171.955,171.579,171.206,170.838,170.474,170.113,169.756,169.404,169.054,168.709,168.366,168.028,167.692,167.36,167.031
401.301,397.456,393.104,388.047,381.937,374.063,362.546,339.297,290.247,267.526,256.753,249.647,244.283,239.943,236.279,233.098,230.278,227.741,225.431,223.309,221.343,219.51,217.793,216.177,214.649,213.199,211.82,210.504,209.245,208.039,206.88,205.766,204.691,203.654,202.652,201.681,200.741,199.829,198.944,198.083,197.246,196.431,195.637,194.862,194.107,193.369,192.648,191.943,191.253,190.578,189.918,189.27,188.636,188.014,187.403,186.804,186.216,185.639,185.072,184.514,183.966,183.427,182.897,182.375,181.861,181.356,180.858,180.367,179.884,179.408,178.938,178.475,178.019,177.568,177.124,176.686,176.253,175.826,175.404,174.988,174.576,174.17,173.769,173.372,172.98,172.593,172.21,171.831,171.457,171.086,170.72,170.357,169.999,169.644,169.293,168.946,168.602,168.261,167.924,167.591,167.26
402.143,398.415,394.221,389.391,383.635,376.393,366.324,348.728,305.431,273.48,260.294,252.227,246.347,241.682,237.794,234.447,231.5,228.862,226.469,224.277,222.253,220.37,218.608,216.953,215.39,213.91,212.503,211.162,209.88,208.653,207.475,206.342,205.251,204.198,203.181,202.198,201.245,200.321,199.425,198.553,197.706,196.882,196.078,195.295,194.531,193.786,193.057,192.345,191.649,190.968,190.301,189.648,189.007,188.38,187.764,187.16,186.567,185.985,185.413,184.851,184.299,183.755,183.221,182.695,182.178,181.669,181.167,180.673,180.187,179.707,179.234,178.768,178.309,177.856,177.408,176.967,176.532,176.102,175.678,175.259,174.845,174.437,174.033,173.634,173.24,172.85,172.465,172.084,171.708,171.335,170.967,170.603,170.242,169.886,169.533,169.184,168.838,168.496,168.157,167.822,167.49
402.958,399.339,395.289,390.662,385.213,378.491,369.503,355.277,322.369,281.219,264.398,255.073,248.567,243.525,239.383,235.853,232.766,230.018,227.537,225.271,223.184,221.248,219.44,217.744,216.145,214.633,213.197,211.829,210.524,209.274,208.076,206.925,205.817,204.748,203.717,202.719,201.754,200.818,199.91,199.028,198.17,197.336,196.524,195.732,194.96,194.206,193.47,192.751,192.048,191.36,190.687,190.027,189.381,188.748,188.127,187.518,186.92,186.333,185.756,185.19,184.633,184.086,183.547,183.018,182.496,181.983,181.478,180.981,180.491,180.008,179.532,179.063,178.6,178.144,177.694,177.25,176.812,176.38,175.953,175.531,175.115,174.704,174.298,173.897,173.5,173.108,172.721,172.338,171.96,171.585,171.215,170.849,170.486,170.128,169.773,169.422,169.075,168.731,168.391,168.054,167.72
403.749,400.23,396.312,391.867,386.687,380.403,372.255,360.232,336.212,291.698,269.28,258.253,250.971,245.486,241.055,237.32,234.081,231.214,228.636,226.292,224.138,222.145,220.289,218.55,216.914,215.367,213.901,212.507,211.176,209.905,208.686,207.516,206.39,205.305,204.258,203.246,202.267,201.319,200.399,199.506,198.638,197.794,196.973,196.172,195.391,194.63,193.886,193.16,192.449,191.755,191.075,190.41,189.758,189.119,188.492,187.878,187.275,186.683,186.101,185.53,184.969,184.418,183.875,183.341,182.816,182.3,181.791,181.29,180.796,180.31,179.831,179.359,178.893,178.434,177.981,177.534,177.093,176.658,176.229,175.805,175.386,174.973,174.564,174.16,173.762,173.368,172.978,172.593,172.212,171.836,171.464,171.096,170.731,170.371,170.014,169.662,169.313,168.967,168.625,168.286,167.951
404.516,401.091,397.295,393.015,388.073,382.163,374.687,364.216,345.852,305.423,275.283,261.86,253.598,247.583,242.82,238.855,235.447,232.45,229.769,227.34,225.117,223.064,221.156,219.372,217.696,216.115,214.617,213.195,211.839,210.544,209.303,208.113,206.97,205.868,204.805,203.779,202.787,201.825,200.894,199.989,199.111,198.257,197.425,196.616,195.826,195.056,194.305,193.571,192.854,192.152,191.466,190.794,190.136,189.492,188.86,188.24,187.632,187.035,186.449,185.873,185.307,184.751,184.205,183.667,183.138,182.617,182.105,181.6,181.103,180.614,180.131,179.656,179.187,178.725,178.269,177.82,177.376,176.938,176.506,176.079,175.658,175.242,174.831,174.425,174.024,173.628,173.236,172.849,172.466,172.088,171.713,171.343,170.977,170.615,170.257,169.902,169.551,169.204,168.86,168.519,168.182
405.261,401.924,398.24,394.111,389.381,383.794,376.871,367.553,352.708,320.466,282.941,266.031,256.496,249.84,244.69,240.466,236.871,233.732,230.939,228.419,226.12,224.004,222.042,220.211,218.494,216.876,215.345,213.893,212.511,211.192,209.929,208.719,207.556,206.437,205.359,204.318,203.311,202.337,201.393,200.477,199.587,198.723,197.882,197.063,196.265,195.487,194.727,193.986,193.261,192.553,191.86,191.182,190.518,189.867,189.229,188.604,187.991,187.389,186.798,186.217,185.647,185.087,184.536,183.994,183.461,182.937,182.421,181.912,181.412,180.919,180.433,179.955,179.483,179.017,178.559,178.106,177.66,177.219,176.784,176.355,175.931,175.513,175.099,174.691,174.288,173.889,173.495,173.106,172.721,172.34,171.964,171.592,171.224,170.86,170.499,170.143,169.79,169.441,169.095,168.753,168.415
405.987,402.731,399.151,395.16,390.621,385.316,378.855,370.431,357.917,333.453,292.932,270.969,259.731,252.286,246.682,242.162,238.358,235.062,232.148,229.53,227.151,224.968,222.948,221.067,219.306,217.65,216.086,214.603,213.193,211.849,210.564,209.333,208.151,207.014,205.919,204.862,203.841,202.854,201.897,200.969,200.068,199.193,198.342,197.514,196.707,195.92,195.153,194.403,193.671,192.956,192.256,191.572,190.901,190.245,189.601,188.971,188.352,187.745,187.149,186.564,185.989,185.424,184.869,184.323,183.786,183.258,182.738,182.226,181.722,181.226,180.736,180.254,179.779,179.311,178.849,178.394,177.944,177.501,177.064,176.632,176.205,175.784,175.369,174.958,174.552,174.151,173.755,173.364,172.976,172.594,172.215,171.841,171.471,171.105,170.743,170.385,170.03,169.679,169.332,168.988,168.648
406.693,403.514,400.031,396.166,391.8,386.745,380.678,372.967,362.099,343.106,305.418,276.98,263.394,254.956,248.812,243.953,239.914,236.446,233.399,230.676,228.211,225.955,223.875,221.942,220.135,218.439,216.839,215.325,213.886,212.516,211.207,209.954,208.752,207.597,206.485,205.413,204.377,203.375,202.406,201.466,200.554,199.668,198.807,197.969,197.153,196.357,195.581,194.824,194.085,193.362,192.656,191.964,191.288,190.625,189.976,189.339,188.715,188.103,187.502,186.912,186.333,185.764,185.204,184.654,184.113,183.58,183.057,182.541,182.033,181.534,181.041,180.556,180.078,179.606,179.141,178.683,178.231,177.784,177.344,176.91,176.481,176.057,175.639,175.226,174.818,174.414,174.016,173.622,173.233,172.848,172.468,172.092,171.72,171.352,170.987,170.627,170.271,169.918,169.569,169.224,168.882
407.381,404.274,400.882,397.134,392.924,388.091,382.364,375.237,365.593,350.187,318.914,284.499,267.617,257.9,251.104,245.851,241.546,237.887,234.695,231.858,229.301,226.969,224.824,222.835,220.981,219.243,217.606,216.058,214.59,213.193,211.859,210.584,209.362,208.188,207.058,205.969,204.919,203.903,202.92,201.968,201.044,200.147,199.275,198.428,197.602,196.798,196.013,195.248,194.501,193.771,193.058,192.36,191.677,191.008,190.353,189.711,189.081,188.464,187.858,187.263,186.679,186.105,185.541,184.986,184.441,183.905,183.377,182.858,182.347,181.843,181.347,180.859,180.377,179.902,179.434,178.973,178.518,178.069,177.626,177.189,176.757,176.331,175.91,175.495,175.084,174.679,174.278,173.882,173.49,173.104,172.721,172.343,171.969,171.599,171.233,170.871,170.512,170.158,169.807,169.46,169.116
408.052,405.014,401.706,398.066,394,389.366,383.935,377.296,368.597,355.618,331.019,293.988,272.586,261.182,253.587,247.871,243.265,239.393,236.041,233.08,230.423,228.01,225.796,223.749,221.845,220.062,218.387,216.804,215.305,213.88,212.521,211.223,209.979,208.785,207.638,206.532,205.466,204.436,203.439,202.474,201.539,200.631,199.748,198.89,198.055,197.242,196.449,195.676,194.921,194.183,193.463,192.758,192.068,191.393,190.732,190.084,189.449,188.826,188.215,187.615,187.026,186.448,185.879,185.321,184.771,184.231,183.699,183.176,182.661,182.154,181.655,181.163,180.678,180.2,179.729,179.265,178.806,178.355,177.909,177.469,177.034,176.606,176.182,175.764,175.352,174.944,174.541,174.142,173.749,173.36,172.975,172.595,172.219,171.847,171.479,171.115,170.755,170.399,170.046,169.697,169.351
408.708,405.733,402.505,398.966,395.031,390.576,385.406,379.182,371.236,359.985,340.526,305.414,278.568,264.891,256.297,250.032,245.08,240.968,237.441,234.345,231.581,229.08,226.793,224.685,222.727,220.898,219.182,217.563,216.032,214.577,213.192,211.87,210.605,209.391,208.225,207.102,206.02,204.975,203.964,202.986,202.038,201.118,200.225,199.357,198.512,197.69,196.888,196.106,195.343,194.598,193.87,193.159,192.462,191.781,191.114,190.46,189.819,189.191,188.575,187.97,187.376,186.793,186.22,185.657,185.103,184.559,184.023,183.496,182.977,182.467,181.964,181.468,180.98,180.499,180.025,179.557,179.096,178.641,178.193,177.75,177.313,176.882,176.456,176.035,175.62,175.21,174.804,174.404,174.008,173.617,173.23,172.848,172.47,172.096,171.726,171.36,170.998,170.64,170.285,169.935,169.587
409.348,406.434,403.281,399.835,396.021,391.73,386.792,380.924,373.593,363.629,347.739,317.628,285.906,269.149,259.281,252.357,247.004,242.622,238.9,235.656,232.776,230.181,227.816,225.642,223.628,221.751,219.992,218.336,216.77,215.286,213.874,212.527,211.239,210.004,208.819,207.678,206.58,205.519,204.495,203.503,202.543,201.611,200.707,199.828,198.973,198.141,197.331,196.54,195.769,195.017,194.281,193.562,192.859,192.172,191.498,190.838,190.192,189.558,188.936,188.326,187.728,187.14,186.562,185.994,185.437,184.888,184.348,183.817,183.295,182.781,182.274,181.775,181.284,180.799,180.322,179.851,179.387,178.93,178.478,178.033,177.593,177.159,176.731,176.307,175.89,175.477,175.069,174.667,174.268,173.875,173.486,173.102,172.721,172.346,171.974,171.606,171.242,170.882,170.526,170.173,169.824
409.974,407.118,404.035,400.676,396.975,392.832,388.102,382.544,375.726,366.756,353.351,328.886,294.898,274.125,262.603,254.873,249.051,244.362,240.423,237.018,234.011,231.315,228.867,226.623,224.55,222.622,220.818,219.122,217.522,216.006,214.566,213.193,211.881,210.625,209.42,208.262,207.146,206.07,205.03,204.025,203.052,202.108,201.193,200.303,199.438,198.596,197.777,196.978,196.198,195.438,194.695,193.969,193.259,192.565,191.885,191.219,190.567,189.927,189.3,188.685,188.081,187.489,186.906,186.334,185.772,185.219,184.675,184.141,183.614,183.096,182.586,182.084,181.589,181.101,180.621,180.147,179.68,179.219,178.765,178.316,177.874,177.437,177.006,176.581,176.16,175.745,175.335,174.93,174.53,174.134,173.743,173.356,172.974,172.596,172.222,171.853,171.487,171.125,170.767,170.412,170.062
410.586,407.785,404.768,401.492,397.894,393.888,389.345,384.059,377.676,369.497,357.883,338.132,305.411,280.046,266.346,257.618,251.241,246.2,242.018,238.433,235.289,232.484,229.947,227.629,225.494,223.511,221.66,219.923,218.287,216.738,215.268,213.869,212.533,211.255,210.029,208.852,207.719,206.626,205.572,204.553,203.566,202.61,201.683,200.782,199.907,199.056,198.227,197.419,196.631,195.862,195.112,194.379,193.662,192.961,192.274,191.602,190.944,190.299,189.667,189.046,188.437,187.839,187.252,186.676,186.109,185.552,185.004,184.465,183.935,183.413,182.9,182.394,181.895,181.404,180.92,180.444,179.973,179.51,179.052,178.601,178.156,177.717,177.283,176.855,176.432,176.014,175.602,175.195,174.792,174.394,174.001,173.612,173.228,172.848,172.472,172.1,171.732,171.369,171.009,170.653,170.3
411.185,408.436,405.483,402.283,398.782,394.902,390.528,385.485,379.474,371.941,361.668,345.388,316.55,287.174,270.624,260.637,253.595,248.148,243.692,239.909,236.615,233.691,231.059,228.662,226.459,224.42,222.52,220.74,219.065,217.482,215.982,214.555,213.194,211.893,210.646,209.449,208.298,207.19,206.12,205.086,204.086,203.117,202.178,201.266,200.38,199.519,198.68,197.863,197.067,196.29,195.532,194.791,194.067,193.359,192.666,191.988,191.324,190.673,190.035,189.409,188.795,188.192,187.601,187.019,186.448,185.887,185.335,184.792,184.258,183.732,183.215,182.705,182.203,181.709,181.222,180.742,180.268,179.802,179.341,178.887,178.439,177.997,177.561,177.13,176.705,176.285,175.87,175.46,175.055,174.655,174.26,173.869,173.482,173.1,172.722,172.349,171.979,171.613,171.251,170.893,170.539
411.772,409.073,406.179,403.051,399.641,395.876,391.658,386.831,381.144,374.148,364.914,351.132,327.019,295.687,275.586,263.99,256.143,250.221,245.453,241.45,237.991,234.939,232.204,229.723,227.449,225.35,223.398,221.572,219.857,218.239,216.707,215.251,213.864,212.539,211.271,210.054,208.885,207.759,206.673,205.625,204.611,203.629,202.678,201.754,200.858,199.986,199.137,198.311,197.506,196.721,195.955,195.207,194.475,193.76,193.061,192.376,191.706,191.049,190.406,189.774,189.155,188.547,187.951,187.365,186.789,186.223,185.667,185.12,184.582,184.052,183.531,183.018,182.513,182.015,181.524,181.041,180.565,180.095,179.632,179.175,178.724,178.279,177.84,177.407,176.979,176.556,176.139,175.727,175.319,174.917,174.519,174.126,173.738,173.353,172.973,172.598,172.226,171.859,171.495,171.135,170.779
412.348,409.696,406.858,403.799,400.473,396.816,392.739,388.106,382.705,376.163,367.756,355.806,335.931,305.409,281.419,267.757,258.917,252.437,247.313,243.063,239.422,236.23,233.385,230.813,228.464,226.301,224.294,222.421,220.665,219.009,217.444,215.958,214.545,213.195,211.904,210.667,209.479,208.335,207.233,206.169,205.141,204.146,203.182,202.247,201.339,200.457,199.599,198.763,197.949,197.156,196.381,195.625,194.887,194.165,193.458,192.767,192.091,191.428,190.779,190.142,189.517,188.904,188.303,187.712,187.132,186.562,186.001,185.45,184.908,184.374,183.849,183.332,182.824,182.322,181.828,181.342,180.862,180.389,179.923,179.463,179.009,178.562,178.12,177.684,177.254,176.829,176.409,175.994,175.584,175.18,174.78,174.385,173.994,173.608,173.226,172.848,172.474,172.105,171.739,171.378,171.02
412.911,410.305,407.52,404.526,401.279,397.723,393.776,389.319,384.17,378.018,370.285,359.72,343.152,315.634,288.318,272.039,261.965,254.819,249.284,244.755,240.913,237.569,234.604,231.935,229.506,227.275,225.211,223.288,221.487,219.793,218.193,216.677,215.235,213.86,212.546,211.288,210.08,208.918,207.799,206.72,205.677,204.668,203.692,202.745,201.825,200.932,200.064,199.219,198.396,197.593,196.811,196.047,195.301,194.572,193.859,193.161,192.478,191.809,191.154,190.512,189.882,189.264,188.657,188.061,187.477,186.902,186.337,185.781,185.235,184.698,184.169,183.648,183.136,182.631,182.134,181.644,181.161,180.685,180.216,179.753,179.296,178.846,178.401,177.963,177.53,177.102,176.68,176.263,175.851,175.444,175.041,174.644,174.251,173.863,173.479,173.099,172.723,172.352,171.984,171.621,171.261
413.465,410.901,408.168,405.235,402.063,398.6,394.772,390.477,385.552,379.738,372.566,363.077,348.978,325.382,296.377,276.966,265.341,257.393,251.38,246.536,242.471,238.96,235.864,233.091,230.576,228.274,226.148,224.173,222.326,220.592,218.956,217.407,215.936,214.535,213.197,211.917,210.688,209.508,208.372,207.276,206.219,205.196,204.206,203.247,202.316,201.412,200.533,199.678,198.846,198.035,197.244,196.472,195.718,194.982,194.262,193.557,192.868,192.193,191.532,190.884,190.248,189.625,189.013,188.413,187.823,187.244,186.674,186.115,185.564,185.023,184.49,183.966,183.45,182.941,182.441,181.948,181.461,180.982,180.51,180.044,179.584,179.131,178.684,178.242,177.807,177.377,176.952,176.532,176.118,175.709,175.304,174.904,174.509,174.119,173.732,173.351,172.973,172.6,172.23,171.865,171.503
414.008,411.486,408.801,405.926,402.824,399.448,395.732,391.583,386.861,381.343,374.644,366.015,353.766,333.923,305.408,282.691,269.12,260.193,253.62,248.416,244.101,240.405,237.168,234.283,231.677,229.298,227.107,225.076,223.181,221.405,219.731,218.149,216.648,215.22,213.857,212.554,211.305,210.105,208.951,207.839,206.766,205.729,204.726,203.754,202.811,201.896,201.007,200.142,199.3,198.48,197.68,196.9,196.138,195.394,194.667,193.956,193.26,192.579,191.912,191.258,190.617,189.988,189.372,188.766,188.172,187.588,187.014,186.45,185.895,185.35,184.813,184.285,183.765,183.253,182.749,182.252,181.763,181.281,180.805,180.336,179.874,179.418,178.968,178.523,178.085,177.652,177.225,176.803,176.386,175.974,175.568,175.166,174.768,174.376,173.987,173.603,173.224,172.848,172.477,172.11,171.746
414.541,412.058,409.42,406.6,403.565,400.271,396.659,392.644,388.104,382.849,376.555,368.627,357.792,341.042,314.847,289.35,273.391,263.262,256.025,250.408,245.811,241.912,238.52,235.513,232.809,230.348,228.09,226,224.055,222.233,220.521,218.904,217.371,215.915,214.526,213.2,211.929,210.71,209.537,208.409,207.32,206.268,205.251,204.266,203.311,202.384,201.484,200.609,199.757,198.928,198.12,197.331,196.562,195.81,195.076,194.358,193.655,192.968,192.295,191.635,190.988,190.354,189.732,189.122,188.522,187.934,187.355,186.787,186.228,185.678,185.138,184.606,184.082,183.567,183.059,182.559,182.066,181.58,181.102,180.63,180.164,179.705,179.252,178.805,178.364,177.929,177.499,177.075,176.655,176.241,175.832,175.428,175.028,174.633,174.243,173.857,173.475,173.098,172.725,172.355,171.99
415.064,412.62,410.026,407.259,404.287,401.069,397.553,393.663,389.29,384.267,378.326,370.98,361.252,346.902,323.944,296.984,278.267,266.654,258.622,252.526,247.611,243.485,239.924,236.785,233.975,231.428,229.096,226.945,224.946,223.078,221.325,219.671,218.106,216.62,215.205,213.854,212.562,211.322,210.131,208.984,207.879,206.812,205.781,204.783,203.816,202.877,201.966,201.08,200.219,199.38,198.563,197.766,196.988,196.229,195.488,194.762,194.053,193.359,192.68,192.014,191.362,190.722,190.095,189.479,188.875,188.281,187.698,187.125,186.562,186.009,185.464,184.928,184.401,183.881,183.37,182.867,182.371,181.882,181.4,180.925,180.456,179.994,179.538,179.089,178.645,178.207,177.774,177.347,176.926,176.509,176.098,175.691,175.289,174.892,174.5,174.112,173.728,173.348,172.973,172.602,172.235
415.579,413.171,410.62,407.902,404.99,401.845,398.419,394.644,390.422,385.61,379.976,373.122,364.28,351.772,332.097,305.406,283.866,270.433,261.442,254.787,249.51,245.132,241.384,238.102,235.177,232.538,230.129,227.912,225.857,223.94,222.144,220.452,218.853,217.337,215.894,214.518,213.203,211.942,210.731,209.567,208.445,207.363,206.317,205.305,204.325,203.375,202.452,201.556,200.684,199.836,199.01,198.204,197.418,196.651,195.902,195.17,194.454,193.753,193.067,192.396,191.737,191.092,190.459,189.839,189.229,188.631,188.043,187.466,186.899,186.341,185.792,185.252,184.721,184.198,183.683,183.176,182.676,182.184,181.699,181.221,180.749,180.284,179.826,179.373,178.927,178.486,178.051,177.621,177.197,176.778,176.364,175.955,175.551,175.152,174.757,174.367,173.981,173.6,173.222,172.849,172.48
416.085,413.712,411.202,408.532,405.676,402.6,399.258,395.589,391.507,386.884,381.522,375.089,366.972,355.893,339.065,314.165,290.284,274.682,264.527,257.212,251.521,246.859,242.905,239.466,236.419,233.679,231.188,228.902,226.788,224.82,222.978,221.247,219.613,218.065,216.594,215.192,213.852,212.57,211.339,210.156,209.017,207.919,206.858,205.833,204.84,203.877,202.943,202.036,201.154,200.296,199.46,198.646,197.851,197.076,196.32,195.58,194.857,194.15,193.458,192.78,192.116,191.465,190.826,190.2,189.586,188.983,188.39,187.808,187.237,186.674,186.121,185.578,185.042,184.516,183.997,183.487,182.984,182.488,182,181.518,181.044,180.576,180.114,179.659,179.209,178.766,178.328,177.896,177.469,177.048,176.632,176.22,175.814,175.412,175.016,174.623,174.235,173.852,173.473,173.097,172.726
416.582,414.243,411.772,409.147,406.346,403.334,400.072,396.502,392.548,388.097,382.978,376.91,369.395,359.444,344.914,322.674,297.522,279.491,267.925,259.828,253.657,248.676,244.493,240.883,237.702,234.856,232.277,229.917,227.74,225.718,223.83,222.057,220.386,218.805,217.304,215.875,214.511,213.206,211.955,210.753,209.596,208.482,207.406,206.366,205.359,204.384,203.438,202.52,201.627,200.759,199.914,199.091,198.288,197.505,196.74,195.993,195.263,194.549,193.85,193.166,192.496,191.839,191.196,190.564,189.945,189.337,188.739,188.153,187.576,187.01,186.453,185.905,185.366,184.835,184.313,183.799,183.292,182.793,182.302,181.817,181.339,180.868,180.404,179.946,179.493,179.047,178.607,178.172,177.743,177.319,176.9,176.487,176.078,175.674,175.275,174.88,174.49,174.105,173.724,173.346,172.973
417.072,414.765,412.331,409.751,407,404.05,400.862,397.385,393.55,389.256,384.353,378.604,371.599,362.556,349.836,330.441,305.406,284.953,271.696,262.664,255.937,250.592,246.155,242.357,239.031,236.069,233.396,230.957,228.714,226.636,224.698,222.882,221.172,219.557,218.025,216.568,215.179,213.851,212.578,211.357,210.182,209.05,207.959,206.904,205.884,204.896,203.938,203.008,202.105,201.227,200.372,199.539,198.728,197.937,197.164,196.409,195.672,194.951,194.246,193.555,192.879,192.217,191.567,190.93,190.305,189.692,189.09,188.499,187.918,187.347,186.786,186.234,185.691,185.156,184.63,184.112,183.602,183.1,182.605,182.117,181.636,181.162,180.695,180.234,179.779,179.33,178.887,178.449,178.017,177.591,177.17,176.754,176.343,175.937,175.535,175.139,174.746,174.359,173.975,173.596,173.221
417.553,415.278,412.88,410.341,407.639,404.747,401.63,398.24,394.515,390.365,385.658,380.191,373.621,365.323,354.031,337.223,313.569,291.131,275.909,265.758,258.379,252.62,247.898,243.892,240.408,237.321,234.547,232.026,229.712,227.573,225.584,223.722,221.972,220.321,218.758,217.272,215.856,214.504,213.21,211.968,210.775,209.626,208.518,207.448,206.414,205.413,204.443,203.501,202.587,201.698,200.834,199.992,199.171,198.371,197.591,196.829,196.084,195.356,194.644,193.947,193.265,192.596,191.941,191.299,190.668,190.05,189.443,188.847,188.262,187.686,187.121,186.564,186.017,185.479,184.949,184.428,183.914,183.408,182.91,182.419,181.935,181.458,180.987,180.523,180.065,179.613,179.167,178.727,178.293,177.864,177.44,177.022,176.609,176.2,175.797,175.398,175.003,174.614,174.228,173.847,173.47
418.027,415.783,413.419,410.92,408.265,405.428,402.377,399.069,395.446,391.429,386.9,381.683,375.491,367.814,357.661,343.021,321.548,298.001,280.64,269.155,261.009,254.773,249.73,245.494,241.837,238.615,235.733,233.123,230.735,228.533,226.488,224.579,222.788,221.099,219.502,217.986,216.543,215.167,213.85,212.587,211.374,210.208,209.083,207.998,206.95,205.935,204.952,203.999,203.073,202.174,201.299,200.448,199.618,198.81,198.021,197.251,196.499,195.764,195.045,194.341,193.652,192.978,192.317,191.669,191.034,190.41,189.798,189.197,188.607,188.027,187.457,186.897,186.346,185.803,185.27,184.744,184.227,183.718,183.216,182.722,182.234,181.754,181.28,180.813,180.353,179.898,179.449,179.007,178.57,178.138,177.712,177.291,176.875,176.465,176.059,175.658,175.261,174.869,174.482,174.099,173.72
418.494,416.279,413.949,411.488,408.878,406.094,403.106,399.874,396.347,392.451,388.085,383.093,377.23,370.078,360.848,347.965,328.939,305.405,285.958,272.907,263.856,257.068,251.662,247.17,243.323,239.955,236.956,234.251,231.784,229.514,227.412,225.453,223.618,221.891,220.259,218.712,217.241,215.838,214.498,213.214,211.981,210.796,209.655,208.554,207.491,206.462,205.466,204.501,203.564,202.654,201.769,200.908,200.069,199.252,198.454,197.676,196.917,196.174,195.448,194.738,194.043,193.362,192.695,192.042,191.401,190.772,190.155,189.549,188.954,188.37,187.795,187.231,186.675,186.129,185.592,185.063,184.542,184.029,183.524,183.026,182.535,182.052,181.575,181.105,180.641,180.184,179.733,179.287,178.847,178.413,177.985,177.561,177.143,176.73,176.322,175.919,175.52,175.126,174.736,174.351,173.97
418.954,416.767,414.469,412.045,409.478,406.744,403.815,400.656,397.218,393.436,389.218,384.429,378.857,372.154,363.685,352.213,335.513,313.043,291.9,277.075,266.953,259.525,253.705,248.927,244.871,241.343,238.219,235.411,232.86,230.52,228.357,226.346,224.464,222.696,221.028,219.449,217.949,216.52,215.155,213.849,212.596,211.392,210.234,209.116,208.038,206.995,205.986,205.008,204.059,203.138,202.242,201.371,200.523,199.697,198.891,198.105,197.337,196.588,195.855,195.138,194.436,193.749,193.076,192.417,191.77,191.136,190.514,189.903,189.304,188.715,188.136,187.567,187.007,186.457,185.915,185.382,184.858,184.341,183.833,183.332,182.838,182.351,181.871,181.398,180.931,180.471,180.017,179.569,179.126,178.69,178.259,177.833,177.412,176.997,176.586,176.181,175.78,175.383,174.992,174.604,174.221
419.407,417.248,414.981,412.592,410.065,407.379,404.508,401.417,398.063,394.386,390.305,385.699,380.386,374.072,366.239,355.908,341.228,320.545,298.43,281.718,270.341,262.165,255.873,250.773,246.486,242.784,239.524,236.607,233.965,231.55,229.323,227.256,225.327,223.517,221.811,220.198,218.668,217.211,215.821,214.492,213.218,211.995,210.818,209.685,208.591,207.533,206.51,205.52,204.559,203.626,202.72,201.839,200.981,200.146,199.331,198.537,197.761,197.004,196.264,195.54,194.832,194.139,193.46,192.794,192.142,191.503,190.875,190.259,189.655,189.061,188.478,187.904,187.34,186.786,186.241,185.704,185.176,184.655,184.143,183.639,183.141,182.652,182.169,181.692,181.223,180.759,180.302,179.852,179.406,178.967,178.533,178.105,177.682,177.264,176.851,176.443,176.04,175.642,175.248,174.859,174.473
419.854,417.721,415.484,413.129,410.642,408.002,405.184,402.158,398.883,395.304,391.349,386.91,381.829,375.855,368.56,359.162,346.166,327.576,305.404,286.887,274.067,265.017,258.181,252.719,248.175,244.282,240.874,237.839,235.102,232.607,230.312,228.187,226.207,224.353,222.608,220.96,219.398,217.913,216.497,215.144,213.849,212.606,211.41,210.259,209.149,208.077,207.04,206.036,205.063,204.119,203.202,202.31,201.443,200.598,199.775,198.972,198.189,197.423,196.676,195.945,195.23,194.53,193.845,193.174,192.516,191.871,191.239,190.618,190.008,189.41,188.822,188.244,187.676,187.117,186.568,186.027,185.495,184.971,184.455,183.947,183.447,182.953,182.467,181.988,181.515,181.049,180.589,180.135,179.688,179.246,178.809,178.378,177.953,177.533,177.117,176.707,176.302,175.901,175.505,175.114,174.726
420.295,418.187,415.979,413.657,411.207,408.611,405.844,402.88,399.679,396.193,392.354,388.068,383.196,377.521,370.689,362.062,350.447,333.929,312.577,292.601,278.18,268.111,260.647,254.775,249.945,245.842,242.273,239.111,236.271,233.691,231.325,229.138,227.105,225.204,223.419,221.734,220.139,218.625,217.182,215.805,214.487,213.223,212.009,210.841,209.714,208.627,207.576,206.558,205.573,204.617,203.688,202.786,201.909,201.054,200.222,199.411,198.619,197.846,197.091,196.353,195.631,194.925,194.234,193.556,192.893,192.242,191.604,190.978,190.363,189.76,189.167,188.585,188.012,187.45,186.896,186.351,185.816,185.288,184.769,184.257,183.753,183.257,182.767,182.285,181.809,181.34,180.877,180.42,179.97,179.525,179.086,178.653,178.225,177.802,177.385,176.972,176.564,176.161,175.763,175.37,174.98
420.729,418.646,416.466,414.176,411.762,409.207,406.49,403.584,400.453,397.053,393.323,389.177,384.494,379.087,372.654,364.675,354.191,339.537,319.647,298.816,282.728,271.484,263.294,256.954,251.804,247.469,243.725,240.426,237.476,234.805,232.362,230.111,228.023,226.073,224.244,222.522,220.893,219.348,217.878,216.475,215.134,213.849,212.615,211.429,210.285,209.182,208.116,207.085,206.087,205.119,204.179,203.266,202.378,201.514,200.673,199.852,199.052,198.272,197.509,196.764,196.035,195.322,194.624,193.941,193.271,192.615,191.972,191.34,190.721,190.112,189.515,188.928,188.351,187.784,187.226,186.678,186.138,185.607,185.084,184.568,184.061,183.561,183.068,182.583,182.104,181.632,181.166,180.707,180.253,179.806,179.364,178.928,178.498,178.073,177.653,177.238,176.828,176.423,176.022,175.626,175.235
421.157,419.098,416.945,414.686,412.307,409.792,407.122,404.271,401.206,397.887,394.258,390.243,385.732,380.563,374.48,367.051,357.501,344.443,326.338,305.404,287.747,275.175,266.146,259.272,253.762,249.17,245.234,241.787,238.718,235.949,233.426,231.107,228.96,226.959,225.085,223.323,221.659,220.082,218.583,217.155,215.79,214.483,213.229,212.023,210.863,209.744,208.663,207.618,206.606,205.625,204.674,203.75,202.852,201.978,201.127,200.298,199.489,198.7,197.93,197.177,196.442,195.722,195.018,194.328,193.652,192.99,192.341,191.705,191.08,190.467,189.864,189.273,188.692,188.12,187.558,187.006,186.462,185.927,185.4,184.881,184.37,183.867,183.371,182.882,182.4,181.925,181.456,180.994,180.538,180.088,179.644,179.205,178.772,178.344,177.922,177.505,177.092,176.685,176.282,175.884,175.491
421.58,419.544,417.417,415.187,412.842,410.366,407.741,404.942,401.94,398.698,395.163,391.268,386.914,381.96,376.185,369.228,360.457,348.737,332.464,312.16,293.242,279.227,269.232,261.746,255.829,250.951,246.804,243.196,239.999,237.127,234.518,232.127,229.917,227.863,225.943,224.139,222.438,220.828,219.3,217.844,216.454,215.125,213.85,212.625,211.447,210.311,209.215,208.155,207.13,206.137,205.173,204.238,203.329,202.445,201.585,200.747,199.929,199.132,198.354,197.594,196.851,196.124,195.413,194.718,194.036,193.368,192.713,192.071,191.441,190.823,190.216,189.62,189.034,188.458,187.892,187.335,186.787,186.248,185.718,185.196,184.681,184.174,183.675,183.183,182.698,182.22,181.748,181.283,180.824,180.371,179.924,179.483,179.047,178.617,178.192,177.772,177.358,176.948,176.543,176.143,175.747
421.997,419.984,417.882,415.681,413.368,410.929,408.346,405.598,402.656,399.485,396.039,392.255,388.047,383.287,377.786,371.239,363.124,352.516,337.947,318.839,299.165,283.675,272.583,264.395,258.018,252.821,248.443,244.658,241.323,238.34,235.64,233.172,230.897,228.786,226.817,224.97,223.231,221.586,220.027,218.543,217.128,215.775,214.479,213.235,212.038,210.885,209.773,208.699,207.66,206.653,205.678,204.731,203.811,202.917,202.047,201.199,200.373,199.568,198.781,198.013,197.263,196.53,195.812,195.11,194.422,193.748,193.088,192.44,191.805,191.181,190.569,189.968,189.378,188.798,188.227,187.666,187.115,186.572,186.037,185.511,184.993,184.483,183.981,183.485,182.997,182.516,182.041,181.573,181.111,180.655,180.205,179.762,179.323,178.891,178.463,178.041,177.624,177.212,176.805,176.403,176.005
422.409,420.418,418.34,416.166,413.885,411.482,408.94,406.24,403.354,400.252,396.889,393.209,389.133,384.551,379.296,373.107,365.551,355.871,342.801,325.211,305.403,288.544,276.234,267.243,260.342,254.789,250.154,246.177,242.693,239.591,236.793,234.243,231.899,229.729,227.708,225.816,224.037,222.357,220.765,219.253,217.811,216.434,215.116,213.851,212.636,211.465,210.337,209.248,208.194,207.175,206.187,205.228,204.297,203.392,202.512,201.655,200.82,200.006,199.212,198.436,197.678,196.938,196.213,195.504,194.81,194.131,193.464,192.811,192.171,191.542,190.925,190.319,189.724,189.139,188.565,187.999,187.444,186.897,186.358,185.829,185.307,184.793,184.287,183.789,183.297,182.813,182.335,181.864,181.399,180.94,180.488,180.041,179.601,179.165,178.735,178.311,177.892,177.477,177.068,176.663,176.263
422.815,420.846,418.792,416.645,414.393,412.024,409.522,406.868,404.036,400.998,397.713,394.13,390.178,385.758,380.723,374.85,367.776,358.876,347.088,331.11,311.786,293.829,280.217,270.315,262.819,256.865,251.946,247.758,244.112,240.881,237.979,235.342,232.925,230.693,228.618,226.679,224.858,223.141,221.516,219.973,218.504,217.102,215.761,214.476,213.241,212.052,210.907,209.802,208.735,207.701,206.7,205.73,204.788,203.872,202.982,202.115,201.271,200.448,199.645,198.862,198.097,197.349,196.617,195.902,195.201,194.515,193.843,193.184,192.538,191.905,191.283,190.672,190.072,189.483,188.903,188.334,187.774,187.223,186.681,186.148,185.622,185.105,184.596,184.093,183.599,183.111,182.63,182.156,181.688,181.227,180.772,180.322,179.879,179.441,179.009,178.582,178.16,177.743,177.332,176.925,176.523
423.217,421.268,419.237,417.116,414.893,412.557,410.093,407.482,404.703,401.726,398.515,395.023,391.185,386.913,382.078,376.487,369.83,361.591,350.887,336.454,318.11,299.481,284.563,273.638,265.467,259.061,253.825,249.406,245.583,242.214,239.2,236.471,233.977,231.679,229.547,227.558,225.694,223.938,222.278,220.704,219.207,217.78,216.415,215.108,213.853,212.646,211.484,210.363,209.28,208.233,207.219,206.236,205.282,204.356,203.455,202.579,201.725,200.893,200.082,199.291,198.518,197.762,197.024,196.302,195.595,194.903,194.225,193.56,192.908,192.269,191.642,191.026,190.422,189.828,189.244,188.67,188.106,187.551,187.005,186.468,185.939,185.418,184.905,184.4,183.902,183.411,182.927,182.45,181.979,181.515,181.057,180.605,180.158,179.718,179.283,178.854,178.429,178.01,177.596,177.187,176.783
423.613,421.684,419.676,417.58,415.385,413.081,410.654,408.085,405.354,402.435,399.294,395.887,392.156,388.022,383.368,378.028,371.737,364.064,354.276,341.239,324.183,305.403,289.283,277.243,268.306,261.39,255.801,251.126,247.111,243.592,240.458,237.631,235.055,232.688,230.496,228.456,226.545,224.749,223.053,221.447,219.921,218.467,217.078,215.748,214.473,213.247,212.067,210.93,209.832,208.77,207.743,206.747,205.782,204.844,203.933,203.046,202.183,201.342,200.522,199.723,198.942,198.179,197.434,196.704,195.991,195.292,194.608,193.938,193.281,192.636,192.004,191.383,190.774,190.175,189.587,189.009,188.44,187.881,187.331,186.79,186.257,185.733,185.216,184.707,184.206,183.712,183.225,182.744,182.271,181.804,181.343,180.888,180.439,179.996,179.558,179.126,178.7,178.278,177.862,177.451,177.044
424.005,422.096,420.109,418.037,415.87,413.596,411.204,408.675,405.992,403.128,400.053,396.726,393.095,389.087,384.6,379.486,373.518,366.333,357.321,345.503,329.858,311.448,294.368,281.155,271.36,263.867,257.884,252.927,248.701,245.02,241.757,238.825,236.162,233.721,231.466,229.371,227.413,225.575,223.841,222.201,220.645,219.163,217.749,216.397,215.1,213.855,212.657,211.503,210.389,209.313,208.272,207.263,206.286,205.336,204.414,203.517,202.645,201.795,200.966,200.158,199.369,198.599,197.846,197.11,196.39,195.685,194.994,194.318,193.655,193.005,192.367,191.742,191.127,190.524,189.931,189.349,188.776,188.213,187.659,187.114,186.577,186.049,185.529,185.016,184.512,184.014,183.524,183.041,182.564,182.094,181.63,181.172,180.721,180.275,179.835,179.4,178.971,178.547,178.129,177.715,177.306
424.392,422.502,420.536,418.488,416.347,414.103,411.744,409.255,406.616,403.804,400.792,397.541,394.003,390.112,385.778,380.869,375.189,368.428,360.078,349.308,335.056,317.449,299.77,285.395,274.651,266.51,260.084,254.814,250.358,246.5,243.098,240.053,237.298,234.779,232.458,230.306,228.298,226.415,224.643,222.968,221.38,219.87,218.43,217.054,215.735,214.47,213.254,212.082,210.953,209.861,208.806,207.784,206.794,205.833,204.9,203.993,203.11,202.251,201.413,200.596,199.8,199.021,198.261,197.518,196.791,196.08,195.383,194.701,194.032,193.376,192.733,192.102,191.483,190.875,190.277,189.69,189.113,188.546,187.988,187.439,186.898,186.366,185.843,185.327,184.819,184.318,183.824,183.338,182.858,182.385,181.918,181.458,181.004,180.555,180.112,179.675,179.244,178.817,178.396,177.98,177.569
424.775,422.903,420.958,418.932,416.817,414.602,412.275,409.823,407.227,404.466,401.513,398.333,394.883,391.101,386.908,382.185,376.762,370.374,362.593,352.72,339.757,323.242,305.403,289.97,278.204,269.336,262.415,256.797,252.087,248.037,244.484,241.32,238.465,235.864,233.473,231.26,229.2,227.272,225.459,223.748,222.127,220.587,219.12,217.72,216.379,215.093,213.857,212.668,211.522,210.415,209.346,208.31,207.307,206.335,205.39,204.472,203.579,202.71,201.864,201.038,200.233,199.447,198.679,197.929,197.195,196.477,195.774,195.086,194.411,193.75,193.101,192.465,191.841,191.228,190.626,190.034,189.452,188.881,188.319,187.765,187.221,186.686,186.158,185.639,185.127,184.623,184.126,183.637,183.154,182.678,182.208,181.745,181.288,180.836,180.391,179.951,179.517,179.088,178.665,178.247,177.833
425.153,423.299,421.374,419.37,417.28,415.092,412.797,410.381,407.826,405.113,402.216,399.105,395.736,392.057,387.993,383.441,378.249,372.191,364.902,355.796,343.984,328.701,311.142,294.865,282.041,272.367,264.889,258.884,253.894,249.634,245.92,242.626,239.666,236.977,234.512,232.236,230.121,228.144,226.289,224.54,222.886,221.315,219.821,218.395,217.031,215.723,214.468,213.261,212.098,210.975,209.891,208.842,207.826,206.841,205.885,204.956,204.053,203.174,202.318,201.484,200.67,199.876,199.1,198.343,197.602,196.877,196.168,195.473,194.793,194.126,193.472,192.83,192.201,191.582,190.976,190.379,189.793,189.217,188.651,188.094,187.546,187.006,186.475,185.952,185.437,184.93,184.429,183.937,183.451,182.972,182.499,182.033,181.573,181.119,180.671,180.229,179.792,179.361,178.935,178.514,178.098
425.527,423.691,421.785,419.803,417.736,415.576,413.311,410.929,408.413,405.746,402.904,399.856,396.565,392.981,389.037,384.641,379.66,373.894,367.036,358.589,347.782,333.748,316.847,300.035,286.175,275.621,267.523,261.086,255.788,251.299,247.408,243.974,240.902,238.119,235.576,233.234,231.061,229.034,227.134,225.346,223.656,222.054,220.531,219.079,217.691,216.362,215.086,213.86,212.68,211.541,210.441,209.378,208.349,207.351,206.383,205.444,204.53,203.641,202.776,201.932,201.11,200.308,199.525,198.759,198.011,197.28,196.564,195.863,195.176,194.504,193.844,193.197,192.562,191.939,191.328,190.727,190.136,189.556,188.985,188.424,187.872,187.328,186.794,186.267,185.748,185.237,184.734,184.238,183.749,183.267,182.791,182.322,181.859,181.402,180.952,180.507,180.068,179.634,179.205,178.782,178.364
425.896,424.077,422.191,420.229,418.186,416.051,413.816,411.467,408.99,406.366,403.575,400.588,397.37,393.876,390.044,385.792,381.001,375.498,369.018,361.14,351.206,338.355,322.38,305.402,290.609,279.12,270.333,263.416,257.775,253.034,248.952,245.368,242.175,239.293,236.668,234.254,232.021,229.942,227.996,226.166,224.44,222.805,221.252,219.773,218.36,217.008,215.712,214.467,213.268,212.113,210.998,209.92,208.877,207.867,206.887,205.936,205.011,204.112,203.237,202.385,201.554,200.743,199.952,199.179,198.424,197.685,196.963,196.255,195.563,194.884,194.219,193.566,192.926,192.298,191.681,191.076,190.481,189.896,189.321,188.756,188.199,187.652,187.114,186.583,186.061,185.547,185.04,184.541,184.048,183.563,183.084,182.612,182.147,181.687,181.234,180.786,180.344,179.908,179.477,179.051,178.631
426.262,424.46,422.591,420.65,418.629,416.52,414.313,411.996,409.555,406.974,404.232,401.303,398.154,394.744,391.017,386.897,382.281,377.014,370.869,363.486,354.305,342.532,327.63,310.863,295.323,282.879,273.336,265.884,259.865,254.848,250.557,246.811,243.488,240.501,237.787,235.299,233.002,230.868,228.873,227.001,225.237,223.568,221.984,220.477,219.039,217.663,216.346,215.08,213.863,212.691,211.56,210.468,209.411,208.387,207.395,206.432,205.497,204.587,203.702,202.841,202.001,201.182,200.382,199.602,198.839,198.093,197.364,196.65,195.951,195.267,194.596,193.938,193.292,192.659,192.037,191.427,190.827,190.238,189.659,189.089,188.529,187.978,187.435,186.901,186.375,185.857,185.347,184.845,184.349,183.861,183.379,182.904,182.435,181.973,181.517,181.067,180.622,180.183,179.75,179.322,178.899
426.623,424.838,422.987,421.066,419.067,416.982,414.802,412.516,410.11,407.57,404.874,402,398.917,395.586,391.957,387.961,383.504,378.452,372.604,365.655,357.126,346.311,332.524,316.297,300.277,286.908,276.551,268.506,262.067,256.746,252.227,248.306,244.844,241.743,238.936,236.37,234.005,231.813,229.768,227.851,226.047,224.343,222.727,221.191,219.726,218.327,216.987,215.701,214.466,213.276,212.128,211.021,209.949,208.913,207.908,206.933,205.986,205.066,204.171,203.3,202.451,201.623,200.816,200.027,199.257,198.504,197.768,197.048,196.343,195.652,194.975,194.311,193.66,193.022,192.395,191.78,191.176,190.582,189.998,189.424,188.86,188.305,187.758,187.22,186.691,186.17,185.656,185.15,184.651,184.159,183.675,183.197,182.725,182.26,181.801,181.348,180.901,180.459,180.023,179.593,179.168
426.981,425.211,423.378,421.476,419.498,417.437,415.284,413.028,410.656,408.154,405.503,402.682,399.661,396.405,392.867,388.986,384.676,379.818,374.238,367.672,359.709,349.736,337.03,321.588,305.402,291.204,279.992,271.296,264.392,258.736,253.968,249.857,246.244,243.023,240.116,237.467,235.032,232.778,230.68,228.717,226.872,225.13,223.481,221.915,220.424,219,217.637,216.33,215.075,213.867,212.703,211.579,210.494,209.443,208.425,207.438,206.48,205.55,204.644,203.763,202.905,202.069,201.253,200.456,199.678,198.918,198.175,197.448,196.736,196.039,195.356,194.687,194.031,193.387,192.755,192.135,191.526,190.927,190.339,189.761,189.192,188.633,188.083,187.541,187.008,186.483,185.966,185.457,184.955,184.46,183.972,183.491,183.016,182.548,182.086,181.631,181.181,180.737,180.298,179.865,179.438
427.335,425.581,423.765,421.881,419.924,417.886,415.758,413.531,411.192,408.727,406.12,403.348,400.386,397.201,393.749,389.975,385.801,381.121,375.782,369.555,362.088,352.85,341.146,326.638,310.608,295.748,283.672,274.269,266.852,260.826,255.786,251.468,247.693,244.343,241.33,238.592,236.082,233.765,231.611,229.599,227.711,225.931,224.248,222.651,221.131,219.681,218.295,216.967,215.691,214.465,213.284,212.144,211.043,209.979,208.948,207.949,206.979,206.037,205.121,204.23,203.363,202.517,201.693,200.888,200.103,199.335,198.585,197.851,197.132,196.429,195.74,195.065,194.403,193.754,193.117,192.492,191.878,191.275,190.682,190.1,189.527,188.963,188.409,187.864,187.327,186.798,186.278,185.765,185.259,184.761,184.27,183.786,183.309,182.838,182.373,181.914,181.462,181.015,180.574,180.139,179.708
427.685,425.946,424.147,422.282,420.345,418.329,416.226,414.026,411.719,409.29,406.724,404,401.094,397.976,394.606,390.931,386.883,382.367,377.246,371.321,364.289,355.693,344.897,331.38,315.793,300.5,287.596,277.44,269.459,263.026,257.687,253.143,249.194,245.705,242.579,239.747,237.158,234.773,232.561,230.498,228.565,226.746,225.027,223.397,221.848,220.372,218.962,217.611,216.315,215.07,213.871,212.715,211.599,210.52,209.475,208.463,207.482,206.529,205.602,204.701,203.824,202.969,202.136,201.323,200.53,199.755,198.997,198.256,197.531,196.822,196.127,195.446,194.778,194.123,193.481,192.851,192.232,191.624,191.027,190.44,189.863,189.295,188.737,188.188,187.647,187.115,186.591,186.074,185.565,185.064,184.57,184.083,183.602,183.128,182.661,182.199,181.744,181.295,180.851,180.413,179.98
428.032,426.308,424.525,422.677,420.76,418.766,416.687,414.514,412.237,409.843,407.316,404.638,401.786,398.731,395.437,391.856,387.926,383.56,378.637,372.983,366.337,358.302,348.313,335.778,320.858,305.401,291.759,280.821,272.226,265.345,259.678,254.889,250.751,247.112,243.865,240.933,238.261,235.805,233.532,231.416,229.435,227.574,225.818,224.156,222.577,221.073,219.637,218.264,216.947,215.682,214.465,213.292,212.16,211.066,210.008,208.983,207.989,207.024,206.087,205.176,204.289,203.425,202.583,201.762,200.96,200.177,199.412,198.664,197.933,197.217,196.515,195.828,195.155,194.495,193.847,193.212,192.588,191.975,191.373,190.782,190.201,189.629,189.067,188.513,187.969,187.433,186.905,186.385,185.873,185.368,184.871,184.38,183.897,183.42,182.95,182.485,182.027,181.575,181.129,180.688,180.253
428.375,426.665,424.898,423.068,421.17,419.196,417.141,414.995,412.747,410.386,407.897,405.263,402.462,399.468,396.246,392.753,388.932,384.705,379.963,374.554,368.25,360.709,351.433,339.827,325.717,310.373,296.141,284.422,275.166,267.793,261.767,256.709,252.366,248.566,245.19,242.153,239.392,236.861,234.523,232.351,230.322,228.418,226.623,224.926,223.315,221.783,220.322,218.925,217.586,216.301,215.065,213.875,212.727,211.618,210.546,209.508,208.501,207.525,206.576,205.654,204.757,203.884,203.033,202.203,201.393,200.603,199.83,199.075,198.337,197.614,196.907,196.214,195.534,194.869,194.216,193.575,192.946,192.328,191.722,191.126,190.54,189.964,189.398,188.84,188.292,187.752,187.221,186.697,186.182,185.674,185.173,184.68,184.193,183.713,183.24,182.773,182.312,181.857,181.408,180.965,180.527
428.715,427.019,425.267,423.454,421.574,419.622,417.589,415.468,413.249,410.92,408.468,405.876,403.124,400.187,397.033,393.623,389.904,385.805,381.231,376.043,370.045,362.939,354.291,343.539,330.309,315.329,300.706,288.243,278.291,270.383,263.962,258.612,254.046,250.072,246.558,243.407,240.552,237.942,235.537,233.306,231.226,229.276,227.442,225.708,224.066,222.504,221.016,219.595,218.233,216.928,215.673,214.465,213.3,212.176,211.089,210.037,209.018,208.03,207.07,206.137,205.23,204.347,203.487,202.648,201.83,201.031,200.251,199.489,198.744,198.014,197.3,196.601,195.916,195.245,194.586,193.94,193.306,192.684,192.072,191.472,190.881,190.301,189.731,189.169,188.617,188.073,187.538,187.011,186.492,185.981,185.477,184.98,184.49,184.007,183.531,183.061,182.597,182.14,181.688,181.243,180.802
429.051,427.37,425.633,423.836,421.974,420.041,418.031,415.934,413.742,411.445,409.028,406.476,403.771,400.889,397.8,394.468,390.844,386.865,382.444,377.459,371.735,365.015,356.921,346.938,334.598,320.184,305.401,292.278,281.611,273.124,266.272,260.602,255.794,251.633,247.97,244.699,241.744,239.05,236.574,234.281,232.147,230.151,228.274,226.504,224.828,223.236,221.72,220.273,218.889,217.562,216.287,215.061,213.88,212.74,211.638,210.572,209.54,208.539,207.568,206.624,205.706,204.814,203.944,203.096,202.27,201.463,200.675,199.906,199.153,198.417,197.697,196.991,196.3,195.623,194.959,194.307,193.668,193.041,192.425,191.819,191.225,190.64,190.065,189.5,188.943,188.396,187.857,187.326,186.804,186.289,185.782,185.282,184.789,184.303,183.823,183.351,182.884,182.424,181.97,181.521,181.078
429.384,427.716,425.994,424.213,422.369,420.456,418.467,416.394,414.229,411.961,409.578,407.065,404.405,401.574,398.548,395.289,391.756,387.888,383.608,378.807,373.331,366.956,359.351,350.056,338.572,324.862,310.157,296.507,285.131,276.028,268.707,262.687,257.617,253.253,249.429,246.029,242.969,240.186,237.634,235.278,233.088,231.042,229.122,227.312,225.601,223.978,222.434,220.961,219.553,218.204,216.909,215.664,214.465,213.309,212.192,211.112,210.067,209.053,208.07,207.115,206.187,205.284,204.405,203.548,202.713,201.898,201.102,200.325,199.565,198.822,198.095,197.384,196.686,196.003,195.334,194.677,194.032,193.4,192.779,192.169,191.569,190.98,190.401,189.832,189.271,188.72,188.177,187.643,187.117,186.599,186.088,185.585,185.089,184.6,184.117,183.641,183.172,182.709,182.252,181.801,181.356
429.714,428.059,426.352,424.587,422.76,420.865,418.897,416.847,414.708,412.469,410.119,407.643,405.025,402.245,399.277,396.089,392.639,388.876,384.727,380.096,374.845,368.778,361.606,352.923,342.237,329.307,314.902,300.897,288.851,279.105,271.276,264.876,259.519,254.936,250.94,247.402,244.228,241.352,238.721,236.296,234.047,231.95,229.984,228.135,226.388,224.732,223.158,221.658,220.226,218.854,217.539,216.274,215.058,213.885,212.752,211.658,210.598,209.572,208.577,207.61,206.671,205.758,204.869,204.004,203.16,202.336,201.533,200.748,199.981,199.231,198.497,197.779,197.075,196.386,195.711,195.048,194.398,193.761,193.135,192.52,191.916,191.323,190.739,190.165,189.601,189.046,188.499,187.961,187.432,186.91,186.396,185.889,185.39,184.898,184.412,183.933,183.461,182.995,182.536,182.082,181.634
430.041,428.399,426.705,424.956,423.146,421.269,419.321,417.294,415.18,412.969,410.65,408.211,405.634,402.902,399.989,396.867,393.497,389.832,385.805,381.329,376.283,370.494,363.708,355.568,345.613,333.484,319.559,305.4,292.764,282.362,273.99,267.175,261.507,256.686,252.504,248.818,245.525,242.549,239.834,237.337,235.027,232.876,230.863,228.971,227.187,225.497,223.893,222.366,220.907,219.513,218.176,216.892,215.656,214.466,213.318,212.209,211.135,210.096,209.088,208.11,207.16,206.236,205.338,204.462,203.609,202.778,201.966,201.173,200.399,199.641,198.901,198.176,197.466,196.771,196.09,195.422,194.767,194.124,193.493,192.873,192.265,191.667,191.079,190.501,189.932,189.373,188.823,188.281,187.748,187.222,186.705,186.195,185.692,185.197,184.708,184.227,183.752,183.283,182.82,182.364,181.913
430.365,428.735,427.056,425.321,423.527,421.669,419.74,417.735,415.645,413.461,411.173,408.768,406.231,403.544,400.685,397.626,394.331,390.757,386.844,382.513,377.654,372.115,365.675,358.017,348.722,337.379,324.065,309.958,296.848,285.803,276.856,269.594,263.587,258.508,254.127,250.282,246.86,243.778,240.974,238.403,236.028,233.82,231.758,229.823,227.999,226.275,224.639,223.083,221.598,220.18,218.821,217.516,216.262,215.054,213.89,212.765,211.677,210.625,209.604,208.614,207.653,206.719,205.81,204.925,204.063,203.222,202.402,201.602,200.819,200.055,199.308,198.576,197.86,197.159,196.472,195.798,195.137,194.489,193.853,193.229,192.615,192.013,191.42,190.838,190.265,189.702,189.148,188.602,188.065,187.536,187.015,186.502,185.996,185.497,185.006,184.521,184.043,183.571,183.106,182.647,182.193
430.685,429.068,427.402,425.682,423.904,422.063,420.154,418.17,416.103,413.946,411.687,409.315,406.817,404.173,401.365,398.366,395.143,391.655,387.848,383.65,378.964,373.652,367.521,360.294,351.591,340.992,328.368,314.506,301.074,289.425,279.884,272.141,265.767,260.409,255.811,251.796,248.237,245.042,242.145,239.494,237.051,234.784,232.67,230.689,228.825,227.064,225.396,223.81,222.299,220.855,219.473,218.148,216.875,215.649,214.468,213.327,212.225,211.158,210.125,209.123,208.15,207.205,206.286,205.391,204.52,203.67,202.842,202.033,201.243,200.472,199.717,198.979,198.256,197.549,196.855,196.176,195.51,194.856,194.215,193.586,192.968,192.36,191.763,191.177,190.6,190.033,189.474,188.925,188.384,187.852,187.327,186.81,186.301,185.799,185.305,184.817,184.336,183.861,183.393,182.931,182.475
431.003,429.398,427.745,426.04,424.277,422.453,420.563,418.599,416.556,414.423,412.193,409.854,407.391,404.79,402.03,399.088,395.932,392.526,388.818,384.745,380.217,375.113,369.261,362.418,354.245,344.336,332.434,318.98,305.399,293.219,283.077,274.824,268.053,262.392,257.562,253.363,249.657,246.343,243.346,240.611,238.096,235.768,233.6,231.572,229.666,227.867,226.165,224.548,223.009,221.54,220.135,218.788,217.494,216.25,215.052,213.895,212.778,211.697,210.651,209.636,208.652,207.695,206.766,205.861,204.98,204.122,203.285,202.468,201.67,200.891,200.129,199.384,198.655,197.941,197.242,196.557,195.885,195.226,194.579,193.945,193.322,192.71,192.108,191.517,190.936,190.365,189.802,189.249,188.705,188.168,187.64,187.12,186.608,186.102,185.605,185.114,184.63,184.152,183.681,183.216,182.757
431.318,429.725,428.085,426.393,424.646,422.839,420.967,419.023,417.001,414.894,412.691,410.383,407.956,405.395,402.682,399.794,396.702,393.372,389.758,385.8,381.419,376.505,370.906,364.408,356.709,347.43,336.246,323.323,309.773,297.166,286.439,277.651,270.454,264.466,259.383,254.988,251.124,247.682,244.58,241.757,239.166,236.773,234.549,232.471,230.521,228.683,226.945,225.297,223.729,222.234,220.804,219.435,218.121,216.858,215.642,214.469,213.337,212.242,211.181,210.154,209.158,208.19,207.25,206.335,205.444,204.577,203.731,202.906,202.1,201.313,200.544,199.792,199.056,198.336,197.63,196.939,196.262,195.597,194.946,194.306,193.678,193.061,192.455,191.86,191.274,190.699,190.132,189.575,189.027,188.487,187.955,187.431,186.915,186.407,185.906,185.412,184.925,184.444,183.97,183.503,183.041
431.63,430.049,428.421,426.743,425.011,423.22,421.366,419.441,417.441,415.358,413.182,410.904,408.511,405.988,403.32,400.483,397.453,394.195,390.669,386.82,382.574,377.835,372.466,366.277,359.003,350.295,339.802,327.488,314.139,301.238,289.965,280.628,272.977,266.635,261.28,256.673,252.641,249.063,245.848,242.931,240.261,237.8,235.517,233.387,231.391,229.513,227.738,226.057,224.46,222.937,221.483,220.091,218.756,217.473,216.239,215.049,213.901,212.791,211.717,210.677,209.668,208.689,207.738,206.812,205.912,205.035,204.18,203.347,202.533,201.738,200.962,200.203,199.46,198.733,198.022,197.324,196.641,195.971,195.314,194.669,194.036,193.414,192.804,192.204,191.614,191.034,190.464,189.902,189.35,188.807,188.271,187.744,187.225,186.713,186.209,185.711,185.221,184.738,184.261,183.79,183.326
431.939,430.37,428.754,427.09,425.372,423.597,421.76,419.855,417.876,415.815,413.665,411.416,409.056,406.571,403.945,401.158,398.185,394.997,391.553,387.805,383.686,379.107,373.948,368.04,361.146,352.954,343.109,331.444,318.442,305.398,293.646,283.758,275.628,268.907,263.259,258.422,254.21,250.486,247.153,244.136,241.383,238.85,236.505,234.321,232.277,230.357,228.545,226.829,225.201,223.65,222.17,220.755,219.398,218.096,216.843,215.636,214.471,213.346,212.258,211.205,210.183,209.192,208.23,207.294,206.383,205.497,204.633,203.791,202.969,202.166,201.382,200.616,199.867,199.133,198.415,197.712,197.023,196.347,195.684,195.034,194.396,193.77,193.154,192.55,191.955,191.371,190.797,190.231,189.675,189.128,188.589,188.058,187.535,187.02,186.512,186.012,185.519,185.032,184.552,184.079,183.612
432.245,430.687,429.084,427.433,425.729,423.97,422.149,420.263,418.304,416.266,414.141,411.92,409.591,407.142,404.557,401.818,398.901,395.778,392.412,388.759,384.757,380.328,375.361,369.706,363.156,355.427,346.181,335.171,322.63,309.601,297.463,287.042,278.414,271.288,265.323,260.241,255.835,251.956,248.495,245.374,242.532,239.924,237.514,235.273,233.18,231.215,229.364,227.613,225.953,224.373,222.867,221.427,220.048,218.725,217.453,216.228,215.047,213.907,212.804,211.737,210.703,209.7,208.726,207.779,206.859,205.963,205.09,204.238,203.408,202.598,201.806,201.032,200.276,199.536,198.811,198.102,197.407,196.725,196.057,195.402,194.758,194.127,193.507,192.897,192.299,191.71,191.131,190.562,190.002,189.451,188.908,188.374,187.847,187.329,186.818,186.314,185.818,185.328,184.845,184.369,183.899
432.549,431.002,429.411,427.773,426.083,424.338,422.534,420.666,418.727,416.711,414.611,412.417,410.118,407.704,405.158,402.464,399.6,396.539,393.248,389.684,385.792,381.5,376.71,371.287,365.046,357.735,349.037,338.665,326.663,313.798,301.392,290.475,281.339,273.784,267.481,262.134,257.52,253.474,249.879,246.646,243.711,241.023,238.545,236.245,234.1,232.089,230.197,228.41,226.716,225.107,223.573,222.109,220.707,219.362,218.071,216.828,215.63,214.473,213.356,212.275,211.228,210.212,209.227,208.269,207.338,206.432,205.55,204.689,203.851,203.032,202.233,201.451,200.688,199.941,199.21,198.494,197.793,197.106,196.432,195.771,195.123,194.486,193.861,193.247,192.644,192.051,191.468,190.894,190.33,189.775,189.229,188.691,188.161,187.639,187.124,186.617,186.118,185.625,185.139,184.66,184.187
432.851,431.314,429.735,428.109,426.433,424.703,422.915,421.064,419.145,417.15,415.073,412.906,410.637,408.256,405.748,403.098,400.284,397.282,394.06,390.581,386.792,382.628,378.001,372.79,366.83,359.895,351.695,341.93,330.509,317.94,305.397,294.048,284.406,276.402,269.736,264.105,259.267,255.044,251.305,247.954,244.92,242.148,239.598,237.237,235.037,232.979,231.044,229.219,227.491,225.851,224.289,222.799,221.373,220.007,218.695,217.434,216.218,215.046,213.913,212.818,211.757,210.729,209.732,208.763,207.821,206.905,206.013,205.144,204.296,203.469,202.662,201.873,201.103,200.349,199.611,198.889,198.181,197.488,196.809,196.143,195.489,194.847,194.217,193.599,192.991,192.393,191.806,191.228,190.66,190.101,189.551,189.009,188.475,187.95,187.432,186.922,186.419,185.923,185.434,184.952,184.477
433.149,431.624,430.056,428.442,426.779,425.064,423.292,421.458,419.557,417.583,415.529,413.387,411.147,408.798,406.327,403.718,400.953,398.007,394.852,391.452,387.76,383.716,379.239,374.222,368.517,361.922,354.174,344.976,334.151,321.982,309.441,297.742,287.614,279.146,272.096,266.16,261.083,256.669,252.776,249.299,246.161,243.301,240.676,238.249,235.993,233.885,231.906,230.042,228.278,226.606,225.015,223.498,222.048,220.66,219.327,218.046,216.813,215.624,214.476,213.366,212.292,211.251,210.241,209.261,208.309,207.382,206.48,205.602,204.745,203.91,203.095,202.298,201.52,200.759,200.015,199.286,198.572,197.873,197.188,196.516,195.857,195.21,194.575,193.952,193.339,192.737,192.146,191.564,190.992,190.428,189.874,189.329,188.792,188.263,187.742,187.228,186.722,186.223,185.731,185.246,184.767
433.446,431.931,430.374,428.772,427.122,425.421,423.664,421.847,419.965,418.011,415.979,413.862,411.649,409.332,406.896,404.327,401.608,398.716,395.624,392.299,388.698,384.765,380.429,375.59,370.117,363.83,356.492,347.817,337.581,325.887,313.48,301.535,290.957,282.02,274.565,268.304,262.969,258.352,254.295,250.685,247.435,244.483,241.779,239.284,236.969,234.808,232.784,230.878,229.078,227.372,225.751,224.207,222.732,221.32,219.967,218.666,217.415,216.209,215.045,213.92,212.832,211.777,210.755,209.764,208.8,207.863,206.951,206.063,205.198,204.354,203.53,202.726,201.94,201.172,200.421,199.686,198.966,198.261,197.57,196.892,196.227,195.575,194.935,194.307,193.69,193.083,192.487,191.901,191.325,190.758,190.2,189.65,189.109,188.577,188.052,187.535,187.026,186.524,186.029,185.54,185.059
433.739,432.235,430.689,429.099,427.462,425.775,424.033,422.232,420.367,418.433,416.423,414.33,412.144,409.856,407.454,404.924,402.249,399.408,396.377,393.123,389.608,385.78,381.573,376.899,371.639,365.632,358.664,350.47,340.8,329.627,317.471,305.396,294.425,285.024,277.148,270.541,264.932,260.096,255.865,252.112,248.746,245.695,242.907,240.341,237.964,235.749,233.677,231.728,229.89,228.15,226.499,224.926,223.425,221.99,220.614,219.293,218.023,216.799,215.619,214.479,213.376,212.309,211.274,210.27,209.295,208.348,207.426,206.528,205.654,204.801,203.969,203.157,202.364,201.588,200.83,200.088,199.362,198.65,197.953,197.27,196.6,195.943,195.298,194.664,194.042,193.431,192.83,192.24,191.659,191.088,190.526,189.973,189.429,188.892,188.364,187.844,187.331,186.826,186.328,185.836,185.352
434.031,432.536,431.001,429.423,427.798,426.124,424.397,422.612,420.765,418.85,416.861,414.791,412.631,410.373,408.003,405.511,402.878,400.086,397.112,393.926,390.492,386.762,382.676,378.154,373.09,367.338,360.706,352.95,343.814,333.183,321.375,309.292,298.003,288.157,279.849,272.878,266.976,261.907,257.488,253.585,250.093,246.939,244.063,241.422,238.98,236.709,234.586,232.594,230.716,228.941,227.256,225.655,224.127,222.667,221.269,219.927,218.638,217.396,216.199,215.044,213.927,212.845,211.798,210.782,209.795,208.837,207.904,206.997,206.113,205.252,204.411,203.591,202.79,202.007,201.242,200.493,199.76,199.042,198.339,197.65,196.975,196.312,195.662,195.023,194.396,193.781,193.176,192.581,191.996,191.421,190.855,190.298,189.749,189.209,188.678,188.154,187.638,187.129,186.628,186.134,185.646
434.32,432.835,431.31,429.743,428.131,426.471,424.758,422.989,421.159,419.262,417.294,415.246,413.112,410.881,408.543,406.086,403.494,400.75,397.83,394.709,391.35,387.713,383.741,379.36,374.476,368.957,362.63,355.274,346.637,336.546,325.158,313.183,301.669,291.413,282.67,275.318,269.104,263.786,259.169,255.104,251.48,248.216,245.248,242.528,240.018,237.687,235.513,233.474,231.556,229.743,228.026,226.394,224.839,223.354,221.932,220.569,219.26,218,216.786,215.614,214.482,213.387,212.326,211.297,210.299,209.33,208.387,207.469,206.576,205.705,204.856,204.028,203.219,202.429,201.656,200.9,200.161,199.437,198.728,198.033,197.352,196.683,196.028,195.384,194.753,194.132,193.522,192.923,192.334,191.754,191.184,190.624,190.072,189.528,188.993,188.465,187.946,187.434,186.929,186.432,185.941
434.607,433.131,431.617,430.061,428.461,426.814,425.115,423.361,421.547,419.669,417.72,415.695,413.585,411.381,409.074,406.652,404.099,401.4,398.532,395.472,392.186,388.636,384.769,380.521,375.802,370.497,364.449,357.456,349.279,339.716,328.794,317.033,305.395,294.782,285.612,277.865,271.323,265.74,260.91,256.673,252.909,249.529,246.463,243.66,241.078,238.686,236.457,234.37,232.409,230.559,228.807,227.143,225.56,224.049,222.604,221.219,219.889,218.61,217.379,216.191,215.043,213.934,212.859,211.818,210.808,209.827,208.873,207.946,207.043,206.163,205.305,204.468,203.651,202.853,202.073,201.311,200.564,199.834,199.119,198.418,197.731,197.057,196.396,195.747,195.111,194.485,193.871,193.267,192.674,192.09,191.516,190.951,190.395,189.848,189.309,188.778,188.255,187.74,187.232,186.732,186.238
434.891,433.425,431.921,430.376,428.788,427.153,425.468,423.729,421.932,420.071,418.142,416.138,414.051,411.874,409.597,407.207,404.693,402.036,399.219,396.217,393,389.532,385.765,381.639,377.074,371.965,366.172,359.51,351.757,342.695,332.264,320.806,309.152,298.249,288.672,280.523,273.635,267.77,262.714,258.294,254.381,250.878,247.709,244.818,242.162,239.705,237.419,235.283,233.277,231.387,229.6,227.904,226.291,224.754,223.284,221.876,220.526,219.228,217.978,216.773,215.61,214.486,213.397,212.343,211.321,210.328,209.364,208.426,207.513,206.624,205.757,204.912,204.086,203.281,202.493,201.724,200.971,200.234,199.512,198.805,198.112,197.433,196.766,196.113,195.471,194.841,194.221,193.613,193.015,192.427,191.849,191.28,190.72,190.169,189.627,189.093,188.566,188.048,187.536,187.033,186.536
435.173,433.717,432.223,430.689,429.112,427.489,425.818,424.093,422.312,420.468,418.558,416.575,414.511,412.36,410.111,407.754,405.275,402.661,399.891,396.944,393.793,390.402,386.729,382.718,378.296,373.368,367.807,361.448,354.083,345.494,335.56,324.472,312.905,301.794,291.844,283.293,276.045,269.883,264.585,259.971,255.9,252.266,248.988,246.006,243.271,240.746,238.401,236.213,234.161,232.23,230.405,228.676,227.033,225.468,223.973,222.542,221.17,219.852,218.584,217.362,216.183,215.043,213.941,212.873,211.838,210.834,209.858,208.91,207.987,207.088,206.212,205.358,204.525,203.711,202.916,202.139,201.379,200.636,199.908,199.194,198.496,197.811,197.139,196.48,195.833,195.198,194.574,193.961,193.359,192.766,192.184,191.611,191.047,190.492,189.946,189.408,188.878,188.356,187.842,187.335,186.835
435.453,434.006,432.522,430.998,429.433,427.822,426.164,424.453,422.687,420.861,418.969,417.006,414.965,412.838,410.617,408.291,405.848,403.273,400.549,397.655,394.566,391.249,387.664,383.761,379.472,374.711,369.364,363.281,356.271,348.123,338.677,328.007,316.622,305.394,295.118,286.173,278.556,272.081,266.528,261.707,257.467,253.695,250.302,247.223,244.405,241.809,239.402,237.16,235.06,233.086,231.223,229.46,227.786,226.192,224.671,223.216,221.822,220.483,219.196,217.957,216.761,215.606,214.489,213.408,212.36,211.344,210.357,209.398,208.464,207.556,206.671,205.808,204.966,204.145,203.342,202.558,201.791,201.04,200.306,199.586,198.882,198.191,197.513,196.849,196.197,195.557,194.928,194.31,193.704,193.107,192.52,191.943,191.376,190.817,190.267,189.725,189.192,188.666,188.149,187.638,187.135
435.731,434.293,432.819,431.305,429.751,428.152,426.507,424.81,423.059,421.249,419.375,417.432,415.413,413.31,411.115,408.819,406.41,403.874,401.194,398.351,395.321,392.073,388.572,384.769,380.605,375.999,370.849,365.018,358.334,350.594,341.619,331.392,320.271,309.021,298.48,289.162,281.171,274.368,268.544,263.504,259.086,255.166,251.652,248.471,245.566,242.896,240.424,238.125,235.976,233.957,232.055,230.256,228.549,226.926,225.378,223.898,222.482,221.122,219.816,218.558,217.345,216.175,215.043,213.948,212.887,211.859,210.86,209.89,208.946,208.028,207.133,206.261,205.411,204.581,203.771,202.979,202.205,201.447,200.706,199.981,199.27,198.573,197.89,197.22,196.563,195.918,195.284,194.662,194.05,193.449,192.858,192.277,191.705,191.143,190.589,190.044,189.507,188.978,188.457,187.943,187.437
436.007,434.578,433.113,431.61,430.066,428.479,426.846,425.163,423.427,421.633,419.777,417.853,415.854,413.775,411.607,409.339,406.963,404.463,401.826,399.031,396.058,392.877,389.454,385.746,381.698,377.236,372.268,366.67,360.283,352.92,344.391,334.619,323.825,312.645,301.912,292.252,283.888,276.747,270.639,265.366,260.758,256.683,253.04,249.751,246.755,244.007,241.468,239.11,236.908,234.843,232.9,231.064,229.324,227.67,226.094,224.59,223.149,221.768,220.442,219.166,217.936,216.749,215.603,214.493,213.419,212.378,211.367,210.386,209.431,208.503,207.599,206.718,205.859,205.021,204.202,203.403,202.622,201.857,201.109,200.377,199.66,198.958,198.269,197.594,196.931,196.281,195.642,195.015,194.399,193.793,193.198,192.613,192.037,191.47,190.913,190.364,189.823,189.291,188.766,188.249,187.74
436.281,434.86,433.404,431.911,430.378,428.803,427.182,425.513,423.791,422.013,420.173,418.268,416.29,414.234,412.09,409.851,407.506,405.042,402.445,399.698,396.778,393.66,390.312,386.694,382.754,378.427,373.627,368.242,362.129,355.111,347.003,337.683,327.262,316.236,305.393,295.435,286.709,279.221,272.816,267.296,262.487,258.248,254.469,251.066,247.974,245.143,242.533,240.114,237.858,235.745,233.759,231.885,230.11,228.425,226.821,225.29,223.826,222.423,221.076,219.78,218.533,217.33,216.167,215.044,213.956,212.902,211.879,210.886,209.921,208.982,208.068,207.178,206.31,205.464,204.637,203.83,203.041,202.27,201.515,200.777,200.053,199.345,198.65,197.969,197.301,196.646,196.002,195.37,194.749,194.139,193.54,192.95,192.37,191.8,191.238,190.685,190.141,189.605,189.077,188.557,188.044
436.552,435.14,433.694,432.21,430.688,429.124,427.515,425.859,424.151,422.388,420.566,418.678,416.721,414.686,412.567,410.356,408.041,405.611,403.053,400.35,397.482,394.424,391.147,387.614,383.776,379.574,374.93,369.742,363.88,357.181,349.464,340.583,330.564,319.768,308.897,298.698,289.628,281.792,275.077,269.298,264.276,259.863,255.939,252.416,249.223,246.306,243.622,241.138,238.826,236.663,234.633,232.719,230.908,229.191,227.557,225.999,224.51,223.085,221.717,220.402,219.136,217.916,216.738,215.599,214.498,213.43,212.395,211.391,210.414,209.465,208.541,207.642,206.765,205.91,205.075,204.26,203.464,202.685,201.924,201.178,200.449,199.734,199.034,198.347,197.673,197.013,196.364,195.727,195.102,194.487,193.883,193.289,192.705,192.13,191.565,191.008,190.46,189.921,189.389,188.866,188.349
436.822,435.418,433.981,432.507,430.995,429.442,427.845,426.201,424.508,422.76,420.953,419.084,417.146,415.133,413.037,410.852,408.567,406.171,403.65,400.99,398.171,395.171,391.961,388.507,384.766,380.681,376.182,371.176,365.545,359.138,351.785,343.326,333.722,323.215,312.4,302.023,292.64,284.458,277.425,271.374,266.128,261.53,257.454,253.804,250.505,247.497,244.736,242.184,239.813,237.598,235.522,233.566,231.719,229.968,228.304,226.718,225.204,223.755,222.365,221.03,219.746,218.508,217.314,216.161,215.045,213.964,212.916,211.9,210.912,209.952,209.018,208.109,207.223,206.359,205.516,204.693,203.889,203.103,202.335,201.583,200.847,200.126,199.419,198.727,198.048,197.382,196.728,196.086,195.456,194.836,194.228,193.63,193.041,192.463,191.893,191.333,190.781,190.238,189.703,189.176,188.656
437.09,435.694,434.266,432.801,431.299,429.757,428.172,426.541,424.86,423.127,421.337,419.485,417.565,415.573,413.501,411.341,409.085,406.72,404.236,401.617,398.846,395.9,392.754,389.376,385.725,381.751,377.387,372.55,367.131,360.994,353.977,345.917,336.731,326.557,315.874,305.391,295.736,287.219,279.862,273.528,268.045,263.252,259.015,255.232,251.82,248.717,245.874,243.252,240.819,238.551,236.426,234.428,232.542,230.757,229.061,227.447,225.906,224.433,223.021,221.666,220.362,219.107,217.897,216.727,215.597,214.502,213.442,212.413,211.414,210.443,209.499,208.58,207.684,206.811,205.96,205.129,204.317,203.524,202.748,201.99,201.247,200.52,199.807,199.109,198.424,197.753,197.094,196.447,195.812,195.188,194.575,193.972,193.379,192.796,192.223,191.659,191.103,190.556,190.018,189.487,188.964
437.355,435.968,434.548,433.093,431.601,430.07,428.496,426.877,425.21,423.491,421.716,419.881,417.98,416.008,413.958,411.823,409.594,407.261,404.812,402.232,399.506,396.613,393.528,390.222,386.657,382.785,378.548,373.867,368.645,362.756,356.05,348.365,339.588,329.778,319.294,308.781,298.903,290.071,282.388,275.762,270.031,265.032,260.625,256.7,253.17,249.967,247.039,244.343,241.846,239.521,237.347,235.304,233.379,231.557,229.829,228.186,226.618,225.12,223.685,222.309,220.986,219.712,218.485,217.3,216.154,215.046,213.972,212.931,211.92,210.938,209.983,209.054,208.149,207.267,206.407,205.568,204.748,203.948,203.165,202.399,201.65,200.916,200.198,199.493,198.803,198.126,197.462,196.81,196.17,195.541,194.923,194.316,193.719,193.132,192.555,191.986,191.427,190.876,190.334,189.8,189.274
437.619,436.24,434.829,433.383,431.901,430.379,428.817,427.21,425.556,423.851,422.091,420.272,418.39,416.437,414.41,412.299,410.096,407.793,405.378,402.836,400.154,397.31,394.284,391.046,387.562,383.787,379.668,375.133,370.093,364.433,358.014,350.679,342.298,332.867,322.639,312.169,302.127,293.008,285.004,278.078,272.088,266.872,262.286,258.212,254.557,251.249,248.231,245.457,242.894,240.51,238.284,236.196,234.229,232.37,230.609,228.935,227.339,225.816,224.358,222.959,221.616,220.324,219.079,217.878,216.717,215.594,214.507,213.453,212.431,211.437,210.472,209.532,208.618,207.727,206.858,206.01,205.182,204.374,203.584,202.811,202.055,201.315,200.59,199.88,199.184,198.501,197.832,197.175,196.529,195.896,195.273,194.662,194.06,193.469,192.888,192.315,191.752,191.198,190.652,190.114,189.585
437.881,436.51,435.107,433.67,432.197,430.686,429.135,427.54,425.898,424.207,422.462,420.659,418.794,416.862,414.855,412.767,410.591,408.317,405.934,403.429,400.788,397.993,395.022,391.849,388.441,384.759,380.75,376.352,371.481,366.032,359.877,352.868,344.866,335.82,325.889,315.532,305.39,296.02,287.707,280.478,274.219,268.776,264,259.769,255.983,252.564,249.451,246.597,243.963,241.519,239.239,237.102,235.093,233.196,231.4,229.694,228.07,226.52,225.038,223.618,222.254,220.943,219.68,218.462,217.285,216.148,215.047,213.98,212.945,211.941,210.964,210.014,209.09,208.189,207.312,206.455,205.62,204.803,204.006,203.226,202.463,201.716,200.985,200.269,199.567,198.879,198.204,197.541,196.891,196.253,195.626,195.009,194.404,193.808,193.222,192.646,192.079,191.521,190.971,190.43,189.897
438.141,436.778,435.383,433.955,432.492,430.991,429.45,427.866,426.237,424.559,422.829,421.042,419.194,417.28,415.294,413.23,411.078,408.832,406.481,404.012,401.411,398.662,395.744,392.633,389.298,385.702,381.798,377.526,372.812,367.559,361.649,354.942,347.298,338.633,329.03,318.847,308.671,299.097,290.493,282.961,276.426,270.745,265.77,261.373,257.448,253.913,250.702,247.763,245.056,242.547,240.211,238.025,235.971,234.035,232.203,230.465,228.811,227.234,225.727,224.284,222.899,221.568,220.287,219.052,217.86,216.707,215.592,214.512,213.465,212.448,211.461,210.5,209.566,208.656,207.769,206.904,206.06,205.236,204.431,203.643,202.874,202.12,201.383,200.66,199.953,199.259,198.578,197.91,197.255,196.612,195.98,195.359,194.748,194.149,193.559,192.978,192.407,191.845,191.292,190.747,190.211
438.4,437.044,435.657,434.238,432.784,431.293,429.762,428.19,426.573,424.908,423.192,421.421,419.59,417.694,415.728,413.686,411.559,409.34,407.019,404.584,402.022,399.317,396.45,393.397,390.132,386.617,382.812,378.659,374.092,369.02,363.337,356.91,349.601,341.308,332.052,322.094,311.952,302.225,293.357,285.527,278.709,272.782,267.598,263.027,258.956,255.299,251.983,248.956,246.172,243.597,241.202,238.965,236.865,234.887,233.018,231.247,229.562,227.958,226.425,224.958,223.551,222.2,220.9,219.648,218.439,217.272,216.143,215.049,213.989,212.96,211.961,210.99,210.045,209.126,208.229,207.356,206.503,205.671,204.858,204.064,203.287,202.527,201.783,201.054,200.34,199.64,198.954,198.281,197.621,196.972,196.335,195.71,195.095,194.491,193.897,193.312,192.737,192.171,191.614,191.066,190.526
438.656,437.308,435.93,434.519,433.074,431.592,430.072,428.511,426.906,425.254,423.552,421.796,419.981,418.103,416.157,414.135,412.033,409.84,407.548,405.146,402.621,399.959,397.141,394.145,390.944,387.508,383.795,379.754,375.323,370.421,364.947,358.78,351.785,343.849,334.948,325.256,315.209,305.388,296.29,288.173,281.071,274.888,269.487,264.732,260.508,256.722,253.297,250.177,247.313,244.668,242.213,239.921,237.774,235.753,233.846,232.04,230.324,228.691,227.132,225.641,224.212,222.84,221.521,220.25,219.025,217.842,216.698,215.591,214.517,213.477,212.466,211.484,210.529,209.599,208.693,207.811,206.95,206.109,205.289,204.487,203.703,202.936,202.185,201.45,200.73,200.025,199.333,198.654,197.988,197.335,196.693,196.063,195.443,194.835,194.236,193.648,193.069,192.499,191.938,191.386,190.842
438.911,437.57,436.2,434.797,433.361,431.889,430.379,428.829,427.236,425.596,423.908,422.166,420.367,418.507,416.58,414.579,412.5,410.332,408.069,405.699,403.21,400.589,397.817,394.875,391.737,388.374,384.749,380.813,376.51,371.765,366.485,360.559,353.858,346.262,337.715,328.32,318.424,308.568,299.281,290.896,283.511,277.067,271.438,266.492,262.107,258.184,254.645,251.427,248.479,245.762,243.243,240.896,238.699,236.634,234.687,232.845,231.097,229.434,227.848,226.332,224.88,223.487,222.148,220.859,219.617,218.418,217.259,216.137,215.051,213.997,212.975,211.982,211.016,210.076,209.161,208.269,207.4,206.551,205.722,204.913,204.121,203.347,202.59,201.849,201.122,200.411,199.713,199.029,198.358,197.699,197.053,196.418,195.794,195.18,194.578,193.985,193.402,192.828,192.263,191.707,191.16
439.164,437.831,436.468,435.073,433.646,432.184,430.684,429.144,427.562,425.935,424.26,422.533,420.75,418.906,416.998,415.018,412.96,410.818,408.582,406.243,403.789,401.207,398.48,395.589,392.511,389.218,385.675,381.839,377.656,373.057,367.958,362.255,355.828,348.553,340.353,331.274,321.578,311.746,302.318,293.689,286.028,279.318,273.455,268.307,263.753,259.688,256.029,252.708,249.673,246.879,244.294,241.888,239.64,237.53,235.541,233.662,231.881,230.187,228.573,227.031,225.556,224.141,222.782,221.475,220.215,218.999,217.825,216.689,215.589,214.523,213.488,212.484,211.507,210.557,209.632,208.731,207.853,206.995,206.159,205.342,204.543,203.762,202.998,202.25,201.517,200.8,200.096,199.406,198.73,198.066,197.414,196.774,196.146,195.528,194.921,194.323,193.736,193.158,192.59,192.03,191.479
439.415,438.089,436.734,435.348,433.929,432.476,430.986,429.457,427.886,426.271,424.609,422.896,421.128,419.301,417.41,415.45,413.415,411.297,409.088,406.778,404.358,401.813,399.129,396.288,393.267,390.041,386.576,382.834,378.762,374.301,369.37,363.875,357.701,350.73,342.867,334.113,324.656,314.904,305.386,296.545,288.618,281.642,275.537,270.18,265.448,261.234,257.449,254.021,250.893,248.021,245.366,242.9,240.598,238.44,236.41,234.492,232.676,230.951,229.308,227.74,226.24,224.803,223.424,222.097,220.819,219.587,218.397,217.246,216.132,215.053,214.006,212.99,212.002,211.042,210.107,209.196,208.309,207.443,206.598,205.773,204.967,204.179,203.408,202.653,201.914,201.19,200.481,199.786,199.104,198.435,197.778,197.133,196.499,195.877,195.265,194.664,194.072,193.491,192.918,192.354,191.8
439.665,438.346,436.998,435.62,434.21,432.766,431.285,429.766,428.207,426.604,424.955,423.255,421.502,419.692,417.819,415.878,413.863,411.769,409.585,407.305,404.917,402.409,399.766,396.972,394.006,390.843,387.453,383.798,379.833,375.5,370.726,365.424,359.487,352.799,345.259,336.833,327.643,318.024,308.47,299.455,291.28,284.039,277.687,272.113,267.196,262.825,258.908,255.367,252.143,249.188,246.461,243.932,241.574,239.367,237.292,235.335,233.483,231.725,230.053,228.458,226.933,225.473,224.072,222.726,221.43,220.18,218.974,217.809,216.681,215.588,214.529,213.501,212.502,211.531,210.586,209.665,208.769,207.894,207.041,206.208,205.394,204.598,203.82,203.059,202.314,201.584,200.869,200.167,199.48,198.805,198.143,197.493,196.855,196.228,195.612,195.006,194.41,193.824,193.248,192.68,192.122
439.913,438.601,437.261,435.89,434.488,433.053,431.582,430.074,428.525,426.934,425.297,423.611,421.872,420.078,418.222,416.3,414.306,412.234,410.076,407.824,405.467,402.994,400.391,397.643,394.729,391.626,388.307,384.736,380.87,376.657,372.03,366.907,361.19,354.768,347.535,339.434,330.532,321.09,311.552,302.405,294.005,286.508,279.905,274.108,268.998,264.463,260.406,256.748,253.423,250.381,247.579,244.984,242.569,240.31,238.189,236.191,234.302,232.511,230.808,229.185,227.635,226.151,224.729,223.362,222.047,220.78,219.557,218.376,217.234,216.128,215.056,214.015,213.005,212.023,211.068,210.138,209.232,208.348,207.487,206.645,205.824,205.021,204.236,203.468,202.716,201.979,201.258,200.551,199.858,199.178,198.511,197.856,197.213,196.581,195.96,195.35,194.75,194.16,193.579,193.008,192.445
440.159,438.854,437.521,436.159,434.765,433.338,431.877,430.378,428.84,427.26,425.636,423.963,422.239,420.459,418.62,416.717,414.743,412.693,410.56,408.335,406.008,403.569,401.005,398.3,395.436,392.391,389.139,385.647,381.876,377.776,373.286,368.33,362.818,356.643,349.701,341.917,333.314,324.085,314.616,305.384,296.788,289.044,282.192,276.165,270.855,266.149,261.946,258.164,254.734,251.601,248.721,246.057,243.582,241.27,239.102,237.061,235.134,233.308,231.574,229.922,228.346,226.838,225.392,224.005,222.671,221.386,220.146,218.95,217.793,216.673,215.587,214.535,213.513,212.52,211.554,210.614,209.698,208.806,207.936,207.086,206.257,205.446,204.654,203.879,203.12,202.378,201.65,200.937,200.238,199.553,198.88,198.22,197.572,196.935,196.31,195.695,195.091,194.497,193.912,193.337,192.77
440.404,439.106,437.78,436.425,435.04,433.622,432.169,430.68,429.153,427.584,425.971,424.311,422.601,420.837,419.015,417.129,415.175,413.146,411.037,408.838,406.54,404.134,401.607,398.944,396.128,393.138,389.95,386.533,382.851,378.858,374.496,369.697,364.375,358.432,351.764,344.286,335.987,327,317.646,308.377,299.619,291.646,284.547,278.287,272.769,267.884,263.53,259.618,256.078,252.85,249.887,247.153,244.614,242.247,240.03,237.946,235.979,234.117,232.35,230.669,229.065,227.532,226.064,224.655,223.301,221.998,220.742,219.529,218.357,217.222,216.124,215.058,214.025,213.02,212.044,211.094,210.168,209.267,208.388,207.53,206.692,205.874,205.075,204.292,203.527,202.778,202.044,201.325,200.621,199.93,199.252,198.587,197.933,197.292,196.662,196.043,195.434,194.835,194.246,193.667,193.097
440.647,439.356,438.037,436.69,435.312,433.902,432.459,430.98,429.463,427.905,426.304,424.657,422.96,421.211,419.404,417.536,415.601,413.594,411.507,409.333,407.065,404.69,402.198,399.576,396.806,393.869,390.742,387.397,383.799,379.906,375.665,371.012,365.868,360.141,353.73,346.545,338.549,329.823,320.626,311.368,302.488,294.307,286.968,280.472,274.742,269.671,265.158,261.111,257.455,254.128,251.08,248.271,245.667,243.243,240.975,238.844,236.837,234.938,233.138,231.426,229.794,228.236,226.744,225.313,223.939,222.617,221.343,220.113,218.926,217.777,216.665,215.587,214.541,213.525,212.538,211.577,210.642,209.731,208.843,207.977,207.131,206.305,205.498,204.709,203.937,203.181,202.441,201.716,201.005,200.309,199.625,198.955,198.297,197.65,197.015,196.392,195.778,195.175,194.583,193.999,193.425
440.889,439.604,438.292,436.952,435.583,434.181,432.747,431.277,429.77,428.223,426.633,424.999,423.316,421.581,419.79,417.939,416.022,414.035,411.971,409.822,407.581,405.237,402.78,400.196,397.47,394.584,391.515,388.238,384.72,380.922,376.794,372.278,367.301,361.776,355.606,348.699,341.001,332.55,323.543,314.343,305.382,297.019,289.452,282.722,276.774,271.512,266.833,262.645,258.867,255.437,252.299,249.413,246.741,244.257,241.936,239.758,237.708,235.772,233.937,232.194,230.533,228.948,227.432,225.979,224.584,223.242,221.95,220.704,219.501,218.337,217.211,216.12,215.062,214.034,213.036,212.065,211.119,210.199,209.302,208.427,207.573,206.739,205.924,205.128,204.349,203.586,202.84,202.109,201.392,200.69,200.001,199.325,198.662,198.011,197.371,196.742,196.125,195.517,194.92,194.333,193.755
441.129,439.85,438.546,437.213,435.851,434.458,433.032,431.572,430.074,428.538,426.96,425.337,423.667,421.947,420.171,418.337,416.438,414.471,412.429,410.304,408.089,405.775,403.351,400.805,398.121,395.283,392.271,389.059,385.616,381.908,377.887,373.5,368.678,363.341,357.397,350.754,343.345,335.175,326.386,317.286,308.288,299.776,291.996,285.035,278.866,273.406,268.556,264.22,260.316,256.777,253.547,250.579,247.837,245.29,242.914,240.688,238.594,236.618,234.747,232.972,231.282,229.67,228.129,226.652,225.236,223.875,222.564,221.301,220.081,218.903,217.762,216.658,215.587,214.547,213.537,212.556,211.6,210.67,209.764,208.88,208.018,207.176,206.354,205.55,204.764,203.994,203.241,202.504,201.782,201.073,200.379,199.698,199.029,198.373,197.728,197.095,196.473,195.861,195.26,194.668,194.086
441.367,440.095,438.798,437.472,436.118,434.733,433.315,431.864,430.376,428.85,427.283,425.673,424.016,422.309,420.548,418.73,416.85,414.902,412.88,410.779,408.59,406.305,403.913,401.403,398.76,395.969,393.01,389.859,386.489,382.865,378.946,374.679,370.003,364.842,359.11,352.716,345.585,337.697,329.146,320.185,311.193,302.566,294.594,287.409,281.019,275.357,270.328,265.838,261.803,258.151,254.823,251.77,248.955,246.344,243.911,241.634,239.494,237.478,235.57,233.761,232.04,230.4,228.834,227.334,225.896,224.514,223.184,221.904,220.668,219.474,218.319,217.2,216.116,215.065,214.043,213.051,212.085,211.145,210.23,209.337,208.466,207.616,206.786,205.974,205.181,204.405,203.645,202.902,202.173,201.459,200.759,200.072,199.398,198.737,198.087,197.449,196.822,196.206,195.601,195.005,194.419
441.604,440.339,439.048,437.729,436.382,435.005,433.596,432.154,430.676,429.16,427.604,426.005,424.361,422.667,420.921,419.119,417.256,415.327,413.326,411.248,409.084,406.826,404.465,401.99,399.387,396.64,393.732,390.641,387.339,383.796,379.972,375.819,371.279,366.283,360.749,354.59,347.725,340.116,331.817,323.027,314.084,305.38,297.239,289.842,283.232,277.363,272.151,267.502,263.329,259.559,256.129,252.988,250.096,247.418,244.925,242.596,240.41,238.351,236.405,234.561,232.81,231.141,229.548,228.024,226.563,225.16,223.812,222.513,221.26,220.05,218.88,217.748,216.651,215.587,214.554,213.55,212.574,211.624,210.698,209.797,208.917,208.059,207.221,206.402,205.601,204.818,204.052,203.302,202.567,201.847,201.141,200.449,199.769,199.103,198.448,197.806,197.174,196.553,195.943,195.343,194.753
441.84,440.581,439.296,437.985,436.645,435.276,433.875,432.442,430.973,429.467,427.922,426.335,424.702,423.022,421.291,419.504,417.658,415.747,413.766,411.71,409.57,407.34,405.009,402.567,400.002,397.299,394.44,391.405,388.169,384.702,380.968,376.922,372.511,367.669,362.321,356.381,349.77,342.434,334.395,325.801,316.945,308.204,299.925,292.33,285.504,279.427,274.026,269.211,264.895,261.002,257.466,254.234,251.262,248.513,245.959,243.575,241.34,239.238,237.253,235.374,233.589,231.891,230.271,228.722,227.238,225.814,224.445,223.128,221.858,220.632,219.447,218.301,217.19,216.113,215.068,214.053,213.066,212.106,211.171,210.26,209.372,208.505,207.659,206.832,206.024,205.234,204.461,203.704,202.963,202.237,201.525,200.827,200.143,199.471,198.811,198.164,197.527,196.902,196.288,195.683,195.089
442.074,440.821,439.543,438.239,436.906,435.545,434.152,432.727,431.268,429.772,428.237,426.661,425.041,423.374,421.656,419.885,418.055,416.162,414.201,412.166,410.05,407.846,405.544,403.135,400.607,397.945,395.133,392.152,388.978,385.584,381.935,377.991,373.7,369.003,363.829,358.096,351.725,344.653,336.876,328.5,319.767,311.028,302.641,294.868,287.833,281.547,275.954,270.968,266.504,262.482,258.835,255.507,252.452,249.631,247.013,244.572,242.287,240.139,238.114,236.198,234.38,232.651,231.003,229.428,227.921,226.475,225.086,223.75,222.462,221.22,220.019,218.858,217.734,216.644,215.587,214.561,213.563,212.592,211.647,210.727,209.829,208.954,208.099,207.265,206.449,205.652,204.872,204.109,203.361,202.629,201.912,201.208,200.518,199.841,199.176,198.524,197.883,197.253,196.634,196.025,195.426
442.307,441.06,439.788,438.491,437.165,435.812,434.427,433.011,431.56,430.074,428.55,426.985,425.376,423.722,422.018,420.261,418.448,416.572,414.631,412.616,410.524,408.345,406.071,403.694,401.2,398.578,395.811,392.882,389.768,386.443,382.875,379.027,374.85,370.289,365.278,359.74,353.595,346.777,339.262,331.116,322.536,313.837,305.377,297.449,290.216,283.724,277.935,272.773,268.155,264,260.238,256.81,253.668,250.771,248.087,245.587,243.25,241.055,238.988,237.034,235.182,233.422,231.745,230.144,228.612,227.144,225.734,224.378,223.073,221.813,220.597,219.421,218.283,217.18,216.11,215.072,214.063,213.082,212.127,211.197,210.29,209.406,208.543,207.701,206.878,206.073,205.286,204.516,203.762,203.024,202.3,201.591,200.895,200.213,199.543,198.885,198.24,197.605,196.981,196.368,195.766
442.538,441.297,440.032,438.741,437.423,436.076,434.7,433.292,431.85,430.374,428.859,427.305,425.709,424.067,422.376,420.634,418.836,416.978,415.055,413.061,410.991,408.836,406.59,404.243,401.784,399.2,396.477,393.597,390.54,387.281,383.79,380.032,375.963,371.53,366.672,361.316,355.385,348.81,341.552,333.646,325.244,316.621,308.124,300.066,292.65,285.956,279.969,274.628,269.85,265.557,261.675,258.143,254.911,251.936,249.182,246.621,244.23,241.987,239.876,237.883,235.996,234.203,232.497,230.869,229.312,227.821,226.389,225.014,223.69,222.413,221.181,219.989,218.837,217.721,216.638,215.588,214.567,213.575,212.61,211.67,210.755,209.862,208.99,208.14,207.309,206.497,205.703,204.926,204.166,203.421,202.691,201.976,201.275,200.587,199.912,199.249,198.598,197.959,197.331,196.714,196.106
442.768,441.533,440.274,438.99,437.679,436.339,434.971,433.571,432.138,430.671,429.166,427.623,426.038,424.408,422.731,421.003,419.22,417.379,415.474,413.5,411.451,409.321,407.102,404.784,402.357,399.811,397.129,394.297,391.295,388.099,384.681,381.009,377.041,372.729,368.014,362.83,357.101,350.757,343.749,336.087,327.882,319.368,310.87,302.711,295.129,288.24,282.057,276.533,271.591,267.154,263.147,259.508,256.182,253.124,250.299,247.675,245.227,242.934,240.779,238.745,236.821,234.995,233.258,231.602,230.02,228.505,227.052,225.656,224.313,223.019,221.77,220.563,219.396,218.266,217.171,216.108,215.076,214.073,213.097,212.148,211.222,210.32,209.441,208.582,207.743,206.924,206.122,205.339,204.571,203.82,203.084,202.363,201.656,200.963,200.283,199.615,198.959,198.315,197.682,197.06,196.449
442.997,441.768,440.515,439.237,437.933,436.601,435.24,433.848,432.424,430.966,429.471,427.938,426.364,424.746,423.082,421.368,419.6,417.775,415.888,413.933,411.906,409.799,407.605,405.316,402.922,400.411,397.77,394.983,392.033,388.897,385.549,381.958,378.086,373.888,369.309,364.285,358.747,352.622,345.856,338.438,330.444,322.068,313.603,305.375,297.648,290.575,284.198,278.488,273.378,268.793,264.657,260.905,257.481,254.338,251.438,248.749,246.243,243.898,241.696,239.62,237.658,235.798,234.03,232.346,230.737,229.198,227.722,226.306,224.943,223.63,222.365,221.142,219.96,218.816,217.708,216.633,215.589,214.575,213.588,212.628,211.694,210.783,209.894,209.027,208.18,207.353,206.544,205.754,204.98,204.222,203.48,202.753,202.04,201.341,200.655,199.982,199.322,198.673,198.035,197.409,196.793
443.224,442.001,440.754,439.482,438.185,436.86,435.507,434.123,432.707,431.258,429.773,428.25,426.687,425.081,423.43,421.729,419.976,418.167,416.297,414.362,412.355,410.271,408.102,405.84,403.477,401,398.398,395.656,392.755,389.677,386.396,382.882,379.101,375.01,370.558,365.686,360.326,354.41,347.876,340.699,332.927,324.711,316.313,308.048,300.2,292.956,286.39,280.494,275.213,270.474,266.204,262.335,258.81,255.579,252.601,249.843,247.277,244.878,242.628,240.51,238.509,236.613,234.813,233.099,231.463,229.899,228.4,226.962,225.58,224.249,222.966,221.727,220.53,219.372,218.25,217.162,216.106,215.08,214.083,213.113,212.168,211.248,210.351,209.475,208.62,207.785,206.969,206.171,205.391,204.626,203.878,203.145,202.426,201.721,201.03,200.352,199.686,199.032,198.39,197.759,197.139
443.45,442.232,440.992,439.726,438.436,437.118,435.772,434.396,432.989,431.548,430.073,428.56,427.008,425.413,423.774,422.087,420.349,418.555,416.702,414.785,412.798,410.736,408.591,406.357,404.023,401.58,399.015,396.315,393.463,390.44,387.222,383.782,380.087,376.097,371.766,367.036,361.845,356.124,349.813,342.873,335.327,327.29,318.988,310.72,302.778,295.379,288.631,282.55,277.094,272.199,267.79,263.8,260.169,256.846,253.788,250.959,248.33,245.876,243.576,241.413,239.372,237.44,235.606,233.862,232.198,230.608,229.086,227.626,226.223,224.873,223.573,222.317,221.105,219.932,218.796,217.695,216.627,215.59,214.582,213.601,212.647,211.717,210.81,209.926,209.063,208.22,207.397,206.592,205.804,205.033,204.278,203.539,202.814,202.104,201.407,200.724,200.053,199.394,198.747,198.111,197.486
443.675,442.463,441.228,439.969,438.684,437.374,436.035,434.667,433.268,431.836,430.37,428.867,427.326,425.743,424.115,422.441,420.717,418.938,417.102,415.203,413.236,411.195,409.074,406.865,404.561,402.15,399.621,396.962,394.156,391.185,388.028,384.659,381.045,377.152,372.933,368.338,363.306,357.771,351.671,344.961,337.643,329.8,321.621,313.38,305.372,297.839,290.919,284.655,279.024,273.967,269.416,265.3,261.56,258.141,254.999,252.097,249.403,246.891,244.54,242.331,240.248,238.278,236.411,234.635,232.943,231.327,229.78,228.298,226.874,225.505,224.186,222.914,221.685,220.497,219.348,218.234,217.153,216.104,215.085,214.093,213.129,212.189,211.274,210.381,209.509,208.658,207.827,207.015,206.22,205.442,204.681,203.935,203.205,202.489,201.786,201.097,200.421,199.757,199.105,198.465,197.836
443.898,442.691,441.462,440.21,438.932,437.628,436.296,434.936,433.545,432.122,430.665,429.172,427.641,426.069,424.453,422.792,421.081,419.318,417.497,415.616,413.668,411.648,409.55,407.367,405.09,402.71,400.217,397.596,394.835,391.915,388.816,385.513,381.978,378.176,374.064,369.595,364.712,359.353,353.454,346.966,339.875,332.236,324.202,316.019,307.975,300.329,293.249,286.808,281.001,275.781,271.082,266.837,262.983,259.465,256.236,253.258,250.496,247.925,245.52,243.263,241.138,239.129,237.226,235.419,233.697,232.054,230.483,228.977,227.532,226.143,224.806,223.516,222.271,221.068,219.904,218.777,217.683,216.622,215.591,214.589,213.614,212.665,211.74,210.838,209.958,209.099,208.26,207.44,206.638,205.854,205.086,204.334,203.597,202.875,202.167,201.473,200.791,200.123,199.466,198.821,198.187
444.12,442.919,441.696,440.449,439.178,437.88,436.556,435.203,433.82,432.406,430.958,429.474,427.953,426.392,424.788,423.14,421.442,419.693,417.889,416.024,414.095,412.095,410.02,407.861,405.611,403.262,400.802,398.22,395.501,392.63,389.586,386.347,382.886,379.17,375.16,370.811,366.069,360.875,355.167,348.892,342.024,334.595,326.725,318.627,310.576,302.841,295.618,289.007,283.025,277.639,272.79,268.411,264.44,260.819,257.5,254.442,251.611,248.977,246.518,244.211,242.041,239.993,238.054,236.213,234.461,232.79,231.193,229.664,228.197,226.788,225.432,224.124,222.863,221.644,220.466,219.324,218.218,217.145,216.102,215.089,214.104,213.144,212.21,211.299,210.411,209.543,208.696,207.869,207.06,206.268,205.494,204.735,203.992,203.264,202.551,201.851,201.164,200.49,199.828,199.178,198.539
444.341,443.145,441.928,440.687,439.422,438.131,436.814,435.468,434.093,432.687,431.248,429.774,428.263,426.712,425.12,423.484,421.8,420.065,418.276,416.428,414.517,412.537,410.483,408.348,406.125,403.805,401.378,398.832,396.154,393.33,390.339,387.162,383.771,380.137,376.223,371.987,367.378,362.34,356.813,350.742,344.092,336.876,329.183,321.195,313.167,305.37,298.021,291.248,285.095,279.543,274.54,270.024,265.931,262.203,258.79,255.65,252.747,250.049,247.533,245.175,242.96,240.87,238.893,237.018,235.235,233.536,231.913,230.36,228.87,227.44,226.064,224.739,223.461,222.226,221.033,219.877,218.757,217.672,216.617,215.593,214.597,213.628,212.683,211.763,210.866,209.99,209.135,208.3,207.484,206.685,205.904,205.139,204.39,203.656,202.936,202.23,201.538,200.859,200.192,199.537,198.894
444.56,443.37,442.158,440.923,439.664,438.38,437.07,435.732,434.365,432.966,431.536,430.071,428.57,427.03,425.449,423.825,422.154,420.433,418.659,416.827,414.934,412.973,410.941,408.829,406.631,404.339,401.944,399.433,396.796,394.016,391.076,387.957,384.634,381.078,377.255,373.126,368.642,363.752,358.396,352.519,346.081,339.078,331.573,323.716,315.738,307.905,300.451,293.53,287.21,281.492,276.333,271.675,267.457,263.619,260.109,256.884,253.905,251.141,248.566,246.156,243.893,241.76,239.745,237.835,236.02,234.292,232.641,231.063,229.551,228.099,226.704,225.36,224.064,222.813,221.605,220.435,219.302,218.203,217.137,216.101,215.094,214.114,213.16,212.231,211.325,210.44,209.577,208.734,207.91,207.105,206.316,205.545,204.789,204.049,203.324,202.612,201.915,201.23,200.558,199.898,199.25
444.778,443.594,442.387,441.158,439.906,438.628,437.324,435.993,434.634,433.244,431.822,430.366,428.874,427.345,425.775,424.162,422.504,420.797,419.037,417.222,415.346,413.404,411.392,409.303,407.13,404.866,402.501,400.025,397.425,394.688,391.798,388.735,385.476,381.994,378.258,374.23,369.865,365.114,359.92,354.228,347.994,341.202,333.891,326.183,318.281,310.44,302.902,295.847,289.368,283.484,278.168,273.366,269.019,265.067,261.457,258.143,255.087,252.254,249.617,247.153,244.841,242.665,240.61,238.663,236.816,235.057,233.379,231.775,230.239,228.766,227.35,225.987,224.674,223.406,222.182,220.998,219.851,218.739,217.66,216.613,215.595,214.605,213.641,212.702,211.787,210.894,210.022,209.171,208.34,207.527,206.732,205.953,205.191,204.445,203.714,202.996,202.293,201.603,200.926,200.261,199.608
444.996,443.816,442.615,441.392,440.145,438.874,437.577,436.253,434.901,433.519,432.105,430.658,429.176,427.657,426.098,424.497,422.851,421.157,419.412,417.612,415.753,413.83,411.838,409.771,407.622,405.385,403.049,400.606,398.043,395.348,392.505,389.495,386.298,382.887,379.233,375.301,371.049,366.429,361.388,355.872,349.834,343.248,336.136,328.591,320.788,312.964,305.367,298.194,291.565,285.52,280.046,275.098,270.618,266.548,262.834,259.429,256.292,253.388,250.688,248.167,245.805,243.583,241.487,239.504,237.622,235.832,234.126,232.496,230.936,229.44,228.003,226.621,225.289,224.005,222.765,221.566,220.405,219.28,218.188,217.129,216.1,215.099,214.125,213.176,212.252,211.35,210.47,209.611,208.772,207.952,207.149,206.364,205.596,204.843,204.106,203.383,202.674,201.978,201.296,200.626,199.968
445.211,444.037,442.842,441.624,440.383,439.118,437.828,436.511,435.166,433.792,432.387,430.949,429.476,427.967,426.418,424.829,423.195,421.514,419.783,417.999,416.156,414.251,412.278,410.233,408.108,405.896,403.589,401.178,398.651,395.995,393.197,390.239,387.101,383.758,380.182,376.341,372.195,367.699,362.804,357.455,351.605,345.22,338.308,330.935,323.251,315.471,307.839,300.567,293.799,287.598,281.966,276.869,272.254,268.063,264.242,260.742,257.522,254.544,251.778,249.199,246.785,244.516,242.378,240.356,238.439,236.618,234.882,233.225,231.64,230.121,228.663,227.261,225.911,224.61,223.353,222.139,220.963,219.825,218.721,217.65,216.609,215.597,214.613,213.654,212.72,211.81,210.921,210.054,209.207,208.379,207.57,206.778,206.003,205.244,204.5,203.771,203.057,202.356,201.668,200.993,200.33
445.426,444.257,443.067,441.855,440.62,439.361,438.078,436.768,435.43,434.063,432.666,431.237,429.773,428.274,426.736,425.157,423.536,421.868,420.151,418.381,416.554,414.667,412.713,410.689,408.586,406.4,404.121,401.74,399.248,396.631,393.877,390.968,387.885,384.607,381.106,377.352,373.307,368.929,364.17,358.98,353.309,347.119,340.405,333.213,325.664,317.951,310.309,302.959,296.066,289.715,283.928,278.681,273.928,269.612,265.681,262.083,258.776,255.722,252.889,250.25,247.781,245.464,243.282,241.221,239.268,237.414,235.648,233.964,232.353,230.811,229.331,227.909,226.54,225.221,223.947,222.717,221.527,220.375,219.258,218.174,217.122,216.099,215.104,214.136,213.192,212.273,211.376,210.5,209.645,208.809,207.993,207.194,206.412,205.646,204.897,204.162,203.441,202.735,202.042,201.362,200.694
445.64,444.475,443.291,442.084,440.855,439.603,438.325,437.022,435.692,434.333,432.944,431.523,430.068,428.578,427.051,425.483,423.873,422.218,420.514,418.759,416.948,415.078,413.143,411.139,409.059,406.896,404.644,402.294,399.834,397.255,394.543,391.681,388.653,385.436,382.007,378.335,374.385,370.119,365.491,360.451,354.95,348.949,342.43,335.423,328.023,320.398,312.77,305.364,298.361,291.869,285.93,280.534,275.64,271.197,267.152,263.453,260.057,256.924,254.021,251.319,248.795,246.428,244.201,242.099,240.109,238.221,236.424,234.712,233.075,231.508,230.006,228.563,227.175,225.837,224.547,223.301,222.096,220.93,219.8,218.703,217.639,216.605,215.599,214.621,213.668,212.739,211.833,210.949,210.086,209.243,208.418,207.612,206.824,206.052,205.295,204.555,203.828,203.116,202.418,201.732,201.059
445.852,444.693,443.513,442.312,441.089,439.842,438.572,437.275,435.952,434.6,433.219,431.806,430.361,428.88,427.363,425.806,424.207,422.565,420.874,419.133,417.338,415.484,413.568,411.583,409.525,407.386,405.16,402.839,400.412,397.868,395.196,392.381,389.404,386.247,382.885,379.291,375.433,371.272,366.767,361.87,356.532,350.711,344.384,337.563,330.322,322.805,315.215,307.775,300.679,294.057,287.971,282.426,277.39,272.818,268.655,264.853,261.364,258.149,255.174,252.407,249.826,247.407,245.133,242.99,240.962,239.039,237.211,235.469,233.806,232.214,230.689,229.225,227.817,226.461,225.153,223.891,222.671,221.49,220.346,219.237,218.161,217.115,216.099,215.109,214.147,213.208,212.293,211.401,210.53,209.679,208.847,208.034,207.238,206.459,205.697,204.95,204.218,203.5,202.796,202.105,201.427
446.063,444.909,443.734,442.539,441.321,440.081,438.816,437.526,436.21,434.866,433.492,432.088,430.651,429.18,427.672,426.126,424.539,422.908,421.231,419.504,417.723,415.886,413.987,412.022,409.985,407.869,405.669,403.375,400.979,398.471,395.838,393.066,390.139,387.039,383.742,380.223,376.451,372.391,368.002,363.24,358.057,352.409,346.268,339.634,332.56,325.166,317.635,310.184,303.014,296.276,290.049,284.357,279.179,274.474,270.192,266.282,262.699,259.399,256.349,253.516,250.874,248.403,246.081,243.894,241.827,239.868,238.008,236.236,234.545,232.928,231.379,229.893,228.465,227.09,225.765,224.486,223.25,222.055,220.897,219.775,218.686,217.629,216.602,215.602,214.629,213.681,212.757,211.856,210.976,210.117,209.278,208.457,207.655,206.869,206.1,205.347,204.609,203.885,203.176,202.48,201.796
446.273,445.124,443.955,442.764,441.552,440.318,439.059,437.776,436.466,435.129,433.764,432.367,430.939,429.477,427.979,426.443,424.867,423.248,421.584,419.87,418.105,416.284,414.402,412.455,410.439,408.346,406.17,403.904,401.538,399.064,396.468,393.739,390.86,387.813,384.579,381.131,377.441,373.477,369.199,364.564,359.528,354.046,348.085,341.636,334.734,327.477,320.025,312.585,305.361,298.52,292.162,286.326,281.006,276.167,271.763,267.743,264.061,260.674,257.546,254.645,251.942,249.415,247.044,244.812,242.705,240.709,238.815,237.013,235.294,233.651,232.078,230.569,229.12,227.726,226.383,225.087,223.835,222.625,221.453,220.318,219.217,218.147,217.109,216.098,215.115,214.157,213.224,212.314,211.426,210.559,209.712,208.884,208.074,207.282,206.506,205.747,205.003,204.273,203.558,202.856,202.168
446.482,445.338,444.173,442.988,441.782,440.553,439.301,438.024,436.721,435.391,434.033,432.645,431.225,429.772,428.284,426.758,425.193,423.585,421.933,420.233,418.482,416.677,414.812,412.884,410.887,408.816,406.664,404.425,402.088,399.646,397.087,394.398,391.565,388.571,385.396,382.016,378.405,374.531,370.358,365.846,360.949,355.625,349.838,343.57,336.843,329.733,322.378,314.97,307.713,300.785,294.305,288.331,282.871,277.897,273.367,269.235,265.452,261.975,258.767,255.794,253.028,250.445,248.023,245.745,243.596,241.563,239.634,237.8,236.051,234.382,232.784,231.253,229.783,228.369,227.007,225.694,224.426,223.2,222.014,220.865,219.751,218.67,217.62,216.598,215.605,214.637,213.695,212.776,211.879,211.004,210.149,209.313,208.496,207.697,206.915,206.149,205.399,204.663,203.942,203.235,202.541
446.69,445.55,444.391,443.211,442.01,440.787,439.541,438.27,436.974,435.652,434.301,432.92,431.509,430.065,428.586,427.07,425.515,423.92,422.28,420.593,418.856,417.066,415.217,413.307,411.33,409.28,407.152,404.938,402.63,400.219,397.695,395.046,392.257,389.313,386.195,382.88,379.344,375.557,371.484,367.086,362.322,357.149,351.529,345.439,338.887,331.931,324.689,317.333,310.064,303.066,296.477,290.371,284.772,279.662,275.006,270.758,266.872,263.303,260.012,256.966,254.134,251.492,249.017,246.692,244.5,242.428,240.464,238.597,236.819,235.122,233.499,231.945,230.452,229.018,227.638,226.307,225.022,223.781,222.58,221.418,220.29,219.197,218.135,217.102,216.098,215.121,214.169,213.24,212.335,211.451,210.589,209.745,208.921,208.115,207.326,206.553,205.797,205.055,204.328,203.616,202.916
446.897,445.762,444.608,443.433,442.237,441.02,439.78,438.515,437.226,435.91,434.566,433.194,431.791,430.355,428.885,427.379,425.835,424.251,422.623,420.949,419.226,417.45,415.618,413.726,411.767,409.739,407.633,405.444,403.164,400.783,398.293,395.682,392.936,390.04,386.976,383.724,380.259,376.554,372.576,368.288,363.65,358.621,353.161,347.243,340.866,334.07,326.953,319.668,312.407,305.358,298.672,292.443,286.708,281.464,276.68,272.314,268.321,264.657,261.281,258.159,255.26,252.557,250.028,247.654,245.418,243.306,241.305,239.405,237.596,235.871,234.223,232.644,231.129,229.674,228.275,226.926,225.624,224.367,223.151,221.975,220.834,219.728,218.654,217.61,216.595,215.608,214.646,213.708,212.794,211.902,211.031,210.18,209.349,208.535,207.739,206.96,206.197,205.45,204.717,203.998,203.294
447.103,445.972,444.823,443.653,442.463,441.251,440.017,438.758,437.475,436.167,434.83,433.465,432.07,430.643,429.183,427.686,426.153,424.579,422.963,421.302,419.592,417.831,416.015,414.139,412.2,410.191,408.108,405.943,403.689,401.339,398.881,396.307,393.602,390.752,387.741,384.548,381.152,377.525,373.637,369.453,364.935,360.043,354.736,348.985,342.78,336.148,329.166,321.969,314.736,307.654,300.887,294.543,288.679,283.301,278.388,273.903,269.801,266.039,262.575,259.375,256.406,253.641,251.056,248.631,246.35,244.196,242.158,240.224,238.384,236.63,234.955,233.351,231.814,230.338,228.918,227.551,226.232,224.959,223.728,222.537,221.383,220.263,219.177,218.122,217.096,216.098,215.127,214.18,213.257,212.356,211.477,210.618,209.779,208.958,208.155,207.369,206.6,205.846,205.108,204.383,203.673
447.308,446.182,445.037,443.872,442.687,441.481,440.252,439,437.724,436.421,435.092,433.735,432.348,430.929,429.477,427.991,426.467,424.904,423.3,421.651,419.955,418.208,416.407,414.548,412.627,410.638,408.576,406.435,404.207,401.885,399.46,396.921,394.255,391.45,388.489,385.354,382.023,378.471,374.669,370.584,366.18,361.418,356.258,350.668,344.632,338.164,331.325,324.231,317.044,309.949,303.116,296.67,290.681,285.172,280.131,275.525,271.311,267.449,263.895,260.614,257.573,254.744,252.101,249.625,247.296,245.1,243.023,241.054,239.182,237.398,235.695,234.067,232.506,231.008,229.568,228.182,226.846,225.556,224.309,223.104,221.936,220.804,219.705,218.638,217.601,216.593,215.611,214.655,213.722,212.813,211.925,211.058,210.212,209.384,208.574,207.781,207.005,206.245,205.501,204.771,204.055
447.511,446.39,445.25,444.09,442.911,441.71,440.487,439.241,437.97,436.675,435.353,434.003,432.623,431.213,429.77,428.293,426.779,425.227,423.634,421.997,420.314,418.581,416.795,414.953,413.049,411.079,409.038,406.92,404.718,402.424,400.029,397.524,394.897,392.135,389.223,386.142,382.874,379.393,375.673,371.683,367.387,362.748,357.728,352.293,346.422,340.119,333.429,326.449,319.326,312.237,305.355,298.818,292.713,287.077,281.908,277.179,272.853,268.887,265.241,261.877,258.762,255.866,253.164,250.634,248.257,246.018,243.901,241.895,239.99,238.176,236.445,234.791,233.206,231.686,230.226,228.82,227.466,226.159,224.896,223.676,222.494,221.348,220.237,219.158,218.11,217.091,216.099,215.133,214.191,213.273,212.377,211.502,210.647,209.812,208.995,208.195,207.413,206.647,205.896,205.16,204.438
447.714,446.597,445.462,444.307,443.132,441.937,440.72,439.479,438.215,436.926,435.611,434.268,432.897,431.495,430.06,428.592,427.088,425.546,423.964,422.34,420.669,418.95,417.179,415.353,413.466,411.515,409.495,407.399,405.221,402.954,400.589,398.117,395.527,392.807,389.941,386.913,383.705,380.292,376.651,372.75,368.558,364.037,359.151,353.864,348.153,342.013,335.476,328.62,321.577,314.511,307.598,300.984,294.772,289.014,283.718,278.866,274.425,270.355,266.614,263.165,259.973,257.009,254.245,251.66,249.234,246.949,244.791,242.748,240.809,238.964,237.204,235.523,233.914,232.372,230.89,229.464,228.092,226.768,225.489,224.253,223.057,221.898,220.774,219.683,218.623,217.593,216.59,215.614,214.663,213.736,212.831,211.948,211.086,210.243,209.418,208.612,207.823,207.05,206.293,205.551,204.824
447.915,446.803,445.672,444.523,443.353,442.163,440.951,439.717,438.459,437.176,435.868,434.532,433.168,431.774,430.348,428.889,427.395,425.864,424.292,422.679,421.021,419.316,417.559,415.748,413.879,411.946,409.945,407.871,405.717,403.477,401.141,398.701,396.147,393.466,390.645,387.668,384.517,381.17,377.603,373.788,369.694,365.286,360.527,355.383,349.826,343.847,337.464,330.742,323.791,316.767,309.839,303.163,296.855,290.98,285.56,280.586,276.029,271.851,268.013,264.477,261.207,258.172,255.345,252.703,250.225,247.894,245.694,243.613,241.639,239.762,237.973,236.265,234.631,233.064,231.561,230.116,228.724,227.382,226.087,224.835,223.625,222.452,221.315,220.212,219.14,218.099,217.086,216.1,215.139,214.202,213.289,212.398,211.527,210.676,209.845,209.031,208.235,207.456,206.693,205.945,205.212
448.116,447.008,445.882,444.737,443.572,442.387,441.181,439.953,438.701,437.425,436.123,434.795,433.438,432.052,430.634,429.184,427.699,426.178,424.617,423.016,421.37,419.678,417.935,416.14,414.287,412.372,410.391,408.338,406.207,403.992,401.684,399.275,396.756,394.113,391.336,388.408,385.311,382.027,378.532,374.798,370.798,366.497,361.859,356.852,351.445,345.622,339.395,332.811,325.965,318.998,312.074,305.351,298.958,292.974,287.434,282.338,277.664,273.378,269.441,265.814,262.463,259.356,256.464,253.763,251.233,248.854,246.611,244.491,242.48,240.57,238.751,237.015,235.355,233.765,232.24,230.774,229.363,228.003,226.691,225.423,224.197,223.011,221.86,220.745,219.661,218.608,217.585,216.588,215.618,214.672,213.75,212.85,211.971,211.113,210.274,209.453,208.65,207.864,207.095,206.341,205.602
448.316,447.212,446.09,444.95,443.791,442.611,441.41,440.187,438.941,437.671,436.376,435.055,433.706,432.327,430.918,429.477,428.001,426.49,424.94,423.349,421.716,420.036,418.308,416.527,414.69,412.793,410.831,408.798,406.69,404.5,402.219,399.841,397.354,394.749,392.013,389.132,386.089,382.864,379.437,375.782,371.871,367.672,363.151,358.273,353.01,347.341,341.268,334.826,328.095,321.2,314.296,307.543,301.077,294.992,289.337,284.121,279.331,274.934,270.896,267.177,263.743,260.561,257.603,254.842,252.257,249.829,247.541,245.38,243.333,241.389,239.539,237.775,236.088,234.474,232.926,231.438,230.008,228.63,227.3,226.017,224.776,223.574,222.411,221.282,220.186,219.122,218.087,217.081,216.1,215.145,214.214,213.305,212.418,211.552,210.705,209.878,209.068,208.275,207.499,206.739,205.994
448.514,447.415,446.298,445.162,444.008,442.833,441.637,440.42,439.18,437.917,436.628,435.314,433.972,432.601,431.2,429.767,428.301,426.799,425.259,423.68,422.058,420.391,418.676,416.91,415.089,413.209,411.265,409.253,407.167,405,402.746,400.397,397.943,395.374,392.678,389.842,386.85,383.683,380.321,376.741,372.915,368.813,364.402,359.65,354.525,349.004,343.083,336.787,330.179,323.369,316.501,309.734,303.209,297.033,291.268,285.935,281.028,276.52,272.379,268.566,265.047,261.789,258.761,255.938,253.297,250.819,248.486,246.283,244.198,242.219,240.337,238.543,236.83,235.191,233.619,232.11,230.66,229.263,227.916,226.616,225.359,224.143,222.965,221.824,220.716,219.64,218.594,217.577,216.586,215.622,214.681,213.764,212.869,211.994,211.14,210.305,209.488,208.688,207.906,207.139,206.388
448.712,447.617,446.504,445.373,444.223,443.054,441.864,440.652,439.418,438.16,436.878,435.571,434.236,432.873,431.48,430.055,428.598,427.105,425.576,424.007,422.397,420.743,419.041,417.289,415.484,413.62,411.695,409.702,407.637,405.494,403.266,400.945,398.523,395.988,393.331,390.539,387.595,384.484,381.185,377.676,373.931,369.921,365.617,360.983,355.991,350.614,344.843,338.693,332.213,325.499,318.683,311.917,305.348,299.092,293.224,287.778,282.755,278.136,273.89,269.982,266.376,263.039,259.94,257.053,254.355,251.824,249.444,247.199,245.074,243.06,241.146,239.322,237.581,235.916,234.32,232.79,231.318,229.902,228.537,227.22,225.948,224.717,223.525,222.37,221.25,220.162,219.105,218.077,217.076,216.102,215.152,214.226,213.322,212.439,211.577,210.734,209.91,209.104,208.315,207.542,206.785
448.909,447.818,446.709,445.583,444.438,443.273,442.088,440.882,439.654,438.403,437.127,435.826,434.498,433.142,431.757,430.341,428.893,427.41,425.89,424.332,422.733,421.091,419.403,417.665,415.874,414.027,412.119,410.146,408.102,405.982,403.778,401.485,399.093,396.592,393.973,391.222,388.326,385.267,382.028,378.587,374.92,371,366.795,362.276,357.411,352.173,346.549,340.544,334.198,327.589,320.838,314.09,307.491,301.166,295.204,289.649,284.512,279.782,275.43,271.425,267.729,264.311,261.14,258.187,255.43,252.846,250.417,248.128,245.964,243.913,241.965,240.11,238.34,236.649,235.03,233.476,231.984,230.548,229.165,227.831,226.542,225.296,224.09,222.921,221.788,220.688,219.619,218.58,217.569,216.585,215.626,214.69,213.778,212.887,212.017,211.167,210.336,209.522,208.726,207.947,207.183
449.104,448.017,446.914,445.792,444.651,443.492,442.312,441.111,439.889,438.643,437.374,436.079,434.759,433.41,432.033,430.625,429.185,427.711,426.202,424.654,423.067,421.436,419.761,418.036,416.26,414.429,412.539,410.584,408.56,406.462,404.284,402.017,399.654,397.186,394.603,391.893,389.042,386.034,382.853,379.478,375.885,372.049,367.941,363.53,358.787,353.683,348.201,342.341,336.131,329.636,322.962,316.246,309.632,303.252,297.204,291.545,286.298,281.457,276.999,272.894,269.108,265.607,262.361,259.341,256.523,253.884,251.405,249.07,246.865,244.777,242.794,240.908,239.109,237.391,235.747,234.17,232.656,231.201,229.799,228.447,227.142,225.88,224.659,223.477,222.331,221.218,220.138,219.088,218.066,217.072,216.103,215.158,214.237,213.338,212.46,211.602,210.763,209.943,209.14,208.354,207.584
449.299,448.216,447.117,445.999,444.864,443.709,442.534,441.339,440.122,438.882,437.619,436.331,435.017,433.676,432.307,430.907,429.476,428.011,426.511,424.974,423.397,421.778,420.115,418.404,416.643,414.827,412.953,411.017,409.013,406.937,404.782,402.541,400.207,397.771,395.223,392.551,389.744,386.786,383.66,380.347,376.825,373.07,369.054,364.747,360.121,355.146,349.802,344.085,338.012,331.637,325.051,318.381,311.767,305.345,299.221,293.466,288.111,283.16,278.596,274.39,270.512,266.927,263.604,260.515,257.634,254.938,252.408,250.027,247.78,245.653,243.635,241.716,239.888,238.142,236.472,234.872,233.336,231.86,230.439,229.069,227.747,226.47,225.234,224.038,222.878,221.753,220.661,219.599,218.567,217.562,216.583,215.63,214.7,213.792,212.906,212.04,211.194,210.366,209.557,208.764,207.988
449.493,448.414,447.319,446.206,445.075,443.925,442.756,441.565,440.354,439.12,437.863,436.582,435.274,433.94,432.578,431.187,429.764,428.308,426.817,425.29,423.724,422.117,420.466,418.769,417.021,415.221,413.364,411.445,409.461,407.405,405.273,403.058,400.751,398.346,395.832,393.198,390.433,387.522,384.449,381.197,377.743,374.065,370.137,365.93,361.414,356.563,351.354,345.776,339.841,333.59,327.102,320.491,313.891,307.44,301.252,295.408,289.95,284.891,280.221,275.914,271.941,268.27,264.869,261.709,258.763,256.01,253.427,250.998,248.707,246.541,244.487,242.535,240.676,238.902,237.206,235.582,234.023,232.526,231.085,229.697,228.358,227.064,225.814,224.603,223.43,222.292,221.188,220.115,219.071,218.056,217.068,216.104,215.165,214.249,213.355,212.481,211.627,210.792,209.976,209.176,208.394
449.686,448.611,447.52,446.412,445.285,444.14,442.975,441.791,440.585,439.357,438.105,436.83,435.53,434.203,432.848,431.464,430.05,428.603,427.122,425.604,424.049,422.453,420.814,419.129,417.396,415.611,413.769,411.868,409.903,407.868,405.758,403.567,401.288,398.912,396.431,393.833,391.109,388.244,385.222,382.027,378.639,375.035,371.191,367.078,362.67,357.938,352.858,347.417,341.619,335.495,329.112,322.572,316,309.534,303.293,297.368,291.813,286.649,281.873,277.465,273.397,269.638,266.156,262.923,259.912,257.099,254.462,251.984,249.649,247.441,245.35,243.364,241.474,239.671,237.948,236.299,234.718,233.199,231.738,230.332,228.975,227.665,226.399,225.173,223.986,222.835,221.719,220.634,219.579,218.554,217.555,216.582,215.634,214.709,213.806,212.925,212.063,211.221,210.397,209.591,208.802
449.878,448.807,447.72,446.616,445.494,444.354,443.194,442.014,440.814,439.591,438.346,437.077,435.784,434.464,433.116,431.74,430.333,428.895,427.423,425.916,424.371,422.786,421.159,419.487,417.767,415.996,414.171,412.286,410.339,408.325,406.237,404.07,401.816,399.469,397.02,394.458,391.773,388.951,385.979,382.84,379.514,375.981,372.217,368.196,363.889,359.271,354.316,349.008,343.346,337.352,331.08,324.62,318.09,311.622,305.341,299.345,293.698,288.433,283.553,279.043,274.878,271.03,267.466,264.159,261.08,258.205,255.513,252.985,250.604,248.355,246.225,244.204,242.282,240.449,238.699,237.025,235.42,233.879,232.398,230.972,229.598,228.271,226.989,225.748,224.548,223.383,222.254,221.157,220.092,219.055,218.046,217.064,216.106,215.172,214.261,213.371,212.502,211.652,210.821,210.008,209.212
450.069,449.002,447.919,446.819,445.702,444.566,443.412,442.237,441.042,439.825,438.586,437.323,436.036,434.722,433.382,432.014,430.615,429.185,427.722,426.225,424.69,423.116,421.5,419.841,418.134,416.378,414.568,412.7,410.771,408.776,406.709,404.565,402.337,400.018,397.6,395.072,392.425,389.646,386.721,383.635,380.369,376.904,373.217,369.282,365.074,360.565,355.731,350.552,345.023,339.159,333.003,326.633,320.156,313.701,307.391,301.334,295.604,290.241,285.258,280.647,276.386,272.446,268.8,265.416,262.268,259.33,256.581,254.001,251.573,249.281,247.112,245.055,243.1,241.237,239.459,237.759,236.13,234.567,233.065,231.619,230.226,228.882,227.584,226.329,225.114,223.936,222.794,221.685,220.608,219.56,218.541,217.549,216.582,215.639,214.719,213.82,212.943,212.086,211.248,210.428,209.625
450.259,449.196,448.118,447.022,445.909,444.778,443.628,442.458,441.268,440.057,438.824,437.567,436.286,434.98,433.647,432.285,430.895,429.474,428.019,426.531,425.006,423.443,421.839,420.191,418.498,416.755,414.96,413.109,411.198,409.222,407.176,405.054,402.851,400.559,398.171,395.676,393.066,390.327,387.448,384.413,381.206,377.806,374.192,370.341,366.226,361.822,357.103,352.05,346.651,340.917,334.88,328.607,322.195,315.765,309.44,303.333,297.526,292.072,286.989,282.277,277.919,273.888,270.156,266.694,263.475,260.474,257.666,255.033,252.556,250.22,248.012,245.918,243.929,242.035,240.228,238.501,236.848,235.262,233.738,232.273,230.861,229.5,228.185,226.914,225.685,224.493,223.338,222.217,221.128,220.069,219.039,218.037,217.06,216.108,215.179,214.273,213.388,212.522,211.677,210.85,210.04
450.448,449.39,448.315,447.223,446.115,444.988,443.843,442.678,441.494,440.288,439.06,437.81,436.535,435.235,433.909,432.555,431.173,429.759,428.314,426.835,425.32,423.767,422.174,420.539,418.858,417.129,415.349,413.514,411.619,409.662,407.636,405.537,403.358,401.092,398.733,396.27,393.695,390.997,388.162,385.176,382.024,378.686,375.143,371.371,367.347,363.043,358.435,353.503,348.232,342.627,336.712,330.542,324.204,317.81,311.483,305.337,299.464,293.923,288.745,283.934,279.477,275.354,271.536,267.995,264.704,261.636,258.768,256.081,253.555,251.173,248.923,246.792,244.768,242.842,241.006,239.252,237.573,235.964,234.419,232.933,231.503,230.123,228.792,227.505,226.261,225.055,223.887,222.753,221.652,220.582,219.542,218.529,217.542,216.581,215.643,214.728,213.835,212.962,212.109,211.274,210.458
450.637,449.582,448.511,447.424,446.319,445.197,444.057,442.897,441.718,440.517,439.295,438.051,436.782,435.489,434.17,432.823,431.448,430.043,428.607,427.136,425.631,424.089,422.507,420.883,419.215,417.499,415.734,413.914,412.036,410.097,408.091,406.013,403.858,401.618,399.286,396.855,394.314,391.654,388.861,385.924,382.825,379.547,376.072,372.376,368.437,364.23,359.729,354.913,349.767,344.289,338.496,332.435,326.18,319.834,313.517,307.344,301.413,295.793,290.522,285.614,281.061,276.845,272.94,269.318,265.952,262.817,259.888,257.145,254.568,252.14,249.848,247.678,245.619,243.66,241.794,240.012,238.307,236.674,235.107,233.6,232.15,230.753,229.404,228.101,226.842,225.622,224.44,223.293,222.18,221.099,220.047,219.024,218.028,217.057,216.11,215.187,214.285,213.404,212.543,211.702,210.878
450.824,449.773,448.706,447.623,446.523,445.406,444.27,443.115,441.941,440.746,439.529,438.29,437.028,435.741,434.429,433.09,431.722,430.325,428.897,427.436,425.94,424.408,422.836,421.224,419.568,417.866,416.114,414.31,412.449,410.527,408.54,406.484,404.351,402.136,399.832,397.431,394.923,392.3,389.548,386.656,383.609,380.389,376.978,373.356,369.499,365.384,360.986,356.283,351.258,345.905,340.235,334.285,328.12,321.833,315.538,309.349,303.37,297.679,292.321,287.319,282.67,278.361,274.367,270.663,267.222,264.018,261.026,258.225,255.596,253.121,250.786,248.576,246.48,244.488,242.591,240.781,239.05,237.392,235.802,234.274,232.804,231.388,230.022,228.703,227.428,226.193,224.998,223.838,222.713,221.62,220.557,219.523,218.517,217.536,216.58,215.648,214.738,213.849,212.981,212.131,211.301
451.011,449.964,448.901,447.822,446.726,445.613,444.482,443.332,442.162,440.972,439.761,438.528,437.272,435.992,434.686,433.354,431.994,430.605,429.185,427.733,426.246,424.724,423.163,421.562,419.918,418.229,416.491,414.702,412.857,410.952,408.984,406.948,404.837,402.647,400.369,397.997,395.522,392.934,390.223,387.375,384.377,381.212,377.864,374.312,370.534,366.507,362.208,357.613,352.705,347.474,341.927,336.091,330.022,323.803,317.541,311.349,305.333,299.578,294.139,289.046,284.303,279.901,275.818,272.031,268.513,265.239,262.182,259.323,256.64,254.117,251.736,249.486,247.353,245.327,243.398,241.558,239.801,238.118,236.504,234.955,233.465,232.03,230.646,229.31,228.019,226.77,225.56,224.388,223.25,222.145,221.071,220.026,219.009,218.019,217.054,216.113,215.194,214.297,213.421,212.564,211.726
451.197,450.153,449.094,448.019,446.928,445.819,444.692,443.547,442.383,441.198,439.992,438.765,437.515,436.241,434.942,433.617,432.264,430.882,429.471,428.027,426.55,425.037,423.487,421.897,420.265,418.589,416.864,415.089,413.26,411.373,409.423,407.406,405.318,403.151,400.899,398.555,396.112,393.558,390.885,388.08,385.129,382.018,378.73,375.245,371.543,367.601,363.396,358.906,354.111,349,343.574,337.853,331.885,325.743,319.524,313.34,307.298,301.488,295.975,290.794,285.959,281.464,277.293,273.422,269.826,266.479,263.357,260.438,257.7,255.127,252.701,250.409,248.237,246.176,244.215,242.346,240.56,238.852,237.214,235.643,234.132,232.678,231.276,229.923,228.616,227.352,226.128,224.941,223.791,222.674,221.588,220.533,219.506,218.505,217.531,216.58,215.653,214.748,213.863,212.999,212.154
451.382,450.342,449.287,448.216,447.128,446.024,444.902,443.761,442.602,441.422,440.222,439,437.756,436.488,435.196,433.877,432.532,431.158,429.755,428.32,426.851,425.348,423.808,422.229,420.609,418.945,417.234,415.473,413.659,411.788,409.857,407.86,405.792,403.648,401.421,399.105,396.692,394.172,391.536,388.772,385.867,382.808,379.577,376.156,372.527,368.666,364.552,360.162,355.477,350.482,345.176,339.572,333.708,327.649,321.484,315.319,309.262,303.407,297.825,292.562,287.638,283.052,278.791,274.835,271.16,267.74,264.551,261.57,258.776,256.152,253.679,251.344,249.134,247.036,245.042,243.142,241.328,239.594,237.932,236.338,234.806,233.332,231.912,230.541,229.218,227.938,226.7,225.5,224.336,223.207,222.11,221.043,220.005,218.995,218.011,217.051,216.115,215.201,214.309,213.437,212.585
451.566,450.53,449.478,448.411,447.328,446.228,445.11,443.974,442.82,441.645,440.45,439.234,437.996,436.734,435.448,434.136,432.798,431.432,430.036,428.61,427.15,425.657,424.127,422.559,420.95,419.298,417.6,415.853,414.054,412.2,410.285,408.307,406.26,404.138,401.936,399.647,397.263,394.776,392.175,389.451,386.591,383.581,380.405,377.047,373.487,369.705,365.678,361.385,356.805,351.923,346.734,341.246,335.489,329.519,323.417,317.282,311.22,305.329,299.688,294.348,289.338,284.662,280.312,276.271,272.516,269.021,265.764,262.72,259.869,257.192,254.671,252.292,250.042,247.908,245.88,243.949,242.106,240.345,238.658,237.041,235.487,233.993,232.554,231.166,229.825,228.53,227.277,226.063,224.886,223.744,222.635,221.557,220.509,219.488,218.494,217.525,216.58,215.658,214.758,213.878,213.018
451.75,450.717,449.669,448.606,447.527,446.431,445.317,444.186,443.036,441.867,440.678,439.467,438.234,436.978,435.699,434.394,433.063,431.704,430.316,428.898,427.447,425.963,424.443,422.885,421.287,419.647,417.962,416.229,414.445,412.606,410.709,408.749,406.722,404.622,402.444,400.181,397.826,395.37,392.804,390.118,387.301,384.339,381.216,377.918,374.425,370.717,366.774,362.574,358.096,353.324,348.25,342.877,337.229,331.353,325.321,319.226,313.17,307.254,301.561,296.151,291.057,286.294,281.856,277.73,273.893,270.323,266.996,263.888,260.978,258.247,255.678,253.254,250.963,248.791,246.728,244.765,242.892,241.104,239.392,237.751,236.175,234.66,233.202,231.796,230.439,229.127,227.859,226.631,225.441,224.286,223.165,222.075,221.016,219.985,218.981,218.003,217.049,216.118,215.209,214.321,213.454
451.932,450.903,449.859,448.8,447.724,446.633,445.524,444.397,443.252,442.088,440.903,439.698,438.471,437.221,435.948,434.65,433.325,431.974,430.594,429.184,427.742,426.267,424.756,423.209,421.622,419.994,418.321,416.601,414.832,413.009,411.128,409.186,407.179,405.1,402.945,400.708,398.38,395.954,393.423,390.774,387.998,385.082,382.011,378.77,375.341,371.705,367.842,363.731,359.351,354.686,349.724,344.465,338.927,333.149,327.194,321.147,315.109,309.177,303.441,297.966,292.795,287.947,283.422,279.21,275.292,271.646,268.247,265.074,262.105,259.319,256.699,254.23,251.896,249.685,247.587,245.591,243.688,241.872,240.134,238.469,236.87,235.335,233.856,232.432,231.057,229.73,228.446,227.204,226,224.832,223.698,222.597,221.527,220.485,219.471,218.483,217.52,216.58,215.663,214.768,213.892
452.114,451.088,450.048,448.993,447.921,446.834,445.729,444.607,443.466,442.307,441.128,439.928,438.707,437.463,436.195,434.904,433.586,432.242,430.869,429.467,428.034,426.568,425.067,423.53,421.954,420.337,418.677,416.97,415.215,413.407,411.542,409.618,407.63,405.572,403.44,401.227,398.926,396.53,394.031,391.418,388.682,385.81,382.789,379.603,376.236,372.67,368.884,364.859,360.573,356.01,351.157,346.011,340.583,334.906,329.034,323.044,317.032,311.096,305.325,299.794,294.55,289.62,285.01,280.713,276.713,272.989,269.519,266.279,263.248,260.406,257.735,255.219,252.842,250.592,248.457,246.427,244.494,242.649,240.884,239.194,237.573,236.016,234.517,233.074,231.682,230.338,229.039,227.781,226.563,225.382,224.236,223.123,222.042,220.989,219.965,218.967,217.995,217.046,216.121,215.217,214.334
452.295,451.273,450.236,449.184,448.117,447.034,445.933,444.816,443.68,442.525,441.351,440.156,438.941,437.703,436.441,435.156,433.845,432.508,431.143,429.749,428.324,426.867,425.375,423.848,422.283,420.677,419.029,417.335,415.594,413.8,411.952,410.046,408.076,406.038,403.928,401.739,399.464,397.097,394.629,392.052,389.354,386.525,383.552,380.419,377.112,373.612,369.9,365.957,361.763,357.299,352.552,347.516,342.198,336.623,330.838,324.914,318.938,313.006,307.211,301.631,296.32,291.312,286.618,282.237,278.155,274.353,270.81,267.502,264.409,261.51,258.787,256.222,253.801,251.51,249.338,247.274,245.309,243.434,241.643,239.928,238.283,236.704,235.185,233.723,232.313,230.951,229.636,228.364,227.132,225.937,224.779,223.654,222.56,221.497,220.462,219.455,218.473,217.515,216.581,215.669,214.778
452.475,451.457,450.424,449.375,448.312,447.233,446.136,445.023,443.892,442.742,441.573,440.384,439.173,437.941,436.686,435.407,434.103,432.773,431.415,430.029,428.612,427.163,425.681,424.164,422.609,421.014,419.378,417.697,415.969,414.19,412.358,410.468,408.516,406.499,404.41,402.244,399.995,397.656,395.219,392.675,390.015,387.227,384.3,381.218,377.968,374.532,370.892,367.028,362.921,358.553,353.909,348.981,343.772,338.301,332.607,326.754,320.823,314.906,309.096,303.474,298.103,293.021,288.247,283.783,279.619,275.738,272.121,268.745,265.588,262.63,259.853,257.239,254.773,252.441,250.231,248.132,246.134,244.23,242.41,240.669,239.001,237.399,235.859,234.377,232.949,231.571,230.239,228.951,227.705,226.497,225.325,224.188,223.083,222.009,220.963,219.946,218.954,217.987,217.044,216.124,215.225
452.655,451.639,450.61,449.566,448.506,447.431,446.339,445.23,444.103,442.958,441.794,440.61,439.405,438.178,436.929,435.656,434.359,433.036,431.685,430.306,428.898,427.458,425.985,424.477,422.932,421.349,419.724,418.055,416.34,414.576,412.759,410.885,408.952,406.953,404.885,402.742,400.518,398.206,395.799,393.288,390.664,387.916,385.033,382.001,378.806,375.431,371.86,368.072,364.05,359.774,355.23,350.407,345.305,339.938,334.34,328.564,322.685,316.791,310.976,305.321,299.896,294.745,289.894,285.348,281.103,277.144,273.452,270.006,266.785,263.767,260.935,258.271,255.759,253.384,251.135,249,246.97,245.034,243.186,241.419,239.726,238.101,236.54,235.038,233.591,232.195,230.847,229.544,228.283,227.061,225.876,224.726,223.609,222.524,221.468,220.44,219.439,218.463,217.511,216.581,215.674
452.833,451.822,450.796,449.755,448.699,447.628,446.54,445.435,444.313,443.173,442.013,440.834,439.635,438.414,437.171,435.904,434.613,433.297,431.953,430.582,429.181,427.75,426.286,424.787,423.253,421.68,420.067,418.41,416.708,414.958,413.156,411.299,409.382,407.402,405.355,403.234,401.034,398.748,396.37,393.891,391.302,388.593,385.753,382.769,379.627,376.311,372.805,369.091,365.15,360.963,356.515,351.795,346.799,341.536,336.034,330.34,324.521,318.66,312.848,307.17,301.698,296.484,291.558,286.933,282.608,278.57,274.803,271.286,267.999,264.921,262.033,259.318,256.758,254.34,252.051,249.88,247.815,245.848,243.972,242.177,240.459,238.811,237.229,235.706,234.24,232.826,231.461,230.142,228.866,227.63,226.431,225.269,224.14,223.043,221.976,220.938,219.927,218.941,217.98,217.042,216.127
453.011,452.003,450.98,449.943,448.891,447.824,446.74,445.64,444.522,443.386,442.232,441.058,439.864,438.648,437.411,436.15,434.866,433.556,432.22,430.856,429.463,428.04,426.585,425.096,423.571,422.008,420.406,418.762,417.073,415.336,413.549,411.707,409.808,407.846,405.819,403.719,401.543,399.283,396.933,394.485,391.93,389.258,386.459,383.521,380.43,377.172,373.729,370.086,366.222,362.122,357.767,353.147,348.254,343.095,337.692,332.083,326.33,320.51,314.71,309.017,303.506,298.234,293.238,288.537,284.133,280.017,276.174,272.586,269.232,266.093,263.147,260.379,257.771,255.309,252.979,250.77,248.671,246.672,244.766,242.944,241.2,239.529,237.924,236.381,234.895,233.463,232.081,230.745,229.454,228.203,226.991,225.816,224.675,223.566,222.488,221.439,220.418,219.423,218.453,217.506,216.582
453.188,452.183,451.164,450.131,449.083,448.019,446.939,445.843,444.73,443.599,442.449,441.28,440.091,438.881,437.649,436.395,435.116,433.813,432.484,431.128,429.743,428.328,426.881,425.401,423.886,422.334,420.743,419.11,417.434,415.71,413.937,412.111,410.229,408.285,406.277,404.199,402.045,399.81,397.487,395.069,392.547,389.912,387.153,384.26,381.218,378.014,374.633,371.057,367.269,363.251,358.987,354.463,349.672,344.616,339.311,333.791,328.109,322.337,316.559,310.86,305.317,299.994,294.933,290.158,285.677,281.483,277.565,273.905,270.483,267.281,264.278,261.456,258.799,256.291,253.92,251.672,249.538,247.506,245.569,243.719,241.95,240.254,238.626,237.062,235.556,234.105,232.706,231.354,230.047,228.782,227.556,226.367,225.214,224.093,223.004,221.944,220.913,219.908,218.929,217.973,217.041
453.365,452.363,451.347,450.318,449.273,448.213,447.138,446.046,444.937,443.81,442.665,441.501,440.317,439.113,437.886,436.638,435.366,434.069,432.747,431.398,430.02,428.613,427.175,425.704,424.199,422.657,421.077,419.456,417.791,416.081,414.322,412.511,410.645,408.719,406.73,404.672,402.541,400.33,398.034,395.645,393.154,390.554,387.835,384.984,381.99,378.839,375.517,372.006,368.29,364.352,360.175,355.745,351.053,346.098,340.892,335.463,329.858,324.141,318.392,312.695,307.13,301.762,296.641,291.796,287.239,282.968,278.975,275.243,271.753,268.487,265.425,262.548,259.841,257.287,254.873,252.586,250.415,248.35,246.382,244.504,242.707,240.986,239.335,237.749,236.224,234.754,233.337,231.968,230.645,229.365,228.125,226.923,225.757,224.624,223.524,222.453,221.411,220.397,219.408,218.443,217.502
453.54,452.542,451.53,450.503,449.463,448.407,447.335,446.247,445.142,444.02,442.88,441.721,440.542,439.343,438.122,436.88,435.614,434.324,433.008,431.666,430.296,428.897,427.467,426.005,424.509,422.978,421.408,419.798,418.146,416.448,414.703,412.907,411.057,409.148,407.177,405.139,403.03,400.843,398.572,396.211,393.752,391.186,388.504,385.695,382.747,379.647,376.381,372.934,369.288,365.427,361.334,356.995,352.399,347.544,342.436,337.1,331.574,325.919,320.207,314.521,308.941,303.536,298.361,293.449,288.819,284.473,280.404,276.6,273.041,269.71,266.588,263.656,260.897,258.296,255.838,253.511,251.303,249.204,247.205,245.297,243.473,241.727,240.052,238.444,236.898,235.409,233.973,232.587,231.248,229.953,228.699,227.483,226.304,225.16,224.047,222.966,221.913,220.889,219.89,218.916,217.967
453.715,452.72,451.711,450.688,449.651,448.599,447.531,446.448,445.347,444.229,443.094,441.939,440.766,439.572,438.357,437.12,435.86,434.576,433.267,431.932,430.57,429.179,427.757,426.304,424.817,423.295,421.736,420.137,418.497,416.812,415.08,413.299,411.464,409.572,407.619,405.601,403.513,401.349,399.104,396.77,394.341,391.808,389.162,386.393,383.49,380.439,377.228,373.841,370.262,366.475,362.463,358.212,353.71,348.953,343.943,338.7,333.258,327.669,322.002,316.334,310.747,305.313,300.089,295.116,290.415,285.996,281.853,277.975,274.347,270.951,267.768,264.779,261.968,259.319,256.817,254.449,252.203,250.069,248.037,246.099,244.248,242.476,240.777,239.146,237.579,236.07,234.616,233.213,231.857,230.546,229.278,228.048,226.856,225.699,224.575,223.482,222.419,221.384,220.376,219.393,218.434
453.889,452.897,451.892,450.873,449.839,448.791,447.727,446.647,445.551,444.437,443.306,442.157,440.988,439.799,438.59,437.359,436.105,434.827,433.525,432.197,430.842,429.458,428.045,426.6,425.123,423.61,422.061,420.474,418.845,417.172,415.454,413.687,411.867,409.991,408.056,406.057,403.99,401.848,399.627,397.321,394.921,392.42,389.809,387.079,384.219,381.216,378.057,374.728,371.214,367.498,363.565,359.399,354.989,350.326,345.414,340.265,334.908,329.39,323.774,318.133,312.548,307.091,301.824,296.794,292.027,287.536,283.319,279.37,275.672,272.21,268.965,265.919,263.054,260.356,257.808,255.398,253.114,250.944,248.879,246.911,245.031,243.232,241.509,239.856,238.267,236.738,235.265,233.844,232.471,231.145,229.861,228.618,227.412,226.242,225.106,224.002,222.928,221.883,220.865,219.872,218.905
454.063,453.074,452.072,451.056,450.026,448.981,447.921,446.846,445.753,444.644,443.518,442.373,441.209,440.026,438.821,437.596,436.348,435.077,433.781,432.46,431.112,429.736,428.331,426.894,425.426,423.923,422.384,420.807,419.189,417.529,415.824,414.07,412.266,410.406,408.488,406.508,404.461,402.341,400.144,397.863,395.492,393.022,390.446,387.753,384.934,381.977,378.869,375.597,372.145,368.498,364.64,360.557,356.235,351.666,346.849,341.794,336.524,331.081,325.521,319.915,314.338,308.867,303.565,298.483,293.653,289.092,284.804,280.782,277.015,273.486,270.179,267.074,264.156,261.407,258.813,256.36,254.037,251.83,249.732,247.732,245.823,243.997,242.249,240.572,238.961,237.412,235.919,234.48,233.091,231.749,230.45,229.192,227.973,226.79,225.642,224.526,223.441,222.385,221.357,220.355,219.378
454.236,453.25,452.251,451.239,450.212,449.171,448.115,447.043,445.955,444.85,443.728,442.588,441.429,440.251,439.052,437.832,436.59,435.325,434.035,432.721,431.38,430.012,428.614,427.186,425.727,424.233,422.704,421.137,419.531,417.883,416.19,414.45,412.66,410.817,408.916,406.954,404.926,402.828,400.654,398.398,396.054,393.615,391.072,388.416,385.637,382.724,379.666,376.447,373.056,369.475,365.69,361.686,357.45,352.972,348.248,343.287,338.106,332.741,327.243,321.677,316.118,310.639,305.309,300.18,295.292,290.664,286.305,282.213,278.376,274.78,271.409,268.246,265.272,262.472,259.831,257.335,254.971,252.727,250.594,248.563,246.624,244.771,242.997,241.296,239.663,238.092,236.58,235.123,233.716,232.358,231.043,229.771,228.538,227.342,226.182,225.054,223.958,222.891,221.853,220.841,219.855
454.408,453.425,452.43,451.42,450.397,449.36,448.308,447.24,446.156,445.055,443.938,442.802,441.648,440.475,439.281,438.066,436.83,435.571,434.288,432.98,431.646,430.285,428.896,427.476,426.025,424.541,423.021,421.465,419.87,418.233,416.553,414.827,413.051,411.223,409.338,407.394,405.385,403.308,401.157,398.926,396.609,394.199,391.688,389.067,386.327,383.457,380.446,377.28,373.947,370.43,366.715,362.788,358.635,354.245,349.614,344.745,339.654,334.369,328.937,323.418,317.883,312.405,307.053,301.884,296.941,292.251,287.824,283.661,279.754,276.092,272.657,269.434,266.404,263.552,260.863,258.322,255.917,253.636,251.467,249.403,247.434,245.553,243.753,242.027,240.371,238.78,237.248,235.772,234.347,232.972,231.642,230.355,229.108,227.899,226.726,225.586,224.478,223.401,222.352,221.331,220.335
454.579,453.6,452.607,451.601,450.582,449.548,448.499,447.435,446.356,445.259,444.146,443.015,441.866,440.697,439.509,438.3,437.069,435.816,434.539,433.238,431.911,430.557,429.175,427.764,426.321,424.846,423.336,421.79,420.206,418.581,416.913,415.199,413.438,411.624,409.756,407.829,405.84,403.783,401.653,399.446,397.155,394.774,392.294,389.708,387.005,384.177,381.212,378.097,374.819,371.364,367.717,363.864,359.791,355.488,350.946,346.169,341.167,335.965,330.603,325.137,319.632,314.162,308.795,303.593,298.601,293.85,289.357,285.126,281.15,277.421,273.922,270.638,267.551,264.647,261.909,259.323,256.875,254.555,252.351,250.253,248.254,246.344,244.517,242.767,241.087,239.474,237.922,236.426,234.984,233.592,232.246,230.943,229.682,228.46,227.274,226.122,225.003,223.914,222.855,221.824,220.818
454.75,453.773,452.784,451.782,450.766,449.735,448.69,447.63,446.554,445.462,444.353,443.227,442.082,440.919,439.735,438.532,437.307,436.059,434.789,433.494,432.174,430.827,429.453,428.049,426.615,425.149,423.648,422.112,420.539,418.925,417.269,415.569,413.821,412.022,410.17,408.26,406.288,404.251,402.144,399.96,397.694,395.34,392.891,390.338,387.672,384.884,381.963,378.897,375.673,372.277,368.696,364.915,360.92,356.7,352.246,347.559,342.646,337.528,332.239,326.83,321.363,315.908,310.534,305.304,300.268,295.462,290.905,286.607,282.563,278.767,275.203,271.858,268.714,265.756,262.968,260.336,257.846,255.486,253.245,251.114,249.082,247.143,245.289,243.514,241.811,240.175,238.602,237.087,235.627,234.217,232.855,231.537,230.261,229.025,227.826,226.662,225.531,224.431,223.362,222.32,221.305
454.92,453.946,452.96,451.961,450.948,449.922,448.88,447.824,446.752,445.664,444.559,443.437,442.297,441.139,439.961,438.762,437.543,436.301,435.037,433.748,432.435,431.096,429.729,428.333,426.907,425.449,423.958,422.432,420.869,419.266,417.622,415.934,414.2,412.415,410.579,408.685,406.732,404.714,402.628,400.467,398.226,395.899,393.479,390.958,388.327,385.578,382.7,379.681,376.509,373.171,369.653,365.941,362.022,357.882,353.515,348.917,344.092,339.058,333.846,328.498,323.075,317.641,312.267,307.016,301.942,297.084,292.467,288.103,283.993,280.13,276.502,273.095,269.893,266.881,264.042,261.363,258.829,256.429,254.151,251.984,249.921,247.952,246.07,244.268,242.541,240.883,239.289,237.754,236.275,234.848,233.469,232.136,230.845,229.595,228.383,227.206,226.063,224.952,223.872,222.82,221.795
455.089,454.119,453.136,452.14,451.13,450.107,449.069,448.017,446.949,445.865,444.765,443.647,442.512,441.358,440.185,438.991,437.777,436.542,435.283,434.001,432.695,431.362,430.002,428.614,427.197,425.748,424.266,422.749,421.196,419.604,417.972,416.296,414.575,412.805,410.983,409.106,407.171,405.172,403.105,400.967,398.75,396.449,394.058,391.568,388.972,386.261,383.424,380.451,377.329,374.047,370.59,366.945,363.098,359.037,354.753,350.242,345.505,340.556,335.421,330.139,324.764,319.359,313.991,308.726,303.62,298.715,294.041,289.615,285.438,281.509,277.817,274.348,271.088,268.02,265.13,262.403,259.825,257.383,255.067,252.865,250.769,248.77,246.859,245.031,243.28,241.598,239.982,238.428,236.929,235.484,234.089,232.74,231.434,230.17,228.944,227.755,226.6,225.477,224.385,223.323,222.288
455.257,454.29,453.31,452.318,451.312,450.292,449.258,448.209,447.145,446.065,444.969,443.856,442.725,441.576,440.407,439.219,438.011,436.781,435.528,434.252,432.952,431.627,430.274,428.894,427.484,426.044,424.571,423.064,421.521,419.94,418.319,416.655,414.947,413.191,411.384,409.523,407.604,405.624,403.578,401.46,399.267,396.992,394.628,392.169,389.606,386.931,384.135,381.206,378.133,374.904,371.506,367.926,364.149,360.165,355.962,351.535,346.885,342.021,336.965,331.752,326.431,321.06,315.706,310.433,305.3,300.353,295.627,291.14,286.899,282.905,279.148,275.617,272.298,269.174,266.232,263.456,260.833,258.35,255.995,253.757,251.627,249.597,247.657,245.803,244.026,242.321,240.683,239.107,237.59,236.127,234.714,233.349,232.028,230.749,229.51,228.307,227.14,226.006,224.903,223.83,222.785
455.425,454.461,453.484,452.495,451.492,450.476,449.445,448.4,447.34,446.264,445.172,444.063,442.937,441.792,440.629,439.446,438.243,437.018,435.772,434.502,433.208,431.889,430.544,429.171,427.77,426.337,424.873,423.376,421.842,420.272,418.662,417.011,415.315,413.573,411.78,409.935,408.033,406.071,404.044,401.948,399.777,397.527,395.19,392.761,390.23,387.591,384.833,381.947,378.921,375.744,372.403,368.885,365.177,361.266,357.142,352.798,348.233,343.454,338.479,333.337,328.073,322.742,317.407,312.133,306.98,301.997,297.222,292.677,288.375,284.316,280.496,276.902,273.523,270.344,267.349,264.524,261.855,259.329,256.934,254.659,252.495,250.433,248.464,246.582,244.779,243.051,241.39,239.794,238.257,236.775,235.345,233.963,232.627,231.333,230.08,228.864,227.684,226.538,225.424,224.34,223.285
455.593,454.631,453.658,452.671,451.672,450.659,449.632,448.59,447.534,446.462,445.374,444.269,443.148,442.008,440.849,439.671,438.473,437.255,436.014,434.75,433.463,432.151,430.812,429.447,428.053,426.629,425.174,423.685,422.162,420.602,419.003,417.363,415.68,413.951,412.173,410.342,408.457,406.512,404.505,402.429,400.281,398.055,395.745,393.344,390.845,388.239,385.519,382.674,379.694,376.567,373.281,369.823,366.181,362.342,358.295,354.032,349.551,344.856,339.961,334.892,329.689,324.404,319.095,313.826,308.659,303.645,298.825,294.227,289.864,285.743,281.859,278.204,274.765,271.528,268.48,265.605,262.889,260.319,257.884,255.572,253.374,251.279,249.28,247.37,245.541,243.788,242.105,240.487,238.93,237.429,235.981,234.583,233.231,231.922,230.655,229.426,228.233,227.075,225.949,224.854,223.788
455.759,454.801,453.83,452.847,451.851,450.841,449.818,448.78,447.727,446.659,445.575,444.475,443.357,442.222,441.068,439.896,438.703,437.489,436.254,434.997,433.716,432.41,431.079,429.721,428.334,426.918,425.472,423.992,422.478,420.929,419.341,417.712,416.041,414.325,412.561,410.746,408.876,406.949,404.96,402.905,400.778,398.576,396.291,393.918,391.449,388.878,386.194,383.389,380.453,377.374,374.142,370.742,367.163,363.393,359.42,355.237,350.838,346.225,341.412,336.418,331.28,326.044,320.766,315.51,310.334,305.295,300.435,295.786,291.367,287.184,283.238,279.521,276.022,272.728,269.626,266.7,263.936,261.323,258.847,256.497,254.262,252.135,250.105,248.166,246.311,244.533,242.827,241.187,239.609,238.089,236.623,235.208,233.84,232.516,231.234,229.991,228.786,227.615,226.478,225.372,224.295
455.925,454.97,454.002,453.022,452.029,451.023,450.003,448.968,447.919,446.855,445.775,444.679,443.566,442.435,441.286,440.119,438.931,437.723,436.494,435.242,433.967,432.668,431.343,429.992,428.614,427.206,425.767,424.297,422.793,421.253,419.675,418.058,416.399,414.696,412.946,411.145,409.291,407.381,405.41,403.374,401.269,399.09,396.83,394.484,392.045,389.506,386.857,384.091,381.198,378.166,374.985,371.642,368.124,364.421,360.521,356.414,352.095,347.565,342.832,337.914,332.843,327.66,322.42,317.181,312.004,306.945,302.051,297.355,292.881,288.639,284.631,280.853,277.294,273.943,270.786,267.808,264.997,262.339,259.821,257.432,255.162,253,250.94,248.972,247.089,245.286,243.556,241.894,240.295,238.756,237.271,235.838,234.454,233.115,231.818,230.562,229.343,228.16,227.011,225.893,224.806
456.091,455.138,454.173,453.196,452.206,451.203,450.187,449.156,448.111,447.051,445.975,444.883,443.774,442.648,441.503,440.34,439.158,437.955,436.731,435.485,434.217,432.924,431.606,430.262,428.891,427.491,426.061,424.599,423.104,421.574,420.007,418.401,416.754,415.063,413.326,411.54,409.702,407.808,405.855,403.838,401.754,399.597,397.361,395.042,392.632,390.124,387.51,384.782,381.929,378.943,375.811,372.523,369.065,365.426,361.596,357.563,353.323,348.874,344.221,339.38,334.378,329.253,324.054,318.839,313.667,308.594,303.67,298.932,294.406,290.107,286.039,282.2,278.582,275.173,271.961,268.931,266.071,263.367,260.807,258.378,256.071,253.876,251.783,249.786,247.875,246.046,244.292,242.607,240.988,239.428,237.925,236.475,235.073,233.718,232.407,231.136,229.904,228.709,227.547,226.418,225.32
456.255,455.305,454.344,453.37,452.383,451.383,450.37,449.343,448.301,447.245,446.173,445.085,443.98,442.859,441.719,440.561,439.383,438.186,436.968,435.728,434.465,433.179,431.867,430.531,429.167,427.774,426.353,424.899,423.414,421.893,420.336,418.741,417.106,415.427,413.704,411.932,410.108,408.231,406.295,404.297,402.233,400.097,397.886,395.592,393.21,390.732,388.152,385.46,382.648,379.705,376.622,373.386,369.986,366.41,362.647,358.687,354.524,350.153,345.58,340.817,335.885,330.821,325.668,320.482,315.32,310.239,305.29,300.515,295.941,291.587,287.461,283.562,279.884,276.417,273.15,270.068,267.159,264.408,261.805,259.336,256.992,254.761,252.636,250.608,248.67,246.815,245.036,243.328,241.687,240.107,238.585,237.116,235.698,234.327,233.001,231.716,230.47,229.262,228.088,226.948,225.838
456.419,455.472,454.513,453.543,452.559,451.563,450.553,449.529,448.491,447.438,446.37,445.286,444.186,443.069,441.934,440.78,439.608,438.416,437.203,435.968,434.712,433.431,432.127,430.797,429.44,428.056,426.642,425.197,423.72,422.21,420.663,419.079,417.454,415.788,414.077,412.319,410.51,408.649,406.73,404.75,402.706,400.592,398.403,396.134,393.78,391.332,388.784,386.127,383.354,380.454,377.417,374.232,370.887,367.372,363.675,359.786,355.697,351.404,346.91,342.223,337.364,332.362,327.26,322.108,316.962,311.879,306.911,302.102,297.484,293.078,288.896,284.938,281.201,277.677,274.354,271.219,268.26,265.463,262.815,260.306,257.923,255.657,253.499,251.44,249.473,247.591,245.787,244.056,242.393,240.792,239.251,237.764,236.329,234.941,233.599,232.3,231.04,229.819,228.633,227.48,226.36
456.583,455.638,454.683,453.715,452.734,451.741,450.734,449.714,448.68,447.631,446.567,445.487,444.391,443.278,442.147,440.998,439.831,438.644,437.436,436.208,434.957,433.683,432.385,431.062,429.712,428.335,426.929,425.493,424.025,422.523,420.987,419.413,417.8,416.145,414.447,412.702,410.908,409.062,407.16,405.198,403.173,401.08,398.914,396.669,394.341,391.922,389.406,386.784,384.048,381.189,378.197,375.061,371.771,368.314,364.681,360.86,356.844,352.627,348.211,343.601,338.814,333.878,328.829,323.716,318.591,313.512,308.531,303.693,299.035,294.58,290.343,286.327,282.533,278.951,275.572,272.384,269.374,266.53,263.838,261.287,258.865,256.564,254.372,252.282,250.285,248.376,246.546,244.791,243.105,241.484,239.923,238.417,236.964,235.561,234.203,232.889,231.615,230.38,229.182,228.017,226.886
