N2 dmu_drho [uPa_s/kg/m3] Mixed
0.059943,0.0495901,0.0482014,0.0473035,0.0466238,0.0460705,0.0456006,0.0451902,0.0448246,0.0444942,0.0441921,0.0439134,0.0436543,0.0434121,0.0431845,0.0429695,0.0427658,0.0425721,0.0423873,0.0422106,0.0420412,0.0418785,0.0417219,0.041571,0.0414252,0.0412843,0.0411478,0.0410156,0.0408872,0.0407624,0.0406411,0.040523,0.0404079,0.0402958,0.0401863,0.0400794,0.039975,0.0398728,0.0397729,0.0396751,0.0395793,0.0394855,0.0393935,0.0393032,0.0392147,0.0391277,0.0390423,0.0389585,0.038876,0.038795,0.0387153,0.0386369,0.0385597,0.0384837,0.0384089,0.0383352,0.0382626,0.0381911,0.0381205,0.038051,0.0379824,0.0379148,0.0378481,0.0377822,0.0377172,0.037653,0.0375896,0.037527,0.0374652,0.0374041,0.0373438,0.0372841,0.0372251,0.0371669,0.0371092,0.0370522,0.0369958,0.0369401,0.0368849,0.0368303,0.0367763,0.0367228,0.0366699,0.0366175,0.0365656,0.0365143,0.0364634,0.036413,0.0363631,0.0363137,0.0362647,0.0362162,0.0361681,0.0361204,0.0360732,0.0360264,0.03598,0.035934,0.0358884,0.0358432,0.0357983
0.0662244,0.0504536,0.0486699,0.0476422,0.0468955,0.0463006,0.0458019,0.0453704,0.0449885,0.044645,0.0443323,0.0440447,0.0437781,0.0435293,0.0432959,0.0430759,0.0428677,0.0426699,0.0424815,0.0423015,0.0421291,0.0419637,0.0418046,0.0416513,0.0415034,0.0413604,0.041222,0.041088,0.0409579,0.0408316,0.0407088,0.0405893,0.040473,0.0403595,0.0402489,0.0401409,0.0400353,0.0399322,0.0398313,0.0397326,0.0396359,0.0395412,0.0394484,0.0393573,0.039268,0.0391803,0.0390943,0.0390097,0.0389266,0.0388449,0.0387646,0.0386856,0.0386079,0.0385313,0.038456,0.0383818,0.0383087,0.0382367,0.0381657,0.0380957,0.0380266,0.0379586,0.0378914,0.0378251,0.0377597,0.0376952,0.0376314,0.0375684,0.0375063,0.0374448,0.0373841,0.0373241,0.0372648,0.0372062,0.0371483,0.037091,0.0370343,0.0369782,0.0369228,0.0368679,0.0368136,0.0367599,0.0367067,0.036654,0.0366019,0.0365503,0.0364992,0.0364486,0.0363984,0.0363488,0.0362996,0.0362508,0.0362025,0.0361547,0.0361072,0.0360602,0.0360136,0.0359674,0.0359216,0.0358762,0.0358311
0.0677288,0.0518158,0.0492244,0.0480178,0.0471883,0.0465444,0.0460131,0.045558,0.0451583,0.0448007,0.0444765,0.0441793,0.0439046,0.043649,0.0434095,0.0431843,0.0429713,0.0427694,0.0425772,0.0423938,0.0422183,0.04205,0.0418882,0.0417325,0.0415824,0.0414373,0.041297,0.0411611,0.0410294,0.0409015,0.0407772,0.0406562,0.0405385,0.0404238,0.040312,0.0402028,0.0400962,0.039992,0.0398901,0.0397904,0.0396928,0.0395973,0.0395036,0.0394117,0.0393217,0.0392332,0.0391465,0.0390612,0.0389775,0.0388951,0.0388142,0.0387346,0.0386563,0.0385792,0.0385033,0.0384286,0.038355,0.0382824,0.038211,0.0381405,0.038071,0.0380025,0.0379349,0.0378682,0.0378024,0.0377375,0.0376733,0.03761,0.0375474,0.0374857,0.0374246,0.0373643,0.0373047,0.0372457,0.0371875,0.0371298,0.0370729,0.0370165,0.0369608,0.0369056,0.036851,0.036797,0.0367436,0.0366907,0.0366383,0.0365864,0.0365351,0.0364842,0.0364339,0.036384,0.0363345,0.0362856,0.0362371,0.036189,0.0361413,0.0360941,0.0360473,0.0360009,0.0359549,0.0359093,0.0358641
0.0687385,0.05722,0.0499123,0.0484414,0.0475064,0.0468043,0.0462355,0.0457539,0.0453344,0.0449615,0.0446248,0.0443175,0.0440342,0.0437712,0.0435255,0.0432946,0.0430768,0.0428705,0.0426743,0.0424874,0.0423086,0.0421374,0.0419729,0.0418147,0.0416622,0.041515,0.0413728,0.041235,0.0411015,0.0409719,0.0408461,0.0407237,0.0406046,0.0404886,0.0403755,0.0402652,0.0401575,0.0400522,0.0399493,0.0398487,0.0397502,0.0396537,0.0395592,0.0394665,0.0393756,0.0392865,0.0391989,0.039113,0.0390286,0.0389456,0.038864,0.0387838,0.0387049,0.0386273,0.0385508,0.0384756,0.0384015,0.0383284,0.0382565,0.0381856,0.0381156,0.0380467,0.0379786,0.0379115,0.0378453,0.03778,0.0377154,0.0376517,0.0375888,0.0375266,0.0374652,0.0374046,0.0373446,0.0372854,0.0372268,0.0371689,0.0371116,0.0370549,0.0369989,0.0369435,0.0368886,0.0368343,0.0367806,0.0367274,0.0366748,0.0366227,0.0365711,0.03652,0.0364694,0.0364193,0.0363696,0.0363204,0.0362717,0.0362234,0.0361755,0.0361281,0.0360811,0.0360345,0.0359883,0.0359425,0.0358971
0.0695225,0.0653047,0.050839,0.0489297,0.0478555,0.0470827,0.0464703,0.045959,0.0455176,0.0451278,0.0447778,0.0444595,0.0441671,0.0438963,0.0436438,0.0434071,0.0431842,0.0429733,0.042773,0.0425824,0.0424003,0.042226,0.0420587,0.0418979,0.041743,0.0415936,0.0414493,0.0413096,0.0411743,0.0410431,0.0409157,0.0407918,0.0406713,0.040554,0.0404396,0.0403281,0.0402192,0.0401129,0.0400089,0.0399073,0.0398078,0.0397105,0.0396151,0.0395216,0.0394299,0.03934,0.0392517,0.0391651,0.03908,0.0389964,0.0389141,0.0388333,0.0387538,0.0386756,0.0385986,0.0385228,0.0384482,0.0383746,0.0383022,0.0382308,0.0381604,0.038091,0.0380225,0.037955,0.0378884,0.0378226,0.0377577,0.0376936,0.0376303,0.0375678,0.037506,0.037445,0.0373847,0.0373251,0.0372662,0.037208,0.0371504,0.0370935,0.0370371,0.0369814,0.0369263,0.0368717,0.0368177,0.0367643,0.0367114,0.036659,0.0366072,0.0365559,0.036505,0.0364547,0.0364048,0.0363554,0.0363064,0.0362579,0.0362098,0.0361622,0.036115,0.0360682,0.0360218,0.0359758,0.0359302
0.0701737,0.0670701,0.0523359,0.0495107,0.0482438,0.0473832,0.0467196,0.0461742,0.0457084,0.0453001,0.0449356,0.0446055,0.0443033,0.0440242,0.0437647,0.0435219,0.0432935,0.0430778,0.0428733,0.0426788,0.0424932,0.0423157,0.0421456,0.0419821,0.0418248,0.0416731,0.0415267,0.041385,0.0412479,0.0411149,0.0409859,0.0408605,0.0407385,0.0406198,0.0405042,0.0403914,0.0402814,0.040174,0.040069,0.0399663,0.0398659,0.0397676,0.0396714,0.039577,0.0394845,0.0393938,0.0393048,0.0392175,0.0391317,0.0390474,0.0389645,0.0388831,0.038803,0.0387242,0.0386466,0.0385703,0.0384951,0.0384211,0.0383481,0.0382762,0.0382054,0.0381355,0.0380666,0.0379986,0.0379316,0.0378654,0.0378001,0.0377356,0.037672,0.0376091,0.037547,0.0374856,0.037425,0.0373651,0.0373058,0.0372473,0.0371894,0.0371321,0.0370755,0.0370195,0.0369641,0.0369092,0.036855,0.0368013,0.0367481,0.0366955,0.0366434,0.0365918,0.0365407,0.0364901,0.03644,0.0363904,0.0363412,0.0362925,0.0362442,0.0361963,0.0361489,0.0361019,0.0360553,0.0360091,0.0359633
0.070736,0.0681885,0.0571644,0.050237,0.0486829,0.0477102,0.0469854,0.0464009,0.0459077,0.045479,0.0450986,0.0447558,0.0444431,0.0441553,0.0438883,0.0436389,0.0434049,0.0431842,0.0429752,0.0427767,0.0425875,0.0424067,0.0422336,0.0420674,0.0419075,0.0417535,0.0416049,0.0414612,0.0413222,0.0411874,0.0410567,0.0409298,0.0408064,0.0406863,0.0405693,0.0404553,0.0403441,0.0402355,0.0401295,0.0400258,0.0399244,0.0398252,0.039728,0.0396328,0.0395395,0.039448,0.0393582,0.0392701,0.0391836,0.0390987,0.0390152,0.0389331,0.0388524,0.038773,0.0386948,0.0386179,0.0385422,0.0384677,0.0383942,0.0383219,0.0382505,0.0381802,0.0381109,0.0380425,0.037975,0.0379084,0.0378427,0.0377778,0.0377138,0.0376505,0.0375881,0.0375263,0.0374654,0.0374051,0.0373455,0.0372867,0.0372285,0.0371709,0.037114,0.0370577,0.037002,0.0369469,0.0368923,0.0368384,0.0367849,0.0367321,0.0366797,0.0366279,0.0365766,0.0365257,0.0364754,0.0364255,0.0363761,0.0363271,0.0362786,0.0362306,0.0361829,0.0361357,0.0360889,0.0360425,0.0359966
0.0712343,0.0690355,0.0643188,0.0512256,0.0491909,0.0480699,0.0472706,0.0466406,0.0461164,0.0456651,0.0452673,0.0449107,0.0445868,0.0442896,0.0440146,0.0437585,0.0435185,0.0432925,0.0430789,0.0428762,0.0426832,0.0424991,0.0423228,0.0421537,0.0419913,0.0418348,0.0416839,0.0415382,0.0413972,0.0412607,0.0411283,0.0409997,0.0408748,0.0407533,0.0406349,0.0405197,0.0404072,0.0402975,0.0401904,0.0400857,0.0399833,0.0398831,0.039785,0.0396889,0.0395948,0.0395025,0.039412,0.0393231,0.0392359,0.0391502,0.0390661,0.0389833,0.038902,0.038822,0.0387433,0.0386659,0.0385896,0.0385145,0.0384406,0.0383677,0.0382959,0.0382251,0.0381553,0.0380865,0.0380186,0.0379516,0.0378854,0.0378202,0.0377557,0.0376921,0.0376293,0.0375672,0.0375059,0.0374453,0.0373854,0.0373262,0.0372677,0.0372098,0.0371526,0.037096,0.03704,0.0369846,0.0369298,0.0368755,0.0368219,0.0367687,0.0367161,0.036664,0.0366125,0.0365614,0.0365108,0.0364607,0.0364111,0.0363619,0.0363132,0.0362649,0.0362171,0.0361697,0.0361227,0.0360761,0.0360299
0.0716838,0.069729,0.0663855,0.0528409,0.0497984,0.0484707,0.0475788,0.0468952,0.0463356,0.045859,0.0454422,0.0450706,0.0447346,0.0444274,0.044144,0.0438806,0.0436343,0.0434028,0.0431843,0.0429773,0.0427804,0.0425927,0.0424132,0.0422412,0.042076,0.0419171,0.0417639,0.041616,0.041473,0.0413346,0.0412005,0.0410703,0.0409438,0.0408208,0.0407011,0.0405846,0.0404709,0.04036,0.0402517,0.040146,0.0400425,0.0399414,0.0398424,0.0397454,0.0396504,0.0395573,0.039466,0.0393764,0.0392884,0.0392021,0.0391172,0.0390339,0.0389519,0.0388713,0.038792,0.038714,0.0386372,0.0385616,0.0384871,0.0384137,0.0383414,0.0382702,0.0381999,0.0381306,0.0380623,0.0379949,0.0379284,0.0378627,0.0377979,0.0377339,0.0376707,0.0376082,0.0375466,0.0374856,0.0374254,0.0373659,0.037307,0.0372489,0.0371913,0.0371344,0.0370781,0.0370225,0.0369674,0.0369129,0.0368589,0.0368055,0.0367526,0.0367003,0.0366485,0.0365972,0.0365464,0.036496,0.0364462,0.0363968,0.0363478,0.0362993,0.0362513,0.0362037,0.0361565,0.0361097,0.0360633
0.0720949,0.0703223,0.0676242,0.0571451,0.050562,0.0489252,0.0479147,0.047167,0.0465667,0.0460617,0.0456238,0.0452359,0.0448869,0.0445689,0.0442765,0.0440054,0.0437525,0.0435152,0.0432916,0.04308,0.0428791,0.0426877,0.0425049,0.0423298,0.0421619,0.0420004,0.0418448,0.0416947,0.0415497,0.0414093,0.0412734,0.0411415,0.0410135,0.040889,0.0407679,0.04065,0.040535,0.040423,0.0403135,0.0402067,0.0401022,0.0400001,0.0399001,0.0398023,0.0397064,0.0396125,0.0395204,0.03943,0.0393413,0.0392542,0.0391687,0.0390847,0.0390021,0.0389209,0.038841,0.0387624,0.038685,0.0386089,0.0385339,0.03846,0.0383872,0.0383155,0.0382447,0.038175,0.0381062,0.0380384,0.0379714,0.0379054,0.0378402,0.0377758,0.0377122,0.0376494,0.0375874,0.0375261,0.0374655,0.0374057,0.0373465,0.037288,0.0372302,0.037173,0.0371164,0.0370604,0.0370051,0.0369503,0.0368961,0.0368424,0.0367893,0.0367367,0.0366846,0.0366331,0.036582,0.0365314,0.0364814,0.0364317,0.0363826,0.0363339,0.0362856,0.0362378,0.0361903,0.0361433,0.0360968
0.0724747,0.0708445,0.0685393,0.0633113,0.0516084,0.0494528,0.0482848,0.0474589,0.0468112,0.0462741,0.0458128,0.0454071,0.0450438,0.0447143,0.0444123,0.0441331,0.0438732,0.0436299,0.0434009,0.0431846,0.0429794,0.0427842,0.0425979,0.0424197,0.0422488,0.0420846,0.0419266,0.0417743,0.0416271,0.0414848,0.041347,0.0412134,0.0410837,0.0409577,0.0408352,0.0407159,0.0405997,0.0404864,0.0403758,0.0402679,0.0401624,0.0400592,0.0399583,0.0398595,0.0397628,0.039668,0.0395751,0.0394839,0.0393945,0.0393067,0.0392204,0.0391357,0.0390525,0.0389707,0.0388902,0.038811,0.0387331,0.0386564,0.0385808,0.0385065,0.0384332,0.0383609,0.0382898,0.0382196,0.0381503,0.0380821,0.0380147,0.0379482,0.0378826,0.0378179,0.0377539,0.0376907,0.0376284,0.0375667,0.0375058,0.0374456,0.0373861,0.0373273,0.0372692,0.0372117,0.0371548,0.0370985,0.0370429,0.0369878,0.0369333,0.0368794,0.036826,0.0367732,0.0367209,0.0366691,0.0366178,0.0365669,0.0365166,0.0364668,0.0364174,0.0363685,0.03632,0.0362719,0.0362243,0.0361771,0.0361303
0.0728286,0.0713132,0.0692778,0.0656814,0.0533118,0.0500859,0.0486981,0.0477748,0.0470712,0.0464974,0.0460099,0.0455845,0.0452059,0.044864,0.0445517,0.0442638,0.0439965,0.0437468,0.0435122,0.0432909,0.0430813,0.0428821,0.0426922,0.0425107,0.0423369,0.04217,0.0420094,0.0418547,0.0417054,0.0415611,0.0414214,0.041286,0.0411547,0.0410271,0.0409031,0.0407824,0.0406649,0.0405503,0.0404386,0.0403295,0.0402229,0.0401187,0.0400168,0.0399171,0.0398195,0.0397238,0.0396301,0.0395381,0.0394479,0.0393594,0.0392725,0.0391871,0.0391032,0.0390207,0.0389396,0.0388598,0.0387814,0.0387041,0.038628,0.0385531,0.0384793,0.0384066,0.038335,0.0382643,0.0381946,0.0381259,0.0380581,0.0379913,0.0379253,0.0378601,0.0377958,0.0377322,0.0376695,0.0376075,0.0375462,0.0374857,0.0374259,0.0373668,0.0373083,0.0372505,0.0371933,0.0371368,0.0370808,0.0370255,0.0369707,0.0369165,0.0368629,0.0368098,0.0367572,0.0367051,0.0366536,0.0366026,0.036552,0.0365019,0.0364523,0.0364032,0.0363545,0.0363062,0.0362584,0.036211,0.036164
0.0731605,0.0717401,0.0699037,0.0670481,0.0571355,0.050885,0.0491678,0.0481196,0.0473489,0.0467328,0.046216,0.0457689,0.0453735,0.0450181,0.0446948,0.0443977,0.0441226,0.0438661,0.0436256,0.0433991,0.0431849,0.0429815,0.0427879,0.0426031,0.0424261,0.0422564,0.0420932,0.0419361,0.0417845,0.0416381,0.0414965,0.0413593,0.0412263,0.0410971,0.0409716,0.0408495,0.0407306,0.0406148,0.0405018,0.0403916,0.0402839,0.0401787,0.0400758,0.0399751,0.0398766,0.03978,0.0396854,0.0395927,0.0395017,0.0394124,0.0393248,0.0392387,0.0391542,0.039071,0.0389893,0.0389089,0.0388299,0.0387521,0.0386754,0.0386,0.0385257,0.0384525,0.0383804,0.0383092,0.0382391,0.03817,0.0381018,0.0380345,0.037968,0.0379025,0.0378378,0.0377739,0.0377107,0.0376484,0.0375868,0.0375259,0.0374658,0.0374063,0.0373475,0.0372894,0.0372319,0.0371751,0.0371189,0.0370632,0.0370082,0.0369537,0.0368998,0.0368465,0.0367936,0.0367413,0.0366895,0.0366383,0.0365875,0.0365372,0.0364873,0.0364379,0.036389,0.0363406,0.0362925,0.0362449,0.0361977
0.0734736,0.0721333,0.0704509,0.0680352,0.0623636,0.0519817,0.0497144,0.0485,0.0476476,0.0469822,0.0464321,0.0459608,0.045547,0.0451771,0.044842,0.0445351,0.0442516,0.043988,0.0437413,0.0435093,0.0432903,0.0430826,0.0428851,0.0426967,0.0425166,0.0423439,0.042178,0.0420184,0.0418646,0.041716,0.0415724,0.0414333,0.0412986,0.0411678,0.0410407,0.0409171,0.0407969,0.0406797,0.0405655,0.0404541,0.0403453,0.040239,0.0401351,0.0400335,0.039934,0.0398366,0.0397411,0.0396476,0.0395558,0.0394658,0.0393774,0.0392906,0.0392054,0.0391216,0.0390393,0.0389583,0.0388786,0.0388002,0.0387231,0.0386471,0.0385723,0.0384986,0.038426,0.0383544,0.0382838,0.0382142,0.0381456,0.0380778,0.038011,0.037945,0.0378799,0.0378156,0.0377522,0.0376895,0.0376275,0.0375663,0.0375058,0.037446,0.0373869,0.0373285,0.0372707,0.0372136,0.037157,0.0371011,0.0370458,0.0369911,0.0369369,0.0368833,0.0368302,0.0367776,0.0367256,0.0366741,0.036623,0.0365725,0.0365224,0.0364728,0.0364237,0.036375,0.0363267,0.0362789,0.0362315
0.0737703,0.0724986,0.0709395,0.068821,0.0649696,0.0537347,0.050372,0.0489256,0.0479711,0.0472474,0.0466593,0.046161,0.045727,0.0453413,0.0449934,0.044676,0.0443837,0.0441125,0.0438593,0.0436216,0.0433975,0.0431853,0.0429838,0.0427917,0.0426083,0.0424325,0.0422639,0.0421017,0.0419455,0.0417948,0.0416491,0.0415081,0.0413715,0.0412391,0.0411104,0.0409854,0.0408637,0.0407452,0.0406298,0.0405171,0.0404072,0.0402998,0.0401949,0.0400923,0.0399918,0.0398935,0.0397972,0.0397028,0.0396102,0.0395194,0.0394303,0.0393428,0.0392569,0.0391725,0.0390895,0.0390079,0.0389276,0.0388487,0.038771,0.0386944,0.0386191,0.0385449,0.0384718,0.0383997,0.0383287,0.0382586,0.0381895,0.0381214,0.0380541,0.0379878,0.0379223,0.0378576,0.0377937,0.0377307,0.0376684,0.0376068,0.037546,0.0374859,0.0374264,0.0373677,0.0373096,0.0372522,0.0371953,0.0371391,0.0370835,0.0370285,0.0369741,0.0369202,0.0368668,0.036814,0.0367617,0.03671,0.0366587,0.0366079,0.0365576,0.0365078,0.0364584,0.0364095,0.0363611,0.036313,0.0362654
0.0740527,0.0728406,0.0713828,0.0694809,0.0664641,0.0571299,0.0512032,0.04941,0.0483246,0.0475311,0.0468991,0.0463705,0.0459141,0.0455111,0.0451495,0.0448208,0.0445191,0.0442399,0.0439798,0.0437361,0.0435067,0.0432898,0.043084,0.0428882,0.0427012,0.0425224,0.0423509,0.042186,0.0420274,0.0418744,0.0417266,0.0415837,0.0414452,0.041311,0.0411808,0.0410542,0.0409311,0.0408112,0.0406945,0.0405806,0.0404695,0.0403611,0.0402551,0.0401514,0.04005,0.0399508,0.0398536,0.0397583,0.039665,0.0395734,0.0394835,0.0393953,0.0393087,0.0392236,0.03914,0.0390577,0.0389769,0.0388973,0.0388191,0.038742,0.0386661,0.0385914,0.0385178,0.0384452,0.0383737,0.0383032,0.0382337,0.0381651,0.0380974,0.0380307,0.0379648,0.0378997,0.0378355,0.037772,0.0377094,0.0376475,0.0375863,0.0375258,0.0374661,0.037407,0.0373486,0.0372909,0.0372338,0.0371773,0.0371214,0.0370661,0.0370113,0.0369572,0.0369036,0.0368505,0.036798,0.036746,0.0366945,0.0366434,0.0365929,0.0365429,0.0364933,0.0364442,0.0363955,0.0363472,0.0362994
0.0743222,0.0731625,0.0717898,0.0700539,0.0675252,0.06155,0.0523399,0.0499747,0.0487151,0.0478363,0.0471532,0.0465902,0.0461089,0.045687,0.0453104,0.0449697,0.0446579,0.0443702,0.0441028,0.0438528,0.0436178,0.043396,0.0431859,0.0429861,0.0427956,0.0426135,0.042439,0.0422714,0.0421102,0.0419549,0.0418049,0.04166,0.0415197,0.0413837,0.0412518,0.0411236,0.0409991,0.0408778,0.0407597,0.0406446,0.0405324,0.0404227,0.0403157,0.040211,0.0401086,0.0400085,0.0399104,0.0398143,0.0397201,0.0396277,0.0395371,0.0394481,0.0393608,0.039275,0.0391907,0.0391078,0.0390264,0.0389462,0.0388674,0.0387898,0.0387134,0.0386381,0.038564,0.0384909,0.038419,0.038348,0.038278,0.038209,0.0381409,0.0380737,0.0380074,0.037942,0.0378773,0.0378135,0.0377505,0.0376882,0.0376267,0.0375659,0.0375059,0.0374465,0.0373878,0.0373297,0.0372723,0.0372155,0.0371593,0.0371037,0.0370487,0.0369943,0.0369405,0.0368871,0.0368343,0.0367821,0.0367303,0.0366791,0.0366283,0.036578,0.0365282,0.0364789,0.03643,0.0363815,0.0363335
0.0745804,0.0734671,0.072167,0.0705632,0.0683597,0.0642675,0.0541035,0.0506548,0.0491525,0.0481673,0.0474237,0.0468213,0.0463122,0.0458695,0.0454767,0.0451229,0.0448004,0.0445037,0.0442286,0.0439719,0.0437311,0.0435041,0.0432894,0.0430855,0.0428913,0.0427058,0.0425282,0.0423578,0.042194,0.0420363,0.0418841,0.0417371,0.0415948,0.0414571,0.0413234,0.0411937,0.0410676,0.0409449,0.0408255,0.0407091,0.0405957,0.0404849,0.0403767,0.040271,0.0401676,0.0400665,0.0399675,0.0398705,0.0397755,0.0396823,0.0395909,0.0395012,0.0394132,0.0393267,0.0392417,0.0391582,0.0390761,0.0389954,0.0389159,0.0388378,0.0387608,0.038685,0.0386104,0.0385369,0.0384644,0.038393,0.0383225,0.0382531,0.0381845,0.0381169,0.0380502,0.0379844,0.0379194,0.0378552,0.0377918,0.0377292,0.0376673,0.0376062,0.0375458,0.0374861,0.037427,0.0373687,0.037311,0.0372539,0.0371974,0.0371415,0.0370863,0.0370316,0.0369774,0.0369238,0.0368708,0.0368183,0.0367663,0.0367148,0.0366638,0.0366133,0.0365632,0.0365137,0.0364646,0.0364159,0.0363677
0.0748284,0.0737565,0.0725192,0.0710234,0.0690546,0.0658782,0.0571263,0.0515138,0.049651,0.0485293,0.0477132,0.0470654,0.046525,0.0460593,0.0456488,0.0452809,0.0449468,0.0446405,0.0443572,0.0440935,0.0438466,0.0436142,0.0433947,0.0431865,0.0429884,0.0427994,0.0426187,0.0424454,0.0422789,0.0421187,0.0419642,0.041815,0.0416708,0.0415311,0.0413958,0.0412644,0.0411368,0.0410127,0.0408918,0.0407742,0.0406594,0.0405475,0.0404382,0.0403314,0.040227,0.0401249,0.040025,0.0399271,0.0398312,0.0397372,0.039645,0.0395546,0.0394658,0.0393786,0.039293,0.0392089,0.0391261,0.0390448,0.0389648,0.038886,0.0388085,0.0387322,0.038657,0.038583,0.03851,0.0384381,0.0383672,0.0382973,0.0382284,0.0381604,0.0380932,0.038027,0.0379616,0.037897,0.0378333,0.0377703,0.0377081,0.0376466,0.0375858,0.0375258,0.0374665,0.0374078,0.0373497,0.0372924,0.0372356,0.0371794,0.0371239,0.0370689,0.0370145,0.0369607,0.0369074,0.0368546,0.0368024,0.0367506,0.0366994,0.0366486,0.0365984,0.0365486,0.0364992,0.0364503,0.0364019
0.075067,0.0740324,0.0728501,0.0714445,0.0696543,0.0670121,0.0608932,0.0526783,0.0502326,0.0489296,0.0480249,0.0473242,0.0467483,0.046257,0.0458271,0.0454438,0.0450974,0.0447808,0.0444889,0.0442177,0.0439643,0.0437263,0.0435018,0.0432891,0.043087,0.0428944,0.0427103,0.042534,0.0423648,0.042202,0.0420452,0.0418938,0.0417475,0.041606,0.0414688,0.0413358,0.0412065,0.0410809,0.0409587,0.0408397,0.0407237,0.0406106,0.0405001,0.0403923,0.0402869,0.0401838,0.0400829,0.0399841,0.0398873,0.0397925,0.0396995,0.0396083,0.0395188,0.0394309,0.0393446,0.0392598,0.0391764,0.0390944,0.0390138,0.0389345,0.0388564,0.0387796,0.0387039,0.0386293,0.0385559,0.0384835,0.0384121,0.0383418,0.0382724,0.0382039,0.0381364,0.0380697,0.0380039,0.037939,0.0378749,0.0378115,0.0377489,0.0376871,0.037626,0.0375657,0.037506,0.037447,0.0373887,0.037331,0.0372739,0.0372175,0.0371616,0.0371064,0.0370517,0.0369976,0.036944,0.036891,0.0368385,0.0367865,0.0367351,0.0366841,0.0366336,0.0365836,0.036534,0.0364849,0.0364362
0.0752972,0.0742964,0.0731627,0.0718338,0.0701847,0.0678957,0.0635958,0.0544196,0.0509329,0.0493783,0.0483631,0.0475999,0.0469833,0.0464634,0.0460121,0.0456122,0.0452525,0.0449249,0.0446237,0.0443447,0.0440845,0.0438406,0.0436108,0.0433935,0.0431872,0.0429908,0.0428033,0.0426239,0.0424518,0.0422863,0.0421271,0.0419734,0.0418251,0.0416815,0.0415426,0.0414078,0.0412769,0.0411498,0.0410262,0.0409058,0.0407885,0.0406741,0.0405626,0.0404536,0.0403471,0.040243,0.0401411,0.0400414,0.0399438,0.0398481,0.0397543,0.0396623,0.039572,0.0394834,0.0393964,0.0393109,0.0392269,0.0391443,0.0390631,0.0389832,0.0389045,0.0388271,0.0387509,0.0386759,0.0386019,0.038529,0.0384572,0.0383864,0.0383166,0.0382477,0.0381797,0.0381127,0.0380465,0.0379811,0.0379166,0.0378529,0.03779,0.0377278,0.0376664,0.0376057,0.0375457,0.0374864,0.0374277,0.0373697,0.0373124,0.0372556,0.0371995,0.037144,0.037089,0.0370346,0.0369808,0.0369275,0.0368748,0.0368226,0.0367708,0.0367196,0.0366689,0.0366186,0.0365689,0.0365195,0.0364707
0.0755197,0.0745497,0.0734593,0.0721965,0.0706621,0.068626,0.0652977,0.0571239,0.0518142,0.04989,0.0487334,0.047895,0.0472317,0.0466795,0.0462045,0.0457865,0.0454123,0.0450729,0.0447619,0.0444746,0.0442072,0.043957,0.0437218,0.0434996,0.0432889,0.0430886,0.0428976,0.0427149,0.0425398,0.0423717,0.0422099,0.042054,0.0419034,0.0417579,0.041617,0.0414805,0.041348,0.0412193,0.0410942,0.0409724,0.0408538,0.0407382,0.0406254,0.0405153,0.0404078,0.0403026,0.0401998,0.0400991,0.0400006,0.0399041,0.0398094,0.0397166,0.0396256,0.0395363,0.0394485,0.0393624,0.0392777,0.0391945,0.0391126,0.0390321,0.0389529,0.038875,0.0387982,0.0387226,0.0386482,0.0385748,0.0385025,0.0384312,0.0383609,0.0382916,0.0382232,0.0381558,0.0380892,0.0380234,0.0379585,0.0378944,0.0378312,0.0377686,0.0377069,0.0376458,0.0375855,0.0375258,0.0374669,0.0374086,0.0373509,0.0372939,0.0372375,0.0371817,0.0371265,0.0370718,0.0370177,0.0369642,0.0369112,0.0368587,0.0368067,0.0367553,0.0367043,0.0366538,0.0366038,0.0365543,0.0365052
0.0757351,0.0747933,0.0737418,0.0725367,0.0710977,0.0692527,0.0664994,0.060375,0.0529938,0.050487,0.049143,0.0482131,0.0474951,0.0469063,0.0464051,0.0459671,0.0455772,0.0452252,0.0449037,0.0446075,0.0443326,0.0440758,0.0438348,0.0436075,0.0433924,0.043188,0.0429932,0.0428072,0.0426291,0.0424581,0.0422937,0.0421354,0.0419827,0.041835,0.0416922,0.0415539,0.0414197,0.0412894,0.0411628,0.0410396,0.0409197,0.0408028,0.0406888,0.0405775,0.0404689,0.0403627,0.0402588,0.0401572,0.0400578,0.0399604,0.0398649,0.0397713,0.0396795,0.0395894,0.039501,0.0394141,0.0393288,0.0392449,0.0391624,0.0390813,0.0390015,0.038923,0.0388457,0.0387696,0.0386946,0.0386208,0.038548,0.0384762,0.0384055,0.0383357,0.0382669,0.038199,0.038132,0.0380659,0.0380006,0.0379361,0.0378725,0.0378096,0.0377475,0.0376861,0.0376254,0.0375655,0.0375062,0.0374476,0.0373896,0.0373323,0.0372756,0.0372195,0.037164,0.0371091,0.0370547,0.0370009,0.0369477,0.0368949,0.0368427,0.036791,0.0367398,0.0366891,0.0366389,0.0365891,0.0365398
0.0759439,0.075028,0.0740117,0.0728575,0.0714994,0.0698046,0.0674308,0.0629729,0.0546885,0.0512045,0.0496024,0.0485583,0.0477757,0.0471452,0.0466145,0.0461546,0.0457477,0.045382,0.0450493,0.0447437,0.0444608,0.0441971,0.04395,0.0437174,0.0434975,0.0432889,0.0430903,0.0429008,0.0427195,0.0425456,0.0423786,0.0422178,0.0420627,0.041913,0.0417682,0.041628,0.0414921,0.0413602,0.041232,0.0411073,0.040986,0.0408678,0.0407526,0.0406402,0.0405304,0.0404231,0.0403183,0.0402157,0.0401153,0.040017,0.0399207,0.0398263,0.0397337,0.0396428,0.0395537,0.0394661,0.0393801,0.0392956,0.0392125,0.0391308,0.0390504,0.0389713,0.0388934,0.0388168,0.0387413,0.0386669,0.0385937,0.0385214,0.0384502,0.03838,0.0383108,0.0382425,0.038175,0.0381085,0.0380428,0.037978,0.037914,0.0378507,0.0377882,0.0377265,0.0376655,0.0376052,0.0375456,0.0374867,0.0374284,0.0373708,0.0373138,0.0372574,0.0372016,0.0371464,0.0370918,0.0370378,0.0369842,0.0369313,0.0368788,0.0368269,0.0367754,0.0367245,0.036674,0.036624,0.0365745
0.0761467,0.0752547,0.0742704,0.0731614,0.0718728,0.0702996,0.0681963,0.0647314,0.0571221,0.0521022,0.0501263,0.0489364,0.0480764,0.0473977,0.0468339,0.0463497,0.0459242,0.0455437,0.0451989,0.0448833,0.0445919,0.0443209,0.0440675,0.0438293,0.0436044,0.0433914,0.0431889,0.0429957,0.0428112,0.0426343,0.0424645,0.0423011,0.0421437,0.0419918,0.041845,0.0417029,0.0415652,0.0414316,0.0413018,0.0411757,0.0410529,0.0409334,0.0408169,0.0407033,0.0405924,0.040484,0.0403782,0.0402746,0.0401733,0.0400741,0.0399769,0.0398816,0.0397882,0.0396966,0.0396067,0.0395184,0.0394317,0.0393465,0.0392628,0.0391804,0.0390995,0.0390198,0.0389414,0.0388642,0.0387882,0.0387133,0.0386395,0.0385668,0.0384952,0.0384245,0.0383548,0.0382861,0.0382182,0.0381513,0.0380852,0.03802,0.0379556,0.037892,0.0378292,0.0377671,0.0377057,0.0376451,0.0375852,0.0375259,0.0374674,0.0374094,0.0373521,0.0372955,0.0372394,0.0371839,0.037129,0.0370747,0.0370209,0.0369677,0.036915,0.0368628,0.0368111,0.0367599,0.0367092,0.036659,0.0366093
0.0763439,0.075474,0.074519,0.0734505,0.0722223,0.0707499,0.0688501,0.0659914,0.0599658,0.0532845,0.0507368,0.0493549,0.0484006,0.0476656,0.0470642,0.046553,0.0461071,0.0457106,0.0453529,0.0450265,0.0447261,0.0444474,0.0441873,0.0439433,0.0437133,0.0434956,0.0432889,0.0430921,0.0429041,0.0427241,0.0425514,0.0423855,0.0422256,0.0420715,0.0419225,0.0417785,0.0416389,0.0415036,0.0413723,0.0412446,0.0411204,0.0409995,0.0408818,0.0407669,0.0406548,0.0405454,0.0404384,0.0403339,0.0402316,0.0401314,0.0400334,0.0399373,0.0398431,0.0397506,0.03966,0.039571,0.0394836,0.0393977,0.0393133,0.0392304,0.0391488,0.0390685,0.0389896,0.0389118,0.0388353,0.0387599,0.0386856,0.0386124,0.0385403,0.0384692,0.038399,0.0383298,0.0382616,0.0381943,0.0381278,0.0380622,0.0379974,0.0379334,0.0378702,0.0378078,0.0377461,0.0376851,0.0376249,0.0375653,0.0375064,0.0374482,0.0373906,0.0373336,0.0372773,0.0372215,0.0371664,0.0371118,0.0370577,0.0370042,0.0369513,0.0368988,0.0368469,0.0367955,0.0367446,0.0366941,0.0366441
0.0765358,0.0756865,0.0747583,0.0737264,0.0725514,0.071164,0.0694235,0.0669675,0.0624109,0.054917,0.0514682,0.0498242,0.0487526,0.0479511,0.0473068,0.0467655,0.0462971,0.0458831,0.0455115,0.0451737,0.0448636,0.0445768,0.0443096,0.0440595,0.043824,0.0436015,0.0433905,0.0431898,0.0429983,0.0428151,0.0426395,0.0424708,0.0423085,0.042152,0.0420009,0.0418549,0.0417134,0.0415764,0.0414433,0.0413141,0.0411885,0.0410662,0.0409471,0.040831,0.0407177,0.0406072,0.0404992,0.0403936,0.0402903,0.0401892,0.0400902,0.0399933,0.0398982,0.039805,0.0397136,0.0396239,0.0395357,0.0394492,0.0393642,0.0392806,0.0391984,0.0391175,0.039038,0.0389597,0.0388826,0.0388067,0.0387319,0.0386582,0.0385856,0.038514,0.0384434,0.0383738,0.0383051,0.0382374,0.0381705,0.0381045,0.0380393,0.037975,0.0379114,0.0378486,0.0377866,0.0377253,0.0376647,0.0376048,0.0375456,0.0374871,0.0374292,0.0373719,0.0373153,0.0372593,0.0372038,0.0371489,0.0370946,0.0370409,0.0369877,0.036935,0.0368828,0.0368312,0.03678,0.0367293,0.0366791
0.0767228,0.0758928,0.0749893,0.0739906,0.0728628,0.0715482,0.0699362,0.0677671,0.064188,0.0571209,0.0523762,0.050359,0.0491381,0.0482572,0.0475633,0.046988,0.0464947,0.0460617,0.045675,0.0453249,0.0450046,0.0447091,0.0444346,0.0441779,0.0439368,0.0437093,0.0434938,0.043289,0.0430939,0.0429074,0.0427287,0.0425572,0.0423923,0.0422335,0.0420802,0.041932,0.0417887,0.0416498,0.0415151,0.0413843,0.0412571,0.0411334,0.041013,0.0408956,0.0407811,0.0406694,0.0405603,0.0404537,0.0403494,0.0402473,0.0401475,0.0400496,0.0399537,0.0398597,0.0397675,0.039677,0.0395882,0.039501,0.0394153,0.039331,0.0392482,0.0391667,0.0390866,0.0390077,0.0389301,0.0388537,0.0387784,0.0387042,0.0386311,0.0385591,0.038488,0.038418,0.0383489,0.0382807,0.0382134,0.038147,0.0380814,0.0380167,0.0379528,0.0378896,0.0378272,0.0377656,0.0377047,0.0376445,0.037585,0.0375261,0.0374679,0.0374104,0.0373534,0.0372971,0.0372414,0.0371862,0.0371317,0.0370776,0.0370242,0.0369712,0.0369188,0.0368669,0.0368155,0.0367646,0.0367142
0.0769052,0.0760932,0.0752126,0.0742442,0.0731586,0.0719073,0.0704013,0.0684476,0.0654928,0.0596386,0.0535501,0.050981,0.0495649,0.0485872,0.0478355,0.0472217,0.0467008,0.0462469,0.0458438,0.0454805,0.0451493,0.0448446,0.0445622,0.0442988,0.0440517,0.0438189,0.0435988,0.0433898,0.0431908,0.0430009,0.0428191,0.0426447,0.0424772,0.0423158,0.0421603,0.04201,0.0418647,0.0417239,0.0415875,0.041455,0.0413264,0.0412012,0.0410794,0.0409607,0.040845,0.0407321,0.0406219,0.0405142,0.0404089,0.0403059,0.040205,0.0401063,0.0400096,0.0399148,0.0398218,0.0397305,0.039641,0.039553,0.0394666,0.0393817,0.0392983,0.0392162,0.0391355,0.0390561,0.0389779,0.0389009,0.0388251,0.0387504,0.0386768,0.0386043,0.0385328,0.0384623,0.0383927,0.0383241,0.0382564,0.0381896,0.0381237,0.0380586,0.0379943,0.0379308,0.037868,0.037806,0.0377448,0.0376843,0.0376244,0.0375652,0.0375067,0.0374489,0.0373917,0.0373351,0.037279,0.0372236,0.0371688,0.0371145,0.0370608,0.0370076,0.0369549,0.0369028,0.0368511,0.0368,0.0367493
0.0770833,0.0762881,0.0754288,0.0744883,0.0734407,0.0722448,0.070828,0.0690423,0.0665087,0.0619139,0.0551119,0.0517228,0.0500431,0.0489455,0.0481258,0.047468,0.0469161,0.0464393,0.0460184,0.0456408,0.0452979,0.0449835,0.0446928,0.0444221,0.0441688,0.0439306,0.0437055,0.0434921,0.0432892,0.0430957,0.0429107,0.0427333,0.042563,0.0423992,0.0422412,0.0420888,0.0419414,0.0417988,0.0416606,0.0415265,0.0413962,0.0412696,0.0411464,0.0410264,0.0409094,0.0407953,0.0406839,0.0405751,0.0404688,0.0403648,0.040263,0.0401634,0.0400658,0.0399701,0.0398763,0.0397843,0.039694,0.0396053,0.0395183,0.0394327,0.0393486,0.0392659,0.0391846,0.0391046,0.0390259,0.0389483,0.038872,0.0387968,0.0387227,0.0386497,0.0385777,0.0385068,0.0384368,0.0383678,0.0382997,0.0382324,0.0381661,0.0381006,0.0380359,0.0379721,0.037909,0.0378466,0.037785,0.0377242,0.037664,0.0376045,0.0375457,0.0374875,0.03743,0.0373731,0.0373168,0.0372611,0.037206,0.0371515,0.0370975,0.037044,0.0369911,0.0369387,0.0368868,0.0368355,0.0367846
0.0772574,0.076478,0.0756385,0.0747235,0.0737104,0.0725637,0.0712232,0.0695726,0.0673402,0.063675,0.0571199,0.0526348,0.0505874,0.0493381,0.048437,0.0477284,0.0471418,0.0466395,0.0461991,0.0458061,0.0454507,0.0451259,0.0448263,0.0445482,0.0442883,0.0440442,0.0438141,0.0435962,0.0433891,0.0431919,0.0430035,0.0428231,0.0426499,0.0424835,0.0423231,0.0421685,0.042019,0.0418744,0.0417344,0.0415986,0.0414667,0.0413385,0.0412139,0.0410925,0.0409743,0.0408589,0.0407464,0.0406365,0.0405291,0.0404241,0.0403214,0.0402208,0.0401223,0.0400258,0.0399312,0.0398384,0.0397473,0.039658,0.0395702,0.039484,0.0393992,0.0393159,0.039234,0.0391534,0.0390741,0.038996,0.0389191,0.0388434,0.0387688,0.0386953,0.0386229,0.0385515,0.0384811,0.0384116,0.0383431,0.0382754,0.0382087,0.0381428,0.0380777,0.0380135,0.03795,0.0378874,0.0378254,0.0377642,0.0377037,0.0376439,0.0375848,0.0375263,0.0374685,0.0374113,0.0373547,0.0372988,0.0372434,0.0371886,0.0371343,0.0370806,0.0370274,0.0369748,0.0369227,0.036871,0.0368199
0.0774276,0.0766632,0.0758422,0.0749509,0.0739691,0.0728664,0.0715919,0.0700525,0.0680463,0.0650085,0.059373,0.0537914,0.0512186,0.0497723,0.0487725,0.0480048,0.0473788,0.0468483,0.0463865,0.0459769,0.045608,0.045272,0.0449631,0.0446769,0.0444101,0.0441601,0.0439246,0.0437019,0.0434906,0.0432895,0.0430976,0.042914,0.042738,0.0425688,0.042406,0.042249,0.0420974,0.0419508,0.0418089,0.0416713,0.0415378,0.0414081,0.041282,0.0411592,0.0410396,0.0409231,0.0408093,0.0406983,0.0405898,0.0404838,0.0403801,0.0402786,0.0401792,0.0400818,0.0399864,0.0398928,0.039801,0.0397109,0.0396224,0.0395355,0.0394501,0.0393661,0.0392836,0.0392024,0.0391225,0.0390439,0.0389665,0.0388902,0.0388152,0.0387412,0.0386682,0.0385964,0.0385255,0.0384556,0.0383866,0.0383186,0.0382514,0.0381851,0.0381197,0.0380551,0.0379913,0.0379282,0.0378659,0.0378044,0.0377436,0.0376834,0.037624,0.0375652,0.0375071,0.0374496,0.0373928,0.0373365,0.0372808,0.0372257,0.0371712,0.0371173,0.0370638,0.0370109,0.0369586,0.0369067,0.0368553
0.0775942,0.0768439,0.0760402,0.0751709,0.0742179,0.0731546,0.0719379,0.0704919,0.0686619,0.0660573,0.0614794,0.0552792,0.0519672,0.0502585,0.0491369,0.0482997,0.0476286,0.0470665,0.0465813,0.0461534,0.04577,0.0454221,0.0451033,0.0448086,0.0445346,0.0442781,0.044037,0.0438094,0.0435937,0.0433886,0.0431931,0.0430062,0.0428271,0.0426552,0.0424898,0.0423304,0.0421766,0.042028,0.0418841,0.0417448,0.0416095,0.0414783,0.0413506,0.0412265,0.0411055,0.0409877,0.0408728,0.0407606,0.040651,0.0405439,0.0404392,0.0403368,0.0402365,0.0401382,0.0400419,0.0399475,0.039855,0.0397641,0.0396749,0.0395873,0.0395012,0.0394166,0.0393334,0.0392517,0.0391712,0.039092,0.039014,0.0389373,0.0388617,0.0387872,0.0387138,0.0386414,0.0385701,0.0384997,0.0384304,0.0383619,0.0382943,0.0382277,0.0381618,0.0380968,0.0380327,0.0379692,0.0379066,0.0378447,0.0377836,0.0377231,0.0376634,0.0376043,0.0375458,0.0374881,0.0374309,0.0373744,0.0373184,0.037263,0.0372083,0.037154,0.0371004,0.0370472,0.0369946,0.0369425,0.0368909
0.0777574,0.0770204,0.076233,0.0753841,0.0744575,0.0734299,0.0722644,0.070898,0.0692095,0.0669176,0.0631977,0.0571192,0.0528776,0.0508108,0.0495358,0.0486157,0.0478928,0.0472951,0.0467839,0.0463362,0.0459371,0.0455764,0.045247,0.0449434,0.0446616,0.0443985,0.0441516,0.0439188,0.0436984,0.0434892,0.0432899,0.0430996,0.0429174,0.0427426,0.0425746,0.0424128,0.0422567,0.0421059,0.0419601,0.0418189,0.041682,0.041549,0.0414199,0.0412943,0.041172,0.0410528,0.0409367,0.0408233,0.0407126,0.0406045,0.0404988,0.0403953,0.0402941,0.040195,0.0400978,0.0400026,0.0399092,0.0398176,0.0397277,0.0396394,0.0395526,0.0394674,0.0393836,0.0393012,0.0392201,0.0391403,0.0390618,0.0389845,0.0389084,0.0388334,0.0387595,0.0386867,0.0386149,0.0385441,0.0384743,0.0384054,0.0383374,0.0382703,0.0382041,0.0381387,0.0380742,0.0380104,0.0379474,0.0378852,0.0378237,0.0377629,0.0377028,0.0376434,0.0375847,0.0375266,0.0374692,0.0374123,0.0373561,0.0373005,0.0372454,0.0371909,0.037137,0.0370836,0.0370307,0.0369784,0.0369265
0.0779174,0.0771929,0.0764209,0.0755911,0.0746889,0.0736938,0.0725738,0.0712763,0.069704,0.0676476,0.064543,0.0591542,0.0540099,0.0514489,0.0499769,0.0489564,0.0481733,0.0475353,0.0469953,0.0465259,0.0461097,0.0457353,0.0453945,0.0450814,0.0447915,0.0445214,0.0442683,0.0440301,0.0438049,0.0435914,0.0433882,0.0431943,0.0430089,0.0428311,0.0426604,0.042496,0.0423377,0.0421847,0.0420369,0.0418938,0.0417551,0.0416205,0.0414898,0.0413626,0.041239,0.0411185,0.0410011,0.0408865,0.0407747,0.0406655,0.0405587,0.0404543,0.0403521,0.0402521,0.0401541,0.040058,0.0399638,0.0398714,0.0397807,0.0396917,0.0396043,0.0395184,0.0394339,0.0393509,0.0392692,0.0391889,0.0391098,0.039032,0.0389553,0.0388798,0.0388055,0.0387321,0.0386599,0.0385886,0.0385184,0.038449,0.0383807,0.0383132,0.0382466,0.0381808,0.0381159,0.0380517,0.0379884,0.0379258,0.037864,0.0378028,0.0377424,0.0376827,0.0376237,0.0375653,0.0375075,0.0374504,0.0373939,0.037338,0.0372827,0.0372279,0.0371737,0.03712,0.0370669,0.0370143,0.0369622
0.0780742,0.0773618,0.0766043,0.0757922,0.0749127,0.0739473,0.0728683,0.0716308,0.070156,0.0682833,0.0656163,0.0611016,0.0554236,0.0522006,0.0504699,0.0493263,0.0484724,0.0477886,0.0472163,0.0467229,0.0462882,0.045899,0.0455461,0.0452229,0.0449244,0.0446469,0.0443873,0.0441434,0.0439132,0.0436952,0.0434879,0.0432904,0.0431016,0.0429208,0.0427472,0.0425803,0.0424195,0.0422644,0.0421145,0.0419694,0.0418289,0.0416926,0.0415602,0.0414316,0.0413065,0.0411847,0.041066,0.0409502,0.0408372,0.0407269,0.0406191,0.0405136,0.0404105,0.0403095,0.0402106,0.0401137,0.0400187,0.0399256,0.0398341,0.0397444,0.0396562,0.0395697,0.0394846,0.0394009,0.0393186,0.0392377,0.0391581,0.0390797,0.0390025,0.0389265,0.0388516,0.0387778,0.0387051,0.0386334,0.0385626,0.0384929,0.0384241,0.0383562,0.0382892,0.038223,0.0381577,0.0380932,0.0380295,0.0379665,0.0379044,0.0378429,0.0377822,0.0377221,0.0376628,0.0376041,0.037546,0.0374886,0.0374318,0.0373756,0.03732,0.037265,0.0372105,0.0371566,0.0371032,0.0370504,0.0369981
0.0782282,0.0775271,0.0767833,0.075988,0.0751295,0.0741914,0.0731493,0.071965,0.070573,0.0688477,0.0665013,0.0627589,0.0571187,0.0531044,0.0510285,0.0497311,0.048793,0.0480564,0.0474479,0.046928,0.0464731,0.0460679,0.045702,0.0453679,0.0450603,0.044775,0.0445087,0.0442589,0.0440234,0.0438006,0.0435892,0.0433878,0.0431956,0.0430116,0.0428352,0.0426656,0.0425023,0.0423449,0.0421928,0.0420458,0.0419034,0.0417653,0.0416313,0.0415012,0.0413746,0.0412514,0.0411314,0.0410143,0.0409002,0.0407887,0.0406798,0.0405734,0.0404693,0.0403673,0.0402676,0.0401698,0.040074,0.03998,0.0398878,0.0397973,0.0397085,0.0396212,0.0395355,0.0394512,0.0393683,0.0392868,0.0392065,0.0391276,0.0390499,0.0389733,0.0388979,0.0388236,0.0387504,0.0386783,0.0386071,0.0385369,0.0384677,0.0383993,0.0383319,0.0382654,0.0381997,0.0381348,0.0380707,0.0380074,0.0379449,0.0378831,0.0378221,0.0377617,0.037702,0.037643,0.0375847,0.0375269,0.0374699,0.0374134,0.0373575,0.0373022,0.0372475,0.0371933,0.0371397,0.0370866,0.037034
0.0783793,0.0776891,0.0769582,0.0761786,0.0753398,0.0744269,0.0734184,0.0722813,0.0709609,0.0693565,0.0672531,0.0641001,0.0589713,0.0542075,0.0516711,0.050178,0.0491386,0.0483407,0.0476912,0.0471419,0.0466648,0.0462423,0.0458624,0.0455169,0.0451996,0.044906,0.0446326,0.0443765,0.0441355,0.0439079,0.043692,0.0434867,0.0432909,0.0431037,0.0429242,0.0427519,0.0425861,0.0424263,0.042272,0.0421229,0.0419786,0.0418388,0.0417031,0.0415714,0.0414433,0.0413186,0.0411973,0.041079,0.0409636,0.040851,0.040741,0.0406335,0.0405284,0.0404256,0.0403249,0.0402262,0.0401295,0.0400348,0.0399418,0.0398506,0.039761,0.039673,0.0395866,0.0395017,0.0394182,0.039336,0.0392553,0.0391757,0.0390975,0.0390204,0.0389445,0.0388697,0.038796,0.0387234,0.0386517,0.0385811,0.0385114,0.0384427,0.0383749,0.0383079,0.0382418,0.0381766,0.0381121,0.0380485,0.0379856,0.0379235,0.0378621,0.0378014,0.0377414,0.0376821,0.0376234,0.0375654,0.037508,0.0374513,0.0373951,0.0373395,0.0372845,0.0372301,0.0371762,0.0371229,0.03707
0.0785278,0.0778479,0.0771293,0.0763646,0.0755441,0.0746545,0.0736767,0.0725819,0.071324,0.0698208,0.0679074,0.0651888,0.0607732,0.0555492,0.0524226,0.0506767,0.0495135,0.0486439,0.0479477,0.0473656,0.0468641,0.0464227,0.0460277,0.0456699,0.0453423,0.04504,0.044759,0.0444964,0.0442497,0.0440169,0.0437965,0.0435871,0.0433876,0.043197,0.0430144,0.0428392,0.0426708,0.0425086,0.0423521,0.0422009,0.0420546,0.0419129,0.0417755,0.0416421,0.0415125,0.0413865,0.0412637,0.0411442,0.0410275,0.0409138,0.0408027,0.0406941,0.040588,0.0404841,0.0403825,0.040283,0.0401855,0.0400899,0.0399961,0.0399041,0.0398138,0.0397251,0.039638,0.0395525,0.0394683,0.0393856,0.0393042,0.0392241,0.0391453,0.0390677,0.0389912,0.0389159,0.0388418,0.0387686,0.0386966,0.0386255,0.0385554,0.0384862,0.038418,0.0383506,0.0382841,0.0382185,0.0381537,0.0380897,0.0380264,0.0379639,0.0379022,0.0378412,0.0377809,0.0377212,0.0376623,0.037604,0.0375463,0.0374892,0.0374328,0.0373769,0.0373217,0.037267,0.0372128,0.0371592,0.0371062
0.0786737,0.0780037,0.0772968,0.0765461,0.0757428,0.0748748,0.0739252,0.0728687,0.0716657,0.0702487,0.0684879,0.0660934,0.0623592,0.0571183,0.0533156,0.05124,0.0499234,0.0489687,0.0482189,0.0476,0.0470715,0.0466095,0.0461983,0.0458272,0.0454887,0.0451771,0.0448882,0.0446187,0.044366,0.0441279,0.0439027,0.0436891,0.0434857,0.0432915,0.0431058,0.0429277,0.0427565,0.0425918,0.042433,0.0422796,0.0421313,0.0419878,0.0418486,0.0417136,0.0415824,0.0414549,0.0413307,0.0412098,0.041092,0.040977,0.0408647,0.0407551,0.0406479,0.0405431,0.0404405,0.0403401,0.0402417,0.0401453,0.0400507,0.039958,0.0398669,0.0397775,0.0396897,0.0396035,0.0395187,0.0394354,0.0393534,0.0392727,0.0391933,0.0391152,0.0390382,0.0389624,0.0388877,0.0388141,0.0387416,0.03867,0.0385995,0.0385299,0.0384612,0.0383935,0.0383266,0.0382606,0.0381954,0.038131,0.0380674,0.0380046,0.0379425,0.0378811,0.0378205,0.0377605,0.0377013,0.0376427,0.0375847,0.0375273,0.0374706,0.0374145,0.0373589,0.037304,0.0372496,0.0371957,0.0371424
0.0788172,0.0781567,0.0774608,0.0767234,0.0759363,0.0750885,0.0741648,0.073143,0.0719889,0.070646,0.0690106,0.0668642,0.0636825,0.0588164,0.0543862,0.0518848,0.0503754,0.0493187,0.0485069,0.0478463,0.0472879,0.0468034,0.0463745,0.0459892,0.045639,0.0453176,0.0450203,0.0447436,0.0444845,0.0442408,0.0440107,0.0437926,0.0435852,0.0433874,0.0431984,0.0430172,0.0428433,0.042676,0.0425148,0.0423592,0.0422089,0.0420634,0.0419224,0.0417857,0.0416529,0.0415238,0.0413983,0.041276,0.0411569,0.0410407,0.0409273,0.0408165,0.0407083,0.0406025,0.0404989,0.0403976,0.0402983,0.040201,0.0401057,0.0400121,0.0399203,0.0398302,0.0397417,0.0396548,0.0395694,0.0394854,0.0394028,0.0393215,0.0392416,0.0391629,0.0390854,0.0390091,0.0389339,0.0388598,0.0387868,0.0387148,0.0386438,0.0385737,0.0385047,0.0384365,0.0383692,0.0383028,0.0382372,0.0381725,0.0381085,0.0380453,0.0379829,0.0379212,0.0378603,0.0378,0.0377404,0.0376815,0.0376232,0.0375656,0.0375086,0.0374521,0.0373963,0.0373411,0.0372864,0.0372323,0.0371787
0.0789584,0.0783069,0.0776216,0.0768968,0.0761249,0.075296,0.0743962,0.0734061,0.0722958,0.0710175,0.0694869,0.0675356,0.0647773,0.0604873,0.0556592,0.0526331,0.0508786,0.0496982,0.0488138,0.0481058,0.0475142,0.0470048,0.0465568,0.0461562,0.0457934,0.0454615,0.0451554,0.044871,0.0446053,0.0443558,0.0441205,0.0438978,0.0436862,0.0434847,0.0432922,0.0431079,0.0429311,0.0427612,0.0425975,0.0424397,0.0422872,0.0421397,0.0419969,0.0418584,0.041724,0.0415934,0.0414664,0.0413427,0.0412223,0.0411048,0.0409903,0.0408784,0.0407691,0.0406622,0.0405577,0.0404554,0.0403553,0.0402571,0.0401609,0.0400666,0.039974,0.0398832,0.039794,0.0397064,0.0396203,0.0395357,0.0394525,0.0393706,0.0392901,0.0392108,0.0391328,0.0390559,0.0389802,0.0389057,0.0388322,0.0387597,0.0386882,0.0386178,0.0385483,0.0384797,0.038412,0.0383452,0.0382792,0.0382141,0.0381498,0.0380863,0.0380235,0.0379615,0.0379001,0.0378396,0.0377796,0.0377204,0.0376618,0.0376039,0.0375466,0.0374899,0.0374338,0.0373783,0.0373234,0.037269,0.0372152
0.0790973,0.0784545,0.0777793,0.0770664,0.0763089,0.0754977,0.0746202,0.073659,0.0725882,0.0713668,0.0699253,0.0681311,0.065696,0.0619972,0.057118,0.0535117,0.0514449,0.0501126,0.0491426,0.0483803,0.0477513,0.0472145,0.0467456,0.0463284,0.0459522,0.0456092,0.0452937,0.0450013,0.0447286,0.044473,0.0442323,0.0440047,0.0437888,0.0435834,0.0433874,0.0431998,0.0430201,0.0428474,0.0426812,0.042521,0.0423663,0.0422168,0.0420721,0.0419318,0.0417957,0.0416636,0.0415351,0.04141,0.0412882,0.0411695,0.0410537,0.0409407,0.0408303,0.0407224,0.0406169,0.0405137,0.0404126,0.0403135,0.0402165,0.0401214,0.040028,0.0399364,0.0398465,0.0397582,0.0396715,0.0395862,0.0395024,0.0394199,0.0393388,0.039259,0.0391804,0.039103,0.0390268,0.0389517,0.0388777,0.0388048,0.0387329,0.038662,0.0385921,0.0385231,0.038455,0.0383878,0.0383214,0.0382559,0.0381912,0.0381273,0.0380642,0.0380018,0.0379402,0.0378793,0.037819,0.0377595,0.0377006,0.0376424,0.0375848,0.0375278,0.0374714,0.0374156,0.0373604,0.0373058,0.0372517
0.0792341,0.0785996,0.0779341,0.0772326,0.0764886,0.075694,0.0748372,0.0739028,0.0728677,0.0716969,0.070332,0.0686669,0.0664825,0.0632919,0.0586838,0.0545479,0.0520897,0.0505686,0.0494966,0.0486717,0.0480004,0.0474333,0.0469414,0.0465064,0.0461157,0.0457608,0.0454353,0.0451344,0.0448544,0.0445924,0.044346,0.0441134,0.043893,0.0436835,0.0434838,0.043293,0.0431101,0.0429346,0.0427658,0.0426032,0.0424463,0.0422947,0.0421481,0.042006,0.0418681,0.0417343,0.0416043,0.0414778,0.0413547,0.0412347,0.0411177,0.0410035,0.040892,0.040783,0.0406765,0.0405723,0.0404702,0.0403703,0.0402724,0.0401765,0.0400824,0.03999,0.0398994,0.0398104,0.0397229,0.039637,0.0395525,0.0394695,0.0393878,0.0393074,0.0392282,0.0391503,0.0390736,0.038998,0.0389235,0.0388501,0.0387778,0.0387064,0.038636,0.0385666,0.0384981,0.0384305,0.0383637,0.0382978,0.0382328,0.0381685,0.038105,0.0380423,0.0379803,0.0379191,0.0378585,0.0377987,0.0377395,0.037681,0.0376231,0.0375658,0.0375091,0.0374531,0.0373976,0.0373427,0.0372884
0.0793689,0.0787423,0.078086,0.0773953,0.0766643,0.0758852,0.0750479,0.0741381,0.0731356,0.0720099,0.0707118,0.0691548,0.067169,0.064384,0.0602371,0.0557562,0.052832,0.051075,0.04988,0.0489821,0.0482629,0.047662,0.047145,0.0466904,0.0462842,0.0459166,0.0455805,0.0452706,0.0449828,0.0447141,0.0444618,0.044224,0.0439989,0.0437852,0.0435817,0.0433874,0.0432014,0.0430229,0.0428515,0.0426864,0.0425272,0.0423734,0.0422248,0.0420808,0.0419412,0.0418058,0.0416742,0.0415462,0.0414217,0.0413003,0.0411821,0.0410667,0.0409541,0.040844,0.0407365,0.0406312,0.0405283,0.0404275,0.0403287,0.0402319,0.040137,0.0400439,0.0399525,0.0398628,0.0397746,0.0396881,0.0396029,0.0395193,0.039437,0.039356,0.0392763,0.0391978,0.0391206,0.0390445,0.0389695,0.0388956,0.0388228,0.038751,0.0386801,0.0386103,0.0385414,0.0384733,0.0384062,0.0383399,0.0382745,0.0382099,0.038146,0.038083,0.0380206,0.037959,0.0378982,0.037838,0.0377785,0.0377197,0.0376615,0.0376039,0.037547,0.0374906,0.0374349,0.0373797,0.0373251
0.0795016,0.0788827,0.0782353,0.0775549,0.0768361,0.0760718,0.0752526,0.0743657,0.0733931,0.0723081,0.0710686,0.0696034,0.0677782,0.065311,0.0616704,0.0571177,0.0536936,0.0516428,0.0502981,0.0493144,0.0485404,0.0479016,0.0473569,0.0468811,0.0464581,0.0460769,0.0457295,0.04541,0.0451141,0.0448383,0.0445798,0.0443365,0.0441066,0.0438885,0.043681,0.0434831,0.0432938,0.0431124,0.0429381,0.0427705,0.0426089,0.042453,0.0423022,0.0421564,0.042015,0.0418778,0.0417446,0.0416152,0.0414892,0.0413665,0.041247,0.0411304,0.0410166,0.0409055,0.0407968,0.0406906,0.0405867,0.040485,0.0403853,0.0402877,0.040192,0.0400981,0.0400059,0.0399155,0.0398266,0.0397394,0.0396536,0.0395693,0.0394864,0.0394048,0.0393246,0.0392456,0.0391678,0.0390912,0.0390157,0.0389413,0.038868,0.0387957,0.0387245,0.0386542,0.0385848,0.0385164,0.0384489,0.0383822,0.0383164,0.0382514,0.0381872,0.0381237,0.0380611,0.0379992,0.0379379,0.0378774,0.0378176,0.0377585,0.0377,0.0376422,0.0375849,0.0375283,0.0374723,0.0374168,0.037362
0.0796325,0.079021,0.078382,0.0777115,0.0770043,0.0762539,0.0754517,0.0745861,0.073641,0.0725928,0.0714054,0.0700192,0.0683263,0.0661096,0.0629287,0.058569,0.0546945,0.0522855,0.0507574,0.049672,0.0488349,0.0481534,0.0475779,0.0470789,0.0466377,0.0462419,0.0458824,0.0455528,0.0452483,0.044965,0.0447001,0.044451,0.044216,0.0439934,0.0437818,0.0435801,0.0433875,0.0432029,0.0430258,0.0428556,0.0426916,0.0425334,0.0423805,0.0422327,0.0420894,0.0419505,0.0418157,0.0416847,0.0415573,0.0414333,0.0413124,0.0411946,0.0410796,0.0409673,0.0408576,0.0407504,0.0406455,0.0405428,0.0404423,0.0403438,0.0402472,0.0401525,0.0400596,0.0399685,0.0398789,0.039791,0.0397046,0.0396196,0.0395361,0.0394539,0.0393731,0.0392935,0.0392152,0.0391381,0.0390621,0.0389872,0.0389134,0.0388407,0.038769,0.0386982,0.0386284,0.0385596,0.0384917,0.0384246,0.0383584,0.038293,0.0382284,0.0381647,0.0381017,0.0380394,0.0379779,0.037917,0.0378569,0.0377974,0.0377387,0.0376805,0.037623,0.0375661,0.0375098,0.0374541,0.0373989
0.0797615,0.0791571,0.0785263,0.0778652,0.0771691,0.0764319,0.0756457,0.0747999,0.0738801,0.0728655,0.0717247,0.0704072,0.0688252,0.0668087,0.0640104,0.0600174,0.0558421,0.0530195,0.0512658,0.0500588,0.0491485,0.0484187,0.0478089,0.0472844,0.0468235,0.0464119,0.0460395,0.0456992,0.0453855,0.0450944,0.0448227,0.0445677,0.0443273,0.0440999,0.0438841,0.0436786,0.0434824,0.0432947,0.0431146,0.0429417,0.0427752,0.0426146,0.0424596,0.0423097,0.0421646,0.0420239,0.0418875,0.0417549,0.041626,0.0415005,0.0413783,0.0412592,0.041143,0.0410296,0.0409189,0.0408106,0.0407047,0.0406011,0.0404996,0.0404002,0.0403028,0.0402073,0.0401137,0.0400217,0.0399315,0.0398428,0.0397558,0.0396702,0.039586,0.0395033,0.0394218,0.0393417,0.0392628,0.0391852,0.0391087,0.0390333,0.038959,0.0388858,0.0388136,0.0387425,0.0386722,0.038603,0.0385346,0.0384672,0.0384006,0.0383348,0.0382699,0.0382057,0.0381424,0.0380798,0.0380179,0.0379567,0.0378963,0.0378365,0.0377774,0.037719,0.0376612,0.037604,0.0375474,0.0374914,0.037436
0.0798888,0.0792912,0.0786682,0.0780162,0.0773306,0.0766059,0.0758348,0.0750076,0.0741113,0.0731274,0.0720284,0.0707714,0.0692836,0.0674301,0.06494,0.0613757,0.0571175,0.0538622,0.0518334,0.0504799,0.049484,0.0486991,0.048051,0.0474984,0.047016,0.0465874,0.0462012,0.0458494,0.0455261,0.0452267,0.0449478,0.0446865,0.0444406,0.0442082,0.043988,0.0437785,0.0435787,0.0433876,0.0432046,0.0430288,0.0428597,0.0426968,0.0425395,0.0423876,0.0422405,0.042098,0.0419598,0.0418256,0.0416952,0.0415683,0.0414448,0.0413244,0.041207,0.0410924,0.0409805,0.0408712,0.0407643,0.0406597,0.0405573,0.040457,0.0403588,0.0402625,0.040168,0.0400753,0.0399843,0.039895,0.0398072,0.039721,0.0396362,0.0395528,0.0394708,0.0393901,0.0393107,0.0392325,0.0391554,0.0390796,0.0390048,0.0389311,0.0388585,0.0387869,0.0387162,0.0386465,0.0385778,0.0385099,0.0384429,0.0383768,0.0383115,0.038247,0.0381832,0.0381203,0.0380581,0.0379966,0.0379358,0.0378757,0.0378163,0.0377576,0.0376995,0.037642,0.0375851,0.0375289,0.0374732
0.0800143,0.0794234,0.0788079,0.0781645,0.077489,0.0767762,0.0760193,0.0752096,0.0743352,0.0733794,0.0723184,0.0711149,0.0697082,0.0679894,0.0657467,0.0625926,0.0584689,0.0548277,0.0524723,0.0509413,0.0498446,0.0489964,0.0483053,0.0477216,0.0472157,0.0467686,0.0463676,0.0460036,0.04567,0.0453619,0.0450754,0.0448075,0.0445559,0.0443184,0.0440935,0.0438799,0.0436763,0.0434818,0.0432956,0.043117,0.0429452,0.0427798,0.0426203,0.0424662,0.0423172,0.0421728,0.0420329,0.041897,0.041765,0.0416367,0.0415118,0.04139,0.0412714,0.0411556,0.0410426,0.0409322,0.0408243,0.0407187,0.0406154,0.0405142,0.0404151,0.0403179,0.0402227,0.0401292,0.0400375,0.0399474,0.039859,0.0397721,0.0396866,0.0396026,0.03952,0.0394387,0.0393588,0.03928,0.0392025,0.0391261,0.0390508,0.0389766,0.0389035,0.0388315,0.0387604,0.0386902,0.0386211,0.0385528,0.0384854,0.0384189,0.0383532,0.0382883,0.0382242,0.0381609,0.0380984,0.0380366,0.0379755,0.0379151,0.0378553,0.0377963,0.0377379,0.0376801,0.037623,0.0375664,0.0375105
0.0801382,0.0795537,0.0789455,0.0783104,0.0776445,0.076943,0.0761996,0.0754063,0.0745522,0.0736225,0.0725959,0.0714402,0.0701041,0.0684985,0.0664559,0.0636574,0.0598232,0.0559188,0.053196,0.0514506,0.0502342,0.0493129,0.0485731,0.0479549,0.0474232,0.0469561,0.0465391,0.046162,0.0458176,0.0455002,0.0452058,0.044931,0.0446733,0.0444304,0.0442007,0.0439828,0.0437753,0.0435773,0.0433879,0.0432062,0.0430317,0.0428638,0.0427019,0.0425457,0.0423946,0.0422483,0.0421066,0.0419691,0.0418355,0.0417056,0.0415793,0.0414562,0.0413363,0.0412193,0.0411052,0.0409936,0.0408846,0.0407781,0.0406738,0.0405717,0.0404717,0.0403737,0.0402776,0.0401834,0.0400909,0.0400001,0.039911,0.0398234,0.0397373,0.0396527,0.0395695,0.0394876,0.0394071,0.0393278,0.0392497,0.0391728,0.039097,0.0390224,0.0389488,0.0388762,0.0388047,0.0387341,0.0386645,0.0385958,0.0385281,0.0384611,0.0383951,0.0383298,0.0382654,0.0382017,0.0381388,0.0380767,0.0380153,0.0379545,0.0378945,0.0378351,0.0377764,0.0377184,0.0376609,0.0376041,0.0375479
0.0802606,0.0796822,0.0790809,0.0784538,0.0777972,0.0771064,0.0763758,0.0755979,0.0747629,0.0738573,0.0728622,0.0717495,0.0704754,0.0689662,0.0670877,0.0645842,0.06111,0.0571173,0.0540183,0.0520167,0.0506575,0.0496511,0.0488561,0.0481993,0.0476392,0.0471503,0.0467161,0.046325,0.045969,0.0456418,0.045339,0.045057,0.0447929,0.0445444,0.0443098,0.0440873,0.0438758,0.0436741,0.0434813,0.0432966,0.0431193,0.0429488,0.0427845,0.042626,0.0424728,0.0423246,0.042181,0.0420417,0.0419065,0.0417752,0.0416474,0.0415229,0.0414017,0.0412835,0.0411681,0.0410555,0.0409455,0.0408379,0.0407326,0.0406296,0.0405287,0.0404298,0.0403329,0.0402379,0.0401447,0.0400531,0.0399633,0.039875,0.0397883,0.039703,0.0396192,0.0395367,0.0394556,0.0393757,0.0392971,0.0392197,0.0391434,0.0390683,0.0389942,0.0389212,0.0388492,0.0387782,0.0387082,0.0386391,0.0385709,0.0385036,0.0384371,0.0383715,0.0383067,0.0382427,0.0381794,0.0381169,0.0380552,0.0379941,0.0379338,0.0378741,0.0378151,0.0377567,0.037699,0.0376419,0.0375854
0.0803814,0.0798089,0.0792144,0.078595,0.0779471,0.0772667,0.0765482,0.0757849,0.0749677,0.0740845,0.0731184,0.0720446,0.0708254,0.0693992,0.0676571,0.0653951,0.0622827,0.0583808,0.0549489,0.05265,0.0511203,0.0500143,0.049156,0.0484559,0.0478644,0.0473518,0.0468989,0.0464928,0.0461244,0.0457869,0.0454752,0.0451856,0.0449148,0.0446605,0.0444206,0.0441935,0.0439778,0.0437723,0.043576,0.0433882,0.0432079,0.0430347,0.0428679,0.0427071,0.0425518,0.0424016,0.0422561,0.0421151,0.0419782,0.0418453,0.041716,0.0415902,0.0414676,0.0413481,0.0412316,0.0411178,0.0410067,0.040898,0.0407918,0.0406878,0.040586,0.0404863,0.0403885,0.0402927,0.0401987,0.0401064,0.0400159,0.0399269,0.0398395,0.0397536,0.0396691,0.0395861,0.0395043,0.0394239,0.0393447,0.0392668,0.03919,0.0391144,0.0390398,0.0389663,0.0388939,0.0388224,0.038752,0.0386825,0.0386139,0.0385461,0.0384793,0.0384133,0.0383481,0.0382838,0.0382202,0.0381573,0.0380952,0.0380338,0.0379732,0.0379132,0.0378539,0.0377952,0.0377372,0.0376798,0.037623
0.0805007,0.079934,0.079346,0.0787339,0.0780946,0.0774239,0.076717,0.0759675,0.0751671,0.0743047,0.0733653,0.0723268,0.0711567,0.0698028,0.0681756,0.0661117,0.0633255,0.0596509,0.0559876,0.053362,0.0516293,0.0504061,0.049475,0.0487261,0.0480998,0.0475611,0.047088,0.0466658,0.0462841,0.0459356,0.0456146,0.0453169,0.0450391,0.0447787,0.0445334,0.0443014,0.0440813,0.0438719,0.0436721,0.0434809,0.0432977,0.0431217,0.0429524,0.0427891,0.0426316,0.0424793,0.0423319,0.0421891,0.0420506,0.041916,0.0417852,0.041658,0.041534,0.0414133,0.0412955,0.0411806,0.0410683,0.0409586,0.0408514,0.0407464,0.0406437,0.0405431,0.0404445,0.0403478,0.040253,0.04016,0.0400687,0.0399791,0.039891,0.0398044,0.0397193,0.0396356,0.0395533,0.0394723,0.0393926,0.0393141,0.0392368,0.0391607,0.0390856,0.0390117,0.0389388,0.0388669,0.038796,0.038726,0.038657,0.0385889,0.0385217,0.0384553,0.0383897,0.038325,0.038261,0.0381978,0.0381354,0.0380737,0.0380127,0.0379524,0.0378928,0.0378338,0.0377755,0.0377178,0.0376608
0.0806185,0.0800574,0.0794757,0.0788707,0.0782395,0.0775783,0.0768824,0.0761459,0.0753613,0.0745185,0.0736037,0.0725976,0.0714716,0.070181,0.0686519,0.066752,0.0642446,0.0608701,0.0571172,0.054163,0.0521925,0.0508309,0.0498156,0.0490114,0.0483463,0.047779,0.0472839,0.0468442,0.0464484,0.0460881,0.0457572,0.0454511,0.045166,0.0448991,0.0446481,0.0444111,0.0441865,0.043973,0.0437694,0.0435749,0.0433886,0.0432097,0.0430377,0.0428721,0.0427123,0.0425579,0.0424085,0.0422638,0.0421235,0.0419873,0.041855,0.0417263,0.041601,0.0414789,0.0413599,0.0412438,0.0411304,0.0410196,0.0409113,0.0408054,0.0407018,0.0406002,0.0405008,0.0404033,0.0403077,0.0402139,0.0401219,0.0400315,0.0399427,0.0398555,0.0397698,0.0396855,0.0396026,0.039521,0.0394407,0.0393617,0.0392838,0.0392072,0.0391316,0.0390572,0.0389838,0.0389115,0.0388401,0.0387697,0.0387003,0.0386318,0.0385642,0.0384974,0.0384315,0.0383664,0.038302,0.0382385,0.0381757,0.0381137,0.0380524,0.0379918,0.0379318,0.0378726,0.0378139,0.037756,0.0376986
0.080735,0.0801793,0.0796036,0.0790055,0.0783821,0.0777299,0.0770445,0.0763204,0.0755507,0.0747261,0.0738343,0.0728578,0.0717717,0.0705374,0.0690928,0.06733,0.0650559,0.0619973,0.0583027,0.0550596,0.052819,0.0512941,0.0501808,0.0493135,0.048605,0.0480061,0.0474871,0.0470286,0.0466176,0.0462448,0.0459034,0.0455882,0.0452954,0.0450218,0.0447649,0.0445226,0.0442933,0.0440755,0.0438681,0.0436701,0.0434806,0.0432988,0.0431241,0.042956,0.0427938,0.0426372,0.0424859,0.0423393,0.0421972,0.0420593,0.0419254,0.0417952,0.0416685,0.0415451,0.0414248,0.0413075,0.0411929,0.0410811,0.0409717,0.0408648,0.0407602,0.0406577,0.0405574,0.0404591,0.0403627,0.0402681,0.0401753,0.0400842,0.0399947,0.0399068,0.0398205,0.0397355,0.039652,0.0395699,0.039489,0.0394094,0.0393311,0.0392539,0.0391778,0.0391029,0.0390291,0.0389563,0.0388845,0.0388137,0.0387438,0.0386749,0.0386068,0.0385397,0.0384734,0.0384079,0.0383432,0.0382793,0.0382162,0.0381538,0.0380922,0.0380312,0.037971,0.0379114,0.0378525,0.0377942,0.0377366
0.0808502,0.0802997,0.0797298,0.0791384,0.0785225,0.0778789,0.0772035,0.0764913,0.0757356,0.0749282,0.0740577,0.0731086,0.0720586,0.0708745,0.0695036,0.0678569,0.0657771,0.0630143,0.0594971,0.0560495,0.0535179,0.0518018,0.0505742,0.0496347,0.0488773,0.0482434,0.0476981,0.0472192,0.0467919,0.0464057,0.0460532,0.0457286,0.0454277,0.045147,0.0448838,0.0446361,0.0444018,0.0441797,0.0439683,0.0437666,0.0435738,0.043389,0.0432115,0.0430408,0.0428762,0.0427174,0.042564,0.0424154,0.0422715,0.042132,0.0419964,0.0418647,0.0417365,0.0416118,0.0414902,0.0413716,0.0412559,0.0411429,0.0410325,0.0409246,0.040819,0.0407156,0.0406144,0.0405152,0.040418,0.0403226,0.040229,0.0401372,0.040047,0.0399585,0.0398714,0.0397859,0.0397017,0.039619,0.0395375,0.0394574,0.0393785,0.0393008,0.0392243,0.0391488,0.0390745,0.0390012,0.038929,0.0388577,0.0387874,0.0387181,0.0386497,0.0385821,0.0385154,0.0384496,0.0383845,0.0383203,0.0382568,0.0381941,0.0381321,0.0380708,0.0380103,0.0379504,0.0378912,0.0378326,0.0377747
0.080964,0.0804186,0.0798544,0.0792693,0.0786607,0.0780254,0.0773596,0.0766586,0.0759163,0.075125,0.0742744,0.0733505,0.0723337,0.0711947,0.0698886,0.0683411,0.0664238,0.0639217,0.0606531,0.057117,0.0542972,0.052361,0.0509998,0.0499773,0.0491647,0.0484919,0.0479178,0.0474167,0.0469718,0.0465713,0.0462069,0.0458723,0.0455628,0.0452747,0.045005,0.0447515,0.0445122,0.0442854,0.0440699,0.0438645,0.0436683,0.0434803,0.0433,0.0431266,0.0429596,0.0427985,0.0426429,0.0424924,0.0423466,0.0422052,0.0420681,0.0419348,0.0418051,0.041679,0.0415561,0.0414363,0.0413194,0.0412052,0.0410937,0.0409848,0.0408782,0.0407739,0.0406717,0.0405717,0.0404736,0.0403774,0.0402831,0.0401905,0.0400996,0.0400104,0.0399226,0.0398364,0.0397517,0.0396683,0.0395863,0.0395056,0.0394262,0.0393479,0.0392709,0.0391949,0.0391201,0.0390464,0.0389737,0.038902,0.0388313,0.0387615,0.0386926,0.0386247,0.0385576,0.0384914,0.038426,0.0383614,0.0382975,0.0382345,0.0381722,0.0381106,0.0380497,0.0379895,0.03793,0.0378711,0.0378129
0.0810765,0.0805361,0.0799774,0.0793985,0.0787968,0.0781695,0.0775128,0.0768225,0.0760929,0.0753168,0.0744849,0.0735845,0.072598,0.0714998,0.070251,0.0687894,0.067009,0.0647299,0.0617348,0.058233,0.055161,0.0529793,0.0514626,0.0503441,0.0494689,0.0487526,0.0481467,0.0476215,0.0471575,0.0467417,0.0463647,0.0460195,0.0457009,0.045405,0.0451286,0.0448691,0.0446244,0.0443929,0.0441731,0.0439638,0.043764,0.0435728,0.0433895,0.0432134,0.0430438,0.0428804,0.0427226,0.04257,0.0424223,0.0422792,0.0421403,0.0420054,0.0418743,0.0417467,0.0416225,0.0415014,0.0413833,0.041268,0.0411554,0.0410453,0.0409377,0.0408325,0.0407294,0.0406285,0.0405295,0.0404326,0.0403374,0.0402441,0.0401525,0.0400625,0.0399741,0.0398873,0.0398019,0.0397179,0.0396353,0.039554,0.039474,0.0393953,0.0393177,0.0392413,0.039166,0.0390917,0.0390186,0.0389464,0.0388753,0.0388051,0.0387358,0.0386674,0.0386,0.0385333,0.0384676,0.0384026,0.0383384,0.038275,0.0382124,0.0381504,0.0380892,0.0380287,0.0379689,0.0379097,0.0378512
0.0811879,0.0806522,0.0800988,0.0795259,0.0789309,0.0783112,0.0776634,0.0769833,0.0762657,0.075504,0.0746897,0.0738111,0.0728525,0.0717913,0.0705938,0.069207,0.0675431,0.0654528,0.0627235,0.0593591,0.0561055,0.0536643,0.051968,0.0507384,0.0497919,0.0490269,0.0483858,0.0478342,0.0473497,0.0469174,0.0465268,0.0461703,0.0458422,0.0455381,0.0452545,0.0449888,0.0447385,0.0445021,0.0442778,0.0440645,0.0438611,0.0436666,0.0434802,0.0433012,0.0431291,0.0429632,0.0428031,0.0426485,0.0424988,0.0423539,0.0422132,0.0420767,0.0419441,0.041815,0.0416894,0.041567,0.0414476,0.0413312,0.0412175,0.0411063,0.0409977,0.0408915,0.0407875,0.0406856,0.0405858,0.040488,0.0403921,0.040298,0.0402056,0.040115,0.0400259,0.0399384,0.0398523,0.0397678,0.0396846,0.0396027,0.0395221,0.0394428,0.0393647,0.0392878,0.039212,0.0391373,0.0390636,0.038991,0.0389194,0.0388488,0.0387791,0.0387104,0.0386425,0.0385755,0.0385093,0.038444,0.0383794,0.0383157,0.0382527,0.0381904,0.0381289,0.0380681,0.0380079,0.0379484,0.0378896
0.081298,0.080767,0.0802188,0.0796516,0.0790631,0.0784508,0.0778114,0.0771411,0.076435,0.0756869,0.074889,0.0740308,0.0730981,0.0720707,0.0709192,0.0695983,0.0680344,0.0661038,0.0636157,0.0604564,0.0571169,0.0544218,0.0525221,0.0511642,0.050136,0.0493161,0.0486361,0.0480555,0.0475486,0.0470986,0.0466936,0.0463251,0.0459869,0.0456741,0.0453831,0.0451107,0.0448547,0.0446131,0.0443842,0.0441667,0.0439595,0.0437615,0.043572,0.0433901,0.0432153,0.0430469,0.0428846,0.0427277,0.0425761,0.0424292,0.0422868,0.0421487,0.0420144,0.0418839,0.0417569,0.0416331,0.0415125,0.0413948,0.04128,0.0411678,0.0410581,0.0409508,0.0408459,0.0407431,0.0406425,0.0405438,0.0404471,0.0403522,0.0402591,0.0401677,0.0400779,0.0399897,0.039903,0.0398178,0.039734,0.0396516,0.0395704,0.0394906,0.0394119,0.0393345,0.0392582,0.039183,0.0391089,0.0390358,0.0389638,0.0388927,0.0388226,0.0387534,0.0386852,0.0386178,0.0385512,0.0384855,0.0384206,0.0383565,0.0382932,0.0382306,0.0381687,0.0381075,0.0380471,0.0379873,0.0379282
0.081407,0.0808804,0.0803373,0.0797756,0.0791935,0.0785882,0.077957,0.077296,0.0766008,0.0758656,0.0750833,0.0742442,0.0733354,0.072339,0.0712291,0.0699667,0.0684894,0.0666946,0.0644176,0.0614935,0.0581705,0.0552539,0.0531314,0.0516257,0.0505039,0.049622,0.0488986,0.0482861,0.0477549,0.0472858,0.0468653,0.0464841,0.0461351,0.0458132,0.0455142,0.045235,0.0449729,0.0447259,0.0444923,0.0442704,0.0440593,0.0438578,0.0436649,0.0434801,0.0433025,0.0431316,0.0429668,0.0428078,0.0426541,0.0425053,0.0423611,0.0422212,0.0420854,0.0419533,0.0418249,0.0416998,0.0415778,0.0414589,0.0413429,0.0412296,0.0411189,0.0410106,0.0409047,0.040801,0.0406994,0.0405999,0.0405024,0.0404067,0.0403128,0.0402207,0.0401302,0.0400413,0.039954,0.0398682,0.0397837,0.0397007,0.039619,0.0395386,0.0394594,0.0393814,0.0393046,0.0392289,0.0391543,0.0390808,0.0390083,0.0389368,0.0388663,0.0387967,0.038728,0.0386602,0.0385933,0.0385272,0.0384619,0.0383975,0.0383338,0.0382708,0.0382086,0.0381471,0.0380864,0.0380263,0.0379668
0.0815148,0.0809927,0.0804543,0.0798981,0.079322,0.0787236,0.0781002,0.0774481,0.0767634,0.0760405,0.0752728,0.0744516,0.0735651,0.0725972,0.0715252,0.0703149,0.0689135,0.0672349,0.0651396,0.0624522,0.0592349,0.0561565,0.0538018,0.0521279,0.0508986,0.0499464,0.0491745,0.0485269,0.0479692,0.0474793,0.0470422,0.0466474,0.046287,0.0459555,0.0456482,0.0453618,0.0450934,0.0448408,0.0446021,0.0443758,0.0441605,0.0439553,0.0437591,0.0435712,0.0433907,0.0432172,0.04305,0.0428887,0.0427329,0.0425821,0.0424361,0.0422944,0.0421569,0.0420233,0.0418934,0.0417669,0.0416437,0.0415235,0.0414063,0.0412919,0.0411801,0.0410708,0.0409638,0.0408592,0.0407567,0.0406564,0.040558,0.0404615,0.0403669,0.040274,0.0401828,0.0400932,0.0400052,0.0399187,0.0398337,0.0397501,0.0396678,0.0395868,0.039507,0.0394285,0.0393512,0.039275,0.0392,0.039126,0.039053,0.0389811,0.0389101,0.0388401,0.038771,0.0387028,0.0386355,0.038569,0.0385034,0.0384386,0.0383745,0.0383112,0.0382487,0.0381869,0.0381258,0.0380654,0.0380056
0.0816215,0.0811037,0.0805701,0.0800191,0.0794489,0.0788571,0.0782411,0.0775977,0.0769228,0.0762117,0.0754579,0.0746535,0.0737878,0.0728463,0.0718087,0.0706453,0.0693107,0.0677323,0.0657929,0.0633265,0.0602775,0.0571168,0.0545376,0.0526761,0.0513238,0.0502916,0.0494653,0.0487787,0.048192,0.0476796,0.0472247,0.0468153,0.0464429,0.0461011,0.0457851,0.0454911,0.0452161,0.0449576,0.0447137,0.0444827,0.0442633,0.0440542,0.0438546,0.0436634,0.04348,0.0433038,0.0431341,0.0429705,0.0428125,0.0426597,0.0425117,0.0423683,0.0422291,0.042094,0.0419625,0.0418346,0.04171,0.0415886,0.0414702,0.0413546,0.0412417,0.0411313,0.0410234,0.0409178,0.0408144,0.0407132,0.0406139,0.0405166,0.0404212,0.0403276,0.0402357,0.0401454,0.0400567,0.0399696,0.0398839,0.0397996,0.0397168,0.0396352,0.0395549,0.0394759,0.039398,0.0393214,0.0392458,0.0391713,0.0390979,0.0390255,0.0389541,0.0388837,0.0388142,0.0387456,0.0386779,0.038611,0.038545,0.0384798,0.0384154,0.0383518,0.0382889,0.0382268,0.0381653,0.0381046,0.0380446
0.0817272,0.0812135,0.0806845,0.0801386,0.079574,0.0789886,0.0783799,0.0777447,0.0770794,0.0763793,0.0756387,0.0748502,0.0740039,0.0730869,0.072081,0.07096,0.0696846,0.0681934,0.0663876,0.0641193,0.0612715,0.0581142,0.0553395,0.0532755,0.0517834,0.0506601,0.0497725,0.0490428,0.0484241,0.0478874,0.0474132,0.0469882,0.0466029,0.0462503,0.0459251,0.0456231,0.0453411,0.0450765,0.0448272,0.0445914,0.0443676,0.0441546,0.0439513,0.0437568,0.0435705,0.0433914,0.0432192,0.0430531,0.0428929,0.042738,0.0425881,0.0424429,0.042302,0.0421652,0.0420322,0.0419029,0.0417769,0.0416542,0.0415345,0.0414178,0.0413037,0.0411923,0.0410833,0.0409768,0.0408725,0.0407703,0.0406702,0.0405721,0.0404759,0.0403815,0.0402888,0.0401978,0.0401085,0.0400207,0.0399344,0.0398495,0.039766,0.0396839,0.039603,0.0395234,0.0394451,0.0393679,0.0392918,0.0392169,0.039143,0.0390701,0.0389983,0.0389274,0.0388575,0.0387885,0.0387204,0.0386531,0.0385867,0.0385212,0.0384564,0.0383924,0.0383292,0.0382668,0.038205,0.038144,0.0380836
0.0818318,0.0813222,0.0807976,0.0802567,0.0796976,0.0791184,0.0785166,0.0778893,0.0772331,0.0765437,0.0758156,0.075042,0.074214,0.0733197,0.0723429,0.0712604,0.070038,0.0686232,0.0669327,0.0648379,0.0621994,0.0591225,0.0562029,0.053931,0.0522816,0.0510547,0.0500981,0.0493202,0.0486664,0.048103,0.047608,0.0471663,0.0467673,0.0464032,0.0460683,0.0457579,0.0454687,0.0451977,0.0449427,0.0447018,0.0444735,0.0442564,0.0440494,0.0438515,0.043662,0.0434801,0.0433052,0.0431367,0.0429741,0.0428171,0.0426652,0.0425181,0.0423755,0.042237,0.0421025,0.0419717,0.0418443,0.0417203,0.0415994,0.0414814,0.0413662,0.0412537,0.0411437,0.0410361,0.0409309,0.0408278,0.0407268,0.0406279,0.0405308,0.0404357,0.0403423,0.0402506,0.0401605,0.040072,0.0399851,0.0398996,0.0398155,0.0397328,0.0396513,0.0395712,0.0394923,0.0394146,0.039338,0.0392626,0.0391882,0.0391149,0.0390426,0.0389713,0.038901,0.0388316,0.0387631,0.0386954,0.0386287,0.0385627,0.0384976,0.0384333,0.0383697,0.0383069,0.0382448,0.0381834,0.0381228
0.0819354,0.0814297,0.0809095,0.0803734,0.0798196,0.0792464,0.0786513,0.0780317,0.0773842,0.0767049,0.0759887,0.0752293,0.0744184,0.0735454,0.0725954,0.071548,0.0703733,0.069026,0.0674354,0.0654914,0.0630538,0.0601145,0.0571167,0.0546453,0.0528231,0.0514787,0.050444,0.0496122,0.0489197,0.0483273,0.0478097,0.04735,0.0469363,0.0465601,0.0462148,0.0458957,0.0455988,0.0453211,0.0450602,0.0448141,0.044581,0.0443596,0.0441488,0.0439474,0.0437547,0.0435698,0.0433922,0.0432212,0.0430563,0.0428971,0.0427431,0.0425941,0.0424496,0.0423095,0.0421734,0.042041,0.0419123,0.0417869,0.0416647,0.0415455,0.0414291,0.0413155,0.0412045,0.0410959,0.0409896,0.0408856,0.0407838,0.040684,0.0405861,0.0404902,0.040396,0.0403036,0.0402128,0.0401236,0.040036,0.0399499,0.0398652,0.0397819,0.0396999,0.0396192,0.0395398,0.0394615,0.0393845,0.0393085,0.0392337,0.0391599,0.0390872,0.0390154,0.0389446,0.0388748,0.0388059,0.0387379,0.0386707,0.0386044,0.0385389,0.0384742,0.0384103,0.0383472,0.0382847,0.0382231,0.0381621
0.0820381,0.0815362,0.0810202,0.0804887,0.0799401,0.0793726,0.078784,0.0781718,0.0775327,0.0768631,0.0761582,0.0754122,0.0746175,0.0737643,0.0728393,0.0718241,0.0706924,0.0694051,0.0679018,0.0660885,0.0638351,0.0610671,0.0580631,0.0554183,0.0534121,0.0519356,0.0508126,0.0499206,0.0491851,0.0485608,0.0480187,0.0475397,0.0471103,0.0467211,0.046365,0.0460365,0.0457316,0.0454469,0.0451798,0.0449282,0.0446903,0.0444645,0.0442496,0.0440446,0.0438486,0.0436607,0.0434802,0.0433066,0.0431393,0.0429778,0.0428218,0.0426708,0.0425245,0.0423826,0.0422449,0.042111,0.0419808,0.041854,0.0417305,0.04161,0.0414925,0.0413777,0.0412656,0.041156,0.0410488,0.0409438,0.0408411,0.0407404,0.0406417,0.040545,0.04045,0.0403569,0.0402654,0.0401755,0.0400872,0.0400005,0.0399151,0.0398312,0.0397487,0.0396674,0.0395874,0.0395087,0.0394311,0.0393546,0.0392793,0.0392051,0.0391319,0.0390597,0.0389885,0.0389182,0.0388489,0.0387805,0.0387129,0.0386462,0.0385804,0.0385153,0.0384511,0.0383876,0.0383248,0.0382628,0.0382015
0.0821397,0.0816416,0.0811297,0.0806028,0.0800592,0.0794973,0.078915,0.0783098,0.0776788,0.0770184,0.0763244,0.0755911,0.0748117,0.0739771,0.0730752,0.0720897,0.0709971,0.0697634,0.0683368,0.0666371,0.0645481,0.061964,0.0590203,0.0562454,0.0540523,0.0524292,0.0512066,0.0502469,0.0494637,0.0488044,0.0482357,0.0477358,0.0472896,0.0468866,0.0465188,0.0461806,0.0458672,0.0455752,0.0453017,0.0450443,0.0448013,0.0445709,0.0443519,0.0441432,0.0439437,0.0437526,0.0435693,0.043393,0.0432232,0.0430594,0.0429012,0.0427482,0.0426001,0.0424564,0.042317,0.0421815,0.0420498,0.0419216,0.0417968,0.0416751,0.0415563,0.0414404,0.0413272,0.0412165,0.0411083,0.0410024,0.0408987,0.0407972,0.0406977,0.0406001,0.0405044,0.0404104,0.0403182,0.0402277,0.0401387,0.0400513,0.0399653,0.0398808,0.0397977,0.0397158,0.0396353,0.039556,0.0394779,0.039401,0.0393251,0.0392504,0.0391768,0.0391041,0.0390325,0.0389618,0.0388921,0.0388232,0.0387553,0.0386882,0.038622,0.0385566,0.038492,0.0384281,0.038365,0.0383027,0.038241
0.0822404,0.081746,0.0812381,0.0807156,0.0801769,0.0796203,0.0790441,0.0784457,0.0778225,0.077171,0.0764873,0.0757661,0.0750011,0.074184,0.0733037,0.0723456,0.0712887,0.0701033,0.0687446,0.067144,0.0651999,0.0627971,0.0599655,0.0571165,0.0547457,0.0529633,0.0516288,0.0505931,0.0497569,0.049059,0.0484612,0.0479387,0.0474744,0.0470567,0.0466767,0.046328,0.0460058,0.0457061,0.0454258,0.0451625,0.0449141,0.044679,0.0444558,0.0442431,0.0440401,0.0438458,0.0436594,0.0434804,0.043308,0.0431419,0.0429815,0.0428264,0.0426763,0.0425309,0.0423897,0.0422527,0.0421194,0.0419898,0.0418636,0.0417406,0.0416206,0.0415036,0.0413892,0.0412775,0.0411683,0.0410614,0.0409568,0.0408543,0.0407539,0.0406555,0.040559,0.0404643,0.0403714,0.0402801,0.0401905,0.0401024,0.0400158,0.0399307,0.0398469,0.0397645,0.0396834,0.0396036,0.0395249,0.0394475,0.0393712,0.039296,0.0392218,0.0391487,0.0390767,0.0390055,0.0389354,0.0388662,0.0387978,0.0387304,0.0386637,0.038598,0.038533,0.0384688,0.0384054,0.0383427,0.0382807
0.0823403,0.0818494,0.0813454,0.0808271,0.0802931,0.0797419,0.0791715,0.0785797,0.0779639,0.077321,0.0766471,0.0759375,0.0751862,0.0743855,0.0735254,0.0725926,0.0715685,0.0704268,0.0691285,0.0676149,0.0657978,0.063565,0.0608786,0.0580166,0.0554912,0.0535415,0.0520825,0.0509614,0.050066,0.0493255,0.048696,0.0481489,0.0476653,0.0472317,0.0468387,0.0464791,0.0461475,0.0458396,0.0455523,0.0452828,0.0450289,0.0447889,0.0445611,0.0443445,0.0441378,0.0439401,0.0437507,0.0435688,0.0433938,0.0432253,0.0430626,0.0429054,0.0427533,0.042606,0.0424631,0.0423244,0.0421896,0.0420586,0.0419309,0.0418066,0.0416854,0.0415671,0.0414517,0.0413388,0.0412286,0.0411207,0.0410151,0.0409118,0.0408105,0.0407113,0.040614,0.0405185,0.0404248,0.0403328,0.0402425,0.0401537,0.0400665,0.0399807,0.0398964,0.0398134,0.0397317,0.0396513,0.0395722,0.0394942,0.0394174,0.0393417,0.0392671,0.0391935,0.039121,0.0390495,0.0389789,0.0389092,0.0388405,0.0387727,0.0387057,0.0386395,0.0385742,0.0385096,0.0384458,0.0383828,0.0383205
0.0824392,0.0819518,0.0814516,0.0809375,0.0804081,0.0798619,0.0792972,0.0787118,0.0781032,0.0774685,0.076804,0.0761054,0.0753671,0.0745819,0.0737408,0.0728316,0.0718376,0.0707355,0.0694914,0.0680545,0.0663487,0.0642704,0.0617448,0.0589272,0.0562845,0.0541665,0.0525708,0.0513542,0.0503927,0.0496051,0.0489408,0.0483671,0.0478625,0.0474121,0.0470051,0.0466339,0.0462924,0.0459761,0.0456813,0.0454053,0.0451457,0.0449005,0.0446681,0.0444473,0.0442368,0.0440357,0.0438431,0.0436583,0.0434806,0.0433095,0.0431445,0.0429852,0.0428311,0.0426819,0.0425372,0.0423968,0.0422604,0.0421279,0.0419988,0.0418731,0.0417507,0.0416312,0.0415145,0.0414006,0.0412893,0.0411804,0.0410739,0.0409696,0.0408675,0.0407674,0.0406692,0.040573,0.0404785,0.0403858,0.0402948,0.0402053,0.0401175,0.040031,0.0399461,0.0398625,0.0397803,0.0396993,0.0396196,0.0395411,0.0394638,0.0393876,0.0393125,0.0392385,0.0391655,0.0390936,0.0390225,0.0389525,0.0388833,0.0388151,0.0387477,0.0386812,0.0386155,0.0385506,0.0384865,0.0384231,0.0383605
0.0825372,0.0820532,0.0815567,0.0810467,0.0805218,0.0799805,0.0794213,0.078842,0.0782404,0.0776136,0.0769582,0.07627,0.075544,0.0747735,0.0739502,0.073063,0.0720968,0.071031,0.0698357,0.0684668,0.0668587,0.0649187,0.0625558,0.0598289,0.0571164,0.0548393,0.0530971,0.0517742,0.0507388,0.049899,0.0491964,0.0485938,0.0480665,0.047598,0.0471762,0.0467926,0.0464407,0.0461154,0.0458129,0.0455301,0.0452645,0.0450139,0.0447768,0.0445516,0.0443372,0.0441325,0.0439366,0.0437488,0.0435684,0.0433947,0.0432274,0.0430658,0.0429096,0.0427584,0.0426119,0.0424698,0.0423318,0.0421977,0.0420672,0.0419402,0.0418164,0.0416957,0.0415779,0.0414628,0.0413504,0.0412405,0.041133,0.0410278,0.0409247,0.0408238,0.0407248,0.0406278,0.0405326,0.0404391,0.0403473,0.0402572,0.0401687,0.0400816,0.039996,0.0399119,0.039829,0.0397475,0.0396673,0.0395883,0.0395104,0.0394337,0.0393582,0.0392837,0.0392102,0.0391378,0.0390664,0.0389959,0.0389263,0.0388577,0.0387899,0.038723,0.0386569,0.0385917,0.0385272,0.0384635,0.0384005
0.0826344,0.0821537,0.0816609,0.0811548,0.0806342,0.0800978,0.0795438,0.0789705,0.0783756,0.0777563,0.0771096,0.0764315,0.0757172,0.0749606,0.0741541,0.0732874,0.072347,0.0713144,0.0701633,0.0688551,0.0673332,0.0655158,0.0633087,0.0607046,0.0579741,0.0555588,0.0536641,0.052224,0.0511064,0.0502086,0.0494639,0.0488296,0.0482779,0.0477899,0.0473523,0.0469556,0.0465926,0.0462579,0.0459473,0.0456573,0.0453854,0.0451293,0.0448872,0.0446575,0.044439,0.0442306,0.0440314,0.0438405,0.0436572,0.0434809,0.0433111,0.0431472,0.0429889,0.0428357,0.0426874,0.0425435,0.0424039,0.0422682,0.0421362,0.0420078,0.0418826,0.0417607,0.0416417,0.0415255,0.041412,0.041301,0.0411925,0.0410863,0.0409824,0.0408805,0.0407807,0.0406829,0.0405869,0.0404927,0.0404002,0.0403094,0.0402201,0.0401324,0.0400462,0.0399614,0.039878,0.0397959,0.0397151,0.0396356,0.0395572,0.0394801,0.039404,0.039329,0.0392551,0.0391823,0.0391104,0.0390395,0.0389695,0.0389005,0.0388323,0.038765,0.0386986,0.0386329,0.0385681,0.038504,0.0384408
0.0827308,0.0822533,0.081764,0.0812618,0.0807454,0.0802136,0.0796649,0.0790973,0.0785088,0.0778969,0.0772585,0.07659,0.0758869,0.0751435,0.0743527,0.0735053,0.0725889,0.0715869,0.0704759,0.0692223,0.0677767,0.0660676,0.0640049,0.0615407,0.0588419,0.0563204,0.0542738,0.0527066,0.0514976,0.0505354,0.0497443,0.0490754,0.0484971,0.0479882,0.0475337,0.047123,0.0467483,0.0464036,0.0460844,0.045787,0.0455086,0.0452467,0.0449993,0.044765,0.0445424,0.0443301,0.0441274,0.0439333,0.0437471,0.0435681,0.0433957,0.0432295,0.043069,0.0429138,0.0427635,0.0426178,0.0424765,0.0423392,0.0422058,0.0420759,0.0419494,0.0418261,0.0417059,0.0415885,0.0414739,0.0413619,0.0412524,0.0411453,0.0410404,0.0409376,0.040837,0.0407383,0.0406415,0.0405465,0.0404533,0.0403618,0.0402719,0.0401835,0.0400967,0.0400113,0.0399273,0.0398446,0.0397632,0.0396831,0.0396043,0.0395266,0.03945,0.0393746,0.0393002,0.0392269,0.0391546,0.0390832,0.0390128,0.0389434,0.0388748,0.0388071,0.0387403,0.0386743,0.0386091,0.0385447,0.0384811
0.0828263,0.0823521,0.0818662,0.0813677,0.0808555,0.0803282,0.0797845,0.0792225,0.0786402,0.0780354,0.077405,0.0767457,0.0760532,0.0753224,0.0745465,0.0737172,0.0728231,0.0718494,0.070775,0.0695706,0.068193,0.0665798,0.064648,0.062329,0.0597034,0.0571162,0.0549268,0.0532246,0.0519148,0.0508811,0.0500387,0.0493319,0.0487248,0.0481932,0.0477206,0.047295,0.0469079,0.0465528,0.0462246,0.0459194,0.045634,0.0453661,0.0451134,0.0448742,0.0446472,0.044431,0.0442247,0.0440273,0.043838,0.0436562,0.0434813,0.0433127,0.0431499,0.0429926,0.0428404,0.0426929,0.0425498,0.0424109,0.0422759,0.0421445,0.0420167,0.0418921,0.0417706,0.0416521,0.0415363,0.0414232,0.0413127,0.0412046,0.0410987,0.0409951,0.0408935,0.040794,0.0406964,0.0406007,0.0405067,0.0404145,0.0403239,0.0402349,0.0401474,0.0400613,0.0399767,0.0398935,0.0398116,0.0397309,0.0396515,0.0395733,0.0394962,0.0394203,0.0393455,0.0392717,0.0391989,0.0391271,0.0390563,0.0389865,0.0389175,0.0388494,0.0387822,0.0387159,0.0386503,0.0385855,0.0385216
0.0829211,0.0824499,0.0819674,0.0814726,0.0809644,0.0804415,0.0799026,0.079346,0.0787698,0.0781718,0.0775491,0.0768986,0.0762164,0.0754974,0.0747357,0.0739234,0.0730502,0.0721026,0.071062,0.069902,0.0685853,0.0670571,0.0652428,0.0630658,0.0605436,0.0579351,0.0556215,0.0537802,0.0523603,0.0512475,0.0503484,0.0496002,0.0489616,0.0484056,0.0479135,0.0474721,0.0470718,0.0467055,0.0463678,0.0460544,0.0457619,0.0454876,0.0452293,0.0449852,0.0447536,0.0445334,0.0443233,0.0441225,0.0439301,0.0437454,0.0435678,0.0433967,0.0432317,0.0430722,0.042918,0.0427686,0.0426237,0.0424832,0.0423466,0.0422137,0.0420845,0.0419586,0.0418358,0.0417161,0.0415992,0.041485,0.0413734,0.0412642,0.0411574,0.0410529,0.0409505,0.0408501,0.0407517,0.0406552,0.0405604,0.0404675,0.0403762,0.0402865,0.0401983,0.0401116,0.0400264,0.0399426,0.0398601,0.0397789,0.0396989,0.0396202,0.0395427,0.0394662,0.0393909,0.0393167,0.0392434,0.0391712,0.0391,0.0390297,0.0389603,0.0388919,0.0388243,0.0387575,0.0386916,0.0386265,0.0385622
0.083015,0.0825469,0.0820677,0.0815764,0.0810721,0.0805536,0.0800194,0.0794681,0.0788977,0.0783062,0.077691,0.0770489,0.0763764,0.0756689,0.0749206,0.0741243,0.0732707,0.0723474,0.0713377,0.0702184,0.0689563,0.0675038,0.0657944,0.0637513,0.0613504,0.0587636,0.0563536,0.0543749,0.0528367,0.0516367,0.050675,0.0498811,0.0492083,0.0486258,0.0481127,0.0476543,0.0472401,0.046862,0.0465143,0.0461923,0.0458923,0.0456114,0.0453473,0.0450979,0.0448617,0.0446372,0.0444232,0.0442189,0.0440233,0.0438357,0.0436553,0.0434817,0.0433143,0.0431526,0.0429963,0.042845,0.0426983,0.0425561,0.0424179,0.0422835,0.0421528,0.0420255,0.0419015,0.0417805,0.0416624,0.0415471,0.0414345,0.0413243,0.0412165,0.041111,0.0410077,0.0409065,0.0408072,0.0407099,0.0406144,0.0405207,0.0404287,0.0403383,0.0402495,0.0401622,0.0400764,0.0399919,0.0399088,0.0398271,0.0397466,0.0396673,0.0395893,0.0395123,0.0394365,0.0393618,0.0392881,0.0392155,0.0391438,0.0390731,0.0390033,0.0389345,0.0388665,0.0387994,0.0387331,0.0386676,0.0386029
0.0831083,0.0826431,0.0821671,0.0816793,0.0811788,0.0806644,0.0801349,0.0795886,0.0790239,0.0784388,0.0778307,0.0771968,0.0765336,0.0758369,0.0751013,0.0743202,0.073485,0.0725844,0.0716033,0.070521,0.0693083,0.0679234,0.0663077,0.0643879,0.0621159,0.0595878,0.0571161,0.0550087,0.0533461,0.0520507,0.0510199,0.0501757,0.0494655,0.0488544,0.0483187,0.0478422,0.047413,0.0470225,0.0466643,0.0463332,0.0460253,0.0457375,0.0454673,0.0452125,0.0449714,0.0447425,0.0445246,0.0443166,0.0441177,0.043927,0.0437438,0.0435676,0.0433978,0.0432338,0.0430754,0.0429221,0.0427736,0.0426296,0.0424898,0.0423539,0.0422217,0.042093,0.0419677,0.0418454,0.0417262,0.0416097,0.041496,0.0413848,0.041276,0.0411695,0.0410653,0.0409632,0.0408631,0.040765,0.0406687,0.0405743,0.0404815,0.0403904,0.040301,0.040213,0.0401265,0.0400415,0.0399578,0.0398755,0.0397945,0.0397147,0.0396361,0.0395587,0.0394824,0.0394072,0.039333,0.0392599,0.0391878,0.0391167,0.0390465,0.0389772,0.0389089,0.0388414,0.0387747,0.0387089,0.0386438
0.0832007,0.0827385,0.0822656,0.0817813,0.0812845,0.0807742,0.0802491,0.0797077,0.0791485,0.0785695,0.0779683,0.0773422,0.076688,0.0760016,0.0752782,0.0745114,0.0736935,0.0728141,0.0718595,0.0708113,0.0696434,0.0683192,0.0667869,0.0649791,0.0628359,0.0603945,0.0578992,0.0556798,0.0538903,0.0524915,0.0513848,0.0504854,0.0497343,0.049092,0.048532,0.048036,0.0475909,0.0471872,0.0468178,0.0464772,0.0461611,0.0458661,0.0455895,0.045329,0.0450828,0.0448494,0.0446274,0.0444157,0.0442133,0.0440195,0.0438334,0.0436545,0.0434821,0.0433159,0.0431553,0.043,0.0428496,0.0427038,0.0425623,0.0424248,0.0422911,0.042161,0.0420343,0.0419108,0.0417903,0.0416727,0.0415579,0.0414456,0.0413358,0.0412284,0.0411233,0.0410203,0.0409193,0.0408204,0.0407233,0.0406281,0.0405346,0.0404428,0.0403527,0.0402641,0.040177,0.0400913,0.0400071,0.0399241,0.0398425,0.0397622,0.0396831,0.0396052,0.0395284,0.0394527,0.0393781,0.0393045,0.039232,0.0391604,0.0390898,0.0390202,0.0389514,0.0388835,0.0388165,0.0387502,0.0386849
0.0832925,0.0828331,0.0823633,0.0818822,0.0813891,0.0808827,0.080362,0.0798254,0.0792715,0.0786984,0.0781039,0.0774854,0.0768398,0.0761633,0.0754514,0.0746982,0.0738966,0.073037,0.0721071,0.0710902,0.0699632,0.0686936,0.067236,0.0655293,0.0635096,0.061173,0.0586915,0.0563844,0.0544701,0.0529614,0.0517715,0.0508114,0.0500155,0.0493393,0.048753,0.0482361,0.047774,0.0473563,0.0469751,0.0466244,0.0462996,0.0459971,0.0457139,0.0454475,0.0451961,0.044958,0.0447317,0.0445161,0.0443102,0.0441131,0.043924,0.0437423,0.0435675,0.0433989,0.0432361,0.0430787,0.0429263,0.0427787,0.0426355,0.0424964,0.0423611,0.0422296,0.0421015,0.0419767,0.041855,0.0417362,0.0416202,0.0415069,0.0413961,0.0412877,0.0411816,0.0410777,0.0409759,0.0408761,0.0407782,0.0406822,0.040588,0.0404955,0.0404047,0.0403154,0.0402276,0.0401414,0.0400565,0.039973,0.0398908,0.03981,0.0397303,0.0396519,0.0395746,0.0394984,0.0394233,0.0393493,0.0392763,0.0392043,0.0391333,0.0390632,0.0389941,0.0389258,0.0388584,0.0387918,0.038726
0.0833835,0.0829269,0.0824601,0.0819823,0.0814927,0.0809902,0.0804737,0.0799418,0.0793931,0.0788257,0.0782376,0.0776263,0.076989,0.076322,0.0756211,0.0748809,0.0740946,0.0732537,0.0723468,0.0713588,0.0702691,0.0690491,0.0676585,0.0660426,0.0641383,0.0619158,0.059481,0.0571159,0.0550854,0.053462,0.0521819,0.0511552,0.0503102,0.0495971,0.0489823,0.0484429,0.0479627,0.0475301,0.0471364,0.0467751,0.0464412,0.0461308,0.0458406,0.0455681,0.0453112,0.0450682,0.0448375,0.0446179,0.0444083,0.0442079,0.0440157,0.0438312,0.0436537,0.0434827,0.0433176,0.0431581,0.0430038,0.0428543,0.0427093,0.0425685,0.0424317,0.0422987,0.0421692,0.0420431,0.0419201,0.0418001,0.041683,0.0415686,0.0414567,0.0413473,0.0412402,0.0411354,0.0410328,0.0409321,0.0408335,0.0407367,0.0406417,0.0405485,0.0404569,0.040367,0.0402786,0.0401917,0.0401062,0.0400221,0.0399394,0.0398579,0.0397777,0.0396988,0.039621,0.0395443,0.0394688,0.0393943,0.0393209,0.0392484,0.039177,0.0391065,0.0390369,0.0389682,0.0389004,0.0388335,0.0387673
0.0834739,0.0830199,0.0825561,0.0820815,0.0815953,0.0810966,0.0805842,0.0800568,0.0795131,0.0789513,0.0783694,0.0777651,0.0771357,0.0764778,0.0757874,0.0750595,0.0742879,0.0734645,0.0725791,0.0716179,0.0705626,0.0693875,0.0680572,0.0665229,0.0647248,0.0626185,0.0602561,0.0578661,0.0557342,0.0539946,0.0526177,0.0515183,0.0506195,0.0498661,0.0492206,0.048657,0.0481573,0.0477088,0.0473018,0.0469294,0.0465859,0.0462672,0.0459698,0.0456909,0.0454283,0.0451802,0.0449449,0.0447211,0.0445078,0.0443039,0.0441086,0.0439212,0.0437409,0.0435674,0.0434,0.0432383,0.0430819,0.0429305,0.0427837,0.0426413,0.0425029,0.0423684,0.0422375,0.04211,0.0419857,0.0418645,0.0417462,0.0416307,0.0415177,0.0414073,0.0412993,0.0411935,0.04109,0.0409885,0.040889,0.0407914,0.0406957,0.0406017,0.0405094,0.0404188,0.0403297,0.0402422,0.0401561,0.0400714,0.0399881,0.0399061,0.0398254,0.0397459,0.0396676,0.0395904,0.0395144,0.0394395,0.0393656,0.0392927,0.0392208,0.0391499,0.0390799,0.0390108,0.0389426,0.0388753,0.0388088
0.0835635,0.0831123,0.0826513,0.0821798,0.081697,0.0812019,0.0806936,0.0801706,0.0796317,0.0790753,0.0784994,0.0779019,0.0772802,0.076631,0.0759507,0.0752345,0.0744766,0.0736698,0.0728044,0.0718683,0.0708445,0.0697105,0.0684347,0.0669737,0.0652725,0.0632795,0.0610074,0.0586249,0.0564129,0.0545599,0.0530808,0.0519022,0.0509446,0.0501474,0.0494684,0.0488787,0.0483582,0.0478927,0.0474717,0.0470874,0.0467339,0.0464064,0.0461014,0.0458159,0.0455474,0.045294,0.0450539,0.0448259,0.0446086,0.0444012,0.0442026,0.0440122,0.0438292,0.043653,0.0434832,0.0433193,0.0431609,0.0430075,0.0428589,0.0427147,0.0425747,0.0424386,0.0423063,0.0421774,0.0420518,0.0419293,0.0418098,0.0416932,0.0415792,0.0414677,0.0413587,0.041252,0.0411475,0.0410452,0.0409448,0.0408465,0.04075,0.0406552,0.0405623,0.0404709,0.0403812,0.040293,0.0402063,0.040121,0.0400371,0.0399545,0.0398732,0.0397932,0.0397144,0.0396367,0.0395602,0.0394848,0.0394104,0.0393371,0.0392648,0.0391934,0.039123,0.0390536,0.038985,0.0389173,0.0388504
0.0836525,0.0832039,0.0827457,0.0822773,0.0817978,0.0813063,0.0808018,0.0802831,0.079749,0.0791978,0.0786277,0.0780368,0.0774224,0.0767816,0.0761109,0.0754058,0.0746611,0.0738699,0.0730234,0.0721105,0.071116,0.0700196,0.0687932,0.0673983,0.0657848,0.0638993,0.0617278,0.059382,0.0571157,0.0551574,0.0535724,0.0523086,0.051287,0.0504419,0.0497265,0.0491086,0.0485658,0.0480822,0.0476462,0.0472494,0.0468853,0.0465487,0.0462357,0.0459432,0.0456685,0.0454096,0.0451647,0.0449322,0.0447109,0.0444997,0.0442978,0.0441043,0.0439184,0.0437396,0.0435674,0.0434012,0.0432406,0.0430852,0.0429347,0.0427888,0.0426471,0.0425095,0.0423756,0.0422453,0.0421184,0.0419947,0.041874,0.0417561,0.041641,0.0415285,0.0414185,0.0413108,0.0412054,0.0411022,0.041001,0.0409018,0.0408045,0.0407091,0.0406153,0.0405233,0.0404329,0.040344,0.0402567,0.0401708,0.0400863,0.0400031,0.0399213,0.0398407,0.0397614,0.0396832,0.0396062,0.0395303,0.0394555,0.0393817,0.039309,0.0392372,0.0391664,0.0390965,0.0390275,0.0389594,0.0388922
0.0837408,0.0832948,0.0828394,0.0823739,0.0818976,0.0814096,0.080909,0.0803945,0.0798649,0.0793188,0.0787544,0.0781697,0.0775624,0.0769297,0.0762682,0.0755738,0.0748416,0.0740651,0.0732364,0.0723453,0.0713779,0.070316,0.0691346,0.0677995,0.0662653,0.06448,0.0624128,0.0601275,0.0578353,0.055785,0.0540936,0.0527391,0.0516479,0.0507506,0.0499957,0.0493474,0.0487805,0.0482775,0.0478257,0.0474156,0.0470402,0.046694,0.0463727,0.0460729,0.0457919,0.0455272,0.0452771,0.04504,0.0448146,0.0445996,0.0443942,0.0441975,0.0440087,0.0438272,0.0436524,0.0434839,0.0433211,0.0431637,0.0430112,0.0428635,0.0427201,0.0425809,0.0424455,0.0423138,0.0421855,0.0420605,0.0419385,0.0418195,0.0417033,0.0415897,0.0414787,0.04137,0.0412637,0.0411596,0.0410575,0.0409575,0.0408594,0.0407632,0.0406687,0.0405759,0.0404848,0.0403953,0.0403073,0.0402208,0.0401357,0.040052,0.0399696,0.0398885,0.0398086,0.0397299,0.0396524,0.039576,0.0395007,0.0394265,0.0393533,0.0392811,0.0392098,0.0391395,0.0390702,0.0390017,0.0389341
0.0838285,0.083385,0.0829323,0.0824697,0.0819966,0.081512,0.0810151,0.0805046,0.0799795,0.0794383,0.0788794,0.0783008,0.0777003,0.0770754,0.0764227,0.0757386,0.0750182,0.0742557,0.0734439,0.072573,0.0716308,0.0706008,0.0694605,0.0681796,0.0667172,0.065024,0.0630605,0.0608527,0.0585632,0.0564394,0.0546447,0.0531951,0.0520287,0.0510746,0.0502769,0.0495955,0.0490028,0.0484791,0.0480103,0.0475862,0.047199,0.0468427,0.0465126,0.0462052,0.0459174,0.0456468,0.0453914,0.0451495,0.0449198,0.0447009,0.0444919,0.0442919,0.0441001,0.0439158,0.0437384,0.0435674,0.0434024,0.0432429,0.0430885,0.0429389,0.0427938,0.0426529,0.042516,0.0423828,0.0422531,0.0421268,0.0420036,0.0418834,0.041766,0.0416513,0.0415393,0.0414296,0.0413223,0.0412173,0.0411144,0.0410135,0.0409146,0.0408176,0.0407224,0.0406289,0.0405371,0.0404469,0.0403582,0.0402711,0.0401854,0.0401011,0.0400181,0.0399364,0.039856,0.0397768,0.0396988,0.0396219,0.0395462,0.0394715,0.0393978,0.0393252,0.0392535,0.0391828,0.039113,0.0390441,0.0389761
0.0839156,0.0834745,0.0830244,0.0825647,0.0820947,0.0816134,0.0811201,0.0806137,0.0800929,0.0795565,0.0790028,0.0784301,0.0778363,0.0772188,0.0765747,0.0759003,0.0751912,0.0744421,0.073646,0.0727943,0.0718756,0.070875,0.0697725,0.0685407,0.0671433,0.0655345,0.0636706,0.0615512,0.0592902,0.0571155,0.055225,0.0536777,0.0524309,0.0514153,0.0505709,0.0498538,0.0492332,0.0486873,0.0482005,0.0477614,0.0473617,0.0469947,0.0466555,0.0463401,0.0460453,0.0457685,0.0455076,0.0452608,0.0450265,0.0448036,0.0445909,0.0443875,0.0441925,0.0440054,0.0438253,0.0436519,0.0434845,0.0433229,0.0431665,0.043015,0.0428681,0.0427255,0.042587,0.0424523,0.0423212,0.0421935,0.0420691,0.0419477,0.0418291,0.0417134,0.0416002,0.0414896,0.0413813,0.0412753,0.0411715,0.0410698,0.0409701,0.0408723,0.0407763,0.0406821,0.0405896,0.0404987,0.0404094,0.0403216,0.0402353,0.0401504,0.0400668,0.0399846,0.0399036,0.0398239,0.0397454,0.039668,0.0395918,0.0395166,0.0394425,0.0393694,0.0392973,0.0392262,0.039156,0.0390867,0.0390183
0.084002,0.0835634,0.0831159,0.082659,0.0821919,0.081714,0.0812242,0.0807216,0.080205,0.0796733,0.0791247,0.0785578,0.0779703,0.07736,0.0767241,0.076059,0.0753608,0.0746243,0.0738432,0.0730095,0.0721128,0.0711395,0.0700717,0.0688848,0.0675463,0.0660144,0.0642445,0.0622185,0.0600076,0.0578068,0.0558325,0.0541876,0.0528558,0.0517737,0.0508787,0.050123,0.0494723,0.0489025,0.0483964,0.0479415,0.0475285,0.0471503,0.0468015,0.0464777,0.0461756,0.0458924,0.0456257,0.0453737,0.0451348,0.0449077,0.0446912,0.0444843,0.0442861,0.044096,0.0439132,0.0437372,0.0435675,0.0434037,0.0432452,0.0430918,0.0429431,0.0427988,0.0426587,0.0425224,0.0423899,0.0422608,0.0421351,0.0420124,0.0418927,0.0417758,0.0416616,0.0415499,0.0414407,0.0413338,0.041229,0.0411265,0.0410259,0.0409273,0.0408305,0.0407356,0.0406423,0.0405508,0.0404608,0.0403724,0.0402854,0.0401999,0.0401158,0.040033,0.0399515,0.0398712,0.0397922,0.0397143,0.0396376,0.0395619,0.0394874,0.0394138,0.0393413,0.0392697,0.0391991,0.0391294,0.0390607
0.0840879,0.0836516,0.0832067,0.0827525,0.0822884,0.0818136,0.0813272,0.0808284,0.080316,0.0797887,0.0792452,0.0786838,0.0781025,0.0774992,0.076871,0.076215,0.0755271,0.0748026,0.0740357,0.073219,0.0723428,0.0713951,0.0703592,0.0692135,0.0679286,0.0664665,0.0647841,0.0628523,0.060708,0.0585058,0.0564642,0.0547249,0.0533046,0.0521511,0.0512014,0.0504038,0.0497207,0.0491253,0.0485986,0.0481268,0.0476998,0.0473097,0.0469507,0.0466182,0.0463085,0.0460185,0.0457458,0.0454885,0.0452448,0.0450133,0.0447928,0.0445823,0.0443809,0.0441877,0.0440021,0.0438235,0.0436514,0.0434853,0.0433247,0.0431693,0.0430187,0.0428727,0.0427309,0.0425931,0.0424591,0.0423287,0.0422016,0.0420776,0.0419567,0.0418387,0.0417234,0.0416107,0.0415004,0.0413925,0.0412869,0.0411834,0.041082,0.0409826,0.0408851,0.0407894,0.0406954,0.0406031,0.0405125,0.0404234,0.0403358,0.0402497,0.040165,0.0400816,0.0399995,0.0399187,0.0398392,0.0397608,0.0396836,0.0396074,0.0395324,0.0394584,0.0393854,0.0393135,0.0392424,0.0391723,0.0391032
0.0841731,0.0837392,0.0832967,0.0828452,0.082384,0.0819123,0.0814294,0.0809342,0.0804258,0.0799029,0.0793643,0.0788082,0.0782329,0.0776363,0.0770157,0.0763682,0.0756902,0.0749773,0.0742238,0.0734231,0.0725663,0.0716422,0.0706361,0.0695281,0.068292,0.0668936,0.0652918,0.063452,0.0613851,0.0592047,0.0571153,0.0552886,0.0537781,0.0525489,0.0515401,0.0506971,0.049979,0.049356,0.0488073,0.0483176,0.0478756,0.047473,0.0471034,0.0467617,0.0464439,0.0461469,0.045868,0.0456052,0.0453565,0.0451205,0.0448959,0.0446817,0.0444768,0.0442805,0.044092,0.0439108,0.0437362,0.0435677,0.043405,0.0432475,0.0430951,0.0429472,0.0428038,0.0426644,0.0425289,0.042397,0.0422686,0.0421434,0.0420212,0.041902,0.0417856,0.0416718,0.0415605,0.0414517,0.0413451,0.0412408,0.0411385,0.0410382,0.0409399,0.0408434,0.0407487,0.0406558,0.0405644,0.0404747,0.0403864,0.0402997,0.0402144,0.0401304,0.0400478,0.0399665,0.0398864,0.0398075,0.0397297,0.0396531,0.0395776,0.0395032,0.0394298,0.0393573,0.0392859,0.0392154,0.0391458
0.0842578,0.0838261,0.0833861,0.0829372,0.0824788,0.0820102,0.0815305,0.081039,0.0805345,0.0800159,0.0794819,0.0789311,0.0783616,0.0777714,0.0771581,0.076519,0.0758504,0.0751484,0.0744078,0.0736222,0.0727836,0.0718817,0.0709031,0.0698299,0.0686385,0.067298,0.0657703,0.0640183,0.0620347,0.0598958,0.0577802,0.0558771,0.0542768,0.052968,0.0518957,0.0510039,0.0502479,0.0495954,0.049023,0.0485141,0.0480563,0.0476405,0.0472597,0.0469083,0.0465821,0.0462778,0.0459924,0.0457238,0.0454699,0.0452293,0.0450005,0.0447824,0.044574,0.0443745,0.044183,0.043999,0.0438218,0.043651,0.043486,0.0433265,0.0431721,0.0430225,0.0428773,0.0427363,0.0425992,0.0424659,0.0423361,0.0422095,0.0420862,0.0419658,0.0418482,0.0417334,0.0416211,0.0415112,0.0414037,0.0412984,0.0411953,0.0410942,0.040995,0.0408978,0.0408023,0.0407086,0.0406166,0.0405262,0.0404373,0.04035,0.040264,0.0401795,0.0400963,0.0400144,0.0399338,0.0398544,0.0397761,0.039699,0.039623,0.0395481,0.0394743,0.0394014,0.0393295,0.0392586,0.0391886
0.0843419,0.0839124,0.0834748,0.0830285,0.0825729,0.0821073,0.0816308,0.0811427,0.080642,0.0801276,0.0795982,0.0790524,0.0784885,0.0779046,0.0772984,0.0766672,0.0760078,0.0753162,0.0745878,0.0738166,0.0729951,0.072114,0.071161,0.0701199,0.0689696,0.0676819,0.066222,0.0645526,0.0626544,0.0605724,0.0584525,0.0564873,0.0548006,0.0534094,0.0522696,0.051325,0.0505282,0.0498438,0.0492461,0.0487168,0.0482422,0.0478124,0.0474196,0.0470581,0.0467232,0.0464111,0.046119,0.0458444,0.0455852,0.0453397,0.0451065,0.0448845,0.0446725,0.0444696,0.0442751,0.0440882,0.0439084,0.0437352,0.0435679,0.0434063,0.0432499,0.0430984,0.0429514,0.0428088,0.0426701,0.0425353,0.0424041,0.0422762,0.0421516,0.04203,0.0419113,0.0417953,0.041682,0.0415711,0.0414626,0.0413564,0.0412524,0.0411504,0.0410505,0.0409525,0.0408563,0.0407618,0.0406691,0.040578,0.0404885,0.0404004,0.0403139,0.0402288,0.040145,0.0400625,0.0399814,0.0399014,0.0398227,0.0397451,0.0396686,0.0395933,0.0395189,0.0394456,0.0393733,0.039302,0.0392316
0.0844254,0.0839982,0.0835629,0.0831191,0.0826662,0.0822035,0.0817302,0.0812455,0.0807486,0.0802382,0.0797133,0.0791724,0.0786139,0.0780361,0.0774366,0.0768131,0.0761624,0.0754809,0.0747641,0.0740065,0.0732012,0.0723397,0.0714105,0.0703992,0.0692865,0.0680473,0.0666494,0.0650568,0.0632432,0.0612288,0.0591251,0.0571151,0.0553486,0.0538739,0.0526626,0.0516614,0.0508206,0.0501019,0.0494771,0.0489259,0.0484335,0.0479888,0.0475836,0.0472114,0.0468672,0.0465472,0.046248,0.0459671,0.0457023,0.0454518,0.0452141,0.044988,0.0447722,0.0445659,0.0443683,0.0441785,0.043996,0.0438202,0.0436506,0.0434868,0.0433284,0.043175,0.0430262,0.0428819,0.0427416,0.0426053,0.0424726,0.0423434,0.0422175,0.0420947,0.0419748,0.0418577,0.0417433,0.0416314,0.0415219,0.0414148,0.0413099,0.041207,0.0411063,0.0410074,0.0409105,0.0408153,0.0407218,0.04063,0.0405398,0.0404512,0.040364,0.0402783,0.0401939,0.0401109,0.0400292,0.0399487,0.0398695,0.0397914,0.0397144,0.0396386,0.0395638,0.03949,0.0394173,0.0393455,0.0392747
0.0845084,0.0840833,0.0836504,0.0832091,0.0827588,0.0822989,0.0818287,0.0813474,0.080854,0.0803476,0.079827,0.0792909,0.0787377,0.0781657,0.0775729,0.0769567,0.0763144,0.0756425,0.0749368,0.0741921,0.0734022,0.072559,0.0716522,0.0706686,0.0695907,0.0683958,0.0670547,0.0655332,0.0638012,0.061861,0.0597914,0.0577554,0.0559189,0.0543616,0.0530758,0.0520141,0.0511261,0.0503704,0.0497165,0.0491419,0.0486305,0.04817,0.0477516,0.0473682,0.0470144,0.0466859,0.0463793,0.0460919,0.0458213,0.0455657,0.0453233,0.0450929,0.0448733,0.0446635,0.0444626,0.0442698,0.0440845,0.0439062,0.0437342,0.0435682,0.0434077,0.0432523,0.0431017,0.0429556,0.0428137,0.0426759,0.0425417,0.0424111,0.0422839,0.0421598,0.0420387,0.0419205,0.041805,0.0416921,0.0415816,0.0414735,0.0413677,0.041264,0.0411623,0.0410627,0.0409649,0.040869,0.0407748,0.0406823,0.0405915,0.0405022,0.0404144,0.040328,0.0402431,0.0401595,0.0400772,0.0399962,0.0399164,0.0398378,0.0397604,0.0396841,0.0396088,0.0395346,0.0394614,0.0393893,0.039318
0.0845908,0.0841679,0.0837372,0.0832983,0.0828507,0.0823936,0.0819264,0.0814483,0.0809585,0.080456,0.0799396,0.0794081,0.07886,0.0782937,0.0777072,0.0770981,0.0764639,0.0758012,0.0751061,0.0743738,0.0735984,0.0727725,0.0718867,0.0709288,0.0698831,0.0687289,0.0674398,0.0659838,0.0643295,0.0624664,0.0604452,0.0584027,0.0565089,0.0548723,0.0535098,0.0523841,0.0514453,0.05065,0.0499648,0.0493653,0.0488335,0.0483564,0.047924,0.0475287,0.0471647,0.0468275,0.0465132,0.046219,0.0459424,0.0456814,0.0454342,0.0451994,0.0449758,0.0447623,0.044558,0.0443622,0.0441741,0.0439931,0.0438187,0.0436504,0.0434877,0.0433303,0.0431778,0.04303,0.0428864,0.042747,0.0426114,0.0424793,0.0423507,0.0422254,0.0421031,0.0419837,0.0418671,0.0417531,0.0416417,0.0415326,0.0414258,0.0413212,0.0412187,0.0411183,0.0410197,0.040923,0.0408281,0.0407349,0.0406434,0.0405534,0.040465,0.040378,0.0402925,0.0402083,0.0401255,0.0400439,0.0399636,0.0398845,0.0398066,0.0397297,0.039654,0.0395794,0.0395058,0.0394331,0.0393615
0.0846727,0.0842519,0.0838234,0.0833869,0.0829418,0.0824875,0.0820232,0.0815483,0.081062,0.0805632,0.0800509,0.0795239,0.0789808,0.07842,0.0778396,0.0772375,0.076611,0.0759571,0.0752722,0.0745516,0.07379,0.0729805,0.0721144,0.0711805,0.0701646,0.069048,0.0678066,0.0664109,0.0648295,0.0630438,0.0610816,0.0590507,0.0571148,0.0554051,0.0539653,0.0527722,0.0517793,0.0509413,0.0502226,0.0495963,0.049043,0.0485481,0.0481009,0.0476931,0.0473185,0.046972,0.0466498,0.0463485,0.0460656,0.0457989,0.0455467,0.0453074,0.0450796,0.0448624,0.0446547,0.0444557,0.0442647,0.044081,0.043904,0.0437334,0.0435685,0.0434091,0.0432547,0.043105,0.0429598,0.0428187,0.0426816,0.0425481,0.0424181,0.0422915,0.0421679,0.0420474,0.0419296,0.0418146,0.0417021,0.041592,0.0414843,0.0413788,0.0412755,0.0411742,0.0410748,0.0409774,0.0408817,0.0407878,0.0406955,0.0406049,0.0405158,0.0404282,0.0403421,0.0402573,0.0401739,0.0400918,0.040011,0.0399314,0.0398529,0.0397756,0.0396994,0.0396243,0.0395502,0.0394772,0.0394051
0.0847541,0.0843353,0.0839091,0.0834749,0.0830323,0.0825806,0.0821192,0.0816475,0.0811645,0.0806694,0.0801611,0.0796385,0.0791002,0.0785448,0.0779703,0.0773748,0.0767558,0.0761104,0.0754352,0.0747259,0.0739774,0.0731833,0.0723357,0.0714244,0.0704362,0.0693543,0.0681568,0.0668165,0.065303,0.0635931,0.0616967,0.0596935,0.0577322,0.0559582,0.0544422,0.0531793,0.0521288,0.0512453,0.0504905,0.0498356,0.0492592,0.0487455,0.0482826,0.0478617,0.0474758,0.0471197,0.046789,0.0464804,0.0461909,0.0459185,0.045661,0.045417,0.045185,0.0449639,0.0447526,0.0445503,0.0443563,0.0441698,0.0439903,0.0438172,0.0436501,0.0434886,0.0433322,0.0431807,0.0430337,0.042891,0.0427523,0.0426174,0.042486,0.042358,0.0422332,0.0421115,0.0419926,0.0418764,0.0417629,0.0416519,0.0415432,0.0414368,0.0413325,0.0412304,0.0411302,0.041032,0.0409356,0.0408409,0.040748,0.0406567,0.0405669,0.0404787,0.0403919,0.0403066,0.0402226,0.0401399,0.0400586,0.0399784,0.0398995,0.0398217,0.039745,0.0396694,0.0395949,0.0395214,0.0394489
0.084835,0.0844182,0.0839941,0.0835622,0.083122,0.082673,0.0822145,0.0817458,0.0812661,0.0807746,0.0802702,0.0797519,0.0792183,0.078668,0.0780993,0.0775102,0.0768984,0.0762612,0.0755952,0.0748967,0.0741606,0.0733813,0.0725511,0.0716609,0.0706986,0.0696488,0.0684917,0.0672023,0.065752,0.0641147,0.0622878,0.0603258,0.0583561,0.0565291,0.0549403,0.053606,0.0524948,0.0515625,0.0507692,0.0500837,0.0494827,0.0489489,0.0484694,0.0480345,0.0476369,0.0472706,0.0469311,0.0466147,0.0463185,0.04604,0.0457771,0.0455282,0.0452918,0.0450667,0.0448518,0.0446462,0.044449,0.0442597,0.0440775,0.043902,0.0437326,0.0435689,0.0434105,0.0432571,0.0431083,0.0429639,0.0428237,0.0426872,0.0425544,0.0424251,0.042299,0.042176,0.042056,0.0419387,0.0418241,0.0417121,0.0416024,0.0414951,0.0413899,0.0412869,0.0411859,0.0410869,0.0409897,0.0408943,0.0408007,0.0407087,0.0406183,0.0405294,0.040442,0.0403561,0.0402715,0.0401883,0.0401063,0.0400257,0.0399462,0.0398679,0.0397908,0.0397147,0.0396397,0.0395658,0.0394928
0.0849154,0.0845006,0.0840786,0.0836489,0.0832112,0.0827647,0.0823089,0.0818432,0.0813668,0.0808787,0.0803782,0.079864,0.079335,0.0787897,0.0782265,0.0776437,0.0770388,0.0764095,0.0757525,0.0750642,0.0743401,0.0735746,0.072761,0.0718906,0.0709524,0.0699324,0.0688126,0.0675702,0.0661782,0.0646099,0.0628536,0.0609429,0.058981,0.0571145,0.0554585,0.0540525,0.0528779,0.0518938,0.0510593,0.050341,0.0497137,0.0491585,0.0486615,0.0482119,0.0478018,0.0474248,0.0470761,0.0467517,0.0464484,0.0461636,0.0458951,0.0456412,0.0454002,0.045171,0.0449523,0.0447432,0.0445428,0.0443506,0.0441657,0.0439876,0.0438158,0.04365,0.0434895,0.0433342,0.0431836,0.0430375,0.0428956,0.0427576,0.0426234,0.0424927,0.0423653,0.0422411,0.0421198,0.0420014,0.0418858,0.0417727,0.041662,0.0415537,0.0414477,0.0413438,0.041242,0.0411421,0.0410442,0.040948,0.0408536,0.0407609,0.0406699,0.0405803,0.0404923,0.0404058,0.0403206,0.0402368,0.0401544,0.0400731,0.0399931,0.0399144,0.0398367,0.0397602,0.0396847,0.0396103,0.039537
0.0849952,0.0845824,0.0841625,0.083735,0.0832996,0.0828557,0.0824026,0.0819398,0.0814665,0.0809819,0.0804851,0.0799749,0.0794503,0.07891,0.0783522,0.0777753,0.0771772,0.0765554,0.075907,0.0752286,0.0745158,0.0737636,0.0729656,0.0721139,0.0711983,0.0702061,0.0691208,0.0679217,0.0665836,0.0650799,0.0633936,0.0615412,0.0596018,0.0577105,0.0559952,0.0545189,0.0532789,0.05224,0.0513615,0.0506082,0.0499528,0.0493749,0.0488591,0.048394,0.0479708,0.0475826,0.0472243,0.0468914,0.0465807,0.0462894,0.0460151,0.0457559,0.0455102,0.0452767,0.0450541,0.0448414,0.0446378,0.0444425,0.0442548,0.0440742,0.0439,0.0437318,0.0435693,0.043412,0.0432595,0.0431117,0.0429681,0.0428286,0.0426929,0.0425608,0.042432,0.0423065,0.0421841,0.0420646,0.0419478,0.0418336,0.041722,0.0416127,0.0415058,0.041401,0.0412983,0.0411976,0.0410989,0.041002,0.0409069,0.0408135,0.0407217,0.0406315,0.0405429,0.0404557,0.04037,0.0402856,0.0402026,0.0401208,0.0400403,0.039961,0.0398828,0.0398058,0.0397299,0.0396551,0.0395813
0.0850746,0.0846637,0.0842458,0.0838205,0.0833874,0.082946,0.0824956,0.0820357,0.0815654,0.0810841,0.0805909,0.0800847,0.0795645,0.0790288,0.0784763,0.0779053,0.0773136,0.0766991,0.076059,0.07539,0.074688,0.0739484,0.0731653,0.0723311,0.0714368,0.0704705,0.0694172,0.0682581,0.0669697,0.0655266,0.0639081,0.0621181,0.0602135,0.0583124,0.0565481,0.0550047,0.0536981,0.0526018,0.0516765,0.0508858,0.0502005,0.0495983,0.0490627,0.0485811,0.048144,0.0477441,0.0473756,0.047034,0.0467156,0.0464174,0.0461371,0.0458724,0.0456219,0.0453839,0.0451573,0.0449409,0.044734,0.0445355,0.044345,0.0441617,0.043985,0.0438145,0.0436498,0.0434905,0.0433362,0.0431865,0.0430413,0.0429001,0.0427629,0.0426294,0.0424993,0.0423725,0.0422488,0.0421281,0.0420102,0.041895,0.0417823,0.0416721,0.0415642,0.0414585,0.041355,0.0412535,0.0411539,0.0410563,0.0409604,0.0408663,0.0407738,0.040683,0.0405937,0.0405059,0.0404196,0.0403346,0.040251,0.0401687,0.0400876,0.0400078,0.0399292,0.0398517,0.0397753,0.0397,0.0396257
0.0851535,0.0847445,0.0843286,0.0839055,0.0834746,0.0830356,0.0825878,0.0821307,0.0816635,0.0811855,0.0806958,0.0801934,0.0796774,0.0791463,0.0785989,0.0780335,0.0774482,0.0768407,0.0762085,0.0755485,0.074857,0.0741294,0.0733602,0.0725428,0.0716684,0.0707263,0.0697028,0.0685806,0.0673383,0.0659514,0.0643978,0.0626722,0.0608121,0.0589157,0.0571142,0.055509,0.0541358,0.0529798,0.052005,0.0511745,0.0504572,0.0498292,0.0492725,0.0487735,0.0483218,0.0479094,0.0475303,0.0471795,0.046853,0.0465478,0.0462611,0.0459909,0.0457352,0.0454927,0.0452619,0.0450418,0.0448313,0.0446297,0.0444362,0.0442501,0.0440709,0.0438981,0.0437312,0.0435698,0.0434135,0.043262,0.043115,0.0429723,0.0428335,0.0426985,0.0425671,0.042439,0.042314,0.0421921,0.0420731,0.0419568,0.0418431,0.0417319,0.041623,0.0415164,0.041412,0.0413096,0.0412093,0.0411108,0.0410142,0.0409194,0.0408262,0.0407347,0.0406448,0.0405563,0.0404694,0.0403838,0.0402996,0.0402168,0.0401352,0.0400549,0.0399757,0.0398977,0.0398208,0.0397451,0.0396704
0.085232,0.0848248,0.0844108,0.0839898,0.0835612,0.0831246,0.0826794,0.082225,0.0817607,0.0812859,0.0807996,0.080301,0.0797891,0.0792625,0.0787201,0.0781601,0.0775808,0.0769802,0.0763556,0.0757043,0.0750227,0.0743066,0.0735508,0.0727491,0.0718935,0.0709741,0.0699784,0.0688904,0.0676907,0.0663561,0.0648639,0.0632026,0.061394,0.0595156,0.05769,0.0560301,0.0545919,0.0533746,0.0523477,0.0514748,0.0507234,0.050068,0.0494889,0.0489714,0.0485042,0.0480788,0.0476885,0.047328,0.0469932,0.0466805,0.0463873,0.0461112,0.0458503,0.0456031,0.045368,0.0451439,0.0449299,0.044725,0.0445284,0.0443395,0.0441577,0.0439825,0.0438133,0.0436498,0.0434915,0.0433382,0.0431894,0.043045,0.0429047,0.0427682,0.0426353,0.0425059,0.0423797,0.0422566,0.0421364,0.042019,0.0419042,0.041792,0.0416822,0.0415746,0.0414693,0.0413661,0.0412649,0.0411657,0.0410683,0.0409727,0.0408789,0.0407867,0.0406961,0.040607,0.0405194,0.0404333,0.0403485,0.0402651,0.040183,0.0401021,0.0400224,0.0399439,0.0398666,0.0397903,0.0397152
0.0853099,0.0849046,0.0844926,0.0840736,0.0836472,0.0832129,0.0827702,0.0823185,0.0818571,0.0813854,0.0809025,0.0804076,0.0798996,0.0793774,0.0788398,0.0782851,0.0777117,0.0771176,0.0765005,0.0758575,0.0751854,0.0744803,0.0737372,0.0729504,0.0721125,0.0712144,0.0702446,0.0691886,0.0680282,0.0667421,0.0653077,0.0637095,0.0619569,0.0601078,0.0582714,0.056566,0.0550659,0.0537864,0.0527052,0.0517874,0.0509998,0.0503151,0.0497122,0.0491751,0.0486916,0.0482524,0.0478504,0.0474798,0.0471361,0.0468158,0.0465157,0.0462336,0.0459673,0.0457151,0.0454756,0.0452475,0.0450297,0.0448214,0.0446218,0.04443,0.0442455,0.0440678,0.0438963,0.0437306,0.0435703,0.043415,0.0432645,0.0431184,0.0429764,0.0428384,0.0427041,0.0425733,0.0424458,0.0423215,0.0422001,0.0420816,0.0419657,0.0418525,0.0417417,0.0416332,0.041527,0.0414229,0.0413209,0.0412209,0.0411227,0.0410264,0.0409318,0.0408389,0.0407476,0.0406579,0.0405697,0.040483,0.0403976,0.0403136,0.0402309,0.0401495,0.0400693,0.0399903,0.0399125,0.0398358,0.0397601
0.0853875,0.0849839,0.0845738,0.0841568,0.0837326,0.0833006,0.0828603,0.0824112,0.0819527,0.081484,0.0810045,0.0805131,0.080009,0.0794911,0.0789581,0.0784086,0.0778409,0.0772532,0.0766431,0.0760082,0.0753452,0.0746506,0.0739196,0.073147,0.0723259,0.0714478,0.0705022,0.0694758,0.0683521,0.0671109,0.0657307,0.0641933,0.0624991,0.0606885,0.0588543,0.0571139,0.0555568,0.0542155,0.053078,0.052113,0.0512869,0.050571,0.0499428,0.0493849,0.0488841,0.0484305,0.0480161,0.0476349,0.047282,0.0469536,0.0466465,0.046358,0.0460861,0.0458288,0.0455847,0.0453524,0.0451309,0.0449191,0.0447162,0.0445215,0.0443343,0.044154,0.0439801,0.0438121,0.0436498,0.0434926,0.0433402,0.0431924,0.0430488,0.0429092,0.0427735,0.0426413,0.0425125,0.0423868,0.0422643,0.0421446,0.0420277,0.0419134,0.0418016,0.0416921,0.041585,0.0414801,0.0413772,0.0412763,0.0411774,0.0410803,0.040985,0.0408914,0.0407994,0.0407091,0.0406202,0.0405329,0.0404469,0.0403624,0.0402791,0.0401972,0.0401165,0.040037,0.0399586,0.0398814,0.0398053
0.0854645,0.0850627,0.0846545,0.0842395,0.0838174,0.0833877,0.0829498,0.0825033,0.0820475,0.0815818,0.0811055,0.0806176,0.0801173,0.0796036,0.0790751,0.0785306,0.0779684,0.0773868,0.0767837,0.0761565,0.0755023,0.0748177,0.0740983,0.0733392,0.0725339,0.0716747,0.0707518,0.0697531,0.0686633,0.0674639,0.0661341,0.0646549,0.0630198,0.0612546,0.0594345,0.0576707,0.0560631,0.0546615,0.0534666,0.0524521,0.0515852,0.0508363,0.0501811,0.0496012,0.0490821,0.0486132,0.0481858,0.0477935,0.047431,0.0470942,0.0467797,0.0464846,0.0462068,0.0459443,0.0456954,0.0454589,0.0452334,0.045018,0.0448118,0.044614,0.044424,0.0442411,0.0440647,0.0438945,0.04373,0.0435708,0.0434166,0.043267,0.0431217,0.0429806,0.0428433,0.0427097,0.0425796,0.0424527,0.0423289,0.0422081,0.04209,0.0419747,0.0418618,0.0417514,0.0416434,0.0415375,0.0414338,0.0413321,0.0412324,0.0411345,0.0410385,0.0409442,0.0408515,0.0407605,0.040671,0.040583,0.0404965,0.0404113,0.0403275,0.040245,0.0401638,0.0400838,0.0400049,0.0399272,0.0398507
0.0855411,0.0851411,0.0847347,0.0843217,0.0839016,0.0834741,0.0830386,0.0825946,0.0821416,0.0816788,0.0812056,0.0807212,0.0802246,0.0797148,0.0791908,0.0786511,0.0780943,0.0775187,0.0769222,0.0763024,0.0756567,0.0749817,0.0742734,0.0735271,0.0727368,0.0718954,0.0709939,0.0700211,0.0689629,0.0678023,0.0665196,0.0650954,0.0635187,0.0618036,0.0600082,0.0582328,0.0565828,0.055124,0.0538711,0.0528051,0.0518953,0.0511113,0.0504276,0.0498242,0.0492859,0.0488007,0.0483597,0.0479557,0.0475831,0.0472375,0.0469153,0.0466135,0.0463296,0.0460616,0.0458078,0.0455668,0.0453373,0.0451182,0.0449086,0.0447077,0.0445147,0.0443291,0.0441503,0.0439778,0.0438111,0.0436498,0.0434936,0.0433422,0.0431953,0.0430525,0.0429138,0.0427787,0.0426472,0.042519,0.042394,0.0422719,0.0421528,0.0420363,0.0419225,0.0418111,0.0417021,0.0415953,0.0414907,0.0413882,0.0412877,0.041189,0.0410922,0.0409972,0.0409039,0.0408121,0.040722,0.0406334,0.0405462,0.0404605,0.0403761,0.0402931,0.0402113,0.0401308,0.0400514,0.0399732,0.0398962
0.0856173,0.085219,0.0848144,0.0844033,0.0839853,0.08356,0.0831268,0.0826853,0.0822349,0.081775,0.0813049,0.0808238,0.0803308,0.079825,0.0793052,0.0787703,0.0782187,0.0776488,0.0770587,0.0764462,0.0758086,0.0751428,0.074445,0.0737109,0.072935,0.0721105,0.071229,0.0702804,0.0692517,0.0681271,0.0668883,0.0655159,0.0639962,0.062334,0.0605718,0.0587965,0.0571136,0.055602,0.0542916,0.0531727,0.0522178,0.0513966,0.0506826,0.0500545,0.0494956,0.0489934,0.048538,0.0481217,0.0477386,0.0473838,0.0470535,0.0467446,0.0464544,0.0461808,0.0459219,0.0456763,0.0454426,0.0452197,0.0450066,0.0448024,0.0446065,0.0444181,0.0442367,0.0440618,0.0438929,0.0437295,0.0435714,0.0434182,0.0432695,0.0431251,0.0429848,0.0428482,0.0427153,0.0425858,0.0424595,0.0423363,0.042216,0.0420984,0.0419835,0.0418711,0.0417611,0.0416535,0.041548,0.0414446,0.0413433,0.0412438,0.0411463,0.0410505,0.0409565,0.0408641,0.0407733,0.040684,0.0405962,0.0405099,0.040425,0.0403413,0.040259,0.040178,0.0400981,0.0400194,0.0399419
0.0856931,0.0852964,0.0848937,0.0844845,0.0840685,0.0836452,0.0832143,0.0827753,0.0823275,0.0818704,0.0814033,0.0809254,0.080436,0.079934,0.0794184,0.0788881,0.0783415,0.0777772,0.0771934,0.0765878,0.075958,0.075301,0.0746134,0.073891,0.0731286,0.0723201,0.0714576,0.0705317,0.0695305,0.0684395,0.0672415,0.0659178,0.0644528,0.0628447,0.0611225,0.0593581,0.0576525,0.0560942,0.0547278,0.053555,0.0525531,0.0516928,0.0509467,0.0502922,0.0497117,0.0491915,0.0487209,0.0482917,0.0478975,0.0475331,0.0471945,0.0468781,0.0465813,0.0463019,0.0460377,0.0457874,0.0455493,0.0453225,0.0451058,0.0448983,0.0446993,0.0445081,0.0443241,0.0441467,0.0439755,0.04381,0.0436499,0.0434948,0.0433443,0.0431982,0.0430563,0.0429183,0.0427839,0.0426531,0.0425255,0.042401,0.0422796,0.0421609,0.0420449,0.0419315,0.0418206,0.041712,0.0416056,0.0415013,0.0413992,0.0412989,0.0412006,0.0411041,0.0410093,0.0409162,0.0408248,0.0407349,0.0406465,0.0405595,0.040474,0.0403898,0.040307,0.0402254,0.040145,0.0400658,0.0399878
0.0857684,0.0853734,0.0849724,0.0845651,0.0841511,0.0837299,0.0833013,0.0828646,0.0824194,0.081965,0.0815008,0.0810262,0.0805402,0.0800419,0.0795305,0.0790046,0.0784629,0.077904,0.0773262,0.0767273,0.076105,0.0754566,0.0747787,0.0740675,0.073318,0.0725246,0.07168,0.0707754,0.0698,0.0687403,0.0675803,0.0663022,0.0648895,0.0633355,0.0616579,0.0599141,0.0581965,0.0565987,0.0551793,0.0539522,0.0529017,0.0520002,0.0512202,0.0505379,0.0499345,0.0493952,0.0489086,0.0484658,0.04806,0.0476856,0.0473382,0.0470141,0.0467105,0.046425,0.0461554,0.0459001,0.0456576,0.0454267,0.0452063,0.0449954,0.0447932,0.0445991,0.0444124,0.0442325,0.044059,0.0438913,0.0437291,0.043572,0.0434198,0.043272,0.0431285,0.0429889,0.0428531,0.0427209,0.042592,0.0424663,0.0423436,0.0422238,0.0421068,0.0419923,0.0418804,0.0417708,0.0416635,0.0415584,0.0414554,0.0413543,0.0412552,0.041158,0.0410625,0.0409687,0.0408766,0.040786,0.040697,0.0406094,0.0405233,0.0404385,0.0403551,0.040273,0.0401921,0.0401124,0.0400339
0.0858434,0.08545,0.0850507,0.0846452,0.0842331,0.0838141,0.0833876,0.0829533,0.0825105,0.0820589,0.0815976,0.081126,0.0806434,0.0801488,0.0796413,0.0791198,0.0785829,0.0780293,0.0774572,0.0768648,0.0762498,0.0756096,0.0749411,0.0742405,0.0735033,0.0727242,0.0718966,0.0710121,0.0700609,0.0690304,0.0679059,0.0666704,0.0653072,0.0638063,0.0621765,0.0604614,0.0587421,0.0571133,0.055645,0.0543644,0.0532639,0.0523194,0.0515036,0.0507919,0.0501642,0.0496047,0.0491013,0.0486443,0.0482263,0.0478414,0.0474848,0.0471527,0.046842,0.0465501,0.0462749,0.0460145,0.0457674,0.0455323,0.045308,0.0450937,0.0448883,0.0446912,0.0445017,0.0443192,0.0441433,0.0439734,0.0438091,0.04365,0.0434959,0.0433464,0.0432012,0.0430601,0.0429228,0.0427892,0.0426589,0.042532,0.0424081,0.0422872,0.042169,0.0420535,0.0419405,0.04183,0.0417218,0.0416158,0.0415119,0.04141,0.0413101,0.0412121,0.0411159,0.0410214,0.0409286,0.0408374,0.0407477,0.0406595,0.0405728,0.0404875,0.0404035,0.0403208,0.0402394,0.0401592,0.0400801
0.0859179,0.0855261,0.0851285,0.0847248,0.0843147,0.0838976,0.0834733,0.0830413,0.082601,0.082152,0.0816935,0.081225,0.0807457,0.0802547,0.079751,0.0792337,0.0787015,0.078153,0.0775865,0.0770004,0.0763925,0.0757601,0.0751005,0.0744101,0.0736848,0.0729193,0.0721077,0.0712422,0.0703137,0.0693106,0.0682191,0.0670234,0.065707,0.0642576,0.0626772,0.0609971,0.0592861,0.0576354,0.0561237,0.0547911,0.05364,0.0526509,0.0517975,0.0510546,0.0504013,0.0498205,0.0492993,0.0488273,0.0483965,0.0480006,0.0476344,0.047294,0.0469759,0.0466775,0.0463964,0.0461307,0.0458788,0.0456394,0.0454112,0.0451932,0.0449845,0.0447843,0.044592,0.0444069,0.0442284,0.0440562,0.0438898,0.0437287,0.0435727,0.0434214,0.0432745,0.0431318,0.042993,0.042858,0.0427264,0.0425981,0.042473,0.0423509,0.0422316,0.0421151,0.0420011,0.0418896,0.0417804,0.0416735,0.0415687,0.0414661,0.0413654,0.0412666,0.0411696,0.0410744,0.0409809,0.040889,0.0407987,0.0407099,0.0406225,0.0405366,0.040452,0.0403688,0.0402868,0.0402061,0.0401266
0.085992,0.0856018,0.0852059,0.084804,0.0843957,0.0839806,0.0835585,0.0831287,0.0826908,0.0822444,0.0817887,0.0813232,0.080847,0.0803595,0.0798597,0.0793465,0.0788187,0.0782752,0.0777142,0.0771342,0.076533,0.0759083,0.0752573,0.0745767,0.0738626,0.0731101,0.0723137,0.0714662,0.0705589,0.0695815,0.068521,0.0673625,0.06609,0.0646901,0.0631596,0.0615193,0.0598253,0.0581622,0.0566136,0.0552319,0.0540301,0.0529949,0.0521022,0.0513265,0.0506461,0.0500429,0.0495029,0.049015,0.0485708,0.0481633,0.0477872,0.047438,0.0471122,0.046807,0.0465198,0.0462487,0.0459919,0.045748,0.0455157,0.0452939,0.0450818,0.0448785,0.0446832,0.0444954,0.0443145,0.0441399,0.0439713,0.0438082,0.0436502,0.0434971,0.0433485,0.0432042,0.0430638,0.0429273,0.0427943,0.0426648,0.0425384,0.0424151,0.0422947,0.042177,0.042062,0.0419495,0.0418394,0.0417316,0.0416259,0.0415224,0.0414209,0.0413213,0.0412236,0.0411276,0.0410334,0.0409408,0.0408499,0.0407604,0.0406725,0.040586,0.0405008,0.040417,0.0403345,0.0402533,0.0401733
0.0860657,0.0856771,0.0852828,0.0848827,0.0844762,0.0840631,0.083643,0.0832155,0.08278,0.0823361,0.0818831,0.0814205,0.0809475,0.0804634,0.0799672,0.079458,0.0789347,0.0783959,0.0778403,0.0772662,0.0766715,0.0760541,0.0754114,0.0747402,0.0740368,0.0732968,0.0725148,0.0716843,0.0707972,0.0698437,0.0688122,0.0676885,0.0664573,0.0651045,0.0636234,0.0620263,0.0603568,0.0586907,0.0571129,0.0556858,0.054434,0.0533518,0.0524181,0.051608,0.0508989,0.050272,0.0497122,0.0492077,0.0487494,0.0483298,0.0479432,0.0475849,0.0472511,0.0469388,0.0466453,0.0463685,0.0461066,0.0458581,0.0456216,0.045396,0.0451804,0.0449738,0.0447755,0.044585,0.0444014,0.0442245,0.0440536,0.0438884,0.0437284,0.0435734,0.0434231,0.0432771,0.0431352,0.0429972,0.0428628,0.0427319,0.0426043,0.0424798,0.0423582,0.0422394,0.0421233,0.0420098,0.0418987,0.04179,0.0416834,0.041579,0.0414767,0.0413763,0.0412778,0.0411811,0.0410862,0.040993,0.0409013,0.0408112,0.0407227,0.0406356,0.0405498,0.0404655,0.0403824,0.0403007,0.0402201
0.0861391,0.085752,0.0853593,0.0849609,0.0845562,0.0841451,0.083727,0.0833017,0.0828685,0.082427,0.0819768,0.081517,0.0810471,0.0805663,0.0800737,0.0795685,0.0790494,0.0785153,0.0779649,0.0773964,0.0768081,0.0761978,0.075563,0.0749009,0.0742078,0.0734796,0.0727113,0.0718969,0.0710288,0.070098,0.0690935,0.0680024,0.0668099,0.0655019,0.0640691,0.0625169,0.0608782,0.059218,0.0576191,0.0561516,0.0548515,0.0537218,0.0527456,0.0518994,0.0511602,0.0505083,0.0499276,0.0494056,0.0489324,0.0485002,0.0481026,0.0477348,0.0473927,0.047073,0.0467729,0.0464903,0.0462231,0.0459698,0.045729,0.0454994,0.0452802,0.0450703,0.0448689,0.0446755,0.0444893,0.0443099,0.0441367,0.0439693,0.0438073,0.0436504,0.0434983,0.0433506,0.0432071,0.0430676,0.0429318,0.0427995,0.0426706,0.0425448,0.0424221,0.0423022,0.0421851,0.0420705,0.0419584,0.0418487,0.0417413,0.041636,0.0415328,0.0414316,0.0413324,0.041235,0.0411393,0.0410453,0.040953,0.0408623,0.0407731,0.0406854,0.0405991,0.0405141,0.0404305,0.0403482,0.0402672
0.086212,0.0858264,0.0854354,0.0850386,0.0846358,0.0842265,0.0838105,0.0833873,0.0829564,0.0825174,0.0820697,0.0816127,0.0811458,0.0806683,0.0801792,0.0796778,0.0791629,0.0786334,0.0780879,0.077525,0.0769428,0.0763393,0.0757123,0.0750588,0.0743755,0.0736587,0.0729035,0.0721043,0.0712541,0.0703446,0.0693656,0.068305,0.0671489,0.0658831,0.064497,0.0629907,0.0613874,0.0597412,0.0581297,0.0566278,0.0552819,0.0541048,0.053085,0.0522012,0.0514304,0.050752,0.0501494,0.049609,0.0491202,0.0486746,0.0482656,0.0478878,0.047537,0.0472096,0.0469028,0.046614,0.0463414,0.0460831,0.0458378,0.0456042,0.0453812,0.0451679,0.0449634,0.044767,0.0445781,0.0443962,0.0442206,0.044051,0.043887,0.0437282,0.0435742,0.0434248,0.0432797,0.0431386,0.0430013,0.0428677,0.0427374,0.0426104,0.0424864,0.0423654,0.0422472,0.0421316,0.0420185,0.0419078,0.0417995,0.0416933,0.0415893,0.0414873,0.0413872,0.041289,0.0411927,0.041098,0.041005,0.0409136,0.0408238,0.0407354,0.0406485,0.040563,0.0404789,0.040396,0.0403144
0.0862846,0.0859005,0.0855111,0.0851159,0.0847149,0.0843075,0.0838934,0.0834723,0.0830436,0.082607,0.0821619,0.0817076,0.0812437,0.0807693,0.0802837,0.079786,0.0792751,0.0787501,0.0782095,0.0776519,0.0770757,0.0764788,0.0758592,0.075214,0.0745403,0.0738342,0.0730915,0.0723068,0.0714736,0.0705842,0.0696291,0.0685971,0.067475,0.0662492,0.0649078,0.0634474,0.0618829,0.0602577,0.0586421,0.0571125,0.0557245,0.0545007,0.0534366,0.0525137,0.0517097,0.0510037,0.0503778,0.049818,0.0493128,0.0488532,0.0484322,0.0480441,0.0476842,0.0473488,0.0470349,0.0467398,0.0464615,0.0461982,0.0459483,0.0457104,0.0454836,0.0452667,0.045059,0.0448596,0.0446679,0.0444833,0.0443054,0.0441335,0.0439674,0.0438066,0.0436507,0.0434996,0.0433528,0.0432101,0.0430714,0.0429363,0.0428047,0.0426764,0.0425512,0.042429,0.0423097,0.042193,0.0420789,0.0419673,0.041858,0.041751,0.0416461,0.0415432,0.0414424,0.0413434,0.0412463,0.0411509,0.0410572,0.0409652,0.0408747,0.0407857,0.0406982,0.0406121,0.0405274,0.040444,0.0403619
0.0863568,0.0859742,0.0855863,0.0851928,0.0847935,0.0843879,0.0839758,0.0835567,0.0831303,0.082696,0.0822534,0.0818018,0.0813408,0.0808695,0.0803872,0.0798932,0.0793863,0.0788655,0.0783296,0.0777773,0.0772068,0.0766164,0.0760038,0.0753667,0.0747021,0.0740064,0.0732756,0.0725047,0.0716876,0.0708172,0.0698846,0.0688794,0.0677893,0.066601,0.0653024,0.0638871,0.0623635,0.0607652,0.0591536,0.0576037,0.056178,0.0549092,0.0538004,0.0528373,0.0519986,0.0512634,0.0506132,0.0500329,0.0495105,0.0490362,0.0486027,0.0482037,0.0478343,0.0474906,0.0471693,0.0468677,0.0465836,0.046315,0.0460603,0.0458181,0.0455873,0.0453668,0.0451557,0.0449532,0.0447587,0.0445714,0.044391,0.0442168,0.0440485,0.0438857,0.0437279,0.043575,0.0434265,0.0432822,0.043142,0.0430054,0.0428725,0.0427429,0.0426165,0.0424931,0.0423726,0.0422549,0.0421397,0.0420271,0.0419169,0.0418089,0.0417031,0.0415995,0.0414978,0.0413981,0.0413002,0.0412041,0.0411097,0.041017,0.0409258,0.0408362,0.0407481,0.0406614,0.0405761,0.0404922,0.0404095
0.0864286,0.0860475,0.0856611,0.0852692,0.0848716,0.0844679,0.0840576,0.0836406,0.0832163,0.0827843,0.0823442,0.0818953,0.081437,0.0809688,0.0804898,0.0799993,0.0794963,0.0789797,0.0784484,0.0779011,0.0773362,0.076752,0.0761464,0.075517,0.0748611,0.0741754,0.073456,0.0726982,0.0718964,0.0710439,0.0701326,0.0691525,0.0680924,0.0669395,0.0656815,0.0643102,0.0628287,0.0612618,0.0596615,0.058099,0.0566411,0.0553297,0.0541765,0.0531721,0.0522975,0.0515317,0.0508559,0.0502541,0.0497135,0.0492239,0.0487771,0.0483668,0.0479875,0.0476352,0.0473062,0.0469979,0.0467076,0.0464335,0.0461739,0.0459273,0.0456924,0.0454681,0.0452536,0.0450479,0.0448504,0.0446605,0.0444775,0.044301,0.0441305,0.0439655,0.0438058,0.043651,0.0435008,0.0433549,0.0432131,0.0430751,0.0429408,0.0428098,0.0426822,0.0425576,0.042436,0.0423171,0.0422009,0.0420873,0.0419761,0.0418672,0.0417606,0.041656,0.0415536,0.041453,0.0413544,0.0412575,0.0411625,0.041069,0.0409772,0.040887,0.0407983,0.040711,0.0406251,0.0405406,0.0404574
0.0865001,0.0861204,0.0857355,0.0853452,0.0849493,0.0845473,0.084139,0.0837239,0.0833018,0.0828721,0.0824343,0.081988,0.0815325,0.0810673,0.0805915,0.0801044,0.0796052,0.0790927,0.0785659,0.0780235,0.077464,0.0768858,0.0762868,0.0756649,0.0750174,0.0743413,0.0736327,0.0728875,0.0721003,0.0712648,0.0703735,0.0694171,0.0683852,0.0672656,0.066046,0.0647171,0.0632781,0.061746,0.0601636,0.0585961,0.0571121,0.0557614,0.0545645,0.0535183,0.0526065,0.0518089,0.0511061,0.0504817,0.0499221,0.0494163,0.0489558,0.0485335,0.0481439,0.0477825,0.0474457,0.0471302,0.0468337,0.046554,0.0462892,0.046038,0.0457988,0.0455707,0.0453526,0.0451437,0.0449433,0.0447505,0.0445649,0.044386,0.0442132,0.0440461,0.0438845,0.0437278,0.0435758,0.0434282,0.0432848,0.0431453,0.0430096,0.0428773,0.0427483,0.0426225,0.0424997,0.0423798,0.0422625,0.0421479,0.0420357,0.0419259,0.0418183,0.0417129,0.0416096,0.0415083,0.0414089,0.0413113,0.0412155,0.0411214,0.0410289,0.040938,0.0408486,0.0407608,0.0406743,0.0405892,0.0405054
0.0865712,0.0861929,0.0858095,0.0854208,0.0850265,0.0846263,0.0842198,0.0838067,0.0833867,0.0829592,0.0825238,0.08208,0.0816272,0.0811649,0.0806922,0.0802086,0.079713,0.0792045,0.0786821,0.0781445,0.0775902,0.0770178,0.0764253,0.0758106,0.0751712,0.0745042,0.0738061,0.0730728,0.0722995,0.0714801,0.0706077,0.0696737,0.0686683,0.0675799,0.0663968,0.0651086,0.0637116,0.0622167,0.0606577,0.0590925,0.057589,0.0562032,0.0549643,0.0538761,0.052926,0.0520952,0.0513643,0.0507161,0.0501365,0.0496137,0.0491387,0.048704,0.0483037,0.0479329,0.0475877,0.0472649,0.0469619,0.0466763,0.0464063,0.0461502,0.0459068,0.0456747,0.045453,0.0452407,0.0450371,0.0448415,0.0446533,0.0444718,0.0442967,0.0441275,0.0439638,0.0438052,0.0436514,0.0435021,0.0433571,0.0432161,0.0430789,0.0429452,0.042815,0.0426879,0.0425639,0.0424428,0.0423245,0.0422088,0.0420957,0.0419849,0.0418764,0.0417701,0.041666,0.0415638,0.0414636,0.0413653,0.0412688,0.0411739,0.0410808,0.0409893,0.0408993,0.0408108,0.0407237,0.040638,0.0405537
0.0866419,0.086265,0.0858831,0.085496,0.0851033,0.0847048,0.0843002,0.083889,0.083471,0.0830457,0.0826126,0.0821713,0.0817212,0.0812617,0.0807921,0.0803118,0.0798198,0.0793152,0.078797,0.078264,0.0777149,0.0771481,0.0765618,0.0759541,0.0753225,0.0746643,0.0739762,0.0732544,0.0724942,0.0716902,0.0708357,0.0699228,0.0689423,0.0678834,0.0667346,0.0654852,0.0641295,0.0626732,0.0611421,0.059586,0.0580699,0.0566538,0.0553752,0.0542453,0.0532562,0.052391,0.0516306,0.0509576,0.0503569,0.0498164,0.0493262,0.0488785,0.0484669,0.0480863,0.0477325,0.0474021,0.0470923,0.0468006,0.0465251,0.0462641,0.0460162,0.04578,0.0455545,0.0453388,0.0451321,0.0449335,0.0447426,0.0445586,0.0443811,0.0442097,0.0440438,0.0438833,0.0437277,0.0435767,0.04343,0.0432874,0.0431487,0.0430137,0.0428821,0.0427538,0.0426286,0.0425063,0.0423869,0.0422702,0.042156,0.0420442,0.0419348,0.0418277,0.0417226,0.0416197,0.0415187,0.0414196,0.0413223,0.0412268,0.041133,0.0410408,0.0409501,0.040861,0.0407733,0.0406871,0.0406022
0.0867123,0.0863368,0.0859564,0.0855707,0.0851797,0.0847829,0.08438,0.0839708,0.0835547,0.0831316,0.0827008,0.0822619,0.0818144,0.0813577,0.0808911,0.080414,0.0799255,0.0794247,0.0789107,0.0783822,0.0778381,0.0772767,0.0766965,0.0760955,0.0754714,0.0748217,0.0741432,0.0734324,0.0726848,0.0718953,0.0710578,0.0701649,0.0692079,0.0681766,0.0670602,0.0658479,0.0645323,0.0631151,0.0616153,0.0600743,0.0585525,0.0571117,0.0557965,0.0546257,0.0535972,0.0526965,0.0519055,0.0512064,0.0505837,0.0500245,0.0495184,0.049057,0.0486336,0.0482428,0.04788,0.0475417,0.0472249,0.0469269,0.0466458,0.0463797,0.0461271,0.0458868,0.0456574,0.0454382,0.0452281,0.0450266,0.0448328,0.0446462,0.0444663,0.0442926,0.0441246,0.0439621,0.0438046,0.0436518,0.0435035,0.0433593,0.0432191,0.0430826,0.0429497,0.0428201,0.0426937,0.0425703,0.0424497,0.0423319,0.0422167,0.042104,0.0419936,0.0418855,0.0417796,0.0416758,0.041574,0.0414742,0.0413762,0.0412799,0.0411854,0.0410925,0.0410012,0.0409115,0.0408232,0.0407363,0.0406509
0.0867824,0.0864082,0.0860292,0.0856451,0.0852556,0.0848605,0.0844594,0.084052,0.083638,0.0832169,0.0827883,0.0823519,0.0819069,0.0814529,0.0809893,0.0805154,0.0800303,0.0795332,0.0790232,0.0784991,0.0779598,0.0774037,0.0768294,0.0762349,0.0756181,0.0749765,0.0743073,0.0736069,0.0728713,0.0720957,0.0712743,0.0704003,0.0694654,0.0684603,0.0673744,0.0661972,0.0649203,0.0635423,0.0620762,0.0605555,0.0590346,0.0575751,0.0562271,0.0550171,0.0539489,0.0530119,0.0521891,0.0514628,0.050817,0.0502382,0.0497155,0.0492398,0.0488042,0.0484026,0.0480305,0.047684,0.0473598,0.0470554,0.0467684,0.046497,0.0462397,0.0459949,0.0457616,0.0455387,0.0453254,0.0451207,0.044924,0.0447348,0.0445524,0.0443763,0.0442062,0.0440416,0.0438822,0.0437276,0.0435775,0.0434318,0.0432901,0.0431521,0.0430178,0.0428869,0.0427592,0.0426346,0.0425129,0.042394,0.0422778,0.042164,0.0420527,0.0419437,0.041837,0.0417323,0.0416297,0.041529,0.0414303,0.0413333,0.0412381,0.0411445,0.0410525,0.0409622,0.0408733,0.0407858,0.0406998
0.0868521,0.0864793,0.0861017,0.085719,0.0853311,0.0849376,0.0845383,0.0841327,0.0837206,0.0833016,0.0828753,0.0824411,0.0819987,0.0815474,0.0810867,0.0806158,0.0801341,0.0796406,0.0791345,0.0786148,0.0780801,0.0775292,0.0769605,0.0763723,0.0757626,0.0751289,0.0744685,0.0737781,0.0730541,0.0722917,0.0714856,0.0706294,0.0697155,0.068735,0.067678,0.066534,0.0652942,0.0639549,0.062524,0.061028,0.0595143,0.0580422,0.0566658,0.0554187,0.0543114,0.0533375,0.0524818,0.0517271,0.0510572,0.0504579,0.0499177,0.0494271,0.0489786,0.0485659,0.048184,0.0478289,0.0474972,0.0471859,0.0468929,0.0466161,0.0463538,0.0461046,0.0458672,0.0456406,0.0454237,0.0452159,0.0450163,0.0448243,0.0446393,0.0444609,0.0442885,0.0441219,0.0439605,0.043804,0.0436522,0.0435048,0.0433615,0.0432221,0.0430864,0.0429542,0.0428252,0.0426994,0.0425765,0.0424565,0.0423392,0.0422245,0.0421122,0.0420023,0.0418946,0.0417891,0.0416857,0.0415842,0.0414847,0.041387,0.041291,0.0411967,0.0411041,0.0410131,0.0409236,0.0408355,0.0407489
0.0869215,0.08655,0.0861738,0.0857926,0.0854062,0.0850143,0.0846167,0.084213,0.0838028,0.0833858,0.0829616,0.0825298,0.0820898,0.0816412,0.0811832,0.0807154,0.0802369,0.079747,0.0792448,0.0787291,0.078199,0.0776531,0.07709,0.0765079,0.0759049,0.0752788,0.0746269,0.0739462,0.0732332,0.0724834,0.0716919,0.0708527,0.0699586,0.0690013,0.0679715,0.066859,0.0656547,0.0643532,0.0629584,0.0614904,0.0599894,0.0585111,0.0571112,0.0558299,0.0546844,0.0536732,0.0527838,0.0519996,0.0513044,0.0506837,0.0501252,0.049619,0.049157,0.0487327,0.0483406,0.0479766,0.047637,0.0473188,0.0470195,0.046737,0.0464697,0.0462158,0.0459742,0.0457437,0.0455233,0.0453122,0.0451095,0.0449147,0.0447272,0.0445463,0.0443717,0.0442029,0.0440395,0.0438811,0.0437276,0.0435785,0.0434336,0.0432927,0.0431555,0.0430219,0.0428917,0.0427646,0.0426406,0.0425195,0.0424011,0.0422853,0.042172,0.0420612,0.0419526,0.0418462,0.0417419,0.0416397,0.0415394,0.0414409,0.0413442,0.0412493,0.041156,0.0410643,0.0409741,0.0408855,0.0407983
0.0869905,0.0866204,0.0862455,0.0858658,0.0854809,0.0850906,0.0846947,0.0842927,0.0838844,0.0834694,0.0830474,0.0826178,0.0821802,0.0817342,0.081279,0.0808141,0.0803389,0.0798524,0.0793539,0.0788423,0.0783167,0.0777756,0.0772178,0.0766416,0.0760452,0.0754264,0.0747827,0.0741113,0.0734088,0.0726711,0.0718935,0.0710704,0.0701951,0.0692597,0.0682556,0.0671729,0.0660023,0.0647375,0.0633791,0.0619416,0.0604582,0.0589797,0.0575618,0.0562498,0.0550675,0.0540191,0.0530951,0.0522805,0.051559,0.0509158,0.0503382,0.0498157,0.0493396,0.0489031,0.0485005,0.0481272,0.0477794,0.0474539,0.0471481,0.0468599,0.0465872,0.0463286,0.0460826,0.0458481,0.0456241,0.0454096,0.0452039,0.0450062,0.0448159,0.0446326,0.0444556,0.0442846,0.0441192,0.0439589,0.0438035,0.0436527,0.0435062,0.0433638,0.0432252,0.0430902,0.0429586,0.0428303,0.0427051,0.0425828,0.0424633,0.0423465,0.0422322,0.0421204,0.0420109,0.0419037,0.0417985,0.0416954,0.0415943,0.0414951,0.0413977,0.041302,0.0412081,0.0411157,0.0410249,0.0409356,0.0408478
0.0870593,0.0866904,0.0863169,0.0859386,0.0855552,0.0851665,0.0847722,0.084372,0.0839655,0.0835525,0.0831326,0.0827052,0.08227,0.0818265,0.081374,0.080912,0.0804399,0.0799568,0.0794619,0.0789544,0.078433,0.0778967,0.0773441,0.0767736,0.0761835,0.0755718,0.0749361,0.0742736,0.0735812,0.072855,0.0720906,0.0712828,0.0704253,0.0695107,0.0685308,0.0674762,0.0663379,0.0651084,0.0637862,0.0623809,0.0609192,0.0594461,0.0580159,0.0566772,0.0554602,0.054375,0.0534161,0.05257,0.0518213,0.0511546,0.050557,0.0500173,0.0495266,0.0490774,0.0486638,0.0482808,0.0479245,0.0475914,0.0472789,0.0469846,0.0467065,0.046443,0.0461925,0.0459539,0.0457262,0.0455082,0.0452993,0.0450986,0.0449056,0.0447197,0.0445404,0.0443672,0.0441996,0.0440374,0.0438801,0.0437276,0.0435794,0.0434354,0.0432953,0.0431589,0.043026,0.0428964,0.04277,0.0426466,0.042526,0.0424081,0.0422928,0.04218,0.0420696,0.0419614,0.0418554,0.0417515,0.0416496,0.0415496,0.0414515,0.0413551,0.0412604,0.0411674,0.041076,0.0409861,0.0408976
0.0871277,0.0867601,0.0863879,0.086011,0.0856291,0.0852419,0.0848493,0.0844508,0.0840462,0.0836351,0.0832172,0.082792,0.0823591,0.081918,0.0814682,0.0810091,0.08054,0.0800602,0.0795689,0.0790652,0.0785481,0.0780164,0.0774688,0.0769039,0.0763199,0.075715,0.0750869,0.0744331,0.0737503,0.0730352,0.0722835,0.0714902,0.0706496,0.0697547,0.0687977,0.0677698,0.066662,0.0654664,0.0641798,0.0628077,0.0613711,0.0599086,0.0584717,0.0571108,0.0558618,0.0547407,0.0537466,0.0528684,0.0520913,0.0514003,0.0507817,0.0502242,0.0497181,0.0492556,0.0488305,0.0484375,0.0480723,0.0477314,0.0474119,0.0471114,0.0468276,0.046559,0.0463039,0.0460612,0.0458295,0.045608,0.0453958,0.0451921,0.0449963,0.0448078,0.044626,0.0444505,0.0442808,0.0441166,0.0439574,0.0438031,0.0436532,0.0435076,0.043366,0.0432282,0.0430939,0.042963,0.0428354,0.0427107,0.042589,0.0424701,0.0423538,0.04224,0.0421286,0.0420195,0.0419126,0.0418079,0.0417052,0.0416044,0.0415055,0.0414084,0.041313,0.0412193,0.0411272,0.0410367,0.0409477
0.0871958,0.0868294,0.0864586,0.086083,0.0857026,0.0853169,0.0849259,0.0845291,0.0841263,0.0837171,0.0833012,0.0828782,0.0824476,0.0820089,0.0815618,0.0811054,0.0806393,0.0801628,0.0796749,0.079175,0.078662,0.0781347,0.077592,0.0770325,0.0764545,0.0758562,0.0752355,0.0745899,0.0739165,0.0732119,0.0724723,0.0716929,0.0708683,0.0699921,0.0690568,0.0680541,0.0669752,0.0658122,0.0645602,0.0632218,0.0618127,0.0603655,0.0589274,0.0575492,0.0562714,0.0551159,0.0540866,0.0531757,0.0523694,0.051653,0.0510127,0.0504364,0.0499143,0.049438,0.0490008,0.0485973,0.0482229,0.0478739,0.0475472,0.0472402,0.0469507,0.0466768,0.0464169,0.0461698,0.0459342,0.045709,0.0454934,0.0452867,0.045088,0.0448968,0.0447125,0.0445346,0.0443627,0.0441964,0.0440354,0.0438792,0.0437277,0.0435804,0.0434373,0.043298,0.0431623,0.0430301,0.0429012,0.0427754,0.0426525,0.0425325,0.0424151,0.0423003,0.042188,0.042078,0.0419702,0.0418646,0.041761,0.0416595,0.0415598,0.041462,0.0413659,0.0412715,0.0411787,0.0410876,0.0409979
0.0872636,0.0868984,0.0865289,0.0861547,0.0857757,0.0853916,0.0850021,0.084607,0.084206,0.0837986,0.0833847,0.0829638,0.0825354,0.0820992,0.0816545,0.0812009,0.0807378,0.0802644,0.0797799,0.0792837,0.0787746,0.0782518,0.0777139,0.0771596,0.0765873,0.0759954,0.0753818,0.0747442,0.0740797,0.0733853,0.0726573,0.0718911,0.0710818,0.0702232,0.0693085,0.0683296,0.0672782,0.0661462,0.0649278,0.0636232,0.0622434,0.0608154,0.0593813,0.0579909,0.0566879,0.0555,0.0544361,0.053492,0.0526557,0.051913,0.05125,0.0506543,0.0501154,0.0496246,0.049175,0.0487605,0.0483766,0.0480191,0.0476849,0.0473711,0.0470756,0.0467963,0.0465315,0.0462799,0.0460402,0.0458113,0.0455922,0.0453823,0.0451806,0.0449867,0.0447998,0.0446196,0.0444455,0.0442771,0.044114,0.043956,0.0438027,0.0436538,0.0435091,0.0433683,0.0432312,0.0430977,0.0429675,0.0428404,0.0427164,0.0425952,0.0424768,0.042361,0.0422477,0.0421367,0.0420281,0.0419216,0.0418172,0.0417148,0.0416144,0.0415158,0.041419,0.0413239,0.0412305,0.0411387,0.0410484
0.087331,0.0869671,0.0865989,0.086226,0.0858484,0.0854658,0.0850779,0.0846844,0.0842851,0.0838797,0.0834677,0.0830488,0.0826227,0.0821888,0.0817466,0.0812957,0.0808354,0.0803651,0.079884,0.0793913,0.0788862,0.0783675,0.0778343,0.0772851,0.0767184,0.0761327,0.075526,0.074896,0.0742402,0.0735555,0.0728385,0.0720851,0.0712903,0.0704485,0.0695532,0.068597,0.0675716,0.0664691,0.0652832,0.0640119,0.0626627,0.0612569,0.0598317,0.0584342,0.0571103,0.0558923,0.0547948,0.0538174,0.0529504,0.0521806,0.051494,0.0508779,0.0503215,0.0498157,0.049353,0.0489272,0.0485332,0.048167,0.047825,0.0475043,0.0472025,0.0469176,0.0466478,0.0463915,0.0461476,0.0459148,0.0456923,0.045479,0.0452743,0.0450775,0.0448881,0.0447054,0.044529,0.0443584,0.0441934,0.0440335,0.0438783,0.0437278,0.0435814,0.0434391,0.0433006,0.0431657,0.0430342,0.0429059,0.0427807,0.0426584,0.0425389,0.0424221,0.0423077,0.0421958,0.0420863,0.0419789,0.0418737,0.0417705,0.0416693,0.0415699,0.0414724,0.0413766,0.0412825,0.04119,0.0410991
0.0873982,0.0870355,0.0866685,0.086297,0.0859208,0.0855396,0.0851533,0.0847614,0.0843638,0.0839602,0.0835501,0.0831333,0.0827093,0.0822777,0.081838,0.0813897,0.0809322,0.0804649,0.0799871,0.0794979,0.0789966,0.0784821,0.0779533,0.077409,0.0768479,0.0762681,0.0756681,0.0750455,0.074398,0.0737227,0.0730163,0.0722749,0.071494,0.0706682,0.0697914,0.0688566,0.0678559,0.0667816,0.0656267,0.0643882,0.0630702,0.0616892,0.0602771,0.0588776,0.0575371,0.056292,0.0551622,0.0541517,0.0532537,0.0524558,0.0517447,0.0511075,0.0505329,0.0500113,0.049535,0.0490974,0.0486931,0.0483177,0.0479676,0.0476397,0.0473315,0.0470408,0.0467657,0.0465047,0.0462564,0.0460197,0.0457935,0.0455769,0.0453691,0.0451694,0.0449772,0.044792,0.0446133,0.0444406,0.0442734,0.0441116,0.0439546,0.0438023,0.0436544,0.0435105,0.0433706,0.0432342,0.0431014,0.0429719,0.0428454,0.042722,0.0426014,0.0424835,0.0423682,0.0422553,0.0421448,0.0420366,0.0419305,0.0418265,0.0417245,0.0416244,0.0415261,0.0414296,0.0413348,0.0412416,0.0411501
0.0874651,0.0871036,0.0867378,0.0863676,0.0859928,0.0856131,0.0852282,0.084838,0.0844421,0.0840402,0.083632,0.0832172,0.0827953,0.082366,0.0819287,0.081483,0.0810282,0.0805639,0.0800892,0.0796035,0.0791059,0.0785954,0.0780711,0.0775316,0.0769757,0.0764018,0.0758081,0.0751927,0.0745532,0.0738869,0.0731907,0.0724609,0.0716932,0.0708827,0.0700234,0.0691089,0.0681316,0.067084,0.065959,0.0647523,0.0634657,0.0621115,0.0607162,0.0593195,0.057967,0.0566982,0.0555379,0.0544949,0.0535654,0.052739,0.0520026,0.0513433,0.0507497,0.0502118,0.0497212,0.0492712,0.0488562,0.0484713,0.0481128,0.0477775,0.0474626,0.0471659,0.0468854,0.0466195,0.0463668,0.0461259,0.0458959,0.0456759,0.0454649,0.0452622,0.0450673,0.0448796,0.0446984,0.0445235,0.0443542,0.0441904,0.0440316,0.0438775,0.0437279,0.0435825,0.043441,0.0433033,0.0431691,0.0430383,0.0429106,0.042786,0.0426643,0.0425453,0.042429,0.0423151,0.0422037,0.0420945,0.0419876,0.0418828,0.0417799,0.041679,0.04158,0.0414828,0.0413873,0.0412935,0.0412013
0.0875316,0.0871713,0.0868068,0.0864379,0.0860644,0.0856861,0.0853028,0.0849141,0.0845199,0.0841198,0.0837134,0.0833006,0.0828808,0.0824536,0.0820187,0.0815755,0.0811235,0.080662,0.0801905,0.0797081,0.0792141,0.0787076,0.0781875,0.0776527,0.0771019,0.0765337,0.0759462,0.0753377,0.074706,0.0740484,0.0733619,0.0726432,0.0718882,0.0710921,0.0702496,0.0693543,0.0683993,0.067377,0.0662806,0.0651048,0.0638494,0.0625232,0.0611477,0.0597583,0.0583985,0.0571098,0.0559213,0.0548467,0.0538857,0.05303,0.0522676,0.0515855,0.0509721,0.0504171,0.0499118,0.0494489,0.0490226,0.0486279,0.0482607,0.0479177,0.0475959,0.047293,0.0470069,0.0467359,0.0464786,0.0462335,0.0459997,0.0457761,0.0455618,0.0453561,0.0451584,0.044968,0.0447844,0.0446071,0.0444358,0.0442699,0.0441092,0.0439534,0.043802,0.043655,0.043512,0.0433728,0.0432373,0.0431052,0.0429763,0.0428505,0.0427276,0.0426076,0.0424902,0.0423753,0.0422629,0.0421529,0.042045,0.0419393,0.0418357,0.041734,0.0416343,0.0415363,0.0414401,0.0413456,0.0412527
0.0875979,0.0872388,0.0868755,0.0865078,0.0861357,0.0857588,0.0853769,0.0849898,0.0845972,0.0841988,0.0837943,0.0833834,0.0829657,0.0825407,0.0821081,0.0816674,0.081218,0.0807594,0.0802909,0.0798118,0.0793213,0.0788186,0.0783027,0.0777725,0.0772267,0.0766639,0.0760825,0.0754807,0.0748564,0.0742071,0.07353,0.072822,0.072079,0.0712968,0.0704702,0.0695932,0.0686592,0.0676612,0.0665919,0.0654459,0.0642214,0.062924,0.0615709,0.0601927,0.0588302,0.0575256,0.0563116,0.0552066,0.0542144,0.0533292,0.0525399,0.0518343,0.0512004,0.0506276,0.0501068,0.0496306,0.0491926,0.0487877,0.0484114,0.0480604,0.0477314,0.0474221,0.0471303,0.0468541,0.046592,0.0463426,0.0461048,0.0458775,0.0456598,0.0454511,0.0452504,0.0450574,0.0448713,0.0446916,0.0445181,0.0443501,0.0441875,0.0440298,0.0438768,0.0437281,0.0435836,0.0434429,0.043306,0.0431725,0.0430423,0.0429153,0.0427913,0.0426702,0.0425517,0.0424359,0.0423225,0.0422115,0.0421028,0.0419962,0.0418918,0.0417893,0.0416888,0.0415901,0.0414932,0.041398,0.0413044
0.0876639,0.0873059,0.0869438,0.0865774,0.0862066,0.0858311,0.0854507,0.0850651,0.0846741,0.0842774,0.0838747,0.0834657,0.08305,0.0826272,0.0821968,0.0817585,0.0813117,0.0808559,0.0803904,0.0799145,0.0794275,0.0789286,0.0784167,0.0778909,0.0773499,0.0767924,0.0762169,0.0756216,0.0750045,0.0743632,0.0736952,0.0729974,0.072266,0.071497,0.0706855,0.0698259,0.068912,0.0679369,0.0668936,0.0657763,0.0645819,0.0633137,0.0619849,0.0606214,0.0592606,0.0579442,0.0567079,0.0555743,0.0545515,0.0536364,0.0528198,0.0520898,0.0514346,0.0508433,0.0503065,0.0498164,0.0493662,0.0489506,0.048565,0.0482056,0.0478693,0.0475533,0.0472555,0.0469739,0.0467069,0.0464531,0.0462112,0.0459801,0.045759,0.0455471,0.0453435,0.0451476,0.044959,0.044777,0.0446011,0.0444311,0.0442665,0.0441069,0.0439521,0.0438018,0.0436557,0.0435135,0.0433751,0.0432403,0.0431089,0.0429807,0.0428555,0.0427332,0.0426137,0.0424968,0.0423825,0.0422705,0.0421609,0.0420534,0.0419481,0.0418449,0.0417435,0.0416441,0.0415465,0.0414506,0.0413564
0.0877296,0.0873727,0.0870118,0.0866467,0.0862772,0.085903,0.0855241,0.08514,0.0847506,0.0843556,0.0839547,0.0835475,0.0831338,0.082713,0.082285,0.081849,0.0814048,0.0809517,0.0804891,0.0800163,0.0795327,0.0790374,0.0785295,0.078008,0.0774718,0.0769194,0.0763496,0.0757605,0.0751504,0.0745169,0.0738576,0.0731695,0.0724493,0.0716929,0.0708958,0.0700528,0.0691579,0.0682046,0.0671861,0.0660962,0.0649313,0.0636923,0.0623891,0.0610432,0.0596883,0.0583645,0.0571093,0.0559491,0.0548965,0.0539517,0.0531072,0.0523522,0.051675,0.0510645,0.0505111,0.0500064,0.0495436,0.0491169,0.0487216,0.0483535,0.0480095,0.0476867,0.0473827,0.0470956,0.0468235,0.0465651,0.0463189,0.0460841,0.0458594,0.0456442,0.0454375,0.0452389,0.0450476,0.0448631,0.044685,0.0445128,0.0443462,0.0441847,0.0440281,0.0438761,0.0437283,0.0435847,0.0434448,0.0433086,0.0431759,0.0430464,0.04292,0.0427966,0.042676,0.0425581,0.0424428,0.0423298,0.0422193,0.042111,0.0420048,0.0419007,0.0417986,0.0416984,0.0416001,0.0415034,0.0414085
0.087795,0.0874393,0.0870795,0.0867157,0.0863474,0.0859746,0.085597,0.0852145,0.0848266,0.0844333,0.0840341,0.0836288,0.083217,0.0827983,0.0823725,0.0819389,0.0814971,0.0810467,0.0805869,0.0801172,0.0796369,0.0791452,0.0786412,0.0781239,0.0775922,0.0770449,0.0764805,0.0758976,0.0752941,0.0746682,0.0740172,0.0733386,0.072629,0.0718847,0.0711014,0.0702742,0.0693974,0.0684648,0.0674698,0.0664063,0.0652698,0.0640598,0.0627832,0.0614574,0.0601121,0.058785,0.0575145,0.0563304,0.0552492,0.0542749,0.0534023,0.0526217,0.0519217,0.0512913,0.0507205,0.0502008,0.0497248,0.0492866,0.0488812,0.0485042,0.0481522,0.0478223,0.0475119,0.047219,0.0469418,0.0466786,0.0464282,0.0461893,0.045961,0.0457424,0.0455326,0.0453311,0.0451371,0.0449501,0.0447697,0.0445953,0.0444266,0.0442631,0.0441047,0.0439509,0.0438016,0.0436564,0.0435151,0.0433775,0.0432434,0.0431126,0.042985,0.0428605,0.0427388,0.0426198,0.0425034,0.0423895,0.042278,0.0421688,0.0420618,0.0419569,0.041854,0.041753,0.0416539,0.0415566,0.041461
0.0878602,0.0875055,0.087147,0.0867843,0.0864173,0.0860458,0.0856697,0.0852886,0.0849023,0.0845105,0.0841131,0.0837096,0.0832997,0.0828831,0.0824593,0.0820281,0.0815887,0.0811409,0.080684,0.0802173,0.0797402,0.079252,0.0787517,0.0782385,0.0777113,0.0771689,0.0766099,0.0760328,0.0754359,0.0748171,0.0741743,0.0735047,0.0728053,0.0720726,0.0713025,0.0704903,0.0696308,0.0687179,0.0677454,0.066707,0.065598,0.0644165,0.0631669,0.0618632,0.0605307,0.0592044,0.0579225,0.0567172,0.0556092,0.0546059,0.0537051,0.0528983,0.0521749,0.0515239,0.0509351,0.0503997,0.0499101,0.0494599,0.0490439,0.0486577,0.0482975,0.0479602,0.0476433,0.0473444,0.0470618,0.0467937,0.0465388,0.0462959,0.0460638,0.0458418,0.0456288,0.0454243,0.0452276,0.045038,0.0448551,0.0446785,0.0445077,0.0443423,0.044182,0.0440264,0.0438754,0.0437286,0.0435858,0.0434468,0.0433113,0.0431793,0.0430505,0.0429247,0.0428019,0.0426818,0.0425644,0.0424496,0.0423371,0.042227,0.0421191,0.0420134,0.0419096,0.0418079,0.041708,0.04161,0.0415137
0.087925,0.0875715,0.0872141,0.0868526,0.0864869,0.0861167,0.0857419,0.0853622,0.0849775,0.0845873,0.0841916,0.0837898,0.0833819,0.0829672,0.0825456,0.0821166,0.0816797,0.0812344,0.0807802,0.0803165,0.0798426,0.0793578,0.0788612,0.078352,0.0778291,0.0772914,0.0767376,0.0761662,0.0755756,0.0749639,0.0743288,0.0736679,0.0729784,0.0722568,0.0714993,0.0707015,0.0698583,0.0689642,0.0680131,0.0669988,0.0659161,0.0647625,0.0635403,0.06226,0.0609432,0.0596215,0.058332,0.0571087,0.0559757,0.0549444,0.0540154,0.0531821,0.0524347,0.0517624,0.051155,0.0506033,0.0500995,0.0496369,0.04921,0.0488141,0.0484453,0.0481005,0.0477767,0.0474717,0.0471835,0.0469104,0.046651,0.0464038,0.0461679,0.0459423,0.0457261,0.0455185,0.045319,0.0451268,0.0449415,0.0447625,0.0445895,0.0444221,0.0442599,0.0441026,0.0439498,0.0438014,0.0436571,0.0435166,0.0433798,0.0432464,0.0431164,0.0429894,0.0428654,0.0427443,0.0426259,0.04251,0.0423966,0.0422855,0.0421768,0.0420701,0.0419656,0.0418631,0.0417624,0.0416637,0.0415666
0.0879896,0.0876372,0.0872809,0.0869206,0.0865561,0.0861872,0.0858138,0.0854356,0.0850523,0.0846637,0.0842696,0.0838697,0.0834635,0.0830509,0.0826313,0.0822045,0.08177,0.0813272,0.0808757,0.0804149,0.079944,0.0794626,0.0789696,0.0784643,0.0779456,0.0774125,0.0768638,0.0762979,0.0757134,0.0751085,0.0744809,0.0738285,0.0731483,0.0724374,0.071692,0.0709079,0.0700804,0.0692042,0.0682733,0.067282,0.0662248,0.0650983,0.0639032,0.0626474,0.0613486,0.060035,0.0587418,0.0575039,0.0563483,0.0552901,0.0543332,0.0534732,0.0527012,0.052007,0.0513803,0.0508117,0.0502932,0.0498177,0.0493794,0.0489735,0.0485959,0.0482432,0.0479123,0.047601,0.0473071,0.0470288,0.0467646,0.0465132,0.0462733,0.0460441,0.0458245,0.0456138,0.0454113,0.0452165,0.0450286,0.0448474,0.0446722,0.0445027,0.0443385,0.0441793,0.0440248,0.0438748,0.0437289,0.043587,0.0434487,0.043314,0.0431827,0.0430545,0.0429294,0.0428071,0.0426876,0.0425708,0.0424564,0.0423444,0.0422347,0.0421272,0.0420219,0.0419185,0.0418171,0.0417176,0.0416199
0.0880539,0.0877026,0.0873474,0.0869882,0.086625,0.0862574,0.0858853,0.0855085,0.0851267,0.0847397,0.0843472,0.083949,0.0835447,0.083134,0.0827165,0.0822918,0.0818596,0.0814193,0.0809704,0.0805124,0.0800446,0.0795664,0.0790769,0.0785754,0.0780609,0.0775323,0.0769885,0.076428,0.0758494,0.075251,0.0746307,0.0739864,0.0733153,0.0726146,0.0718807,0.0711098,0.0702972,0.069438,0.0685266,0.0675572,0.0665243,0.0654241,0.0642559,0.0630252,0.0617463,0.0604439,0.0591507,0.0579017,0.0567261,0.0556426,0.0546584,0.0537715,0.0529745,0.0522578,0.0516112,0.0510251,0.0504913,0.0500024,0.0495523,0.0491361,0.0487493,0.0483884,0.0480503,0.0477324,0.0474326,0.0471489,0.0468799,0.046624,0.0463801,0.046147,0.045924,0.0457101,0.0455047,0.0453071,0.0451167,0.044933,0.0447556,0.0445839,0.0444178,0.0442567,0.0441005,0.0439488,0.0438013,0.0436578,0.0435182,0.0433821,0.0432495,0.0431201,0.0429938,0.0428704,0.0427498,0.0426319,0.0425165,0.0424036,0.042293,0.0421847,0.0420784,0.0419743,0.0418721,0.0417718,0.0416734
0.088118,0.0877677,0.0874136,0.0870556,0.0866936,0.0863272,0.0859565,0.085581,0.0852007,0.0848152,0.0844244,0.0840278,0.0836253,0.0832165,0.0828011,0.0823786,0.0819486,0.0815107,0.0810644,0.0806092,0.0801444,0.0796693,0.0791833,0.0786855,0.078175,0.0776508,0.0771117,0.0765565,0.0759836,0.0753915,0.0747783,0.0741418,0.0734795,0.0727885,0.0720658,0.0713074,0.0705091,0.0696662,0.0687732,0.0678247,0.0668151,0.0657403,0.0645985,0.0633932,0.0621358,0.0608473,0.0595576,0.0583009,0.0571082,0.0560012,0.0549905,0.0540769,0.0532547,0.052515,0.0518478,0.0512436,0.0506939,0.0501911,0.0497289,0.0493019,0.0489056,0.0485362,0.0481905,0.0478659,0.04756,0.0472708,0.0469967,0.0467363,0.0464882,0.0462513,0.0460247,0.0458076,0.0455991,0.0453987,0.0452056,0.0450195,0.0448397,0.044666,0.0444978,0.0443348,0.0441767,0.0440233,0.0438742,0.0437292,0.0435881,0.0434507,0.0433167,0.0431861,0.0430586,0.0429341,0.0428124,0.0426934,0.042577,0.0424632,0.0423516,0.0422424,0.0421353,0.0420303,0.0419274,0.0418263,0.0417271
0.0881818,0.0878325,0.0874795,0.0871227,0.0867618,0.0863968,0.0860273,0.0856532,0.0852743,0.0848904,0.0845011,0.0841062,0.0837055,0.0832986,0.0828851,0.0824647,0.0820369,0.0816014,0.0811577,0.0807051,0.0802432,0.0797713,0.0792886,0.0787945,0.0782879,0.0777679,0.0772335,0.0766834,0.0761161,0.0755301,0.0749237,0.0742947,0.0736408,0.0729594,0.0722472,0.0715009,0.0707163,0.0698888,0.0690135,0.0680849,0.0670977,0.0660473,0.0649313,0.0637515,0.0625166,0.0612442,0.0599613,0.0587005,0.0574937,0.0563654,0.0553294,0.0543895,0.0535418,0.0527785,0.0520903,0.0514674,0.0509012,0.050384,0.0499091,0.0494709,0.0490648,0.0486866,0.0483332,0.0480015,0.0476893,0.0473945,0.0471152,0.0468501,0.0465977,0.0463568,0.0461266,0.0459061,0.0456945,0.0454912,0.0452955,0.0451068,0.0449247,0.0447487,0.0445785,0.0444135,0.0442537,0.0440985,0.0439477,0.0438012,0.0436586,0.0435198,0.0433845,0.0432526,0.0431238,0.0429981,0.0428753,0.0427553,0.0426379,0.0425231,0.0424106,0.0423004,0.0421925,0.0420867,0.0419829,0.0418811,0.0417811
0.0882453,0.0878971,0.0875452,0.0871895,0.0868298,0.0864659,0.0860978,0.085725,0.0853476,0.0849651,0.0845774,0.0841842,0.0837852,0.0833801,0.0829686,0.0825502,0.0821247,0.0816915,0.0812503,0.0808004,0.0803413,0.0798724,0.079393,0.0789024,0.0783996,0.0778838,0.0773539,0.0768087,0.0762469,0.0756669,0.075067,0.0744453,0.0737996,0.0731272,0.0724253,0.0716905,0.0709189,0.0701063,0.0692478,0.0683382,0.0673723,0.0663454,0.0652546,0.0641001,0.0628884,0.061634,0.0603608,0.0590994,0.0578817,0.0567345,0.0556746,0.0547089,0.0538357,0.0530486,0.0523387,0.0516966,0.0511134,0.0505812,0.0500932,0.0496434,0.0492271,0.0488399,0.0484783,0.0481394,0.0478207,0.04752,0.0472354,0.0469654,0.0467086,0.0464637,0.0462298,0.0460058,0.045791,0.0455847,0.0453862,0.045195,0.0450105,0.0448323,0.0446599,0.044493,0.0443312,0.0441743,0.0440218,0.0438737,0.0437296,0.0435893,0.0434527,0.0433195,0.0431895,0.0430626,0.0429387,0.0428176,0.0426992,0.0425833,0.0424699,0.0423588,0.04225,0.0421433,0.0420387,0.0419361,0.0418354
0.0883086,0.0879614,0.0876105,0.0872559,0.0868974,0.0865348,0.0861679,0.0857965,0.0854204,0.0850394,0.0846533,0.0842617,0.0838644,0.0834611,0.0830515,0.0826352,0.0822118,0.0817809,0.0813421,0.0808948,0.0804385,0.0799726,0.0794965,0.0790093,0.0785103,0.0779985,0.077473,0.0769326,0.076376,0.0758018,0.0752083,0.0745937,0.0739558,0.0732922,0.0726001,0.0718763,0.0711172,0.0703188,0.0694763,0.0685849,0.0676395,0.0666352,0.0655686,0.0644391,0.0632511,0.0620163,0.0607553,0.0594965,0.0582712,0.0571076,0.0560256,0.0550349,0.0541364,0.0533252,0.0525931,0.0519312,0.0513305,0.0507828,0.0502812,0.0498195,0.0493925,0.0489959,0.048626,0.0482797,0.0479542,0.0476475,0.0473574,0.0470824,0.046821,0.0465719,0.0463341,0.0461067,0.0458886,0.0456793,0.045478,0.0452841,0.0450971,0.0449166,0.044742,0.0445731,0.0444094,0.0442507,0.0440965,0.0439468,0.0438012,0.0436594,0.0435214,0.0433868,0.0432556,0.0431275,0.0430025,0.0428803,0.0427608,0.0426439,0.0425295,0.0424175,0.0423078,0.0422003,0.0420949,0.0419915,0.04189
0.0883716,0.0880254,0.0876756,0.0873221,0.0869648,0.0866033,0.0862377,0.0858676,0.0854929,0.0851134,0.0847287,0.0843388,0.0839432,0.0835417,0.0831339,0.0827196,0.0822984,0.0818697,0.0814333,0.0809886,0.080535,0.080072,0.079599,0.0791152,0.0786199,0.0781121,0.0775908,0.0770551,0.0765036,0.075935,0.0753477,0.0747399,0.0741095,0.0734544,0.0727717,0.0720586,0.0713115,0.0705266,0.0696995,0.0688254,0.0678995,0.0669169,0.0658738,0.0647688,0.0636046,0.0623904,0.0611439,0.0598907,0.058661,0.057484,0.0563818,0.0553672,0.0544438,0.0536083,0.0528538,0.0521715,0.0515526,0.050989,0.0504733,0.0499991,0.0495612,0.0491549,0.0487763,0.0484222,0.0480899,0.0477768,0.0474811,0.047201,0.0469349,0.0466816,0.0464398,0.0462087,0.0459873,0.0457748,0.0455706,0.0453741,0.0451846,0.0450017,0.0448249,0.0446539,0.0444883,0.0443277,0.0441718,0.0440204,0.0438732,0.04373,0.0435906,0.0434547,0.0433222,0.0431929,0.0430667,0.0429433,0.0428228,0.0427049,0.0425895,0.0424766,0.042366,0.0422576,0.0421513,0.0420471,0.0419449
0.0884344,0.0880892,0.0877404,0.087388,0.0870318,0.0866715,0.0863071,0.0859384,0.085565,0.0851869,0.0848038,0.0844154,0.0840215,0.0836217,0.0832158,0.0828035,0.0823843,0.0819579,0.0815238,0.0810816,0.0806307,0.0801706,0.0797006,0.0792202,0.0787284,0.0782244,0.0777074,0.0771762,0.0766297,0.0760665,0.0754852,0.0748839,0.0742609,0.0736139,0.0729403,0.0722374,0.0715018,0.0707299,0.0699174,0.06906,0.0681527,0.0671909,0.0661705,0.0650894,0.0639489,0.0627563,0.0615261,0.0602812,0.0590503,0.0578626,0.0567425,0.0557054,0.0547576,0.0538979,0.0531205,0.0524175,0.05178,0.0511999,0.0506696,0.0501826,0.0497332,0.0493169,0.0489293,0.0485673,0.0482277,0.0479083,0.0476067,0.0473213,0.0470503,0.0467926,0.0465468,0.046312,0.0460871,0.0458715,0.0456643,0.045465,0.0452729,0.0450876,0.0449086,0.0447355,0.0445679,0.0444054,0.0442477,0.0440947,0.0439459,0.0438012,0.0436603,0.043523,0.0433892,0.0432587,0.0431313,0.0430068,0.0428852,0.0427663,0.0426499,0.042536,0.0424245,0.0423152,0.0422081,0.0421031,0.042
0.0884969,0.0881527,0.087805,0.0874536,0.0870985,0.0867395,0.0863763,0.0860088,0.0856368,0.0852601,0.0848784,0.0844916,0.0840993,0.0837013,0.0832972,0.0828868,0.0824697,0.0820454,0.0816137,0.0811739,0.0807256,0.0802683,0.0798014,0.0793241,0.0788358,0.0783357,0.0778227,0.0772959,0.0767543,0.0761964,0.0756208,0.075026,0.0744101,0.0737709,0.0731061,0.072413,0.0716884,0.0709289,0.0701305,0.0692889,0.0683994,0.0674575,0.066459,0.0654011,0.0642843,0.0631136,0.0619012,0.0606671,0.059438,0.0582427,0.057107,0.056049,0.0550776,0.0541939,0.0533935,0.0526693,0.0520127,0.0514155,0.0508701,0.0503698,0.0499087,0.0494819,0.0490852,0.0487148,0.0483679,0.0480417,0.0477342,0.0474433,0.0471674,0.0469051,0.0466552,0.0464165,0.0461881,0.0459692,0.045759,0.0455568,0.0453622,0.0451744,0.0449931,0.0448178,0.0446481,0.0444837,0.0443243,0.0441695,0.0440191,0.0438728,0.0437305,0.0435918,0.0434567,0.0433249,0.0431963,0.0430707,0.042948,0.042828,0.0427106,0.0425957,0.0424833,0.0423731,0.0422651,0.0421593,0.0420555
0.0885592,0.0882159,0.0878692,0.087519,0.087165,0.0868071,0.0864451,0.0860789,0.0857082,0.0853329,0.0849527,0.0845674,0.0841767,0.0837804,0.0833781,0.0829696,0.0825545,0.0821324,0.0817029,0.0812655,0.0808198,0.0803653,0.0799013,0.0794272,0.0789423,0.0784458,0.0779368,0.0774144,0.0768774,0.0763246,0.0757547,0.0751661,0.074557,0.0739254,0.0732691,0.0725854,0.0718714,0.0711238,0.0703389,0.0695124,0.06864,0.0677172,0.0667396,0.0657043,0.0646107,0.0634623,0.0622688,0.0610477,0.0598231,0.0586232,0.0574746,0.0563974,0.0554035,0.0544962,0.0536727,0.0529269,0.0522507,0.051636,0.0510751,0.050561,0.0500878,0.0496502,0.0492438,0.048865,0.0485104,0.0481773,0.0478636,0.0475671,0.0472861,0.0470191,0.0467649,0.0465223,0.0462903,0.046068,0.0458547,0.0456497,0.0454523,0.045262,0.0450783,0.0449008,0.0447291,0.0445627,0.0444014,0.0442449,0.0440929,0.043945,0.0438012,0.0436611,0.0435247,0.0433916,0.0432618,0.043135,0.0430111,0.0428901,0.0427717,0.0426558,0.0425424,0.0424314,0.0423225,0.0422158,0.0421112
0.0886212,0.0882789,0.0879333,0.087584,0.0872311,0.0868744,0.0865136,0.0861486,0.0857792,0.0854053,0.0850265,0.0846427,0.0842537,0.083859,0.0834585,0.0830519,0.0826387,0.0822187,0.0817914,0.0813565,0.0809133,0.0804615,0.0800003,0.0795293,0.0790478,0.0785549,0.0780498,0.0775315,0.0769991,0.0764514,0.0758869,0.0753043,0.0747018,0.0740776,0.0734294,0.0727548,0.072051,0.0713149,0.0705428,0.0697309,0.0688748,0.0679702,0.0670128,0.0659993,0.0649284,0.0638023,0.0626287,0.0614222,0.0602049,0.0590033,0.0578443,0.0567501,0.0557349,0.0548045,0.0539581,0.0531904,0.0524943,0.0518616,0.0512846,0.0507563,0.0502705,0.0498217,0.0494055,0.0490178,0.0486553,0.0483151,0.047995,0.0476926,0.0474064,0.0471346,0.046876,0.0466294,0.0463936,0.0461679,0.0459515,0.0457435,0.0455433,0.0453505,0.0451644,0.0449846,0.0448108,0.0446424,0.0444793,0.0443209,0.0441672,0.0440178,0.0438724,0.043731,0.0435931,0.0434587,0.0433276,0.0431997,0.0430747,0.0429526,0.0428331,0.0427163,0.0426019,0.0424899,0.0423802,0.0422727,0.0421672
0.088683,0.0883417,0.087997,0.0876488,0.087297,0.0869413,0.0865817,0.086218,0.0858499,0.0854773,0.0851,0.0847177,0.0843302,0.0839372,0.0835385,0.0831337,0.0827225,0.0823045,0.0818794,0.0814467,0.0810061,0.0805569,0.0800986,0.0796306,0.0791523,0.0786629,0.0781616,0.0776474,0.0771195,0.0765766,0.0760175,0.0754407,0.0748446,0.0742274,0.0735871,0.0729213,0.0722273,0.0715022,0.0707424,0.0699444,0.0691039,0.0682168,0.0672788,0.0662864,0.0652378,0.0641339,0.0629806,0.0617903,0.0605824,0.0593819,0.0582154,0.0571064,0.0560714,0.0551187,0.0542495,0.0534599,0.0527434,0.0520922,0.0514987,0.0509558,0.0504569,0.0499967,0.0495701,0.0491733,0.0488026,0.0484552,0.0481284,0.0478201,0.0475284,0.0472517,0.0469886,0.0467378,0.0464983,0.046269,0.0460493,0.0458383,0.0456353,0.0454398,0.0452513,0.0450692,0.0448932,0.0447228,0.0445577,0.0443976,0.0442422,0.0440911,0.0439442,0.0438013,0.043662,0.0435263,0.043394,0.0432648,0.0431387,0.0430154,0.042895,0.0427771,0.0426618,0.0425488,0.0424382,0.0423298,0.0422235
0.0887446,0.0884042,0.0880605,0.0877133,0.0873626,0.087008,0.0866496,0.0862871,0.0859203,0.085549,0.0851731,0.0847923,0.0844063,0.0840149,0.0836179,0.0832149,0.0828056,0.0823897,0.0819668,0.0815364,0.0810981,0.0806515,0.080196,0.079731,0.0792559,0.0787699,0.0782723,0.0777621,0.0772385,0.0767004,0.0761464,0.0755753,0.0749854,0.0743751,0.0737424,0.073085,0.0724005,0.0716859,0.070938,0.0701533,0.0693278,0.0684574,0.067538,0.0665659,0.0655389,0.0644569,0.0633245,0.0621515,0.0609551,0.0597583,0.058587,0.0574655,0.0564124,0.0554384,0.0545468,0.0537352,0.052998,0.052328,0.0517176,0.0511595,0.0506473,0.050175,0.0497379,0.0493316,0.0489526,0.0485975,0.048264,0.0479495,0.0476522,0.0473704,0.0471027,0.0468476,0.0466042,0.0463713,0.0461482,0.0459341,0.0457283,0.0455301,0.045339,0.0451546,0.0449764,0.0448039,0.0446369,0.0444749,0.0443177,0.044165,0.0440165,0.0438721,0.0437315,0.0435944,0.0434608,0.0433304,0.0432031,0.0430787,0.0429572,0.0428383,0.042722,0.0426081,0.0424965,0.0423873,0.0422801
0.0888059,0.0884664,0.0881237,0.0877776,0.0874279,0.0870744,0.0867172,0.0863558,0.0859903,0.0856204,0.0852458,0.0848664,0.084482,0.0840922,0.0836969,0.0832957,0.0828883,0.0824743,0.0820535,0.0816254,0.0811895,0.0807454,0.0802926,0.0798305,0.0793585,0.0788759,0.0783819,0.0778757,0.0773563,0.0768227,0.0762738,0.0757081,0.0751243,0.0745207,0.0738953,0.0732461,0.0725706,0.0718662,0.0711297,0.0703577,0.0695465,0.0686922,0.0677906,0.0668381,0.065832,0.0647717,0.0636602,0.0625055,0.0613224,0.0601316,0.0589582,0.0578267,0.0567574,0.0557633,0.0548498,0.0540163,0.0532584,0.0525691,0.0519413,0.0513677,0.0508415,0.050357,0.0499089,0.0494929,0.0491051,0.0487423,0.0484016,0.0480809,0.0477778,0.0474908,0.0472182,0.0469588,0.0467113,0.0464748,0.0462483,0.046031,0.0458222,0.0456213,0.0454276,0.0452408,0.0450603,0.0448857,0.0447167,0.0445528,0.0443939,0.0442395,0.0440894,0.0439435,0.0438014,0.043663,0.043528,0.0433964,0.0432679,0.0431424,0.0430197,0.0428998,0.0427825,0.0426677,0.0425552,0.042445,0.0423371
0.088867,0.0885285,0.0881867,0.0878416,0.0874929,0.0871406,0.0867844,0.0864243,0.08606,0.0856914,0.0853182,0.0849402,0.0845573,0.0841691,0.0837754,0.083376,0.0829704,0.0825584,0.0821397,0.0817137,0.0812802,0.0808386,0.0803885,0.0799293,0.0794603,0.0789809,0.0784905,0.0779881,0.0774728,0.0769437,0.0763996,0.0758393,0.0752614,0.0746642,0.0740459,0.0734046,0.0727378,0.0720432,0.0713176,0.0705579,0.0697604,0.0689215,0.068037,0.0671034,0.0661176,0.0650785,0.0639878,0.0628521,0.0616836,0.0605011,0.0593282,0.0581892,0.0571058,0.0560929,0.0551583,0.0543032,0.0535243,0.0528155,0.0521699,0.0515803,0.0510398,0.0505426,0.0500832,0.0496571,0.0492603,0.0488894,0.0485416,0.0482142,0.0479053,0.0476129,0.0473354,0.0470715,0.0468199,0.0465795,0.0463495,0.0461289,0.0459171,0.0457134,0.0455171,0.0453278,0.045145,0.0449683,0.0447972,0.0446314,0.0444706,0.0443145,0.0441629,0.0440154,0.0438718,0.043732,0.0435957,0.0434628,0.0433331,0.0432065,0.0430827,0.0429617,0.0428434,0.0427276,0.0426142,0.0425031,0.0423943
0.0889278,0.0885902,0.0882494,0.0879053,0.0875576,0.0872064,0.0868514,0.0864924,0.0861293,0.085762,0.0853902,0.0850136,0.0846322,0.0842455,0.0838535,0.0834558,0.083052,0.082642,0.0822253,0.0818015,0.0813703,0.0809311,0.0804836,0.0800272,0.0795612,0.079085,0.078598,0.0780993,0.0775881,0.0770634,0.076524,0.0759689,0.0753966,0.0748057,0.0741943,0.0735606,0.0729023,0.072217,0.0715019,0.070754,0.0699697,0.0691455,0.0682775,0.0673619,0.0663958,0.0653773,0.0643074,0.063191,0.0620384,0.0608662,0.0596961,0.0585522,0.0574568,0.0564268,0.055472,0.0545957,0.0537958,0.0530672,0.0524035,0.0517974,0.0512423,0.050732,0.0502609,0.0498244,0.0494183,0.0490391,0.0486838,0.0483497,0.0480346,0.0477367,0.0474541,0.0471856,0.0469297,0.0466855,0.0464518,0.046228,0.046013,0.0458064,0.0456075,0.0454157,0.0452305,0.0450516,0.0448784,0.0447107,0.044548,0.0443902,0.0442369,0.0440878,0.0439428,0.0438015,0.0436639,0.0435297,0.0433988,0.043271,0.0431461,0.043024,0.0429047,0.0427879,0.0426735,0.0425616,0.0424518
0.0889884,0.0886518,0.0883119,0.0879687,0.0876221,0.0872719,0.086918,0.0865602,0.0861984,0.0858323,0.0854618,0.0850866,0.0847066,0.0843215,0.0839311,0.0835351,0.0831332,0.082725,0.0823103,0.0818887,0.0814597,0.081023,0.080578,0.0801243,0.0796612,0.0791882,0.0787046,0.0782095,0.0777022,0.0771817,0.076647,0.0760969,0.0755302,0.0749452,0.0743405,0.0737141,0.073064,0.0723878,0.0716829,0.0709462,0.0701746,0.0693645,0.0685122,0.0676141,0.0666669,0.0656686,0.0646192,0.0635223,0.0623865,0.0612262,0.0600613,0.0589149,0.0578098,0.0567644,0.0557906,0.0548935,0.0540728,0.0533243,0.0526421,0.0520192,0.051449,0.0509252,0.0504421,0.0499948,0.0495791,0.0491913,0.0488283,0.0484872,0.0481659,0.0478622,0.0475745,0.0473012,0.047041,0.0467928,0.0465554,0.0463281,0.04611,0.0459005,0.0456988,0.0455044,0.0453168,0.0451356,0.0449603,0.0447906,0.0446261,0.0444665,0.0443115,0.0441608,0.0440142,0.0438716,0.0437326,0.0435971,0.0434649,0.0433359,0.0432099,0.0430867,0.0429663,0.0428485,0.0427332,0.0426203,0.0425097
0.0890489,0.0887131,0.0883741,0.0880319,0.0876863,0.0873372,0.0869844,0.0866277,0.0862671,0.0859022,0.085533,0.0851593,0.0847807,0.0843971,0.0840083,0.083614,0.0832138,0.0828075,0.0823948,0.0819752,0.0815485,0.0811141,0.0806716,0.0802206,0.0797604,0.0792905,0.0788101,0.0783186,0.0778152,0.0772988,0.0767686,0.0762235,0.075662,0.075083,0.0744847,0.0738654,0.0732232,0.0725557,0.0718605,0.0711347,0.0703753,0.0695787,0.0687415,0.0678601,0.0669312,0.0659524,0.0649232,0.063846,0.0627277,0.0615807,0.060423,0.0592766,0.0581641,0.0571051,0.0561136,0.0551965,0.0543552,0.0535868,0.0528858,0.0522458,0.05166,0.0511223,0.0506268,0.0501685,0.0497429,0.0493462,0.0489752,0.048627,0.0482992,0.0479896,0.0476966,0.0474184,0.0471537,0.0469013,0.0466602,0.0464294,0.0462081,0.0459955,0.045791,0.045594,0.045404,0.0452205,0.045043,0.0448712,0.0447048,0.0445434,0.0443866,0.0442343,0.0440862,0.0439421,0.0438017,0.0436649,0.0435314,0.0434012,0.043274,0.0431498,0.0430283,0.0429095,0.0427932,0.0426794,0.0425679
0.089109,0.0887741,0.0884361,0.0880949,0.0877503,0.0874022,0.0870505,0.086695,0.0863355,0.0859719,0.085604,0.0852315,0.0848544,0.0844723,0.0840851,0.0836924,0.0832939,0.0828895,0.0824787,0.0820612,0.0816366,0.0812046,0.0807646,0.0803162,0.0798588,0.0793919,0.0789147,0.0784267,0.077927,0.0774147,0.0768889,0.0763485,0.0757923,0.0752189,0.0746269,0.0740145,0.0733799,0.0727208,0.072035,0.0713197,0.0705719,0.0697883,0.0689657,0.0681003,0.067189,0.0662292,0.0652197,0.0641621,0.0630618,0.0619293,0.0607807,0.0596364,0.0585188,0.0574484,0.0564405,0.0555044,0.0546429,0.0538545,0.0531346,0.0524771,0.0518755,0.0513235,0.0508152,0.0503454,0.0499096,0.0495038,0.0491246,0.048769,0.0484345,0.0481189,0.0478203,0.0475371,0.0472679,0.0470113,0.0467663,0.0465319,0.0463072,0.0460915,0.0458841,0.0456845,0.0454919,0.0453061,0.0451264,0.0449526,0.0447842,0.0446209,0.0444624,0.0443085,0.0441588,0.0440132,0.0438713,0.0437332,0.0435984,0.043467,0.0433386,0.0432133,0.0430907,0.0429709,0.0428536,0.0427388,0.0426264
0.089169,0.088835,0.0884979,0.0881576,0.087814,0.0874669,0.0871163,0.0867619,0.0864036,0.0860412,0.0856745,0.0853035,0.0849277,0.0845471,0.0841614,0.0837703,0.0833736,0.082971,0.0825621,0.0821466,0.0817242,0.0812944,0.0808568,0.080411,0.0799564,0.0794924,0.0790184,0.0785338,0.0780377,0.0775294,0.0770078,0.0764721,0.0759209,0.0753531,0.0747671,0.0741614,0.0735341,0.0728833,0.0722065,0.0715012,0.0707646,0.0699936,0.0691848,0.0683349,0.0674406,0.066499,0.0655088,0.0644707,0.0633887,0.0622716,0.0611337,0.0599937,0.0588734,0.0577935,0.056771,0.0558168,0.0549357,0.0541274,0.0533885,0.0527132,0.0520954,0.0515287,0.0510073,0.0505258,0.0500794,0.0496642,0.0492765,0.0489133,0.0485719,0.0482501,0.0479459,0.0476575,0.0473835,0.0471226,0.0468736,0.0466355,0.0464074,0.0461886,0.0459783,0.0457759,0.0455808,0.0453925,0.0452106,0.0450346,0.0448642,0.044699,0.0445388,0.0443831,0.0442319,0.0440847,0.0439415,0.0438019,0.0436659,0.0435332,0.0434036,0.0432771,0.0431535,0.0430326,0.0429143,0.0427986,0.0426852
0.0892287,0.0888956,0.0885594,0.08822,0.0878774,0.0875314,0.0871818,0.0868285,0.0864713,0.0861101,0.0857448,0.085375,0.0850007,0.0846215,0.0842373,0.0838478,0.0834528,0.0830519,0.0826449,0.0822315,0.0818111,0.0813836,0.0809484,0.0805051,0.0800531,0.079592,0.0791212,0.0786398,0.0781473,0.0776429,0.0771255,0.0765943,0.076048,0.0754856,0.0749055,0.0743063,0.0736861,0.0730431,0.072375,0.0716794,0.0709536,0.0701946,0.0693993,0.0685642,0.0676861,0.0667623,0.0657909,0.0647719,0.0637084,0.0626075,0.0614816,0.0603479,0.059227,0.0581399,0.0571045,0.0561334,0.0552333,0.0544055,0.0536474,0.0529542,0.0523198,0.0517381,0.0512032,0.0507096,0.0502524,0.0498274,0.049431,0.04906,0.0487115,0.0483833,0.0480732,0.0477795,0.0475007,0.0472353,0.0469822,0.0467404,0.0465088,0.0462867,0.0460734,0.0458682,0.0456705,0.0454797,0.0452955,0.0451174,0.0449449,0.0447779,0.0446158,0.0444584,0.0443055,0.0441568,0.0440121,0.0438712,0.0437338,0.0435998,0.0434691,0.0433414,0.0432167,0.0430947,0.0429754,0.0428587,0.0427444
0.0892883,0.088956,0.0886207,0.0882823,0.0879406,0.0875956,0.087247,0.0868948,0.0865388,0.0861788,0.0858147,0.0854462,0.0850732,0.0846955,0.0843128,0.0839249,0.0835315,0.0831324,0.0827273,0.0823157,0.0818975,0.0814721,0.0810393,0.0805984,0.0801492,0.0796909,0.079223,0.078745,0.0782559,0.0777552,0.0772419,0.0767151,0.0761737,0.0756164,0.0750421,0.0744491,0.0738358,0.0732004,0.0725407,0.0718545,0.0711391,0.0703917,0.0696091,0.0687883,0.067926,0.0670193,0.0660661,0.0650659,0.0640208,0.0629367,0.061824,0.0606983,0.059579,0.0584868,0.0574403,0.0564537,0.0555355,0.0546886,0.0539114,0.0532001,0.0525489,0.0519518,0.051403,0.0508969,0.0504286,0.0499936,0.0495882,0.049209,0.0488533,0.0485184,0.0482024,0.0479033,0.0476194,0.0473495,0.0470922,0.0468465,0.0466113,0.0463859,0.0461695,0.0459614,0.045761,0.0455678,0.0453812,0.0452009,0.0450264,0.0448573,0.0446934,0.0445343,0.0443797,0.0442295,0.0440833,0.0439409,0.0438022,0.0436669,0.0435349,0.0434061,0.0432802,0.0431572,0.0430369,0.0429191,0.0428039
0.0893476,0.0890161,0.0886817,0.0883442,0.0880035,0.0876595,0.087312,0.0869608,0.086606,0.0862471,0.0858842,0.0855171,0.0851454,0.0847691,0.0843879,0.0840016,0.0836098,0.0832124,0.0828091,0.0823995,0.0819833,0.0815601,0.0811295,0.0806911,0.0802444,0.0797889,0.079324,0.0788491,0.0783635,0.0778665,0.0773572,0.0768346,0.0762979,0.0757457,0.0751769,0.07459,0.0739834,0.0733553,0.0727038,0.0720266,0.0713212,0.0705848,0.0698147,0.0690076,0.0681603,0.0672701,0.0663346,0.0653529,0.0643262,0.0632591,0.0621606,0.0610445,0.0599288,0.0588335,0.0577779,0.0567774,0.055842,0.0549764,0.0541804,0.0534508,0.0527825,0.0521698,0.0516068,0.0510879,0.050608,0.0501627,0.0497481,0.0493606,0.0489973,0.0486557,0.0483335,0.0480287,0.0477398,0.0474651,0.0472035,0.0469538,0.046715,0.0464862,0.0462667,0.0460556,0.0458525,0.0456567,0.0454677,0.0452852,0.0451085,0.0449375,0.0447717,0.0446108,0.0444545,0.0443027,0.044155,0.0440111,0.043871,0.0437345,0.0436012,0.0434712,0.0433442,0.04322,0.0430987,0.0429799,0.0428637
0.0894067,0.0890761,0.0887426,0.088406,0.0880662,0.0877231,0.0873767,0.0870266,0.0866728,0.0863152,0.0859535,0.0855876,0.0852173,0.0848423,0.0844626,0.0840778,0.0836877,0.083292,0.0828904,0.0824827,0.0820685,0.0816474,0.0812191,0.0807831,0.0803389,0.0798862,0.0794242,0.0789524,0.0784701,0.0779767,0.0774712,0.0769529,0.0764206,0.0758734,0.07531,0.074729,0.0741289,0.0735079,0.0728642,0.0721957,0.0714999,0.0707743,0.070016,0.0692221,0.0683894,0.0675151,0.0665967,0.065633,0.0646245,0.0635747,0.0624912,0.061386,0.0602756,0.0591794,0.0581167,0.0571038,0.0561525,0.0552688,0.0544542,0.0537063,0.0530208,0.0523922,0.0518146,0.0512825,0.0507909,0.050335,0.0499108,0.0495147,0.0491437,0.0487951,0.0484665,0.048156,0.0478618,0.0475823,0.0473163,0.0470625,0.0468199,0.0465877,0.0463649,0.0461508,0.0459449,0.0457465,0.0455551,0.0453702,0.0451914,0.0450183,0.0448506,0.0446879,0.0445299,0.0443764,0.0442272,0.0440819,0.0439404,0.0438025,0.043668,0.0435367,0.0434085,0.0432833,0.0431609,0.0430411,0.0429239
0.0894656,0.0891358,0.0888032,0.0884675,0.0881286,0.0877865,0.0874411,0.0870921,0.0867394,0.0863829,0.0860224,0.0856577,0.0852887,0.0849152,0.0845369,0.0841536,0.0837651,0.0833711,0.0829713,0.0825654,0.0821532,0.0817342,0.0813081,0.0808744,0.0804327,0.0799826,0.0795235,0.0790547,0.0785757,0.0780858,0.0775841,0.0770699,0.0765421,0.0759996,0.0754415,0.0748662,0.0742723,0.0736583,0.0730222,0.072362,0.0716756,0.0709603,0.0702134,0.0694322,0.0686135,0.0677545,0.0668527,0.0659065,0.0649159,0.0638835,0.0628155,0.0617224,0.0606191,0.0595239,0.058456,0.0574325,0.0564664,0.0555656,0.0547327,0.0539667,0.0532638,0.0526189,0.0520265,0.051481,0.0509772,0.0505103,0.0500763,0.0496714,0.0492924,0.0489366,0.0486015,0.048285,0.0479854,0.047701,0.0474304,0.0471725,0.0469261,0.0466902,0.0464641,0.046247,0.0460382,0.0458372,0.0456432,0.045456,0.045275,0.0450998,0.0449301,0.0447656,0.0446059,0.0444507,0.0442999,0.0441531,0.0440102,0.0438709,0.0437351,0.0436027,0.0434733,0.0433469,0.0432234,0.0431026,0.0429845
0.0895243,0.0891953,0.0888635,0.0885287,0.0881908,0.0878497,0.0875052,0.0871573,0.0868057,0.0864503,0.086091,0.0857276,0.0853599,0.0849877,0.0846108,0.084229,0.083842,0.0834497,0.0830516,0.0826476,0.0822373,0.0818204,0.0813964,0.080965,0.0805258,0.0800783,0.079622,0.0791562,0.0786804,0.0781939,0.0776959,0.0771856,0.0766621,0.0761244,0.0755713,0.0750016,0.0744138,0.0738064,0.0731777,0.0725257,0.0718482,0.0711428,0.070407,0.0696379,0.0688327,0.0679885,0.0671027,0.0661736,0.0652006,0.0641856,0.0631335,0.0620533,0.0609586,0.0598663,0.0587952,0.0577628,0.0567835,0.0558664,0.0550158,0.0542317,0.0535114,0.0528501,0.0522425,0.0516832,0.051167,0.0506889,0.0502448,0.0498308,0.0494436,0.0490803,0.0487385,0.048416,0.0481108,0.0478213,0.0475461,0.0472838,0.0470335,0.046794,0.0465645,0.0463443,0.0461325,0.0459287,0.0457322,0.0455426,0.0453594,0.0451821,0.0450104,0.044844,0.0446825,0.0445256,0.0443732,0.0442249,0.0440805,0.0439399,0.0438028,0.043669,0.0435385,0.043411,0.0432864,0.0431645,0.0430453
0.0895827,0.0892546,0.0889237,0.0885898,0.0882528,0.0879126,0.0875691,0.0872222,0.0868717,0.0865174,0.0861593,0.0857971,0.0854307,0.0850598,0.0846843,0.084304,0.0839186,0.0835278,0.0831315,0.0827293,0.0823209,0.0819059,0.0814841,0.081055,0.0806182,0.0801733,0.0797196,0.0792568,0.0787841,0.078301,0.0778066,0.0773002,0.0767809,0.0762478,0.0756996,0.0751353,0.0745534,0.0739525,0.0733309,0.0726867,0.0720179,0.0713221,0.0705969,0.0698395,0.0690473,0.0682173,0.067347,0.0664344,0.0654787,0.0644809,0.063445,0.0623787,0.0612938,0.0602061,0.0591337,0.0580943,0.0571031,0.0561708,0.0553031,0.0545014,0.0537636,0.0530857,0.0524628,0.0518894,0.0513604,0.0508708,0.0504162,0.0499929,0.0495973,0.0492264,0.0488777,0.0485488,0.0482379,0.0479432,0.0476632,0.0473966,0.0471422,0.0468989,0.046666,0.0464425,0.0462278,0.0460212,0.0458221,0.04563,0.0454445,0.045265,0.0450913,0.044923,0.0447597,0.0446011,0.044447,0.0442972,0.0441514,0.0440093,0.0438709,0.0437359,0.0436041,0.0434754,0.0433497,0.0432268,0.0431066
0.089641,0.0893137,0.0889836,0.0886506,0.0883145,0.0879752,0.0876327,0.0872868,0.0869374,0.0865842,0.0862273,0.0858663,0.0855011,0.0851316,0.0847575,0.0843786,0.0839947,0.0836055,0.0832109,0.0828105,0.0824039,0.081991,0.0815713,0.0811444,0.08071,0.0802675,0.0798165,0.0793566,0.0788869,0.0784071,0.0779162,0.0774136,0.0768985,0.0763697,0.0758264,0.0752673,0.0746912,0.0740966,0.0734819,0.0728452,0.0721848,0.0714982,0.0707832,0.0700372,0.0692574,0.0684411,0.0675858,0.0666893,0.0657504,0.0647697,0.0637501,0.0626981,0.0616242,0.0605428,0.0594709,0.0584263,0.0574249,0.0564786,0.0555946,0.0547754,0.0540203,0.0533258,0.0526872,0.0520995,0.0515574,0.051056,0.0505908,0.0501578,0.0497535,0.0493747,0.0490189,0.0486836,0.0483669,0.0480668,0.0477819,0.0475107,0.0472522,0.0470051,0.0467686,0.0465419,0.0463241,0.0461146,0.0459129,0.0457183,0.0455304,0.0453487,0.0451729,0.0450026,0.0448375,0.0446772,0.0445214,0.04437,0.0442227,0.0440792,0.0439394,0.0438031,0.0436701,0.0435403,0.0434134,0.0432895,0.0431682
0.0896991,0.0893726,0.0890433,0.0887111,0.088376,0.0880377,0.0876961,0.0873512,0.0870028,0.0866508,0.0862949,0.0859351,0.0855712,0.085203,0.0848302,0.0844528,0.0840704,0.0836828,0.0832898,0.0828912,0.0824865,0.0820755,0.0816578,0.0812331,0.080801,0.080361,0.0799127,0.0794555,0.0789889,0.0785122,0.0780248,0.077526,0.0770148,0.0764904,0.0759518,0.0753978,0.0748272,0.0742387,0.0736306,0.0730014,0.0723489,0.0716713,0.0709662,0.070231,0.0694633,0.0686603,0.0678193,0.0669384,0.0660159,0.065052,0.0640488,0.0630117,0.0619497,0.0608758,0.0598062,0.0587582,0.0577483,0.0567893,0.0558898,0.0550538,0.0542815,0.0535703,0.0529159,0.0523136,0.0517581,0.0512446,0.0507684,0.0503255,0.0499123,0.0495255,0.0491624,0.0488204,0.0484976,0.0481921,0.0479021,0.0476263,0.0473635,0.0471125,0.0468724,0.0466423,0.0464214,0.046209,0.0460045,0.0458074,0.0456171,0.0454332,0.0452553,0.045083,0.0449159,0.0447538,0.0445964,0.0444434,0.0442946,0.0441497,0.0440085,0.0438709,0.0437366,0.0436056,0.0434776,0.0433525,0.0432302
0.089757,0.0894313,0.0891028,0.0887715,0.0884372,0.0880998,0.0877592,0.0874153,0.087068,0.086717,0.0863623,0.0860037,0.085641,0.085274,0.0849026,0.0845266,0.0841457,0.0837597,0.0833683,0.0829714,0.0825685,0.0821594,0.0817438,0.0813212,0.0808914,0.0804538,0.0800081,0.0795536,0.0790899,0.0786164,0.0781324,0.0776372,0.0771299,0.0766097,0.0760757,0.0755267,0.0749615,0.0743789,0.0737773,0.0731551,0.0725105,0.0718415,0.0711459,0.0704213,0.0696651,0.0688748,0.0680478,0.0671819,0.0662754,0.0653279,0.0643411,0.0633191,0.0622698,0.0612048,0.0601391,0.0590896,0.0580727,0.0571024,0.0561885,0.0553362,0.054547,0.0538191,0.0531489,0.0525317,0.0519626,0.0514367,0.0509493,0.0504962,0.0500738,0.0496787,0.049308,0.0489593,0.0486303,0.0483191,0.0480239,0.0477434,0.0474762,0.0472212,0.0469774,0.0467438,0.0465197,0.0463043,0.046097,0.0458973,0.0457046,0.0455184,0.0453383,0.045164,0.044995,0.0448311,0.044672,0.0445173,0.0443669,0.0442206,0.044078,0.043939,0.0438035,0.0436712,0.0435421,0.0434159,0.0432925
0.0898147,0.0894897,0.0891621,0.0888316,0.0884982,0.0881617,0.0878221,0.0874792,0.0871328,0.086783,0.0864294,0.0860719,0.0857104,0.0853447,0.0849747,0.0846,0.0842206,0.0838361,0.0834464,0.0830511,0.08265,0.0822428,0.0818292,0.0814087,0.0809811,0.0805459,0.0801027,0.079651,0.0791902,0.0787197,0.078239,0.0777473,0.0772438,0.0767278,0.0761982,0.075654,0.0750942,0.0745173,0.073922,0.0733067,0.0726696,0.0720089,0.0713225,0.070608,0.069863,0.069085,0.0682714,0.06742,0.066529,0.0655977,0.0646271,0.0636205,0.0625845,0.0615295,0.0604692,0.0594198,0.0583977,0.0574175,0.0564903,0.0556225,0.0548168,0.0540723,0.0533861,0.0527539,0.0521709,0.0516323,0.0511333,0.0506699,0.050238,0.0498344,0.049456,0.0491003,0.0487649,0.0484478,0.0481474,0.047862,0.0475903,0.0473312,0.0470836,0.0468464,0.046619,0.0464006,0.0461905,0.0459881,0.0457929,0.0456044,0.0454221,0.0452457,0.0450748,0.044909,0.0447481,0.0445918,0.0444399,0.044292,0.044148,0.0440077,0.0438709,0.0437374,0.043607,0.0434797,0.0433553
0.0898721,0.089548,0.0892212,0.0888915,0.088559,0.0882234,0.0878847,0.0875428,0.0871975,0.0868486,0.0864961,0.0861398,0.0857795,0.0854151,0.0850464,0.0846731,0.0842951,0.0839121,0.083524,0.0831304,0.082731,0.0823257,0.081914,0.0814957,0.0810703,0.0806374,0.0801966,0.0797475,0.0792895,0.0788221,0.0783446,0.0778564,0.0773567,0.0768446,0.0763194,0.0757799,0.0752252,0.0746538,0.0740646,0.073456,0.0728263,0.0721736,0.071496,0.0707913,0.0700571,0.0692909,0.0684903,0.067653,0.0667771,0.0658616,0.0649069,0.0639157,0.0628935,0.0618494,0.0607959,0.0597483,0.0587227,0.0577342,0.0567948,0.0559123,0.0550906,0.0543297,0.0536275,0.0529802,0.0523831,0.0518315,0.0513207,0.0508466,0.050405,0.0499926,0.0496063,0.0492434,0.0489014,0.0485784,0.0482725,0.0479821,0.0477059,0.0474425,0.047191,0.0469502,0.0467195,0.0464979,0.0462849,0.0460798,0.045882,0.0456911,0.0455066,0.0453281,0.0451552,0.0449876,0.0448249,0.0446669,0.0445133,0.0443639,0.0442185,0.0440768,0.0439387,0.0438039,0.0436724,0.0435439,0.0434184
0.0899294,0.0896061,0.08928,0.0889512,0.0886195,0.0882849,0.0879471,0.0876061,0.0872618,0.086914,0.0865626,0.0862074,0.0858483,0.0854851,0.0851177,0.0847458,0.0843692,0.0839877,0.0836011,0.0832092,0.0828116,0.0824081,0.0819983,0.081582,0.0811587,0.0807282,0.0802899,0.0798433,0.0793881,0.0789236,0.0784493,0.0779644,0.0774684,0.0769603,0.0764393,0.0759044,0.0753546,0.0747887,0.0742054,0.0736032,0.0729806,0.0723357,0.0716667,0.0709714,0.0702476,0.0694928,0.0687047,0.067881,0.0670197,0.0661196,0.0651807,0.0642049,0.0631969,0.0621645,0.0611189,0.0600746,0.0590472,0.0580519,0.0571017,0.0562055,0.0553682,0.0545913,0.0538731,0.0532105,0.0525991,0.0520343,0.0515115,0.0510264,0.0505749,0.0501535,0.049759,0.0493887,0.04904,0.0487109,0.0483994,0.0481039,0.0478229,0.0475552,0.0472996,0.0470552,0.046821,0.0465963,0.0463803,0.0461724,0.045972,0.0457787,0.0455919,0.0454112,0.0452363,0.0450667,0.0449023,0.0447426,0.0445874,0.0444364,0.0442895,0.0441464,0.0440069,0.0438709,0.0437382,0.0436085,0.0434819
0.0899865,0.0896639,0.0893387,0.0890107,0.0886799,0.0883461,0.0880092,0.0876692,0.0873259,0.0869791,0.0866288,0.0862747,0.0859168,0.0855548,0.0851887,0.0848181,0.0844429,0.0840629,0.0836779,0.0832875,0.0828916,0.0824899,0.0820821,0.0816678,0.0812466,0.0808183,0.0803824,0.0799384,0.0794859,0.0790243,0.0785531,0.0780715,0.077579,0.0770747,0.0765578,0.0760275,0.0754825,0.0749219,0.0743443,0.0737484,0.0731327,0.0724953,0.0718346,0.0711484,0.0704346,0.0696908,0.0689148,0.0681042,0.067257,0.0663719,0.0654485,0.0644881,0.0634945,0.0624744,0.0614379,0.0603983,0.0593706,0.0583702,0.0574104,0.0565015,0.0556495,0.0548568,0.0541228,0.0534448,0.052819,0.0522408,0.0517057,0.0512093,0.0507476,0.050317,0.0499142,0.0495362,0.0491806,0.0488452,0.048528,0.0482272,0.0479414,0.0476693,0.0474096,0.0471614,0.0469237,0.0466957,0.0464767,0.0462659,0.0460629,0.0458671,0.0456779,0.0454951,0.0453181,0.0451466,0.0449802,0.0448188,0.0446619,0.0445094,0.044361,0.0442165,0.0440757,0.0439383,0.0438044,0.0436735,0.0435458
0.0900434,0.0897216,0.0893971,0.08907,0.08874,0.0884071,0.0880711,0.0877321,0.0873897,0.087044,0.0866947,0.0863418,0.085985,0.0856242,0.0852593,0.08489,0.0845162,0.0841377,0.0837542,0.0833654,0.0829712,0.0825713,0.0821653,0.081753,0.0813339,0.0809078,0.0804742,0.0800328,0.0795829,0.0791241,0.0786559,0.0781776,0.0776886,0.077188,0.0766752,0.0761492,0.0756089,0.0750534,0.0744814,0.0738916,0.0732825,0.0726525,0.0719998,0.0713224,0.0706182,0.0698851,0.0691207,0.0683228,0.0674894,0.0666188,0.0657106,0.0647654,0.0637863,0.062779,0.0617525,0.0607189,0.0596925,0.0586885,0.0577207,0.0568001,0.0559341,0.0551261,0.0543765,0.0536832,0.0530428,0.0524509,0.0519033,0.0513955,0.0509234,0.0504833,0.0500718,0.0496861,0.0493234,0.0489815,0.0486583,0.0483522,0.0480614,0.0477848,0.0475209,0.0472688,0.0470275,0.0467962,0.046574,0.0463604,0.0461547,0.0459563,0.0457648,0.0455797,0.0454005,0.0452271,0.0450588,0.0448956,0.0447371,0.044583,0.044433,0.0442871,0.0441449,0.0440062,0.043871,0.043739,0.04361
0.0901002,0.0897791,0.0894554,0.089129,0.0887999,0.0884678,0.0881328,0.0877946,0.0874533,0.0871085,0.0867603,0.0864085,0.0860528,0.0856933,0.0853296,0.0849616,0.0845892,0.0842121,0.0838301,0.0834429,0.0830503,0.0826521,0.082248,0.0818376,0.0814206,0.0809967,0.0805654,0.0801264,0.0796791,0.0792231,0.0787579,0.0782828,0.0777971,0.0773002,0.0767913,0.0762695,0.0757339,0.0751834,0.0746168,0.0740329,0.0734303,0.0728073,0.0721624,0.0714935,0.0707987,0.0700758,0.0693227,0.068537,0.0677168,0.0668604,0.065967,0.0650369,0.0640724,0.0630783,0.0620625,0.061036,0.0600124,0.0590063,0.0580319,0.0571009,0.0562218,0.0553991,0.0546341,0.0539256,0.0532704,0.0526648,0.0521044,0.0515849,0.0511021,0.0506523,0.050232,0.0498382,0.0494683,0.0491198,0.0487906,0.0484789,0.048183,0.0479017,0.0476335,0.0473775,0.0471325,0.0468977,0.0466724,0.0464558,0.0462473,0.0460463,0.0458524,0.045665,0.0454837,0.0453082,0.0451381,0.0449731,0.0448128,0.0446571,0.0445056,0.0443581,0.0442145,0.0440746,0.0439381,0.0438048,0.0436747
0.0901567,0.0898364,0.0895134,0.0891879,0.0888595,0.0885284,0.0881942,0.087857,0.0875166,0.0871728,0.0868257,0.0864749,0.0861204,0.085762,0.0853996,0.0850329,0.0846618,0.0842861,0.0839055,0.0835199,0.083129,0.0827325,0.0823302,0.0819217,0.0815067,0.081085,0.0806559,0.0802193,0.0797746,0.0793213,0.078859,0.078387,0.0779046,0.0774113,0.0769063,0.0763887,0.0758575,0.0753119,0.0747506,0.0741724,0.073576,0.0729599,0.0723224,0.0716618,0.070976,0.0702631,0.0695208,0.068747,0.0679396,0.067097,0.066218,0.0653026,0.0643527,0.0633721,0.0623677,0.0613494,0.0603299,0.0593232,0.0583436,0.0574036,0.0565123,0.0556755,0.0548955,0.0541718,0.053502,0.0528824,0.0523091,0.0517776,0.0512839,0.0508241,0.0503948,0.0499928,0.0496154,0.04926,0.0489246,0.0486073,0.0483062,0.0480201,0.0477475,0.0474874,0.0472386,0.0470004,0.0467718,0.0465522,0.0463409,0.0461373,0.0459408,0.0457511,0.0455677,0.0453901,0.045218,0.0450511,0.0448891,0.0447317,0.0445787,0.0444297,0.0442847,0.0441434,0.0440056,0.0438711,0.0437398
0.0902131,0.0898935,0.0895713,0.0892465,0.088919,0.0885887,0.0882554,0.0879191,0.0875796,0.0872369,0.0868907,0.086541,0.0861877,0.0858304,0.0854692,0.0851038,0.084734,0.0843597,0.0839806,0.0835965,0.0832072,0.0828124,0.0824119,0.0820053,0.0815923,0.0811726,0.0807458,0.0803115,0.0798693,0.0794187,0.0789592,0.0784903,0.0780112,0.0775214,0.0770201,0.0765065,0.0759797,0.0754388,0.0748826,0.0743101,0.0737198,0.0731103,0.0724801,0.0718274,0.0711504,0.070447,0.0697152,0.0689528,0.0681579,0.0673286,0.0664636,0.0655628,0.0646274,0.0636604,0.062668,0.0616588,0.0606445,0.0596387,0.0586555,0.0577076,0.0568052,0.0559551,0.0551605,0.0544219,0.0537374,0.0531038,0.0525173,0.0519736,0.0514687,0.0509988,0.0505602,0.0501498,0.0497647,0.0494024,0.0490606,0.0487374,0.048431,0.04814,0.0478629,0.0475986,0.047346,0.0471042,0.0468723,0.0466496,0.0464354,0.0462291,0.0460301,0.045838,0.0456523,0.0454726,0.0452986,0.0451298,0.044966,0.0448069,0.0446523,0.0445018,0.0443554,0.0442127,0.0440735,0.0439378,0.0438053
0.0902692,0.0899504,0.089629,0.089305,0.0889783,0.0886488,0.0883164,0.087981,0.0876424,0.0873007,0.0869555,0.0866069,0.0862546,0.0858985,0.0855385,0.0851744,0.0848059,0.084433,0.0840553,0.0836727,0.083285,0.0828919,0.0824931,0.0820883,0.0816773,0.0812597,0.0808351,0.0804031,0.0799634,0.0795154,0.0790587,0.0785927,0.0781168,0.0776304,0.0771328,0.0766231,0.0761006,0.0755643,0.0750131,0.074446,0.0738616,0.0732586,0.0726354,0.0719904,0.0713218,0.0706277,0.069906,0.0691547,0.0683718,0.0675554,0.0667042,0.0658176,0.0648965,0.0639433,0.0629631,0.0619638,0.0609559,0.0599524,0.0589669,0.0580125,0.0571002,0.0562376,0.055429,0.0546757,0.0539766,0.0533289,0.052729,0.052173,0.0516568,0.0511764,0.0507284,0.0503093,0.0499164,0.0495469,0.0491985,0.0488694,0.0485575,0.0482614,0.0479797,0.0477112,0.0474546,0.0472091,0.0469739,0.046748,0.0465308,0.0463217,0.0461202,0.0459257,0.0457377,0.0455559,0.0453798,0.0452091,0.0450435,0.0448827,0.0447264,0.0445745,0.0444265,0.0442824,0.0441419,0.0440049,0.0438712
0.0903252,0.0900071,0.0896864,0.0893632,0.0890373,0.0887086,0.0883771,0.0880426,0.087705,0.0873642,0.0870201,0.0866725,0.0863213,0.0859663,0.0856075,0.0852446,0.0848774,0.0845058,0.0841296,0.0837485,0.0833624,0.0829709,0.0825738,0.0821709,0.0817618,0.0813462,0.0809237,0.080494,0.0800567,0.0796113,0.0791573,0.0786942,0.0782215,0.0777384,0.0772444,0.0767386,0.0762202,0.0756884,0.0751421,0.0745802,0.0740016,0.0734048,0.0727884,0.0721509,0.0714905,0.0708053,0.0700935,0.0693528,0.0685815,0.0677776,0.0669397,0.0660671,0.0651601,0.0642207,0.0632532,0.0622643,0.0612639,0.0602638,0.0592775,0.058318,0.0573969,0.0565227,0.0557007,0.0549331,0.0542194,0.0535576,0.0529444,0.0523758,0.051848,0.051357,0.0508993,0.0504714,0.0500703,0.0496935,0.0493385,0.0490031,0.0486857,0.0483845,0.048098,0.0478251,0.0475645,0.0473153,0.0470765,0.0468474,0.0466272,0.0464153,0.0462112,0.0460142,0.0458239,0.0456398,0.0454617,0.0452891,0.0451216,0.0449591,0.0448012,0.0446476,0.0444982,0.0443526,0.0442108,0.0440725,0.0439376
0.090381,0.0900636,0.0897437,0.0894212,0.0890961,0.0887683,0.0884376,0.088104,0.0877673,0.0874275,0.0870843,0.0867378,0.0863877,0.0860338,0.0856762,0.0853145,0.0849486,0.0845783,0.0842035,0.0838239,0.0834393,0.0830494,0.082654,0.0822529,0.0818457,0.0814321,0.0810117,0.0805843,0.0801493,0.0797064,0.0792551,0.0787949,0.0783252,0.0778454,0.0773549,0.0768529,0.0763386,0.0758111,0.0752696,0.0747128,0.0741397,0.073549,0.0729393,0.072309,0.0716565,0.07098,0.0702776,0.0695473,0.0687872,0.0679954,0.0671705,0.0663115,0.0654184,0.0644927,0.063538,0.0625602,0.0615681,0.0605727,0.0595868,0.0586236,0.0576949,0.0568101,0.0559753,0.0551938,0.054466,0.0537901,0.0531633,0.0525821,0.0520425,0.0515406,0.0510729,0.050636,0.0502267,0.0498423,0.0494804,0.0491388,0.0488156,0.0485091,0.0482178,0.0479404,0.0476757,0.0474226,0.0471803,0.0469479,0.0467246,0.0465099,0.046303,0.0461035,0.0459108,0.0457246,0.0455443,0.0453697,0.0452004,0.0450361,0.0448765,0.0447213,0.0445703,0.0444234,0.0442802,0.0441406,0.0440044
0.0904367,0.0901199,0.0898008,0.0894791,0.0891548,0.0888277,0.0884979,0.0881651,0.0878294,0.0874905,0.0871483,0.0868028,0.0864537,0.086101,0.0857445,0.085384,0.0850194,0.0846505,0.084277,0.0838989,0.0835158,0.0831275,0.0827338,0.0823344,0.0819291,0.0815174,0.0810991,0.0806739,0.0802413,0.0798009,0.0793522,0.0788948,0.0784281,0.0779515,0.0774644,0.076966,0.0764557,0.0759325,0.0753956,0.0748438,0.0742761,0.0736913,0.073088,0.0724648,0.0718199,0.0711518,0.0704585,0.0697382,0.068989,0.068209,0.0673966,0.0665508,0.0656714,0.0647594,0.0638177,0.0628514,0.0618682,0.0608785,0.0598945,0.0589289,0.0579938,0.0570994,0.0562528,0.0554579,0.054716,0.0540261,0.0533858,0.0527917,0.0522402,0.0517273,0.0512495,0.0508032,0.0503855,0.0499934,0.0496244,0.0492764,0.0489473,0.0486354,0.0483391,0.0480571,0.0477881,0.0475312,0.0472852,0.0470494,0.046823,0.0466053,0.0463957,0.0461936,0.0459985,0.04581,0.0456276,0.045451,0.0452798,0.0451136,0.0449523,0.0447955,0.044643,0.0444946,0.04435,0.044209,0.0440716
0.0904921,0.0901761,0.0898577,0.0895367,0.0892132,0.088887,0.088558,0.0882261,0.0878912,0.0875533,0.0872121,0.0868676,0.0865196,0.0861679,0.0858126,0.0854533,0.0850899,0.0847223,0.0843502,0.0839734,0.0835918,0.0832051,0.0828131,0.0824155,0.0820119,0.0816022,0.081186,0.0807629,0.0803326,0.0798946,0.0794485,0.0789938,0.07853,0.0780566,0.0775728,0.0770781,0.0765716,0.0760526,0.0755201,0.0749733,0.0744109,0.0738318,0.0732347,0.0726183,0.0719808,0.0713208,0.0706364,0.0699258,0.069187,0.0684184,0.0676182,0.0667854,0.0659193,0.0650208,0.0640921,0.0631376,0.0621642,0.0611812,0.0602001,0.0592334,0.0582933,0.0573904,0.0565327,0.055725,0.0549694,0.0542657,0.0536118,0.0530048,0.0524411,0.051917,0.0514289,0.0509732,0.0505467,0.0501467,0.0497706,0.0494159,0.0490808,0.0487633,0.0484619,0.0481752,0.0479019,0.047641,0.0473913,0.047152,0.0469224,0.0467017,0.0464893,0.0462846,0.0460871,0.0458962,0.0457116,0.045533,0.0453598,0.0451918,0.0450288,0.0448703,0.0447162,0.0445663,0.0444203,0.044278,0.0441392
0.0905474,0.0902321,0.0899144,0.0895942,0.0892714,0.088946,0.0886178,0.0882868,0.0879528,0.0876158,0.0872756,0.086932,0.0865851,0.0862346,0.0858803,0.0855222,0.0851601,0.0847937,0.084423,0.0840476,0.0836675,0.0832823,0.0828919,0.082496,0.0820943,0.0816865,0.0812722,0.0808513,0.0804232,0.0799876,0.079544,0.0790921,0.0786311,0.0781608,0.0776803,0.0771891,0.0766864,0.0761714,0.0756434,0.0751012,0.074544,0.0739705,0.0733794,0.0727696,0.0721393,0.0714872,0.0708113,0.0701101,0.0693815,0.0686239,0.0678355,0.0670152,0.0661623,0.0652771,0.0643614,0.063419,0.0624558,0.0614803,0.0605033,0.0595367,0.0585929,0.0576826,0.0568147,0.0559949,0.0552261,0.0545087,0.0538413,0.0532214,0.0526454,0.0521099,0.0516112,0.0511458,0.0507105,0.0503024,0.0499188,0.0495574,0.0492161,0.0488929,0.0485863,0.0482948,0.0480171,0.047752,0.0474986,0.0472558,0.0470229,0.0467991,0.0465839,0.0463764,0.0461764,0.0459832,0.0457964,0.0456156,0.0454405,0.0452706,0.0451058,0.0449457,0.04479,0.0446385,0.0444911,0.0443474,0.0442073
0.0906025,0.0902879,0.0899709,0.0896514,0.0893294,0.0890048,0.0886774,0.0883473,0.0880142,0.0876781,0.0873388,0.0869963,0.0866503,0.0863009,0.0859478,0.0855908,0.0852299,0.0848648,0.0844954,0.0841214,0.0837428,0.0833591,0.0829703,0.0825761,0.0821761,0.0817702,0.0813579,0.0809391,0.0805132,0.0800799,0.0796388,0.0791895,0.0787314,0.078264,0.0777868,0.077299,0.0768,0.076289,0.0757652,0.0752277,0.0746754,0.0741074,0.0735222,0.0729188,0.0722955,0.0716509,0.0709834,0.0702912,0.0695725,0.0688255,0.0680486,0.0672405,0.0664004,0.0655283,0.0646256,0.0636954,0.0627428,0.0617757,0.0608037,0.0598386,0.0588922,0.0579758,0.0570986,0.0562674,0.0554858,0.0547551,0.0540743,0.0534413,0.052853,0.0523059,0.0517964,0.0513212,0.0508768,0.0504605,0.0500693,0.049701,0.0493533,0.0490243,0.0487124,0.0484159,0.0481337,0.0478644,0.0476071,0.0473607,0.0471244,0.0468975,0.0466793,0.0464692,0.0462666,0.0460709,0.0458819,0.045699,0.0455218,0.0453501,0.0451834,0.0450216,0.0448643,0.0447113,0.0445624,0.0444173,0.0442759
0.0906574,0.0903435,0.0900272,0.0897085,0.0893872,0.0890634,0.0887369,0.0884075,0.0880753,0.0877401,0.0874018,0.0870602,0.0867153,0.0863669,0.0860149,0.0856591,0.0852994,0.0849355,0.0845674,0.0841949,0.0838176,0.0834355,0.0830483,0.0826557,0.0822575,0.0818534,0.0814431,0.0810262,0.0806025,0.0801716,0.0797329,0.0792862,0.0788309,0.0783664,0.0778923,0.0774079,0.0769125,0.0764054,0.0758858,0.0753528,0.0748054,0.0742426,0.0736632,0.0730659,0.0724494,0.0718122,0.0711527,0.0704693,0.0697601,0.0690234,0.0682577,0.0674615,0.0666338,0.0657746,0.0648848,0.0639668,0.0630253,0.0620671,0.0611012,0.0601385,0.0591908,0.0582694,0.0573841,0.0565423,0.0557485,0.0550047,0.0543106,0.0536646,0.0530638,0.052505,0.0519847,0.0514993,0.0510458,0.0506209,0.050222,0.0498466,0.0494924,0.0491574,0.04884,0.0485386,0.0482517,0.0479781,0.0477168,0.0474667,0.047227,0.0469969,0.0467757,0.0465628,0.0463576,0.0461595,0.0459681,0.045783,0.0456038,0.0454301,0.0452617,0.0450981,0.0449391,0.0447846,0.0446341,0.0444876,0.0443449
0.0907122,0.090399,0.0900834,0.0897654,0.0894449,0.0891218,0.0887961,0.0884676,0.0881362,0.0878019,0.0874645,0.0871239,0.08678,0.0864327,0.0860817,0.0857271,0.0853685,0.0850059,0.0846391,0.0842679,0.0838921,0.0835115,0.0831258,0.0827348,0.0823384,0.0819361,0.0815277,0.0811129,0.0806913,0.0802626,0.0798263,0.0793821,0.0789295,0.078468,0.0779969,0.0775158,0.0770239,0.0765206,0.0760051,0.0754764,0.0749338,0.0743761,0.0738023,0.0732111,0.0726011,0.0719711,0.0713194,0.0706444,0.0699444,0.0692178,0.0684628,0.0676782,0.0668627,0.0660161,0.065139,0.0642334,0.0633032,0.0623544,0.0613953,0.0604362,0.0594884,0.0585632,0.0576708,0.0568192,0.0560138,0.0552573,0.0545502,0.0538912,0.053278,0.0527073,0.0521759,0.0516803,0.0512173,0.0507838,0.050377,0.0499943,0.0496334,0.0492924,0.0489694,0.0486628,0.0483711,0.0480931,0.0478277,0.0475739,0.0473307,0.0470974,0.0468731,0.0466573,0.0464494,0.0462489,0.0460551,0.0458678,0.0456865,0.0455109,0.0453405,0.0451752,0.0450145,0.0448584,0.0447064,0.0445585,0.0444143
0.0907668,0.0904542,0.0901393,0.089822,0.0895023,0.08918,0.0888551,0.0885274,0.0881969,0.0878635,0.087527,0.0871874,0.0868445,0.0864981,0.0861483,0.0857948,0.0854374,0.085076,0.0847105,0.0843406,0.0839662,0.083587,0.0832029,0.0828135,0.0824187,0.0820182,0.0816117,0.0811989,0.0807794,0.0803529,0.079919,0.0794773,0.0790274,0.0785686,0.0781006,0.0776227,0.0771343,0.0766347,0.0761231,0.0755988,0.0750608,0.0745081,0.0739396,0.0733543,0.0727507,0.0721276,0.0714835,0.0708167,0.0701257,0.0694087,0.0686642,0.0678907,0.0670872,0.0662529,0.0653884,0.0644951,0.0635763,0.0626375,0.061686,0.0607314,0.0597845,0.0588567,0.0579583,0.0570979,0.0562816,0.0555129,0.054793,0.0541212,0.0534954,0.0529128,0.0523702,0.0518642,0.0513916,0.0509492,0.0505343,0.0501441,0.0497765,0.0494292,0.0491004,0.0487885,0.048492,0.0482096,0.04794,0.0476823,0.0474355,0.0471988,0.0469715,0.0467528,0.0465422,0.046339,0.0461429,0.0459533,0.0457699,0.0455922,0.04542,0.0452528,0.0450905,0.0449327,0.0447792,0.0446298,0.0444843
0.0908212,0.0905093,0.0901951,0.0898786,0.0895595,0.089238,0.0889139,0.088587,0.0882574,0.0879248,0.0875893,0.0872506,0.0869086,0.0865634,0.0862146,0.0858621,0.0855059,0.0851458,0.0847815,0.0844129,0.0840399,0.0836621,0.0832795,0.0828918,0.0824987,0.0820999,0.0816952,0.0812844,0.080867,0.0804426,0.0800111,0.0795718,0.0791245,0.0786685,0.0782034,0.0777287,0.0772436,0.0767477,0.07624,0.0757198,0.0751863,0.0746385,0.0740753,0.0734956,0.0728983,0.0722819,0.0716451,0.0709863,0.0703039,0.0695963,0.068862,0.0680994,0.0673073,0.0664852,0.065633,0.0647519,0.0638448,0.0629162,0.0619729,0.0610238,0.060079,0.0591496,0.0582463,0.057378,0.0565515,0.0557712,0.0550388,0.0543543,0.053716,0.0531214,0.0525675,0.0520509,0.0515685,0.0511171,0.0506939,0.0502962,0.0499216,0.0495679,0.0492332,0.0489159,0.0486144,0.0483274,0.0480536,0.0477919,0.0475415,0.0473014,0.0470709,0.0468492,0.0466358,0.0464301,0.0462315,0.0460396,0.045854,0.0456743,0.0455001,0.0453311,0.0451671,0.0450076,0.0448526,0.0447017,0.0445547
0.0908755,0.0905643,0.0902507,0.0899349,0.0896166,0.0892958,0.0889725,0.0886464,0.0883176,0.0879859,0.0876513,0.0873135,0.0869726,0.0866283,0.0862805,0.0859292,0.0855741,0.0852152,0.0848521,0.0844849,0.0841132,0.0837369,0.0833558,0.0829696,0.0825781,0.0821811,0.0817783,0.0813693,0.0809539,0.0805317,0.0801024,0.0796656,0.0792208,0.0787676,0.0783054,0.0778337,0.077352,0.0768595,0.0763556,0.0758395,0.0753104,0.0747673,0.0742093,0.0736352,0.0730439,0.072434,0.0718043,0.0711532,0.0704792,0.0697807,0.0690562,0.0683041,0.0675233,0.066713,0.0658729,0.065004,0.0641086,0.0631906,0.062256,0.0613131,0.0603714,0.0594416,0.0585345,0.0576593,0.0568235,0.056032,0.0552876,0.0545905,0.0539398,0.0533332,0.0527678,0.0522405,0.0517482,0.0512876,0.0508559,0.0504504,0.0500687,0.0497085,0.0493678,0.049045,0.0487384,0.0484466,0.0481684,0.0479028,0.0476486,0.047405,0.0471713,0.0469466,0.0467303,0.0465219,0.0463209,0.0461266,0.0459388,0.045757,0.0455809,0.04541,0.0452442,0.0450831,0.0449264,0.044774,0.0446256
0.0909296,0.090619,0.0903062,0.089991,0.0896735,0.0893534,0.0890308,0.0887056,0.0883776,0.0880468,0.087713,0.0873762,0.0870362,0.0866929,0.0863462,0.085996,0.0856421,0.0852843,0.0849225,0.0845565,0.0841861,0.0838112,0.0834316,0.0830469,0.0826571,0.0822618,0.0818607,0.0814537,0.0810403,0.0806202,0.0801932,0.0797587,0.0793164,0.0788658,0.0784065,0.0779378,0.0774593,0.0769703,0.0764701,0.075958,0.0754332,0.0748947,0.0743417,0.073773,0.0731875,0.072584,0.0719612,0.0713176,0.0706517,0.069962,0.069247,0.0685052,0.0677353,0.0669365,0.0661083,0.0652514,0.0643677,0.0634605,0.0625352,0.0615991,0.0606614,0.0597323,0.0588224,0.0579413,0.057097,0.0562952,0.0555391,0.0548298,0.0541667,0.0535481,0.0529712,0.0524331,0.0519306,0.0514607,0.0510204,0.050607,0.0502179,0.049851,0.0495042,0.0491757,0.0488639,0.0485673,0.0482847,0.0480149,0.0477569,0.0475098,0.0472727,0.0470449,0.0468258,0.0466147,0.0464111,0.0462144,0.0460244,0.0458405,0.0456623,0.0454896,0.0453219,0.0451591,0.0450008,0.0448469,0.044697
0.0909836,0.0906736,0.0903614,0.090047,0.0897301,0.0894108,0.089089,0.0887646,0.0884374,0.0881074,0.0877746,0.0874387,0.0870996,0.0867573,0.0864117,0.0860625,0.0857097,0.085353,0.0849924,0.0846277,0.0842587,0.0838852,0.083507,0.0831239,0.0827356,0.082342,0.0819427,0.0815375,0.0811261,0.0807081,0.0802832,0.0798511,0.0794112,0.0789633,0.0785067,0.078041,0.0775657,0.0770801,0.0765835,0.0760753,0.0755547,0.0750207,0.0744725,0.0739091,0.0733293,0.072732,0.0721158,0.0714795,0.0708215,0.0701404,0.0694346,0.0687027,0.0679434,0.0671558,0.0663393,0.0654943,0.0646222,0.0637259,0.0628102,0.0618817,0.0609488,0.0600214,0.0591099,0.0582239,0.057372,0.0565604,0.0557932,0.0550719,0.0543967,0.053766,0.0531776,0.0526285,0.0521158,0.0516364,0.0511873,0.0507658,0.0503693,0.0499955,0.0496424,0.0493081,0.048991,0.0486895,0.0484023,0.0481283,0.0478664,0.0476156,0.0473752,0.0471442,0.0469221,0.0467083,0.0465021,0.046303,0.0461107,0.0459246,0.0457444,0.0455697,0.0454002,0.0452357,0.0450758,0.0449203,0.0447689
0.0910373,0.090728,0.0904165,0.0901028,0.0897866,0.0894681,0.089147,0.0888233,0.088497,0.0881679,0.0878359,0.0875009,0.0871628,0.0868215,0.0864768,0.0861287,0.085777,0.0854215,0.0850621,0.0846986,0.0843309,0.0839588,0.083582,0.0832004,0.0828137,0.0824218,0.0820242,0.0816209,0.0812114,0.0807954,0.0803727,0.0799428,0.0795054,0.07906,0.0786062,0.0781434,0.0776712,0.0771888,0.0766958,0.0761914,0.0756748,0.0751453,0.0746018,0.0740435,0.0734693,0.0728779,0.0722683,0.071639,0.0709886,0.0703158,0.069619,0.0688967,0.0681478,0.067371,0.0665659,0.0657326,0.0648721,0.0639869,0.063081,0.0621606,0.0612334,0.0603086,0.0593965,0.0585067,0.0576481,0.0568275,0.0560497,0.0553169,0.0546297,0.0539871,0.053387,0.0528269,0.0523038,0.0518147,0.0513567,0.0509269,0.0505228,0.050142,0.0497825,0.0494423,0.0491197,0.0488132,0.0485214,0.048243,0.0479771,0.0477227,0.0474787,0.0472446,0.0470195,0.0468028,0.046594,0.0463924,0.0461977,0.0460094,0.0458271,0.0456505,0.0454792,0.0453129,0.0451513,0.0449942,0.0448413
0.091091,0.0907823,0.0904715,0.0901584,0.0898429,0.0895251,0.0892048,0.0888819,0.0885564,0.0882281,0.0878969,0.0875628,0.0872257,0.0868853,0.0865417,0.0861946,0.085844,0.0854896,0.0851314,0.0847692,0.0844028,0.084032,0.0836567,0.0832765,0.0828914,0.0825011,0.0821052,0.0817037,0.0812961,0.0808821,0.0804615,0.0800339,0.0795988,0.0791559,0.0787048,0.0782449,0.0777757,0.0772966,0.0768071,0.0763064,0.0757938,0.0752685,0.0747297,0.0741763,0.0736075,0.073022,0.0724186,0.0717962,0.0711532,0.0704884,0.0698003,0.0690874,0.0683485,0.0675824,0.0667884,0.0659665,0.0651175,0.0642434,0.0633477,0.0624358,0.0615149,0.0605937,0.0596819,0.0587893,0.057925,0.0570962,0.0563084,0.0555644,0.0548655,0.0542111,0.0535994,0.0530282,0.0524947,0.0519957,0.0515286,0.0510903,0.0506785,0.0502906,0.0499245,0.0495782,0.04925,0.0489384,0.0486418,0.0483591,0.0480891,0.0478308,0.0475834,0.0473459,0.0471178,0.0468982,0.0466867,0.0464826,0.0462855,0.046095,0.0459106,0.045732,0.0455587,0.0453906,0.0452273,0.0450686,0.0449142
0.0911444,0.0908364,0.0905262,0.0902138,0.0898991,0.089582,0.0892624,0.0889403,0.0886155,0.0882881,0.0879578,0.0876246,0.0872883,0.086949,0.0866063,0.0862603,0.0859107,0.0855575,0.0852005,0.0848395,0.0844743,0.0841049,0.0837309,0.0833522,0.0829686,0.0825799,0.0821858,0.081786,0.0813802,0.0809683,0.0805497,0.0801243,0.0796916,0.0792512,0.0788027,0.0783455,0.0778793,0.0774034,0.0769173,0.0764202,0.0759115,0.0753904,0.0748561,0.0743076,0.073744,0.0731641,0.0725669,0.0719511,0.0713154,0.0706584,0.0699787,0.0692749,0.0685456,0.0677899,0.0670068,0.0661962,0.0653585,0.0644955,0.0636101,0.0627071,0.0617931,0.0608762,0.0599658,0.0590714,0.0582023,0.0573662,0.056569,0.0558144,0.0551041,0.054438,0.0538148,0.0532325,0.0526883,0.0521794,0.051703,0.0512562,0.0508364,0.0504412,0.0500684,0.049716,0.0493821,0.0490652,0.0487637,0.0484765,0.0482024,0.0479402,0.0476892,0.0474484,0.0472171,0.0469946,0.0467803,0.0465736,0.0463741,0.0461813,0.0459947,0.0458141,0.0456389,0.045469,0.045304,0.0451436,0.0449876
0.0911977,0.0908903,0.0905808,0.090269,0.089955,0.0896386,0.0893198,0.0889984,0.0886745,0.0883478,0.0880184,0.0876861,0.0873508,0.0870123,0.0866707,0.0863256,0.0859772,0.085625,0.0852692,0.0849094,0.0845455,0.0841773,0.0838048,0.0834275,0.0830454,0.0826583,0.0822658,0.0818678,0.0814639,0.0810539,0.0806374,0.0802141,0.0797837,0.0793457,0.0788997,0.0784454,0.077982,0.0775093,0.0770264,0.0765329,0.076028,0.075511,0.0749811,0.0744373,0.0738788,0.0733045,0.0727133,0.0721039,0.0714752,0.0708257,0.0701542,0.0694592,0.0687394,0.0679937,0.0672213,0.0664217,0.0655952,0.0647432,0.0638682,0.0629745,0.062068,0.0611562,0.0602479,0.0593528,0.0584798,0.0576373,0.0568315,0.0560667,0.0553453,0.0546677,0.0540331,0.0534396,0.0528847,0.0523658,0.05188,0.0514245,0.0509966,0.050594,0.0502143,0.0498556,0.0495158,0.0491935,0.0488871,0.0485953,0.0483169,0.0480508,0.0477961,0.0475518,0.0473173,0.0470918,0.0468748,0.0466655,0.0464635,0.0462684,0.0460796,0.0458969,0.0457198,0.045548,0.0453812,0.0452191,0.0450616
0.0912509,0.0909441,0.0906352,0.0903241,0.0900108,0.0896951,0.089377,0.0890564,0.0887332,0.0884074,0.0880788,0.0877473,0.0874129,0.0870754,0.0867347,0.0863907,0.0860433,0.0856923,0.0853376,0.0849789,0.0846163,0.0842495,0.0838782,0.0835024,0.0831218,0.0827362,0.0823454,0.0819491,0.081547,0.0811389,0.0807244,0.0803033,0.0798751,0.0794395,0.0789961,0.0785444,0.0780839,0.0776142,0.0771346,0.0766445,0.0761434,0.0756304,0.0751047,0.0745656,0.074012,0.0734431,0.0728577,0.0722546,0.0716326,0.0709905,0.0703269,0.0696405,0.0689299,0.068194,0.0674319,0.0666431,0.0658276,0.0649865,0.0641221,0.0632379,0.0623393,0.0614332,0.0605281,0.059633,0.0587572,0.0579091,0.0570954,0.0563211,0.055589,0.0549002,0.0542542,0.0536495,0.053084,0.0525549,0.0520596,0.0515952,0.0511591,0.0507489,0.0503622,0.049997,0.0496513,0.0493235,0.0490121,0.0487155,0.0484328,0.0481626,0.0479041,0.0476564,0.0474186,0.0471901,0.0469701,0.0467582,0.0465537,0.0463562,0.0461652,0.0459803,0.0458012,0.0456276,0.045459,0.0452952,0.0451361
0.0913039,0.0909977,0.0906895,0.090379,0.0900664,0.0897514,0.089434,0.0891142,0.0887918,0.0884668,0.088139,0.0878084,0.0874749,0.0871383,0.0867986,0.0864556,0.0861092,0.0857592,0.0854056,0.0850482,0.0846868,0.0843212,0.0839513,0.0835769,0.0831978,0.0828138,0.0824245,0.0820299,0.0816296,0.0812234,0.0808109,0.0803918,0.0799659,0.0795326,0.0790917,0.0786426,0.0781849,0.0777182,0.0772418,0.0767551,0.0762576,0.0757485,0.075227,0.0746924,0.0741437,0.07358,0.0730002,0.0724032,0.0717879,0.0711529,0.070497,0.0698188,0.0691172,0.0683908,0.0676388,0.0668605,0.0660559,0.0652257,0.0643717,0.0634972,0.0626069,0.0617072,0.0608059,0.0599119,0.0590342,0.0581814,0.0573606,0.0565773,0.055835,0.0551353,0.0544781,0.0538623,0.053286,0.0527467,0.0522417,0.0517683,0.0513239,0.050906,0.0505121,0.0501403,0.0497886,0.0494552,0.0491385,0.0488372,0.04855,0.0482757,0.0480134,0.0477621,0.047521,0.0472893,0.0470664,0.0468517,0.0466447,0.0464448,0.0462515,0.0460645,0.0458834,0.0457078,0.0455374,0.0453719,0.0452111
0.0913567,0.0910512,0.0907436,0.0904338,0.0901218,0.0898075,0.0894908,0.0891717,0.0888501,0.0885259,0.0881989,0.0878692,0.0875366,0.0872009,0.0868621,0.0865201,0.0861748,0.0858259,0.0854734,0.0851171,0.0847569,0.0843926,0.0840241,0.0836511,0.0832734,0.0828908,0.0825032,0.0821103,0.0817117,0.0813073,0.0808968,0.0804798,0.080056,0.0796251,0.0791865,0.0787401,0.0782851,0.0778213,0.077348,0.0768647,0.0763707,0.0758654,0.075348,0.0748178,0.0742738,0.0737152,0.0731409,0.0725499,0.0719409,0.0713129,0.0706644,0.0699944,0.0693014,0.0685843,0.0678421,0.0670741,0.0662801,0.0654606,0.0646172,0.0637525,0.0628709,0.061978,0.0610813,0.0601892,0.0593105,0.0584538,0.0576268,0.0568352,0.0560832,0.0553728,0.0547047,0.0540779,0.0534908,0.0529412,0.0524265,0.051944,0.0514911,0.0510652,0.0506641,0.0502856,0.0499276,0.0495885,0.0492665,0.0489603,0.0486685,0.0483901,0.0481238,0.0478689,0.0476243,0.0473895,0.0471637,0.0469462,0.0467365,0.0465341,0.0463385,0.0461494,0.0459662,0.0457886,0.0456164,0.0454492,0.0452867
