CH4 Viscosity [uPa_s] CoolProp
16.6965,13.8071,13.4257,13.1789,12.9931,12.8429,12.7163,12.6066,12.5096,12.4226,12.3438,12.2716,12.205,12.1432,12.0855,12.0314,11.9806,11.9326,11.8871,11.8439,11.8028,11.7635,11.726,11.6901,11.6556,11.6225,11.5906,11.5599,11.5303,11.5018,11.4741,11.4474,11.4215,11.3964,11.372,11.3484,11.3254,11.3031,11.2814,11.2603,11.2397,11.2196,11.2001,11.181,11.1624,11.1442,11.1265,11.1091,11.0922,11.0756,11.0594,11.0435,11.0279,11.0127,10.9978,10.9832,10.9689,10.9548,10.9411,10.9276,10.9143,10.9013,10.8886,10.876,10.8637,10.8516,10.8397,10.8281,10.8166,10.8053,10.7942,10.7833,10.7726,10.762,10.7516,10.7414,10.7314,10.7215,10.7117,10.7021,10.6927,10.6834,10.6742,10.6652,10.6563,10.6475,10.6388,10.6303,10.6219,10.6136,10.6055,10.5974,10.5895,10.5817,10.5739,10.5663,10.5588,10.5514,10.5441,10.5369,10.5297
17.9079,14.0448,13.556,13.273,13.0682,12.9061,12.7712,12.6554,12.5537,12.463,12.381,12.3062,12.2374,12.1737,12.1144,12.0589,12.0067,11.9575,11.911,11.8668,11.8248,11.7848,11.7466,11.71,11.6749,11.6412,11.6088,11.5776,11.5475,11.5184,11.4904,11.4633,11.437,11.4115,11.3868,11.3629,11.3396,11.317,11.295,11.2736,11.2528,11.2325,11.2127,11.1934,11.1746,11.1562,11.1382,11.1207,11.1035,11.0868,11.0704,11.0544,11.0387,11.0233,11.0082,10.9935,10.979,10.9648,10.9509,10.9373,10.9239,10.9108,10.8979,10.8853,10.8729,10.8607,10.8487,10.8369,10.8253,10.8139,10.8028,10.7918,10.7809,10.7703,10.7598,10.7495,10.7394,10.7294,10.7196,10.7099,10.7004,10.691,10.6817,10.6726,10.6637,10.6548,10.6461,10.6375,10.6291,10.6207,10.6125,10.6044,10.5964,10.5885,10.5807,10.5731,10.5655,10.558,10.5507,10.5434,10.5362
18.2674,14.4154,13.7102,13.3776,13.1494,12.9733,12.8291,12.7064,12.5996,12.5048,12.4195,12.3419,12.2708,12.205,12.144,12.0869,12.0334,11.983,11.9353,11.8902,11.8473,11.8064,11.7674,11.7301,11.6944,11.6601,11.6271,11.5954,11.5648,11.5353,11.5068,11.4793,11.4526,11.4268,11.4018,11.3775,11.3539,11.331,11.3087,11.2871,11.266,11.2454,11.2254,11.2059,11.1868,11.1682,11.1501,11.1323,11.115,11.0981,11.0815,11.0653,11.0494,11.0339,11.0187,11.0038,10.9892,10.9749,10.9608,10.9471,10.9336,10.9203,10.9073,10.8946,10.882,10.8697,10.8576,10.8458,10.8341,10.8226,10.8113,10.8002,10.7893,10.7786,10.768,10.7576,10.7474,10.7374,10.7275,10.7177,10.7081,10.6986,10.6893,10.6802,10.6711,10.6622,10.6534,10.6448,10.6363,10.6279,10.6196,10.6114,10.6033,10.5954,10.5876,10.5798,10.5722,10.5647,10.5573,10.5499,10.5427
18.5138,16.1051,13.9011,13.4957,13.2378,13.0451,12.8901,12.7599,12.6473,12.5481,12.4592,12.3786,12.305,12.2371,12.1742,12.1155,12.0606,12.0089,11.9601,11.914,11.8701,11.8284,11.7886,11.7506,11.7142,11.6793,11.6457,11.6134,11.5824,11.5524,11.5235,11.4955,11.4685,11.4423,11.4169,11.3923,11.3684,11.3451,11.3226,11.3006,11.2793,11.2585,11.2382,11.2184,11.1992,11.1804,11.162,11.1441,11.1266,11.1094,11.0927,11.0763,11.0603,11.0446,11.0292,11.0142,10.9994,10.985,10.9708,10.9569,10.9433,10.9299,10.9168,10.9039,10.8913,10.8789,10.8667,10.8547,10.8429,10.8313,10.8199,10.8088,10.7978,10.7869,10.7763,10.7658,10.7555,10.7454,10.7354,10.7256,10.7159,10.7063,10.697,10.6877,10.6786,10.6696,10.6608,10.6521,10.6435,10.635,10.6267,10.6184,10.6103,10.6023,10.5944,10.5866,10.5789,10.5714,10.5639,10.5565,10.5492
18.7074,17.738,14.1569,13.6319,13.3351,13.1223,12.9548,12.816,12.6971,12.593,12.5002,12.4165,12.3402,12.2701,12.2052,12.1448,12.0884,12.0353,11.9854,11.9381,11.8933,11.8507,11.8101,11.7713,11.7342,11.6987,11.6645,11.6317,11.6001,11.5697,11.5403,11.5119,11.4844,11.4579,11.4321,11.4072,11.3829,11.3594,11.3365,11.3143,11.2927,11.2716,11.2511,11.2311,11.2116,11.1926,11.174,11.1559,11.1382,11.1209,11.104,11.0874,11.0712,11.0554,11.0399,11.0247,11.0098,10.9952,10.9809,10.9668,10.9531,10.9396,10.9263,10.9133,10.9006,10.888,10.8757,10.8636,10.8518,10.8401,10.8286,10.8173,10.8062,10.7953,10.7846,10.774,10.7636,10.7534,10.7433,10.7334,10.7237,10.7141,10.7046,10.6953,10.6861,10.6771,10.6682,10.6594,10.6507,10.6422,10.6338,10.6255,10.6173,10.6092,10.6013,10.5934,10.5857,10.5781,10.5705,10.5631,10.5558
18.8695,18.1364,14.5664,13.7939,13.4434,13.2058,13.0237,12.8751,12.7492,12.6396,12.5426,12.4555,12.3764,12.3038,12.2369,12.1747,12.1167,12.0623,12.0111,11.9627,11.9169,11.8734,11.8319,11.7924,11.7546,11.7184,11.6836,11.6502,11.6181,11.5872,11.5573,11.5285,11.5006,11.4736,11.4475,11.4222,11.3976,11.3738,11.3506,11.3281,11.3062,11.2849,11.2641,11.2439,11.2242,11.2049,11.1862,11.1678,11.1499,11.1324,11.1153,11.0986,11.0822,11.0662,11.0505,11.0352,11.0201,11.0054,10.991,10.9768,10.9629,10.9493,10.9359,10.9228,10.9099,10.8973,10.8849,10.8727,10.8607,10.8489,10.8373,10.8259,10.8148,10.8037,10.7929,10.7823,10.7718,10.7615,10.7513,10.7414,10.7315,10.7218,10.7123,10.7029,10.6937,10.6845,10.6756,10.6667,10.658,10.6494,10.6409,10.6326,10.6243,10.6162,10.6082,10.6003,10.5925,10.5848,10.5772,10.5698,10.5624
19.0103,18.4004,16.0352,13.9959,13.5661,13.297,13.0974,12.9375,12.8037,12.6883,12.5867,12.4958,12.4136,12.3385,12.2694,12.2054,12.1457,12.0898,12.0373,11.9878,11.9409,11.8964,11.8541,11.8138,11.7752,11.7383,11.703,11.669,11.6363,11.6048,11.5745,11.5452,11.5169,11.4896,11.4631,11.4374,11.4125,11.3883,11.3649,11.3421,11.3199,11.2983,11.2773,11.2568,11.2368,11.2174,11.1984,11.1798,11.1617,11.144,11.1268,11.1098,11.0933,11.0771,11.0613,11.0458,11.0306,11.0157,11.0011,10.9868,10.9728,10.959,10.9456,10.9323,10.9193,10.9066,10.894,10.8817,10.8696,10.8578,10.8461,10.8346,10.8233,10.8122,10.8013,10.7906,10.78,10.7696,10.7594,10.7493,10.7394,10.7296,10.72,10.7106,10.7012,10.6921,10.683,10.6741,10.6653,10.6566,10.6481,10.6397,10.6314,10.6232,10.6151,10.6072,10.5993,10.5916,10.5839,10.5764,10.569
19.1355,18.6047,17.567,14.2694,13.7082,13.3974,13.1767,13.0038,12.861,12.739,12.6323,12.5375,12.452,12.3742,12.3028,12.2367,12.1753,12.1179,12.064,12.0133,11.9653,11.9199,11.8766,11.8355,11.7962,11.7586,11.7225,11.688,11.6547,11.6227,11.5919,11.5622,11.5334,11.5057,11.4788,11.4528,11.4275,11.403,11.3792,11.3561,11.3337,11.3118,11.2905,11.2698,11.2496,11.2299,11.2107,11.1919,11.1736,11.1557,11.1383,11.1212,11.1045,11.0881,11.0721,11.0564,11.0411,11.0261,11.0113,10.9969,10.9828,10.9689,10.9553,10.9419,10.9288,10.9159,10.9033,10.8908,10.8786,10.8667,10.8549,10.8433,10.8319,10.8207,10.8097,10.7989,10.7882,10.7778,10.7675,10.7573,10.7473,10.7375,10.7278,10.7182,10.7088,10.6996,10.6905,10.6815,10.6726,10.6639,10.6553,10.6468,10.6385,10.6302,10.6221,10.6141,10.6062,10.5984,10.5907,10.5831,10.5756
19.2489,18.7742,18.0052,14.7138,13.8779,13.5096,13.2626,13.0743,12.9213,12.792,12.6799,12.5806,12.4917,12.4109,12.337,12.2689,12.2056,12.1466,12.0913,12.0393,11.9902,11.9437,11.8995,11.8575,11.8174,11.7791,11.7424,11.7072,11.6734,11.6409,11.6095,11.5793,11.5501,11.5219,11.4947,11.4683,11.4427,11.4178,11.3937,11.3703,11.3476,11.3254,11.3039,11.2829,11.2625,11.2425,11.2231,11.2041,11.1856,11.1675,11.1499,11.1326,11.1157,11.0992,11.083,11.0672,11.0517,11.0365,11.0216,11.0071,10.9928,10.9788,10.965,10.9515,10.9383,10.9253,10.9125,10.9,10.8877,10.8756,10.8637,10.8521,10.8406,10.8293,10.8182,10.8073,10.7965,10.786,10.7756,10.7653,10.7553,10.7453,10.7356,10.726,10.7165,10.7072,10.698,10.6889,10.68,10.6712,10.6625,10.654,10.6456,10.6373,10.6291,10.621,10.613,10.6052,10.5974,10.5898,10.5823
19.3528,18.9206,18.2869,16.0116,14.0906,13.6369,13.3564,13.1499,12.9852,12.8476,12.7293,12.6254,12.5326,12.4487,12.3722,12.3018,12.2366,12.1759,12.1191,12.0658,12.0155,11.9679,11.9228,11.8799,11.839,11.7999,11.7625,11.7267,11.6923,11.6592,11.6274,11.5967,11.567,11.5384,11.5107,11.4839,11.458,11.4328,11.4084,11.3846,11.3616,11.3392,11.3174,11.2961,11.2754,11.2553,11.2356,11.2164,11.1977,11.1794,11.1615,11.1441,11.127,11.1103,11.094,11.078,11.0623,11.047,11.032,11.0173,11.0028,10.9887,10.9748,10.9612,10.9478,10.9347,10.9219,10.9092,10.8968,10.8846,10.8726,10.8608,10.8493,10.8379,10.8267,10.8157,10.8049,10.7942,10.7837,10.7734,10.7633,10.7533,10.7434,10.7337,10.7242,10.7148,10.7055,10.6964,10.6874,10.6785,10.6698,10.6612,10.6527,10.6444,10.6361,10.628,10.6199,10.612,10.6042,10.5965,10.5889
19.4491,19.0503,18.502,17.3993,14.3806,13.7847,13.46,13.2312,13.0529,12.9061,12.781,12.6719,12.5749,12.4877,12.4084,12.3356,12.2684,12.2059,12.1475,12.0928,12.0413,11.9926,11.9465,11.9026,11.8609,11.821,11.7829,11.7464,11.7114,11.6778,11.6454,11.6142,11.5841,11.555,11.5269,11.4997,11.4734,11.4479,11.4231,11.3991,11.3757,11.353,11.3309,11.3094,11.2885,11.2681,11.2482,11.2288,11.2099,11.1914,11.1733,11.1557,11.1384,11.1215,11.105,11.0889,11.0731,11.0576,11.0424,11.0275,11.013,10.9987,10.9847,10.9709,10.9575,10.9442,10.9312,10.9185,10.906,10.8937,10.8816,10.8697,10.858,10.8465,10.8352,10.8241,10.8132,10.8025,10.7919,10.7815,10.7713,10.7612,10.7513,10.7415,10.7319,10.7224,10.7131,10.7039,10.6948,10.6859,10.6771,10.6684,10.6599,10.6515,10.6432,10.635,10.6269,10.6189,10.611,10.6033,10.5956
19.5388,19.1672,18.679,17.8748,14.8519,13.9618,13.5759,13.3195,13.1251,12.9677,12.8351,12.7202,12.6188,12.5279,12.4456,12.3703,12.3009,12.2366,12.1766,12.1204,12.0676,12.0177,11.9705,11.9257,11.8831,11.8425,11.8036,11.7665,11.7308,11.6966,11.6637,11.6319,11.6014,11.5719,11.5433,11.5157,11.489,11.4631,11.438,11.4137,11.39,11.367,11.3446,11.3229,11.3017,11.281,11.2609,11.2413,11.2221,11.2034,11.1852,11.1673,11.1499,11.1328,11.1162,11.0998,11.0839,11.0682,11.0529,11.0379,11.0232,11.0088,10.9946,10.9807,10.9671,10.9538,10.9407,10.9278,10.9152,10.9028,10.8906,10.8786,10.8668,10.8552,10.8438,10.8326,10.8216,10.8108,10.8001,10.7897,10.7793,10.7692,10.7592,10.7493,10.7396,10.7301,10.7207,10.7114,10.7023,10.6933,10.6844,10.6757,10.6671,10.6586,10.6502,10.642,10.6338,10.6258,10.6179,10.6101,10.6024
19.6232,19.2742,18.831,18.1741,15.9996,14.1846,13.7077,13.416,13.2025,13.0329,12.8918,12.7706,12.6642,12.5695,12.4839,12.4059,12.3343,12.2679,12.2062,12.1485,12.0943,12.0433,11.995,11.9492,11.9057,11.8642,11.8247,11.7868,11.7505,11.7156,11.6821,11.6499,11.6188,11.5889,11.5599,11.5319,11.5048,11.4785,11.4531,11.4284,11.4044,11.3811,11.3585,11.3364,11.315,11.2941,11.2737,11.2538,11.2345,11.2156,11.1971,11.1791,11.1614,11.1442,11.1273,11.1109,11.0947,11.0789,11.0634,11.0483,11.0334,11.0189,11.0046,10.9906,10.9769,10.9634,10.9502,10.9372,10.9244,10.9119,10.8996,10.8875,10.8756,10.864,10.8525,10.8412,10.8301,10.8192,10.8084,10.7978,10.7874,10.7772,10.7671,10.7572,10.7474,10.7378,10.7283,10.719,10.7098,10.7007,10.6918,10.683,10.6743,10.6658,10.6573,10.649,10.6408,10.6327,10.6248,10.6169,10.6091
19.7028,19.373,18.9651,18.3998,17.2401,14.4887,13.861,13.5228,13.2859,13.1022,12.9514,12.8232,12.7115,12.6125,12.5235,12.4426,12.3685,12.3001,12.2365,12.1772,12.1217,12.0693,12.0199,11.9731,11.9287,11.8863,11.846,11.8074,11.7704,11.7349,11.7009,11.6681,11.6365,11.6061,11.5767,11.5482,11.5207,11.4941,11.4683,11.4433,11.419,11.3954,11.3724,11.3501,11.3284,11.3072,11.2866,11.2665,11.2469,11.2278,11.2091,11.1909,11.1731,11.1557,11.1386,11.122,11.1057,11.0897,11.0741,11.0588,11.0438,11.0291,11.0146,11.0005,10.9867,10.973,10.9597,10.9466,10.9337,10.9211,10.9087,10.8965,10.8845,10.8727,10.8612,10.8498,10.8386,10.8276,10.8167,10.8061,10.7956,10.7853,10.7751,10.7651,10.7553,10.7456,10.736,10.7266,10.7173,10.7082,10.6992,10.6903,10.6816,10.673,10.6645,10.6561,10.6478,10.6397,10.6317,10.6237,10.6159
19.7783,19.4651,19.0857,18.5842,17.7468,14.9764,14.0451,13.6423,13.3765,13.176,13.0142,12.8782,12.7606,12.657,12.5643,12.4803,12.4036,12.333,12.2676,12.2066,12.1495,12.0959,12.0453,11.9974,11.952,11.9088,11.8676,11.8283,11.7906,11.7545,11.7198,11.6865,11.6544,11.6235,11.5936,11.5647,11.5368,11.5098,11.4837,11.4583,11.4337,11.4097,11.3865,11.3639,11.3419,11.3205,11.2996,11.2793,11.2595,11.2401,11.2212,11.2028,11.1848,11.1672,11.15,11.1331,11.1167,11.1005,11.0848,11.0693,11.0542,11.0393,11.0248,11.0105,10.9965,10.9828,10.9693,10.9561,10.9431,10.9303,10.9178,10.9055,10.8934,10.8816,10.8699,10.8584,10.8471,10.836,10.8251,10.8143,10.8038,10.7934,10.7831,10.773,10.7631,10.7533,10.7437,10.7342,10.7249,10.7157,10.7066,10.6977,10.6889,10.6802,10.6716,10.6632,10.6549,10.6467,10.6386,10.6306,10.6227
19.8502,19.5514,19.1957,18.7418,18.0624,15.9922,14.2769,13.7784,13.4757,13.2553,13.0808,12.936,12.8119,12.7032,12.6064,12.5192,12.4397,12.3668,12.2993,12.2366,12.178,12.1229,12.0711,12.0221,11.9757,11.9316,11.8896,11.8494,11.8111,11.7743,11.739,11.7051,11.6725,11.6411,11.6107,11.5814,11.5531,11.5257,11.4992,11.4734,11.4485,11.4242,11.4007,11.3778,11.3555,11.3339,11.3128,11.2922,11.2721,11.2526,11.2335,11.2148,11.1966,11.1788,11.1614,11.1444,11.1278,11.1115,11.0955,11.0799,11.0646,11.0496,11.0349,11.0205,11.0064,10.9925,10.9789,10.9656,10.9525,10.9396,10.927,10.9146,10.9024,10.8904,10.8786,10.8671,10.8557,10.8445,10.8335,10.8226,10.812,10.8015,10.7912,10.781,10.771,10.7612,10.7515,10.7419,10.7325,10.7232,10.7141,10.7051,10.6962,10.6875,10.6788,10.6703,10.6619,10.6537,10.6455,10.6375,10.6296
19.9189,19.6328,19.2971,18.8802,18.2984,17.0943,14.5923,13.9369,13.5854,13.3407,13.1515,12.9967,12.8654,12.7512,12.6501,12.5593,12.4769,12.4014,12.3319,12.2673,12.207,12.1505,12.0974,12.0473,11.9998,11.9547,11.9119,11.8709,11.8318,11.7944,11.7585,11.724,11.6908,11.6589,11.6281,11.5983,11.5696,11.5418,11.5148,11.4887,11.4634,11.4389,11.415,11.3918,11.3693,11.3474,11.326,11.3052,11.2849,11.2651,11.2458,11.2269,11.2085,11.1905,11.1729,11.1557,11.1389,11.1225,11.1064,11.0906,11.0751,11.06,11.0452,11.0306,11.0164,11.0024,10.9887,10.9752,10.962,10.949,10.9362,10.9237,10.9114,10.8993,10.8875,10.8758,10.8643,10.853,10.8419,10.831,10.8203,10.8097,10.7993,10.789,10.7789,10.769,10.7592,10.7496,10.7401,10.7308,10.7216,10.7125,10.7036,10.6947,10.6861,10.6775,10.669,10.6607,10.6525,10.6444,10.6364
19.9847,19.7099,19.3915,19.0044,18.49,17.6224,15.0853,14.1273,13.7084,13.4335,13.227,13.0608,12.9214,12.8012,12.6953,12.6007,12.5152,12.437,12.3652,12.2986,12.2367,12.1787,12.1243,12.0729,12.0244,11.9783,11.9345,11.8928,11.8529,11.8148,11.7782,11.7431,11.7094,11.6769,11.6456,11.6154,11.5862,11.558,11.5307,11.5042,11.4786,11.4537,11.4295,11.406,11.3832,11.361,11.3393,11.3183,11.2977,11.2777,11.2582,11.2391,11.2205,11.2023,11.1845,11.1672,11.1502,11.1335,11.1173,11.1013,11.0857,11.0704,11.0555,11.0408,11.0264,11.0123,10.9984,10.9848,10.9715,10.9584,10.9455,10.9329,10.9205,10.9083,10.8963,10.8846,10.873,10.8616,10.8504,10.8394,10.8286,10.8179,10.8074,10.7971,10.7869,10.7769,10.767,10.7573,10.7478,10.7384,10.7291,10.7199,10.7109,10.7021,10.6933,10.6847,10.6762,10.6678,10.6595,10.6514,10.6433
20.0479,19.7833,19.4798,19.1175,18.653,17.9526,15.9871,14.3667,13.8485,13.5353,13.308,13.1287,12.9803,12.8533,12.7422,12.6435,12.5546,12.4736,12.3994,12.3308,12.267,12.2075,12.1516,12.099,12.0493,12.0022,11.9575,11.9149,11.8743,11.8354,11.7982,11.7625,11.7281,11.6951,11.6633,11.6326,11.603,11.5744,11.5467,11.5198,11.4938,11.4686,11.4441,11.4203,11.3972,11.3747,11.3528,11.3315,11.3107,11.2904,11.2707,11.2514,11.2326,11.2142,11.1962,11.1786,11.1615,11.1447,11.1282,11.1121,11.0964,11.0809,11.0658,11.051,11.0365,11.0222,11.0082,10.9945,10.9811,10.9678,10.9549,10.9421,10.9296,10.9173,10.9052,10.8934,10.8817,10.8702,10.8589,10.8478,10.8369,10.8261,10.8156,10.8052,10.7949,10.7848,10.7749,10.7651,10.7555,10.746,10.7366,10.7274,10.7184,10.7094,10.7006,10.6919,10.6833,10.6749,10.6666,10.6583,10.6502
20.1088,19.8533,19.5629,19.2215,18.7958,18.1982,16.9649,14.69,14.0118,13.6479,13.3954,13.2009,13.0422,12.9077,12.791,12.6878,12.5952,12.5113,12.4345,12.3637,12.298,12.2368,12.1795,12.1256,12.0747,12.0266,11.9809,11.9374,11.896,11.8563,11.8184,11.7821,11.7472,11.7136,11.6813,11.6501,11.62,11.5909,11.5628,11.5356,11.5092,11.4836,11.4588,11.4347,11.4113,11.3885,11.3663,11.3448,11.3237,11.3032,11.2833,11.2638,11.2447,11.2261,11.208,11.1902,11.1729,11.1559,11.1393,11.123,11.1071,11.0915,11.0763,11.0613,11.0466,11.0322,11.0181,11.0043,10.9907,10.9774,10.9643,10.9514,10.9388,10.9264,10.9142,10.9022,10.8904,10.8789,10.8675,10.8563,10.8453,10.8344,10.8238,10.8133,10.803,10.7928,10.7828,10.7729,10.7632,10.7537,10.7442,10.735,10.7258,10.7168,10.7079,10.6992,10.6905,10.682,10.6736,10.6653,10.6572
20.1675,19.9203,19.6417,19.318,18.9235,18.3967,17.5032,15.1789,14.2078,13.7741,13.4905,13.278,13.1075,12.9647,12.8418,12.7337,12.6372,12.55,12.4705,12.3974,12.3298,12.2668,12.208,12.1527,12.1006,12.0513,12.0046,11.9603,11.918,11.8776,11.839,11.8019,11.7664,11.7323,11.6994,11.6677,11.6372,11.6077,11.5791,11.5515,11.5248,11.4989,11.4737,11.4493,11.4255,11.4025,11.38,11.3582,11.3369,11.3162,11.2959,11.2762,11.257,11.2382,11.2198,11.2019,11.1843,11.1672,11.1504,11.134,11.1179,11.1022,11.0867,11.0716,11.0568,11.0423,11.0281,11.0141,11.0004,10.9869,10.9737,10.9607,10.948,10.9355,10.9232,10.9111,10.8992,10.8876,10.8761,10.8648,10.8537,10.8428,10.832,10.8215,10.811,10.8008,10.7907,10.7808,10.771,10.7613,10.7519,10.7425,10.7333,10.7242,10.7153,10.7064,10.6977,10.6892,10.6807,10.6724,10.6642
20.2243,19.9847,19.7165,19.4083,19.0395,18.565,17.8455,15.9834,14.4533,13.918,13.5946,13.3607,13.1767,13.0246,12.8947,12.7813,12.6806,12.59,12.5076,12.432,12.3623,12.2975,12.237,12.1803,12.1269,12.0765,12.0288,11.9835,11.9403,11.8991,11.8598,11.8221,11.7859,11.7512,11.7178,11.6856,11.6546,11.6246,11.5956,11.5676,11.5405,11.5142,11.4887,11.464,11.4399,11.4166,11.3938,11.3717,11.3502,11.3292,11.3087,11.2888,11.2693,11.2503,11.2318,11.2136,11.1959,11.1786,11.1616,11.145,11.1288,11.1129,11.0973,11.082,11.0671,11.0524,11.0381,11.0239,11.0101,10.9965,10.9832,10.9701,10.9573,10.9447,10.9323,10.9201,10.9081,10.8963,10.8847,10.8734,10.8622,10.8512,10.8403,10.8297,10.8192,10.8088,10.7987,10.7886,10.7788,10.7691,10.7595,10.7501,10.7408,10.7316,10.7226,10.7137,10.705,10.6963,10.6878,10.6794,10.6712
20.2792,20.0466,19.7878,19.4933,19.1461,18.712,18.0997,16.8528,14.7809,14.0856,13.71,13.4501,13.2503,13.0876,12.9501,12.8309,12.7255,12.6312,12.5457,12.4676,12.3956,12.3289,12.2667,12.2085,12.1538,12.1022,12.0534,12.0071,11.963,11.921,11.8809,11.8425,11.8057,11.7704,11.7364,11.7037,11.6721,11.6417,11.6123,11.5839,11.5564,11.5297,11.5039,11.4788,11.4544,11.4308,11.4078,11.3854,11.3636,11.3423,11.3216,11.3015,11.2818,11.2625,11.2438,11.2254,11.2075,11.19,11.1729,11.1561,11.1397,11.1237,11.1079,11.0925,11.0774,11.0626,11.0481,11.0339,11.0199,11.0062,10.9928,10.9796,10.9666,10.9539,10.9414,10.9291,10.917,10.9051,10.8934,10.882,10.8707,10.8596,10.8486,10.8379,10.8273,10.8169,10.8067,10.7966,10.7866,10.7768,10.7672,10.7577,10.7483,10.7391,10.73,10.7211,10.7123,10.7036,10.695,10.6865,10.6782
20.3325,20.1063,19.856,19.5736,19.2449,18.8432,18.3047,17.3904,15.2585,14.2862,13.8393,13.5472,13.3289,13.1541,13.0081,12.8824,12.7721,12.6738,12.585,12.5041,12.4297,12.361,12.297,12.2373,12.1812,12.1283,12.0784,12.031,11.9861,11.9432,11.9023,11.8632,11.8257,11.7898,11.7552,11.722,11.6899,11.659,11.6292,11.6003,11.5724,11.5454,11.5192,11.4938,11.4691,11.4451,11.4218,11.3991,11.3771,11.3556,11.3346,11.3142,11.2943,11.2749,11.2559,11.2374,11.2193,11.2016,11.1842,11.1673,11.1507,11.1345,11.1186,11.1031,11.0878,11.0729,11.0582,11.0439,11.0298,11.0159,11.0024,10.989,10.976,10.9631,10.9505,10.9381,10.9259,10.9139,10.9022,10.8906,10.8792,10.868,10.857,10.8462,10.8355,10.825,10.8147,10.8045,10.7945,10.7846,10.7749,10.7654,10.7559,10.7466,10.7375,10.7285,10.7196,10.7108,10.7022,10.6936,10.6852
20.3843,20.1639,19.9215,19.6498,19.3371,18.9621,18.4779,17.7416,15.9805,14.536,13.9866,13.6536,13.4133,13.2246,13.0689,12.9362,12.8205,12.7178,12.6255,12.5416,12.4648,12.3939,12.328,12.2666,12.2091,12.1549,12.1038,12.0554,12.0095,11.9657,11.924,11.8842,11.846,11.8094,11.7743,11.7405,11.7079,11.6765,11.6462,11.617,11.5886,11.5612,11.5346,11.5089,11.4839,11.4596,11.436,11.413,11.3907,11.3689,11.3477,11.3271,11.3069,11.2873,11.2681,11.2494,11.2311,11.2132,11.1957,11.1786,11.1618,11.1454,11.1294,11.1137,11.0983,11.0832,11.0684,11.0539,11.0397,11.0257,11.012,10.9986,10.9854,10.9724,10.9597,10.9472,10.9349,10.9228,10.911,10.8993,10.8878,10.8765,10.8654,10.8545,10.8437,10.8332,10.8228,10.8125,10.8024,10.7925,10.7827,10.773,10.7635,10.7542,10.745,10.7359,10.7269,10.7181,10.7094,10.7008,10.6923
20.4346,20.2197,19.9845,19.7225,19.4238,19.0711,18.6289,18.0033,16.7569,14.8646,14.1578,13.7715,13.5045,13.2996,13.133,12.9924,12.8707,12.7633,12.6672,12.5802,12.5007,12.4275,12.3597,12.2966,12.2375,12.182,12.1297,12.0802,12.0333,11.9886,11.9461,11.9055,11.8666,11.8293,11.7936,11.7592,11.7261,11.6942,11.6635,11.6337,11.605,11.5772,11.5502,11.5241,11.4988,11.4742,11.4503,11.427,11.4044,11.3824,11.3609,11.34,11.3197,11.2998,11.2804,11.2614,11.2429,11.2249,11.2072,11.1899,11.173,11.1564,11.1402,11.1244,11.1088,11.0936,11.0786,11.064,11.0496,11.0356,11.0217,11.0082,10.9949,10.9818,10.9689,10.9563,10.9439,10.9318,10.9198,10.908,10.8964,10.8851,10.8739,10.8629,10.852,10.8414,10.8309,10.8205,10.8104,10.8003,10.7905,10.7808,10.7712,10.7618,10.7525,10.7433,10.7343,10.7254,10.7166,10.708,10.6994
20.4835,20.2738,20.0451,19.7919,19.5057,19.1721,18.7634,18.2141,17.2848,15.3263,14.3621,13.9036,13.6036,13.3797,13.2007,13.0514,12.9231,12.8106,12.7104,12.62,12.5376,12.4621,12.3922,12.3273,12.2666,12.2097,12.1561,12.1054,12.0575,12.0119,11.9685,11.9271,11.8875,11.8495,11.8131,11.7782,11.7446,11.7121,11.6809,11.6507,11.6216,11.5933,11.566,11.5395,11.5138,11.4889,11.4647,11.4412,11.4183,11.396,11.3743,11.3531,11.3325,11.3124,11.2928,11.2736,11.2549,11.2366,11.2188,11.2013,11.1842,11.1675,11.1511,11.1351,11.1194,11.104,11.089,11.0742,11.0597,11.0455,11.0315,11.0178,11.0044,10.9912,10.9782,10.9655,10.953,10.9407,10.9287,10.9168,10.9051,10.8937,10.8824,10.8713,10.8603,10.8496,10.839,10.8286,10.8183,10.8082,10.7983,10.7885,10.7789,10.7694,10.76,10.7508,10.7417,10.7327,10.7239,10.7152,10.7066
20.5312,20.3263,20.1037,19.8585,19.5834,19.2663,18.8851,18.3919,17.6416,15.9781,14.6146,14.0539,13.7122,13.4657,13.2725,13.1132,12.9777,12.8596,12.755,12.661,12.5756,12.4975,12.4255,12.3586,12.2963,12.2379,12.1829,12.1311,12.0821,12.0355,11.9912,11.949,11.9086,11.87,11.833,11.7974,11.7632,11.7303,11.6985,11.6679,11.6383,11.6097,11.5819,11.5551,11.5291,11.5038,11.4793,11.4554,11.4322,11.4097,11.3877,11.3663,11.3454,11.3251,11.3053,11.2859,11.267,11.2485,11.2305,11.2128,11.1955,11.1786,11.1621,11.1459,11.1301,11.1145,11.0993,11.0844,11.0698,11.0554,11.0413,11.0275,11.014,11.0007,10.9876,10.9748,10.9622,10.9498,10.9376,10.9256,10.9138,10.9023,10.8909,10.8797,10.8687,10.8579,10.8472,10.8367,10.8264,10.8162,10.8062,10.7963,10.7866,10.777,10.7676,10.7583,10.7491,10.7401,10.7312,10.7224,10.7138
20.5778,20.3773,20.1603,19.9225,19.6573,19.3547,18.9966,18.5467,17.9094,16.6752,14.9411,14.2282,13.8324,13.5586,13.3488,13.1784,13.0348,12.9106,12.8011,12.7033,12.6147,12.5339,12.4595,12.3907,12.3266,12.2666,12.2103,12.1573,12.1071,12.0595,12.0143,11.9712,11.9301,11.8907,11.853,11.8169,11.7821,11.7486,11.7164,11.6852,11.6552,11.6261,11.598,11.5708,11.5444,11.5188,11.4939,11.4698,11.4463,11.4235,11.4012,11.3796,11.3585,11.3379,11.3178,11.2983,11.2791,11.2605,11.2422,11.2244,11.2069,11.1899,11.1732,11.1568,11.1408,11.1251,11.1097,11.0947,11.0799,11.0654,11.0512,11.0373,11.0236,11.0102,10.997,10.9841,10.9713,10.9588,10.9466,10.9345,10.9226,10.9109,10.8995,10.8882,10.8771,10.8662,10.8554,10.8448,10.8344,10.8242,10.8141,10.8041,10.7943,10.7847,10.7752,10.7658,10.7566,10.7475,10.7385,10.7297,10.721
20.6232,20.4269,20.2152,19.9841,19.728,19.4381,19.0997,18.6844,18.1253,17.1871,15.3841,14.4351,13.967,13.6596,13.4303,13.2472,13.0946,12.9637,12.849,12.747,12.655,12.5713,12.4944,12.4235,12.3575,12.296,12.2382,12.1839,12.1325,12.0839,12.0377,11.9938,11.9519,11.9118,11.8734,11.8366,11.8012,11.7672,11.7344,11.7028,11.6723,11.6428,11.6143,11.5867,11.5599,11.534,11.5088,11.4843,11.4605,11.4374,11.4149,11.393,11.3716,11.3508,11.3305,11.3107,11.2914,11.2725,11.2541,11.236,11.2184,11.2012,11.1843,11.1678,11.1516,11.1358,11.1202,11.105,11.0901,11.0755,11.0612,11.0471,11.0333,11.0198,11.0065,10.9934,10.9806,10.968,10.9556,10.9434,10.9314,10.9197,10.9081,10.8967,10.8855,10.8745,10.8637,10.853,10.8425,10.8322,10.822,10.812,10.8021,10.7924,10.7828,10.7734,10.7641,10.7549,10.7459,10.737,10.7282
20.6676,20.4753,20.2684,20.0435,19.7957,19.5172,19.1958,18.8089,18.3074,17.546,15.9762,14.6886,14.1198,13.7702,13.5179,13.3202,13.1575,13.0192,12.8988,12.7922,12.6965,12.6097,12.5303,12.4571,12.3892,12.3259,12.2667,12.211,12.1585,12.1087,12.0616,12.0167,11.9739,11.9331,11.894,11.8565,11.8205,11.7859,11.7526,11.7205,11.6896,11.6596,11.6307,11.6027,11.5756,11.5493,11.5237,11.4989,11.4749,11.4514,11.4287,11.4065,11.3849,11.3638,11.3433,11.3233,11.3037,11.2846,11.266,11.2478,11.2299,11.2125,11.1955,11.1788,11.1625,11.1465,11.1308,11.1155,11.1004,11.0856,11.0712,11.057,11.0431,11.0294,11.016,11.0028,10.9898,10.9771,10.9646,10.9524,10.9403,10.9284,10.9168,10.9053,10.894,10.8829,10.872,10.8612,10.8506,10.8402,10.83,10.8199,10.8099,10.8001,10.7905,10.781,10.7716,10.7624,10.7533,10.7443,10.7355
20.7109,20.5224,20.3201,20.101,19.8607,19.5924,19.2859,18.9227,18.4657,17.8184,16.6058,15.0107,14.2964,13.8925,13.6124,13.3978,13.2237,13.0771,12.9505,12.839,12.7393,12.6493,12.5671,12.4915,12.4216,12.3565,12.2957,12.2386,12.1848,12.134,12.0858,12.04,11.9964,11.9547,11.9149,11.8767,11.8401,11.805,11.7711,11.7385,11.707,11.6767,11.6473,11.6189,11.5914,11.5647,11.5388,11.5137,11.4893,11.4656,11.4425,11.4201,11.3982,11.3769,11.3562,11.3359,11.3161,11.2968,11.278,11.2596,11.2416,11.224,11.2068,11.1899,11.1734,11.1573,11.1414,11.1259,11.1107,11.0958,11.0812,11.0669,11.0529,11.0391,11.0255,11.0122,10.9992,10.9863,10.9737,10.9614,10.9492,10.9372,10.9255,10.9139,10.9025,10.8913,10.8803,10.8695,10.8588,10.8483,10.838,10.8278,10.8178,10.8079,10.7982,10.7886,10.7792,10.7699,10.7607,10.7517,10.7428
20.7534,20.5684,20.3704,20.1567,19.9232,19.6643,19.3709,19.0279,18.6064,18.0385,17.0973,15.4337,14.505,14.0292,13.715,13.4806,13.2936,13.1378,13.0043,12.8875,12.7836,12.69,12.6049,12.5268,12.4548,12.3878,12.3254,12.2668,12.2117,12.1597,12.1104,12.0636,12.0191,11.9767,11.9361,11.8972,11.86,11.8242,11.7898,11.7567,11.7247,11.6939,11.6641,11.6352,11.6073,11.5803,11.5541,11.5286,11.5039,11.4799,11.4566,11.4338,11.4117,11.3901,11.3691,11.3487,11.3287,11.3091,11.2901,11.2715,11.2533,11.2355,11.2181,11.2011,11.1844,11.1681,11.1521,11.1365,11.1211,11.1061,11.0914,11.0769,11.0627,11.0488,11.0351,11.0217,11.0085,10.9956,10.9829,10.9704,10.9581,10.9461,10.9342,10.9225,10.9111,10.8998,10.8887,10.8778,10.867,10.8564,10.846,10.8358,10.8257,10.8157,10.8059,10.7963,10.7868,10.7774,10.7681,10.759,10.7501
20.795,20.6133,20.4194,20.2107,19.9836,19.733,19.4513,19.1258,18.7334,18.2244,17.4552,15.9745,14.7579,14.1841,13.8274,13.5696,13.3677,13.2016,13.0606,12.9379,12.8293,12.732,12.6438,12.5631,12.4887,12.4198,12.3556,12.2955,12.2391,12.1858,12.1354,12.0877,12.0422,11.9989,11.9576,11.918,11.8801,11.8437,11.8087,11.775,11.7426,11.7113,11.681,11.6518,11.6235,11.5961,11.5695,11.5437,11.5187,11.4943,11.4707,11.4477,11.4253,11.4035,11.3822,11.3615,11.3413,11.3215,11.3023,11.2835,11.2651,11.2471,11.2295,11.2123,11.1955,11.179,11.1629,11.1471,11.1316,11.1164,11.1015,11.0869,11.0726,11.0586,11.0448,11.0313,11.018,11.0049,10.9921,10.9795,10.9671,10.955,10.943,10.9312,10.9197,10.9083,10.8971,10.8861,10.8753,10.8646,10.8541,10.8438,10.8336,10.8236,10.8137,10.804,10.7944,10.7849,10.7756,10.7665,10.7574
20.8357,20.6572,20.4671,20.2631,20.0419,19.7991,19.5278,19.2175,18.8495,18.3859,17.7305,16.5466,15.0738,14.3624,13.9516,13.6656,13.4465,13.2688,13.1193,12.9903,12.8768,12.7754,12.6838,12.6003,12.5235,12.4526,12.3866,12.3249,12.267,12.2124,12.1609,12.1121,12.0657,12.0215,11.9794,11.9391,11.9005,11.8634,11.8279,11.7936,11.7607,11.7289,11.6982,11.6685,11.6398,11.612,11.585,11.5589,11.5335,11.5089,11.4849,11.4616,11.439,11.4169,11.3954,11.3744,11.354,11.334,11.3146,11.2955,11.277,11.2588,11.241,11.2237,11.2067,11.19,11.1737,11.1578,11.1421,11.1268,11.1118,11.0971,11.0826,11.0684,11.0545,11.0409,11.0275,11.0143,11.0014,10.9887,10.9762,10.9639,10.9518,10.94,10.9283,10.9169,10.9056,10.8945,10.8836,10.8728,10.8622,10.8518,10.8415,10.8314,10.8215,10.8117,10.802,10.7925,10.7832,10.7739,10.7648
20.8757,20.7002,20.5137,20.314,20.0983,19.8626,19.6008,19.304,18.9566,18.5293,17.9541,17.0153,15.4764,14.5716,14.0901,13.7699,13.5306,13.3398,13.1809,13.0449,12.9259,12.8202,12.725,12.6385,12.5592,12.4861,12.4182,12.3548,12.2954,12.2395,12.1868,12.1369,12.0896,12.0445,12.0015,11.9604,11.9211,11.8834,11.8473,11.8125,11.779,11.7467,11.7155,11.6854,11.6562,11.628,11.6007,11.5742,11.5485,11.5236,11.4993,11.4757,11.4528,11.4305,11.4087,11.3875,11.3668,11.3466,11.3269,11.3077,11.2889,11.2706,11.2526,11.2351,11.2179,11.2011,11.1846,11.1685,11.1527,11.1373,11.1221,11.1072,11.0926,11.0783,11.0643,11.0505,11.037,11.0237,11.0107,10.9979,10.9853,10.9729,10.9607,10.9488,10.937,10.9255,10.9141,10.9029,10.8919,10.881,10.8704,10.8599,10.8495,10.8394,10.8293,10.8195,10.8097,10.8001,10.7907,10.7814,10.7722
20.9149,20.7422,20.5591,20.3636,20.153,19.9238,19.6707,19.3858,19.0563,18.6588,18.1431,17.3694,15.9731,14.8227,14.2466,13.8839,13.6209,13.4149,13.2456,13.1019,12.977,12.8665,12.7675,12.6778,12.5959,12.5204,12.4505,12.3853,12.3244,12.2672,12.2132,12.1622,12.1138,12.0678,12.024,11.9821,11.9421,11.9037,11.8669,11.8315,11.7975,11.7646,11.733,11.7024,11.6729,11.6443,11.6166,11.5897,11.5637,11.5384,11.5138,11.4899,11.4667,11.4441,11.4221,11.4006,11.3797,11.3593,11.3394,11.32,11.301,11.2824,11.2643,11.2465,11.2292,11.2122,11.1956,11.1793,11.1634,11.1478,11.1325,11.1175,11.1027,11.0883,11.0741,11.0602,11.0466,11.0332,11.02,11.0071,10.9944,10.9819,10.9697,10.9576,10.9457,10.9341,10.9226,10.9113,10.9002,10.8893,10.8786,10.868,10.8576,10.8473,10.8372,10.8273,10.8175,10.8078,10.7983,10.7889,10.7797
20.9534,20.7835,20.6036,20.4119,20.2061,19.9829,19.7377,19.4635,19.1496,18.777,18.3075,17.646,16.4957,15.1309,14.4259,14.0096,13.7183,13.4949,13.3137,13.1614,13.03,12.9145,12.8114,12.7183,12.6335,12.5556,12.4835,12.4166,12.354,12.2953,12.2401,12.1879,12.1384,12.0914,12.0467,12.0041,11.9633,11.9242,11.8868,11.8508,11.8162,11.7829,11.7507,11.7197,11.6897,11.6607,11.6326,11.6054,11.579,11.5533,11.5285,11.5043,11.4808,11.4579,11.4356,11.4139,11.3927,11.3721,11.352,11.3323,11.3131,11.2944,11.276,11.2581,11.2406,11.2234,11.2066,11.1902,11.1741,11.1583,11.1429,11.1277,11.1129,11.0983,11.084,11.07,11.0562,11.0427,11.0294,11.0164,11.0036,10.991,10.9786,10.9665,10.9545,10.9428,10.9312,10.9198,10.9086,10.8976,10.8868,10.8761,10.8656,10.8553,10.8451,10.8351,10.8252,10.8155,10.8059,10.7965,10.7871
20.9911,20.8238,20.647,20.4591,20.2578,20.0401,19.8021,19.5377,19.2375,18.886,18.4535,17.8721,16.9408,15.5136,14.6349,14.1496,13.824,13.5802,13.3857,13.2239,13.0854,12.9643,12.8567,12.76,12.6721,12.5916,12.5174,12.4485,12.3842,12.324,12.2674,12.214,12.1635,12.1155,12.0699,12.0264,11.9848,11.945,11.9069,11.8703,11.8351,11.8013,11.7686,11.7371,11.7067,11.6772,11.6488,11.6212,11.5944,11.5684,11.5432,11.5187,11.4949,11.4718,11.4492,11.4273,11.4058,11.385,11.3646,11.3447,11.3253,11.3064,11.2879,11.2698,11.252,11.2347,11.2178,11.2012,11.1849,11.169,11.1534,11.1381,11.1231,11.1084,11.094,11.0798,11.0659,11.0523,11.0389,11.0257,11.0128,11.0001,10.9877,10.9754,10.9633,10.9515,10.9398,10.9284,10.9171,10.906,10.8951,10.8843,10.8737,10.8633,10.8531,10.843,10.833,10.8232,10.8135,10.804,10.7947
21.0283,20.8635,20.6896,20.5051,20.308,20.0956,19.8642,19.6086,19.3207,18.9874,18.5851,18.0638,17.2888,15.9718,14.883,14.3071,13.9393,13.6717,13.4619,13.2894,13.1431,13.016,12.9036,12.803,12.7119,12.6287,12.5521,12.4811,12.4151,12.3533,12.2953,12.2406,12.1889,12.1399,12.0934,12.049,12.0066,11.9661,11.9273,11.8901,11.8543,11.8199,11.7867,11.7547,11.7238,11.694,11.6651,11.6371,11.61,11.5837,11.5581,11.5333,11.5092,11.4858,11.4629,11.4407,11.4191,11.398,11.3774,11.3573,11.3376,11.3185,11.2998,11.2815,11.2636,11.2461,11.229,11.2122,11.1958,11.1797,11.1639,11.1485,11.1334,11.1185,11.104,11.0897,11.0757,11.0619,11.0484,11.0351,11.0221,11.0093,10.9967,10.9844,10.9722,10.9603,10.9485,10.9369,10.9256,10.9144,10.9034,10.8925,10.8819,10.8714,10.861,10.8509,10.8408,10.831,10.8212,10.8116,10.8022
21.0648,20.9023,20.7312,20.5501,20.3569,20.1494,19.9242,19.6766,19.3996,19.0823,18.7054,18.2307,17.5651,16.4518,15.1826,14.4868,14.0664,13.7703,13.5429,13.3584,13.2034,13.0697,12.9522,12.8474,12.7528,12.6667,12.5876,12.5145,12.4466,12.3832,12.3237,12.2677,12.2148,12.1648,12.1172,12.0719,12.0288,11.9875,11.948,11.9101,11.8738,11.8388,11.8051,11.7726,11.7412,11.7109,11.6816,11.6532,11.6257,11.5991,11.5732,11.5481,11.5236,11.4999,11.4768,11.4543,11.4324,11.411,11.3902,11.3699,11.3501,11.3307,11.3118,11.2933,11.2752,11.2575,11.2402,11.2233,11.2067,11.1905,11.1746,11.159,11.1437,11.1287,11.114,11.0996,11.0855,11.0716,11.058,11.0446,11.0314,11.0185,11.0058,10.9934,10.9811,10.9691,10.9572,10.9456,10.9341,10.9228,10.9117,10.9008,10.8901,10.8795,10.8691,10.8588,10.8487,10.8387,10.8289,10.8193,10.8098
21.1007,20.9405,20.7721,20.594,20.4046,20.2017,19.9822,19.7419,19.4749,19.1716,18.8162,18.3789,17.7928,16.8733,15.546,14.6948,14.2074,13.8772,13.6293,13.4313,13.2666,13.1257,13.0026,12.8933,12.795,12.7058,12.624,12.5487,12.4788,12.4137,12.3527,12.2953,12.2412,12.19,12.1414,12.0953,12.0512,12.0092,11.969,11.9304,11.8934,11.8578,11.8236,11.7906,11.7588,11.728,11.6983,11.6695,11.6416,11.6146,11.5884,11.5629,11.5382,11.5142,11.4908,11.468,11.4458,11.4242,11.4032,11.3826,11.3626,11.343,11.3239,11.3052,11.2869,11.269,11.2516,11.2345,11.2177,11.2013,11.1853,11.1695,11.1541,11.139,11.1242,11.1096,11.0953,11.0813,11.0676,11.0541,11.0408,11.0278,11.015,11.0024,10.9901,10.9779,10.966,10.9542,10.9427,10.9313,10.9201,10.9091,10.8983,10.8876,10.8771,10.8668,10.8566,10.8466,10.8367,10.827,10.8174
21.136,20.978,20.8121,20.637,20.4512,20.2525,20.0383,19.8049,19.5468,19.256,18.9192,18.5126,17.9866,17.2133,15.9707,14.939,14.3656,13.9938,13.7219,13.5085,13.333,13.1841,13.0549,12.9407,12.8385,12.7459,12.6615,12.5837,12.5118,12.4448,12.3822,12.3234,12.268,12.2157,12.1661,12.1189,12.074,12.0312,11.9902,11.951,11.9133,11.8772,11.8424,11.8088,11.7765,11.7453,11.7151,11.6859,11.6577,11.6303,11.6037,11.5779,11.5529,11.5285,11.5048,11.4818,11.4594,11.4375,11.4162,11.3954,11.3751,11.3554,11.336,11.3171,11.2987,11.2806,11.263,11.2457,11.2288,11.2122,11.196,11.1801,11.1646,11.1493,11.1343,11.1197,11.1053,11.0911,11.0773,11.0636,11.0503,11.0371,11.0242,11.0115,10.9991,10.9868,10.9748,10.9629,10.9513,10.9398,10.9286,10.9175,10.9065,10.8958,10.8852,10.8748,10.8645,10.8544,10.8445,10.8347,10.825
21.1708,21.0149,20.8514,20.6791,20.4966,20.302,20.0928,19.8656,19.6158,19.3361,19.0156,18.6347,18.1555,17.488,16.4137,15.2295,14.5452,14.1218,13.8217,13.5905,13.4029,13.2452,13.1092,12.9898,12.8833,12.7873,12.6999,12.6196,12.5455,12.4766,12.4123,12.3521,12.2954,12.2418,12.1911,12.143,12.0972,12.0535,12.0118,11.9718,11.9335,11.8967,11.8613,11.8273,11.7944,11.7628,11.7321,11.7025,11.6739,11.6461,11.6192,11.593,11.5677,11.543,11.5191,11.4957,11.473,11.4509,11.4294,11.4083,11.3878,11.3678,11.3483,11.3292,11.3105,11.2923,11.2745,11.257,11.2399,11.2232,11.2069,11.1908,11.1751,11.1597,11.1446,11.1298,11.1152,11.101,11.087,11.0732,11.0598,11.0465,11.0335,11.0207,11.0081,10.9958,10.9836,10.9717,10.9599,10.9484,10.937,10.9258,10.9148,10.904,10.8933,10.8828,10.8725,10.8623,10.8523,10.8424,10.8327
21.205,21.0512,20.89,20.7204,20.5411,20.3503,20.1457,19.9244,19.682,19.4125,19.1062,18.7472,18.3058,17.7164,16.8123,15.5746,14.7514,14.2636,13.9296,13.6779,13.4766,13.3092,13.1659,13.0407,12.9297,12.8299,12.7393,12.6564,12.58,12.5091,12.4431,12.3813,12.3232,12.2684,12.2166,12.1674,12.1207,12.0761,12.0336,11.9929,11.9539,11.9165,11.8806,11.8459,11.8126,11.7804,11.7493,11.7193,11.6902,11.6621,11.6348,11.6083,11.5826,11.5576,11.5334,11.5098,11.4868,11.4644,11.4426,11.4214,11.4006,11.3804,11.3606,11.3413,11.3225,11.3041,11.286,11.2684,11.2512,11.2343,11.2177,11.2016,11.1857,11.1701,11.1549,11.1399,11.1253,11.1109,11.0968,11.0829,11.0693,11.0559,11.0428,11.0299,11.0172,11.0048,10.9925,10.9805,10.9686,10.957,10.9455,10.9343,10.9232,10.9123,10.9015,10.8909,10.8805,10.8702,10.8601,10.8502,10.8404
21.2387,21.0868,20.9279,20.7609,20.5846,20.3974,20.1972,19.9813,19.7458,19.4854,19.1918,18.8517,18.4413,17.9116,17.1428,15.9697,14.9911,14.422,14.0471,13.7715,13.5547,13.3763,13.225,13.0936,12.9777,12.8739,12.7799,12.6942,12.6154,12.5424,12.4745,12.4111,12.3515,12.2955,12.2425,12.1922,12.1445,12.0991,12.0558,12.0143,11.9746,11.9366,11.9,11.8648,11.8309,11.7983,11.7667,11.7363,11.7068,11.6782,11.6506,11.6237,11.5977,11.5724,11.5478,11.5239,11.5007,11.478,11.456,11.4345,11.4135,11.393,11.3731,11.3536,11.3345,11.3159,11.2977,11.2799,11.2625,11.2454,11.2287,11.2124,11.1963,11.1806,11.1653,11.1502,11.1354,11.1208,11.1066,11.0926,11.0789,11.0654,11.0522,11.0391,11.0264,11.0138,11.0015,10.9893,10.9774,10.9656,10.9541,10.9427,10.9315,10.9205,10.9097,10.899,10.8885,10.8782,10.868,10.858,10.8481
21.2719,21.1219,20.9651,20.8006,20.6272,20.4434,20.2473,20.0364,19.8074,19.5553,19.2731,18.9495,18.5651,18.0822,17.4147,16.3803,15.272,14.6008,14.1759,13.8722,13.6376,13.447,13.2868,13.1486,13.0273,12.9192,12.8217,12.733,12.6516,12.5764,12.5066,12.4415,12.3804,12.323,12.2688,12.2175,12.1688,12.1224,12.0782,12.036,11.9956,11.9569,11.9197,11.8839,11.8495,11.8163,11.7843,11.7534,11.7235,11.6945,11.6665,11.6393,11.6129,11.5873,11.5624,11.5382,11.5147,11.4918,11.4694,11.4477,11.4265,11.4058,11.3856,11.3659,11.3466,11.3278,11.3094,11.2914,11.2738,11.2566,11.2397,11.2232,11.2071,11.1912,11.1757,11.1604,11.1455,11.1309,11.1165,11.1024,11.0885,11.0749,11.0616,11.0484,11.0356,11.0229,11.0104,10.9982,10.9862,10.9743,10.9627,10.9512,10.94,10.9289,10.918,10.9072,10.8966,10.8862,10.8759,10.8658,10.8559
21.3047,21.1565,21.0017,20.8395,20.6689,20.4883,20.2961,20.09,19.8669,19.6224,19.3505,19.0414,18.6791,18.2341,17.6429,16.757,15.5998,14.8047,14.3181,13.981,13.7259,13.5215,13.3514,13.2059,13.0788,12.9661,12.8648,12.7729,12.6888,12.6113,12.5395,12.4725,12.4099,12.3511,12.2956,12.2431,12.1934,12.1461,12.101,12.058,12.0169,11.9775,11.9396,11.9033,11.8683,11.8346,11.8021,11.7707,11.7404,11.711,11.6826,11.655,11.6283,11.6023,11.5771,11.5526,11.5288,11.5056,11.483,11.461,11.4396,11.4186,11.3982,11.3783,11.3588,11.3398,11.3212,11.3031,11.2853,11.2679,11.2509,11.2342,11.2179,11.2019,11.1862,11.1708,11.1557,11.1409,11.1264,11.1122,11.0982,11.0845,11.071,11.0578,11.0448,11.032,11.0195,11.0071,10.995,10.9831,10.9713,10.9598,10.9484,10.9372,10.9262,10.9154,10.9047,10.8942,10.8839,10.8737,10.8637
21.337,21.1905,21.0377,20.8778,20.7097,20.5323,20.3437,20.1421,19.9245,19.6871,19.4244,19.1282,18.7851,18.3713,17.8389,17.0772,15.9688,15.0393,14.4763,14.0992,13.8204,13.6004,13.4193,13.2657,13.1323,13.0145,12.9092,12.8139,12.7269,12.647,12.573,12.5042,12.44,12.3797,12.3229,12.2692,12.2184,12.1701,12.1242,12.0803,12.0384,11.9983,11.9598,11.9229,11.8873,11.8531,11.8201,11.7882,11.7574,11.7276,11.6988,11.6709,11.6438,11.6175,11.592,11.5672,11.543,11.5196,11.4967,11.4744,11.4527,11.4316,11.4109,11.3908,11.3711,11.3519,11.3331,11.3148,11.2968,11.2792,11.262,11.2452,11.2287,11.2126,11.1967,11.1812,11.166,11.1511,11.1364,11.1221,11.108,11.0941,11.0805,11.0672,11.0541,11.0412,11.0285,11.0161,11.0039,10.9918,10.98,10.9684,10.9569,10.9456,10.9345,10.9236,10.9129,10.9023,10.8919,10.8816,10.8715
21.3688,21.224,21.0731,20.9154,20.7498,20.5753,20.3902,20.1927,19.9803,19.7494,19.4952,19.2106,18.8841,18.4965,18.0107,17.3452,16.3509,15.3107,14.6539,14.2285,13.9218,13.6841,13.4908,13.3281,13.1879,13.0647,12.955,12.8561,12.7661,12.6836,12.6074,12.5366,12.4706,12.4088,12.3507,12.2958,12.2438,12.1945,12.1477,12.103,12.0603,12.0194,11.9803,11.9427,11.9065,11.8718,11.8382,11.8059,11.7746,11.7444,11.7152,11.6869,11.6594,11.6328,11.6069,11.5818,11.5574,11.5336,11.5105,11.488,11.466,11.4446,11.4238,11.4034,11.3835,11.3641,11.3451,11.3265,11.3084,11.2907,11.2733,11.2563,11.2396,11.2233,11.2073,11.1917,11.1763,11.1613,11.1465,11.132,11.1178,11.1038,11.0901,11.0766,11.0634,11.0504,11.0377,11.0251,11.0128,11.0006,10.9887,10.977,10.9654,10.9541,10.9429,10.9319,10.9211,10.9104,10.8999,10.8896,10.8794
21.4003,21.2571,21.108,20.9524,20.7892,20.6174,20.4357,20.2421,20.0345,19.8096,19.5632,19.289,18.9772,18.612,18.164,17.5723,16.7071,15.6223,14.8549,14.3707,14.0313,13.7732,13.566,13.3934,13.2457,13.1167,13.0023,12.8996,12.8064,12.7211,12.6425,12.5698,12.502,12.4385,12.3789,12.3228,12.2697,12.2194,12.1715,12.1259,12.0824,12.0408,12.001,11.9628,11.926,11.8907,11.8566,11.8238,11.7921,11.7614,11.7318,11.7031,11.6752,11.6482,11.622,11.5966,11.5719,11.5478,11.5244,11.5016,11.4794,11.4578,11.4367,11.4161,11.396,11.3763,11.3572,11.3384,11.3201,11.3022,11.2846,11.2674,11.2506,11.2342,11.218,11.2022,11.1867,11.1715,11.1566,11.142,11.1276,11.1136,11.0997,11.0861,11.0728,11.0597,11.0468,11.0342,11.0217,11.0095,10.9975,10.9857,10.974,10.9626,10.9513,10.9402,10.9293,10.9186,10.908,10.8976,10.8873
21.4313,21.2896,21.1423,20.9887,20.8278,20.6587,20.4801,20.2903,20.0871,19.8679,19.6286,19.3638,19.0652,18.7193,18.3026,17.7686,17.0164,15.968,15.0841,14.5284,14.1501,13.8684,13.6457,13.462,13.3061,13.1707,13.0513,12.9444,12.8478,12.7596,12.6786,12.6036,12.5339,12.4688,12.4078,12.3503,12.296,12.2446,12.1957,12.1493,12.1049,12.0625,12.022,11.9831,11.9457,11.9098,11.8752,11.8419,11.8097,11.7786,11.7485,11.7194,11.6912,11.6638,11.6373,11.6115,11.5865,11.5621,11.5385,11.5154,11.4929,11.471,11.4497,11.4289,11.4085,11.3887,11.3693,11.3504,11.3318,11.3137,11.296,11.2787,11.2617,11.2451,11.2288,11.2128,11.1972,11.1818,11.1668,11.152,11.1376,11.1233,11.1094,11.0957,11.0822,11.069,11.056,11.0433,11.0307,11.0184,11.0063,10.9944,10.9826,10.9711,10.9597,10.9486,10.9376,10.9267,10.9161,10.9056,10.8953
21.4619,21.3218,21.1762,21.0245,20.8658,20.6992,20.5236,20.3373,20.1384,19.9244,19.6917,19.4355,19.1486,18.8195,18.4292,17.9413,17.2795,16.3249,15.3459,14.7043,14.2795,13.9705,13.7301,13.5341,13.3691,13.2269,13.102,12.9907,12.8904,12.7991,12.7155,12.6383,12.5666,12.4998,12.4372,12.3783,12.3228,12.2702,12.2203,12.1729,12.1277,12.0846,12.0433,12.0037,11.9657,11.9292,11.894,11.8601,11.8275,11.7959,11.7654,11.7359,11.7073,11.6796,11.6527,11.6266,11.6012,11.5766,11.5526,11.5293,11.5065,11.4844,11.4628,11.4417,11.4212,11.4011,11.3815,11.3624,11.3437,11.3254,11.3075,11.29,11.2728,11.256,11.2396,11.2235,11.2077,11.1922,11.177,11.1621,11.1475,11.1332,11.1191,11.1053,11.0917,11.0784,11.0653,11.0524,11.0398,11.0274,11.0151,11.0031,10.9913,10.9797,10.9682,10.957,10.9459,10.935,10.9242,10.9136,10.9032
21.4921,21.3535,21.2095,21.0596,20.9031,20.739,20.5661,20.3832,20.1883,19.9792,19.7527,19.5044,19.228,18.9138,18.5459,18.0956,17.5048,16.6618,15.6423,14.9021,14.4216,14.0805,13.8199,13.6101,13.4351,13.2853,13.1545,13.0385,12.9343,12.8398,12.7533,12.6738,12.6,12.5314,12.4671,12.4068,12.35,12.2963,12.2453,12.1969,12.1509,12.1069,12.0648,12.0245,11.9859,11.9488,11.913,11.8786,11.8455,11.8134,11.7825,11.7525,11.7236,11.6955,11.6682,11.6418,11.6161,11.5911,11.5669,11.5433,11.5203,11.4979,11.476,11.4547,11.4339,11.4137,11.3939,11.3745,11.3556,11.3371,11.319,11.3014,11.284,11.2671,11.2505,11.2342,11.2183,11.2027,11.1873,11.1723,11.1576,11.1431,11.1289,11.115,11.1013,11.0878,11.0746,11.0616,11.0489,11.0364,11.024,11.0119,11,10.9883,10.9767,10.9654,10.9542,10.9432,10.9324,10.9217,10.9112
21.522,21.3847,21.2424,21.0943,20.9398,20.778,20.6078,20.4281,20.237,20.0324,19.8116,19.5706,19.3038,19.0028,18.6544,18.2353,17.7008,16.9599,15.9672,15.1256,14.5783,14.1996,13.9157,13.6904,13.5043,13.3463,13.209,13.0879,12.9795,12.8815,12.7922,12.7101,12.6342,12.5636,12.4977,12.4359,12.3777,12.3228,12.2707,12.2213,12.1743,12.1295,12.0867,12.0457,12.0064,11.9686,11.9323,11.8974,11.8637,11.8312,11.7997,11.7694,11.74,11.7115,11.6839,11.6571,11.6311,11.6058,11.5813,11.5574,11.5341,11.5114,11.4893,11.4678,11.4468,11.4263,11.4063,11.3867,11.3676,11.3489,11.3307,11.3128,11.2953,11.2782,11.2614,11.245,11.2289,11.2132,11.1977,11.1825,11.1676,11.1531,11.1387,11.1247,11.1109,11.0973,11.084,11.0709,11.058,11.0454,11.033,11.0208,11.0087,10.9969,10.9853,10.9739,10.9626,10.9515,10.9406,10.9299,10.9193
21.5515,21.4156,21.2748,21.1284,20.9759,20.8163,20.6487,20.472,20.2845,20.0843,19.8687,19.6344,19.3763,19.0872,18.7558,18.3631,17.8739,17.2174,16.3017,15.3781,14.7523,14.3291,14.0183,13.7754,13.577,13.4099,13.2657,13.139,13.0262,12.9246,12.8321,12.7473,12.6691,12.5966,12.5289,12.4655,12.4059,12.3497,12.2966,12.2461,12.1982,12.1525,12.1088,12.0671,12.0271,11.9887,11.9518,11.9163,11.8821,11.8491,11.8172,11.7864,11.7566,11.7277,11.6997,11.6726,11.6462,11.6207,11.5958,11.5716,11.548,11.5251,11.5028,11.481,11.4597,11.439,11.4188,11.399,11.3797,11.3608,11.3424,11.3243,11.3067,11.2894,11.2725,11.2559,11.2396,11.2237,11.2081,11.1928,11.1778,11.1631,11.1486,11.1344,11.1205,11.1068,11.0934,11.0802,11.0672,11.0545,11.042,11.0296,11.0175,11.0056,10.9939,10.9824,10.971,10.9598,10.9489,10.938,10.9274
21.5806,21.4461,21.3067,21.162,21.0114,20.854,20.6889,20.515,20.3309,20.1347,19.9241,19.696,19.4459,19.1675,18.8511,18.4809,18.029,17.4403,16.6207,15.6603,14.9466,14.4706,14.1286,13.8657,13.6536,13.4765,13.3247,13.1921,13.0744,12.9688,12.8731,12.7855,12.7049,12.6302,12.5607,12.4957,12.4347,12.3772,12.3228,12.2713,12.2224,12.1758,12.1313,12.0888,12.0481,12.009,11.9715,11.9354,11.9007,11.8672,11.8348,11.8036,11.7733,11.7441,11.7157,11.6882,11.6615,11.6356,11.6104,11.5859,11.5621,11.5389,11.5163,11.4943,11.4728,11.4518,11.4314,11.4114,11.3919,11.3728,11.3542,11.3359,11.3181,11.3006,11.2835,11.2668,11.2504,11.2343,11.2186,11.2031,11.188,11.1731,11.1586,11.1442,11.1302,11.1164,11.1029,11.0895,11.0765,11.0636,11.051,11.0386,11.0264,11.0143,11.0025,10.9909,10.9795,10.9682,10.9571,10.9462,10.9355
21.6094,21.4762,21.3383,21.1952,21.0463,20.891,20.7283,20.5571,20.3762,20.1839,19.978,19.7556,19.5129,19.2442,18.9411,18.5905,18.1696,17.6355,16.9075,15.9665,15.1642,14.6261,14.2478,13.962,13.7345,13.5462,13.3861,13.2471,13.1243,13.0145,12.9152,12.8247,12.7416,12.6647,12.5932,12.5265,12.464,12.4051,12.3495,12.2969,12.2469,12.1994,12.1541,12.1108,12.0693,12.0296,11.9915,11.9548,11.9195,11.8855,11.8526,11.8209,11.7903,11.7606,11.7318,11.704,11.6769,11.6507,11.6252,11.6004,11.5763,11.5528,11.5299,11.5076,11.4859,11.4647,11.4441,11.4239,11.4041,11.3849,11.366,11.3476,11.3296,11.312,11.2947,11.2778,11.2613,11.245,11.2291,11.2135,11.1983,11.1833,11.1686,11.1541,11.1399,11.126,11.1124,11.0989,11.0858,11.0728,11.0601,11.0475,11.0352,11.0231,11.0112,10.9995,10.988,10.9766,10.9655,10.9545,10.9437
21.6379,21.5059,21.3694,21.2279,21.0808,20.9274,20.7669,20.5984,20.4206,20.2319,20.0304,19.8134,19.5774,19.3175,19.0264,18.6929,18.2983,17.8086,17.159,16.281,15.4075,14.7978,14.377,14.065,13.82,13.6195,13.4503,13.3042,13.1759,13.0616,12.9586,12.865,12.7791,12.6999,12.6265,12.558,12.4938,12.4335,12.3767,12.3229,12.2719,12.2234,12.1772,12.1331,12.0909,12.0505,12.0117,11.9744,11.9386,11.904,11.8707,11.8385,11.8074,11.7773,11.7481,11.7199,11.6925,11.6659,11.6401,11.615,11.5906,11.5668,11.5437,11.5211,11.4992,11.4777,11.4568,11.4364,11.4165,11.397,11.378,11.3594,11.3412,11.3234,11.3059,11.2889,11.2722,11.2558,11.2397,11.224,11.2086,11.1935,11.1786,11.164,11.1498,11.1357,11.1219,11.1084,11.0951,11.082,11.0692,11.0566,11.0441,11.0319,11.0199,11.0081,10.9965,10.9851,10.9738,10.9628,10.9519
21.666,21.5353,21.4001,21.2601,21.1147,20.9632,20.8049,20.6389,20.464,20.2787,20.0813,19.8694,19.6397,19.3879,19.1076,18.7892,18.4171,17.9641,17.3789,16.5833,15.6766,14.9883,14.5177,14.1755,13.9108,13.6966,13.5174,13.3637,13.2294,13.1103,13.0033,12.9063,12.8177,12.736,12.6604,12.5901,12.5243,12.4625,12.4043,12.3494,12.2973,12.2478,12.2007,12.1557,12.1128,12.0716,12.0322,11.9943,11.9578,11.9227,11.8889,11.8562,11.8247,11.7941,11.7646,11.736,11.7082,11.6813,11.6551,11.6297,11.605,11.5809,11.5575,11.5347,11.5125,11.4908,11.4697,11.4491,11.4289,11.4093,11.39,11.3712,11.3528,11.3349,11.3173,11.3,11.2831,11.2666,11.2504,11.2345,11.219,11.2037,11.1887,11.174,11.1596,11.1455,11.1315,11.1179,11.1045,11.0913,11.0784,11.0656,11.0531,11.0408,11.0287,11.0168,11.0051,10.9936,10.9822,10.9711,10.9601
21.6939,21.5643,21.4305,21.2919,21.1481,20.9985,20.8423,20.6787,20.5065,20.3245,20.131,19.9238,19.7,19.4556,19.1851,18.8801,18.5276,18.1054,17.5727,16.859,15.9658,15.2,14.6718,14.2946,14.0075,13.7779,13.5877,13.4257,13.2849,13.1606,13.0494,12.9488,12.8572,12.773,12.6952,12.6228,12.5553,12.492,12.4325,12.3762,12.323,12.2725,12.2245,12.1787,12.1349,12.093,12.0529,12.0144,11.9773,11.9417,11.9073,11.8741,11.8421,11.8112,11.7812,11.7522,11.7241,11.6968,11.6703,11.6445,11.6195,11.5952,11.5715,11.5484,11.526,11.504,11.4827,11.4618,11.4415,11.4216,11.4021,11.3832,11.3646,11.3464,11.3286,11.3112,11.2942,11.2775,11.2612,11.2451,11.2294,11.214,11.1989,11.1841,11.1695,11.1552,11.1412,11.1274,11.1139,11.1006,11.0876,11.0747,11.0621,11.0497,11.0375,11.0255,11.0137,11.0021,10.9907,10.9794,10.9684
21.7214,21.593,21.4604,21.3233,21.1811,21.0332,20.879,20.7177,20.5482,20.3693,20.1795,19.9767,19.7583,19.5208,19.2593,18.9664,18.631,18.2348,17.7454,17.104,16.2623,15.4345,14.841,14.4233,14.1107,13.864,13.6614,13.4903,13.3425,13.2126,13.0969,12.9926,12.8978,12.8109,12.7307,12.6563,12.587,12.5221,12.4611,12.4036,12.3492,12.2977,12.2486,12.2019,12.1574,12.1147,12.0739,12.0347,11.997,11.9608,11.9259,11.8923,11.8598,11.8284,11.798,11.7686,11.7401,11.7124,11.6856,11.6595,11.6342,11.6096,11.5856,11.5623,11.5395,11.5174,11.4957,11.4747,11.4541,11.434,11.4143,11.3952,11.3764,11.358,11.3401,11.3225,11.3053,11.2885,11.272,11.2558,11.2399,11.2244,11.2091,11.1942,11.1795,11.1651,11.1509,11.137,11.1234,11.11,11.0968,11.0839,11.0712,11.0587,11.0464,11.0343,11.0224,11.0107,10.9992,10.9878,10.9767
21.7486,21.6213,21.49,21.3542,21.2135,21.0674,20.9152,20.756,20.5891,20.4132,20.2268,20.0282,19.8149,19.5838,19.3304,19.0484,18.7282,18.3545,17.9011,17.3203,16.5492,15.6913,15.0276,14.5631,14.2212,13.9551,13.739,13.5579,13.4025,13.2665,13.1459,13.0376,12.9394,12.8497,12.7671,12.6906,12.6193,12.5528,12.4903,12.4315,12.3759,12.3232,12.2732,12.2256,12.1801,12.1367,12.0952,12.0553,12.017,11.9802,11.9448,11.9106,11.8776,11.8457,11.8149,11.7851,11.7562,11.7282,11.701,11.6746,11.649,11.6241,11.5998,11.5762,11.5532,11.5308,11.5089,11.4876,11.4668,11.4465,11.4266,11.4072,11.3883,11.3698,11.3516,11.3339,11.3165,11.2995,11.2828,11.2665,11.2505,11.2348,11.2194,11.2043,11.1895,11.175,11.1607,11.1467,11.1329,11.1194,11.1061,11.0931,11.0803,11.0677,11.0553,11.0431,11.0311,11.0193,11.0077,10.9962,10.985
21.7756,21.6494,21.5193,21.3848,21.2456,21.1011,20.9507,20.7937,20.6292,20.4561,20.2731,20.0784,19.8699,19.6447,19.3988,19.1266,18.82,18.4658,18.0427,17.5124,16.8141,15.9652,15.2333,14.7155,14.34,14.052,13.8208,13.6287,13.4649,13.3225,13.1966,13.0841,12.9823,12.8895,12.8043,12.7256,12.6524,12.5841,12.52,12.4598,12.403,12.3492,12.2981,12.2495,12.2032,12.159,12.1167,12.0762,12.0372,11.9998,11.9638,11.9291,11.8956,11.8633,11.8321,11.8018,11.7725,11.7441,11.7166,11.6899,11.6639,11.6387,11.6141,11.5902,11.567,11.5443,11.5222,11.5006,11.4796,11.4591,11.439,11.4194,11.4003,11.3815,11.3632,11.3453,11.3278,11.3106,11.2938,11.2773,11.2611,11.2453,11.2298,11.2145,11.1996,11.1849,11.1705,11.1564,11.1425,11.1289,11.1155,11.1023,11.0894,11.0767,11.0642,11.0519,11.0398,11.0279,11.0162,11.0047,10.9934
21.8023,21.6771,21.5482,21.415,21.2772,21.1343,20.9857,20.8308,20.6686,20.4982,20.3183,20.1273,19.9233,19.7036,19.4647,19.2015,18.907,18.57,18.1728,17.6844,17.0523,16.2454,15.4594,14.882,14.4681,14.1553,13.9071,13.7029,13.53,13.3805,13.2491,13.132,13.0264,12.9304,12.8425,12.7614,12.6861,12.616,12.5504,12.4887,12.4305,12.3755,12.3234,12.2739,12.2267,12.1816,12.1385,12.0973,12.0577,12.0197,11.9831,11.9479,11.9139,11.8811,11.8494,11.8187,11.789,11.7602,11.7323,11.7053,11.679,11.6534,11.6286,11.6044,11.5808,11.5579,11.5356,11.5138,11.4925,11.4717,11.4515,11.4317,11.4123,11.3934,11.3749,11.3568,11.3391,11.3218,11.3048,11.2881,11.2718,11.2558,11.2402,11.2248,11.2097,11.1949,11.1804,11.1662,11.1522,11.1384,11.1249,11.1116,11.0986,11.0858,11.0732,11.0608,11.0486,11.0366,11.0248,11.0132,11.0018
21.8287,21.7046,21.5767,21.4448,21.3084,21.1671,21.0202,20.8672,20.7073,20.5394,20.3625,20.1751,19.9753,19.7608,19.5283,19.2734,18.9898,18.668,18.2931,17.8399,17.2647,16.5181,15.7047,15.0645,14.6067,14.2657,13.9985,13.7808,13.598,13.4409,13.3034,13.1814,13.0718,12.9724,12.8816,12.798,12.7206,12.6486,12.5813,12.5181,12.4586,12.4024,12.3491,12.2986,12.2504,12.2045,12.1607,12.1187,12.0784,12.0398,12.0026,11.9668,11.9323,11.899,11.8668,11.8357,11.8056,11.7765,11.7482,11.7208,11.6942,11.6683,11.6431,11.6187,11.5948,11.5716,11.549,11.527,11.5055,11.4845,11.464,11.444,11.4245,11.4054,11.3867,11.3684,11.3505,11.333,11.3158,11.299,11.2826,11.2665,11.2506,11.2351,11.2199,11.205,11.1904,11.176,11.1619,11.148,11.1344,11.121,11.1078,11.0949,11.0822,11.0697,11.0574,11.0454,11.0335,11.0218,11.0103
21.8548,21.7317,21.605,21.4743,21.3393,21.1994,21.0542,20.9031,20.7453,20.5799,20.4059,20.2218,20.026,19.8163,19.5898,19.3424,19.0688,18.7606,18.4052,17.9818,17.4546,16.7725,15.9647,15.2644,14.7572,14.384,14.0956,13.8629,13.6692,13.5037,13.3597,13.2325,13.1186,13.0156,12.9218,12.8356,12.7559,12.6819,12.6128,12.548,12.4871,12.4296,12.3753,12.3237,12.2746,12.2278,12.1831,12.1404,12.0994,12.0601,12.0223,11.986,11.9509,11.9171,11.8845,11.853,11.8224,11.7929,11.7642,11.7364,11.7095,11.6833,11.6578,11.6331,11.6089,11.5855,11.5626,11.5403,11.5186,11.4974,11.4767,11.4565,11.4367,11.4174,11.3985,11.3801,11.362,11.3443,11.327,11.31,11.2934,11.2771,11.2612,11.2455,11.2302,11.2151,11.2003,11.1858,11.1716,11.1576,11.1439,11.1304,11.1171,11.1041,11.0913,11.0787,11.0663,11.0541,11.0422,11.0304,11.0188
21.8807,21.7586,21.6329,21.5034,21.3697,21.2313,21.0877,20.9384,20.7827,20.6196,20.4483,20.2674,20.0754,19.8703,19.6493,19.409,19.1444,18.8483,18.5101,18.1122,17.6256,17.0037,16.2301,15.4822,14.9209,14.5113,14.1988,13.9495,13.7437,13.5692,13.4182,13.2853,13.1668,13.0601,12.963,12.874,12.792,12.7159,12.6449,12.5786,12.5162,12.4574,12.4018,12.3491,12.2991,12.2514,12.2059,12.1624,12.1207,12.0807,12.0423,12.0054,11.9698,11.9355,11.9024,11.8704,11.8394,11.8094,11.7804,11.7523,11.7249,11.6984,11.6726,11.6476,11.6232,11.5994,11.5763,11.5538,11.5318,11.5103,11.4894,11.469,11.449,11.4295,11.4104,11.3918,11.3735,11.3557,11.3382,11.3211,11.3043,11.2879,11.2718,11.256,11.2405,11.2253,11.2104,11.1958,11.1814,11.1673,11.1534,11.1398,11.1265,11.1133,11.1004,11.0877,11.0752,11.063,11.0509,11.039,11.0273
21.9063,21.7852,21.6606,21.5322,21.3997,21.2627,21.1207,20.9732,20.8194,20.6587,20.4899,20.3121,20.1236,19.9228,19.707,19.4732,19.2169,18.9318,18.6088,18.2331,17.7806,17.2119,16.4896,15.7169,15.0992,14.6486,14.3089,14.0411,13.822,13.6376,13.479,13.34,13.2166,13.1058,13.0053,12.9134,12.8289,12.7506,12.6778,12.6097,12.5458,12.4856,12.4288,12.375,12.3239,12.2753,12.2289,12.1846,12.1422,12.1016,12.0625,12.025,11.9888,11.954,11.9204,11.8879,11.8565,11.8262,11.7967,11.7682,11.7405,11.7137,11.6876,11.6622,11.6375,11.6135,11.5901,11.5673,11.5451,11.5234,11.5022,11.4816,11.4614,11.4417,11.4224,11.4036,11.3852,11.3671,11.3495,11.3322,11.3153,11.2987,11.2824,11.2665,11.2509,11.2355,11.2205,11.2057,11.1912,11.177,11.1631,11.1493,11.1358,11.1226,11.1096,11.0968,11.0842,11.0718,11.0597,11.0477,11.0359
21.9317,21.8115,21.6879,21.5607,21.4294,21.2938,21.1533,21.0074,20.8556,20.697,20.5308,20.3558,20.1708,19.9739,19.763,19.5352,19.2866,19.0115,18.702,18.3457,17.9224,17.3993,16.7339,15.9641,15.2933,14.797,14.4267,14.1381,13.9043,13.7091,13.5422,13.3967,13.2681,13.1529,13.0488,12.9539,12.8667,12.7861,12.7113,12.6414,12.576,12.5144,12.4563,12.4013,12.3492,12.2996,12.2523,12.2072,12.164,12.1227,12.083,12.0448,12.0081,11.9728,11.9386,11.9057,11.8739,11.8431,11.8132,11.7843,11.7563,11.7291,11.7027,11.677,11.652,11.6277,11.604,11.5809,11.5585,11.5366,11.5152,11.4943,11.4739,11.454,11.4345,11.4155,11.3969,11.3787,11.3608,11.3434,11.3263,11.3096,11.2932,11.2771,11.2613,11.2458,11.2307,11.2158,11.2011,11.1868,11.1727,11.1589,11.1453,11.1319,11.1188,11.1059,11.0932,11.0807,11.0685,11.0564,11.0445
21.9569,21.8376,21.715,21.5888,21.4588,21.3245,21.1854,21.0412,20.8912,20.7347,20.5708,20.3986,20.2168,20.0238,19.8175,19.5953,19.3537,19.0878,18.7905,18.4512,18.0531,17.5689,16.9582,16.2161,15.5034,14.9577,14.553,14.2412,13.9911,13.784,13.608,13.4555,13.3213,13.2015,13.0936,12.9954,12.9054,12.8225,12.7455,12.6738,12.6067,12.5437,12.4842,12.4281,12.3748,12.3242,12.2761,12.2301,12.1862,12.1441,12.1037,12.0649,12.0276,11.9917,11.9571,11.9236,11.8914,11.8601,11.8299,11.8006,11.7722,11.7446,11.7179,11.6919,11.6666,11.642,11.618,11.5947,11.572,11.5498,11.5282,11.5071,11.4865,11.4664,11.4467,11.4275,11.4087,11.3903,11.3723,11.3547,11.3374,11.3205,11.3039,11.2877,11.2718,11.2562,11.2409,11.2258,11.2111,11.1966,11.1824,11.1685,11.1548,11.1413,11.1281,11.115,11.1023,11.0897,11.0773,11.0652,11.0532
21.9818,21.8634,21.7418,21.6167,21.4878,21.3547,21.2171,21.0745,20.9263,20.7718,20.6102,20.4406,20.2619,20.0724,19.8705,19.6536,19.4185,19.1609,18.8746,18.5505,18.1743,17.7232,17.1619,16.4635,15.7281,15.1319,14.6887,14.3509,14.0827,13.8625,13.6767,13.5167,13.3763,13.2517,13.1396,13.038,12.9451,12.8597,12.7805,12.7069,12.638,12.5735,12.5127,12.4553,12.4009,12.3493,12.3002,12.2533,12.2086,12.1657,12.1247,12.0853,12.0474,12.0109,11.9757,11.9418,11.909,11.8773,11.8467,11.817,11.7882,11.7603,11.7332,11.7069,11.6813,11.6564,11.6322,11.6086,11.5856,11.5632,11.5413,11.52,11.4992,11.4788,11.4589,11.4395,11.4205,11.402,11.3838,11.366,11.3486,11.3315,11.3148,11.2984,11.2823,11.2666,11.2511,11.236,11.2211,11.2065,11.1922,11.1781,11.1643,11.1507,11.1374,11.1242,11.1114,11.0987,11.0862,11.074,11.0619
22.0065,21.8889,21.7683,21.6442,21.5164,21.3846,21.2484,21.1073,20.9608,20.8082,20.6489,20.4818,20.306,20.12,19.9221,19.7101,19.4811,19.2312,18.955,18.6444,18.2873,17.8648,17.3465,16.6981,15.9636,15.3203,14.835,14.4679,14.1797,13.945,13.7485,13.5802,13.4334,13.3034,13.1871,13.0819,12.9859,12.8977,12.8163,12.7406,12.67,12.6038,12.5416,12.4829,12.4274,12.3747,12.3246,12.2769,12.2313,12.1877,12.1459,12.1058,12.0673,12.0303,11.9946,11.9601,11.9269,11.8948,11.8637,11.8336,11.8044,11.7761,11.7487,11.722,11.6961,11.6709,11.6464,11.6225,11.5993,11.5766,11.5545,11.533,11.5119,11.4914,11.4713,11.4517,11.4325,11.4137,11.3954,11.3774,11.3598,11.3426,11.3257,11.3092,11.293,11.2771,11.2615,11.2462,11.2312,11.2165,11.202,11.1878,11.1739,11.1602,11.1467,11.1335,11.1205,11.1077,11.0951,11.0828,11.0706
22.0309,21.9143,21.7945,21.6715,21.5448,21.4142,21.2793,21.1397,20.9948,20.8441,20.6869,20.5222,20.3492,20.1664,19.9724,19.765,19.5417,19.299,19.0318,18.7334,18.3933,17.9955,17.5143,16.9154,16.2034,15.5229,14.9926,14.5931,14.2824,14.0319,13.8236,13.6464,13.4925,13.357,13.236,13.1269,13.0277,12.9367,12.8529,12.7751,12.7026,12.6348,12.5711,12.511,12.4543,12.4005,12.3494,12.3007,12.2543,12.2099,12.1674,12.1267,12.0875,12.0499,12.0136,11.9787,11.9449,11.9123,11.8808,11.8503,11.8208,11.7921,11.7643,11.7373,11.7111,11.6856,11.6608,11.6366,11.6131,11.5902,11.5678,11.546,11.5248,11.504,11.4837,11.4639,11.4445,11.4256,11.407,11.3889,11.3711,11.3537,11.3367,11.32,11.3036,11.2876,11.2719,11.2565,11.2413,11.2265,11.2119,11.1976,11.1835,11.1697,11.1561,11.1428,11.1297,11.1168,11.1041,11.0917,11.0794
22.0552,21.9393,21.8205,21.6984,21.5728,21.4434,21.3098,21.1716,21.0284,20.8795,20.7242,20.5619,20.3915,20.2119,20.0215,19.8185,19.6005,19.3643,19.1056,18.8182,18.4932,18.1169,17.6677,17.1144,16.4394,15.7384,15.1626,14.7273,14.3916,14.1235,13.9024,13.7154,13.554,13.4123,13.2865,13.1733,13.0706,12.9767,12.8903,12.8103,12.7359,12.6663,12.6011,12.5397,12.4817,12.4267,12.3746,12.325,12.2777,12.2325,12.1892,12.1478,12.108,12.0697,12.0329,11.9974,11.9632,11.9301,11.8982,11.8672,11.8373,11.8082,11.7801,11.7527,11.7262,11.7004,11.6753,11.6508,11.627,11.6039,11.5813,11.5592,11.5377,11.5167,11.4962,11.4762,11.4566,11.4375,11.4187,11.4004,11.3825,11.3649,11.3477,11.3309,11.3144,11.2982,11.2823,11.2668,11.2515,11.2365,11.2218,11.2074,11.1932,11.1793,11.1656,11.1521,11.1389,11.1259,11.1132,11.1006,11.0883
22.0792,21.9642,21.8462,21.7251,21.6006,21.4723,21.34,21.2032,21.0614,20.9143,20.761,20.6009,20.433,20.2563,20.0694,19.8705,19.6575,19.4275,19.1765,18.8991,18.5876,18.2302,17.8088,17.2959,16.6648,15.9632,15.3455,14.8712,14.5078,14.2202,13.985,13.7874,13.6178,13.4697,13.3385,13.221,13.1147,13.0177,12.9286,12.8463,12.7699,12.6985,12.6317,12.5688,12.5095,12.4534,12.4002,12.3496,12.3014,12.2553,12.2113,12.1691,12.1287,12.0898,12.0524,12.0164,11.9816,11.9481,11.9157,11.8843,11.8539,11.8245,11.796,11.7683,11.7414,11.7153,11.6899,11.6651,11.6411,11.6176,11.5948,11.5725,11.5508,11.5295,11.5088,11.4886,11.4688,11.4495,11.4306,11.4121,11.3939,11.3762,11.3589,11.3419,11.3252,11.3089,11.2928,11.2771,11.2617,11.2466,11.2318,11.2172,11.2029,11.1889,11.1751,11.1615,11.1482,11.1351,11.1222,11.1096,11.0971
22.1031,21.9888,21.8717,21.7515,21.628,21.5008,21.3697,21.2343,21.0941,20.9486,20.7972,20.6392,20.4738,20.2999,20.1163,19.9213,19.7129,19.4886,19.2447,18.9765,18.6772,18.3366,17.9394,17.4619,16.8753,16.1917,15.5411,15.0258,14.6318,14.3226,14.0718,13.8627,13.6842,13.5291,13.3924,13.2702,13.16,13.0598,12.9679,12.8832,12.8046,12.7313,12.6628,12.5985,12.5378,12.4805,12.4261,12.3745,12.3254,12.2785,12.2337,12.1908,12.1496,12.1101,12.0721,12.0355,12.0003,11.9662,11.9333,11.9015,11.8708,11.8409,11.812,11.784,11.7568,11.7303,11.7046,11.6796,11.6552,11.6315,11.6084,11.5859,11.5639,11.5424,11.5215,11.5011,11.4811,11.4615,11.4424,11.4238,11.4055,11.3876,11.3701,11.3529,11.3361,11.3196,11.3034,11.2876,11.272,11.2568,11.2418,11.2271,11.2127,11.1985,11.1846,11.171,11.1575,11.1443,11.1313,11.1186,11.106
22.1267,22.0132,21.897,21.7777,21.6551,21.5291,21.3991,21.265,21.1262,20.9824,20.8328,20.6769,20.5138,20.3426,20.1621,19.9708,19.7668,19.5478,19.3106,19.0508,18.7625,18.4369,18.0608,17.6141,17.0694,16.4172,15.7478,15.1916,14.7642,14.4311,14.1633,13.9415,13.7534,13.5908,13.448,13.321,13.2067,13.103,13.0082,12.9209,12.84,12.7648,12.6946,12.6287,12.5666,12.508,12.4525,12.3999,12.3498,12.302,12.2564,12.2127,12.1709,12.1307,12.0921,12.0549,12.0191,11.9846,11.9512,11.9189,11.8877,11.8575,11.8282,11.7998,11.7723,11.7455,11.7195,11.6941,11.6695,11.6455,11.6221,11.5993,11.5771,11.5554,11.5343,11.5136,11.4934,11.4737,11.4544,11.4355,11.4171,11.399,11.3813,11.364,11.347,11.3304,11.3141,11.2981,11.2824,11.267,11.2519,11.2371,11.2225,11.2083,11.1942,11.1804,11.1669,11.1536,11.1405,11.1276,11.115
22.1501,22.0374,21.922,21.8036,21.682,21.557,21.4282,21.2954,21.158,21.0157,20.8679,20.7139,20.5531,20.3845,20.2069,20.0191,19.8193,19.6053,19.3743,19.1222,18.8439,18.5317,18.1743,17.7545,17.2477,16.6338,15.9627,15.3691,14.9058,14.5464,14.2597,14.0241,13.8256,13.6549,13.5057,13.3733,13.2547,13.1474,13.0494,12.9594,12.8763,12.799,12.727,12.6594,12.5959,12.536,12.4793,12.4256,12.3745,12.3258,12.2794,12.2349,12.1923,12.1515,12.1123,12.0745,12.0382,12.0031,11.9692,11.9365,11.9049,11.8743,11.8446,11.8158,11.7879,11.7608,11.7344,11.7088,11.6839,11.6596,11.636,11.6129,11.5905,11.5685,11.5472,11.5263,11.5059,11.4859,11.4665,11.4474,11.4288,11.4105,11.3926,11.3752,11.358,11.3412,11.3248,11.3086,11.2928,11.2773,11.2621,11.2471,11.2324,11.218,11.2039,11.19,11.1763,11.1629,11.1497,11.1368,11.124
22.1733,22.0614,21.9468,21.8292,21.7086,21.5846,21.457,21.3253,21.1894,21.0486,20.9024,20.7504,20.5917,20.4256,20.2509,20.0664,19.8705,19.6612,19.4359,19.191,18.9219,18.6218,18.281,17.8848,17.4115,16.8376,16.1809,15.5579,15.0572,14.669,14.3616,14.1109,13.9011,13.7216,13.5654,13.4274,13.3042,13.193,13.0918,12.999,12.9134,12.834,12.76,12.6908,12.6258,12.5645,12.5066,12.4517,12.3996,12.35,12.3027,12.2574,12.2141,12.1726,12.1327,12.0944,12.0574,12.0218,11.9875,11.9543,11.9222,11.8912,11.8611,11.832,11.8037,11.7762,11.7495,11.7236,11.6984,11.6738,11.6499,11.6266,11.6039,11.5817,11.5601,11.539,11.5184,11.4983,11.4786,11.4593,11.4405,11.4221,11.404,11.3864,11.3691,11.3521,11.3355,11.3193,11.3033,11.2876,11.2723,11.2572,11.2424,11.2279,11.2136,11.1996,11.1858,11.1723,11.159,11.1459,11.133
22.1964,22.0852,21.9713,21.8546,21.7349,21.612,21.4854,21.355,21.2203,21.081,20.9365,20.7863,20.6297,20.4659,20.2939,20.1126,19.9204,19.7155,19.4956,19.2574,18.9967,18.7076,18.3816,18.0061,17.5624,17.0269,16.3968,15.7566,15.219,14.7996,14.4694,14.2021,13.9799,13.791,13.6273,13.4834,13.3552,13.2399,13.1352,13.0394,12.9513,12.8696,12.7937,12.7227,12.6561,12.5935,12.5343,12.4783,12.4251,12.3745,12.3263,12.2802,12.2362,12.1939,12.1534,12.1144,12.0769,12.0408,12.0059,11.9723,11.9397,11.9083,11.8778,11.8482,11.8196,11.7918,11.7648,11.7385,11.713,11.6882,11.664,11.6404,11.6174,11.595,11.5732,11.5519,11.531,11.5107,11.4908,11.4714,11.4523,11.4337,11.4155,11.3977,11.3802,11.3631,11.3464,11.3299,11.3138,11.298,11.2825,11.2673,11.2524,11.2377,11.2233,11.2092,11.1953,11.1817,11.1683,11.1551,11.1421
22.2192,22.1087,21.9957,21.8798,21.761,21.639,21.5135,21.3843,21.2509,21.113,20.9701,20.8216,20.667,20.5055,20.3361,20.1578,19.9691,19.7685,19.5535,19.3215,19.0686,18.7895,18.4769,18.1197,17.702,17.2017,16.605,15.9623,15.3912,14.9387,14.5836,14.2982,14.0625,13.8633,13.6916,13.5413,13.4079,13.2882,13.1798,13.0809,12.9901,12.9061,12.8281,12.7553,12.6871,12.623,12.5625,12.5053,12.451,12.3994,12.3503,12.3034,12.2585,12.2155,12.1743,12.1347,12.0966,12.0599,12.0246,11.9904,11.9574,11.9255,11.8946,11.8647,11.8357,11.8075,11.7802,11.7536,11.7277,11.7026,11.6781,11.6543,11.6311,11.6084,11.5863,11.5648,11.5437,11.5232,11.5031,11.4834,11.4642,11.4455,11.4271,11.4091,11.3914,11.3742,11.3573,11.3407,11.3244,11.3085,11.2928,11.2775,11.2624,11.2477,11.2331,11.2189,11.2049,11.1911,11.1776,11.1643,11.1513
22.2419,22.1321,22.0198,21.9048,21.7868,21.6658,21.5413,21.4132,21.2811,21.1445,21.0032,20.8564,20.7038,20.5444,20.3775,20.2021,20.0168,19.82,19.6098,19.3836,19.1379,18.868,18.5673,18.2265,17.8317,17.3632,16.8022,16.171,15.5736,15.087,14.7048,14.3995,14.1491,13.9388,13.7584,13.6012,13.4622,13.3379,13.2257,13.1235,13.0298,12.9434,12.8632,12.7885,12.7186,12.653,12.5911,12.5327,12.4773,12.4247,12.3746,12.3268,12.2811,12.2374,12.1955,12.1553,12.1166,12.0793,12.0434,12.0088,11.9753,11.9429,11.9116,11.8813,11.8519,11.8234,11.7957,11.7688,11.7426,11.7172,11.6924,11.6683,11.6448,11.6219,11.5996,11.5778,11.5565,11.5358,11.5155,11.4956,11.4762,11.4573,11.4387,11.4205,11.4027,11.3853,11.3682,11.3515,11.3351,11.319,11.3032,11.2877,11.2726,11.2576,11.243,11.2286,11.2145,11.2006,11.187,11.1736,11.1605
22.2644,22.1553,22.0437,21.9295,21.8124,21.6923,21.5688,21.4418,21.3109,21.1757,21.0358,20.8908,20.7399,20.5827,20.4182,20.2454,20.0633,19.8703,19.6646,19.4438,19.2047,18.9432,18.6535,18.3274,17.9528,17.5125,16.9866,16.3778,15.7647,15.2447,14.8335,14.5065,14.2401,14.0176,13.8279,13.6633,13.5184,13.3892,13.2729,13.1672,13.0706,12.9816,12.8991,12.8225,12.7508,12.6836,12.6203,12.5606,12.504,12.4503,12.3993,12.3506,12.3041,12.2596,12.217,12.1761,12.1367,12.0989,12.0624,12.0273,11.9933,11.9605,11.9288,11.898,11.8682,11.8394,11.8113,11.7841,11.7576,11.7319,11.7068,11.6824,11.6587,11.6355,11.613,11.5909,11.5694,11.5484,11.5279,11.5079,11.4883,11.4691,11.4504,11.432,11.4141,11.3965,11.3792,11.3624,11.3458,11.3296,11.3137,11.298,11.2827,11.2677,11.2529,11.2384,11.2242,11.2102,11.1965,11.183,11.1697
22.2867,22.1783,22.0674,21.954,21.8377,21.7185,21.5961,21.4701,21.3404,21.2065,21.068,20.9246,20.7755,20.6203,20.4581,20.288,20.1089,19.9194,19.7179,19.5022,19.2693,19.0156,18.7359,18.4229,18.0663,17.651,17.1579,16.5782,15.9619,15.412,14.9702,14.6196,14.3357,14.1001,13.9003,13.7278,13.5765,13.442,13.3214,13.2121,13.1123,13.0206,12.9358,12.8571,12.7836,12.7147,12.65,12.5889,12.5311,12.4764,12.4243,12.3747,12.3273,12.2821,12.2387,12.1971,12.1572,12.1187,12.0817,12.046,12.0116,11.9783,11.9461,11.9149,11.8848,11.8555,11.8271,11.7995,11.7727,11.7467,11.7213,11.6967,11.6727,11.6492,11.6264,11.6041,11.5824,11.5612,11.5405,11.5202,11.5004,11.4811,11.4622,11.4436,11.4255,11.4077,11.3903,11.3733,11.3566,11.3402,11.3241,11.3084,11.2929,11.2778,11.2629,11.2483,11.2339,11.2198,11.206,11.1923,11.179
22.3089,22.2011,22.0909,21.9782,21.8628,21.7445,21.623,21.4981,21.3695,21.2369,21.0998,20.9579,20.8106,20.6573,20.4973,20.3297,20.1535,19.9674,19.7699,19.5589,19.3318,19.0853,18.8147,18.5137,18.1732,17.7801,17.3169,16.769,16.1618,15.5882,15.1153,14.7393,14.4364,14.1865,13.9758,13.7947,13.6366,13.4966,13.3714,13.2582,13.1551,13.0606,12.9733,12.8924,12.817,12.7464,12.6802,12.6177,12.5587,12.5028,12.4497,12.3991,12.3509,12.3048,12.2607,12.2184,12.1778,12.1388,12.1012,12.065,12.03,11.9962,11.9636,11.932,11.9014,11.8718,11.843,11.8151,11.788,11.7616,11.736,11.711,11.6867,11.663,11.64,11.6175,11.5955,11.5741,11.5531,11.5327,11.5127,11.4931,11.474,11.4553,11.437,11.4191,11.4015,11.3843,11.3674,11.3509,11.3347,11.3188,11.3032,11.2879,11.2729,11.2582,11.2437,11.2295,11.2155,11.2018,11.1883
22.3309,22.2237,22.1143,22.0023,21.8877,21.7702,21.6497,21.5258,21.3984,21.2669,21.1312,20.9908,20.8452,20.6937,20.5358,20.3706,20.1972,20.0143,19.8206,19.614,19.3924,19.1526,18.8904,18.6003,18.2742,17.9008,17.4644,16.9485,16.3602,15.7722,15.2691,14.866,14.5424,14.2771,14.0546,13.8643,13.6989,13.553,13.4228,13.3056,13.199,13.1015,13.0117,12.9285,12.8511,12.7788,12.7109,12.647,12.5867,12.5297,12.4755,12.4239,12.3748,12.3279,12.283,12.24,12.1987,12.159,12.1209,12.0841,12.0486,12.0144,11.9813,11.9493,11.9183,11.8882,11.8591,11.8308,11.8034,11.7767,11.7507,11.7255,11.7009,11.677,11.6536,11.6309,11.6087,11.587,11.5658,11.5452,11.525,11.5052,11.4859,11.467,11.4486,11.4305,11.4127,11.3954,11.3783,11.3617,11.3453,11.3293,11.3136,11.2981,11.283,11.2681,11.2535,11.2392,11.2251,11.2112,11.1976
22.3527,22.2462,22.1374,22.0262,21.9124,21.7957,21.6761,21.5532,21.4269,21.2966,21.1622,21.0233,20.8792,20.7296,20.5737,20.4109,20.2401,20.0603,19.8701,19.6678,19.4512,19.2176,18.9632,18.683,18.37,18.0142,17.6018,17.1162,16.5531,15.9616,15.4315,15.0002,14.6543,14.3722,14.1369,13.9367,13.7635,13.6113,13.4759,13.3543,13.2441,13.1435,13.0509,12.9654,12.8859,12.8117,12.7422,12.6769,12.6152,12.5569,12.5017,12.4491,12.399,12.3513,12.3056,12.2618,12.2199,12.1796,12.1408,12.1035,12.0675,12.0327,11.9991,11.9667,11.9353,11.9048,11.8753,11.8467,11.8189,11.7919,11.7656,11.7401,11.7152,11.691,11.6674,11.6444,11.6219,11.6,11.5787,11.5578,11.5374,11.5174,11.4979,11.4789,11.4602,11.4419,11.424,11.4065,11.3893,11.3725,11.356,11.3398,11.324,11.3084,11.2931,11.2781,11.2634,11.2489,11.2347,11.2208,11.2071
22.3744,22.2685,22.1603,22.0498,21.9368,21.821,21.7023,21.5804,21.455,21.326,21.1929,21.0553,20.9128,20.7649,20.611,20.4504,20.2821,20.1052,19.9184,19.7201,19.5083,19.2805,19.0333,18.7622,18.4611,18.1211,17.7301,17.2725,16.7378,16.1533,15.6019,15.1422,14.7724,14.4721,14.223,14.0122,13.8305,13.6715,13.5307,13.4045,13.2904,13.1865,13.0911,13.0031,12.9215,12.8454,12.7741,12.7073,12.6442,12.5847,12.5282,12.4746,12.4236,12.375,12.3285,12.284,12.2413,12.2003,12.1609,12.123,12.0865,12.0512,12.0172,11.9843,11.9524,11.9216,11.8917,11.8627,11.8345,11.8072,11.7806,11.7548,11.7296,11.7051,11.6813,11.658,11.6353,11.6132,11.5916,11.5705,11.5499,11.5297,11.51,11.4908,11.4719,11.4535,11.4354,11.4177,11.4004,11.3834,11.3667,11.3504,11.3344,11.3187,11.3033,11.2882,11.2733,11.2587,11.2444,11.2303,11.2165
22.3959,22.2906,22.1831,22.0733,21.961,21.846,21.7282,21.6072,21.4829,21.355,21.2231,21.0869,20.9459,20.7997,20.6477,20.4892,20.3233,20.1492,19.9657,19.7712,19.5639,19.3415,19.101,18.8383,18.5479,18.2222,17.8503,17.4181,16.9124,16.3438,15.7792,15.2921,14.8972,14.5772,14.3132,14.0908,13.9001,13.734,13.5872,13.4562,13.338,13.2306,13.1323,13.0417,12.9578,12.8796,12.8067,12.7382,12.6737,12.6129,12.5553,12.5006,12.4486,12.399,12.3517,12.3064,12.263,12.2213,12.1813,12.1428,12.1057,12.07,12.0354,12.002,11.9698,11.9385,11.9082,11.8788,11.8503,11.8227,11.7958,11.7696,11.7441,11.7194,11.6952,11.6717,11.6488,11.6264,11.6046,11.5833,11.5624,11.5421,11.5222,11.5027,11.4837,11.4651,11.4468,11.429,11.4115,11.3943,11.3775,11.3611,11.3449,11.3291,11.3135,11.2983,11.2833,11.2686,11.2542,11.24,11.226
22.4172,22.3125,22.2057,22.0966,21.985,21.8708,21.7538,21.6338,21.5105,21.3837,21.253,21.1181,20.9786,20.834,20.6838,20.5274,20.3639,20.1924,20.0119,19.821,19.618,19.4007,19.1664,18.9115,18.6309,18.3181,17.9634,17.5542,17.0764,16.5297,15.9612,15.4498,15.0289,14.6878,14.4077,14.1729,13.9725,13.7986,13.6456,13.5094,13.387,13.2759,13.1744,13.0811,12.9948,12.9146,12.8398,12.7697,12.7037,12.6415,12.5827,12.5269,12.4739,12.4234,12.3752,12.3291,12.2849,12.2426,12.2019,12.1628,12.1252,12.0889,12.0538,12.02,11.9873,11.9556,11.9249,11.8951,11.8663,11.8382,11.811,11.7845,11.7588,11.7337,11.7093,11.6855,11.6624,11.6397,11.6177,11.5961,11.5751,11.5545,11.5344,11.5148,11.4956,11.4768,11.4583,11.4403,11.4227,11.4054,11.3884,11.3718,11.3555,11.3395,11.3238,11.3084,11.2933,11.2785,11.2639,11.2496,11.2356
22.4384,22.3343,22.2281,22.1196,22.0088,21.8954,21.7792,21.6601,21.5378,21.412,21.2825,21.1489,21.0108,20.8678,20.7194,20.5649,20.4036,20.2347,20.0572,19.8697,19.6707,19.4582,19.2297,18.982,18.7105,18.4093,18.0701,17.6816,17.2299,16.7084,16.1454,15.6147,15.1678,14.8043,14.5068,14.2587,14.0478,13.8657,13.706,13.5644,13.4374,13.3224,13.2177,13.1215,13.0327,12.9504,12.8736,12.8017,12.7343,12.6707,12.6106,12.5536,12.4996,12.4481,12.399,12.3521,12.3072,12.2641,12.2228,12.1831,12.1449,12.108,12.0725,12.0381,12.0049,11.9728,11.9417,11.9116,11.8823,11.854,11.8264,11.7996,11.7736,11.7482,11.7235,11.6995,11.676,11.6532,11.6309,11.6091,11.5878,11.5671,11.5468,11.5269,11.5075,11.4885,11.4699,11.4517,11.4339,11.4165,11.3993,11.3826,11.3661,11.35,11.3342,11.3187,11.3034,11.2885,11.2738,11.2594,11.2452
22.4594,22.3559,22.2503,22.1425,22.0324,21.9198,21.8044,21.6862,21.5648,21.4401,21.3117,21.1794,21.0427,20.9012,20.7544,20.6019,20.4427,20.2763,20.1015,19.9173,19.7221,19.5141,19.2911,19.05,18.7869,18.4964,18.1712,17.8012,17.3736,16.8782,16.3285,15.7857,15.3139,14.927,14.6108,14.3483,14.1263,13.9353,13.7685,13.6211,13.4892,13.3702,13.262,13.1629,13.0715,12.9869,12.9081,12.8344,12.7653,12.7003,12.6389,12.5808,12.5256,12.4732,12.4232,12.3754,12.3297,12.2859,12.2439,12.2036,12.1648,12.1273,12.0913,12.0564,12.0228,11.9902,11.9587,11.9282,11.8986,11.8698,11.8419,11.8148,11.7885,11.7628,11.7378,11.7135,11.6898,11.6667,11.6441,11.6221,11.6007,11.5797,11.5592,11.5391,11.5195,11.5004,11.4816,11.4632,11.4452,11.4276,11.4103,11.3934,11.3768,11.3606,11.3446,11.3289,11.3136,11.2985,11.2837,11.2691,11.2549
22.4803,22.3774,22.2724,22.1653,22.0558,21.9439,21.8294,21.712,21.5916,21.4679,21.3406,21.2095,21.0741,20.9341,20.789,20.6382,20.4812,20.3171,20.145,19.9638,19.7723,19.5686,19.3507,19.1158,18.8604,18.5797,18.2671,17.9139,17.5082,17.0385,16.5078,15.9609,15.4671,15.0562,14.7201,14.4422,14.2081,14.0076,13.8333,13.6796,13.5426,13.4194,13.3075,13.2052,13.1111,13.0241,12.9432,12.8677,12.797,12.7305,12.6677,12.6084,12.5521,12.4986,12.4476,12.399,12.3525,12.308,12.2653,12.2243,12.1849,12.1469,12.1103,12.075,12.0408,12.0078,11.9759,11.9449,11.9149,11.8858,11.8576,11.8301,11.8035,11.7775,11.7523,11.7277,11.7037,11.6803,11.6575,11.6353,11.6136,11.5924,11.5717,11.5514,11.5316,11.5123,11.4933,11.4748,11.4566,11.4388,11.4214,11.4043,11.3876,11.3712,11.3551,11.3393,11.3238,11.3086,11.2936,11.279,11.2646
22.5011,22.3987,22.2943,22.1878,22.079,21.9678,21.8541,21.7376,21.618,21.4953,21.3691,21.2392,21.1051,20.9666,20.823,20.6741,20.519,20.3571,20.1876,20.0094,19.8213,19.6216,19.4085,19.1795,18.9312,18.6595,18.3585,18.0204,17.6345,17.1892,16.6808,16.138,15.6267,15.192,14.835,14.5404,14.2935,14.0828,13.9003,13.7401,13.5977,13.4699,13.3542,13.2486,13.1517,13.0622,12.9791,12.9017,12.8292,12.7612,12.697,12.6364,12.579,12.5244,12.4725,12.423,12.3757,12.3304,12.287,12.2453,12.2052,12.1667,12.1295,12.0937,12.059,12.0256,11.9932,11.9618,11.9315,11.902,11.8734,11.8456,11.8186,11.7923,11.7668,11.7419,11.7177,11.694,11.671,11.6485,11.6266,11.6052,11.5843,11.5638,11.5438,11.5243,11.5051,11.4864,11.4681,11.4501,11.4325,11.4153,11.3984,11.3819,11.3656,11.3497,11.334,11.3187,11.3036,11.2888,11.2743
22.5217,22.4198,22.316,22.2102,22.102,21.9916,21.8786,21.7629,21.6443,21.5225,21.3974,21.2686,21.1358,20.9986,20.8566,20.7093,20.5562,20.3965,20.2295,20.0541,19.8692,19.6734,19.4648,19.2412,18.9996,18.7362,18.4458,18.1213,17.7534,17.3308,16.8459,16.3143,15.7918,15.3345,14.9557,14.6434,14.3826,14.1611,13.9699,13.8026,13.6545,13.5219,13.4021,13.2931,13.1932,13.1011,13.0158,12.9364,12.8621,12.7924,12.7268,12.6649,12.6063,12.5506,12.4977,12.4473,12.3991,12.353,12.3089,12.2665,12.2258,12.1867,12.1489,12.1126,12.0774,12.0435,12.0107,11.9789,11.9481,11.9183,11.8893,11.8612,11.8339,11.8073,11.7814,11.7563,11.7318,11.7079,11.6846,11.6619,11.6397,11.6181,11.5969,11.5763,11.5561,11.5363,11.517,11.4981,11.4796,11.4615,11.4437,11.4263,11.4093,11.3926,11.3762,11.3601,11.3444,11.3289,11.3137,11.2988,11.2841
22.5421,22.4408,22.3376,22.2323,22.1249,22.0151,21.9029,21.788,21.6702,21.5494,21.4253,21.2976,21.166,21.0302,20.8897,20.7441,20.5928,20.4352,20.2705,20.0978,19.9161,19.7239,19.5196,19.3011,19.0657,18.81,18.5293,18.2173,17.8656,17.4638,17.0025,16.4872,15.9606,15.4834,15.0823,14.7513,14.4757,14.2425,14.0421,13.8674,13.7131,13.5754,13.4514,13.3388,13.2358,13.141,13.0532,12.9717,12.8956,12.8242,12.7571,12.6938,12.634,12.5772,12.5233,12.4719,12.4228,12.376,12.3311,12.288,12.2466,12.2069,12.1686,12.1317,12.096,12.0616,12.0284,11.9962,11.965,11.9347,11.9054,11.8769,11.8493,11.8224,11.7962,11.7708,11.746,11.7218,11.6983,11.6753,11.6529,11.631,11.6097,11.5888,11.5684,11.5485,11.529,11.5099,11.4912,11.4729,11.455,11.4374,11.4202,11.4034,11.3869,11.3706,11.3547,11.3391,11.3238,11.3088,11.294
22.5625,22.4617,22.359,22.2544,22.1476,22.0385,21.927,21.8128,21.696,21.5761,21.453,21.3264,21.196,21.0614,20.9224,20.7784,20.6289,20.4733,20.3109,20.1408,19.962,19.7732,19.573,19.3593,19.1298,18.8812,18.6093,18.3087,17.9718,17.589,17.1503,16.6547,16.1311,15.638,15.2152,14.8645,14.573,14.3274,14.1171,13.9344,13.7737,13.6306,13.5021,13.3856,13.2793,13.1817,13.0915,13.0078,12.9297,12.8566,12.788,12.7233,12.6622,12.6042,12.5492,12.4968,12.4469,12.3992,12.3535,12.3097,12.2677,12.2273,12.1884,12.151,12.1148,12.0799,12.0462,12.0136,11.982,11.9513,11.9216,11.8928,11.8648,11.8376,11.8111,11.7854,11.7603,11.7359,11.7121,11.6889,11.6662,11.6441,11.6225,11.6014,11.5808,11.5607,11.541,11.5217,11.5029,11.4844,11.4663,11.4486,11.4313,11.4142,11.3976,11.3812,11.3652,11.3494,11.334,11.3188,11.3039
22.5827,22.4824,22.3803,22.2762,22.17,22.0616,21.9508,21.8375,21.7214,21.6025,21.4803,21.3548,21.2255,21.0923,20.9547,20.8122,20.6644,20.5107,20.3505,20.1829,20.0069,19.8214,19.625,19.4159,19.1918,18.9498,18.6863,18.396,18.0725,17.707,17.2896,16.8153,16.3009,15.7975,15.354,14.9831,14.6749,14.4159,14.195,14.0039,13.8362,13.6875,13.5542,13.4337,13.324,13.2234,13.1306,13.0446,12.9645,12.8896,12.8194,12.7532,12.6908,12.6317,12.5755,12.5222,12.4713,12.4227,12.3763,12.3318,12.289,12.248,12.2085,12.1705,12.1338,12.0984,12.0642,12.0311,11.9991,11.9681,11.938,11.9088,11.8805,11.8529,11.8261,11.8001,11.7747,11.75,11.726,11.7025,11.6796,11.6573,11.6355,11.6142,11.5934,11.573,11.5531,11.5337,11.5146,11.496,11.4777,11.4599,11.4423,11.4252,11.4083,11.3918,11.3757,11.3598,11.3442,11.3289,11.3139
22.6027,22.503,22.4014,22.2979,22.1924,22.0846,21.9745,21.8619,21.7467,21.6286,21.5074,21.3829,21.2548,21.1228,20.9865,20.8455,20.6994,20.5476,20.3895,20.2242,20.051,19.8686,19.6759,19.471,19.252,19.0163,18.7603,18.4797,18.1684,17.8186,17.421,16.9682,16.4679,15.9603,15.4987,15.1073,14.7814,14.5082,14.2761,14.0759,13.901,13.7462,13.6079,13.4832,13.3698,13.2661,13.1706,13.0822,13,12.9233,12.8514,12.7837,12.7199,12.6595,12.6023,12.5479,12.4961,12.4466,12.3993,12.3541,12.3106,12.2689,12.2288,12.1902,12.153,12.1171,12.0824,12.0489,12.0164,11.985,11.9545,11.925,11.8963,11.8684,11.8413,11.8149,11.7893,11.7643,11.74,11.7162,11.6931,11.6705,11.6485,11.627,11.6059,11.5854,11.5653,11.5457,11.5264,11.5076,11.4892,11.4712,11.4535,11.4362,11.4192,11.4025,11.3862,11.3702,11.3545,11.339,11.3239
22.6227,22.5234,22.4224,22.3195,22.2145,22.1074,21.998,21.8862,21.7717,21.6545,21.5342,21.4107,21.2837,21.1529,21.0179,20.8784,20.7339,20.5839,20.4278,20.2648,20.0942,19.9148,19.7255,19.5247,19.3105,19.0806,18.8317,18.5599,18.2598,17.9244,17.5449,17.1131,16.6302,16.1246,15.6486,15.2371,14.8928,14.6046,14.3605,14.1507,13.9679,13.8068,13.6632,13.534,13.4168,13.3098,13.2115,13.1206,13.0363,12.9576,12.8839,12.8147,12.7495,12.6878,12.6294,12.5739,12.5211,12.4708,12.4227,12.3766,12.3325,12.2901,12.2494,12.2102,12.1724,12.136,12.1008,12.0668,12.0339,12.0021,11.9712,11.9412,11.9122,11.884,11.8565,11.8299,11.8039,11.7787,11.7541,11.7301,11.7067,11.6839,11.6616,11.6399,11.6186,11.5979,11.5776,11.5577,11.5383,11.5193,11.5007,11.4825,11.4647,11.4472,11.4301,11.4133,11.3968,11.3807,11.3648,11.3492,11.334
22.6425,22.5437,22.4432,22.3409,22.2365,22.13,22.0213,21.9102,21.7965,21.6801,21.5607,21.4382,21.3123,21.1826,21.049,20.9109,20.7679,20.6197,20.4655,20.3047,20.1366,19.96,19.774,19.5771,19.3675,19.1429,18.9007,18.637,18.3472,18.0248,17.662,17.2501,16.7863,16.2884,15.8028,15.3726,15.0094,14.7053,14.4484,14.2283,14.0373,13.8693,13.7201,13.5862,13.4651,13.3546,13.2533,13.1599,13.0732,12.9925,12.9171,12.8462,12.7796,12.7166,12.657,12.6004,12.5466,12.4953,12.4463,12.3995,12.3546,12.3115,12.2702,12.2304,12.192,12.1551,12.1194,12.0849,12.0516,12.0193,11.988,11.9577,11.9283,11.8997,11.8719,11.845,11.8187,11.7932,11.7683,11.744,11.7204,11.6973,11.6748,11.6529,11.6314,11.6104,11.5899,11.5699,11.5503,11.5311,11.5124,11.494,11.476,11.4583,11.441,11.4241,11.4075,11.3912,11.3752,11.3595,11.3441
22.6622,22.5639,22.4639,22.3621,22.2583,22.1524,22.0444,21.934,21.8211,21.7055,21.587,21.4655,21.3406,21.2121,21.0796,20.9429,20.8015,20.6549,20.5026,20.3439,20.1782,20.0044,19.8215,19.6282,19.4229,19.2035,18.9674,18.7113,18.4309,18.1205,17.7729,17.3797,16.9355,16.4498,15.96,15.5132,15.1311,14.8104,14.5399,14.3089,14.1091,13.934,13.7788,13.64,13.5146,13.4006,13.2962,13.2,13.111,13.0282,12.9509,12.8784,12.8102,12.7458,12.685,12.6273,12.5724,12.5202,12.4703,12.4226,12.377,12.3332,12.2912,12.2508,12.2119,12.1744,12.1382,12.1032,12.0694,12.0367,12.005,11.9743,11.9445,11.9156,11.8875,11.8602,11.8336,11.8078,11.7826,11.7581,11.7342,11.7109,11.6881,11.6659,11.6443,11.6231,11.6024,11.5822,11.5624,11.543,11.524,11.5055,11.4873,11.4695,11.4521,11.435,11.4182,11.4018,11.3856,11.3698,11.3543
22.6817,22.584,22.4845,22.3832,22.28,22.1747,22.0673,21.9576,21.8454,21.7306,21.6131,21.4924,21.3686,21.2412,21.1099,20.9745,20.8346,20.6896,20.5391,20.3825,20.219,20.0478,19.868,19.6781,19.4769,19.2623,19.032,18.783,18.5113,18.2119,17.8781,17.5022,17.0774,16.607,16.1186,15.6586,15.2581,14.9201,14.6353,14.3928,14.1836,14.0008,13.8394,13.6953,13.5655,13.4477,13.3401,13.2411,13.1496,13.0646,12.9853,12.9111,12.8413,12.7756,12.7134,12.6545,12.5986,12.5454,12.4946,12.4461,12.3997,12.3552,12.3125,12.2714,12.2319,12.1938,12.1571,12.1217,12.0874,12.0542,12.0221,11.991,11.9608,11.9316,11.9031,11.8755,11.8486,11.8225,11.797,11.7722,11.7481,11.7245,11.7015,11.6791,11.6572,11.6358,11.6149,11.5945,11.5745,11.5549,11.5358,11.5171,11.4987,11.4808,11.4632,11.4459,11.429,11.4124,11.3961,11.3802,11.3645
22.7012,22.6039,22.5049,22.4041,22.3015,22.1968,22.09,21.981,21.8696,21.7556,21.6388,21.5191,21.3962,21.2699,21.1399,21.0058,20.8672,20.7238,20.5751,20.4204,20.2592,20.0905,19.9135,19.727,19.5295,19.3195,19.0946,18.8522,18.5886,18.2993,17.9783,17.6183,17.2121,16.7588,16.2767,15.8078,15.3901,15.0346,14.7347,14.4799,14.2608,14.07,13.9019,13.7523,13.6178,13.4961,13.385,13.2831,13.189,13.1017,13.0204,12.9444,12.873,12.8058,12.7423,12.6822,12.6252,12.571,12.5193,12.4699,12.4227,12.3774,12.334,12.2923,12.2522,12.2135,12.1763,12.1403,12.1056,12.072,12.0394,12.0079,11.9774,11.9477,11.9189,11.891,11.8638,11.8373,11.8116,11.7865,11.7621,11.7383,11.715,11.6924,11.6702,11.6486,11.6275,11.6069,11.5867,11.567,11.5476,11.5287,11.5102,11.4921,11.4743,11.4569,11.4399,11.4231,11.4067,11.3906,11.3748
22.7205,22.6236,22.5251,22.4249,22.3228,22.2187,22.1126,22.0042,21.8935,21.7803,21.6644,21.5456,21.4236,21.2984,21.1695,21.0366,20.8995,20.7576,20.6105,20.4578,20.2986,20.1324,19.9581,19.7747,19.5809,19.3752,19.1554,18.9191,18.663,18.3831,18.0737,17.7284,17.3398,16.9044,16.4328,15.9597,15.527,15.1539,14.8384,14.5706,14.341,14.1416,13.9665,13.811,13.6716,13.5457,13.4311,13.3261,13.2293,13.1396,13.0562,12.9783,12.9052,12.8365,12.7717,12.7104,12.6522,12.5969,12.5442,12.494,12.4459,12.3999,12.3558,12.3134,12.2727,12.2335,12.1957,12.1592,12.1239,12.0899,12.0569,12.025,11.994,11.964,11.9349,11.9066,11.879,11.8523,11.8263,11.8009,11.7762,11.7521,11.7286,11.7057,11.6834,11.6615,11.6402,11.6194,11.599,11.5791,11.5596,11.5405,11.5218,11.5035,11.4856,11.468,11.4508,11.4339,11.4173,11.4011,11.3851
22.7397,22.6433,22.5453,22.4456,22.344,22.2405,22.135,22.0273,21.9173,21.8048,21.6897,21.5717,21.4508,21.3265,21.1987,21.0671,20.9313,20.7909,20.6455,20.4945,20.3374,20.1735,20.0018,19.8214,19.6312,19.4294,19.2145,18.9839,18.7349,18.4635,18.165,17.8331,17.461,17.0434,16.5852,16.1129,15.6681,15.2781,14.9464,14.665,14.4242,14.2158,14.0332,13.8715,13.727,13.5967,13.4783,13.3701,13.2704,13.1783,13.0927,13.0129,12.9381,12.8678,12.8015,12.7389,12.6796,12.6232,12.5696,12.5184,12.4695,12.4227,12.3779,12.3348,12.2934,12.2536,12.2152,12.1782,12.1425,12.1079,12.0745,12.0422,12.0108,11.9804,11.9509,11.9223,11.8944,11.8674,11.841,11.8154,11.7904,11.7661,11.7423,11.7192,11.6966,11.6745,11.653,11.6319,11.6114,11.5912,11.5715,11.5523,11.5334,11.5149,11.4968,11.4791,11.4617,11.4447,11.428,11.4116,11.3955
22.7588,22.6628,22.5653,22.4661,22.365,22.2621,22.1572,22.0501,21.9408,21.8291,21.7148,21.5977,21.4776,21.3544,21.2277,21.0972,20.9627,20.8238,20.6799,20.5307,20.3756,20.2139,20.0447,19.8672,19.6802,19.4824,19.272,19.0468,18.8043,18.5409,18.2523,17.9328,17.5759,17.1757,16.7328,16.2657,15.8126,15.4068,15.0588,14.7632,14.5106,14.2926,14.1021,13.934,13.784,13.6491,13.5268,13.4151,13.3126,13.2179,13.13,13.0481,12.9715,12.8996,12.8319,12.7679,12.7074,12.6499,12.5952,12.5431,12.4934,12.4458,12.4002,12.3564,12.3144,12.274,12.235,12.1975,12.1612,12.1262,12.0923,12.0596,12.0278,11.997,11.9671,11.9381,11.91,11.8826,11.8559,11.83,11.8047,11.7801,11.7561,11.7327,11.7099,11.6876,11.6659,11.6446,11.6238,11.6035,11.5836,11.5641,11.5451,11.5265,11.5082,11.4903,11.4728,11.4556,11.4388,11.4222,11.406
22.7777,22.6822,22.5852,22.4864,22.3859,22.2836,22.1792,22.0728,21.9642,21.8532,21.7396,21.6234,21.5042,21.3819,21.2563,21.127,20.9938,20.8562,20.7139,20.5664,20.4132,20.2536,20.0868,19.9121,19.7283,19.5341,19.3279,19.1079,18.8714,18.6155,18.336,18.028,17.6852,17.3015,16.8748,16.4167,15.9595,15.54,15.1757,14.8653,14.6004,14.3722,14.1735,13.9984,13.8427,13.7029,13.5765,13.4613,13.3557,13.2583,13.168,13.0841,13.0056,12.932,12.8628,12.7974,12.7356,12.677,12.6213,12.5682,12.5176,12.4691,12.4228,12.3783,12.3356,12.2946,12.255,12.2169,12.1802,12.1447,12.1103,12.0771,12.0449,12.0137,11.9835,11.9541,11.9256,11.8979,11.871,11.8447,11.8192,11.7943,11.7701,11.7464,11.7233,11.7008,11.6788,11.6573,11.6363,11.6158,11.5957,11.5761,11.5569,11.5381,11.5196,11.5016,11.4839,11.4666,11.4496,11.4329,11.4165
22.7966,22.7015,22.6049,22.5067,22.4067,22.3049,22.2011,22.0953,21.9873,21.877,21.7643,21.6488,21.5305,21.4092,21.2846,21.1564,21.0244,20.8882,20.7474,20.6016,20.4502,20.2926,20.1282,19.9561,19.7753,19.5845,19.3825,19.1672,18.9365,18.6875,18.4165,18.119,17.7892,17.4211,17.0108,16.5645,16.1075,15.677,15.2971,14.9716,14.6937,14.4548,14.2473,14.0649,13.9032,13.7583,13.6275,13.5086,13.3998,13.2996,13.2069,13.1207,13.0403,12.965,12.8942,12.8274,12.7643,12.7045,12.6477,12.5937,12.5421,12.4928,12.4457,12.4005,12.3571,12.3154,12.2753,12.2366,12.1993,12.1633,12.1285,12.0948,12.0622,12.0306,12,11.9703,11.9414,11.9134,11.8861,11.8596,11.8337,11.8086,11.7841,11.7602,11.7368,11.7141,11.6919,11.6702,11.649,11.6282,11.608,11.5881,11.5687,11.5497,11.5311,11.5129,11.4951,11.4776,11.4604,11.4436,11.4271
22.8153,22.7207,22.6246,22.5268,22.4273,22.326,22.2229,22.1177,22.0103,21.9007,21.7887,21.674,21.5566,21.4362,21.3126,21.1856,21.0547,20.9198,20.7805,20.6362,20.4866,20.331,20.1688,19.9992,19.8213,19.6339,19.4357,19.2249,18.9996,18.7571,18.494,18.2062,17.8884,17.5348,17.1407,16.7081,16.2554,15.817,15.4227,15.082,14.7907,14.5405,14.3236,14.1336,13.9655,13.8153,13.68,13.5571,13.4449,13.3418,13.2466,13.1581,13.0757,12.9986,12.9261,12.8579,12.7935,12.7325,12.6745,12.6195,12.5669,12.5168,12.4688,12.4229,12.3788,12.3364,12.2957,12.2565,12.2186,12.1821,12.1468,12.1127,12.0797,12.0477,12.0167,11.9866,11.9573,11.929,11.9014,11.8745,11.8484,11.823,11.7982,11.774,11.7504,11.7274,11.705,11.6831,11.6617,11.6407,11.6203,11.6002,11.5806,11.5615,11.5427,11.5243,11.5063,11.4887,11.4713,11.4544,11.4377
22.834,22.7398,22.6441,22.5468,22.4478,22.3471,22.2444,22.1398,22.0331,21.9242,21.8129,21.699,21.5825,21.463,21.3404,21.2143,21.0847,20.951,20.8131,20.6704,20.5225,20.3688,20.2087,20.0416,19.8664,19.6822,19.4876,19.2811,19.0609,18.8244,18.5687,18.2899,17.9832,17.6432,17.2645,16.8466,16.4016,15.9593,15.5523,15.1966,14.8914,14.6294,14.4027,14.2047,14.0298,13.8739,13.7338,13.6069,13.4912,13.385,13.2871,13.1963,13.1118,13.0327,12.9586,12.8889,12.8231,12.7608,12.7018,12.6456,12.5921,12.5411,12.4923,12.4456,12.4008,12.3578,12.3164,12.2766,12.2382,12.2011,12.1653,12.1308,12.0973,12.0649,12.0335,12.003,11.9734,11.9447,11.9168,11.8896,11.8632,11.8375,11.8124,11.788,11.7642,11.7409,11.7182,11.6961,11.6744,11.6533,11.6326,11.6124,11.5926,11.5733,11.5543,11.5358,11.5176,11.4998,11.4823,11.4652,11.4484
22.8525,22.7587,22.6635,22.5666,22.4681,22.3679,22.2659,22.1618,22.0558,21.9475,21.8369,21.7238,21.6081,21.4895,21.3678,21.2428,21.1143,20.9819,20.8453,20.7041,20.5578,20.406,20.248,20.0832,19.9106,19.7294,19.5383,19.3359,19.1204,18.8896,18.6408,18.3703,18.074,17.7465,17.3826,16.9797,16.545,16.1025,15.6854,15.3153,14.9959,14.7216,14.4847,14.2781,14.0961,13.9343,13.7892,13.658,13.5386,13.4292,13.3285,13.2352,13.1485,13.0676,12.9917,12.9204,12.8532,12.7896,12.7294,12.6722,12.6177,12.5657,12.5161,12.4686,12.423,12.3793,12.3373,12.2969,12.2579,12.2203,12.184,12.149,12.1151,12.0822,12.0504,12.0196,11.9896,11.9605,11.9323,11.9048,11.8781,11.8521,11.8267,11.802,11.778,11.7545,11.7316,11.7092,11.6873,11.666,11.6451,11.6247,11.6047,11.5852,11.5661,11.5473,11.529,11.511,11.4934,11.4761,11.4592
22.8709,22.7776,22.6827,22.5864,22.4884,22.3886,22.2871,22.1837,22.0782,21.9706,21.8607,21.7484,21.6334,21.5157,21.395,21.271,21.1436,21.0124,20.8771,20.7373,20.5927,20.4426,20.2866,20.124,19.954,19.7757,19.5879,19.3894,19.1784,18.9529,18.7105,18.4478,18.161,17.8452,17.4951,17.1071,16.6846,16.2456,15.8212,15.4378,15.1043,14.8173,14.5696,14.354,14.1645,13.9965,13.8461,13.7104,13.5872,13.4745,13.3708,13.275,13.186,13.1031,13.0254,12.9525,12.8838,12.8189,12.7574,12.6991,12.6436,12.5907,12.5402,12.4918,12.4456,12.4011,12.3585,12.3174,12.2779,12.2397,12.2029,12.1674,12.133,12.0997,12.0675,12.0363,12.006,11.9765,11.9479,11.9201,11.8931,11.8668,11.8412,11.8162,11.7919,11.7681,11.745,11.7224,11.7003,11.6787,11.6576,11.637,11.6169,11.5971,11.5778,11.5589,11.5404,11.5223,11.5045,11.4871,11.47
22.8893,22.7963,22.7019,22.606,22.5084,22.4092,22.3082,22.2054,22.1005,21.9935,21.8843,21.7727,21.6585,21.5417,21.4218,21.2989,21.1725,21.0425,20.9085,20.7701,20.627,20.4787,20.3246,20.1642,19.9966,19.821,19.6364,19.4415,19.2348,19.0144,18.778,18.5226,18.2446,17.9395,17.6024,17.229,16.8197,16.3873,15.959,15.564,15.2166,14.9165,14.6575,14.4325,14.2352,14.0606,13.9047,13.7643,13.637,13.5208,13.4141,13.3157,13.2243,13.1393,13.0597,12.9851,12.9149,12.8486,12.7859,12.7264,12.6699,12.616,12.5646,12.5154,12.4683,12.4232,12.3799,12.3382,12.298,12.2594,12.222,12.186,12.1512,12.1174,12.0848,12.0531,12.0224,11.9927,11.9637,11.9356,11.9082,11.8816,11.8557,11.8305,11.8059,11.7819,11.7585,11.7356,11.7133,11.6916,11.6703,11.6494,11.6291,11.6092,11.5897,11.5706,11.5519,11.5336,11.5157,11.4981,11.4809
22.9075,22.8149,22.7209,22.6254,22.5284,22.4297,22.3292,22.2269,22.1226,22.0163,21.9077,21.7968,21.6835,21.5674,21.4485,21.3265,21.2012,21.0723,20.9395,20.8025,20.6609,20.5143,20.3621,20.2037,20.0384,19.8655,19.6839,19.4925,19.2898,19.0742,18.8434,18.5948,18.325,18.03,17.7049,17.3454,16.9499,16.5265,16.0978,15.6934,15.3326,15.0193,14.7486,14.5137,14.3082,14.1267,13.9649,13.8196,13.6881,13.5683,13.4584,13.3572,13.2634,13.1762,13.0947,13.0183,12.9466,12.8789,12.8148,12.7542,12.6965,12.6416,12.5893,12.5393,12.4914,12.4455,12.4015,12.3592,12.3184,12.2792,12.2413,12.2048,12.1695,12.1353,12.1022,12.0702,12.0391,12.0089,11.9796,11.9512,11.9235,11.8966,11.8704,11.8449,11.82,11.7957,11.7721,11.749,11.7265,11.7045,11.683,11.662,11.6414,11.6213,11.6016,11.5824,11.5635,11.545,11.5269,11.5092,11.4918
22.9256,22.8334,22.7399,22.6448,22.5482,22.45,22.35,22.2483,22.1446,22.0388,21.931,21.8208,21.7081,21.5929,21.4748,21.3538,21.2295,21.1017,20.9702,20.8345,20.6944,20.5493,20.3989,20.2425,20.0795,19.9091,19.7304,19.5423,19.3435,19.1324,18.9069,18.6646,18.4025,18.1167,17.803,17.4565,17.0749,16.6623,16.2364,15.8252,15.4522,15.1257,14.843,14.5978,14.3836,14.1948,14.027,13.8765,13.7405,13.6169,13.5037,13.3996,13.3033,13.2138,13.1303,13.0522,12.9787,12.9096,12.8442,12.7823,12.7236,12.6677,12.6144,12.5635,12.5148,12.4682,12.4234,12.3804,12.3391,12.2992,12.2608,12.2238,12.188,12.1533,12.1198,12.0873,12.0559,12.0253,11.9957,11.9669,11.9389,11.9117,11.8852,11.8594,11.8342,11.8097,11.7858,11.7625,11.7397,11.7175,11.6958,11.6745,11.6538,11.6335,11.6136,11.5942,11.5752,11.5565,11.5383,11.5204,11.5028
22.9436,22.8518,22.7587,22.6641,22.5679,22.4702,22.3707,22.2695,22.1664,22.0612,21.954,21.8445,21.7326,21.6182,21.501,21.3808,21.2575,21.1308,21.0005,20.8661,20.7274,20.5839,20.4352,20.2807,20.1199,19.9519,19.776,19.5911,19.3959,19.189,18.9685,18.7322,18.4772,18.2002,17.8969,17.5628,17.1947,16.7941,16.3738,15.9588,15.5752,15.2357,14.9407,14.6848,14.4615,14.2651,14.0909,13.9349,13.7944,13.6667,13.5501,13.443,13.344,13.2522,13.1666,13.0866,13.0115,12.9408,12.8741,12.8109,12.751,12.694,12.6398,12.588,12.5385,12.491,12.4456,12.4019,12.3599,12.3195,12.2805,12.2429,12.2066,12.1715,12.1376,12.1047,12.0728,12.0419,12.0119,11.9827,11.9544,11.9269,11.9001,11.874,11.8485,11.8238,11.7996,11.776,11.753,11.7306,11.7087,11.6872,11.6663,11.6458,11.6257,11.6061,11.5869,11.5681,11.5496,11.5316,11.5139
22.9615,22.8701,22.7774,22.6832,22.5875,22.4902,22.3913,22.2906,22.188,22.0835,21.9769,21.868,21.7569,21.6432,21.5268,21.4076,21.2853,21.1596,21.0304,20.8973,20.7599,20.618,20.471,20.3184,20.1596,19.994,19.8207,19.6388,19.4471,19.2442,19.0285,18.7978,18.5495,18.2805,17.9869,17.6645,17.3094,16.9214,16.509,16.0933,15.7009,15.3492,15.0418,14.7748,14.542,14.3377,14.1567,13.9951,13.8496,13.7178,13.5976,13.4873,13.3856,13.2913,13.2036,13.1216,13.0448,12.9725,12.9044,12.8399,12.7788,12.7208,12.6655,12.6128,12.5624,12.5142,12.468,12.4236,12.381,12.34,12.3004,12.2623,12.2255,12.1899,12.1555,12.1222,12.0899,12.0586,12.0282,11.9987,11.9701,11.9422,11.9151,11.8887,11.863,11.8379,11.8135,11.7897,11.7665,11.7438,11.7216,11.7,11.6788,11.6581,11.6379,11.6181,11.5987,11.5797,11.5611,11.5429,11.525
22.9794,22.8883,22.796,22.7022,22.6069,22.5101,22.4117,22.3115,22.2095,22.1055,21.9996,21.8914,21.7809,21.668,21.5525,21.4341,21.3128,21.1881,21.06,20.9281,20.7921,20.6516,20.5062,20.3554,20.1986,20.0353,19.8645,19.6855,19.4971,19.2981,19.0868,18.8614,18.6194,18.3579,18.0734,17.7618,17.4193,17.044,16.6412,16.2276,15.829,15.466,15.1462,14.8678,14.6253,14.4125,14.2245,14.0569,13.9064,13.7703,13.6463,13.5327,13.4281,13.3313,13.2413,13.1574,13.0787,13.0048,12.9352,12.8694,12.8071,12.7479,12.6916,12.638,12.5867,12.5377,12.4907,12.4456,12.4023,12.3607,12.3206,12.2819,12.2445,12.2085,12.1736,12.1398,12.1071,12.0754,12.0447,12.0148,11.9858,11.9576,11.9302,11.9035,11.8775,11.8522,11.8275,11.8035,11.78,11.7571,11.7347,11.7128,11.6914,11.6705,11.6501,11.6301,11.6105,11.5914,11.5726,11.5542,11.5362
22.9971,22.9064,22.8145,22.7211,22.6263,22.5299,22.4319,22.3323,22.2308,22.1274,22.0221,21.9146,21.8048,21.6926,21.5779,21.4604,21.3399,21.2163,21.0893,20.9586,20.8239,20.6848,20.541,20.3919,20.2371,20.0759,19.9076,19.7313,19.5461,19.3507,19.1437,18.9232,18.6871,18.4327,18.1566,17.8552,17.5244,17.1618,16.7697,16.361,15.9586,15.5857,15.254,14.9641,14.7113,14.4898,14.2944,14.1206,13.9647,13.824,13.6961,13.5791,13.4715,13.3721,13.2798,13.1937,13.1132,13.0377,12.9665,12.8994,12.8358,12.7755,12.7181,12.6635,12.6113,12.5614,12.5137,12.4679,12.4239,12.3816,12.3409,12.3017,12.2638,12.2272,12.1919,12.1577,12.1245,12.0924,12.0613,12.0311,12.0017,11.9732,11.9455,11.9185,11.8922,11.8666,11.8417,11.8173,11.7936,11.7704,11.7478,11.7257,11.7042,11.6831,11.6624,11.6422,11.6225,11.6031,11.5842,11.5657,11.5475
23.0147,22.9244,22.8329,22.7399,22.6455,22.5496,22.4521,22.3529,22.252,22.1492,22.0444,21.9375,21.8285,21.717,21.6031,21.4864,21.3669,21.2442,21.1183,20.9887,20.8552,20.7175,20.5752,20.4278,20.2749,20.1158,19.9498,19.7762,19.594,19.4021,19.1991,18.9833,18.7527,18.5049,18.2368,17.9448,17.6252,17.2748,16.8942,16.4923,16.089,15.7081,15.365,15.0634,14.8001,14.5696,14.3665,14.1861,14.0247,13.8792,13.7472,13.6266,13.5159,13.4138,13.319,13.2308,13.1484,13.0711,12.9984,12.9298,12.8649,12.8034,12.745,12.6893,12.6362,12.5855,12.5369,12.4904,12.4457,12.4028,12.3615,12.3216,12.2832,12.2462,12.2103,12.1757,12.1421,12.1096,12.0781,12.0475,12.0178,11.9889,11.9608,11.9335,11.907,11.8811,11.8559,11.8313,11.8073,11.7839,11.7611,11.7388,11.717,11.6956,11.6748,11.6544,11.6345,11.615,11.5959,11.5771,11.5588
23.0323,22.9424,22.8511,22.7586,22.6646,22.5691,22.4721,22.3734,22.273,22.1708,22.0666,21.9603,21.8519,21.7412,21.628,21.5122,21.3935,21.2718,21.1469,21.0185,20.8862,20.7499,20.609,20.4633,20.3121,20.155,19.9913,19.8203,19.641,19.4524,19.2532,19.0418,18.8165,18.5748,18.3141,18.031,17.7218,17.3832,17.0143,16.621,16.2194,15.8326,15.479,15.166,14.8919,14.6519,14.4408,14.2536,14.0863,13.9359,13.7996,13.6753,13.5613,13.4563,13.3591,13.2686,13.1842,13.1051,13.0308,12.9607,12.8945,12.8318,12.7722,12.7155,12.6615,12.6099,12.5605,12.5132,12.4678,12.4242,12.3822,12.3418,12.3029,12.2653,12.229,12.1938,12.1598,12.1269,12.095,12.064,12.0339,12.0047,11.9763,11.9487,11.9219,11.8957,11.8702,11.8454,11.8211,11.7975,11.7744,11.7519,11.7298,11.7083,11.6873,11.6667,11.6466,11.6269,11.6076,11.5887,11.5702
23.0497,22.9602,22.8693,22.7772,22.6836,22.5886,22.492,22.3938,22.2939,22.1922,22.0886,21.983,21.8752,21.7652,21.6527,21.5377,21.4199,21.2992,21.1753,21.0479,20.9169,20.7818,20.6424,20.4982,20.3488,20.1937,20.0321,19.8635,19.687,19.5015,19.3059,19.0988,18.8784,18.6426,18.3888,18.114,17.8145,17.4872,17.13,16.7464,16.3488,15.9584,15.5958,15.2716,14.9866,14.7369,14.5174,14.323,14.1497,13.9941,13.8533,13.7251,13.6078,13.4998,13.3999,13.3072,13.2207,13.1398,13.0637,12.9922,12.9246,12.8606,12.7999,12.7421,12.6871,12.6346,12.5844,12.5363,12.4901,12.4459,12.4033,12.3623,12.3227,12.2846,12.2478,12.2122,12.1777,12.1444,12.112,12.0807,12.0503,12.0207,11.992,11.964,11.9369,11.9104,11.8846,11.8595,11.835,11.8111,11.7878,11.7651,11.7428,11.7211,11.6998,11.6791,11.6587,11.6389,11.6194,11.6003,11.5817
23.0671,22.9779,22.8874,22.7956,22.7025,22.6079,22.5118,22.4141,22.3147,22.2135,22.1105,22.0054,21.8983,21.789,21.6773,21.563,21.4461,21.3262,21.2033,21.077,20.9471,20.8134,20.6753,20.5327,20.385,20.2317,20.0722,19.906,19.7321,19.5496,19.3575,19.1544,18.9387,18.7083,18.4611,18.1939,17.9037,17.5869,17.2413,16.8681,16.4765,16.085,15.715,15.3802,15.0843,14.8247,14.5964,14.3946,14.2149,14.0538,13.9084,13.7762,13.6553,13.5443,13.4417,13.3465,13.2579,13.175,13.0973,13.0241,12.9551,12.8898,12.8279,12.7691,12.713,12.6596,12.6085,12.5596,12.5127,12.4678,12.4245,12.3829,12.3428,12.3041,12.2668,12.2307,12.1958,12.162,12.1293,12.0975,12.0667,12.0368,12.0077,11.9795,11.952,11.9252,11.8992,11.8738,11.849,11.8249,11.8013,11.7783,11.7559,11.7339,11.7125,11.6915,11.671,11.6509,11.6313,11.612,11.5932
23.0844,22.9955,22.9054,22.814,22.7213,22.6271,22.5314,22.4342,22.3353,22.2346,22.1321,22.0277,21.9212,21.8126,21.7016,21.5881,21.472,21.353,21.2311,21.1058,20.9771,20.8445,20.7078,20.5667,20.4206,20.2691,20.1117,19.9477,19.7763,19.5968,19.408,19.2087,18.9973,18.7722,18.531,18.2711,17.9895,17.6828,17.3483,16.9859,16.6019,16.2116,15.836,15.4915,15.1849,14.9151,14.6779,14.4683,14.282,14.1152,13.9649,13.8285,13.704,13.5897,13.4843,13.3866,13.2958,13.2109,13.1314,13.0566,12.9861,12.9195,12.8564,12.7964,12.7393,12.6849,12.633,12.5833,12.5356,12.4899,12.446,12.4038,12.3631,12.3238,12.286,12.2494,12.214,12.1798,12.1466,12.1145,12.0833,12.053,12.0236,11.995,11.9672,11.9402,11.9138,11.8882,11.8632,11.8388,11.8149,11.7917,11.769,11.7469,11.7252,11.704,11.6833,11.663,11.6432,11.6238,11.6048
23.1015,23.013,22.9233,22.8323,22.7399,22.6462,22.5509,22.4541,22.3557,22.2556,22.1537,22.0498,21.944,21.836,21.7257,21.613,21.4976,21.3796,21.2585,21.1343,21.0067,20.8753,20.7399,20.6002,20.4557,20.306,20.1505,19.9887,19.8198,19.643,19.4573,19.2616,19.0545,18.8342,18.5988,18.3457,18.0722,17.7749,17.451,17.0995,16.7242,16.3373,15.9583,15.6054,15.2884,15.0084,14.7619,14.5443,14.3511,14.1783,14.0229,13.8821,13.7538,13.6361,13.5278,13.4276,13.3344,13.2475,13.1661,13.0896,13.0176,12.9496,12.8852,12.8241,12.766,12.7106,12.6577,12.6072,12.5588,12.5123,12.4677,12.4249,12.3836,12.3438,12.3054,12.2683,12.2324,12.1978,12.1642,12.1316,12.1001,12.0694,12.0397,12.0107,11.9826,11.9552,11.9286,11.9027,11.8774,11.8527,11.8287,11.8052,11.7823,11.7599,11.738,11.7166,11.6957,11.6753,11.6552,11.6356,11.6165
23.1186,23.0305,22.9411,22.8504,22.7585,22.6651,22.5703,22.474,22.3761,22.2765,22.1751,22.0718,21.9665,21.8592,21.7496,21.6376,21.5231,21.4059,21.2857,21.1625,21.0359,20.9057,20.7716,20.6333,20.4903,20.3423,20.1887,20.029,19.8624,19.6883,19.5056,19.3134,19.1102,18.8946,18.6646,18.4179,18.1519,17.8635,17.5498,17.209,16.8432,16.4615,16.0812,15.7215,15.3947,15.1044,14.8484,14.6225,14.4221,14.2432,14.0825,13.9371,13.8047,13.6837,13.5723,13.4693,13.3738,13.2847,13.2014,13.1233,13.0497,12.9803,12.9146,12.8523,12.793,12.7367,12.6828,12.6314,12.5822,12.535,12.4897,12.4462,12.4043,12.3639,12.325,12.2874,12.251,12.2159,12.1819,12.1489,12.1169,12.0859,12.0558,12.0265,11.9981,11.9704,11.9435,11.9173,11.8917,11.8668,11.8425,11.8187,11.7956,11.773,11.7509,11.7293,11.7082,11.6875,11.6673,11.6476,11.6282
23.1357,23.0478,22.9588,22.8685,22.7769,22.684,22.5896,22.4937,22.3963,22.2972,22.1963,22.0936,21.9889,21.8822,21.7733,21.662,21.5483,21.4319,21.3127,21.1904,21.0649,20.9358,20.803,20.666,20.5245,20.3781,20.2263,20.0686,19.9043,19.7327,19.553,19.364,19.1646,18.9534,18.7285,18.4878,18.2289,17.9489,17.6448,17.3145,16.9586,16.5836,16.2042,15.8392,15.5035,15.2032,14.9376,14.7031,14.4952,14.3099,14.1436,13.9934,13.857,13.7323,13.6177,13.512,13.4139,13.3227,13.2374,13.1574,13.0823,13.0114,12.9443,12.8808,12.8205,12.763,12.7083,12.656,12.6059,12.558,12.512,12.4678,12.4252,12.3843,12.3448,12.3066,12.2698,12.2342,12.1997,12.1663,12.134,12.1026,12.0721,12.0425,12.0137,11.9857,11.9585,11.932,11.9061,11.8809,11.8564,11.8324,11.809,11.7862,11.7639,11.7421,11.7207,11.6999,11.6795,11.6595,11.64
23.1526,23.0651,22.9764,22.8865,22.7953,22.7027,22.6088,22.5133,22.4164,22.3177,22.2174,22.1152,22.0112,21.9051,21.7968,21.6863,21.5733,21.4577,21.3394,21.218,21.0935,20.9656,20.8339,20.6982,20.5582,20.4134,20.2634,20.1076,19.9455,19.7764,19.5994,19.4135,19.2178,19.0107,18.7906,18.5556,18.3034,18.0312,17.7362,17.416,17.0702,16.703,16.3264,15.9581,15.6146,15.3046,15.0294,14.7861,14.5705,14.3785,14.2064,14.0513,13.9105,13.782,13.6642,13.5555,13.4549,13.3613,13.274,13.1922,13.1154,13.043,12.9746,12.9098,12.8483,12.7898,12.7341,12.6808,12.63,12.5812,12.5345,12.4896,12.4464,12.4048,12.3648,12.3261,12.2888,12.2527,12.2178,12.1839,12.1512,12.1194,12.0885,12.0586,12.0295,12.0011,11.9736,11.9468,11.9207,11.8952,11.8704,11.8462,11.8225,11.7995,11.7769,11.7549,11.7334,11.7123,11.6917,11.6716,11.6519
23.1694,23.0822,22.9939,22.9043,22.8135,22.7214,22.6278,22.5328,22.4363,22.3382,22.2384,22.1367,22.0332,21.9277,21.8201,21.7103,21.598,21.4833,21.3658,21.2454,21.1219,20.995,20.8645,20.7301,20.5915,20.4482,20.2999,20.146,19.986,19.8192,19.6448,19.462,19.2697,19.0666,18.8511,18.6215,18.3755,18.1107,17.8243,17.5138,17.1779,16.8194,16.4473,16.0776,15.7276,15.4086,15.1238,14.8715,14.6479,14.449,14.2709,14.1106,13.9653,13.8329,13.7117,13.6,13.4967,13.4008,13.3113,13.2276,13.1491,13.0751,13.0053,12.9392,12.8765,12.8169,12.7602,12.706,12.6543,12.6047,12.5572,12.5116,12.4678,12.4256,12.385,12.3458,12.3079,12.2713,12.236,12.2017,12.1685,12.1363,12.1051,12.0748,12.0453,12.0167,11.9888,11.9617,11.9353,11.9096,11.8845,11.86,11.8361,11.8128,11.7901,11.7678,11.7461,11.7249,11.7041,11.6837,11.6638
23.1862,23.0993,23.0113,22.9221,22.8317,22.7399,22.6468,22.5522,22.4561,22.3585,22.2592,22.1581,22.0551,21.9502,21.8433,21.7341,21.6226,21.5086,21.3919,21.2725,21.1499,21.0241,20.8947,20.7616,20.6243,20.4825,20.3358,20.1838,20.0258,19.8613,19.6895,19.5095,19.3205,19.1211,18.91,18.6854,18.4454,18.1875,17.9092,17.6079,17.2819,16.9324,16.5662,16.1971,15.8423,15.5149,15.2207,14.9593,14.7276,14.5215,14.3372,14.1715,14.0215,13.8851,13.7602,13.6454,13.5394,13.441,13.3493,13.2637,13.1833,13.1078,13.0365,12.9691,12.9051,12.8444,12.7867,12.7315,12.6789,12.6285,12.5803,12.534,12.4895,12.4466,12.4054,12.3656,12.3273,12.2902,12.2543,12.2196,12.186,12.1534,12.1218,12.0911,12.0613,12.0324,12.0042,11.9768,11.9501,11.9241,11.8987,11.874,11.8499,11.8263,11.8033,11.7809,11.7589,11.7375,11.7165,11.6959,11.6759
23.2029,23.1163,23.0287,22.9398,22.8497,22.7583,22.6656,22.5715,22.4758,22.3787,22.2798,22.1793,22.0769,21.9726,21.8662,21.7577,21.647,21.5337,21.4179,21.2993,21.1777,21.0529,20.9246,20.7927,20.6567,20.5164,20.3713,20.221,20.065,19.9026,19.7333,19.5561,19.3702,19.1744,18.9674,18.7476,18.5131,18.2618,17.9912,17.6986,17.3821,17.0419,16.6828,16.316,15.958,15.6233,15.3201,15.0497,14.8095,14.596,14.4053,14.2339,14.0791,13.9385,13.8099,13.6919,13.583,13.482,13.3881,13.3004,13.2182,13.141,13.0682,12.9994,12.9342,12.8723,12.8135,12.7574,12.7039,12.6526,12.6036,12.5565,12.5113,12.4679,12.426,12.3857,12.3468,12.3092,12.2729,12.2377,12.2037,12.1707,12.1387,12.1076,12.0775,12.0482,12.0197,11.9919,11.9649,11.9386,11.913,11.888,11.8637,11.8399,11.8166,11.794,11.7718,11.7501,11.729,11.7082,11.688
23.2195,23.1332,23.0459,22.9574,22.8677,22.7767,22.6843,22.5906,22.4954,22.3987,22.3004,22.2003,22.0985,21.9948,21.889,21.7812,21.6711,21.5586,21.4436,21.3258,21.2051,21.0814,20.9542,20.8234,20.6888,20.5498,20.4063,20.2577,20.1035,19.9433,19.7763,19.6018,19.4188,19.2264,19.0234,18.8081,18.579,18.3338,18.0703,17.786,17.4787,17.1479,16.7965,16.4337,16.0742,15.7336,15.4219,15.1424,14.8938,14.6726,14.4752,14.2981,14.1382,13.9931,13.8608,13.7393,13.6274,13.5238,13.4276,13.3377,13.2537,13.1747,13.1004,13.0302,12.9637,12.9006,12.8407,12.7836,12.7291,12.677,12.6272,12.5794,12.5335,12.4894,12.4469,12.406,12.3665,12.3284,12.2916,12.256,12.2215,12.1881,12.1557,12.1243,12.0937,12.0641,12.0353,12.0072,11.9799,11.9533,11.9274,11.9022,11.8776,11.8535,11.8301,11.8072,11.7848,11.7629,11.7415,11.7206,11.7001
23.236,23.1501,23.0631,22.9749,22.8855,22.7949,22.7029,22.6096,22.5149,22.4186,22.3207,22.2212,22.1199,22.0168,21.9116,21.8044,21.695,21.5833,21.469,21.3521,21.2324,21.1095,20.9835,20.8538,20.7204,20.5828,20.4408,20.2938,20.1415,19.9833,19.8185,19.6465,19.4665,19.2774,19.078,18.8671,18.6429,18.4036,18.1469,17.8704,17.5719,17.2503,16.9072,16.5496,16.1904,15.8452,15.5258,15.2376,14.9804,14.7514,14.5471,14.3639,14.1988,14.0491,13.9128,13.7878,13.6729,13.5665,13.4678,13.3758,13.2898,13.209,13.1331,13.0614,12.9936,12.9294,12.8683,12.8102,12.7547,12.7018,12.6511,12.6025,12.5559,12.5111,12.468,12.4265,12.3865,12.3478,12.3105,12.2744,12.2395,12.2057,12.1729,12.141,12.1102,12.0802,12.051,12.0226,11.995,11.9681,11.942,11.9164,11.8916,11.8673,11.8436,11.8204,11.7978,11.7757,11.7542,11.733,11.7124
23.2524,23.1668,23.0801,22.9923,22.9033,22.813,22.7215,22.6285,22.5342,22.4384,22.341,22.242,22.1412,22.0386,21.9341,21.8275,21.7188,21.6078,21.4943,21.3782,21.2593,21.1374,21.0124,20.8839,20.7517,20.6154,20.4748,20.3295,20.1789,20.0226,19.8601,19.6905,19.5132,19.3272,19.1314,18.9246,18.7052,18.4713,18.221,17.9519,17.6619,17.3492,17.0147,16.6634,16.3061,15.9578,15.6317,15.335,15.0693,14.8323,14.6209,14.4315,14.2609,14.1065,13.966,13.8374,13.7192,13.6101,13.5088,13.4146,13.3265,13.244,13.1664,13.0932,13.024,12.9585,12.8963,12.8371,12.7807,12.7268,12.6752,12.6259,12.5785,12.533,12.4893,12.4472,12.4066,12.3674,12.3296,12.293,12.2576,12.2234,12.1902,12.158,12.1267,12.0963,12.0668,12.0382,12.0102,11.9831,11.9566,11.9308,11.9057,11.8811,11.8572,11.8338,11.811,11.7887,11.7669,11.7456,11.7247
23.2688,23.1835,23.0971,23.0096,22.9209,22.831,22.7399,22.6474,22.5534,22.4581,22.3611,22.2626,22.1624,22.0603,21.9564,21.8504,21.7423,21.632,21.5193,21.404,21.286,21.1651,21.041,20.9136,20.7826,20.6476,20.5084,20.3646,20.2157,20.0614,19.9009,19.7337,19.559,19.376,19.1836,18.9807,18.7657,18.5371,18.2928,18.0308,17.7487,17.4448,17.1189,16.7747,16.4208,16.0709,15.7392,15.4347,15.1604,14.9154,14.6967,14.5008,14.3247,14.1653,14.0205,13.8882,13.7667,13.6545,13.5507,13.4541,13.3639,13.2795,13.2002,13.1255,13.0549,12.9881,12.9247,12.8644,12.8069,12.7521,12.6997,12.6496,12.6014,12.5553,12.5109,12.4681,12.4269,12.3872,12.3489,12.3118,12.276,12.2413,12.2076,12.175,12.1434,12.1127,12.0828,12.0538,12.0256,11.9981,11.9713,11.9453,11.9199,11.8951,11.8709,11.8473,11.8242,11.8017,11.7797,11.7582,11.7371
23.2851,23.2001,23.114,23.0268,22.9385,22.849,22.7582,22.6661,22.5726,22.4776,22.3812,22.2831,22.1834,22.0819,21.9785,21.8731,21.7657,21.6561,21.5441,21.4296,21.3124,21.1924,21.0693,20.943,20.8131,20.6794,20.5416,20.3993,20.2521,20.0995,19.941,19.7761,19.604,19.4238,19.2347,19.0355,18.8248,18.6011,18.3625,18.1071,17.8325,17.537,17.2198,16.8831,16.5338,16.1841,15.848,15.5363,15.2538,15.0007,14.7745,14.572,14.39,14.2256,14.0763,13.9401,13.8151,13.6999,13.5934,13.4944,13.402,13.3157,13.2346,13.1583,13.0862,13.0181,12.9535,12.892,12.8336,12.7778,12.7245,12.6735,12.6246,12.5777,12.5327,12.4893,12.4475,12.4072,12.3684,12.3308,12.2945,12.2593,12.2253,12.1922,12.1602,12.1291,12.0989,12.0696,12.041,12.0133,11.9862,11.9599,11.9342,11.9091,11.8847,11.8608,11.8376,11.8148,11.7926,11.7708,11.7496
23.3013,23.2166,23.1308,23.044,22.956,22.8668,22.7764,22.6846,22.5916,22.497,22.401,22.3035,22.2042,22.1032,22.0004,21.8957,21.7889,21.6799,21.5687,21.4549,21.3386,21.2195,21.0974,20.9721,20.8433,20.7108,20.5743,20.4335,20.2878,20.137,19.9806,19.8178,19.6481,19.4707,19.2847,19.089,18.8823,18.6633,18.4302,18.181,17.9136,17.6261,17.3174,16.9886,16.6449,16.2967,15.9577,15.6397,15.3494,15.0882,14.8544,14.6451,14.4571,14.2874,14.1335,13.9931,13.8646,13.7463,13.6369,13.5354,13.4409,13.3525,13.2696,13.1916,13.1181,13.0485,12.9827,12.9201,12.8606,12.8038,12.7496,12.6978,12.6481,12.6005,12.5547,12.5107,12.4683,12.4274,12.388,12.3499,12.3131,12.2775,12.243,12.2096,12.1772,12.1457,12.1152,12.0855,12.0566,12.0285,12.0012,11.9745,11.9486,11.9233,11.8986,11.8745,11.851,11.828,11.8055,11.7836,11.7621
23.3175,23.233,23.1476,23.061,22.9734,22.8845,22.7945,22.7031,22.6104,22.5164,22.4208,22.3237,22.2249,22.1245,22.0222,21.9181,21.8119,21.7036,21.593,21.4801,21.3646,21.2463,21.1251,21.0008,20.8731,20.7419,20.6066,20.4672,20.3231,20.1741,20.0195,19.8588,19.6914,19.5167,19.3336,19.1413,18.9385,18.7239,18.4959,18.2526,17.992,17.7122,17.4118,17.091,16.7537,16.4084,16.0678,15.7446,15.4469,15.1778,14.9364,14.7201,14.5259,14.3507,14.192,14.0475,13.9152,13.7936,13.6814,13.5773,13.4804,13.3899,13.3051,13.2255,13.1504,13.0795,13.0123,12.9486,12.8879,12.8302,12.775,12.7223,12.6718,12.6234,12.577,12.5323,12.4893,12.4479,12.4079,12.3693,12.332,12.2959,12.261,12.2271,12.1943,12.1625,12.1316,12.1015,12.0723,12.0439,12.0163,11.9893,11.9631,11.9375,11.9126,11.8882,11.8645,11.8413,11.8186,11.7964,11.7748
23.3335,23.2494,23.1642,23.078,22.9907,22.9022,22.8125,22.7215,22.6292,22.5356,22.4404,22.3438,22.2455,22.1456,22.0439,21.9403,21.8347,21.7271,21.6172,21.505,21.3903,21.2729,21.1526,21.0293,20.9027,20.7725,20.6386,20.5005,20.358,20.2105,20.0577,19.8991,19.734,19.5618,19.3816,19.1925,18.9934,18.783,18.5598,18.3221,18.068,17.7955,17.503,17.1903,16.8599,16.5187,16.178,15.8507,15.5463,15.2695,15.0204,14.797,14.5964,14.4156,14.2519,14.103,13.9669,13.842,13.7267,13.6199,13.5207,13.428,13.3413,13.2599,13.1833,13.1109,13.0424,12.9774,12.9157,12.8569,12.8008,12.7472,12.6959,12.6467,12.5995,12.5542,12.5105,12.4685,12.428,12.3888,12.351,12.3145,12.2791,12.2448,12.2116,12.1794,12.1481,12.1177,12.0882,12.0594,12.0315,12.0042,11.9777,11.9519,11.9267,11.9021,11.8781,11.8546,11.8317,11.8094,11.7875
23.3495,23.2657,23.1808,23.0949,23.0079,22.9197,22.8304,22.7398,22.6479,22.5546,22.4599,22.3637,22.266,22.1665,22.0654,21.9624,21.8574,21.7504,21.6412,21.5297,21.4157,21.2992,21.1798,21.0574,20.9319,20.8029,20.6701,20.5334,20.3923,20.2465,20.0955,19.9388,19.7759,19.6061,19.4286,19.2426,19.047,18.8406,18.6221,18.3897,18.1416,17.8761,17.5913,17.2866,16.9634,16.6272,16.2878,15.9576,15.6473,15.3632,15.1065,14.8759,14.6687,14.4821,14.3133,14.1599,14.0199,13.8914,13.773,13.6635,13.5617,13.4669,13.3782,13.295,13.2167,13.1428,13.0729,13.0067,12.9438,12.8839,12.8269,12.7724,12.7202,12.6702,12.6223,12.5763,12.532,12.4893,12.4482,12.4086,12.3702,12.3332,12.2974,12.2627,12.229,12.1964,12.1647,12.134,12.1041,12.0751,12.0468,12.0193,11.9925,11.9663,11.9409,11.916,11.8918,11.8681,11.845,11.8224,11.8003
23.3654,23.2819,23.1973,23.1117,23.025,22.9372,22.8482,22.758,22.6665,22.5736,22.4793,22.3836,22.2863,22.1874,22.0867,21.9842,21.8799,21.7735,21.665,21.5542,21.441,21.3252,21.2067,21.0853,20.9608,20.8329,20.7013,20.5659,20.4262,20.2819,20.1326,19.9778,19.817,19.6495,19.4747,19.2916,19.0994,18.8969,18.6827,18.4553,18.2131,17.9541,17.6767,17.3798,17.0641,16.7336,16.3966,16.0649,15.7497,15.4587,15.1946,14.9567,14.7429,14.5503,14.3762,14.2181,14.074,13.9418,13.8202,13.7078,13.6036,13.5064,13.4157,13.3306,13.2506,13.1752,13.1039,13.0364,12.9723,12.9114,12.8533,12.7978,12.7448,12.6941,12.6454,12.5986,12.5537,12.5104,12.4687,12.4285,12.3897,12.3521,12.3158,12.2807,12.2466,12.2136,12.1815,12.1504,12.1202,12.0908,12.0622,12.0344,12.0073,11.9809,11.9552,11.9301,11.9056,11.8817,11.8583,11.8355,11.8132
23.3813,23.298,23.2137,23.1284,23.0421,22.9546,22.8659,22.7761,22.6849,22.5925,22.4986,22.4033,22.3065,22.208,22.1079,22.006,21.9022,21.7964,21.6886,21.5785,21.466,21.3511,21.2334,21.1129,20.9894,20.8625,20.7322,20.598,20.4597,20.3169,20.1692,20.0163,19.8575,19.6923,19.5199,19.3397,19.1507,18.9518,18.7418,18.5192,18.2825,18.0297,17.7593,17.47,17.1619,16.8377,16.5043,16.1722,15.8532,15.5559,15.2846,15.0395,14.8189,14.6202,14.4406,14.2777,14.1293,13.9934,13.8685,13.7531,13.6462,13.5467,13.4538,13.3668,13.2851,13.2081,13.1354,13.0666,13.0013,12.9392,12.8801,12.8237,12.7698,12.7182,12.6687,12.6212,12.5756,12.5317,12.4894,12.4486,12.4092,12.3712,12.3344,12.2988,12.2643,12.2309,12.1985,12.167,12.1364,12.1067,12.0778,12.0496,12.0223,11.9956,11.9696,11.9442,11.9194,11.8953,11.8717,11.8487,11.8262
23.3971,23.3141,23.2301,23.1451,23.059,22.9719,22.8836,22.7941,22.7033,22.6112,22.5178,22.4229,22.3265,22.2286,22.1289,22.0276,21.9244,21.8192,21.712,21.6026,21.4908,21.3767,21.2599,21.1403,21.0177,20.8919,20.7626,20.6297,20.4927,20.3514,20.2053,20.0541,19.8973,19.7343,19.5644,19.3869,19.2009,19.0055,18.7994,18.5814,18.3499,18.1031,17.8394,17.5574,17.2567,16.9392,16.6103,16.2792,15.9575,15.6547,15.3764,15.1242,14.8967,14.6917,14.5066,14.3387,14.1859,14.0461,13.9178,13.7993,13.6897,13.5877,13.4927,13.4037,13.3202,13.2415,13.1673,13.0972,13.0306,12.9674,12.9072,12.8498,12.795,12.7426,12.6923,12.6441,12.5978,12.5532,12.5103,12.469,12.429,12.3905,12.3532,12.3172,12.2822,12.2484,12.2156,12.1837,12.1528,12.1227,12.0935,12.065,12.0373,12.0103,11.9841,11.9584,11.9334,11.909,11.8852,11.862,11.8392
23.4128,23.3301,23.2464,23.1617,23.0759,22.9891,22.9011,22.8119,22.7216,22.6299,22.5368,22.4424,22.3465,22.249,22.1499,22.049,21.9464,21.8418,21.7352,21.6265,21.5154,21.402,21.286,21.1673,21.0457,20.9209,20.7928,20.661,20.5253,20.3854,20.2409,20.0915,19.9365,19.7755,19.608,19.4331,19.2501,19.058,18.8557,18.642,18.4154,18.1743,17.917,17.6421,17.3487,17.0381,16.7143,16.3854,16.0621,15.7547,15.47,15.2107,14.9764,14.765,14.5742,14.4012,14.2438,14.1,13.9681,13.8465,13.734,13.6296,13.5322,13.4412,13.3558,13.2755,13.1998,13.1282,13.0604,12.996,12.9347,12.8763,12.8206,12.7672,12.7162,12.6672,12.6202,12.575,12.5314,12.4895,12.449,12.41,12.3722,12.3357,12.3003,12.266,12.2328,12.2006,12.1693,12.1388,12.1093,12.0805,12.0525,12.0252,11.9987,11.9728,11.9475,11.9229,11.8988,11.8753,11.8524
23.4284,23.346,23.2626,23.1782,23.0927,23.0062,22.9185,22.8297,22.7397,22.6484,22.5558,22.4618,22.3663,22.2693,22.1706,22.0703,21.9682,21.8642,21.7582,21.6502,21.5398,21.4272,21.312,21.1941,21.0734,20.9496,20.8226,20.692,20.5576,20.419,20.2761,20.1282,19.9751,19.8162,19.6508,19.4785,19.2983,19.1094,18.9107,18.7011,18.4792,18.2435,17.9922,17.7241,17.438,17.1343,16.8163,16.4905,16.1667,15.8557,15.5652,15.2991,15.0579,14.8401,14.6433,14.4651,14.303,14.1551,14.0195,13.8946,13.7792,13.6722,13.5725,13.4793,13.3921,13.31,13.2327,13.1597,13.0906,13.025,12.9626,12.9032,12.8464,12.7922,12.7403,12.6906,12.6429,12.597,12.5528,12.5103,12.4692,12.4296,12.3914,12.3543,12.3185,12.2838,12.2502,12.2176,12.1859,12.1551,12.1252,12.0961,12.0678,12.0402,12.0134,11.9872,11.9617,11.9368,11.9125,11.8888,11.8656
23.444,23.3618,23.2787,23.1946,23.1094,23.0232,22.9359,22.8474,22.7578,22.6669,22.5746,22.481,22.386,22.2894,22.1913,22.0914,21.9899,21.8865,21.7811,21.6737,21.564,21.4521,21.3377,21.2207,21.1009,20.9781,20.852,20.7226,20.5894,20.4522,20.3107,20.1645,20.0131,19.8561,19.693,19.523,19.3455,19.1597,18.9645,18.7588,18.5414,18.3107,18.0653,17.8036,17.5244,17.2278,16.9159,16.594,16.2711,15.9573,15.6617,15.3892,15.1412,14.9169,14.7141,14.5305,14.3636,14.2114,14.072,13.9438,13.8254,13.7156,13.6135,13.5182,13.429,13.3451,13.2662,13.1917,13.1212,13.0544,12.9908,12.9304,12.8727,12.8175,12.7648,12.7143,12.6658,12.6192,12.5744,12.5312,12.4896,12.4495,12.4107,12.3732,12.3369,12.3018,12.2677,12.2347,12.2026,12.1715,12.1413,12.1118,12.0832,12.0554,12.0282,12.0018,11.976,11.9508,11.9263,11.9023,11.8789
23.4595,23.3776,23.2947,23.2109,23.1261,23.0402,22.9532,22.8651,22.7757,22.6852,22.5933,22.5001,22.4055,22.3094,22.2117,22.1124,22.0114,21.9086,21.8038,21.697,21.588,21.4768,21.3632,21.247,21.1281,21.0062,20.8812,20.7528,20.6209,20.485,20.3449,20.2002,20.0506,19.8955,19.7344,19.5668,19.3919,19.2089,19.017,18.8151,18.6019,18.3761,18.1362,17.8807,17.6083,17.3186,17.0131,16.6959,16.3747,16.0594,15.7594,15.4809,15.2263,14.9955,14.7866,14.5974,14.4256,14.269,14.1257,13.994,13.8724,13.7599,13.6553,13.5577,13.4665,13.3808,13.3002,13.2242,13.1523,13.0842,13.0195,12.9579,12.8992,12.8432,12.7896,12.7382,12.689,12.6417,12.5962,12.5524,12.5102,12.4695,12.4302,12.3922,12.3555,12.3199,12.2854,12.252,12.2196,12.1881,12.1575,12.1277,12.0988,12.0706,12.0431,12.0164,11.9904,11.9649,11.9402,11.9159,11.8923
23.475,23.3933,23.3107,23.2272,23.1426,23.057,22.9704,22.8826,22.7936,22.7034,22.612,22.5192,22.425,22.3293,22.2321,22.1333,22.0328,21.9305,21.8263,21.7201,21.6119,21.5013,21.3885,21.2731,21.155,21.034,20.91,20.7828,20.652,20.5173,20.3786,20.2355,20.0875,19.9342,19.7751,19.6098,19.4374,19.2572,19.0685,18.8701,18.661,18.4398,18.2052,17.9555,17.6896,17.4068,17.1078,16.7957,16.4772,16.1615,15.858,15.574,15.3131,15.0758,14.8608,14.6659,14.489,14.3279,14.1805,14.0452,13.9204,13.805,13.6979,13.598,13.5046,13.4171,13.3348,13.2572,13.1839,13.1145,13.0485,12.9858,12.9261,12.8691,12.8146,12.7624,12.7124,12.6644,12.6183,12.5738,12.531,12.4898,12.4499,12.4114,12.3742,12.3382,12.3033,12.2694,12.2366,12.2047,12.1738,12.1437,12.1144,12.0859,12.0582,12.0312,12.0049,11.9792,11.9541,11.9297,11.9058
23.4904,23.4089,23.3266,23.2433,23.1591,23.0738,22.9875,22.9,22.8114,22.7216,22.6305,22.5381,22.4443,22.3491,22.2523,22.154,22.054,21.9523,21.8487,21.7431,21.6355,21.5256,21.4135,21.2989,21.1817,21.0616,20.9386,20.8124,20.6827,20.5493,20.4119,20.2702,20.1239,19.9723,19.8152,19.652,19.482,19.3046,19.1189,18.9239,18.7187,18.5019,18.2722,18.0282,17.7685,17.4924,17.1999,16.8935,16.5785,16.2633,15.9573,15.6684,15.4015,15.1578,14.9366,14.736,14.5539,14.388,14.2365,14.0975,13.9694,13.8511,13.7412,13.639,13.5435,13.454,13.3699,13.2907,13.2159,13.1451,13.078,13.0142,12.9534,12.8954,12.84,12.787,12.7362,12.6874,12.6406,12.5955,12.5521,12.5102,12.4698,12.4308,12.3931,12.3566,12.3213,12.287,12.2538,12.2215,12.1902,12.1598,12.1302,12.1014,12.0734,12.0461,12.0194,11.9935,11.9682,11.9435,11.9194
23.5057,23.4245,23.3425,23.2595,23.1755,23.0905,23.0045,22.9173,22.8291,22.7396,22.6489,22.5569,22.4635,22.3687,22.2724,22.1746,22.0751,21.9739,21.8709,21.7659,21.6589,21.5498,21.4383,21.3245,21.2081,21.0889,20.9669,20.8417,20.7131,20.5809,20.4448,20.3046,20.1597,20.0099,19.8547,19.6936,19.5259,19.3511,19.1682,18.9766,18.775,18.5624,18.3375,18.0989,17.8452,17.5754,17.2895,16.9889,16.6781,16.3644,16.0568,15.7639,15.4913,15.2414,15.014,14.8076,14.6202,14.4496,14.2937,14.1509,14.0194,13.898,13.7854,13.6807,13.583,13.4915,13.4056,13.3248,13.2485,13.1763,13.1079,13.0429,12.981,12.922,12.8657,12.8118,12.7602,12.7107,12.6631,12.6174,12.5733,12.5309,12.49,12.4504,12.4122,12.3752,12.3394,12.3048,12.2711,12.2385,12.2068,12.176,12.1461,12.117,12.0886,12.061,12.0341,12.0079,11.9824,11.9574,11.9331
23.5209,23.44,23.3582,23.2755,23.1918,23.1071,23.0214,22.9346,22.8467,22.7575,22.6672,22.5756,22.4826,22.3883,22.2924,22.1951,22.0961,21.9954,21.8929,21.7885,21.6821,21.5737,21.463,21.3499,21.2343,21.116,20.9948,20.8706,20.7432,20.6121,20.4773,20.3385,20.1951,20.047,19.8936,19.7345,19.569,19.3967,19.2166,19.0281,18.8301,18.6215,18.4011,18.1675,17.9196,17.656,17.3765,17.0821,16.776,16.4646,16.1565,15.8603,15.5825,15.3266,15.0931,14.8808,14.688,14.5124,14.3522,14.2054,14.0704,13.9459,13.8305,13.7232,13.6232,13.5297,13.4419,13.3594,13.2815,13.2079,13.1382,13.072,13.009,12.949,12.8917,12.8369,12.7845,12.7342,12.6859,12.6395,12.5948,12.5518,12.5103,12.4702,12.4315,12.394,12.3578,12.3227,12.2886,12.2556,12.2235,12.1924,12.1621,12.1327,12.104,12.0761,12.0489,12.0225,11.9966,11.9714,11.9468
23.5361,23.4555,23.3739,23.2915,23.2081,23.1237,23.0383,22.9518,22.8642,22.7754,22.6854,22.5942,22.5016,22.4077,22.3123,22.2154,22.1169,22.0167,21.9148,21.811,21.7052,21.5974,21.4874,21.375,21.2602,21.1428,21.0225,20.8993,20.7729,20.643,20.5095,20.3719,20.23,20.0835,19.9319,19.7747,19.6114,19.4414,19.2641,19.0785,18.8839,18.6791,18.463,18.2344,17.9919,17.7343,17.4612,17.1728,16.8719,16.5636,16.2558,15.9572,15.6749,15.4133,15.1738,14.9556,14.7573,14.5767,14.412,14.2611,14.1225,13.9947,13.8764,13.7665,13.6642,13.5685,13.4788,13.3945,13.3151,13.24,13.1689,13.1015,13.0374,12.9763,12.918,12.8623,12.809,12.758,12.7089,12.6618,12.6165,12.5729,12.5308,12.4902,12.4509,12.413,12.3763,12.3407,12.3063,12.2728,12.2404,12.2089,12.1783,12.1485,12.1195,12.0913,12.0639,12.0371,12.011,11.9855,11.9607
23.5512,23.4708,23.3896,23.3074,23.2242,23.1401,23.055,22.9688,22.8816,22.7931,22.7035,22.6127,22.5205,22.427,22.332,22.2356,22.1375,22.0379,21.9365,21.8333,21.7281,21.6209,21.5116,21.4,21.2859,21.1693,21.05,20.9277,20.8023,20.6735,20.5412,20.4049,20.2645,20.1195,19.9696,19.8143,19.6531,19.4854,19.3106,19.128,18.9366,18.7354,18.5235,18.2995,18.0622,17.8104,17.5434,17.2612,16.9656,16.6611,16.3546,16.0544,15.7683,15.5014,15.256,15.032,14.8281,14.6424,14.473,14.318,14.1757,14.0445,13.9232,13.8107,13.7059,13.608,13.5163,13.4302,13.3491,13.2726,13.2001,13.1314,13.0661,13.004,12.9447,12.8881,12.8339,12.782,12.7322,12.6844,12.6384,12.5942,12.5515,12.5103,12.4706,12.4321,12.3949,12.3589,12.3241,12.2902,12.2574,12.2255,12.1946,12.1645,12.1352,12.1067,12.0789,12.0518,12.0255,11.9997,11.9747
23.5663,23.4861,23.4051,23.3232,23.2403,23.1565,23.0717,22.9858,22.8989,22.8108,22.7215,22.6311,22.5393,22.4462,22.3516,22.2556,22.1581,22.0589,21.958,21.8554,21.7508,21.6443,21.5356,21.4247,21.3114,21.1956,21.0771,20.9558,20.8314,20.7037,20.5725,20.4376,20.2985,20.155,20.0068,19.8533,19.6941,19.5286,19.3563,19.1764,18.9881,18.7905,18.5825,18.3629,18.1306,17.8844,17.6233,17.3472,17.0572,16.757,16.4525,16.1516,15.8624,15.5907,15.3397,15.1098,14.9003,14.7095,14.5354,14.3761,14.2299,14.0953,13.9709,13.8556,13.7483,13.6482,13.5545,13.4665,13.3837,13.3056,13.2317,13.1617,13.0953,13.032,12.9717,12.9141,12.8591,12.8064,12.7558,12.7073,12.6606,12.6157,12.5724,12.5307,12.4904,12.4514,12.4138,12.3773,12.342,12.3078,12.2746,12.2423,12.211,12.1805,12.1509,12.1221,12.094,12.0667,12.04,12.0141,11.9887
23.5813,23.5014,23.4206,23.339,23.2564,23.1728,23.0883,23.0028,22.9161,22.8284,22.7395,22.6493,22.5579,22.4652,22.3711,22.2756,22.1785,22.0798,21.9795,21.8773,21.7734,21.6674,21.5594,21.4492,21.3367,21.2217,21.104,20.9836,20.8602,20.7336,20.6035,20.4698,20.3321,20.1901,20.0434,19.8917,19.7344,19.5711,19.4012,19.224,19.0386,18.8443,18.6401,18.4248,18.1972,17.9563,17.7009,17.4308,17.1466,16.8511,16.5493,16.2487,15.9571,15.6812,15.4248,15.1892,14.9741,14.778,14.599,14.4354,14.2853,14.1471,14.0196,13.9014,13.7916,13.6891,13.5933,13.5034,13.4189,13.3392,13.2639,13.1925,13.1248,13.0604,12.9991,12.9405,12.8846,12.831,12.7797,12.7304,12.683,12.6375,12.5936,12.5513,12.5104,12.471,12.4328,12.3959,12.3601,12.3255,12.2918,12.2592,12.2275,12.1967,12.1668,12.1376,12.1093,12.0816,12.0547,12.0285,12.0029
23.5962,23.5166,23.436,23.3546,23.2723,23.1891,23.1048,23.0196,22.9333,22.8459,22.7573,22.6675,22.5765,22.4842,22.3905,22.2954,22.1988,22.1006,22.0007,21.8992,21.7958,21.6904,21.5831,21.4735,21.3617,21.2475,21.1307,21.0112,20.8887,20.7631,20.6342,20.5016,20.3652,20.2247,20.0795,19.9295,19.7741,19.6129,19.4453,19.2706,19.0881,18.897,18.6964,18.4851,18.2621,18.0263,17.7765,17.5122,17.2337,16.9432,16.6448,16.3452,16.0521,15.7725,15.5111,15.2701,15.0494,14.8479,14.6641,14.4959,14.3418,14.2,14.0692,13.9481,13.8356,13.7307,13.6328,13.5409,13.4546,13.3733,13.2965,13.2237,13.1548,13.0892,13.0268,12.9672,12.9104,12.8559,12.8038,12.7537,12.7057,12.6595,12.6149,12.572,12.5306,12.4906,12.452,12.4146,12.3784,12.3433,12.3093,12.2763,12.2442,12.2131,12.1828,12.1533,12.1246,12.0967,12.0695,12.043,12.0171
23.6111,23.5317,23.4514,23.3703,23.2882,23.2052,23.1213,23.0363,22.9503,22.8632,22.775,22.6856,22.595,22.503,22.4098,22.3151,22.2189,22.1212,22.0219,21.9208,21.818,21.7132,21.6065,21.4976,21.3866,21.2731,21.1571,21.0384,20.9169,20.7923,20.6645,20.5331,20.398,20.2588,20.1152,19.9668,19.8133,19.654,19.4886,19.3164,19.1367,18.9486,18.7514,18.5441,18.3254,18.0944,17.8499,17.5913,17.3186,17.0333,16.7387,16.4409,16.1471,15.8645,15.5986,15.3523,15.1261,14.9193,14.7305,14.5577,14.3995,14.254,14.1198,13.9956,13.8804,13.7731,13.6729,13.579,13.4909,13.4079,13.3295,13.2554,13.1851,13.1184,13.0549,12.9943,12.9365,12.8812,12.8282,12.7774,12.7286,12.6817,12.6365,12.593,12.551,12.5105,12.4714,12.4335,12.3968,12.3613,12.3269,12.2935,12.261,12.2295,12.1989,12.1691,12.1401,12.1119,12.0844,12.0576,12.0315
23.626,23.5467,23.4667,23.3858,23.304,23.2213,23.1377,23.053,22.9673,22.8805,22.7927,22.7036,22.6133,22.5218,22.4289,22.3347,22.2389,22.1417,22.0429,21.9423,21.84,21.7359,21.6298,21.5216,21.4112,21.2985,21.1833,21.0655,20.9449,20.8213,20.6945,20.5642,20.4304,20.2925,20.1504,20.0036,19.8518,19.6945,19.5312,19.3613,19.1843,18.9992,18.8053,18.6016,18.3871,18.1608,17.9214,17.6683,17.4013,17.1213,16.831,16.5356,16.2418,15.957,15.6871,15.4358,15.2042,14.9921,14.7982,14.6208,14.4583,14.309,14.1714,14.0441,13.9261,13.8163,13.7138,13.6178,13.5278,13.443,13.3631,13.2876,13.216,13.148,13.0833,13.0217,12.9629,12.9067,12.8529,12.8013,12.7517,12.7041,12.6583,12.6142,12.5717,12.5306,12.4909,12.4526,12.4154,12.3795,12.3446,12.3108,12.278,12.2461,12.2151,12.185,12.1557,12.1272,12.0994,12.0723,12.0459
23.6407,23.5617,23.4819,23.4013,23.3198,23.2373,23.154,23.0696,22.9842,22.8978,22.8102,22.7215,22.6316,22.5404,22.448,22.3541,22.2588,22.1621,22.0637,21.9637,21.8619,21.7584,21.6529,21.5453,21.4356,21.3236,21.2092,21.0922,20.9725,20.8499,20.7241,20.595,20.4623,20.3258,20.1851,20.0398,19.8897,19.7343,19.5731,19.4055,19.231,19.0487,18.858,18.6579,18.4474,18.2254,17.991,17.7433,17.4818,17.2071,16.9215,16.6291,16.3361,16.0498,15.7765,15.5205,15.2837,15.0663,14.8673,14.6852,14.5184,14.3651,14.2239,14.0935,13.9726,13.8602,13.7553,13.6572,13.5653,13.4788,13.3972,13.3202,13.2472,13.178,13.1122,13.0495,12.9897,12.9325,12.8779,12.8254,12.7752,12.7269,12.6804,12.6356,12.5925,12.5509,12.5107,12.4718,12.4342,12.3978,12.3625,12.3283,12.2951,12.2629,12.2315,12.2011,12.1714,12.1426,12.1145,12.0871,12.0605
23.6554,23.5767,23.4971,23.4167,23.3355,23.2533,23.1702,23.0861,23.001,22.9149,22.8277,22.7393,22.6498,22.559,22.4669,22.3735,22.2786,22.1823,22.0844,21.9849,21.8837,21.7807,21.6758,21.5689,21.4598,21.3486,21.2349,21.1187,20.9999,20.8782,20.7535,20.6254,20.4939,20.3587,20.2193,20.0756,19.9272,19.7735,19.6143,19.4489,19.2768,19.0973,18.9096,18.7129,18.5062,18.2885,18.0588,17.8162,17.5602,17.2909,17.0101,16.7212,16.4297,16.1426,15.8665,15.6062,15.3644,15.1418,14.9378,14.7509,14.5796,14.4224,14.2776,14.1439,14.02,13.9049,13.7976,13.6973,13.6034,13.515,13.4318,13.3533,13.2789,13.2084,13.1414,13.0776,13.0168,12.9587,12.9031,12.8499,12.7988,12.7498,12.7027,12.6573,12.6135,12.5713,12.5306,12.4912,12.4531,12.4163,12.3806,12.3459,12.3123,12.2797,12.248,12.2172,12.1873,12.1581,12.1297,12.1021,12.0751
23.6701,23.5916,23.5122,23.4321,23.3511,23.2692,23.1863,23.1026,23.0178,22.9319,22.845,22.757,22.6678,22.5774,22.4857,22.3927,22.2983,22.2024,22.105,22.006,21.9053,21.8028,21.6985,21.5922,21.4838,21.3733,21.2604,21.145,21.027,20.9063,20.7825,20.6555,20.5252,20.3911,20.2531,20.1109,19.964,19.8122,19.6549,19.4916,19.3219,19.145,18.9602,18.7667,18.5637,18.3501,18.1249,17.8873,17.6365,17.3726,17.0967,16.8117,16.5224,16.2353,15.957,15.6929,15.4464,15.2187,15.0096,14.8179,14.6421,14.4808,14.3323,14.1952,14.0683,13.9504,13.8406,13.7381,13.6421,13.5519,13.467,13.3869,13.3111,13.2392,13.171,13.1061,13.0442,12.9852,12.9287,12.8746,12.8228,12.773,12.7252,12.6791,12.6348,12.592,12.5507,12.5108,12.4723,12.4349,12.3988,12.3637,12.3297,12.2967,12.2647,12.2335,12.2032,12.1738,12.1451,12.1171,12.0899
23.6847,23.6064,23.5273,23.4474,23.3666,23.285,23.2024,23.1189,23.0344,22.9489,22.8623,22.7746,22.6858,22.5957,22.5044,22.4118,22.3178,22.2224,22.1254,22.0269,21.9267,21.8248,21.7211,21.6154,21.5077,21.3978,21.2856,21.1711,21.0539,20.934,20.8112,20.6853,20.5561,20.4232,20.2865,20.1457,20.0004,19.8503,19.6948,19.5336,19.3661,19.1917,19.0098,18.8194,18.6199,18.4102,18.1894,17.9565,17.7108,17.4522,17.1814,16.9006,16.614,16.3275,16.0477,15.7804,15.5295,15.2968,15.0827,14.8862,14.7059,14.5403,14.388,14.2475,14.1174,13.9968,13.8844,13.7796,13.6815,13.5894,13.5027,13.421,13.3437,13.2705,13.201,13.135,13.072,13.012,12.9546,12.8997,12.847,12.7965,12.7479,12.7012,12.6563,12.6129,12.571,12.5306,12.4916,12.4538,12.4171,12.3817,12.3473,12.3139,12.2815,12.25,12.2193,12.1895,12.1605,12.1323,12.1047
23.6992,23.6211,23.5423,23.4626,23.3821,23.3007,23.2184,23.1352,23.051,22.9658,22.8795,22.7922,22.7037,22.614,22.523,22.4308,22.3372,22.2422,22.1457,22.0477,21.9481,21.8467,21.7435,21.6384,21.5313,21.4221,21.3107,21.1969,21.0805,20.9615,20.8397,20.7148,20.5866,20.4549,20.3195,20.1801,20.0363,19.8878,19.7341,19.5749,19.4096,19.2377,19.0584,18.8711,18.6749,18.4689,18.2522,18.024,17.7833,17.5298,17.264,16.9877,16.7042,16.419,16.1384,15.8684,15.6135,15.3762,15.1571,14.9557,14.7708,14.6011,14.4448,14.3008,14.1675,14.044,13.929,13.8218,13.7215,13.6274,13.539,13.4556,13.3768,13.3022,13.2315,13.1642,13.1002,13.0391,12.9808,12.925,12.8715,12.8202,12.7709,12.7236,12.6779,12.634,12.5916,12.5506,12.511,12.4727,12.4357,12.3998,12.3649,12.3312,12.2984,12.2665,12.2355,12.2054,12.1761,12.1475,12.1197
23.7137,23.6358,23.5572,23.4778,23.3975,23.3164,23.2344,23.1514,23.0675,22.9826,22.8966,22.8096,22.7214,22.6321,22.5415,22.4497,22.3565,22.262,22.1659,22.0684,21.9692,21.8684,21.7657,21.6612,21.5548,21.4463,21.3355,21.2225,21.1069,20.9888,20.8678,20.7439,20.6168,20.4863,20.3521,20.214,20.0717,19.9248,19.7729,19.6156,19.4524,19.2828,19.1061,18.9217,18.7287,18.5263,18.3136,18.0897,17.8538,17.6054,17.3447,17.073,16.7931,16.5098,16.229,15.9569,15.6985,15.4567,15.2327,15.0265,14.8371,14.663,14.5028,14.3551,14.2186,14.092,13.9744,13.8647,13.7622,13.6661,13.5758,13.4907,13.4104,13.3344,13.2623,13.1939,13.1287,13.0666,13.0073,12.9506,12.8963,12.8442,12.7942,12.7461,12.6999,12.6553,12.6123,12.5708,12.5307,12.4919,12.4544,12.418,12.3828,12.3486,12.3154,12.2832,12.2519,12.2214,12.1918,12.1629,12.1348
23.7281,23.6505,23.5721,23.4929,23.4129,23.332,23.2502,23.1676,23.0839,22.9993,22.9137,22.8269,22.7391,22.6501,22.5599,22.4685,22.3757,22.2816,22.186,22.0889,21.9902,21.8899,21.7878,21.6839,21.5781,21.4702,21.3601,21.2478,21.1331,21.0158,20.8957,20.7728,20.6467,20.5173,20.3843,20.2475,20.1066,19.9613,19.8111,19.6556,19.4945,19.3271,19.1529,18.9713,18.7814,18.5824,18.3736,18.1539,17.9227,17.6792,17.4234,17.1564,16.8804,16.5995,16.3192,16.0456,15.7841,15.5382,15.3096,15.0986,14.9045,14.726,14.5618,14.4105,14.2706,14.141,14.0206,13.9084,13.8036,13.7054,13.6132,13.5264,13.4445,13.367,13.2936,13.2239,13.1576,13.0945,13.0342,12.9765,12.9214,12.8685,12.8177,12.7689,12.722,12.6768,12.6332,12.5912,12.5505,12.5112,12.4732,12.4364,12.4008,12.3662,12.3326,12.3,12.2683,12.2375,12.2076,12.1784,12.15
23.7425,23.6651,23.5869,23.5079,23.4282,23.3475,23.266,23.1836,23.1003,23.016,22.9306,22.8442,22.7567,22.6681,22.5782,22.4872,22.3948,22.3011,22.2059,22.1093,22.0111,21.9113,21.8098,21.7064,21.6012,21.4939,21.3846,21.273,21.159,21.0425,20.9233,20.8013,20.6762,20.5479,20.4162,20.2807,20.1411,19.9973,19.8487,19.6951,19.5359,19.3707,19.1989,19.0199,18.833,18.6374,18.4322,18.2166,17.9898,17.751,17.5002,17.2379,16.966,16.688,16.4088,16.1344,15.8703,15.6206,15.3876,15.1719,14.9732,14.7903,14.622,14.4669,14.3236,14.1908,14.0676,13.9528,13.8457,13.7454,13.6512,13.5626,13.4791,13.4001,13.3254,13.2544,13.1869,13.1227,13.0614,13.0028,12.9467,12.893,12.8415,12.792,12.7444,12.6985,12.6543,12.6117,12.5706,12.5308,12.4923,12.455,12.4189,12.3839,12.3499,12.317,12.2849,12.2538,12.2235,12.194,12.1653
23.7568,23.6796,23.6016,23.5229,23.4434,23.363,23.2818,23.1996,23.1166,23.0325,22.9475,22.8614,22.7742,22.6859,22.5965,22.5058,22.4138,22.3205,22.2257,22.1296,22.0319,21.9325,21.8315,21.7288,21.6241,21.5175,21.4088,21.2979,21.1847,21.069,20.9507,20.8296,20.7055,20.5783,20.4476,20.3134,20.1752,20.0328,19.8858,19.7339,19.5766,19.4135,19.2441,19.0677,18.8836,18.6911,18.4895,18.2778,18.0552,17.8211,17.5751,17.3176,17.05,16.7751,16.4976,16.223,15.9569,15.7038,15.4666,15.2463,15.043,14.8557,14.6833,14.5243,14.3775,14.2416,14.1154,13.998,13.8885,13.786,13.6898,13.5994,13.5142,13.4337,13.3575,13.2853,13.2166,13.1512,13.0889,13.0293,12.9724,12.9178,12.8655,12.8153,12.767,12.7205,12.6757,12.6325,12.5908,12.5505,12.5115,12.4738,12.4372,12.4018,12.3674,12.3341,12.3017,12.2702,12.2395,12.2097,12.1807
23.7711,23.6941,23.6163,23.5378,23.4585,23.3784,23.2974,23.2155,23.1328,23.049,22.9643,22.8785,22.7916,22.7037,22.6146,22.5242,22.4326,22.3397,22.2454,22.1497,22.0525,21.9536,21.8532,21.7509,21.6469,21.5409,21.4328,21.3226,21.2101,21.0952,20.9778,20.8576,20.7345,20.6083,20.4787,20.3457,20.2088,20.0678,19.9224,19.7722,19.6168,19.4557,19.2885,19.1145,18.9332,18.7438,18.5455,18.3376,18.1191,17.8895,17.6482,17.3954,17.1322,16.8609,16.5855,16.3112,16.0437,15.7877,15.5466,15.3219,15.1141,14.9224,14.7457,14.5829,14.4325,14.2933,14.1642,14.0441,13.932,13.8273,13.7291,13.6368,13.5499,13.4678,13.3902,13.3166,13.2467,13.1802,13.1168,13.0562,12.9984,12.943,12.8898,12.8388,12.7898,12.7427,12.6973,12.6535,12.6112,12.5704,12.5309,12.4927,12.4557,12.4198,12.385,12.3513,12.3185,12.2867,12.2557,12.2256,12.1963
23.7853,23.7085,23.631,23.5527,23.4736,23.3938,23.313,23.2314,23.1489,23.0654,22.981,22.8955,22.809,22.7213,22.6326,22.5426,22.4514,22.3589,22.265,22.1697,22.0729,21.9746,21.8746,21.7729,21.6694,21.564,21.4566,21.3471,21.2354,21.1212,21.0046,20.8853,20.7631,20.6379,20.5095,20.3776,20.242,20.1024,19.9585,19.8099,19.6563,19.4972,19.3321,19.1606,18.9819,18.7954,18.6004,18.396,18.1815,17.9562,17.7195,17.4714,17.2126,16.9451,16.6723,16.3989,16.1305,15.8721,15.6274,15.3985,15.1862,14.9901,14.8093,14.6425,14.4884,14.3459,14.2137,14.0909,13.9763,13.8693,13.769,13.6748,13.5861,13.5024,13.4233,13.3483,13.2772,13.2095,13.145,13.0834,13.0246,12.9684,12.9144,12.8627,12.8129,12.7651,12.719,12.6746,12.6318,12.5904,12.5504,12.5118,12.4743,12.438,12.4028,12.3687,12.3355,12.3033,12.272,12.2415,12.2119
23.7994,23.7229,23.6456,23.5675,23.4887,23.409,23.3285,23.2472,23.1649,23.0817,22.9976,22.9124,22.8262,22.7389,22.6505,22.5609,22.47,22.3779,22.2845,22.1896,22.0933,21.9954,21.896,21.7948,21.6919,21.5871,21.4803,21.3714,21.2604,21.147,21.0312,20.9127,20.7915,20.6673,20.5399,20.4092,20.2748,20.1365,19.9941,19.8471,19.6952,19.538,19.375,19.2058,19.0296,18.846,18.6541,18.4532,18.2425,18.0213,17.7891,17.5456,17.2913,17.0277,16.7578,16.4859,16.2172,15.9568,15.709,15.4762,15.2595,15.059,14.874,14.7032,14.5454,14.3995,14.2642,14.1385,14.0214,13.912,13.8095,13.7133,13.6229,13.5375,13.4569,13.3805,13.308,13.2392,13.1736,13.111,13.0512,12.9941,12.9393,12.8867,12.8363,12.7878,12.741,12.696,12.6526,12.6107,12.5702,12.531,12.4931,12.4564,12.4207,12.3862,12.3527,12.3201,12.2884,12.2576,12.2277
23.8135,23.7372,23.6601,23.5823,23.5037,23.4242,23.344,23.2629,23.1809,23.098,23.0141,22.9293,22.8434,22.7564,22.6683,22.5791,22.4886,22.3969,22.3038,22.2094,22.1135,22.0161,21.9172,21.8165,21.7141,21.6099,21.5038,21.3956,21.2852,21.1726,21.0575,20.9399,20.8196,20.6964,20.57,20.4404,20.3072,20.1703,20.0292,19.8838,19.7336,19.5782,19.4173,19.2502,19.0765,18.8956,18.7067,18.5091,18.3021,18.085,17.857,17.618,17.3682,17.1087,16.842,16.572,16.3036,16.0418,15.7911,15.5547,15.3339,15.1291,14.9398,14.7649,14.6035,14.4541,14.3156,14.187,14.0672,13.9554,13.8507,13.7525,13.6602,13.5732,13.4909,13.4131,13.3394,13.2692,13.2025,13.1389,13.0782,13.0201,12.9644,12.9111,12.8599,12.8106,12.7633,12.7176,12.6736,12.6312,12.5901,12.5504,12.512,12.4749,12.4388,12.4039,12.3699,12.337,12.305,12.2738,12.2436
23.8276,23.7514,23.6746,23.597,23.5186,23.4394,23.3594,23.2786,23.1968,23.1142,23.0306,22.946,22.8604,22.7738,22.686,22.5971,22.507,22.4157,22.323,22.229,22.1336,22.0367,21.9382,21.8381,21.7362,21.6326,21.527,21.4195,21.3098,21.1979,21.0836,20.9669,20.8474,20.7251,20.5998,20.4713,20.3393,20.2036,20.0639,19.92,19.7714,19.6178,19.4588,19.2939,19.1226,18.9442,18.7582,18.5639,18.3604,18.1471,17.9233,17.6887,17.4433,17.188,16.9249,16.6571,16.3894,16.1268,15.8738,15.634,15.4092,15.2002,15.0067,14.8278,14.6625,14.5096,14.3679,14.2363,14.1138,13.9995,13.8926,13.7923,13.6981,13.6093,13.5255,13.4462,13.3711,13.2997,13.2318,13.1672,13.1054,13.0464,12.9899,12.9357,12.8837,12.8338,12.7857,12.7395,12.6949,12.6518,12.6102,12.5701,12.5312,12.4935,12.4571,12.4217,12.3874,12.354,12.3217,12.2902,12.2596
23.8416,23.7656,23.689,23.6116,23.5334,23.4545,23.3747,23.2941,23.2127,23.1303,23.047,22.9627,22.8774,22.7911,22.7037,22.6151,22.5254,22.4344,22.3422,22.2486,22.1536,22.0571,21.9591,21.8595,21.7582,21.6551,21.5502,21.4432,21.3342,21.223,21.1095,20.9935,20.875,20.7536,20.6293,20.5018,20.371,20.2365,20.0982,19.9557,19.8087,19.6568,19.4997,19.3369,19.1679,18.992,18.8088,18.6175,18.4174,18.2078,17.9881,17.7578,17.5168,17.2657,17.0062,16.7411,16.4747,16.2116,15.9568,15.7139,15.4854,15.2723,15.0746,14.8917,14.7226,14.5661,14.4211,14.2865,14.1612,14.0443,13.9351,13.8327,13.7366,13.646,13.5606,13.4798,13.4033,13.3306,13.2616,13.1958,13.133,13.073,13.0156,12.9606,12.9079,12.8572,12.8084,12.7615,12.7163,12.6727,12.6306,12.5898,12.5505,12.5124,12.4754,12.4396,12.4049,12.3712,12.3385,12.3066,12.2757
23.8555,23.7798,23.7033,23.6262,23.5482,23.4695,23.39,23.3097,23.2284,23.1463,23.0633,22.9793,22.8943,22.8083,22.7212,22.633,22.5436,22.453,22.3612,22.268,22.1734,22.0774,21.9799,21.8808,21.78,21.6775,21.5731,21.4668,21.3585,21.248,21.1352,21.02,20.9023,20.7818,20.6584,20.532,20.4023,20.269,20.132,19.9909,19.8455,19.6953,19.54,19.3792,19.2124,19.039,18.8584,18.6701,18.4732,18.2672,18.0514,17.8252,17.5885,17.3417,17.086,16.8239,16.5591,16.2962,16.04,15.7945,15.5625,15.3454,15.1437,14.9567,14.7837,14.6236,14.4752,14.3375,14.2094,14.09,13.9784,13.8738,13.7757,13.6833,13.5962,13.5139,13.4359,13.3619,13.2917,13.2247,13.1609,13.0999,13.0416,12.9858,12.9322,12.8808,12.8314,12.7838,12.7379,12.6937,12.6511,12.6098,12.5699,12.5314,12.494,12.4578,12.4226,12.3885,12.3554,12.3232,12.2919
23.8695,23.7939,23.7177,23.6407,23.563,23.4845,23.4052,23.3251,23.2442,23.1623,23.0796,22.9959,22.9112,22.8255,22.7387,22.6508,22.5618,22.4716,22.3801,22.2873,22.1932,22.0976,22.0005,21.9019,21.8016,21.6997,21.5959,21.4902,21.3825,21.2727,21.1606,21.0462,20.9293,20.8097,20.6873,20.5619,20.4332,20.3012,20.1654,20.0257,19.8818,19.7332,19.5797,19.4208,19.2561,19.085,18.9071,18.7216,18.5279,18.3253,18.1133,17.8911,17.6586,17.416,17.1642,16.9053,16.6426,16.3803,16.1232,15.8755,15.6403,15.4195,15.2137,15.0227,14.8459,14.6821,14.5303,14.3894,14.2584,14.1364,14.0223,13.9155,13.8154,13.7211,13.6323,13.5484,13.469,13.3937,13.3222,13.2541,13.1892,13.1272,13.068,13.0113,12.9569,12.9047,12.8545,12.8063,12.7598,12.715,12.6717,12.63,12.5896,12.5505,12.5127,12.476,12.4405,12.406,12.3725,12.3399,12.3083
23.8833,23.808,23.7319,23.6552,23.5777,23.4994,23.4204,23.3405,23.2598,23.1782,23.0957,23.0123,22.9279,22.8425,22.7561,22.6685,22.5798,22.49,22.3989,22.3065,22.2128,22.1176,22.021,21.9229,21.8231,21.7217,21.6185,21.5134,21.4063,21.2972,21.1858,21.0722,20.9561,20.8374,20.7159,20.5915,20.4639,20.333,20.1984,20.0601,19.9176,19.7706,19.6188,19.4618,19.2991,19.1303,18.9549,18.7721,18.5814,18.3822,18.1738,17.9555,17.7271,17.4887,17.2408,16.9853,16.725,16.4638,16.2063,15.9568,15.7187,15.4944,15.2847,15.0898,14.909,14.7416,14.5863,14.4423,14.3083,14.1835,14.067,13.958,13.8557,13.7595,13.669,13.5834,13.5025,13.4259,13.3531,13.2838,13.2178,13.1548,13.0946,13.037,12.9818,12.9289,12.878,12.829,12.7819,12.7365,12.6926,12.6503,12.6094,12.5699,12.5316,12.4945,12.4585,12.4236,12.3897,12.3568,12.3248
23.8971,23.822,23.7461,23.6696,23.5923,23.5142,23.4354,23.3558,23.2754,23.194,23.1118,23.0287,22.9446,22.8595,22.7734,22.6861,22.5978,22.5083,22.4176,22.3256,22.2323,22.1376,22.0414,21.9437,21.8445,21.7436,21.6409,21.5364,21.43,21.3215,21.2108,21.0979,20.9826,20.8648,20.7442,20.6207,20.4942,20.3644,20.2311,20.094,19.9529,19.8074,19.6573,19.5021,19.3415,19.1749,19.0018,18.8217,18.6339,18.4379,18.2329,18.0185,17.7941,17.5597,17.3159,17.0639,16.8063,16.5466,16.2891,16.0383,15.7977,15.5701,15.3566,15.1578,14.9732,14.802,14.6433,14.496,14.359,14.2315,14.1124,14.001,13.8966,13.7985,13.7062,13.619,13.5366,13.4585,13.3844,13.3139,13.2468,13.1828,13.1216,13.0631,13.007,12.9533,12.9016,12.852,12.8042,12.7582,12.7137,12.6709,12.6294,12.5894,12.5506,12.5131,12.4766,12.4413,12.4071,12.3738,12.3414
23.9109,23.8359,23.7603,23.6839,23.6069,23.529,23.4505,23.3711,23.2909,23.2098,23.1279,23.045,22.9612,22.8764,22.7906,22.7037,22.6157,22.5265,22.4362,22.3445,22.2516,22.1574,22.0617,21.9645,21.8657,21.7653,21.6632,21.5593,21.4534,21.3456,21.2356,21.1235,21.0089,20.8919,20.7722,20.6497,20.5242,20.3954,20.2633,20.1275,19.9878,19.8438,19.6953,19.5419,19.3832,19.2187,19.0479,18.8703,18.6854,18.4924,18.2909,18.08,17.8595,17.6292,17.3893,17.141,16.8864,16.6285,16.3715,16.1198,15.8771,15.6464,15.4294,15.2268,15.0384,14.8635,14.7012,14.5506,14.4106,14.2802,14.1586,14.0448,13.9382,13.8381,13.7439,13.6551,13.5711,13.4915,13.4161,13.3444,13.2761,13.2111,13.1489,13.0895,13.0325,12.978,12.9256,12.8752,12.8267,12.7801,12.735,12.6916,12.6496,12.6091,12.5698,12.5318,12.495,12.4592,12.4246,12.3909,12.3582
23.9246,23.8498,23.7744,23.6982,23.6214,23.5438,23.4654,23.3863,23.3063,23.2255,23.1438,23.0612,22.9777,22.8932,22.8077,22.7211,22.6334,22.5446,22.4546,22.3634,22.2709,22.177,22.0818,21.985,21.8868,21.7869,21.6853,21.5819,21.4767,21.3695,21.2602,21.1488,21.035,20.9188,20.7999,20.6784,20.5538,20.4262,20.2952,20.1606,20.0222,19.8797,19.7328,19.5811,19.4242,19.2617,19.0932,18.9181,18.7359,18.5459,18.3476,18.1403,17.9236,17.6972,17.4612,17.2166,16.9651,16.7095,16.4534,16.2012,15.9568,15.7234,15.5031,15.2967,15.1045,14.9259,14.7601,14.6061,14.463,14.3298,14.2055,14.0893,13.9805,13.8783,13.7822,13.6916,13.6061,13.5251,13.4483,13.3753,13.3059,13.2397,13.1765,13.1161,13.0583,13.0029,12.9498,12.8987,12.8495,12.8022,12.7566,12.7125,12.67,12.6289,12.5892,12.5507,12.5134,12.4773,12.4422,12.4082,12.3751
23.9382,23.8637,23.7884,23.7125,23.6358,23.5585,23.4803,23.4014,23.3217,23.2411,23.1597,23.0774,22.9941,22.9099,22.8247,22.7384,22.6511,22.5627,22.473,22.3822,22.2901,22.1966,22.1018,22.0055,21.9077,21.8083,21.7073,21.6045,21.4998,21.3932,21.2846,21.1739,21.0608,20.9454,20.8274,20.7067,20.5832,20.4566,20.3267,20.1933,20.0562,19.9151,19.7697,19.6197,19.4646,19.3041,19.1378,18.965,18.7854,18.5983,18.4031,18.1992,17.9862,17.7636,17.5316,17.2908,17.0425,16.7893,16.5346,16.2823,16.0366,15.8008,15.5774,15.3675,15.1716,14.9893,14.8199,14.6626,14.5163,14.3802,14.2532,14.1345,14.0234,13.9192,13.8211,13.7288,13.6416,13.5591,13.4808,13.4066,13.336,13.2687,13.2045,13.1431,13.0844,13.0282,12.9742,12.9224,12.8725,12.8245,12.7783,12.7337,12.6906,12.649,12.6087,12.5698,12.5321,12.4955,12.46,12.4256,12.3921
23.9519,23.8775,23.8024,23.7267,23.6502,23.5731,23.4952,23.4165,23.337,23.2567,23.1755,23.0935,23.0105,22.9266,22.8417,22.7557,22.6687,22.5806,22.4913,22.4008,22.3091,22.2161,22.1217,22.0258,21.9285,21.8296,21.7291,21.6268,21.5228,21.4168,21.3088,21.1988,21.0865,20.9718,20.8547,20.7349,20.6122,20.4866,20.3579,20.2257,20.0898,19.9501,19.8062,19.6577,19.5044,19.3458,19.1816,19.0112,18.834,18.6497,18.4575,18.2569,18.0474,17.8286,17.6005,17.3634,17.1185,16.868,16.615,16.3631,16.1165,15.8787,15.6523,15.4391,15.2396,15.0536,14.8807,14.7199,14.5705,14.4314,14.3016,14.1805,14.067,13.9606,13.8606,13.7665,13.6776,13.5935,13.5139,13.4383,13.3665,13.298,13.2328,13.1704,13.1108,13.0537,12.9989,12.9463,12.8958,12.8471,12.8002,12.755,12.7114,12.6692,12.6285,12.589,12.5508,12.5138,12.4779,12.4431,12.4093
23.9654,23.8912,23.8164,23.7408,23.6646,23.5876,23.51,23.4315,23.3523,23.2722,23.1913,23.1095,23.0268,22.9431,22.8585,22.7729,22.6862,22.5984,22.5095,22.4194,22.328,22.2354,22.1414,22.046,21.9492,21.8507,21.7507,21.649,21.5455,21.4402,21.3329,21.2235,21.1119,20.998,20.8816,20.7627,20.641,20.5164,20.3887,20.2576,20.123,19.9846,19.8421,19.6952,19.5436,19.3869,19.2247,19.0565,18.8818,18.7001,18.5108,18.3134,18.1074,17.8922,17.6679,17.4345,17.1932,16.9456,16.6944,16.4434,16.1962,15.9568,15.7279,15.5114,15.3084,15.1188,14.9423,14.7782,14.6255,14.4834,14.3509,14.2271,14.1113,14.0027,13.9007,13.8047,13.7141,13.6285,13.5474,13.4705,13.3974,13.3278,13.2614,13.1981,13.1375,13.0795,13.0239,12.9705,12.9192,12.8699,12.8224,12.7766,12.7324,12.6897,12.6484,12.6085,12.5698,12.5323,12.496,12.4608,12.4266
23.9789,23.9049,23.8303,23.7549,23.6789,23.6022,23.5247,23.4465,23.3674,23.2876,23.207,23.1254,23.043,22.9596,22.8753,22.79,22.7036,22.6162,22.5276,22.4378,22.3469,22.2546,22.161,22.0661,21.9697,21.8718,21.7722,21.6711,21.5681,21.4634,21.3567,21.2479,21.1371,21.0239,20.9084,20.7903,20.6695,20.5459,20.4192,20.2892,20.1558,20.0187,19.8776,19.7323,19.5823,19.4274,19.2671,19.1011,18.9287,18.7496,18.5631,18.3688,18.1661,17.9545,17.7338,17.5042,17.2664,17.0218,16.7729,16.523,16.2758,16.035,15.8039,15.5845,15.378,15.185,15.0049,14.8374,14.6815,14.5363,14.4009,14.2745,14.1563,14.0455,13.9414,13.8435,13.7511,13.6639,13.5813,13.503,13.4286,13.3579,13.2904,13.226,13.1645,13.1056,13.0492,12.995,12.943,12.8929,12.8448,12.7983,12.7535,12.7103,12.6685,12.628,12.5889,12.551,12.5142,12.4786,12.444
23.9924,23.9186,23.8441,23.769,23.6931,23.6166,23.5394,23.4613,23.3826,23.303,23.2226,23.1413,23.0591,22.9761,22.892,22.807,22.7209,22.6338,22.5456,22.4562,22.3656,22.2737,22.1806,22.086,21.9901,21.8926,21.7936,21.693,21.5906,21.4864,21.3803,21.2722,21.162,21.0496,20.9349,20.8176,20.6977,20.575,20.4493,20.3205,20.1883,20.0524,19.9127,19.7688,19.6204,19.4673,19.3089,19.1449,18.9748,18.7982,18.6145,18.4231,18.2235,18.0154,17.7983,17.5724,17.3381,17.0967,16.8503,16.6019,16.355,16.1133,15.8802,15.6581,15.4485,15.2519,15.0684,14.8974,14.7382,14.59,14.4517,14.3227,14.202,14.0889,13.9827,13.8829,13.7887,13.6998,13.6157,13.536,13.4603,13.3884,13.3198,13.2544,13.1918,13.132,13.0747,13.0198,12.967,12.9162,12.8674,12.8203,12.7749,12.7311,12.6887,12.6478,12.6082,12.5698,12.5326,12.4966,12.4616
24.0058,23.9322,23.8579,23.783,23.7073,23.631,23.554,23.4762,23.3976,23.3183,23.2381,23.1571,23.0752,22.9924,22.9087,22.8239,22.7382,22.6514,22.5635,22.4744,22.3842,22.2927,22.2,22.1059,22.0104,21.9134,21.8148,21.7147,21.6129,21.5092,21.4038,21.2963,21.1868,21.0751,20.9611,20.8447,20.7256,20.6039,20.4792,20.3514,20.2203,20.0857,19.9473,19.8048,19.658,19.5065,19.35,19.188,19.0202,18.8459,18.6648,18.4763,18.2799,18.075,17.8615,17.6392,17.4085,17.1704,16.9266,16.6799,16.4337,16.1915,15.9568,15.7322,15.5196,15.3197,15.1328,14.9584,14.7959,14.6445,14.5034,14.3716,14.2484,14.133,14.0247,13.9228,13.8269,13.7363,13.6506,13.5695,13.4925,13.4192,13.3495,13.283,13.2195,13.1587,13.1006,13.0448,12.9912,12.9397,12.8902,12.8425,12.7965,12.7521,12.7092,12.6678,12.6276,12.5888,12.5512,12.5147,12.4793
24.0192,23.9458,23.8717,23.7969,23.7215,23.6454,23.5685,23.491,23.4126,23.3335,23.2536,23.1728,23.0912,23.0087,22.9252,22.8408,22.7553,22.6689,22.5813,22.4926,22.4027,22.3116,22.2193,22.1256,22.0305,21.934,21.8359,21.7363,21.635,21.5319,21.4271,21.3202,21.2114,21.1004,20.9871,20.8715,20.7533,20.6324,20.5087,20.382,20.252,20.1186,19.9815,19.8404,19.6951,19.5453,19.3905,19.2305,19.0647,18.8928,18.7142,18.5285,18.3351,18.1335,17.9234,17.7046,17.4774,17.2426,17.0017,16.7571,16.5118,16.2695,16.0335,15.8068,15.5913,15.3883,15.198,15.0202,14.8544,14.6999,14.5558,14.4213,14.2955,14.1777,14.0672,13.9634,13.8656,13.7733,13.686,13.6034,13.525,13.4505,13.3796,13.312,13.2475,13.1858,13.1267,13.0701,13.0157,12.9635,12.9133,12.8649,12.8183,12.7733,12.7299,12.6879,12.6473,12.608,12.5699,12.533,12.4971
24.0326,23.9593,23.8854,23.8108,23.7356,23.6596,23.583,23.5057,23.4276,23.3487,23.269,23.1885,23.1071,23.0249,22.9417,22.8575,22.7724,22.6862,22.599,22.5107,22.4211,22.3304,22.2385,22.1452,22.0505,21.9544,21.8569,21.7577,21.657,21.5545,21.4502,21.344,21.2358,21.1255,21.0129,20.8981,20.7807,20.6607,20.538,20.4122,20.2833,20.1511,20.0152,19.8755,19.7317,19.5835,19.4304,19.2723,19.1086,18.9389,18.7628,18.5797,18.3892,18.1907,17.9839,17.7687,17.545,17.3135,17.0756,16.8332,16.5892,16.3471,16.1102,15.8817,15.6636,15.4575,15.264,15.0829,14.9138,14.7562,14.6091,14.4718,14.3434,14.2232,14.1105,14.0045,13.9048,13.8108,13.7219,13.6378,13.558,13.4822,13.4101,13.3414,13.2758,13.2131,13.1531,13.0956,13.0405,12.9875,12.9366,12.8875,12.8403,12.7947,12.7507,12.7082,12.6671,12.6273,12.5887,12.5514,12.5151
24.0459,23.9727,23.899,23.8246,23.7496,23.6739,23.5975,23.5203,23.4425,23.3638,23.2844,23.2041,23.123,23.041,22.9581,22.8742,22.7894,22.7035,22.6166,22.5286,22.4395,22.3491,22.2575,22.1647,22.0704,21.9748,21.8777,21.779,21.6788,21.5768,21.4731,21.3675,21.2599,21.1503,21.0385,20.9244,20.8079,20.6888,20.5669,20.4422,20.3143,20.1832,20.0486,19.9102,19.7678,19.6211,19.4698,19.3135,19.1517,18.9842,18.8105,18.63,18.4422,18.2468,18.0433,17.8314,17.6112,17.3831,17.1482,16.9083,16.6659,16.4243,16.1869,15.9568,15.7364,15.5275,15.3307,15.1463,14.974,14.8132,14.6631,14.523,14.392,14.2693,14.1543,14.0463,13.9446,13.8488,13.7583,13.6726,13.5914,13.5143,13.4409,13.3711,13.3044,13.2407,13.1798,13.1215,13.0655,13.0118,12.9601,12.9104,12.8625,12.8163,12.7717,12.7287,12.687,12.6468,12.6078,12.57,12.5333
24.0591,23.9862,23.9126,23.8384,23.7636,23.6881,23.6119,23.535,23.4573,23.3789,23.2997,23.2197,23.1388,23.0571,22.9744,22.8909,22.8063,22.7208,22.6342,22.5465,22.4577,22.3677,22.2765,22.184,22.0902,21.995,21.8984,21.8002,21.7004,21.599,21.4959,21.3909,21.2839,21.175,21.0639,20.9505,20.8348,20.7165,20.5956,20.4718,20.345,20.215,20.0816,19.9445,19.8035,19.6583,19.5086,19.354,19.1942,19.0288,18.8573,18.6793,18.4943,18.3018,18.1014,17.8929,17.6761,17.4513,17.2195,16.9822,16.7417,16.501,16.2634,16.032,15.8096,15.598,15.3982,15.2106,15.0351,14.8711,14.718,14.575,14.4413,14.3162,14.1989,14.0887,13.9851,13.8874,13.7951,13.7079,13.6252,13.5468,13.4722,13.4012,13.3334,13.2687,13.2069,13.1476,13.0908,13.0363,12.9839,12.9335,12.8849,12.8381,12.793,12.7494,12.7072,12.6664,12.6269,12.5887,12.5516
24.0723,23.9996,23.9262,23.8522,23.7775,23.7022,23.6262,23.5495,23.4721,23.3939,23.3149,23.2351,23.1545,23.073,22.9907,22.9074,22.8231,22.7379,22.6516,22.5643,22.4758,22.3862,22.2954,22.2033,22.1099,22.0151,21.9189,21.8212,21.722,21.6211,21.5185,21.414,21.3077,21.1994,21.089,20.9764,20.8614,20.744,20.624,20.5011,20.3753,20.2464,20.1142,19.9783,19.8387,19.6949,19.5468,19.394,19.236,19.0727,18.9034,18.7278,18.5454,18.3558,18.1584,17.9531,17.7396,17.5182,17.2896,17.055,16.8166,16.577,16.3395,16.1073,15.8831,15.669,15.4663,15.2756,15.0969,14.9298,14.7737,14.6278,14.4914,14.3637,14.2441,14.1317,14.026,13.9265,13.8325,13.7437,13.6595,13.5797,13.5038,13.4316,13.3628,13.297,13.2342,13.1741,13.1164,13.0611,13.0079,12.9568,12.9076,12.8602,12.8144,12.7702,12.7275,12.6863,12.6463,12.6076,12.5701
24.0855,24.0129,23.9397,23.8659,23.7914,23.7163,23.6405,23.564,23.4868,23.4088,23.3301,23.2505,23.1702,23.089,23.0069,22.9238,22.8399,22.7549,22.669,22.582,22.4938,22.4046,22.3141,22.2224,22.1294,22.0351,21.9393,21.8421,21.7434,21.643,21.5409,21.4371,21.3314,21.2237,21.114,21.0021,20.8879,20.7713,20.6521,20.5302,20.4054,20.2775,20.1464,20.0118,19.8734,19.7311,19.5845,19.4333,19.2772,19.1158,18.9487,18.7754,18.5956,18.4087,18.2143,18.0121,17.8019,17.5838,17.3584,17.1266,16.8905,16.6524,16.4153,16.1825,15.9568,15.7405,15.5351,15.3414,15.1595,14.9893,14.8301,14.6813,14.5422,14.412,14.2899,14.1754,14.0676,13.9662,13.8705,13.78,13.6943,13.6131,13.5359,13.4624,13.3925,13.3257,13.2619,13.2008,13.1423,13.0861,13.0322,12.9804,12.9305,12.8824,12.8361,12.7913,12.7481,12.7063,12.6658,12.6266,12.5887
24.0986,24.0262,23.9532,23.8795,23.8053,23.7303,23.6547,23.5784,23.5014,23.4237,23.3452,23.2659,23.1858,23.1048,23.023,22.9402,22.8566,22.7719,22.6863,22.5996,22.5118,22.4229,22.3328,22.2415,22.1489,22.0549,21.9596,21.8629,21.7646,21.6647,21.5632,21.4599,21.3548,21.2478,21.1387,21.0275,20.9141,20.7982,20.6799,20.5589,20.4351,20.3083,20.1782,20.0448,19.9078,19.7668,19.6217,19.4722,19.3178,19.1583,18.9933,18.8223,18.6449,18.4606,18.2691,18.07,17.863,17.6481,17.4259,17.1971,16.9633,16.7269,16.4906,16.2575,16.0306,15.8123,15.6044,15.4078,15.2229,15.0496,14.8874,14.7357,14.5938,14.461,14.3365,14.2197,14.1098,14.0064,13.9089,13.8168,13.7295,13.6469,13.5683,13.4937,13.4225,13.3547,13.2898,13.2278,13.1684,13.1115,13.0568,13.0042,12.9536,12.9049,12.8579,12.8126,12.7688,12.7265,12.6855,12.6459,12.6074
24.1117,24.0394,23.9666,23.8931,23.8191,23.7443,23.6689,23.5928,23.516,23.4385,23.3602,23.2812,23.2013,23.1206,23.039,22.9565,22.8732,22.7888,22.7035,22.6171,22.5296,22.4411,22.3513,22.2604,22.1682,22.0747,21.9798,21.8835,21.7857,21.6863,21.5853,21.4826,21.3781,21.2717,21.1633,21.0528,20.94,20.825,20.7075,20.5874,20.4645,20.3387,20.2097,20.0775,19.9417,19.8021,19.6584,19.5105,19.3578,19.2002,19.0371,18.8683,18.6933,18.5116,18.3229,18.1267,17.9228,17.7112,17.4921,17.2663,17.0351,16.8005,16.5653,16.3323,16.1045,15.8845,15.6742,15.4749,15.287,15.1106,14.9454,14.7908,14.6461,14.5107,14.3837,14.2646,14.1526,14.0473,13.9479,13.8541,13.7653,13.6811,13.6012,13.5253,13.453,13.384,13.3181,13.2552,13.1949,13.1371,13.0816,13.0282,12.977,12.9276,12.88,12.834,12.7897,12.7468,12.7054,12.6652,12.6264
24.1247,24.0526,23.98,23.9067,23.8328,23.7583,23.6831,23.6072,23.5306,23.4533,23.3752,23.2964,23.2167,23.1363,23.055,22.9728,22.8897,22.8056,22.7206,22.6345,22.5474,22.4591,22.3698,22.2792,22.1874,22.0943,21.9998,21.904,21.8067,21.7078,21.6073,21.5051,21.4012,21.2954,21.1876,21.0778,20.9658,20.8515,20.7348,20.6156,20.4936,20.3688,20.2409,20.1098,19.9752,19.8369,19.6947,19.5482,19.3972,19.2414,19.0803,18.9136,18.7409,18.5617,18.3756,18.1823,17.9815,17.773,17.5571,17.3343,17.1057,16.8732,16.6393,16.4066,16.1782,15.9568,15.7444,15.5425,15.3518,15.1724,15.0042,14.8466,14.6992,14.5611,14.4316,14.3102,14.1961,14.0887,13.9874,13.8919,13.8015,13.7158,13.6345,13.5573,13.4838,13.4137,13.3468,13.2828,13.2216,13.1629,13.1066,13.0526,13.0005,12.9505,12.9022,12.8557,12.8108,12.7674,12.7254,12.6848,12.6454
24.1377,24.0658,23.9933,23.9202,23.8465,23.7721,23.6971,23.6214,23.5451,23.468,23.3901,23.3115,23.2321,23.1519,23.0709,22.9889,22.9061,22.8223,22.7376,22.6518,22.565,22.4771,22.3881,22.2979,22.2065,22.1138,22.0198,21.9243,21.8275,21.7291,21.6291,21.5275,21.4241,21.3189,21.2118,21.1026,20.9913,20.8778,20.7619,20.6435,20.5224,20.3986,20.2717,20.1417,20.0083,19.8713,19.7305,19.5855,19.4361,19.282,19.1228,18.9581,18.7876,18.6109,18.4274,18.2369,18.039,17.8337,17.6208,17.401,17.1752,16.945,16.7125,16.4805,16.2519,16.0293,15.815,15.6107,15.4172,15.2349,15.0637,14.9033,14.753,14.6122,14.4803,14.3564,14.2401,14.1307,14.0275,13.9302,13.8381,13.751,13.6683,13.5897,13.515,13.4437,13.3758,13.3108,13.2486,13.1891,13.132,13.0771,13.0244,12.9736,12.9247,12.8776,12.8321,12.7881,12.7456,12.7045,12.6647
24.1507,24.0789,24.0066,23.9337,23.8601,23.786,23.7112,23.6357,23.5595,23.4826,23.405,23.3266,23.2475,23.1675,23.0867,23.005,22.9225,22.839,22.7545,22.6691,22.5826,22.4951,22.4064,22.3165,22.2255,22.1332,22.0396,21.9446,21.8482,21.7503,21.6508,21.5497,21.4469,21.3422,21.2357,21.1272,21.0166,20.9038,20.7887,20.6712,20.551,20.4281,20.3022,20.1733,20.041,19.9053,19.7658,19.6223,19.4744,19.322,19.1646,19.002,18.8336,18.6592,18.4783,18.2905,18.0955,17.8931,17.6834,17.4666,17.2436,17.0157,16.785,16.5539,16.3252,16.1017,15.8858,15.6793,15.4832,15.298,15.124,14.9606,14.8075,14.6641,14.5296,14.4034,14.2848,14.1733,14.0682,13.969,13.8753,13.7866,13.7025,13.6226,13.5465,13.4741,13.4051,13.3391,13.276,13.2155,13.1576,13.1019,13.0484,12.997,12.9474,12.8997,12.8536,12.8091,12.766,12.7244,12.6841
24.1636,24.092,24.0199,23.9471,23.8737,23.7998,23.7251,23.6499,23.5739,23.4972,23.4198,23.3417,23.2627,23.183,23.1025,23.0211,22.9388,22.8556,22.7714,22.6863,22.6001,22.5129,22.4245,22.3351,22.2444,22.1525,22.0593,21.9647,21.8687,21.7713,21.6723,21.5717,21.4695,21.3654,21.2595,21.1516,21.0417,20.9297,20.8153,20.6986,20.5793,20.4573,20.3324,20.2045,20.0734,19.9389,19.8007,19.6585,19.5122,19.3615,19.2059,19.0451,18.8789,18.7067,18.5282,18.3431,18.1509,17.9514,17.7447,17.5309,17.3108,17.0854,16.8565,16.6266,16.3982,16.1741,15.9568,15.7483,15.5497,15.3618,15.1849,15.0187,14.8628,14.7166,14.5796,14.4509,14.3301,14.2165,14.1094,14.0084,13.913,13.8227,13.7371,13.6558,13.5785,13.5049,13.4347,13.3677,13.3036,13.2423,13.1835,13.127,13.0728,13.0206,12.9704,12.922,12.8753,12.8302,12.7866,12.7445,12.7037
24.1765,24.1051,24.0331,23.9605,23.8873,23.8135,23.7391,23.664,23.5882,23.5117,23.4346,23.3566,23.278,23.1985,23.1182,23.037,22.955,22.8721,22.7882,22.7033,22.6175,22.5306,22.4426,22.3535,22.2632,22.1716,22.0788,21.9847,21.8892,21.7922,21.6937,21.5936,21.4919,21.3884,21.2831,21.1759,21.0666,20.9553,20.8417,20.7257,20.6073,20.4862,20.3623,20.2354,20.1054,19.9721,19.8351,19.6944,19.5495,19.4004,19.2465,19.0876,18.9234,18.7534,18.5773,18.3947,18.2052,18.0087,17.8049,17.5941,17.3768,17.154,16.9272,16.6986,16.4708,16.2464,16.028,15.8176,15.6167,15.4263,15.2465,15.0775,14.9188,14.7699,14.6303,14.4992,14.3761,14.2603,14.1512,14.0484,13.9512,13.8593,13.7722,13.6895,13.6109,13.5361,13.4648,13.3967,13.3316,13.2693,13.2096,13.1524,13.0973,13.0444,12.9935,12.9445,12.8972,12.8515,12.8074,12.7647,12.7234
24.1893,24.118,24.0462,23.9738,23.9008,23.8272,23.7529,23.6781,23.6025,23.5262,23.4493,23.3716,23.2931,23.2139,23.1338,23.0529,22.9711,22.8885,22.8049,22.7204,22.6348,22.5482,22.4606,22.3718,22.2818,22.1907,22.0983,22.0046,21.9095,21.813,21.7149,21.6154,21.5142,21.4112,21.3065,21.1999,21.0913,20.9807,20.8678,20.7526,20.635,20.5148,20.3919,20.266,20.1371,20.0049,19.8692,19.7298,19.5864,19.4387,19.2865,19.1295,18.9672,18.7994,18.6256,18.4454,18.2586,18.0648,17.864,17.6561,17.4417,17.2215,16.9969,16.7699,16.5429,16.3184,16.0991,15.8871,15.6842,15.4912,15.3088,15.137,14.9755,14.8239,14.6817,14.5481,14.4227,14.3047,14.1936,14.0888,13.9899,13.8963,13.8077,13.7236,13.6437,13.5676,13.4951,13.426,13.3599,13.2967,13.2361,13.178,13.1222,13.0685,13.0169,12.9672,12.9193,12.873,12.8283,12.7851,12.7434
