CH4 dlam_drho [W/m_K/kg/m3] Mixed
0.000230136,0.000196351,0.000192714,0.000190379,0.000188619,0.000187192,0.000185984,0.000184931,0.000183995,0.000183151,0.000182381,0.000181671,0.000181013,0.000180398,0.00017982,0.000179275,0.000178759,0.000178268,0.000177801,0.000177354,0.000176926,0.000176515,0.000176119,0.000175738,0.00017537,0.000175014,0.00017467,0.000174336,0.000174012,0.000173697,0.000173391,0.000173093,0.000172802,0.000172519,0.000172242,0.000171972,0.000171709,0.000171451,0.000171198,0.000170951,0.000170709,0.000170471,0.000170238,0.00017001,0.000169786,0.000169566,0.000169349,0.000169137,0.000168928,0.000168722,0.00016852,0.000168321,0.000168125,0.000167932,0.000167742,0.000167555,0.00016737,0.000167189,0.000167009,0.000166832,0.000166657,0.000166485,0.000166315,0.000166147,0.000165981,0.000165817,0.000165656,0.000165496,0.000165338,0.000165182,0.000165027,0.000164875,0.000164724,0.000164575,0.000164427,0.000164281,0.000164136,0.000163993,0.000163852,0.000163712,0.000163573,0.000163436,0.0001633,0.000163165,0.000163031,0.000162899,0.000162768,0.000162638,0.00016251,0.000162382,0.000162256,0.000162131,0.000162007,0.000161884,0.000161762,0.000161641,0.000161521,0.000161402,0.000161284,0.000161167,0.000161051
0.000246959,0.000198664,0.000193959,0.000191275,0.000189337,0.000187798,0.000186514,0.000185405,0.000184426,0.000183548,0.000182749,0.000182016,0.000181338,0.000180705,0.000180113,0.000179555,0.000179027,0.000178526,0.000178049,0.000177594,0.000177158,0.00017674,0.000176338,0.000175951,0.000175578,0.000175217,0.000174867,0.000174529,0.000174201,0.000173882,0.000173572,0.00017327,0.000172977,0.00017269,0.000172411,0.000172138,0.000171872,0.000171611,0.000171356,0.000171107,0.000170862,0.000170623,0.000170388,0.000170158,0.000169932,0.00016971,0.000169492,0.000169278,0.000169067,0.00016886,0.000168656,0.000168456,0.000168259,0.000168064,0.000167873,0.000167685,0.000167499,0.000167316,0.000167135,0.000166957,0.000166781,0.000166608,0.000166437,0.000166268,0.000166101,0.000165936,0.000165774,0.000165613,0.000165454,0.000165297,0.000165142,0.000164989,0.000164837,0.000164687,0.000164539,0.000164392,0.000164247,0.000164103,0.000163961,0.00016382,0.000163681,0.000163543,0.000163406,0.000163271,0.000163137,0.000163004,0.000162872,0.000162742,0.000162613,0.000162485,0.000162358,0.000162232,0.000162108,0.000161984,0.000161862,0.00016174,0.00016162,0.0001615,0.000161382,0.000161264,0.000161148
0.000251954,0.000202363,0.000195439,0.000192273,0.000190111,0.000188442,0.00018707,0.000185899,0.000184872,0.000183957,0.000183128,0.00018237,0.00018167,0.00018102,0.000180412,0.00017984,0.0001793,0.000178788,0.000178302,0.000177838,0.000177394,0.000176968,0.00017656,0.000176166,0.000175787,0.000175421,0.000175067,0.000174724,0.000174391,0.000174069,0.000173755,0.00017345,0.000173153,0.000172863,0.000172581,0.000172305,0.000172036,0.000171773,0.000171515,0.000171264,0.000171017,0.000170775,0.000170538,0.000170306,0.000170078,0.000169855,0.000169635,0.000169419,0.000169207,0.000168998,0.000168793,0.000168591,0.000168393,0.000168197,0.000168004,0.000167815,0.000167628,0.000167443,0.000167262,0.000167082,0.000166906,0.000166731,0.000166559,0.000166389,0.000166221,0.000166056,0.000165892,0.000165731,0.000165571,0.000165413,0.000165257,0.000165103,0.000164951,0.0001648,0.000164651,0.000164503,0.000164357,0.000164213,0.00016407,0.000163928,0.000163788,0.00016365,0.000163513,0.000163377,0.000163242,0.000163109,0.000162977,0.000162846,0.000162716,0.000162588,0.00016246,0.000162334,0.000162209,0.000162085,0.000161962,0.00016184,0.000161719,0.000161599,0.00016148,0.000161362,0.000161245
0.000255392,0.000222067,0.000197286,0.000193401,0.000190955,0.000189129,0.000187657,0.000186415,0.000185336,0.000184379,0.000183518,0.000182733,0.000182011,0.000181341,0.000180716,0.00018013,0.000179577,0.000179054,0.000178558,0.000178084,0.000177632,0.000177199,0.000176784,0.000176384,0.000175999,0.000175627,0.000175268,0.000174921,0.000174584,0.000174257,0.000173939,0.00017363,0.00017333,0.000173037,0.000172752,0.000172473,0.000172201,0.000171935,0.000171676,0.000171421,0.000171172,0.000170929,0.00017069,0.000170455,0.000170226,0.00017,0.000169779,0.000169561,0.000169347,0.000169137,0.00016893,0.000168727,0.000168527,0.00016833,0.000168136,0.000167945,0.000167757,0.000167571,0.000167388,0.000167208,0.00016703,0.000166855,0.000166682,0.000166511,0.000166342,0.000166176,0.000166011,0.000165849,0.000165688,0.000165529,0.000165373,0.000165218,0.000165064,0.000164913,0.000164763,0.000164615,0.000164468,0.000164323,0.000164179,0.000164037,0.000163897,0.000163757,0.000163619,0.000163483,0.000163348,0.000163214,0.000163081,0.00016295,0.000162819,0.00016269,0.000162563,0.000162436,0.00016231,0.000162186,0.000162062,0.00016194,0.000161818,0.000161698,0.000161579,0.00016146,0.000161343
0.000258106,0.000244556,0.000199797,0.000194706,0.000191883,0.000189867,0.000188277,0.000186955,0.000185818,0.000184817,0.00018392,0.000183106,0.00018236,0.00018167,0.000181027,0.000180426,0.00017986,0.000179325,0.000178818,0.000178335,0.000177874,0.000177433,0.000177011,0.000176604,0.000176213,0.000175836,0.000175472,0.000175119,0.000174778,0.000174446,0.000174125,0.000173812,0.000173508,0.000173212,0.000172924,0.000172642,0.000172368,0.000172099,0.000171837,0.00017158,0.000171329,0.000171083,0.000170842,0.000170605,0.000170374,0.000170146,0.000169923,0.000169704,0.000169488,0.000169277,0.000169068,0.000168864,0.000168662,0.000168464,0.000168268,0.000168076,0.000167887,0.0001677,0.000167516,0.000167334,0.000167155,0.000166979,0.000166805,0.000166633,0.000166463,0.000166296,0.00016613,0.000165967,0.000165805,0.000165646,0.000165488,0.000165332,0.000165178,0.000165026,0.000164875,0.000164726,0.000164579,0.000164433,0.000164289,0.000164146,0.000164005,0.000163865,0.000163726,0.000163589,0.000163454,0.000163319,0.000163186,0.000163054,0.000162923,0.000162793,0.000162665,0.000162538,0.000162412,0.000162287,0.000162163,0.00016204,0.000161918,0.000161797,0.000161677,0.000161558,0.000161441
0.000260388,0.000250087,0.000203946,0.000196268,0.000192919,0.000190665,0.000188937,0.000187524,0.000186321,0.000185271,0.000184335,0.00018349,0.000182718,0.000182006,0.000181345,0.000180728,0.000180148,0.0001796,0.000179082,0.000178589,0.000178119,0.00017767,0.00017724,0.000176827,0.00017643,0.000176047,0.000175677,0.00017532,0.000174973,0.000174638,0.000174312,0.000173996,0.000173688,0.000173389,0.000173097,0.000172813,0.000172535,0.000172264,0.000171999,0.00017174,0.000171486,0.000171238,0.000170995,0.000170756,0.000170523,0.000170293,0.000170068,0.000169847,0.00016963,0.000169417,0.000169207,0.000169001,0.000168798,0.000168598,0.000168401,0.000168208,0.000168017,0.000167829,0.000167644,0.000167461,0.000167281,0.000167103,0.000166928,0.000166755,0.000166585,0.000166416,0.00016625,0.000166085,0.000165923,0.000165763,0.000165604,0.000165448,0.000165293,0.00016514,0.000164988,0.000164839,0.00016469,0.000164544,0.000164399,0.000164255,0.000164113,0.000163973,0.000163834,0.000163696,0.00016356,0.000163424,0.000163291,0.000163158,0.000163027,0.000162897,0.000162768,0.00016264,0.000162513,0.000162388,0.000162263,0.00016214,0.000162018,0.000161896,0.000161776,0.000161657,0.000161538
0.00026238,0.000253765,0.000221151,0.000198235,0.000194095,0.000191535,0.000189642,0.000188123,0.000186847,0.000185742,0.000184764,0.000183885,0.000183086,0.000182351,0.00018167,0.000181035,0.000180441,0.00017988,0.00017935,0.000178847,0.000178368,0.000177911,0.000177473,0.000177053,0.000176649,0.00017626,0.000175885,0.000175522,0.000175171,0.000174831,0.000174501,0.000174181,0.00017387,0.000173567,0.000173272,0.000172984,0.000172704,0.00017243,0.000172162,0.0001719,0.000171644,0.000171394,0.000171148,0.000170908,0.000170672,0.000170441,0.000170214,0.000169991,0.000169772,0.000169557,0.000169346,0.000169138,0.000168934,0.000168733,0.000168535,0.00016834,0.000168148,0.000167958,0.000167772,0.000167588,0.000167407,0.000167228,0.000167052,0.000166878,0.000166706,0.000166537,0.00016637,0.000166204,0.000166041,0.00016588,0.00016572,0.000165563,0.000165407,0.000165253,0.000165101,0.000164951,0.000164802,0.000164655,0.000164509,0.000164365,0.000164222,0.000164081,0.000163941,0.000163803,0.000163666,0.00016353,0.000163396,0.000163263,0.000163131,0.000163,0.000162871,0.000162742,0.000162615,0.000162489,0.000162364,0.00016224,0.000162117,0.000161996,0.000161875,0.000161755,0.000161636
0.000264159,0.000256624,0.00024214,0.000200947,0.000195462,0.000192496,0.0001904,0.000188758,0.000187399,0.000186233,0.000185209,0.000184293,0.000183464,0.000182704,0.000182002,0.00018135,0.000180739,0.000180165,0.000179623,0.000179109,0.00017862,0.000178154,0.000177708,0.000177281,0.00017687,0.000176475,0.000176094,0.000175726,0.000175371,0.000175026,0.000174692,0.000174368,0.000174053,0.000173746,0.000173448,0.000173157,0.000172873,0.000172597,0.000172326,0.000172062,0.000171804,0.000171551,0.000171303,0.00017106,0.000170823,0.000170589,0.000170361,0.000170136,0.000169915,0.000169699,0.000169486,0.000169276,0.00016907,0.000168868,0.000168668,0.000168472,0.000168279,0.000168088,0.000167901,0.000167716,0.000167533,0.000167354,0.000167176,0.000167001,0.000166828,0.000166658,0.00016649,0.000166324,0.000166159,0.000165997,0.000165837,0.000165679,0.000165522,0.000165368,0.000165215,0.000165063,0.000164914,0.000164766,0.00016462,0.000164475,0.000164331,0.00016419,0.000164049,0.00016391,0.000163772,0.000163636,0.000163501,0.000163367,0.000163235,0.000163104,0.000162974,0.000162845,0.000162717,0.000162591,0.000162465,0.000162341,0.000162217,0.000162095,0.000161974,0.000161854,0.000161735
0.000265776,0.000259007,0.000248218,0.000205525,0.000197106,0.00019357,0.000191222,0.000189434,0.000187979,0.000186746,0.00018567,0.000184715,0.000183853,0.000183066,0.000182343,0.000181671,0.000181044,0.000180455,0.000179901,0.000179375,0.000178877,0.000178401,0.000177947,0.000177512,0.000177095,0.000176693,0.000176306,0.000175933,0.000175572,0.000175223,0.000174884,0.000174556,0.000174237,0.000173927,0.000173625,0.000173331,0.000173044,0.000172765,0.000172491,0.000172225,0.000171964,0.000171708,0.000171458,0.000171214,0.000170974,0.000170739,0.000170508,0.000170281,0.000170059,0.000169841,0.000169626,0.000169415,0.000169208,0.000169004,0.000168803,0.000168605,0.00016841,0.000168219,0.00016803,0.000167844,0.00016766,0.000167479,0.000167301,0.000167125,0.000166951,0.00016678,0.00016661,0.000166443,0.000166278,0.000166115,0.000165954,0.000165795,0.000165638,0.000165482,0.000165328,0.000165176,0.000165026,0.000164877,0.00016473,0.000164585,0.000164441,0.000164298,0.000164157,0.000164017,0.000163879,0.000163742,0.000163607,0.000163472,0.000163339,0.000163208,0.000163077,0.000162948,0.000162819,0.000162692,0.000162566,0.000162441,0.000162318,0.000162195,0.000162073,0.000161953,0.000161833
0.000267264,0.000261074,0.000252139,0.00022085,0.000199193,0.000194794,0.00019212,0.000190158,0.000188592,0.000187282,0.00018615,0.00018515,0.000184254,0.000183439,0.000182691,0.000181999,0.000181355,0.000180751,0.000180183,0.000179646,0.000179137,0.000178652,0.000178189,0.000177746,0.000177322,0.000176914,0.000176521,0.000176142,0.000175776,0.000175422,0.000175079,0.000174746,0.000174423,0.000174109,0.000173804,0.000173506,0.000173217,0.000172934,0.000172658,0.000172388,0.000172125,0.000171867,0.000171615,0.000171368,0.000171126,0.000170889,0.000170656,0.000170428,0.000170203,0.000169983,0.000169767,0.000169555,0.000169346,0.00016914,0.000168938,0.000168739,0.000168543,0.00016835,0.00016816,0.000167972,0.000167787,0.000167605,0.000167426,0.000167249,0.000167074,0.000166901,0.000166731,0.000166563,0.000166397,0.000166233,0.000166071,0.000165911,0.000165753,0.000165597,0.000165442,0.00016529,0.000165138,0.000164989,0.000164841,0.000164695,0.00016455,0.000164407,0.000164265,0.000164125,0.000163986,0.000163849,0.000163712,0.000163577,0.000163444,0.000163312,0.00016318,0.00016305,0.000162922,0.000162794,0.000162668,0.000162542,0.000162418,0.000162295,0.000162173,0.000162051,0.000161931
0.000268647,0.000262912,0.000255145,0.000239772,0.000202098,0.000196223,0.000193113,0.000190936,0.000189242,0.000187844,0.000186649,0.000185602,0.000184667,0.000183822,0.000183049,0.000182335,0.000181672,0.000181053,0.000180471,0.000179921,0.000179401,0.000178906,0.000178434,0.000177983,0.000177551,0.000177136,0.000176737,0.000176353,0.000175981,0.000175622,0.000175274,0.000174937,0.00017461,0.000174293,0.000173984,0.000173683,0.00017339,0.000173104,0.000172825,0.000172553,0.000172287,0.000172027,0.000171772,0.000171523,0.000171279,0.000171039,0.000170805,0.000170575,0.000170349,0.000170127,0.000169909,0.000169695,0.000169484,0.000169277,0.000169073,0.000168873,0.000168675,0.000168481,0.00016829,0.000168101,0.000167915,0.000167732,0.000167551,0.000167373,0.000167197,0.000167024,0.000166853,0.000166683,0.000166517,0.000166352,0.000166189,0.000166028,0.000165869,0.000165712,0.000165557,0.000165403,0.000165251,0.000165101,0.000164952,0.000164806,0.00016466,0.000164516,0.000164374,0.000164233,0.000164093,0.000163955,0.000163818,0.000163683,0.000163549,0.000163416,0.000163284,0.000163154,0.000163024,0.000162896,0.000162769,0.000162643,0.000162519,0.000162395,0.000162272,0.000162151,0.00016203
0.000269942,0.000264578,0.000257629,0.000246364,0.000207037,0.000197949,0.000194226,0.000191782,0.000189934,0.000188437,0.000187171,0.000186071,0.000185095,0.000184216,0.000183416,0.000182679,0.000181997,0.000181361,0.000180764,0.000180201,0.000179669,0.000179164,0.000178683,0.000178224,0.000177784,0.000177362,0.000176956,0.000176566,0.000176189,0.000175825,0.000175472,0.000175131,0.0001748,0.000174478,0.000174165,0.000173861,0.000173565,0.000173276,0.000172994,0.000172719,0.00017245,0.000172187,0.00017193,0.000171679,0.000171432,0.000171191,0.000170954,0.000170722,0.000170494,0.000170271,0.000170051,0.000169835,0.000169623,0.000169415,0.000169209,0.000169007,0.000168809,0.000168613,0.00016842,0.000168231,0.000168043,0.000167859,0.000167677,0.000167498,0.000167321,0.000167146,0.000166974,0.000166804,0.000166636,0.000166471,0.000166307,0.000166145,0.000165985,0.000165827,0.000165671,0.000165517,0.000165364,0.000165213,0.000165064,0.000164916,0.00016477,0.000164626,0.000164483,0.000164341,0.000164201,0.000164062,0.000163925,0.000163788,0.000163654,0.00016352,0.000163388,0.000163257,0.000163127,0.000162998,0.000162871,0.000162744,0.000162619,0.000162495,0.000162372,0.00016225,0.000162129
0.000271163,0.000266107,0.000259771,0.000250523,0.000220703,0.000200152,0.000195498,0.000192707,0.000190676,0.000189063,0.000187717,0.000186558,0.000185537,0.000184623,0.000183793,0.000183032,0.000182329,0.000181675,0.000181062,0.000180486,0.000179942,0.000179426,0.000178935,0.000178467,0.00017802,0.00017759,0.000177178,0.000176781,0.000176399,0.000176029,0.000175672,0.000175326,0.00017499,0.000174665,0.000174348,0.00017404,0.000173741,0.000173449,0.000173164,0.000172886,0.000172614,0.000172349,0.00017209,0.000171836,0.000171587,0.000171343,0.000171105,0.000170871,0.000170641,0.000170415,0.000170194,0.000169977,0.000169763,0.000169553,0.000169346,0.000169143,0.000168943,0.000168746,0.000168551,0.00016836,0.000168172,0.000167986,0.000167804,0.000167623,0.000167445,0.00016727,0.000167096,0.000166925,0.000166756,0.00016659,0.000166425,0.000166262,0.000166102,0.000165943,0.000165786,0.000165631,0.000165477,0.000165326,0.000165176,0.000165027,0.000164881,0.000164735,0.000164592,0.000164449,0.000164308,0.000164169,0.000164031,0.000163894,0.000163759,0.000163625,0.000163492,0.00016336,0.00016323,0.000163101,0.000162973,0.000162846,0.00016272,0.000162595,0.000162472,0.000162349,0.000162228
0.000272319,0.000267525,0.000261669,0.000253673,0.00023753,0.000203235,0.000196987,0.000193732,0.000191475,0.000189727,0.000188291,0.000187067,0.000185996,0.000185042,0.000184181,0.000183394,0.000182669,0.000181995,0.000181367,0.000180776,0.00018022,0.000179692,0.000179192,0.000178714,0.000178258,0.000177822,0.000177402,0.000176999,0.000176611,0.000176236,0.000175873,0.000175523,0.000175183,0.000174853,0.000174533,0.000174221,0.000173918,0.000173623,0.000173335,0.000173054,0.00017278,0.000172512,0.00017225,0.000171993,0.000171743,0.000171497,0.000171256,0.00017102,0.000170788,0.000170561,0.000170338,0.000170119,0.000169903,0.000169691,0.000169483,0.000169278,0.000169077,0.000168878,0.000168683,0.000168491,0.000168301,0.000168114,0.00016793,0.000167749,0.00016757,0.000167393,0.000167219,0.000167047,0.000166877,0.000166709,0.000166544,0.00016638,0.000166219,0.000166059,0.000165901,0.000165745,0.000165591,0.000165439,0.000165288,0.000165139,0.000164991,0.000164845,0.000164701,0.000164558,0.000164416,0.000164276,0.000164138,0.000164,0.000163864,0.00016373,0.000163596,0.000163464,0.000163333,0.000163203,0.000163075,0.000162947,0.000162821,0.000162696,0.000162572,0.000162449,0.000162327
0.000273418,0.00026885,0.000263383,0.000256257,0.000244544,0.00020843,0.000198793,0.000194884,0.000192344,0.000190436,0.000188896,0.000187598,0.000186472,0.000185476,0.00018458,0.000183765,0.000183017,0.000182323,0.000181677,0.000181072,0.000180502,0.000179963,0.000179452,0.000178965,0.0001785,0.000178056,0.000177629,0.00017722,0.000176825,0.000176444,0.000176077,0.000175721,0.000175377,0.000175043,0.000174718,0.000174403,0.000174097,0.000173798,0.000173507,0.000173223,0.000172946,0.000172675,0.000172411,0.000172152,0.000171899,0.000171651,0.000171408,0.00017117,0.000170936,0.000170707,0.000170482,0.000170261,0.000170044,0.000169831,0.000169621,0.000169415,0.000169212,0.000169012,0.000168815,0.000168622,0.000168431,0.000168243,0.000168057,0.000167875,0.000167695,0.000167517,0.000167342,0.000167169,0.000166998,0.000166829,0.000166663,0.000166498,0.000166336,0.000166175,0.000166017,0.00016586,0.000165705,0.000165552,0.0001654,0.00016525,0.000165102,0.000164955,0.00016481,0.000164667,0.000164524,0.000164384,0.000164244,0.000164107,0.00016397,0.000163835,0.000163701,0.000163568,0.000163436,0.000163306,0.000163177,0.000163049,0.000162922,0.000162797,0.000162672,0.000162549,0.000162426
0.000274468,0.000270097,0.000264953,0.000258474,0.000248926,0.000220616,0.000201105,0.000196203,0.000193297,0.000191196,0.000189535,0.000188154,0.000186968,0.000185925,0.000184992,0.000184147,0.000183373,0.000182659,0.000181995,0.000181373,0.000180789,0.000180238,0.000179716,0.000179219,0.000178746,0.000178293,0.000177859,0.000177443,0.000177042,0.000176655,0.000176282,0.000175922,0.000175573,0.000175234,0.000174906,0.000174587,0.000174277,0.000173975,0.00017368,0.000173393,0.000173114,0.00017284,0.000172573,0.000172312,0.000172056,0.000171806,0.000171561,0.000171321,0.000171085,0.000170854,0.000170627,0.000170404,0.000170186,0.000169971,0.000169759,0.000169552,0.000169347,0.000169146,0.000168948,0.000168753,0.000168561,0.000168372,0.000168185,0.000168001,0.00016782,0.000167641,0.000167465,0.000167291,0.000167119,0.000166949,0.000166782,0.000166617,0.000166453,0.000166292,0.000166132,0.000165975,0.000165819,0.000165665,0.000165513,0.000165362,0.000165213,0.000165066,0.00016492,0.000164776,0.000164633,0.000164491,0.000164352,0.000164213,0.000164076,0.00016394,0.000163805,0.000163672,0.00016354,0.000163409,0.00016328,0.000163151,0.000163024,0.000162898,0.000162772,0.000162648,0.000162525
0.000275474,0.000271277,0.000266406,0.000260432,0.000252215,0.000235481,0.00020434,0.000197751,0.000194354,0.000192016,0.000190214,0.000188739,0.000187485,0.000186391,0.000185418,0.00018454,0.000183739,0.000183002,0.000182319,0.000181681,0.000181082,0.000180518,0.000179984,0.000179477,0.000178994,0.000178533,0.000178092,0.000177668,0.000177261,0.000176869,0.00017649,0.000176124,0.00017577,0.000175428,0.000175095,0.000174772,0.000174458,0.000174153,0.000173855,0.000173565,0.000173282,0.000173006,0.000172736,0.000172472,0.000172214,0.000171962,0.000171715,0.000171472,0.000171235,0.000171002,0.000170773,0.000170548,0.000170328,0.000170111,0.000169898,0.000169689,0.000169483,0.000169281,0.000169081,0.000168885,0.000168691,0.000168501,0.000168313,0.000168128,0.000167946,0.000167766,0.000167588,0.000167413,0.000167241,0.00016707,0.000166902,0.000166735,0.000166571,0.000166409,0.000166249,0.00016609,0.000165933,0.000165779,0.000165626,0.000165474,0.000165325,0.000165176,0.00016503,0.000164885,0.000164741,0.000164599,0.000164459,0.00016432,0.000164182,0.000164045,0.00016391,0.000163776,0.000163644,0.000163512,0.000163382,0.000163253,0.000163125,0.000162999,0.000162873,0.000162749,0.000162625
0.000276441,0.000272398,0.000267761,0.000262194,0.000254896,0.000242779,0.000209674,0.000199632,0.000195544,0.000192908,0.000190939,0.000189356,0.000188026,0.000186875,0.000185858,0.000184945,0.000184115,0.000183354,0.00018265,0.000181994,0.00018138,0.000180803,0.000180257,0.000179739,0.000179247,0.000178777,0.000178327,0.000177897,0.000177483,0.000177084,0.0001767,0.000176329,0.00017597,0.000175623,0.000175286,0.000174959,0.000174641,0.000174332,0.000174031,0.000173738,0.000173452,0.000173173,0.0001729,0.000172634,0.000172374,0.000172119,0.000171869,0.000171625,0.000171385,0.00017115,0.000170919,0.000170693,0.000170471,0.000170253,0.000170038,0.000169827,0.00016962,0.000169416,0.000169215,0.000169017,0.000168823,0.000168631,0.000168442,0.000168256,0.000168072,0.000167891,0.000167713,0.000167536,0.000167363,0.000167191,0.000167022,0.000166854,0.000166689,0.000166526,0.000166365,0.000166206,0.000166048,0.000165893,0.000165739,0.000165587,0.000165436,0.000165287,0.00016514,0.000164994,0.00016485,0.000164708,0.000164566,0.000164427,0.000164288,0.000164151,0.000164015,0.000163881,0.000163748,0.000163616,0.000163485,0.000163355,0.000163227,0.0001631,0.000162974,0.000162849,0.000162725
0.000277371,0.000273467,0.000269035,0.000263804,0.000257186,0.000247358,0.00022056,0.000202042,0.000196908,0.000193888,0.000191717,0.000190008,0.000188592,0.000187379,0.000186313,0.000185362,0.000184502,0.000183715,0.000182989,0.000182315,0.000181685,0.000181093,0.000180534,0.000180005,0.000179503,0.000179024,0.000178566,0.000178128,0.000177707,0.000177302,0.000176912,0.000176536,0.000176172,0.00017582,0.000175478,0.000175147,0.000174825,0.000174513,0.000174208,0.000173912,0.000173623,0.000173341,0.000173066,0.000172797,0.000172534,0.000172276,0.000172025,0.000171778,0.000171536,0.000171299,0.000171067,0.000170838,0.000170615,0.000170395,0.000170178,0.000169966,0.000169757,0.000169551,0.000169349,0.00016915,0.000168954,0.000168761,0.000168571,0.000168384,0.000168199,0.000168017,0.000167837,0.00016766,0.000167485,0.000167312,0.000167142,0.000166974,0.000166808,0.000166644,0.000166482,0.000166322,0.000166163,0.000166007,0.000165852,0.000165699,0.000165548,0.000165399,0.000165251,0.000165104,0.000164959,0.000164816,0.000164674,0.000164534,0.000164395,0.000164257,0.000164121,0.000163986,0.000163852,0.000163719,0.000163588,0.000163458,0.000163329,0.000163201,0.000163075,0.000162949,0.000162825
0.00027827,0.000274491,0.000270238,0.000265291,0.000259201,0.000250776,0.00023367,0.000205398,0.000198512,0.000194976,0.000192557,0.000190702,0.000189188,0.000187904,0.000186786,0.000185794,0.0001849,0.000184085,0.000183336,0.000182642,0.000181995,0.000181388,0.000180816,0.000180276,0.000179763,0.000179274,0.000178808,0.000178362,0.000177934,0.000177522,0.000177126,0.000176744,0.000176375,0.000176018,0.000175672,0.000175337,0.000175011,0.000174695,0.000174387,0.000174087,0.000173795,0.00017351,0.000173232,0.00017296,0.000172695,0.000172435,0.000172181,0.000171932,0.000171688,0.000171449,0.000171215,0.000170985,0.000170759,0.000170537,0.000170319,0.000170105,0.000169895,0.000169688,0.000169484,0.000169284,0.000169086,0.000168892,0.0001687,0.000168512,0.000168326,0.000168143,0.000167962,0.000167784,0.000167608,0.000167434,0.000167263,0.000167094,0.000166927,0.000166762,0.000166599,0.000166438,0.000166279,0.000166121,0.000165966,0.000165812,0.00016566,0.00016551,0.000165361,0.000165214,0.000165069,0.000164925,0.000164782,0.000164641,0.000164501,0.000164363,0.000164226,0.000164091,0.000163956,0.000163823,0.000163691,0.000163561,0.000163431,0.000163303,0.000163176,0.00016305,0.000162925
0.000279138,0.000275474,0.000271381,0.000266676,0.000261011,0.00025355,0.000241089,0.000210762,0.000200462,0.000196203,0.000193473,0.000191443,0.000189817,0.000188454,0.000187278,0.00018624,0.00018531,0.000184466,0.000183692,0.000182977,0.000182312,0.000181689,0.000181104,0.000180551,0.000180027,0.000179528,0.000179053,0.000178599,0.000178164,0.000177745,0.000177343,0.000176955,0.000176581,0.000176219,0.000175868,0.000175529,0.000175199,0.000174879,0.000174567,0.000174264,0.000173969,0.000173681,0.000173399,0.000173125,0.000172857,0.000172595,0.000172338,0.000172087,0.000171841,0.0001716,0.000171363,0.000171131,0.000170904,0.00017068,0.000170461,0.000170245,0.000170033,0.000169825,0.000169619,0.000169418,0.000169219,0.000169023,0.00016883,0.000168641,0.000168453,0.000168269,0.000168087,0.000167908,0.000167731,0.000167556,0.000167384,0.000167214,0.000167046,0.00016688,0.000166716,0.000166554,0.000166394,0.000166236,0.00016608,0.000165926,0.000165773,0.000165622,0.000165472,0.000165325,0.000165178,0.000165034,0.00016489,0.000164749,0.000164608,0.000164469,0.000164332,0.000164196,0.000164061,0.000163927,0.000163795,0.000163664,0.000163534,0.000163405,0.000163277,0.000163151,0.000163025
0.00027998,0.000276419,0.000272469,0.000267976,0.00026266,0.00025591,0.000245828,0.000220521,0.000202956,0.00019761,0.000194479,0.000192239,0.000190483,0.000189031,0.00018779,0.000186702,0.000185733,0.000184857,0.000184057,0.000183319,0.000182635,0.000181996,0.000181396,0.00018083,0.000180295,0.000179786,0.000179302,0.000178839,0.000178396,0.000177971,0.000177562,0.000177168,0.000176788,0.000176421,0.000176066,0.000175722,0.000175388,0.000175064,0.000174749,0.000174442,0.000174143,0.000173852,0.000173568,0.000173291,0.00017302,0.000172755,0.000172496,0.000172243,0.000171995,0.000171751,0.000171513,0.000171279,0.00017105,0.000170824,0.000170603,0.000170386,0.000170172,0.000169962,0.000169755,0.000169552,0.000169352,0.000169155,0.000168961,0.00016877,0.000168582,0.000168396,0.000168213,0.000168032,0.000167854,0.000167679,0.000167505,0.000167334,0.000167165,0.000166999,0.000166834,0.000166671,0.00016651,0.000166351,0.000166194,0.000166039,0.000165886,0.000165734,0.000165584,0.000165435,0.000165288,0.000165143,0.000164999,0.000164857,0.000164716,0.000164576,0.000164438,0.000164301,0.000164165,0.000164031,0.000163898,0.000163767,0.000163636,0.000163507,0.000163379,0.000163252,0.000163126
0.000280796,0.000277331,0.00027351,0.000269203,0.000264181,0.000257981,0.000249362,0.000232107,0.000206397,0.000199266,0.000195597,0.000193099,0.000191191,0.000189638,0.000188324,0.000187182,0.00018617,0.00018526,0.000184431,0.00018367,0.000182966,0.000182309,0.000181694,0.000181115,0.000180567,0.000180048,0.000179554,0.000179083,0.000178632,0.000178199,0.000177784,0.000177384,0.000176998,0.000176626,0.000176266,0.000175917,0.000175579,0.00017525,0.000174931,0.000174621,0.000174319,0.000174025,0.000173738,0.000173458,0.000173184,0.000172917,0.000172655,0.0001724,0.000172149,0.000171904,0.000171663,0.000171427,0.000171196,0.000170969,0.000170746,0.000170527,0.000170312,0.0001701,0.000169892,0.000169687,0.000169486,0.000169287,0.000169092,0.0001689,0.00016871,0.000168523,0.000168339,0.000168157,0.000167978,0.000167802,0.000167627,0.000167455,0.000167285,0.000167118,0.000166952,0.000166788,0.000166627,0.000166467,0.000166309,0.000166153,0.000165999,0.000165846,0.000165695,0.000165546,0.000165398,0.000165252,0.000165108,0.000164965,0.000164823,0.000164683,0.000164544,0.000164407,0.00016427,0.000164136,0.000164002,0.00016387,0.000163739,0.000163609,0.00016348,0.000163353,0.000163226
0.00028159,0.000278213,0.000274509,0.000270367,0.000265596,0.000259836,0.000252222,0.000239492,0.000211704,0.000201278,0.000196859,0.000194037,0.000191947,0.000190278,0.000188883,0.000187681,0.000186623,0.000185675,0.000184816,0.00018403,0.000183304,0.000182629,0.000181997,0.000181404,0.000180845,0.000180314,0.00017981,0.00017933,0.00017887,0.00017843,0.000178008,0.000177602,0.00017721,0.000176832,0.000176467,0.000176114,0.000175771,0.000175439,0.000175116,0.000174802,0.000174496,0.000174199,0.000173909,0.000173626,0.000173349,0.000173079,0.000172815,0.000172557,0.000172304,0.000172057,0.000171814,0.000171576,0.000171343,0.000171114,0.000170889,0.000170669,0.000170452,0.000170239,0.000170029,0.000169823,0.00016962,0.00016942,0.000169223,0.00016903,0.000168839,0.000168651,0.000168466,0.000168283,0.000168103,0.000167925,0.00016775,0.000167576,0.000167406,0.000167237,0.00016707,0.000166906,0.000166743,0.000166583,0.000166424,0.000166267,0.000166112,0.000165959,0.000165807,0.000165657,0.000165509,0.000165362,0.000165217,0.000165073,0.000164931,0.00016479,0.00016465,0.000164512,0.000164376,0.00016424,0.000164106,0.000163973,0.000163842,0.000163711,0.000163582,0.000163454,0.000163327
0.000282361,0.000279066,0.00027547,0.000271475,0.000266923,0.000261525,0.000254649,0.000244347,0.000220493,0.000203841,0.000198308,0.000195069,0.000192761,0.000190957,0.00018947,0.000188201,0.000187092,0.000186104,0.000185212,0.000184399,0.00018365,0.000182955,0.000182307,0.000181699,0.000181126,0.000180584,0.00018007,0.00017958,0.000179112,0.000178664,0.000178235,0.000177822,0.000177425,0.000177041,0.000176671,0.000176312,0.000175965,0.000175629,0.000175302,0.000174984,0.000174675,0.000174374,0.000174081,0.000173795,0.000173516,0.000173243,0.000172977,0.000172716,0.000172461,0.000172211,0.000171966,0.000171726,0.000171491,0.00017126,0.000171034,0.000170811,0.000170593,0.000170378,0.000170167,0.000169959,0.000169755,0.000169553,0.000169355,0.00016916,0.000168968,0.000168779,0.000168593,0.000168409,0.000168227,0.000168049,0.000167872,0.000167698,0.000167526,0.000167357,0.000167189,0.000167024,0.00016686,0.000166699,0.000166539,0.000166382,0.000166226,0.000166072,0.000165919,0.000165768,0.000165619,0.000165472,0.000165326,0.000165181,0.000165039,0.000164897,0.000164757,0.000164618,0.000164481,0.000164345,0.00016421,0.000164077,0.000163945,0.000163814,0.000163684,0.000163555,0.000163428
0.000283113,0.000279894,0.000276396,0.000272533,0.000268173,0.000263079,0.000256773,0.00024798,0.000230778,0.00020733,0.00020001,0.000196217,0.000193641,0.000191679,0.000190088,0.000188744,0.000187579,0.000186547,0.00018562,0.000184778,0.000184004,0.000183289,0.000182623,0.000182,0.000181413,0.000180859,0.000180334,0.000179834,0.000179357,0.000178902,0.000178465,0.000178045,0.000177641,0.000177252,0.000176876,0.000176513,0.000176161,0.00017582,0.000175489,0.000175168,0.000174855,0.000174551,0.000174254,0.000173965,0.000173683,0.000173408,0.000173139,0.000172875,0.000172618,0.000172366,0.000172119,0.000171877,0.00017164,0.000171407,0.000171179,0.000170954,0.000170734,0.000170518,0.000170305,0.000170096,0.00016989,0.000169687,0.000169488,0.000169292,0.000169098,0.000168908,0.00016872,0.000168535,0.000168353,0.000168173,0.000167995,0.00016782,0.000167647,0.000167477,0.000167308,0.000167142,0.000166978,0.000166815,0.000166655,0.000166496,0.00016634,0.000166185,0.000166031,0.00016588,0.00016573,0.000165582,0.000165435,0.00016529,0.000165147,0.000165005,0.000164864,0.000164725,0.000164587,0.00016445,0.000164315,0.000164181,0.000164048,0.000163917,0.000163786,0.000163657,0.000163529
0.000283846,0.000280698,0.00027729,0.000273548,0.000269357,0.000264523,0.000258672,0.000250917,0.000238001,0.000212516,0.000202076,0.000197511,0.000194601,0.000192452,0.00019074,0.000189313,0.000188085,0.000187006,0.000186041,0.000185167,0.000184368,0.000183631,0.000182946,0.000182306,0.000181705,0.000181138,0.000180602,0.000180092,0.000179606,0.000179142,0.000178697,0.000178271,0.00017786,0.000177465,0.000177084,0.000176715,0.000176359,0.000176013,0.000175678,0.000175353,0.000175037,0.000174729,0.000174429,0.000174137,0.000173852,0.000173574,0.000173302,0.000173036,0.000172776,0.000172522,0.000172273,0.000172028,0.000171789,0.000171555,0.000171324,0.000171098,0.000170876,0.000170658,0.000170444,0.000170233,0.000170026,0.000169822,0.000169621,0.000169423,0.000169229,0.000169037,0.000168848,0.000168662,0.000168478,0.000168297,0.000168119,0.000167943,0.000167769,0.000167597,0.000167428,0.00016726,0.000167095,0.000166932,0.000166771,0.000166611,0.000166454,0.000166298,0.000166144,0.000165992,0.000165841,0.000165692,0.000165545,0.000165399,0.000165255,0.000165112,0.000164971,0.000164831,0.000164692,0.000164555,0.000164419,0.000164285,0.000164152,0.000164019,0.000163889,0.000163759,0.00016363
0.000284562,0.00028148,0.000278155,0.000274523,0.000270484,0.000265875,0.000260398,0.000253405,0.000242924,0.000220473,0.00020469,0.000198997,0.000195657,0.000193283,0.000191432,0.00018991,0.000188613,0.000187481,0.000186475,0.000185568,0.000184741,0.00018398,0.000183276,0.000182619,0.000182002,0.000181422,0.000180874,0.000180353,0.000179858,0.000179385,0.000178933,0.000178499,0.000178082,0.000177681,0.000177294,0.00017692,0.000176558,0.000176208,0.000175869,0.00017554,0.000175219,0.000174908,0.000174605,0.00017431,0.000174021,0.00017374,0.000173466,0.000173198,0.000172935,0.000172678,0.000172427,0.000172181,0.000171939,0.000171703,0.000171471,0.000171243,0.000171019,0.000170799,0.000170583,0.000170371,0.000170162,0.000169957,0.000169755,0.000169556,0.00016936,0.000169167,0.000168977,0.000168789,0.000168604,0.000168422,0.000168243,0.000168065,0.00016789,0.000167718,0.000167547,0.000167379,0.000167213,0.000167049,0.000166887,0.000166727,0.000166568,0.000166412,0.000166257,0.000166104,0.000165953,0.000165803,0.000165655,0.000165509,0.000165364,0.00016522,0.000165078,0.000164938,0.000164798,0.000164661,0.000164524,0.000164389,0.000164255,0.000164123,0.000163991,0.000163861,0.000163732
0.000285261,0.000282241,0.000278994,0.000275463,0.00027156,0.000267148,0.000261985,0.000255579,0.000246635,0.000229654,0.000208194,0.000200742,0.000196832,0.000194182,0.000192168,0.000190538,0.000189165,0.000187975,0.000186924,0.000185981,0.000185124,0.000184339,0.000183613,0.000182937,0.000182306,0.000181711,0.00018115,0.000180619,0.000180114,0.000179632,0.000179171,0.00017873,0.000178306,0.000177898,0.000177506,0.000177126,0.00017676,0.000176405,0.000176061,0.000175728,0.000175404,0.000175089,0.000174782,0.000174484,0.000174192,0.000173908,0.000173631,0.00017336,0.000173095,0.000172836,0.000172582,0.000172334,0.00017209,0.000171852,0.000171618,0.000171388,0.000171162,0.000170941,0.000170723,0.000170509,0.000170299,0.000170092,0.000169889,0.000169688,0.000169491,0.000169297,0.000169105,0.000168917,0.000168731,0.000168548,0.000168367,0.000168189,0.000168013,0.000167839,0.000167668,0.000167498,0.000167331,0.000167166,0.000167003,0.000166842,0.000166683,0.000166526,0.00016637,0.000166217,0.000166064,0.000165914,0.000165765,0.000165618,0.000165473,0.000165328,0.000165186,0.000165045,0.000164905,0.000164766,0.000164629,0.000164494,0.000164359,0.000164226,0.000164094,0.000163963,0.000163834
0.000285945,0.000282983,0.000279809,0.00027637,0.00027259,0.000268352,0.000263457,0.000257521,0.000249638,0.000236625,0.000213217,0.000202851,0.000198157,0.000195162,0.000192956,0.000191202,0.000189742,0.000188489,0.000187389,0.000186406,0.000185518,0.000184706,0.000183958,0.000183263,0.000182615,0.000182006,0.000181432,0.000180889,0.000180373,0.000179882,0.000179413,0.000178964,0.000178533,0.000178119,0.00017772,0.000177335,0.000176963,0.000176604,0.000176255,0.000175918,0.00017559,0.000175271,0.000174961,0.000174659,0.000174364,0.000174077,0.000173797,0.000173524,0.000173256,0.000172995,0.000172739,0.000172488,0.000172242,0.000172002,0.000171766,0.000171534,0.000171307,0.000171083,0.000170864,0.000170649,0.000170437,0.000170228,0.000170023,0.000169822,0.000169623,0.000169427,0.000169235,0.000169045,0.000168858,0.000168673,0.000168492,0.000168312,0.000168135,0.000167961,0.000167788,0.000167618,0.00016745,0.000167284,0.00016712,0.000166958,0.000166798,0.00016664,0.000166484,0.000166329,0.000166176,0.000166025,0.000165876,0.000165728,0.000165582,0.000165437,0.000165294,0.000165152,0.000165011,0.000164872,0.000164735,0.000164598,0.000164463,0.000164329,0.000164197,0.000164066,0.000163936
0.000286614,0.000283707,0.000280601,0.000277247,0.00027358,0.000269498,0.000264833,0.000259282,0.000252182,0.000241565,0.000220457,0.000205499,0.000199677,0.000196242,0.000193803,0.000191906,0.000190349,0.000189025,0.000187871,0.000186846,0.000185923,0.000185083,0.000184311,0.000183596,0.00018293,0.000182306,0.000181718,0.000181163,0.000180636,0.000180136,0.000179658,0.000179201,0.000178762,0.000178341,0.000177936,0.000177546,0.000177169,0.000176804,0.000176451,0.000176109,0.000175777,0.000175454,0.000175141,0.000174835,0.000174538,0.000174248,0.000173965,0.000173688,0.000173418,0.000173154,0.000172896,0.000172643,0.000172395,0.000172152,0.000171914,0.000171681,0.000171452,0.000171227,0.000171006,0.000170788,0.000170575,0.000170365,0.000170159,0.000169955,0.000169755,0.000169558,0.000169365,0.000169173,0.000168985,0.0001688,0.000168617,0.000168436,0.000168258,0.000168082,0.000167909,0.000167738,0.000167569,0.000167402,0.000167237,0.000167075,0.000166914,0.000166755,0.000166598,0.000166442,0.000166289,0.000166137,0.000165987,0.000165838,0.000165691,0.000165546,0.000165402,0.000165259,0.000165118,0.000164978,0.00016484,0.000164703,0.000164567,0.000164433,0.0001643,0.000164168,0.000164038
0.00028727,0.000284415,0.000281371,0.000278097,0.000274534,0.000270591,0.000266129,0.0002609,0.000254403,0.000245332,0.000228705,0.00020899,0.000201458,0.000197443,0.00019472,0.000192656,0.000190988,0.000189585,0.000188372,0.000187301,0.000186341,0.000185471,0.000184673,0.000183936,0.000183252,0.000182611,0.00018201,0.000181442,0.000180904,0.000180393,0.000179906,0.00017944,0.000178995,0.000178567,0.000178155,0.000177759,0.000177376,0.000177007,0.000176649,0.000176302,0.000175966,0.000175639,0.000175322,0.000175013,0.000174712,0.000174419,0.000174133,0.000173854,0.000173581,0.000173315,0.000173054,0.000172799,0.000172549,0.000172304,0.000172064,0.000171828,0.000171597,0.00017137,0.000171148,0.000170929,0.000170714,0.000170502,0.000170294,0.00017009,0.000169888,0.00016969,0.000169495,0.000169303,0.000169113,0.000168926,0.000168742,0.000168561,0.000168381,0.000168205,0.00016803,0.000167858,0.000167688,0.000167521,0.000167355,0.000167191,0.00016703,0.00016687,0.000166712,0.000166556,0.000166401,0.000166249,0.000166098,0.000165948,0.000165801,0.000165654,0.00016551,0.000165367,0.000165225,0.000165085,0.000164946,0.000164808,0.000164672,0.000164537,0.000164403,0.000164271,0.00016414
0.000287912,0.000285106,0.000282122,0.000278922,0.000275453,0.000271637,0.000267354,0.000262399,0.000256384,0.000248391,0.000235365,0.000213824,0.0002036,0.000198796,0.000195721,0.000193458,0.000191663,0.000190171,0.000188893,0.000187772,0.000186772,0.000185869,0.000185044,0.000184285,0.00018358,0.000182923,0.000182306,0.000181725,0.000181176,0.000180654,0.000180158,0.000179684,0.00017923,0.000178795,0.000178377,0.000177974,0.000177586,0.000177211,0.000176848,0.000176497,0.000176157,0.000175826,0.000175505,0.000175192,0.000174888,0.000174592,0.000174303,0.000174021,0.000173745,0.000173476,0.000173213,0.000172955,0.000172703,0.000172456,0.000172214,0.000171976,0.000171743,0.000171515,0.00017129,0.00017107,0.000170853,0.00017064,0.000170431,0.000170225,0.000170022,0.000169822,0.000169626,0.000169432,0.000169241,0.000169053,0.000168868,0.000168685,0.000168505,0.000168327,0.000168152,0.000167979,0.000167808,0.000167639,0.000167473,0.000167308,0.000167146,0.000166985,0.000166826,0.000166669,0.000166514,0.000166361,0.000166209,0.000166059,0.00016591,0.000165764,0.000165618,0.000165474,0.000165332,0.000165191,0.000165052,0.000164914,0.000164777,0.000164641,0.000164507,0.000164374,0.000164242
0.000288542,0.000285782,0.000282855,0.000279724,0.000276342,0.000272642,0.000268517,0.0002638,0.000258179,0.000250983,0.000240277,0.000220446,0.000206266,0.000200346,0.000196822,0.000194321,0.000192379,0.000190788,0.000189436,0.00018826,0.000187217,0.000186279,0.000185425,0.000184642,0.000183916,0.000183241,0.000182609,0.000182014,0.000181452,0.00018092,0.000180413,0.00017993,0.000179468,0.000179026,0.000178601,0.000178192,0.000177798,0.000177417,0.00017705,0.000176694,0.000176349,0.000176014,0.000175689,0.000175373,0.000175065,0.000174766,0.000174474,0.000174189,0.00017391,0.000173638,0.000173373,0.000173113,0.000172858,0.000172609,0.000172365,0.000172125,0.00017189,0.00017166,0.000171434,0.000171211,0.000170993,0.000170779,0.000170568,0.00017036,0.000170156,0.000169955,0.000169757,0.000169562,0.00016937,0.000169181,0.000168994,0.000168811,0.000168629,0.000168451,0.000168274,0.0001681,0.000167928,0.000167758,0.000167591,0.000167425,0.000167262,0.0001671,0.000166941,0.000166783,0.000166627,0.000166473,0.000166321,0.00016617,0.000166021,0.000165873,0.000165727,0.000165583,0.00016544,0.000165298,0.000165158,0.000165019,0.000164882,0.000164746,0.000164611,0.000164477,0.000164345
0.00028916,0.000286445,0.00028357,0.000280504,0.000277204,0.000273608,0.000269627,0.000265117,0.000259826,0.000253246,0.000244077,0.0002279,0.00020972,0.000202156,0.000198047,0.000195256,0.000193142,0.000191437,0.000190005,0.000188768,0.000187678,0.000186702,0.000185817,0.000185007,0.00018426,0.000183566,0.000182917,0.000182308,0.000181733,0.000181189,0.000180672,0.00018018,0.00017971,0.000179259,0.000178827,0.000178412,0.000178012,0.000177626,0.000177253,0.000176892,0.000176543,0.000176204,0.000175875,0.000175555,0.000175244,0.000174941,0.000174646,0.000174358,0.000174077,0.000173802,0.000173534,0.000173271,0.000173014,0.000172763,0.000172516,0.000172275,0.000172038,0.000171806,0.000171578,0.000171354,0.000171134,0.000170918,0.000170705,0.000170496,0.00017029,0.000170088,0.000169889,0.000169693,0.000169499,0.000169309,0.000169121,0.000168936,0.000168754,0.000168574,0.000168397,0.000168221,0.000168049,0.000167878,0.000167709,0.000167543,0.000167379,0.000167216,0.000167056,0.000166897,0.000166741,0.000166586,0.000166432,0.000166281,0.000166131,0.000165983,0.000165836,0.000165691,0.000165547,0.000165405,0.000165264,0.000165125,0.000164987,0.00016485,0.000164715,0.000164581,0.000164448
0.000289767,0.000287094,0.000284269,0.000281264,0.000278039,0.00027454,0.000270689,0.000266361,0.000261351,0.000255262,0.000247178,0.000234219,0.000214353,0.000204321,0.000199425,0.000196276,0.000193959,0.000192123,0.0001906,0.000189296,0.000188155,0.000187138,0.00018622,0.000185382,0.000184612,0.000183897,0.000183231,0.000182607,0.000182019,0.000181463,0.000180935,0.000180433,0.000179954,0.000179496,0.000179057,0.000178635,0.000178228,0.000177837,0.000177458,0.000177093,0.000176739,0.000176395,0.000176062,0.000175739,0.000175424,0.000175117,0.000174819,0.000174528,0.000174244,0.000173967,0.000173696,0.000173431,0.000173171,0.000172918,0.000172669,0.000172425,0.000172187,0.000171952,0.000171723,0.000171497,0.000171275,0.000171057,0.000170843,0.000170633,0.000170425,0.000170222,0.000170021,0.000169824,0.000169629,0.000169437,0.000169249,0.000169062,0.000168879,0.000168698,0.000168519,0.000168343,0.000168169,0.000167998,0.000167828,0.000167661,0.000167496,0.000167333,0.000167171,0.000167012,0.000166854,0.000166699,0.000166545,0.000166392,0.000166242,0.000166093,0.000165945,0.000165799,0.000165655,0.000165512,0.000165371,0.000165231,0.000165092,0.000164955,0.000164819,0.000164684,0.000164551
0.000290364,0.00028773,0.000284953,0.000282005,0.00027885,0.000275441,0.000271707,0.000267543,0.000262775,0.000257089,0.000249811,0.000239062,0.000220437,0.00020699,0.000201,0.000197397,0.000194837,0.000192851,0.000191226,0.000189848,0.000188649,0.000187588,0.000186634,0.000185767,0.000184972,0.000184236,0.000183552,0.000182912,0.000182309,0.000181741,0.000181202,0.00018069,0.000180202,0.000179736,0.000179289,0.00017886,0.000178447,0.000178049,0.000177666,0.000177295,0.000176936,0.000176588,0.000176251,0.000175924,0.000175605,0.000175295,0.000174993,0.000174699,0.000174412,0.000174132,0.000173858,0.000173591,0.000173329,0.000173073,0.000172822,0.000172577,0.000172336,0.0001721,0.000171868,0.00017164,0.000171417,0.000171198,0.000170982,0.00017077,0.000170561,0.000170356,0.000170154,0.000169955,0.000169759,0.000169566,0.000169376,0.000169189,0.000169004,0.000168822,0.000168643,0.000168465,0.000168291,0.000168118,0.000167948,0.000167779,0.000167613,0.000167449,0.000167287,0.000167127,0.000166968,0.000166812,0.000166657,0.000166504,0.000166353,0.000166203,0.000166055,0.000165908,0.000165763,0.00016562,0.000165478,0.000165337,0.000165198,0.00016506,0.000164923,0.000164788,0.000164654
0.00029095,0.000288355,0.000285622,0.000282728,0.00027964,0.000276313,0.000272687,0.000268669,0.000264113,0.000258764,0.00025211,0.000242872,0.000227214,0.000210388,0.000202833,0.000198643,0.000195789,0.000193627,0.000191885,0.000190424,0.000189164,0.000188054,0.000187062,0.000186163,0.000185341,0.000184583,0.00018388,0.000183222,0.000182605,0.000182024,0.000181474,0.000180951,0.000180454,0.000179979,0.000179524,0.000179088,0.000178668,0.000178265,0.000177875,0.000177499,0.000177136,0.000176783,0.000176442,0.00017611,0.000175788,0.000175474,0.000175169,0.000174872,0.000174582,0.000174299,0.000174022,0.000173752,0.000173488,0.00017323,0.000172977,0.000172729,0.000172486,0.000172248,0.000172014,0.000171785,0.00017156,0.000171338,0.000171121,0.000170907,0.000170697,0.000170491,0.000170287,0.000170087,0.00016989,0.000169696,0.000169505,0.000169316,0.00016913,0.000168947,0.000168766,0.000168588,0.000168412,0.000168239,0.000168067,0.000167898,0.000167731,0.000167566,0.000167403,0.000167242,0.000167083,0.000166925,0.00016677,0.000166616,0.000166464,0.000166313,0.000166164,0.000166017,0.000165872,0.000165727,0.000165585,0.000165443,0.000165303,0.000165165,0.000165028,0.000164892,0.000164757
0.000291527,0.000288968,0.000286278,0.000283435,0.000280408,0.000277159,0.000273632,0.000269746,0.000265377,0.000260314,0.000254159,0.000246002,0.000233183,0.000214816,0.000205012,0.000200043,0.000196826,0.000194457,0.000192582,0.000191028,0.000189699,0.000188537,0.000187503,0.00018657,0.00018572,0.000184938,0.000184214,0.000183539,0.000182907,0.000182312,0.000181749,0.000181216,0.000180709,0.000180225,0.000179762,0.000179318,0.000178892,0.000178482,0.000178087,0.000177706,0.000177337,0.00017698,0.000176634,0.000176298,0.000175972,0.000175655,0.000175346,0.000175046,0.000174753,0.000174467,0.000174187,0.000173915,0.000173648,0.000173387,0.000173132,0.000172882,0.000172637,0.000172397,0.000172161,0.00017193,0.000171703,0.00017148,0.000171261,0.000171046,0.000170834,0.000170626,0.000170421,0.00017022,0.000170021,0.000169826,0.000169633,0.000169443,0.000169256,0.000169072,0.00016889,0.000168711,0.000168534,0.000168359,0.000168187,0.000168017,0.000167849,0.000167683,0.000167519,0.000167357,0.000167197,0.000167039,0.000166883,0.000166728,0.000166575,0.000166424,0.000166274,0.000166127,0.00016598,0.000165835,0.000165692,0.00016555,0.000165409,0.00016527,0.000165133,0.000164996,0.000164861
0.000292094,0.00028957,0.000286921,0.000284126,0.000281157,0.00027798,0.000274544,0.000270778,0.000266575,0.00026176,0.000256015,0.000248668,0.000237924,0.000220431,0.000207671,0.000201639,0.000197966,0.00019535,0.000193321,0.000191663,0.000190258,0.000189038,0.000187959,0.000186989,0.000186109,0.000185302,0.000184556,0.000183863,0.000183214,0.000182605,0.00018203,0.000181485,0.000180967,0.000180474,0.000180003,0.000179552,0.000179118,0.000178702,0.000178301,0.000177914,0.00017754,0.000177178,0.000176828,0.000176488,0.000176158,0.000175837,0.000175525,0.000175221,0.000174924,0.000174636,0.000174354,0.000174078,0.000173809,0.000173546,0.000173288,0.000173036,0.000172789,0.000172546,0.000172309,0.000172076,0.000171847,0.000171622,0.000171402,0.000171185,0.000170972,0.000170762,0.000170556,0.000170353,0.000170153,0.000169956,0.000169762,0.000169571,0.000169383,0.000169198,0.000169015,0.000168834,0.000168656,0.000168481,0.000168307,0.000168136,0.000167967,0.000167801,0.000167636,0.000167473,0.000167312,0.000167153,0.000166996,0.000166841,0.000166687,0.000166535,0.000166385,0.000166236,0.000166089,0.000165943,0.000165799,0.000165657,0.000165516,0.000165376,0.000165238,0.000165101,0.000164965
0.000292652,0.000290162,0.000287551,0.000284802,0.000281888,0.000278778,0.000275427,0.000271771,0.000267717,0.000263118,0.000257715,0.000250998,0.000241721,0.000226626,0.000210998,0.000203489,0.00019923,0.000196317,0.000194109,0.000192332,0.000190842,0.000189559,0.00018843,0.000187422,0.000186509,0.000185675,0.000184906,0.000184193,0.000183527,0.000182903,0.000182315,0.000181758,0.00018123,0.000180727,0.000180247,0.000179788,0.000179348,0.000178924,0.000178517,0.000178124,0.000177745,0.000177378,0.000177023,0.000176679,0.000176345,0.00017602,0.000175704,0.000175397,0.000175098,0.000174806,0.000174521,0.000174243,0.000173971,0.000173705,0.000173445,0.00017319,0.000172941,0.000172697,0.000172457,0.000172222,0.000171992,0.000171765,0.000171543,0.000171324,0.00017111,0.000170898,0.000170691,0.000170486,0.000170285,0.000170087,0.000169892,0.0001697,0.00016951,0.000169324,0.00016914,0.000168958,0.000168779,0.000168602,0.000168428,0.000168256,0.000168086,0.000167918,0.000167753,0.000167589,0.000167427,0.000167267,0.000167109,0.000166953,0.000166799,0.000166646,0.000166495,0.000166346,0.000166198,0.000166052,0.000165907,0.000165764,0.000165622,0.000165482,0.000165343,0.000165205,0.000165069
0.000293202,0.000290743,0.00028817,0.000285464,0.000282603,0.000279556,0.000276282,0.000272727,0.000268809,0.0002644,0.000259289,0.000253076,0.000244867,0.000232249,0.000215223,0.000205673,0.000200649,0.00019737,0.000194952,0.000193039,0.000191455,0.000190102,0.000188919,0.000187868,0.00018692,0.000186057,0.000185265,0.000184531,0.000183847,0.000183207,0.000182605,0.000182036,0.000181496,0.000180984,0.000180495,0.000180027,0.000179579,0.000179149,0.000178736,0.000178337,0.000177952,0.00017758,0.000177221,0.000176872,0.000176534,0.000176205,0.000175886,0.000175575,0.000175272,0.000174977,0.000174689,0.000174408,0.000174134,0.000173865,0.000173603,0.000173346,0.000173094,0.000172848,0.000172606,0.000172369,0.000172137,0.000171909,0.000171685,0.000171465,0.000171248,0.000171035,0.000170826,0.00017062,0.000170418,0.000170218,0.000170022,0.000169829,0.000169638,0.00016945,0.000169265,0.000169082,0.000168902,0.000168724,0.000168549,0.000168376,0.000168205,0.000168037,0.00016787,0.000167705,0.000167543,0.000167382,0.000167223,0.000167066,0.000166911,0.000166758,0.000166606,0.000166456,0.000166307,0.000166161,0.000166015,0.000165871,0.000165729,0.000165588,0.000165448,0.00016531,0.000165173
0.000293744,0.000291316,0.000288778,0.000286113,0.000283301,0.000280313,0.000277113,0.000273651,0.000269855,0.000265615,0.000260756,0.000254958,0.000247556,0.000236862,0.000220426,0.00020831,0.000202262,0.000198527,0.000195859,0.00019379,0.000192099,0.000190668,0.000189426,0.000188329,0.000187344,0.00018645,0.000185632,0.000184876,0.000184173,0.000183517,0.0001829,0.000182318,0.000181767,0.000181244,0.000180746,0.00018027,0.000179814,0.000179377,0.000178957,0.000178552,0.000178162,0.000177785,0.00017742,0.000177066,0.000176724,0.000176391,0.000176068,0.000175754,0.000175448,0.000175149,0.000174859,0.000174575,0.000174297,0.000174027,0.000173762,0.000173502,0.000173249,0.000173,0.000172756,0.000172517,0.000172283,0.000172053,0.000171827,0.000171605,0.000171387,0.000171173,0.000170962,0.000170755,0.000170551,0.00017035,0.000170153,0.000169958,0.000169766,0.000169577,0.000169391,0.000169207,0.000169026,0.000168847,0.000168671,0.000168497,0.000168325,0.000168155,0.000167988,0.000167822,0.000167659,0.000167497,0.000167338,0.00016718,0.000167024,0.00016687,0.000166717,0.000166566,0.000166417,0.000166269,0.000166123,0.000165979,0.000165836,0.000165694,0.000165554,0.000165415,0.000165278
0.000294278,0.000291879,0.000289375,0.00028675,0.000283984,0.000281052,0.000277921,0.000274544,0.00027086,0.000266773,0.000262133,0.000256682,0.000249911,0.000240626,0.000226118,0.000211556,0.000204121,0.000199808,0.00019684,0.000194589,0.000192777,0.00019126,0.000189954,0.000188806,0.000187781,0.000186854,0.000186008,0.000185229,0.000184506,0.000183832,0.0001832,0.000182605,0.000182042,0.000181508,0.000181,0.000180515,0.000180052,0.000179607,0.00017918,0.000178769,0.000178373,0.000177991,0.000177621,0.000177263,0.000176916,0.000176579,0.000176252,0.000175934,0.000175625,0.000175323,0.000175029,0.000174742,0.000174462,0.000174189,0.000173921,0.00017366,0.000173404,0.000173153,0.000172907,0.000172666,0.00017243,0.000172198,0.00017197,0.000171747,0.000171527,0.000171311,0.000171099,0.00017089,0.000170685,0.000170483,0.000170284,0.000170088,0.000169895,0.000169704,0.000169517,0.000169332,0.00016915,0.00016897,0.000168792,0.000168617,0.000168445,0.000168274,0.000168105,0.000167939,0.000167775,0.000167612,0.000167452,0.000167293,0.000167137,0.000166982,0.000166828,0.000166677,0.000166527,0.000166379,0.000166232,0.000166087,0.000165943,0.000165801,0.00016566,0.00016552,0.000165382
0.000294804,0.000292434,0.000289962,0.000287375,0.000284653,0.000281774,0.000278706,0.00027541,0.000271828,0.000267878,0.000263432,0.000258277,0.000252014,0.000243774,0.000231408,0.000215584,0.000206303,0.000201242,0.000197908,0.000195444,0.000193494,0.00019188,0.000190503,0.0001893,0.000188232,0.00018727,0.000186395,0.000185591,0.000184847,0.000184155,0.000183507,0.000182897,0.000182322,0.000181777,0.000181258,0.000180765,0.000180292,0.00017984,0.000179406,0.000178989,0.000178587,0.000178199,0.000177824,0.000177461,0.00017711,0.000176769,0.000176438,0.000176116,0.000175803,0.000175498,0.000175201,0.000174911,0.000174628,0.000174352,0.000174082,0.000173818,0.00017356,0.000173307,0.000173059,0.000172816,0.000172577,0.000172344,0.000172114,0.000171889,0.000171668,0.00017145,0.000171236,0.000171026,0.000170819,0.000170616,0.000170415,0.000170218,0.000170024,0.000169832,0.000169643,0.000169457,0.000169274,0.000169093,0.000168915,0.000168739,0.000168565,0.000168393,0.000168224,0.000168056,0.000167891,0.000167728,0.000167567,0.000167407,0.00016725,0.000167094,0.00016694,0.000166788,0.000166637,0.000166488,0.000166341,0.000166195,0.00016605,0.000165907,0.000165766,0.000165626,0.000165487
0.000295323,0.00029298,0.00029054,0.000287988,0.000285308,0.000282479,0.000279472,0.00027625,0.000272763,0.000268937,0.000264663,0.000259763,0.000253919,0.000246478,0.000235875,0.000220423,0.000208908,0.000202866,0.000199079,0.000196363,0.000194255,0.000192533,0.000191076,0.000189813,0.000188698,0.000187698,0.000186791,0.000185961,0.000185195,0.000184483,0.000183819,0.000183194,0.000182606,0.000182049,0.000181521,0.000181017,0.000180536,0.000180076,0.000179635,0.000179211,0.000178803,0.000178409,0.000178029,0.000177661,0.000177305,0.00017696,0.000176625,0.000176299,0.000175982,0.000175674,0.000175374,0.000175081,0.000174795,0.000174516,0.000174244,0.000173977,0.000173716,0.000173461,0.000173211,0.000172966,0.000172726,0.00017249,0.000172259,0.000172032,0.000171809,0.00017159,0.000171374,0.000171162,0.000170954,0.000170749,0.000170547,0.000170349,0.000170153,0.00016996,0.00016977,0.000169583,0.000169399,0.000169217,0.000169037,0.00016886,0.000168685,0.000168513,0.000168342,0.000168174,0.000168008,0.000167844,0.000167682,0.000167522,0.000167363,0.000167207,0.000167052,0.000166899,0.000166747,0.000166598,0.00016645,0.000166303,0.000166158,0.000166014,0.000165872,0.000165732,0.000165592
0.000295835,0.000293518,0.000291108,0.000288591,0.000285951,0.000283169,0.000280219,0.000277067,0.000273667,0.000269955,0.000265835,0.000261158,0.000255664,0.000248852,0.000239587,0.000225677,0.000212066,0.00020473,0.000200374,0.000197357,0.000195065,0.00019322,0.000191676,0.000190347,0.000189181,0.00018814,0.000187199,0.000186341,0.000185551,0.000184819,0.000184137,0.000183497,0.000182895,0.000182326,0.000181786,0.000181273,0.000180783,0.000180315,0.000179867,0.000179436,0.000179021,0.000178621,0.000178236,0.000177863,0.000177502,0.000177153,0.000176813,0.000176484,0.000176164,0.000175852,0.000175548,0.000175252,0.000174964,0.000174682,0.000174406,0.000174137,0.000173874,0.000173617,0.000173364,0.000173117,0.000172875,0.000172637,0.000172404,0.000172175,0.00017195,0.00017173,0.000171513,0.000171299,0.00017109,0.000170883,0.00017068,0.00017048,0.000170283,0.000170089,0.000169898,0.00016971,0.000169524,0.000169341,0.00016916,0.000168982,0.000168806,0.000168633,0.000168461,0.000168292,0.000168125,0.00016796,0.000167797,0.000167636,0.000167477,0.00016732,0.000167164,0.00016701,0.000166858,0.000166708,0.000166559,0.000166411,0.000166266,0.000166122,0.000165979,0.000165837,0.000165698
0.00029634,0.000294049,0.000291667,0.000289183,0.000286582,0.000283844,0.000280948,0.000277861,0.000274542,0.000270935,0.000266955,0.000262474,0.000257279,0.000250975,0.000242724,0.000230651,0.000215905,0.000206901,0.00020182,0.000198438,0.000195932,0.000193947,0.000192304,0.000190903,0.000189681,0.000188595,0.000187619,0.000186731,0.000185916,0.000185163,0.000184462,0.000183806,0.000183189,0.000182608,0.000182057,0.000181533,0.000181034,0.000180557,0.000180101,0.000179663,0.000179242,0.000178836,0.000178445,0.000178067,0.000177701,0.000177347,0.000177003,0.00017667,0.000176346,0.000176031,0.000175724,0.000175425,0.000175133,0.000174848,0.00017457,0.000174299,0.000174033,0.000173773,0.000173518,0.000173269,0.000173025,0.000172785,0.00017255,0.000172319,0.000172093,0.00017187,0.000171652,0.000171437,0.000171226,0.000171018,0.000170813,0.000170612,0.000170414,0.000170218,0.000170026,0.000169836,0.000169649,0.000169465,0.000169284,0.000169104,0.000168927,0.000168753,0.000168581,0.000168411,0.000168243,0.000168077,0.000167913,0.000167751,0.000167591,0.000167433,0.000167276,0.000167122,0.000166969,0.000166818,0.000166668,0.00016652,0.000166374,0.000166229,0.000166086,0.000165944,0.000165803
0.000296838,0.000294572,0.000292218,0.000289765,0.000287201,0.000284506,0.00028166,0.000278634,0.000275392,0.00027188,0.000268027,0.000263721,0.000258783,0.0002529,0.000245434,0.000234959,0.000220421,0.000209467,0.000203452,0.000199622,0.000196863,0.000194717,0.000192965,0.000191483,0.0001902,0.000189067,0.000188052,0.000187132,0.00018629,0.000185514,0.000184793,0.00018412,0.000183489,0.000182894,0.000182331,0.000181797,0.000181288,0.000180803,0.000180338,0.000179893,0.000179465,0.000179053,0.000178656,0.000178273,0.000177902,0.000177543,0.000177195,0.000176858,0.00017653,0.000176211,0.000175901,0.000175598,0.000175303,0.000175016,0.000174735,0.000174461,0.000174192,0.00017393,0.000173673,0.000173422,0.000173175,0.000172934,0.000172697,0.000172464,0.000172236,0.000172012,0.000171791,0.000171575,0.000171362,0.000171153,0.000170947,0.000170744,0.000170544,0.000170348,0.000170154,0.000169964,0.000169776,0.00016959,0.000169407,0.000169227,0.000169049,0.000168874,0.0001687,0.000168529,0.00016836,0.000168194,0.000168029,0.000167866,0.000167705,0.000167546,0.000167389,0.000167234,0.00016708,0.000166928,0.000166778,0.000166629,0.000166482,0.000166337,0.000166193,0.00016605,0.000165909
0.000297331,0.000295088,0.00029276,0.000290338,0.000287809,0.000285155,0.000282357,0.000279389,0.000276217,0.000272794,0.000269056,0.000264907,0.000260195,0.000254664,0.000247822,0.000238606,0.000225292,0.000212534,0.000205315,0.000200928,0.000197868,0.000195538,0.000193661,0.00019209,0.00019074,0.000189554,0.000188498,0.000187544,0.000186674,0.000185873,0.000185132,0.000184441,0.000183794,0.000183185,0.00018261,0.000182064,0.000181546,0.000181051,0.000180578,0.000180126,0.000179691,0.000179272,0.000178869,0.000178481,0.000178105,0.000177741,0.000177389,0.000177047,0.000176715,0.000176393,0.000176079,0.000175773,0.000175475,0.000175184,0.000174901,0.000174624,0.000174353,0.000174088,0.000173829,0.000173575,0.000173327,0.000173083,0.000172844,0.00017261,0.00017238,0.000172154,0.000171932,0.000171714,0.000171499,0.000171288,0.000171081,0.000170877,0.000170676,0.000170478,0.000170283,0.000170091,0.000169902,0.000169715,0.000169532,0.00016935,0.000169171,0.000168995,0.00016882,0.000168648,0.000168479,0.000168311,0.000168145,0.000167982,0.00016782,0.00016766,0.000167502,0.000167346,0.000167192,0.000167039,0.000166888,0.000166739,0.000166591,0.000166445,0.0001663,0.000166157,0.000166015
0.000297817,0.000295597,0.000293295,0.000290902,0.000288406,0.000285791,0.000283039,0.000280125,0.000277019,0.000273679,0.000270047,0.000266039,0.000261526,0.000256296,0.000249961,0.00024172,0.00022997,0.000216192,0.000207469,0.000202383,0.00019896,0.000196415,0.000194396,0.000192726,0.000191302,0.00019006,0.000188958,0.000187968,0.000187067,0.000186241,0.000185478,0.000184768,0.000184105,0.000183481,0.000182893,0.000182336,0.000181807,0.000181303,0.000180822,0.000180361,0.000179919,0.000179494,0.000179085,0.000178691,0.00017831,0.000177941,0.000177584,0.000177238,0.000176902,0.000176576,0.000176258,0.000175949,0.000175648,0.000175354,0.000175068,0.000174788,0.000174515,0.000174247,0.000173986,0.00017373,0.000173479,0.000173233,0.000172992,0.000172756,0.000172524,0.000172296,0.000172073,0.000171853,0.000171637,0.000171425,0.000171216,0.00017101,0.000170808,0.000170609,0.000170413,0.000170219,0.000170029,0.000169841,0.000169656,0.000169474,0.000169294,0.000169116,0.000168941,0.000168768,0.000168597,0.000168429,0.000168262,0.000168097,0.000167935,0.000167774,0.000167615,0.000167459,0.000167303,0.00016715,0.000166998,0.000166848,0.0001667,0.000166553,0.000166407,0.000166263,0.000166121
0.000298297,0.000296099,0.000293823,0.000291458,0.000288993,0.000286416,0.000283707,0.000280844,0.000277801,0.000274537,0.000271003,0.000267123,0.000262787,0.000257817,0.000251901,0.000244428,0.000234113,0.00022042,0.00020999,0.000204018,0.000200155,0.000197356,0.000195176,0.000193394,0.000191889,0.000190585,0.000189434,0.000188404,0.000187472,0.000186619,0.000185832,0.000185103,0.000184422,0.000183783,0.000183181,0.000182612,0.000182072,0.000181559,0.000181068,0.0001806,0.00018015,0.000179719,0.000179303,0.000178903,0.000178516,0.000178143,0.000177781,0.00017743,0.00017709,0.00017676,0.000176439,0.000176126,0.000175822,0.000175525,0.000175236,0.000174953,0.000174677,0.000174407,0.000174143,0.000173885,0.000173632,0.000173384,0.000173141,0.000172903,0.000172669,0.00017244,0.000172214,0.000171993,0.000171775,0.000171561,0.000171351,0.000171144,0.00017094,0.00017074,0.000170542,0.000170348,0.000170156,0.000169967,0.000169781,0.000169598,0.000169417,0.000169238,0.000169062,0.000168888,0.000168716,0.000168546,0.000168379,0.000168214,0.00016805,0.000167889,0.000167729,0.000167571,0.000167415,0.000167261,0.000167109,0.000166958,0.000166809,0.000166661,0.000166515,0.00016637,0.000166227
0.000298772,0.000296595,0.000294343,0.000292005,0.000289571,0.000287029,0.000284361,0.000281548,0.000278563,0.000275371,0.000271927,0.000268164,0.000263987,0.000259244,0.000253682,0.000246822,0.00023768,0.000224953,0.000212962,0.000205875,0.00020147,0.000198372,0.000196006,0.000194098,0.000192502,0.000191131,0.000189927,0.000188855,0.000187887,0.000187005,0.000186195,0.000185444,0.000184745,0.00018409,0.000183474,0.000182893,0.000182342,0.000181818,0.000181318,0.000180841,0.000180384,0.000179945,0.000179524,0.000179117,0.000178725,0.000178346,0.00017798,0.000177625,0.00017728,0.000176946,0.000176621,0.000176305,0.000175997,0.000175697,0.000175405,0.00017512,0.000174841,0.000174568,0.000174302,0.000174041,0.000173786,0.000173536,0.000173291,0.000173051,0.000172815,0.000172584,0.000172357,0.000172133,0.000171914,0.000171699,0.000171487,0.000171278,0.000171073,0.000170871,0.000170673,0.000170477,0.000170284,0.000170094,0.000169907,0.000169722,0.00016954,0.00016936,0.000169183,0.000169008,0.000168835,0.000168665,0.000168496,0.00016833,0.000168166,0.000168003,0.000167843,0.000167684,0.000167528,0.000167373,0.00016722,0.000167068,0.000166918,0.00016677,0.000166623,0.000166478,0.000166334
0.000299241,0.000297085,0.000294856,0.000292544,0.00029014,0.000287631,0.000285003,0.000282236,0.000279306,0.000276182,0.000272821,0.000269166,0.000265132,0.00026059,0.000255329,0.000248972,0.000240762,0.000229357,0.00021645,0.000208008,0.00020293,0.000199474,0.000196892,0.000194842,0.000193146,0.000191699,0.000190438,0.00018932,0.000188315,0.000187403,0.000186566,0.000185793,0.000185075,0.000184403,0.000183773,0.000183178,0.000182615,0.000182081,0.000181572,0.000181086,0.000180621,0.000180175,0.000179746,0.000179334,0.000178936,0.000178552,0.00017818,0.000177821,0.000177472,0.000177134,0.000176805,0.000176485,0.000176174,0.000175871,0.000175575,0.000175287,0.000175005,0.00017473,0.000174461,0.000174198,0.000173941,0.000173689,0.000173441,0.000173199,0.000172962,0.000172728,0.000172499,0.000172275,0.000172054,0.000171837,0.000171623,0.000171413,0.000171207,0.000171004,0.000170804,0.000170606,0.000170412,0.000170221,0.000170033,0.000169847,0.000169663,0.000169483,0.000169304,0.000169128,0.000168955,0.000168783,0.000168614,0.000168447,0.000168282,0.000168118,0.000167957,0.000167798,0.00016764,0.000167485,0.000167331,0.000167178,0.000167028,0.000166879,0.000166731,0.000166585,0.000166441
0.000299705,0.000297569,0.000295362,0.000293075,0.0002907,0.000288224,0.000285633,0.00028291,0.000280032,0.000276971,0.000273688,0.000270132,0.000266227,0.000261864,0.000256865,0.000250925,0.000243458,0.000233331,0.00022042,0.000210479,0.000204565,0.000200677,0.000197843,0.000195631,0.000193821,0.000192292,0.000190969,0.000189801,0.000188756,0.000187811,0.000186946,0.00018615,0.000185411,0.000184722,0.000184076,0.000183468,0.000182893,0.000182348,0.000181829,0.000181334,0.000180861,0.000180407,0.000179972,0.000179553,0.000179149,0.000178759,0.000178383,0.000178018,0.000177665,0.000177323,0.00017699,0.000176667,0.000176352,0.000176045,0.000175747,0.000175455,0.000175171,0.000174893,0.000174622,0.000174356,0.000174096,0.000173842,0.000173593,0.000173348,0.000173109,0.000172874,0.000172643,0.000172417,0.000172194,0.000171975,0.00017176,0.000171549,0.000171341,0.000171136,0.000170935,0.000170736,0.000170541,0.000170349,0.000170159,0.000169972,0.000169788,0.000169606,0.000169426,0.000169249,0.000169075,0.000168902,0.000168732,0.000168564,0.000168398,0.000168234,0.000168072,0.000167911,0.000167753,0.000167597,0.000167442,0.000167289,0.000167137,0.000166988,0.00016684,0.000166693,0.000166548
0.000300163,0.000298047,0.000295861,0.000293599,0.000291251,0.000288807,0.000286252,0.00028357,0.000280742,0.00027774,0.00027453,0.000271065,0.000267279,0.000263076,0.000258306,0.000252719,0.000245853,0.00023681,0.000224653,0.000213356,0.000206412,0.000201999,0.000198868,0.000196469,0.000194533,0.000192913,0.00019152,0.000190299,0.000189211,0.00018823,0.000187337,0.000186515,0.000185755,0.000185048,0.000184386,0.000183763,0.000183175,0.000182619,0.000182089,0.000181585,0.000181104,0.000180642,0.0001802,0.000179774,0.000179364,0.000178969,0.000178587,0.000178218,0.00017786,0.000177513,0.000177177,0.000176849,0.000176531,0.000176221,0.000175919,0.000175625,0.000175338,0.000175057,0.000174783,0.000174515,0.000174253,0.000173996,0.000173745,0.000173498,0.000173257,0.00017302,0.000172787,0.000172559,0.000172335,0.000172115,0.000171898,0.000171685,0.000171476,0.00017127,0.000171067,0.000170867,0.00017067,0.000170477,0.000170286,0.000170098,0.000169912,0.000169729,0.000169549,0.000169371,0.000169195,0.000169022,0.00016885,0.000168681,0.000168514,0.000168349,0.000168186,0.000168025,0.000167866,0.000167709,0.000167553,0.0001674,0.000167248,0.000167097,0.000166948,0.000166801,0.000166655
0.000300617,0.000298519,0.000296355,0.000294116,0.000291795,0.00028938,0.000286859,0.000284218,0.000281437,0.000278491,0.000275349,0.000271969,0.000268291,0.000264233,0.000259665,0.00025438,0.000248009,0.000239849,0.000228803,0.000216683,0.000208518,0.000203461,0.000199978,0.000197364,0.000195285,0.000193563,0.000192094,0.000190815,0.000189681,0.000188662,0.000187737,0.00018689,0.000186107,0.00018538,0.000184701,0.000184063,0.000183462,0.000182894,0.000182354,0.00018184,0.00018135,0.00018088,0.00018043,0.000179998,0.000179582,0.000179181,0.000178794,0.000178419,0.000178057,0.000177706,0.000177365,0.000177034,0.000176712,0.000176399,0.000176093,0.000175796,0.000175506,0.000175222,0.000174946,0.000174675,0.00017441,0.000174151,0.000173898,0.000173649,0.000173406,0.000173167,0.000172932,0.000172702,0.000172476,0.000172254,0.000172036,0.000171822,0.000171611,0.000171403,0.000171199,0.000170998,0.0001708,0.000170605,0.000170413,0.000170224,0.000170037,0.000169853,0.000169671,0.000169492,0.000169316,0.000169141,0.000168969,0.000168799,0.000168631,0.000168465,0.000168302,0.00016814,0.00016798,0.000167822,0.000167665,0.000167511,0.000167358,0.000167207,0.000167057,0.000166909,0.000166763
0.000301065,0.000298986,0.000296842,0.000294626,0.00029233,0.000289944,0.000287457,0.000284853,0.000282117,0.000279224,0.000276146,0.000272844,0.000269267,0.00026534,0.000260952,0.000255929,0.000249972,0.000242527,0.00023261,0.00022042,0.000210936,0.000205092,0.000201188,0.000198324,0.000196081,0.000194245,0.000192694,0.000191351,0.000190166,0.000189107,0.000188149,0.000187273,0.000186467,0.00018572,0.000185023,0.000184369,0.000183754,0.000183173,0.000182622,0.000182099,0.000181599,0.000181121,0.000180664,0.000180225,0.000179802,0.000179395,0.000179002,0.000178623,0.000178255,0.0001779,0.000177555,0.00017722,0.000176894,0.000176577,0.000176269,0.000175968,0.000175675,0.000175389,0.000175109,0.000174836,0.000174569,0.000174307,0.000174052,0.000173801,0.000173555,0.000173314,0.000173078,0.000172846,0.000172618,0.000172395,0.000172175,0.000171959,0.000171746,0.000171538,0.000171332,0.00017113,0.00017093,0.000170734,0.000170541,0.00017035,0.000170162,0.000169977,0.000169794,0.000169614,0.000169437,0.000169261,0.000169088,0.000168917,0.000168748,0.000168582,0.000168417,0.000168254,0.000168094,0.000167935,0.000167778,0.000167622,0.000167469,0.000167317,0.000167166,0.000167018,0.000166871
0.000301509,0.000299448,0.000297324,0.00029513,0.000292858,0.0002905,0.000288044,0.000285477,0.000282783,0.00027994,0.000276922,0.000273695,0.00027021,0.000266402,0.000262176,0.000257382,0.000251776,0.000244916,0.000235993,0.000224386,0.000213718,0.000206925,0.000202513,0.000199356,0.000196928,0.000194964,0.00019332,0.000191908,0.000190669,0.000189566,0.000188572,0.000187667,0.000186836,0.000186066,0.000185351,0.000184681,0.000184051,0.000183458,0.000182895,0.000182361,0.000181852,0.000181366,0.0001809,0.000180454,0.000180025,0.000179611,0.000179213,0.000178828,0.000178456,0.000178095,0.000177746,0.000177407,0.000177077,0.000176757,0.000176445,0.000176141,0.000175845,0.000175556,0.000175274,0.000174998,0.000174728,0.000174464,0.000174206,0.000173953,0.000173706,0.000173463,0.000173224,0.000172991,0.000172761,0.000172536,0.000172314,0.000172097,0.000171883,0.000171672,0.000171465,0.000171262,0.000171061,0.000170863,0.000170669,0.000170477,0.000170288,0.000170102,0.000169918,0.000169737,0.000169558,0.000169382,0.000169208,0.000169036,0.000168866,0.000168698,0.000168533,0.000168369,0.000168208,0.000168048,0.00016789,0.000167734,0.000167579,0.000167427,0.000167276,0.000167126,0.000166979
0.000301949,0.000299905,0.000297799,0.000295627,0.000293379,0.000291047,0.000288622,0.00028609,0.000283436,0.000280641,0.00027768,0.000274521,0.000271122,0.000267424,0.000263344,0.000258753,0.000253448,0.000247074,0.000238981,0.000228303,0.000216894,0.000209,0.000203976,0.000200473,0.00019783,0.000195723,0.000193977,0.000192488,0.00019119,0.00019004,0.000189008,0.000188071,0.000187213,0.000186421,0.000185685,0.000184998,0.000184354,0.000183746,0.000183172,0.000182627,0.000182108,0.000181613,0.000181139,0.000180685,0.000180249,0.00017983,0.000179426,0.000179035,0.000178658,0.000178293,0.000177939,0.000177596,0.000177262,0.000176938,0.000176623,0.000176316,0.000176016,0.000175724,0.000175439,0.000175161,0.000174888,0.000174622,0.000174362,0.000174107,0.000173857,0.000173612,0.000173372,0.000173136,0.000172905,0.000172678,0.000172454,0.000172235,0.00017202,0.000171808,0.000171599,0.000171394,0.000171192,0.000170993,0.000170797,0.000170604,0.000170414,0.000170227,0.000170042,0.00016986,0.00016968,0.000169502,0.000169327,0.000169154,0.000168984,0.000168815,0.000168649,0.000168484,0.000168322,0.000168161,0.000168003,0.000167846,0.000167691,0.000167537,0.000167386,0.000167235,0.000167087
0.000302383,0.000300356,0.00029827,0.000296117,0.000293893,0.000291587,0.000289191,0.000286692,0.000284077,0.000281327,0.000278419,0.000275325,0.000272006,0.00026841,0.000264461,0.000260052,0.000255009,0.000249042,0.000241634,0.000231946,0.000220421,0.000211362,0.0002056,0.000201687,0.000198797,0.000196527,0.000194666,0.000193093,0.000191731,0.000190531,0.000189457,0.000188486,0.0001876,0.000186784,0.000186027,0.000185322,0.000184662,0.00018404,0.000183453,0.000182897,0.000182368,0.000181864,0.000181382,0.00018092,0.000180477,0.000180051,0.000179641,0.000179245,0.000178862,0.000178492,0.000178134,0.000177786,0.000177449,0.000177121,0.000176802,0.000176491,0.000176189,0.000175894,0.000175606,0.000175324,0.00017505,0.000174781,0.000174518,0.000174261,0.000174009,0.000173762,0.000173519,0.000173282,0.000173049,0.00017282,0.000172595,0.000172374,0.000172157,0.000171944,0.000171734,0.000171527,0.000171324,0.000171124,0.000170926,0.000170732,0.000170541,0.000170352,0.000170166,0.000169983,0.000169802,0.000169624,0.000169447,0.000169274,0.000169102,0.000168933,0.000168765,0.0001686,0.000168437,0.000168275,0.000168116,0.000167958,0.000167802,0.000167648,0.000167496,0.000167345,0.000167196
0.000302814,0.000300803,0.000298734,0.000296602,0.0002944,0.000292119,0.000289751,0.000287284,0.000284706,0.000281999,0.000279142,0.000276109,0.000272864,0.000269361,0.000265534,0.000261286,0.000256473,0.000250854,0.000244012,0.000235228,0.000224148,0.000214052,0.000207415,0.000203014,0.000199836,0.00019738,0.000195392,0.000193726,0.000192293,0.000191038,0.00018992,0.000188913,0.000187997,0.000187155,0.000186377,0.000185653,0.000184975,0.000184339,0.000183739,0.000183171,0.000182632,0.000182118,0.000181627,0.000181157,0.000180707,0.000180274,0.000179858,0.000179456,0.000179068,0.000178693,0.00017833,0.000177978,0.000177637,0.000177305,0.000176982,0.000176668,0.000176362,0.000176064,0.000175773,0.000175489,0.000175212,0.000174941,0.000174675,0.000174416,0.000174161,0.000173912,0.000173668,0.000173429,0.000173194,0.000172963,0.000172736,0.000172514,0.000172295,0.00017208,0.000171869,0.000171661,0.000171456,0.000171254,0.000171056,0.000170861,0.000170668,0.000170478,0.000170291,0.000170107,0.000169925,0.000169745,0.000169568,0.000169393,0.000169221,0.00016905,0.000168882,0.000168716,0.000168552,0.000168389,0.000168229,0.000168071,0.000167914,0.000167759,0.000167606,0.000167454,0.000167304
0.00030324,0.000301245,0.000299194,0.000297081,0.0002949,0.000292643,0.000290303,0.000287867,0.000285324,0.000282657,0.000279849,0.000276873,0.000273698,0.000270282,0.000266565,0.000262465,0.000257855,0.000252535,0.000246167,0.000238158,0.000227849,0.000217086,0.000209457,0.000204474,0.000200957,0.00019829,0.000196157,0.000194388,0.000192879,0.000191564,0.000190399,0.000189353,0.000188404,0.000187535,0.000186734,0.00018599,0.000185295,0.000184644,0.00018403,0.00018345,0.000182899,0.000182375,0.000181876,0.000181398,0.00018094,0.0001805,0.000180077,0.00017967,0.000179276,0.000178896,0.000178528,0.000178172,0.000177826,0.00017749,0.000177164,0.000176846,0.000176537,0.000176236,0.000175942,0.000175655,0.000175375,0.000175101,0.000174834,0.000174572,0.000174315,0.000174064,0.000173817,0.000173576,0.000173339,0.000173107,0.000172878,0.000172654,0.000172434,0.000172217,0.000172004,0.000171795,0.000171589,0.000171386,0.000171186,0.000170989,0.000170795,0.000170604,0.000170416,0.000170231,0.000170048,0.000169867,0.000169689,0.000169513,0.000169339,0.000169168,0.000168999,0.000168832,0.000168667,0.000168504,0.000168343,0.000168183,0.000168026,0.00016787,0.000167716,0.000167564,0.000167413
0.000303662,0.000301683,0.000299649,0.000297555,0.000295394,0.000293161,0.000290846,0.00028844,0.000285931,0.000283303,0.00028054,0.000277619,0.000274509,0.000271174,0.000267559,0.000263592,0.000259163,0.000254105,0.000248137,0.000240779,0.000231333,0.000220423,0.000211762,0.000206087,0.000202174,0.000199262,0.000196968,0.000195084,0.00019349,0.000192109,0.000190893,0.000189806,0.000188823,0.000187925,0.000187099,0.000186334,0.000185621,0.000184954,0.000184326,0.000183733,0.000183171,0.000182637,0.000182128,0.000181641,0.000181176,0.000180729,0.000180299,0.000179886,0.000179487,0.000179101,0.000178728,0.000178367,0.000178017,0.000177677,0.000177347,0.000177026,0.000176713,0.000176409,0.000176112,0.000175822,0.000175539,0.000175263,0.000174993,0.000174728,0.000174469,0.000174216,0.000173968,0.000173724,0.000173485,0.000173251,0.000173021,0.000172795,0.000172573,0.000172355,0.00017214,0.000171929,0.000171722,0.000171518,0.000171317,0.000171119,0.000170923,0.000170731,0.000170542,0.000170355,0.000170171,0.000169989,0.00016981,0.000169633,0.000169459,0.000169286,0.000169116,0.000168948,0.000168782,0.000168618,0.000168456,0.000168296,0.000168138,0.000167982,0.000167827,0.000167674,0.000167523
0.00030408,0.000302116,0.000300099,0.000298023,0.000295883,0.000293672,0.000291382,0.000289004,0.000286527,0.000283937,0.000281218,0.000278348,0.0002753,0.000272039,0.000268519,0.000264674,0.000260408,0.000255579,0.000249954,0.000243141,0.000234512,0.000223935,0.000214361,0.000207883,0.000203501,0.000200306,0.000197827,0.000195815,0.000194128,0.000192677,0.000191405,0.000190273,0.000189253,0.000188325,0.000187473,0.000186686,0.000185954,0.000185269,0.000184627,0.00018402,0.000183447,0.000182902,0.000182383,0.000181888,0.000181414,0.00018096,0.000180524,0.000180104,0.000179699,0.000179308,0.00017893,0.000178564,0.00017821,0.000177866,0.000177532,0.000177207,0.000176891,0.000176583,0.000176283,0.00017599,0.000175705,0.000175426,0.000175153,0.000174886,0.000174625,0.000174369,0.000174119,0.000173873,0.000173632,0.000173396,0.000173164,0.000172937,0.000172713,0.000172493,0.000172277,0.000172065,0.000171856,0.00017165,0.000171448,0.000171248,0.000171052,0.000170858,0.000170668,0.00017048,0.000170295,0.000170112,0.000169932,0.000169754,0.000169578,0.000169405,0.000169234,0.000169065,0.000168898,0.000168734,0.000168571,0.00016841,0.000168251,0.000168093,0.000167938,0.000167784,0.000167632
0.000304494,0.000302545,0.000300544,0.000298485,0.000296365,0.000294176,0.00029191,0.00028956,0.000287114,0.00028456,0.000281882,0.00027906,0.000276071,0.000272881,0.000269448,0.000265714,0.000261596,0.00025697,0.000251642,0.000245289,0.000237378,0.000227438,0.000217262,0.000209889,0.000204955,0.000201431,0.000198742,0.000196587,0.000194796,0.000193267,0.000191935,0.000190755,0.000189696,0.000188736,0.000187857,0.000187046,0.000186293,0.000185591,0.000184933,0.000184313,0.000183727,0.000183171,0.000182642,0.000182138,0.000181656,0.000181194,0.000180751,0.000180324,0.000179913,0.000179517,0.000179134,0.000178763,0.000178404,0.000178056,0.000177718,0.000177389,0.00017707,0.000176759,0.000176455,0.00017616,0.000175871,0.000175589,0.000175314,0.000175045,0.000174781,0.000174523,0.00017427,0.000174023,0.00017378,0.000173542,0.000173308,0.000173079,0.000172853,0.000172632,0.000172414,0.0001722,0.00017199,0.000171783,0.000171579,0.000171378,0.000171181,0.000170986,0.000170794,0.000170605,0.000170419,0.000170235,0.000170054,0.000169875,0.000169698,0.000169524,0.000169352,0.000169182,0.000169015,0.000168849,0.000168685,0.000168523,0.000168364,0.000168206,0.000168049,0.000167895,0.000167742
0.000304905,0.00030297,0.000300984,0.000298943,0.000296841,0.000294673,0.000292432,0.000290108,0.000287692,0.000285172,0.000282533,0.000279758,0.000276823,0.000273699,0.000270348,0.000266716,0.000262732,0.000258288,0.000253219,0.000247258,0.000239961,0.000230769,0.000220425,0.000212135,0.000206556,0.000202649,0.00019972,0.000197403,0.000195497,0.000193883,0.000192486,0.000191254,0.000190153,0.000189158,0.000188249,0.000187414,0.00018664,0.00018592,0.000185245,0.00018461,0.000184011,0.000183444,0.000182905,0.000182391,0.000181901,0.000181431,0.00018098,0.000180547,0.00018013,0.000179728,0.00017934,0.000178964,0.0001786,0.000178248,0.000177906,0.000177573,0.00017725,0.000176935,0.000176629,0.00017633,0.000176039,0.000175754,0.000175476,0.000175204,0.000174938,0.000174678,0.000174423,0.000174173,0.000173929,0.000173688,0.000173453,0.000173222,0.000172995,0.000172772,0.000172552,0.000172337,0.000172125,0.000171916,0.000171711,0.000171509,0.00017131,0.000171114,0.000170921,0.000170731,0.000170543,0.000170359,0.000170176,0.000169996,0.000169819,0.000169643,0.000169471,0.0001693,0.000169131,0.000168965,0.0001688,0.000168637,0.000168477,0.000168318,0.000168161,0.000168006,0.000167852
0.000305311,0.00030339,0.00030142,0.000299396,0.000297313,0.000295165,0.000292946,0.000290647,0.00028826,0.000285773,0.000283172,0.000280441,0.000277558,0.000274496,0.000271221,0.000267685,0.000263823,0.000259542,0.0002547,0.000249076,0.000242303,0.000233842,0.000223743,0.000214646,0.000208329,0.000203973,0.000200767,0.000198268,0.000196234,0.000194527,0.000193058,0.00019177,0.000190624,0.000189592,0.000188653,0.000187791,0.000186995,0.000186255,0.000185563,0.000184913,0.000184301,0.000183722,0.000183172,0.000182648,0.000182149,0.000181671,0.000181213,0.000180773,0.000180349,0.000179941,0.000179547,0.000179167,0.000178798,0.000178441,0.000178095,0.000177758,0.000177432,0.000177113,0.000176804,0.000176502,0.000176207,0.00017592,0.000175639,0.000175364,0.000175096,0.000174834,0.000174576,0.000174325,0.000174078,0.000173836,0.000173598,0.000173365,0.000173136,0.000172912,0.000172691,0.000172474,0.00017226,0.00017205,0.000171844,0.00017164,0.00017144,0.000171243,0.000171049,0.000170857,0.000170668,0.000170482,0.000170299,0.000170118,0.000169939,0.000169763,0.000169589,0.000169418,0.000169248,0.000169081,0.000168915,0.000168752,0.00016859,0.000168431,0.000168273,0.000168117,0.000167962
0.000305714,0.000303807,0.000301851,0.000299844,0.000297778,0.000295651,0.000293453,0.00029118,0.00028882,0.000286365,0.0002838,0.00028111,0.000278276,0.000275273,0.000272069,0.000268621,0.000264871,0.000260738,0.000256099,0.000250768,0.000244439,0.00023664,0.000227063,0.000217423,0.000210297,0.00020542,0.000201894,0.000199188,0.000197011,0.0001952,0.000193653,0.000192305,0.00019111,0.000190038,0.000189066,0.000188177,0.000187357,0.000186596,0.000185887,0.000185221,0.000184595,0.000184003,0.000183442,0.000182909,0.0001824,0.000181914,0.000181448,0.000181001,0.000180571,0.000180157,0.000179757,0.000179371,0.000178998,0.000178636,0.000178286,0.000177945,0.000177614,0.000177293,0.00017698,0.000176674,0.000176377,0.000176086,0.000175803,0.000175526,0.000175255,0.00017499,0.000174731,0.000174477,0.000174228,0.000173984,0.000173744,0.000173509,0.000173279,0.000173052,0.00017283,0.000172611,0.000172396,0.000172185,0.000171977,0.000171772,0.00017157,0.000171372,0.000171176,0.000170984,0.000170794,0.000170607,0.000170422,0.00017024,0.000170061,0.000169883,0.000169708,0.000169536,0.000169365,0.000169197,0.000169031,0.000168866,0.000168704,0.000168543,0.000168385,0.000168228,0.000168073
0.000306114,0.00030422,0.000302279,0.000300287,0.000298239,0.00029613,0.000293955,0.000291705,0.000289372,0.000286946,0.000284416,0.000281767,0.000278979,0.000276032,0.000272894,0.000269528,0.000265882,0.000261883,0.000257426,0.00025235,0.000246403,0.000239182,0.000230248,0.000220427,0.000212485,0.000207006,0.000203111,0.000200169,0.000197832,0.000195907,0.000194274,0.00019286,0.000191613,0.000190499,0.000189492,0.000188573,0.000187728,0.000186946,0.000186217,0.000185535,0.000184894,0.00018429,0.000183717,0.000183173,0.000182654,0.00018216,0.000181686,0.000181231,0.000180795,0.000180374,0.000179969,0.000179578,0.000179199,0.000178833,0.000178478,0.000178134,0.000177799,0.000177473,0.000177157,0.000176848,0.000176548,0.000176254,0.000175968,0.000175688,0.000175415,0.000175148,0.000174886,0.00017463,0.000174379,0.000174132,0.000173891,0.000173654,0.000173422,0.000173194,0.00017297,0.000172749,0.000172533,0.00017232,0.00017211,0.000171904,0.000171701,0.000171502,0.000171305,0.000171111,0.00017092,0.000170731,0.000170546,0.000170363,0.000170182,0.000170004,0.000169828,0.000169654,0.000169483,0.000169314,0.000169146,0.000168981,0.000168818,0.000168657,0.000168497,0.00016834,0.000168184
0.00030651,0.000304629,0.000302702,0.000300725,0.000298695,0.000296605,0.000294449,0.000292222,0.000289915,0.000287519,0.000285022,0.000282411,0.000279668,0.000276772,0.000273698,0.000270408,0.000266858,0.000262981,0.000258687,0.000253838,0.000248221,0.000241497,0.000233217,0.000223569,0.000214911,0.000208754,0.000204431,0.000201219,0.000198702,0.000196649,0.000194923,0.000193436,0.000192133,0.000190973,0.000189929,0.000188979,0.000188107,0.000187302,0.000186554,0.000185855,0.000185199,0.000184581,0.000183996,0.000183441,0.000182913,0.000182409,0.000181927,0.000181465,0.000181021,0.000180594,0.000180183,0.000179786,0.000179403,0.000179032,0.000178672,0.000178323,0.000177985,0.000177656,0.000177335,0.000177024,0.00017672,0.000176423,0.000176134,0.000175852,0.000175576,0.000175306,0.000175042,0.000174783,0.00017453,0.000174282,0.000174039,0.0001738,0.000173566,0.000173336,0.00017311,0.000172888,0.00017267,0.000172455,0.000172245,0.000172037,0.000171833,0.000171632,0.000171434,0.000171238,0.000171046,0.000170857,0.00017067,0.000170486,0.000170304,0.000170125,0.000169948,0.000169773,0.000169601,0.000169431,0.000169262,0.000169096,0.000168932,0.00016877,0.00016861,0.000168452,0.000168295
0.000306902,0.000305034,0.000303121,0.00030116,0.000299145,0.000297073,0.000294938,0.000292733,0.000290451,0.000288083,0.000285618,0.000283043,0.000280342,0.000277497,0.000274481,0.000271263,0.000267801,0.000264038,0.000259891,0.000255244,0.000249915,0.000243619,0.000235944,0.000226721,0.000217571,0.000210683,0.000205868,0.000202346,0.000199625,0.000197431,0.000195601,0.000194036,0.000192672,0.000191463,0.000190379,0.000189396,0.000188496,0.000187667,0.000186898,0.000186181,0.000185509,0.000184877,0.000184279,0.000183713,0.000183174,0.000182661,0.000182171,0.000181701,0.00018125,0.000180817,0.0001804,0.000179997,0.000179608,0.000179232,0.000178868,0.000178515,0.000178172,0.000177839,0.000177515,0.0001772,0.000176893,0.000176594,0.000176301,0.000176016,0.000175738,0.000175465,0.000175199,0.000174938,0.000174683,0.000174432,0.000174187,0.000173946,0.00017371,0.000173479,0.000173251,0.000173027,0.000172808,0.000172592,0.000172379,0.00017217,0.000171965,0.000171762,0.000171563,0.000171366,0.000171173,0.000170982,0.000170794,0.000170609,0.000170426,0.000170246,0.000170068,0.000169892,0.000169719,0.000169548,0.000169379,0.000169212,0.000169047,0.000168884,0.000168723,0.000168564,0.000168407
0.000307292,0.000305436,0.000303536,0.000301589,0.000299591,0.000297537,0.000295421,0.000293238,0.00029098,0.000288639,0.000286204,0.000283664,0.000281004,0.000278205,0.000275245,0.000272095,0.000268716,0.000265056,0.000261044,0.000256577,0.000251501,0.000245575,0.000238439,0.000229767,0.00022043,0.000212814,0.000207438,0.000203561,0.000200609,0.000198256,0.000196312,0.000194662,0.000193231,0.00019197,0.000190843,0.000189824,0.000188895,0.000188041,0.00018725,0.000186514,0.000185825,0.000185178,0.000184567,0.000183989,0.00018344,0.000182917,0.000182418,0.00018194,0.000181482,0.000181042,0.000180618,0.00018021,0.000179815,0.000179434,0.000179065,0.000178708,0.000178361,0.000178024,0.000177696,0.000177378,0.000177067,0.000176765,0.00017647,0.000176182,0.0001759,0.000175625,0.000175357,0.000175093,0.000174836,0.000174583,0.000174336,0.000174093,0.000173855,0.000173622,0.000173393,0.000173167,0.000172946,0.000172728,0.000172514,0.000172304,0.000172097,0.000171893,0.000171692,0.000171495,0.0001713,0.000171108,0.000170919,0.000170733,0.000170549,0.000170367,0.000170188,0.000170012,0.000169838,0.000169665,0.000169496,0.000169328,0.000169162,0.000168998,0.000168836,0.000168676,0.000168518
0.000307678,0.000305834,0.000303948,0.000302015,0.000300032,0.000297995,0.000295898,0.000293736,0.000291501,0.000289186,0.000286781,0.000284274,0.000281653,0.000278899,0.000275992,0.000272905,0.000269602,0.000266039,0.00026215,0.000257846,0.000252993,0.000247389,0.000240725,0.000232632,0.000223411,0.000215157,0.000209159,0.000204875,0.00020166,0.000199129,0.000197058,0.000195315,0.000193812,0.000192494,0.000191321,0.000190265,0.000189304,0.000188423,0.000187609,0.000186853,0.000186147,0.000185484,0.00018486,0.00018427,0.000183709,0.000183176,0.000182668,0.000182182,0.000181716,0.000181269,0.000180839,0.000180425,0.000180025,0.000179638,0.000179265,0.000178903,0.000178551,0.00017821,0.000177879,0.000177557,0.000177243,0.000176937,0.000176639,0.000176348,0.000176064,0.000175787,0.000175515,0.00017525,0.00017499,0.000174735,0.000174486,0.000174241,0.000174001,0.000173766,0.000173535,0.000173308,0.000173085,0.000172866,0.00017265,0.000172438,0.00017223,0.000172025,0.000171823,0.000171624,0.000171428,0.000171235,0.000171044,0.000170857,0.000170672,0.000170489,0.000170309,0.000170132,0.000169957,0.000169783,0.000169613,0.000169444,0.000169277,0.000169113,0.00016895,0.000168789,0.00016863
0.00030806,0.000306229,0.000304355,0.000302437,0.000300469,0.000298449,0.00029637,0.000294228,0.000292016,0.000289726,0.000287349,0.000284874,0.00028229,0.000279578,0.000276722,0.000273694,0.000270464,0.000266989,0.000263213,0.000259057,0.000254404,0.000249082,0.000242828,0.000235286,0.000226408,0.000217708,0.000211048,0.0002063,0.000202787,0.000200055,0.000197844,0.000195997,0.000194416,0.000193037,0.000191815,0.000190718,0.000189724,0.000188815,0.000187977,0.0001872,0.000186475,0.000185796,0.000185158,0.000184554,0.000183983,0.00018344,0.000182922,0.000182427,0.000181954,0.000181499,0.000181062,0.000180642,0.000180236,0.000179845,0.000179466,0.000179099,0.000178743,0.000178398,0.000178063,0.000177737,0.00017742,0.000177111,0.00017681,0.000176516,0.000176229,0.000175949,0.000175675,0.000175407,0.000175145,0.000174888,0.000174636,0.00017439,0.000174148,0.000173911,0.000173678,0.000173449,0.000173224,0.000173004,0.000172787,0.000172573,0.000172363,0.000172157,0.000171953,0.000171753,0.000171556,0.000171362,0.00017117,0.000170981,0.000170795,0.000170612,0.000170431,0.000170252,0.000170076,0.000169902,0.00016973,0.00016956,0.000169393,0.000169227,0.000169064,0.000168902,0.000168742
0.00030844,0.00030662,0.000304759,0.000302854,0.000300902,0.000298897,0.000296837,0.000294714,0.000292523,0.000290258,0.000287908,0.000285465,0.000282915,0.000280245,0.000277435,0.000274464,0.000271302,0.00026791,0.000264238,0.000260216,0.000255743,0.00025067,0.000244773,0.000237732,0.000229323,0.000220434,0.000213122,0.000207852,0.000203998,0.000201041,0.000198673,0.000196712,0.000195046,0.0001936,0.000192325,0.000191185,0.000190155,0.000189216,0.000188353,0.000187553,0.00018681,0.000186114,0.000185461,0.000184844,0.000184261,0.000183707,0.000183179,0.000182675,0.000182194,0.000181732,0.000181288,0.000180861,0.00018045,0.000180053,0.000179669,0.000179297,0.000178937,0.000178588,0.000178249,0.000177919,0.000177598,0.000177286,0.000176982,0.000176685,0.000176395,0.000176112,0.000175836,0.000175565,0.000175301,0.000175041,0.000174788,0.000174539,0.000174295,0.000174056,0.000173821,0.000173591,0.000173365,0.000173142,0.000172924,0.000172709,0.000172497,0.000172289,0.000172085,0.000171883,0.000171684,0.000171489,0.000171296,0.000171106,0.000170919,0.000170735,0.000170552,0.000170373,0.000170195,0.000170021,0.000169848,0.000169677,0.000169509,0.000169342,0.000169178,0.000169016,0.000168855
0.000308817,0.000307008,0.00030516,0.000303268,0.00030133,0.000299341,0.000297298,0.000295194,0.000293025,0.000290782,0.000288459,0.000286045,0.00028353,0.000280898,0.000278134,0.000275216,0.000272118,0.000268804,0.000265228,0.000261329,0.000257017,0.000252165,0.000246581,0.000239984,0.000232086,0.000223267,0.000215386,0.000209545,0.000205304,0.000202092,0.000199549,0.000197463,0.000195703,0.000194185,0.000192853,0.000191667,0.000190599,0.000189628,0.000188737,0.000187915,0.000187151,0.000186438,0.000185769,0.000185138,0.000184543,0.000183977,0.00018344,0.000182927,0.000182437,0.000181967,0.000181517,0.000181083,0.000180666,0.000180263,0.000179874,0.000179497,0.000179133,0.000178779,0.000178436,0.000178102,0.000177778,0.000177462,0.000177155,0.000176855,0.000176562,0.000176276,0.000175997,0.000175724,0.000175457,0.000175196,0.00017494,0.000174689,0.000174443,0.000174202,0.000173966,0.000173733,0.000173505,0.000173281,0.000173061,0.000172845,0.000172632,0.000172422,0.000172216,0.000172013,0.000171814,0.000171617,0.000171423,0.000171232,0.000171043,0.000170858,0.000170675,0.000170494,0.000170316,0.00017014,0.000169966,0.000169794,0.000169625,0.000169458,0.000169292,0.000169129,0.000168968
0.000309191,0.000307393,0.000305557,0.000303678,0.000301754,0.000299781,0.000297754,0.000295669,0.00029352,0.0002913,0.000289002,0.000286617,0.000284134,0.00028154,0.000278819,0.000275951,0.000272913,0.000269671,0.000266185,0.000262399,0.000258234,0.00025358,0.000248271,0.000242065,0.000234666,0.000226122,0.000217835,0.000211394,0.000206717,0.000203217,0.000200478,0.000198252,0.000196389,0.000194793,0.000193399,0.000192164,0.000191056,0.000190051,0.000189132,0.000188285,0.0001875,0.000186768,0.000186083,0.000185438,0.000184829,0.000184252,0.000183704,0.000183182,0.000182683,0.000182206,0.000181748,0.000181307,0.000180884,0.000180475,0.00018008,0.000179699,0.00017933,0.000178972,0.000178624,0.000178287,0.000177959,0.00017764,0.000177329,0.000177026,0.00017673,0.000176442,0.00017616,0.000175884,0.000175615,0.000175351,0.000175093,0.00017484,0.000174592,0.000174349,0.000174111,0.000173877,0.000173647,0.000173421,0.000173199,0.000172981,0.000172767,0.000172556,0.000172348,0.000172144,0.000171943,0.000171745,0.00017155,0.000171358,0.000171168,0.000170981,0.000170797,0.000170615,0.000170436,0.000170259,0.000170084,0.000169912,0.000169742,0.000169573,0.000169407,0.000169243,0.000169081
0.000309562,0.000307775,0.00030595,0.000304085,0.000302174,0.000300216,0.000298206,0.000296139,0.000294009,0.000291811,0.000289538,0.00028718,0.000284728,0.00028217,0.00027949,0.00027667,0.000273688,0.000270515,0.000267112,0.00026343,0.0002594,0.000254923,0.000249858,0.000243996,0.000237059,0.000228912,0.000220437,0.000213411,0.000208249,0.000204423,0.000201464,0.000199084,0.000197108,0.000195426,0.000193966,0.000192678,0.000191526,0.000190485,0.000189536,0.000188663,0.000187856,0.000187105,0.000186402,0.000185742,0.00018512,0.000184531,0.000183972,0.00018344,0.000182933,0.000182447,0.000181981,0.000181534,0.000181104,0.000180689,0.000180289,0.000179903,0.000179528,0.000179166,0.000178814,0.000178473,0.000178141,0.000177818,0.000177504,0.000177198,0.000176899,0.000176608,0.000176323,0.000176045,0.000175773,0.000175507,0.000175247,0.000174992,0.000174742,0.000174497,0.000174256,0.00017402,0.000173789,0.000173561,0.000173338,0.000173118,0.000172902,0.00017269,0.000172481,0.000172276,0.000172073,0.000171874,0.000171677,0.000171484,0.000171293,0.000171105,0.00017092,0.000170737,0.000170557,0.000170379,0.000170203,0.00017003,0.000169858,0.000169689,0.000169522,0.000169357,0.000169194
0.00030993,0.000308154,0.000306341,0.000304487,0.00030259,0.000300647,0.000298652,0.000296603,0.000294493,0.000292316,0.000290066,0.000287735,0.000285313,0.000282789,0.000280148,0.000277374,0.000274446,0.000271336,0.000268012,0.000264426,0.000260518,0.000256202,0.000251355,0.000245796,0.000239276,0.000231576,0.000223136,0.0002156,0.000209913,0.00020572,0.000202514,0.000199962,0.000197862,0.000196087,0.000194555,0.000193209,0.000192011,0.000190932,0.00018995,0.00018905,0.00018822,0.000187448,0.000186728,0.000186052,0.000185416,0.000184815,0.000184245,0.000183702,0.000183185,0.000182691,0.000182218,0.000181763,0.000181327,0.000180906,0.0001805,0.000180108,0.000179729,0.000179362,0.000179006,0.000178661,0.000178325,0.000177999,0.000177681,0.000177371,0.00017707,0.000176775,0.000176488,0.000176207,0.000175933,0.000175664,0.000175402,0.000175144,0.000174892,0.000174645,0.000174403,0.000174165,0.000173932,0.000173702,0.000173477,0.000173256,0.000173039,0.000172825,0.000172614,0.000172407,0.000172204,0.000172003,0.000171805,0.000171611,0.000171419,0.00017123,0.000171043,0.000170859,0.000170678,0.000170499,0.000170322,0.000170148,0.000169976,0.000169806,0.000169638,0.000169472,0.000169308
0.000310295,0.00030853,0.000306728,0.000304886,0.000303003,0.000301073,0.000299094,0.000297062,0.00029497,0.000292814,0.000290588,0.000288282,0.000285889,0.000283397,0.000280794,0.000278063,0.000275186,0.000272137,0.000268885,0.00026539,0.000261595,0.000257425,0.000252772,0.000247481,0.000241332,0.000234082,0.000225859,0.000217952,0.000211722,0.000207118,0.000203635,0.000200892,0.000198654,0.000196777,0.000195166,0.000193759,0.000192511,0.000191391,0.000190376,0.000189447,0.000188592,0.000187799,0.00018706,0.000186368,0.000185717,0.000185103,0.000184521,0.000183968,0.000183441,0.000182938,0.000182457,0.000181995,0.000181552,0.000181125,0.000180713,0.000180316,0.000179932,0.00017956,0.000179199,0.00017885,0.00017851,0.00017818,0.000177859,0.000177546,0.000177241,0.000176944,0.000176654,0.00017637,0.000176093,0.000175822,0.000175557,0.000175298,0.000175043,0.000174794,0.00017455,0.00017431,0.000174075,0.000173844,0.000173617,0.000173394,0.000173175,0.00017296,0.000172748,0.00017254,0.000172335,0.000172133,0.000171934,0.000171738,0.000171545,0.000171354,0.000171167,0.000170982,0.000170799,0.000170619,0.000170442,0.000170266,0.000170093,0.000169922,0.000169754,0.000169587,0.000169422
0.000310658,0.000308903,0.000307112,0.000305282,0.000303411,0.000301496,0.000299532,0.000297516,0.000295442,0.000293307,0.000291102,0.000288821,0.000286456,0.000283996,0.000281428,0.000278739,0.00027591,0.000272918,0.000269735,0.000266323,0.000262632,0.000258595,0.000254118,0.000249066,0.000243246,0.000236421,0.000228532,0.000220441,0.000213683,0.00020863,0.000204835,0.000201878,0.000199488,0.000197499,0.000195803,0.000194329,0.000193028,0.000191864,0.000190813,0.000189854,0.000188973,0.000188157,0.000187399,0.00018669,0.000186024,0.000185396,0.000184802,0.000184238,0.000183701,0.000183189,0.000182699,0.00018223,0.000181779,0.000181346,0.000180928,0.000180525,0.000180136,0.000179759,0.000179394,0.00017904,0.000178697,0.000178363,0.000178038,0.000177722,0.000177414,0.000177113,0.00017682,0.000176534,0.000176254,0.000175981,0.000175714,0.000175452,0.000175195,0.000174944,0.000174698,0.000174456,0.000174219,0.000173986,0.000173758,0.000173533,0.000173313,0.000173096,0.000172883,0.000172673,0.000172466,0.000172263,0.000172063,0.000171865,0.000171671,0.00017148,0.000171291,0.000171105,0.000170921,0.00017074,0.000170562,0.000170385,0.000170211,0.000170039,0.00016987,0.000169702,0.000169536
0.000311018,0.000309273,0.000307493,0.000305675,0.000303816,0.000301914,0.000299965,0.000297965,0.000295909,0.000293793,0.00029161,0.000289353,0.000287014,0.000284584,0.000282051,0.000279402,0.000276619,0.000273681,0.000270562,0.000267228,0.000263633,0.000259719,0.000255402,0.000250563,0.000245035,0.000238598,0.0002311,0.000223016,0.0002158,0.000210264,0.000206122,0.000202926,0.000200368,0.000198256,0.000196467,0.000194921,0.000193562,0.000192352,0.000191262,0.000190271,0.000189362,0.000188523,0.000187744,0.000187017,0.000186335,0.000185693,0.000185086,0.000184511,0.000183964,0.000183443,0.000182945,0.000182468,0.00018201,0.00018157,0.000181146,0.000180737,0.000180342,0.000179961,0.000179591,0.000179233,0.000178885,0.000178547,0.000178219,0.000177899,0.000177588,0.000177284,0.000176988,0.000176699,0.000176417,0.000176141,0.000175871,0.000175607,0.000175348,0.000175095,0.000174846,0.000174603,0.000174364,0.000174129,0.000173899,0.000173673,0.000173451,0.000173232,0.000173017,0.000172806,0.000172598,0.000172394,0.000172192,0.000171994,0.000171798,0.000171605,0.000171415,0.000171228,0.000171044,0.000170861,0.000170682,0.000170504,0.000170329,0.000170157,0.000169986,0.000169818,0.000169651
0.000311376,0.00030964,0.00030787,0.000306064,0.000304218,0.000302329,0.000300394,0.00029841,0.000296371,0.000294274,0.000292111,0.000289877,0.000287565,0.000285164,0.000282664,0.000280052,0.000277313,0.000274426,0.000271368,0.000268107,0.000264602,0.000260801,0.000256628,0.000251981,0.000246713,0.000240627,0.000233531,0.000225617,0.000218062,0.000212032,0.000207505,0.000204042,0.000201298,0.00019905,0.00019716,0.000195536,0.000194116,0.000192856,0.000191725,0.000190699,0.000189761,0.000188898,0.000188097,0.000187351,0.000186653,0.000185996,0.000185376,0.000184789,0.000184231,0.0001837,0.000183193,0.000182708,0.000182243,0.000181796,0.000181366,0.000180951,0.000180551,0.000180164,0.000179789,0.000179427,0.000179075,0.000178733,0.000178401,0.000178077,0.000177763,0.000177456,0.000177157,0.000176865,0.00017658,0.000176302,0.000176029,0.000175763,0.000175502,0.000175246,0.000174996,0.00017475,0.000174509,0.000174273,0.000174041,0.000173813,0.000173589,0.000173369,0.000173153,0.00017294,0.000172731,0.000172525,0.000172322,0.000172122,0.000171925,0.000171731,0.00017154,0.000171352,0.000171166,0.000170983,0.000170802,0.000170624,0.000170448,0.000170274,0.000170103,0.000169933,0.000169766
0.00031173,0.000310005,0.000308245,0.00030645,0.000304616,0.00030274,0.000300819,0.00029885,0.000296828,0.000294749,0.000292606,0.000290395,0.000288107,0.000285734,0.000283266,0.000280691,0.000277993,0.000275155,0.000272154,0.000268961,0.000265541,0.000261843,0.000257803,0.000253329,0.000248294,0.000242522,0.000235814,0.000228179,0.000220445,0.000213939,0.000208994,0.000205234,0.000202282,0.000199886,0.000197885,0.000196176,0.000194689,0.000193376,0.000192201,0.000191139,0.000190171,0.000189281,0.000188457,0.000187692,0.000186976,0.000186304,0.00018567,0.000185071,0.000184502,0.000183961,0.000183445,0.000182951,0.000182478,0.000182024,0.000181588,0.000181167,0.000180761,0.000180369,0.00017999,0.000179622,0.000179266,0.00017892,0.000178584,0.000178257,0.000177939,0.000177629,0.000177327,0.000177032,0.000176744,0.000176463,0.000176188,0.000175919,0.000175656,0.000175398,0.000175146,0.000174898,0.000174656,0.000174417,0.000174184,0.000173954,0.000173728,0.000173507,0.000173289,0.000173075,0.000172864,0.000172656,0.000172452,0.000172251,0.000172053,0.000171858,0.000171666,0.000171476,0.000171289,0.000171105,0.000170923,0.000170744,0.000170567,0.000170392,0.00017022,0.00017005,0.000169881
0.000312083,0.000310367,0.000308617,0.000306833,0.00030501,0.000303147,0.00030124,0.000299286,0.00029728,0.000295218,0.000293096,0.000290906,0.000288642,0.000286296,0.000283859,0.000281318,0.00027866,0.000275868,0.000272921,0.000269794,0.000266451,0.00026285,0.000258931,0.000254615,0.000249789,0.000244297,0.000237951,0.000230655,0.000222906,0.000215986,0.000210598,0.00020651,0.000203327,0.000200766,0.000198644,0.000196843,0.000195284,0.000193913,0.000192692,0.000191591,0.00019059,0.000189673,0.000188826,0.000188039,0.000187305,0.000186617,0.000185969,0.000185357,0.000184777,0.000184226,0.0001837,0.000183198,0.000182717,0.000182255,0.000181812,0.000181385,0.000180973,0.000180576,0.000180192,0.000179819,0.000179459,0.000179109,0.000178769,0.000178438,0.000178117,0.000177804,0.000177498,0.0001772,0.00017691,0.000176626,0.000176348,0.000176077,0.000175811,0.000175552,0.000175297,0.000175047,0.000174802,0.000174562,0.000174327,0.000174095,0.000173868,0.000173645,0.000173425,0.00017321,0.000172997,0.000172789,0.000172583,0.000172381,0.000172181,0.000171985,0.000171792,0.000171601,0.000171413,0.000171228,0.000171045,0.000170864,0.000170686,0.000170511,0.000170337,0.000170166,0.000169997
0.000312433,0.000310726,0.000308986,0.000307212,0.000305401,0.000303551,0.000301657,0.000299717,0.000297727,0.000295683,0.000293579,0.000291411,0.00028917,0.00028685,0.000284442,0.000281934,0.000279314,0.000276567,0.000273671,0.000270604,0.000267335,0.000263824,0.000260017,0.000255844,0.000251206,0.000245967,0.00023995,0.000233012,0.000225393,0.000218164,0.000212326,0.000207877,0.000204438,0.000201695,0.00019944,0.000197538,0.000195902,0.00019447,0.000193198,0.000192056,0.000191021,0.000190074,0.000189202,0.000188394,0.000187641,0.000186936,0.000186274,0.000185648,0.000185056,0.000184494,0.000183958,0.000183447,0.000182958,0.000182489,0.000182039,0.000181606,0.000181188,0.000180785,0.000180395,0.000180019,0.000179653,0.000179299,0.000178955,0.000178621,0.000178296,0.000177979,0.000177671,0.00017737,0.000177076,0.00017679,0.00017651,0.000176236,0.000175968,0.000175705,0.000175449,0.000175197,0.00017495,0.000174708,0.000174471,0.000174237,0.000174009,0.000173784,0.000173563,0.000173345,0.000173132,0.000172921,0.000172714,0.000172511,0.00017231,0.000172112,0.000171918,0.000171726,0.000171537,0.00017135,0.000171166,0.000170985,0.000170806,0.000170629,0.000170455,0.000170283,0.000170113
0.00031278,0.000311082,0.000309353,0.000307589,0.000305789,0.000303951,0.00030207,0.000300144,0.00029817,0.000296142,0.000294057,0.000291909,0.000289691,0.000287396,0.000285016,0.00028254,0.000279957,0.000277251,0.000274405,0.000271395,0.000268195,0.000264767,0.000261065,0.000257023,0.000252555,0.000247542,0.000241824,0.000235239,0.000227852,0.000220449,0.00021418,0.000209343,0.000205622,0.000202678,0.000200276,0.000198265,0.000196545,0.000195046,0.000193721,0.000192535,0.000191463,0.000190486,0.000189587,0.000188756,0.000187984,0.000187261,0.000186583,0.000185944,0.000185339,0.000184766,0.00018422,0.0001837,0.000183203,0.000182726,0.000182268,0.000181829,0.000181405,0.000180996,0.000180601,0.000180219,0.000179849,0.000179491,0.000179143,0.000178805,0.000178476,0.000178156,0.000177844,0.00017754,0.000177244,0.000176954,0.000176672,0.000176395,0.000176125,0.00017586,0.000175601,0.000175347,0.000175098,0.000174855,0.000174615,0.00017438,0.00017415,0.000173923,0.0001737,0.000173481,0.000173266,0.000173055,0.000172846,0.000172641,0.000172439,0.00017224,0.000172045,0.000171851,0.000171661,0.000171474,0.000171289,0.000171106,0.000170926,0.000170748,0.000170573,0.0001704,0.000170229
0.000313125,0.000311436,0.000309716,0.000307963,0.000306174,0.000304347,0.000302479,0.000300567,0.000298608,0.000296597,0.00029453,0.000292401,0.000290205,0.000287935,0.000285582,0.000283137,0.000280588,0.000277922,0.000275122,0.000272168,0.000269032,0.000265683,0.000262076,0.000258155,0.000253843,0.000249033,0.000243584,0.000237333,0.000230238,0.000222805,0.000216162,0.000210917,0.000206885,0.000203718,0.000201156,0.000199026,0.000197214,0.000195644,0.000194261,0.000193029,0.000191918,0.000190908,0.000189982,0.000189127,0.000188333,0.000187592,0.000186898,0.000186245,0.000185627,0.000185042,0.000184486,0.000183956,0.00018345,0.000182965,0.000182501,0.000182054,0.000181624,0.000181209,0.000180809,0.000180422,0.000180047,0.000179684,0.000179332,0.00017899,0.000178658,0.000178334,0.000178019,0.000177712,0.000177412,0.00017712,0.000176835,0.000176556,0.000176283,0.000176016,0.000175754,0.000175499,0.000175248,0.000175002,0.00017476,0.000174524,0.000174291,0.000174063,0.000173839,0.000173618,0.000173401,0.000173188,0.000172979,0.000172772,0.000172569,0.000172369,0.000172172,0.000171977,0.000171786,0.000171597,0.000171411,0.000171228,0.000171047,0.000170868,0.000170692,0.000170517,0.000170346
0.000313468,0.000311788,0.000310077,0.000308334,0.000306556,0.000304741,0.000302885,0.000300987,0.000299042,0.000297047,0.000294997,0.000292887,0.000290712,0.000288466,0.000286139,0.000283724,0.000281209,0.000278581,0.000275825,0.000272922,0.000269848,0.000266572,0.000263055,0.000259245,0.000255075,0.000250449,0.000245242,0.000239301,0.000232524,0.000225186,0.000218259,0.000212604,0.000208235,0.000204823,0.000202084,0.000199823,0.000197912,0.000196264,0.00019482,0.000193538,0.000192386,0.000191341,0.000190385,0.000189505,0.00018869,0.00018793,0.000187219,0.00018655,0.00018592,0.000185323,0.000184756,0.000184216,0.000183701,0.000183208,0.000182735,0.000182282,0.000181845,0.000181425,0.000181019,0.000180627,0.000180247,0.000179879,0.000179523,0.000179177,0.000178841,0.000178513,0.000178195,0.000177885,0.000177582,0.000177287,0.000176999,0.000176717,0.000176442,0.000176172,0.000175909,0.000175651,0.000175398,0.00017515,0.000174906,0.000174668,0.000174434,0.000174204,0.000173978,0.000173756,0.000173537,0.000173323,0.000173111,0.000172904,0.000172699,0.000172498,0.000172299,0.000172104,0.000171911,0.000171721,0.000171534,0.000171349,0.000171167,0.000170988,0.00017081,0.000170635,0.000170462
0.000313809,0.000312137,0.000310436,0.000308702,0.000306935,0.000305131,0.000303287,0.000301402,0.000299471,0.000297492,0.000295459,0.000293368,0.000291214,0.00028899,0.000286688,0.000284301,0.000281819,0.000279228,0.000276514,0.00027366,0.000270643,0.000267436,0.000264003,0.000260296,0.000256256,0.000251798,0.00024681,0.000241151,0.000234694,0.000227547,0.000220453,0.000214408,0.000209678,0.000205997,0.000203064,0.00020066,0.00019864,0.000196909,0.000195399,0.000194063,0.000192867,0.000191786,0.000190799,0.000189893,0.000189054,0.000188274,0.000187546,0.000186861,0.000186217,0.000185607,0.000185029,0.000184479,0.000183955,0.000183453,0.000182973,0.000182512,0.000182069,0.000181642,0.000181231,0.000180833,0.000180449,0.000180076,0.000179715,0.000179365,0.000179025,0.000178694,0.000178372,0.000178059,0.000177753,0.000177455,0.000177164,0.000176879,0.000176602,0.00017633,0.000176064,0.000175803,0.000175548,0.000175298,0.000175053,0.000174813,0.000174577,0.000174345,0.000174117,0.000173893,0.000173674,0.000173457,0.000173245,0.000173036,0.00017283,0.000172627,0.000172427,0.000172231,0.000172037,0.000171846,0.000171657,0.000171472,0.000171289,0.000171108,0.000170929,0.000170753,0.00017058
0.000314147,0.000312484,0.000310792,0.000309068,0.00030731,0.000305517,0.000303686,0.000301814,0.000299897,0.000297932,0.000295916,0.000293843,0.000291709,0.000289507,0.00028723,0.00028487,0.000282418,0.000279863,0.00027719,0.000274382,0.00027142,0.000268278,0.000264922,0.000261312,0.000257391,0.000253086,0.000248296,0.000242893,0.000236744,0.000229849,0.000222711,0.000216326,0.000211221,0.000207247,0.0002041,0.000201539,0.000199402,0.000197581,0.000195999,0.000194606,0.000193363,0.000192243,0.000191224,0.000190289,0.000189426,0.000188626,0.000187879,0.000187178,0.000186519,0.000185896,0.000185307,0.000184746,0.000184212,0.000183702,0.000183213,0.000182745,0.000182295,0.000181862,0.000181445,0.000181042,0.000180652,0.000180275,0.000179909,0.000179555,0.000179211,0.000178876,0.000178551,0.000178234,0.000177925,0.000177624,0.00017733,0.000177043,0.000176762,0.000176488,0.00017622,0.000175957,0.0001757,0.000175448,0.0001752,0.000174958,0.00017472,0.000174487,0.000174257,0.000174032,0.000173811,0.000173593,0.000173379,0.000173168,0.000172961,0.000172757,0.000172556,0.000172358,0.000172163,0.000171971,0.000171781,0.000171594,0.00017141,0.000171228,0.000171049,0.000170872,0.000170697
0.000314483,0.000312828,0.000311145,0.00030943,0.000307683,0.000305901,0.000304081,0.000302221,0.000300318,0.000298369,0.000296368,0.000294313,0.000292198,0.000290017,0.000287764,0.000285431,0.000283009,0.000280487,0.000277852,0.000275089,0.000272179,0.000269098,0.000265816,0.000262295,0.000258484,0.000254319,0.000249709,0.000244539,0.000238678,0.000232064,0.000224995,0.000218349,0.000212869,0.000208579,0.000205197,0.000202465,0.0002002,0.00019828,0.000196622,0.000195168,0.000193875,0.000192713,0.000191659,0.000190695,0.000189807,0.000188984,0.000188218,0.0001875,0.000186826,0.00018619,0.000185588,0.000185017,0.000184473,0.000183953,0.000183457,0.000182981,0.000182524,0.000182084,0.000181661,0.000181252,0.000180857,0.000180475,0.000180105,0.000179746,0.000179398,0.00017906,0.000178731,0.00017841,0.000178098,0.000177794,0.000177497,0.000177207,0.000176924,0.000176647,0.000176377,0.000176112,0.000175852,0.000175598,0.000175349,0.000175104,0.000174864,0.000174629,0.000174398,0.000174171,0.000173948,0.000173729,0.000173513,0.000173301,0.000173092,0.000172887,0.000172685,0.000172486,0.000172289,0.000172096,0.000171905,0.000171717,0.000171532,0.000171349,0.000171169,0.000170991,0.000170815
0.000314817,0.000313171,0.000311496,0.000309791,0.000308053,0.000306282,0.000304473,0.000302626,0.000300736,0.000298801,0.000296816,0.000294778,0.000292681,0.000290521,0.000288291,0.000285984,0.00028359,0.000281101,0.000278503,0.000275782,0.000272921,0.000269898,0.000266685,0.000263247,0.000259539,0.000255502,0.000251056,0.000246098,0.000240503,0.000234177,0.000227264,0.000220458,0.000214623,0.000209999,0.000206361,0.000203441,0.000201036,0.00019901,0.000197269,0.000195749,0.000194403,0.000193197,0.000192106,0.000191111,0.000190196,0.000189351,0.000188564,0.000187829,0.000187139,0.000186489,0.000185874,0.000185291,0.000184737,0.000184208,0.000183703,0.000183219,0.000182755,0.000182309,0.000181879,0.000181465,0.000181064,0.000180677,0.000180303,0.000179939,0.000179587,0.000179245,0.000178912,0.000178588,0.000178273,0.000177965,0.000177665,0.000177373,0.000177087,0.000176807,0.000176534,0.000176267,0.000176005,0.000175749,0.000175498,0.000175251,0.00017501,0.000174772,0.00017454,0.000174311,0.000174086,0.000173865,0.000173648,0.000173435,0.000173225,0.000173018,0.000172814,0.000172614,0.000172416,0.000172222,0.00017203,0.000171841,0.000171654,0.00017147,0.000171289,0.00017111,0.000170933
0.000315149,0.00031351,0.000311844,0.000310148,0.00030842,0.000306659,0.000304862,0.000303027,0.00030115,0.000299228,0.000297259,0.000295237,0.000293159,0.000291019,0.000288811,0.000286528,0.000284163,0.000281704,0.000279142,0.000276462,0.000273647,0.000270679,0.000267531,0.000264171,0.000260558,0.000256639,0.000252343,0.000247577,0.000242226,0.000236182,0.000229484,0.000222625,0.000216481,0.000211511,0.000207597,0.000204471,0.000201914,0.000199772,0.000197942,0.000196351,0.000194948,0.000193696,0.000192566,0.000191538,0.000190595,0.000189725,0.000188917,0.000188163,0.000187457,0.000186792,0.000186165,0.00018557,0.000185005,0.000184467,0.000183953,0.000183461,0.000182989,0.000182536,0.0001821,0.000181679,0.000181273,0.000180881,0.000180502,0.000180134,0.000179777,0.000179431,0.000179094,0.000178767,0.000178448,0.000178138,0.000177835,0.000177539,0.000177251,0.000176969,0.000176693,0.000176423,0.000176159,0.000175901,0.000175647,0.000175399,0.000175155,0.000174916,0.000174682,0.000174451,0.000174225,0.000174002,0.000173784,0.000173569,0.000173357,0.000173149,0.000172944,0.000172742,0.000172544,0.000172348,0.000172155,0.000171965,0.000171777,0.000171592,0.00017141,0.00017123,0.000171052
0.000315479,0.000313848,0.00031219,0.000310503,0.000308785,0.000307034,0.000305248,0.000303424,0.00030156,0.000299652,0.000297697,0.000295692,0.000293632,0.000291511,0.000289325,0.000287066,0.000284726,0.000282298,0.000279769,0.000277128,0.000274359,0.000271442,0.000268355,0.000265068,0.000261544,0.000257735,0.000253577,0.000248986,0.000243858,0.000238081,0.00023163,0.000224817,0.000218433,0.00021312,0.00020891,0.00020556,0.000202837,0.00020057,0.000198643,0.000196976,0.000195512,0.000194209,0.000193038,0.000191975,0.000191003,0.000190107,0.000189277,0.000188504,0.000187781,0.000187101,0.00018646,0.000185853,0.000185277,0.000184728,0.000184205,0.000183705,0.000183226,0.000182765,0.000182323,0.000181896,0.000181485,0.000181087,0.000180703,0.00018033,0.000179969,0.000179619,0.000179278,0.000178947,0.000178625,0.000178311,0.000178005,0.000177707,0.000177415,0.000177131,0.000176852,0.00017658,0.000176314,0.000176053,0.000175798,0.000175547,0.000175302,0.000175061,0.000174824,0.000174592,0.000174364,0.00017414,0.00017392,0.000173703,0.00017349,0.000173281,0.000173075,0.000172871,0.000172671,0.000172474,0.00017228,0.000172089,0.0001719,0.000171714,0.000171531,0.00017135,0.000171171
0.000315806,0.000314184,0.000312534,0.000310856,0.000309147,0.000307406,0.00030563,0.000303818,0.000301966,0.000300072,0.000298132,0.000296142,0.000294099,0.000291997,0.000289832,0.000287596,0.000285282,0.000282882,0.000280387,0.000277782,0.000275055,0.000272188,0.000269159,0.000265941,0.0002625,0.000258792,0.000254761,0.00025033,0.000245406,0.000239879,0.000233687,0.000227,0.000220462,0.000214827,0.000210306,0.000206713,0.000203808,0.000201405,0.000199374,0.000197625,0.000196095,0.000194739,0.000193524,0.000192425,0.000191421,0.000190499,0.000189646,0.000188852,0.000188111,0.000187415,0.00018676,0.00018614,0.000185553,0.000184994,0.000184461,0.000183952,0.000183465,0.000182997,0.000182548,0.000182115,0.000181698,0.000181295,0.000180905,0.000180528,0.000180163,0.000179808,0.000179464,0.000179129,0.000178803,0.000178486,0.000178177,0.000177875,0.000177581,0.000177294,0.000177013,0.000176738,0.00017647,0.000176207,0.000175949,0.000175696,0.000175449,0.000175206,0.000174968,0.000174734,0.000174504,0.000174278,0.000174057,0.000173839,0.000173624,0.000173413,0.000173205,0.000173001,0.0001728,0.000172601,0.000172406,0.000172214,0.000172024,0.000171837,0.000171652,0.00017147,0.00017129
0.000316132,0.000314517,0.000312875,0.000311206,0.000309506,0.000307775,0.00030601,0.000304209,0.000302369,0.000300488,0.000298562,0.000296588,0.000294561,0.000292478,0.000290332,0.000288119,0.00028583,0.000283458,0.000280994,0.000278425,0.000275739,0.000272918,0.000269944,0.000266791,0.000263428,0.000259815,0.0002559,0.000251616,0.000246878,0.000241582,0.000235647,0.000229142,0.000222545,0.000216627,0.000211788,0.000207935,0.000204833,0.000202281,0.000200136,0.000198299,0.000196699,0.000195287,0.000194025,0.000192886,0.00019185,0.000190899,0.000190022,0.000189207,0.000188447,0.000187735,0.000187065,0.000186432,0.000185833,0.000185263,0.000184721,0.000184203,0.000183707,0.000183232,0.000182776,0.000182336,0.000181913,0.000181505,0.00018111,0.000180728,0.000180358,0.000179999,0.000179651,0.000179312,0.000178983,0.000178662,0.00017835,0.000178045,0.000177748,0.000177458,0.000177174,0.000176897,0.000176626,0.000176361,0.000176101,0.000175846,0.000175597,0.000175352,0.000175112,0.000174876,0.000174645,0.000174417,0.000174194,0.000173974,0.000173758,0.000173546,0.000173337,0.000173131,0.000172929,0.000172729,0.000172532,0.000172339,0.000172148,0.000171959,0.000171774,0.000171591,0.00017141
0.000316456,0.000314848,0.000313214,0.000311553,0.000309863,0.000308141,0.000306386,0.000304596,0.000302768,0.0003009,0.000298988,0.000297028,0.000295018,0.000292953,0.000290827,0.000288635,0.00028637,0.000284025,0.000281591,0.000279056,0.000276409,0.000273633,0.000270711,0.000267619,0.000264329,0.000260804,0.000256997,0.000252849,0.000248281,0.000243198,0.00023751,0.000231221,0.000224652,0.000218512,0.000213359,0.000209229,0.000205913,0.000203201,0.000200933,0.000199001,0.000197326,0.000195852,0.000194541,0.000193361,0.000192289,0.000191309,0.000190406,0.000189569,0.00018879,0.00018806,0.000187375,0.000186728,0.000186117,0.000185536,0.000184984,0.000184457,0.000183953,0.00018347,0.000183006,0.00018256,0.000182131,0.000181717,0.000181317,0.00018093,0.000180555,0.000180192,0.000179839,0.000179497,0.000179164,0.000178839,0.000178524,0.000178216,0.000177916,0.000177623,0.000177337,0.000177057,0.000176784,0.000176516,0.000176254,0.000175997,0.000175745,0.000175499,0.000175257,0.000175019,0.000174786,0.000174557,0.000174332,0.000174111,0.000173893,0.000173679,0.000173469,0.000173262,0.000173058,0.000172857,0.000172659,0.000172464,0.000172272,0.000172083,0.000171896,0.000171712,0.00017153
0.000316777,0.000315177,0.000313551,0.000311899,0.000310217,0.000308505,0.00030676,0.000304981,0.000303164,0.000301308,0.00029941,0.000297465,0.000295471,0.000293423,0.000291316,0.000289145,0.000286903,0.000284584,0.000282179,0.000279677,0.000277067,0.000274334,0.000271461,0.000268427,0.000265206,0.000261763,0.000258057,0.000254033,0.000249621,0.000244734,0.00023928,0.000233222,0.000226753,0.000220467,0.000215019,0.0002106,0.000207054,0.000204167,0.000201767,0.000199732,0.000197976,0.000196438,0.000195073,0.000193849,0.000192741,0.000191729,0.000190799,0.000189939,0.000189139,0.000188392,0.00018769,0.00018703,0.000186405,0.000185813,0.00018525,0.000184714,0.000184201,0.00018371,0.000183239,0.000182786,0.000182351,0.000181931,0.000181525,0.000181133,0.000180753,0.000180386,0.000180029,0.000179682,0.000179346,0.000179018,0.000178699,0.000178388,0.000178085,0.000177789,0.0001775,0.000177218,0.000176942,0.000176672,0.000176407,0.000176148,0.000175895,0.000175646,0.000175402,0.000175163,0.000174928,0.000174697,0.00017447,0.000174248,0.000174029,0.000173813,0.000173601,0.000173393,0.000173187,0.000172985,0.000172786,0.00017259,0.000172397,0.000172206,0.000172018,0.000171833,0.00017165
0.000317097,0.000315504,0.000313886,0.000312242,0.000310569,0.000308866,0.000307131,0.000305362,0.000303557,0.000301713,0.000299828,0.000297897,0.000295918,0.000293887,0.000291799,0.000289648,0.000287429,0.000285135,0.000282758,0.000280287,0.000277713,0.000275021,0.000272195,0.000269216,0.000266059,0.000262694,0.000259082,0.000255173,0.000250904,0.000246197,0.000240961,0.000235137,0.000228822,0.000222471,0.000216765,0.000212052,0.000208261,0.000205184,0.00020264,0.000200494,0.000198651,0.000197043,0.000195622,0.000194351,0.000193204,0.00019216,0.000191201,0.000190317,0.000189496,0.00018873,0.000188012,0.000187336,0.000186698,0.000186094,0.00018552,0.000184974,0.000184452,0.000183953,0.000183475,0.000183015,0.000182573,0.000182147,0.000181736,0.000181338,0.000180954,0.000180581,0.00018022,0.00017987,0.000179529,0.000179198,0.000178876,0.000178561,0.000178255,0.000177956,0.000177665,0.00017738,0.000177101,0.000176829,0.000176562,0.000176301,0.000176045,0.000175794,0.000175548,0.000175307,0.00017507,0.000174838,0.000174609,0.000174385,0.000174164,0.000173948,0.000173734,0.000173524,0.000173318,0.000173114,0.000172914,0.000172717,0.000172522,0.00017233,0.000172141,0.000171955,0.000171771
0.000317415,0.00031583,0.000314219,0.000312582,0.000310918,0.000309224,0.000307499,0.00030574,0.000303946,0.000302114,0.000300242,0.000298325,0.000296362,0.000294347,0.000292277,0.000290146,0.000287948,0.000285678,0.000283328,0.000280888,0.000278347,0.000275694,0.000272914,0.000269987,0.000266891,0.000263598,0.000260074,0.000256272,0.000252136,0.000247593,0.00024256,0.000236964,0.000230836,0.000224498,0.000218587,0.000213586,0.000209535,0.000206255,0.000203556,0.00020129,0.000199353,0.000197671,0.00019619,0.000194869,0.000193681,0.000192601,0.000191613,0.000190703,0.00018986,0.000189074,0.000188339,0.000187648,0.000186996,0.00018638,0.000185795,0.000185238,0.000184707,0.000184199,0.000183713,0.000183246,0.000182797,0.000182365,0.000181948,0.000181545,0.000181156,0.000180779,0.000180413,0.000180059,0.000179714,0.000179379,0.000179053,0.000178736,0.000178426,0.000178125,0.00017783,0.000177542,0.000177261,0.000176986,0.000176717,0.000176454,0.000176196,0.000175943,0.000175695,0.000175452,0.000175213,0.000174979,0.000174749,0.000174523,0.000174301,0.000174083,0.000173868,0.000173656,0.000173448,0.000173244,0.000173042,0.000172843,0.000172648,0.000172455,0.000172265,0.000172077,0.000171892
0.000317731,0.000316153,0.00031455,0.000312921,0.000311265,0.00030958,0.000307864,0.000306116,0.000304333,0.000302512,0.000300652,0.000298749,0.0002968,0.000294802,0.000292749,0.000290637,0.000288461,0.000286214,0.00028389,0.000281479,0.000278971,0.000276356,0.000273618,0.00027074,0.000267702,0.000264478,0.000261035,0.000257333,0.000253319,0.000248928,0.000244082,0.000238704,0.000232782,0.000226523,0.000220472,0.000215202,0.000210883,0.000207384,0.000204517,0.000202122,0.000200084,0.000198322,0.000196776,0.000195403,0.000194171,0.000193054,0.000192035,0.000191098,0.000190231,0.000189425,0.000188671,0.000187965,0.000187299,0.000186669,0.000186073,0.000185506,0.000184965,0.000184449,0.000183954,0.00018348,0.000183024,0.000182586,0.000182163,0.000181754,0.00018136,0.000180978,0.000180608,0.000180249,0.000179901,0.000179562,0.000179232,0.000178911,0.000178599,0.000178294,0.000177997,0.000177706,0.000177422,0.000177145,0.000176873,0.000176608,0.000176348,0.000176093,0.000175843,0.000175598,0.000175357,0.000175121,0.000174889,0.000174662,0.000174438,0.000174218,0.000174002,0.000173789,0.00017358,0.000173374,0.000173171,0.000172971,0.000172774,0.00017258,0.000172388,0.0001722,0.000172014
0.000318046,0.000316474,0.000314878,0.000313257,0.000311609,0.000309933,0.000308227,0.000306488,0.000304716,0.000302907,0.000301059,0.00029917,0.000297235,0.000295252,0.000293216,0.000291123,0.000288967,0.000286743,0.000284444,0.000282061,0.000279585,0.000277005,0.000274308,0.000271478,0.000268495,0.000265335,0.000261969,0.000258359,0.000254459,0.000250208,0.000245534,0.000240362,0.000234651,0.000228521,0.000222402,0.000216895,0.000212304,0.000208575,0.000205526,0.000202992,0.000200846,0.000198998,0.000197383,0.000195954,0.000194675,0.00019352,0.000192468,0.000191502,0.000190611,0.000189783,0.000189011,0.000188287,0.000187606,0.000186964,0.000186355,0.000185777,0.000185226,0.000184701,0.000184198,0.000183716,0.000183254,0.000182808,0.000182379,0.000181966,0.000181566,0.000181179,0.000180804,0.000180441,0.000180088,0.000179746,0.000179413,0.000179088,0.000178773,0.000178465,0.000178164,0.000177871,0.000177584,0.000177304,0.000177031,0.000176763,0.0001765,0.000176243,0.000175991,0.000175744,0.000175502,0.000175264,0.00017503,0.000174801,0.000174576,0.000174354,0.000174136,0.000173922,0.000173711,0.000173504,0.0001733,0.000173098,0.0001729,0.000172705,0.000172513,0.000172323,0.000172136
0.000318358,0.000316793,0.000315205,0.000313591,0.000311951,0.000310284,0.000308587,0.000306858,0.000305096,0.000303298,0.000301463,0.000299586,0.000297665,0.000295697,0.000293678,0.000291603,0.000289467,0.000287265,0.00028499,0.000282634,0.000280189,0.000277643,0.000274985,0.0002722,0.000269269,0.00026617,0.000262876,0.000259353,0.000255558,0.000251437,0.000246923,0.000241942,0.000236441,0.000230473,0.000224355,0.000218657,0.000213802,0.00020983,0.000206588,0.000203903,0.00020164,0.0001997,0.000198012,0.000196523,0.000195195,0.000193998,0.000192911,0.000191916,0.000190998,0.000190148,0.000189356,0.000188615,0.000187919,0.000187263,0.000186642,0.000186052,0.000185491,0.000184957,0.000184445,0.000183956,0.000183486,0.000183034,0.000182598,0.000182179,0.000181774,0.000181382,0.000181002,0.000180635,0.000180278,0.000179931,0.000179594,0.000179267,0.000178947,0.000178636,0.000178333,0.000178037,0.000177748,0.000177465,0.000177189,0.000176918,0.000176654,0.000176394,0.00017614,0.000175891,0.000175647,0.000175407,0.000175172,0.000174941,0.000174714,0.000174491,0.000174271,0.000174056,0.000173844,0.000173635,0.000173429,0.000173227,0.000173027,0.000172831,0.000172637,0.000172446,0.000172258
0.000318669,0.000317111,0.000315529,0.000313923,0.000312291,0.000310632,0.000308944,0.000307225,0.000305473,0.000303686,0.000301862,0.000299998,0.000298091,0.000296138,0.000294135,0.000292078,0.000289961,0.00028778,0.000285529,0.000283199,0.000280783,0.00027827,0.00027565,0.000272907,0.000270026,0.000266985,0.000263759,0.000260317,0.00025662,0.000252619,0.000248252,0.00024345,0.000238151,0.000232365,0.000226307,0.000220477,0.000215375,0.000211153,0.000207704,0.000204857,0.000202469,0.000200431,0.000198664,0.000197111,0.00019573,0.00019449,0.000193366,0.000192339,0.000191395,0.000190521,0.000189709,0.00018895,0.000188238,0.000187567,0.000186933,0.000186332,0.00018576,0.000185216,0.000184695,0.000184198,0.00018372,0.000183261,0.00018282,0.000182394,0.000181983,0.000181586,0.000181202,0.00018083,0.000180469,0.000180118,0.000179777,0.000179446,0.000179123,0.000178809,0.000178503,0.000178204,0.000177912,0.000177626,0.000177348,0.000177075,0.000176808,0.000176546,0.00017629,0.000176039,0.000175793,0.000175551,0.000175314,0.000175081,0.000174853,0.000174628,0.000174407,0.00017419,0.000173976,0.000173766,0.000173559,0.000173355,0.000173155,0.000172957,0.000172762,0.00017257,0.000172381
0.000318978,0.000317427,0.000315852,0.000314253,0.000312629,0.000310978,0.000309299,0.000307589,0.000305847,0.000304071,0.000302259,0.000300407,0.000298514,0.000296575,0.000294587,0.000292547,0.000290449,0.000288289,0.00028606,0.000283756,0.000281368,0.000278887,0.000276303,0.000273601,0.000270766,0.00026778,0.000264619,0.000261253,0.000257648,0.000253758,0.000249527,0.000244891,0.000239785,0.000234189,0.000228238,0.000222338,0.000217018,0.000212546,0.000208878,0.000205859,0.000203335,0.000201191,0.00019934,0.000197719,0.000196283,0.000194996,0.000193833,0.000192773,0.000191801,0.000190903,0.000190069,0.000189291,0.000188561,0.000187876,0.000187228,0.000186615,0.000186033,0.000185478,0.000184949,0.000184443,0.000183957,0.000183491,0.000183043,0.000182612,0.000182195,0.000181793,0.000181404,0.000181027,0.000180661,0.000180306,0.000179962,0.000179627,0.000179301,0.000178983,0.000178674,0.000178372,0.000178077,0.000177789,0.000177507,0.000177232,0.000176963,0.000176699,0.000176441,0.000176188,0.00017594,0.000175696,0.000175457,0.000175223,0.000174992,0.000174766,0.000174543,0.000174325,0.00017411,0.000173898,0.00017369,0.000173485,0.000173283,0.000173084,0.000172888,0.000172695,0.000172504
0.000319286,0.00031774,0.000316173,0.000314581,0.000312965,0.000311322,0.000309651,0.000307951,0.000306219,0.000304453,0.000302652,0.000300813,0.000298932,0.000297007,0.000295035,0.000293011,0.000290932,0.000288792,0.000286585,0.000284305,0.000281944,0.000279494,0.000276944,0.000274281,0.000271492,0.000268558,0.000265457,0.000262163,0.000258644,0.000254857,0.000250753,0.00024627,0.000241345,0.000235941,0.00023013,0.000224221,0.000218724,0.000214008,0.000210114,0.00020691,0.000204241,0.000201983,0.000200042,0.000198348,0.000196853,0.000195517,0.000194313,0.000193218,0.000192216,0.000191292,0.000190436,0.000189638,0.000188891,0.00018819,0.000187528,0.000186903,0.000186309,0.000185744,0.000185205,0.000184691,0.000184197,0.000183724,0.000183269,0.000182831,0.000182409,0.000182001,0.000181607,0.000181225,0.000180855,0.000180496,0.000180148,0.000179809,0.000179479,0.000179158,0.000178846,0.000178541,0.000178243,0.000177952,0.000177668,0.00017739,0.000177119,0.000176853,0.000176592,0.000176337,0.000176087,0.000175841,0.000175601,0.000175364,0.000175132,0.000174904,0.00017468,0.00017446,0.000174243,0.00017403,0.000173821,0.000173614,0.000173411,0.000173211,0.000173014,0.000172819,0.000172628
0.000319591,0.000318052,0.000316492,0.000314907,0.000313298,0.000311664,0.000310001,0.00030831,0.000306588,0.000304832,0.000303042,0.000301214,0.000299347,0.000297436,0.000295478,0.000293471,0.000291409,0.000289288,0.000287103,0.000284846,0.000282512,0.000280091,0.000277574,0.000274949,0.000272202,0.000269318,0.000266275,0.000263049,0.00025961,0.00025592,0.000251932,0.000247592,0.000242837,0.00023762,0.00023197,0.000226105,0.000220483,0.000215539,0.000211413,0.000208013,0.000205189,0.000202809,0.000200771,0.000199,0.000197442,0.000196054,0.000194806,0.000193675,0.000192641,0.00019169,0.00019081,0.000189992,0.000189227,0.000188509,0.000187833,0.000187195,0.000186589,0.000186014,0.000185465,0.000184942,0.00018444,0.00018396,0.000183498,0.000183053,0.000182625,0.000182212,0.000181812,0.000181425,0.000181051,0.000180688,0.000180335,0.000179992,0.000179659,0.000179335,0.000179019,0.000178711,0.00017841,0.000178117,0.00017783,0.00017755,0.000177276,0.000177007,0.000176745,0.000176487,0.000176235,0.000175988,0.000175745,0.000175507,0.000175273,0.000175043,0.000174818,0.000174596,0.000174378,0.000174163,0.000173952,0.000173744,0.00017354,0.000173338,0.00017314,0.000172944,0.000172752
0.000319895,0.000318363,0.000316809,0.000315231,0.00031363,0.000312003,0.000310349,0.000308666,0.000306953,0.000305208,0.000303429,0.000301613,0.000299757,0.00029786,0.000295917,0.000293926,0.000291881,0.000289779,0.000287614,0.000285381,0.000283072,0.000280679,0.000278194,0.000275605,0.000272899,0.000270062,0.000267073,0.000263911,0.000260548,0.000256948,0.00025307,0.000248862,0.000244265,0.000239229,0.000233749,0.000227972,0.000222279,0.000217134,0.000212776,0.000209171,0.000206182,0.000203671,0.00020153,0.000199676,0.00019805,0.000196607,0.000195314,0.000194144,0.000193077,0.000192097,0.000191193,0.000190353,0.000189569,0.000188835,0.000188144,0.000187491,0.000186874,0.000186287,0.000185729,0.000185196,0.000184686,0.000184198,0.000183729,0.000183278,0.000182843,0.000182424,0.000182019,0.000181627,0.000181248,0.000180881,0.000180524,0.000180177,0.00017984,0.000179513,0.000179193,0.000178882,0.000178578,0.000178282,0.000177993,0.00017771,0.000177433,0.000177163,0.000176898,0.000176638,0.000176384,0.000176134,0.00017589,0.00017565,0.000175414,0.000175183,0.000174956,0.000174732,0.000174513,0.000174297,0.000174084,0.000173875,0.000173669,0.000173466,0.000173267,0.00017307,0.000172876
0.000320198,0.000318671,0.000317124,0.000315553,0.000313959,0.00031234,0.000310694,0.00030902,0.000307317,0.000305582,0.000303813,0.000302008,0.000300165,0.00029828,0.000296352,0.000294375,0.000292348,0.000290264,0.000288119,0.000285908,0.000283623,0.000281258,0.000278804,0.000276249,0.000273583,0.00027079,0.000267853,0.000264752,0.000261459,0.000257945,0.000254168,0.000250083,0.000245634,0.000240768,0.000235464,0.000229806,0.000224095,0.000218787,0.000214204,0.000210387,0.000207222,0.000204572,0.00020232,0.000200377,0.00019868,0.000197179,0.000195836,0.000194625,0.000193523,0.000192514,0.000191584,0.000190721,0.000189918,0.000189166,0.000188459,0.000187793,0.000187163,0.000186565,0.000185996,0.000185453,0.000184935,0.000184439,0.000183962,0.000183504,0.000183063,0.000182638,0.000182228,0.000181831,0.000181447,0.000181075,0.000180714,0.000180364,0.000180023,0.000179692,0.000179369,0.000179054,0.000178748,0.000178449,0.000178156,0.000177871,0.000177592,0.000177319,0.000177052,0.00017679,0.000176533,0.000176282,0.000176036,0.000175794,0.000175556,0.000175323,0.000175094,0.000174869,0.000174648,0.00017443,0.000174217,0.000174006,0.000173799,0.000173595,0.000173394,0.000173196,0.000173001
0.000320498,0.000318978,0.000317437,0.000315874,0.000314287,0.000312675,0.000311037,0.000309372,0.000307677,0.000305952,0.000304193,0.0003024,0.000300568,0.000298697,0.000296782,0.000294821,0.000292809,0.000290743,0.000288618,0.000286428,0.000284168,0.000281829,0.000279404,0.000276882,0.000274254,0.000271504,0.000268616,0.000265572,0.000262347,0.000258912,0.000255231,0.00025126,0.000246949,0.000242244,0.000237111,0.000231595,0.000225915,0.000220488,0.000215695,0.000211662,0.000208312,0.000205513,0.000203142,0.000201106,0.000199332,0.000197768,0.000196374,0.00019512,0.000193982,0.000192941,0.000191983,0.000191097,0.000190273,0.000189503,0.00018878,0.000188099,0.000187456,0.000186846,0.000186266,0.000185714,0.000185187,0.000184682,0.000184198,0.000183733,0.000183286,0.000182855,0.000182439,0.000182037,0.000181648,0.000181271,0.000180906,0.000180551,0.000180207,0.000179872,0.000179546,0.000179228,0.000178918,0.000178616,0.000178321,0.000178033,0.000177751,0.000177476,0.000177206,0.000176942,0.000176684,0.00017643,0.000176182,0.000175938,0.000175699,0.000175464,0.000175233,0.000175007,0.000174784,0.000174565,0.00017435,0.000174138,0.000173929,0.000173724,0.000173521,0.000173322,0.000173126
0.000320798,0.000319284,0.000317749,0.000316192,0.000314612,0.000313008,0.000311378,0.000309721,0.000308035,0.000306319,0.000304571,0.000302788,0.000300969,0.00029911,0.000297208,0.000295262,0.000293266,0.000291218,0.000289111,0.000286942,0.000284705,0.000282391,0.000279994,0.000277505,0.000274912,0.000272203,0.000269363,0.000266373,0.000263212,0.000259851,0.000256259,0.000252395,0.000248212,0.000243658,0.000238693,0.00023333,0.000227722,0.000222223,0.000217245,0.000212997,0.000209454,0.000206496,0.000204,0.000201862,0.000200007,0.000198377,0.000196929,0.000195629,0.000194452,0.000193378,0.000192392,0.000191481,0.000190635,0.000189846,0.000189106,0.00018841,0.000187754,0.000187132,0.000186541,0.000185979,0.000185442,0.000184929,0.000184437,0.000183965,0.000183511,0.000183074,0.000182652,0.000182245,0.000181851,0.000181469,0.0001811,0.000180741,0.000180392,0.000180053,0.000179724,0.000179403,0.00017909,0.000178785,0.000178487,0.000178196,0.000177912,0.000177634,0.000177362,0.000177096,0.000176835,0.000176579,0.000176329,0.000176083,0.000175842,0.000175606,0.000175373,0.000175145,0.000174921,0.0001747,0.000174483,0.00017427,0.00017406,0.000173853,0.00017365,0.000173449,0.000173252
0.000321095,0.000319587,0.000318059,0.000316508,0.000314935,0.000313339,0.000311717,0.000310068,0.000308391,0.000306684,0.000304946,0.000303174,0.000301366,0.000299519,0.000297631,0.000295698,0.000293718,0.000291687,0.000289599,0.00028745,0.000285234,0.000282946,0.000280576,0.000278118,0.00027556,0.00027289,0.000270094,0.000267156,0.000264055,0.000260765,0.000257256,0.000253492,0.000249429,0.000245016,0.000240212,0.000235007,0.000229501,0.000223978,0.000218847,0.000214391,0.00021065,0.000207525,0.000204894,0.000202649,0.000200708,0.000199007,0.0001975,0.000196152,0.000194934,0.000193826,0.00019281,0.000191874,0.000191005,0.000190196,0.000189439,0.000188727,0.000188056,0.000187421,0.000186819,0.000186247,0.0001857,0.000185179,0.000184679,0.000184199,0.000183739,0.000183295,0.000182867,0.000182454,0.000182055,0.000181669,0.000181295,0.000180932,0.000180579,0.000180236,0.000179903,0.000179579,0.000179263,0.000178954,0.000178654,0.00017836,0.000178073,0.000177793,0.000177518,0.00017725,0.000176987,0.000176729,0.000176477,0.000176229,0.000175986,0.000175748,0.000175514,0.000175284,0.000175058,0.000174836,0.000174617,0.000174402,0.000174191,0.000173983,0.000173778,0.000173576,0.000173378
0.000321391,0.000319889,0.000318367,0.000316823,0.000315257,0.000313667,0.000312053,0.000310412,0.000308744,0.000307047,0.000305318,0.000303556,0.000301759,0.000299924,0.000298049,0.000296131,0.000294166,0.000292151,0.000290081,0.000287951,0.000285757,0.000283493,0.00028115,0.000278721,0.000276196,0.000273564,0.000270811,0.000267922,0.000264877,0.000261654,0.000258224,0.000254554,0.000250601,0.000246322,0.00024167,0.000236623,0.00023124,0.000225737,0.000220493,0.000215844,0.000211901,0.000208601,0.000205827,0.000203468,0.000201434,0.000199659,0.000198091,0.000196691,0.00019543,0.000194286,0.000193239,0.000192275,0.000191383,0.000190553,0.000189777,0.000189049,0.000188363,0.000187716,0.000187102,0.000186518,0.000185962,0.000185431,0.000184923,0.000184436,0.000183968,0.000183518,0.000183084,0.000182666,0.000182262,0.00018187,0.000181491,0.000181124,0.000180767,0.000180421,0.000180084,0.000179756,0.000179437,0.000179125,0.000178822,0.000178525,0.000178235,0.000177952,0.000177676,0.000177405,0.00017714,0.00017688,0.000176625,0.000176376,0.000176131,0.000175891,0.000175655,0.000175423,0.000175195,0.000174972,0.000174752,0.000174536,0.000174323,0.000174113,0.000173907,0.000173704,0.000173504
0.000321686,0.00032019,0.000318673,0.000317136,0.000315576,0.000313994,0.000312387,0.000310755,0.000309095,0.000307406,0.000305687,0.000303936,0.000302149,0.000300326,0.000298464,0.000296559,0.000294609,0.00029261,0.000290557,0.000288447,0.000286274,0.000284032,0.000281715,0.000279314,0.000276821,0.000274225,0.000271513,0.000268671,0.000265681,0.000262521,0.000259165,0.000255582,0.000251734,0.000247578,0.00024307,0.000238179,0.000232932,0.000227486,0.000222171,0.00021735,0.000213208,0.000209726,0.000206802,0.00020432,0.000202189,0.000200333,0.0001987,0.000197246,0.00019594,0.000194757,0.000193677,0.000192685,0.000191768,0.000190916,0.000190122,0.000189377,0.000188676,0.000188015,0.000187388,0.000186794,0.000186228,0.000185687,0.000185171,0.000184676,0.000184201,0.000183744,0.000183304,0.00018288,0.00018247,0.000182073,0.00018169,0.000181318,0.000180957,0.000180607,0.000180266,0.000179934,0.000179612,0.000179297,0.00017899,0.000178691,0.000178399,0.000178113,0.000177834,0.000177561,0.000177293,0.000177031,0.000176775,0.000176523,0.000176276,0.000176034,0.000175796,0.000175563,0.000175334,0.000175108,0.000174887,0.000174669,0.000174455,0.000174244,0.000174037,0.000173832,0.000173631
0.000321979,0.000320488,0.000318978,0.000317447,0.000315894,0.000314319,0.000312719,0.000311095,0.000309443,0.000307763,0.000306054,0.000304312,0.000302537,0.000300725,0.000298875,0.000296984,0.000295048,0.000293064,0.000291028,0.000288937,0.000286784,0.000284564,0.000282272,0.000279899,0.000277436,0.000274875,0.000272203,0.000269405,0.000266466,0.000263366,0.00026008,0.000256579,0.000252829,0.000248789,0.000244416,0.000239675,0.000234571,0.000229212,0.000223868,0.000218905,0.00021457,0.000210902,0.000207819,0.000205208,0.000202972,0.000201032,0.00019933,0.000197818,0.000196464,0.000195241,0.000194126,0.000193104,0.000192162,0.000191287,0.000190473,0.00018971,0.000188994,0.000188318,0.000187679,0.000187073,0.000186496,0.000185947,0.000185421,0.000184918,0.000184436,0.000183972,0.000183526,0.000183095,0.00018268,0.000182278,0.00018189,0.000181513,0.000181148,0.000180794,0.000180449,0.000180114,0.000179788,0.00017947,0.000179161,0.000178858,0.000178563,0.000178275,0.000177993,0.000177717,0.000177448,0.000177183,0.000176925,0.000176671,0.000176422,0.000176178,0.000175939,0.000175704,0.000175473,0.000175246,0.000175023,0.000174803,0.000174588,0.000174376,0.000174167,0.000173961,0.000173759
0.000322271,0.000320786,0.000319281,0.000317756,0.00031621,0.000314642,0.000313049,0.000311432,0.000309789,0.000308118,0.000306417,0.000304686,0.000302921,0.000301121,0.000299283,0.000297404,0.000295482,0.000293513,0.000291494,0.000289421,0.000287288,0.00028509,0.000282821,0.000280475,0.000278042,0.000275514,0.000272879,0.000270124,0.000267234,0.000264191,0.00026097,0.000257547,0.000253889,0.000249957,0.000245711,0.000241114,0.000236155,0.000230903,0.00022557,0.000220499,0.000215985,0.00021213,0.000208881,0.000206134,0.000203787,0.000201757,0.000199981,0.000198409,0.000197004,0.000195738,0.000194587,0.000193534,0.000192564,0.000191666,0.000190831,0.00019005,0.000189317,0.000188627,0.000187975,0.000187356,0.000186769,0.000186209,0.000185675,0.000185164,0.000184673,0.000184203,0.00018375,0.000183313,0.000182892,0.000182485,0.000182092,0.000181711,0.000181341,0.000180983,0.000180634,0.000180295,0.000179966,0.000179645,0.000179332,0.000179026,0.000178728,0.000178437,0.000178153,0.000177875,0.000177603,0.000177336,0.000177075,0.00017682,0.000176569,0.000176323,0.000176082,0.000175845,0.000175612,0.000175384,0.000175159,0.000174938,0.000174721,0.000174507,0.000174297,0.00017409,0.000173886
0.000322561,0.000321081,0.000319583,0.000318064,0.000316524,0.000314962,0.000313377,0.000311768,0.000310133,0.00030847,0.000306779,0.000305057,0.000303302,0.000301513,0.000299686,0.000297821,0.000295912,0.000293959,0.000291956,0.000289899,0.000287785,0.000285609,0.000283363,0.000281042,0.000278638,0.000276142,0.000273543,0.00027083,0.000267986,0.000264996,0.000261839,0.000258488,0.000254916,0.000251086,0.00024696,0.000242499,0.000237684,0.000232552,0.000227264,0.000222123,0.00021745,0.00021341,0.00020999,0.000207098,0.000204634,0.000202508,0.000200654,0.000199018,0.00019756,0.000196248,0.000195059,0.000193973,0.000192975,0.000192053,0.000191196,0.000190396,0.000189646,0.00018894,0.000188274,0.000187644,0.000187045,0.000186475,0.000185932,0.000185412,0.000184914,0.000184436,0.000183976,0.000183533,0.000183106,0.000182694,0.000182295,0.00018191,0.000181536,0.000181173,0.00018082,0.000180478,0.000180145,0.00017982,0.000179504,0.000179196,0.000178895,0.000178601,0.000178314,0.000178033,0.000177759,0.00017749,0.000177227,0.000176969,0.000176716,0.000176469,0.000176225,0.000175987,0.000175752,0.000175522,0.000175296,0.000175074,0.000174855,0.00017464,0.000174428,0.00017422,0.000174015
0.00032285,0.000321376,0.000319883,0.00031837,0.000316837,0.000315281,0.000313704,0.000312102,0.000310474,0.00030882,0.000307137,0.000305425,0.00030368,0.000301902,0.000300087,0.000298234,0.000296339,0.000294399,0.000292412,0.000290373,0.000288277,0.000286121,0.000283898,0.000281602,0.000279225,0.00027676,0.000274196,0.000271521,0.000268723,0.000265784,0.000262685,0.000259404,0.000255912,0.000252178,0.000248164,0.000243832,0.000239157,0.000234154,0.000228938,0.000223764,0.000218959,0.00021474,0.000211146,0.000208104,0.000205515,0.000203288,0.000201351,0.000199647,0.000198132,0.000196774,0.000195544,0.000194424,0.000193396,0.000192448,0.000191568,0.000190748,0.00018998,0.000189259,0.000188579,0.000187936,0.000187326,0.000186745,0.000186192,0.000185663,0.000185157,0.000184671,0.000184205,0.000183756,0.000183323,0.000182905,0.000182501,0.00018211,0.000181732,0.000181364,0.000181008,0.000180662,0.000180325,0.000179997,0.000179677,0.000179366,0.000179062,0.000178766,0.000178476,0.000178193,0.000177916,0.000177645,0.000177379,0.000177119,0.000176865,0.000176615,0.00017637,0.000176129,0.000175893,0.000175661,0.000175433,0.000175209,0.000174989,0.000174773,0.00017456,0.00017435,0.000174144
0.000323137,0.000321668,0.000320181,0.000318674,0.000317147,0.000315599,0.000314028,0.000312433,0.000310813,0.000309167,0.000307493,0.00030579,0.000304055,0.000302288,0.000300484,0.000298643,0.000296761,0.000294836,0.000292864,0.000290841,0.000288764,0.000286627,0.000284426,0.000282154,0.000279804,0.000277368,0.000274837,0.0002722,0.000269444,0.000266554,0.000263512,0.000260296,0.000256881,0.000253236,0.000249327,0.000245117,0.000240577,0.000235707,0.000230583,0.000225412,0.000220504,0.00021612,0.00021235,0.000209152,0.000206432,0.000204098,0.000202073,0.000200297,0.000198723,0.000197314,0.000196042,0.000194886,0.000193827,0.000192851,0.000191948,0.000191107,0.000190321,0.000189583,0.000188889,0.000188232,0.00018761,0.000187019,0.000186455,0.000185918,0.000185403,0.00018491,0.000184436,0.00018398,0.000183541,0.000183118,0.000182708,0.000182313,0.000181929,0.000181558,0.000181197,0.000180847,0.000180506,0.000180175,0.000179852,0.000179538,0.000179231,0.000178931,0.000178639,0.000178353,0.000178074,0.0001778,0.000177533,0.00017727,0.000177014,0.000176762,0.000176515,0.000176272,0.000176035,0.000175801,0.000175571,0.000175346,0.000175124,0.000174906,0.000174692,0.000174481,0.000174273
0.000323423,0.00032196,0.000320478,0.000318977,0.000317456,0.000315914,0.00031435,0.000312762,0.00031115,0.000309512,0.000307847,0.000306153,0.000304428,0.00030267,0.000300878,0.000299049,0.00029718,0.000295268,0.000293311,0.000291304,0.000289245,0.000287127,0.000284947,0.000282698,0.000280374,0.000277967,0.000275468,0.000272867,0.000270152,0.000267308,0.000264319,0.000261165,0.000257822,0.000254261,0.000250451,0.000246356,0.000241945,0.000237208,0.000232191,0.000227054,0.000222077,0.000217545,0.000213603,0.000210244,0.000207386,0.000204939,0.000202822,0.000200969,0.000199332,0.00019787,0.000196553,0.000195359,0.000194267,0.000193264,0.000192336,0.000191473,0.000190668,0.000189913,0.000189203,0.000188533,0.000187899,0.000187296,0.000186722,0.000186175,0.000185652,0.000185151,0.00018467,0.000184207,0.000183762,0.000183332,0.000182918,0.000182517,0.000182129,0.000181753,0.000181388,0.000181034,0.000180689,0.000180354,0.000180028,0.00017971,0.0001794,0.000179098,0.000178803,0.000178514,0.000178232,0.000177957,0.000177687,0.000177422,0.000177163,0.000176909,0.000176661,0.000176416,0.000176177,0.000175941,0.00017571,0.000175483,0.00017526,0.00017504,0.000174824,0.000174612,0.000174403
0.000323707,0.000322249,0.000320773,0.000319278,0.000317763,0.000316228,0.00031467,0.00031309,0.000311485,0.000309855,0.000308198,0.000306513,0.000304798,0.00030305,0.000301269,0.000299451,0.000297594,0.000295696,0.000293754,0.000291763,0.00028972,0.000287621,0.000285462,0.000283235,0.000280936,0.000278556,0.000276088,0.000273522,0.000270846,0.000268047,0.000265109,0.000262013,0.000258738,0.000255257,0.00025154,0.000247553,0.000243265,0.000238658,0.000233756,0.000228679,0.000223667,0.000219011,0.000214903,0.00021138,0.00020838,0.000205814,0.000203598,0.000201665,0.00019996,0.000198442,0.000197079,0.000195845,0.000194719,0.000193686,0.000192732,0.000191847,0.000191022,0.000190249,0.000189523,0.000188839,0.000188191,0.000187577,0.000186993,0.000186436,0.000185904,0.000185395,0.000184906,0.000184437,0.000183985,0.000183549,0.000183129,0.000182723,0.00018233,0.000181949,0.00018158,0.000181222,0.000180873,0.000180535,0.000180205,0.000179884,0.000179571,0.000179266,0.000178968,0.000178677,0.000178392,0.000178114,0.000177842,0.000177575,0.000177314,0.000177058,0.000176807,0.000176561,0.000176319,0.000176082,0.000175849,0.000175621,0.000175396,0.000175175,0.000174957,0.000174743,0.000174533
0.000323991,0.000322538,0.000321067,0.000319578,0.000318069,0.000316539,0.000314989,0.000313415,0.000311818,0.000310196,0.000308547,0.000306871,0.000305165,0.000303427,0.000301656,0.00029985,0.000298005,0.00029612,0.000294192,0.000292217,0.000290191,0.00028811,0.00028597,0.000283765,0.00028149,0.000279137,0.000276699,0.000274166,0.000271527,0.000268771,0.000265881,0.000262841,0.000259631,0.000256225,0.000252595,0.00024871,0.000244539,0.000240058,0.000235277,0.000230279,0.000225263,0.00022051,0.000216249,0.000212562,0.000209414,0.000206722,0.000204403,0.000202384,0.000200609,0.000199032,0.00019762,0.000196343,0.000195182,0.000194117,0.000193136,0.000192228,0.000191382,0.000190591,0.000189849,0.000189149,0.000188489,0.000187862,0.000187267,0.000186701,0.000186159,0.000185642,0.000185145,0.000184669,0.00018421,0.000183768,0.000183342,0.000182931,0.000182533,0.000182147,0.000181774,0.000181411,0.000181059,0.000180717,0.000180384,0.000180059,0.000179743,0.000179435,0.000179134,0.00017884,0.000178553,0.000178272,0.000177997,0.000177728,0.000177465,0.000177207,0.000176954,0.000176706,0.000176463,0.000176224,0.000175989,0.000175759,0.000175532,0.00017531,0.000175091,0.000174876,0.000174664
0.000324272,0.000322825,0.000321359,0.000319876,0.000318373,0.000316849,0.000315305,0.000313739,0.000312149,0.000310534,0.000308894,0.000307226,0.000305529,0.000303801,0.000302041,0.000300245,0.000298413,0.000296541,0.000294626,0.000292666,0.000290656,0.000288593,0.000286472,0.000284289,0.000282037,0.00027971,0.0002773,0.000274799,0.000272196,0.00026948,0.000266637,0.00026365,0.000260501,0.000257166,0.000253619,0.00024983,0.000245769,0.000241409,0.00023675,0.000231846,0.000226856,0.000222035,0.000217636,0.000213789,0.000210489,0.000207666,0.000205238,0.000203129,0.000201279,0.000199641,0.000198176,0.000196855,0.000195656,0.000194559,0.00019355,0.000192617,0.000191749,0.000190939,0.00019018,0.000189465,0.000188791,0.000188152,0.000187546,0.000186968,0.000186418,0.000185891,0.000185387,0.000184903,0.000184438,0.00018399,0.000183558,0.000183141,0.000182738,0.000182347,0.000181969,0.000181602,0.000181246,0.0001809,0.000180563,0.000180235,0.000179916,0.000179605,0.000179301,0.000179004,0.000178714,0.000178431,0.000178154,0.000177883,0.000177617,0.000177357,0.000177102,0.000176852,0.000176607,0.000176366,0.00017613,0.000175898,0.00017567,0.000175445,0.000175225,0.000175008,0.000174795
0.000324553,0.00032311,0.00032165,0.000320172,0.000318675,0.000317158,0.00031562,0.00031406,0.000312477,0.00031087,0.000309238,0.000307579,0.000305891,0.000304172,0.000302422,0.000300638,0.000298817,0.000296957,0.000295056,0.00029311,0.000291116,0.000289071,0.000286969,0.000284806,0.000282576,0.000280274,0.000277892,0.000275422,0.000272854,0.000270177,0.000267378,0.000264441,0.00026135,0.000258082,0.000254613,0.000250915,0.000246958,0.000242715,0.000238176,0.000233376,0.000228434,0.000223575,0.00021906,0.000215059,0.000211606,0.000208648,0.000206105,0.000203901,0.000201972,0.000200268,0.000198748,0.000197381,0.000196142,0.000195011,0.000193973,0.000193014,0.000192124,0.000191294,0.000190516,0.000189786,0.000189097,0.000188446,0.000187828,0.00018724,0.00018668,0.000186144,0.000185632,0.00018514,0.000184668,0.000184213,0.000183775,0.000183353,0.000182944,0.000182549,0.000182166,0.000181795,0.000181435,0.000181085,0.000180744,0.000180413,0.00018009,0.000179776,0.000179469,0.000179169,0.000178877,0.000178591,0.000178311,0.000178038,0.00017777,0.000177508,0.000177251,0.000176999,0.000176751,0.000176509,0.000176271,0.000176037,0.000175807,0.000175582,0.00017536,0.000175141,0.000174927
0.000324832,0.000323395,0.00032194,0.000320467,0.000318976,0.000317465,0.000315933,0.00031438,0.000312804,0.000311205,0.00030958,0.000307929,0.00030625,0.000304541,0.000302801,0.000301027,0.000299218,0.00029737,0.000295482,0.000293551,0.000291572,0.000289543,0.000287459,0.000285316,0.000283109,0.000280831,0.000278475,0.000276035,0.0002735,0.00027086,0.000268103,0.000265215,0.000262179,0.000258975,0.000255579,0.000251967,0.000248108,0.000243977,0.000239556,0.000234865,0.000229991,0.000225123,0.000220516,0.000216372,0.000212765,0.000209667,0.000207004,0.0002047,0.000202689,0.000200916,0.000199338,0.000197922,0.000196641,0.000195475,0.000194405,0.000193419,0.000192506,0.000191655,0.000190859,0.000190112,0.000189409,0.000188744,0.000188114,0.000187515,0.000186945,0.0001864,0.000185879,0.00018538,0.0001849,0.000184439,0.000183995,0.000183566,0.000183153,0.000182752,0.000182365,0.000181989,0.000181625,0.000181271,0.000180926,0.000180592,0.000180265,0.000179948,0.000179638,0.000179336,0.00017904,0.000178752,0.00017847,0.000178194,0.000177924,0.000177659,0.0001774,0.000177146,0.000176897,0.000176652,0.000176413,0.000176177,0.000175946,0.000175718,0.000175495,0.000175275,0.000175059
0.00032511,0.000323677,0.000322228,0.00032076,0.000319275,0.00031777,0.000316244,0.000314698,0.000313129,0.000311537,0.00030992,0.000308277,0.000306606,0.000304907,0.000303176,0.000301413,0.000299615,0.00029778,0.000295904,0.000293987,0.000292023,0.000290011,0.000287945,0.000285821,0.000283635,0.00028138,0.00027905,0.000276638,0.000274135,0.000271531,0.000268815,0.000265973,0.000262989,0.000259845,0.00025652,0.000252988,0.000249222,0.000245196,0.000240891,0.00023631,0.000231518,0.000226668,0.000221995,0.000217723,0.000213967,0.000210725,0.000207938,0.000205529,0.00020343,0.000201584,0.000199945,0.000198478,0.000197153,0.00019595,0.000194848,0.000193834,0.000192896,0.000192023,0.000191208,0.000190444,0.000189725,0.000189047,0.000188404,0.000187794,0.000187213,0.000186659,0.00018613,0.000185622,0.000185135,0.000184667,0.000184217,0.000183782,0.000183363,0.000182958,0.000182565,0.000182185,0.000181816,0.000181458,0.00018111,0.000180772,0.000180442,0.000180121,0.000179808,0.000179503,0.000179205,0.000178914,0.000178629,0.000178351,0.000178078,0.000177811,0.00017755,0.000177294,0.000177043,0.000176797,0.000176555,0.000176318,0.000176085,0.000175856,0.000175631,0.000175409,0.000175192
0.000325387,0.000323959,0.000322514,0.000321052,0.000319572,0.000318073,0.000316554,0.000315014,0.000313452,0.000311867,0.000310257,0.000308622,0.00030696,0.00030527,0.000303549,0.000301796,0.000300009,0.000298185,0.000296323,0.000294419,0.00029247,0.000290473,0.000288424,0.000286319,0.000284154,0.000281921,0.000279617,0.000277232,0.00027476,0.000272191,0.000269513,0.000266715,0.000263782,0.000260695,0.000257436,0.00025398,0.000250303,0.000246377,0.000242181,0.000237713,0.000233013,0.000228202,0.000223489,0.000219108,0.000215209,0.000211823,0.000208907,0.000206388,0.000204197,0.000202274,0.000200571,0.00019905,0.00019768,0.000196436,0.000195301,0.000194258,0.000193294,0.000192399,0.000191564,0.000190782,0.000190047,0.000189354,0.000188699,0.000188077,0.000187486,0.000186922,0.000186383,0.000185868,0.000185373,0.000184898,0.000184441,0.000184001,0.000183575,0.000183165,0.000182767,0.000182382,0.000182009,0.000181647,0.000181295,0.000180953,0.00018062,0.000180296,0.00017998,0.000179671,0.00017937,0.000179076,0.000178789,0.000178508,0.000178234,0.000177965,0.000177701,0.000177443,0.00017719,0.000176942,0.000176698,0.000176459,0.000176224,0.000175994,0.000175767,0.000175544,0.000175325
0.000325662,0.000324239,0.0003228,0.000321343,0.000319868,0.000318375,0.000316862,0.000315328,0.000313773,0.000312195,0.000310593,0.000308966,0.000307312,0.00030563,0.000303919,0.000302176,0.0003004,0.000298588,0.000296737,0.000294847,0.000292912,0.000290931,0.000288899,0.000286812,0.000284666,0.000282456,0.000280175,0.000277818,0.000275375,0.000272839,0.000270199,0.000267443,0.000264557,0.000261525,0.000258328,0.000254945,0.000251351,0.00024752,0.00024343,0.000239072,0.00023447,0.000229716,0.000224991,0.000220522,0.000216489,0.000212961,0.000209912,0.000207279,0.000204991,0.000202988,0.000201217,0.000199639,0.00019822,0.000196936,0.000195765,0.000194691,0.0001937,0.000192782,0.000191926,0.000191126,0.000190374,0.000189667,0.000188998,0.000188364,0.000187762,0.000187188,0.00018664,0.000186116,0.000185614,0.000185131,0.000184668,0.000184221,0.00018379,0.000183374,0.000182971,0.000182581,0.000182204,0.000181837,0.000181481,0.000181136,0.000180799,0.000180471,0.000180152,0.000179841,0.000179537,0.00017924,0.00017895,0.000178667,0.00017839,0.000178118,0.000177853,0.000177592,0.000177337,0.000177087,0.000176842,0.000176601,0.000176364,0.000176132,0.000175904,0.000175679,0.000175459
0.000325937,0.000324518,0.000323084,0.000321632,0.000320163,0.000318675,0.000317168,0.00031564,0.000314092,0.000312521,0.000310926,0.000309307,0.000307661,0.000305989,0.000304286,0.000302553,0.000300787,0.000298987,0.000297148,0.000295271,0.00029335,0.000291384,0.000289368,0.000287299,0.000285173,0.000282984,0.000280727,0.000278395,0.000275981,0.000273477,0.000270872,0.000268157,0.000265316,0.000262337,0.000259199,0.000255884,0.000252369,0.000248628,0.000244639,0.000240388,0.000235888,0.000231206,0.00022649,0.000221957,0.000217806,0.000214137,0.000210954,0.000208202,0.000205813,0.000203725,0.000201883,0.000200245,0.000198776,0.000197448,0.00019624,0.000195134,0.000194115,0.000193172,0.000192295,0.000191476,0.000190707,0.000189984,0.000189302,0.000188655,0.000188041,0.000187457,0.0001869,0.000186367,0.000185857,0.000185367,0.000184896,0.000184443,0.000184006,0.000183585,0.000183177,0.000182782,0.0001824,0.000182029,0.000181669,0.00018132,0.000180979,0.000180648,0.000180326,0.000180011,0.000179704,0.000179405,0.000179112,0.000178826,0.000178547,0.000178273,0.000178005,0.000177743,0.000177486,0.000177233,0.000176986,0.000176743,0.000176505,0.000176271,0.000176041,0.000175815,0.000175593
0.00032621,0.000324796,0.000323366,0.00032192,0.000320456,0.000318974,0.000317472,0.000315951,0.000314409,0.000312845,0.000311257,0.000309646,0.000308008,0.000306344,0.000304651,0.000302928,0.000301172,0.000299382,0.000297556,0.000295691,0.000293784,0.000291832,0.000289832,0.000287781,0.000285673,0.000283505,0.00028127,0.000278963,0.000276577,0.000274104,0.000271534,0.000268857,0.00026606,0.00026313,0.000260049,0.000256799,0.000253359,0.000249703,0.00024581,0.000241664,0.000237266,0.000232666,0.000227981,0.000223408,0.000219153,0.000215352,0.000212033,0.000209159,0.000206665,0.000204487,0.000202571,0.00020087,0.000199347,0.000197974,0.000196728,0.000195588,0.00019454,0.000193571,0.000192672,0.000191832,0.000191046,0.000190307,0.00018961,0.000188951,0.000188325,0.00018773,0.000187163,0.000186621,0.000186103,0.000185605,0.000185128,0.000184668,0.000184225,0.000183797,0.000183384,0.000182985,0.000182598,0.000182223,0.000181859,0.000181505,0.000181161,0.000180826,0.0001805,0.000180183,0.000179873,0.000179571,0.000179275,0.000178987,0.000178705,0.000178429,0.000178159,0.000177894,0.000177635,0.00017738,0.000177131,0.000176887,0.000176647,0.000176411,0.000176179,0.000175952,0.000175728
0.000326481,0.000325072,0.000323647,0.000322206,0.000320747,0.000319271,0.000317775,0.00031626,0.000314724,0.000313167,0.000311587,0.000309983,0.000308353,0.000306697,0.000305013,0.000303299,0.000301554,0.000299775,0.00029796,0.000296107,0.000294213,0.000292276,0.000290292,0.000288257,0.000286168,0.00028402,0.000281807,0.000279524,0.000277165,0.000274721,0.000272184,0.000269544,0.000266789,0.000263907,0.00026088,0.000257692,0.000254322,0.000250747,0.000246946,0.000242899,0.000238604,0.000234092,0.000229456,0.000224865,0.000220527,0.000216602,0.000213149,0.000210149,0.000207546,0.000205275,0.000203281,0.000201513,0.000199935,0.000198515,0.000197227,0.000196052,0.000194974,0.000193979,0.000193055,0.000192195,0.000191391,0.000190635,0.000189923,0.000189251,0.000188613,0.000188007,0.00018743,0.000186879,0.000186352,0.000185846,0.000185361,0.000184895,0.000184446,0.000184012,0.000183594,0.000183189,0.000182797,0.000182418,0.000182049,0.000181692,0.000181344,0.000181006,0.000180676,0.000180356,0.000180043,0.000179738,0.000179439,0.000179148,0.000178864,0.000178585,0.000178313,0.000178046,0.000177784,0.000177528,0.000177277,0.000177031,0.000176789,0.000176551,0.000176318,0.000176089,0.000175864
0.000326752,0.000325348,0.000323927,0.000322491,0.000321038,0.000319566,0.000318077,0.000316568,0.000315038,0.000313487,0.000311914,0.000310317,0.000308696,0.000307048,0.000305373,0.000303668,0.000301932,0.000300164,0.00029836,0.00029652,0.000294639,0.000292716,0.000290747,0.000288729,0.000286657,0.000284528,0.000282337,0.000280078,0.000277744,0.000275329,0.000272824,0.000270219,0.000267505,0.000264667,0.000261692,0.000258562,0.000255259,0.000251762,0.000248047,0.000244097,0.000239902,0.000235483,0.000230908,0.000226322,0.000221922,0.000217885,0.000214301,0.000211175,0.000208458,0.000206091,0.000204014,0.000202177,0.00020054,0.00019907,0.00019774,0.000196528,0.000195418,0.000194395,0.000193447,0.000192565,0.000191742,0.000190969,0.000190242,0.000189555,0.000188905,0.000188288,0.0001877,0.000187139,0.000186604,0.00018609,0.000185598,0.000185124,0.000184669,0.000184229,0.000183805,0.000183395,0.000182999,0.000182614,0.000182242,0.00018188,0.000181528,0.000181187,0.000180854,0.00018053,0.000180214,0.000179905,0.000179605,0.000179311,0.000179023,0.000178742,0.000178468,0.000178199,0.000177935,0.000177677,0.000177423,0.000177175,0.000176931,0.000176692,0.000176457,0.000176226,0.000176
0.000327021,0.000325621,0.000324206,0.000322775,0.000321326,0.00031986,0.000318376,0.000316873,0.00031535,0.000313806,0.000312239,0.00031065,0.000309036,0.000307396,0.00030573,0.000304034,0.000302308,0.00030055,0.000298758,0.000296929,0.000295061,0.000293151,0.000291197,0.000289195,0.000287141,0.000285031,0.00028286,0.000280623,0.000278315,0.000275927,0.000273453,0.000270883,0.000268206,0.000265412,0.000262486,0.000259413,0.000256173,0.000252748,0.000249116,0.000245258,0.000241162,0.000236836,0.000232334,0.000227772,0.000223331,0.000219197,0.000215489,0.000212235,0.000209402,0.000206934,0.000204771,0.000202862,0.000201163,0.000199641,0.000198266,0.000197016,0.000195872,0.00019482,0.000193847,0.000192943,0.000192099,0.000191308,0.000190565,0.000189864,0.000189201,0.000188572,0.000187974,0.000187403,0.000186859,0.000186337,0.000185837,0.000185356,0.000184894,0.000184449,0.000184019,0.000183603,0.000183202,0.000182813,0.000182436,0.00018207,0.000181714,0.000181369,0.000181032,0.000180705,0.000180386,0.000180074,0.000179771,0.000179474,0.000179184,0.000178901,0.000178623,0.000178352,0.000178086,0.000177826,0.000177571,0.00017732,0.000177075,0.000176834,0.000176597,0.000176365,0.000176136
0.00032729,0.000325894,0.000324483,0.000323057,0.000321614,0.000320153,0.000318675,0.000317177,0.00031566,0.000314122,0.000312563,0.00031098,0.000309374,0.000307742,0.000306084,0.000304398,0.000302681,0.000300933,0.000299152,0.000297334,0.000295479,0.000293583,0.000291643,0.000289656,0.000287619,0.000285528,0.000283377,0.000281162,0.000278878,0.000276517,0.000274072,0.000271535,0.000268895,0.000266143,0.000263264,0.000260243,0.000257065,0.000253709,0.000250156,0.000246385,0.000242384,0.000238153,0.00023373,0.000229208,0.000224747,0.000220533,0.00021671,0.00021333,0.000210379,0.000207806,0.000205553,0.000203568,0.000201805,0.000200227,0.000198806,0.000197515,0.000196337,0.000195254,0.000194255,0.000193327,0.000192463,0.000191654,0.000190894,0.000190179,0.000189502,0.000188861,0.000188251,0.000187671,0.000187117,0.000186587,0.000186078,0.000185591,0.000185122,0.00018467,0.000184234,0.000183813,0.000183407,0.000183013,0.000182631,0.000182261,0.000181901,0.000181552,0.000181212,0.000180881,0.000180559,0.000180244,0.000179938,0.000179638,0.000179346,0.00017906,0.00017878,0.000178506,0.000178238,0.000177976,0.000177719,0.000177466,0.000177219,0.000176976,0.000176738,0.000176503,0.000176273
0.000327557,0.000326166,0.00032476,0.000323338,0.0003219,0.000320444,0.000318971,0.00031748,0.000315969,0.000314437,0.000312884,0.000311309,0.00030971,0.000308086,0.000306436,0.000304758,0.000303052,0.000301314,0.000299543,0.000297737,0.000295893,0.00029401,0.000292085,0.000290113,0.000288092,0.000286019,0.000283887,0.000281694,0.000279433,0.000277098,0.000274681,0.000272176,0.000269572,0.000266859,0.000264025,0.000261056,0.000257935,0.000254645,0.000251166,0.000247479,0.000243569,0.000239432,0.000235093,0.000230624,0.000226163,0.000221889,0.000217961,0.000214459,0.000211388,0.000208707,0.000206361,0.000204296,0.000202466,0.000200831,0.00019936,0.000198028,0.000196813,0.000195699,0.000194671,0.00019372,0.000192834,0.000192006,0.000191229,0.000190498,0.000189807,0.000189153,0.000188533,0.000187942,0.000187378,0.000186839,0.000186323,0.000185828,0.000185352,0.000184893,0.000184452,0.000184025,0.000183613,0.000183214,0.000182828,0.000182454,0.00018209,0.000181737,0.000181393,0.000181059,0.000180733,0.000180416,0.000180106,0.000179804,0.000179508,0.00017922,0.000178938,0.000178662,0.000178391,0.000178127,0.000177867,0.000177613,0.000177364,0.000177119,0.000176879,0.000176643,0.000176411
0.000327823,0.000326436,0.000325034,0.000323617,0.000322184,0.000320734,0.000319266,0.00031778,0.000316275,0.00031475,0.000313204,0.000311635,0.000310044,0.000308428,0.000306786,0.000305117,0.000303419,0.000301691,0.00029993,0.000298136,0.000296304,0.000294434,0.000292522,0.000290565,0.000288561,0.000286504,0.000284392,0.000282219,0.000279981,0.00027767,0.000275282,0.000272807,0.000270237,0.000267563,0.000264771,0.00026185,0.000258785,0.000255557,0.000252149,0.000248543,0.00024472,0.000240676,0.000236423,0.000232017,0.000227573,0.000223258,0.000219239,0.000215621,0.00021243,0.000209639,0.000207196,0.000205048,0.000203147,0.000201452,0.00019993,0.000198553,0.0001973,0.000196153,0.000195097,0.00019412,0.000193212,0.000192364,0.000191569,0.000190822,0.000190117,0.000189451,0.000188818,0.000188216,0.000187643,0.000187095,0.00018657,0.000186067,0.000185584,0.000185119,0.000184671,0.000184239,0.000183822,0.000183418,0.000183027,0.000182648,0.00018228,0.000181923,0.000181575,0.000181238,0.000180908,0.000180588,0.000180275,0.00017997,0.000179672,0.000179381,0.000179096,0.000178818,0.000178545,0.000178278,0.000178017,0.00017776,0.000177509,0.000177262,0.00017702,0.000176783,0.000176549
0.000328088,0.000326705,0.000325308,0.000323896,0.000322467,0.000321022,0.00031956,0.00031808,0.00031658,0.000315061,0.000313522,0.00031196,0.000310376,0.000308767,0.000307133,0.000305473,0.000303784,0.000302065,0.000300315,0.000298531,0.000296711,0.000294854,0.000292955,0.000291013,0.000289024,0.000286984,0.000284891,0.000282738,0.000280521,0.000278235,0.000275873,0.000273428,0.000270891,0.000268253,0.000265503,0.000262629,0.000259615,0.000256447,0.000253107,0.000249576,0.000245838,0.000241883,0.000237718,0.000233382,0.000228971,0.000224634,0.000220539,0.000216813,0.000213504,0.000210601,0.000208058,0.000205824,0.000203849,0.000202091,0.000200515,0.000199093,0.0001978,0.000196618,0.000195532,0.000194529,0.000193597,0.000192728,0.000191916,0.000191152,0.000190432,0.000189752,0.000189107,0.000188494,0.000187911,0.000187353,0.00018682,0.000186309,0.000185819,0.000185347,0.000184893,0.000184455,0.000184032,0.000183623,0.000183227,0.000182844,0.000182472,0.00018211,0.000181759,0.000181418,0.000181085,0.000180761,0.000180445,0.000180137,0.000179836,0.000179543,0.000179255,0.000178974,0.0001787,0.00017843,0.000178167,0.000177908,0.000177655,0.000177407,0.000177163,0.000176923,0.000176688
0.000328351,0.000326973,0.000325581,0.000324173,0.000322749,0.000321309,0.000319852,0.000318378,0.000316884,0.000315371,0.000313838,0.000312283,0.000310705,0.000309104,0.000307478,0.000305826,0.000304146,0.000302437,0.000300697,0.000298924,0.000297115,0.00029527,0.000293384,0.000291456,0.000289482,0.000287459,0.000285383,0.00028325,0.000281055,0.000278792,0.000276456,0.000274039,0.000271534,0.000268931,0.000266221,0.000263391,0.000260428,0.000257317,0.000254041,0.000250582,0.000246925,0.000243056,0.000238978,0.000234719,0.000230353,0.000226012,0.000221858,0.000218033,0.000214611,0.000211594,0.000208949,0.000206625,0.000204573,0.000202749,0.000201117,0.000199646,0.000198312,0.000197094,0.000195977,0.000194946,0.00019399,0.0001931,0.000192268,0.000191487,0.000190752,0.000190058,0.000189401,0.000188776,0.000188182,0.000187615,0.000187074,0.000186555,0.000186057,0.000185578,0.000185117,0.000184673,0.000184245,0.00018383,0.00018343,0.000183041,0.000182665,0.000182299,0.000181944,0.000181599,0.000181263,0.000180936,0.000180617,0.000180306,0.000180002,0.000179705,0.000179416,0.000179132,0.000178855,0.000178584,0.000178318,0.000178057,0.000177802,0.000177552,0.000177306,0.000177065,0.000176828
0.000328614,0.00032724,0.000325852,0.000324449,0.00032303,0.000321595,0.000320143,0.000318674,0.000317186,0.000315679,0.000314152,0.000312604,0.000311033,0.000309439,0.000307821,0.000306177,0.000304506,0.000302806,0.000301076,0.000299313,0.000297516,0.000295682,0.000293809,0.000291895,0.000289936,0.000287929,0.000285871,0.000283757,0.000281582,0.000279342,0.000277031,0.000274642,0.000272167,0.000269598,0.000266925,0.000264138,0.000261223,0.000258166,0.000254951,0.000251562,0.000247982,0.000244197,0.000240205,0.000236024,0.000231714,0.000227384,0.000223189,0.000219279,0.000215747,0.000212618,0.000209868,0.000207451,0.000205319,0.000203427,0.000201736,0.000200215,0.000198837,0.000197582,0.000196432,0.000195372,0.000194391,0.000193479,0.000192627,0.000191828,0.000191077,0.000190369,0.000189699,0.000189062,0.000188457,0.000187881,0.00018733,0.000186802,0.000186297,0.000185811,0.000185344,0.000184893,0.000184459,0.000184039,0.000183633,0.00018324,0.000182859,0.00018249,0.000182131,0.000181782,0.000181442,0.000181112,0.000180789,0.000180475,0.000180169,0.000179869,0.000179577,0.000179291,0.000179011,0.000178737,0.000178469,0.000178207,0.00017795,0.000177697,0.00017745,0.000177207,0.000176968
0.000328876,0.000327506,0.000326122,0.000324723,0.000323309,0.000321879,0.000320432,0.000318968,0.000317486,0.000315985,0.000314464,0.000312922,0.000311359,0.000309772,0.000308162,0.000306526,0.000304863,0.000303172,0.000301452,0.000299699,0.000297913,0.000296091,0.000294231,0.00029233,0.000290386,0.000288394,0.000286353,0.000284257,0.000282103,0.000279885,0.000277597,0.000275235,0.000272789,0.000270253,0.000267617,0.000264871,0.000262001,0.000258996,0.00025584,0.000252517,0.00024901,0.000245305,0.000241398,0.000237298,0.00023305,0.000228747,0.000224528,0.000220546,0.000216912,0.000213672,0.000210816,0.000208304,0.000206089,0.000204125,0.000202372,0.000200799,0.000199376,0.000198081,0.000196897,0.000195807,0.0001948,0.000193865,0.000192992,0.000192175,0.000191408,0.000190685,0.000190001,0.000189352,0.000188736,0.000188149,0.000187589,0.000187053,0.00018654,0.000186046,0.000185572,0.000185116,0.000184675,0.00018425,0.000183839,0.000183441,0.000183056,0.000182682,0.000182319,0.000181966,0.000181623,0.000181289,0.000180963,0.000180646,0.000180336,0.000180034,0.000179739,0.00017945,0.000179168,0.000178892,0.000178622,0.000178357,0.000178098,0.000177843,0.000177594,0.000177349,0.000177109
0.000329136,0.00032777,0.000326391,0.000324997,0.000323587,0.000322162,0.00032072,0.000319262,0.000317785,0.00031629,0.000314775,0.00031324,0.000311683,0.000310103,0.0003085,0.000306872,0.000305218,0.000303536,0.000301825,0.000300082,0.000298307,0.000296496,0.000294648,0.000292761,0.000290831,0.000288855,0.00028683,0.000284752,0.000282617,0.00028042,0.000278156,0.000275819,0.000273403,0.000270898,0.000268297,0.000265589,0.000262764,0.000259808,0.000256708,0.000253447,0.000250011,0.000246384,0.000242558,0.000238539,0.000234359,0.000230094,0.000225868,0.000221829,0.000218103,0.000214756,0.000211793,0.000209184,0.000206882,0.000204844,0.000203027,0.000201398,0.000199928,0.000198593,0.000197373,0.000196252,0.000195218,0.000194258,0.000193364,0.000192528,0.000191744,0.000191005,0.000190308,0.000189647,0.000189019,0.000188422,0.000187852,0.000187307,0.000186785,0.000186285,0.000185803,0.00018534,0.000184894,0.000184463,0.000184047,0.000183644,0.000183254,0.000182875,0.000182508,0.000182151,0.000181804,0.000181467,0.000181138,0.000180817,0.000180505,0.0001802,0.000179902,0.000179611,0.000179326,0.000179048,0.000178775,0.000178508,0.000178247,0.00017799,0.000177739,0.000177492,0.00017725
0.000329396,0.000328034,0.000326659,0.000325269,0.000323864,0.000322444,0.000321007,0.000319553,0.000318082,0.000316593,0.000315084,0.000313555,0.000312005,0.000310432,0.000308837,0.000307217,0.000305571,0.000303897,0.000302195,0.000300463,0.000298698,0.000296898,0.000295062,0.000293188,0.000291271,0.00028931,0.000287301,0.000285241,0.000283125,0.000280949,0.000278708,0.000276396,0.000274006,0.000271532,0.000268965,0.000266295,0.000263512,0.000260604,0.000257556,0.000254356,0.000250986,0.000247433,0.000243687,0.000239749,0.000235641,0.000231424,0.000227204,0.000223124,0.000219318,0.000215868,0.0002128,0.00021009,0.0002077,0.000205584,0.000203701,0.000202015,0.000200495,0.000199117,0.00019786,0.000196707,0.000195644,0.00019466,0.000193743,0.000192888,0.000192086,0.000191331,0.000190619,0.000189945,0.000189306,0.000188698,0.000188118,0.000187564,0.000187034,0.000186525,0.000186037,0.000185567,0.000185115,0.000184678,0.000184256,0.000183848,0.000183453,0.00018307,0.000182699,0.000182338,0.000181987,0.000181646,0.000181314,0.00018099,0.000180675,0.000180367,0.000180066,0.000179772,0.000179485,0.000179204,0.000178929,0.00017866,0.000178397,0.000178138,0.000177885,0.000177636,0.000177392
0.000329654,0.000328296,0.000326925,0.00032554,0.000324139,0.000322724,0.000321292,0.000319844,0.000318378,0.000316894,0.000315391,0.000313869,0.000312325,0.000310759,0.000309171,0.000307559,0.000305921,0.000304256,0.000302563,0.00030084,0.000299085,0.000297297,0.000295473,0.000293611,0.000291708,0.000289761,0.000287768,0.000285725,0.000283627,0.000281471,0.000279252,0.000276964,0.000274601,0.000272156,0.000269622,0.000266988,0.000264245,0.000261382,0.000258386,0.000255242,0.000251937,0.000248455,0.000244786,0.000240926,0.000236893,0.000232731,0.000228532,0.000224427,0.000220552,0.000217007,0.000213834,0.000211024,0.000208543,0.000206347,0.000204395,0.000202649,0.000201077,0.000199655,0.000198359,0.000197172,0.00019608,0.000195069,0.00019413,0.000193254,0.000192433,0.000191662,0.000190935,0.000190248,0.000189596,0.000188977,0.000188387,0.000187824,0.000187285,0.000186769,0.000186273,0.000185796,0.000185337,0.000184895,0.000184467,0.000184054,0.000183654,0.000183267,0.000182891,0.000182526,0.000182172,0.000181827,0.000181491,0.000181164,0.000180846,0.000180535,0.000180231,0.000179935,0.000179645,0.000179362,0.000179084,0.000178813,0.000178547,0.000178287,0.000178031,0.000177781,0.000177535
0.000329911,0.000328558,0.000327191,0.000325809,0.000324414,0.000323003,0.000321576,0.000320133,0.000318672,0.000317194,0.000315697,0.00031418,0.000312643,0.000311085,0.000309503,0.000307898,0.000306268,0.000304612,0.000302928,0.000301214,0.00029947,0.000297692,0.00029588,0.00029403,0.00029214,0.000290208,0.00028823,0.000286203,0.000284124,0.000281987,0.00027979,0.000277525,0.000275188,0.000272771,0.000270268,0.000267669,0.000264965,0.000262145,0.000259198,0.000256109,0.000252864,0.000249451,0.000245855,0.000242074,0.000238115,0.000234014,0.000229848,0.000225731,0.000221801,0.00021817,0.000214896,0.000211986,0.000209412,0.000207133,0.000205109,0.0002033,0.000201675,0.000200206,0.00019887,0.000197648,0.000196525,0.000195487,0.000194524,0.000193627,0.000192787,0.000191999,0.000191257,0.000190555,0.000189891,0.00018926,0.00018866,0.000188087,0.000187539,0.000187015,0.000186512,0.000186028,0.000185562,0.000185114,0.000184681,0.000184262,0.000183857,0.000183465,0.000183085,0.000182716,0.000182357,0.000182009,0.00018167,0.000181339,0.000181018,0.000180704,0.000180397,0.000180098,0.000179806,0.00017952,0.00017924,0.000178966,0.000178698,0.000178436,0.000178178,0.000177926,0.000177678
0.000330168,0.000328818,0.000327455,0.000326078,0.000324687,0.00032328,0.000321858,0.00032042,0.000318965,0.000317492,0.000316001,0.00031449,0.00031296,0.000311408,0.000309833,0.000308236,0.000306614,0.000304966,0.00030329,0.000301586,0.000299852,0.000298085,0.000296283,0.000294445,0.000292569,0.00029065,0.000288687,0.000286677,0.000284615,0.000282497,0.00028032,0.000278078,0.000275766,0.000273376,0.000270903,0.000268338,0.000265671,0.000262893,0.000259993,0.000256956,0.00025377,0.000250421,0.000246897,0.000243191,0.000239307,0.000235272,0.000231146,0.000227033,0.000223063,0.000219355,0.000215985,0.000212975,0.000210306,0.000207942,0.000205843,0.00020397,0.000202289,0.000200772,0.000199394,0.000198135,0.00019698,0.000195914,0.000194926,0.000194006,0.000193147,0.000192341,0.000191583,0.000190868,0.00019019,0.000189548,0.000188936,0.000188354,0.000187797,0.000187264,0.000186753,0.000186262,0.00018579,0.000185335,0.000184896,0.000184472,0.000184062,0.000183665,0.00018328,0.000182907,0.000182545,0.000182192,0.00018185,0.000181516,0.000181191,0.000180874,0.000180564,0.000180262,0.000179967,0.000179679,0.000179397,0.000179121,0.000178851,0.000178586,0.000178326,0.000178072,0.000177822
0.000330423,0.000329077,0.000327718,0.000326346,0.000324959,0.000323557,0.00032214,0.000320706,0.000319257,0.000317789,0.000316304,0.000314799,0.000313274,0.000311729,0.000310162,0.000308571,0.000306957,0.000305317,0.00030365,0.000301955,0.00030023,0.000298474,0.000296683,0.000294857,0.000292993,0.000291088,0.00028914,0.000287145,0.0002851,0.000283001,0.000280844,0.000278624,0.000276336,0.000273973,0.000271529,0.000268996,0.000266365,0.000263627,0.000260771,0.000257785,0.000254655,0.000251368,0.000247913,0.000244279,0.00024047,0.000236502,0.000232425,0.000228328,0.000224331,0.000220558,0.000217099,0.00021399,0.000211226,0.000208776,0.0002066,0.000204659,0.00020292,0.000201352,0.00019993,0.000198633,0.000197445,0.000196349,0.000195336,0.000194393,0.000193514,0.000192689,0.000191915,0.000191185,0.000190494,0.000189839,0.000189217,0.000188624,0.000188057,0.000187516,0.000186997,0.000186499,0.00018602,0.000185558,0.000185113,0.000184684,0.000184269,0.000183867,0.000183477,0.0001831,0.000182733,0.000182377,0.000182031,0.000181693,0.000181365,0.000181045,0.000180732,0.000180428,0.00018013,0.000179839,0.000179554,0.000179276,0.000179003,0.000178737,0.000178475,0.000178219,0.000177967
0.000330677,0.000329335,0.00032798,0.000326612,0.000325229,0.000323832,0.00032242,0.000320991,0.000319546,0.000318084,0.000316604,0.000315106,0.000313587,0.000312048,0.000310488,0.000308905,0.000307298,0.000305666,0.000304008,0.000302322,0.000300606,0.00029886,0.00029708,0.000295266,0.000293414,0.000291522,0.000289588,0.000287609,0.00028558,0.000283499,0.000281362,0.000279163,0.000276898,0.000274561,0.000272145,0.000269643,0.000267047,0.000264348,0.000261534,0.000258596,0.000255519,0.000252292,0.000248902,0.00024534,0.000241603,0.000237705,0.000233683,0.000229612,0.000225601,0.000221776,0.000218235,0.000215032,0.000212172,0.000209633,0.000207378,0.000205368,0.000203568,0.000201948,0.00020048,0.000199144,0.00019792,0.000196795,0.000195754,0.000194788,0.000193887,0.000193044,0.000192252,0.000191506,0.000190802,0.000190134,0.000189501,0.000188897,0.000188321,0.000187771,0.000187244,0.000186738,0.000186252,0.000185784,0.000185333,0.000184898,0.000184477,0.00018407,0.000183676,0.000183294,0.000182923,0.000182563,0.000182213,0.000181872,0.00018154,0.000181217,0.000180902,0.000180594,0.000180293,0.00018,0.000179713,0.000179432,0.000179157,0.000178888,0.000178624,0.000178366,0.000178112
0.000330931,0.000329593,0.000328242,0.000326877,0.000325499,0.000324106,0.000322698,0.000321275,0.000319835,0.000318378,0.000316904,0.000315411,0.000313898,0.000312366,0.000310812,0.000309236,0.000307637,0.000306013,0.000304363,0.000302686,0.00030098,0.000299243,0.000297474,0.000295671,0.000293831,0.000291952,0.000290032,0.000288068,0.000286055,0.000283992,0.000281873,0.000279695,0.000277453,0.00027514,0.000272752,0.00027028,0.000267717,0.000265055,0.000262283,0.00025939,0.000256365,0.000253195,0.000249868,0.000246374,0.000242709,0.00023888,0.000234917,0.000230881,0.00022687,0.000223004,0.000219391,0.000216097,0.000213144,0.000210515,0.000208178,0.000206097,0.000204234,0.000202559,0.000201044,0.000199666,0.000198407,0.000197249,0.000196181,0.00019519,0.000194267,0.000193404,0.000192595,0.000191834,0.000191115,0.000190434,0.000189788,0.000189174,0.000188588,0.000188029,0.000187493,0.00018698,0.000186486,0.000186012,0.000185554,0.000185113,0.000184687,0.000184275,0.000183876,0.00018349,0.000183115,0.000182751,0.000182397,0.000182052,0.000181717,0.00018139,0.000181072,0.000180761,0.000180458,0.000180162,0.000179872,0.000179589,0.000179312,0.00017904,0.000178774,0.000178514,0.000178259
0.000331183,0.000329849,0.000328502,0.000327141,0.000325767,0.000324379,0.000322976,0.000321557,0.000320122,0.000318671,0.000317202,0.000315714,0.000314208,0.000312682,0.000311135,0.000309565,0.000307973,0.000306357,0.000304715,0.000303047,0.00030135,0.000299623,0.000297865,0.000296072,0.000294244,0.000292378,0.000290472,0.000288522,0.000286525,0.000284479,0.000282379,0.000280221,0.000278,0.000275712,0.00027335,0.000270907,0.000268376,0.000265749,0.000263017,0.000260168,0.000257192,0.000254077,0.00025081,0.000247382,0.000243786,0.000240027,0.000236125,0.000232132,0.000228133,0.00022424,0.000220564,0.000217187,0.000214141,0.000211421,0.000209002,0.000206846,0.000204918,0.000203187,0.000201622,0.000200201,0.000198904,0.000197714,0.000196616,0.0001956,0.000194654,0.000193771,0.000192944,0.000192166,0.000191432,0.000190738,0.00019008,0.000189455,0.000188859,0.00018829,0.000187746,0.000187224,0.000186723,0.000186242,0.000185778,0.000185331,0.0001849,0.000184482,0.000184078,0.000183687,0.000183308,0.00018294,0.000182582,0.000182234,0.000181895,0.000181565,0.000181243,0.00018093,0.000180624,0.000180325,0.000180032,0.000179747,0.000179467,0.000179193,0.000178925,0.000178663,0.000178405
0.000331435,0.000330104,0.000328761,0.000327404,0.000326034,0.00032465,0.000323252,0.000321838,0.000320408,0.000318961,0.000317498,0.000316016,0.000314516,0.000312996,0.000311455,0.000309893,0.000308308,0.000306699,0.000305066,0.000303406,0.000301718,0.0003,0.000298252,0.000296471,0.000294654,0.000292801,0.000290907,0.000288972,0.000286991,0.000284961,0.000282879,0.00028074,0.000278541,0.000276276,0.000273939,0.000271524,0.000269025,0.000266432,0.000263737,0.000260931,0.000258002,0.000254939,0.000251731,0.000248366,0.000244838,0.000241147,0.000237309,0.000233364,0.000229386,0.000225478,0.000221751,0.000218297,0.000215162,0.000212352,0.000209848,0.000207616,0.000205622,0.000203831,0.000202215,0.00020075,0.000199414,0.000198189,0.000197061,0.000196018,0.000195049,0.000194145,0.000193299,0.000192504,0.000191755,0.000191047,0.000190376,0.000189739,0.000189133,0.000188554,0.000188001,0.000187471,0.000186963,0.000186474,0.000186004,0.000185551,0.000185114,0.000184691,0.000184282,0.000183886,0.000183502,0.00018313,0.000182768,0.000182416,0.000182074,0.000181741,0.000181416,0.000181099,0.00018079,0.000180488,0.000180193,0.000179905,0.000179623,0.000179347,0.000179077,0.000178812,0.000178553
0.000331685,0.000330358,0.000329019,0.000327666,0.0003263,0.000324921,0.000323526,0.000322117,0.000320692,0.000319251,0.000317793,0.000316317,0.000314822,0.000313308,0.000311774,0.000310218,0.000308641,0.000307039,0.000305414,0.000303762,0.000302083,0.000300375,0.000298637,0.000296866,0.000295061,0.000293219,0.000291339,0.000289417,0.000287451,0.000285437,0.000283373,0.000281253,0.000279075,0.000276832,0.00027452,0.000272132,0.000269663,0.000267103,0.000264445,0.000261679,0.000258796,0.000255783,0.00025263,0.000249326,0.000245863,0.00024224,0.000238466,0.000234575,0.000230627,0.000226715,0.000222949,0.000219425,0.000216206,0.000213307,0.000210718,0.000208408,0.000206344,0.000204493,0.000202824,0.000201312,0.000199935,0.000198675,0.000197516,0.000196445,0.000195451,0.000194525,0.000193659,0.000192847,0.000192082,0.00019136,0.000190677,0.000190028,0.00018941,0.000188822,0.00018826,0.000187721,0.000187205,0.000186709,0.000186232,0.000185773,0.00018533,0.000184902,0.000184488,0.000184087,0.000183699,0.000183322,0.000182956,0.0001826,0.000182254,0.000181918,0.00018159,0.00018127,0.000180958,0.000180653,0.000180356,0.000180065,0.00017978,0.000179502,0.000179229,0.000178963,0.000178701
0.000331935,0.000330611,0.000329276,0.000327927,0.000326565,0.00032519,0.0003238,0.000322395,0.000320975,0.000319539,0.000318086,0.000316615,0.000315127,0.000313619,0.000312091,0.000310542,0.000308971,0.000307377,0.000305759,0.000304116,0.000302445,0.000300747,0.000299018,0.000297258,0.000295464,0.000293634,0.000291766,0.000289858,0.000287907,0.000285909,0.000283862,0.000281761,0.000279602,0.000277381,0.000275093,0.000272732,0.000270291,0.000267763,0.00026514,0.000262413,0.000259573,0.000256609,0.000253509,0.000250264,0.000246864,0.000243306,0.000239598,0.000235762,0.000231851,0.000227947,0.000224153,0.00022057,0.000217271,0.000214286,0.000211611,0.000209222,0.000207086,0.000205172,0.000203448,0.000201888,0.000200469,0.000199172,0.00019798,0.000196881,0.000195861,0.000194913,0.000194027,0.000193196,0.000192415,0.000191678,0.000190981,0.00019032,0.000189692,0.000189093,0.000188521,0.000187974,0.00018745,0.000186947,0.000186463,0.000185997,0.000185548,0.000185114,0.000184695,0.000184289,0.000183896,0.000183515,0.000183145,0.000182786,0.000182436,0.000182096,0.000181764,0.000181441,0.000181126,0.000180819,0.000180519,0.000180225,0.000179938,0.000179657,0.000179383,0.000179114,0.00017885
0.000332183,0.000330863,0.000329532,0.000328187,0.000326829,0.000325458,0.000324073,0.000322672,0.000321257,0.000319826,0.000318378,0.000316913,0.00031543,0.000313928,0.000312406,0.000310864,0.0003093,0.000307713,0.000306103,0.000304467,0.000302805,0.000301116,0.000299397,0.000297647,0.000295864,0.000294045,0.00029219,0.000290295,0.000288358,0.000286376,0.000284345,0.000282262,0.000280123,0.000277923,0.000275658,0.000273322,0.000270909,0.000268412,0.000265823,0.000263134,0.000260336,0.000257417,0.000254369,0.00025118,0.000247841,0.000244348,0.000240703,0.000236926,0.000233058,0.000229171,0.00022536,0.000221728,0.000218356,0.000215287,0.000212527,0.000210057,0.000207849,0.00020587,0.000204089,0.000202478,0.000201016,0.00019968,0.000198455,0.000197325,0.00019628,0.000195308,0.000194401,0.000193551,0.000192753,0.000192001,0.00019129,0.000190617,0.000189977,0.000189367,0.000188786,0.00018823,0.000187698,0.000187187,0.000186696,0.000186224,0.000185768,0.000185329,0.000184904,0.000184494,0.000184096,0.00018371,0.000183336,0.000182972,0.000182619,0.000182275,0.00018194,0.000181614,0.000181296,0.000180986,0.000180683,0.000180386,0.000180097,0.000179814,0.000179537,0.000179265,0.000179
0.000332431,0.000331115,0.000329787,0.000328446,0.000327092,0.000325725,0.000324344,0.000322948,0.000321537,0.000320111,0.000318668,0.000317208,0.000315731,0.000314235,0.000312719,0.000311183,0.000309626,0.000308047,0.000306444,0.000304816,0.000303163,0.000301482,0.000299773,0.000298032,0.00029626,0.000294453,0.00029261,0.000290728,0.000288805,0.000286838,0.000284823,0.000282758,0.000280637,0.000278459,0.000276216,0.000273905,0.000271519,0.000269051,0.000266495,0.000263842,0.000261084,0.00025821,0.00025521,0.000252075,0.000248795,0.000245364,0.000241784,0.000238066,0.000234246,0.000230383,0.000226567,0.000222896,0.000219459,0.00021631,0.000213465,0.000210915,0.000208632,0.000206586,0.000204746,0.000203084,0.000201576,0.0002002,0.00019894,0.000197779,0.000196706,0.00019571,0.000194781,0.000193913,0.000193097,0.000192329,0.000191604,0.000190918,0.000190266,0.000189646,0.000189054,0.000188489,0.000187948,0.00018743,0.000186932,0.000186452,0.000185991,0.000185545,0.000185115,0.000184699,0.000184297,0.000183907,0.000183528,0.00018316,0.000182803,0.000182456,0.000182118,0.000181788,0.000181467,0.000181153,0.000180848,0.000180549,0.000180257,0.000179971,0.000179692,0.000179418,0.00017915
0.000332678,0.000331365,0.00033004,0.000328704,0.000327354,0.000325991,0.000324614,0.000323223,0.000321817,0.000320395,0.000318957,0.000317503,0.000316031,0.00031454,0.000313031,0.000311501,0.000309951,0.000308378,0.000306783,0.000305163,0.000303518,0.000301846,0.000300146,0.000298415,0.000296653,0.000294858,0.000293027,0.000291157,0.000289248,0.000287295,0.000285296,0.000283248,0.000281146,0.000278987,0.000276767,0.000274479,0.000272119,0.00026968,0.000267156,0.000264538,0.000261818,0.000258987,0.000256034,0.000252951,0.000249728,0.000246357,0.000242839,0.000239182,0.000235412,0.000231582,0.000227769,0.00022407,0.000220577,0.000217353,0.000214426,0.000211794,0.000209436,0.000207321,0.00020542,0.000203705,0.000202149,0.000200733,0.000199436,0.000198243,0.000197142,0.00019612,0.000195169,0.00019428,0.000193447,0.000192663,0.000191923,0.000191223,0.000190559,0.000189927,0.000189326,0.000188751,0.000188202,0.000187675,0.00018717,0.000186683,0.000186215,0.000185764,0.000185328,0.000184907,0.0001845,0.000184105,0.000183722,0.00018335,0.000182989,0.000182638,0.000182296,0.000181963,0.000181639,0.000181322,0.000181014,0.000180712,0.000180417,0.000180129,0.000179847,0.000179572,0.000179301
0.000332923,0.000331614,0.000330293,0.00032896,0.000327614,0.000326255,0.000324883,0.000323496,0.000322095,0.000320678,0.000319245,0.000317796,0.000316329,0.000314844,0.000313341,0.000311817,0.000310274,0.000308708,0.00030712,0.000305508,0.000303871,0.000302207,0.000300516,0.000298795,0.000297044,0.000295259,0.000293439,0.000291583,0.000289686,0.000287748,0.000285764,0.000283733,0.000281649,0.00027951,0.00027731,0.000275046,0.000272711,0.0002703,0.000267806,0.000265221,0.000262539,0.000259748,0.000256842,0.000253808,0.000250639,0.000247328,0.00024387,0.000240273,0.000236557,0.000232764,0.000228965,0.000225248,0.000221707,0.000218414,0.000215408,0.000212695,0.00021026,0.000208076,0.000206112,0.000204341,0.000202737,0.000201277,0.000199943,0.000198717,0.000197586,0.000196539,0.000195564,0.000194655,0.000193802,0.000193001,0.000192246,0.000191532,0.000190856,0.000190213,0.000189601,0.000189017,0.000188458,0.000187923,0.00018741,0.000186917,0.000186442,0.000185985,0.000185543,0.000185117,0.000184704,0.000184304,0.000183917,0.000183541,0.000183176,0.000182821,0.000182476,0.000182139,0.000181812,0.000181492,0.000181181,0.000180876,0.000180579,0.000180288,0.000180004,0.000179726,0.000179453
0.000333168,0.000331863,0.000330545,0.000329216,0.000327874,0.000326519,0.000325151,0.000323768,0.000322371,0.000320959,0.000319531,0.000318087,0.000316626,0.000315147,0.000313649,0.000312132,0.000310594,0.000309036,0.000307455,0.00030585,0.000304221,0.000302566,0.000300884,0.000299172,0.000297431,0.000295657,0.000293849,0.000292004,0.000290121,0.000288196,0.000286228,0.000284212,0.000282146,0.000280026,0.000277847,0.000275605,0.000273294,0.00027091,0.000268446,0.000265894,0.000263247,0.000260496,0.000257633,0.000254647,0.000251531,0.000248276,0.000244878,0.00024134,0.000237679,0.000233929,0.00023015,0.000226425,0.000222846,0.000219491,0.00021641,0.000213618,0.000211106,0.00020885,0.000206822,0.000204994,0.000203339,0.000201835,0.000200462,0.000199201,0.00019804,0.000196965,0.000195967,0.000195035,0.000194164,0.000193345,0.000192575,0.000191847,0.000191157,0.000190502,0.000189879,0.000189285,0.000188718,0.000188174,0.000187653,0.000187153,0.000186671,0.000186208,0.00018576,0.000185328,0.00018491,0.000184506,0.000184114,0.000183734,0.000183364,0.000183006,0.000182657,0.000182317,0.000181986,0.000181663,0.000181349,0.000181041,0.000180741,0.000180448,0.000180161,0.000179881,0.000179606
0.000333412,0.00033211,0.000330796,0.000329471,0.000328133,0.000326782,0.000325417,0.000324039,0.000322647,0.000321239,0.000319816,0.000318377,0.000316921,0.000315447,0.000313956,0.000312445,0.000310914,0.000309362,0.000307788,0.00030619,0.000304569,0.000302922,0.000301249,0.000299547,0.000297815,0.000296051,0.000294254,0.000292422,0.000290551,0.00028864,0.000286687,0.000284687,0.000282638,0.000280536,0.000278377,0.000276157,0.00027387,0.000271512,0.000269076,0.000266555,0.000263942,0.00026123,0.000258408,0.000255469,0.000252403,0.000249203,0.000245863,0.000242384,0.000238779,0.000235075,0.000231323,0.000227599,0.000223992,0.000220583,0.000217431,0.000214561,0.000211972,0.000209644,0.00020755,0.000205663,0.000203957,0.000202407,0.000200992,0.000199696,0.000198503,0.0001974,0.000196377,0.000195423,0.000194532,0.000193695,0.000192908,0.000192166,0.000191463,0.000190796,0.000190162,0.000189557,0.00018898,0.000188428,0.000187899,0.000187391,0.000186903,0.000186433,0.000185979,0.000185541,0.000185118,0.000184709,0.000184312,0.000183928,0.000183554,0.000183191,0.000182839,0.000182496,0.000182161,0.000181835,0.000181518,0.000181208,0.000180905,0.000180609,0.00018032,0.000180037,0.00017976
0.000333656,0.000332357,0.000331047,0.000329724,0.00032839,0.000327043,0.000325683,0.000324309,0.000322921,0.000321518,0.0003201,0.000318666,0.000317215,0.000315747,0.000314261,0.000312756,0.000311231,0.000309685,0.000308118,0.000306529,0.000304915,0.000303276,0.000301611,0.000299918,0.000298196,0.000296443,0.000294657,0.000292836,0.000290978,0.00028908,0.000287141,0.000285156,0.000283124,0.00028104,0.0002789,0.000276701,0.000274438,0.000272105,0.000269696,0.000267206,0.000264626,0.00026195,0.000259169,0.000256274,0.000253257,0.000250109,0.000246826,0.000243405,0.000239856,0.0002362,0.000232482,0.000228767,0.000225141,0.000221686,0.000218469,0.000215525,0.000212859,0.000210457,0.000208297,0.000206349,0.000204589,0.000202991,0.000201535,0.000200202,0.000198976,0.000197844,0.000196795,0.000195818,0.000194906,0.000194051,0.000193247,0.000192489,0.000191773,0.000191093,0.000190448,0.000189833,0.000189246,0.000188685,0.000188148,0.000187632,0.000187137,0.00018666,0.0001862,0.000185757,0.000185328,0.000184914,0.000184512,0.000184123,0.000183745,0.000183379,0.000183022,0.000182675,0.000182338,0.000182009,0.000181688,0.000181375,0.000181069,0.000180771,0.000180479,0.000180194,0.000179914
0.000333898,0.000332602,0.000331296,0.000329977,0.000328647,0.000327303,0.000325947,0.000324578,0.000323194,0.000321795,0.000320382,0.000318953,0.000317507,0.000316044,0.000314564,0.000313065,0.000311546,0.000310007,0.000308447,0.000306865,0.000305259,0.000303628,0.000301971,0.000300287,0.000298575,0.000296831,0.000295056,0.000293246,0.000291401,0.000289516,0.000287591,0.000285621,0.000283605,0.000281538,0.000279418,0.000277239,0.000274998,0.000272689,0.000270307,0.000267846,0.000265299,0.000262658,0.000259916,0.000257064,0.000254093,0.000250997,0.000247767,0.000244403,0.00024091,0.000237305,0.000233624,0.000229927,0.00022629,0.000222798,0.000219523,0.000216507,0.000213766,0.000211291,0.000209062,0.000207053,0.000205237,0.00020359,0.000202091,0.000200719,0.00019946,0.000198298,0.000197221,0.000196221,0.000195287,0.000194413,0.000193592,0.000192818,0.000192087,0.000191395,0.000190738,0.000190112,0.000189515,0.000188945,0.000188399,0.000187876,0.000187373,0.000186889,0.000186424,0.000185974,0.00018554,0.00018512,0.000184714,0.00018432,0.000183938,0.000183567,0.000183207,0.000182857,0.000182515,0.000182183,0.000181859,0.000181543,0.000181235,0.000180933,0.000180639,0.000180351,0.000180069
0.000334139,0.000332847,0.000331544,0.000330229,0.000328902,0.000327563,0.000326211,0.000324845,0.000323466,0.000322072,0.000320663,0.000319239,0.000317798,0.000316341,0.000314866,0.000313372,0.00031186,0.000310327,0.000308774,0.000307198,0.0003056,0.000303977,0.000302329,0.000300654,0.00029895,0.000297217,0.000295452,0.000293654,0.00029182,0.000289948,0.000288036,0.000286081,0.000284081,0.000282031,0.000279929,0.000277771,0.000275551,0.000273266,0.00027091,0.000268477,0.000265961,0.000263354,0.000260649,0.000257838,0.000254913,0.000251865,0.000248689,0.00024538,0.000241942,0.000238389,0.000234749,0.000231075,0.000227437,0.000223917,0.000220589,0.000217507,0.000214692,0.000212144,0.000209846,0.000207774,0.000205901,0.000204204,0.000202659,0.000201248,0.000199953,0.00019876,0.000197656,0.000196631,0.000195675,0.000194781,0.000193942,0.000193152,0.000192407,0.000191701,0.000191031,0.000190395,0.000189788,0.000189208,0.000188654,0.000188122,0.000187612,0.000187121,0.000186649,0.000186193,0.000185754,0.000185329,0.000184917,0.000184519,0.000184133,0.000183758,0.000183393,0.000183039,0.000182694,0.000182359,0.000182032,0.000181713,0.000181401,0.000181097,0.0001808,0.00018051,0.000180226
0.00033438,0.000333091,0.000331791,0.00033048,0.000329157,0.000327821,0.000326473,0.000325111,0.000323736,0.000322347,0.000320943,0.000319523,0.000318088,0.000316635,0.000315166,0.000313678,0.000312172,0.000310646,0.000309099,0.00030753,0.000305939,0.000304324,0.000302684,0.000301017,0.000299323,0.0002976,0.000295845,0.000294057,0.000292235,0.000290376,0.000288478,0.000286537,0.000284552,0.000282519,0.000280435,0.000278296,0.000276097,0.000273835,0.000271504,0.000269098,0.000266612,0.000264038,0.000261369,0.000258598,0.000255716,0.000252716,0.00024959,0.000246335,0.000242952,0.000239451,0.000235856,0.00023221,0.000228579,0.000225038,0.000221667,0.000218523,0.000215638,0.000213017,0.000210649,0.000208512,0.000206581,0.000204832,0.000203241,0.000201789,0.000200458,0.000199232,0.0001981,0.000197049,0.00019607,0.000195156,0.000194298,0.000193492,0.000192731,0.000192011,0.000191329,0.000190681,0.000190064,0.000189474,0.000188911,0.000188371,0.000187853,0.000187356,0.000186877,0.000186415,0.000185969,0.000185539,0.000185123,0.000184719,0.000184328,0.000183949,0.000183581,0.000183223,0.000182875,0.000182535,0.000182205,0.000181883,0.000181569,0.000181262,0.000180962,0.000180669,0.000180383
0.00033462,0.000333334,0.000332038,0.00033073,0.00032941,0.000328078,0.000326734,0.000325377,0.000324006,0.000322621,0.000321221,0.000319806,0.000318376,0.000316929,0.000315465,0.000313983,0.000312482,0.000310962,0.000309422,0.00030786,0.000306276,0.000304669,0.000303037,0.000301379,0.000299693,0.000297979,0.000296235,0.000294458,0.000292647,0.0002908,0.000288915,0.000286988,0.000285018,0.000283001,0.000280935,0.000278814,0.000276636,0.000274396,0.00027209,0.00026971,0.000267253,0.000264711,0.000262077,0.000259344,0.000256504,0.000253549,0.000250473,0.00024727,0.000243941,0.000240492,0.000236943,0.000233331,0.000229713,0.000226161,0.000222753,0.000219553,0.0002166,0.000213909,0.000211471,0.000209269,0.000207278,0.000205475,0.000203837,0.000202342,0.000200973,0.000199714,0.000198552,0.000197475,0.000196472,0.000195537,0.00019466,0.000193836,0.00019306,0.000192326,0.000191631,0.000190971,0.000190343,0.000189744,0.000189171,0.000188623,0.000188097,0.000187592,0.000187107,0.000186639,0.000186187,0.000185751,0.000185329,0.000184921,0.000184526,0.000184142,0.00018377,0.000183408,0.000183056,0.000182713,0.00018238,0.000182054,0.000181737,0.000181427,0.000181125,0.000180829,0.00018054
0.000334859,0.000333576,0.000332283,0.000330979,0.000329663,0.000328335,0.000326994,0.000325641,0.000324274,0.000322893,0.000321498,0.000320088,0.000318662,0.000317221,0.000315762,0.000314286,0.000312791,0.000311277,0.000309743,0.000308188,0.000306611,0.000305011,0.000303387,0.000301737,0.000300061,0.000298356,0.000296621,0.000294855,0.000293056,0.000291221,0.000289348,0.000287435,0.00028548,0.000283479,0.000281429,0.000279327,0.000277169,0.000274951,0.000272667,0.000270314,0.000267884,0.000265373,0.000262772,0.000260076,0.000257277,0.000254366,0.000251337,0.000248185,0.000244908,0.000241512,0.000238011,0.000234436,0.000230837,0.000227282,0.000223845,0.000220596,0.00021758,0.000214819,0.000212312,0.000210043,0.000207992,0.000206134,0.000204446,0.000202908,0.0002015,0.000200207,0.000199014,0.000197909,0.000196882,0.000195925,0.000195028,0.000194187,0.000193394,0.000192646,0.000191938,0.000191266,0.000190626,0.000190017,0.000189435,0.000188878,0.000188344,0.000187832,0.000187339,0.000186864,0.000186407,0.000185965,0.000185538,0.000185125,0.000184725,0.000184337,0.00018396,0.000183594,0.000183239,0.000182893,0.000182555,0.000182227,0.000181907,0.000181594,0.000181289,0.000180991,0.000180699
0.000335097,0.000333818,0.000332528,0.000331227,0.000329914,0.00032859,0.000327253,0.000325904,0.000324541,0.000323165,0.000321774,0.000320369,0.000318948,0.000317511,0.000316058,0.000314587,0.000313098,0.00031159,0.000310062,0.000308514,0.000306944,0.000305352,0.000303735,0.000302094,0.000300426,0.00029873,0.000297005,0.000295249,0.000293461,0.000291637,0.000289777,0.000287878,0.000285937,0.000283951,0.000281918,0.000279834,0.000277695,0.000275498,0.000273237,0.000270908,0.000268506,0.000266024,0.000263456,0.000260796,0.000258035,0.000255167,0.000252184,0.000249081,0.000245856,0.000242511,0.000239058,0.000235523,0.000231949,0.000228398,0.000224941,0.000221649,0.000218574,0.000215746,0.00021317,0.000210836,0.000208722,0.000206808,0.00020507,0.000203487,0.000202039,0.00020071,0.000199485,0.000198352,0.0001973,0.000196319,0.000195403,0.000194543,0.000193734,0.000192971,0.000192249,0.000191564,0.000190913,0.000190293,0.000189701,0.000189136,0.000188594,0.000188073,0.000187573,0.000187092,0.000186629,0.000186181,0.000185749,0.000185331,0.000184926,0.000184533,0.000184152,0.000183782,0.000183423,0.000183073,0.000182732,0.000182401,0.000182077,0.000181762,0.000181454,0.000181153,0.000180859
0.000335334,0.000334058,0.000332771,0.000331474,0.000330165,0.000328844,0.000327511,0.000326166,0.000324807,0.000323435,0.000322049,0.000320648,0.000319232,0.0003178,0.000316352,0.000314886,0.000313403,0.000311901,0.00031038,0.000308838,0.000307275,0.00030569,0.000304081,0.000302448,0.000300788,0.000299102,0.000297386,0.00029564,0.000293863,0.000292051,0.000290203,0.000288316,0.000286389,0.000284419,0.000282402,0.000280335,0.000278215,0.000276038,0.0002738,0.000271495,0.000269119,0.000266666,0.000264129,0.000261503,0.00025878,0.000255952,0.000253014,0.000249959,0.000246784,0.00024349,0.000240086,0.000236593,0.000233049,0.000229507,0.000226038,0.00022271,0.000219582,0.000216691,0.000214047,0.000211646,0.00020947,0.000207498,0.000205708,0.000204079,0.000202589,0.000201223,0.000199966,0.000198804,0.000197725,0.000196722,0.000195784,0.000194905,0.000194079,0.0001933,0.000192564,0.000191866,0.000191204,0.000190573,0.000189971,0.000189396,0.000188846,0.000188318,0.000187811,0.000187323,0.000186853,0.000186399,0.000185961,0.000185538,0.000185128,0.000184731,0.000184346,0.000183972,0.000183608,0.000183255,0.000182911,0.000182576,0.000182249,0.00018193,0.000181619,0.000181316,0.000181019
0.00033557,0.000334298,0.000333014,0.00033172,0.000330415,0.000329098,0.000327768,0.000326427,0.000325072,0.000323704,0.000322322,0.000320926,0.000319515,0.000318088,0.000316645,0.000315185,0.000313707,0.000312211,0.000310696,0.00030916,0.000307604,0.000306026,0.000304425,0.000302799,0.000301148,0.00029947,0.000297764,0.000296028,0.000294261,0.00029246,0.000290624,0.000288751,0.000286837,0.000284882,0.00028288,0.000280831,0.000278729,0.000276572,0.000274355,0.000272074,0.000269723,0.000267297,0.000264791,0.000262198,0.000259511,0.000256723,0.000253828,0.000250819,0.000247692,0.000244449,0.000241094,0.000237645,0.000234133,0.000230608,0.000227133,0.000223777,0.000220602,0.00021765,0.000214941,0.000212474,0.000210235,0.000208205,0.000206362,0.000204684,0.000203152,0.000201748,0.000200457,0.000199264,0.000198159,0.000197131,0.000196172,0.000195273,0.000194429,0.000193635,0.000192884,0.000192173,0.000191498,0.000190856,0.000190245,0.00018966,0.000189101,0.000188565,0.00018805,0.000187555,0.000187079,0.000186619,0.000186176,0.000185747,0.000185332,0.00018493,0.00018454,0.000184162,0.000183795,0.000183438,0.00018309,0.000182752,0.000182422,0.0001821,0.000181786,0.00018148,0.00018118
0.000335806,0.000334536,0.000333256,0.000331965,0.000330663,0.00032935,0.000328024,0.000326687,0.000325336,0.000323972,0.000322595,0.000321203,0.000319796,0.000318374,0.000316936,0.000315481,0.000314009,0.000312519,0.00031101,0.000309481,0.000307931,0.00030636,0.000304766,0.000303148,0.000301506,0.000299836,0.00029814,0.000296413,0.000294656,0.000292867,0.000291042,0.000289181,0.000287281,0.00028534,0.000283354,0.000281321,0.000279237,0.000277099,0.000274903,0.000272644,0.000270318,0.00026792,0.000265443,0.000262882,0.00026023,0.00025748,0.000254626,0.000251662,0.000248583,0.000245388,0.000242082,0.000238677,0.000235202,0.000231698,0.000228224,0.000224848,0.000221632,0.000218624,0.000215852,0.000213319,0.000211017,0.000208927,0.00020703,0.000205303,0.000203728,0.000202285,0.000200958,0.000199734,0.000198601,0.000197548,0.000196566,0.000195648,0.000194786,0.000193974,0.000193209,0.000192484,0.000191797,0.000191144,0.000190521,0.000189927,0.000189359,0.000188815,0.000188292,0.00018779,0.000187307,0.000186841,0.000186392,0.000185958,0.000185538,0.000185131,0.000184737,0.000184354,0.000183983,0.000183622,0.000183271,0.000182929,0.000182596,0.000182271,0.000181954,0.000181645,0.000181343
0.000336041,0.000334774,0.000333497,0.00033221,0.000330911,0.000329601,0.000328279,0.000326945,0.000325599,0.000324239,0.000322866,0.000321478,0.000320076,0.000318659,0.000317226,0.000315776,0.00031431,0.000312825,0.000311322,0.000309799,0.000308256,0.000306692,0.000305105,0.000303495,0.000301861,0.0003002,0.000298512,0.000296796,0.000295049,0.00029327,0.000291457,0.000289608,0.000287721,0.000285794,0.000283823,0.000281806,0.000279739,0.00027762,0.000275444,0.000273208,0.000270906,0.000268533,0.000266085,0.000263555,0.000260936,0.000258223,0.000255409,0.000252488,0.000249455,0.000246308,0.00024305,0.000239692,0.000236255,0.000232777,0.00022931,0.000225919,0.000222669,0.000219611,0.000216778,0.000214181,0.000211816,0.000209666,0.000207714,0.000205937,0.000204316,0.000202832,0.00020147,0.000200214,0.000199052,0.000197973,0.000196968,0.000196029,0.000195148,0.000194319,0.000193538,0.0001928,0.0001921,0.000191435,0.000190802,0.000190197,0.00018962,0.000189067,0.000188537,0.000188028,0.000187538,0.000187066,0.00018661,0.000186171,0.000185745,0.000185334,0.000184935,0.000184548,0.000184173,0.000183808,0.000183453,0.000183107,0.000182771,0.000182443,0.000182123,0.000181811,0.000181506
0.000336275,0.000335012,0.000333738,0.000332453,0.000331158,0.000329852,0.000328533,0.000327203,0.00032586,0.000324505,0.000323136,0.000321753,0.000320355,0.000318943,0.000317514,0.00031607,0.000314609,0.00031313,0.000311633,0.000310116,0.00030858,0.000307022,0.000305443,0.00030384,0.000302213,0.000300561,0.000298882,0.000297175,0.000295438,0.00029367,0.000291868,0.000290031,0.000288157,0.000286243,0.000284287,0.000282286,0.000280236,0.000278135,0.000275979,0.000273764,0.000271485,0.000269138,0.000266717,0.000264217,0.000261631,0.000258954,0.000256178,0.000253299,0.00025031,0.00024721,0.000244,0.000240687,0.00023729,0.000233841,0.000230388,0.00022699,0.000223712,0.000220609,0.000217719,0.00021506,0.000212631,0.000210421,0.000208413,0.000206585,0.000204917,0.000203392,0.000201993,0.000200703,0.000199512,0.000198406,0.000197377,0.000196416,0.000195516,0.00019467,0.000193873,0.00019312,0.000192407,0.00019173,0.000191085,0.000190471,0.000189884,0.000189323,0.000188785,0.000188268,0.000187771,0.000187292,0.000186831,0.000186385,0.000185955,0.000185538,0.000185135,0.000184743,0.000184363,0.000183995,0.000183636,0.000183287,0.000182947,0.000182616,0.000182293,0.000181978,0.00018167
0.000336508,0.000335248,0.000333977,0.000332696,0.000331404,0.000330101,0.000328787,0.00032746,0.000326121,0.000324769,0.000323404,0.000322026,0.000320633,0.000319225,0.000317802,0.000316362,0.000314906,0.000313433,0.000311942,0.000310431,0.000308901,0.00030735,0.000305778,0.000304183,0.000302564,0.00030092,0.000299249,0.000297551,0.000295824,0.000294066,0.000292276,0.00029045,0.000288589,0.000286688,0.000284746,0.00028276,0.000280728,0.000278644,0.000276508,0.000274313,0.000272057,0.000269734,0.00026734,0.000264868,0.000262314,0.000259671,0.000256933,0.000254094,0.000251149,0.000248095,0.000244931,0.000241664,0.000238308,0.000234892,0.000231457,0.000228058,0.000224758,0.000221615,0.000218673,0.000215954,0.000213463,0.000211193,0.000209127,0.000207247,0.000205532,0.000203964,0.000202526,0.000201203,0.00019998,0.000198847,0.000197794,0.000196811,0.00019589,0.000195026,0.000194213,0.000193445,0.000192718,0.000192029,0.000191373,0.000190748,0.000190152,0.000189581,0.000189035,0.00018851,0.000188006,0.000187521,0.000187053,0.000186602,0.000186166,0.000185744,0.000185336,0.00018494,0.000184556,0.000184183,0.00018382,0.000183468,0.000183125,0.00018279,0.000182464,0.000182146,0.000181835
0.000336741,0.000335483,0.000334216,0.000332938,0.000331649,0.00033035,0.000329039,0.000327716,0.000326381,0.000325033,0.000323672,0.000322298,0.000320909,0.000319506,0.000318087,0.000316653,0.000315202,0.000313735,0.000312249,0.000310744,0.000309221,0.000307676,0.000306111,0.000304523,0.000302912,0.000301276,0.000299614,0.000297925,0.000296207,0.00029446,0.00029268,0.000290866,0.000289017,0.000287129,0.000285201,0.00028323,0.000281214,0.000279148,0.00027703,0.000274855,0.000272621,0.000270322,0.000267953,0.00026551,0.000262987,0.000260377,0.000257675,0.000254875,0.000251972,0.000248962,0.000245844,0.000242622,0.000239309,0.000235927,0.000232515,0.000229121,0.000225806,0.00022263,0.000219639,0.000216862,0.000214311,0.00021198,0.000209857,0.000207924,0.000206161,0.000204549,0.000203072,0.000201713,0.000200459,0.000199297,0.000198218,0.000197212,0.000196271,0.000195389,0.000194558,0.000193775,0.000193034,0.000192332,0.000191664,0.000191029,0.000190422,0.000189843,0.000189288,0.000188755,0.000188244,0.000187752,0.000187278,0.000186821,0.000186379,0.000185952,0.000185539,0.000185138,0.00018475,0.000184373,0.000184006,0.00018365,0.000183303,0.000182965,0.000182636,0.000182315,0.000182002
0.000336973,0.000335718,0.000334454,0.000333179,0.000331894,0.000330597,0.00032929,0.000327971,0.000326639,0.000325295,0.000323939,0.000322568,0.000321184,0.000319786,0.000318372,0.000316943,0.000315497,0.000314035,0.000312555,0.000311056,0.000309538,0.000308001,0.000306442,0.000304861,0.000303257,0.000301629,0.000299976,0.000298296,0.000296588,0.00029485,0.000293081,0.000291278,0.000289441,0.000287566,0.000285652,0.000283696,0.000281695,0.000279646,0.000277546,0.000275391,0.000273178,0.000270902,0.000268558,0.000266142,0.000263648,0.000261071,0.000258404,0.000255642,0.000252779,0.000249812,0.000246739,0.000243562,0.000240292,0.000236947,0.00023356,0.000230177,0.000226854,0.00022365,0.000220615,0.000217785,0.000215174,0.000212784,0.000210603,0.000208616,0.000206803,0.000205146,0.000203628,0.000202233,0.000200946,0.000199756,0.00019865,0.000197621,0.000196659,0.000195757,0.000194909,0.00019411,0.000193354,0.000192639,0.000191959,0.000191313,0.000190696,0.000190107,0.000189544,0.000189003,0.000188484,0.000187985,0.000187505,0.000187041,0.000186594,0.000186162,0.000185743,0.000185338,0.000184945,0.000184564,0.000184194,0.000183833,0.000183483,0.000183142,0.000182809,0.000182485,0.000182169
0.000337204,0.000335952,0.000334691,0.000333419,0.000332137,0.000330844,0.00032954,0.000328224,0.000326897,0.000325557,0.000324204,0.000322838,0.000321458,0.000320064,0.000318655,0.000317231,0.00031579,0.000314333,0.000312859,0.000311366,0.000309854,0.000308323,0.000306771,0.000305197,0.000303601,0.000301981,0.000300336,0.000298664,0.000296966,0.000295237,0.000293479,0.000291687,0.000289861,0.000287999,0.000286098,0.000284156,0.000282171,0.000280138,0.000278056,0.000275921,0.000273728,0.000271474,0.000269155,0.000266765,0.0002643,0.000261754,0.00025912,0.000256395,0.000253571,0.000250646,0.000247617,0.000244485,0.000241257,0.00023795,0.000234593,0.000231224,0.000227899,0.000224673,0.0002216,0.00021872,0.000216052,0.000213603,0.000211364,0.000209322,0.000207459,0.000205756,0.000204197,0.000202764,0.000201444,0.000200223,0.000199091,0.000198037,0.000197053,0.000196131,0.000195265,0.00019445,0.000193679,0.00019295,0.000192258,0.000191601,0.000190974,0.000190375,0.000189802,0.000189254,0.000188727,0.000188221,0.000187734,0.000187264,0.000186811,0.000186373,0.00018595,0.00018554,0.000185142,0.000184757,0.000184382,0.000184018,0.000183664,0.000183319,0.000182984,0.000182656,0.000182337
0.000337434,0.000336185,0.000334927,0.000333658,0.000332379,0.00033109,0.000329789,0.000328477,0.000327153,0.000325817,0.000324468,0.000323106,0.000321731,0.000320341,0.000318937,0.000317517,0.000316082,0.00031463,0.000313161,0.000311674,0.000310169,0.000308644,0.000307098,0.000305531,0.000303942,0.00030233,0.000300693,0.00029903,0.00029734,0.000295622,0.000293873,0.000292093,0.000290278,0.000288428,0.000286541,0.000284613,0.000282642,0.000280625,0.000278561,0.000276444,0.000274271,0.000272039,0.000269744,0.000267379,0.000264942,0.000262426,0.000259825,0.000257135,0.000254349,0.000251465,0.000248478,0.000245389,0.000242205,0.000238937,0.000235611,0.000232262,0.000228939,0.000225698,0.000222593,0.000219666,0.000216944,0.000214437,0.000212141,0.000210044,0.000208129,0.00020638,0.000204778,0.000203307,0.000201952,0.0002007,0.00019954,0.00019846,0.000197454,0.000196511,0.000195627,0.000194795,0.000194009,0.000193266,0.000192562,0.000191892,0.000191254,0.000190646,0.000190064,0.000189507,0.000188972,0.000188459,0.000187965,0.000187489,0.00018703,0.000186587,0.000186158,0.000185743,0.000185341,0.000184951,0.000184572,0.000184204,0.000183847,0.000183498,0.000183159,0.000182829,0.000182506
0.000337664,0.000336418,0.000335162,0.000333897,0.000332621,0.000331335,0.000330038,0.000328729,0.000327409,0.000326076,0.000324732,0.000323374,0.000322002,0.000320617,0.000319217,0.000317803,0.000316372,0.000314926,0.000313462,0.000311981,0.000310481,0.000308962,0.000307423,0.000305864,0.000304282,0.000302677,0.000301048,0.000299394,0.000297713,0.000296003,0.000294265,0.000292495,0.000290692,0.000288854,0.000286979,0.000285064,0.000283108,0.000281108,0.000279059,0.000276961,0.000274808,0.000272597,0.000270324,0.000267985,0.000265574,0.000263087,0.000260518,0.000257862,0.000255114,0.000252268,0.000249323,0.000246277,0.000243135,0.000239908,0.000236615,0.000233289,0.000229974,0.000226723,0.00022359,0.000220622,0.000217848,0.000215285,0.000212932,0.00021078,0.000208814,0.000207016,0.000205371,0.00020386,0.00020247,0.000201186,0.000199997,0.000198892,0.000197862,0.000196898,0.000195995,0.000195145,0.000194344,0.000193587,0.000192869,0.000192188,0.000191539,0.00019092,0.000190329,0.000189763,0.000189221,0.0001887,0.000188199,0.000187716,0.000187251,0.000186802,0.000186368,0.000185948,0.000185541,0.000185146,0.000184764,0.000184392,0.00018403,0.000183678,0.000183336,0.000183002,0.000182677
0.000337892,0.000336649,0.000335397,0.000334134,0.000332862,0.000331579,0.000330285,0.00032898,0.000327663,0.000326335,0.000324994,0.00032364,0.000322273,0.000320892,0.000319497,0.000318087,0.000316661,0.00031522,0.000313761,0.000312286,0.000310792,0.000309279,0.000307747,0.000306194,0.000304619,0.000303022,0.0003014,0.000299754,0.000298082,0.000296382,0.000294653,0.000292894,0.000291102,0.000289275,0.000287413,0.000285512,0.00028357,0.000281585,0.000279553,0.000277472,0.000275338,0.000273148,0.000270897,0.000268582,0.000266197,0.000263738,0.0002612,0.000258577,0.000255864,0.000253057,0.000250153,0.000247149,0.000244049,0.000240862,0.000237604,0.000234303,0.000231001,0.000227746,0.000224591,0.000221586,0.000218765,0.000216147,0.000213738,0.000211531,0.000209512,0.000207666,0.000205976,0.000204425,0.000202998,0.000201682,0.000200463,0.000199331,0.000198277,0.000197292,0.000196369,0.000195502,0.000194684,0.000193912,0.000193181,0.000192487,0.000191827,0.000191198,0.000190597,0.000190022,0.000189471,0.000188943,0.000188435,0.000187946,0.000187474,0.000187019,0.00018658,0.000186154,0.000185743,0.000185344,0.000184957,0.000184581,0.000184215,0.00018386,0.000183514,0.000183177,0.000182848
0.00033812,0.00033688,0.000335631,0.000334371,0.000333102,0.000331822,0.000330532,0.00032923,0.000327917,0.000326592,0.000325255,0.000323905,0.000322542,0.000321165,0.000319775,0.000318369,0.000316949,0.000315512,0.000314059,0.000312589,0.000311101,0.000309595,0.000308068,0.000306522,0.000304954,0.000303364,0.000301751,0.000300113,0.000298449,0.000296758,0.000295039,0.000293289,0.000291508,0.000289693,0.000287843,0.000285955,0.000284027,0.000282057,0.000280041,0.000277977,0.000275862,0.000273692,0.000271463,0.000269171,0.000266811,0.00026438,0.000261871,0.00025928,0.000256602,0.000253832,0.000250967,0.000248004,0.000244946,0.000241799,0.000238577,0.000235305,0.000232019,0.000228765,0.000225594,0.000222557,0.000219692,0.000217023,0.000214559,0.000212296,0.000210225,0.00020833,0.000206594,0.000205002,0.000203538,0.000202187,0.000200938,0.000199779,0.0001987,0.000197692,0.000196749,0.000195863,0.000195029,0.000194242,0.000193497,0.00019279,0.000192119,0.000191479,0.000190868,0.000190284,0.000189725,0.000189188,0.000188673,0.000188177,0.000187699,0.000187238,0.000186793,0.000186363,0.000185946,0.000185543,0.000185151,0.000184771,0.000184402,0.000184042,0.000183693,0.000183352,0.000183021
0.000338348,0.00033711,0.000335864,0.000334607,0.000333341,0.000332064,0.000330777,0.000329479,0.000328169,0.000326848,0.000325515,0.000324169,0.00032281,0.000321438,0.000320051,0.000318651,0.000317235,0.000315803,0.000314356,0.000312891,0.000311409,0.000309908,0.000308388,0.000306848,0.000305287,0.000303704,0.000302099,0.000300469,0.000298813,0.000297131,0.000295421,0.000293682,0.000291911,0.000290108,0.00028827,0.000286394,0.00028448,0.000282524,0.000280524,0.000278477,0.00027638,0.000274229,0.000272021,0.000269752,0.000267417,0.000265012,0.000262532,0.000259972,0.000257328,0.000254594,0.000251767,0.000248844,0.000245827,0.000242719,0.000239535,0.000236293,0.000233027,0.000229778,0.000226597,0.000223533,0.000220628,0.00021791,0.000215393,0.000213076,0.000210952,0.000209007,0.000207225,0.000205591,0.000204088,0.000202703,0.000201422,0.000200235,0.00019913,0.0001981,0.000197136,0.000196231,0.00019538,0.000194577,0.000193818,0.000193098,0.000192414,0.000191763,0.000191142,0.000190549,0.000189981,0.000189437,0.000188914,0.000188411,0.000187927,0.00018746,0.000187009,0.000186573,0.000186151,0.000185743,0.000185347,0.000184963,0.000184589,0.000184226,0.000183873,0.000183529,0.000183194
0.000338574,0.00033734,0.000336096,0.000334843,0.000333579,0.000332306,0.000331022,0.000329727,0.000328421,0.000327103,0.000325774,0.000324432,0.000323077,0.000321709,0.000320327,0.000318931,0.00031752,0.000316093,0.000314651,0.000313191,0.000311715,0.00031022,0.000308706,0.000307173,0.000305618,0.000304043,0.000302444,0.000300822,0.000299175,0.000297502,0.000295801,0.000294072,0.000292311,0.000290519,0.000288692,0.00028683,0.000284929,0.000282987,0.000281003,0.000278972,0.000276892,0.00027476,0.000272573,0.000270325,0.000268014,0.000265635,0.000263183,0.000260654,0.000258041,0.000255342,0.000252552,0.000249668,0.000246691,0.000243624,0.000240477,0.000237267,0.000234024,0.000230786,0.000227599,0.000224513,0.000221572,0.000218809,0.00021624,0.00021387,0.000211693,0.000209698,0.000207869,0.000206192,0.00020465,0.000203229,0.000201916,0.000200699,0.000199569,0.000198514,0.000197529,0.000196605,0.000195736,0.000194917,0.000194143,0.00019341,0.000192714,0.000192052,0.00019142,0.000190817,0.000190241,0.000189688,0.000189157,0.000188647,0.000188156,0.000187683,0.000187226,0.000186785,0.000186358,0.000185945,0.000185544,0.000185156,0.000184778,0.000184411,0.000184055,0.000183707,0.000183369
0.0003388,0.000337568,0.000336327,0.000335077,0.000333817,0.000332547,0.000331266,0.000329974,0.000328672,0.000327358,0.000326032,0.000324694,0.000323343,0.000321979,0.000320601,0.00031921,0.000317803,0.000316382,0.000314944,0.00031349,0.000312019,0.00031053,0.000309022,0.000307495,0.000305948,0.000304379,0.000302788,0.000301173,0.000299535,0.00029787,0.000296178,0.000294458,0.000292708,0.000290927,0.000289112,0.000287261,0.000285373,0.000283446,0.000281476,0.000279461,0.000277399,0.000275285,0.000273117,0.000270892,0.000268604,0.000266249,0.000263824,0.000261324,0.000258743,0.000256078,0.000253324,0.000250478,0.00024754,0.000244513,0.000241403,0.000238227,0.000235009,0.000231785,0.000228597,0.000225495,0.000222523,0.000219717,0.000217099,0.000214677,0.000212448,0.000210402,0.000208526,0.000206804,0.000205222,0.000203765,0.000202419,0.000201173,0.000200015,0.000198936,0.000197929,0.000196985,0.000196098,0.000195262,0.000194473,0.000193726,0.000193017,0.000192343,0.000191702,0.000191089,0.000190503,0.000189942,0.000189403,0.000188886,0.000188388,0.000187909,0.000187446,0.000186999,0.000186567,0.000186149,0.000185743,0.00018535,0.000184969,0.000184598,0.000184237,0.000183887,0.000183545
0.000339025,0.000337796,0.000336558,0.000335311,0.000334054,0.000332786,0.000331509,0.000330221,0.000328922,0.000327611,0.000326289,0.000324955,0.000323608,0.000322248,0.000320874,0.000319487,0.000318085,0.000316669,0.000315236,0.000313787,0.000312322,0.000310838,0.000309337,0.000307816,0.000306275,0.000304713,0.000303129,0.000301522,0.000299891,0.000298235,0.000296553,0.000294842,0.000293102,0.000291331,0.000289527,0.000287689,0.000285814,0.0002839,0.000281944,0.000279945,0.000277899,0.000275804,0.000273656,0.000271451,0.000269185,0.000266855,0.000264456,0.000261984,0.000259434,0.000256802,0.000254082,0.000251274,0.000248374,0.000245386,0.000242314,0.000239172,0.000235982,0.000232774,0.000229591,0.000226477,0.000223479,0.000220635,0.00021797,0.000215497,0.000213216,0.00021112,0.000209196,0.00020743,0.000205807,0.000204312,0.000202932,0.000201655,0.00020047,0.000199366,0.000198335,0.000197371,0.000196465,0.000195612,0.000194808,0.000194047,0.000193325,0.000192639,0.000191986,0.000191364,0.000190768,0.000190198,0.000189652,0.000189127,0.000188622,0.000188136,0.000187667,0.000187215,0.000186777,0.000186354,0.000185944,0.000185546,0.000185161,0.000184786,0.000184422,0.000184067,0.000183722
0.00033925,0.000338024,0.000336788,0.000335544,0.000334289,0.000333025,0.000331751,0.000330466,0.00032917,0.000327863,0.000326545,0.000325214,0.000323871,0.000322516,0.000321146,0.000319764,0.000318366,0.000316954,0.000315527,0.000314083,0.000312623,0.000311145,0.000309649,0.000308135,0.0003066,0.000305045,0.000303468,0.000301869,0.000300246,0.000298598,0.000296924,0.000295223,0.000293493,0.000291732,0.000289939,0.000288113,0.00028625,0.000284349,0.000282408,0.000280424,0.000278395,0.000276317,0.000274187,0.000272003,0.000269759,0.000267453,0.000265079,0.000262635,0.000260114,0.000257513,0.000254828,0.000252056,0.000249194,0.000246243,0.00024321,0.000240103,0.000236942,0.000233754,0.000230578,0.000227458,0.000224438,0.00022156,0.000218851,0.000216329,0.000213997,0.000211851,0.000209879,0.000208067,0.000206403,0.00020487,0.000203455,0.000202147,0.000200932,0.000199803,0.000198749,0.000197763,0.000196838,0.000195968,0.000195148,0.000194372,0.000193637,0.000192939,0.000192275,0.000191642,0.000191037,0.000190458,0.000189903,0.000189371,0.000188859,0.000188366,0.000187891,0.000187433,0.00018699,0.000186561,0.000186146,0.000185744,0.000185354,0.000184975,0.000184607,0.000184249,0.0001839
0.000339474,0.00033825,0.000337018,0.000335776,0.000334524,0.000333263,0.000331992,0.000330711,0.000329418,0.000328115,0.0003268,0.000325473,0.000324134,0.000322782,0.000321417,0.000320039,0.000318646,0.000317239,0.000315816,0.000314377,0.000312922,0.00031145,0.00030996,0.000308452,0.000306924,0.000305375,0.000303805,0.000302214,0.000300598,0.000298959,0.000297293,0.000295601,0.000293881,0.00029213,0.000290348,0.000288533,0.000286682,0.000284795,0.000282868,0.000280899,0.000278885,0.000276824,0.000274713,0.000272548,0.000270325,0.000268042,0.000265693,0.000263275,0.000260784,0.000258214,0.000255562,0.000252824,0.000249999,0.000247086,0.00024409,0.000241018,0.000237888,0.000234723,0.000231559,0.000228436,0.000225399,0.000222491,0.000219742,0.000217173,0.000214792,0.000212595,0.000210574,0.000208717,0.00020701,0.000205438,0.000203988,0.000202647,0.000201404,0.000200248,0.00019917,0.000198162,0.000197218,0.00019633,0.000195493,0.000194702,0.000193953,0.000193243,0.000192567,0.000191923,0.000191308,0.00019072,0.000190157,0.000189617,0.000189098,0.000188598,0.000188117,0.000187652,0.000187204,0.00018677,0.00018635,0.000185943,0.000185549,0.000185166,0.000184794,0.000184432,0.00018408
0.000339697,0.000338476,0.000337246,0.000336007,0.000334759,0.000333501,0.000332233,0.000330954,0.000329665,0.000328365,0.000327054,0.000325731,0.000324396,0.000323048,0.000321687,0.000320313,0.000318924,0.000317522,0.000316104,0.00031467,0.000313221,0.000311754,0.00031027,0.000308767,0.000307245,0.000305703,0.000304141,0.000302556,0.000300948,0.000299317,0.00029766,0.000295977,0.000294265,0.000292525,0.000290754,0.00028895,0.000287111,0.000285236,0.000283323,0.000281368,0.00027937,0.000277326,0.000275232,0.000273087,0.000270885,0.000268624,0.000266299,0.000263907,0.000261443,0.000258903,0.000256283,0.00025358,0.00025079,0.000247914,0.000244955,0.000241919,0.00023882,0.000235681,0.000232531,0.00022941,0.000226361,0.000223427,0.000220641,0.000218028,0.000215598,0.000213352,0.000211283,0.00020938,0.00020763,0.000206018,0.000204532,0.000203158,0.000201884,0.000200701,0.000199599,0.000198568,0.000197603,0.000196697,0.000195843,0.000195037,0.000194274,0.00019355,0.000192863,0.000192208,0.000191583,0.000190986,0.000190414,0.000189866,0.000189339,0.000188833,0.000188345,0.000187874,0.00018742,0.000186981,0.000186556,0.000186144,0.000185745,0.000185358,0.000184982,0.000184616,0.00018426
0.000339919,0.000338701,0.000337474,0.000336238,0.000334992,0.000333737,0.000332472,0.000331197,0.000329911,0.000328615,0.000327307,0.000325987,0.000324656,0.000323312,0.000321955,0.000320585,0.000319202,0.000317803,0.00031639,0.000314962,0.000313517,0.000312056,0.000310577,0.000309081,0.000307565,0.00030603,0.000304474,0.000302896,0.000301296,0.000299672,0.000298024,0.000296349,0.000294647,0.000292917,0.000291156,0.000289363,0.000287536,0.000285674,0.000283773,0.000281833,0.00027985,0.000277822,0.000275746,0.000273619,0.000271437,0.000269198,0.000266897,0.00026453,0.000262093,0.000259582,0.000256993,0.000254322,0.000251568,0.000248728,0.000245806,0.000242805,0.000239739,0.000236626,0.000233494,0.000230378,0.000227322,0.000224366,0.000221548,0.000218893,0.000216416,0.000214121,0.000212004,0.000210055,0.000208261,0.000206609,0.000205086,0.000203678,0.000202374,0.000201162,0.000200035,0.000198981,0.000197995,0.00019707,0.000196198,0.000195376,0.000194599,0.000193862,0.000193163,0.000192497,0.000191861,0.000191255,0.000190674,0.000190117,0.000189583,0.000189069,0.000188575,0.000188098,0.000187638,0.000187193,0.000186763,0.000186347,0.000185943,0.000185552,0.000185171,0.000184802,0.000184442
0.000340141,0.000338925,0.000337701,0.000336468,0.000335225,0.000333973,0.000332711,0.000331439,0.000330157,0.000328863,0.000327559,0.000326243,0.000324915,0.000323575,0.000322223,0.000320857,0.000319477,0.000318084,0.000316675,0.000315252,0.000313812,0.000312357,0.000310883,0.000309393,0.000307883,0.000306354,0.000304805,0.000303234,0.000301641,0.000300026,0.000298385,0.000296719,0.000295027,0.000293306,0.000291555,0.000289773,0.000287957,0.000286107,0.00028422,0.000282293,0.000280325,0.000278313,0.000276254,0.000274145,0.000271983,0.000269765,0.000267486,0.000265143,0.000262733,0.00026025,0.000257691,0.000255053,0.000252333,0.000249529,0.000246642,0.000243677,0.000240644,0.000237558,0.000234446,0.000231341,0.000228281,0.000225308,0.00022246,0.000219766,0.000217245,0.000214903,0.000212738,0.000210742,0.000208905,0.000207212,0.00020565,0.000204208,0.000202872,0.000201632,0.000200478,0.000199401,0.000198394,0.000197448,0.000196559,0.000195721,0.000194929,0.000194179,0.000193466,0.000192789,0.000192143,0.000191526,0.000190937,0.000190372,0.000189829,0.000189308,0.000188807,0.000188324,0.000187858,0.000187408,0.000186972,0.000186551,0.000186143,0.000185747,0.000185362,0.000184989,0.000184625
0.000340362,0.000339149,0.000337927,0.000336697,0.000335457,0.000334208,0.000332949,0.00033168,0.000330401,0.000329111,0.00032781,0.000326498,0.000325174,0.000323838,0.000322489,0.000321127,0.000319752,0.000318363,0.000316959,0.000315541,0.000314106,0.000312656,0.000311188,0.000309703,0.000308199,0.000306677,0.000305134,0.00030357,0.000301985,0.000300376,0.000298744,0.000297087,0.000295403,0.000293691,0.000291951,0.000290179,0.000288375,0.000286537,0.000284662,0.000282749,0.000280796,0.000278799,0.000276756,0.000274665,0.000272522,0.000270324,0.000268068,0.000265749,0.000263364,0.000260909,0.000258379,0.000255772,0.000253085,0.000250315,0.000247464,0.000244534,0.000241534,0.000238478,0.000235389,0.000232295,0.000229236,0.00022625,0.000223377,0.000220648,0.000218084,0.000215696,0.000213484,0.000211442,0.00020956,0.000207826,0.000206226,0.000204748,0.00020338,0.00020211,0.00020093,0.000199828,0.000198799,0.000197833,0.000196926,0.000196071,0.000195264,0.000194499,0.000193774,0.000193085,0.000192428,0.000191801,0.000191202,0.000190629,0.000190079,0.00018955,0.000189042,0.000188552,0.00018808,0.000187624,0.000187183,0.000186757,0.000186344,0.000185943,0.000185555,0.000185177,0.00018481
0.000340583,0.000339372,0.000338153,0.000336925,0.000335688,0.000334442,0.000333186,0.00033192,0.000330644,0.000329358,0.00032806,0.000326752,0.000325431,0.000324099,0.000322754,0.000321397,0.000320026,0.000318641,0.000317242,0.000315828,0.000314398,0.000312953,0.000311491,0.000310011,0.000308514,0.000306997,0.000305461,0.000303904,0.000302326,0.000300725,0.000299101,0.000297452,0.000295777,0.000294074,0.000292343,0.000290582,0.000288789,0.000286963,0.0002851,0.000283201,0.000281261,0.00027928,0.000277254,0.00027518,0.000273055,0.000270877,0.000268642,0.000266346,0.000263986,0.000261557,0.000259057,0.00025648,0.000253825,0.000251089,0.000248272,0.000245377,0.000242411,0.000239385,0.00023632,0.000233242,0.000230186,0.000227192,0.000224297,0.000221536,0.000218933,0.0002165,0.000214242,0.000212154,0.000210227,0.000208451,0.000206812,0.000205298,0.000203897,0.000202597,0.000201389,0.000200263,0.000199211,0.000198225,0.000197298,0.000196426,0.000195603,0.000194824,0.000194086,0.000193385,0.000192717,0.00019208,0.000191471,0.000190889,0.00019033,0.000189794,0.000189279,0.000188782,0.000188304,0.000187842,0.000187396,0.000186964,0.000186546,0.000186141,0.000185748,0.000185367,0.000184996
0.000340802,0.000339594,0.000338378,0.000337153,0.000335919,0.000334675,0.000333422,0.00033216,0.000330887,0.000329604,0.00032831,0.000327004,0.000325688,0.000324359,0.000323018,0.000321665,0.000320298,0.000318918,0.000317523,0.000316114,0.000314689,0.000313249,0.000311792,0.000310318,0.000308827,0.000307316,0.000305786,0.000304236,0.000302665,0.000301072,0.000299455,0.000297814,0.000296148,0.000294455,0.000292733,0.000290982,0.0002892,0.000287385,0.000285535,0.000283648,0.000281723,0.000279756,0.000277745,0.000275688,0.000273582,0.000271424,0.000269209,0.000266936,0.0002646,0.000262197,0.000259724,0.000257177,0.000254553,0.00025185,0.000249067,0.000246207,0.000243274,0.000240279,0.000237239,0.000234179,0.000231131,0.000228131,0.00022522,0.000222431,0.00021979,0.000217315,0.000215011,0.000212877,0.000210906,0.000209087,0.000207409,0.000205858,0.000204424,0.000203093,0.000201857,0.000200705,0.000199629,0.000198622,0.000197677,0.000196787,0.000195948,0.000195154,0.000194402,0.000193688,0.000193009,0.000192362,0.000191743,0.000191152,0.000190585,0.000190041,0.000189518,0.000189015,0.00018853,0.000188062,0.000187611,0.000187174,0.000186751,0.000186341,0.000185944,0.000185558,0.000185183
0.000341022,0.000339816,0.000338602,0.00033738,0.000336149,0.000334908,0.000333658,0.000332398,0.000331129,0.000329849,0.000328558,0.000327256,0.000325943,0.000324618,0.000323281,0.000321932,0.000320569,0.000319193,0.000317803,0.000316398,0.000314979,0.000313544,0.000312092,0.000310624,0.000309138,0.000307633,0.00030611,0.000304566,0.000303002,0.000301416,0.000299807,0.000298174,0.000296516,0.000294832,0.00029312,0.000291379,0.000289607,0.000287804,0.000285966,0.000284092,0.000282179,0.000280227,0.000278232,0.000276192,0.000274103,0.000271963,0.000269769,0.000267518,0.000265205,0.000262827,0.000260381,0.000257863,0.000255269,0.000252599,0.000249849,0.000247023,0.000244123,0.000241159,0.000238146,0.000235106,0.000232068,0.000229068,0.000226143,0.000223329,0.000220655,0.000218139,0.000215791,0.000213612,0.000211597,0.000209736,0.000208017,0.000206429,0.00020496,0.000203598,0.000202333,0.000201155,0.000200055,0.000199026,0.000198061,0.000197153,0.000196297,0.000195489,0.000194723,0.000193996,0.000193305,0.000192647,0.000192018,0.000191417,0.000190842,0.00019029,0.00018976,0.00018925,0.000188758,0.000188285,0.000187827,0.000187385,0.000186957,0.000186542,0.00018614,0.00018575,0.000185371
0.00034124,0.000340037,0.000338826,0.000337606,0.000336378,0.00033514,0.000333893,0.000332636,0.00033137,0.000330093,0.000328805,0.000327507,0.000326198,0.000324876,0.000323543,0.000322198,0.000320839,0.000319467,0.000318082,0.000316682,0.000315267,0.000313837,0.00031239,0.000310927,0.000309447,0.000307949,0.000306431,0.000304894,0.000303337,0.000301758,0.000300157,0.000298532,0.000296882,0.000295207,0.000293504,0.000291773,0.000290012,0.000288219,0.000286392,0.000284531,0.000282632,0.000280694,0.000278714,0.000276689,0.000274618,0.000272497,0.000270323,0.000268092,0.000265802,0.000263449,0.000261029,0.000258539,0.000255975,0.000253335,0.000250619,0.000247825,0.000244959,0.000242027,0.000239041,0.000236023,0.000232998,0.000230001,0.000227066,0.000224231,0.000221526,0.000218972,0.000216582,0.000214359,0.000212299,0.000210395,0.000208636,0.00020701,0.000205506,0.000204112,0.000202818,0.000201613,0.000200489,0.000199437,0.000198451,0.000197525,0.000196652,0.000195828,0.000195048,0.000194308,0.000193605,0.000192935,0.000192297,0.000191686,0.000191102,0.000190542,0.000190004,0.000189487,0.000188989,0.000188509,0.000188046,0.000187598,0.000187165,0.000186745,0.000186339,0.000185944,0.000185561
0.000341458,0.000340258,0.000339049,0.000337832,0.000336606,0.000335371,0.000334127,0.000332873,0.00033161,0.000330336,0.000329052,0.000327757,0.000326451,0.000325134,0.000323804,0.000322462,0.000321108,0.00031974,0.000318359,0.000316964,0.000315554,0.000314128,0.000312687,0.00031123,0.000309755,0.000308262,0.000306751,0.000305221,0.00030367,0.000302098,0.000300504,0.000298887,0.000297245,0.000295579,0.000293885,0.000292164,0.000290413,0.00028863,0.000286816,0.000284966,0.00028308,0.000281156,0.00027919,0.000277182,0.000275127,0.000273024,0.000270869,0.000268659,0.000266391,0.000264062,0.000261667,0.000259204,0.00025667,0.000254061,0.000251376,0.000248615,0.000245781,0.000242881,0.000239924,0.000236929,0.00023392,0.000230928,0.000227988,0.000225135,0.000222402,0.000219813,0.000217382,0.000215116,0.000213013,0.000211066,0.000209266,0.000207602,0.000206062,0.000204636,0.000203311,0.000202079,0.000200929,0.000199855,0.000198848,0.000197903,0.000197012,0.000196172,0.000195377,0.000194624,0.000193909,0.000193228,0.000192579,0.000191958,0.000191365,0.000190797,0.000190251,0.000189726,0.000189222,0.000188735,0.000188266,0.000187813,0.000187374,0.00018695,0.000186539,0.00018614,0.000185753
0.000341675,0.000340477,0.000339271,0.000338057,0.000336833,0.000335601,0.00033436,0.000333109,0.000331849,0.000330578,0.000329298,0.000328006,0.000326704,0.00032539,0.000324064,0.000322726,0.000321376,0.000320012,0.000318635,0.000317245,0.000315839,0.000314419,0.000312983,0.00031153,0.000310061,0.000308574,0.000307069,0.000305545,0.000304001,0.000302436,0.000300849,0.00029924,0.000297606,0.000295948,0.000294264,0.000292551,0.00029081,0.000289039,0.000287235,0.000285398,0.000283525,0.000281613,0.000279662,0.000277669,0.000275631,0.000273545,0.000271409,0.000269219,0.000266973,0.000264667,0.000262297,0.00025986,0.000257354,0.000254774,0.000252121,0.000249392,0.000246591,0.000243722,0.000240794,0.000237824,0.000234833,0.000231849,0.000228907,0.00022604,0.000223283,0.000220661,0.000218192,0.000215884,0.000213737,0.000211748,0.000209907,0.000208205,0.000206629,0.000205168,0.000203813,0.000202552,0.000201377,0.00020028,0.000199251,0.000198286,0.000197378,0.000196521,0.000195712,0.000194945,0.000194216,0.000193524,0.000192864,0.000192234,0.000191631,0.000191054,0.0001905,0.000189968,0.000189457,0.000188964,0.000188488,0.000188029,0.000187585,0.000187156,0.00018674,0.000186337,0.000185945
0.000341892,0.000340696,0.000339493,0.000338281,0.00033706,0.000335831,0.000334592,0.000333345,0.000332087,0.00033082,0.000329542,0.000328254,0.000326955,0.000325645,0.000324323,0.000322989,0.000321642,0.000320283,0.00031891,0.000317524,0.000316123,0.000314708,0.000313277,0.00031183,0.000310366,0.000308885,0.000307386,0.000305868,0.00030433,0.000302772,0.000301192,0.00029959,0.000297965,0.000296315,0.000294639,0.000292936,0.000291205,0.000289444,0.000287651,0.000285826,0.000283965,0.000282067,0.00028013,0.000278152,0.000276129,0.000274061,0.000271943,0.000269773,0.000267547,0.000265264,0.000262918,0.000260507,0.000258028,0.000255477,0.000252854,0.000250157,0.000247388,0.00024455,0.000241652,0.000238707,0.000235736,0.000232763,0.000229822,0.000226945,0.000224168,0.000221516,0.00021901,0.000216661,0.000214473,0.000212441,0.000210559,0.000208817,0.000207205,0.000205711,0.000204324,0.000203035,0.000201833,0.000200711,0.000199661,0.000198676,0.000197749,0.000196876,0.000196051,0.000195269,0.000194528,0.000193824,0.000193153,0.000192512,0.0001919,0.000191314,0.000190752,0.000190213,0.000189694,0.000189194,0.000188713,0.000188248,0.000187799,0.000187364,0.000186943,0.000186535,0.000186139
0.000342108,0.000340915,0.000339714,0.000338504,0.000337286,0.00033606,0.000334824,0.000333579,0.000332325,0.000331061,0.000329786,0.000328501,0.000327206,0.000325899,0.000324581,0.00032325,0.000321908,0.000320553,0.000319184,0.000317802,0.000316406,0.000314995,0.000313569,0.000312127,0.000310669,0.000309193,0.0003077,0.000306188,0.000304657,0.000303106,0.000301533,0.000299939,0.000298321,0.000296679,0.000295012,0.000293318,0.000291597,0.000289846,0.000288064,0.00028625,0.000284401,0.000282516,0.000280593,0.000278629,0.000276623,0.000274571,0.000272471,0.00027032,0.000268115,0.000265853,0.00026353,0.000261144,0.000258692,0.00025617,0.000253576,0.00025091,0.000248172,0.000245365,0.000242497,0.000239579,0.000236628,0.00023367,0.000230732,0.000227849,0.000225054,0.000222376,0.000219836,0.000217448,0.000215218,0.000213145,0.000211222,0.000209441,0.000207791,0.000206263,0.000204844,0.000203525,0.000202297,0.00020115,0.000200078,0.000199072,0.000198126,0.000197235,0.000196394,0.000195599,0.000194844,0.000194127,0.000193445,0.000192794,0.000192172,0.000191577,0.000191007,0.00019046,0.000189934,0.000189427,0.000188939,0.000188468,0.000188014,0.000187574,0.000187148,0.000186735,0.000186335
0.000342323,0.000341132,0.000339934,0.000338727,0.000337512,0.000336288,0.000335055,0.000333813,0.000332562,0.0003313,0.000330029,0.000328748,0.000327455,0.000326152,0.000324837,0.000323511,0.000322172,0.000320821,0.000319457,0.000318079,0.000316688,0.000315281,0.00031386,0.000312423,0.00031097,0.0003095,0.000308013,0.000306507,0.000304982,0.000303438,0.000301872,0.000300285,0.000298675,0.000297041,0.000295382,0.000293698,0.000291986,0.000290245,0.000288473,0.00028667,0.000284833,0.000282961,0.000281051,0.000279102,0.000277111,0.000275075,0.000272992,0.00027086,0.000268675,0.000266434,0.000264135,0.000261773,0.000259346,0.000256852,0.000254287,0.000251651,0.000248944,0.000246168,0.00024333,0.000240439,0.000237511,0.000234568,0.000231637,0.000228751,0.000225942,0.000223239,0.000220668,0.000218244,0.000215974,0.000213859,0.000211895,0.000210075,0.000208388,0.000206824,0.000205373,0.000204024,0.000202768,0.000201597,0.000200501,0.000199474,0.000198509,0.000197601,0.000196743,0.000195933,0.000195164,0.000194435,0.000193741,0.000193079,0.000192448,0.000191844,0.000191265,0.000190709,0.000190176,0.000189663,0.000189168,0.000188691,0.00018823,0.000187785,0.000187354,0.000186937,0.000186532
0.000342538,0.00034135,0.000340153,0.000338949,0.000337737,0.000336515,0.000335285,0.000334046,0.000332798,0.000331539,0.000330271,0.000328993,0.000327704,0.000326404,0.000325093,0.00032377,0.000322436,0.000321089,0.000319728,0.000318355,0.000316968,0.000315566,0.00031415,0.000312718,0.00031127,0.000309806,0.000308324,0.000306824,0.000305306,0.000303767,0.000302209,0.000300629,0.000299026,0.000297401,0.00029575,0.000294074,0.000292371,0.00029064,0.000288879,0.000287087,0.000285262,0.000283402,0.000281505,0.00027957,0.000277594,0.000275574,0.000273508,0.000271394,0.000269228,0.000267008,0.000264731,0.000262393,0.000259992,0.000257524,0.000254987,0.000252381,0.000249704,0.000246959,0.00024415,0.000241287,0.000238382,0.000235457,0.000232536,0.000229649,0.000226829,0.000224107,0.000221506,0.000219047,0.000216738,0.000214583,0.000212579,0.000210719,0.000208995,0.000207396,0.000205911,0.000204532,0.000203248,0.00020205,0.000200931,0.000199882,0.000198898,0.000197971,0.000197097,0.000196271,0.000195489,0.000194747,0.000194041,0.000193368,0.000192726,0.000192113,0.000191525,0.000190962,0.000190421,0.0001899,0.000189399,0.000188916,0.000188449,0.000187998,0.000187562,0.00018714,0.000186731
0.000342752,0.000341566,0.000340372,0.000339171,0.000337961,0.000336742,0.000335515,0.000334278,0.000333033,0.000331778,0.000330513,0.000329238,0.000327952,0.000326656,0.000325348,0.000324029,0.000322698,0.000321355,0.000319999,0.00031863,0.000317247,0.00031585,0.000314438,0.000313012,0.000311569,0.00031011,0.000308634,0.00030714,0.000305627,0.000304095,0.000302543,0.00030097,0.000299376,0.000297758,0.000296116,0.000294448,0.000292754,0.000291033,0.000289282,0.000287501,0.000285687,0.000283839,0.000281955,0.000280034,0.000278072,0.000276068,0.000274018,0.000271922,0.000269775,0.000267576,0.00026532,0.000263005,0.000260628,0.000258186,0.000255677,0.0002531,0.000250453,0.000247738,0.000244958,0.000242123,0.000239243,0.000236337,0.000233427,0.000230543,0.000227716,0.000224976,0.00022235,0.000219858,0.000217512,0.000215317,0.000213273,0.000211374,0.000209612,0.000207977,0.000206459,0.000205049,0.000203736,0.000202512,0.000201368,0.000200297,0.000199292,0.000198347,0.000197456,0.000196615,0.000195818,0.000195062,0.000194344,0.00019366,0.000193008,0.000192385,0.000191788,0.000191217,0.000190668,0.00019014,0.000189632,0.000189142,0.00018867,0.000188214,0.000187772,0.000187345,0.000186931
