CO2 dmu_drho [uPa_s/kg/m3] Mixed
0.11117,0.109161,0.106971,0.104541,0.101772,0.0984796,0.0942375,0.0875547,0.0729884,0.0657724,0.0633229,0.0618875,0.0608735,0.0600894,0.0594498,0.0589093,0.0584411,0.0580278,0.0576577,0.0573224,0.0570158,0.0567333,0.0564712,0.0562266,0.0559974,0.0557816,0.0555776,0.0553843,0.0552004,0.0550251,0.0548576,0.0546971,0.0545431,0.054395,0.0542523,0.0541148,0.0539819,0.0538533,0.0537289,0.0536082,0.0534911,0.0533773,0.0532666,0.0531589,0.053054,0.0529517,0.0528519,0.0527545,0.0526594,0.0525663,0.0524753,0.0523863,0.0522991,0.0522137,0.0521299,0.0520478,0.0519673,0.0518882,0.0518106,0.0517343,0.0516593,0.0515857,0.0515132,0.051442,0.0513719,0.0513028,0.0512349,0.0511679,0.051102,0.051037,0.050973,0.0509098,0.0508475,0.0507861,0.0507255,0.0506657,0.0506066,0.0505483,0.0504908,0.0504339,0.0503778,0.0503223,0.0502675,0.0502133,0.0501597,0.0501068,0.0500544,0.0500026,0.0499513,0.0499007,0.0498505,0.0498009,0.0497517,0.0497031,0.049655,0.0496073,0.0495601,0.0495134,0.0494671,0.0494213,0.0493758
0.111553,0.109584,0.107445,0.105085,0.102418,0.0992916,0.095377,0.089698,0.0773352,0.0670909,0.0639811,0.0623296,0.0612093,0.060362,0.0596804,0.0591099,0.0586192,0.0581884,0.0578042,0.0574574,0.0571412,0.0568504,0.0565813,0.0563306,0.056096,0.0558755,0.0556673,0.0554701,0.0552828,0.0551044,0.054934,0.0547709,0.0546145,0.0544642,0.0543196,0.0541801,0.0540454,0.0539152,0.0537892,0.0536671,0.0535486,0.0534335,0.0533216,0.0532128,0.0531068,0.0530035,0.0529027,0.0528044,0.0527084,0.0526145,0.0525227,0.0524329,0.0523449,0.0522588,0.0521744,0.0520916,0.0520105,0.0519308,0.0518526,0.0517758,0.0517003,0.0516261,0.0515532,0.0514814,0.0514108,0.0513414,0.051273,0.0512056,0.0511393,0.0510739,0.0510095,0.0509459,0.0508833,0.0508215,0.0507606,0.0507004,0.0506411,0.0505825,0.0505246,0.0504675,0.050411,0.0503553,0.0503002,0.0502457,0.0501919,0.0501387,0.050086,0.050034,0.0499825,0.0499316,0.0498812,0.0498314,0.049782,0.0497332,0.0496849,0.049637,0.0495896,0.0495427,0.0494962,0.0494502,0.0494046
0.111929,0.109996,0.107905,0.105609,0.103033,0.10005,0.0964001,0.0914001,0.0818489,0.0689377,0.0647586,0.0628223,0.0615731,0.0606523,0.0599232,0.0593196,0.0588043,0.0583545,0.0579552,0.0575961,0.0572697,0.0569703,0.0566938,0.0564367,0.0561965,0.055971,0.0557584,0.0555573,0.0553665,0.0551848,0.0550115,0.0548457,0.0546868,0.0545343,0.0543875,0.0542461,0.0541096,0.0539777,0.0538501,0.0537265,0.0536066,0.0534902,0.0533771,0.0532671,0.05316,0.0530557,0.0529539,0.0528546,0.0527577,0.0526629,0.0525703,0.0524797,0.0523911,0.0523042,0.0522191,0.0521357,0.0520539,0.0519736,0.0518948,0.0518174,0.0517414,0.0516667,0.0515933,0.051521,0.05145,0.0513801,0.0513112,0.0512435,0.0511767,0.0511109,0.0510461,0.0509822,0.0509192,0.0508571,0.0507958,0.0507353,0.0506756,0.0506167,0.0505585,0.0505011,0.0504444,0.0503883,0.0503329,0.0502782,0.0502241,0.0501707,0.0501178,0.0500655,0.0500138,0.0499626,0.049912,0.049862,0.0498124,0.0497634,0.0497148,0.0496667,0.0496192,0.049572,0.0495254,0.0494791,0.0494333
0.112296,0.110398,0.108351,0.106114,0.103621,0.100764,0.0973323,0.0928266,0.0853534,0.0716833,0.0657046,0.063378,0.0619696,0.0609628,0.0601798,0.0595392,0.0589969,0.0585266,0.0581111,0.0577389,0.0574016,0.0570931,0.0568087,0.056545,0.0562989,0.0560682,0.0558511,0.0556459,0.0554513,0.0552663,0.05509,0.0549214,0.05476,0.0546051,0.0544562,0.0543128,0.0541744,0.0540408,0.0539116,0.0537865,0.0536652,0.0535474,0.0534331,0.0533219,0.0532136,0.0531082,0.0530054,0.0529052,0.0528073,0.0527117,0.0526183,0.0525269,0.0524375,0.0523499,0.0522641,0.05218,0.0520975,0.0520167,0.0519373,0.0518593,0.0517828,0.0517075,0.0516336,0.0515609,0.0514893,0.0514189,0.0513497,0.0512815,0.0512143,0.0511481,0.0510829,0.0510186,0.0509552,0.0508928,0.0508311,0.0507703,0.0507103,0.0506511,0.0505926,0.0505348,0.0504778,0.0504215,0.0503658,0.0503108,0.0502565,0.0502027,0.0501496,0.0500971,0.0500451,0.0499937,0.0499429,0.0498926,0.0498428,0.0497936,0.0497448,0.0496966,0.0496488,0.0496014,0.0495546,0.0495082,0.0494622
0.112656,0.110791,0.108786,0.106603,0.104185,0.101438,0.0981915,0.0940644,0.0878543,0.0753083,0.0669031,0.0640147,0.0624054,0.0612965,0.0604518,0.0597698,0.0591978,0.058705,0.0582721,0.0578858,0.057537,0.0572189,0.0569263,0.0566555,0.0564033,0.0561672,0.0559453,0.0557358,0.0555375,0.055349,0.0551695,0.0549981,0.0548341,0.0546768,0.0545256,0.0543802,0.0542399,0.0541045,0.0539737,0.053847,0.0537242,0.0536051,0.0534895,0.053377,0.0532676,0.0531611,0.0530573,0.0529561,0.0528573,0.0527608,0.0526665,0.0525743,0.0524841,0.0523958,0.0523093,0.0522245,0.0521414,0.0520599,0.0519799,0.0519014,0.0518243,0.0517485,0.0516741,0.0516008,0.0515288,0.051458,0.0513882,0.0513196,0.051252,0.0511854,0.0511198,0.0510552,0.0509914,0.0509286,0.0508666,0.0508054,0.0507451,0.0506855,0.0506267,0.0505687,0.0505114,0.0504547,0.0503988,0.0503435,0.0502889,0.0502349,0.0501815,0.0501288,0.0500766,0.0500249,0.0499739,0.0499234,0.0498734,0.0498239,0.0497749,0.0497264,0.0496784,0.0496309,0.0495839,0.0495373,0.0494911
0.113009,0.111175,0.109209,0.107076,0.104727,0.102079,0.0989905,0.0951643,0.0897804,0.0792616,0.0685052,0.0647583,0.0628888,0.0616571,0.060741,0.0600125,0.0594076,0.0588905,0.0584386,0.0580373,0.0576762,0.0573478,0.0570466,0.0567684,0.0565098,0.0562681,0.0560412,0.0558273,0.0556249,0.0554329,0.0552502,0.0550759,0.0549091,0.0547493,0.0545959,0.0544483,0.0543061,0.0541689,0.0540363,0.053908,0.0537838,0.0536633,0.0535463,0.0534326,0.0533221,0.0532145,0.0531096,0.0530074,0.0529076,0.0528103,0.0527151,0.0526221,0.0525311,0.052442,0.0523548,0.0522693,0.0521856,0.0521034,0.0520228,0.0519437,0.051866,0.0517897,0.0517147,0.051641,0.0515685,0.0514972,0.051427,0.0513579,0.0512899,0.0512229,0.0511569,0.0510918,0.0510277,0.0509645,0.0509022,0.0508407,0.05078,0.0507201,0.050661,0.0506026,0.050545,0.0504881,0.0504319,0.0503763,0.0503214,0.0502672,0.0502136,0.0501605,0.0501081,0.0500562,0.0500049,0.0499542,0.049904,0.0498543,0.0498051,0.0497564,0.0497082,0.0496605,0.0496132,0.0495664,0.0495201
0.113355,0.111551,0.109621,0.107535,0.105249,0.10269,0.099739,0.0961586,0.0913598,0.0830103,0.0707591,0.0656487,0.0634311,0.0620491,0.06105,0.0602686,0.0596273,0.0590834,0.0586111,0.0581936,0.0578193,0.0574801,0.0571698,0.0568838,0.0566184,0.0563708,0.0561387,0.0559202,0.0557138,0.0555181,0.055332,0.0551546,0.0549851,0.0548227,0.054667,0.0545172,0.054373,0.0542339,0.0540996,0.0539697,0.0538439,0.053722,0.0536036,0.0534887,0.053377,0.0532682,0.0531623,0.053059,0.0529583,0.05286,0.052764,0.0526701,0.0525783,0.0524885,0.0524005,0.0523144,0.05223,0.0521472,0.0520659,0.0519862,0.051908,0.0518311,0.0517556,0.0516813,0.0516084,0.0515366,0.0514659,0.0513964,0.0513279,0.0512605,0.0511941,0.0511287,0.0510642,0.0510006,0.0509379,0.050876,0.050815,0.0507548,0.0506954,0.0506367,0.0505788,0.0505216,0.0504651,0.0504092,0.0503541,0.0502996,0.0502457,0.0501924,0.0501397,0.0500876,0.0500361,0.0499851,0.0499346,0.0498847,0.0498353,0.0497864,0.049738,0.0496901,0.0496427,0.0495957,0.0495491
0.113695,0.111918,0.110023,0.107982,0.105753,0.103275,0.100444,0.0970693,0.0927093,0.0858917,0.0737829,0.0667501,0.0640476,0.0624785,0.0613813,0.0605398,0.0598577,0.0592844,0.0587899,0.058355,0.0579667,0.057616,0.057296,0.0570018,0.0567293,0.0564756,0.0562381,0.0560148,0.0558041,0.0556045,0.055415,0.0552344,0.055062,0.0548971,0.0547389,0.0545869,0.0544406,0.0542996,0.0541635,0.0540319,0.0539046,0.0537812,0.0536615,0.0535452,0.0534323,0.0533223,0.0532153,0.053111,0.0530093,0.0529101,0.0528132,0.0527185,0.0526259,0.0525352,0.0524466,0.0523597,0.0522746,0.0521911,0.0521093,0.052029,0.0519501,0.0518727,0.0517966,0.0517219,0.0516484,0.0515761,0.051505,0.051435,0.0513661,0.0512983,0.0512315,0.0511656,0.0511007,0.0510368,0.0509737,0.0509115,0.0508502,0.0507896,0.0507299,0.0506709,0.0506127,0.0505552,0.0504984,0.0504422,0.0503868,0.050332,0.0502779,0.0502243,0.0501714,0.050119,0.0500673,0.0500161,0.0499654,0.0499152,0.0498656,0.0498165,0.0497679,0.0497198,0.0496722,0.049625,0.0495782
0.114029,0.112279,0.110416,0.108416,0.10624,0.103835,0.101112,0.0979119,0.093895,0.0880784,0.0771755,0.0681706,0.0647605,0.0629529,0.0617386,0.0608279,0.0601001,0.0594944,0.0589756,0.0585219,0.0581186,0.0577556,0.0574254,0.0571225,0.0568426,0.0565824,0.0563392,0.056111,0.0558958,0.0556923,0.0554991,0.0553153,0.05514,0.0549723,0.0548116,0.0546573,0.0545089,0.054366,0.054228,0.0540947,0.0539658,0.0538409,0.0537198,0.0536022,0.053488,0.0533769,0.0532688,0.0531634,0.0530607,0.0529605,0.0528627,0.0527671,0.0526737,0.0525823,0.0524928,0.0524053,0.0523194,0.0522353,0.0521528,0.0520719,0.0519925,0.0519145,0.0518379,0.0517626,0.0516886,0.0516158,0.0515442,0.0514738,0.0514045,0.0513362,0.051269,0.0512027,0.0511375,0.0510731,0.0510097,0.0509471,0.0508854,0.0508246,0.0507645,0.0507052,0.0506466,0.0505888,0.0505317,0.0504753,0.0504196,0.0503646,0.0503101,0.0502563,0.0502032,0.0501506,0.0500986,0.0500471,0.0499962,0.0499459,0.049896,0.0498467,0.0497979,0.0497496,0.0497017,0.0496543,0.0496074
0.114357,0.112632,0.110801,0.108838,0.106713,0.104375,0.101748,0.0986979,0.0949577,0.0898341,0.0807093,0.0700802,0.0656023,0.0634821,0.0621261,0.061135,0.0603557,0.059714,0.0591687,0.0586947,0.0582753,0.0578992,0.0575581,0.057246,0.0569583,0.0566914,0.0564423,0.0562089,0.0559891,0.0557814,0.0555846,0.0553974,0.055219,0.0550485,0.0548852,0.0547286,0.054578,0.054433,0.0542932,0.0541582,0.0540276,0.0539012,0.0537786,0.0536597,0.0535442,0.0534319,0.0533226,0.0532162,0.0531125,0.0530113,0.0529125,0.0528161,0.0527218,0.0526296,0.0525394,0.0524511,0.0523646,0.0522798,0.0521966,0.0521151,0.0520351,0.0519565,0.0518793,0.0518035,0.051729,0.0516557,0.0515837,0.0515128,0.051443,0.0513743,0.0513066,0.05124,0.0511743,0.0511096,0.0510458,0.0509829,0.0509208,0.0508596,0.0507992,0.0507396,0.0506807,0.0506226,0.0505652,0.0505085,0.0504525,0.0503972,0.0503425,0.0502885,0.050235,0.0501822,0.0501299,0.0500783,0.0500271,0.0499765,0.0499265,0.049877,0.0498279,0.0497794,0.0497313,0.0496838,0.0496367
0.11468,0.112979,0.111177,0.109251,0.107171,0.104895,0.102354,0.099436,0.0959246,0.0913101,0.0838365,0.0726142,0.0666232,0.0640798,0.0625492,0.061464,0.060626,0.0599442,0.0593699,0.0588738,0.0584371,0.058047,0.0576944,0.0573726,0.0570767,0.0568027,0.0565474,0.0563085,0.0560839,0.055872,0.0556713,0.0554806,0.0552991,0.0551257,0.0549598,0.0548007,0.0546479,0.0545008,0.0543591,0.0542222,0.05409,0.053962,0.053838,0.0537177,0.0536009,0.0534873,0.0533769,0.0532694,0.0531646,0.0530624,0.0529627,0.0528654,0.0527702,0.0526772,0.0525862,0.0524972,0.0524099,0.0523245,0.0522407,0.0521585,0.0520779,0.0519987,0.051921,0.0518446,0.0517696,0.0516958,0.0516233,0.0515519,0.0514817,0.0514125,0.0513444,0.0512774,0.0512113,0.0511462,0.051082,0.0510188,0.0509563,0.0508948,0.050834,0.0507741,0.0507149,0.0506565,0.0505988,0.0505419,0.0504856,0.05043,0.050375,0.0503207,0.050267,0.0502139,0.0501614,0.0501095,0.0500581,0.0500073,0.049957,0.0499073,0.049858,0.0498093,0.049761,0.0497133,0.049666
0.114997,0.11332,0.111545,0.109653,0.107617,0.105397,0.102935,0.100133,0.0968143,0.0925914,0.0862951,0.0755689,0.0679031,0.0647646,0.0630146,0.0618179,0.0609127,0.0601862,0.0595799,0.0590597,0.0586043,0.0581992,0.0578344,0.0575024,0.0571978,0.0569163,0.0566546,0.0564101,0.0561805,0.055964,0.0557593,0.0555651,0.0553802,0.0552039,0.0550353,0.0548737,0.0547185,0.0545693,0.0544256,0.0542869,0.054153,0.0540234,0.0538978,0.0537761,0.053658,0.0535432,0.0534316,0.0533229,0.0532171,0.0531139,0.0530133,0.052915,0.052819,0.0527251,0.0526334,0.0525435,0.0524556,0.0523694,0.052285,0.0522021,0.0521209,0.0520411,0.0519628,0.0518859,0.0518104,0.0517361,0.051663,0.0515912,0.0515205,0.0514509,0.0513824,0.0513149,0.0512485,0.051183,0.0511184,0.0510548,0.050992,0.0509301,0.050869,0.0508087,0.0507493,0.0506905,0.0506325,0.0505753,0.0505187,0.0504628,0.0504076,0.050353,0.050299,0.0502457,0.050193,0.0501408,0.0500892,0.0500382,0.0499877,0.0499377,0.0498882,0.0498393,0.0497908,0.0497428,0.0496953
0.11531,0.113654,0.111906,0.110047,0.108051,0.105884,0.103493,0.100794,0.0976406,0.0937293,0.0882483,0.0786951,0.0695619,0.0655635,0.0635313,0.0622007,0.061218,0.0604411,0.0597994,0.059253,0.0587774,0.0583562,0.0579783,0.0576355,0.0573217,0.0570324,0.056764,0.0565135,0.0562787,0.0560576,0.0558488,0.0556508,0.0554625,0.0552831,0.0551117,0.0549475,0.05479,0.0546386,0.0544929,0.0543523,0.0542166,0.0540853,0.0539583,0.0538351,0.0537156,0.0535995,0.0534867,0.0533769,0.05327,0.0531658,0.0530641,0.0529649,0.0528681,0.0527734,0.0526808,0.0525902,0.0525015,0.0524146,0.0523295,0.052246,0.0521641,0.0520838,0.0520049,0.0519274,0.0518513,0.0517765,0.051703,0.0516307,0.0515595,0.0514895,0.0514205,0.0513526,0.0512857,0.0512199,0.0511549,0.0510909,0.0510278,0.0509655,0.0509041,0.0508435,0.0507837,0.0507246,0.0506664,0.0506088,0.0505519,0.0504958,0.0504403,0.0503854,0.0503312,0.0502776,0.0502246,0.0501722,0.0501204,0.0500691,0.0500184,0.0499682,0.0499185,0.0498693,0.0498207,0.0497725,0.0497248
0.115617,0.113983,0.11226,0.110431,0.108473,0.106355,0.10403,0.101424,0.0984136,0.0947572,0.0898659,0.0817902,0.0717162,0.0665165,0.0641112,0.0626174,0.0615444,0.0607104,0.0600293,0.0594542,0.0589567,0.0585183,0.0581264,0.0577721,0.0574487,0.0571512,0.0568756,0.0566189,0.0563787,0.0561528,0.0559396,0.0557378,0.055546,0.0553634,0.0551891,0.0550223,0.0548623,0.0547087,0.0545608,0.0544183,0.0542808,0.0541479,0.0540192,0.0538946,0.0537737,0.0536563,0.0535423,0.0534313,0.0533233,0.053218,0.0531154,0.0530152,0.0529174,0.0528219,0.0527285,0.0526371,0.0525477,0.0524601,0.0523742,0.0522901,0.0522076,0.0521266,0.0520472,0.0519692,0.0518925,0.0518172,0.0517431,0.0516703,0.0515987,0.0515282,0.0514588,0.0513905,0.0513232,0.0512569,0.0511916,0.0511272,0.0510637,0.0510011,0.0509393,0.0508784,0.0508182,0.0507589,0.0507003,0.0506424,0.0505853,0.0505288,0.050473,0.0504179,0.0503634,0.0503096,0.0502563,0.0502037,0.0501516,0.0501001,0.0500491,0.0499987,0.0499488,0.0498995,0.0498506,0.0498022,0.0497543
0.11592,0.114306,0.112607,0.110807,0.108886,0.106813,0.104548,0.102026,0.0991412,0.0956977,0.0912531,0.0844517,0.0742963,0.0676839,0.0647702,0.0630741,0.0618949,0.0609957,0.0602707,0.0596641,0.0591428,0.0586858,0.058279,0.0579125,0.0575788,0.0572726,0.0569896,0.0567264,0.0564805,0.0562496,0.0560319,0.0558261,0.0556307,0.0554448,0.0552675,0.055098,0.0549355,0.0547795,0.0546295,0.0544851,0.0543457,0.054211,0.0540808,0.0539546,0.0538323,0.0537136,0.0535982,0.0534861,0.0533769,0.0532706,0.053167,0.0530659,0.0529672,0.0528707,0.0527765,0.0526843,0.0525941,0.0525058,0.0524193,0.0523345,0.0522513,0.0521697,0.0520897,0.0520111,0.0519339,0.051858,0.0517835,0.0517101,0.051638,0.0515671,0.0514972,0.0514285,0.0513608,0.0512941,0.0512284,0.0511636,0.0510997,0.0510367,0.0509746,0.0509134,0.0508529,0.0507932,0.0507343,0.0506761,0.0506187,0.0505619,0.0505059,0.0504505,0.0503957,0.0503416,0.0502881,0.0502352,0.0501829,0.0501312,0.05008,0.0500294,0.0499792,0.0499297,0.0498806,0.049832,0.0497839
0.116219,0.114624,0.112948,0.111176,0.109288,0.107258,0.105048,0.102602,0.0998295,0.0965671,0.0924733,0.0866063,0.0770512,0.0691531,0.0655309,0.0635788,0.062273,0.061299,0.0605248,0.0598834,0.0593361,0.0588591,0.0584363,0.0580567,0.0577123,0.0573969,0.0571061,0.0568361,0.0565842,0.0563481,0.0561258,0.0559158,0.0557167,0.0555274,0.055347,0.0551746,0.0550096,0.0548512,0.054699,0.0545525,0.0544112,0.0542748,0.0541429,0.0540152,0.0538914,0.0537713,0.0536547,0.0535413,0.053431,0.0533236,0.0532189,0.0531168,0.0530172,0.0529199,0.0528248,0.0527318,0.0526408,0.0525518,0.0524645,0.052379,0.0522952,0.052213,0.0521324,0.0520532,0.0519754,0.051899,0.051824,0.0517501,0.0516775,0.0516061,0.0515358,0.0514666,0.0513985,0.0513314,0.0512653,0.0512001,0.0511359,0.0510726,0.0510101,0.0509485,0.0508877,0.0508277,0.0507684,0.05071,0.0506522,0.0505952,0.0505389,0.0504832,0.0504282,0.0503738,0.05032,0.0502669,0.0502143,0.0501624,0.0501109,0.0500601,0.0500097,0.0499599,0.0499106,0.0498618,0.0498135
0.116513,0.114937,0.113283,0.111537,0.109681,0.107691,0.105533,0.103157,0.100484,0.0973772,0.0935674,0.0883778,0.0799097,0.0710162,0.0664255,0.0641418,0.0626833,0.0616227,0.060793,0.0601129,0.0595373,0.0590386,0.0585987,0.0582052,0.0578492,0.0575242,0.0572251,0.0569481,0.05669,0.0564484,0.0562213,0.0560069,0.0558039,0.0556111,0.0554275,0.0552523,0.0550845,0.0549237,0.0547693,0.0546206,0.0544774,0.0543392,0.0542056,0.0540763,0.053951,0.0538296,0.0537116,0.053597,0.0534855,0.053377,0.0532713,0.0531682,0.0530676,0.0529694,0.0528734,0.0527796,0.0526878,0.052598,0.05251,0.0524239,0.0523394,0.0522566,0.0521753,0.0520955,0.0520172,0.0519403,0.0518647,0.0517903,0.0517172,0.0516453,0.0515746,0.051505,0.0514364,0.0513689,0.0513024,0.0512368,0.0511722,0.0511085,0.0510457,0.0509837,0.0509226,0.0508622,0.0508027,0.0507439,0.0506859,0.0506285,0.0505719,0.050516,0.0504607,0.050406,0.050352,0.0502986,0.0502458,0.0501936,0.050142,0.0500909,0.0500403,0.0499903,0.0499408,0.0498918,0.0498432
0.116804,0.115246,0.113613,0.111892,0.110066,0.108114,0.106004,0.103691,0.101107,0.0981373,0.0945625,0.0898807,0.0826113,0.0732679,0.0675008,0.0647771,0.0631315,0.0619696,0.0610768,0.0603537,0.059747,0.0592247,0.0587664,0.0583581,0.0579899,0.0576547,0.0573469,0.0570624,0.0567978,0.0565505,0.0563184,0.0560995,0.0558925,0.0556961,0.0555092,0.0553309,0.0551604,0.0549971,0.0548403,0.0546895,0.0545443,0.0544042,0.0542689,0.054138,0.0540112,0.0538883,0.053769,0.0536531,0.0535405,0.0534308,0.053324,0.0532199,0.0531183,0.0530192,0.0529223,0.0528277,0.0527351,0.0526445,0.0525558,0.052469,0.0523838,0.0523003,0.0522184,0.0521381,0.0520592,0.0519817,0.0519055,0.0518307,0.0517571,0.0516847,0.0516135,0.0515434,0.0514745,0.0514065,0.0513396,0.0512736,0.0512086,0.0511446,0.0510814,0.0510191,0.0509576,0.0508969,0.0508371,0.050778,0.0507196,0.050662,0.0506051,0.0505489,0.0504933,0.0504384,0.0503841,0.0503305,0.0502774,0.0502249,0.0501731,0.0501217,0.0500709,0.0500207,0.049971,0.0499218,0.049873
0.11709,0.115549,0.113936,0.112239,0.110442,0.108526,0.10646,0.104207,0.101704,0.0988543,0.0954778,0.0911904,0.0849258,0.0757289,0.0688218,0.0655035,0.0636246,0.062343,0.061378,0.0606069,0.059966,0.0594181,0.0589398,0.0585156,0.0581345,0.0577884,0.0574715,0.0571792,0.0569078,0.0566546,0.0564172,0.0561937,0.0559825,0.0557823,0.055592,0.0554106,0.0552373,0.0550714,0.0549122,0.0547592,0.0546119,0.0544699,0.0543328,0.0542002,0.0540719,0.0539475,0.0538269,0.0537097,0.0535958,0.053485,0.0533771,0.0532719,0.0531694,0.0530693,0.0529716,0.0528761,0.0527827,0.0526913,0.0526019,0.0525143,0.0524285,0.0523443,0.0522618,0.0521808,0.0521014,0.0520233,0.0519466,0.0518713,0.0517972,0.0517243,0.0516526,0.0515821,0.0515127,0.0514443,0.0513769,0.0513106,0.0512452,0.0511808,0.0511172,0.0510546,0.0509927,0.0509317,0.0508716,0.0508121,0.0507535,0.0506956,0.0506384,0.0505818,0.050526,0.0504708,0.0504163,0.0503624,0.0503091,0.0502564,0.0502042,0.0501527,0.0501017,0.0500512,0.0500013,0.0499518,0.0499029
0.117372,0.115848,0.114255,0.112581,0.110811,0.108928,0.106905,0.104706,0.102277,0.099534,0.0963273,0.0923558,0.0868511,0.0782941,0.0704599,0.0663474,0.0641718,0.0627471,0.061699,0.0608739,0.0601951,0.0596192,0.0591194,0.0586782,0.0582832,0.0579257,0.0575991,0.0572985,0.0570201,0.0567606,0.0565178,0.0562894,0.0560739,0.0558698,0.055676,0.0554914,0.0553152,0.0551466,0.0549849,0.0548296,0.0546803,0.0545363,0.0543974,0.0542631,0.0541332,0.0540073,0.0538852,0.0537668,0.0536516,0.0535396,0.0534306,0.0533244,0.0532208,0.0531198,0.0530211,0.0529248,0.0528306,0.0527384,0.0526482,0.0525599,0.0524734,0.0523886,0.0523054,0.0522238,0.0521437,0.0520651,0.0519879,0.051912,0.0518374,0.051764,0.0516919,0.0516209,0.051551,0.0514822,0.0514145,0.0513477,0.0512819,0.0512171,0.0511532,0.0510902,0.051028,0.0509667,0.0509062,0.0508464,0.0507875,0.0507292,0.0506717,0.0506149,0.0505588,0.0505034,0.0504486,0.0503944,0.0503408,0.0502879,0.0502355,0.0501837,0.0501325,0.0500818,0.0500316,0.049982,0.0499328
0.117651,0.116143,0.114568,0.112916,0.111173,0.109321,0.107337,0.105189,0.102828,0.100181,0.0971216,0.0934092,0.0884764,0.080875,0.0724351,0.0673456,0.064785,0.0631869,0.0620422,0.061156,0.0604352,0.0598287,0.0593056,0.0588461,0.0584363,0.0580666,0.0577299,0.0574206,0.0571347,0.0568688,0.0566202,0.0563868,0.0561668,0.0559586,0.0557612,0.0555733,0.055394,0.0552227,0.0550585,0.0549009,0.0547493,0.0546034,0.0544626,0.0543265,0.054195,0.0540676,0.0539441,0.0538243,0.0537079,0.0535947,0.0534845,0.0533772,0.0532726,0.0531706,0.053071,0.0529738,0.0528787,0.0527858,0.0526948,0.0526058,0.0525185,0.0524331,0.0523492,0.052267,0.0521864,0.0521072,0.0520294,0.0519529,0.0518778,0.051804,0.0517313,0.0516599,0.0515895,0.0515203,0.0514521,0.051385,0.0513188,0.0512536,0.0511893,0.0511259,0.0510634,0.0510017,0.0509409,0.0508808,0.0508215,0.050763,0.0507052,0.0506481,0.0505917,0.050536,0.0504809,0.0504265,0.0503727,0.0503195,0.0502669,0.0502148,0.0501634,0.0501124,0.0500621,0.0500122,0.0499628
0.117927,0.116434,0.114877,0.113246,0.111527,0.109706,0.107759,0.105658,0.103359,0.100799,0.0978688,0.0943734,0.0898819,0.0832502,0.0746442,0.0685476,0.0654804,0.0636688,0.0624109,0.0614551,0.0606874,0.0600473,0.0594989,0.0590196,0.0585941,0.0582115,0.0578639,0.0575456,0.0572518,0.0569791,0.0567245,0.0564859,0.0562612,0.0560489,0.0558476,0.0556563,0.055474,0.0552998,0.055133,0.054973,0.0548192,0.0546711,0.0545284,0.0543906,0.0542574,0.0541285,0.0540035,0.0538823,0.0537646,0.0536501,0.0535388,0.0534304,0.0533248,0.0532218,0.0531213,0.0530231,0.0529272,0.0528334,0.0527417,0.0526519,0.052564,0.0524778,0.0523933,0.0523105,0.0522292,0.0521494,0.052071,0.0519941,0.0519184,0.0518441,0.0517709,0.051699,0.0516282,0.0515586,0.0514899,0.0514224,0.0513558,0.0512902,0.0512255,0.0511618,0.0510989,0.0510369,0.0509757,0.0509153,0.0508557,0.0507969,0.0507388,0.0506814,0.0506247,0.0505687,0.0505134,0.0504587,0.0504046,0.0503512,0.0502983,0.050246,0.0501943,0.0501432,0.0500926,0.0500425,0.0499929
0.118199,0.116721,0.115181,0.11357,0.111875,0.110082,0.10817,0.106113,0.103872,0.10139,0.0985752,0.0952646,0.0911234,0.0853007,0.0769478,0.0700086,0.0662797,0.064201,0.0628087,0.0617732,0.060953,0.0602758,0.0596999,0.0591993,0.0587568,0.0583604,0.0580015,0.0576735,0.0573715,0.0570916,0.0568309,0.0565867,0.0563572,0.0561405,0.0559354,0.0557405,0.055555,0.0553778,0.0552083,0.0550459,0.0548898,0.0547397,0.054595,0.0544553,0.0543204,0.0541899,0.0540634,0.0539408,0.0538217,0.053706,0.0535935,0.053484,0.0533773,0.0532733,0.0531719,0.0530728,0.052976,0.0528814,0.0527889,0.0526983,0.0526096,0.0525228,0.0524376,0.0523541,0.0522722,0.0521918,0.0521129,0.0520354,0.0519592,0.0518844,0.0518107,0.0517383,0.0516671,0.051597,0.0515279,0.0514599,0.051393,0.051327,0.0512619,0.0511978,0.0511346,0.0510722,0.0510107,0.05095,0.05089,0.0508309,0.0507725,0.0507148,0.0506578,0.0506016,0.0505459,0.050491,0.0504366,0.0503829,0.0503298,0.0502773,0.0502254,0.050174,0.0501232,0.0500729,0.0500231
0.118467,0.117004,0.115481,0.113889,0.112217,0.110451,0.108572,0.106557,0.104369,0.101959,0.099246,0.0960949,0.092239,0.087046,0.0793261,0.0717561,0.0672122,0.0647938,0.0632403,0.0621127,0.0612334,0.0605151,0.059909,0.0593855,0.0589248,0.0585138,0.0581427,0.0578045,0.0574938,0.0572065,0.0569393,0.0566894,0.0564548,0.0562336,0.0560244,0.0558259,0.0556371,0.0554569,0.0552847,0.0551196,0.0549612,0.0548089,0.0546622,0.0545207,0.054384,0.0542518,0.0541238,0.0539998,0.0538794,0.0537624,0.0536487,0.053538,0.0534303,0.0533252,0.0532228,0.0531228,0.0530251,0.0529296,0.0528363,0.052745,0.0526556,0.052568,0.0524822,0.052398,0.0523155,0.0522345,0.052155,0.0520769,0.0520002,0.0519248,0.0518507,0.0517778,0.0517061,0.0516355,0.051566,0.0514976,0.0514302,0.0513639,0.0512984,0.0512339,0.0511703,0.0511076,0.0510457,0.0509847,0.0509245,0.050865,0.0508063,0.0507483,0.050691,0.0506345,0.0505786,0.0505234,0.0504688,0.0504148,0.0503614,0.0503087,0.0502565,0.0502049,0.0501538,0.0501033,0.0500533
0.118733,0.117284,0.115777,0.114203,0.112553,0.110812,0.108965,0.106988,0.10485,0.102506,0.0998855,0.0968736,0.0932548,0.0885507,0.0816469,0.0737369,0.0683166,0.065461,0.0637115,0.0624766,0.0615302,0.0607662,0.0601272,0.0595786,0.0590985,0.0586717,0.0582878,0.0579388,0.057619,0.0573239,0.0570498,0.056794,0.0565542,0.0563283,0.0561149,0.0559126,0.0557203,0.055537,0.0553619,0.0551943,0.0550335,0.0548789,0.0547302,0.0545867,0.0544483,0.0543144,0.0541848,0.0540593,0.0539375,0.0538192,0.0537043,0.0535925,0.0534836,0.0533775,0.053274,0.0531731,0.0530745,0.0529782,0.052884,0.0527919,0.0527018,0.0526135,0.052527,0.0524422,0.052359,0.0522774,0.0521973,0.0521187,0.0520414,0.0519655,0.0518909,0.0518175,0.0517453,0.0516742,0.0516043,0.0515355,0.0514677,0.0514009,0.0513351,0.0512702,0.0512062,0.0511432,0.0510809,0.0510196,0.050959,0.0508992,0.0508402,0.0507819,0.0507244,0.0506675,0.0506113,0.0505558,0.050501,0.0504468,0.0503931,0.0503401,0.0502877,0.0502359,0.0501846,0.0501338,0.0500836
0.118995,0.11756,0.116068,0.114512,0.112883,0.111167,0.10935,0.107409,0.105318,0.103034,0.100497,0.0976079,0.0941897,0.0898723,0.0837584,0.0758297,0.0696356,0.0662206,0.0642294,0.0628683,0.0618454,0.0610304,0.060355,0.0597793,0.0592781,0.0588346,0.0584369,0.0580766,0.0577472,0.0574438,0.0571627,0.0569006,0.0566553,0.0564246,0.0562068,0.0560006,0.0558048,0.0556183,0.0554402,0.0552699,0.0551066,0.0549497,0.0547988,0.0546534,0.0545131,0.0543776,0.0542464,0.0541193,0.0539961,0.0538765,0.0537603,0.0536473,0.0535373,0.0534301,0.0533257,0.0532238,0.0531243,0.0530271,0.0529321,0.0528392,0.0527482,0.0526592,0.052572,0.0524865,0.0524027,0.0523205,0.0522398,0.0521606,0.0520828,0.0520063,0.0519312,0.0518573,0.0517846,0.0517131,0.0516428,0.0515735,0.0515053,0.0514381,0.0513719,0.0513066,0.0512423,0.0511788,0.0511163,0.0510546,0.0509936,0.0509335,0.0508742,0.0508156,0.0507578,0.0507006,0.0506442,0.0505884,0.0505333,0.0504788,0.0504249,0.0503717,0.050319,0.0502669,0.0502154,0.0501644,0.050114
0.119254,0.117832,0.116355,0.114817,0.113207,0.111515,0.109726,0.10782,0.105772,0.103544,0.101083,0.0983037,0.0950578,0.0910532,0.0856025,0.077992,0.0711967,0.0670965,0.0648032,0.063292,0.0621812,0.061309,0.0605935,0.0599881,0.0594642,0.0590027,0.0585904,0.058218,0.0578785,0.0575665,0.0572779,0.0570093,0.0567582,0.0565225,0.0563002,0.0560899,0.0558904,0.0557006,0.0555195,0.0553464,0.0551805,0.0550213,0.0548683,0.0547208,0.0545786,0.0544413,0.0543085,0.0541799,0.0540552,0.0539343,0.0538168,0.0537026,0.0535914,0.0534832,0.0533777,0.0532748,0.0531744,0.0530763,0.0529804,0.0528867,0.052795,0.0527052,0.0526173,0.0525311,0.0524467,0.0523638,0.0522825,0.0522027,0.0521244,0.0520474,0.0519717,0.0518973,0.0518242,0.0517522,0.0516814,0.0516117,0.051543,0.0514754,0.0514088,0.0513431,0.0512784,0.0512146,0.0511517,0.0510897,0.0510284,0.050968,0.0509083,0.0508494,0.0507913,0.0507339,0.0506771,0.0506211,0.0505657,0.0505109,0.0504568,0.0504033,0.0503504,0.0502981,0.0502463,0.0501951,0.0501445
0.119511,0.118101,0.116639,0.115117,0.113527,0.111857,0.110095,0.108222,0.106214,0.104039,0.101647,0.0989656,0.0958694,0.0921232,0.0872026,0.0801799,0.072976,0.0681191,0.0654446,0.0637528,0.0625404,0.0616035,0.0608435,0.0602057,0.0596572,0.0591763,0.0587485,0.0583633,0.058013,0.0576919,0.0573955,0.0571202,0.0568631,0.0566221,0.0563951,0.0561806,0.0559773,0.055784,0.0555998,0.0554239,0.0552554,0.0550938,0.0549384,0.054789,0.0546448,0.0545057,0.0543712,0.054241,0.0541149,0.0539925,0.0538737,0.0537583,0.0536459,0.0535366,0.05343,0.0533261,0.0532248,0.0531258,0.0530291,0.0529345,0.052842,0.0527515,0.0526629,0.052576,0.0524909,0.0524074,0.0523255,0.0522451,0.0521661,0.0520886,0.0520124,0.0519375,0.0518639,0.0517914,0.0517202,0.05165,0.0515809,0.0515129,0.0514459,0.0513798,0.0513147,0.0512506,0.0511873,0.0511249,0.0510633,0.0510026,0.0509426,0.0508834,0.0508249,0.0507672,0.0507102,0.0506538,0.0505982,0.0505432,0.0504888,0.050435,0.0503819,0.0503293,0.0502773,0.0502259,0.050175
0.119764,0.118367,0.116919,0.115413,0.113841,0.112193,0.110457,0.108614,0.106645,0.104518,0.102191,0.0995975,0.0966328,0.093104,0.0886056,0.0822716,0.0748883,0.0693221,0.0661687,0.0642572,0.062926,0.0619157,0.0611062,0.0604329,0.0598575,0.0593559,0.0589114,0.0585126,0.058151,0.0578203,0.0575157,0.0572332,0.05697,0.0567234,0.0564916,0.0562728,0.0560655,0.0558687,0.0556813,0.0555023,0.0553311,0.055167,0.0550094,0.0548578,0.0547117,0.0545707,0.0544345,0.0543027,0.0541751,0.0540513,0.0539311,0.0538144,0.0537009,0.0535904,0.0534828,0.0533779,0.0532755,0.0531756,0.053078,0.0529826,0.0528893,0.0527981,0.0527087,0.0526211,0.0525353,0.0524512,0.0523686,0.0522877,0.0522081,0.05213,0.0520533,0.0519779,0.0519038,0.0518308,0.0517591,0.0516885,0.051619,0.0515505,0.0514831,0.0514167,0.0513512,0.0512866,0.051223,0.0511602,0.0510983,0.0510372,0.0509769,0.0509174,0.0508587,0.0508006,0.0507433,0.0506867,0.0506308,0.0505755,0.0505208,0.0504668,0.0504134,0.0503606,0.0503084,0.0502567,0.0502056
0.120015,0.11863,0.117196,0.115705,0.114151,0.112524,0.110811,0.108999,0.107065,0.104983,0.102715,0.100203,0.0973545,0.0940113,0.089854,0.0841704,0.0768577,0.0707302,0.0669952,0.0648132,0.0633419,0.0622478,0.0613828,0.0606703,0.0600659,0.0595418,0.0590795,0.0586662,0.0582927,0.0579518,0.0576386,0.0573487,0.0570789,0.0568267,0.0565897,0.0563664,0.0561551,0.0559546,0.0557638,0.0555818,0.0554078,0.0552412,0.0550812,0.0549274,0.0547793,0.0546364,0.0544984,0.054365,0.0542358,0.0541105,0.053989,0.053871,0.0537563,0.0536446,0.0535359,0.05343,0.0533266,0.0532258,0.0531273,0.0530311,0.0529369,0.0528449,0.0527547,0.0526665,0.05258,0.0524952,0.052412,0.0523304,0.0522503,0.0521717,0.0520944,0.0520185,0.0519438,0.0518704,0.0517982,0.0517271,0.0516572,0.0515883,0.0515205,0.0514536,0.0513878,0.0513228,0.0512588,0.0511957,0.0511335,0.051072,0.0510114,0.0509516,0.0508925,0.0508342,0.0507766,0.0507197,0.0506635,0.0506079,0.050553,0.0504987,0.0504451,0.050392,0.0503395,0.0502876,0.0502363
0.120263,0.11889,0.117469,0.115993,0.114456,0.112849,0.11116,0.109375,0.107475,0.105436,0.103223,0.100784,0.0980396,0.0948572,0.0909804,0.0858491,0.0788818,0.0723353,0.0679484,0.0654308,0.0637928,0.0626022,0.0616749,0.0609191,0.0602829,0.0597345,0.0592531,0.0588244,0.0584381,0.0580866,0.0577642,0.0574665,0.05719,0.0569318,0.0566896,0.0564615,0.056246,0.0560417,0.0558475,0.0556624,0.0554855,0.0553162,0.0551538,0.0549977,0.0548475,0.0547027,0.0545629,0.0544278,0.054297,0.0541703,0.0540474,0.0539281,0.0538121,0.0536993,0.0535894,0.0534824,0.0533781,0.0532763,0.0531769,0.0530798,0.0529848,0.052892,0.0528011,0.0527121,0.0526249,0.0525395,0.0524556,0.0523734,0.0522927,0.0522135,0.0521357,0.0520592,0.0519841,0.0519102,0.0518375,0.0517659,0.0516955,0.0516262,0.051558,0.0514907,0.0514245,0.0513592,0.0512948,0.0512313,0.0511687,0.0511069,0.051046,0.0509858,0.0509265,0.0508678,0.0508099,0.0507527,0.0506962,0.0506404,0.0505852,0.0505307,0.0504768,0.0504235,0.0503708,0.0503186,0.0502671
0.120509,0.119147,0.117738,0.116277,0.114757,0.113168,0.111502,0.109743,0.107876,0.105877,0.103714,0.101343,0.0986926,0.0956506,0.0920088,0.087329,0.0808883,0.0740816,0.0690549,0.066123,0.0642843,0.0629818,0.0619841,0.0611803,0.0605093,0.0599346,0.0594326,0.0589874,0.0585875,0.0582248,0.0578929,0.057587,0.0573033,0.0570389,0.0567912,0.0565582,0.0563384,0.0561301,0.0559323,0.055744,0.0555642,0.0553922,0.0552273,0.0550689,0.0549165,0.0547697,0.0546281,0.0544912,0.0543588,0.0542306,0.0541063,0.0539856,0.0538683,0.0537543,0.0536434,0.0535353,0.0534299,0.0533271,0.0532268,0.0531288,0.053033,0.0529394,0.0528477,0.052758,0.0526701,0.052584,0.0524995,0.0524167,0.0523354,0.0522556,0.0521772,0.0521002,0.0520245,0.0519501,0.0518769,0.0518049,0.0517341,0.0516643,0.0515956,0.051528,0.0514613,0.0513956,0.0513309,0.0512671,0.0512041,0.051142,0.0510807,0.0510202,0.0509605,0.0509016,0.0508434,0.0507859,0.0507291,0.050673,0.0506176,0.0505628,0.0505086,0.0504551,0.0504021,0.0503497,0.0502979
0.120752,0.119401,0.118005,0.116558,0.115053,0.113483,0.111838,0.110105,0.108268,0.106307,0.104192,0.101882,0.0993168,0.0963991,0.0929569,0.0886449,0.0827842,0.0758928,0.0703362,0.0669059,0.0648236,0.0633901,0.0623124,0.0614549,0.0607457,0.0601424,0.0596183,0.0591555,0.0587412,0.0583666,0.0580246,0.0577101,0.057419,0.057148,0.0568946,0.0566566,0.0564322,0.0562199,0.0560184,0.0558267,0.0556439,0.055469,0.0553016,0.0551408,0.0549863,0.0548375,0.0546939,0.0545553,0.0544212,0.0542914,0.0541656,0.0540436,0.053925,0.0538098,0.0536977,0.0535885,0.0534821,0.0533783,0.0532771,0.0531782,0.0530815,0.0529871,0.0528946,0.0528041,0.0527155,0.0526287,0.0525436,0.0524601,0.0523782,0.0522978,0.0522189,0.0521413,0.0520651,0.0519902,0.0519165,0.0518441,0.0517727,0.0517026,0.0516334,0.0515654,0.0514983,0.0514323,0.0513671,0.0513029,0.0512396,0.0511771,0.0511155,0.0510547,0.0509947,0.0509355,0.050877,0.0508192,0.0507621,0.0507057,0.05065,0.050595,0.0505405,0.0504867,0.0504335,0.0503809,0.0503289
0.120993,0.119652,0.118268,0.116834,0.115345,0.113793,0.112168,0.11046,0.108652,0.106726,0.104655,0.102403,0.0999153,0.0971082,0.093838,0.0898287,0.0845095,0.0777531,0.0717923,0.0677992,0.0654193,0.0638314,0.0626621,0.0617446,0.0609932,0.0603588,0.0598108,0.059329,0.0588995,0.0585121,0.0581595,0.057836,0.0575371,0.0572593,0.057,0.0567567,0.0565276,0.056311,0.0561058,0.0559106,0.0557246,0.0555469,0.0553768,0.0552136,0.0550568,0.0549059,0.0547604,0.05462,0.0544842,0.0543528,0.0542255,0.0541021,0.0539822,0.0538657,0.0537524,0.0536421,0.0535347,0.0534299,0.0533277,0.0532279,0.0531303,0.053035,0.0529418,0.0528506,0.0527612,0.0526737,0.0525879,0.0525038,0.0524213,0.0523403,0.0522608,0.0521827,0.0521059,0.0520305,0.0519563,0.0518834,0.0518116,0.051741,0.0516714,0.0516029,0.0515355,0.051469,0.0514035,0.0513389,0.0512752,0.0512124,0.0511505,0.0510893,0.051029,0.0509694,0.0509106,0.0508526,0.0507952,0.0507385,0.0506825,0.0506272,0.0505725,0.0505185,0.050465,0.0504122,0.0503599
0.121231,0.119901,0.118528,0.117108,0.115634,0.114099,0.112494,0.110808,0.109028,0.107135,0.105106,0.102907,0.100491,0.0977828,0.0946625,0.0909059,0.0860526,0.0796387,0.0733883,0.0688243,0.0660825,0.0643107,0.0630358,0.0620507,0.0612527,0.0605842,0.0600104,0.0595083,0.0590624,0.0586617,0.0582978,0.0579648,0.0576577,0.0573729,0.0571073,0.0568585,0.0566245,0.0564036,0.0561944,0.0559957,0.0558064,0.0556257,0.0554529,0.0552872,0.0551281,0.054975,0.0548276,0.0546853,0.0545478,0.0544148,0.054286,0.0541611,0.0540399,0.0539221,0.0538076,0.0536961,0.0535876,0.0534818,0.0533786,0.0532779,0.0531795,0.0530833,0.0529893,0.0528972,0.0528072,0.0527189,0.0526325,0.0525477,0.0524645,0.0523829,0.0523028,0.0522242,0.0521469,0.052071,0.0519963,0.0519229,0.0518506,0.0517795,0.0517095,0.0516406,0.0515728,0.0515059,0.05144,0.051375,0.051311,0.0512478,0.0511855,0.0511241,0.0510634,0.0510035,0.0509444,0.050886,0.0508284,0.0507714,0.0507152,0.0506596,0.0506046,0.0505503,0.0504966,0.0504435,0.050391
0.121467,0.120147,0.118786,0.117378,0.115918,0.1144,0.112814,0.11115,0.109396,0.107536,0.105546,0.103396,0.101045,0.0984267,0.0954384,0.0918958,0.0874312,0.08148,0.0750637,0.0699994,0.0668266,0.0648343,0.0634368,0.0623753,0.0615254,0.0608196,0.0602177,0.0596938,0.0592305,0.0588154,0.0584397,0.0580966,0.057781,0.0574888,0.0572167,0.0569622,0.0567231,0.0564977,0.0562844,0.0560819,0.0558893,0.0557056,0.05553,0.0553617,0.0552002,0.055045,0.0548954,0.0547512,0.054612,0.0544773,0.0543469,0.0542206,0.054098,0.0539789,0.0538632,0.0537506,0.0536409,0.0535341,0.0534299,0.0533282,0.0532289,0.0531319,0.053037,0.0529442,0.0528534,0.0527644,0.0526773,0.0525918,0.052508,0.0524258,0.0523452,0.0522659,0.0521881,0.0521116,0.0520364,0.0519625,0.0518898,0.0518182,0.0517478,0.0516785,0.0516102,0.0515429,0.0514766,0.0514113,0.0513469,0.0512834,0.0512207,0.0511589,0.0510979,0.0510377,0.0509783,0.0509196,0.0508617,0.0508044,0.0507479,0.050692,0.0506368,0.0505822,0.0505283,0.0504749,0.0504222
0.121701,0.120391,0.119041,0.117645,0.116199,0.114696,0.113129,0.111486,0.109758,0.107927,0.105974,0.103871,0.10158,0.0990432,0.0961721,0.0928132,0.0886713,0.08321,0.0767768,0.0713285,0.0676677,0.0654097,0.0638688,0.0627202,0.0618125,0.0610657,0.0604333,0.0598859,0.0594038,0.0589736,0.0585854,0.0582317,0.0579071,0.057607,0.0573282,0.0570677,0.0568234,0.0565932,0.0563757,0.0561695,0.0559734,0.0557865,0.055608,0.0554371,0.0552732,0.0551156,0.054964,0.0548179,0.0546768,0.0545404,0.0544084,0.0542806,0.0541566,0.0540362,0.0539192,0.0538054,0.0536947,0.0535867,0.0534815,0.0533789,0.0532787,0.0531808,0.0530851,0.0529915,0.0528999,0.0528102,0.0527223,0.0526362,0.0525518,0.052469,0.0523877,0.0523079,0.0522295,0.0521525,0.0520768,0.0520024,0.0519292,0.0518571,0.0517863,0.0517165,0.0516478,0.0515801,0.0515134,0.0514477,0.0513829,0.051319,0.051256,0.0511939,0.0511326,0.051072,0.0510123,0.0509533,0.0508951,0.0508375,0.0507807,0.0507246,0.0506691,0.0506142,0.05056,0.0505064,0.0504534
0.121932,0.120632,0.119292,0.117909,0.116477,0.114989,0.113439,0.111817,0.110112,0.10831,0.106392,0.104333,0.102097,0.099635,0.0968689,0.0936695,0.0897976,0.0847921,0.078531,0.0727904,0.0686233,0.0660464,0.0643364,0.0630882,0.0621156,0.0613235,0.0606578,0.060085,0.0595829,0.0591366,0.058735,0.0583702,0.058036,0.0577279,0.0574419,0.0571753,0.0569254,0.0566904,0.0564685,0.0562583,0.0560587,0.0558685,0.055687,0.0555134,0.0553469,0.0551871,0.0550333,0.0548852,0.0547422,0.0546041,0.0544705,0.0543411,0.0542157,0.054094,0.0539757,0.0538607,0.0537488,0.0536398,0.0535335,0.0534299,0.0533288,0.05323,0.0531334,0.053039,0.0529466,0.0528562,0.0527676,0.0526808,0.0525958,0.0525123,0.0524304,0.05235,0.0522711,0.0521935,0.0521173,0.0520424,0.0519687,0.0518962,0.0518249,0.0517546,0.0516855,0.0516174,0.0515503,0.0514842,0.0514191,0.0513548,0.0512915,0.051229,0.0511673,0.0511065,0.0510464,0.0509871,0.0509286,0.0508708,0.0508136,0.0507572,0.0507015,0.0506463,0.0505919,0.050538,0.0504848
0.122161,0.120871,0.119542,0.11817,0.11675,0.115278,0.113744,0.112142,0.110461,0.108686,0.106801,0.104782,0.102598,0.100205,0.097533,0.0944736,0.09083,0.0862218,0.0802837,0.0743404,0.0697085,0.0667557,0.0648452,0.0634819,0.0624363,0.0615941,0.0608921,0.0602917,0.0597681,0.0593045,0.0588888,0.0585122,0.058168,0.0578513,0.057558,0.0572849,0.0570293,0.0567892,0.0565627,0.0563485,0.0561451,0.0559517,0.0557671,0.0555906,0.0554216,0.0552594,0.0551034,0.0549532,0.0548083,0.0546684,0.0545332,0.0544022,0.0542753,0.0541522,0.0540326,0.0539164,0.0538033,0.0536932,0.0535859,0.0534813,0.0533792,0.0532795,0.0531821,0.0530868,0.0529937,0.0529025,0.0528132,0.0527257,0.05264,0.0525559,0.0524734,0.0523924,0.0523129,0.0522348,0.052158,0.0520826,0.0520084,0.0519354,0.0518636,0.051793,0.0517234,0.0516549,0.0515874,0.0515209,0.0514553,0.0513907,0.051327,0.0512642,0.0512022,0.051141,0.0510806,0.051021,0.0509622,0.0509041,0.0508467,0.05079,0.0507339,0.0506785,0.0506238,0.0505697,0.0505162
0.122389,0.121107,0.119788,0.118428,0.117021,0.115563,0.114046,0.112462,0.110803,0.109054,0.1072,0.10522,0.103084,0.100754,0.0981678,0.0952324,0.0917844,0.0875136,0.0819782,0.0759306,0.070929,0.067551,0.0654018,0.063905,0.0627766,0.0618787,0.0611367,0.0605065,0.0599598,0.0594777,0.0590469,0.0586579,0.0583032,0.0579776,0.0576765,0.0573966,0.057135,0.0568897,0.0566585,0.05644,0.0562329,0.0560359,0.0558482,0.0556688,0.0554972,0.0553325,0.0551742,0.0550219,0.0548751,0.0547334,0.0545964,0.0544639,0.0543355,0.0542109,0.05409,0.0539725,0.0538582,0.053747,0.0536386,0.053533,0.0534299,0.0533293,0.053231,0.053135,0.053041,0.052949,0.052859,0.0527708,0.0526844,0.0525997,0.0525165,0.0524349,0.0523548,0.0522762,0.0521989,0.052123,0.0520483,0.0519748,0.0519026,0.0518314,0.0517614,0.0516925,0.0516246,0.0515577,0.0514918,0.0514268,0.0513627,0.0512995,0.0512372,0.0511757,0.051115,0.051055,0.0509959,0.0509375,0.0508798,0.0508228,0.0507665,0.0507108,0.0506558,0.0506015,0.0505477
0.122614,0.121342,0.120032,0.118683,0.117288,0.115844,0.114343,0.112778,0.111139,0.109415,0.107591,0.105647,0.103557,0.101284,0.0987766,0.0959518,0.092673,0.0886873,0.0835679,0.0775573,0.0722726,0.0684464,0.0660142,0.0643615,0.0631389,0.0621787,0.0613928,0.06073,0.0601584,0.0596565,0.0592098,0.0588075,0.0584418,0.0581067,0.0577975,0.0575105,0.0572428,0.0569919,0.0567559,0.056533,0.0563219,0.0561214,0.0559304,0.055748,0.0555736,0.0554064,0.0552458,0.0550914,0.0549426,0.054799,0.0546603,0.0545261,0.0543961,0.0542701,0.0541479,0.0540291,0.0539136,0.0538012,0.0536918,0.0535851,0.0534811,0.0533795,0.0532803,0.0531834,0.0530886,0.0529959,0.0529051,0.0528162,0.0527291,0.0526437,0.0525599,0.0524777,0.052397,0.0523178,0.05224,0.0521635,0.0520883,0.0520144,0.0519417,0.0518701,0.0517996,0.0517303,0.051662,0.0515947,0.0515283,0.051463,0.0513985,0.051335,0.0512723,0.0512104,0.0511494,0.0510892,0.0510297,0.050971,0.050913,0.0508557,0.0507991,0.0507432,0.050688,0.0506333,0.0505793
0.122837,0.121574,0.120274,0.118935,0.117553,0.116122,0.114636,0.113088,0.11147,0.109769,0.107973,0.106064,0.104016,0.101798,0.0993616,0.0966364,0.0935057,0.0897618,0.0850299,0.0792062,0.0737071,0.0694547,0.0666921,0.0648563,0.0635257,0.0624956,0.0616613,0.0609631,0.0603644,0.0598414,0.0593776,0.0589613,0.0585838,0.0582388,0.0579211,0.0576267,0.0573525,0.0570959,0.0568548,0.0566274,0.0564122,0.056208,0.0560137,0.0558283,0.055651,0.0554812,0.0553183,0.0551616,0.0550107,0.0548652,0.0547247,0.0545888,0.0544573,0.0543299,0.0542062,0.0540861,0.0539694,0.0538559,0.0537453,0.0536376,0.0535325,0.05343,0.0533299,0.0532321,0.0531365,0.053043,0.0529515,0.0528618,0.052774,0.0526879,0.0526035,0.0525207,0.0524395,0.0523597,0.0522813,0.0522043,0.0521286,0.0520541,0.0519809,0.0519089,0.051838,0.0517682,0.0516995,0.0516318,0.051565,0.0514993,0.0514345,0.0513706,0.0513075,0.0512453,0.051184,0.0511234,0.0510636,0.0510046,0.0509463,0.0508888,0.0508319,0.0507757,0.0507202,0.0506653,0.050611
0.123059,0.121803,0.120513,0.119185,0.117814,0.116396,0.114925,0.113394,0.111795,0.110117,0.108348,0.106471,0.104463,0.102295,0.0999252,0.09729,0.0942902,0.0907532,0.0863634,0.0808356,0.0751916,0.0705821,0.0674466,0.0653952,0.0639401,0.0628314,0.0619433,0.0612063,0.0605784,0.0600326,0.0595505,0.0591194,0.0587296,0.0583741,0.0580474,0.0577453,0.0574644,0.0572019,0.0569555,0.0567234,0.056504,0.0562959,0.0560981,0.0559095,0.0557294,0.0555569,0.0553915,0.0552326,0.0550796,0.0549321,0.0547898,0.0546522,0.0545191,0.0543901,0.054265,0.0541436,0.0540256,0.0539109,0.0537992,0.0536904,0.0535843,0.0534809,0.0533798,0.0532812,0.0531847,0.0530904,0.0529981,0.0529077,0.0528192,0.0527324,0.0526474,0.052564,0.0524821,0.0524017,0.0523228,0.0522452,0.052169,0.0520941,0.0520204,0.0519479,0.0518765,0.0518063,0.0517371,0.051669,0.0516019,0.0515357,0.0514706,0.0514063,0.0513429,0.0512804,0.0512187,0.0511578,0.0510977,0.0510384,0.0509798,0.0509219,0.0508648,0.0508083,0.0507525,0.0506973,0.0506428
0.123278,0.122031,0.12075,0.119432,0.118072,0.116667,0.11521,0.113696,0.112115,0.110459,0.108716,0.106869,0.104899,0.102778,0.100469,0.0979158,0.0950325,0.0916746,0.0875798,0.0824015,0.0767028,0.0718217,0.0682895,0.0659853,0.064386,0.063188,0.0622401,0.0614605,0.0608009,0.0602306,0.0597291,0.0592821,0.0588792,0.0585127,0.0581767,0.0578665,0.0575785,0.0573098,0.0570579,0.0568209,0.0565971,0.0563851,0.0561837,0.0559919,0.0558088,0.0556336,0.0554656,0.0553043,0.0551492,0.0549997,0.0548555,0.0547162,0.0545814,0.0544509,0.0543244,0.0542016,0.0540823,0.0539664,0.0538535,0.0537436,0.0536365,0.053532,0.0534301,0.0533305,0.0532332,0.0531381,0.053045,0.0529539,0.0528646,0.0527772,0.0526915,0.0526074,0.0525249,0.052444,0.0523645,0.0522864,0.0522096,0.0521342,0.05206,0.051987,0.0519152,0.0518445,0.0517749,0.0517064,0.0516389,0.0515723,0.0515068,0.0514421,0.0513784,0.0513155,0.0512535,0.0511923,0.0511318,0.0510722,0.0510133,0.0509552,0.0508977,0.050841,0.0507849,0.0507295,0.0506747
0.123496,0.122257,0.120985,0.119677,0.118328,0.116935,0.115492,0.113993,0.11243,0.110796,0.109077,0.107259,0.105325,0.103248,0.100995,0.0985167,0.0957378,0.0925362,0.0886944,0.0838716,0.0782454,0.0731512,0.0692314,0.0666347,0.0648675,0.063568,0.0625533,0.0617268,0.0610326,0.0604359,0.0599135,0.0594497,0.0590329,0.0586548,0.0583089,0.0579902,0.0576949,0.0574197,0.0571621,0.0569201,0.0566917,0.0564756,0.0562705,0.0560754,0.0558892,0.0557111,0.0555406,0.0553769,0.0552195,0.055068,0.0549219,0.0547808,0.0546443,0.0545122,0.0543842,0.05426,0.0541395,0.0540223,0.0539082,0.0537972,0.0536891,0.0535836,0.0534807,0.0533802,0.053282,0.053186,0.0530922,0.0530003,0.0529103,0.0528222,0.0527358,0.0526511,0.052568,0.0524864,0.0524063,0.0523277,0.0522504,0.0521744,0.0520998,0.0520263,0.051954,0.0518829,0.0518129,0.0517439,0.051676,0.0516091,0.0515431,0.0514781,0.051414,0.0513508,0.0512884,0.0512268,0.0511661,0.0511062,0.051047,0.0509885,0.0509308,0.0508737,0.0508174,0.0507617,0.0507067
0.123712,0.122481,0.121218,0.119919,0.118581,0.117199,0.11577,0.114286,0.112741,0.111126,0.109431,0.107641,0.10574,0.103705,0.101505,0.0990949,0.0964104,0.0933465,0.0897222,0.0852316,0.0797931,0.0745378,0.0702782,0.0673528,0.06539,0.0639741,0.0628845,0.0620062,0.0612743,0.0606489,0.0601042,0.0596224,0.0591909,0.0588005,0.0584442,0.0581167,0.0578136,0.0575317,0.0572683,0.0570209,0.0567879,0.0565675,0.0563586,0.05616,0.0559706,0.0557897,0.0556165,0.0554503,0.0552907,0.055137,0.0549889,0.054846,0.0547078,0.0545741,0.0544446,0.054319,0.0541971,0.0540786,0.0539634,0.0538512,0.053742,0.0536355,0.0535316,0.0534302,0.0533311,0.0532343,0.0531396,0.053047,0.0529563,0.0528674,0.0527803,0.052695,0.0526113,0.0525291,0.0524484,0.0523692,0.0522914,0.0522149,0.0521397,0.0520658,0.051993,0.0519215,0.051851,0.0517816,0.0517133,0.0516459,0.0515796,0.0515142,0.0514497,0.0513861,0.0513234,0.0512615,0.0512005,0.0511402,0.0510807,0.051022,0.0509639,0.0509066,0.05085,0.050794,0.0507387
0.123926,0.122703,0.121448,0.120158,0.118831,0.117461,0.116045,0.114575,0.113047,0.111451,0.109778,0.108015,0.106146,0.10415,0.101999,0.0996525,0.0970536,0.094112,0.0906759,0.0864823,0.0813103,0.075951,0.0714268,0.0681493,0.0659594,0.0644098,0.0632357,0.0623,0.0615267,0.0608704,0.0603016,0.0598006,0.0593535,0.0589501,0.0585829,0.058246,0.0579349,0.057646,0.0573763,0.0571235,0.0568856,0.0566609,0.056448,0.0562457,0.0560531,0.0558692,0.0556932,0.0555246,0.0553626,0.0552068,0.0550566,0.0549118,0.0547719,0.0546365,0.0545055,0.0543784,0.0542551,0.0541354,0.0540189,0.0539056,0.0537953,0.0536878,0.0535829,0.0534805,0.0533806,0.0532829,0.0531874,0.0530939,0.0530025,0.0529129,0.0528252,0.0527391,0.0526548,0.052572,0.0524907,0.0524109,0.0523326,0.0522556,0.0521799,0.0521054,0.0520322,0.0519602,0.0518893,0.0518194,0.0517507,0.051683,0.0516162,0.0515504,0.0514856,0.0514217,0.0513586,0.0512964,0.051235,0.0511744,0.0511146,0.0510555,0.0509972,0.0509396,0.0508827,0.0508265,0.0507709
0.124138,0.122923,0.121676,0.120396,0.119078,0.11772,0.116316,0.114861,0.113349,0.111772,0.11012,0.108382,0.106544,0.104584,0.102479,0.100191,0.0976704,0.0948384,0.0915665,0.0876325,0.082764,0.0773921,0.0726616,0.0690332,0.0665828,0.0648788,0.063609,0.0626094,0.0617908,0.0611008,0.0605061,0.0599846,0.0595208,0.0591037,0.058725,0.0583783,0.0580587,0.0577625,0.0574864,0.0572279,0.0569849,0.0567557,0.0565387,0.0563327,0.0561367,0.0559497,0.055771,0.0555997,0.0554353,0.0552772,0.0551251,0.0549783,0.0548366,0.0546996,0.0545669,0.0544384,0.0543137,0.0541926,0.0540749,0.0539604,0.053849,0.0537404,0.0536345,0.0535312,0.0534303,0.0533318,0.0532354,0.0531412,0.053049,0.0529587,0.0528702,0.0527835,0.0526985,0.0526151,0.0525332,0.0524529,0.052374,0.0522964,0.0522202,0.0521453,0.0520716,0.0519991,0.0519277,0.0518574,0.0517883,0.0517201,0.051653,0.0515868,0.0515216,0.0514573,0.0513939,0.0513313,0.0512696,0.0512087,0.0511486,0.0510892,0.0510306,0.0509727,0.0509155,0.050859,0.0508031
0.124349,0.123141,0.121902,0.120631,0.119323,0.117976,0.116584,0.115143,0.113646,0.112087,0.110456,0.108743,0.106933,0.105008,0.102945,0.100712,0.0982634,0.09553,0.0924027,0.0886943,0.0841315,0.078852,0.0739571,0.0700101,0.067268,0.0653858,0.0640071,0.0629361,0.0620676,0.0613409,0.0607182,0.0601747,0.0596932,0.0592616,0.0588707,0.0585137,0.0581853,0.0578814,0.0575986,0.0573341,0.0570859,0.0568519,0.0566307,0.056421,0.0562215,0.0560313,0.0558496,0.0556757,0.0555088,0.0553485,0.0551942,0.0550455,0.0549019,0.0547632,0.0546289,0.0544989,0.0543727,0.0542503,0.0541314,0.0540157,0.0539031,0.0537934,0.0536865,0.0535822,0.0534804,0.0533809,0.0532838,0.0531887,0.0530957,0.0530047,0.0529155,0.0528281,0.0527424,0.0526584,0.052576,0.052495,0.0524155,0.0523375,0.0522607,0.0521853,0.0521111,0.0520381,0.0519663,0.0518956,0.051826,0.0517574,0.0516899,0.0516233,0.0515577,0.0514931,0.0514293,0.0513664,0.0513043,0.0512431,0.0511826,0.051123,0.051064,0.0510059,0.0509484,0.0508916,0.0508355
0.124558,0.123357,0.122127,0.120864,0.119566,0.118229,0.116849,0.115421,0.11394,0.112398,0.110787,0.109096,0.107314,0.105422,0.1034,0.101218,0.0988347,0.0961907,0.0931915,0.0896794,0.0854039,0.0803047,0.0752855,0.0710788,0.0680233,0.065936,0.064433,0.0632818,0.0623582,0.0615915,0.0609385,0.0603714,0.059871,0.0594239,0.0590202,0.0586523,0.0583147,0.0580027,0.0577129,0.0574423,0.0571886,0.0569498,0.0567242,0.0565105,0.0563074,0.056114,0.0559293,0.0557526,0.0555832,0.0554206,0.0552641,0.0551133,0.0549679,0.0548274,0.0546915,0.0545599,0.0544323,0.0543085,0.0541882,0.0540713,0.0539576,0.0538468,0.0537388,0.0536335,0.0535308,0.0534305,0.0533324,0.0532365,0.0531427,0.053051,0.0529611,0.052873,0.0527866,0.052702,0.0526189,0.0525374,0.0524573,0.0523787,0.0523014,0.0522255,0.0521508,0.0520773,0.052005,0.0519339,0.0518639,0.0517949,0.0517269,0.05166,0.051594,0.051529,0.0514648,0.0514016,0.0513392,0.0512776,0.0512168,0.0511568,0.0510976,0.0510391,0.0509814,0.0509243,0.0508679
0.124765,0.123571,0.122349,0.121095,0.119806,0.11848,0.117111,0.115696,0.114229,0.112704,0.111112,0.109444,0.107687,0.105827,0.103843,0.101708,0.0993862,0.0968237,0.0939389,0.0905984,0.0865823,0.0817212,0.076634,0.0722286,0.0688563,0.0665356,0.0648901,0.0636487,0.0626639,0.0618533,0.0611676,0.0605751,0.0600545,0.059591,0.0591737,0.0587944,0.058447,0.0581267,0.0578295,0.0575526,0.0572932,0.0570493,0.0568192,0.0566014,0.0563946,0.0561978,0.05601,0.0558305,0.0556585,0.0554934,0.0553347,0.0551819,0.0550345,0.0548922,0.0547546,0.0546214,0.0544924,0.0543672,0.0542456,0.0541274,0.0540125,0.0539006,0.0537916,0.0536853,0.0535815,0.0534803,0.0533813,0.0532846,0.0531901,0.0530975,0.0530069,0.0529181,0.0528311,0.0527458,0.0526621,0.0525799,0.0524993,0.0524201,0.0523423,0.0522658,0.0521906,0.0521167,0.0520439,0.0519724,0.0519019,0.0518325,0.0517641,0.0516968,0.0516304,0.051565,0.0515005,0.0514369,0.0513741,0.0513122,0.0512511,0.0511908,0.0511313,0.0510725,0.0510145,0.0509571,0.0509004
0.124971,0.123784,0.122569,0.121323,0.120044,0.118727,0.11737,0.115968,0.114515,0.113006,0.111432,0.109785,0.108054,0.106223,0.104275,0.102185,0.0999195,0.0974316,0.0946498,0.0914602,0.0876738,0.0830767,0.078007,0.0734402,0.0697719,0.0671911,0.0653826,0.0640391,0.0629862,0.0621275,0.0614061,0.0607862,0.0602441,0.0597631,0.0593313,0.05894,0.0585824,0.0582533,0.0579485,0.0576649,0.0573996,0.0571504,0.0569156,0.0566936,0.056483,0.0562827,0.0560918,0.0559093,0.0557346,0.0555671,0.0554061,0.0552512,0.0551018,0.0549577,0.0548183,0.0546835,0.0545529,0.0544263,0.0543034,0.0541839,0.0540678,0.0539548,0.0538446,0.0537373,0.0536326,0.0535304,0.0534306,0.0533331,0.0532377,0.0531443,0.0530529,0.0529634,0.0528757,0.0527898,0.0527054,0.0526227,0.0525415,0.0524617,0.0523834,0.0523064,0.0522307,0.0521563,0.052083,0.052011,0.0519401,0.0518702,0.0518015,0.0517337,0.051667,0.0516012,0.0515363,0.0514723,0.0514092,0.051347,0.0512856,0.0512249,0.0511651,0.051106,0.0510477,0.05099,0.0509331
0.125175,0.123995,0.122788,0.12155,0.120279,0.118973,0.117627,0.116236,0.114797,0.113303,0.111747,0.110121,0.108413,0.106611,0.104697,0.102649,0.100436,0.0980167,0.0953281,0.0922723,0.088688,0.0843556,0.0793874,0.0746902,0.0707702,0.0679095,0.0659149,0.0644556,0.0633267,0.0624149,0.0616547,0.0610054,0.0604401,0.0599405,0.0594935,0.0590894,0.058721,0.0583827,0.05807,0.0577793,0.0575079,0.0572533,0.0570136,0.0567872,0.0565726,0.0563688,0.0561746,0.0559891,0.0558117,0.0556416,0.0554783,0.0553212,0.0551698,0.0550237,0.0548827,0.0547462,0.0546141,0.054486,0.0543617,0.0542409,0.0541235,0.0540093,0.0538981,0.0537897,0.0536841,0.0535809,0.0534802,0.0533818,0.0532855,0.0531914,0.0530993,0.0530091,0.0529207,0.052834,0.0527491,0.0526657,0.0525839,0.0525035,0.0524246,0.0523471,0.0522709,0.052196,0.0521223,0.0520498,0.0519784,0.0519081,0.0518389,0.0517708,0.0517036,0.0516375,0.0515722,0.0515079,0.0514444,0.0513819,0.0513201,0.0512592,0.051199,0.0511396,0.051081,0.051023,0.0509658
0.125378,0.124205,0.123004,0.121775,0.120513,0.119216,0.11788,0.116502,0.115076,0.113597,0.112058,0.110451,0.108766,0.106991,0.105109,0.1031,0.100937,0.098581,0.0959772,0.0930407,0.0896341,0.0855517,0.0807523,0.0759588,0.071844,0.0686972,0.0664925,0.0649014,0.0636872,0.0627169,0.0619144,0.061233,0.0606429,0.0601234,0.0596602,0.0592428,0.058863,0.058515,0.058194,0.057896,0.0576182,0.057358,0.0571132,0.0568823,0.0566636,0.0564561,0.0562585,0.05607,0.0558897,0.055717,0.0555513,0.0553919,0.0552385,0.0550905,0.0549476,0.0548094,0.0546757,0.0545461,0.0544204,0.0542984,0.0541797,0.0540643,0.053952,0.0538425,0.0537358,0.0536317,0.0535301,0.0534308,0.0533337,0.0532388,0.0531459,0.0530549,0.0529658,0.0528785,0.0527929,0.0527089,0.0526265,0.0525456,0.0524661,0.052388,0.0523113,0.0522359,0.0521617,0.0520887,0.0520169,0.0519462,0.0518766,0.051808,0.0517405,0.0516739,0.0516083,0.0515436,0.0514798,0.0514169,0.0513548,0.0512935,0.051233,0.0511733,0.0511144,0.0510561,0.0509986
0.125579,0.124412,0.123219,0.121997,0.120744,0.119456,0.118131,0.116764,0.115351,0.113887,0.112364,0.110776,0.109113,0.107364,0.105512,0.103541,0.101424,0.0991263,0.0966,0.0937708,0.0905209,0.0866664,0.0820788,0.0772493,0.0729788,0.0695588,0.0671209,0.0653801,0.0640701,0.0630348,0.0621858,0.0614699,0.060853,0.0603123,0.0598319,0.0594002,0.0590086,0.0586504,0.0583206,0.0580151,0.0577306,0.0574645,0.0572145,0.0569789,0.056756,0.0565446,0.0563436,0.0561519,0.0559687,0.0557933,0.0556251,0.0554634,0.0553079,0.0551579,0.0550132,0.0548733,0.0547379,0.0546068,0.0544797,0.0543563,0.0542363,0.0541197,0.0540063,0.0538957,0.053788,0.0536829,0.0535803,0.0534801,0.0533822,0.0532865,0.0531928,0.0531011,0.0530112,0.0529232,0.052837,0.0527523,0.0526693,0.0525878,0.0525078,0.0524292,0.0523519,0.052276,0.0522013,0.0521278,0.0520556,0.0519844,0.0519144,0.0518454,0.0517774,0.0517105,0.0516445,0.0515794,0.0515152,0.051452,0.0513895,0.0513279,0.0512671,0.0512071,0.0511479,0.0510894,0.0510316
0.125779,0.124619,0.123432,0.122218,0.120973,0.119694,0.118379,0.117023,0.115623,0.114172,0.112666,0.111096,0.109454,0.107729,0.105907,0.103971,0.101897,0.0996541,0.097199,0.0944666,0.0913557,0.0877056,0.0833484,0.0785557,0.0741553,0.070495,0.0678061,0.0658958,0.0644776,0.0633701,0.0624702,0.0617166,0.0610709,0.0605075,0.0600088,0.0595621,0.0591578,0.058789,0.05845,0.0581366,0.0578452,0.0575729,0.0573175,0.057077,0.0568498,0.0566344,0.0564298,0.0562348,0.0560487,0.0558705,0.0556998,0.0555358,0.055378,0.055226,0.0550794,0.0549377,0.0548007,0.054668,0.0545394,0.0544146,0.0542934,0.0541756,0.0540609,0.0539493,0.0538405,0.0537344,0.0536309,0.0535298,0.053431,0.0533344,0.0532399,0.0531475,0.0530569,0.0529682,0.0528813,0.052796,0.0527124,0.0526303,0.0525497,0.0524705,0.0523927,0.0523162,0.0522411,0.0521671,0.0520944,0.0520228,0.0519523,0.0518829,0.0518145,0.0517472,0.0516808,0.0516154,0.0515508,0.0514872,0.0514244,0.0513625,0.0513014,0.051241,0.0511815,0.0511227,0.0510646
0.125977,0.124823,0.123644,0.122437,0.1212,0.11993,0.118625,0.11728,0.115892,0.114455,0.112964,0.111411,0.10979,0.108088,0.106294,0.104391,0.102358,0.100166,0.0977762,0.0951318,0.092145,0.0886765,0.0845498,0.079861,0.0753545,0.0715008,0.0685535,0.066453,0.0649127,0.0637246,0.0627685,0.0619739,0.0612971,0.0607095,0.0601912,0.0597285,0.059311,0.0589309,0.0585824,0.0582606,0.057962,0.0576833,0.0574223,0.0571768,0.056945,0.0567256,0.0565172,0.0563189,0.0561296,0.0559487,0.0557753,0.0556089,0.0554489,0.0552948,0.0551462,0.0550028,0.0548641,0.0547298,0.0545997,0.0544735,0.0543509,0.0542319,0.054116,0.0540032,0.0538934,0.0537863,0.0536818,0.0535797,0.0534801,0.0533826,0.0532874,0.0531941,0.0531028,0.0530134,0.0529258,0.0528399,0.0527556,0.0526729,0.0525917,0.052512,0.0524337,0.0523567,0.052281,0.0522066,0.0521334,0.0520613,0.0519904,0.0519206,0.0518518,0.051784,0.0517173,0.0516514,0.0515865,0.0515226,0.0514594,0.0513972,0.0513357,0.0512751,0.0512152,0.0511561,0.0510977
0.126174,0.125026,0.123854,0.122654,0.121425,0.120164,0.118868,0.117534,0.116157,0.114734,0.113257,0.111722,0.11012,0.108441,0.106673,0.104801,0.102807,0.100662,0.0983336,0.0957695,0.092894,0.0895868,0.085679,0.0811457,0.0765693,0.0725656,0.0693672,0.0670566,0.0653784,0.0641002,0.0630821,0.0622427,0.0615323,0.0609185,0.0603795,0.0598998,0.0594682,0.0590764,0.0587177,0.0583873,0.0580811,0.0577958,0.0575289,0.0572782,0.0570417,0.0568181,0.0566059,0.0564041,0.0562116,0.0560278,0.0558517,0.0556828,0.0555205,0.0553643,0.0552138,0.0550684,0.054928,0.0547921,0.0546605,0.0545328,0.0544089,0.0542886,0.0541715,0.0540576,0.0539466,0.0538385,0.053733,0.05363,0.0535295,0.0534312,0.0533351,0.0532411,0.053149,0.0530589,0.0529706,0.052884,0.0527991,0.0527158,0.052634,0.0525537,0.0524748,0.0523973,0.0523211,0.0522462,0.0521725,0.0521,0.0520286,0.0519584,0.0518892,0.051821,0.0517539,0.0516877,0.0516224,0.051558,0.0514946,0.051432,0.0513702,0.0513092,0.051249,0.0511896,0.0511309
0.126369,0.125228,0.124062,0.122869,0.121648,0.120396,0.119109,0.117785,0.11642,0.115009,0.113547,0.112028,0.110445,0.108787,0.107045,0.105203,0.103245,0.101145,0.0988727,0.0963823,0.0936072,0.0904436,0.0867373,0.082392,0.0778037,0.0736738,0.0702481,0.0677117,0.0658785,0.0644991,0.0634123,0.062524,0.0617771,0.0611352,0.0605739,0.0600762,0.0596298,0.0592254,0.0588562,0.0585167,0.0582026,0.0579105,0.0576375,0.0573813,0.05714,0.056912,0.0566958,0.0564904,0.0562947,0.0561079,0.055929,0.0557576,0.055593,0.0554346,0.055282,0.0551348,0.0549926,0.054855,0.0547218,0.0545927,0.0544674,0.0543457,0.0542274,0.0541123,0.0540003,0.0538911,0.0537846,0.0536807,0.0535792,0.05348,0.0533831,0.0532883,0.0531955,0.0531046,0.0530156,0.0529284,0.0528428,0.0527589,0.0526765,0.0525956,0.0525162,0.0524382,0.0523614,0.052286,0.0522118,0.0521389,0.052067,0.0519963,0.0519267,0.0518582,0.0517906,0.051724,0.0516584,0.0515937,0.0515298,0.0514669,0.0514048,0.0513435,0.051283,0.0512233,0.0511643
0.126564,0.125428,0.124269,0.123083,0.121869,0.120625,0.119348,0.118034,0.11668,0.115281,0.113833,0.11233,0.110764,0.109128,0.10741,0.105597,0.103672,0.101615,0.0993949,0.0969725,0.0942885,0.0912531,0.0877292,0.0835858,0.079046,0.0748088,0.0711932,0.0684229,0.0664168,0.0649238,0.0637608,0.0628187,0.0620321,0.0613599,0.0607748,0.060258,0.0597958,0.0593784,0.0589981,0.058649,0.0583267,0.0580273,0.057748,0.0574861,0.0572398,0.0570073,0.0567871,0.056578,0.0563789,0.056189,0.0560073,0.0558333,0.0556662,0.0555056,0.0553509,0.0552017,0.0550577,0.0549185,0.0547837,0.0546531,0.0545264,0.0544033,0.0542838,0.0541675,0.0540543,0.053944,0.0538365,0.0537316,0.0536292,0.0535292,0.0534314,0.0533358,0.0532422,0.0531506,0.0530609,0.052973,0.0528867,0.0528022,0.0527192,0.0526377,0.0525578,0.0524792,0.0524019,0.052326,0.0522513,0.0521779,0.0521056,0.0520345,0.0519644,0.0518954,0.0518275,0.0517605,0.0516945,0.0516294,0.0515652,0.0515019,0.0514395,0.0513779,0.051317,0.051257,0.0511977
0.126757,0.125627,0.124474,0.123295,0.122089,0.120853,0.119584,0.11828,0.116936,0.11555,0.114116,0.112628,0.111079,0.109463,0.107768,0.105982,0.10409,0.102072,0.0999016,0.0975419,0.0949411,0.0920207,0.0886607,0.0847191,0.0802811,0.0759575,0.0721944,0.0691938,0.0669976,0.0653773,0.0641293,0.063128,0.0622983,0.0615934,0.0609828,0.0604455,0.0599667,0.0595353,0.0591433,0.0587843,0.0584534,0.0581465,0.0578605,0.0575929,0.0573413,0.0571041,0.0568797,0.0566668,0.0564642,0.0562711,0.0560865,0.0559098,0.0557403,0.0555773,0.0554205,0.0552694,0.0551235,0.0549825,0.0548461,0.0547139,0.0545858,0.0544614,0.0543406,0.0542231,0.0541087,0.0539974,0.0538888,0.0537829,0.0536796,0.0535787,0.05348,0.0533836,0.0532892,0.0531969,0.0531064,0.0530178,0.0529309,0.0528457,0.0527621,0.0526801,0.0525995,0.0525204,0.0524426,0.0523662,0.052291,0.0522171,0.0521443,0.0520728,0.0520023,0.0519329,0.0518645,0.0517971,0.0517307,0.0516653,0.0516007,0.0515371,0.0514743,0.0514123,0.0513512,0.0512908,0.0512313
0.126948,0.125824,0.124677,0.123505,0.122306,0.121078,0.119818,0.118523,0.117191,0.115816,0.114395,0.112921,0.11139,0.109792,0.10812,0.10636,0.104499,0.102518,0.100394,0.0980923,0.0955676,0.0927511,0.0895379,0.085789,0.081493,0.0771237,0.0732394,0.0700255,0.0676253,0.0658627,0.06452,0.0634533,0.0625764,0.0618362,0.0611982,0.0606391,0.0601425,0.0596966,0.0592922,0.0589227,0.0585828,0.058268,0.0579752,0.0577015,0.0574445,0.0572025,0.0569737,0.0567569,0.0565507,0.0563543,0.0561668,0.0559873,0.0558152,0.0556499,0.0554909,0.0553377,0.0551899,0.0550472,0.0549091,0.0547754,0.0546458,0.05452,0.0543978,0.0542791,0.0541636,0.0540511,0.0539415,0.0538346,0.0537303,0.0536284,0.0535289,0.0534317,0.0533365,0.0532434,0.0531522,0.0530629,0.0529753,0.0528895,0.0528053,0.0527226,0.0526415,0.0525618,0.0524835,0.0524065,0.0523309,0.0522564,0.0521832,0.0521112,0.0520403,0.0519704,0.0519017,0.0518339,0.0517671,0.0517013,0.0516364,0.0515724,0.0515092,0.0514469,0.0513855,0.0513248,0.0512649
0.127138,0.12602,0.124879,0.123714,0.122522,0.121301,0.12005,0.118765,0.117442,0.116079,0.11467,0.113211,0.111696,0.110117,0.108465,0.106731,0.104899,0.102954,0.100872,0.0986251,0.0961706,0.0934482,0.0903666,0.0867967,0.0826676,0.0783034,0.0743139,0.0709161,0.0683038,0.0663834,0.0649349,0.063796,0.0628675,0.0620889,0.0614214,0.0608391,0.0603237,0.0598622,0.0594449,0.0590644,0.058715,0.0583921,0.0580921,0.0578121,0.0575495,0.0573025,0.0570692,0.0568482,0.0566384,0.0564386,0.056248,0.0560657,0.0558909,0.0557233,0.055562,0.0554067,0.055257,0.0551124,0.0549726,0.0548373,0.0547062,0.054579,0.0544556,0.0543356,0.0542188,0.0541052,0.0539945,0.0538866,0.0537813,0.0536786,0.0535782,0.05348,0.0533841,0.0532902,0.0531982,0.0531082,0.05302,0.0529335,0.0528486,0.0527654,0.0526836,0.0526034,0.0525245,0.052447,0.0523709,0.052296,0.0522223,0.0521498,0.0520784,0.0520082,0.051939,0.0518708,0.0518036,0.0517374,0.0516721,0.0516078,0.0515443,0.0514817,0.0514199,0.0513589,0.0512987
0.127328,0.126215,0.12508,0.123921,0.122736,0.121523,0.12028,0.119003,0.117691,0.116339,0.114942,0.113497,0.111998,0.110436,0.108805,0.107094,0.105291,0.103379,0.101338,0.0991418,0.0967519,0.0941154,0.0911523,0.0877458,0.0837943,0.0794849,0.0754047,0.0718596,0.0690362,0.0669432,0.0653768,0.0641577,0.0631726,0.0623524,0.0616532,0.0610459,0.0605105,0.0600326,0.0596016,0.0592095,0.0588502,0.0585187,0.0582113,0.0579247,0.0576563,0.0574041,0.0571661,0.056941,0.0567273,0.0565241,0.0563302,0.056145,0.0559676,0.0557974,0.0556339,0.0554765,0.0553248,0.0551783,0.0550368,0.0548999,0.0547672,0.0546386,0.0545137,0.0543924,0.0542745,0.0541597,0.0540479,0.053939,0.0538327,0.053729,0.0536277,0.0535287,0.0534319,0.0533372,0.0532446,0.0531538,0.0530649,0.0529777,0.0528922,0.0528083,0.052726,0.0526452,0.0525658,0.0524878,0.0524111,0.0523357,0.0522615,0.0521886,0.0521167,0.052046,0.0519764,0.0519078,0.0518403,0.0517737,0.051708,0.0516433,0.0515795,0.0515165,0.0514544,0.0513931,0.0513325
0.127515,0.126408,0.125279,0.124126,0.122948,0.121743,0.120507,0.11924,0.117937,0.116596,0.115212,0.11378,0.112295,0.110751,0.10914,0.107452,0.105675,0.103795,0.101793,0.0996434,0.0973135,0.0947556,0.0918994,0.0886411,0.0848672,0.080655,0.0765081,0.0728463,0.0698239,0.0675458,0.0658483,0.0645403,0.063493,0.0626275,0.0618939,0.0612599,0.0607032,0.0602078,0.0597624,0.0593582,0.0589885,0.0586481,0.0583328,0.0580394,0.057765,0.0575073,0.0572646,0.0570351,0.0568175,0.0566107,0.0564136,0.0562253,0.0560452,0.0558725,0.0557066,0.055547,0.0553932,0.0552449,0.0551015,0.0549629,0.0548287,0.0546986,0.0545724,0.0544498,0.0543306,0.0542146,0.0541017,0.0539917,0.0538844,0.0537798,0.0536775,0.0535777,0.0534801,0.0533846,0.0532911,0.0531996,0.05311,0.0530221,0.052936,0.0528515,0.0527686,0.0526872,0.0526072,0.0525287,0.0524515,0.0523756,0.0523009,0.0522275,0.0521552,0.0520841,0.052014,0.051945,0.0518771,0.0518101,0.0517441,0.051679,0.0516148,0.0515515,0.051489,0.0514274,0.0513665
0.127702,0.1266,0.125477,0.12433,0.123159,0.12196,0.120733,0.119474,0.118181,0.11685,0.115478,0.114059,0.112589,0.111061,0.109469,0.107803,0.106052,0.104202,0.102236,0.100131,0.0978569,0.0953712,0.092612,0.0894876,0.0858842,0.0818009,0.0776273,0.0738643,0.0706655,0.0681946,0.0663526,0.0649459,0.0638301,0.062915,0.0621444,0.0614817,0.0609021,0.0603883,0.0599276,0.0595106,0.05913,0.0587803,0.0584569,0.0581563,0.0578756,0.0576124,0.0573646,0.0571306,0.056909,0.0566985,0.056498,0.0563067,0.0561237,0.0559483,0.05578,0.0556182,0.0554623,0.055312,0.0551669,0.0550266,0.0548908,0.0547592,0.0546315,0.0545076,0.0543871,0.05427,0.0541559,0.0540448,0.0539365,0.0538309,0.0537277,0.053627,0.0535285,0.0534322,0.053338,0.0532457,0.0531554,0.0530668,0.05298,0.0528949,0.0528114,0.0527294,0.0526489,0.0525698,0.052492,0.0524156,0.0523405,0.0522666,0.0521938,0.0521223,0.0520518,0.0519824,0.051914,0.0518466,0.0517802,0.0517148,0.0516502,0.0515865,0.0515237,0.0514618,0.0514006
0.127887,0.126791,0.125673,0.124532,0.123368,0.122177,0.120957,0.119707,0.118423,0.117102,0.115741,0.114335,0.112879,0.111367,0.109793,0.108148,0.106421,0.1046,0.102668,0.100605,0.0983835,0.0959644,0.0932936,0.0902902,0.0868463,0.0829113,0.0787542,0.0749015,0.0715567,0.0688923,0.0668929,0.0653767,0.0641852,0.063216,0.0624052,0.0617117,0.0611078,0.0605743,0.0600975,0.0596669,0.0592749,0.0589154,0.0585835,0.0582755,0.0579883,0.0577192,0.0574663,0.0572277,0.0570018,0.0567875,0.0565835,0.056389,0.0562031,0.0560251,0.0558543,0.0556902,0.0555322,0.0553799,0.0552329,0.0550908,0.0549534,0.0548202,0.0546911,0.0545658,0.0544441,0.0543257,0.0542105,0.0540983,0.053989,0.0538823,0.0537782,0.0536766,0.0535772,0.0534801,0.0533851,0.0532921,0.053201,0.0531118,0.0530243,0.0529385,0.0528544,0.0527718,0.0526907,0.052611,0.0525328,0.0524559,0.0523802,0.0523058,0.0522326,0.0521606,0.0520897,0.0520199,0.0519511,0.0518833,0.0518165,0.0517507,0.0516858,0.0516217,0.0515586,0.0514963,0.0514348
0.128072,0.12698,0.125868,0.124733,0.123575,0.122391,0.121179,0.119937,0.118662,0.117351,0.116001,0.114607,0.113165,0.111669,0.110112,0.108487,0.106784,0.10499,0.103091,0.101068,0.0988945,0.0965371,0.0939471,0.0910533,0.0877565,0.0839783,0.0798785,0.0759493,0.0724898,0.0696403,0.0674725,0.0658352,0.0645601,0.0635317,0.0626772,0.0619504,0.0613205,0.0607661,0.0602722,0.0598274,0.0594233,0.0590535,0.0587128,0.058397,0.058103,0.057828,0.0575697,0.0573262,0.057096,0.0568778,0.0566703,0.0564725,0.0562836,0.0561028,0.0559294,0.0557629,0.0556028,0.0554484,0.0552995,0.0551557,0.0550166,0.0548819,0.0547513,0.0546246,0.0545015,0.0543819,0.0542655,0.0541522,0.0540418,0.0539341,0.0538291,0.0537265,0.0536263,0.0535283,0.0534325,0.0533387,0.0532469,0.053157,0.0530688,0.0529824,0.0528976,0.0528144,0.0527327,0.0526525,0.0525737,0.0524963,0.0524201,0.0523453,0.0522716,0.0521991,0.0521277,0.0520575,0.0519883,0.0519201,0.0518529,0.0517867,0.0517214,0.0516571,0.0515936,0.0515309,0.0514691
0.128255,0.127168,0.126061,0.124933,0.123781,0.122603,0.121399,0.120165,0.118899,0.117598,0.116258,0.114876,0.113447,0.111966,0.110427,0.108821,0.10714,0.105373,0.103505,0.101519,0.099391,0.097091,0.0945752,0.0917809,0.0886184,0.0849972,0.080989,0.0770114,0.073455,0.0704378,0.0680942,0.0663242,0.0649567,0.0638632,0.0629612,0.0621986,0.0615407,0.0609641,0.060452,0.0599921,0.0595754,0.0591948,0.0588448,0.058521,0.0582199,0.0579386,0.0576748,0.0574263,0.0571917,0.0569694,0.0567582,0.056557,0.056365,0.0561814,0.0560054,0.0558365,0.0556741,0.0555177,0.0553668,0.0552212,0.0550803,0.054944,0.0548119,0.0546838,0.0545594,0.0544385,0.0543209,0.0542065,0.054095,0.0539863,0.0538802,0.0537767,0.0536756,0.0535768,0.0534802,0.0533856,0.0532931,0.0532024,0.0531136,0.0530265,0.0529411,0.0528573,0.052775,0.0526942,0.0526149,0.0525369,0.0524602,0.0523849,0.0523107,0.0522378,0.052166,0.0520953,0.0520257,0.0519571,0.0518895,0.0518229,0.0517573,0.0516925,0.0516287,0.0515657,0.0515035
0.128437,0.127355,0.126254,0.125131,0.123985,0.122814,0.121617,0.120391,0.119133,0.117842,0.116513,0.115142,0.113726,0.11226,0.110737,0.10915,0.10749,0.105748,0.103909,0.101959,0.099874,0.0976274,0.0951801,0.0924764,0.0894364,0.0859667,0.082075,0.0780849,0.0744417,0.0712815,0.0687604,0.0668463,0.065377,0.0642119,0.0632582,0.0624567,0.0617689,0.0611685,0.0606371,0.0601614,0.0597314,0.0593395,0.0589798,0.0586476,0.0583391,0.0580513,0.0577817,0.0575281,0.0572888,0.0570623,0.0568473,0.0566427,0.0564475,0.056261,0.0560823,0.0559109,0.0557462,0.0555876,0.0554348,0.0552873,0.0551447,0.0550067,0.0548731,0.0547435,0.0546177,0.0544955,0.0543767,0.0542611,0.0541485,0.0540388,0.0539317,0.0538273,0.0537253,0.0536256,0.0535281,0.0534328,0.0533395,0.0532481,0.0531586,0.0530708,0.0529847,0.0529003,0.0528174,0.0527361,0.0526562,0.0525777,0.0525005,0.0524246,0.05235,0.0522766,0.0522043,0.0521332,0.0520632,0.0519942,0.0519262,0.0518592,0.0517932,0.0517281,0.0516639,0.0516006,0.0515381
0.128618,0.127541,0.126445,0.125328,0.124188,0.123024,0.121833,0.120615,0.119366,0.118084,0.116765,0.115406,0.114002,0.11255,0.111042,0.109473,0.107835,0.106116,0.104306,0.102388,0.100344,0.0981477,0.0957638,0.0931431,0.0902144,0.0868875,0.0831279,0.0791617,0.0754405,0.0721654,0.0694725,0.0674046,0.0658232,0.0645794,0.0635692,0.0627257,0.0620056,0.0613798,0.060828,0.0603355,0.0598914,0.0594877,0.0591178,0.0587768,0.0584606,0.0581661,0.0578904,0.0576315,0.0573874,0.0571566,0.0569376,0.0567295,0.0565311,0.0563415,0.0561601,0.0559862,0.0558191,0.0556583,0.0555034,0.055354,0.0552096,0.05507,0.0549348,0.0548037,0.0546765,0.054553,0.054433,0.0543162,0.0542025,0.0540917,0.0539836,0.0538782,0.0537753,0.0536747,0.0535764,0.0534802,0.0533862,0.053294,0.0532038,0.0531153,0.0530286,0.0529436,0.0528601,0.0527782,0.0526977,0.0526187,0.052541,0.0524646,0.0523895,0.0523156,0.0522429,0.0521713,0.0521008,0.0520314,0.0519631,0.0518957,0.0518293,0.0517638,0.0516992,0.0516356,0.0515728
0.128797,0.127726,0.126635,0.125523,0.124389,0.123231,0.122048,0.120837,0.119596,0.118323,0.117014,0.115666,0.114275,0.112836,0.111344,0.109792,0.108173,0.106478,0.104694,0.102809,0.100803,0.098653,0.0963279,0.0937834,0.0909561,0.0877619,0.0841413,0.0802326,0.0764497,0.0730815,0.0702301,0.0680015,0.0662977,0.0649674,0.0638953,0.0630062,0.0622515,0.0615985,0.0610249,0.0605145,0.0600557,0.0596394,0.0592589,0.0589087,0.0585845,0.058283,0.0580011,0.0577367,0.0574876,0.0572523,0.0570293,0.0568175,0.0566157,0.0564231,0.0562388,0.0560622,0.0558927,0.0557297,0.0555728,0.0554214,0.0552752,0.0551338,0.054997,0.0548644,0.0547359,0.054611,0.0544897,0.0543717,0.0542568,0.0541449,0.0540358,0.0539294,0.0538256,0.0537241,0.0536249,0.053528,0.0534331,0.0533402,0.0532493,0.0531601,0.0530728,0.0529871,0.052903,0.0528205,0.0527394,0.0526598,0.0525816,0.0525047,0.0524291,0.0523547,0.0522816,0.0522095,0.0521386,0.0520688,0.052,0.0519323,0.0518655,0.0517996,0.0517347,0.0516707,0.0516075
0.128976,0.127909,0.126823,0.125717,0.124589,0.123437,0.122261,0.121058,0.119825,0.11856,0.117261,0.115923,0.114544,0.113118,0.111641,0.110106,0.108507,0.106833,0.105075,0.10322,0.10125,0.0991444,0.0968741,0.0943997,0.0916651,0.0885931,0.0851118,0.0812883,0.0774719,0.0740206,0.0710306,0.068639,0.066803,0.0653777,0.0642379,0.0632992,0.062507,0.0618249,0.0612281,0.0606989,0.0602244,0.059795,0.0594033,0.0590435,0.058711,0.0584021,0.0581138,0.0578436,0.0575894,0.0573495,0.0571223,0.0569067,0.0567014,0.0565056,0.0563185,0.0561392,0.0559672,0.0558019,0.0556428,0.0554894,0.0553414,0.0551983,0.0550598,0.0549257,0.0547956,0.0546694,0.0545468,0.0544276,0.0543115,0.0541985,0.0540884,0.053981,0.0538762,0.0537738,0.0536738,0.053576,0.0534803,0.0533867,0.053295,0.0532052,0.0531171,0.0530308,0.0529461,0.052863,0.0527813,0.0527012,0.0526224,0.052545,0.0524689,0.0523941,0.0523204,0.0522479,0.0521766,0.0521064,0.0520372,0.051969,0.0519018,0.0518356,0.0517703,0.0517059,0.0516424
0.129154,0.128091,0.12701,0.125909,0.124787,0.123642,0.122472,0.121276,0.120051,0.118795,0.117505,0.116178,0.11481,0.113397,0.111935,0.110416,0.108835,0.107182,0.105449,0.103622,0.101687,0.0996226,0.0974036,0.0949942,0.0923444,0.0893844,0.0860383,0.08232,0.0785013,0.0749742,0.0718694,0.0693186,0.0673416,0.0658122,0.0645982,0.0636056,0.062773,0.0620596,0.061438,0.0608888,0.0603978,0.0599546,0.0595512,0.0591813,0.0588401,0.0585236,0.0582285,0.0579524,0.0576929,0.0574482,0.0572167,0.0569971,0.0567883,0.0565893,0.0563991,0.0562171,0.0560426,0.0558749,0.0557136,0.0555581,0.0554082,0.0552633,0.0551232,0.0549875,0.0548559,0.0547283,0.0546044,0.0544839,0.0543667,0.0542526,0.0541414,0.0540329,0.0539272,0.0538239,0.053723,0.0536243,0.0535278,0.0534334,0.053341,0.0532505,0.0531617,0.0530747,0.0529894,0.0529057,0.0528235,0.0527427,0.0526634,0.0525855,0.0525089,0.0524336,0.0523594,0.0522865,0.0522147,0.052144,0.0520744,0.0520059,0.0519383,0.0518717,0.051806,0.0517413,0.0516775
0.12933,0.128273,0.127197,0.126101,0.124984,0.123845,0.122682,0.121493,0.120276,0.119028,0.117747,0.11643,0.115073,0.113673,0.112224,0.110721,0.109158,0.107526,0.105816,0.104017,0.102114,0.100089,0.0979176,0.0955684,0.0929965,0.0901393,0.0869214,0.0833209,0.0795307,0.0759361,0.0727399,0.0700398,0.0679156,0.0662732,0.0649779,0.0639265,0.0630501,0.0623031,0.0616551,0.0610846,0.0605761,0.0601183,0.0597026,0.0593222,0.0589719,0.0586474,0.0583454,0.0580631,0.057798,0.0575484,0.0573125,0.0570889,0.0568764,0.056674,0.0564808,0.0562959,0.0561188,0.0559487,0.0557851,0.0556276,0.0554757,0.0553289,0.0551871,0.0550498,0.0549168,0.0547877,0.0546624,0.0545407,0.0544222,0.054307,0.0541947,0.0540852,0.0539785,0.0538742,0.0537724,0.0536729,0.0535756,0.0534804,0.0533873,0.053296,0.0532066,0.0531189,0.0530329,0.0529486,0.0528658,0.0527845,0.0527047,0.0526262,0.0525491,0.0524732,0.0523986,0.0523252,0.052253,0.0521819,0.0521119,0.0520429,0.0519749,0.0519079,0.0518419,0.0517768,0.0517126
0.129506,0.128453,0.127382,0.126291,0.12518,0.124047,0.12289,0.121708,0.120498,0.119259,0.117987,0.11668,0.115334,0.113946,0.11251,0.111022,0.109476,0.107864,0.106176,0.104403,0.102531,0.100543,0.0984172,0.0961241,0.0936241,0.0908608,0.0877629,0.0842861,0.080552,0.0769098,0.0736344,0.070801,0.068527,0.0667627,0.0653787,0.0642631,0.0633391,0.0625561,0.0618797,0.0612865,0.0607596,0.0602864,0.0598578,0.0594663,0.0591065,0.0587738,0.0584645,0.0581757,0.057905,0.0576502,0.0574097,0.0571819,0.0569657,0.0567598,0.0565634,0.0563757,0.0561958,0.0560232,0.0558574,0.0556977,0.0555438,0.0553952,0.0552516,0.0551127,0.0549781,0.0548476,0.0547209,0.0545979,0.0544782,0.0543618,0.0542484,0.0541379,0.0540301,0.0539249,0.0538222,0.0537218,0.0536237,0.0535277,0.0534338,0.0533418,0.0532517,0.0531633,0.0530767,0.0529917,0.0529083,0.0528265,0.0527461,0.0526671,0.0525894,0.0525131,0.052438,0.0523641,0.0522914,0.0522199,0.0521494,0.05208,0.0520117,0.0519443,0.0518779,0.0518124,0.0517479
0.129681,0.128632,0.127565,0.12648,0.125374,0.124247,0.123096,0.121921,0.120719,0.119487,0.118224,0.116927,0.115591,0.114215,0.112793,0.111319,0.10979,0.108196,0.106531,0.104783,0.10294,0.100987,0.0989033,0.0966627,0.094229,0.091552,0.0885655,0.0852129,0.0815574,0.0778933,0.0745451,0.0715985,0.0691768,0.0672829,0.0658022,0.0646166,0.0636411,0.062819,0.0621124,0.0614951,0.0609485,0.0604591,0.0600168,0.0596138,0.0592441,0.0589027,0.0585859,0.0582904,0.0580138,0.0577537,0.0575084,0.0572764,0.0570562,0.0568468,0.0566471,0.0564564,0.0562738,0.0560987,0.0559304,0.0557686,0.0556126,0.0554621,0.0553167,0.0551761,0.05504,0.054908,0.0547799,0.0546555,0.0545346,0.054417,0.0543025,0.0541909,0.0540821,0.0539759,0.0538723,0.0537711,0.0536721,0.0535753,0.0534806,0.0533878,0.053297,0.053208,0.0531207,0.0530351,0.0529511,0.0528686,0.0527877,0.0527081,0.0526299,0.0525531,0.0524775,0.0524032,0.05233,0.052258,0.0521871,0.0521173,0.0520486,0.0519808,0.051914,0.0518482,0.0517833
0.129854,0.12881,0.127748,0.126668,0.125567,0.124446,0.123301,0.122133,0.120937,0.119714,0.118459,0.117171,0.115846,0.114481,0.113072,0.111613,0.110099,0.108524,0.106879,0.105155,0.10334,0.101421,0.0993769,0.0971852,0.0948132,0.0922156,0.0893319,0.0861003,0.0825398,0.0788807,0.0754651,0.0724268,0.069865,0.0678359,0.0662503,0.0649883,0.0639569,0.0630927,0.0623536,0.0617105,0.0611432,0.0606367,0.06018,0.0597649,0.0593847,0.0590343,0.0587096,0.0584073,0.0581245,0.0578589,0.0576087,0.0573722,0.057148,0.0569349,0.0567319,0.0565381,0.0563527,0.056175,0.0560043,0.0558402,0.0556821,0.0555297,0.0553825,0.0552401,0.0551024,0.0549689,0.0548394,0.0547136,0.0545915,0.0544726,0.054357,0.0542443,0.0541345,0.0540273,0.0539227,0.0538206,0.0537208,0.0536231,0.0535276,0.0534341,0.0533426,0.0532529,0.0531649,0.0530787,0.0529941,0.052911,0.0528295,0.0527494,0.0526706,0.0525933,0.0525172,0.0524424,0.0523688,0.0522963,0.052225,0.0521548,0.0520856,0.0520174,0.0519503,0.0518841,0.0518188
0.130027,0.128987,0.12793,0.126854,0.125759,0.124643,0.123505,0.122342,0.121154,0.119938,0.118692,0.117413,0.116099,0.114744,0.113347,0.111902,0.110404,0.108846,0.107221,0.10552,0.103733,0.101844,0.0998386,0.097693,0.0953782,0.0928539,0.0900649,0.0869489,0.0834938,0.0798655,0.0763937,0.0732795,0.0705903,0.0684231,0.066725,0.0653799,0.0642876,0.063378,0.0626039,0.0619334,0.0613439,0.0608193,0.0603475,0.0599196,0.0595285,0.0591688,0.0588359,0.0585263,0.0582371,0.0579659,0.0577106,0.0574695,0.0572412,0.0570243,0.0568178,0.0566209,0.0564325,0.0562521,0.056079,0.0559126,0.0557524,0.0555979,0.0554488,0.0553047,0.0551653,0.0550303,0.0548993,0.0547722,0.0546487,0.0545287,0.0544118,0.0542981,0.0541872,0.054079,0.0539735,0.0538704,0.0537697,0.0536713,0.053575,0.0534807,0.0533884,0.053298,0.0532094,0.0531225,0.0530372,0.0529536,0.0528715,0.0527908,0.0527115,0.0526337,0.0525571,0.0524818,0.0524077,0.0523348,0.052263,0.0521924,0.0521228,0.0520542,0.0519867,0.0519201,0.0518544
0.130199,0.129163,0.12811,0.127039,0.125949,0.124839,0.123707,0.122551,0.12137,0.120161,0.118923,0.117653,0.116348,0.115005,0.11362,0.112188,0.110705,0.109164,0.107558,0.10588,0.104118,0.102259,0.100289,0.0981869,0.0959256,0.093469,0.0907673,0.0877601,0.0844153,0.0808408,0.0773332,0.0741497,0.0713498,0.0690457,0.0672282,0.0657929,0.0646344,0.0636755,0.0628639,0.062164,0.061551,0.0610072,0.0605195,0.0600782,0.0596757,0.0593061,0.0589647,0.0586476,0.0583518,0.0580747,0.0578141,0.0575683,0.0573356,0.0571149,0.0569049,0.0567047,0.0565133,0.0563302,0.0561545,0.0559857,0.0558233,0.0556668,0.0555158,0.05537,0.0552289,0.0550922,0.0549598,0.0548313,0.0547065,0.0545851,0.0544671,0.0543522,0.0542402,0.0541311,0.0540246,0.0539206,0.053819,0.0537197,0.0536226,0.0535275,0.0534345,0.0533434,0.0532541,0.0531665,0.0530806,0.0529964,0.0529137,0.0528324,0.0527526,0.0526742,0.0525971,0.0525213,0.0524468,0.0523734,0.0523012,0.0522301,0.0521601,0.0520911,0.0520232,0.0519562,0.0518902
0.130369,0.129338,0.128289,0.127223,0.126139,0.125034,0.123907,0.122758,0.121583,0.120382,0.119152,0.117891,0.116595,0.115263,0.113889,0.11247,0.111001,0.109477,0.10789,0.106233,0.104495,0.102665,0.100729,0.0986678,0.0964566,0.0940628,0.0914416,0.088536,0.0853023,0.0818001,0.0782794,0.0750309,0.0721391,0.0697038,0.0677616,0.066229,0.0649985,0.0639863,0.0631343,0.0624029,0.0617649,0.0612007,0.0606962,0.0602408,0.0598264,0.0594465,0.0590961,0.0587712,0.0584686,0.0581853,0.0579193,0.0576686,0.0574315,0.0572068,0.0569931,0.0567895,0.0565951,0.0564091,0.0562308,0.0560596,0.055895,0.0557364,0.0555835,0.0554358,0.0552929,0.0551547,0.0550207,0.0548908,0.0547646,0.054642,0.0545228,0.0544068,0.0542937,0.0541835,0.054076,0.0539711,0.0538686,0.0537684,0.0536705,0.0535747,0.0534809,0.053389,0.053299,0.0532108,0.0531243,0.0530394,0.0529561,0.0528743,0.0527939,0.052715,0.0526374,0.0525611,0.052486,0.0524122,0.0523395,0.052268,0.0521976,0.0521282,0.0520598,0.0519925,0.0519261
0.130539,0.129512,0.128468,0.127406,0.126327,0.125227,0.124106,0.122963,0.121795,0.120601,0.119379,0.118126,0.11684,0.115518,0.114155,0.112749,0.111294,0.109786,0.108217,0.10658,0.104866,0.103063,0.10116,0.0991366,0.0969723,0.0946369,0.0920901,0.089279,0.086154,0.0827376,0.0792269,0.0759189,0.0729527,0.0703962,0.0683267,0.0666898,0.0653814,0.0643114,0.0634157,0.0626506,0.0619859,0.0614001,0.0608779,0.0604077,0.0599806,0.05959,0.0592303,0.0588973,0.0585875,0.0582979,0.0580263,0.0577705,0.0575288,0.0572999,0.0570825,0.0568755,0.056678,0.0564891,0.0563081,0.0561344,0.0559675,0.0558067,0.0556518,0.0555022,0.0553576,0.0552177,0.0550822,0.0549508,0.0548233,0.0546994,0.0545789,0.0544617,0.0543475,0.0542363,0.0541278,0.0540219,0.0539185,0.0538174,0.0537187,0.053622,0.0535275,0.0534349,0.0533442,0.0532553,0.0531681,0.0530826,0.0529987,0.0529163,0.0528354,0.0527559,0.0526778,0.052601,0.0525255,0.0524511,0.052378,0.0523061,0.0522352,0.0521654,0.0520966,0.0520289,0.0519621
0.130708,0.129685,0.128645,0.127588,0.126513,0.125419,0.124304,0.123166,0.122005,0.120818,0.119604,0.118359,0.117082,0.11577,0.114419,0.113025,0.111584,0.11009,0.108538,0.106921,0.10523,0.103454,0.10158,0.0995939,0.0974738,0.0951929,0.0927149,0.0899914,0.0869708,0.0836489,0.08017,0.0768168,0.0737847,0.0711208,0.0689243,0.0671771,0.0657844,0.0646518,0.063709,0.0629077,0.0622145,0.0616058,0.0610648,0.0605789,0.0601387,0.0597368,0.0593674,0.0590259,0.0587087,0.0584125,0.058135,0.057874,0.0576276,0.0573945,0.0571732,0.0569626,0.0567618,0.0565699,0.0563862,0.05621,0.0560407,0.0558778,0.0557208,0.0555693,0.0554229,0.0552813,0.0551443,0.0550114,0.0548824,0.0547572,0.0546355,0.054517,0.0544018,0.0542894,0.0541799,0.054073,0.0539687,0.0538668,0.0537671,0.0536697,0.0535744,0.053481,0.0533896,0.0533,0.0532122,0.053126,0.0530415,0.0529585,0.0528771,0.052797,0.0527184,0.0526411,0.052565,0.0524903,0.0524167,0.0523443,0.052273,0.0522027,0.0521336,0.0520654,0.0519983
0.130876,0.129857,0.128821,0.127769,0.126699,0.12561,0.1245,0.123369,0.122214,0.121034,0.119827,0.118591,0.117322,0.11602,0.114679,0.113297,0.111869,0.110391,0.108855,0.107257,0.105587,0.103836,0.101992,0.10004,0.0979619,0.0957321,0.093318,0.0906755,0.0877539,0.0845308,0.0811028,0.0777231,0.0746291,0.071874,0.0695546,0.0676923,0.066209,0.0650086,0.064015,0.0631748,0.0624511,0.061818,0.0612572,0.0607548,0.0603007,0.059887,0.0595075,0.0591572,0.0588322,0.0585292,0.0582456,0.0579792,0.057728,0.0574904,0.0572651,0.0570509,0.0568468,0.0566518,0.0564653,0.0562864,0.0561147,0.0559495,0.0557904,0.055637,0.0554888,0.0553455,0.0552068,0.0550724,0.054942,0.0548155,0.0546924,0.0545728,0.0544564,0.0543429,0.0542324,0.0541245,0.0540192,0.0539164,0.0538159,0.0537177,0.0536215,0.0535274,0.0534353,0.053345,0.0532565,0.0531697,0.0530846,0.053001,0.0529189,0.0528383,0.0527592,0.0526813,0.0526048,0.0525295,0.0524555,0.0523826,0.0523109,0.0522402,0.0521707,0.0521021,0.0520346
0.131043,0.130028,0.128997,0.127949,0.126883,0.125799,0.124695,0.123569,0.122421,0.121248,0.120048,0.11882,0.11756,0.116267,0.114937,0.113566,0.112151,0.110687,0.109168,0.107588,0.105939,0.104212,0.102396,0.100477,0.0984376,0.0962556,0.0939009,0.0913336,0.0885049,0.0853814,0.0820198,0.0786336,0.0754808,0.0726512,0.0702169,0.0682368,0.0666567,0.0653831,0.0643346,0.0634525,0.0626962,0.0620372,0.0614553,0.0609356,0.0604669,0.0600408,0.0596506,0.0592912,0.0589581,0.0586481,0.0583582,0.0580861,0.0578299,0.0575877,0.0573583,0.0571404,0.0569328,0.0567347,0.0565453,0.0563637,0.0561895,0.0560221,0.0558608,0.0557054,0.0555553,0.0554103,0.0552699,0.055134,0.0550021,0.0548742,0.0547499,0.054629,0.0545114,0.0543968,0.0542852,0.0541763,0.0540701,0.0539664,0.053865,0.0537659,0.053669,0.0535741,0.0534812,0.0533902,0.053301,0.0532136,0.0531278,0.0530436,0.052961,0.0528799,0.0528001,0.0527218,0.0526447,0.052569,0.0524945,0.0524211,0.052349,0.0522779,0.0522079,0.0521389,0.052071
0.131209,0.130198,0.129171,0.128127,0.127067,0.125987,0.124889,0.123769,0.122626,0.12146,0.120267,0.119047,0.117796,0.116512,0.115192,0.113833,0.11243,0.11098,0.109476,0.107914,0.106285,0.104581,0.102791,0.100904,0.0989016,0.0967645,0.0944653,0.0919677,0.0892259,0.0862004,0.0829162,0.0795435,0.0763399,0.0734472,0.0709094,0.0688114,0.0671291,0.0657765,0.0646687,0.0637416,0.0629504,0.0622638,0.0616595,0.0611214,0.0606374,0.0601983,0.0597971,0.059428,0.0590865,0.0587691,0.0584727,0.0581948,0.0579334,0.0576865,0.0574529,0.0572311,0.05702,0.0568186,0.0566262,0.056442,0.0562652,0.0560954,0.0559319,0.0557744,0.0556225,0.0554756,0.0553336,0.0551961,0.0550627,0.0549334,0.0548077,0.0546856,0.0545668,0.0544511,0.0543384,0.0542285,0.0541213,0.0540166,0.0539144,0.0538144,0.0537167,0.053621,0.0535274,0.0534357,0.0533458,0.0532577,0.0531713,0.0530865,0.0530033,0.0529216,0.0528413,0.0527624,0.0526849,0.0526086,0.0525336,0.0524598,0.0523872,0.0523157,0.0522453,0.0521759,0.0521076
0.131375,0.130367,0.129344,0.128305,0.127249,0.126175,0.125081,0.123967,0.12283,0.12167,0.120485,0.119272,0.118029,0.116754,0.115444,0.114096,0.112705,0.111269,0.10978,0.108235,0.106625,0.104943,0.103179,0.101321,0.0993545,0.0972598,0.0950124,0.0925795,0.0899188,0.0869878,0.0837886,0.0804476,0.0772082,0.0742567,0.0716292,0.0694162,0.0676274,0.0661903,0.0650184,0.0640428,0.0632142,0.0624981,0.0618701,0.0613126,0.0608124,0.0603597,0.0599468,0.0595677,0.0592176,0.0588925,0.0585893,0.0583054,0.0580385,0.0577869,0.0575488,0.057323,0.0571083,0.0569036,0.0567081,0.0565211,0.0563417,0.0561695,0.0560038,0.0558442,0.0556903,0.0555416,0.0553978,0.0552587,0.0551238,0.054993,0.054866,0.0547426,0.0546226,0.0545058,0.054392,0.054281,0.0541728,0.0540672,0.0539641,0.0538633,0.0537647,0.0536682,0.0535739,0.0534814,0.0533908,0.0533021,0.053215,0.0531296,0.0530458,0.0529635,0.0528826,0.0528032,0.0527252,0.0526484,0.0525729,0.0524987,0.0524256,0.0523536,0.0522828,0.052213,0.0521443
0.131539,0.130535,0.129516,0.128482,0.12743,0.12636,0.125272,0.124163,0.123033,0.121879,0.1207,0.119495,0.11826,0.116994,0.115694,0.114356,0.112978,0.111554,0.11008,0.108551,0.10696,0.1053,0.10356,0.10173,0.099797,0.0977422,0.0955435,0.0931709,0.0905855,0.0877447,0.0846342,0.081341,0.0780826,0.0750748,0.0723724,0.0700508,0.0681529,0.0666257,0.0653849,0.0643571,0.0634883,0.0627407,0.0620875,0.0615094,0.0609922,0.0605252,0.0601001,0.0597105,0.0593513,0.0590182,0.058708,0.0584179,0.0581454,0.0578888,0.0576462,0.0574163,0.0571978,0.0569897,0.0567911,0.0566011,0.0564191,0.0562444,0.0560764,0.0559147,0.0557587,0.0556082,0.0554627,0.0553219,0.0551855,0.0550532,0.0549248,0.0548001,0.0546789,0.0545609,0.0544459,0.0543339,0.0542247,0.0541181,0.0540141,0.0539124,0.053813,0.0537157,0.0536206,0.0535274,0.0534361,0.0533466,0.0532589,0.0531729,0.0530885,0.0530056,0.0529242,0.0528442,0.0527656,0.0526884,0.0526124,0.0525377,0.0524641,0.0523917,0.0523205,0.0522503,0.0521811
0.131703,0.130703,0.129688,0.128657,0.12761,0.126545,0.125462,0.124358,0.123234,0.122086,0.120915,0.119716,0.11849,0.117232,0.115941,0.114614,0.113247,0.111836,0.110376,0.108863,0.10729,0.10565,0.103934,0.102131,0.10023,0.0982127,0.0960596,0.0937433,0.0912281,0.0884725,0.0854516,0.082219,0.0789591,0.0758987,0.0731346,0.0707137,0.0687061,0.0670841,0.0657693,0.0646852,0.0637733,0.062992,0.062312,0.0617122,0.061177,0.0606949,0.0602571,0.0598565,0.0594878,0.0591465,0.058829,0.0585323,0.0582541,0.0579923,0.057745,0.0575108,0.0572885,0.0570769,0.0568751,0.0566821,0.0564974,0.0563201,0.0561498,0.0559858,0.0558279,0.0556754,0.0555281,0.0553856,0.0552476,0.0551139,0.0549841,0.0548581,0.0547355,0.0546163,0.0545003,0.0543872,0.054277,0.0541694,0.0540644,0.0539618,0.0538615,0.0537635,0.0536675,0.0535736,0.0534816,0.0533915,0.0533031,0.0532164,0.0531314,0.0530479,0.0529659,0.0528854,0.0528063,0.0527285,0.052652,0.0525768,0.0525028,0.05243,0.0523583,0.0522877,0.0522181
0.131866,0.130869,0.129858,0.128832,0.127789,0.126729,0.12565,0.124552,0.123433,0.122292,0.121127,0.119936,0.118717,0.117468,0.116186,0.114869,0.113513,0.112114,0.110668,0.109171,0.107615,0.105994,0.104301,0.102524,0.100653,0.0986718,0.0965618,0.0942981,0.0918482,0.0891727,0.0862403,0.0830779,0.0798334,0.0767309,0.0739111,0.0714026,0.0692875,0.0675666,0.0661727,0.0650281,0.0640699,0.0632527,0.0625441,0.0619212,0.061367,0.0608691,0.0604179,0.0600058,0.0596272,0.0592772,0.0589522,0.0586488,0.0583646,0.0580974,0.0578453,0.0576068,0.0573805,0.0571653,0.0569601,0.0567641,0.0565765,0.0563967,0.0562239,0.0560578,0.0558977,0.0557433,0.0555941,0.0554499,0.0553103,0.0551751,0.0550438,0.0549164,0.0547926,0.0546722,0.054555,0.0544408,0.0543296,0.054221,0.054115,0.0540116,0.0539104,0.0538115,0.0537148,0.0536201,0.0535274,0.0534365,0.0533475,0.0532602,0.0531745,0.0530904,0.0530079,0.0529268,0.0528471,0.0527688,0.0526919,0.0526162,0.0525417,0.0524684,0.0523963,0.0523252,0.0522553
0.132028,0.131035,0.130028,0.129005,0.127967,0.126911,0.125838,0.124745,0.123632,0.122496,0.121338,0.120154,0.118942,0.117701,0.116429,0.115121,0.113776,0.112389,0.110957,0.109474,0.107935,0.106334,0.104662,0.10291,0.101067,0.0991203,0.0970509,0.0948365,0.0924476,0.0898471,0.0870005,0.0839146,0.0807012,0.0775705,0.0746973,0.0721142,0.0698965,0.0680743,0.0665965,0.0653869,0.064379,0.0635232,0.0627842,0.0621367,0.0615625,0.0610479,0.0605826,0.0601586,0.0597696,0.0594107,0.0590777,0.0587674,0.058477,0.0582043,0.0579472,0.0577042,0.0574738,0.0572548,0.0570462,0.0568471,0.0566566,0.0564741,0.0562989,0.0561304,0.0559682,0.0558118,0.0556608,0.0555148,0.0553736,0.0552368,0.0551041,0.0549753,0.0548502,0.0547285,0.0546101,0.0544949,0.0543825,0.0542729,0.054166,0.0540616,0.0539596,0.0538599,0.0537623,0.0536669,0.0535734,0.0534818,0.0533921,0.0533041,0.0532178,0.0531331,0.05305,0.0529684,0.0528882,0.0528093,0.0527319,0.0526557,0.0525807,0.052507,0.0524344,0.0523629,0.0522925
0.132189,0.1312,0.130196,0.129178,0.128144,0.127093,0.126024,0.124936,0.123828,0.122699,0.121547,0.120369,0.119166,0.117933,0.116669,0.115371,0.114037,0.112662,0.111242,0.109774,0.108251,0.106667,0.105016,0.103288,0.101474,0.0995587,0.0975276,0.0953596,0.0930276,0.0904973,0.087733,0.0847269,0.0815581,0.0784142,0.0754895,0.0728446,0.0705321,0.0686078,0.0670417,0.0657626,0.0647012,0.0638041,0.0630327,0.0623592,0.0617638,0.0612316,0.0607516,0.060315,0.0599152,0.0595469,0.0592057,0.0588882,0.0585914,0.0583129,0.0580506,0.057803,0.0575684,0.0573456,0.0571335,0.0569311,0.0567377,0.0565524,0.0563747,0.0562039,0.0560395,0.055881,0.0557281,0.0555803,0.0554374,0.055299,0.0551648,0.0550346,0.0549082,0.0547853,0.0546657,0.0545493,0.0544358,0.0543252,0.0542173,0.054112,0.0540091,0.0539085,0.0538101,0.0537139,0.0536197,0.0535274,0.053437,0.0533483,0.0532614,0.0531761,0.0530924,0.0530101,0.0529294,0.05285,0.052772,0.0526954,0.0526199,0.0525457,0.0524727,0.0524008,0.0523299
0.132349,0.131364,0.130364,0.129349,0.128319,0.127273,0.126209,0.125126,0.124024,0.1229,0.121754,0.120584,0.119387,0.118162,0.116907,0.115619,0.114294,0.112931,0.111524,0.110069,0.108562,0.106996,0.105365,0.10366,0.101872,0.0999875,0.0979928,0.0958685,0.0935898,0.091125,0.0884389,0.0855137,0.0824003,0.0792585,0.076288,0.0735898,0.0711923,0.0691674,0.0675094,0.0661562,0.0650376,0.0640962,0.0632901,0.062589,0.0619712,0.0614205,0.0609248,0.0604751,0.060064,0.0596859,0.0593362,0.0590112,0.0587077,0.0584233,0.0581557,0.0579033,0.0576643,0.0574376,0.0572219,0.0570162,0.0568198,0.0566317,0.0564513,0.0562781,0.0561114,0.0559509,0.055796,0.0556464,0.0555018,0.0553618,0.0552261,0.0550944,0.0549666,0.0548424,0.0547216,0.054604,0.0544895,0.0543779,0.054269,0.0541627,0.0540589,0.0539574,0.0538582,0.0537612,0.0536662,0.0535732,0.0534821,0.0533928,0.0533052,0.0532192,0.0531349,0.0530521,0.0529708,0.0528909,0.0528124,0.0527352,0.0526593,0.0525846,0.0525111,0.0524388,0.0523675
0.132509,0.131527,0.130531,0.12952,0.128494,0.127452,0.126393,0.125315,0.124218,0.1231,0.12196,0.120796,0.119607,0.11839,0.117143,0.115864,0.114549,0.113197,0.111802,0.110361,0.108869,0.10732,0.105708,0.104025,0.102262,0.100407,0.0984471,0.096364,0.0941352,0.0917317,0.0891195,0.0862745,0.0832247,0.0800995,0.0770944,0.0743456,0.0718743,0.0697528,0.0680005,0.0665689,0.065389,0.0644002,0.0635571,0.0628266,0.0621849,0.0616146,0.0611027,0.0606391,0.0602163,0.059828,0.0594694,0.0591365,0.0588262,0.0585356,0.0582625,0.0580051,0.0577617,0.0575309,0.0573115,0.0571024,0.0569028,0.0567118,0.0565288,0.0563531,0.0561842,0.0560215,0.0558646,0.0557132,0.0555668,0.0554251,0.0552878,0.0551547,0.0550255,0.0549,0.054778,0.0546592,0.0545436,0.0544309,0.054321,0.0542137,0.054109,0.0540067,0.0539066,0.0538088,0.053713,0.0536193,0.0535274,0.0534374,0.0533492,0.0532626,0.0531777,0.0530943,0.0530124,0.052932,0.0528529,0.0527752,0.0526988,0.0526237,0.0525497,0.0524769,0.0524052
0.132668,0.131689,0.130697,0.12969,0.128668,0.12763,0.126576,0.125503,0.124411,0.123299,0.122165,0.121007,0.119825,0.118615,0.117376,0.116106,0.114802,0.11346,0.112077,0.110649,0.109172,0.10764,0.106046,0.104384,0.102645,0.100819,0.0988912,0.0968469,0.0946651,0.0923189,0.0897763,0.0870094,0.0840286,0.0809333,0.0779063,0.0751085,0.072575,0.0703631,0.0685156,0.0670017,0.0657564,0.0647169,0.0638341,0.0630723,0.0624054,0.0618144,0.0612853,0.0608073,0.060372,0.0599731,0.0596052,0.0592643,0.0589468,0.0586498,0.0583711,0.0581085,0.0578605,0.0576255,0.0574022,0.0571897,0.0569869,0.0567929,0.0566072,0.056429,0.0562577,0.0560928,0.0559339,0.0557805,0.0556323,0.0554889,0.0553501,0.0552155,0.0550849,0.0549581,0.0548348,0.0547148,0.054598,0.0544843,0.0543733,0.0542651,0.0541594,0.0540562,0.0539553,0.0538566,0.0537601,0.0536656,0.053573,0.0534823,0.0533934,0.0533062,0.0532207,0.0531367,0.0530542,0.0529732,0.0528937,0.0528154,0.0527385,0.0526629,0.0525885,0.0525152,0.0524431
0.132826,0.131851,0.130862,0.129859,0.128841,0.127807,0.126757,0.125689,0.124603,0.123496,0.122368,0.121217,0.120041,0.118839,0.117608,0.116347,0.115051,0.11372,0.112349,0.110934,0.109471,0.107954,0.106379,0.104737,0.103022,0.101222,0.0993254,0.097318,0.0951804,0.092888,0.0904107,0.0877191,0.0848103,0.0817565,0.0787207,0.0758761,0.0732907,0.0709966,0.0690551,0.0674555,0.0661407,0.0650469,0.0641219,0.0633266,0.0626329,0.0620201,0.0614729,0.0609796,0.0605315,0.0601214,0.0597439,0.0593945,0.0590696,0.058766,0.0584814,0.0582136,0.0579608,0.0577214,0.0574942,0.0572781,0.057072,0.056875,0.0566865,0.0565056,0.0563319,0.0561648,0.0560038,0.0558485,0.0556985,0.0555534,0.0554129,0.0552768,0.0551448,0.0550166,0.054892,0.0547708,0.0546529,0.054538,0.054426,0.0543168,0.0542102,0.054106,0.0540043,0.0539048,0.0538074,0.0537122,0.0536189,0.0535275,0.0534379,0.05335,0.0532638,0.0531793,0.0530962,0.0530147,0.0529346,0.0528558,0.0527784,0.0527023,0.0526274,0.0525537,0.0524811
0.132983,0.132011,0.131026,0.130027,0.129013,0.127983,0.126938,0.125875,0.124793,0.123692,0.122569,0.121424,0.120255,0.11906,0.117838,0.116585,0.115299,0.113978,0.112618,0.111215,0.109766,0.108265,0.106707,0.105085,0.103391,0.101617,0.0997504,0.097778,0.0956821,0.0934401,0.0910241,0.0884044,0.0855688,0.0825657,0.0795344,0.0766511,0.0740177,0.0716512,0.0696186,0.0679312,0.0665429,0.0653912,0.064421,0.0635901,0.062868,0.0622321,0.0616657,0.0611565,0.0606948,0.0602731,0.0598856,0.0595274,0.0591947,0.0588843,0.0585936,0.0583203,0.0580626,0.0578188,0.0575875,0.0573677,0.0571582,0.0569581,0.0567667,0.0565832,0.056407,0.0562376,0.0560745,0.0559172,0.0557653,0.0556184,0.0554763,0.0553386,0.0552051,0.0550756,0.0549497,0.0548272,0.0547081,0.0545921,0.0544791,0.0543688,0.0542612,0.0541562,0.0540535,0.0539532,0.0538551,0.053759,0.053665,0.0535729,0.0534826,0.0533941,0.0533073,0.0532221,0.0531384,0.0530563,0.0529757,0.0528964,0.0528185,0.0527418,0.0526665,0.0525923,0.0525193
0.13314,0.132171,0.131189,0.130194,0.129184,0.128159,0.127117,0.126059,0.124982,0.123886,0.122769,0.12163,0.120468,0.11928,0.118065,0.11682,0.115544,0.114233,0.112883,0.111493,0.110057,0.108571,0.10703,0.105427,0.103755,0.102005,0.100167,0.0982275,0.0961709,0.0939765,0.091618,0.0890664,0.0863037,0.0833582,0.0803441,0.0774324,0.0747526,0.072324,0.0702054,0.0684292,0.066964,0.0657506,0.0647321,0.0638633,0.0631109,0.0624505,0.061864,0.061338,0.0608621,0.0604282,0.0600302,0.0596629,0.0593222,0.0590047,0.0587077,0.0584287,0.0581659,0.0579175,0.0576821,0.0574585,0.0572455,0.0570422,0.0568478,0.0566616,0.0564829,0.0563112,0.0561458,0.0559865,0.0558327,0.055684,0.0555402,0.055401,0.055266,0.055135,0.0550078,0.0548841,0.0547638,0.0546466,0.0545325,0.0544212,0.0543126,0.0542066,0.0541031,0.0540019,0.053903,0.0538061,0.0537113,0.0536185,0.0535275,0.0534383,0.0533509,0.0532651,0.0531809,0.0530982,0.0530169,0.0529371,0.0528587,0.0527816,0.0527057,0.0526311,0.0525576
0.133296,0.13233,0.131352,0.13036,0.129354,0.128333,0.127296,0.126242,0.12517,0.124079,0.122968,0.121835,0.120679,0.119498,0.118291,0.117054,0.115786,0.114485,0.113146,0.111768,0.110345,0.108873,0.107348,0.105763,0.104112,0.102385,0.100575,0.098667,0.0966478,0.094498,0.0921935,0.0897065,0.0870149,0.0841319,0.0811464,0.0782177,0.0754924,0.0730119,0.0708142,0.0689498,0.0674047,0.066126,0.065056,0.0641468,0.0633622,0.0626759,0.0620681,0.0615244,0.0610335,0.060587,0.060178,0.0598012,0.0594521,0.0591273,0.0588237,0.058539,0.0582709,0.0580178,0.0577781,0.0575505,0.0573339,0.0571274,0.05693,0.0567409,0.0565597,0.0563855,0.0562179,0.0560565,0.0559007,0.0557503,0.0556048,0.0554639,0.0553274,0.0551949,0.0550663,0.0549414,0.0548198,0.0547015,0.0545863,0.054474,0.0543644,0.0542574,0.054153,0.0540509,0.0539511,0.0538535,0.053758,0.0536644,0.0535727,0.0534828,0.0533947,0.0533083,0.0532235,0.0531402,0.0530584,0.0529781,0.0528991,0.0528215,0.0527451,0.05267,0.0525961
0.133451,0.132489,0.131514,0.130525,0.129523,0.128506,0.127473,0.126424,0.125357,0.124271,0.123165,0.122038,0.120889,0.119715,0.118514,0.117286,0.116027,0.114735,0.113407,0.112039,0.110629,0.109172,0.107662,0.106095,0.104463,0.102759,0.100975,0.0990971,0.0971132,0.0950056,0.0927519,0.0903258,0.0877032,0.0848853,0.0819382,0.0790043,0.0762378,0.0737115,0.0714432,0.0694929,0.0678658,0.0665183,0.0653935,0.0644411,0.0636223,0.0629084,0.0622782,0.0617158,0.0612094,0.0607495,0.0603291,0.0599424,0.0595847,0.0592522,0.0589418,0.058651,0.0583775,0.0581195,0.0578754,0.0576438,0.0574235,0.0572136,0.0570131,0.0568212,0.0566372,0.0564606,0.0562908,0.0561272,0.0559694,0.0558171,0.0556698,0.0555273,0.0553892,0.0552553,0.0551254,0.0549991,0.0548763,0.0547568,0.0546405,0.0545271,0.0544165,0.0543086,0.0542032,0.0541002,0.0539996,0.0539012,0.0538048,0.0537105,0.0536181,0.0535276,0.0534388,0.0533518,0.0532663,0.0531825,0.0531001,0.0530192,0.0529397,0.0528616,0.0527847,0.0527091,0.0526348
0.133606,0.132646,0.131675,0.13069,0.129691,0.128678,0.127649,0.126604,0.125542,0.124461,0.123361,0.12224,0.121097,0.119929,0.118736,0.117515,0.116265,0.114982,0.113664,0.112308,0.11091,0.109466,0.107972,0.106421,0.104809,0.103127,0.101367,0.0995182,0.097568,0.0955002,0.0932943,0.0909255,0.0883691,0.0856176,0.0827168,0.0797892,0.0769899,0.0744197,0.0720898,0.070058,0.0683478,0.0669283,0.0657453,0.0647469,0.0638918,0.0631487,0.0624947,0.0619127,0.0613897,0.060916,0.0604836,0.0600865,0.0597198,0.0593794,0.0590621,0.058765,0.0584859,0.0582228,0.0579741,0.0577383,0.0575143,0.0573009,0.0570972,0.0569024,0.0567157,0.0565366,0.0563644,0.0561986,0.0560388,0.0558846,0.0557355,0.0555913,0.0554516,0.0553162,0.0551849,0.0550573,0.0549332,0.0548125,0.054695,0.0545805,0.0544689,0.05436,0.0542537,0.0541499,0.0540484,0.0539491,0.053852,0.0537569,0.0536638,0.0535726,0.0534831,0.0533954,0.0533094,0.0532249,0.053142,0.0530605,0.0529805,0.0529018,0.0528245,0.0527484,0.0526736
0.133759,0.132803,0.131835,0.130854,0.129859,0.128849,0.127825,0.126784,0.125727,0.124651,0.123556,0.12244,0.121303,0.120142,0.118956,0.117743,0.116501,0.115227,0.113919,0.112573,0.111187,0.109757,0.108277,0.106743,0.105149,0.103488,0.101752,0.0999308,0.0980126,0.0959825,0.0938217,0.0915069,0.0890136,0.0863283,0.0834799,0.0805695,0.077747,0.0751337,0.0727515,0.0706438,0.068851,0.0673567,0.0661122,0.065065,0.064171,0.0633969,0.0627178,0.0621151,0.0615749,0.0610865,0.0606417,0.0602338,0.0598577,0.0595091,0.0591844,0.0588809,0.058596,0.0583277,0.0580743,0.0578342,0.0576063,0.0573893,0.0571823,0.0569845,0.0567951,0.0566133,0.0564387,0.0562707,0.0561089,0.0559527,0.0558018,0.0556559,0.0555146,0.0553777,0.0552448,0.0551159,0.0549905,0.0548686,0.05475,0.0546344,0.0545217,0.0544118,0.0543046,0.0541998,0.0540974,0.0539973,0.0538994,0.0538036,0.0537097,0.0536178,0.0535277,0.0534393,0.0533526,0.0532676,0.053184,0.053102,0.0530214,0.0529423,0.0528644,0.0527878,0.0527125
0.133912,0.132959,0.131994,0.131016,0.130025,0.12902,0.127999,0.126963,0.12591,0.124839,0.123749,0.122639,0.121508,0.120353,0.119174,0.117969,0.116735,0.11547,0.114171,0.112836,0.111462,0.110044,0.108578,0.107061,0.105484,0.103844,0.10213,0.100335,0.0984476,0.0964533,0.094335,0.0920711,0.0896377,0.0870175,0.0842257,0.0813423,0.0785069,0.0758518,0.0734252,0.0712488,0.0693751,0.0678042,0.066495,0.0653959,0.0644607,0.0636537,0.0629479,0.0623234,0.061765,0.0612613,0.0608034,0.0603843,0.0599984,0.0596413,0.0593091,0.0589988,0.0587079,0.0584342,0.058176,0.0579315,0.0576996,0.0574789,0.0572686,0.0570676,0.0568753,0.056691,0.0565139,0.0563436,0.0561796,0.0560214,0.0558687,0.055721,0.0555781,0.0554396,0.0553053,0.055175,0.0550483,0.0549252,0.0548053,0.0546886,0.0545749,0.054464,0.0543557,0.05425,0.0541468,0.0540459,0.0539471,0.0538505,0.0537559,0.0536633,0.0535724,0.0534834,0.0533961,0.0533104,0.0532263,0.0531437,0.0530626,0.0529829,0.0529045,0.0528275,0.0527517
0.134065,0.133115,0.132153,0.131178,0.130191,0.129189,0.128173,0.127141,0.126092,0.125026,0.123941,0.122837,0.121711,0.120563,0.119391,0.118193,0.116966,0.11571,0.114421,0.113096,0.111733,0.110328,0.108876,0.107373,0.105815,0.104193,0.102502,0.100732,0.0988735,0.0969132,0.0948351,0.0926192,0.0902425,0.0876856,0.0849529,0.082105,0.079267,0.0765763,0.074108,0.071871,0.0699199,0.0682712,0.0668945,0.0657403,0.0647614,0.0639195,0.0631855,0.0625379,0.0619603,0.0614406,0.060969,0.0605382,0.0601421,0.059776,0.059436,0.0591188,0.0588217,0.0585425,0.0582792,0.0580302,0.0577941,0.0575697,0.0573559,0.0571518,0.0569566,0.0567695,0.0565899,0.0564173,0.0562511,0.0560908,0.0559362,0.0557867,0.0556421,0.0555021,0.0553663,0.0552345,0.0551065,0.0549821,0.0548611,0.0547432,0.0546284,0.0545165,0.0544072,0.0543006,0.0541965,0.0540947,0.0539951,0.0538977,0.0538023,0.053709,0.0536175,0.0535278,0.0534398,0.0533535,0.0532688,0.0531856,0.0531039,0.0530237,0.0529448,0.0528672,0.052791
0.134216,0.13327,0.132311,0.13134,0.130355,0.129357,0.128345,0.127317,0.126273,0.125212,0.124132,0.123033,0.121913,0.120771,0.119606,0.118414,0.117196,0.115948,0.114668,0.113354,0.112001,0.110608,0.10917,0.107682,0.10614,0.104537,0.102867,0.101122,0.0992908,0.0973627,0.0953227,0.0931521,0.0908291,0.0883331,0.0856607,0.0828552,0.0800247,0.0773064,0.0747973,0.0725079,0.0704842,0.0687579,0.0673112,0.0660991,0.0650737,0.0641946,0.0634308,0.0627588,0.0621611,0.0616245,0.0611386,0.0606955,0.0602888,0.0599135,0.0595653,0.0592409,0.0589374,0.0586524,0.058384,0.0581303,0.05789,0.0576617,0.0574443,0.057237,0.0570387,0.0568489,0.0566667,0.0564917,0.0563233,0.0561609,0.0560043,0.055853,0.0557067,0.0555651,0.0554277,0.0552945,0.0551652,0.0550395,0.0549172,0.0547982,0.0546823,0.0545693,0.0544591,0.0543515,0.0542464,0.0541438,0.0540434,0.0539452,0.053849,0.0537549,0.0536627,0.0535723,0.0534837,0.0533968,0.0533115,0.0532277,0.0531455,0.0530647,0.0529853,0.0529072,0.0528304
0.134367,0.133424,0.132468,0.1315,0.130519,0.129525,0.128516,0.127493,0.126453,0.125396,0.124322,0.123228,0.122114,0.120978,0.119819,0.118635,0.117424,0.116184,0.114913,0.113608,0.112267,0.110885,0.10946,0.107987,0.106461,0.104876,0.103226,0.101504,0.0996998,0.0978025,0.0957986,0.0936708,0.0913985,0.0889609,0.0863489,0.083591,0.0807774,0.0780402,0.0754908,0.0731571,0.0710669,0.0692644,0.0677458,0.0664729,0.0653983,0.0644798,0.0636843,0.0629865,0.0623676,0.0618132,0.0613124,0.0608565,0.0604387,0.0600538,0.0596971,0.0593653,0.0590551,0.0587642,0.0584904,0.0582319,0.0579872,0.0577549,0.0575339,0.0573232,0.0571219,0.0569292,0.0567444,0.0565669,0.0563962,0.0562317,0.0560731,0.05592,0.0557719,0.0556286,0.0554897,0.0553551,0.0552243,0.0550973,0.0549738,0.0548536,0.0547366,0.0546225,0.0545113,0.0544027,0.0542967,0.0541932,0.0540919,0.0539929,0.053896,0.0538011,0.0537082,0.0536172,0.0535279,0.0534403,0.0533544,0.05327,0.0531872,0.0531059,0.0530259,0.0529473,0.0528701
0.134518,0.133577,0.132624,0.13166,0.130683,0.129692,0.128687,0.127667,0.126632,0.12558,0.12451,0.123421,0.122313,0.121183,0.12003,0.118853,0.117649,0.116418,0.115155,0.11386,0.112529,0.111159,0.109747,0.108288,0.106777,0.10521,0.10358,0.10188,0.100101,0.0982331,0.0962634,0.094176,0.0919518,0.0895698,0.0870174,0.0843109,0.0815228,0.0787758,0.0761891,0.0738157,0.0716661,0.0697902,0.0681988,0.0668624,0.0657357,0.0647755,0.0639464,0.0632214,0.0625801,0.0620071,0.0614905,0.0610212,0.0605919,0.0601969,0.0598315,0.0594919,0.0591749,0.0588778,0.0585985,0.058335,0.0580858,0.0578494,0.0576247,0.0574105,0.057206,0.0570104,0.0568229,0.0566429,0.0564699,0.0563032,0.0561426,0.0559875,0.0558377,0.0556927,0.0555522,0.0554161,0.0552839,0.0551556,0.0550308,0.0549094,0.0547912,0.0546761,0.0545638,0.0544543,0.0543473,0.0542429,0.0541408,0.0540409,0.0539432,0.0538476,0.053754,0.0536622,0.0535722,0.053484,0.0533975,0.0533125,0.0532291,0.0531472,0.0530668,0.0529877,0.0529099
0.134668,0.133729,0.13278,0.131819,0.130845,0.129858,0.128857,0.127841,0.12681,0.125762,0.124697,0.123614,0.122511,0.121386,0.12024,0.119069,0.117873,0.116649,0.115396,0.11411,0.112789,0.11143,0.11003,0.108584,0.107089,0.105539,0.103928,0.102249,0.100495,0.0986548,0.0967177,0.0946687,0.0924898,0.0901608,0.0876665,0.0850137,0.0822584,0.0795107,0.0768934,0.0744814,0.0722798,0.0703345,0.0686702,0.0672681,0.0660867,0.0650823,0.0642176,0.0634638,0.0627989,0.0622062,0.0616732,0.0611898,0.0607485,0.0603431,0.0599686,0.0596209,0.0592968,0.0589934,0.0587083,0.0584397,0.0581859,0.0579453,0.0577166,0.0574989,0.0572912,0.0570926,0.0569023,0.0567197,0.0565443,0.0563755,0.0562128,0.0560557,0.0559041,0.0557573,0.0556153,0.0554776,0.055344,0.0552143,0.0550882,0.0549656,0.0548463,0.05473,0.0546167,0.0545062,0.0543983,0.0542929,0.0541899,0.0540892,0.0539908,0.0538944,0.0538,0.0537075,0.0536169,0.053528,0.0534408,0.0533553,0.0532713,0.0531888,0.0531078,0.0530282,0.0529499
0.134817,0.133881,0.132935,0.131977,0.131006,0.130023,0.129025,0.128014,0.126987,0.125944,0.124883,0.123805,0.122707,0.121589,0.120448,0.119284,0.118095,0.116879,0.115634,0.114357,0.113046,0.111698,0.11031,0.108877,0.107397,0.105863,0.10427,0.102612,0.100881,0.0990681,0.0971621,0.0951494,0.0930134,0.0907348,0.0882966,0.0856988,0.0829823,0.0802428,0.0776021,0.075152,0.0729057,0.0708963,0.0691601,0.0676906,0.0664519,0.0654007,0.0644984,0.0637141,0.0630242,0.0624109,0.0618606,0.0613626,0.0609087,0.0604924,0.0601084,0.0597524,0.0594208,0.0591108,0.05882,0.0585461,0.0582874,0.0580424,0.0578098,0.0575885,0.0573774,0.0571757,0.0569826,0.0567974,0.0566195,0.0564484,0.0562836,0.0561246,0.055971,0.0558226,0.0556789,0.0555396,0.0554046,0.0552735,0.0551461,0.0550222,0.0549017,0.0547843,0.0546699,0.0545584,0.0544495,0.0543432,0.0542394,0.0541378,0.0540385,0.0539414,0.0538462,0.053753,0.0536617,0.0535722,0.0534844,0.0533982,0.0533136,0.0532306,0.053149,0.0530688,0.05299
0.134965,0.134033,0.133089,0.132134,0.131167,0.130187,0.129193,0.128185,0.127163,0.126124,0.125068,0.123995,0.122902,0.121789,0.120655,0.119498,0.118315,0.117107,0.11587,0.114602,0.113301,0.111963,0.110587,0.109167,0.1077,0.106182,0.104607,0.102969,0.101261,0.0994734,0.0975971,0.095619,0.0935236,0.0912926,0.0889086,0.0863659,0.0836927,0.0809697,0.0783137,0.0758262,0.0735414,0.0714739,0.0696682,0.0681303,0.0668319,0.0657314,0.0647892,0.0639727,0.0632565,0.0626215,0.0620529,0.0615395,0.0610725,0.0606449,0.060251,0.0598863,0.0595472,0.0592304,0.0589334,0.058654,0.0583904,0.058141,0.0579043,0.0576792,0.0574647,0.0572599,0.0570639,0.056876,0.0566956,0.0565221,0.0563551,0.0561941,0.0560386,0.0558884,0.055743,0.0556022,0.0554656,0.0553331,0.0552044,0.0550793,0.0549576,0.054839,0.0547236,0.054611,0.0545011,0.0543939,0.0542891,0.0541867,0.0540866,0.0539886,0.0538927,0.0537988,0.0537068,0.0536166,0.0535281,0.0534413,0.0533562,0.0532725,0.0531904,0.0531097,0.0530304
0.135113,0.134183,0.133243,0.132291,0.131327,0.13035,0.12936,0.128356,0.127337,0.126303,0.125252,0.124183,0.123096,0.121989,0.12086,0.119709,0.118534,0.117333,0.116103,0.114844,0.113552,0.112225,0.11086,0.109453,0.108,0.106497,0.104939,0.10332,0.101634,0.0998711,0.0980231,0.0960778,0.094021,0.0918352,0.089503,0.0870149,0.0843885,0.0816894,0.079026,0.0765059,0.0741846,0.0720657,0.0701938,0.0685874,0.0672272,0.066075,0.0650907,0.06424,0.063496,0.0628381,0.0622504,0.061721,0.0612402,0.0608007,0.0603966,0.0600229,0.0596758,0.059352,0.0590487,0.0587637,0.058495,0.0582409,0.0580001,0.0577712,0.0575531,0.0573451,0.057146,0.0569554,0.0567725,0.0565966,0.0564274,0.0562643,0.0561069,0.0559548,0.0558077,0.0556652,0.0555272,0.0553932,0.0552632,0.0551368,0.0550138,0.0548941,0.0547775,0.0546639,0.054553,0.0544448,0.0543392,0.0542359,0.0541349,0.0540362,0.0539395,0.0538448,0.0537521,0.0536612,0.0535721,0.0534847,0.0533989,0.0533147,0.053232,0.0531507,0.0530709
0.13526,0.134333,0.133396,0.132447,0.131486,0.130513,0.129526,0.128526,0.127511,0.126481,0.125434,0.12437,0.123288,0.122186,0.121064,0.119919,0.118751,0.117557,0.116335,0.115084,0.113802,0.112485,0.111131,0.109736,0.108296,0.106808,0.105267,0.103666,0.102,0.100262,0.0984406,0.0965267,0.0945063,0.0923635,0.0900807,0.087646,0.0850686,0.0823997,0.0797372,0.0771906,0.0748331,0.0726696,0.070736,0.0690618,0.0676383,0.066432,0.0654032,0.0645165,0.0637431,0.0630611,0.0624534,0.061907,0.0614119,0.0609601,0.0605452,0.0601622,0.0598069,0.0594758,0.059166,0.0588751,0.0586012,0.0583424,0.0580972,0.0578643,0.0576427,0.0574313,0.0572292,0.0570357,0.0568502,0.0566719,0.0565004,0.0563351,0.0561758,0.0560218,0.055873,0.0557289,0.0555893,0.0554539,0.0553224,0.0551947,0.0550705,0.0549496,0.0548319,0.0547172,0.0546053,0.0544961,0.0543895,0.0542854,0.0541836,0.054084,0.0539865,0.0538911,0.0537977,0.0537061,0.0536163,0.0535283,0.0534419,0.053357,0.0532738,0.053192,0.0531116
0.135406,0.134482,0.133548,0.132602,0.131644,0.130675,0.129692,0.128695,0.127684,0.126658,0.125616,0.124557,0.123479,0.122383,0.121266,0.120127,0.118965,0.117779,0.116565,0.115322,0.114049,0.112742,0.111398,0.110015,0.108589,0.107115,0.10559,0.104007,0.102361,0.100645,0.09885,0.0969659,0.0949803,0.0928781,0.0906425,0.0882598,0.0857324,0.083099,0.0804451,0.0778788,0.0754854,0.0732835,0.0712934,0.0695533,0.0680655,0.0668029,0.0657274,0.0648026,0.0639983,0.0632908,0.0626619,0.0620979,0.0615877,0.061123,0.060697,0.0603043,0.0599404,0.0596018,0.0592853,0.0589884,0.058709,0.0584453,0.0581956,0.0579587,0.0577334,0.0575186,0.0573134,0.057117,0.0569287,0.056748,0.0565741,0.0564067,0.0562453,0.0560895,0.0559388,0.0557931,0.0556519,0.055515,0.0553821,0.055253,0.0551276,0.0550055,0.0548866,0.0547708,0.0546579,0.0545478,0.0544402,0.0543352,0.0542325,0.0541321,0.0540338,0.0539377,0.0538435,0.0537512,0.0536608,0.0535721,0.053485,0.0533996,0.0533158,0.0532334,0.0531525
0.135552,0.134631,0.133699,0.132756,0.131802,0.130835,0.129856,0.128863,0.127856,0.126834,0.125796,0.124742,0.123669,0.122578,0.121467,0.120334,0.119179,0.117999,0.116793,0.115558,0.114294,0.112996,0.111663,0.110291,0.108878,0.107418,0.105908,0.104343,0.102716,0.101022,0.0992516,0.0973961,0.0954436,0.0933799,0.0911891,0.0888566,0.0863796,0.0837859,0.0811478,0.078569,0.0761419,0.0739052,0.0718646,0.0700613,0.068509,0.0671883,0.0660638,0.0650989,0.0642618,0.0635274,0.0628764,0.0622937,0.0617679,0.0612897,0.0608521,0.0604493,0.0600766,0.05973,0.0594066,0.0591035,0.0588185,0.0585497,0.0582955,0.0580544,0.0578253,0.0576069,0.0573985,0.0571992,0.0570082,0.0568248,0.0566486,0.056479,0.0563155,0.0561577,0.0560053,0.0558578,0.055715,0.0555766,0.0554423,0.0553118,0.0551851,0.0550618,0.0549418,0.0548249,0.0547109,0.0545997,0.0544912,0.0543853,0.0542817,0.0541805,0.0540814,0.0539845,0.0538896,0.0537966,0.0537054,0.0536161,0.0535284,0.0534424,0.0533579,0.053275,0.0531936
0.135698,0.134779,0.13385,0.13291,0.131959,0.130996,0.13002,0.12903,0.128027,0.127009,0.125976,0.124926,0.123858,0.122772,0.121666,0.12054,0.11939,0.118217,0.117018,0.115792,0.114536,0.113248,0.111925,0.110564,0.109163,0.107717,0.106222,0.104673,0.103065,0.101392,0.0996459,0.0978176,0.0958966,0.0938696,0.0917215,0.0894371,0.0870103,0.0844591,0.0818434,0.0792593,0.0768036,0.0745328,0.0724477,0.0705851,0.0689688,0.0675885,0.0664129,0.0654057,0.0645341,0.0637715,0.0630971,0.0624949,0.0619525,0.0614603,0.0610106,0.0605973,0.0602153,0.0598607,0.05953,0.0592205,0.0589298,0.0586558,0.0583968,0.0581515,0.0579184,0.0576965,0.0574847,0.0572823,0.0570885,0.0569026,0.0567239,0.056552,0.0563864,0.0562266,0.0560723,0.0559231,0.0557786,0.0556387,0.0555029,0.0553711,0.055243,0.0551185,0.0549973,0.0548793,0.0547642,0.054652,0.0545426,0.0544357,0.0543312,0.0542291,0.0541293,0.0540316,0.0539359,0.0538422,0.0537503,0.0536603,0.053572,0.0534854,0.0534003,0.0533168,0.0532348
0.135843,0.134927,0.134,0.133063,0.132115,0.131155,0.130182,0.129197,0.128197,0.127183,0.126154,0.125108,0.124046,0.122965,0.121864,0.120743,0.119601,0.118434,0.117242,0.116024,0.114776,0.113497,0.112184,0.110834,0.109445,0.108012,0.106532,0.104999,0.103409,0.101756,0.100033,0.0982309,0.09634,0.0943479,0.0922402,0.0900021,0.0876245,0.085118,0.0825301,0.079948,0.0774694,0.0751645,0.0730408,0.0711236,0.0694448,0.0680039,0.0667753,0.0657237,0.0648157,0.0640232,0.0633242,0.0627015,0.0621419,0.061635,0.0611727,0.0607484,0.0603569,0.0599938,0.0596557,0.0593395,0.0590428,0.0587634,0.0584996,0.0582499,0.0580127,0.0577871,0.057572,0.0573665,0.0571697,0.0569811,0.0568,0.0566258,0.056458,0.0562962,0.05614,0.055989,0.0558429,0.0557013,0.055564,0.0554308,0.0553014,0.0551756,0.0550532,0.054934,0.0548179,0.0547047,0.0545942,0.0544864,0.0543811,0.0542781,0.0541774,0.0540789,0.0539825,0.053888,0.0537955,0.0537048,0.0536158,0.0535286,0.0534429,0.0533588,0.0532763
0.135987,0.135073,0.13415,0.133216,0.132271,0.131314,0.130344,0.129362,0.128367,0.127356,0.126331,0.12529,0.124232,0.123156,0.122061,0.120946,0.119809,0.118649,0.117465,0.116253,0.115014,0.113744,0.112441,0.111102,0.109724,0.108304,0.106837,0.105321,0.103748,0.102115,0.100413,0.0986364,0.0967741,0.0948152,0.0927461,0.0905522,0.0882226,0.0857618,0.0832065,0.0806331,0.0781379,0.0757995,0.073642,0.0716753,0.0699364,0.0684347,0.0671512,0.0660532,0.0651069,0.064283,0.0635581,0.0629139,0.0623362,0.0618139,0.0613384,0.0609027,0.0605013,0.0601295,0.0597836,0.0594606,0.0591577,0.0588728,0.058604,0.0583496,0.0581084,0.057879,0.0576603,0.0574516,0.0572519,0.0570606,0.0568769,0.0567003,0.0565303,0.0563665,0.0562083,0.0560555,0.0559076,0.0557645,0.0556257,0.055491,0.0553603,0.0552332,0.0551096,0.0549892,0.054872,0.0547577,0.0546462,0.0545374,0.0544312,0.0543273,0.0542258,0.0541265,0.0540293,0.0539341,0.0538409,0.0537495,0.0536599,0.053572,0.0534857,0.0534011,0.0533179
0.13613,0.13522,0.134299,0.133368,0.132425,0.131471,0.130506,0.129527,0.128535,0.127529,0.126508,0.125471,0.124417,0.123346,0.122257,0.121147,0.120016,0.118862,0.117685,0.116481,0.11525,0.113988,0.112695,0.111366,0.109999,0.108592,0.107139,0.105638,0.104082,0.102468,0.100787,0.0990343,0.0971995,0.0952723,0.0932398,0.091088,0.088805,0.0863905,0.0838713,0.081313,0.0788077,0.0764393,0.0742495,0.0722387,0.0704429,0.0688808,0.0675412,0.0663948,0.0654083,0.0645513,0.0637991,0.0631322,0.0625356,0.0619972,0.061508,0.0610604,0.0606486,0.0602678,0.0599139,0.0595837,0.0592745,0.0589838,0.0587099,0.0584508,0.0582053,0.057972,0.0577498,0.0575378,0.0573351,0.0571409,0.0569546,0.0567756,0.0566034,0.0564374,0.0562773,0.0561226,0.055973,0.0558282,0.0556878,0.0555517,0.0554196,0.0552912,0.0551663,0.0550448,0.0549264,0.0548111,0.0546986,0.0545888,0.0544816,0.0543769,0.0542745,0.0541744,0.0540764,0.0539805,0.0538865,0.0537944,0.0537042,0.0536156,0.0535287,0.0534435,0.0533598
0.136273,0.135365,0.134447,0.133519,0.132579,0.131629,0.130666,0.129691,0.128702,0.1277,0.126683,0.12565,0.124602,0.123535,0.122451,0.121346,0.120221,0.119074,0.117903,0.116707,0.115483,0.114231,0.112946,0.111627,0.110272,0.108876,0.107437,0.10595,0.104411,0.102815,0.101155,0.0994251,0.0976166,0.0957195,0.093722,0.0916104,0.0893723,0.0870038,0.0845235,0.081986,0.079477,0.0770836,0.0748616,0.0728121,0.0709635,0.0693422,0.0679455,0.0667489,0.0657202,0.0648284,0.0640475,0.0633569,0.0627403,0.0621851,0.0616815,0.0612216,0.060799,0.0604087,0.0600466,0.059709,0.0593932,0.0590967,0.0588174,0.0585535,0.0583036,0.0580663,0.0578404,0.057625,0.0574192,0.0572221,0.0570332,0.0568517,0.0566771,0.056509,0.0563469,0.0561903,0.0560389,0.0558924,0.0557505,0.0556129,0.0554793,0.0553496,0.0552235,0.0551007,0.0549812,0.0548648,0.0547513,0.0546405,0.0545324,0.0544268,0.0543235,0.0542226,0.0541238,0.0540271,0.0539324,0.0538396,0.0537487,0.0536595,0.053572,0.0534861,0.0534018
0.136416,0.13551,0.134595,0.133669,0.132733,0.131785,0.130826,0.129854,0.128869,0.12787,0.126857,0.125829,0.124785,0.123723,0.122643,0.121545,0.120425,0.119284,0.11812,0.116931,0.115715,0.11447,0.113195,0.111886,0.110542,0.109158,0.107731,0.106259,0.104736,0.103157,0.101517,0.099809,0.0980257,0.0961575,0.0941932,0.0921199,0.089925,0.0876019,0.0851624,0.0826507,0.0801443,0.0777312,0.0754769,0.0733939,0.0714968,0.0698183,0.0683642,0.0671159,0.0660431,0.0651148,0.0643037,0.063588,0.0629505,0.0623778,0.0618591,0.0613863,0.0609526,0.0605525,0.0601817,0.0598365,0.0595139,0.0592113,0.0589265,0.0586577,0.0584032,0.0581618,0.0579322,0.0577133,0.0575043,0.0573043,0.0571126,0.0569286,0.0567517,0.0565813,0.0564171,0.0562586,0.0561054,0.0559572,0.0558137,0.0556746,0.0555396,0.0554085,0.0552811,0.0551571,0.0550365,0.0549189,0.0548043,0.0546926,0.0545835,0.0544769,0.0543728,0.054271,0.0541714,0.054074,0.0539785,0.053885,0.0537934,0.0537035,0.0536154,0.0535289,0.053444
0.136558,0.135654,0.134742,0.133819,0.132885,0.131941,0.130984,0.130016,0.129035,0.12804,0.127031,0.126006,0.124966,0.12391,0.122835,0.121742,0.120628,0.119493,0.118335,0.117153,0.115945,0.114708,0.113442,0.112143,0.110808,0.109436,0.108022,0.106563,0.105055,0.103494,0.101873,0.100186,0.0984272,0.0965866,0.094654,0.0926172,0.0904637,0.0881852,0.0857876,0.0833056,0.080808,0.0783808,0.076096,0.0739822,0.0720416,0.0703086,0.0687974,0.0674961,0.0663775,0.0654108,0.064568,0.063826,0.0631666,0.0625754,0.0620411,0.0615548,0.0611094,0.0606992,0.0603195,0.0599664,0.0596367,0.0593278,0.0590374,0.0587634,0.0585043,0.0582587,0.0580252,0.0578027,0.0575905,0.0573874,0.0571929,0.0570063,0.056827,0.0566544,0.0564881,0.0563276,0.0561725,0.0560226,0.0558774,0.0557368,0.0556003,0.0554678,0.0553391,0.0552139,0.0550921,0.0549734,0.0548577,0.0547449,0.0546349,0.0545274,0.0544224,0.0543197,0.0542193,0.0541211,0.0540249,0.0539307,0.0538384,0.0537478,0.0536591,0.053572,0.0534865
0.136699,0.135798,0.134888,0.133968,0.133037,0.132096,0.131142,0.130177,0.129199,0.128208,0.127203,0.126183,0.125147,0.124095,0.123025,0.121937,0.120829,0.1197,0.118549,0.117373,0.116172,0.114944,0.113686,0.112396,0.111072,0.109711,0.108309,0.106864,0.105371,0.103826,0.102223,0.100557,0.0988214,0.0970072,0.0951049,0.093103,0.0909892,0.0887538,0.0863987,0.0839498,0.0814665,0.079031,0.0767196,0.0745754,0.0725964,0.0708123,0.069245,0.0678898,0.0667237,0.0657169,0.0648408,0.0640712,0.0633888,0.0627782,0.0622275,0.0617271,0.0612696,0.0608488,0.0604599,0.0600986,0.0597617,0.0594462,0.0591499,0.0588707,0.0586069,0.0583568,0.0581194,0.0578933,0.0576776,0.0574715,0.0572742,0.0570849,0.0569031,0.0567282,0.0565597,0.0563972,0.0562403,0.0560886,0.0559417,0.0557995,0.0556615,0.0555276,0.0553976,0.0552711,0.0551481,0.0550282,0.0549115,0.0547977,0.0546866,0.0545782,0.0544723,0.0543688,0.0542675,0.0541685,0.0540715,0.0539766,0.0538836,0.0537924,0.0537029,0.0536152,0.0535291
0.13684,0.135941,0.135034,0.134116,0.133188,0.13225,0.1313,0.130338,0.129363,0.128376,0.127374,0.126358,0.125327,0.124279,0.123214,0.122131,0.121029,0.119906,0.11876,0.117592,0.116398,0.115177,0.113928,0.112647,0.111333,0.109983,0.108593,0.107161,0.105682,0.104153,0.102568,0.100922,0.0992087,0.0974198,0.0955464,0.0935778,0.0915019,0.0893084,0.0869956,0.0845823,0.0821183,0.0796804,0.077347,0.0751722,0.0731595,0.0713284,0.0697065,0.0682972,0.0670822,0.0660335,0.0651224,0.0643238,0.0636172,0.0629864,0.0624185,0.0619035,0.0614334,0.0610016,0.060603,0.0602333,0.0598888,0.0595667,0.0592643,0.0589797,0.0587109,0.0584564,0.0582148,0.057985,0.0577659,0.0575566,0.0573563,0.0571643,0.05698,0.0568027,0.056632,0.0564675,0.0563086,0.0561551,0.0560066,0.0558627,0.0557232,0.0555879,0.0554565,0.0553287,0.0552045,0.0550835,0.0549656,0.0548508,0.0547387,0.0546293,0.0545225,0.0544181,0.054316,0.0542162,0.0541184,0.0540228,0.053929,0.0538371,0.053747,0.0536587,0.053572
0.13698,0.136084,0.135179,0.134264,0.133339,0.132403,0.131456,0.130498,0.129527,0.128543,0.127545,0.126533,0.125506,0.124463,0.123402,0.122324,0.121227,0.12011,0.118971,0.117809,0.116622,0.115409,0.114168,0.112896,0.111592,0.110252,0.108874,0.107454,0.10599,0.104476,0.102908,0.101281,0.0995893,0.0978247,0.095979,0.0940421,0.0920024,0.0898493,0.0875785,0.0852025,0.0827623,0.0803275,0.0779771,0.075772,0.0737295,0.0718556,0.0701816,0.0687182,0.0674531,0.066361,0.0654133,0.0645843,0.0638523,0.0632002,0.0626144,0.0620841,0.0616008,0.0611576,0.060749,0.0603705,0.0600182,0.0596891,0.0593806,0.0590903,0.0588164,0.0585573,0.0583116,0.0580779,0.0578553,0.0576427,0.0574394,0.0572446,0.0570577,0.056878,0.0567051,0.0565384,0.0563776,0.0562222,0.056072,0.0559265,0.0557854,0.0556487,0.0555158,0.0553868,0.0552613,0.0551391,0.0550202,0.0549042,0.0547911,0.0546808,0.054573,0.0544677,0.0543648,0.0542641,0.0541656,0.0540692,0.0539747,0.0538821,0.0537914,0.0537024,0.053615
0.13712,0.136226,0.135324,0.134411,0.133489,0.132556,0.131612,0.130657,0.129689,0.128709,0.127715,0.126706,0.125683,0.124645,0.123589,0.122516,0.121424,0.120312,0.119179,0.118024,0.116844,0.115639,0.114405,0.113143,0.111848,0.110518,0.109151,0.107744,0.106293,0.104794,0.103243,0.101635,0.0999635,0.0982223,0.0964031,0.0944965,0.0924914,0.0903772,0.0881476,0.08581,0.0833971,0.080971,0.0786086,0.076376,0.0743047,0.0723927,0.0706695,0.0691528,0.0678368,0.0666997,0.0657138,0.0648529,0.0640943,0.0634199,0.0628153,0.062269,0.061772,0.0613169,0.0608979,0.0605103,0.06015,0.0598137,0.0594987,0.0592027,0.0589236,0.0586597,0.0584096,0.058172,0.0579458,0.0577299,0.0575235,0.0573259,0.0571363,0.0569541,0.0567789,0.0566101,0.0564473,0.05629,0.0561379,0.0559908,0.0558482,0.0557099,0.0555757,0.0554453,0.0553185,0.0551952,0.055075,0.054958,0.0548439,0.0547325,0.0546238,0.0545176,0.0544138,0.0543123,0.054213,0.0541158,0.0540206,0.0539274,0.0538359,0.0537463,0.0536583
0.137259,0.136368,0.135468,0.134558,0.133638,0.132708,0.131767,0.130815,0.129851,0.128874,0.127883,0.126879,0.12586,0.124826,0.123775,0.122706,0.12162,0.120513,0.119386,0.118237,0.117064,0.115866,0.114641,0.113387,0.112101,0.110782,0.109426,0.108031,0.106593,0.105109,0.103574,0.101983,0.100332,0.0986128,0.0968191,0.0949414,0.0929694,0.0908925,0.0887031,0.0864045,0.0840219,0.0816093,0.0792402,0.0769841,0.0748839,0.0729381,0.0711692,0.0696006,0.0682334,0.06705,0.0660243,0.0651299,0.0643435,0.0636458,0.0630215,0.0624585,0.0619471,0.0614797,0.0610499,0.0606528,0.0602841,0.0599404,0.0596188,0.0593168,0.0590323,0.0587636,0.058509,0.0582674,0.0580374,0.0578181,0.0576085,0.057408,0.0572157,0.057031,0.0568535,0.0566825,0.0565176,0.0563584,0.0562045,0.0560556,0.0559114,0.0557716,0.055636,0.0555042,0.0553762,0.0552516,0.0551303,0.0550122,0.054897,0.0547846,0.054675,0.0545679,0.0544632,0.0543609,0.0542607,0.0541628,0.0540668,0.0539728,0.0538807,0.0537904,0.0537018
0.137397,0.136509,0.135611,0.134704,0.133787,0.13286,0.131922,0.130973,0.130011,0.129038,0.128051,0.127051,0.126036,0.125006,0.123959,0.122896,0.121814,0.120713,0.119592,0.118449,0.117283,0.116092,0.114874,0.113628,0.112352,0.111042,0.109697,0.108314,0.106889,0.105419,0.103899,0.102326,0.100694,0.0989966,0.0972272,0.0953773,0.093437,0.0913958,0.0892454,0.0869859,0.0846359,0.0822412,0.0798707,0.0775952,0.0754659,0.0734905,0.0716798,0.0700613,0.0686429,0.0674121,0.0663452,0.0654159,0.0646002,0.063878,0.0632331,0.0626526,0.0621263,0.061646,0.061205,0.0607981,0.0604208,0.0600694,0.0597409,0.0594327,0.0591427,0.058869,0.0586098,0.058364,0.0581302,0.0579074,0.0576946,0.057491,0.057296,0.0571088,0.0569288,0.0567555,0.0565885,0.0564274,0.0562717,0.0561211,0.0559752,0.0558339,0.0556968,0.0555636,0.0554343,0.0553084,0.055186,0.0550667,0.0549505,0.0548371,0.0547264,0.0546184,0.0545128,0.0544097,0.0543087,0.05421,0.0541133,0.0540186,0.0539257,0.0538347,0.0537455
0.137535,0.136649,0.135754,0.134849,0.133935,0.133011,0.132076,0.131129,0.130171,0.129201,0.128218,0.127221,0.12621,0.125184,0.124143,0.123084,0.122007,0.120912,0.119796,0.118659,0.1175,0.116316,0.115106,0.113868,0.1126,0.1113,0.109966,0.108594,0.107181,0.105725,0.10422,0.102664,0.10105,0.0993739,0.097628,0.0958046,0.0938945,0.0918877,0.0897751,0.0875543,0.0852385,0.0828657,0.0804987,0.0782084,0.0760513,0.0740484,0.0722,0.0705342,0.0690652,0.0677863,0.0666767,0.065711,0.0648647,0.0641168,0.0634504,0.0628517,0.0623098,0.061816,0.0613634,0.0609463,0.06056,0.0602007,0.0598651,0.0595506,0.0592548,0.0589759,0.0587121,0.0584619,0.0582242,0.0579978,0.0577817,0.0575751,0.0573772,0.0571873,0.0570049,0.0568293,0.0566602,0.056497,0.0563394,0.0561871,0.0560396,0.0558966,0.055758,0.0556235,0.0554928,0.0553657,0.055242,0.0551216,0.0550043,0.0548899,0.0547782,0.0546693,0.0545628,0.0544587,0.054357,0.0542574,0.05416,0.0540645,0.053971,0.0538793,0.0537894
0.137673,0.136789,0.135896,0.134994,0.134083,0.133161,0.132229,0.131285,0.130331,0.129364,0.128384,0.127391,0.126384,0.125362,0.124325,0.123271,0.122199,0.121109,0.119999,0.118868,0.117715,0.116538,0.115335,0.114105,0.112846,0.111556,0.110231,0.108871,0.10747,0.106027,0.104537,0.102997,0.101401,0.099745,0.0980216,0.0962237,0.0943426,0.0923685,0.0902924,0.0881099,0.0858293,0.0834816,0.081123,0.0788226,0.0766408,0.0746106,0.0727285,0.0710185,0.0695001,0.0681726,0.0670192,0.0660156,0.0651373,0.0643626,0.0636736,0.0630558,0.0624976,0.0619899,0.0615252,0.0610975,0.0607019,0.0603343,0.0599914,0.0596703,0.0593687,0.0590844,0.0588158,0.0585612,0.0583195,0.0580893,0.0578698,0.0576601,0.0574593,0.0572667,0.0570818,0.0569039,0.0567326,0.0565673,0.0564078,0.0562536,0.0561044,0.0559599,0.0558198,0.0556838,0.0555518,0.0554234,0.0552985,0.0551769,0.0550585,0.054943,0.0548304,0.0547204,0.0546131,0.0545081,0.0544055,0.0543052,0.0542069,0.0541107,0.0540165,0.0539241,0.0538336
0.13781,0.136928,0.136038,0.135138,0.134229,0.13331,0.132381,0.131441,0.130489,0.129526,0.12855,0.12756,0.126557,0.125539,0.124506,0.123456,0.12239,0.121305,0.1202,0.119075,0.117928,0.116758,0.115563,0.114341,0.11309,0.111809,0.110494,0.109144,0.107756,0.106325,0.10485,0.103325,0.101747,0.10011,0.0984084,0.0966349,0.0947816,0.092839,0.090798,0.0886528,0.0864081,0.0840882,0.0817423,0.0794365,0.0772337,0.075176,0.0732642,0.0715133,0.0699472,0.0685712,0.0673729,0.06633,0.0654184,0.0646156,0.063903,0.0632652,0.0626901,0.0621677,0.0616904,0.0612517,0.0608465,0.0604704,0.0601199,0.0597921,0.0594843,0.0591946,0.0589209,0.0586619,0.058416,0.0581821,0.0579591,0.0577461,0.0575423,0.057347,0.0571595,0.0569792,0.0568056,0.0566383,0.0564768,0.0563208,0.0561699,0.0560237,0.0558821,0.0557446,0.0556112,0.0554815,0.0553554,0.0552326,0.0551131,0.0549965,0.0548829,0.0547719,0.0546636,0.0545578,0.0544543,0.0543532,0.0542541,0.0541572,0.0540622,0.0539692,0.053878
0.137947,0.137067,0.136179,0.135282,0.134376,0.133459,0.132533,0.131596,0.130647,0.129687,0.128714,0.127728,0.126729,0.125715,0.124686,0.123641,0.122579,0.121499,0.1204,0.119281,0.11814,0.116976,0.115788,0.114574,0.113332,0.112059,0.110755,0.109415,0.108038,0.10662,0.105159,0.103649,0.102088,0.10047,0.0987887,0.0970387,0.0952119,0.0932994,0.0912922,0.0891835,0.0869748,0.0846848,0.0823555,0.0800489,0.0778291,0.0757439,0.0738055,0.0720175,0.070406,0.0689819,0.067738,0.0666546,0.0657082,0.0648762,0.0641388,0.0634802,0.0628872,0.0623497,0.0618593,0.0614092,0.0609939,0.060609,0.0602507,0.0599158,0.0596018,0.0593064,0.0590277,0.0587639,0.0585138,0.058276,0.0580494,0.0578331,0.0576263,0.0574281,0.057238,0.0570553,0.0568794,0.05671,0.0565465,0.0563886,0.0562359,0.0560881,0.0559449,0.0558059,0.0556711,0.0555401,0.0554127,0.0552887,0.055168,0.0550504,0.0549357,0.0548238,0.0547145,0.0546078,0.0545035,0.0544014,0.0543016,0.0542039,0.0541082,0.0540145,0.0539226
0.138083,0.137206,0.13632,0.135425,0.134521,0.133608,0.132684,0.131749,0.130804,0.129847,0.128878,0.127895,0.1269,0.12589,0.124865,0.123825,0.122767,0.121692,0.120599,0.119485,0.11835,0.117193,0.116012,0.114805,0.113571,0.112307,0.111012,0.109683,0.108317,0.106912,0.105463,0.103969,0.102424,0.100823,0.0991627,0.0974353,0.095634,0.0937504,0.0917756,0.0897022,0.0875295,0.0852708,0.0829617,0.0806588,0.0784261,0.0763157,0.0743515,0.07253,0.0708757,0.0694046,0.0681147,0.0669897,0.0660072,0.0651445,0.0643813,0.0637008,0.0630894,0.062536,0.0620319,0.0615699,0.0611443,0.0607502,0.0603838,0.0600417,0.0597213,0.05942,0.059136,0.0588674,0.0586129,0.0583711,0.0581409,0.0579212,0.0577112,0.0575102,0.0573174,0.0571321,0.056954,0.0567823,0.0566168,0.056457,0.0563025,0.056153,0.0560082,0.0558677,0.0557315,0.0555991,0.0554704,0.0553452,0.0552233,0.0551046,0.0549889,0.0548759,0.0547657,0.0546581,0.0545529,0.05445,0.0543494,0.0542509,0.0541545,0.05406,0.0539674
0.138218,0.137343,0.13646,0.135568,0.134666,0.133755,0.132834,0.131903,0.13096,0.130006,0.12904,0.128062,0.12707,0.126064,0.125043,0.124007,0.122954,0.121884,0.120796,0.119688,0.118559,0.117408,0.116234,0.115035,0.113808,0.112553,0.111267,0.109948,0.108593,0.1072,0.105764,0.104284,0.102755,0.101172,0.0995306,0.097825,0.0960482,0.0941922,0.0922485,0.0902094,0.0880721,0.0858459,0.0835599,0.081265,0.0790237,0.0768911,0.0749008,0.0730497,0.0713555,0.0698388,0.0685029,0.0673353,0.0663155,0.0654209,0.0646307,0.0639274,0.0632966,0.0627267,0.0622084,0.0617341,0.0612977,0.0608941,0.0605193,0.0601698,0.0598426,0.0595354,0.0592459,0.0589724,0.0587134,0.0584675,0.0582335,0.0580103,0.0577972,0.0575932,0.0573976,0.0572098,0.0570293,0.0568554,0.0566878,0.056526,0.0563697,0.0562184,0.056072,0.05593,0.0557923,0.0556585,0.0555286,0.0554021,0.0552791,0.0551592,0.0550424,0.0549285,0.0548173,0.0547087,0.0546026,0.0544989,0.0543974,0.0542982,0.054201,0.0541058,0.0540125
0.138354,0.137481,0.1366,0.13571,0.134811,0.133902,0.132984,0.132055,0.131116,0.130165,0.129202,0.128227,0.127239,0.126237,0.12522,0.124188,0.12314,0.122075,0.120992,0.119889,0.118766,0.117622,0.116454,0.115262,0.114043,0.112797,0.11152,0.11021,0.108866,0.107484,0.106062,0.104595,0.103081,0.101515,0.0998928,0.0982081,0.0964548,0.0946254,0.0927116,0.0907055,0.088603,0.0864099,0.0841493,0.0818664,0.0796207,0.0774694,0.0754528,0.0735752,0.0718446,0.0702842,0.0689026,0.0676918,0.0666335,0.0657057,0.0648874,0.0641602,0.0635092,0.0629221,0.0623889,0.0619018,0.0614542,0.0610408,0.0606573,0.0603001,0.059966,0.0596525,0.0593575,0.0590789,0.0588153,0.0585652,0.0583273,0.0581006,0.0578841,0.0576771,0.0574787,0.0572883,0.0571053,0.0569292,0.0567595,0.0565957,0.0564375,0.0562845,0.0561364,0.0559928,0.0558536,0.0557184,0.0555871,0.0554594,0.0553352,0.0552142,0.0550963,0.0549813,0.0548691,0.0547596,0.0546526,0.054548,0.0544457,0.0543457,0.0542477,0.0541518,0.0540578
0.138488,0.137617,0.136739,0.135851,0.134955,0.134049,0.133133,0.132207,0.131271,0.130323,0.129364,0.128392,0.127407,0.126409,0.125396,0.124368,0.123325,0.122264,0.121186,0.120089,0.118972,0.117834,0.116673,0.115487,0.114276,0.113038,0.11177,0.11047,0.109136,0.107766,0.106355,0.104903,0.103403,0.101854,0.100249,0.0985849,0.0968542,0.0950502,0.0931651,0.0911909,0.0891224,0.0869626,0.0847294,0.082462,0.0802161,0.0780498,0.0760077,0.0741055,0.0723418,0.0707401,0.0693137,0.0680593,0.0669614,0.0659992,0.0651515,0.0643995,0.0637274,0.0631222,0.0625736,0.0620731,0.0616139,0.0611904,0.0607979,0.0604326,0.0600914,0.0597716,0.0594708,0.059187,0.0589186,0.0586641,0.0584223,0.0581919,0.0579721,0.057762,0.0575607,0.0573677,0.0571822,0.0570037,0.0568318,0.056666,0.0565059,0.0563511,0.0562013,0.0560561,0.0559154,0.0557788,0.0556462,0.0555172,0.0553917,0.0552696,0.0551505,0.0550345,0.0549213,0.0548108,0.0547029,0.0545974,0.0544943,0.0543935,0.0542947,0.0541981,0.0541033
0.138622,0.137754,0.136877,0.135992,0.135098,0.134195,0.133282,0.132359,0.131425,0.13048,0.129524,0.128556,0.127574,0.12658,0.125571,0.124548,0.123508,0.122453,0.121379,0.120288,0.119176,0.118044,0.116889,0.115711,0.114507,0.113277,0.112018,0.110727,0.109403,0.108044,0.106646,0.105206,0.103721,0.102187,0.100601,0.0989555,0.0972466,0.0954671,0.0936095,0.091666,0.0896307,0.087504,0.0852998,0.0830509,0.0808088,0.0786313,0.0765663,0.0746395,0.0728462,0.0712058,0.0697358,0.0684377,0.0672994,0.0663016,0.0654234,0.0646454,0.0639513,0.0633274,0.0627627,0.0622483,0.061777,0.0613429,0.0609411,0.0605676,0.060219,0.0598926,0.0595858,0.0592967,0.0590234,0.0587645,0.0585185,0.0582845,0.0580612,0.0578479,0.0576437,0.0574479,0.0572598,0.057079,0.0569049,0.056737,0.0565749,0.0564183,0.0562667,0.05612,0.0559777,0.0558397,0.0557056,0.0555754,0.0554486,0.0553253,0.0552052,0.0550881,0.0549738,0.0548624,0.0547535,0.0546472,0.0545432,0.0544415,0.054342,0.0542446,0.0541491
0.138756,0.13789,0.137015,0.136132,0.135241,0.13434,0.133429,0.132509,0.131578,0.130637,0.129684,0.128719,0.127741,0.12675,0.125745,0.124726,0.123691,0.12264,0.121572,0.120485,0.119379,0.118253,0.117104,0.115933,0.114737,0.113514,0.112263,0.110982,0.109668,0.108319,0.106933,0.105506,0.104035,0.102516,0.100947,0.0993203,0.0976324,0.0958764,0.0940452,0.0921312,0.0901281,0.0880344,0.0858599,0.0836323,0.0813979,0.0792129,0.0771281,0.0751763,0.0733565,0.0716805,0.0701685,0.068827,0.0676477,0.0666132,0.0657033,0.0648983,0.0641812,0.0635377,0.0629562,0.0624274,0.0619435,0.0614984,0.061087,0.060705,0.0603488,0.0600155,0.0597026,0.059408,0.0591297,0.0588662,0.0586161,0.0583781,0.0581514,0.0579348,0.0577275,0.0575289,0.0573383,0.0571551,0.0569787,0.0568087,0.0566446,0.0564861,0.0563328,0.0561844,0.0560405,0.055901,0.0557656,0.055634,0.055506,0.0553814,0.0552602,0.055142,0.0550267,0.0549143,0.0548045,0.0546972,0.0545924,0.0544898,0.0543895,0.0542913,0.0541952
0.138889,0.138025,0.137153,0.136272,0.135383,0.134484,0.133577,0.132659,0.131731,0.130792,0.129842,0.128881,0.127907,0.126919,0.125918,0.124903,0.123872,0.122826,0.121762,0.120681,0.11958,0.11846,0.117318,0.116153,0.114964,0.113749,0.112506,0.111234,0.10993,0.108591,0.107216,0.105802,0.104344,0.102841,0.101288,0.0996795,0.0980118,0.0962784,0.0944727,0.092587,0.090615,0.0885537,0.0864098,0.0842056,0.0819823,0.0797938,0.0776923,0.0757155,0.0738718,0.0721631,0.0706113,0.0692271,0.0680063,0.0669343,0.0659915,0.0651583,0.0644172,0.0637533,0.0631544,0.0626105,0.0621136,0.0616572,0.0612357,0.0608449,0.0604808,0.0601405,0.0598213,0.0595209,0.0592375,0.0589693,0.0587149,0.058473,0.0582426,0.0580227,0.0578124,0.0576109,0.0574176,0.0572319,0.0570532,0.056881,0.0567149,0.0565545,0.0563994,0.0562493,0.0561039,0.0559628,0.055826,0.055693,0.0555637,0.055438,0.0553155,0.0551962,0.0550799,0.0549665,0.0548557,0.0547475,0.0546418,0.0545385,0.0544373,0.0543384,0.0542415
0.139022,0.13816,0.13729,0.136411,0.135524,0.134628,0.133723,0.132808,0.131883,0.130948,0.130001,0.129042,0.128071,0.127088,0.126091,0.125079,0.124053,0.123011,0.121952,0.120875,0.11978,0.118665,0.11753,0.116371,0.115189,0.113982,0.112747,0.111483,0.110189,0.108861,0.107497,0.106094,0.10465,0.103161,0.101624,0.100033,0.098385,0.0966735,0.0948921,0.0930338,0.0910918,0.0890623,0.0869492,0.0847702,0.0825612,0.080373,0.0782581,0.0762581,0.0743911,0.0726529,0.0710636,0.0696376,0.0683754,0.0672649,0.0662882,0.0654258,0.0646598,0.0639746,0.0633574,0.0627979,0.0622875,0.0618192,0.0613874,0.0609873,0.0606152,0.0602676,0.0599419,0.0596357,0.0593469,0.0590738,0.058815,0.0585691,0.058335,0.0581116,0.0578982,0.0576938,0.0574978,0.0573095,0.0571284,0.056954,0.0567859,0.0566235,0.0564666,0.0563148,0.0561677,0.0560252,0.0558868,0.0557525,0.0556219,0.0554949,0.0553713,0.0552509,0.0551335,0.055019,0.0549073,0.0547982,0.0546916,0.0545874,0.0544854,0.0543857,0.054288
0.139154,0.138294,0.137426,0.13655,0.135665,0.134772,0.133869,0.132957,0.132035,0.131102,0.130158,0.129203,0.128235,0.127255,0.126262,0.125254,0.124232,0.123194,0.12214,0.121069,0.119979,0.11887,0.11774,0.116588,0.115413,0.114212,0.112986,0.111731,0.110445,0.109127,0.107774,0.106383,0.104952,0.103477,0.101955,0.100382,0.0987524,0.0970618,0.0953039,0.0934718,0.0915589,0.0895605,0.0874781,0.0853256,0.0831338,0.0809494,0.0788247,0.076804,0.0749133,0.0731487,0.0715245,0.0700584,0.0687548,0.0676053,0.0665937,0.065701,0.064909,0.0642016,0.0635655,0.0629896,0.0624651,0.0619846,0.061542,0.0611325,0.0607519,0.0603969,0.0600645,0.0597522,0.0594579,0.0591799,0.0589165,0.0586665,0.0584286,0.0582017,0.057985,0.0577776,0.0575788,0.0573879,0.0572044,0.0570278,0.0568575,0.0566932,0.0565344,0.0563808,0.0562321,0.056088,0.0559482,0.0558124,0.0556806,0.0555523,0.0554275,0.0553059,0.0551875,0.0550719,0.0549592,0.0548492,0.0547416,0.0546366,0.0545338,0.0544332,0.0543348
0.139286,0.138428,0.137562,0.136688,0.135806,0.134915,0.134015,0.133105,0.132185,0.131256,0.130315,0.129363,0.128398,0.127422,0.126432,0.125429,0.12441,0.123377,0.122328,0.121261,0.120176,0.119073,0.117948,0.116803,0.115634,0.114441,0.113222,0.111976,0.110699,0.109391,0.108048,0.106669,0.105251,0.103789,0.102282,0.100725,0.099114,0.0974437,0.0957084,0.0939016,0.0920166,0.0900484,0.0879967,0.0858717,0.0836994,0.0815223,0.0793912,0.0773525,0.0754379,0.0736496,0.0719934,0.0704888,0.0691444,0.0679556,0.0669082,0.0659841,0.0651651,0.0644346,0.0637787,0.0631859,0.0626467,0.0621534,0.0616997,0.0612804,0.0608912,0.0605284,0.060189,0.0598705,0.0595706,0.0592874,0.0590194,0.0587651,0.0585233,0.0582928,0.0580728,0.0578623,0.0576607,0.0574672,0.0572812,0.0571023,0.0569299,0.0567635,0.0566028,0.0564474,0.056297,0.0561513,0.05601,0.0558729,0.0557396,0.0556101,0.055484,0.0553613,0.0552418,0.0551252,0.0550115,0.0549004,0.054792,0.054686,0.0545824,0.0544811,0.0543819
0.139417,0.138561,0.137697,0.136826,0.135946,0.135057,0.134159,0.133252,0.132336,0.131408,0.130471,0.129522,0.128561,0.127588,0.126602,0.125602,0.124588,0.123559,0.122514,0.121452,0.120372,0.119274,0.118156,0.117016,0.115854,0.114668,0.113457,0.112218,0.110951,0.109652,0.10832,0.106952,0.105545,0.104097,0.102605,0.101064,0.0994702,0.0978194,0.0961058,0.0943233,0.0924654,0.0905264,0.0885049,0.0864081,0.0842574,0.0820907,0.0799567,0.0779031,0.0759652,0.0741547,0.0724692,0.0709283,0.0695441,0.0683158,0.0672319,0.0662754,0.0654283,0.0646738,0.0639973,0.0633868,0.0628324,0.0623259,0.0618606,0.0614312,0.0610329,0.0606621,0.0603156,0.0599907,0.059685,0.0593966,0.0591238,0.0588651,0.0586193,0.0583851,0.0581617,0.0579481,0.0577435,0.0575473,0.0573588,0.0571775,0.0570029,0.0568345,0.0566718,0.0565146,0.0563625,0.0562152,0.0560724,0.0559337,0.0557991,0.0556683,0.055541,0.0554171,0.0552964,0.0551788,0.055064,0.054952,0.0548427,0.0547358,0.0546313,0.0545292,0.0544292
0.139548,0.138694,0.137832,0.136963,0.136085,0.135199,0.134304,0.133399,0.132485,0.131561,0.130626,0.12968,0.128722,0.127753,0.12677,0.125774,0.124764,0.123739,0.122699,0.121642,0.120567,0.119474,0.118361,0.117228,0.116072,0.114894,0.11369,0.112459,0.1112,0.10991,0.108588,0.107231,0.105837,0.104402,0.102923,0.101398,0.0998211,0.0981891,0.0964966,0.0947374,0.0929054,0.0909949,0.0890031,0.0869348,0.0848073,0.0826539,0.0805204,0.078455,0.0764959,0.074663,0.0729511,0.0713762,0.0699534,0.0686858,0.0675648,0.066575,0.0656989,0.0649194,0.0642215,0.0635926,0.0630223,0.0625021,0.0620249,0.0615848,0.0611773,0.0607983,0.0604444,0.0601128,0.0598011,0.0595073,0.0592296,0.0589664,0.0587165,0.0584785,0.0582516,0.0580348,0.0578273,0.0576283,0.0574372,0.0572535,0.0570766,0.0569061,0.0567415,0.0565824,0.0564286,0.0562796,0.0561352,0.0559951,0.0558591,0.0557269,0.0555984,0.0554733,0.0553515,0.0552327,0.055117,0.055004,0.0548937,0.0547859,0.0546806,0.0545775,0.0544768
0.139679,0.138827,0.137967,0.1371,0.136224,0.13534,0.134447,0.133545,0.132634,0.131712,0.13078,0.129837,0.128883,0.127917,0.126938,0.125945,0.124939,0.123919,0.122882,0.12183,0.12076,0.119673,0.118566,0.117438,0.116289,0.115117,0.11392,0.112698,0.111447,0.110166,0.108854,0.107508,0.106125,0.104702,0.103237,0.101727,0.100167,0.0985531,0.0968808,0.0951442,0.0933372,0.0914542,0.0894915,0.0874518,0.0853487,0.0832111,0.0810814,0.0790073,0.0770294,0.0751738,0.0734382,0.0718318,0.070372,0.0690655,0.067907,0.0668832,0.0659771,0.0651716,0.0644515,0.0638035,0.0632167,0.0626822,0.0621925,0.0617416,0.0613244,0.0609368,0.0605753,0.0602369,0.059919,0.0596197,0.0593369,0.0590691,0.0588149,0.0585731,0.0583426,0.0581225,0.0579119,0.0577101,0.0575164,0.0573303,0.0571511,0.0569784,0.0568118,0.0566508,0.0564952,0.0563445,0.0561985,0.056057,0.0559195,0.055786,0.0556562,0.0555299,0.0554069,0.0552871,0.0551702,0.0550562,0.054945,0.0548363,0.0547301,0.0546262,0.0545246
0.139809,0.138959,0.138101,0.137236,0.136362,0.135481,0.13459,0.133691,0.132782,0.131863,0.130934,0.129994,0.129043,0.12808,0.127105,0.126116,0.125114,0.124097,0.123065,0.122017,0.120953,0.11987,0.118768,0.117647,0.116504,0.115338,0.114149,0.112934,0.111691,0.11042,0.109117,0.107781,0.106409,0.104999,0.103548,0.102052,0.100508,0.0989116,0.0972588,0.0955439,0.0937611,0.0919046,0.0899703,0.087959,0.0858813,0.0837617,0.0816389,0.0795593,0.0775652,0.0756867,0.0739296,0.0722944,0.0707994,0.0694548,0.0682587,0.0672001,0.066263,0.0654307,0.0646874,0.0640195,0.0634156,0.0628662,0.0623636,0.0619014,0.0614743,0.0610778,0.0607084,0.060363,0.0600388,0.0597337,0.0594457,0.0591732,0.0589147,0.0586689,0.0584348,0.0582113,0.0579976,0.0577929,0.0575965,0.0574078,0.0572263,0.0570514,0.0568827,0.0567199,0.0565624,0.05641,0.0562624,0.0561193,0.0559804,0.0558455,0.0557144,0.0555869,0.0554627,0.0553417,0.0552238,0.0551088,0.0549966,0.054887,0.0547799,0.0546752,0.0545727
0.139938,0.13909,0.138235,0.137371,0.1365,0.135621,0.134733,0.133836,0.13293,0.132014,0.131087,0.13015,0.129202,0.128243,0.12727,0.126286,0.125287,0.124274,0.123247,0.122203,0.121143,0.120066,0.11897,0.117854,0.116717,0.115558,0.114376,0.113168,0.111934,0.110671,0.109378,0.108052,0.106691,0.105293,0.103854,0.102372,0.100844,0.0992648,0.0976308,0.0959368,0.0941773,0.0923464,0.0904397,0.0884566,0.086405,0.0843052,0.0821921,0.0801102,0.0781027,0.0762028,0.0744244,0.072763,0.071235,0.0698533,0.0686197,0.0675258,0.066557,0.0656969,0.0649295,0.0642409,0.0636192,0.0630544,0.0625384,0.0620644,0.061627,0.0612214,0.0608439,0.0604912,0.0601605,0.0598495,0.0595562,0.0592788,0.0590158,0.058766,0.0585281,0.0583011,0.0580842,0.0578765,0.0576774,0.0574862,0.0573022,0.0571251,0.0569544,0.0567895,0.0566302,0.0564761,0.0563268,0.0561821,0.0560418,0.0559055,0.0557731,0.0556443,0.0555189,0.0553968,0.0552778,0.0551618,0.0550485,0.054938,0.05483,0.0547244,0.0546211
0.140068,0.139221,0.138368,0.137507,0.136638,0.135761,0.134875,0.13398,0.133077,0.132163,0.13124,0.130306,0.129361,0.128404,0.127436,0.126454,0.12546,0.124451,0.123427,0.122389,0.121333,0.120261,0.11917,0.11806,0.116929,0.115776,0.114601,0.1134,0.112174,0.11092,0.109636,0.108319,0.106969,0.105583,0.104157,0.102689,0.101175,0.0996128,0.0979971,0.0963233,0.0945861,0.09278,0.0909001,0.0889448,0.0869196,0.0848411,0.0827404,0.0806592,0.0786411,0.0767218,0.074922,0.0732369,0.071678,0.0702607,0.0689901,0.0678604,0.0668591,0.0659703,0.065178,0.0644679,0.0638277,0.0632469,0.0627169,0.0622308,0.0617827,0.0613677,0.0609818,0.0606215,0.0602841,0.059967,0.0596682,0.0593858,0.0591183,0.0588642,0.0586225,0.058392,0.0581718,0.0579611,0.0577592,0.0575653,0.057379,0.0571996,0.0570266,0.0568598,0.0566986,0.0565427,0.0563918,0.0562455,0.0561036,0.0559659,0.0558322,0.0557021,0.0555755,0.0554522,0.0553321,0.0552151,0.0551008,0.0549893,0.0548804,0.0547739,0.0546698
0.140196,0.139352,0.1385,0.137641,0.136775,0.1359,0.135016,0.134124,0.133223,0.132312,0.131392,0.130461,0.129519,0.128565,0.1276,0.126622,0.125631,0.124626,0.123607,0.122572,0.121522,0.120454,0.119368,0.118264,0.117139,0.115993,0.114824,0.113631,0.112412,0.111166,0.109891,0.108584,0.107245,0.105869,0.104456,0.103001,0.101502,0.0999559,0.0983578,0.0967035,0.0949879,0.0932056,0.0913518,0.0894238,0.087425,0.0853691,0.083283,0.0812055,0.0791797,0.0772434,0.0754216,0.0737151,0.0721279,0.0706766,0.0693695,0.068204,0.0671695,0.0662511,0.0654331,0.0647007,0.0640412,0.0634437,0.0628994,0.0624006,0.0619414,0.0615167,0.0611221,0.0607541,0.0604097,0.0600864,0.0597819,0.0594944,0.0592221,0.0589638,0.0587181,0.058484,0.0582605,0.0580467,0.0578419,0.0576453,0.0574565,0.0572747,0.0570996,0.0569307,0.0567676,0.0566099,0.0564572,0.0563094,0.056166,0.0560268,0.0558917,0.0557603,0.0556325,0.0555081,0.0553869,0.0552687,0.0551534,0.0550409,0.0549311,0.0548237,0.0547188
0.140325,0.139482,0.138633,0.137776,0.136911,0.136038,0.135157,0.134268,0.133369,0.132461,0.131543,0.130615,0.129676,0.128725,0.127763,0.126789,0.125802,0.124801,0.123786,0.122755,0.121709,0.120646,0.119566,0.118467,0.117347,0.116207,0.115045,0.113859,0.112648,0.11141,0.110144,0.108847,0.107517,0.106153,0.104751,0.10331,0.101825,0.100294,0.0987131,0.0970776,0.0953829,0.0936237,0.091795,0.0898937,0.0879215,0.085889,0.0838194,0.0817484,0.0797179,0.0777669,0.0759238,0.074197,0.0725838,0.0711003,0.0697577,0.0685565,0.0674884,0.0665396,0.0656949,0.0649394,0.0642599,0.0636452,0.0630858,0.062574,0.0621033,0.0616685,0.0612649,0.0608889,0.0605374,0.0602076,0.0598973,0.0596045,0.0593274,0.0590647,0.058815,0.0585772,0.0583502,0.0581332,0.0579254,0.0577262,0.0575348,0.0573506,0.0571733,0.0570023,0.0568372,0.0566777,0.0565233,0.0563738,0.0562288,0.0560882,0.0559517,0.055819,0.0556899,0.0555643,0.0554419,0.0553227,0.0552064,0.0550929,0.0549821,0.0548738,0.054768
0.140453,0.139612,0.138764,0.137909,0.137047,0.136176,0.135298,0.13441,0.133514,0.132609,0.131693,0.130768,0.129832,0.128885,0.127926,0.126955,0.125971,0.124974,0.123963,0.122937,0.121895,0.120837,0.119762,0.118668,0.117555,0.116421,0.115265,0.114086,0.112882,0.111652,0.110394,0.109107,0.107787,0.106433,0.105043,0.103614,0.102144,0.100628,0.0990632,0.097446,0.0957714,0.0940344,0.0922301,0.0903548,0.0884089,0.0864005,0.0843492,0.0822872,0.0802548,0.0782918,0.0764289,0.0746818,0.0730449,0.0715314,0.0701545,0.0689178,0.0678157,0.0668359,0.0659637,0.0651843,0.064484,0.0638513,0.0632764,0.062751,0.0622685,0.0618232,0.0614103,0.0610261,0.0606672,0.0603308,0.0600144,0.0597162,0.0594342,0.0591669,0.0589131,0.0586714,0.058441,0.0582207,0.05801,0.0578079,0.0576139,0.0574273,0.0572477,0.0570746,0.0569075,0.056746,0.0565899,0.0564387,0.0562922,0.0561501,0.0560121,0.0558781,0.0557477,0.0556209,0.0554974,0.055377,0.0552597,0.0551452,0.0550334,0.0549243,0.0548176
0.14058,0.139741,0.138896,0.138043,0.137182,0.136314,0.135437,0.134552,0.133659,0.132756,0.131843,0.13092,0.129987,0.129043,0.128088,0.12712,0.12614,0.125147,0.12414,0.123118,0.122081,0.121027,0.119957,0.118868,0.11776,0.116632,0.115483,0.114311,0.113114,0.111892,0.110642,0.109364,0.108054,0.106711,0.105332,0.103916,0.102458,0.100957,0.0994084,0.0978087,0.0961536,0.0944381,0.0926573,0.0908073,0.0888874,0.0869035,0.0848719,0.0828213,0.0807898,0.0788173,0.0769367,0.0751688,0.0735106,0.0719691,0.0705594,0.0692879,0.0681516,0.0671402,0.0662397,0.0654354,0.0647137,0.0640624,0.0634713,0.0629319,0.062437,0.0619808,0.0615584,0.0611657,0.0607991,0.0604559,0.0601334,0.0598295,0.0595425,0.0592706,0.0590125,0.0587669,0.0585328,0.0583093,0.0580954,0.0578905,0.0576938,0.0575048,0.0573228,0.0571475,0.0569784,0.056815,0.0566571,0.0565042,0.0563561,0.0562124,0.056073,0.0559376,0.055806,0.0556779,0.0555532,0.0554318,0.0553133,0.0551978,0.0550851,0.054975,0.0548674
0.140707,0.13987,0.139026,0.138175,0.137317,0.136451,0.135577,0.134694,0.133803,0.132902,0.131992,0.131072,0.130142,0.129201,0.128249,0.127285,0.126308,0.125318,0.124315,0.123297,0.122265,0.121216,0.12015,0.119067,0.117964,0.116842,0.115699,0.114533,0.113344,0.11213,0.110888,0.109618,0.108318,0.106985,0.105618,0.104213,0.102769,0.101282,0.0997487,0.0981661,0.0965297,0.0948349,0.0930769,0.0912516,0.0893573,0.087398,0.0853872,0.0833501,0.0813221,0.0793428,0.0774467,0.0756578,0.07398,0.0724129,0.0709719,0.0696663,0.0684959,0.0674524,0.0665229,0.0656931,0.0649491,0.0642785,0.0636706,0.0631166,0.062609,0.0621416,0.0617093,0.0613077,0.0609333,0.060583,0.0602542,0.0599446,0.0596523,0.0593756,0.0591131,0.0588636,0.0586258,0.0583989,0.0581818,0.057974,0.0577746,0.057583,0.0573987,0.0572212,0.05705,0.0568846,0.0567248,0.0565702,0.0564205,0.0562753,0.0561344,0.0559976,0.0558646,0.0557353,0.0556094,0.0554868,0.0553673,0.0552508,0.0551371,0.055026,0.0549175
0.140834,0.139999,0.139157,0.138308,0.137451,0.136587,0.135715,0.134835,0.133946,0.133048,0.132141,0.131224,0.130296,0.129358,0.128409,0.127448,0.126475,0.125489,0.12449,0.123476,0.122447,0.121403,0.120342,0.119264,0.118167,0.117051,0.115914,0.114755,0.113572,0.112365,0.111132,0.109871,0.10858,0.107257,0.1059,0.104507,0.103075,0.101602,0.100084,0.0985183,0.0969001,0.0952253,0.0934893,0.0916878,0.0898186,0.087884,0.0858949,0.083873,0.0818512,0.0798677,0.0779583,0.0761497,0.0744525,0.0728618,0.0713915,0.070053,0.0688487,0.0677727,0.0668136,0.0659575,0.0651904,0.0644997,0.0638745,0.0633053,0.0627845,0.0623055,0.0618629,0.0614523,0.0610698,0.0607122,0.0603768,0.0600613,0.0597636,0.0594821,0.0592151,0.0589615,0.0587199,0.0584895,0.0582692,0.0580584,0.0578562,0.057662,0.0574753,0.0572955,0.0571222,0.0569549,0.0567932,0.0566368,0.0564854,0.0563386,0.0561963,0.056058,0.0559237,0.0557932,0.0556661,0.0555423,0.0554217,0.0553041,0.0551894,0.0550774,0.054968
0.14096,0.140127,0.139287,0.13844,0.137585,0.136723,0.135854,0.134976,0.134089,0.133194,0.132289,0.131374,0.13045,0.129515,0.128569,0.127611,0.126641,0.125659,0.124663,0.123654,0.122629,0.121589,0.120533,0.11946,0.118368,0.117258,0.116127,0.114974,0.113799,0.112599,0.111373,0.110121,0.108839,0.107526,0.106179,0.104798,0.103379,0.101919,0.100415,0.0988654,0.0972648,0.0956093,0.0938946,0.0921163,0.0902716,0.0883616,0.0863948,0.0843898,0.0823763,0.0803913,0.078471,0.0766442,0.0749274,0.0733154,0.0718177,0.0704474,0.0692097,0.0681012,0.0671119,0.0662286,0.0654378,0.0647264,0.0640831,0.0634982,0.0629637,0.0624727,0.0620195,0.0615995,0.0612086,0.0608435,0.0605014,0.0601798,0.0598766,0.05959,0.0593185,0.0590606,0.0588152,0.0585812,0.0583577,0.0581437,0.0579387,0.0577419,0.0575527,0.0573706,0.0571951,0.0570258,0.0568622,0.056704,0.0565509,0.0564025,0.0562586,0.056119,0.0559833,0.0558514,0.0557231,0.0555982,0.0554764,0.0553578,0.055242,0.0551291,0.0550187
0.141086,0.140254,0.139416,0.138571,0.137719,0.136859,0.135991,0.135115,0.134231,0.133338,0.132436,0.131524,0.130603,0.129671,0.128728,0.127773,0.126807,0.125828,0.124836,0.12383,0.12281,0.121775,0.120723,0.119655,0.118568,0.117463,0.116338,0.115192,0.114023,0.112831,0.111613,0.110368,0.109095,0.107792,0.106456,0.105085,0.103678,0.102231,0.100742,0.0992076,0.097624,0.0959873,0.0942932,0.0925373,0.0907165,0.0888309,0.0868867,0.0848999,0.082897,0.0809129,0.0789841,0.0771412,0.0754042,0.0737728,0.0722497,0.0708492,0.0695789,0.0684377,0.0674178,0.0665068,0.0656914,0.0649585,0.0642966,0.0636955,0.0631467,0.0626433,0.0621791,0.0617494,0.0613499,0.0609771,0.060628,0.0603001,0.0599913,0.0596995,0.0594233,0.0591611,0.0589117,0.058674,0.0584471,0.05823,0.0580221,0.0578226,0.0576309,0.0574464,0.0572687,0.0570973,0.0569318,0.0567717,0.0566169,0.0564669,0.0563215,0.0561803,0.0560433,0.0559101,0.0557805,0.0556544,0.0555315,0.0554118,0.055295,0.055181,0.0550698
0.141211,0.140382,0.139545,0.138702,0.137852,0.136994,0.136128,0.135255,0.134373,0.133482,0.132583,0.131674,0.130755,0.129826,0.128886,0.127934,0.126971,0.125996,0.125008,0.124006,0.12299,0.121959,0.120912,0.119848,0.118767,0.117667,0.116548,0.115408,0.114246,0.11306,0.11185,0.110614,0.109349,0.108055,0.106729,0.10537,0.103974,0.10254,0.101065,0.0995452,0.0979781,0.0963595,0.0946852,0.092951,0.0911535,0.0892919,0.0873707,0.0854031,0.0834126,0.081432,0.0794971,0.07764,0.0758833,0.0742334,0.072687,0.0712579,0.0699558,0.0687823,0.0677314,0.0667921,0.0659514,0.0651964,0.0645151,0.0638971,0.0633337,0.0628173,0.0623418,0.0619021,0.0614936,0.0611128,0.0607566,0.0604223,0.0601076,0.0598105,0.0595294,0.0592628,0.0590094,0.058768,0.0585376,0.0583173,0.0581064,0.0579041,0.0577099,0.057523,0.057343,0.0571695,0.057002,0.0568401,0.0566835,0.0565318,0.0563848,0.0562422,0.0561037,0.0559692,0.0558383,0.055711,0.055587,0.0554662,0.0553483,0.0552334,0.0551211
0.141336,0.140509,0.139674,0.138833,0.137984,0.137129,0.136265,0.135394,0.134514,0.133626,0.132729,0.131822,0.130906,0.12998,0.129043,0.128095,0.127135,0.126163,0.125179,0.124181,0.123168,0.122142,0.121099,0.12004,0.118964,0.11787,0.116756,0.115622,0.114467,0.113288,0.112085,0.110857,0.109601,0.108316,0.107,0.105651,0.104267,0.102845,0.101383,0.0998782,0.0983271,0.096726,0.095071,0.0933578,0.0915829,0.0897449,0.0878468,0.0858992,0.0839228,0.0819479,0.0800093,0.0781401,0.0763651,0.0746966,0.0731289,0.071673,0.0703403,0.0691348,0.0680528,0.0670846,0.066218,0.0654401,0.0647387,0.0641033,0.0635246,0.0629949,0.0625077,0.0620576,0.0616399,0.0612509,0.0608873,0.0605464,0.0602257,0.0599232,0.0596371,0.0593659,0.0591083,0.0588631,0.0586291,0.0584056,0.0581917,0.0579866,0.0577896,0.0576003,0.0574181,0.0572424,0.0570728,0.056909,0.0567506,0.0565973,0.0564487,0.0563045,0.0561646,0.0560287,0.0558966,0.055768,0.0556429,0.0555209,0.055402,0.055286,0.0551728
0.141461,0.140635,0.139802,0.138963,0.138116,0.137263,0.136401,0.135532,0.134655,0.133769,0.132874,0.131971,0.131057,0.130134,0.1292,0.128255,0.127298,0.12633,0.125349,0.124354,0.123346,0.122323,0.121286,0.120231,0.11916,0.118071,0.116963,0.115835,0.114686,0.113514,0.112319,0.111098,0.10985,0.108574,0.107268,0.105929,0.104556,0.103146,0.101697,0.100207,0.0986712,0.0970871,0.0954506,0.0937578,0.0920049,0.09019,0.0883149,0.0863879,0.0844272,0.08246,0.0805202,0.0786411,0.0768494,0.0751618,0.0735748,0.0720939,0.0707319,0.0694951,0.0683819,0.0673844,0.0664912,0.0656897,0.0649677,0.0643143,0.0637198,0.0631763,0.0626769,0.062216,0.0617889,0.0613914,0.0610202,0.0606724,0.0603455,0.0600374,0.0597462,0.0594704,0.0592085,0.0589593,0.0587218,0.0584949,0.0582779,0.0580699,0.0578703,0.0576784,0.0574938,0.0573159,0.0571443,0.0569786,0.0568183,0.0566633,0.056513,0.0563674,0.056226,0.0560887,0.0559553,0.0558255,0.0556991,0.055576,0.055456,0.055339,0.0552248
0.141585,0.140761,0.13993,0.139092,0.138248,0.137396,0.136537,0.13567,0.134795,0.133912,0.133019,0.132118,0.131207,0.130286,0.129355,0.128413,0.12746,0.126495,0.125518,0.124527,0.123523,0.122504,0.121471,0.120421,0.119355,0.118271,0.117169,0.116046,0.114903,0.113738,0.11255,0.111337,0.110097,0.10883,0.107533,0.106204,0.104842,0.103444,0.102008,0.100531,0.0990106,0.0974429,0.0958245,0.0941513,0.0924198,0.0906275,0.0887751,0.0868693,0.0849253,0.0829679,0.0810291,0.0791423,0.0773358,0.0756289,0.0740239,0.07252,0.0711302,0.0698629,0.0687187,0.0676916,0.0667713,0.0659456,0.0652022,0.06453,0.0639192,0.0633614,0.0628495,0.0623775,0.0619405,0.0615343,0.0611553,0.0608004,0.0604672,0.0601533,0.0598569,0.0595763,0.05931,0.0590568,0.0588156,0.0585853,0.058365,0.0581541,0.0579517,0.0577573,0.0575703,0.0573902,0.0572165,0.0570488,0.0568867,0.0567298,0.056578,0.0564307,0.0562879,0.0561492,0.0560144,0.0558833,0.0557557,0.0556315,0.0555104,0.0553924,0.0552772
0.141709,0.140887,0.140058,0.139222,0.138379,0.137529,0.136672,0.135807,0.134935,0.134054,0.133164,0.132265,0.131357,0.130439,0.129511,0.128572,0.127622,0.12666,0.125686,0.124699,0.123699,0.122684,0.121655,0.12061,0.119548,0.11847,0.117373,0.116256,0.115119,0.113961,0.112779,0.111573,0.110342,0.109083,0.107795,0.106476,0.105125,0.103738,0.102315,0.100851,0.0993454,0.0977937,0.0961927,0.0945386,0.0928278,0.0910575,0.0892277,0.0873432,0.085417,0.083471,0.0815355,0.0796432,0.0778237,0.0760985,0.0744758,0.0729507,0.0715347,0.0702378,0.069063,0.0680062,0.0670583,0.0662077,0.0654423,0.0647508,0.0641231,0.0635505,0.0630256,0.0625421,0.062095,0.0616797,0.0612926,0.0609305,0.0605907,0.060271,0.0599692,0.0596836,0.0594129,0.0591555,0.0589105,0.0586766,0.0584532,0.0582392,0.058034,0.057837,0.0576476,0.0574652,0.0572893,0.0571196,0.0569556,0.056797,0.0566434,0.0564946,0.0563502,0.0562101,0.0560739,0.0559416,0.0558128,0.0556874,0.0555652,0.055446,0.0553298
0.141833,0.141012,0.140185,0.139351,0.13851,0.137662,0.136807,0.135944,0.135074,0.134195,0.133307,0.132411,0.131506,0.13059,0.129665,0.128729,0.127782,0.126824,0.125853,0.12487,0.123873,0.122863,0.121838,0.120797,0.119741,0.118667,0.117575,0.116464,0.115333,0.114181,0.113007,0.111808,0.110584,0.109334,0.108055,0.106746,0.105405,0.10403,0.102618,0.101168,0.0996758,0.0981395,0.0965554,0.0949198,0.0932291,0.0914803,0.0896726,0.0878096,0.0859019,0.0839691,0.0820388,0.0801433,0.0783128,0.0765707,0.0749299,0.0733855,0.071945,0.0706197,0.0694148,0.0683282,0.0673523,0.0664762,0.0656882,0.0649767,0.0643315,0.0637436,0.0632052,0.0627099,0.0622523,0.0618277,0.0614323,0.0610627,0.0607162,0.0603903,0.060083,0.0597924,0.0595171,0.0592555,0.0590065,0.0587691,0.0585423,0.0583253,0.0581172,0.0579176,0.0577256,0.0575409,0.0573628,0.057191,0.0570251,0.0568647,0.0567094,0.0565589,0.056413,0.0562715,0.0561339,0.0560003,0.0558702,0.0557436,0.0556203,0.0555001,0.0553828
0.141956,0.141137,0.140311,0.139479,0.13864,0.137794,0.136941,0.136081,0.135212,0.134336,0.133451,0.132557,0.131654,0.130741,0.129819,0.128886,0.127942,0.126987,0.12602,0.12504,0.124047,0.123041,0.12202,0.120984,0.119932,0.118863,0.117776,0.116671,0.115546,0.1144,0.113232,0.112041,0.110825,0.109583,0.108312,0.107013,0.105682,0.104317,0.102918,0.10148,0.100002,0.0984806,0.0969129,0.0952952,0.0936239,0.091896,0.0901101,0.0882686,0.0863801,0.0844616,0.0825386,0.080642,0.0788025,0.077045,0.0753858,0.0738236,0.0723603,0.071008,0.0697737,0.0686575,0.0676533,0.0667513,0.06594,0.0652079,0.0645447,0.0639409,0.0633886,0.0628811,0.0624126,0.0619784,0.0615744,0.0611971,0.0608437,0.0605115,0.0601985,0.0599028,0.0596226,0.0593567,0.0591038,0.0588627,0.0586325,0.0584123,0.0582013,0.0579989,0.0578044,0.0576173,0.057437,0.0572632,0.0570953,0.056933,0.0567759,0.0566238,0.0564764,0.0563333,0.0561944,0.0560594,0.0559281,0.0558003,0.0556758,0.0555545,0.0554362
0.142079,0.141261,0.140437,0.139607,0.13877,0.137926,0.137075,0.136217,0.13535,0.134476,0.133593,0.132702,0.131802,0.130892,0.129972,0.129042,0.128101,0.127149,0.126185,0.125209,0.12422,0.123217,0.122201,0.121169,0.120121,0.119058,0.117976,0.116876,0.115757,0.114617,0.113456,0.112272,0.111063,0.109829,0.108567,0.107277,0.105956,0.104602,0.103214,0.101788,0.100324,0.0988171,0.0972653,0.0956649,0.0940125,0.0923049,0.0905404,0.0887202,0.0868513,0.0849483,0.0830343,0.0811388,0.0792923,0.0775211,0.0758437,0.0742645,0.0727803,0.0714024,0.0701397,0.0689941,0.0679614,0.0670329,0.0661977,0.0654445,0.0647626,0.0641424,0.0635758,0.0630556,0.0625759,0.0621318,0.0617189,0.0613337,0.0609731,0.0606345,0.0603157,0.0600146,0.0597297,0.0594593,0.0592023,0.0589574,0.0587237,0.0585003,0.0582864,0.0580812,0.0578841,0.0576945,0.0575119,0.0573359,0.057166,0.0570018,0.056843,0.0566892,0.0565402,0.0563956,0.0562553,0.0561189,0.0559863,0.0558573,0.0557317,0.0556092,0.0554899
0.142201,0.141385,0.140563,0.139735,0.138899,0.138057,0.137208,0.136352,0.135488,0.134616,0.133735,0.132846,0.131949,0.131041,0.130124,0.129197,0.128259,0.12731,0.12635,0.125377,0.124392,0.123393,0.12238,0.121353,0.12031,0.119251,0.118175,0.11708,0.115967,0.114833,0.113678,0.112501,0.1113,0.110073,0.10882,0.107539,0.106227,0.104884,0.103506,0.102093,0.100642,0.0991492,0.0976127,0.0960291,0.094395,0.0927072,0.0909636,0.0891645,0.0873155,0.0854289,0.0835256,0.0816331,0.0797817,0.0779986,0.0763042,0.0747078,0.0732043,0.0718024,0.0705122,0.0693377,0.0682765,0.0673213,0.0664617,0.0656867,0.0649855,0.0643484,0.0637669,0.0632336,0.0627424,0.062288,0.061866,0.0614726,0.0611047,0.0607594,0.0604346,0.0601281,0.0598381,0.0595632,0.059302,0.0590533,0.058816,0.0585893,0.0583723,0.0581642,0.0579645,0.0577725,0.0575876,0.0574094,0.0572374,0.0570713,0.0569107,0.0567552,0.0566046,0.0564585,0.0563167,0.0561789,0.056045,0.0559147,0.0557879,0.0556644,0.0555439
0.142324,0.141509,0.140689,0.139862,0.139028,0.138188,0.137341,0.136487,0.135625,0.134755,0.133877,0.13299,0.132095,0.13119,0.130276,0.129352,0.128417,0.127471,0.126514,0.125545,0.124563,0.123568,0.122559,0.121536,0.120498,0.119443,0.118372,0.117283,0.116175,0.115047,0.113899,0.112728,0.111534,0.110315,0.10907,0.107798,0.106496,0.105162,0.103796,0.102395,0.100956,0.0994769,0.0979554,0.0963881,0.0947718,0.0931031,0.0913798,0.0896017,0.0877727,0.0859033,0.084012,0.0821245,0.0802702,0.0784771,0.0767669,0.075153,0.0736318,0.0722075,0.070891,0.0696883,0.0685987,0.0676164,0.0667319,0.0659345,0.0652135,0.0645589,0.063962,0.0634152,0.062912,0.062447,0.0620156,0.0616138,0.0612383,0.0608863,0.0605553,0.0602431,0.0599481,0.0596685,0.059403,0.0591503,0.0589094,0.0586793,0.0584592,0.0582482,0.0580458,0.0578512,0.057664,0.0574835,0.0573095,0.0571414,0.056979,0.0568217,0.0566694,0.0565218,0.0563785,0.0562393,0.0561041,0.0559726,0.0558445,0.0557198,0.0555983
0.142445,0.141632,0.140814,0.139989,0.139157,0.138319,0.137474,0.136621,0.135761,0.134894,0.134018,0.133134,0.132241,0.131339,0.130427,0.129506,0.128574,0.127631,0.126677,0.125711,0.124733,0.123742,0.122737,0.121718,0.120684,0.119634,0.118568,0.117484,0.116381,0.11526,0.114117,0.112953,0.111766,0.110555,0.109318,0.108054,0.106761,0.105438,0.104082,0.102692,0.101266,0.0998005,0.0982935,0.096742,0.0951429,0.0934928,0.0917894,0.0900318,0.0882229,0.0863713,0.0844933,0.0826125,0.0807573,0.0789559,0.0772316,0.0755999,0.0740622,0.0726171,0.0712757,0.0700455,0.0689278,0.0679182,0.0670084,0.0661881,0.0654467,0.0647741,0.0641613,0.0636005,0.063085,0.0626091,0.0621679,0.0617575,0.0613742,0.0610151,0.0606778,0.0603599,0.0600596,0.0597752,0.0595053,0.0592486,0.0590039,0.0587704,0.058547,0.0583331,0.0581279,0.0579307,0.0577411,0.0575584,0.0573822,0.0572122,0.0570478,0.0568888,0.0567348,0.0565856,0.0564408,0.0563002,0.0561636,0.0560308,0.0559016,0.0557757,0.0556531
0.142567,0.141755,0.140938,0.140115,0.139285,0.138449,0.137606,0.136755,0.135897,0.135032,0.134158,0.133277,0.132386,0.131487,0.130578,0.129659,0.12873,0.12779,0.126839,0.125877,0.124902,0.123915,0.122914,0.121899,0.120869,0.119824,0.118762,0.117684,0.116587,0.11547,0.114334,0.113177,0.111997,0.110793,0.109564,0.108308,0.107024,0.105711,0.104366,0.102987,0.101572,0.10012,0.0986271,0.097091,0.0955085,0.0938765,0.0921924,0.090455,0.0886661,0.0868328,0.0849691,0.0830966,0.0812425,0.0794347,0.0776978,0.0760492,0.0744951,0.0730308,0.0716659,0.0704092,0.0692637,0.0682268,0.0672913,0.0664477,0.0656853,0.0649941,0.0643649,0.0637897,0.0632614,0.0627742,0.062323,0.0619036,0.0615123,0.061146,0.0608021,0.0604783,0.0601726,0.0598833,0.0596089,0.059348,0.0590996,0.0588625,0.0586359,0.0584189,0.0582109,0.0580111,0.0578189,0.057634,0.0574556,0.0572835,0.0571173,0.0569565,0.0568008,0.0566499,0.0565036,0.0563616,0.0562236,0.0560895,0.055959,0.055832,0.0557082
0.142688,0.141878,0.141062,0.140241,0.139413,0.138578,0.137737,0.136889,0.136033,0.13517,0.134298,0.133419,0.132531,0.131634,0.130727,0.129811,0.128885,0.127949,0.127001,0.126042,0.125071,0.124087,0.12309,0.122079,0.121053,0.120013,0.118956,0.117882,0.11679,0.11568,0.11455,0.113398,0.112225,0.111029,0.109807,0.10856,0.107285,0.105981,0.104646,0.103278,0.101875,0.100436,0.0989564,0.0974352,0.0958689,0.0942544,0.0925892,0.0908715,0.0891025,0.0872877,0.0854392,0.0835765,0.0817252,0.0799131,0.0781652,0.0765007,0.07493,0.0734481,0.0720611,0.0707789,0.0696062,0.0685421,0.0675807,0.0667132,0.0659293,0.065219,0.0645729,0.0639827,0.0634413,0.0629424,0.0624809,0.0620522,0.0616527,0.061279,0.0609283,0.0605985,0.0602872,0.0599929,0.0597139,0.0594488,0.0591964,0.0589557,0.0587257,0.0585057,0.0582947,0.0580922,0.0578976,0.0577103,0.0575297,0.0573556,0.0571873,0.0570247,0.0568673,0.0567148,0.0565669,0.0564234,0.056284,0.0561486,0.0560168,0.0558886,0.0557637
0.142808,0.142,0.141186,0.140366,0.13954,0.138708,0.137868,0.137022,0.136168,0.135307,0.134438,0.13356,0.132675,0.13178,0.130877,0.129963,0.12904,0.128106,0.127162,0.126206,0.125238,0.124258,0.123265,0.122258,0.121236,0.1202,0.119148,0.118079,0.116993,0.115888,0.114763,0.113619,0.112452,0.111262,0.110049,0.10881,0.107543,0.106248,0.104923,0.103566,0.102175,0.100747,0.0992815,0.0977748,0.0962241,0.0946267,0.0929798,0.0912815,0.0895321,0.087736,0.0859034,0.0840519,0.0822052,0.0803905,0.0786333,0.0769543,0.0753666,0.0738683,0.0724608,0.0711543,0.0699552,0.0688641,0.0678766,0.0669847,0.0661788,0.0654489,0.0647854,0.0641798,0.0636248,0.0631139,0.0626417,0.0622035,0.0617954,0.061414,0.0610565,0.0607204,0.0604035,0.060104,0.0598202,0.0595508,0.0592944,0.05905,0.0588166,0.0585934,0.0583795,0.0581742,0.057977,0.0577873,0.0576045,0.0574282,0.057258,0.0570935,0.0569343,0.0567801,0.0566307,0.0564857,0.0563449,0.0562081,0.0560751,0.0559456,0.0558195
0.142929,0.142122,0.14131,0.140492,0.139667,0.138836,0.137999,0.137154,0.136303,0.135443,0.134577,0.133702,0.132818,0.131926,0.131025,0.130115,0.129194,0.128263,0.127322,0.126369,0.125405,0.124428,0.123439,0.122436,0.121418,0.120386,0.119339,0.118275,0.117194,0.116094,0.114976,0.113837,0.112677,0.111494,0.110288,0.109057,0.107799,0.106513,0.105198,0.103851,0.102471,0.101055,0.0996026,0.0981098,0.0965745,0.0949936,0.0933645,0.091685,0.089955,0.0881777,0.0863617,0.0845224,0.0826819,0.0808664,0.0791018,0.0774096,0.075805,0.0742911,0.0728646,0.0715351,0.0703103,0.0691925,0.0681789,0.0672624,0.0664341,0.0656839,0.0650025,0.0643811,0.063812,0.0632887,0.0628054,0.0623574,0.0619406,0.0615513,0.0611867,0.0608442,0.0605215,0.0602166,0.059928,0.0596541,0.0593936,0.0591454,0.0589086,0.0586821,0.0584652,0.0582571,0.0580573,0.0578651,0.05768,0.0575016,0.0573293,0.0571629,0.0570019,0.056846,0.056695,0.0565485,0.0564063,0.0562681,0.0561338,0.0560031,0.0558758
0.143048,0.142244,0.141433,0.140616,0.139794,0.138965,0.138129,0.137286,0.136437,0.13558,0.134715,0.133842,0.132961,0.132072,0.131173,0.130265,0.129347,0.12842,0.127481,0.126532,0.125571,0.124597,0.123612,0.122612,0.121599,0.120572,0.119529,0.118469,0.117393,0.116299,0.115186,0.114054,0.1129,0.111724,0.110525,0.109302,0.108052,0.106775,0.105469,0.104133,0.102763,0.10136,0.0999197,0.0984406,0.09692,0.0953552,0.0937434,0.0920823,0.0903714,0.0886128,0.0868138,0.0849878,0.083155,0.0813405,0.07957,0.0778663,0.0762458,0.0747161,0.073272,0.0719208,0.0706713,0.0695274,0.0684876,0.0675463,0.066695,0.0659242,0.0652243,0.0645865,0.064003,0.0634669,0.0629723,0.0625141,0.0620882,0.0616909,0.061319,0.0609698,0.0606411,0.0603308,0.0600372,0.0597587,0.059494,0.059242,0.0590016,0.0587717,0.0585518,0.0583408,0.0581383,0.0579437,0.0577562,0.0575756,0.0574013,0.0572329,0.0570701,0.0569125,0.0567598,0.0566118,0.0564681,0.0563285,0.0561929,0.0560609,0.0559324
0.143168,0.142365,0.141556,0.140741,0.13992,0.139092,0.138259,0.137418,0.13657,0.135715,0.134853,0.133982,0.133104,0.132216,0.13132,0.130415,0.1295,0.128575,0.12764,0.126693,0.125736,0.124766,0.123784,0.122788,0.121779,0.120756,0.119717,0.118663,0.117592,0.116503,0.115395,0.114269,0.113121,0.111952,0.110761,0.109545,0.108303,0.107035,0.105738,0.104411,0.103053,0.101661,0.100233,0.0987671,0.097261,0.0957117,0.0941167,0.0924736,0.0907814,0.0890415,0.0872597,0.0854478,0.0836241,0.0818123,0.0800378,0.0783239,0.0766887,0.0751428,0.0736824,0.072311,0.0710379,0.0698684,0.0688027,0.0678364,0.0669618,0.0661698,0.065451,0.0647964,0.0641979,0.0636486,0.0631422,0.0626737,0.0622385,0.0618328,0.0614533,0.0610974,0.0607625,0.0604466,0.0601479,0.0598647,0.0595958,0.0593398,0.0590956,0.0588624,0.0586393,0.0584255,0.0582202,0.058023,0.0578332,0.0576503,0.0574739,0.0573035,0.0571389,0.0569795,0.0568252,0.0566755,0.0565304,0.0563894,0.0562524,0.0561191,0.0559895
0.143287,0.142486,0.141678,0.140865,0.140046,0.13922,0.138388,0.137549,0.136703,0.13585,0.13499,0.134122,0.133245,0.132361,0.131467,0.130564,0.129652,0.12873,0.127798,0.126854,0.1259,0.124933,0.123955,0.122963,0.121958,0.120939,0.119905,0.118855,0.117788,0.116705,0.115603,0.114482,0.113341,0.112179,0.110994,0.109785,0.108552,0.107292,0.106004,0.104687,0.103339,0.101958,0.100542,0.0990896,0.0975974,0.0960633,0.0944846,0.092859,0.0911851,0.0894637,0.0876994,0.0859023,0.0840889,0.0822813,0.0805045,0.0787821,0.0771334,0.0755711,0.0740955,0.0727052,0.0714097,0.0702154,0.0691241,0.0681327,0.0672345,0.0664209,0.0656826,0.0650107,0.0643968,0.0638338,0.0633154,0.0628361,0.0623913,0.061977,0.0615898,0.0612269,0.0608857,0.0605641,0.0602601,0.0599721,0.0596988,0.0594387,0.0591908,0.0589542,0.0587278,0.058511,0.058303,0.0581031,0.0579109,0.0577257,0.0575472,0.0573748,0.0572082,0.0570471,0.056891,0.0567398,0.0565931,0.0564507,0.0563123,0.0561778,0.0560469
0.143406,0.142606,0.1418,0.140988,0.140171,0.139347,0.138517,0.13768,0.136836,0.135985,0.135127,0.134261,0.133387,0.132504,0.131613,0.130713,0.129803,0.128884,0.127955,0.127014,0.126063,0.1251,0.124125,0.123137,0.122136,0.121121,0.120091,0.119046,0.117984,0.116906,0.115809,0.114694,0.113559,0.112403,0.111225,0.110024,0.108798,0.107547,0.106268,0.104961,0.103623,0.102252,0.100848,0.0994081,0.0979295,0.0964101,0.0948473,0.0932387,0.0915828,0.0898796,0.0881329,0.0863512,0.0845492,0.0827473,0.0809698,0.0792405,0.0775796,0.0760015,0.0745108,0.0731031,0.0717863,0.070568,0.0694516,0.0684351,0.0675131,0.0666775,0.0659193,0.0652295,0.0645998,0.0640228,0.0634919,0.0630015,0.0625468,0.0621237,0.0617286,0.0613585,0.0610108,0.0606832,0.0603738,0.060081,0.0598031,0.0595389,0.0592872,0.059047,0.0588173,0.0585974,0.0583866,0.0581841,0.0579894,0.0578019,0.0576211,0.0574467,0.0572782,0.0571152,0.0569575,0.0568046,0.0566564,0.0565125,0.0563727,0.0562369,0.0561047
0.143525,0.142726,0.141922,0.141112,0.140296,0.139474,0.138645,0.13781,0.136968,0.136119,0.135263,0.134399,0.133527,0.132647,0.131759,0.130861,0.129954,0.129038,0.128111,0.127174,0.126226,0.125266,0.124294,0.12331,0.122313,0.121302,0.120276,0.119235,0.118179,0.117105,0.116014,0.114905,0.113776,0.112626,0.111455,0.110261,0.109043,0.107799,0.106529,0.105231,0.103903,0.102543,0.101151,0.0997227,0.0982574,0.0967523,0.0952049,0.0936129,0.0919745,0.0902894,0.0885603,0.0867943,0.0850046,0.0832099,0.0814333,0.0796987,0.078027,0.076434,0.074928,0.073504,0.0721673,0.0709261,0.069785,0.0687437,0.0677977,0.0669397,0.0661611,0.0654531,0.0648071,0.0642156,0.0636718,0.06317,0.0627051,0.0622728,0.0618695,0.061492,0.0611377,0.0608041,0.0604892,0.0601913,0.0599087,0.0596403,0.0593847,0.0591408,0.0589078,0.0586848,0.0584711,0.0582659,0.0580686,0.0578787,0.0576958,0.0575193,0.0573488,0.057184,0.0570244,0.0568699,0.0567201,0.0565747,0.0564336,0.0562964,0.0561629
0.143643,0.142846,0.142043,0.141235,0.14042,0.1396,0.138773,0.13794,0.1371,0.136253,0.135399,0.134537,0.133668,0.13279,0.131904,0.131008,0.130104,0.12919,0.128267,0.127332,0.126387,0.125431,0.124463,0.123482,0.122489,0.121482,0.12046,0.119424,0.118372,0.117303,0.116218,0.115114,0.11399,0.112847,0.111682,0.110495,0.109285,0.108049,0.106788,0.105499,0.10418,0.102831,0.10145,0.100034,0.0985812,0.09709,0.0955576,0.0939817,0.0923604,0.090693,0.0889815,0.0872317,0.085455,0.0836686,0.0818945,0.0801562,0.0784752,0.0768685,0.0753467,0.0739077,0.0725523,0.0712892,0.0701242,0.0690582,0.0680881,0.0672075,0.0664082,0.0656814,0.0650186,0.0644122,0.0638552,0.0633416,0.0628662,0.0624246,0.0620128,0.0616278,0.0612665,0.0609267,0.0606061,0.060303,0.0600158,0.059743,0.0594833,0.0592358,0.0589994,0.0587732,0.0585564,0.0583485,0.0581486,0.0579563,0.0577711,0.0575925,0.05742,0.0572533,0.057092,0.0569358,0.0567844,0.0566375,0.0564949,0.0563563,0.0562216
0.143761,0.142965,0.142164,0.141357,0.140545,0.139726,0.138901,0.13807,0.137232,0.136387,0.135534,0.134675,0.133807,0.132932,0.132048,0.131155,0.130254,0.129343,0.128422,0.12749,0.126548,0.125595,0.124631,0.123654,0.122664,0.12166,0.120643,0.119611,0.118564,0.1175,0.11642,0.115321,0.114204,0.113066,0.111908,0.110728,0.109525,0.108297,0.107044,0.105764,0.104455,0.103116,0.101745,0.100341,0.098901,0.0974234,0.0959056,0.0943454,0.0927407,0.0910907,0.0893966,0.0876631,0.0859002,0.0841233,0.0823532,0.0806127,0.0789239,0.0773046,0.0757672,0.0743137,0.072941,0.0716571,0.0704688,0.0693786,0.0683845,0.067481,0.0666605,0.0659145,0.0652346,0.0646129,0.0640422,0.0635165,0.0630302,0.0625789,0.0621585,0.0617656,0.0613973,0.0610511,0.0607248,0.0604164,0.0601242,0.059847,0.0595832,0.0593319,0.0590919,0.0588625,0.0586427,0.0584319,0.0582294,0.0580347,0.0578472,0.0576663,0.0574918,0.0573232,0.0571601,0.0570021,0.0568491,0.0567007,0.0565566,0.0564167,0.0562806
0.143879,0.143084,0.142285,0.141479,0.140668,0.139851,0.139028,0.138199,0.137362,0.136519,0.135669,0.134812,0.133946,0.133073,0.132192,0.131302,0.130402,0.129494,0.128576,0.127648,0.126709,0.125759,0.124797,0.123824,0.122838,0.121838,0.120825,0.119798,0.118755,0.117696,0.11662,0.115527,0.114415,0.113284,0.112132,0.110959,0.109763,0.108543,0.107298,0.106026,0.104727,0.103398,0.102038,0.100645,0.099217,0.0977525,0.0962489,0.0947039,0.0931156,0.0914826,0.0898057,0.0880887,0.0863401,0.0845737,0.0828089,0.0810678,0.0793726,0.0777421,0.0761898,0.0747217,0.0733328,0.0720293,0.0708187,0.0697048,0.0686867,0.0677602,0.0669182,0.0661527,0.0654551,0.0648176,0.0642329,0.0636946,0.0631973,0.062736,0.0623066,0.0619057,0.0615302,0.0611774,0.0608451,0.0605312,0.0602341,0.0599523,0.0596843,0.0594291,0.0591856,0.0589528,0.0587299,0.0585163,0.0583111,0.0581138,0.0579239,0.0577409,0.0575643,0.0573937,0.0572287,0.0570691,0.0569144,0.0567644,0.0566189,0.0564775,0.0563401
0.143996,0.143203,0.142405,0.141601,0.140792,0.139976,0.139155,0.138327,0.137493,0.136652,0.135804,0.134948,0.134085,0.133214,0.132335,0.131447,0.130551,0.129645,0.128729,0.127804,0.126868,0.125921,0.124963,0.123993,0.123011,0.122015,0.121006,0.119983,0.118944,0.11789,0.11682,0.115732,0.114626,0.1135,0.112355,0.111188,0.109999,0.108787,0.107549,0.106286,0.104996,0.103676,0.102327,0.100945,0.0995292,0.0980775,0.0965877,0.0950576,0.0934851,0.0918688,0.090209,0.0885085,0.0867745,0.0850196,0.0832613,0.0815212,0.079821,0.0781805,0.0766143,0.0751313,0.0737274,0.0724055,0.0711736,0.0700364,0.0689947,0.0680451,0.0671814,0.0663958,0.0656802,0.0650265,0.0644273,0.0638762,0.0633673,0.0628958,0.0624573,0.0620481,0.0616651,0.0613056,0.0609671,0.0606477,0.0603455,0.060059,0.0597867,0.0595275,0.0592803,0.0590441,0.0588181,0.0586015,0.0583936,0.0581937,0.0580014,0.0578162,0.0576374,0.0574648,0.057298,0.0571366,0.0569802,0.0568286,0.0566816,0.0565388,0.0564001
0.144113,0.143321,0.142525,0.141723,0.140915,0.140101,0.139281,0.138455,0.137623,0.136784,0.135938,0.135084,0.134223,0.133354,0.132478,0.131592,0.130698,0.129795,0.128882,0.12796,0.127027,0.126083,0.125128,0.124162,0.123183,0.122191,0.121186,0.120167,0.119133,0.118083,0.117018,0.115935,0.114834,0.113715,0.112575,0.111415,0.110233,0.109028,0.107799,0.106544,0.105262,0.103952,0.102613,0.101242,0.0998377,0.0983985,0.0969222,0.0954065,0.0938495,0.0922495,0.0906064,0.0889224,0.0872035,0.0854607,0.0837102,0.0819723,0.0802688,0.0786196,0.0770406,0.0755423,0.0741244,0.0727853,0.071533,0.0703734,0.0693084,0.0683356,0.06745,0.0666441,0.0659099,0.0652396,0.0646256,0.0640612,0.0635405,0.0630584,0.0626105,0.0621928,0.0618021,0.0614357,0.0610909,0.0607658,0.0604584,0.060167,0.0598904,0.0596271,0.0593762,0.0591365,0.0589072,0.0586876,0.0584769,0.0582745,0.0580797,0.0578921,0.0577112,0.0575366,0.0573679,0.0572046,0.0570465,0.0568934,0.0567448,0.0566005,0.0564604
0.14423,0.14344,0.142644,0.141844,0.141037,0.140225,0.139407,0.138583,0.137753,0.136915,0.136071,0.13522,0.134361,0.133494,0.13262,0.131737,0.130845,0.129945,0.129035,0.128115,0.127185,0.126244,0.125293,0.124329,0.123354,0.122366,0.121365,0.12035,0.11932,0.118275,0.117214,0.116137,0.115041,0.113928,0.112794,0.111641,0.110465,0.109267,0.108046,0.106799,0.105526,0.104226,0.102896,0.101536,0.100143,0.0987157,0.0972525,0.0957509,0.0942089,0.0926248,0.0909982,0.0893306,0.087627,0.085897,0.0841553,0.082421,0.0807155,0.079059,0.0774684,0.0759553,0.0745234,0.0731683,0.0718968,0.0707155,0.0696275,0.0686318,0.067724,0.0668975,0.0661445,0.0654571,0.0648278,0.0642498,0.063717,0.063224,0.0627663,0.0623399,0.0619414,0.0615678,0.0612166,0.0608855,0.0605727,0.0602765,0.0599953,0.0597279,0.0594731,0.0592299,0.0589974,0.0587747,0.0585611,0.058356,0.0581587,0.0579688,0.0577857,0.057609,0.0574383,0.0572732,0.0571134,0.0569586,0.0568085,0.0566628,0.0565212
0.144346,0.143557,0.142764,0.141964,0.14116,0.140349,0.139533,0.138711,0.137882,0.137046,0.136204,0.135355,0.134498,0.133633,0.132761,0.131881,0.130991,0.130093,0.129186,0.128269,0.127342,0.126405,0.125456,0.124496,0.123524,0.12254,0.121543,0.120532,0.119506,0.118466,0.11741,0.116337,0.115247,0.114139,0.113012,0.111864,0.110696,0.109505,0.108291,0.107052,0.105788,0.104496,0.103176,0.101826,0.100444,0.0990291,0.0975786,0.0960907,0.0945634,0.0929949,0.0913845,0.0897332,0.088045,0.0863282,0.0845962,0.0828669,0.0811608,0.0794985,0.0778973,0.0763703,0.0749242,0.0735541,0.0722645,0.0710624,0.069952,0.0689335,0.0680035,0.0671561,0.0663838,0.065679,0.0650341,0.0644421,0.0638967,0.0633925,0.0629248,0.0624894,0.0620828,0.0617019,0.0613441,0.061007,0.0606887,0.0603874,0.0601016,0.05983,0.0595712,0.0593244,0.0590885,0.0588627,0.0586462,0.0584383,0.0582385,0.0580462,0.0578609,0.0576821,0.0575094,0.0573424,0.0571809,0.0570244,0.0568727,0.0567254,0.0565825
0.144462,0.143675,0.142882,0.142085,0.141282,0.140473,0.139658,0.138838,0.13801,0.137177,0.136336,0.135489,0.134634,0.133772,0.132902,0.132024,0.131137,0.130242,0.129337,0.128423,0.127499,0.126564,0.125619,0.124662,0.123694,0.122713,0.12172,0.120713,0.119691,0.118656,0.117604,0.116536,0.115452,0.114349,0.113227,0.112086,0.110924,0.10974,0.108534,0.107303,0.106047,0.104764,0.103453,0.102113,0.100742,0.0993389,0.0979008,0.0964262,0.0949132,0.0933599,0.0917653,0.0901301,0.0884574,0.0867544,0.0850329,0.0833097,0.0816044,0.0799375,0.0783271,0.0767871,0.0753263,0.0739424,0.0726357,0.0714138,0.0702817,0.0692407,0.0682885,0.0674199,0.0666281,0.0659055,0.0652445,0.064638,0.0640798,0.0635641,0.0630861,0.0626415,0.0622265,0.0618381,0.0614735,0.0611302,0.0608063,0.0604998,0.0602093,0.0599333,0.0596705,0.05942,0.0591806,0.0589516,0.0587321,0.0585215,0.0583191,0.0581243,0.0579367,0.0577558,0.0575811,0.0574122,0.0572489,0.0570907,0.0569373,0.0567886,0.0566442
0.144578,0.143792,0.143001,0.142205,0.141403,0.140596,0.139783,0.138964,0.138139,0.137307,0.136469,0.135623,0.134771,0.13391,0.133043,0.132167,0.131282,0.130389,0.129487,0.128576,0.127655,0.126723,0.125781,0.124828,0.123863,0.122885,0.121896,0.120892,0.119875,0.118844,0.117797,0.116734,0.115655,0.114557,0.113441,0.112306,0.111151,0.109974,0.108774,0.107551,0.106303,0.105029,0.103728,0.102398,0.101037,0.0996451,0.0982191,0.0967575,0.0952583,0.0937199,0.0921409,0.0905215,0.0888643,0.0871754,0.0854652,0.0837491,0.082046,0.0803759,0.0787574,0.0772055,0.0757301,0.0743328,0.0730102,0.0717694,0.0706162,0.0695531,0.0685788,0.067689,0.0668773,0.0661365,0.065459,0.0648378,0.0642664,0.0637389,0.0632502,0.0627961,0.0623726,0.0619764,0.0616048,0.0612552,0.0609255,0.0606138,0.0603184,0.0600379,0.059771,0.0595167,0.0592738,0.0590415,0.058819,0.0586055,0.0584005,0.0582033,0.0580133,0.0578302,0.0576534,0.0574826,0.0573174,0.0571575,0.0570025,0.0568522,0.0567064
0.144693,0.143909,0.143119,0.142325,0.141525,0.140719,0.139908,0.13909,0.138267,0.137437,0.1366,0.135757,0.134906,0.134048,0.133183,0.132309,0.131427,0.130537,0.129637,0.128728,0.12781,0.126881,0.125942,0.124992,0.12403,0.123057,0.122071,0.121071,0.120058,0.119031,0.117989,0.116931,0.115856,0.114764,0.113654,0.112525,0.111376,0.110205,0.109013,0.107797,0.106557,0.105292,0.104,0.102679,0.101329,0.0999478,0.0985336,0.0970847,0.0955991,0.0940751,0.0925113,0.0909076,0.0892658,0.0875912,0.0858928,0.0841849,0.0824851,0.0808132,0.079188,0.0776251,0.0761359,0.074725,0.0733876,0.0721289,0.0709555,0.0698707,0.0688745,0.0679633,0.0671316,0.0663722,0.0656779,0.0650415,0.0644565,0.0639168,0.0634173,0.0629533,0.062521,0.062117,0.0617381,0.061382,0.0610464,0.0607292,0.0604289,0.0601438,0.0598728,0.0596145,0.059368,0.0591324,0.0589068,0.0586904,0.0584827,0.0582829,0.0580906,0.0579053,0.0577264,0.0575536,0.0573866,0.0572249,0.0570683,0.0569164,0.056769
0.144808,0.144025,0.143237,0.142444,0.141645,0.140841,0.140032,0.139216,0.138394,0.137566,0.136731,0.13589,0.135041,0.134185,0.133322,0.132451,0.131571,0.130683,0.129786,0.12888,0.127964,0.127039,0.126102,0.125155,0.124197,0.123227,0.122245,0.121249,0.12024,0.119217,0.118179,0.117126,0.116056,0.11497,0.113865,0.112742,0.111599,0.110435,0.10925,0.108041,0.106809,0.105552,0.104269,0.102958,0.101618,0.100247,0.0988445,0.0974079,0.0959355,0.0944255,0.0928766,0.0912883,0.0896619,0.0880017,0.0863158,0.0846168,0.0829216,0.0812491,0.0796184,0.0780458,0.0765435,0.0751186,0.0737674,0.0724919,0.0712991,0.0701933,0.0691754,0.0682429,0.0673908,0.0666126,0.0659011,0.0652492,0.0646502,0.064098,0.0635873,0.0631133,0.0626719,0.0622597,0.0618735,0.0615107,0.061169,0.0608463,0.0605408,0.0602511,0.0599757,0.0597135,0.0594634,0.0592243,0.0589955,0.0587762,0.0585657,0.0583634,0.0581686,0.057981,0.0578,0.0576252,0.0574563,0.0572928,0.0571345,0.056981,0.0568321
0.144923,0.144141,0.143355,0.142563,0.141766,0.140963,0.140155,0.139341,0.138521,0.137695,0.136862,0.136023,0.135176,0.134322,0.133461,0.132592,0.131714,0.130829,0.129934,0.129031,0.128118,0.127195,0.126262,0.125318,0.124363,0.123397,0.122418,0.121426,0.120421,0.119402,0.118369,0.11732,0.116255,0.115174,0.114075,0.112957,0.11182,0.110663,0.109484,0.108283,0.107059,0.10581,0.104535,0.103234,0.101903,0.100543,0.0991518,0.0977272,0.0962677,0.0947715,0.0932371,0.0916639,0.0900527,0.0884071,0.0867339,0.0850447,0.0833551,0.0816834,0.0800485,0.0784672,0.0769527,0.0755137,0.0741494,0.0728582,0.0716469,0.0705206,0.0694814,0.0685276,0.0676551,0.0668578,0.0661288,0.065461,0.0648476,0.0642826,0.0637603,0.063276,0.0628253,0.0624047,0.062011,0.0616413,0.0612933,0.0609649,0.0606543,0.0603598,0.06008,0.0598137,0.0595598,0.0593173,0.0590852,0.0588629,0.0586496,0.0584446,0.0582474,0.0580575,0.0578743,0.0576975,0.0575266,0.0573613,0.0572013,0.0570462,0.0568958
0.145037,0.144257,0.143472,0.142682,0.141886,0.141085,0.140279,0.139466,0.138648,0.137823,0.136992,0.136155,0.13531,0.134458,0.133599,0.132732,0.131857,0.130974,0.130082,0.129181,0.128271,0.127351,0.126421,0.12548,0.124528,0.123565,0.12259,0.121602,0.120601,0.119586,0.118557,0.117513,0.116453,0.115377,0.114283,0.113171,0.11204,0.110889,0.109717,0.108523,0.107306,0.106066,0.104799,0.103507,0.102186,0.100836,0.0994557,0.0980428,0.0965958,0.095113,0.0935928,0.0920344,0.0904383,0.0888072,0.0871472,0.0854685,0.0837854,0.0821157,0.0804778,0.078889,0.0773634,0.0759106,0.0745333,0.0732273,0.0719985,0.0708525,0.0697923,0.0688175,0.0679244,0.0671078,0.0663609,0.0656768,0.0650488,0.0644706,0.0639365,0.0634415,0.0629813,0.0625521,0.0621506,0.0617738,0.0614194,0.0610852,0.0607692,0.0604698,0.0601855,0.0599151,0.0596574,0.0594113,0.0591759,0.0589505,0.0587343,0.0585267,0.058327,0.0581347,0.0579493,0.0577704,0.0575976,0.0574304,0.0572686,0.0571119,0.0569599
0.145151,0.144372,0.143589,0.1428,0.142006,0.141207,0.140402,0.139591,0.138774,0.137951,0.137122,0.136287,0.135444,0.134594,0.133737,0.132872,0.132,0.131119,0.130229,0.129331,0.128424,0.127506,0.126579,0.125641,0.124693,0.123733,0.122761,0.121777,0.12078,0.119769,0.118744,0.117705,0.116649,0.115578,0.114489,0.113383,0.112258,0.111113,0.109948,0.108761,0.107552,0.106319,0.105061,0.103777,0.102466,0.101126,0.0997562,0.0983547,0.0969199,0.0954502,0.0939439,0.0924,0.0908187,0.0892022,0.0875555,0.0858878,0.0842124,0.0825457,0.0809061,0.079311,0.0777752,0.0763093,0.0749187,0.073599,0.0723536,0.0711887,0.0701081,0.0691123,0.0681988,0.0673626,0.0665976,0.0658969,0.0652539,0.0646621,0.0641158,0.0636099,0.0631399,0.0627019,0.0622923,0.0619084,0.0615474,0.0612072,0.0608857,0.0605813,0.0602924,0.0600177,0.0597561,0.0595063,0.0592676,0.0590391,0.0588199,0.0586096,0.0584073,0.0582126,0.058025,0.0578439,0.0576691,0.0575001,0.0573365,0.0571781,0.0570245
0.145265,0.144488,0.143705,0.142918,0.142125,0.141328,0.140524,0.139715,0.1389,0.138079,0.137252,0.136418,0.135577,0.134729,0.133874,0.133012,0.132141,0.131263,0.130376,0.12948,0.128575,0.127661,0.126737,0.125802,0.124856,0.1239,0.122932,0.121951,0.120958,0.119951,0.11893,0.117895,0.116845,0.115778,0.114695,0.113594,0.112475,0.111336,0.110177,0.108997,0.107795,0.10657,0.10532,0.104045,0.102743,0.101413,0.100053,0.0986631,0.0972402,0.0957832,0.0942904,0.0927607,0.0911941,0.089592,0.0879589,0.0863028,0.0846356,0.0829731,0.081333,0.0797328,0.0781879,0.0767097,0.0753056,0.0739729,0.0727119,0.0715289,0.0704285,0.0694122,0.0684781,0.0676223,0.0668389,0.0661213,0.0654628,0.0648572,0.0642984,0.0637813,0.0633012,0.0628541,0.0624364,0.062045,0.0616773,0.0613309,0.0610038,0.0606943,0.0604007,0.0601216,0.0598559,0.0596025,0.0593603,0.0591286,0.0589064,0.0586933,0.0584884,0.0582913,0.0581013,0.0579181,0.0577413,0.0575703,0.0574049,0.0572448,0.0570896
0.145379,0.144603,0.143822,0.143036,0.142245,0.141448,0.140646,0.139839,0.139026,0.138206,0.137381,0.136549,0.13571,0.134864,0.134011,0.133151,0.132283,0.131407,0.130522,0.129629,0.128726,0.127815,0.126893,0.125962,0.125019,0.124066,0.123101,0.122124,0.121134,0.120132,0.119115,0.118084,0.117038,0.115977,0.114899,0.113803,0.112689,0.111557,0.110404,0.109231,0.108036,0.106818,0.105577,0.10431,0.103017,0.101696,0.100347,0.0989679,0.0975567,0.0961121,0.0946325,0.0931168,0.0915645,0.0899768,0.0883574,0.0867132,0.0850551,0.0833978,0.0817583,0.0801542,0.0786012,0.0771116,0.0756939,0.0743487,0.0730731,0.0718729,0.0707534,0.0697168,0.0687624,0.0678868,0.0670848,0.06635,0.0656758,0.0650559,0.0644844,0.0639558,0.0634653,0.0630088,0.0625827,0.0621837,0.061809,0.0614563,0.0611235,0.0608087,0.0605103,0.0602268,0.059957,0.0596997,0.059454,0.059219,0.0589939,0.0587778,0.0585703,0.0583707,0.0581784,0.057993,0.0578141,0.0576412,0.057474,0.0573121,0.0571552
0.145492,0.144717,0.143938,0.143153,0.142363,0.141569,0.140768,0.139962,0.139151,0.138333,0.137509,0.136679,0.135842,0.134999,0.134148,0.133289,0.132423,0.13155,0.130667,0.129777,0.128877,0.127968,0.127049,0.126121,0.125181,0.124231,0.12327,0.122296,0.12131,0.120312,0.119299,0.118273,0.117231,0.116174,0.115101,0.114011,0.112903,0.111776,0.11063,0.109463,0.108275,0.107065,0.105831,0.104572,0.103288,0.101977,0.100638,0.0992694,0.0978696,0.0964371,0.0949704,0.0934682,0.0919301,0.0903566,0.0887509,0.087119,0.0854706,0.0838194,0.0821817,0.0805748,0.0790148,0.0775147,0.076084,0.0747262,0.0734369,0.0722204,0.0710824,0.070026,0.0690515,0.0681562,0.0673353,0.066583,0.0658928,0.0652584,0.0646737,0.0641333,0.0636322,0.0631661,0.0627313,0.0623245,0.0619427,0.0615836,0.0612449,0.0609247,0.0606213,0.0603333,0.0600593,0.0597981,0.0595488,0.0593105,0.0590822,0.0588633,0.058653,0.0584508,0.0582562,0.0580686,0.0578875,0.0577126,0.0575435,0.0573799,0.0572213
0.145605,0.144831,0.144053,0.14327,0.142482,0.141689,0.14089,0.140086,0.139276,0.13846,0.137638,0.136809,0.135974,0.135132,0.134284,0.133427,0.132564,0.131692,0.130812,0.129924,0.129027,0.12812,0.127205,0.126279,0.125343,0.124396,0.123437,0.122467,0.121485,0.12049,0.119482,0.11846,0.117423,0.11637,0.115302,0.114217,0.113115,0.111994,0.110854,0.109694,0.108512,0.107309,0.106083,0.104833,0.103557,0.102255,0.100926,0.0995676,0.0981789,0.0967582,0.095304,0.0938152,0.0922909,0.0907315,0.0891396,0.0875201,0.085882,0.0842378,0.0826029,0.0809944,0.0794285,0.0779189,0.0764758,0.0751051,0.0738029,0.072571,0.0714154,0.0703398,0.0693454,0.0684303,0.0675905,0.0668205,0.066114,0.0654647,0.0648665,0.064314,0.0638019,0.063326,0.0628823,0.0624675,0.0620785,0.0617127,0.0613679,0.0610422,0.0607338,0.0604411,0.0601628,0.0598977,0.0596447,0.0594029,0.0591715,0.0589496,0.0587366,0.0585318,0.0583347,0.0581448,0.0579616,0.0577847,0.0576137,0.0574483,0.057288
0.145718,0.144945,0.144169,0.143387,0.1426,0.141808,0.141011,0.140208,0.1394,0.138586,0.137765,0.136939,0.136106,0.135266,0.134419,0.133565,0.132703,0.131834,0.130956,0.130071,0.129176,0.128272,0.127359,0.126436,0.125503,0.124559,0.123604,0.122638,0.121659,0.120668,0.119664,0.118646,0.117613,0.116565,0.115502,0.114422,0.113325,0.11221,0.111076,0.109922,0.108748,0.107552,0.106333,0.105091,0.103824,0.102531,0.101211,0.0998626,0.0984847,0.0970755,0.0956337,0.0941578,0.0926471,0.0911016,0.0895233,0.0879166,0.0862893,0.0846527,0.0830217,0.0814127,0.079842,0.0783239,0.0768693,0.0754853,0.074171,0.0729246,0.071752,0.0706578,0.0696439,0.0687092,0.0678504,0.0670624,0.0663393,0.0656748,0.0650629,0.0644979,0.0639747,0.0634886,0.0630358,0.0626127,0.0622162,0.0618437,0.0614927,0.0611613,0.0608477,0.0605502,0.0602675,0.0599984,0.0597417,0.0594964,0.0592617,0.0590368,0.058821,0.0586136,0.058414,0.0582218,0.0580364,0.0578574,0.0576845,0.0575172,0.0573552
0.14583,0.145059,0.144284,0.143503,0.142718,0.141927,0.141132,0.140331,0.139524,0.138711,0.137893,0.137068,0.136237,0.135399,0.134554,0.133702,0.132842,0.131975,0.1311,0.130217,0.129325,0.128423,0.127513,0.126593,0.125663,0.124722,0.12377,0.122807,0.121832,0.120845,0.119844,0.11883,0.117802,0.116759,0.115701,0.114626,0.113534,0.112424,0.111296,0.110149,0.108981,0.107792,0.106581,0.105346,0.104087,0.102803,0.101493,0.100155,0.0987871,0.0973892,0.0959593,0.0944962,0.0929988,0.091467,0.0899023,0.0883084,0.0866922,0.0850641,0.0834379,0.0818294,0.080255,0.0787293,0.077264,0.0758671,0.0745407,0.0732807,0.0720921,0.0709799,0.0699468,0.0689927,0.0681149,0.0673088,0.0665688,0.0658889,0.0652629,0.0646851,0.0641504,0.063654,0.0631918,0.0627602,0.0623561,0.0619766,0.0616193,0.0612821,0.0609631,0.0606608,0.0603736,0.0601003,0.0598398,0.0595909,0.0593529,0.0591249,0.0589062,0.0586961,0.058494,0.0582995,0.0581119,0.0579308,0.0577559,0.0575867,0.057423
0.145942,0.145173,0.144398,0.143619,0.142835,0.142046,0.141252,0.140453,0.139647,0.138836,0.13802,0.137197,0.136367,0.135531,0.134688,0.133838,0.132981,0.132116,0.131243,0.130362,0.129472,0.128574,0.127666,0.126749,0.125822,0.124884,0.123936,0.122976,0.122005,0.121021,0.120024,0.119014,0.11799,0.116952,0.115898,0.114828,0.113741,0.112637,0.111515,0.110374,0.109212,0.10803,0.106826,0.105599,0.104349,0.103073,0.101772,0.100443,0.0990863,0.0976993,0.0962812,0.0948304,0.093346,0.0918277,0.0902765,0.0886955,0.0870908,0.0854717,0.0838511,0.0822443,0.0806673,0.0791351,0.0776599,0.0762507,0.0749119,0.0736392,0.0724354,0.0713059,0.0702542,0.0692808,0.068384,0.0675597,0.0668026,0.0661069,0.0654665,0.0648757,0.0643292,0.0638221,0.0633504,0.0629101,0.0624981,0.0621114,0.0617476,0.0614045,0.0610801,0.0607728,0.060481,0.0602035,0.059939,0.0596865,0.0594451,0.059214,0.0589923,0.0587795,0.0585749,0.0583779,0.058188,0.0580048,0.0578279,0.0576568,0.0574913
0.146054,0.145286,0.144513,0.143735,0.142953,0.142165,0.141372,0.140574,0.139771,0.138961,0.138146,0.137325,0.136497,0.135663,0.134822,0.133974,0.133119,0.132256,0.131386,0.130507,0.12962,0.128724,0.127819,0.126904,0.12598,0.125046,0.1241,0.123144,0.122176,0.121196,0.120203,0.119197,0.118177,0.117143,0.116094,0.115029,0.113947,0.112849,0.111732,0.110597,0.109442,0.108266,0.10707,0.10585,0.104608,0.103341,0.102048,0.100729,0.0993822,0.098006,0.0965993,0.0951606,0.093689,0.0921839,0.0906461,0.089078,0.087485,0.0858755,0.0842613,0.0826571,0.0810786,0.0795408,0.0780567,0.0766359,0.0752844,0.0739996,0.0727815,0.0716355,0.0705657,0.0695734,0.0686577,0.0678151,0.0670407,0.0663289,0.0656739,0.0650697,0.0645111,0.0639932,0.0635115,0.0630624,0.0626423,0.0622483,0.0618778,0.0615286,0.0611986,0.0608862,0.0605897,0.0603078,0.0600394,0.0597832,0.0595383,0.059304,0.0590794,0.0588637,0.0586565,0.058457,0.0582648,0.0580795,0.0579005,0.0577275,0.0575601
0.146166,0.145399,0.144627,0.143851,0.143069,0.142283,0.141492,0.140695,0.139893,0.139086,0.138272,0.137453,0.136627,0.135795,0.134956,0.13411,0.133257,0.132396,0.131528,0.130651,0.129767,0.128873,0.127971,0.127059,0.126138,0.125206,0.124264,0.123311,0.122346,0.12137,0.120381,0.119379,0.118363,0.117333,0.116288,0.115228,0.114152,0.113059,0.111948,0.110818,0.10967,0.108501,0.107311,0.106099,0.104864,0.103606,0.102322,0.101012,0.099675,0.0983093,0.0969137,0.0954869,0.0940277,0.0925356,0.091011,0.0894559,0.0878747,0.0862752,0.0846683,0.0830676,0.0814885,0.0799463,0.0784541,0.0770225,0.0756583,0.0743619,0.0731302,0.0719685,0.0708811,0.0698704,0.0689359,0.0680749,0.0672831,0.0665551,0.065885,0.0652672,0.0646962,0.0641671,0.0636754,0.0632171,0.0627887,0.0623872,0.0620099,0.0616544,0.0613188,0.0610011,0.0606998,0.0604135,0.0601409,0.059881,0.0596326,0.059395,0.0591673,0.0589488,0.0587388,0.0585369,0.0583424,0.0581548,0.0579737,0.0577988,0.0576296
0.146277,0.145511,0.144741,0.143966,0.143186,0.142401,0.141611,0.140816,0.140016,0.13921,0.138398,0.13758,0.136756,0.135926,0.135089,0.134245,0.133394,0.132535,0.131669,0.130795,0.129913,0.129022,0.128122,0.127213,0.126294,0.125366,0.124427,0.123477,0.122516,0.121543,0.120557,0.119559,0.118548,0.117522,0.116482,0.115427,0.114355,0.113267,0.112162,0.111038,0.109896,0.108733,0.10755,0.106346,0.105119,0.103868,0.102593,0.101292,0.0999648,0.0986093,0.0972246,0.0958094,0.0943624,0.092883,0.0913714,0.0898291,0.0882601,0.086671,0.0850718,0.0834756,0.081897,0.0803513,0.078852,0.0774103,0.0760339,0.0747257,0.0734813,0.0723046,0.0712004,0.0701715,0.0692185,0.0683392,0.0675298,0.0667853,0.0661,0.0654683,0.0648846,0.0643441,0.063842,0.0633743,0.0629374,0.0625282,0.0621439,0.061782,0.0614405,0.0611175,0.0608113,0.0605205,0.0602437,0.0599798,0.0597279,0.0594869,0.0592561,0.0590347,0.0588221,0.0586175,0.0584206,0.0582308,0.0580476,0.0578707,0.0576996
0.146388,0.145623,0.144854,0.144081,0.143302,0.142519,0.14173,0.140937,0.140138,0.139334,0.138523,0.137707,0.136885,0.136056,0.135221,0.134379,0.13353,0.132674,0.13181,0.130938,0.130058,0.12917,0.128273,0.127366,0.126451,0.125525,0.124589,0.123642,0.122684,0.121715,0.120733,0.119739,0.118731,0.11771,0.116674,0.115624,0.114557,0.113474,0.112374,0.111257,0.11012,0.108964,0.107788,0.10659,0.105371,0.104128,0.102861,0.10157,0.100252,0.0989061,0.0975321,0.0961281,0.0946931,0.0932262,0.0917274,0.0901979,0.088641,0.0870626,0.0854718,0.0838808,0.0823037,0.0807555,0.0792501,0.0777992,0.0764111,0.0750908,0.0738345,0.0726435,0.0715231,0.0704767,0.0695054,0.0686079,0.0677808,0.0670196,0.0663189,0.0656729,0.0650764,0.064524,0.0640113,0.063534,0.0630884,0.0626713,0.0622798,0.0619114,0.061564,0.0612354,0.0609242,0.0606287,0.0603477,0.0600799,0.0598243,0.0595799,0.0593459,0.0591215,0.0589061,0.058699,0.0584996,0.0583075,0.0581222,0.0579432,0.0577702
0.146499,0.145735,0.144967,0.144195,0.143418,0.142636,0.141849,0.141057,0.14026,0.139457,0.138648,0.137834,0.137014,0.136187,0.135353,0.134513,0.133666,0.132812,0.13195,0.131081,0.130203,0.129317,0.128423,0.127519,0.126606,0.125683,0.12475,0.123807,0.122852,0.121886,0.120908,0.119917,0.118914,0.117897,0.116865,0.115819,0.114758,0.11368,0.112586,0.111473,0.110343,0.109193,0.108023,0.106833,0.105621,0.104386,0.103127,0.101844,0.100535,0.0991998,0.0978361,0.0964432,0.0950199,0.0935652,0.092079,0.0905622,0.0890175,0.0874501,0.0858682,0.0842831,0.0827084,0.0811587,0.0796481,0.0781888,0.0767898,0.0754571,0.0741894,0.0729851,0.0718493,0.0707858,0.0697965,0.0688809,0.0680362,0.0672581,0.0665417,0.0658813,0.0652715,0.0647071,0.0641835,0.0636964,0.0632419,0.0628166,0.0624178,0.0620427,0.0616891,0.061355,0.0610386,0.0607384,0.0604529,0.0601811,0.0599217,0.0596738,0.0594366,0.0592092,0.058991,0.0587812,0.0585794,0.0583849,0.0581974,0.0580164,0.0578414
