CO2 dmu_drho [uPa_s/kg/m3] PelePhys
0.0769044,0.0760015,0.0750385,0.0739984,0.0728551,0.0715651,0.0700479,0.0681262,0.0653567,0.0620658,0.0602313,0.059156,0.0583976,0.0578083,0.057324,0.0569113,0.0565508,0.0562299,0.0559403,0.055676,0.0554326,0.0552069,0.0549961,0.0547984,0.054612,0.0544356,0.0542681,0.0541086,0.0539562,0.0538103,0.0536703,0.0535356,0.053406,0.0532809,0.05316,0.053043,0.0529296,0.0528197,0.0527129,0.0526091,0.0525081,0.0524097,0.0523138,0.0522203,0.0521289,0.0520397,0.0519524,0.0518671,0.0517835,0.0517017,0.0516215,0.0515429,0.0514658,0.0513901,0.0513158,0.0512428,0.0511711,0.0511006,0.0510313,0.0509631,0.050896,0.05083,0.0507649,0.0507008,0.0506377,0.0505755,0.0505142,0.0504537,0.0503941,0.0503352,0.0502772,0.0502199,0.0501633,0.0501074,0.0500522,0.0499977,0.0499439,0.0498907,0.0498381,0.0497861,0.0497347,0.0496838,0.0496335,0.0495838,0.0495346,0.0494859,0.0494377,0.04939,0.0493428,0.049296,0.0492497,0.0492039,0.0491585,0.0491135,0.049069,0.0490248,0.0489811,0.0489377,0.0488948,0.0488522,0.04881
0.077097,0.0762091,0.075265,0.0742496,0.07314,0.0718995,0.0704626,0.0686947,0.0662708,0.0629693,0.060733,0.0594934,0.0586551,0.058019,0.0575037,0.0570691,0.056692,0.0563583,0.0560583,0.0557855,0.055535,0.0553031,0.0550871,0.0548848,0.0546944,0.0545144,0.0543437,0.0541812,0.0540262,0.0538779,0.0537357,0.0535991,0.0534676,0.0533407,0.0532182,0.0530998,0.052985,0.0528738,0.0527658,0.0526608,0.0525588,0.0524594,0.0523625,0.052268,0.0521758,0.0520857,0.0519977,0.0519116,0.0518273,0.0517448,0.051664,0.0515847,0.051507,0.0514308,0.0513559,0.0512824,0.0512102,0.0511392,0.0510694,0.0510007,0.0509332,0.0508667,0.0508013,0.0507368,0.0506733,0.0506107,0.050549,0.0504882,0.0504282,0.0503691,0.0503107,0.050253,0.0501962,0.05014,0.0500845,0.0500298,0.0499756,0.0499222,0.0498693,0.0498171,0.0497654,0.0497143,0.0496638,0.0496138,0.0495644,0.0495155,0.0494671,0.0494192,0.0493718,0.0493248,0.0492783,0.0492323,0.0491867,0.0491416,0.0490968,0.0490525,0.0490086,0.0489651,0.0489219,0.0488792,0.0488368
0.0772859,0.0764123,0.0754858,0.0744931,0.0734141,0.0722174,0.070849,0.0692038,0.0670436,0.063975,0.0613203,0.059869,0.0589335,0.0582428,0.0576926,0.0572335,0.0568384,0.0564907,0.0561797,0.0558978,0.0556397,0.0554014,0.0551799,0.0549728,0.0547781,0.0545944,0.0544203,0.0542549,0.0540972,0.0539464,0.0538019,0.0536632,0.0535298,0.0534012,0.0532771,0.0531571,0.0530409,0.0529284,0.0528191,0.052713,0.0526098,0.0525093,0.0524115,0.0523161,0.052223,0.0521321,0.0520432,0.0519564,0.0518714,0.0517882,0.0517067,0.0516268,0.0515485,0.0514716,0.0513962,0.0513222,0.0512494,0.0511779,0.0511077,0.0510385,0.0509706,0.0509036,0.0508378,0.0507729,0.050709,0.050646,0.050584,0.0505228,0.0504625,0.050403,0.0503443,0.0502863,0.0502292,0.0501727,0.0501169,0.0500619,0.0500075,0.0499537,0.0499006,0.0498481,0.0497962,0.0497449,0.0496942,0.049644,0.0495943,0.0495452,0.0494966,0.0494484,0.0494008,0.0493537,0.049307,0.0492608,0.049215,0.0491696,0.0491247,0.0490802,0.0490362,0.0489925,0.0489492,0.0489063,0.0488637
0.0774715,0.0766112,0.0757013,0.0747296,0.0736785,0.0725209,0.0712115,0.0696668,0.0677085,0.0649672,0.062014,0.0602918,0.0592366,0.0584816,0.0578916,0.0574053,0.0569904,0.0566276,0.0563046,0.056013,0.0557469,0.0555019,0.0552745,0.0550624,0.0548633,0.0546757,0.0544982,0.0543296,0.0541691,0.0540157,0.0538689,0.0537281,0.0535927,0.0534623,0.0533365,0.0532149,0.0530973,0.0529834,0.0528729,0.0527655,0.0526612,0.0525597,0.0524608,0.0523645,0.0522705,0.0521787,0.0520891,0.0520014,0.0519157,0.0518318,0.0517496,0.0516691,0.0515901,0.0515127,0.0514367,0.0513621,0.0512888,0.0512169,0.0511461,0.0510765,0.0510081,0.0509407,0.0508744,0.0508091,0.0507449,0.0506815,0.0506191,0.0505576,0.0504969,0.050437,0.050378,0.0503197,0.0502623,0.0502055,0.0501495,0.0500941,0.0500394,0.0499854,0.049932,0.0498793,0.0498271,0.0497756,0.0497246,0.0496741,0.0496243,0.0495749,0.0495261,0.0494778,0.0494299,0.0493826,0.0493357,0.0492893,0.0492433,0.0491978,0.0491527,0.049108,0.0490638,0.0490199,0.0489765,0.0489334,0.0488907
0.0776539,0.0768062,0.0759118,0.0749597,0.0739342,0.0728116,0.0715539,0.0700932,0.0682929,0.065858,0.0628236,0.0607736,0.0595689,0.0587377,0.0581019,0.0575852,0.0571484,0.0567692,0.0564333,0.0561314,0.0558568,0.0556045,0.0553711,0.0551537,0.05495,0.0547583,0.0545772,0.0544054,0.0542419,0.054086,0.0539368,0.0537937,0.0536563,0.053524,0.0533965,0.0532733,0.0531542,0.0530389,0.0529271,0.0528185,0.052713,0.0526104,0.0525106,0.0524132,0.0523183,0.0522257,0.0521352,0.0520467,0.0519603,0.0518756,0.0517928,0.0517116,0.051632,0.051554,0.0514774,0.0514023,0.0513285,0.051256,0.0511847,0.0511146,0.0510457,0.0509779,0.0509112,0.0508455,0.0507808,0.0507171,0.0506543,0.0505924,0.0505314,0.0504712,0.0504118,0.0503533,0.0502955,0.0502384,0.0501821,0.0501264,0.0500715,0.0500172,0.0499635,0.0499105,0.0498581,0.0498063,0.0497551,0.0497044,0.0496543,0.0496047,0.0495557,0.0495072,0.0494591,0.0494116,0.0493645,0.0493179,0.0492717,0.049226,0.0491807,0.0491359,0.0490915,0.0490474,0.0490038,0.0489606,0.0489177
0.0778332,0.0769975,0.0761177,0.0751838,0.0741818,0.073091,0.0718789,0.0704896,0.0688161,0.066632,0.0637215,0.0613284,0.0599366,0.0590137,0.058325,0.057774,0.0573131,0.0569159,0.0565662,0.0562531,0.0559694,0.0557096,0.0554697,0.0552467,0.0550383,0.0548423,0.0546574,0.0544823,0.0543158,0.0541571,0.0540054,0.0538601,0.0537206,0.0535864,0.0534571,0.0533323,0.0532117,0.0530949,0.0529817,0.0528719,0.0527653,0.0526616,0.0525606,0.0524623,0.0523664,0.0522729,0.0521816,0.0520924,0.0520051,0.0519197,0.0518362,0.0517543,0.0516741,0.0515955,0.0515183,0.0514426,0.0513683,0.0512952,0.0512235,0.0511529,0.0510836,0.0510153,0.0509482,0.0508821,0.050817,0.0507528,0.0506897,0.0506274,0.050566,0.0505055,0.0504458,0.0503869,0.0503288,0.0502714,0.0502148,0.0501588,0.0501036,0.050049,0.0499951,0.0499418,0.0498892,0.0498371,0.0497857,0.0497348,0.0496844,0.0496346,0.0495854,0.0495366,0.0494884,0.0494406,0.0493933,0.0493465,0.0493002,0.0492543,0.0492088,0.0491638,0.0491192,0.049075,0.0490312,0.0489878,0.0489448
0.0780096,0.0771852,0.0763192,0.0754023,0.0744221,0.0733603,0.0721888,0.070861,0.0692915,0.0673066,0.0646331,0.0619701,0.0603472,0.0593131,0.0585627,0.0579727,0.057485,0.0570681,0.0567033,0.0563784,0.056085,0.0558171,0.0555705,0.0553417,0.0551281,0.0549278,0.054739,0.0545603,0.0543907,0.0542292,0.0540749,0.0539273,0.0537856,0.0536495,0.0535183,0.0533918,0.0532696,0.0531514,0.0530369,0.0529258,0.0528179,0.0527131,0.0526111,0.0525117,0.0524149,0.0523205,0.0522283,0.0521382,0.0520502,0.0519641,0.0518798,0.0517973,0.0517165,0.0516372,0.0515594,0.0514832,0.0514083,0.0513347,0.0512624,0.0511914,0.0511216,0.0510529,0.0509853,0.0509187,0.0508532,0.0507887,0.0507252,0.0506625,0.0506008,0.0505399,0.0504798,0.0504206,0.0503622,0.0503045,0.0502476,0.0501913,0.0501358,0.050081,0.0500268,0.0499733,0.0499204,0.049868,0.0498163,0.0497652,0.0497146,0.0496646,0.0496151,0.0495661,0.0495177,0.0494697,0.0494223,0.0493753,0.0493287,0.0492826,0.049237,0.0491918,0.049147,0.0491026,0.0490587,0.0490151,0.0489719
0.0781832,0.0773697,0.0765166,0.0756157,0.0746557,0.0736204,0.0724853,0.0712112,0.0697286,0.0679027,0.0654853,0.0627045,0.0608099,0.05964,0.058817,0.0581825,0.0576648,0.0572263,0.0568452,0.0565074,0.0562036,0.0559273,0.0556734,0.0554385,0.0552197,0.0550147,0.0548218,0.0546395,0.0544667,0.0543022,0.0541453,0.0539953,0.0538514,0.0537132,0.0535802,0.053452,0.0533282,0.0532084,0.0530925,0.0529801,0.052871,0.052765,0.0526619,0.0525615,0.0524637,0.0523684,0.0522753,0.0521844,0.0520956,0.0520087,0.0519238,0.0518405,0.051759,0.0516791,0.0516008,0.0515239,0.0514485,0.0513744,0.0513016,0.0512301,0.0511597,0.0510906,0.0510225,0.0509556,0.0508896,0.0508247,0.0507608,0.0506978,0.0506356,0.0505744,0.050514,0.0504545,0.0503957,0.0503377,0.0502805,0.050224,0.0501681,0.050113,0.0500586,0.0500048,0.0499516,0.049899,0.0498471,0.0497957,0.0497449,0.0496947,0.0496449,0.0495958,0.0495471,0.0494989,0.0494512,0.049404,0.0493573,0.049311,0.0492652,0.0492198,0.0491749,0.0491303,0.0490862,0.0490424,0.0489991
0.0783542,0.0775509,0.0767102,0.0758243,0.0748831,0.0738721,0.07277,0.0715431,0.0701345,0.0684374,0.0662481,0.0635136,0.0613351,0.0599996,0.0590904,0.0584047,0.0578533,0.0573911,0.0569921,0.0566405,0.0563256,0.0560402,0.0557788,0.0555374,0.055313,0.0551032,0.0549061,0.05472,0.0545438,0.0543763,0.0542167,0.0540641,0.053918,0.0537777,0.0536427,0.0535127,0.0533872,0.053266,0.0531486,0.0530349,0.0529245,0.0528173,0.0527131,0.0526117,0.0525129,0.0524166,0.0523226,0.0522309,0.0521413,0.0520536,0.0519679,0.051884,0.0518018,0.0517213,0.0516423,0.0515649,0.0514888,0.0514142,0.0513409,0.0512689,0.0511981,0.0511284,0.0510599,0.0509925,0.0509262,0.0508609,0.0507965,0.0507331,0.0506707,0.0506091,0.0505483,0.0504884,0.0504293,0.050371,0.0503135,0.0502567,0.0502006,0.0501452,0.0500904,0.0500364,0.0499829,0.0499301,0.0498779,0.0498263,0.0497753,0.0497248,0.0496748,0.0496254,0.0495765,0.0495282,0.0494803,0.0494329,0.049386,0.0493395,0.0492935,0.0492479,0.0492028,0.049158,0.0491137,0.0490698,0.0490263
0.0785226,0.0777292,0.0769001,0.0760284,0.0751048,0.0741163,0.073044,0.0718593,0.0705143,0.0689234,0.0669242,0.0643487,0.0619325,0.0603979,0.0593858,0.058641,0.0580516,0.0575629,0.0571445,0.0567779,0.0564512,0.056156,0.0558866,0.0556384,0.0554082,0.0551933,0.0549917,0.0548018,0.054622,0.0544514,0.0542889,0.0541338,0.0539853,0.0538429,0.0537059,0.0535741,0.0534469,0.0533241,0.0532052,0.0530901,0.0529785,0.0528701,0.0527647,0.0526622,0.0525624,0.0524652,0.0523703,0.0522777,0.0521872,0.0520988,0.0520123,0.0519277,0.0518448,0.0517637,0.0516841,0.051606,0.0515294,0.0514542,0.0513804,0.0513079,0.0512366,0.0511665,0.0510975,0.0510297,0.0509629,0.0508972,0.0508324,0.0507686,0.0507058,0.0506438,0.0505828,0.0505225,0.0504631,0.0504045,0.0503466,0.0502895,0.0502331,0.0501774,0.0501224,0.0500681,0.0500144,0.0499613,0.0499088,0.049857,0.0498057,0.049755,0.0497048,0.0496552,0.0496061,0.0495575,0.0495094,0.0494618,0.0494147,0.049368,0.0493218,0.0492761,0.0492307,0.0491858,0.0491414,0.0490973,0.0490536
0.0786887,0.0779047,0.0770866,0.0762283,0.0753211,0.0743534,0.0733085,0.0721615,0.0708719,0.0693702,0.0675269,0.0651537,0.0626051,0.0608424,0.0597069,0.0588932,0.0582607,0.0577425,0.0573028,0.05692,0.0565805,0.056275,0.055997,0.0557416,0.0555053,0.0552851,0.0550789,0.0548848,0.0547015,0.0545276,0.0543622,0.0542044,0.0540534,0.0539088,0.0537698,0.0536361,0.0535072,0.0533827,0.0532623,0.0531458,0.0530329,0.0529232,0.0528167,0.0527131,0.0526123,0.052514,0.0524182,0.0523248,0.0522335,0.0521443,0.052057,0.0519717,0.0518881,0.0518063,0.051726,0.0516474,0.0515702,0.0514945,0.0514201,0.051347,0.0512752,0.0512047,0.0511352,0.051067,0.0509998,0.0509336,0.0508684,0.0508043,0.050741,0.0506787,0.0506173,0.0505567,0.050497,0.050438,0.0503798,0.0503224,0.0502657,0.0502097,0.0501545,0.0500998,0.0500459,0.0499925,0.0499398,0.0498877,0.0498362,0.0497853,0.0497349,0.049685,0.0496357,0.0495869,0.0495386,0.0494908,0.0494435,0.0493966,0.0493502,0.0493043,0.0492588,0.0492137,0.049169,0.0491248,0.0490809
0.0788524,0.0780774,0.0772699,0.0764242,0.0755324,0.0745841,0.0735643,0.0724513,0.0712106,0.0697847,0.0680699,0.0658949,0.0633406,0.0613408,0.0600581,0.0591635,0.0584818,0.0579307,0.0574674,0.057067,0.0567137,0.0563972,0.0561102,0.0558472,0.0556044,0.0553787,0.0551676,0.0549693,0.0547821,0.0546049,0.0544364,0.0542759,0.0541224,0.0539755,0.0538344,0.0536987,0.053568,0.0534419,0.05332,0.053202,0.0530877,0.0529768,0.0528691,0.0527644,0.0526625,0.0525633,0.0524665,0.0523722,0.05228,0.05219,0.052102,0.0520159,0.0519316,0.0518491,0.0517682,0.051689,0.0516112,0.0515349,0.05146,0.0513864,0.0513141,0.051243,0.0511731,0.0511044,0.0510368,0.0509702,0.0509046,0.0508401,0.0507764,0.0507138,0.050652,0.050591,0.0505309,0.0504717,0.0504132,0.0503554,0.0502984,0.0502422,0.0501866,0.0501317,0.0500775,0.0500239,0.0499709,0.0499186,0.0498668,0.0498156,0.049765,0.0497149,0.0496654,0.0496164,0.0495678,0.0495198,0.0494723,0.0494253,0.0493787,0.0493325,0.0492868,0.0492416,0.0491968,0.0491523,0.0491083
0.079014,0.0782475,0.0774501,0.0766163,0.0757391,0.0748088,0.0738122,0.0727301,0.0715328,0.0701723,0.0685644,0.0665645,0.0641067,0.0618996,0.0604444,0.0594547,0.0587164,0.0581284,0.0576391,0.0572194,0.0568513,0.056523,0.0562262,0.0559553,0.0557056,0.0554741,0.0552579,0.0550552,0.0548641,0.0546833,0.0545117,0.0543483,0.0541923,0.054043,0.0538997,0.0537621,0.0536295,0.0535017,0.0533782,0.0532588,0.0531431,0.0530309,0.052922,0.0528161,0.0527131,0.0526129,0.0525152,0.0524199,0.0523269,0.052236,0.0521472,0.0520604,0.0519754,0.0518922,0.0518107,0.0517308,0.0516524,0.0515755,0.0515,0.0514259,0.0513531,0.0512815,0.0512112,0.051142,0.0510739,0.0510069,0.0509409,0.050876,0.050812,0.0507489,0.0506868,0.0506255,0.050565,0.0505054,0.0504466,0.0503886,0.0503313,0.0502747,0.0502188,0.0501637,0.0501092,0.0500553,0.0500021,0.0499495,0.0498975,0.049846,0.0497952,0.0497449,0.0496951,0.0496459,0.0495972,0.0495489,0.0495012,0.049454,0.0494072,0.0493609,0.049315,0.0492696,0.0492245,0.04918,0.0491358
0.0791734,0.0784151,0.0776273,0.0768049,0.0759414,0.075028,0.0740529,0.0729989,0.0718405,0.070537,0.0690193,0.0671683,0.0648616,0.0625206,0.0608717,0.0597698,0.0589662,0.0583365,0.0578184,0.0573777,0.0569935,0.0566524,0.0563454,0.0560659,0.0558091,0.0555714,0.05535,0.0551425,0.0549473,0.0547629,0.054588,0.0544217,0.054263,0.0541113,0.0539658,0.0538261,0.0536917,0.0535621,0.053437,0.053316,0.0531989,0.0530854,0.0529752,0.0528682,0.0527641,0.0526628,0.0525641,0.0524679,0.052374,0.0522823,0.0521927,0.0521051,0.0520194,0.0519355,0.0518533,0.0517728,0.0516938,0.0516163,0.0515403,0.0514656,0.0513923,0.0513202,0.0512494,0.0511797,0.0511112,0.0510438,0.0509774,0.050912,0.0508476,0.0507842,0.0507217,0.05066,0.0505992,0.0505393,0.0504802,0.0504218,0.0503642,0.0503073,0.0502512,0.0501957,0.050141,0.0500868,0.0500333,0.0499805,0.0499282,0.0498766,0.0498255,0.0497749,0.0497249,0.0496755,0.0496266,0.0495781,0.0495302,0.0494828,0.0494358,0.0493893,0.0493432,0.0492976,0.0492524,0.0492076,0.0491633
0.0793308,0.0785804,0.0778018,0.0769902,0.0761396,0.075242,0.0742868,0.0732587,0.0721353,0.070882,0.0694414,0.0677158,0.0655737,0.0631947,0.0613456,0.0601126,0.0592333,0.0585562,0.0580061,0.0575422,0.0571406,0.0567859,0.0564679,0.0561793,0.0559149,0.0556707,0.0554437,0.0552315,0.055032,0.0548438,0.0546655,0.0544961,0.0543347,0.0541804,0.0540326,0.0538908,0.0537544,0.0536231,0.0534963,0.0533738,0.0532552,0.0531403,0.0530289,0.0529207,0.0528155,0.0527131,0.0526134,0.0525163,0.0524215,0.0523289,0.0522385,0.0521501,0.0520637,0.0519791,0.0518962,0.051815,0.0517354,0.0516574,0.0515808,0.0515056,0.0514317,0.0513591,0.0512878,0.0512177,0.0511487,0.0510808,0.051014,0.0509482,0.0508834,0.0508196,0.0507567,0.0506947,0.0506336,0.0505733,0.0505138,0.0504551,0.0503972,0.0503401,0.0502836,0.0502279,0.0501728,0.0501184,0.0500647,0.0500116,0.0499591,0.0499072,0.0498558,0.0498051,0.0497549,0.0497052,0.049656,0.0496074,0.0495592,0.0495116,0.0494644,0.0494177,0.0493715,0.0493257,0.0492803,0.0492354,0.0491908
0.0794862,0.0787434,0.0779735,0.0771722,0.0763339,0.0754513,0.0745146,0.0735103,0.0724187,0.0712099,0.069836,0.0682162,0.0662297,0.0638998,0.0618707,0.0604872,0.05952,0.058789,0.058203,0.0577136,0.057293,0.0569235,0.0565938,0.0562956,0.0560232,0.0557722,0.0555393,0.055322,0.0551181,0.0549259,0.0547441,0.0545716,0.0544073,0.0542504,0.0541003,0.0539563,0.0538179,0.0536847,0.0535562,0.0534321,0.053312,0.0531958,0.053083,0.0529736,0.0528673,0.0527638,0.0526631,0.052565,0.0524692,0.0523758,0.0522846,0.0521954,0.0521082,0.0520229,0.0519393,0.0518575,0.0517773,0.0516986,0.0516214,0.0515457,0.0514713,0.0513982,0.0513264,0.0512557,0.0511863,0.051118,0.0510507,0.0509845,0.0509194,0.0508551,0.0507919,0.0507295,0.050668,0.0506074,0.0505476,0.0504886,0.0504304,0.0503729,0.0503162,0.0502601,0.0502048,0.0501501,0.0500961,0.0500428,0.04999,0.0499378,0.0498863,0.0498353,0.0497848,0.0497349,0.0496856,0.0496367,0.0495884,0.0495405,0.0494931,0.0494462,0.0493998,0.0493538,0.0493083,0.0492631,0.0492184
0.0796397,0.0789042,0.0781427,0.0773512,0.0765246,0.075656,0.0747367,0.0737544,0.0726917,0.0715229,0.0702071,0.0686774,0.066829,0.0646053,0.0624477,0.0608981,0.059829,0.0590362,0.05841,0.0578925,0.0574511,0.0570657,0.0567233,0.0564149,0.056134,0.0558759,0.0556369,0.0554142,0.0552056,0.0550094,0.0548239,0.0546481,0.0544808,0.0543213,0.0541687,0.0540225,0.0538821,0.0537469,0.0536167,0.0534909,0.0533694,0.0532517,0.0531376,0.053027,0.0529194,0.0528149,0.0527131,0.052614,0.0525173,0.052423,0.052331,0.052241,0.052153,0.052067,0.0519827,0.0519002,0.0518193,0.05174,0.0516623,0.051586,0.051511,0.0514374,0.0513651,0.051294,0.0512241,0.0511553,0.0510876,0.051021,0.0509554,0.0508908,0.0508272,0.0507644,0.0507026,0.0506416,0.0505815,0.0505222,0.0504636,0.0504059,0.0503488,0.0502925,0.0502369,0.0501819,0.0501277,0.050074,0.050021,0.0499686,0.0499168,0.0498656,0.0498149,0.0497648,0.0497152,0.0496661,0.0496175,0.0495695,0.0495219,0.0494748,0.0494282,0.049382,0.0493363,0.049291,0.0492461
0.0797914,0.0790629,0.0783095,0.0775274,0.0767118,0.0758565,0.0749534,0.0739915,0.0729555,0.0718225,0.0705579,0.0691058,0.067377,0.0652842,0.06307,0.0613496,0.0601633,0.0592999,0.0586282,0.0580795,0.0576154,0.0572128,0.0568568,0.0565375,0.0562476,0.0559819,0.0557364,0.0555082,0.0552948,0.0550942,0.054905,0.0547257,0.0545554,0.0543931,0.054238,0.0540895,0.0539469,0.0538098,0.0536778,0.0535504,0.0534272,0.0533081,0.0531927,0.0530807,0.052972,0.0528663,0.0527635,0.0526634,0.0525658,0.0524706,0.0523776,0.0522868,0.0521981,0.0521113,0.0520263,0.0519431,0.0518616,0.0517817,0.0517033,0.0516264,0.051551,0.0514768,0.051404,0.0513324,0.051262,0.0511928,0.0511247,0.0510576,0.0509916,0.0509266,0.0508626,0.0507995,0.0507373,0.050676,0.0506155,0.0505558,0.050497,0.0504389,0.0503816,0.0503249,0.050269,0.0502138,0.0501593,0.0501054,0.0500521,0.0499994,0.0499474,0.0498959,0.049845,0.0497947,0.0497449,0.0496956,0.0496468,0.0495985,0.0495508,0.0495035,0.0494566,0.0494103,0.0493644,0.0493189,0.0492738
0.0799413,0.0792196,0.078474,0.0777008,0.0768957,0.076053,0.0751651,0.0742223,0.0732107,0.0721103,0.0708912,0.0695063,0.0678804,0.0659209,0.0637218,0.0618449,0.0605265,0.0595818,0.0588588,0.0582754,0.0577864,0.057365,0.0569945,0.0566635,0.056364,0.0560903,0.0558381,0.055604,0.0553855,0.0551805,0.0549873,0.0548045,0.054631,0.0544658,0.0543081,0.0541572,0.0540125,0.0538734,0.0537395,0.0536104,0.0534857,0.053365,0.0532482,0.053135,0.053025,0.0529182,0.0528143,0.0527131,0.0526145,0.0525184,0.0524246,0.052333,0.0522434,0.0521559,0.0520702,0.0519863,0.0519041,0.0518236,0.0517446,0.0516671,0.0515911,0.0515164,0.0514431,0.051371,0.0513001,0.0512304,0.0511619,0.0510944,0.051028,0.0509626,0.0508982,0.0508347,0.0507721,0.0507104,0.0506496,0.0505896,0.0505305,0.0504721,0.0504144,0.0503575,0.0503013,0.0502458,0.050191,0.0501368,0.0500833,0.0500304,0.0499781,0.0499264,0.0498752,0.0498246,0.0497746,0.0497251,0.0496761,0.0496277,0.0495797,0.0495322,0.0494852,0.0494386,0.0493925,0.0493468,0.0493016
0.0800896,0.0793744,0.0786362,0.0778716,0.0770765,0.0762457,0.0753723,0.0744472,0.0734581,0.0723874,0.0712091,0.069883,0.0683458,0.0665107,0.0643806,0.0623841,0.060922,0.0598846,0.0591033,0.0584811,0.0579646,0.0575229,0.0571367,0.0567932,0.0564835,0.0562013,0.0559419,0.0557017,0.0554779,0.0552682,0.0550709,0.0548845,0.0547077,0.0545395,0.0543792,0.0542258,0.0540788,0.0539377,0.0538019,0.053671,0.0535446,0.0534225,0.0533042,0.0531896,0.0530784,0.0529704,0.0528654,0.0527632,0.0526636,0.0525665,0.0524718,0.0523794,0.052289,0.0522007,0.0521143,0.0520297,0.0519469,0.0518657,0.0517861,0.051708,0.0516314,0.0515562,0.0514823,0.0514098,0.0513384,0.0512683,0.0511992,0.0511313,0.0510645,0.0509987,0.0509339,0.05087,0.0508071,0.050745,0.0506839,0.0506235,0.050564,0.0505053,0.0504474,0.0503901,0.0503337,0.0502779,0.0502228,0.0501683,0.0501145,0.0500614,0.0500088,0.0499569,0.0499055,0.0498547,0.0498044,0.0497547,0.0497055,0.0496568,0.0496087,0.049561,0.0495137,0.049467,0.0494207,0.0493748,0.0493294
0.0802362,0.0795273,0.0787963,0.0780399,0.0772544,0.0764349,0.075575,0.0746666,0.0736984,0.0726549,0.0715133,0.0702391,0.0687788,0.0670551,0.0650245,0.0629621,0.0613531,0.0602106,0.0593633,0.0586976,0.0581508,0.0576869,0.0572836,0.0569267,0.0566061,0.056315,0.056048,0.0558014,0.055572,0.0553575,0.0551559,0.0549656,0.0547855,0.0546143,0.0544511,0.0542952,0.0541459,0.0540026,0.0538649,0.0537322,0.0536041,0.0534804,0.0533607,0.0532448,0.0531323,0.0530231,0.0529169,0.0528136,0.0527131,0.052615,0.0525194,0.0524261,0.0523349,0.0522458,0.0521587,0.0520734,0.0519899,0.051908,0.0518278,0.0517491,0.051672,0.0515962,0.0515218,0.0514487,0.0513769,0.0513062,0.0512368,0.0511684,0.0511011,0.0510349,0.0509697,0.0509055,0.0508421,0.0507797,0.0507182,0.0506576,0.0505977,0.0505387,0.0504804,0.0504229,0.0503661,0.0503101,0.0502547,0.0502,0.0501459,0.0500925,0.0500397,0.0499875,0.0499359,0.0498848,0.0498343,0.0497844,0.049735,0.0496861,0.0496377,0.0495898,0.0495424,0.0494954,0.049449,0.0494029,0.0493573
0.0803813,0.0796785,0.0789543,0.0782058,0.0774295,0.0766207,0.0757736,0.0748809,0.0739322,0.0729137,0.0718053,0.0705773,0.0691842,0.0675585,0.0656381,0.0635673,0.0618218,0.0605627,0.0596404,0.058926,0.0583456,0.0578573,0.0574357,0.0570643,0.0567322,0.0564315,0.0561566,0.0559032,0.055668,0.0554484,0.0552423,0.0550481,0.0548644,0.05469,0.054524,0.0543655,0.0542138,0.0540684,0.0539286,0.053794,0.0536643,0.0535389,0.0534177,0.0533004,0.0531866,0.0530762,0.0529688,0.0528645,0.0527629,0.0526639,0.0525673,0.0524731,0.0523811,0.0522912,0.0522033,0.0521173,0.0520331,0.0519506,0.0518697,0.0517905,0.0517127,0.0516364,0.0515614,0.0514878,0.0514155,0.0513444,0.0512744,0.0512056,0.0511379,0.0510713,0.0510057,0.050941,0.0508773,0.0508146,0.0507527,0.0506917,0.0506315,0.0505722,0.0505136,0.0504558,0.0503987,0.0503423,0.0502867,0.0502317,0.0501774,0.0501237,0.0500706,0.0500182,0.0499663,0.049915,0.0498643,0.0498141,0.0497645,0.0497154,0.0496668,0.0496187,0.0495711,0.049524,0.0494773,0.0494311,0.0493853
0.0805248,0.0798279,0.0791103,0.0783695,0.0776019,0.0768033,0.0759684,0.0750903,0.0741598,0.0731644,0.0720863,0.0708997,0.0695656,0.0680258,0.0662142,0.0641832,0.062328,0.0609437,0.0599369,0.0591675,0.0585499,0.0580349,0.0575932,0.0572064,0.0568618,0.0565511,0.0562677,0.0560072,0.0557658,0.0555409,0.0553302,0.0551319,0.0549445,0.0547668,0.0545978,0.0544366,0.0542825,0.0541348,0.053993,0.0538565,0.053725,0.053598,0.0534753,0.0533565,0.0532414,0.0531297,0.0530212,0.0529157,0.052813,0.052713,0.0526155,0.0525204,0.0524276,0.0523369,0.0522482,0.0521614,0.0520765,0.0519934,0.0519119,0.051832,0.0517536,0.0516767,0.0516012,0.0515271,0.0514543,0.0513827,0.0513123,0.051243,0.0511749,0.0511078,0.0510418,0.0509767,0.0509127,0.0508495,0.0507873,0.050726,0.0506654,0.0506057,0.0505468,0.0504887,0.0504313,0.0503747,0.0503187,0.0502635,0.0502089,0.0501549,0.0501016,0.0500489,0.0499968,0.0499453,0.0498944,0.049844,0.0497941,0.0497448,0.049696,0.0496477,0.0495999,0.0495525,0.0495057,0.0494593,0.0494133
0.0806668,0.0799756,0.0792645,0.0785309,0.0777717,0.0769829,0.0761595,0.0752953,0.0743818,0.0734078,0.0723574,0.0712081,0.0699263,0.0684618,0.0667514,0.0647923,0.0628676,0.0613559,0.0602547,0.0594237,0.0587645,0.0582201,0.0577567,0.0573531,0.0569953,0.0566738,0.0563815,0.0561134,0.0558657,0.0556352,0.0554196,0.055217,0.0550258,0.0548447,0.0546727,0.0545087,0.054352,0.054202,0.054058,0.0539196,0.0537863,0.0536576,0.0535333,0.0534131,0.0532966,0.0531836,0.0530739,0.0529673,0.0528635,0.0527625,0.0526641,0.0525681,0.0524744,0.0523828,0.0522934,0.0522059,0.0521202,0.0520364,0.0519542,0.0518737,0.0517948,0.0517173,0.0516413,0.0515666,0.0514932,0.0514211,0.0513503,0.0512805,0.051212,0.0511445,0.051078,0.0510126,0.0509481,0.0508846,0.050822,0.0507603,0.0506995,0.0506394,0.0505802,0.0505218,0.0504641,0.0504072,0.0503509,0.0502954,0.0502405,0.0501863,0.0501327,0.0500798,0.0500274,0.0499757,0.0499245,0.0498739,0.0498238,0.0497743,0.0497252,0.0496767,0.0496287,0.0495812,0.0495341,0.0494875,0.0494414
0.0808074,0.0801217,0.0794168,0.0786902,0.077939,0.0771596,0.0763472,0.0754961,0.0745986,0.0736444,0.0726196,0.0715041,0.0702688,0.0688706,0.0672518,0.0653805,0.0634322,0.0618008,0.0605961,0.0596959,0.0589905,0.0584137,0.0579266,0.0575049,0.0571329,0.0567998,0.0564981,0.0562221,0.0559676,0.0557313,0.0555106,0.0553036,0.0551084,0.0549238,0.0547486,0.0545817,0.0544224,0.05427,0.0541239,0.0539834,0.0538482,0.0537178,0.0535919,0.0534702,0.0533523,0.053238,0.053127,0.0530193,0.0529144,0.0528124,0.052713,0.052616,0.0525214,0.0524291,0.0523388,0.0522505,0.0521642,0.0520796,0.0519968,0.0519157,0.0518361,0.0517581,0.0516815,0.0516062,0.0515324,0.0514598,0.0513884,0.0513182,0.0512492,0.0511813,0.0511144,0.0510486,0.0509837,0.0509198,0.0508569,0.0507948,0.0507336,0.0506733,0.0506137,0.050555,0.050497,0.0504397,0.0503832,0.0503274,0.0502722,0.0502178,0.0501639,0.0501107,0.0500581,0.0500061,0.0499547,0.0499039,0.0498536,0.0498038,0.0497546,0.0497058,0.0496576,0.0496099,0.0495626,0.0495158,0.0494695
0.0809467,0.0802662,0.0795673,0.0788475,0.078104,0.0773335,0.0765316,0.0756929,0.0748104,0.0738747,0.0728734,0.0717888,0.0705953,0.0692557,0.0677186,0.0659397,0.0640091,0.062278,0.0609634,0.059986,0.059229,0.0586164,0.0581033,0.057662,0.0572747,0.0569294,0.0566177,0.0563333,0.0560716,0.0558293,0.0556033,0.0553916,0.0551923,0.055004,0.0548255,0.0546557,0.0544937,0.0543388,0.0541904,0.0540479,0.0539108,0.0537786,0.0536511,0.0535278,0.0534085,0.0532928,0.0531806,0.0530717,0.0529657,0.0528626,0.0527622,0.0526643,0.0525688,0.0524756,0.0523845,0.0522955,0.0522084,0.0521231,0.0520397,0.0519579,0.0518777,0.051799,0.0517218,0.0516461,0.0515717,0.0514986,0.0514267,0.0513561,0.0512866,0.0512182,0.051151,0.0510847,0.0510195,0.0509552,0.0508919,0.0508294,0.0507679,0.0507072,0.0506473,0.0505882,0.0505299,0.0504724,0.0504156,0.0503595,0.050304,0.0502493,0.0501952,0.0501417,0.0500889,0.0500366,0.049985,0.0499339,0.0498834,0.0498334,0.0497839,0.049735,0.0496866,0.0496386,0.0495912,0.0495442,0.0494977
0.0810846,0.0804093,0.0797161,0.0790028,0.0782668,0.0775048,0.0767128,0.0758859,0.0750175,0.0740993,0.0731198,0.0720633,0.0709075,0.0696201,0.0681557,0.0664665,0.0645846,0.0627843,0.0613583,0.0602958,0.0594812,0.058829,0.0582875,0.0578249,0.0574212,0.0570628,0.0567404,0.0564471,0.056178,0.0559292,0.0556977,0.0554811,0.0552776,0.0550855,0.0549036,0.0547307,0.0545659,0.0544085,0.0542577,0.0541131,0.053974,0.05384,0.0537108,0.0535859,0.0534651,0.0533481,0.0532346,0.0531245,0.0530174,0.0529132,0.0528118,0.0527129,0.0526165,0.0525224,0.0524305,0.0523407,0.0522528,0.0521669,0.0520827,0.0520003,0.0519194,0.0518402,0.0517624,0.0516861,0.0516112,0.0515376,0.0514652,0.0513941,0.0513242,0.0512554,0.0511876,0.051121,0.0510553,0.0509907,0.050927,0.0508642,0.0508023,0.0507412,0.050681,0.0506216,0.050563,0.0505052,0.050448,0.0503916,0.0503359,0.0502809,0.0502266,0.0501728,0.0501197,0.0500673,0.0500154,0.049964,0.0499133,0.0498631,0.0498134,0.0497643,0.0497156,0.0496675,0.0496198,0.0495727,0.0495259
0.0812211,0.0805508,0.0798633,0.0791563,0.0784274,0.0776736,0.0768911,0.0760754,0.0752204,0.0743184,0.0733592,0.0723286,0.0712071,0.0699663,0.0685665,0.066961,0.0651466,0.0633131,0.0617818,0.060627,0.0597485,0.0590525,0.0584797,0.057994,0.0575726,0.0572001,0.0568664,0.0565637,0.0562867,0.0560312,0.0557939,0.0555723,0.0553643,0.0551682,0.0549827,0.0548067,0.054639,0.054479,0.0543259,0.054179,0.0540379,0.0539021,0.0537711,0.0536446,0.0535223,0.0534039,0.0532891,0.0531777,0.0530694,0.0529642,0.0528617,0.0527618,0.0526645,0.0525695,0.0524768,0.0523862,0.0522976,0.0522109,0.052126,0.0520429,0.0519614,0.0518816,0.0518032,0.0517264,0.0516509,0.0515767,0.0515039,0.0514323,0.0513619,0.0512926,0.0512245,0.0511574,0.0510913,0.0510263,0.0509622,0.050899,0.0508368,0.0507754,0.0507148,0.0506551,0.0505962,0.050538,0.0504806,0.0504239,0.0503679,0.0503126,0.050258,0.050204,0.0501507,0.0500979,0.0500458,0.0499943,0.0499433,0.0498928,0.0498429,0.0497936,0.0497447,0.0496964,0.0496485,0.0496012,0.0495543
0.0813564,0.080691,0.0800088,0.0793079,0.0785859,0.07784,0.0770666,0.0762615,0.0754192,0.0745325,0.0735921,0.0725855,0.0714952,0.0702963,0.0689541,0.0674251,0.0656868,0.0638548,0.0622332,0.0609814,0.0600323,0.0592877,0.0586807,0.0581698,0.0577292,0.0573417,0.0569959,0.0566833,0.056398,0.0561354,0.055892,0.0556651,0.0554524,0.0552523,0.0550631,0.0548837,0.0547131,0.0545504,0.0543948,0.0542457,0.0541025,0.0539647,0.053832,0.0537039,0.05358,0.0534602,0.053344,0.0532313,0.0531219,0.0530155,0.052912,0.0528111,0.0527128,0.052617,0.0525234,0.0524319,0.0523425,0.0522551,0.0521695,0.0520857,0.0520036,0.0519232,0.0518442,0.0517668,0.0516908,0.0516161,0.0515427,0.0514706,0.0513998,0.05133,0.0512615,0.0511939,0.0511275,0.051062,0.0509976,0.050934,0.0508714,0.0508097,0.0507488,0.0506887,0.0506295,0.050571,0.0505133,0.0504563,0.0504,0.0503445,0.0502896,0.0502353,0.0501817,0.0501287,0.0500763,0.0500245,0.0499733,0.0499227,0.0498725,0.049823,0.0497739,0.0497254,0.0496773,0.0496297,0.0495826
0.0814905,0.0808298,0.0801529,0.0794578,0.0787425,0.0780041,0.0772394,0.0764444,0.0756141,0.0747418,0.0738191,0.0728347,0.0717729,0.0706119,0.0693213,0.0678614,0.0662007,0.0643987,0.0627101,0.0613603,0.0603342,0.059536,0.0588912,0.0583528,0.0578915,0.0574879,0.0571291,0.0568059,0.0565118,0.0562418,0.055992,0.0557596,0.0555421,0.0553376,0.0551447,0.0549619,0.0547882,0.0546227,0.0544645,0.0543131,0.0541678,0.054028,0.0538935,0.0537637,0.0536382,0.0535169,0.0533994,0.0532854,0.0531748,0.0530672,0.0529626,0.0528607,0.0527615,0.0526647,0.0525702,0.052478,0.0523878,0.0522996,0.0522133,0.0521288,0.0520461,0.051965,0.0518854,0.0518074,0.0517308,0.0516556,0.0515818,0.0515092,0.0514378,0.0513676,0.0512986,0.0512306,0.0511638,0.0510979,0.051033,0.0509691,0.0509062,0.0508441,0.0507828,0.0507224,0.0506629,0.0506041,0.0505461,0.0504888,0.0504322,0.0503764,0.0503212,0.0502667,0.0502128,0.0501596,0.0501069,0.0500549,0.0500035,0.0499526,0.0499022,0.0498524,0.0498032,0.0497544,0.0497061,0.0496584,0.0496111
0.0816234,0.0809673,0.0802954,0.079606,0.0788971,0.078166,0.0774096,0.0766243,0.0758054,0.0749467,0.0740406,0.0730767,0.0720412,0.0709147,0.0696704,0.0682727,0.0666869,0.0649346,0.0632073,0.0617643,0.0606557,0.0597983,0.059112,0.0585436,0.0580598,0.0576388,0.0572662,0.0569318,0.0566284,0.0563505,0.0560941,0.0558559,0.0556333,0.0554244,0.0552275,0.0550412,0.0548643,0.0546959,0.0545351,0.0543813,0.0542338,0.054092,0.0539556,0.053824,0.053697,0.0535742,0.0534552,0.0533399,0.053228,0.0531193,0.0530136,0.0529107,0.0528105,0.0527128,0.0526174,0.0525243,0.0524333,0.0523444,0.0522574,0.0521722,0.0520888,0.052007,0.0519268,0.0518482,0.0517711,0.0516953,0.0516209,0.0515479,0.051476,0.0514054,0.0513359,0.0512675,0.0512002,0.0511339,0.0510687,0.0510044,0.050941,0.0508786,0.050817,0.0507563,0.0506964,0.0506373,0.0505789,0.0505214,0.0504645,0.0504084,0.0503529,0.0502981,0.050244,0.0501905,0.0501376,0.0500854,0.0500337,0.0499825,0.049932,0.049882,0.0498325,0.0497835,0.049735,0.0496871,0.0496396
0.0817551,0.0811034,0.0804365,0.0797526,0.0790498,0.0783257,0.0775774,0.0768014,0.0759932,0.0751474,0.0742569,0.0733122,0.0723009,0.0712059,0.0700033,0.0686616,0.067146,0.0654545,0.0637174,0.0621928,0.0609979,0.0600759,0.059344,0.0587428,0.0582345,0.0577948,0.0574075,0.0570611,0.0567479,0.0564618,0.0561983,0.055954,0.0557262,0.0555127,0.0553116,0.0551216,0.0549415,0.0547701,0.0546066,0.0544503,0.0543005,0.0541567,0.0540183,0.053885,0.0537563,0.0536319,0.0535116,0.0533949,0.0532818,0.0531719,0.053065,0.0529611,0.0528598,0.0527611,0.0526649,0.0525709,0.0524791,0.0523894,0.0523016,0.0522157,0.0521316,0.0520492,0.0519685,0.0518893,0.0518115,0.0517352,0.0516603,0.0515867,0.0515144,0.0514433,0.0513733,0.0513045,0.0512368,0.0511701,0.0511044,0.0510398,0.050976,0.0509132,0.0508513,0.0507902,0.05073,0.0506706,0.0506119,0.050554,0.0504969,0.0504405,0.0503847,0.0503297,0.0502753,0.0502215,0.0501684,0.0501159,0.0500639,0.0500126,0.0499618,0.0499116,0.0498619,0.0498127,0.049764,0.0497158,0.0496681
0.0818857,0.0812383,0.0805762,0.0798976,0.0792008,0.0784834,0.0777428,0.0769756,0.0761778,0.0753442,0.0744683,0.0735416,0.0725528,0.0714865,0.0703219,0.0690306,0.0675797,0.0659536,0.0642319,0.0626436,0.061362,0.0603702,0.0595881,0.058951,0.0584163,0.0579564,0.0575531,0.0571941,0.0568704,0.0565756,0.0563047,0.0560541,0.0558208,0.0556024,0.0553971,0.0552033,0.0550197,0.0548453,0.054679,0.0545202,0.0543681,0.0542221,0.0540817,0.0539466,0.0538162,0.0536902,0.0535684,0.0534504,0.0533359,0.0532248,0.0531168,0.0530118,0.0529095,0.0528098,0.0527127,0.0526178,0.0525252,0.0524347,0.0523462,0.0522596,0.0521748,0.0520917,0.0520103,0.0519305,0.0518522,0.0517753,0.0516999,0.0516258,0.0515529,0.0514813,0.0514109,0.0513416,0.0512735,0.0512064,0.0511403,0.0510753,0.0510112,0.050948,0.0508857,0.0508243,0.0507637,0.050704,0.050645,0.0505868,0.0505294,0.0504727,0.0504166,0.0503613,0.0503067,0.0502526,0.0501993,0.0501465,0.0500943,0.0500427,0.0499917,0.0499412,0.0498913,0.0498419,0.049793,0.0497447,0.0496968
0.0820152,0.081372,0.0807145,0.0800411,0.0793501,0.0786392,0.0779059,0.0771472,0.0763592,0.0755372,0.0746752,0.0737653,0.0727973,0.0717576,0.0706274,0.0693818,0.0679899,0.0664295,0.0647423,0.0631127,0.0617482,0.0606822,0.0598455,0.0591691,0.0586055,0.0581238,0.0577035,0.0573309,0.0569962,0.0566921,0.0564135,0.0561562,0.0559171,0.0556937,0.055484,0.0552862,0.0550991,0.0549215,0.0547523,0.0545909,0.0544364,0.0542882,0.0541458,0.0540088,0.0538767,0.0537491,0.0536257,0.0535063,0.0533905,0.0532781,0.053169,0.0530628,0.0529595,0.0528589,0.0527608,0.052665,0.0525716,0.0524803,0.052391,0.0523036,0.0522181,0.0521344,0.0520524,0.0519719,0.051893,0.0518156,0.0517396,0.051665,0.0515916,0.0515195,0.0514487,0.0513789,0.0513104,0.0512428,0.0511764,0.0511109,0.0510464,0.0509829,0.0509202,0.0508585,0.0507976,0.0507375,0.0506782,0.0506197,0.050562,0.0505049,0.0504486,0.050393,0.0503381,0.0502838,0.0502302,0.0501772,0.0501248,0.0500729,0.0500217,0.049971,0.0499208,0.0498712,0.0498221,0.0497735,0.0497255
0.0821436,0.0815045,0.0808515,0.0801832,0.0794977,0.0787931,0.0780669,0.0773163,0.0765378,0.0757268,0.0748778,0.0739837,0.0730352,0.07202,0.0709213,0.069717,0.0683789,0.0668817,0.0652415,0.0635943,0.062156,0.061013,0.060117,0.0593977,0.0588027,0.0582974,0.0578589,0.0574718,0.0571253,0.0568115,0.0565247,0.0562604,0.0560153,0.0557866,0.0555723,0.0553704,0.0551797,0.0549987,0.0548266,0.0546624,0.0545055,0.054355,0.0542106,0.0540716,0.0539377,0.0538085,0.0536836,0.0535627,0.0534455,0.0533319,0.0532216,0.0531143,0.0530099,0.0529083,0.0528092,0.0527126,0.0526182,0.0525261,0.052436,0.052348,0.0522618,0.0521773,0.0520946,0.0520136,0.0519341,0.0518561,0.0517795,0.0517044,0.0516305,0.0515579,0.0514866,0.0514164,0.0513474,0.0512794,0.0512125,0.0511467,0.0510818,0.0510179,0.0509549,0.0508928,0.0508315,0.0507711,0.0507115,0.0506527,0.0505946,0.0505373,0.0504807,0.0504249,0.0503697,0.0503151,0.0502612,0.0502079,0.0501553,0.0501032,0.0500517,0.0500008,0.0499504,0.0499006,0.0498513,0.0498025,0.0497542
0.082271,0.0816359,0.0809873,0.0803238,0.0796437,0.0789451,0.0782258,0.077483,0.0767135,0.0759129,0.0750763,0.0741971,0.0732668,0.0722743,0.0712046,0.0700378,0.0687486,0.067311,0.0657246,0.0640817,0.0625835,0.0613633,0.0604038,0.0596378,0.0590086,0.0584778,0.0580196,0.057617,0.057258,0.0569339,0.0566384,0.0563668,0.0561154,0.0558813,0.0556621,0.055456,0.0552614,0.0550771,0.0549019,0.0547349,0.0545754,0.0544226,0.054276,0.0541351,0.0539994,0.0538684,0.0537419,0.0536196,0.0535011,0.0533861,0.0532746,0.0531661,0.0530607,0.052958,0.052858,0.0527604,0.0526652,0.0525722,0.0524814,0.0523925,0.0523056,0.0522205,0.0521371,0.0520555,0.0519754,0.0518968,0.0518197,0.0517439,0.0516696,0.0515965,0.0515247,0.051454,0.0513845,0.0513162,0.0512489,0.0511826,0.0511173,0.051053,0.0509896,0.0509272,0.0508656,0.0508048,0.0507449,0.0506858,0.0506274,0.0505698,0.0505129,0.0504568,0.0504013,0.0503465,0.0502923,0.0502388,0.0501859,0.0501336,0.0500819,0.0500307,0.0499801,0.0499301,0.0498805,0.0498315,0.049783
0.0823973,0.0817661,0.0811218,0.080463,0.0797881,0.0790954,0.0783827,0.0776474,0.0768865,0.0760959,0.0752711,0.0744059,0.0734927,0.0725212,0.0714782,0.0703457,0.069101,0.0677187,0.0661886,0.0645678,0.0630276,0.0617333,0.0607068,0.0598902,0.0592239,0.0586653,0.058186,0.0577668,0.0573944,0.0570594,0.0567548,0.0564755,0.0562175,0.0559776,0.0557535,0.0555429,0.0553444,0.0551565,0.0549782,0.0548083,0.0546462,0.054491,0.0543422,0.0541993,0.0540616,0.053929,0.0538008,0.053677,0.053557,0.0534408,0.053328,0.0532184,0.0531118,0.0530081,0.0529071,0.0528086,0.0527125,0.0526186,0.052527,0.0524374,0.0523497,0.0522639,0.0521799,0.0520975,0.0520168,0.0519377,0.05186,0.0517837,0.0517088,0.0516352,0.0515629,0.0514918,0.0514219,0.051353,0.0512853,0.0512186,0.051153,0.0510883,0.0510245,0.0509617,0.0508998,0.0508387,0.0507784,0.050719,0.0506603,0.0506024,0.0505452,0.0504888,0.050433,0.0503779,0.0503235,0.0502697,0.0502166,0.050164,0.0501121,0.0500607,0.0500099,0.0499596,0.0499099,0.0498606,0.0498119
0.0825227,0.0818953,0.0812551,0.0806008,0.0799311,0.079244,0.0785377,0.0778096,0.0770569,0.0762759,0.0754623,0.0746104,0.0737131,0.0727613,0.0717429,0.0706419,0.0694377,0.0681064,0.0666323,0.0650465,0.0634836,0.0621223,0.0610268,0.0601558,0.0594491,0.0588606,0.0583585,0.0579215,0.0575349,0.0571883,0.0568741,0.0565867,0.0563217,0.0560758,0.0558464,0.0556313,0.0554287,0.0552372,0.0550555,0.0548827,0.0547178,0.0545602,0.0544091,0.0542641,0.0541245,0.0539901,0.0538603,0.0537349,0.0536135,0.0534959,0.0533818,0.053271,0.0531633,0.0530585,0.0529565,0.052857,0.05276,0.0526654,0.0525729,0.0524825,0.0523941,0.0523076,0.0522228,0.0521398,0.0520585,0.0519787,0.0519005,0.0518237,0.0517482,0.0516741,0.0516013,0.0515297,0.0514593,0.0513901,0.0513219,0.0512548,0.0511888,0.0511237,0.0510596,0.0509964,0.0509341,0.0508726,0.0508121,0.0507523,0.0506933,0.0506351,0.0505776,0.0505209,0.0504649,0.0504095,0.0503548,0.0503008,0.0502474,0.0501946,0.0501424,0.0500907,0.0500397,0.0499892,0.0499392,0.0498898,0.0498409
0.0826471,0.0820234,0.0813872,0.0807374,0.0800725,0.079391,0.0786908,0.0779697,0.0772249,0.076453,0.07565,0.0748107,0.0739285,0.0729951,0.0719995,0.0709274,0.0697602,0.0684758,0.0670557,0.0655129,0.063946,0.062529,0.0613643,0.0604354,0.0596851,0.0590641,0.0585374,0.0580813,0.0576795,0.0573206,0.0569962,0.0567003,0.0564281,0.056176,0.0559411,0.0557212,0.0555143,0.055319,0.0551339,0.054958,0.0547904,0.0546302,0.0544768,0.0543296,0.0541881,0.0540518,0.0539203,0.0537933,0.0536705,0.0535515,0.0534361,0.0533241,0.0532152,0.0531093,0.0530063,0.0529058,0.0528079,0.0527124,0.052619,0.0525278,0.0524387,0.0523514,0.052266,0.0521824,0.0521004,0.05202,0.0519412,0.0518638,0.0517878,0.0517132,0.0516399,0.0515678,0.051497,0.0514273,0.0513587,0.0512912,0.0512247,0.0511592,0.0510947,0.0510311,0.0509685,0.0509067,0.0508458,0.0507857,0.0507264,0.0506679,0.0506101,0.0505531,0.0504968,0.0504411,0.0503862,0.0503319,0.0502782,0.0502252,0.0501727,0.0501209,0.0500696,0.0500189,0.0499687,0.049919,0.0498699
0.0827706,0.0821504,0.0815182,0.0808727,0.0802126,0.0795364,0.0788421,0.0781277,0.0773905,0.0766274,0.0758345,0.0750071,0.0741392,0.073223,0.0722486,0.0712032,0.0700699,0.0688285,0.0674595,0.0659639,0.0644092,0.0629505,0.0617194,0.0607297,0.0599326,0.0592765,0.0587232,0.0582466,0.0578287,0.0574567,0.0571215,0.0568166,0.0565367,0.056278,0.0560375,0.0558125,0.0556013,0.055402,0.0552135,0.0550344,0.0548639,0.0547011,0.0545453,0.0543959,0.0542523,0.0541141,0.0539809,0.0538523,0.0537279,0.0536075,0.0534908,0.0533775,0.0532675,0.0531605,0.0530564,0.052955,0.0528561,0.0527597,0.0526655,0.0525735,0.0524836,0.0523956,0.0523095,0.0522251,0.0521425,0.0520615,0.0519821,0.0519041,0.0518276,0.0517525,0.0516786,0.0516061,0.0515348,0.0514646,0.0513956,0.0513276,0.0512607,0.0511949,0.05113,0.0510661,0.051003,0.0509409,0.0508797,0.0508192,0.0507596,0.0507008,0.0506427,0.0505854,0.0505288,0.0504729,0.0504176,0.0503631,0.0503091,0.0502559,0.0502032,0.0501511,0.0500996,0.0500486,0.0499982,0.0499483,0.049899
0.0828931,0.0822765,0.0816481,0.0810068,0.0803513,0.0796802,0.0789917,0.0782838,0.0775539,0.0767991,0.076016,0.0751999,0.0743454,0.0734453,0.0724908,0.07147,0.070368,0.0691659,0.0678447,0.0663978,0.0648678,0.0633833,0.0620914,0.0610396,0.0601923,0.0594983,0.0589164,0.0584178,0.0579825,0.0575966,0.0572501,0.0569356,0.0566477,0.0563822,0.0561357,0.0559055,0.0556897,0.0554864,0.0552941,0.0551118,0.0549383,0.0547728,0.0546145,0.0544629,0.0543172,0.0541771,0.0540421,0.0539118,0.0537859,0.053664,0.0535459,0.0534314,0.0533202,0.0532121,0.0531069,0.0530045,0.0529046,0.0528073,0.0527122,0.0526194,0.0525287,0.05244,0.0523531,0.0522681,0.0521849,0.0521032,0.0520232,0.0519447,0.0518676,0.0517919,0.0517176,0.0516445,0.0515727,0.0515021,0.0514326,0.0513642,0.0512969,0.0512307,0.0511654,0.0511011,0.0510377,0.0509752,0.0509136,0.0508529,0.0507929,0.0507338,0.0506754,0.0506178,0.0505609,0.0505047,0.0504492,0.0503944,0.0503402,0.0502866,0.0502337,0.0501814,0.0501296,0.0500784,0.0500278,0.0499777,0.0499282
0.0830147,0.0824015,0.0817769,0.0811397,0.0804887,0.0798226,0.0791396,0.0784379,0.0777151,0.0769684,0.0761945,0.0753892,0.0745474,0.0736626,0.0727266,0.0717287,0.0706553,0.0694895,0.0682127,0.0668139,0.0653173,0.063823,0.0624792,0.0613651,0.0604649,0.0597302,0.0591175,0.0585952,0.0581414,0.0577406,0.057382,0.0570576,0.0567612,0.0564885,0.0562357,0.0560002,0.0557796,0.055572,0.055376,0.0551903,0.0550137,0.0548454,0.0546846,0.0545306,0.0543828,0.0542407,0.0541039,0.0539719,0.0538444,0.053721,0.0536016,0.0534857,0.0533733,0.053264,0.0531577,0.0530543,0.0529535,0.0528552,0.0527593,0.0526656,0.0525741,0.0524846,0.0523971,0.0523114,0.0522274,0.0521452,0.0520645,0.0519854,0.0519078,0.0518315,0.0517567,0.0516831,0.0516108,0.0515397,0.0514698,0.051401,0.0513333,0.0512666,0.0512009,0.0511362,0.0510725,0.0510097,0.0509477,0.0508866,0.0508263,0.0507669,0.0507082,0.0506503,0.0505931,0.0505366,0.0504808,0.0504257,0.0503713,0.0503175,0.0502643,0.0502117,0.0501597,0.0501083,0.0500575,0.0500072,0.0499574
0.0831355,0.0825256,0.0819046,0.0812714,0.0806248,0.0799635,0.079286,0.0785902,0.0778742,0.0771352,0.0763701,0.0755751,0.0747454,0.073875,0.0729564,0.0719798,0.070933,0.0698005,0.0685648,0.0672125,0.0657546,0.0642647,0.0628804,0.0617064,0.0607511,0.0599728,0.0593269,0.0587792,0.0583056,0.057889,0.0575176,0.0571825,0.0568773,0.056597,0.0563378,0.0560966,0.055871,0.055659,0.0554591,0.0552698,0.0550901,0.054919,0.0547555,0.0545991,0.0544491,0.054305,0.0541663,0.0540325,0.0539034,0.0537785,0.0536577,0.0535405,0.0534268,0.0533164,0.053209,0.0531045,0.0530027,0.0529034,0.0528066,0.0527121,0.0526198,0.0525295,0.0524412,0.0523548,0.0522702,0.0521873,0.052106,0.0520263,0.0519481,0.0518713,0.051796,0.0517219,0.0516491,0.0515775,0.0515072,0.0514379,0.0513698,0.0513027,0.0512366,0.0511715,0.0511074,0.0510442,0.0509819,0.0509205,0.0508599,0.0508001,0.0507411,0.0506829,0.0506254,0.0505686,0.0505126,0.0504572,0.0504025,0.0503484,0.050295,0.0502422,0.0501899,0.0501383,0.0500872,0.0500367,0.0499867
0.0832554,0.0826488,0.0820313,0.081402,0.0807597,0.0801031,0.0794307,0.0787408,0.0780313,0.0772998,0.0765432,0.075758,0.0749397,0.0740829,0.0731805,0.0722239,0.0712017,0.0700999,0.0689022,0.0675941,0.0661777,0.0647039,0.0632922,0.0620629,0.0610513,0.0602268,0.0595453,0.0589703,0.0584754,0.058042,0.057657,0.0573107,0.0569961,0.0567079,0.0564418,0.0561947,0.055964,0.0557475,0.0555435,0.0553506,0.0551676,0.0549934,0.0548273,0.0546684,0.0545162,0.05437,0.0542293,0.0540938,0.053963,0.0538366,0.0537142,0.0535957,0.0534807,0.0533691,0.0532606,0.053155,0.0530522,0.052952,0.0528543,0.0527589,0.0526657,0.0525747,0.0524856,0.0523985,0.0523132,0.0522297,0.0521478,0.0520674,0.0519887,0.0519113,0.0518354,0.0517608,0.0516875,0.0516155,0.0515447,0.051475,0.0514064,0.0513389,0.0512724,0.051207,0.0511425,0.0510789,0.0510162,0.0509545,0.0508935,0.0508334,0.0507741,0.0507156,0.0506578,0.0506007,0.0505444,0.0504887,0.0504338,0.0503794,0.0503258,0.0502727,0.0502202,0.0501683,0.050117,0.0500663,0.0500161
0.0833744,0.082771,0.082157,0.0815315,0.0808933,0.0802413,0.079574,0.0788897,0.0781865,0.0774621,0.0767136,0.0759378,0.0751304,0.0742865,0.0733995,0.0724615,0.0714622,0.0703888,0.0692262,0.0679597,0.0665855,0.0651366,0.0637109,0.0624335,0.0613657,0.0604927,0.0597731,0.0591688,0.0586512,0.0581999,0.0578004,0.0574423,0.0571178,0.0568212,0.056548,0.0562948,0.0560586,0.0558373,0.0556291,0.0554325,0.0552461,0.0550689,0.0549,0.0547386,0.054584,0.0544356,0.054293,0.0541556,0.0540231,0.0538951,0.0537713,0.0536514,0.0535351,0.0534222,0.0533126,0.0532059,0.053102,0.0530009,0.0529022,0.052806,0.052712,0.0526201,0.0525303,0.0524425,0.0523565,0.0522722,0.0521897,0.0521088,0.0520294,0.0519515,0.0518751,0.0518,0.0517262,0.0516536,0.0515823,0.0515122,0.0514432,0.0513752,0.0513084,0.0512425,0.0511776,0.0511137,0.0510507,0.0509885,0.0509273,0.0508668,0.0508072,0.0507484,0.0506903,0.0506329,0.0505763,0.0505204,0.0504651,0.0504105,0.0503566,0.0503033,0.0502506,0.0501985,0.0501469,0.0500959,0.0500455
0.0834926,0.0828924,0.0822817,0.0816599,0.0810258,0.0803782,0.0797158,0.0790369,0.0783398,0.0776223,0.0768817,0.0761148,0.0753178,0.0744861,0.0736136,0.072693,0.071715,0.0706679,0.0695378,0.0683103,0.0669778,0.0655599,0.0641326,0.0628163,0.0616943,0.060771,0.060011,0.0593753,0.0588334,0.0583629,0.057948,0.0575773,0.0572425,0.0569371,0.0566564,0.0563967,0.0561549,0.0559287,0.0557162,0.0555156,0.0553257,0.0551453,0.0549736,0.0548095,0.0546526,0.054502,0.0543573,0.0542181,0.0540838,0.0539542,0.0538289,0.0537075,0.0535899,0.0534758,0.0533649,0.0532571,0.0531523,0.0530501,0.0529505,0.0528533,0.0527585,0.0526658,0.0525753,0.0524867,0.0524,0.0523151,0.0522319,0.0521503,0.0520704,0.0519919,0.0519149,0.0518392,0.0517649,0.0516919,0.0516201,0.0515495,0.0514801,0.0514117,0.0513445,0.0512782,0.0512129,0.0511486,0.0510852,0.0510228,0.0509611,0.0509004,0.0508404,0.0507813,0.0507229,0.0506652,0.0506083,0.0505521,0.0504966,0.0504417,0.0503875,0.050334,0.050281,0.0502287,0.0501769,0.0501257,0.050075
0.0836101,0.0830128,0.0824055,0.0817873,0.0811571,0.0805138,0.0798561,0.0791826,0.0784914,0.0777805,0.0770473,0.076289,0.075502,0.0746818,0.0738231,0.0729189,0.0719608,0.0709382,0.0698381,0.0686468,0.0673547,0.0659715,0.0645534,0.063209,0.0620365,0.0610621,0.0602594,0.0595903,0.0590222,0.0585313,0.0581,0.0577161,0.0573702,0.0570556,0.0567671,0.0565007,0.056253,0.0560217,0.0558046,0.0556,0.0554065,0.0552228,0.0550481,0.0548814,0.0547219,0.0545691,0.0544224,0.0542812,0.0541451,0.0540138,0.0538869,0.0537642,0.0536452,0.0535298,0.0534177,0.0533088,0.0532028,0.0530996,0.0529991,0.052901,0.0528053,0.0527118,0.0526205,0.0525311,0.0524437,0.0523581,0.0522743,0.0521921,0.0521115,0.0520325,0.0519549,0.0518787,0.0518039,0.0517304,0.0516581,0.0515871,0.0515172,0.0514484,0.0513807,0.051314,0.0512484,0.0511837,0.0511199,0.0510571,0.0509951,0.050934,0.0508737,0.0508143,0.0507556,0.0506976,0.0506404,0.0505839,0.0505282,0.050473,0.0504186,0.0503647,0.0503115,0.0502589,0.0502069,0.0501555,0.0501046
0.0837267,0.0831325,0.0825284,0.0819136,0.0812872,0.0806482,0.0799951,0.0793267,0.0786412,0.0779367,0.0772108,0.0764607,0.0756832,0.074874,0.0740282,0.0731395,0.0722,0.0712001,0.070128,0.0689705,0.0677169,0.0663702,0.0649698,0.0636085,0.0623914,0.0613661,0.0605188,0.0598141,0.0592182,0.0587054,0.0582568,0.0578587,0.0575013,0.057177,0.0568803,0.0566067,0.056353,0.0561163,0.0558945,0.0556857,0.0554884,0.0553014,0.0551236,0.0549541,0.0547921,0.054637,0.0544881,0.0543449,0.054207,0.054074,0.0539455,0.0538213,0.0537009,0.0535842,0.0534709,0.0533608,0.0532538,0.0531495,0.053048,0.052949,0.0528524,0.0527581,0.0526659,0.0525758,0.0524877,0.0524014,0.0523169,0.0522341,0.0521529,0.0520732,0.0519951,0.0519184,0.051843,0.051769,0.0516963,0.0516247,0.0515544,0.0514852,0.051417,0.05135,0.0512839,0.0512188,0.0511547,0.0510915,0.0510292,0.0509678,0.0509072,0.0508474,0.0507884,0.0507301,0.0506726,0.0506159,0.0505598,0.0505044,0.0504497,0.0503956,0.0503421,0.0502893,0.050237,0.0501854,0.0501343
0.0838426,0.0832513,0.0826503,0.082039,0.0814163,0.0807813,0.0801328,0.0794693,0.0787893,0.078091,0.077372,0.0766299,0.0758614,0.0750628,0.0742293,0.0733551,0.0724332,0.0714545,0.0704083,0.0692822,0.0680651,0.0667552,0.0653789,0.0640116,0.0627575,0.0616828,0.0607896,0.0600472,0.0594218,0.0588857,0.0584185,0.0580055,0.0576358,0.0573012,0.0569959,0.056715,0.0564548,0.0562126,0.0559858,0.0557727,0.0555715,0.055381,0.0552001,0.0550277,0.0548631,0.0547056,0.0545545,0.0544093,0.0542695,0.0541348,0.0540047,0.0538789,0.0537571,0.053639,0.0535245,0.0534132,0.0533051,0.0531998,0.0530973,0.0529973,0.0528998,0.0528046,0.0527117,0.0526208,0.0525319,0.0524449,0.0523597,0.0522762,0.0521944,0.0521142,0.0520355,0.0519582,0.0518824,0.0518078,0.0517346,0.0516626,0.0515918,0.0515221,0.0514535,0.0513861,0.0513196,0.0512541,0.0511897,0.0511261,0.0510634,0.0510017,0.0509407,0.0508806,0.0508213,0.0507627,0.0507049,0.0506479,0.0505915,0.0505359,0.0504809,0.0504265,0.0503728,0.0503197,0.0502672,0.0502153,0.050164
0.0839577,0.0833692,0.0827714,0.0821634,0.0815444,0.0809134,0.0802692,0.0796105,0.0789359,0.0782435,0.0775312,0.0767967,0.0760369,0.0752482,0.0744264,0.0735661,0.0726606,0.0717018,0.0706797,0.0695829,0.0684001,0.0671266,0.0657787,0.064415,0.0631327,0.0620119,0.0610721,0.0602902,0.0596333,0.0590724,0.0585855,0.0581566,0.0577739,0.0574286,0.0571141,0.0568255,0.0565587,0.0563106,0.0560788,0.0558611,0.0556559,0.0554618,0.0552776,0.0551023,0.054935,0.054775,0.0546216,0.0544744,0.0543327,0.0541961,0.0540644,0.053937,0.0538138,0.0536943,0.0535785,0.0534661,0.0533568,0.0532504,0.0531469,0.053046,0.0529475,0.0528515,0.0527577,0.052666,0.0525764,0.0524886,0.0524028,0.0523187,0.0522362,0.0521554,0.0520761,0.0519983,0.0519218,0.0518468,0.0517731,0.0517006,0.0516293,0.0515592,0.0514902,0.0514223,0.0513554,0.0512896,0.0512247,0.0511608,0.0510978,0.0510356,0.0509744,0.0509139,0.0508543,0.0507954,0.0507373,0.05068,0.0506234,0.0505674,0.0505122,0.0504575,0.0504036,0.0503502,0.0502975,0.0502454,0.0501938
0.0840721,0.0834864,0.0828916,0.0822869,0.0816714,0.0810442,0.0804043,0.0797503,0.0790808,0.0783942,0.0776884,0.0769612,0.0762097,0.0754306,0.07462,0.0737727,0.0728827,0.0719425,0.0709429,0.0698733,0.0687228,0.0674846,0.0661675,0.0648155,0.0635146,0.0623525,0.0613663,0.0605433,0.0598531,0.0592658,0.058758,0.0583122,0.0579158,0.0575591,0.0572351,0.0569383,0.0566646,0.0564104,0.0561733,0.0559509,0.0557416,0.0555437,0.0553562,0.0551778,0.0550077,0.0548452,0.0546895,0.0545401,0.0543964,0.0542581,0.0541246,0.0539956,0.0538709,0.0537501,0.053633,0.0535193,0.0534088,0.0533014,0.0531968,0.0530949,0.0529956,0.0528986,0.052804,0.0527115,0.0526211,0.0525326,0.0524461,0.0523613,0.0522782,0.0521968,0.0521169,0.0520385,0.0519615,0.051886,0.0518117,0.0517387,0.051667,0.0515964,0.051527,0.0514587,0.0513914,0.0513251,0.0512599,0.0511956,0.0511322,0.0510697,0.0510081,0.0509474,0.0508874,0.0508282,0.0507699,0.0507122,0.0506553,0.0505991,0.0505435,0.0504887,0.0504344,0.0503808,0.0503279,0.0502755,0.0502237
0.0841858,0.0836028,0.0830109,0.0824094,0.0817974,0.081174,0.0805382,0.0798887,0.0792243,0.0785432,0.0778437,0.0771235,0.07638,0.0756101,0.07481,0.0739751,0.0730997,0.072177,0.0711985,0.0701543,0.069034,0.0678296,0.0665447,0.0652107,0.0639004,0.0627033,0.0616721,0.060807,0.0600817,0.0594664,0.0589363,0.0584726,0.0580616,0.057693,0.0573589,0.0570536,0.0567726,0.0565121,0.0562695,0.0560422,0.0558286,0.0556269,0.0554358,0.0552543,0.0550814,0.0549162,0.0547582,0.0546066,0.0544609,0.0543206,0.0541854,0.0540548,0.0539286,0.0538063,0.0536879,0.0535729,0.0534613,0.0533527,0.0532471,0.0531442,0.0530439,0.0529461,0.0528506,0.0527573,0.0526661,0.0525769,0.0524896,0.0524041,0.0523204,0.0522383,0.0521579,0.0520789,0.0520014,0.0519253,0.0518505,0.0517771,0.0517048,0.0516338,0.0515639,0.0514952,0.0514275,0.0513608,0.0512952,0.0512305,0.0511668,0.051104,0.051042,0.0509809,0.0509206,0.0508612,0.0508025,0.0507445,0.0506873,0.0506308,0.050575,0.0505199,0.0504654,0.0504115,0.0503583,0.0503057,0.0502537
0.0842987,0.0837185,0.0831295,0.082531,0.0819224,0.0813027,0.0806709,0.0800259,0.0793663,0.0786906,0.0779971,0.0772837,0.0765479,0.0757867,0.0749968,0.0741736,0.0733121,0.0724058,0.071447,0.0704266,0.0693345,0.0681623,0.0669097,0.0655984,0.0642874,0.0630625,0.061989,0.0610813,0.0603194,0.0596744,0.0591207,0.0586381,0.0582117,0.0578303,0.0574857,0.0571715,0.0568828,0.0566158,0.0563674,0.0561351,0.0559169,0.0557112,0.0555166,0.0553318,0.055156,0.0549881,0.0548276,0.0546737,0.054526,0.0543838,0.0542468,0.0541145,0.0539867,0.053863,0.0537432,0.053627,0.0535141,0.0534044,0.0532977,0.0531938,0.0530926,0.0529938,0.0528974,0.0528033,0.0527113,0.0526214,0.0525334,0.0524472,0.0523628,0.0522801,0.052199,0.0521195,0.0520414,0.0519648,0.0518895,0.0518155,0.0517428,0.0516713,0.051601,0.0515318,0.0514637,0.0513967,0.0513306,0.0512656,0.0512015,0.0511383,0.051076,0.0510146,0.050954,0.0508942,0.0508352,0.0507769,0.0507194,0.0506626,0.0506065,0.0505511,0.0504964,0.0504423,0.0503888,0.050336,0.0502837
0.084411,0.0838333,0.0832472,0.0826518,0.0820465,0.0814303,0.0808025,0.0801617,0.0795068,0.0788364,0.0781487,0.0774419,0.0767134,0.0759607,0.0751804,0.0743684,0.07352,0.0726293,0.071689,0.0706907,0.069625,0.0684833,0.0672627,0.0659771,0.0646728,0.0634282,0.0623164,0.0613663,0.0605665,0.0598903,0.0593115,0.0588088,0.0583661,0.0579714,0.0576157,0.0572921,0.0569954,0.0567215,0.0564671,0.0562295,0.0560067,0.0557969,0.0555985,0.0554104,0.0552315,0.0550609,0.0548979,0.0547417,0.0545917,0.0544476,0.0543087,0.0541748,0.0540454,0.0539202,0.053799,0.0536815,0.0535674,0.0534565,0.0533487,0.0532438,0.0531416,0.0530419,0.0529446,0.0528496,0.0527569,0.0526662,0.0525774,0.0524906,0.0524055,0.0523221,0.0522404,0.0521603,0.0520817,0.0520045,0.0519287,0.0518542,0.051781,0.051709,0.0516383,0.0515686,0.0515001,0.0514327,0.0513662,0.0513008,0.0512363,0.0511728,0.0511101,0.0510483,0.0509874,0.0509273,0.050868,0.0508094,0.0507516,0.0506945,0.0506382,0.0505825,0.0505275,0.0504731,0.0504194,0.0503663,0.0503138
0.0845226,0.0839475,0.0833641,0.0827717,0.0821696,0.081557,0.0809329,0.0802963,0.079646,0.0789807,0.0782986,0.0775981,0.0768767,0.0761321,0.075361,0.0745597,0.0737237,0.0728476,0.0719248,0.0709473,0.0699064,0.0687934,0.0676038,0.0663458,0.0650543,0.0637979,0.0626531,0.0616618,0.0608232,0.0601144,0.0595091,0.0589851,0.0585252,0.0581164,0.0577489,0.0574155,0.0571104,0.0568293,0.0565686,0.0563256,0.056098,0.0558838,0.0556816,0.0554901,0.055308,0.0551346,0.0549689,0.0548103,0.0546582,0.054512,0.0543713,0.0542356,0.0541046,0.0539779,0.0538553,0.0537364,0.0536211,0.053509,0.0534001,0.0532941,0.0531909,0.0530902,0.0529921,0.0528963,0.0528027,0.0527112,0.0526217,0.0525341,0.0524484,0.0523644,0.052282,0.0522013,0.0521221,0.0520444,0.051968,0.051893,0.0518193,0.0517469,0.0516757,0.0516056,0.0515366,0.0514688,0.0514019,0.0513361,0.0512712,0.0512073,0.0511443,0.0510822,0.0510209,0.0509605,0.0509009,0.050842,0.0507839,0.0507266,0.0506699,0.050614,0.0505587,0.0505041,0.0504501,0.0503967,0.050344
0.0846335,0.0840609,0.0834802,0.0828908,0.0822918,0.0816826,0.0810622,0.0804297,0.0797839,0.0791235,0.0784469,0.0777524,0.0770379,0.076301,0.0755387,0.0747476,0.0739235,0.0730613,0.0721548,0.0711968,0.0701791,0.0690932,0.0679335,0.0667039,0.06543,0.0641695,0.0629976,0.0619675,0.0610898,0.060347,0.0597138,0.0591673,0.0586891,0.0582653,0.0578856,0.0575418,0.0572279,0.0569393,0.0566721,0.0564234,0.0561907,0.0559721,0.055766,0.0555708,0.0553856,0.0552092,0.0550408,0.0548798,0.0547254,0.0545772,0.0544345,0.054297,0.0541644,0.0540361,0.053912,0.0537918,0.0536752,0.0535619,0.0534519,0.0533448,0.0532405,0.0531389,0.0530398,0.0529432,0.0528487,0.0527564,0.0526662,0.0525779,0.0524915,0.0524068,0.0523239,0.0522425,0.0521627,0.0520844,0.0520075,0.051932,0.0518578,0.0517849,0.0517132,0.0516427,0.0515733,0.051505,0.0514378,0.0513715,0.0513063,0.051242,0.0511787,0.0511162,0.0510546,0.0509938,0.0509339,0.0508747,0.0508163,0.0507587,0.0507017,0.0506455,0.05059,0.0505351,0.0504809,0.0504273,0.0503743
0.0847437,0.0841737,0.0835956,0.083009,0.0824131,0.0818072,0.0811905,0.0805619,0.0799205,0.0792648,0.0785935,0.0779049,0.077197,0.0764676,0.0757138,0.0749324,0.0741195,0.0732704,0.0723794,0.0714398,0.0704438,0.0693834,0.0682523,0.0670512,0.0657983,0.0645405,0.0633483,0.0622827,0.0613662,0.0605883,0.0599258,0.0593555,0.0588581,0.0584186,0.0580258,0.0576711,0.0573481,0.0570516,0.0567776,0.056523,0.0562851,0.0560619,0.0558516,0.0556527,0.0554641,0.0552847,0.0551136,0.0549501,0.0547934,0.054643,0.0544984,0.054359,0.0542247,0.0540948,0.0539692,0.0538476,0.0537297,0.0536152,0.053504,0.0533958,0.0532905,0.0531879,0.0530879,0.0529903,0.0528951,0.052802,0.052711,0.052622,0.0525348,0.0524495,0.0523659,0.0522839,0.0522035,0.0521247,0.0520472,0.0519712,0.0518965,0.0518231,0.0517509,0.05168,0.0516101,0.0515414,0.0514737,0.0514071,0.0513415,0.0512768,0.0512131,0.0511503,0.0510884,0.0510273,0.050967,0.0509075,0.0508488,0.0507909,0.0507337,0.0506771,0.0506213,0.0505662,0.0505117,0.0504578,0.0504046
0.0848534,0.0842857,0.0837103,0.0831264,0.0825336,0.081931,0.0813177,0.080693,0.0800558,0.0794047,0.0787386,0.0780557,0.0773542,0.0766319,0.0758862,0.0751141,0.074312,0.0734753,0.0725989,0.0716766,0.070701,0.0696646,0.0685606,0.0673877,0.0661581,0.0649088,0.0637032,0.0626065,0.0616521,0.0608385,0.0601455,0.0595502,0.0590324,0.0585762,0.0581697,0.0578037,0.057471,0.0571662,0.0568851,0.0566243,0.056381,0.056153,0.0559384,0.0557358,0.0555437,0.0553612,0.0551873,0.0550211,0.0548621,0.0547095,0.0545628,0.0544217,0.0542855,0.0541541,0.054027,0.0539039,0.0537846,0.0536689,0.0535565,0.0534472,0.0533409,0.0532373,0.0531363,0.0530378,0.0529417,0.0528478,0.052756,0.0526663,0.0525784,0.0524924,0.0524081,0.0523255,0.0522446,0.0521651,0.0520871,0.0520106,0.0519354,0.0518615,0.0517888,0.0517174,0.0516471,0.0515779,0.0515099,0.0514428,0.0513768,0.0513118,0.0512477,0.0511845,0.0511222,0.0510608,0.0510002,0.0509404,0.0508814,0.0508232,0.0507657,0.0507089,0.0506528,0.0505974,0.0505426,0.0504885,0.050435
0.0849624,0.0843971,0.0838242,0.0832431,0.0826532,0.0820537,0.081444,0.080823,0.0801898,0.0795433,0.0788821,0.0782047,0.0775094,0.076794,0.0760561,0.075293,0.074501,0.0736762,0.0728137,0.0719076,0.0709513,0.0699374,0.0688592,0.0677138,0.0665087,0.0652725,0.0640603,0.0629375,0.0619474,0.0610977,0.0603731,0.0597515,0.0592122,0.0587386,0.0583176,0.0579395,0.0575967,0.0572833,0.0569948,0.0567276,0.0564787,0.0562457,0.0560267,0.0558201,0.0556245,0.0554387,0.0552619,0.0550931,0.0549316,0.0547767,0.054628,0.0544849,0.054347,0.0542138,0.0540852,0.0539607,0.05384,0.053723,0.0536094,0.053499,0.0533916,0.053287,0.053185,0.0530856,0.0529886,0.0528939,0.0528013,0.0527108,0.0526222,0.0525355,0.0524506,0.0523674,0.0522858,0.0522057,0.0521272,0.0520501,0.0519744,0.0519,0.0518268,0.0517549,0.0516842,0.0516146,0.0515461,0.0514787,0.0514123,0.0513469,0.0512824,0.0512189,0.0511562,0.0510945,0.0510335,0.0509734,0.0509141,0.0508556,0.0507978,0.0507407,0.0506843,0.0506287,0.0505736,0.0505193,0.0504655
0.0850707,0.0845078,0.0839374,0.083359,0.0827719,0.0821756,0.0815692,0.0809519,0.0803227,0.0796806,0.0790242,0.0783522,0.0776627,0.076954,0.0762237,0.075469,0.0746869,0.0738734,0.073024,0.0721333,0.071195,0.0702024,0.0691486,0.0680297,0.0668498,0.0656304,0.0644176,0.0632744,0.0622513,0.0613659,0.0606088,0.0599598,0.0593979,0.0589057,0.0584696,0.0580788,0.0577254,0.057403,0.0571068,0.0568328,0.056578,0.0563399,0.0561163,0.0559056,0.0557063,0.0555173,0.0553374,0.0551659,0.0550018,0.0548447,0.0546938,0.0545487,0.054409,0.0542742,0.0541439,0.0540179,0.0538959,0.0537776,0.0536627,0.0535511,0.0534426,0.053337,0.0532341,0.0531337,0.0530358,0.0529403,0.0528469,0.0527556,0.0526663,0.0525789,0.0524933,0.0524094,0.0523272,0.0522466,0.0521675,0.0520898,0.0520136,0.0519386,0.051865,0.0517926,0.0517215,0.0516514,0.0515825,0.0515147,0.0514479,0.0513821,0.0513172,0.0512533,0.0511903,0.0511282,0.051067,0.0510066,0.0509469,0.0508881,0.05083,0.0507726,0.050716,0.05066,0.0506047,0.0505501,0.0504961
0.0851785,0.0846179,0.0840499,0.0834741,0.0828899,0.0822966,0.0816935,0.0810798,0.0804545,0.0798166,0.0791649,0.078498,0.0778143,0.077112,0.0763889,0.0756425,0.0748696,0.0740669,0.07323,0.0723538,0.0714327,0.07046,0.0694292,0.0683358,0.0671813,0.0659811,0.0647732,0.0636155,0.062563,0.0616429,0.0608528,0.0601752,0.0595896,0.059078,0.0586258,0.0582218,0.0578572,0.0575253,0.057221,0.0569401,0.0566792,0.0564357,0.0562074,0.0559924,0.0557894,0.0555969,0.0554139,0.0552395,0.0550729,0.0549134,0.0547603,0.0546132,0.0544716,0.0543351,0.0542032,0.0540757,0.0539522,0.0538326,0.0537165,0.0536037,0.053494,0.0533874,0.0532834,0.0531822,0.0530834,0.0529869,0.0528927,0.0528006,0.0527106,0.0526225,0.0525362,0.0524517,0.0523688,0.0522876,0.0522079,0.0521297,0.0520529,0.0519775,0.0519034,0.0518305,0.0517589,0.0516884,0.0516191,0.0515508,0.0514836,0.0514174,0.0513522,0.0512879,0.0512246,0.0511621,0.0511005,0.0510398,0.0509798,0.0509207,0.0508623,0.0508046,0.0507477,0.0506915,0.0506359,0.050581,0.0505268
0.0852857,0.0847273,0.0841617,0.0835885,0.0830071,0.0824167,0.0818168,0.0812066,0.0805851,0.0799513,0.0793042,0.0786423,0.0779642,0.0772681,0.0765519,0.0758134,0.0750495,0.074257,0.0734319,0.0725696,0.0716646,0.0707107,0.0697017,0.0686327,0.0675032,0.066324,0.0651253,0.063959,0.0628816,0.0619284,0.061105,0.060398,0.0597876,0.0592556,0.0587865,0.0583685,0.0579922,0.0576505,0.0573377,0.0570494,0.0567822,0.0565331,0.0562999,0.0560806,0.0558736,0.0556776,0.0554914,0.0553141,0.0551448,0.0549829,0.0548276,0.0546784,0.0545349,0.0543965,0.054263,0.0541339,0.054009,0.053888,0.0537706,0.0536566,0.0535458,0.0534381,0.0533331,0.0532309,0.0531312,0.0530339,0.0529388,0.052846,0.0527552,0.0526663,0.0525793,0.0524942,0.0524107,0.0523288,0.0522486,0.0521698,0.0520925,0.0520165,0.0519419,0.0518686,0.0517964,0.0517255,0.0516557,0.0515871,0.0515194,0.0514528,0.0513873,0.0513226,0.0512589,0.0511961,0.0511342,0.0510731,0.0510128,0.0509534,0.0508947,0.0508367,0.0507795,0.050723,0.0506672,0.0506121,0.0505576
0.0853923,0.0848361,0.0842729,0.0837022,0.0831234,0.082536,0.0819393,0.0813324,0.0807146,0.0800849,0.0794422,0.0787851,0.0781124,0.0774223,0.0767129,0.0759818,0.0752265,0.0744439,0.0736301,0.0727809,0.0718911,0.070955,0.0699666,0.0689207,0.0678157,0.0666584,0.0654728,0.0643033,0.0632057,0.0622218,0.0613655,0.0606283,0.0599921,0.0594386,0.0589519,0.0585192,0.0581306,0.0577785,0.0574569,0.057161,0.0568872,0.0566323,0.0563939,0.0561701,0.055959,0.0557594,0.0555699,0.0553896,0.0552176,0.0550531,0.0548955,0.0547442,0.0545987,0.0544586,0.0543233,0.0541927,0.0540663,0.0539439,0.0538252,0.05371,0.053598,0.0534892,0.0533832,0.0532799,0.0531793,0.0530811,0.0529852,0.0528915,0.0528,0.0527104,0.0526227,0.0525369,0.0524527,0.0523703,0.0522894,0.0522101,0.0521322,0.0520557,0.0519806,0.0519068,0.0518342,0.0517628,0.0516926,0.0516235,0.0515554,0.0514884,0.0514225,0.0513574,0.0512934,0.0512302,0.051168,0.0511065,0.051046,0.0509862,0.0509272,0.0508689,0.0508114,0.0507547,0.0506986,0.0506432,0.0505884
0.0854983,0.0849443,0.0843834,0.0838151,0.083239,0.0826545,0.0820608,0.0814573,0.0808431,0.0802173,0.0795788,0.0789265,0.078259,0.0775747,0.0768717,0.076148,0.0754009,0.0746276,0.0738246,0.0729878,0.0721125,0.0711932,0.0702243,0.0692005,0.0681191,0.0669843,0.0658143,0.0646467,0.0635339,0.0625225,0.0616341,0.0608662,0.0602034,0.0596275,0.0591221,0.0586739,0.0582725,0.0579095,0.0575786,0.0572748,0.0569941,0.0567332,0.0564896,0.056261,0.0560458,0.0558423,0.0556495,0.0554661,0.0552913,0.0551242,0.0549643,0.0548108,0.0546632,0.0545212,0.0543842,0.054252,0.0541241,0.0540002,0.0538802,0.0537637,0.0536506,0.0535406,0.0534336,0.0533293,0.0532277,0.0531286,0.0530319,0.0529374,0.052845,0.0527547,0.0526663,0.0525798,0.052495,0.0524119,0.0523305,0.0522505,0.0521721,0.0520951,0.0520194,0.0519451,0.0518721,0.0518002,0.0517295,0.05166,0.0515915,0.0515242,0.0514578,0.0513924,0.051328,0.0512645,0.0512018,0.0511401,0.0510792,0.0510191,0.0509598,0.0509012,0.0508434,0.0507864,0.05073,0.0506743,0.0506193
0.0856037,0.0850518,0.0844932,0.0839274,0.0833539,0.0827721,0.0821814,0.0815811,0.0809705,0.0803485,0.0797142,0.0790665,0.0784041,0.0777254,0.0770286,0.0763119,0.0755727,0.0748084,0.0740157,0.0731907,0.0723291,0.0714257,0.0704752,0.0694723,0.0684137,0.0673015,0.0661491,0.0649876,0.0638648,0.0628294,0.0619105,0.0611118,0.0604215,0.0598222,0.0592974,0.058833,0.058418,0.0580437,0.0577031,0.057391,0.0571031,0.056836,0.0565868,0.0563534,0.0561338,0.0559265,0.0557301,0.0555435,0.0553658,0.0551961,0.0550337,0.054878,0.0547284,0.0545845,0.0544457,0.0543118,0.0541823,0.054057,0.0539356,0.0538179,0.0537036,0.0535924,0.0534843,0.0533791,0.0532765,0.0531765,0.0530789,0.0529835,0.0528904,0.0527993,0.0527102,0.052623,0.0525375,0.0524538,0.0523717,0.0522912,0.0522122,0.0521346,0.0520585,0.0519836,0.0519101,0.0518378,0.0517667,0.0516967,0.0516278,0.05156,0.0514932,0.0514275,0.0513627,0.0512988,0.0512358,0.0511738,0.0511125,0.0510521,0.0509925,0.0509336,0.0508756,0.0508182,0.0507616,0.0507056,0.0506503
0.0857086,0.0851588,0.0846024,0.084039,0.083468,0.082889,0.0823012,0.0817041,0.0810969,0.0804786,0.0798484,0.0792052,0.0785476,0.0778743,0.0771836,0.0764737,0.0757421,0.0749864,0.0742035,0.0733898,0.0725412,0.0716529,0.0707198,0.0697367,0.0687,0.0676102,0.0664767,0.0653248,0.0641969,0.0631417,0.0621941,0.0613651,0.0606466,0.0600231,0.0594779,0.0589965,0.0585674,0.0581811,0.0578304,0.0575097,0.0572143,0.0569406,0.0566858,0.0564473,0.0562232,0.0560118,0.0558118,0.055622,0.0554413,0.0552689,0.055104,0.054946,0.0547943,0.0546483,0.0545078,0.0543721,0.0542411,0.0541143,0.0539915,0.0538725,0.0537569,0.0536446,0.0535354,0.0534291,0.0533256,0.0532246,0.0531261,0.0530299,0.052936,0.0528441,0.0527543,0.0526663,0.0525802,0.0524959,0.0524132,0.0523321,0.0522525,0.0521744,0.0520977,0.0520223,0.0519483,0.0518755,0.0518039,0.0517335,0.0516642,0.051596,0.0515288,0.0514627,0.0513975,0.0513333,0.05127,0.0512075,0.051146,0.0510852,0.0510253,0.0509661,0.0509078,0.0508501,0.0507932,0.050737,0.0506814
0.085813,0.0852652,0.084711,0.0841499,0.0835814,0.0830051,0.0824202,0.0818262,0.0812223,0.0806076,0.0799814,0.0793425,0.0786897,0.0780217,0.0773368,0.0766334,0.0759091,0.0751617,0.0743882,0.0735853,0.072749,0.071875,0.0709584,0.0699942,0.0689784,0.0679104,0.0667966,0.0656571,0.0645286,0.0634579,0.0624845,0.0616257,0.0608788,0.0602303,0.0596638,0.0591647,0.0587207,0.0583219,0.0579607,0.0576309,0.0573277,0.0570473,0.0567864,0.0565427,0.056314,0.0560985,0.0558947,0.0557015,0.0555177,0.0553425,0.055175,0.0550147,0.0548608,0.0547129,0.0545704,0.054433,0.0543004,0.0541721,0.0540479,0.0539275,0.0538107,0.0536972,0.0535869,0.0534795,0.053375,0.0532731,0.0531737,0.0530766,0.0529818,0.0528892,0.0527986,0.05271,0.0526232,0.0525381,0.0524548,0.0523731,0.052293,0.0522143,0.0521371,0.0520612,0.0519867,0.0519134,0.0518414,0.0517705,0.0517008,0.0516321,0.0515646,0.051498,0.0514325,0.0513679,0.0513042,0.0512414,0.0511795,0.0511184,0.0510582,0.0509987,0.05094,0.0508821,0.0508249,0.0507684,0.0507126
0.0859168,0.0853711,0.084819,0.0842602,0.0836942,0.0831204,0.0825383,0.0819473,0.0813467,0.0807356,0.0801133,0.0794786,0.0788304,0.0781675,0.0774883,0.0767911,0.0760739,0.0753344,0.0745699,0.0737772,0.0729528,0.0720923,0.0711913,0.070245,0.0692492,0.0682024,0.0671088,0.0659838,0.0648586,0.063777,0.0627807,0.0618935,0.0611182,0.0604439,0.0598553,0.0593377,0.0588781,0.0584662,0.0580939,0.0577547,0.0574434,0.0571559,0.0568889,0.0566398,0.0564062,0.0561864,0.0559788,0.055782,0.0555951,0.055417,0.0552469,0.0550841,0.054928,0.054778,0.0546337,0.0544945,0.0543602,0.0542304,0.0541047,0.053983,0.0538649,0.0537502,0.0536387,0.0535303,0.0534247,0.0533218,0.0532215,0.0531236,0.053028,0.0529346,0.0528432,0.0527538,0.0526663,0.0525807,0.0524967,0.0524144,0.0523336,0.0522544,0.0521766,0.0521002,0.0520252,0.0519514,0.0518789,0.0518076,0.0517375,0.0516684,0.0516004,0.0515335,0.0514675,0.0514026,0.0513385,0.0512754,0.0512132,0.0511518,0.0510912,0.0510314,0.0509724,0.0509142,0.0508567,0.0507999,0.0507439
0.0860201,0.0854763,0.0849264,0.0843698,0.0838062,0.083235,0.0826557,0.0820676,0.0814702,0.0808626,0.080244,0.0796134,0.0789697,0.0783117,0.077638,0.0769469,0.0762365,0.0755046,0.0747487,0.0739659,0.0731527,0.0723051,0.071419,0.0704896,0.0695129,0.0684866,0.0674131,0.0663042,0.0651858,0.0640975,0.0630819,0.0621681,0.0613645,0.060664,0.0600527,0.0595156,0.0590398,0.0586142,0.0582303,0.0578812,0.0575615,0.0572666,0.0569933,0.0567385,0.0564999,0.0562756,0.056064,0.0558637,0.0556735,0.0554924,0.0553197,0.0551544,0.054996,0.0548439,0.0546975,0.0545566,0.0544206,0.0542892,0.054162,0.0540389,0.0539195,0.0538036,0.0536909,0.0535814,0.0534748,0.0533709,0.0532697,0.0531709,0.0530744,0.0529802,0.052888,0.0527979,0.0527097,0.0526234,0.0525388,0.0524558,0.0523745,0.0522947,0.0522164,0.0521395,0.0520639,0.0519897,0.0519167,0.0518449,0.0517743,0.0517048,0.0516364,0.0515691,0.0515027,0.0514374,0.051373,0.0513095,0.0512469,0.0511852,0.0511243,0.0510642,0.0510049,0.0509464,0.0508886,0.0508316,0.0507752
0.0861228,0.0855811,0.0850332,0.0844788,0.0839175,0.0833488,0.0827722,0.0821871,0.0815928,0.0809885,0.0803736,0.079747,0.0791077,0.0784545,0.077786,0.0771008,0.076397,0.0756724,0.0749249,0.0741514,0.0733489,0.0725137,0.0716416,0.0707283,0.0697697,0.0687632,0.0677097,0.0666179,0.065509,0.0644181,0.063387,0.0624488,0.0616177,0.0608907,0.0602559,0.0596987,0.0592059,0.058766,0.0583701,0.0580106,0.057682,0.0573796,0.0570995,0.0568389,0.0565951,0.0563662,0.0561505,0.0559465,0.0557529,0.0555688,0.0553932,0.0552254,0.0550647,0.0549104,0.0547621,0.0546192,0.0544815,0.0543485,0.0542198,0.0540952,0.0539745,0.0538573,0.0537435,0.0536329,0.0535252,0.0534203,0.0533181,0.0532184,0.0531211,0.053026,0.0529331,0.0528423,0.0527534,0.0526663,0.0525811,0.0524975,0.0524156,0.0523352,0.0522563,0.0521788,0.0521028,0.052028,0.0519546,0.0518823,0.0518113,0.0517414,0.0516725,0.0516048,0.0515381,0.0514723,0.0514076,0.0513437,0.0512808,0.0512187,0.0511575,0.0510971,0.0510375,0.0509787,0.0509206,0.0508633,0.0508066
0.0862251,0.0856852,0.0851394,0.0845872,0.0840282,0.083462,0.082888,0.0823057,0.0817144,0.0811135,0.0805021,0.0798794,0.0792443,0.0785958,0.0779325,0.0772529,0.0765554,0.075838,0.0750984,0.074334,0.0735417,0.0727182,0.0718595,0.0709615,0.0700202,0.0690326,0.0679987,0.0669247,0.0658275,0.0647377,0.0636949,0.062735,0.0618774,0.061124,0.0604651,0.0598871,0.0593766,0.0589218,0.0585132,0.058143,0.0578052,0.0574947,0.0572077,0.056941,0.0566919,0.0564583,0.0562383,0.0560304,0.0558334,0.0556462,0.0554677,0.0552973,0.0551341,0.0549776,0.0548272,0.0546825,0.054543,0.0544083,0.0542781,0.0541521,0.05403,0.0539115,0.0537965,0.0536847,0.053576,0.0534701,0.0533669,0.0532663,0.0531681,0.0530722,0.0529785,0.0528869,0.0527973,0.0527095,0.0526236,0.0525394,0.0524568,0.0523759,0.0522964,0.0522184,0.0521418,0.0520666,0.0519926,0.0519199,0.0518484,0.0517781,0.0517088,0.0516407,0.0515735,0.0515074,0.0514423,0.0513781,0.0513148,0.0512524,0.0511909,0.0511301,0.0510702,0.0510111,0.0509527,0.0508951,0.0508382
0.0863269,0.0857889,0.085245,0.084695,0.0841383,0.0835745,0.0830031,0.0824235,0.0818352,0.0812375,0.0806296,0.0800107,0.0793798,0.0787358,0.0780774,0.0774034,0.076712,0.0760014,0.0752694,0.0745136,0.0737311,0.0729188,0.0720728,0.0711894,0.0702645,0.0692951,0.0682803,0.0672243,0.0661406,0.0650551,0.0640045,0.0630258,0.0621434,0.0613638,0.0606804,0.0600809,0.059552,0.0590816,0.0586598,0.0582784,0.0579309,0.0576122,0.057318,0.057045,0.0567903,0.0565518,0.0563274,0.0561156,0.055915,0.0557245,0.0555431,0.0553699,0.0552043,0.0550455,0.054893,0.0547464,0.054605,0.0544687,0.0543369,0.0542094,0.0540859,0.0539661,0.0538499,0.053737,0.0536271,0.0535202,0.053416,0.0533145,0.0532154,0.0531186,0.0530241,0.0529317,0.0528414,0.0527529,0.0526663,0.0525815,0.0524983,0.0524167,0.0523367,0.0522582,0.052181,0.0521053,0.0520308,0.0519577,0.0518857,0.0518149,0.0517452,0.0516767,0.0516091,0.0515426,0.0514771,0.0514126,0.0513489,0.0512862,0.0512243,0.0511632,0.051103,0.0510436,0.0509849,0.050927,0.0508698
0.0864281,0.085892,0.0853501,0.0848022,0.0842477,0.0836862,0.0831174,0.0825405,0.0819552,0.0813606,0.0807561,0.0801409,0.079514,0.0788744,0.0782209,0.0775521,0.0768666,0.0761626,0.075438,0.0746905,0.0739174,0.0731157,0.0722819,0.0714123,0.0705031,0.0695511,0.0685548,0.0675169,0.0664479,0.0653694,0.0643146,0.0633205,0.0624152,0.0616099,0.0609019,0.0602803,0.0597323,0.0592457,0.0588101,0.058417,0.0580595,0.0577321,0.0574305,0.0571509,0.0568904,0.0566468,0.0564178,0.0562019,0.0559976,0.0558038,0.0556194,0.0554435,0.0552753,0.0551142,0.0549595,0.0548109,0.0546677,0.0545296,0.0543962,0.0542672,0.0541423,0.0540212,0.0539037,0.0537896,0.0536786,0.0535706,0.0534654,0.0533629,0.0532629,0.0531653,0.05307,0.0529768,0.0528857,0.0527966,0.0527093,0.0526238,0.05254,0.0524578,0.0523772,0.0522981,0.0522204,0.0521442,0.0520692,0.0519956,0.0519231,0.0518519,0.0517818,0.0517128,0.0516449,0.051578,0.0515121,0.0514471,0.0513831,0.05132,0.0512578,0.0511965,0.0511359,0.0510762,0.0510172,0.050959,0.0509015
0.0865289,0.0859946,0.0854547,0.0849087,0.0843564,0.0837973,0.0832309,0.0826568,0.0820743,0.0814828,0.0808816,0.08027,0.079647,0.0790117,0.0783629,0.0776993,0.0770195,0.0763218,0.0756043,0.0748648,0.0741007,0.0733092,0.072487,0.0716306,0.0707363,0.0698009,0.0688225,0.0678026,0.066749,0.0656797,0.0646241,0.063618,0.062692,0.0618622,0.0611295,0.0604853,0.0599176,0.0594141,0.0589641,0.0585588,0.0581909,0.0578545,0.0575451,0.0572587,0.0569923,0.0567433,0.0565096,0.0562895,0.0560815,0.0558842,0.0556967,0.0555179,0.0553471,0.0551836,0.0550267,0.054876,0.0547309,0.054591,0.054456,0.0543255,0.0541991,0.0540767,0.0539579,0.0538426,0.0537304,0.0536214,0.0535152,0.0534117,0.0533108,0.0532123,0.0531162,0.0530222,0.0529303,0.0528404,0.0527525,0.0526663,0.0525819,0.0524991,0.0524179,0.0523382,0.05226,0.0521832,0.0521078,0.0520336,0.0519607,0.051889,0.0518185,0.0517491,0.0516807,0.0516134,0.0515471,0.0514818,0.0514175,0.051354,0.0512915,0.0512298,0.0511689,0.0511089,0.0510496,0.0509911,0.0509333
0.0866292,0.0860967,0.0855587,0.0850148,0.0844646,0.0839078,0.0833438,0.0827723,0.0821926,0.0816041,0.0810062,0.080398,0.0797789,0.0791477,0.0785034,0.0778449,0.0771706,0.0764791,0.0757684,0.0750365,0.0742811,0.0734993,0.0726882,0.0718444,0.0709643,0.0700448,0.0690836,0.0680813,0.0670437,0.0659855,0.0649321,0.0639173,0.0629733,0.0621201,0.061363,0.060696,0.060108,0.059587,0.0591221,0.0587041,0.0583253,0.0579795,0.057662,0.0573685,0.0570959,0.0568414,0.0566029,0.0563784,0.0561665,0.0559657,0.0557749,0.0555932,0.0554197,0.0552538,0.0550946,0.0549418,0.0547948,0.0546531,0.0545164,0.0543842,0.0542564,0.0541326,0.0540125,0.0538959,0.0537827,0.0536725,0.0535653,0.0534608,0.053359,0.0532596,0.0531626,0.0530678,0.0529752,0.0528846,0.0527959,0.052709,0.0526239,0.0525405,0.0524588,0.0523785,0.0522998,0.0522224,0.0521465,0.0520718,0.0519984,0.0519263,0.0518553,0.0517855,0.0517167,0.051649,0.0515824,0.0515167,0.051452,0.0513882,0.0513253,0.0512632,0.051202,0.0511417,0.0510821,0.0510233,0.0509652
0.086729,0.0861983,0.0856621,0.0851202,0.0845721,0.0840176,0.083456,0.082887,0.08231,0.0817245,0.0811297,0.0805251,0.0799096,0.0792825,0.0786426,0.0779889,0.07732,0.0766344,0.0759303,0.0752059,0.0744587,0.0736863,0.0728858,0.0720539,0.0711874,0.070283,0.0693384,0.0683534,0.067332,0.0662862,0.0652377,0.0642175,0.0632582,0.0623834,0.0616025,0.0609124,0.0603036,0.0597646,0.0592841,0.0588528,0.0584627,0.0581072,0.0577812,0.0574804,0.0572014,0.0569412,0.0566976,0.0564687,0.0562527,0.0560482,0.0558541,0.0556694,0.0554932,0.0553247,0.0551633,0.0550083,0.0548593,0.0547157,0.0545773,0.0544435,0.0543142,0.054189,0.0540676,0.0539497,0.0538353,0.053724,0.0536157,0.0535103,0.0534075,0.0533072,0.0532093,0.0531137,0.0530203,0.0529289,0.0528395,0.052752,0.0526663,0.0525822,0.0524998,0.052419,0.0523397,0.0522618,0.0521854,0.0521102,0.0520363,0.0519637,0.0518923,0.051822,0.0517528,0.0516848,0.0516177,0.0515516,0.0514865,0.0514224,0.0513591,0.0512968,0.0512352,0.0511746,0.0511147,0.0510556,0.0509972
0.0868284,0.0862994,0.0857651,0.0852251,0.0846791,0.0841267,0.0835675,0.083001,0.0824267,0.0818441,0.0812524,0.0806511,0.0800392,0.0794161,0.0787805,0.0781315,0.0774678,0.0767879,0.0760903,0.0753729,0.0746337,0.0738702,0.0730798,0.0722594,0.0714059,0.070516,0.0695873,0.068619,0.0676139,0.0665814,0.0655399,0.0645174,0.0635459,0.0626515,0.0618476,0.0611345,0.0605045,0.0599468,0.0594503,0.0590052,0.0586033,0.0582376,0.0579029,0.0575944,0.0573087,0.0570427,0.0567939,0.0565603,0.0563401,0.0561319,0.0559344,0.0557466,0.0555676,0.0553965,0.0552326,0.0550755,0.0549244,0.054779,0.0546387,0.0545034,0.0543725,0.0542458,0.054123,0.0540039,0.0538883,0.0537759,0.0536665,0.05356,0.0534563,0.0533551,0.0532563,0.0531599,0.0530657,0.0529736,0.0528834,0.0527952,0.0527088,0.0526241,0.0525411,0.0524597,0.0523798,0.0523014,0.0522244,0.0521488,0.0520744,0.0520013,0.0519294,0.0518587,0.0517891,0.0517206,0.0516532,0.0515867,0.0515212,0.0514567,0.0513931,0.0513304,0.0512686,0.0512076,0.0511474,0.0510879,0.0510293
0.0869273,0.0864,0.0858675,0.0853295,0.0847855,0.0842353,0.0836784,0.0831143,0.0825426,0.0819628,0.0813742,0.0807761,0.0801678,0.0795485,0.0789171,0.0782727,0.0776141,0.0769397,0.0762482,0.0755377,0.0748061,0.0740513,0.0732706,0.0724611,0.0716199,0.0707438,0.0698304,0.0688783,0.0678895,0.066871,0.0658384,0.0648163,0.0638355,0.0629238,0.0620981,0.0613622,0.0607108,0.0601339,0.0596208,0.0591613,0.0587471,0.0583709,0.0580271,0.0577107,0.0574181,0.0571459,0.0568917,0.0566533,0.0564288,0.0562167,0.0560157,0.0558248,0.0556428,0.055469,0.0553028,0.0551433,0.0549902,0.0548428,0.0547008,0.0545637,0.0544313,0.0543031,0.054179,0.0540586,0.0539417,0.0538281,0.0537177,0.0536101,0.0535054,0.0534033,0.0533036,0.0532064,0.0531113,0.0530184,0.0529275,0.0528386,0.0527515,0.0526662,0.0525826,0.0525006,0.0524201,0.0523412,0.0522636,0.0521875,0.0521126,0.0520391,0.0519667,0.0518956,0.0518255,0.0517566,0.0516887,0.0516219,0.0515561,0.0514912,0.0514272,0.0513642,0.051302,0.0512407,0.0511801,0.0511204,0.0510615
0.0870258,0.0865002,0.0859695,0.0854333,0.0848913,0.0843432,0.0837885,0.0832269,0.0826578,0.0820807,0.0814951,0.0809002,0.0802954,0.0796798,0.0790525,0.0784125,0.0777587,0.0770898,0.0764042,0.0757003,0.0749761,0.0742296,0.0734581,0.0726592,0.0718297,0.0709669,0.0700681,0.0691317,0.0681588,0.0671548,0.0661324,0.0651133,0.0641262,0.0631996,0.0623535,0.0615953,0.0609224,0.0603259,0.0597956,0.0593213,0.0588943,0.0585072,0.0581538,0.0578292,0.0575294,0.057251,0.0569912,0.0567478,0.0565188,0.0563028,0.0560982,0.0559039,0.0557189,0.0555425,0.0553737,0.0552119,0.0550566,0.0549072,0.0547634,0.0546246,0.0544905,0.0543609,0.0542353,0.0541136,0.0539955,0.0538807,0.0537692,0.0536606,0.0535548,0.0534518,0.0533512,0.0532531,0.0531572,0.0530635,0.0529719,0.0528823,0.0527945,0.0527085,0.0526243,0.0525417,0.0524606,0.0523811,0.052303,0.0522263,0.052151,0.052077,0.0520041,0.0519325,0.0518621,0.0517927,0.0517245,0.0516572,0.051591,0.0515258,0.0514614,0.051398,0.0513355,0.0512739,0.051213,0.051153,0.0510938
0.0871238,0.0865999,0.0860709,0.0855366,0.0849966,0.0844505,0.0838981,0.0833388,0.0827722,0.0821979,0.0816151,0.0810233,0.0804219,0.0798099,0.0791866,0.078551,0.077902,0.0772382,0.0765584,0.0758608,0.0751438,0.0744052,0.0736427,0.0728537,0.0720356,0.0711854,0.0703005,0.0693793,0.0684221,0.0674327,0.0664217,0.0654077,0.064417,0.0634781,0.0626133,0.0618337,0.0611392,0.0605229,0.0599749,0.0594853,0.059045,0.0586465,0.0582833,0.0579502,0.0576429,0.0573579,0.0570923,0.0568438,0.0566102,0.05639,0.0561817,0.055984,0.055796,0.0556167,0.0554453,0.0552812,0.0551237,0.0549723,0.0548266,0.0546861,0.0545504,0.0544192,0.0542922,0.0541691,0.0540497,0.0539337,0.053821,0.0537114,0.0536046,0.0535006,0.0533991,0.0533001,0.0532034,0.0531089,0.0530165,0.0529262,0.0528377,0.0527511,0.0526662,0.0525829,0.0525013,0.0524212,0.0523426,0.0522654,0.0521896,0.052115,0.0520417,0.0519697,0.0518988,0.051829,0.0517603,0.0516927,0.0516261,0.0515605,0.0514958,0.051432,0.0513692,0.0513072,0.051246,0.0511857,0.0511261
0.0872214,0.0866991,0.0861718,0.0856393,0.0851013,0.0845573,0.084007,0.0834501,0.082886,0.0823142,0.0817343,0.0811456,0.0805474,0.079939,0.0793196,0.0786882,0.0780437,0.077385,0.0767108,0.0760194,0.0753092,0.0745782,0.0738243,0.073045,0.0722376,0.0713995,0.0705281,0.0696215,0.0686794,0.0677048,0.066706,0.0656989,0.0647072,0.0637586,0.0628772,0.0620771,0.0613613,0.0607248,0.0601587,0.0596533,0.0591993,0.0587889,0.0584155,0.0580735,0.0577585,0.0574667,0.0571951,0.0569413,0.056703,0.0564785,0.0562664,0.0560652,0.0558741,0.0556919,0.0555178,0.0553513,0.0551915,0.0550381,0.0548904,0.0547481,0.0546107,0.0544779,0.0543494,0.054225,0.0541043,0.0539871,0.0538733,0.0537625,0.0536547,0.0535497,0.0534473,0.0533474,0.0532498,0.0531546,0.0530614,0.0529703,0.0528811,0.0527938,0.0527083,0.0526244,0.0525422,0.0524615,0.0523824,0.0523046,0.0522283,0.0521532,0.0520795,0.052007,0.0519356,0.0518654,0.0517963,0.0517283,0.0516613,0.0515953,0.0515302,0.0514661,0.0514029,0.0513406,0.0512791,0.0512185,0.0511586
0.0873185,0.0867979,0.0862723,0.0857416,0.0852054,0.0846634,0.0841153,0.0835606,0.082999,0.0824298,0.0818527,0.0812669,0.080672,0.0800671,0.0794514,0.0788241,0.0781841,0.0775303,0.0768614,0.076176,0.0754725,0.0747489,0.0740031,0.073233,0.072436,0.0716095,0.0707509,0.0698583,0.068931,0.0679711,0.066985,0.0659863,0.0649959,0.0640403,0.0631443,0.062325,0.0615884,0.0609317,0.0603472,0.0598254,0.0593573,0.0589346,0.0585506,0.0581994,0.0578763,0.0575775,0.0572997,0.0570404,0.0567972,0.0565683,0.0563522,0.0561475,0.0559531,0.0557679,0.0555912,0.0554221,0.0552601,0.0551045,0.0549548,0.0548106,0.0546716,0.0545372,0.0544072,0.0542814,0.0541593,0.0540409,0.0539259,0.053814,0.0537051,0.0535991,0.0534958,0.053395,0.0532966,0.0532005,0.0531065,0.0530147,0.0529248,0.0528368,0.0527506,0.0526661,0.0525833,0.052502,0.0524223,0.052344,0.0522672,0.0521916,0.0521174,0.0520444,0.0519726,0.051902,0.0518324,0.051764,0.0516966,0.0516302,0.0515648,0.0515004,0.0514368,0.0513741,0.0513123,0.0512514,0.0511912
0.0874153,0.0868962,0.0863723,0.0858433,0.085309,0.084769,0.084223,0.0836706,0.0831113,0.0825446,0.0819702,0.0813874,0.0807956,0.0801941,0.0795821,0.0789588,0.0783231,0.0776741,0.0770105,0.0763308,0.0756336,0.0749171,0.0741793,0.0734181,0.072631,0.0718155,0.0709692,0.0700901,0.0691772,0.0682317,0.0672588,0.0662696,0.0652826,0.0643224,0.0634142,0.0625772,0.0618205,0.0611436,0.0605403,0.0600018,0.059519,0.0590836,0.0586886,0.0583278,0.0579964,0.0576903,0.0574061,0.0571411,0.0568928,0.0566594,0.0564393,0.0562309,0.0560331,0.0558449,0.0556654,0.0554937,0.0553293,0.0551716,0.0550199,0.0548738,0.054733,0.054597,0.0544655,0.0543382,0.0542148,0.0540951,0.0539789,0.0538659,0.0537559,0.0536489,0.0535446,0.0534429,0.0533436,0.0532466,0.0531519,0.0530593,0.0529687,0.05288,0.0527931,0.052708,0.0526246,0.0525427,0.0524624,0.0523836,0.0523062,0.0522302,0.0521554,0.052082,0.0520097,0.0519387,0.0518687,0.0517999,0.0517321,0.0516653,0.0515995,0.0515347,0.0514708,0.0514078,0.0513456,0.0512843,0.0512239
0.0875116,0.0869941,0.0864718,0.0859446,0.0854121,0.0848741,0.0843301,0.0837799,0.0832229,0.0826588,0.082087,0.081507,0.0809183,0.0803201,0.0797117,0.0790922,0.0784608,0.0778164,0.0771579,0.0764838,0.0757928,0.0750831,0.074353,0.0736002,0.0728226,0.0720178,0.0711833,0.0703171,0.0694181,0.0684868,0.0675271,0.0665484,0.0655666,0.0646042,0.0636861,0.0628331,0.0620571,0.0613603,0.0607381,0.0601825,0.0596846,0.0592361,0.0588296,0.0584589,0.0581189,0.0578052,0.0575144,0.0572435,0.05699,0.0567519,0.0565275,0.0563154,0.0561141,0.0559228,0.0557404,0.0555662,0.0553993,0.0552393,0.0550856,0.0549376,0.054795,0.0546573,0.0545242,0.0543955,0.0542707,0.0541497,0.0540322,0.0539181,0.0538071,0.053699,0.0535937,0.053491,0.0533909,0.0532931,0.0531976,0.0531042,0.0530128,0.0529234,0.0528359,0.0527501,0.052666,0.0525836,0.0525027,0.0524234,0.0523454,0.0522689,0.0521937,0.0521197,0.052047,0.0519755,0.0519051,0.0518359,0.0517677,0.0517005,0.0516343,0.0515691,0.0515049,0.0514415,0.0513791,0.0513174,0.0512566
0.0876075,0.0870915,0.0865709,0.0860454,0.0855147,0.0849786,0.0844366,0.0838885,0.0833338,0.0827722,0.082203,0.0816258,0.0810401,0.0804451,0.0798402,0.0792246,0.0785973,0.0779574,0.0773037,0.0766351,0.07595,0.075247,0.0745241,0.0737795,0.0730111,0.0722164,0.0713933,0.0705395,0.0696539,0.0687364,0.0677901,0.0668225,0.0658474,0.064885,0.0639593,0.0630922,0.0622981,0.0615818,0.0609406,0.0603675,0.0598541,0.059392,0.0589737,0.0585928,0.0582438,0.0579223,0.0576246,0.0573476,0.0570887,0.0568458,0.0566171,0.056401,0.0561962,0.0560017,0.0558163,0.0556394,0.0554701,0.0553078,0.0551519,0.055002,0.0548575,0.0547181,0.0545835,0.0544532,0.0543271,0.0542047,0.054086,0.0539707,0.0538586,0.0537494,0.0536431,0.0535395,0.0534385,0.0533398,0.0532435,0.0531493,0.0530572,0.0529671,0.0528788,0.0527924,0.0527077,0.0526247,0.0525432,0.0524633,0.0523848,0.0523078,0.052232,0.0521576,0.0520844,0.0520125,0.0519417,0.051872,0.0518034,0.0517358,0.0516693,0.0516037,0.0515391,0.0514754,0.0514126,0.0513506,0.0512895
0.087703,0.0871885,0.0866695,0.0861457,0.0856168,0.0850825,0.0845426,0.0839966,0.0834441,0.0828849,0.0823183,0.0817438,0.081161,0.0805692,0.0799677,0.0793557,0.0787325,0.0780969,0.0774481,0.0767846,0.0761054,0.0754087,0.0746929,0.0739562,0.0731965,0.0724116,0.0715993,0.0707575,0.0698848,0.0689809,0.0680478,0.0670918,0.0661246,0.0651641,0.0642331,0.0633539,0.062543,0.0618078,0.0611476,0.0605569,0.0600276,0.0595516,0.0591211,0.0587295,0.0583712,0.0580416,0.0577368,0.0574535,0.057189,0.0569412,0.056708,0.0564878,0.0562794,0.0560816,0.0558932,0.0557135,0.0555416,0.055377,0.0552189,0.055067,0.0549207,0.0547795,0.0546432,0.0545114,0.0543839,0.0542602,0.0541402,0.0540237,0.0539104,0.0538002,0.0536929,0.0535883,0.0534863,0.0533868,0.0532896,0.0531947,0.0531018,0.053011,0.052922,0.052835,0.0527496,0.052666,0.0525839,0.0525034,0.0524244,0.0523468,0.0522706,0.0521957,0.052122,0.0520496,0.0519784,0.0519083,0.0518392,0.0517713,0.0517044,0.0516384,0.0515734,0.0515094,0.0514462,0.0513839,0.0513225
0.0877981,0.0872851,0.0867677,0.0862455,0.0857184,0.085186,0.084648,0.084104,0.0835538,0.0829969,0.0824328,0.081861,0.0812811,0.0806924,0.0800942,0.0794858,0.0788665,0.0782352,0.0775909,0.0769326,0.0762589,0.0755684,0.0748595,0.0741303,0.0733791,0.0726036,0.0718017,0.0709714,0.0701111,0.0692203,0.0683004,0.0673563,0.0663978,0.065441,0.0645069,0.0636177,0.0627914,0.0620381,0.0613593,0.0607507,0.0602052,0.0597148,0.0592717,0.0588691,0.0585013,0.0581633,0.0578511,0.0575612,0.057291,0.057038,0.0568002,0.0565759,0.0563637,0.0561624,0.055971,0.0557884,0.055614,0.0554469,0.0552867,0.0551326,0.0549844,0.0548415,0.0547035,0.0545702,0.0544411,0.0543161,0.0541948,0.0540771,0.0539626,0.0538513,0.053743,0.0536374,0.0535345,0.0534341,0.0533361,0.0532403,0.0531467,0.0530551,0.0529655,0.0528777,0.0527917,0.0527075,0.0526248,0.0525437,0.0524642,0.052386,0.0523093,0.0522339,0.0521598,0.0520869,0.0520152,0.0519447,0.0518752,0.0518069,0.0517395,0.0516732,0.0516079,0.0515435,0.05148,0.0514174,0.0513556
0.0878928,0.0873813,0.0868654,0.0863449,0.0858195,0.0852889,0.0847528,0.0842109,0.0836628,0.0831082,0.0825466,0.0819774,0.0814003,0.0808146,0.0802197,0.0796148,0.0789993,0.0783721,0.0777324,0.077079,0.0764107,0.0757262,0.0750238,0.074302,0.0735588,0.0727923,0.0720004,0.0711812,0.0703329,0.0694548,0.0685478,0.0676158,0.066667,0.0657153,0.06478,0.0638828,0.0630429,0.0622724,0.0615753,0.0609489,0.060387,0.0598817,0.0594256,0.0590117,0.0586339,0.0582872,0.0579674,0.0576708,0.0573946,0.0571363,0.0568937,0.0566652,0.0564492,0.0562444,0.0560497,0.0558642,0.0556871,0.0555176,0.0553551,0.0551989,0.0550487,0.054904,0.0547643,0.0546294,0.0544988,0.0543724,0.0542498,0.0541308,0.0540152,0.0539028,0.0537934,0.0536869,0.053583,0.0534817,0.0533828,0.0532862,0.0531918,0.0530995,0.0530091,0.0529207,0.052834,0.0527491,0.0526659,0.0525842,0.0525041,0.0524254,0.0523482,0.0522723,0.0521977,0.0521243,0.0520522,0.0519812,0.0519113,0.0518426,0.0517749,0.0517082,0.0516424,0.0515777,0.0515138,0.0514509,0.0513888
0.0879871,0.0874771,0.0869627,0.0864438,0.0859201,0.0853913,0.0848571,0.0843172,0.0837712,0.0832189,0.0826596,0.0820931,0.0815187,0.080936,0.0803442,0.0797428,0.0791309,0.0785078,0.0778725,0.0772239,0.0765608,0.075882,0.0751861,0.0744713,0.0737359,0.0729781,0.0721958,0.0713871,0.0705504,0.0696846,0.0687903,0.0678704,0.0669318,0.0659864,0.0650518,0.0641487,0.0632969,0.0625105,0.0617956,0.0611514,0.0605728,0.0600525,0.059583,0.0591574,0.0587693,0.0584136,0.0580859,0.0577824,0.0575,0.0572362,0.0569887,0.0567558,0.0565358,0.0563274,0.0561294,0.055941,0.0557611,0.055589,0.0554242,0.0552659,0.0551137,0.0549671,0.0548257,0.0546891,0.0545571,0.0544292,0.0543053,0.054185,0.0540682,0.0539547,0.0538442,0.0537366,0.0536318,0.0535296,0.0534298,0.0533324,0.0532372,0.0531441,0.053053,0.0529639,0.0528766,0.052791,0.0527072,0.0526249,0.0525442,0.052465,0.0523872,0.0523108,0.0522357,0.0521619,0.0520893,0.0520179,0.0519476,0.0518784,0.0518103,0.0517432,0.0516771,0.051612,0.0515478,0.0514845,0.0514221
0.088081,0.0875724,0.0870596,0.0865422,0.0860202,0.0854931,0.0849608,0.0844229,0.0838791,0.0833289,0.082772,0.082208,0.0816363,0.0810564,0.0804678,0.0798697,0.0792615,0.0786423,0.0780112,0.0773672,0.0767093,0.0760361,0.0753463,0.0746383,0.0739105,0.073161,0.0723879,0.0715894,0.0707638,0.06991,0.069028,0.0681202,0.0671921,0.0662541,0.0653218,0.0644148,0.063553,0.0627519,0.0620199,0.0613582,0.0607627,0.0602271,0.0597439,0.0593061,0.0589075,0.0585425,0.0582066,0.0578959,0.0576072,0.0573377,0.0570852,0.0568477,0.0566236,0.0564115,0.0562102,0.0560186,0.0558359,0.0556613,0.055494,0.0553335,0.0551793,0.0550308,0.0548876,0.0547494,0.0546158,0.0544864,0.0543611,0.0542396,0.0541216,0.0540069,0.0538953,0.0537867,0.0536809,0.0535778,0.0534771,0.0533788,0.0532828,0.053189,0.0530971,0.0530073,0.0529193,0.0528331,0.0527486,0.0526658,0.0525845,0.0525048,0.0524264,0.0523495,0.0522739,0.0521996,0.0521266,0.0520547,0.051984,0.0519144,0.0518459,0.0517784,0.0517119,0.0516464,0.0515819,0.0515182,0.0514555
0.0881746,0.0876674,0.087156,0.0866403,0.0861198,0.0855945,0.085064,0.0845281,0.0839863,0.0834383,0.0828837,0.0823222,0.0817531,0.0811761,0.0805905,0.0799957,0.079391,0.0787756,0.0781486,0.0775092,0.0768562,0.0761884,0.0755046,0.0748031,0.0740826,0.0733411,0.0725769,0.0717882,0.0709733,0.070131,0.0692611,0.0683652,0.067448,0.0665182,0.0655896,0.0646805,0.0638105,0.0629962,0.062248,0.061569,0.0609568,0.0604056,0.0599083,0.0594581,0.0590486,0.058674,0.0583296,0.0580115,0.0577162,0.0574408,0.0571831,0.0569409,0.0567126,0.0564967,0.0562919,0.0560972,0.0559116,0.0557343,0.0555646,0.0554019,0.0552455,0.0550951,0.0549501,0.0548102,0.0546749,0.0545441,0.0544174,0.0542946,0.0541753,0.0540595,0.0539468,0.0538371,0.0537303,0.0536262,0.0535247,0.0534255,0.0533287,0.0532341,0.0531415,0.053051,0.0529623,0.0528754,0.0527903,0.0527069,0.052625,0.0525447,0.0524658,0.0523884,0.0523123,0.0522375,0.052164,0.0520917,0.0520205,0.0519505,0.0518816,0.0518137,0.0517469,0.051681,0.0516161,0.0515521,0.051489
0.0882678,0.087762,0.0872521,0.0867378,0.086219,0.0856954,0.0851667,0.0846327,0.0840929,0.083547,0.0829948,0.0824356,0.0818692,0.0812949,0.0807123,0.0801206,0.0795194,0.0789077,0.0782848,0.0776498,0.0770015,0.076339,0.0756609,0.0749659,0.0742523,0.0735186,0.0727629,0.0719836,0.071179,0.0703478,0.0694896,0.0686056,0.0676993,0.0667783,0.0658548,0.0649453,0.0640689,0.063243,0.0624796,0.0617839,0.0611549,0.0605879,0.0600764,0.0596134,0.0591925,0.0588081,0.058455,0.0581292,0.057827,0.0575457,0.0572825,0.0570355,0.0568029,0.056583,0.0563747,0.0561767,0.0559882,0.0558082,0.055636,0.0554709,0.0553124,0.05516,0.0550131,0.0548715,0.0547346,0.0546023,0.0544742,0.05435,0.0542295,0.0541124,0.0539986,0.0538879,0.0537801,0.053675,0.0535725,0.0534725,0.0533749,0.0532794,0.0531861,0.0530948,0.0530055,0.052918,0.0528322,0.0527482,0.0526657,0.0525848,0.0525054,0.0524274,0.0523508,0.0522756,0.0522016,0.0521288,0.0520572,0.0519868,0.0519174,0.0518492,0.0517819,0.0517157,0.0516504,0.0515861,0.0515226
0.0883606,0.0878562,0.0873477,0.086835,0.0863178,0.0857959,0.0852689,0.0847367,0.0841989,0.0836552,0.0831051,0.0825484,0.0819844,0.0814129,0.0808332,0.0802447,0.0796467,0.0790387,0.0784197,0.077789,0.0771454,0.076488,0.0758155,0.0751265,0.0744197,0.0736935,0.0729461,0.0721758,0.0713811,0.0705607,0.0697139,0.0688414,0.0679462,0.0670345,0.0661169,0.0652086,0.0643276,0.0634917,0.0627144,0.0620025,0.061357,0.0607742,0.060248,0.059772,0.0593395,0.0589448,0.0585828,0.058249,0.0579399,0.0576522,0.0573836,0.0571316,0.0568945,0.0566706,0.0564586,0.0562573,0.0560657,0.0558829,0.0557081,0.0555406,0.05538,0.0552255,0.0550767,0.0549333,0.0547949,0.054661,0.0545314,0.0544058,0.054284,0.0541658,0.0540508,0.053939,0.0538302,0.0537241,0.0536207,0.0535198,0.0534213,0.0533251,0.053231,0.053139,0.0530489,0.0529607,0.0528743,0.0527896,0.0527066,0.0526251,0.0525452,0.0524667,0.0523895,0.0523138,0.0522393,0.0521661,0.052094,0.0520232,0.0519534,0.0518847,0.0518171,0.0517505,0.0516848,0.0516201,0.0515563
0.088453,0.08795,0.0874429,0.0869317,0.0864161,0.0858958,0.0853706,0.0848403,0.0843044,0.0837627,0.0832149,0.0826604,0.082099,0.0815301,0.0809532,0.0803677,0.0797731,0.0791686,0.0785535,0.0779269,0.0772879,0.0766354,0.0759682,0.0752853,0.074585,0.0738659,0.0731264,0.0723649,0.0715798,0.0707697,0.0699339,0.0690728,0.0681886,0.0672866,0.0663758,0.0654701,0.0645862,0.063742,0.0629519,0.0622247,0.061563,0.0609643,0.0604234,0.059934,0.0594896,0.0590843,0.058713,0.058371,0.0580547,0.0577606,0.0574862,0.0572291,0.0569874,0.0567593,0.0565435,0.0563388,0.0561441,0.0559584,0.055781,0.0556111,0.0554482,0.0552916,0.055141,0.0549957,0.0548556,0.0547201,0.0545891,0.0544621,0.054339,0.0542195,0.0541034,0.0539905,0.0538806,0.0537735,0.0536692,0.0535674,0.053468,0.053371,0.0532761,0.0531833,0.0530925,0.0530037,0.0529166,0.0528313,0.0527477,0.0526656,0.0525851,0.052506,0.0524284,0.0523522,0.0522772,0.0522035,0.052131,0.0520597,0.0519895,0.0519204,0.0518524,0.0517854,0.0517194,0.0516543,0.0515902
0.0885451,0.0880434,0.0875378,0.087028,0.0865139,0.0859953,0.0854718,0.0849433,0.0844093,0.0838697,0.083324,0.0827718,0.0822128,0.0816465,0.0810724,0.0804899,0.0798985,0.0792975,0.0786861,0.0780635,0.0774289,0.0767812,0.0761193,0.0754421,0.0747481,0.074036,0.0733042,0.0725511,0.0717751,0.070975,0.0701499,0.0692998,0.0684266,0.0675345,0.0666313,0.0657293,0.0648441,0.0639932,0.0631918,0.0624502,0.0617727,0.0611582,0.0606024,0.0600993,0.0596428,0.0592267,0.0588458,0.0584953,0.0581715,0.0578708,0.0575905,0.0573281,0.0570816,0.0568493,0.0566296,0.0564214,0.0562235,0.0560348,0.0558547,0.0556824,0.0555171,0.0553585,0.0552058,0.0550587,0.0549169,0.0547798,0.0546472,0.0545188,0.0543944,0.0542736,0.0541563,0.0540423,0.0539313,0.0538233,0.053718,0.0536152,0.053515,0.0534171,0.0533215,0.0532279,0.0531364,0.0530469,0.0529591,0.0528732,0.0527889,0.0527063,0.0526252,0.0525456,0.0524675,0.0523907,0.0523152,0.0522411,0.0521681,0.0520964,0.0520258,0.0519563,0.0518879,0.0518205,0.0517541,0.0516886,0.0516242
0.0886369,0.0881365,0.0876322,0.0871239,0.0866114,0.0860943,0.0855725,0.0850458,0.0845137,0.083976,0.0834324,0.0828825,0.0823259,0.0817622,0.0811908,0.0806112,0.0800229,0.0794253,0.0788175,0.0781989,0.0775686,0.0769255,0.0762687,0.0755971,0.0749092,0.0742038,0.0734793,0.0727343,0.0719673,0.0711768,0.070362,0.0695228,0.0686603,0.0677782,0.0668832,0.0659859,0.0651009,0.0642449,0.0634336,0.0626786,0.0619859,0.0613558,0.060785,0.0602681,0.0597991,0.0593719,0.0589811,0.058622,0.0582904,0.0579829,0.0576965,0.0574286,0.0571773,0.0569405,0.0567169,0.056505,0.0563038,0.0561122,0.0559293,0.0557544,0.0555868,0.0554259,0.0552713,0.0551223,0.0549787,0.05484,0.0547058,0.054576,0.0544502,0.0543282,0.0542096,0.0540945,0.0539824,0.0538733,0.053767,0.0536634,0.0535623,0.0534635,0.0533671,0.0532728,0.0531805,0.0530903,0.0530019,0.0529153,0.0528304,0.0527472,0.0526655,0.0525854,0.0525067,0.0524294,0.0523534,0.0522788,0.0522054,0.0521332,0.0520622,0.0519922,0.0519234,0.0518556,0.0517889,0.0517231,0.0516582
0.0887283,0.0882292,0.0877263,0.0872194,0.0867084,0.0861929,0.0856728,0.0851478,0.0846175,0.0840818,0.0835403,0.0829926,0.0824384,0.0818771,0.0813084,0.0807317,0.0801464,0.0795521,0.0789479,0.0783331,0.0777069,0.0770684,0.0764165,0.0757503,0.0750683,0.0743694,0.0736521,0.0729149,0.0721564,0.0713752,0.0705704,0.0697417,0.0688898,0.0680178,0.0671313,0.0662397,0.0653562,0.0644967,0.063677,0.0629098,0.0622025,0.0615571,0.0609713,0.0604404,0.0599586,0.05952,0.0591191,0.058751,0.0584115,0.0580969,0.0578042,0.0575307,0.0572743,0.0570331,0.0568053,0.0565898,0.0563851,0.0561904,0.0560047,0.0558272,0.0556572,0.0554941,0.0553373,0.0551865,0.055041,0.0549006,0.0547649,0.0546337,0.0545065,0.0543831,0.0542634,0.054147,0.0540339,0.0539237,0.0538164,0.0537119,0.0536098,0.0535102,0.053413,0.0533179,0.0532249,0.0531339,0.0530448,0.0529576,0.0528721,0.0527882,0.052706,0.0526253,0.052546,0.0524682,0.0523918,0.0523167,0.0522428,0.0521702,0.0520987,0.0520284,0.0519591,0.0518909,0.0518238,0.0517576,0.0516924
0.0888193,0.0883215,0.0878199,0.0873145,0.0868049,0.086291,0.0857725,0.0852492,0.0847209,0.0841871,0.0836476,0.0831021,0.0825501,0.0819913,0.0814252,0.0808513,0.080269,0.0796779,0.0790771,0.0784661,0.077844,0.0772099,0.0765628,0.0759018,0.0752255,0.0745329,0.0738224,0.0730928,0.0723425,0.0715704,0.0707752,0.0699567,0.0691153,0.0682533,0.0673756,0.0664904,0.0656096,0.0647481,0.0639214,0.0631431,0.0624221,0.0617618,0.0611612,0.0606162,0.0601214,0.0596711,0.0592598,0.0588824,0.0585347,0.0582129,0.0579137,0.0576344,0.0573729,0.0571269,0.056895,0.0566756,0.0564675,0.0562696,0.056081,0.0559008,0.0557283,0.0555629,0.0554041,0.0552512,0.0551039,0.0549618,0.0548246,0.0546918,0.0545631,0.0544385,0.0543175,0.0541999,0.0540856,0.0539744,0.0538662,0.0537606,0.0536577,0.0535572,0.0534591,0.0533632,0.0532695,0.0531778,0.053088,0.0530001,0.0529139,0.0528295,0.0527466,0.0526654,0.0525856,0.0525073,0.0524303,0.0523547,0.0522804,0.0522073,0.0521354,0.0520646,0.0519949,0.0519264,0.0518588,0.0517923,0.0517267
0.08891,0.0884135,0.0879132,0.0874092,0.0869011,0.0863887,0.0858718,0.0853502,0.0848236,0.0842918,0.0837543,0.0832109,0.0826612,0.0821047,0.0815412,0.08097,0.0803907,0.0798027,0.0792054,0.078598,0.0779798,0.07735,0.0767076,0.0760516,0.0753809,0.0746943,0.0739905,0.0732682,0.0725259,0.0717624,0.0709766,0.0701679,0.0693367,0.0684848,0.0676161,0.0667379,0.0658608,0.0649986,0.0641664,0.0633785,0.0626446,0.0619699,0.0613545,0.0607954,0.0602875,0.0598252,0.0594032,0.0590164,0.0586602,0.0583309,0.058025,0.0577398,0.0574729,0.0572222,0.0569859,0.0567626,0.0565509,0.0563497,0.0561581,0.0559752,0.0558002,0.0556325,0.0554714,0.0553166,0.0551674,0.0550236,0.0548847,0.0547503,0.0546203,0.0544942,0.054372,0.0542532,0.0541378,0.0540255,0.0539162,0.0538097,0.0537058,0.0536045,0.0535055,0.0534088,0.0533143,0.0532219,0.0531314,0.0530428,0.052956,0.0528709,0.0527875,0.0527057,0.0526253,0.0525465,0.052469,0.0523929,0.0523181,0.0522445,0.0521722,0.052101,0.0520309,0.0519619,0.051894,0.0518271,0.0517611
0.0890004,0.0885051,0.0880062,0.0875035,0.0869968,0.086486,0.0859707,0.0854508,0.0849259,0.0843959,0.0838604,0.0833191,0.0827716,0.0822175,0.0816565,0.081088,0.0805115,0.0799266,0.0793325,0.0787287,0.0781144,0.0774887,0.0768509,0.0761998,0.0755345,0.0748538,0.0741564,0.0734411,0.0727065,0.0719514,0.0711746,0.0703755,0.0695543,0.0687122,0.0678528,0.0669821,0.0661095,0.0652478,0.0644117,0.0636153,0.0628697,0.0621812,0.0615513,0.060978,0.0604568,0.0599824,0.0595495,0.0591529,0.058788,0.0584509,0.0581382,0.0578469,0.0575744,0.0573188,0.0570781,0.0568507,0.0566354,0.0564309,0.0562362,0.0560504,0.0558729,0.0557027,0.0555395,0.0553826,0.0552315,0.0550859,0.0549453,0.0548094,0.0546779,0.0545505,0.0544269,0.0543069,0.0541903,0.0540769,0.0539666,0.0538591,0.0537543,0.053652,0.0535522,0.0534547,0.0533594,0.0532662,0.053175,0.0530858,0.0529983,0.0529126,0.0528286,0.0527461,0.0526653,0.0525859,0.0525079,0.0524313,0.052356,0.0522819,0.0522091,0.0521375,0.052067,0.0519976,0.0519293,0.051862,0.0517957
0.0890904,0.0885964,0.0880987,0.0875974,0.0870922,0.0865828,0.0860691,0.0855508,0.0850277,0.0844995,0.0839659,0.0834267,0.0828813,0.0823296,0.081771,0.0812051,0.0806315,0.0800496,0.0794587,0.0788584,0.0782478,0.0776262,0.0769927,0.0763465,0.0756864,0.0750114,0.0743202,0.0736117,0.0728845,0.0721374,0.0713694,0.0705797,0.0697681,0.0689358,0.0680856,0.0672227,0.0663555,0.0654955,0.0646567,0.0638532,0.0630969,0.0623953,0.0617514,0.061164,0.0606294,0.0601427,0.0596985,0.0592919,0.0589181,0.0585731,0.0582533,0.0579557,0.0576776,0.0574168,0.0571715,0.05694,0.0567209,0.056513,0.0563152,0.0561265,0.0559463,0.0557737,0.0556082,0.0554492,0.0552962,0.0551488,0.0550065,0.054869,0.0547359,0.0546071,0.0544822,0.054361,0.0542432,0.0541287,0.0540173,0.0539088,0.053803,0.0536998,0.0535992,0.0535008,0.0534048,0.0533108,0.0532189,0.0531289,0.0530408,0.0529545,0.0528698,0.0527868,0.0527054,0.0526254,0.0525469,0.0524698,0.052394,0.0523195,0.0522462,0.0521741,0.0521032,0.0520334,0.0519647,0.051897,0.0518303
0.0891801,0.0886873,0.088191,0.087691,0.0871871,0.0866792,0.086167,0.0856504,0.085129,0.0846026,0.0840709,0.0835337,0.0829905,0.082441,0.0818848,0.0813215,0.0807506,0.0801716,0.079584,0.078987,0.0783801,0.0777624,0.0771332,0.0764916,0.0758366,0.0751671,0.074482,0.07378,0.07306,0.0723208,0.0715611,0.0707804,0.0699783,0.0691557,0.0683147,0.0674598,0.0665986,0.0657413,0.0649011,0.0640919,0.063326,0.0626122,0.0619546,0.0613533,0.0608052,0.060306,0.0598505,0.0594336,0.0590507,0.0586975,0.0583704,0.0580662,0.0577823,0.0575164,0.0572663,0.0570306,0.0568076,0.0565961,0.0563951,0.0562035,0.0560206,0.0558455,0.0556777,0.0555165,0.0553615,0.0552122,0.0550681,0.054929,0.0547945,0.0546642,0.0545379,0.0544154,0.0542965,0.0541808,0.0540683,0.0539588,0.053852,0.053748,0.0536464,0.0535472,0.0534504,0.0533556,0.053263,0.0531723,0.0530835,0.0529965,0.0529113,0.0528277,0.0527456,0.0526651,0.0525861,0.0525085,0.0524322,0.0523572,0.0522835,0.0522109,0.0521396,0.0520694,0.0520002,0.0519322,0.0518651
0.0892695,0.0887779,0.0882828,0.0877841,0.0872817,0.0867752,0.0862646,0.0857495,0.0852298,0.0847052,0.0841754,0.0836401,0.083099,0.0825517,0.0819979,0.0814371,0.0808689,0.0802928,0.0797082,0.0791146,0.0785112,0.0778974,0.0772724,0.0766353,0.0759852,0.075321,0.0746417,0.0739461,0.0732331,0.0725014,0.0717499,0.0709779,0.070185,0.0693718,0.06854,0.0676934,0.0668386,0.0659849,0.0651445,0.0643308,0.0635566,0.0628314,0.0621608,0.0615457,0.0609843,0.0604724,0.0600053,0.059578,0.0591856,0.0588241,0.0584895,0.0581786,0.0578887,0.0576174,0.0573625,0.0571223,0.0568954,0.0566803,0.056476,0.0562814,0.0560956,0.055918,0.0557478,0.0555845,0.0554274,0.0552762,0.0551304,0.0549896,0.0548535,0.0547217,0.0545941,0.0544703,0.0543501,0.0542333,0.0541197,0.0540091,0.0539014,0.0537964,0.0536939,0.0535939,0.0534962,0.0534007,0.0533073,0.0532159,0.0531265,0.0530388,0.0529529,0.0528687,0.0527861,0.052705,0.0526255,0.0525473,0.0524705,0.052395,0.0523209,0.0522479,0.0521761,0.0521055,0.0520359,0.0519674,0.0519
0.0893586,0.0888681,0.0883743,0.0878769,0.0873758,0.0868708,0.0863616,0.0858482,0.0853301,0.0848072,0.0842793,0.0837459,0.0832069,0.0826618,0.0821103,0.081552,0.0809864,0.0804131,0.0798316,0.0792412,0.0786413,0.0780312,0.0774103,0.0767776,0.0761322,0.0754732,0.0747996,0.0741102,0.0734038,0.0726794,0.0719359,0.0711723,0.0703884,0.0695843,0.0687616,0.0679235,0.0670755,0.0662262,0.0653866,0.0645697,0.0637883,0.0630528,0.0623697,0.0617413,0.0611665,0.060642,0.0601631,0.0597251,0.0593231,0.0589529,0.0586106,0.0582929,0.0579968,0.0577199,0.0574601,0.0572154,0.0569844,0.0567656,0.0565578,0.0563601,0.0561716,0.0559913,0.0558187,0.0556531,0.0554939,0.0553408,0.0551932,0.0550507,0.054913,0.0547798,0.0546507,0.0545256,0.0544042,0.0542862,0.0541715,0.0540598,0.0539511,0.0538451,0.0537417,0.0536409,0.0535423,0.053446,0.0533519,0.0532598,0.0531696,0.0530813,0.0529948,0.0529099,0.0528267,0.0527451,0.052665,0.0525863,0.052509,0.0524331,0.0523584,0.052285,0.0522128,0.0521417,0.0520717,0.0520029,0.051935
0.0894473,0.088958,0.0884655,0.0879694,0.0874696,0.086966,0.0864583,0.0859464,0.0854299,0.0849088,0.0843826,0.0838512,0.0833142,0.0827713,0.082222,0.0816661,0.0811032,0.0805326,0.079954,0.0793667,0.0787703,0.0781639,0.0775469,0.0769184,0.0762777,0.0756238,0.0749556,0.0742722,0.0735723,0.072855,0.072119,0.0713637,0.0705884,0.0697933,0.0689796,0.06815,0.0673092,0.0664648,0.0656271,0.0648082,0.0640209,0.063276,0.0625812,0.0619399,0.0613519,0.0608146,0.0603238,0.0598749,0.0594631,0.059084,0.0587338,0.058409,0.0581066,0.057824,0.057559,0.0573098,0.0570745,0.0568519,0.0566407,0.0564398,0.0562483,0.0560654,0.0558903,0.0557224,0.0555611,0.055406,0.0552565,0.0551123,0.054973,0.0548382,0.0547078,0.0545813,0.0544586,0.0543394,0.0542235,0.0541108,0.0540011,0.0538941,0.0537898,0.0536881,0.0535887,0.0534916,0.0533967,0.0533039,0.053213,0.053124,0.0530368,0.0529514,0.0528676,0.0527854,0.0527047,0.0526255,0.0525477,0.0524712,0.0523961,0.0523222,0.0522495,0.052178,0.0521077,0.0520384,0.0519702
0.0895357,0.0890476,0.0885563,0.0880614,0.087563,0.0870608,0.0865546,0.0860441,0.0855293,0.0850099,0.0844855,0.0839559,0.0834209,0.0828801,0.0823331,0.0817796,0.0812191,0.0806513,0.0800755,0.0794914,0.0788982,0.0782954,0.0776822,0.077058,0.0764218,0.0757727,0.0751099,0.0744322,0.0737386,0.0730281,0.0722996,0.0715521,0.0707853,0.069999,0.0691941,0.0683729,0.0675396,0.0667008,0.0658657,0.0650459,0.0642538,0.0635007,0.062795,0.0621412,0.0615403,0.0609903,0.0604875,0.0600274,0.0596056,0.0592175,0.0588592,0.0585271,0.0582182,0.0579297,0.0576595,0.0574055,0.0571659,0.0569394,0.0567246,0.0565205,0.056326,0.0561403,0.0559627,0.0557924,0.055629,0.0554718,0.0553204,0.0551744,0.0550335,0.0548972,0.0547653,0.0546374,0.0545134,0.054393,0.054276,0.0541622,0.0540514,0.0539435,0.0538382,0.0537356,0.0536354,0.0535375,0.0534418,0.0533482,0.0532566,0.0531669,0.0530791,0.052993,0.0529086,0.0528258,0.0527446,0.0526648,0.0525865,0.0525096,0.0524339,0.0523596,0.0522865,0.0522145,0.0521437,0.0520741,0.0520054
0.0896239,0.0891369,0.0886467,0.0881532,0.087656,0.0871552,0.0866504,0.0861415,0.0856282,0.0851104,0.0845878,0.0840601,0.083527,0.0829883,0.0824435,0.0818923,0.0813343,0.0807691,0.0801962,0.0796151,0.0790251,0.0784258,0.0778164,0.0771962,0.0765644,0.0759201,0.0752624,0.0745903,0.0739028,0.0731989,0.0724775,0.0717378,0.0709791,0.0702014,0.0694052,0.0685925,0.0677667,0.0669339,0.0661022,0.0652826,0.0644869,0.0637266,0.0630108,0.0623452,0.0617316,0.0611689,0.0606541,0.0601828,0.0597507,0.0593533,0.0589867,0.0586471,0.0583315,0.0580371,0.0577614,0.0575025,0.0572586,0.057028,0.0568096,0.0566021,0.0564045,0.056216,0.0560358,0.0558631,0.0556975,0.0555382,0.0553849,0.0552371,0.0550945,0.0549566,0.0548232,0.054694,0.0545687,0.054447,0.0543288,0.0542139,0.0541021,0.0539931,0.0538869,0.0537834,0.0536823,0.0535836,0.0534871,0.0533927,0.0533004,0.0532101,0.0531216,0.0530349,0.0529498,0.0528665,0.0527847,0.0527044,0.0526255,0.0525481,0.052472,0.0523971,0.0523236,0.0522512,0.05218,0.0521099,0.0520408
0.0897117,0.0892259,0.0887369,0.0882445,0.0877487,0.0872492,0.0867458,0.0862384,0.0857267,0.0852106,0.0846897,0.0841638,0.0836326,0.0830959,0.0825533,0.0820044,0.0814488,0.0808862,0.080316,0.0797378,0.0791511,0.0785552,0.0779494,0.0773331,0.0767056,0.0760659,0.0754132,0.0747466,0.074065,0.0733675,0.072653,0.0719208,0.07117,0.0704006,0.0696129,0.0688086,0.0679905,0.067164,0.0663365,0.0655179,0.0647197,0.0639533,0.0632284,0.0625515,0.0619257,0.0613505,0.0608236,0.060341,0.0598984,0.0594916,0.0591164,0.0587692,0.0584467,0.0581461,0.0578649,0.057601,0.0573525,0.0571178,0.0568956,0.0566847,0.056484,0.0562926,0.0561097,0.0559346,0.0557666,0.0556053,0.05545,0.0553004,0.055156,0.0550165,0.0548816,0.054751,0.0546243,0.0545014,0.054382,0.054266,0.054153,0.0540431,0.0539359,0.0538315,0.0537295,0.0536299,0.0535326,0.0534375,0.0533445,0.0532534,0.0531643,0.0530769,0.0529913,0.0529073,0.0528249,0.0527441,0.0526647,0.0525867,0.0525101,0.0524348,0.0523608,0.052288,0.0522163,0.0521458,0.0520764
0.0897992,0.0893145,0.0888267,0.0883356,0.087841,0.0873428,0.0868408,0.0863349,0.0858247,0.0853102,0.084791,0.0842669,0.0837376,0.0832029,0.0826624,0.0821157,0.0815626,0.0810025,0.080435,0.0798597,0.0792761,0.0786835,0.0780813,0.0774689,0.0768455,0.0762103,0.0755625,0.0749011,0.0742252,0.0735339,0.0728262,0.0721011,0.0713581,0.0705967,0.0698174,0.0690213,0.0682111,0.0673912,0.0665683,0.0657516,0.0649519,0.0641805,0.0634474,0.0627601,0.0621224,0.061535,0.0609959,0.0605019,0.0600488,0.0596323,0.0592484,0.0588934,0.0585638,0.0582569,0.0579699,0.0577008,0.0574477,0.0572088,0.0569828,0.0567683,0.0565644,0.0563701,0.0561844,0.0560068,0.0558365,0.055673,0.0555157,0.0553642,0.0552181,0.055077,0.0549405,0.0548084,0.0546804,0.0545562,0.0544356,0.0543184,0.0542044,0.0540934,0.0539852,0.0538798,0.053777,0.0536765,0.0535785,0.0534826,0.0533888,0.053297,0.0532072,0.0531191,0.0530329,0.0529483,0.0528654,0.052784,0.052704,0.0526256,0.0525484,0.0524727,0.0523982,0.0523249,0.0522528,0.0521818,0.052112
0.0898864,0.0894028,0.0889162,0.0884263,0.0879329,0.0874361,0.0869355,0.086431,0.0859223,0.0854094,0.0848919,0.0843695,0.0838421,0.0833093,0.0827709,0.0822264,0.0816756,0.081118,0.0805532,0.0799807,0.0794001,0.0788107,0.078212,0.0776034,0.076984,0.0763532,0.0757101,0.0750539,0.0743836,0.0736982,0.072997,0.0722789,0.0715433,0.0707899,0.0700187,0.0692308,0.0684284,0.0676153,0.0667975,0.0659835,0.0651833,0.0644079,0.0636677,0.0629706,0.0623216,0.0617222,0.0611711,0.0606656,0.0602018,0.0597755,0.0593827,0.0590196,0.0586828,0.0583693,0.0580765,0.0578022,0.0575442,0.057301,0.057071,0.056853,0.0566458,0.0564484,0.05626,0.0560798,0.0559071,0.0557414,0.055582,0.0554286,0.0552807,0.0551379,0.0549999,0.0548663,0.0547369,0.0546114,0.0544895,0.0543712,0.054256,0.054144,0.0540349,0.0539285,0.0538247,0.0537234,0.0536245,0.0535279,0.0534333,0.0533408,0.0532503,0.0531616,0.0530747,0.0529895,0.052906,0.052824,0.0527436,0.0526645,0.0525869,0.0525107,0.0524357,0.0523619,0.0522894,0.052218,0.0521478
0.0899733,0.0894909,0.0890053,0.0885166,0.0880245,0.087529,0.0870297,0.0865266,0.0860195,0.0855081,0.0849922,0.0844716,0.083946,0.0834152,0.0828788,0.0823365,0.081788,0.0812328,0.0806706,0.0801009,0.0795232,0.078937,0.0783417,0.0777367,0.0771213,0.0764947,0.0758563,0.075205,0.0745401,0.0738606,0.0731656,0.0724543,0.071726,0.0709802,0.070217,0.0694371,0.0686424,0.0678363,0.0670241,0.0662134,0.0654135,0.0646352,0.0638888,0.0631829,0.0625232,0.061912,0.0613491,0.0608321,0.0603574,0.0599212,0.0595193,0.0591479,0.0588038,0.0584836,0.0581848,0.057905,0.0576421,0.0573944,0.0571604,0.0569387,0.0567281,0.0565276,0.0563363,0.0561535,0.0559784,0.0558104,0.055649,0.0554936,0.0553439,0.0551994,0.0550597,0.0549247,0.0547938,0.054667,0.0545439,0.0544243,0.0543081,0.054195,0.0540848,0.0539775,0.0538728,0.0537706,0.0536709,0.0535734,0.0534781,0.0533849,0.0532936,0.0532043,0.0531167,0.0530309,0.0529468,0.0528643,0.0527832,0.0527037,0.0526256,0.0525488,0.0524733,0.0523992,0.0523262,0.0522544,0.0521837
0.09006,0.0895786,0.0890942,0.0886066,0.0881158,0.0876215,0.0871236,0.0866219,0.0861162,0.0856064,0.0850921,0.0845732,0.0840494,0.0835205,0.0829861,0.0824459,0.0818996,0.0813469,0.0807872,0.0802202,0.0796454,0.0790623,0.0784704,0.0778689,0.0772573,0.0766349,0.0760009,0.0753545,0.0746948,0.0740209,0.0733321,0.0726273,0.071906,0.0711677,0.0704123,0.0696403,0.0688533,0.0680543,0.0672479,0.066441,0.0656424,0.0648621,0.0641105,0.0633966,0.0627268,0.0621044,0.0615298,0.0610013,0.0605157,0.0600693,0.0596582,0.0592785,0.0589267,0.0585997,0.0582947,0.0580093,0.0577414,0.0574892,0.057251,0.0570255,0.0568114,0.0566077,0.0564136,0.056228,0.0560504,0.0558801,0.0557166,0.0555592,0.0554076,0.0552614,0.0551201,0.0549835,0.0548512,0.054723,0.0545986,0.0544778,0.0543605,0.0542462,0.0541351,0.0540267,0.0539211,0.0538181,0.0537175,0.0536192,0.0535231,0.0534292,0.0533372,0.0532472,0.053159,0.0530725,0.0529878,0.0529047,0.0528231,0.052743,0.0526644,0.0525871,0.0525112,0.0524365,0.0523631,0.0522909,0.0522198
0.0901463,0.089666,0.0891827,0.0886963,0.0882067,0.0877137,0.0872171,0.0867168,0.0862125,0.0857042,0.0851915,0.0846743,0.0841523,0.0836252,0.0830928,0.0825547,0.0820106,0.0814602,0.080903,0.0803387,0.0797668,0.0791867,0.078598,0.078,0.0773922,0.0767738,0.0761441,0.0755024,0.0748478,0.0741794,0.0734964,0.0727981,0.0720836,0.0713525,0.0706046,0.0698404,0.0690611,0.0682692,0.067469,0.0666664,0.0658696,0.0650883,0.0643325,0.0636114,0.0629323,0.0622991,0.0617131,0.0611732,0.0606767,0.06022,0.0597995,0.0594112,0.0590516,0.0587176,0.0584063,0.0581152,0.0578421,0.0575852,0.0573427,0.0571133,0.0568957,0.0566888,0.0564916,0.0563034,0.0561232,0.0559506,0.0557848,0.0556254,0.0554719,0.0553239,0.055181,0.0550428,0.054909,0.0547794,0.0546538,0.0545318,0.0544132,0.0542979,0.0541857,0.0540763,0.0539698,0.0538658,0.0537643,0.0536652,0.0535684,0.0534737,0.053381,0.0532903,0.0532014,0.0531144,0.053029,0.0529453,0.0528631,0.0527825,0.0527034,0.0526256,0.0525492,0.052474,0.0524001,0.0523275,0.0522559
0.0902324,0.0897531,0.0892709,0.0887857,0.0882972,0.0878055,0.0873102,0.0868112,0.0863084,0.0858016,0.0852905,0.084775,0.0842547,0.0837294,0.0831989,0.0826629,0.082121,0.0815729,0.0810181,0.0804564,0.0798872,0.0793101,0.0787246,0.07813,0.0775258,0.0769114,0.0762859,0.0756488,0.0749991,0.074336,0.0736588,0.0729667,0.0722588,0.0715347,0.0707942,0.0700376,0.0692658,0.0684811,0.0676872,0.0668894,0.0660952,0.0653136,0.0645545,0.0638272,0.0631394,0.0624959,0.0618988,0.0613477,0.0608402,0.0603733,0.0599431,0.0595461,0.0591786,0.0588374,0.0585196,0.0582227,0.0579443,0.0576825,0.0574357,0.0572023,0.0569811,0.0567708,0.0565706,0.0563795,0.0561968,0.0560217,0.0558537,0.0556922,0.0555368,0.055387,0.0552423,0.0551026,0.0549673,0.0548363,0.0547093,0.054586,0.0544663,0.0543499,0.0542366,0.0541262,0.0540187,0.0539138,0.0538115,0.0537116,0.0536139,0.0535184,0.053425,0.0533336,0.0532441,0.0531564,0.0530704,0.0529861,0.0529034,0.0528222,0.0527425,0.0526642,0.0525873,0.0525117,0.0524373,0.0523642,0.0522923
0.0903182,0.0898399,0.0893588,0.0888747,0.0883875,0.0878969,0.0874029,0.0869053,0.0864039,0.0858986,0.085389,0.0848751,0.0843565,0.0838331,0.0833045,0.0827705,0.0822307,0.0816848,0.0811325,0.0805733,0.0800068,0.0794326,0.0788502,0.078259,0.0776583,0.0770477,0.0764264,0.0757937,0.0751488,0.0744909,0.0738193,0.0731331,0.0724317,0.0717144,0.0709811,0.0702319,0.0694676,0.06869,0.0679025,0.0671098,0.0663187,0.0655377,0.0647762,0.0640436,0.063348,0.0626948,0.062087,0.0615247,0.0610064,0.060529,0.0600892,0.0596833,0.0593077,0.0589591,0.0586347,0.0583317,0.0580479,0.0577812,0.0575299,0.0572925,0.0570675,0.0568538,0.0566505,0.0564565,0.0562711,0.0560936,0.0559233,0.0557597,0.0556023,0.0554506,0.0553042,0.0551628,0.0550261,0.0548936,0.0547653,0.0546407,0.0545198,0.0544022,0.0542878,0.0541765,0.054068,0.0539622,0.0538589,0.0537581,0.0536597,0.0535634,0.0534693,0.0533771,0.0532869,0.0531986,0.053112,0.0530271,0.0529438,0.052862,0.0527818,0.052703,0.0526256,0.0525495,0.0524747,0.0524011,0.0523287
0.0904037,0.0899265,0.0894464,0.0889634,0.0884774,0.087988,0.0874953,0.086999,0.086499,0.0859951,0.0854871,0.0849748,0.0844579,0.0839362,0.0834095,0.0828775,0.0823398,0.0817961,0.0812461,0.0806894,0.0801256,0.0795543,0.0789749,0.0783869,0.0777897,0.0771828,0.0765655,0.0759371,0.0752969,0.0746441,0.0739778,0.0732975,0.0726023,0.0718917,0.0711654,0.0704234,0.0696664,0.068896,0.068115,0.0673277,0.0665402,0.0657605,0.0649974,0.0642604,0.0635577,0.0628955,0.0622773,0.0617042,0.061175,0.0606873,0.0602377,0.0598227,0.0594388,0.0590828,0.0587516,0.0584424,0.058153,0.0578813,0.0576254,0.0573838,0.057155,0.0569378,0.0567313,0.0565343,0.0563462,0.0561662,0.0559936,0.0558278,0.0556683,0.0555148,0.0553666,0.0552236,0.0550853,0.0549514,0.0548217,0.0546958,0.0545736,0.0544549,0.0543394,0.054227,0.0541175,0.0540108,0.0539066,0.053805,0.0537057,0.0536087,0.0535138,0.0534209,0.05333,0.053241,0.0531538,0.0530683,0.0529844,0.0529021,0.0528213,0.052742,0.052664,0.0525875,0.0525122,0.0524381,0.0523653
0.0904889,0.0900127,0.0895338,0.0890519,0.0885669,0.0880788,0.0875873,0.0870924,0.0865937,0.0860913,0.0855848,0.085074,0.0845588,0.0840389,0.083514,0.0829839,0.0824482,0.0819067,0.0813591,0.0808048,0.0802436,0.0796751,0.0790986,0.0785138,0.07792,0.0773168,0.0767034,0.0760792,0.0754435,0.0747955,0.0741346,0.0734599,0.0727707,0.0720666,0.0713471,0.0706121,0.0698624,0.0690991,0.0683246,0.067543,0.0667596,0.0659817,0.0652179,0.0644773,0.0637684,0.0630978,0.0624698,0.0618861,0.0613462,0.060848,0.0603885,0.0599644,0.0595721,0.0592084,0.0588702,0.0585548,0.0582597,0.0579828,0.0577222,0.0574763,0.0572436,0.0570229,0.056813,0.0566131,0.0564221,0.0562395,0.0560645,0.0558965,0.055735,0.0555795,0.0554296,0.0552849,0.055145,0.0550096,0.0548785,0.0547513,0.0546279,0.054508,0.0543914,0.0542779,0.0541674,0.0540597,0.0539546,0.0538521,0.053752,0.0536542,0.0535585,0.0534649,0.0533733,0.0532836,0.0531958,0.0531096,0.0530252,0.0529423,0.0528609,0.0527811,0.0527026,0.0526256,0.0525498,0.0524753,0.0524021
0.0905739,0.0900987,0.0896208,0.08914,0.0886562,0.0881692,0.087679,0.0871853,0.086688,0.086187,0.085682,0.0851728,0.0846592,0.084141,0.0836179,0.0830897,0.0825561,0.0820167,0.0814713,0.0809195,0.0803608,0.079795,0.0792214,0.0786397,0.0780493,0.0774496,0.07684,0.0762199,0.0755886,0.0749454,0.0742896,0.0736203,0.0729371,0.0722392,0.0715263,0.0707983,0.0700556,0.0692993,0.0685315,0.0677556,0.0669766,0.0662012,0.0654374,0.0646941,0.0639797,0.0633015,0.0626642,0.0620702,0.0615198,0.0610112,0.0605418,0.0601084,0.0597076,0.0593361,0.0589908,0.0586689,0.0583679,0.0580857,0.0578203,0.05757,0.0573333,0.0571089,0.0568957,0.0566926,0.0564989,0.0563136,0.0561362,0.055966,0.0558023,0.0556449,0.0554931,0.0553467,0.0552052,0.0550683,0.0549357,0.0548072,0.0546825,0.0545614,0.0544436,0.0543291,0.0542176,0.0541089,0.0540029,0.0538995,0.0537985,0.0536999,0.0536035,0.0535092,0.0534169,0.0533265,0.053238,0.0531512,0.0530661,0.0529827,0.0529008,0.0528204,0.0527414,0.0526639,0.0525876,0.0525127,0.0524389
0.0906585,0.0901844,0.0897075,0.0892278,0.0887451,0.0882593,0.0877703,0.0872779,0.086782,0.0862823,0.0857787,0.0852711,0.0847591,0.0842426,0.0837213,0.083195,0.0826633,0.0821261,0.0815829,0.0810334,0.0804773,0.0799141,0.0793433,0.0787647,0.0781775,0.0775812,0.0769754,0.0763593,0.0757323,0.0750937,0.0744428,0.0737789,0.0731014,0.0724096,0.0717031,0.0709819,0.0702461,0.0694967,0.0687355,0.0679655,0.0671913,0.0664188,0.0656557,0.0649105,0.0641915,0.0635063,0.0628603,0.0622565,0.0616957,0.0611767,0.0606974,0.0602546,0.0598452,0.0594657,0.0591131,0.0587847,0.0584778,0.0581901,0.0579198,0.0576649,0.0574241,0.057196,0.0569793,0.0567731,0.0565765,0.0563885,0.0562086,0.056036,0.0558703,0.0557108,0.0555572,0.055409,0.0552658,0.0551274,0.0549934,0.0548635,0.0547375,0.0546152,0.0544963,0.0543806,0.0542681,0.0541584,0.0540515,0.0539472,0.0538454,0.0537459,0.0536487,0.0535536,0.0534606,0.0533695,0.0532804,0.053193,0.0531073,0.0530232,0.0529408,0.0528598,0.0527804,0.0527023,0.0526256,0.0525501,0.052476
0.090743,0.0902698,0.0897939,0.0893153,0.0888337,0.0883491,0.0878613,0.0873701,0.0868755,0.0863772,0.0858751,0.0853689,0.0848586,0.0843437,0.0838242,0.0832997,0.08277,0.0822348,0.0816938,0.0811466,0.0805929,0.0800323,0.0794644,0.0788887,0.0783047,0.0777118,0.0771096,0.0764974,0.0758746,0.0752405,0.0745944,0.0739357,0.0732637,0.0725779,0.0718777,0.071163,0.070434,0.0696914,0.0689368,0.0681728,0.0674036,0.0666345,0.0658727,0.0651263,0.0644035,0.0637121,0.0630579,0.0624447,0.0618738,0.0613447,0.0608554,0.0604032,0.0599849,0.0595974,0.0592374,0.0589022,0.0585892,0.058296,0.0580206,0.0577612,0.0575161,0.0572842,0.057064,0.0568546,0.0566549,0.0564642,0.0562818,0.0561068,0.0559389,0.0557774,0.0556218,0.0554718,0.055327,0.055187,0.0550515,0.0549203,0.0547929,0.0546694,0.0545493,0.0544325,0.0543189,0.0542082,0.0541003,0.0539951,0.0538924,0.0537922,0.0536941,0.0535983,0.0535046,0.0534128,0.053323,0.0532349,0.0531486,0.053064,0.052981,0.0528995,0.0528195,0.0527409,0.0526637,0.0525878,0.0525131
0.0908271,0.0903549,0.0898801,0.0894025,0.088922,0.0884385,0.0879519,0.087462,0.0869687,0.0864718,0.085971,0.0854664,0.0849575,0.0844443,0.0839265,0.0834039,0.0828761,0.0823429,0.0818041,0.0812592,0.0807079,0.0801498,0.0795846,0.0790118,0.0784309,0.0778413,0.0772427,0.0766343,0.0760155,0.0753858,0.0747444,0.0740908,0.0734242,0.0727441,0.07205,0.0713417,0.0706193,0.0698834,0.0691353,0.0683775,0.0676134,0.0668481,0.0660882,0.0653413,0.0646155,0.0639186,0.0632569,0.0626347,0.0620541,0.0615149,0.0610157,0.060554,0.0601269,0.0597311,0.0593636,0.0590216,0.0587023,0.0584034,0.0581228,0.0578586,0.0576093,0.0573734,0.0571497,0.0569369,0.0567342,0.0565407,0.0563557,0.0561783,0.0560081,0.0558445,0.0556871,0.0555352,0.0553887,0.0552471,0.0551101,0.0549774,0.0548488,0.0547239,0.0546027,0.0544848,0.0543701,0.0542584,0.0541495,0.0540434,0.0539398,0.0538387,0.0537399,0.0536433,0.0535488,0.0534563,0.0533658,0.0532771,0.0531902,0.053105,0.0530213,0.0529393,0.0528588,0.0527796,0.0527019,0.0526255,0.0525504
0.090911,0.0904398,0.0899659,0.0894894,0.08901,0.0885276,0.0880422,0.0875535,0.0870615,0.0865659,0.0860666,0.0855634,0.0850561,0.0845445,0.0840284,0.0835075,0.0829816,0.0824504,0.0819137,0.081371,0.0808221,0.0802665,0.079704,0.079134,0.0785561,0.0779698,0.0773746,0.0767699,0.0761551,0.0755297,0.0748929,0.0742441,0.0735828,0.0729082,0.0722201,0.071518,0.0708021,0.0700728,0.0693312,0.0685795,0.0678208,0.0670596,0.066302,0.0655552,0.0648272,0.0641256,0.0634571,0.0628265,0.0622364,0.0616873,0.0611783,0.0607071,0.060271,0.0598669,0.0594918,0.0591427,0.058817,0.0585123,0.0582264,0.0579575,0.0577037,0.0574638,0.0572364,0.0570202,0.0568144,0.0566181,0.0564303,0.0562505,0.0560781,0.0559123,0.0557529,0.0555992,0.0554509,0.0553077,0.0551692,0.055035,0.054905,0.0547789,0.0546564,0.0545374,0.0544216,0.0543088,0.054199,0.0540919,0.0539874,0.0538855,0.0537858,0.0536885,0.0535932,0.0535001,0.0534088,0.0533195,0.0532319,0.0531461,0.0530619,0.0529793,0.0528982,0.0528186,0.0527403,0.0526635,0.0525879
0.0909947,0.0905244,0.0900515,0.089576,0.0890977,0.0886164,0.0881322,0.0876447,0.0871539,0.0866596,0.0861617,0.08566,0.0851542,0.0846442,0.0841298,0.0836106,0.0830866,0.0825574,0.0820227,0.0814822,0.0809356,0.0803825,0.0798225,0.0792553,0.0786804,0.0780972,0.0775054,0.0769043,0.0762934,0.0756721,0.0750398,0.0743958,0.0737395,0.0730705,0.0723881,0.0716921,0.0709825,0.0702597,0.0695245,0.0687789,0.0680257,0.0672689,0.0665141,0.0657681,0.0650384,0.0643329,0.0636582,0.0630197,0.0624205,0.0618619,0.0613431,0.0608625,0.0604173,0.0600048,0.0596219,0.0592657,0.0589334,0.0586228,0.0583315,0.0580576,0.0577994,0.0575553,0.0573241,0.0571045,0.0568955,0.0566962,0.0565058,0.0563235,0.0561487,0.0559808,0.0558193,0.0556637,0.0555137,0.0553688,0.0552287,0.0550931,0.0549617,0.0548343,0.0547105,0.0545903,0.0544734,0.0543596,0.0542488,0.0541407,0.0540354,0.0539325,0.0538321,0.0537339,0.0536379,0.053544,0.0534521,0.0533621,0.0532739,0.0531874,0.0531026,0.0530195,0.0529378,0.0528577,0.0527789,0.0527016,0.0526255
0.091078,0.0906087,0.0901368,0.0896623,0.0891851,0.0887049,0.0882218,0.0877355,0.087246,0.086753,0.0862565,0.0857561,0.0852518,0.0847434,0.0842306,0.0837132,0.083191,0.0826637,0.082131,0.0815927,0.0810484,0.0804977,0.0799403,0.0793758,0.0788037,0.0782237,0.0776352,0.0770376,0.0764305,0.0758132,0.0751852,0.0745459,0.0738946,0.0732308,0.072554,0.071864,0.0711606,0.0704441,0.0697153,0.0689758,0.068228,0.0674759,0.0667243,0.0659796,0.065249,0.0645402,0.06386,0.0632142,0.0626065,0.0620385,0.0615101,0.06102,0.0605658,0.0601448,0.0597539,0.0593905,0.0590516,0.0587349,0.058438,0.0581591,0.0578963,0.057648,0.0574129,0.0571898,0.0569775,0.0567752,0.056582,0.0563971,0.0562199,0.0560498,0.0558863,0.0557288,0.0555769,0.0554304,0.0552887,0.0551516,0.0550188,0.05489,0.054765,0.0546436,0.0545256,0.0544107,0.0542989,0.0541899,0.0540836,0.0539798,0.0538785,0.0537796,0.0536828,0.0535882,0.0534956,0.0534049,0.053316,0.0532289,0.0531436,0.0530598,0.0529776,0.0528969,0.0528177,0.0527398,0.0526633
0.0911612,0.0906928,0.0902219,0.0897484,0.0892721,0.0887931,0.0883111,0.087826,0.0873377,0.086846,0.0863508,0.0858519,0.0853491,0.0848422,0.084331,0.0838153,0.0832949,0.0827695,0.0822388,0.0817026,0.0811605,0.0806121,0.0800573,0.0794954,0.0789262,0.0783492,0.0777639,0.0771698,0.0765663,0.075953,0.0753293,0.0746944,0.074048,0.0733893,0.072718,0.0720337,0.0713364,0.070626,0.0699035,0.0691701,0.068428,0.0676806,0.0669325,0.0661896,0.0654588,0.0647473,0.0640624,0.0634099,0.062794,0.062217,0.0616792,0.0611797,0.0607165,0.0602868,0.059888,0.0595171,0.0591715,0.0588485,0.0585461,0.058262,0.0579944,0.0577419,0.0575028,0.0572761,0.0570605,0.0568551,0.0566591,0.0564716,0.0562919,0.0561196,0.0559539,0.0557945,0.0556408,0.0554925,0.0553492,0.0552105,0.0550763,0.0549462,0.0548199,0.0546973,0.0545781,0.0544622,0.0543493,0.0542393,0.0541321,0.0540274,0.0539253,0.0538255,0.053728,0.0536326,0.0535393,0.0534479,0.0533584,0.0532707,0.0531847,0.0531003,0.0530176,0.0529363,0.0528566,0.0527782,0.0527012
0.0912441,0.0907766,0.0903066,0.0898341,0.0893589,0.088881,0.0884001,0.0879162,0.0874291,0.0869387,0.0864448,0.0859472,0.0854459,0.0849405,0.0844309,0.0839169,0.0833983,0.0828747,0.082346,0.0818118,0.0812719,0.0807259,0.0801735,0.0796142,0.0790478,0.0784737,0.0778916,0.0773008,0.076701,0.0760915,0.0754719,0.0748414,0.0741997,0.073546,0.0728801,0.0722014,0.0715099,0.0708057,0.0700893,0.0693619,0.0686254,0.067883,0.0671387,0.066398,0.0656675,0.0649542,0.0642651,0.0636065,0.062983,0.0623973,0.0618503,0.0613416,0.0608692,0.060431,0.060024,0.0596457,0.0592931,0.0589639,0.0586556,0.0583662,0.0580939,0.0578369,0.0575938,0.0573634,0.0571444,0.0569359,0.056737,0.0565468,0.0563647,0.05619,0.0560222,0.0558607,0.0557051,0.0555551,0.0554101,0.05527,0.0551343,0.0550028,0.0548752,0.0547514,0.054631,0.054514,0.0544,0.054289,0.0541808,0.0540753,0.0539723,0.0538717,0.0537734,0.0536772,0.0535832,0.0534911,0.0534009,0.0533126,0.053226,0.0531411,0.0530577,0.0529759,0.0528956,0.0528168,0.0527393
0.0913267,0.0908601,0.0903911,0.0899196,0.0894454,0.0889685,0.0884888,0.088006,0.0875201,0.0870309,0.0865384,0.0860422,0.0855423,0.0850384,0.0845304,0.084018,0.0835011,0.0829794,0.0824526,0.0819204,0.0813827,0.0808389,0.0802889,0.0797322,0.0791685,0.0785973,0.0780183,0.0774308,0.0768345,0.0762288,0.0756131,0.074987,0.0743498,0.0737011,0.0730403,0.0723671,0.0716813,0.070983,0.0702727,0.0695512,0.0688205,0.0680831,0.0673428,0.0666048,0.0658751,0.0651605,0.064468,0.0638039,0.0631732,0.0625793,0.0620234,0.0615055,0.0610241,0.0605772,0.0601621,0.0597761,0.0594165,0.0590808,0.0587667,0.0584719,0.0581947,0.0579332,0.057686,0.0574518,0.0572293,0.0570176,0.0568157,0.0566228,0.0564381,0.0562611,0.0560911,0.0559276,0.0557701,0.0556182,0.0554716,0.0553299,0.0551927,0.0550598,0.0549309,0.0548058,0.0546843,0.0545661,0.0544511,0.0543391,0.0542299,0.0541235,0.0540196,0.0539181,0.053819,0.0537221,0.0536273,0.0535346,0.0534437,0.0533547,0.0532675,0.053182,0.053098,0.0530157,0.0529349,0.0528555,0.0527775
0.0914091,0.0909434,0.0904753,0.0900048,0.0895317,0.0890558,0.0885771,0.0880955,0.0876108,0.0871229,0.0866316,0.0861367,0.0856382,0.0851358,0.0846294,0.0841186,0.0836034,0.0830835,0.0825586,0.0820284,0.0814928,0.0809513,0.0804036,0.0798495,0.0792884,0.0787201,0.078144,0.0775598,0.0769669,0.0763648,0.0757531,0.0751311,0.0744984,0.0738544,0.0731986,0.0725308,0.0718506,0.0711581,0.0704537,0.0697382,0.0690131,0.0682808,0.0675448,0.0668098,0.0660814,0.0653661,0.0646708,0.0640019,0.0633646,0.0627628,0.0621983,0.0616713,0.061181,0.0607254,0.0603021,0.0599084,0.0595417,0.0591995,0.0588793,0.0585791,0.0582968,0.0580307,0.0577793,0.0575412,0.0573152,0.0571002,0.0568953,0.0566995,0.0565123,0.0563329,0.0561606,0.055995,0.0558356,0.0556819,0.0555336,0.0553902,0.0552515,0.0551172,0.054987,0.0548606,0.0547379,0.0546186,0.0545025,0.0543894,0.0542793,0.0541719,0.0540672,0.0539649,0.0538649,0.0537672,0.0536717,0.0535782,0.0534867,0.053397,0.0533092,0.053223,0.0531386,0.0530557,0.0529743,0.0528944,0.0528159
0.0914912,0.0910265,0.0905593,0.0900897,0.0896176,0.0891428,0.0886652,0.0881847,0.0877011,0.0872144,0.0867244,0.0862309,0.0857338,0.0852328,0.0847279,0.0842188,0.0837052,0.0831871,0.082664,0.0821359,0.0816023,0.0810629,0.0805176,0.0799659,0.0794075,0.0788419,0.0782688,0.0776877,0.0770981,0.0764996,0.0758917,0.0752738,0.0746454,0.0740061,0.0733553,0.0726926,0.0720179,0.0713311,0.0706325,0.0699228,0.0692033,0.0684762,0.0677447,0.0670129,0.0662862,0.0655708,0.0648733,0.0642002,0.063557,0.0629477,0.0623749,0.0618392,0.06134,0.0608757,0.0604441,0.0600426,0.0596687,0.0593198,0.0589936,0.0586877,0.0584002,0.0581295,0.0578737,0.0576317,0.057402,0.0571837,0.0569757,0.0567771,0.0565873,0.0564054,0.0562308,0.0560631,0.0559017,0.0557462,0.0555961,0.0554511,0.0553109,0.0551751,0.0550435,0.0549158,0.0547919,0.0546714,0.0545542,0.0544401,0.054329,0.0542207,0.054115,0.0540118,0.0539111,0.0538126,0.0537163,0.0536221,0.0535299,0.0534396,0.0533511,0.0532643,0.0531792,0.0530958,0.0530138,0.0529334,0.0528544
0.0915731,0.0911092,0.090643,0.0901744,0.0897032,0.0892294,0.0887529,0.0882735,0.0877911,0.0873056,0.0868169,0.0863247,0.0858289,0.0853294,0.084826,0.0843185,0.0838066,0.0832901,0.0827689,0.0822427,0.0817111,0.081174,0.0806309,0.0800816,0.0795257,0.0789628,0.0783926,0.0778146,0.0772283,0.0766333,0.0760291,0.0754152,0.0747911,0.0741562,0.0735102,0.0728526,0.0721832,0.071502,0.070809,0.070105,0.0693912,0.0686694,0.0679424,0.0672142,0.0664896,0.0657745,0.0650755,0.0643987,0.06375,0.0631339,0.0625531,0.0620088,0.0615009,0.061028,0.0605881,0.0601788,0.0597976,0.0594419,0.0591094,0.0587978,0.0585051,0.0582295,0.0579694,0.0577233,0.0574899,0.0572682,0.057057,0.0568555,0.056663,0.0564786,0.0563017,0.0561318,0.0559684,0.055811,0.0556591,0.0555124,0.0553706,0.0552334,0.0551004,0.0549714,0.0548462,0.0547246,0.0546063,0.0544911,0.054379,0.0542697,0.0541631,0.0540591,0.0539575,0.0538582,0.0537612,0.0536662,0.0535733,0.0534823,0.0533932,0.0533058,0.0532201,0.0531361,0.0530536,0.0529726,0.0528931
0.0916548,0.0911918,0.0907265,0.0902588,0.0897886,0.0893158,0.0888404,0.0883621,0.0878808,0.0873965,0.086909,0.0864181,0.0859237,0.0854256,0.0849237,0.0844177,0.0839074,0.0833927,0.0828733,0.0823489,0.0818194,0.0812843,0.0807435,0.0801965,0.0796432,0.079083,0.0785155,0.0779405,0.0773574,0.0767659,0.0761653,0.0755552,0.0749352,0.0743048,0.0736634,0.0730108,0.0723466,0.0716708,0.0709834,0.0702851,0.0695768,0.0688602,0.0681379,0.0674134,0.0666913,0.0659771,0.065277,0.0645973,0.0639437,0.0633211,0.0627328,0.0621802,0.0616637,0.0611822,0.060734,0.0603168,0.0599282,0.0595657,0.0592268,0.0589094,0.0586114,0.0583309,0.0580662,0.057816,0.0575789,0.0573536,0.0571392,0.0569348,0.0567395,0.0565525,0.0563733,0.0562012,0.0560357,0.0558763,0.0557226,0.0555743,0.0554309,0.0552922,0.0551578,0.0550274,0.054901,0.0547781,0.0546587,0.0545425,0.0544293,0.054319,0.0542115,0.0541066,0.0540042,0.0539041,0.0538063,0.0537106,0.0536169,0.0535253,0.0534355,0.0533475,0.0532612,0.0531766,0.0530935,0.053012,0.0529319
0.0917362,0.0912741,0.0908097,0.0903429,0.0898737,0.0894019,0.0889275,0.0884503,0.0879702,0.087487,0.0870007,0.0865111,0.0860181,0.0855214,0.0850209,0.0845164,0.0840078,0.0834947,0.0829771,0.0824546,0.081927,0.081394,0.0808554,0.0803108,0.0797598,0.0792022,0.0786376,0.0780655,0.0774856,0.0768973,0.0763003,0.075694,0.075078,0.0744519,0.0738151,0.0731672,0.0725081,0.0718376,0.0711557,0.0704629,0.0697601,0.0690488,0.0683313,0.0676107,0.0668914,0.0661785,0.0654778,0.0647957,0.0641378,0.0635093,0.0629138,0.0623532,0.0618283,0.0613384,0.0608819,0.0604567,0.0600607,0.0596911,0.0593458,0.0590225,0.058719,0.0584335,0.0581643,0.0579099,0.0576689,0.0574401,0.0572224,0.0570149,0.0568168,0.0566272,0.0564455,0.0562712,0.0561036,0.0559422,0.0557867,0.0556367,0.0554916,0.0553514,0.0552155,0.0550839,0.0549561,0.054832,0.0547114,0.0545941,0.0544799,0.0543687,0.0542602,0.0541544,0.0540511,0.0539502,0.0538516,0.0537551,0.0536608,0.0535684,0.053478,0.0533893,0.0533024,0.0532172,0.0531336,0.0530515,0.052971
0.0918174,0.0913562,0.0908926,0.0904268,0.0899585,0.0894878,0.0890143,0.0885382,0.0880592,0.0875772,0.0870921,0.0866038,0.086112,0.0856167,0.0851177,0.0846147,0.0841077,0.0835963,0.0830804,0.0825597,0.0820341,0.0815031,0.0809666,0.0804243,0.0798758,0.0793207,0.0787588,0.0781896,0.0776127,0.0770277,0.0764341,0.0758315,0.0752195,0.0745975,0.0739651,0.073322,0.0726678,0.0720025,0.0713259,0.0706386,0.0699412,0.0692352,0.0685224,0.067806,0.0670897,0.0663785,0.0656778,0.0649938,0.0643322,0.0636983,0.063096,0.0625278,0.0619947,0.0614964,0.0610316,0.0605985,0.0601949,0.0598184,0.0594665,0.0591372,0.0588281,0.0585375,0.0582637,0.0580049,0.0577599,0.0575275,0.0573065,0.0570959,0.0568949,0.0567026,0.0565185,0.0563419,0.0561721,0.0560088,0.0558514,0.0556995,0.0555529,0.055411,0.0552737,0.0551407,0.0550116,0.0548863,0.0547646,0.0546461,0.0545309,0.0544186,0.0543092,0.0542025,0.0540983,0.0539966,0.0538972,0.0538,0.0537049,0.0536118,0.0535207,0.0534314,0.0533439,0.0532581,0.0531739,0.0530913,0.0530102
0.0918984,0.091438,0.0909753,0.0905104,0.0900431,0.0895733,0.0891009,0.0886258,0.0881479,0.0876671,0.0871832,0.0866961,0.0862056,0.0857117,0.0852141,0.0847126,0.0842071,0.0836973,0.0831831,0.0826643,0.0821405,0.0816116,0.0810772,0.0805371,0.0799909,0.0794384,0.0788791,0.0783127,0.0777388,0.077157,0.0765668,0.0759678,0.0753596,0.0747417,0.0741137,0.0734751,0.0728258,0.0721655,0.0714942,0.0708122,0.0701202,0.0694193,0.0687115,0.0679992,0.0672863,0.066577,0.0658768,0.0651914,0.0645267,0.0638879,0.0632793,0.0627038,0.0621627,0.0616562,0.0611833,0.0607422,0.060331,0.0599474,0.0595889,0.0592534,0.0589387,0.0586429,0.0583642,0.0581011,0.0578521,0.0576159,0.0573915,0.0571777,0.0569738,0.0567788,0.0565922,0.0564132,0.0562413,0.0560759,0.0559166,0.055763,0.0556146,0.0554712,0.0553324,0.0551979,0.0550675,0.054941,0.054818,0.0546985,0.0545821,0.0544689,0.0543585,0.0542508,0.0541458,0.0540432,0.053943,0.053845,0.0537492,0.0536554,0.0535636,0.0534737,0.0533855,0.0532991,0.0532143,0.0531312,0.0530495
0.0919792,0.0915196,0.0910578,0.0905938,0.0901274,0.0896586,0.0891872,0.0887131,0.0882363,0.0877566,0.0872739,0.086788,0.0862989,0.0858062,0.08531,0.08481,0.084306,0.0837979,0.0832854,0.0827683,0.0822464,0.0817195,0.0811871,0.0806492,0.0801054,0.0795553,0.0789986,0.078435,0.077864,0.0772853,0.0766984,0.076103,0.0754985,0.0748845,0.0742607,0.0736266,0.072982,0.0723266,0.0716604,0.0709837,0.070297,0.0696013,0.0688983,0.0681904,0.0674809,0.066774,0.0660746,0.0653884,0.0647211,0.064078,0.0634636,0.0628811,0.0623324,0.0618178,0.0613367,0.0608877,0.0604689,0.0600781,0.0597129,0.0593712,0.0590507,0.0587497,0.0584661,0.0581985,0.0579454,0.0577054,0.0574775,0.0572605,0.0570535,0.0568558,0.0566666,0.0564852,0.0563111,0.0561436,0.0559823,0.0558269,0.0556768,0.0555318,0.0553915,0.0552556,0.0551239,0.054996,0.0548719,0.0547512,0.0546337,0.0545194,0.0544081,0.0542995,0.0541935,0.0540901,0.0539891,0.0538903,0.0537937,0.0536992,0.0536067,0.0535161,0.0534274,0.0533403,0.053255,0.0531712,0.053089
0.0920597,0.0916009,0.09114,0.0906769,0.0902114,0.0897435,0.0892732,0.0888002,0.0883244,0.0878458,0.0873643,0.0868796,0.0863917,0.0859004,0.0854056,0.084907,0.0844045,0.083898,0.0833872,0.0828718,0.0823518,0.0818267,0.0812965,0.0807607,0.0802191,0.0796714,0.0791173,0.0785563,0.0779882,0.0774126,0.0768289,0.0762369,0.0756361,0.075026,0.0744063,0.0737766,0.0731366,0.072486,0.0718248,0.0711532,0.0704717,0.0697812,0.0690831,0.0683796,0.0676738,0.0669694,0.0662713,0.0655847,0.0649152,0.0642683,0.0636486,0.0630596,0.0625035,0.061981,0.0614919,0.0610351,0.0606086,0.0602106,0.0598386,0.0594905,0.0591643,0.0588578,0.0585693,0.0582971,0.0580398,0.0577959,0.0575644,0.0573441,0.0571342,0.0569336,0.0567418,0.0565579,0.0563815,0.0562119,0.0560487,0.0558914,0.0557396,0.0555929,0.0554511,0.0553137,0.0551806,0.0550515,0.0549261,0.0548042,0.0546857,0.0545703,0.0544579,0.0543484,0.0542415,0.0541372,0.0540354,0.0539358,0.0538385,0.0537433,0.0536501,0.0535588,0.0534694,0.0533817,0.0532958,0.0532115,0.0531287
0.09214,0.091682,0.091222,0.0907597,0.0902952,0.0898283,0.0893589,0.0888869,0.0884122,0.0879347,0.0874543,0.0869709,0.0864842,0.0859942,0.0855007,0.0850036,0.0845026,0.0839976,0.0834884,0.0829748,0.0824565,0.0819334,0.0814051,0.0808715,0.0803321,0.0797868,0.0792352,0.0786769,0.0781116,0.0775389,0.0769584,0.0763697,0.0757725,0.0751662,0.0745505,0.0739251,0.0732895,0.0726436,0.0719874,0.0713208,0.0706444,0.0699589,0.0692657,0.0685667,0.0678647,0.0671632,0.0664666,0.0657801,0.065109,0.0644588,0.0638343,0.0632391,0.0626759,0.0621458,0.0616489,0.0611842,0.0607501,0.0603448,0.0599659,0.0596115,0.0592793,0.0589673,0.0586738,0.0583969,0.0581353,0.0578875,0.0576524,0.0574287,0.0572156,0.0570122,0.0568177,0.0566314,0.0564526,0.0562809,0.0561156,0.0559564,0.0558028,0.0556545,0.0555111,0.0553723,0.0552377,0.0551073,0.0549806,0.0548576,0.054738,0.0546215,0.0545081,0.0543976,0.0542898,0.0541847,0.054082,0.0539816,0.0538835,0.0537876,0.0536937,0.0536017,0.0535116,0.0534234,0.0533368,0.0532519,0.0531686
0.09222,0.0917629,0.0913037,0.0908423,0.0903787,0.0899127,0.0894443,0.0889733,0.0884997,0.0880233,0.087544,0.0870618,0.0865763,0.0860876,0.0855955,0.0850997,0.0846002,0.0840968,0.0835892,0.0830773,0.0825608,0.0820395,0.0815132,0.0809816,0.0804445,0.0799015,0.0793523,0.0787966,0.078234,0.0776642,0.0770868,0.0765015,0.0759077,0.0753051,0.0746934,0.074072,0.0734409,0.0727996,0.0721481,0.0714865,0.0708151,0.0701346,0.0694463,0.0687518,0.0680537,0.0673552,0.0666605,0.0659745,0.0653023,0.0646493,0.0640204,0.0634196,0.0628496,0.0623122,0.0618075,0.061335,0.0608934,0.0604807,0.060095,0.059734,0.0593958,0.0590783,0.0587796,0.058498,0.058232,0.0579802,0.0577413,0.0575142,0.057298,0.0570916,0.0568944,0.0567055,0.0565244,0.0563504,0.0561831,0.056022,0.0558666,0.0557166,0.0555716,0.0554312,0.0552953,0.0551635,0.0550356,0.0549114,0.0547906,0.0546731,0.0545586,0.0544471,0.0543384,0.0542324,0.0541288,0.0540276,0.0539288,0.0538321,0.0537374,0.0536448,0.0535541,0.0534652,0.053378,0.0532925,0.0532086
0.0922999,0.0918436,0.0913852,0.0909247,0.0904619,0.0899969,0.0895294,0.0890595,0.0885869,0.0881116,0.0876334,0.0871523,0.0866681,0.0861807,0.0856898,0.0851955,0.0846974,0.0841955,0.0836895,0.0831792,0.0826645,0.0821451,0.0816207,0.0810911,0.0805561,0.0800154,0.0794686,0.0789154,0.0783556,0.0777886,0.0772143,0.0766321,0.0760417,0.0754428,0.0748348,0.0742176,0.0735907,0.0729539,0.0723071,0.0716503,0.0709839,0.0703084,0.0696248,0.0689349,0.0682408,0.0675455,0.066853,0.0661678,0.0654949,0.0648397,0.0642069,0.0636008,0.0630245,0.0624799,0.0619678,0.0614876,0.0610384,0.0606184,0.0602257,0.0598582,0.0595139,0.0591907,0.0588867,0.0586003,0.0583299,0.058074,0.0578313,0.0576007,0.0573812,0.0571719,0.0569718,0.0567804,0.0565969,0.0564207,0.0562513,0.0560882,0.0559309,0.0557792,0.0556325,0.0554907,0.0553533,0.0552202,0.055091,0.0549655,0.0548435,0.0547249,0.0546094,0.054497,0.0543873,0.0542803,0.0541759,0.0540739,0.0539742,0.0538768,0.0537814,0.0536881,0.0535967,0.0535072,0.0534194,0.0533333,0.0532489
0.0923795,0.091924,0.0914665,0.0910068,0.090545,0.0900808,0.0896143,0.0891453,0.0886738,0.0881995,0.0877225,0.0872425,0.0867595,0.0862733,0.0857838,0.0852908,0.0847942,0.0842937,0.0837893,0.0832807,0.0827677,0.08225,0.0817276,0.0812,0.0806671,0.0801286,0.0795842,0.0790335,0.0784763,0.0779121,0.0773407,0.0767617,0.0761747,0.0755792,0.074975,0.0743617,0.073739,0.0731066,0.0724644,0.0718123,0.0711507,0.0704801,0.0698014,0.0691159,0.0684259,0.0677341,0.067044,0.06636,0.0656868,0.0650297,0.0643935,0.0637826,0.0632004,0.062649,0.0621295,0.0616418,0.061185,0.0607577,0.060358,0.059984,0.0596335,0.0593045,0.0589953,0.058704,0.058429,0.0581689,0.0579223,0.0576882,0.0574654,0.0572529,0.0570501,0.056856,0.05667,0.0564915,0.05632,0.0561549,0.0559958,0.0558423,0.055694,0.0555506,0.0554117,0.0552772,0.0551467,0.05502,0.0548969,0.0547771,0.0546606,0.0545471,0.0544365,0.0543286,0.0542233,0.0541205,0.05402,0.0539218,0.0538257,0.0537316,0.0536396,0.0535494,0.053461,0.0533743,0.0532893
0.0924589,0.0920042,0.0915475,0.0910887,0.0906277,0.0901645,0.0896989,0.0892309,0.0887604,0.0882872,0.0878112,0.0873324,0.0868506,0.0863656,0.0858774,0.0853857,0.0848905,0.0843915,0.0838887,0.0833816,0.0828703,0.0823545,0.0818339,0.0813083,0.0807775,0.0802412,0.079699,0.0791508,0.0785962,0.0780347,0.0774662,0.0768903,0.0763065,0.0757145,0.075114,0.0745045,0.0738859,0.0732577,0.07262,0.0719726,0.0713158,0.0706499,0.0699759,0.069295,0.0686092,0.0679209,0.0672334,0.0665509,0.0658779,0.0652194,0.0645803,0.063965,0.0633772,0.0628193,0.0622927,0.0617976,0.0613334,0.0608988,0.0604921,0.0601113,0.0597546,0.0594198,0.0591052,0.0588088,0.0585292,0.0582649,0.0580144,0.0577766,0.0575504,0.0573349,0.0571291,0.0569324,0.0567439,0.0565631,0.0563894,0.0562222,0.0560612,0.0559059,0.0557559,0.0556109,0.0554706,0.0553347,0.0552028,0.0550748,0.0549505,0.0548297,0.0547121,0.0545975,0.0544859,0.0543771,0.0542709,0.0541672,0.054066,0.053967,0.0538701,0.0537754,0.0536826,0.0535918,0.0535027,0.0534154,0.0533298
0.0925381,0.0920842,0.0916283,0.0911703,0.0907102,0.0902479,0.0897833,0.0893162,0.0888467,0.0883745,0.0878997,0.087422,0.0869413,0.0864576,0.0859706,0.0854803,0.0849865,0.0844889,0.0839875,0.0834821,0.0829725,0.0824584,0.0819396,0.081416,0.0808872,0.080353,0.0798132,0.0792673,0.0787152,0.0781565,0.0775908,0.0770179,0.0764373,0.0758486,0.0752517,0.074646,0.0740313,0.0734073,0.072774,0.0721311,0.071479,0.0708179,0.0701485,0.0694722,0.0687905,0.0681058,0.0674212,0.0667405,0.066068,0.0654085,0.0647669,0.0641478,0.0635547,0.0629907,0.0624572,0.0619549,0.0614833,0.0610414,0.0606277,0.0602403,0.0598772,0.0595366,0.0592164,0.058915,0.0586307,0.058362,0.0581075,0.057866,0.0576364,0.0574177,0.057209,0.0570095,0.0568185,0.0566353,0.0564593,0.0562901,0.0561272,0.0559701,0.0558184,0.0556718,0.0555299,0.0553925,0.0552594,0.0551301,0.0550046,0.0548825,0.0547638,0.0546483,0.0545357,0.0544259,0.0543188,0.0542143,0.0541122,0.0540124,0.0539148,0.0538194,0.0537259,0.0536344,0.0535447,0.0534568,0.0533706
0.0926171,0.092164,0.0917089,0.0912517,0.0907925,0.090331,0.0898673,0.0894012,0.0889327,0.0884616,0.0879878,0.0875112,0.0870317,0.0865492,0.0860635,0.0855744,0.085082,0.0845859,0.084086,0.0835821,0.0830741,0.0825618,0.0820448,0.0815231,0.0809963,0.0804642,0.0799266,0.0793831,0.0788335,0.0782774,0.0777145,0.0771445,0.076567,0.0759816,0.0753882,0.0747862,0.0741754,0.0735555,0.0729264,0.072288,0.0716404,0.0709839,0.0703193,0.0696474,0.0689699,0.068289,0.0676074,0.0669287,0.066257,0.065597,0.0649534,0.0643307,0.063733,0.0631631,0.062623,0.0621136,0.0616348,0.0611858,0.060765,0.0603709,0.0600014,0.0596548,0.0593291,0.0590226,0.0587335,0.0584603,0.0582017,0.0579565,0.0577234,0.0575014,0.0572897,0.0570874,0.0568938,0.0567082,0.05653,0.0563587,0.0561937,0.0560348,0.0558813,0.0557331,0.0555897,0.0554509,0.0553163,0.0551857,0.055059,0.0549358,0.054816,0.0546993,0.0545857,0.054475,0.054367,0.0542616,0.0541587,0.0540581,0.0539597,0.0538635,0.0537694,0.0536772,0.0535869,0.0534983,0.0534115
0.0926959,0.0922435,0.0917892,0.0913329,0.0908745,0.0904139,0.0899511,0.089486,0.0890184,0.0885483,0.0880756,0.0876001,0.0871217,0.0866404,0.0861559,0.0856682,0.0851771,0.0846824,0.084184,0.0836817,0.0831753,0.0826646,0.0821495,0.0816296,0.0811048,0.0805748,0.0800393,0.0794981,0.0789509,0.0783974,0.0778372,0.0772701,0.0766956,0.0761135,0.0755235,0.0749251,0.0743181,0.0737022,0.0730773,0.0724432,0.0718001,0.0711482,0.0704881,0.0698208,0.0691475,0.0684704,0.0677919,0.0671154,0.0664449,0.0657847,0.0651395,0.0645138,0.0639117,0.0633364,0.06279,0.0622738,0.0617879,0.0613317,0.0609039,0.060503,0.0601272,0.0597745,0.0594432,0.0591314,0.0588374,0.0585598,0.0582971,0.0580479,0.0578113,0.057586,0.0573712,0.0571661,0.0569698,0.0567818,0.0566013,0.0564278,0.0562609,0.0561,0.0559448,0.0557949,0.0556499,0.0555096,0.0553736,0.0552418,0.0551137,0.0549894,0.0548684,0.0547507,0.0546361,0.0545244,0.0544155,0.0543092,0.0542054,0.054104,0.0540049,0.053908,0.0538131,0.0537202,0.0536292,0.0535401,0.0534527
0.0927745,0.0923229,0.0918693,0.0914138,0.0909563,0.0904966,0.0900347,0.0895705,0.0891039,0.0886348,0.0881631,0.0876887,0.0872115,0.0867313,0.0862481,0.0857616,0.0852718,0.0847785,0.0842816,0.0837808,0.083276,0.082767,0.0822536,0.0817355,0.0812126,0.0806847,0.0801514,0.0796124,0.0790676,0.0785166,0.0779591,0.0773948,0.0768233,0.0762444,0.0756576,0.0750628,0.0744595,0.0738475,0.0732267,0.0725969,0.0719581,0.0713108,0.0706552,0.0699922,0.0693232,0.0686499,0.0679747,0.0673007,0.0666316,0.0659716,0.0653252,0.0646969,0.0640908,0.0635104,0.0629581,0.0624352,0.0619424,0.0614791,0.0610444,0.0606367,0.0602544,0.0598957,0.0595587,0.0592416,0.0589427,0.0586605,0.0583935,0.0581404,0.0579001,0.0576715,0.0574536,0.0572456,0.0570466,0.056856,0.0566732,0.0564976,0.0563286,0.0561658,0.0560088,0.0558572,0.0557106,0.0555688,0.0554314,0.0552982,0.0551689,0.0550433,0.0549212,0.0548024,0.0546868,0.0545741,0.0544643,0.0543571,0.0542524,0.0541502,0.0540503,0.0539526,0.053857,0.0537634,0.0536718,0.053582,0.053494
0.0928529,0.092402,0.0919493,0.0914946,0.0910378,0.090579,0.090118,0.0896547,0.0891891,0.088721,0.0882503,0.087777,0.0873009,0.0868219,0.0863398,0.0858546,0.0853661,0.0848742,0.0843787,0.0838794,0.0833762,0.0828688,0.0823571,0.0818409,0.0813199,0.0807939,0.0802627,0.079726,0.0791836,0.078635,0.0780801,0.0775186,0.07695,0.0763742,0.0757907,0.0751992,0.0745996,0.0739914,0.0733746,0.0727489,0.0721145,0.0714716,0.0708204,0.0701619,0.0694971,0.0688277,0.0681559,0.0674845,0.066817,0.0661575,0.0655103,0.0648798,0.0642702,0.0636851,0.0631271,0.0625979,0.0620983,0.0616281,0.0611864,0.060772,0.0603833,0.0600184,0.0596756,0.0593531,0.0590492,0.0587623,0.058491,0.058234,0.05799,0.057758,0.0575369,0.0573259,0.0571242,0.056931,0.0567458,0.0565679,0.0563969,0.0562321,0.0560733,0.05592,0.0557718,0.0556284,0.0554896,0.055355,0.0552244,0.0550976,0.0549744,0.0548545,0.0547378,0.0546241,0.0545133,0.0544052,0.0542997,0.0541966,0.0540959,0.0539975,0.0539012,0.0538069,0.0537146,0.0536241,0.0535355
0.092931,0.0924809,0.0920289,0.091575,0.0911191,0.0906612,0.090201,0.0897387,0.089274,0.0888069,0.0883372,0.0878649,0.0873899,0.0869121,0.0864312,0.0859473,0.0854601,0.0849695,0.0844754,0.0839776,0.0834759,0.0829701,0.0824602,0.0819457,0.0814266,0.0809026,0.0803735,0.0798389,0.0792988,0.0787526,0.0782003,0.0776414,0.0770758,0.0765029,0.0759226,0.0753346,0.0747384,0.074134,0.0735211,0.0728995,0.0722693,0.0716307,0.0709839,0.0703297,0.0696691,0.0690037,0.0683353,0.0676667,0.0670012,0.0663425,0.0656948,0.0650625,0.0644498,0.0638603,0.063297,0.0627617,0.0622555,0.0617785,0.0613299,0.0609088,0.0605136,0.0601425,0.0597939,0.059466,0.059157,0.0588654,0.0585897,0.0583286,0.0580809,0.0578453,0.057621,0.057407,0.0572025,0.0570068,0.0568191,0.056639,0.0564658,0.056299,0.0561383,0.0559833,0.0558334,0.0556885,0.0555482,0.0554122,0.0552804,0.0551523,0.0550279,0.0549069,0.0547891,0.0546744,0.0545626,0.0544536,0.0543472,0.0542433,0.0541418,0.0540426,0.0539455,0.0538506,0.0537576,0.0536665,0.0535772
0.093009,0.0925596,0.0921084,0.0916553,0.0912002,0.0907431,0.0902838,0.0898224,0.0893586,0.0888925,0.0884238,0.0879526,0.0874787,0.087002,0.0865223,0.0860396,0.0855537,0.0850644,0.0845717,0.0840753,0.0835752,0.083071,0.0825627,0.08205,0.0815327,0.0810106,0.0804835,0.0799511,0.0794132,0.0788695,0.0783197,0.0777635,0.0772006,0.0766307,0.0760535,0.0754687,0.0748761,0.0742753,0.0736662,0.0730486,0.0724226,0.0717882,0.0711457,0.0704958,0.0698394,0.0691779,0.068513,0.0678474,0.0671839,0.0665263,0.0658785,0.0652448,0.0646294,0.064036,0.0634676,0.0629265,0.062414,0.0619302,0.061475,0.0610471,0.0606454,0.0602682,0.0599137,0.0595802,0.0592661,0.0589697,0.0586896,0.0584243,0.0581727,0.0579336,0.057706,0.057489,0.0572816,0.0570832,0.0568931,0.0567106,0.0565353,0.0563665,0.0562039,0.0560471,0.0558956,0.0557491,0.0556073,0.0554699,0.0553367,0.0552074,0.0550817,0.0549596,0.0548407,0.054725,0.0546123,0.0545023,0.054395,0.0542903,0.0541879,0.0540879,0.0539901,0.0538944,0.0538007,0.053709,0.0536191
0.0930868,0.0926381,0.0921877,0.0917353,0.0912811,0.0908248,0.0903664,0.0899058,0.089443,0.0889778,0.0885102,0.08804,0.0875671,0.0870915,0.086613,0.0861315,0.0856468,0.0851589,0.0846676,0.0841726,0.083674,0.0831714,0.0826647,0.0821537,0.0816383,0.0811181,0.080593,0.0800627,0.079527,0.0789856,0.0784382,0.0778846,0.0773245,0.0767575,0.0761833,0.0756018,0.0750125,0.0744153,0.0738099,0.0731963,0.0725743,0.071944,0.0713058,0.0706602,0.0700079,0.0693503,0.0686891,0.0680264,0.0673653,0.066709,0.0660614,0.0654267,0.0648089,0.0642119,0.0636389,0.0630923,0.0625736,0.0620834,0.0616214,0.0611869,0.0607787,0.0603952,0.0600348,0.0596958,0.0593764,0.0590752,0.0587906,0.0585211,0.0582656,0.0580229,0.057792,0.0575718,0.0573615,0.0571604,0.0569678,0.056783,0.0566054,0.0564346,0.0562701,0.0561114,0.0559582,0.0558101,0.0556668,0.055528,0.0553934,0.0552628,0.0551359,0.0550126,0.0548927,0.0547759,0.0546622,0.0545513,0.0544431,0.0543375,0.0542343,0.0541335,0.054035,0.0539385,0.0538441,0.0537517,0.0536612
0.0931643,0.0927164,0.0922667,0.0918152,0.0913617,0.0909062,0.0904487,0.089989,0.0895271,0.0890629,0.0885962,0.088127,0.0876553,0.0871807,0.0867034,0.0862231,0.0857397,0.085253,0.084763,0.0842695,0.0837723,0.0832713,0.0827662,0.0822569,0.0817433,0.081225,0.0807018,0.0801736,0.07964,0.0791009,0.078556,0.0780049,0.0774474,0.0768833,0.0763121,0.0757337,0.0751478,0.0745541,0.0739524,0.0733425,0.0727245,0.0720983,0.0714643,0.0708228,0.0701747,0.069521,0.0688634,0.0682039,0.0675452,0.0668905,0.0662434,0.065608,0.0649882,0.0643881,0.0638108,0.063259,0.0627344,0.0622378,0.0617693,0.0613282,0.0609135,0.0605238,0.0601574,0.0598127,0.0594881,0.059182,0.0588927,0.058619,0.0583596,0.0581132,0.0578788,0.0576554,0.0574422,0.0572384,0.0570432,0.056856,0.0566762,0.0565033,0.0563368,0.0561762,0.0560213,0.0558716,0.0557267,0.0555865,0.0554505,0.0553186,0.0551905,0.0550661,0.054945,0.0548272,0.0547124,0.0546005,0.0544914,0.0543849,0.054281,0.0541794,0.05408,0.0539829,0.0538878,0.0537947,0.0537034
0.0932417,0.0927945,0.0923456,0.0918948,0.0914421,0.0909875,0.0905308,0.090072,0.0896109,0.0891477,0.088682,0.0882138,0.0877431,0.0872697,0.0867934,0.0863143,0.0858321,0.0853468,0.0848581,0.084366,0.0838702,0.0833707,0.0828673,0.0823596,0.0818477,0.0813312,0.08081,0.0802838,0.0797524,0.0792156,0.078673,0.0781244,0.0775696,0.0770082,0.07644,0.0758647,0.075282,0.0746916,0.0740935,0.0734874,0.0728733,0.0722511,0.0716211,0.0709838,0.0703397,0.06969,0.0690361,0.0683798,0.0677237,0.0670707,0.0664244,0.0657886,0.0651673,0.0645643,0.0639831,0.0634264,0.0628961,0.0623934,0.0619184,0.0614709,0.0610497,0.0606538,0.0602814,0.0599311,0.0596011,0.05929,0.0589961,0.058718,0.0584545,0.0582044,0.0579665,0.05774,0.0575237,0.0573171,0.0571193,0.0569296,0.0567476,0.0565725,0.056404,0.0562416,0.0560849,0.0559335,0.0557871,0.0556454,0.055508,0.0553748,0.0552455,0.0551198,0.0549976,0.0548787,0.0547629,0.0546501,0.05454,0.0544327,0.0543278,0.0542254,0.0541253,0.0540274,0.0539316,0.0538378,0.0537459
0.0933189,0.0928724,0.0924242,0.0919742,0.0915223,0.0910684,0.0906126,0.0901546,0.0896945,0.0892322,0.0887675,0.0883003,0.0878306,0.0873582,0.0868831,0.0864052,0.0859242,0.0854401,0.0849528,0.084462,0.0839677,0.0834697,0.0829678,0.0824618,0.0819516,0.081437,0.0809176,0.0803934,0.0798641,0.0793295,0.0787892,0.0782431,0.0776908,0.0771322,0.0765668,0.0759945,0.075415,0.074828,0.0742334,0.0736309,0.0730206,0.0724024,0.0717764,0.0711432,0.0705031,0.0698573,0.069207,0.068554,0.0679006,0.0672496,0.0666044,0.0659685,0.0653459,0.0647405,0.0641557,0.0635944,0.0630588,0.0625501,0.0620689,0.0616149,0.0611874,0.0607852,0.0604068,0.0600508,0.0597154,0.0593992,0.0591006,0.0588182,0.0585506,0.0582967,0.0580552,0.0578254,0.0576061,0.0573966,0.0571961,0.057004,0.0568196,0.0566424,0.0564719,0.0563076,0.0561491,0.055996,0.055848,0.0557047,0.055566,0.0554314,0.0553008,0.0551739,0.0550506,0.0549306,0.0548138,0.0546999,0.054589,0.0544807,0.054375,0.0542717,0.0541708,0.0540722,0.0539757,0.0538812,0.0537886
0.0933959,0.0929501,0.0925026,0.0920533,0.0916022,0.0911492,0.0906942,0.0902371,0.0897779,0.0893164,0.0888527,0.0883865,0.0879178,0.0874465,0.0869725,0.0864957,0.0860159,0.0855331,0.0850471,0.0845577,0.0840648,0.0835682,0.0830679,0.0825635,0.082055,0.0815421,0.0810247,0.0805024,0.0799752,0.0794427,0.0789047,0.078361,0.0778112,0.0772552,0.0766927,0.0761234,0.075547,0.0749633,0.0743721,0.0737732,0.0731666,0.0725522,0.0719302,0.0713009,0.0706649,0.070023,0.0693764,0.0687267,0.0680761,0.0674272,0.0667832,0.0661476,0.0655241,0.0649166,0.0643285,0.063763,0.0632223,0.0627079,0.0622206,0.0617603,0.0613264,0.060918,0.0605336,0.0601718,0.0598311,0.0595097,0.0592063,0.0589194,0.0586477,0.0583899,0.0581449,0.0579117,0.0576893,0.0574769,0.0572737,0.0570791,0.0568923,0.0567129,0.0565403,0.0563741,0.0562137,0.0560589,0.0559093,0.0557645,0.0556243,0.0554884,0.0553565,0.0552284,0.0551039,0.0549828,0.0548649,0.0547501,0.0546381,0.054529,0.0544224,0.0543183,0.0542166,0.0541172,0.0540199,0.0539247,0.0538315
0.0934727,0.0930276,0.0925808,0.0921323,0.091682,0.0912297,0.0907755,0.0903193,0.0898609,0.0894004,0.0889376,0.0884724,0.0880047,0.0875345,0.0870616,0.0865859,0.0861073,0.0856257,0.0851409,0.0846529,0.0841614,0.0836663,0.0831675,0.0826647,0.0821579,0.0816467,0.0811311,0.0806108,0.0800856,0.0795552,0.0790195,0.0784781,0.0779308,0.0773774,0.0768177,0.0762512,0.0756779,0.0750974,0.0745095,0.0739141,0.0733112,0.0727006,0.0720825,0.0714571,0.070825,0.070187,0.069544,0.0688978,0.0682501,0.0676035,0.0669609,0.0663258,0.0657017,0.0650924,0.0645015,0.063932,0.0633865,0.0628667,0.0623734,0.0619069,0.0614668,0.0610522,0.0606618,0.0602943,0.059948,0.0596215,0.0593133,0.0590218,0.0587459,0.0584842,0.0582355,0.0579989,0.0577733,0.057558,0.057352,0.0571548,0.0569657,0.056784,0.0566093,0.0564411,0.0562789,0.0561224,0.0559711,0.0558248,0.0556831,0.0555458,0.0554126,0.0552832,0.0551576,0.0550353,0.0549164,0.0548005,0.0546876,0.0545775,0.0544701,0.0543651,0.0542626,0.0541624,0.0540644,0.0539685,0.0538746
0.0935493,0.0931049,0.0926588,0.092211,0.0917615,0.09131,0.0908566,0.0904012,0.0899438,0.0894841,0.0890222,0.088558,0.0880914,0.0876222,0.0871503,0.0866758,0.0861984,0.085718,0.0852345,0.0847477,0.0842576,0.083764,0.0832666,0.0827654,0.0822602,0.0817508,0.081237,0.0807186,0.0801953,0.0796671,0.0791335,0.0785944,0.0780496,0.0774988,0.0769417,0.0763781,0.0758077,0.0752303,0.0746458,0.0740539,0.0734545,0.0728476,0.0722333,0.0716118,0.0709836,0.0703494,0.0697101,0.0690672,0.0684225,0.0677784,0.0671375,0.0665031,0.0658787,0.065268,0.0646745,0.0641014,0.0635514,0.0630263,0.0625273,0.0620548,0.0616086,0.0611878,0.0607914,0.060418,0.0600663,0.0597346,0.0594214,0.0591254,0.0588452,0.0585794,0.0583271,0.058087,0.0578582,0.0576399,0.0574311,0.0572313,0.0570397,0.0568558,0.0566789,0.0565087,0.0563446,0.0561863,0.0560334,0.0558855,0.0557423,0.0556036,0.055469,0.0553384,0.0552116,0.0550882,0.0549682,0.0548513,0.0547374,0.0546263,0.054518,0.0544122,0.0543089,0.0542079,0.0541091,0.0540125,0.0539179
0.0936257,0.093182,0.0927366,0.0922896,0.0918408,0.0913901,0.0909375,0.090483,0.0900263,0.0895676,0.0891066,0.0886434,0.0881777,0.0877095,0.0872388,0.0867653,0.086289,0.0858098,0.0853276,0.0848422,0.0843534,0.0838612,0.0833653,0.0828657,0.0823621,0.0818544,0.0813423,0.0808258,0.0803045,0.0797782,0.0792468,0.0787101,0.0781676,0.0776193,0.0770649,0.076504,0.0759366,0.0753623,0.0747809,0.0741923,0.0735964,0.0729932,0.0723826,0.071765,0.0711406,0.0705102,0.0698746,0.0692351,0.0685935,0.0679518,0.0673127,0.0666793,0.0660549,0.0654431,0.0648474,0.0642711,0.0637169,0.0631868,0.0626823,0.0622039,0.0617515,0.0613247,0.0609223,0.0605432,0.0601858,0.0598489,0.0595308,0.0592301,0.0589456,0.0586758,0.0584196,0.058176,0.057944,0.0577226,0.057511,0.0573085,0.0571144,0.0569282,0.0567492,0.0565769,0.0564109,0.0562508,0.0560961,0.0559466,0.055802,0.0556618,0.0555259,0.055394,0.0552659,0.0551414,0.0550203,0.0549024,0.0547875,0.0546755,0.0545662,0.0544596,0.0543554,0.0542536,0.0541541,0.0540567,0.0539615
0.0937019,0.0932589,0.0928143,0.0923679,0.0919199,0.09147,0.0910182,0.0905644,0.0901087,0.0896508,0.0891908,0.0887284,0.0882637,0.0877966,0.0873269,0.0868545,0.0863794,0.0859014,0.0854204,0.0849362,0.0844488,0.0839579,0.0834635,0.0829654,0.0824634,0.0819574,0.0814471,0.0809324,0.080413,0.0798888,0.0793595,0.0788249,0.0782848,0.077739,0.0771871,0.076629,0.0760644,0.0754931,0.0749149,0.0743297,0.0737372,0.0731375,0.0725306,0.0719167,0.0712961,0.0706694,0.0700375,0.0694014,0.0687629,0.0681239,0.0674868,0.0668545,0.0662304,0.0656177,0.0650202,0.0644409,0.0638828,0.063348,0.0628382,0.062354,0.0618957,0.0614629,0.0610545,0.0606696,0.0603067,0.0599645,0.0596414,0.059336,0.059047,0.0587732,0.0585132,0.058266,0.0580306,0.0578061,0.0575916,0.0573864,0.0571899,0.0570012,0.05682,0.0566456,0.0564777,0.0563157,0.0561594,0.0560083,0.055862,0.0557204,0.0555832,0.05545,0.0553207,0.055195,0.0550727,0.0549537,0.0548378,0.0547249,0.0546147,0.0545072,0.0544022,0.0542996,0.0541993,0.0541012,0.0540052
0.0937779,0.0933356,0.0928917,0.0924461,0.0919987,0.0915496,0.0910986,0.0906457,0.0901908,0.0897338,0.0892746,0.0888132,0.0883495,0.0878834,0.0874147,0.0869434,0.0864694,0.0859926,0.0855128,0.0850299,0.0845438,0.0840543,0.0835613,0.0830647,0.0825643,0.0820599,0.0815513,0.0810384,0.0805209,0.0799987,0.0794715,0.0789391,0.0784013,0.0778579,0.0773085,0.0767531,0.0761913,0.075623,0.0750478,0.0744658,0.0738767,0.0732805,0.0726772,0.0720669,0.0714501,0.0708271,0.0701988,0.0695662,0.0689308,0.0682945,0.0676595,0.0670286,0.0664049,0.0657918,0.0651927,0.0646108,0.064049,0.0635099,0.0629949,0.0625053,0.0620411,0.0616023,0.0611881,0.0607974,0.0604289,0.0600813,0.0597532,0.0594431,0.0591496,0.0588716,0.0586077,0.0583569,0.0581181,0.0578905,0.0576731,0.0574651,0.057266,0.0570749,0.0568915,0.056715,0.0565451,0.0563813,0.0562231,0.0560704,0.0559226,0.0557795,0.0556408,0.0555063,0.0553757,0.0552489,0.0551255,0.0550054,0.0548885,0.0547746,0.0546635,0.054555,0.0544492,0.0543458,0.0542447,0.0541459,0.0540491
0.0938538,0.0934121,0.0929689,0.092524,0.0920774,0.091629,0.0911788,0.0907267,0.0902726,0.0898165,0.0893582,0.0888978,0.088435,0.0879698,0.0875022,0.087032,0.0865591,0.0860834,0.0856048,0.0851232,0.0846384,0.0841503,0.0836587,0.0831636,0.0826647,0.0821619,0.081655,0.0811438,0.0806282,0.0801079,0.0795828,0.0790526,0.078517,0.077976,0.0774291,0.0768763,0.0763173,0.0757518,0.0751797,0.0746008,0.074015,0.0734222,0.0728224,0.0722158,0.0716026,0.0709833,0.0703586,0.0697294,0.0690972,0.0684637,0.0678309,0.0672016,0.0665786,0.0659652,0.0653648,0.0647806,0.0642156,0.0636723,0.0631525,0.0626575,0.0621877,0.061743,0.0613229,0.0609264,0.0605524,0.0601994,0.0598662,0.0595513,0.0592534,0.0589711,0.0587033,0.0584488,0.0582066,0.0579757,0.0577553,0.0575446,0.0573428,0.0571493,0.0569635,0.0567849,0.056613,0.0564473,0.0562874,0.0561329,0.0559836,0.055839,0.0556989,0.0555631,0.0554312,0.0553031,0.0551786,0.0550574,0.0549395,0.0548245,0.0547125,0.0546032,0.0544965,0.0543922,0.0542904,0.0541908,0.0540933
0.0939295,0.0934885,0.0930459,0.0926017,0.0921559,0.0917082,0.0912588,0.0908075,0.0903542,0.0898989,0.0894416,0.088982,0.0885202,0.088056,0.0875894,0.0871203,0.0866485,0.0861739,0.0856965,0.0852161,0.0847326,0.0842458,0.0837556,0.083262,0.0827646,0.0822634,0.0817582,0.0812488,0.080735,0.0802166,0.0796935,0.0791653,0.078632,0.0780933,0.0775489,0.0769986,0.0764423,0.0758796,0.0753105,0.0747347,0.0741521,0.0735627,0.0729664,0.0723633,0.0717537,0.071138,0.0705169,0.0698912,0.0692622,0.0686314,0.0680011,0.0673734,0.0667513,0.066138,0.0655365,0.0649503,0.0643823,0.0638352,0.0633108,0.0628106,0.0623353,0.0618848,0.0614589,0.0610567,0.0606771,0.0603188,0.0599804,0.0596607,0.0593582,0.0590717,0.0587998,0.0585416,0.0582959,0.0580618,0.0578383,0.0576248,0.0574203,0.0572244,0.0570363,0.0568555,0.0566815,0.0565139,0.0563522,0.056196,0.056045,0.0558989,0.0557574,0.0556202,0.055487,0.0553577,0.055232,0.0551098,0.0549908,0.0548748,0.0547618,0.0546516,0.054544,0.0544389,0.0543363,0.0542359,0.0541377
0.094005,0.0935646,0.0931228,0.0926793,0.0922341,0.0917872,0.0913386,0.090888,0.0904356,0.0899812,0.0895247,0.089066,0.0886051,0.0881419,0.0876763,0.0872082,0.0867375,0.0862641,0.0857878,0.0853086,0.0848264,0.0843409,0.0838522,0.0833599,0.0828641,0.0823644,0.0818608,0.0813531,0.0808411,0.0803247,0.0798035,0.0792774,0.0787463,0.0782098,0.0776678,0.0771201,0.0765664,0.0760065,0.0754403,0.0748675,0.0742881,0.0737019,0.073109,0.0725094,0.0719034,0.0712913,0.0706737,0.0700514,0.0694256,0.0687978,0.0681698,0.067544,0.0669231,0.0663099,0.0657078,0.0651199,0.0645492,0.0639984,0.0634697,0.0629646,0.0624839,0.0620278,0.0615962,0.0611883,0.0608031,0.0604394,0.0600959,0.0597713,0.0594642,0.0591733,0.0588974,0.0586354,0.0583862,0.0581487,0.0579222,0.0577057,0.0574986,0.0573001,0.0571097,0.0569267,0.0567506,0.056581,0.0564174,0.0562595,0.0561069,0.0559593,0.0558163,0.0556777,0.0555433,0.0554127,0.0552858,0.0551625,0.0550424,0.0549254,0.0548114,0.0547003,0.0545918,0.0544859,0.0543824,0.0542812,0.0541823
0.0940803,0.0936406,0.0931994,0.0927566,0.0923122,0.091866,0.0914181,0.0909684,0.0905167,0.0900631,0.0896075,0.0891498,0.0886898,0.0882276,0.0877629,0.0872959,0.0868262,0.0863539,0.0858788,0.0854008,0.0849198,0.0844357,0.0839483,0.0834574,0.0829631,0.082465,0.081963,0.081457,0.0809467,0.0804321,0.0799129,0.0793889,0.0788599,0.0783256,0.077786,0.0772407,0.0766896,0.0761324,0.0755691,0.0749993,0.0744229,0.07384,0.0732504,0.0726543,0.0720517,0.0714431,0.070829,0.0702101,0.0695876,0.0689627,0.0683372,0.0677134,0.0670937,0.066481,0.0658785,0.0652891,0.064716,0.064162,0.0636292,0.0631193,0.0626334,0.0621719,0.0617346,0.0613211,0.0609303,0.0605612,0.0602126,0.059883,0.0595713,0.059276,0.0589961,0.0587302,0.0584774,0.0582366,0.0580069,0.0577875,0.0575776,0.0573766,0.0571837,0.0569984,0.0568203,0.0566487,0.0564832,0.0563236,0.0561693,0.0560201,0.0558756,0.0557357,0.0555999,0.0554681,0.05534,0.0552155,0.0550943,0.0549763,0.0548613,0.0547492,0.0546399,0.0545331,0.0544288,0.0543268,0.0542272
0.0941554,0.0937164,0.0932759,0.0928337,0.09239,0.0919446,0.0914974,0.0910485,0.0905977,0.0901449,0.0896901,0.0892332,0.0887742,0.0883129,0.0878493,0.0873832,0.0869146,0.0864434,0.0859695,0.0854926,0.0850129,0.08453,0.0840439,0.0835545,0.0830616,0.082565,0.0820646,0.0815603,0.0810518,0.080539,0.0800217,0.0794996,0.0789727,0.0784407,0.0779034,0.0773605,0.076812,0.0762575,0.0756969,0.07513,0.0745567,0.0739769,0.0733906,0.0727978,0.0721987,0.0715936,0.0709829,0.0703674,0.0697481,0.0691261,0.0685033,0.0678815,0.0672633,0.0666513,0.0660485,0.065458,0.0648828,0.0643258,0.0637891,0.0632748,0.0627839,0.062317,0.0618742,0.0614551,0.0610588,0.0606843,0.0603305,0.059996,0.0596795,0.0593799,0.0590957,0.058826,0.0585695,0.0583253,0.0580924,0.05787,0.0576574,0.0574537,0.0572584,0.0570708,0.0568905,0.0567169,0.0565496,0.0563881,0.0562322,0.0560814,0.0559354,0.055794,0.0556569,0.0555238,0.0553945,0.0552688,0.0551465,0.0550275,0.0549115,0.0547985,0.0546882,0.0545805,0.0544754,0.0543727,0.0542722
0.0942304,0.093792,0.0933521,0.0929107,0.0924677,0.092023,0.0915766,0.0911284,0.0906783,0.0902264,0.0897724,0.0893165,0.0888583,0.088398,0.0879353,0.0874703,0.0870027,0.0865326,0.0860598,0.0855841,0.0851056,0.084624,0.0841392,0.0836512,0.0831597,0.0826646,0.0821658,0.0816631,0.0811563,0.0806453,0.0801298,0.0796098,0.0790849,0.0785551,0.07802,0.0774795,0.0769335,0.0763816,0.0758237,0.0752597,0.0746894,0.0741127,0.0735296,0.0729401,0.0723444,0.0717427,0.0711354,0.0705233,0.0699071,0.0692882,0.068668,0.0680484,0.0674318,0.0668206,0.0662178,0.0656265,0.0650495,0.0644897,0.0639495,0.0634309,0.0629352,0.0624631,0.0620149,0.0615902,0.0611884,0.0608086,0.0604496,0.0601101,0.0597889,0.0594848,0.0591964,0.0589227,0.0586625,0.0584149,0.0581788,0.0579534,0.0577379,0.0575316,0.0573338,0.0571439,0.0569614,0.0567857,0.0566165,0.0564532,0.0562955,0.0561431,0.0559956,0.0558527,0.0557142,0.0555798,0.0554493,0.0553225,0.0551991,0.055079,0.054962,0.054848,0.0547368,0.0546283,0.0545223,0.0544187,0.0543175
0.0943052,0.0938674,0.0934282,0.0929874,0.0925451,0.0921011,0.0916555,0.091208,0.0907588,0.0903076,0.0898545,0.0893994,0.0889422,0.0884828,0.0880211,0.087557,0.0870905,0.0866214,0.0861497,0.0856753,0.0851979,0.0847176,0.0842341,0.0837474,0.0832573,0.0827637,0.0822665,0.0817654,0.0812603,0.080751,0.0802374,0.0797193,0.0791965,0.0786687,0.0781359,0.0775977,0.0770541,0.0765048,0.0759496,0.0753884,0.074821,0.0742474,0.0736674,0.0730812,0.0724887,0.0718904,0.0712865,0.0706777,0.0700648,0.0694489,0.0688314,0.0682141,0.0675991,0.066989,0.0663864,0.0657944,0.0652159,0.0646536,0.0641102,0.0635875,0.0630872,0.0626101,0.0621566,0.0617265,0.0613193,0.0609341,0.0605698,0.0602254,0.0598994,0.0595908,0.0592982,0.0590205,0.0587566,0.0585054,0.058266,0.0580375,0.0578191,0.0576101,0.0574098,0.0572176,0.0570328,0.0568551,0.0566839,0.0565188,0.0563594,0.0562053,0.0560563,0.0559119,0.055772,0.0556363,0.0555045,0.0553765,0.055252,0.0551308,0.0550128,0.0548978,0.0547857,0.0546762,0.0545694,0.0544651,0.054363
0.0943798,0.0939427,0.0935041,0.093064,0.0926224,0.0921791,0.0917342,0.0912875,0.090839,0.0903887,0.0899364,0.0894821,0.0890258,0.0885673,0.0881065,0.0876435,0.087178,0.08671,0.0862394,0.085766,0.0852899,0.0848108,0.0843286,0.0838432,0.0833546,0.0828624,0.0823667,0.0818672,0.0813637,0.0808562,0.0803444,0.0798282,0.0793073,0.0787817,0.078251,0.0777152,0.077174,0.0766271,0.0760746,0.0755161,0.0749516,0.0743809,0.0738041,0.073221,0.0726319,0.0720368,0.0714363,0.0708308,0.070221,0.0696081,0.0689934,0.0683784,0.0677653,0.0671563,0.0665543,0.0659618,0.065382,0.0648176,0.0642711,0.0637446,0.0632399,0.062758,0.0622993,0.0618638,0.0614512,0.0610607,0.0606913,0.0603418,0.0600111,0.0596979,0.059401,0.0591193,0.0588515,0.0585968,0.0583541,0.0581225,0.0579012,0.0576894,0.0574866,0.0572919,0.0571049,0.0569251,0.0567519,0.0565849,0.0564237,0.056268,0.0561173,0.0559715,0.0558302,0.0556932,0.0555601,0.0554309,0.0553052,0.055183,0.0550639,0.0549479,0.0548348,0.0547245,0.0546168,0.0545116,0.0544088
0.0944543,0.0940178,0.0935798,0.0931404,0.0926994,0.0922569,0.0918126,0.0913667,0.090919,0.0904695,0.090018,0.0895646,0.0891091,0.0886515,0.0881917,0.0877296,0.0872652,0.0867982,0.0863287,0.0858565,0.0853815,0.0849036,0.0844227,0.0839387,0.0834514,0.0829607,0.0824664,0.0819684,0.0814666,0.0809608,0.0804508,0.0799365,0.0794176,0.078894,0.0783655,0.0778319,0.077293,0.0767487,0.0761987,0.0756429,0.0750812,0.0745134,0.0739396,0.0733597,0.0727737,0.072182,0.0715847,0.0709825,0.0703759,0.069766,0.069154,0.0685415,0.0679303,0.0673227,0.0667212,0.0661286,0.0655477,0.0649814,0.0644321,0.0639022,0.0633933,0.0629066,0.0624429,0.0620023,0.0615843,0.0611885,0.0608139,0.0604594,0.0601239,0.0598061,0.0595049,0.059219,0.0589475,0.0586891,0.058443,0.0582083,0.057984,0.0577695,0.057564,0.0573669,0.0571776,0.0569956,0.0568204,0.0566515,0.0564885,0.0563311,0.0561789,0.0560315,0.0558888,0.0557504,0.0556161,0.0554856,0.0553588,0.0552354,0.0551153,0.0549983,0.0548843,0.054773,0.0546645,0.0545584,0.0544548
0.0945285,0.0940927,0.0936554,0.0932166,0.0927763,0.0923344,0.0918909,0.0914457,0.0909988,0.09055,0.0900994,0.0896468,0.0891922,0.0887355,0.0882767,0.0878155,0.087352,0.0868861,0.0864177,0.0859466,0.0854727,0.0849961,0.0845164,0.0840337,0.0835477,0.0830584,0.0825657,0.0820692,0.0815691,0.0810649,0.0805567,0.0800442,0.0795272,0.0790056,0.0784792,0.0779478,0.0774112,0.0768693,0.0763219,0.0757687,0.0752098,0.0746449,0.074074,0.0734972,0.0729144,0.0723258,0.0717318,0.0711328,0.0705294,0.0699225,0.0693133,0.0687032,0.0680941,0.067488,0.0668873,0.0662947,0.065713,0.065145,0.0645932,0.06406,0.0635472,0.0630561,0.0625875,0.0621417,0.0617185,0.0613174,0.0609377,0.0605781,0.0602378,0.0599154,0.0596098,0.0593198,0.0590444,0.0587824,0.0585329,0.0582949,0.0580676,0.0578503,0.0576422,0.0574426,0.057251,0.0570668,0.0568895,0.0567187,0.0565539,0.0563947,0.0562409,0.056092,0.0559478,0.055808,0.0556724,0.0555407,0.0554127,0.0552882,0.055167,0.055049,0.054934,0.0548218,0.0547124,0.0546055,0.0545011
0.0946026,0.0941674,0.0937307,0.0932926,0.092853,0.0924118,0.091969,0.0915245,0.0910784,0.0906304,0.0901806,0.0897288,0.0892751,0.0888193,0.0883613,0.0879011,0.0874386,0.0869737,0.0865063,0.0860364,0.0855637,0.0850882,0.0846098,0.0841283,0.0836437,0.0831558,0.0826645,0.0821696,0.081671,0.0811685,0.080662,0.0801513,0.0796362,0.0791166,0.0785923,0.078063,0.0775287,0.0769892,0.0764442,0.0758937,0.0753374,0.0747754,0.0742074,0.0736336,0.0730539,0.0724685,0.0718777,0.0712818,0.0706816,0.0700777,0.0694713,0.0688637,0.0682567,0.0676522,0.0670525,0.0664601,0.0658779,0.0653084,0.0647544,0.0642181,0.0637015,0.0632061,0.0627328,0.062282,0.0618537,0.0614475,0.0610625,0.060698,0.0603528,0.0600258,0.0597158,0.0594216,0.0591422,0.0588766,0.0586236,0.0583823,0.058152,0.0579318,0.057721,0.0575189,0.057325,0.0571385,0.0569592,0.0567864,0.0566197,0.0564588,0.0563033,0.0561529,0.0560072,0.0558661,0.0557291,0.0555961,0.0554669,0.0553413,0.0552191,0.0551,0.054984,0.0548709,0.0547605,0.0546528,0.0545475
0.0946766,0.0942419,0.0938059,0.0933684,0.0929295,0.092489,0.0920469,0.0916031,0.0911577,0.0907105,0.0902615,0.0898106,0.0893577,0.0889027,0.0884457,0.0879865,0.0875249,0.087061,0.0865947,0.0861258,0.0856542,0.0851799,0.0847027,0.0842225,0.0837393,0.0832527,0.0827628,0.0822694,0.0817724,0.0812715,0.0807667,0.0802578,0.0797446,0.0792269,0.0787046,0.0781775,0.0776455,0.0771082,0.0765657,0.0760177,0.0754641,0.0749048,0.0743397,0.0737688,0.0731922,0.0726099,0.0720222,0.0714296,0.0708324,0.0702315,0.069628,0.069023,0.0684181,0.0678153,0.0672167,0.0666247,0.0660421,0.0654715,0.0649155,0.0643764,0.0638563,0.0633568,0.062879,0.0624233,0.06199,0.0615786,0.0611885,0.060819,0.0604689,0.0601373,0.0598228,0.0595245,0.0592411,0.0589717,0.0587152,0.0584706,0.0582372,0.0580141,0.0578006,0.0575959,0.0573996,0.0572109,0.0570294,0.0568546,0.0566861,0.0565234,0.0563663,0.0562143,0.0560671,0.0559245,0.0557862,0.055652,0.0555215,0.0553948,0.0552714,0.0551513,0.0550343,0.0549202,0.054809,0.0547004,0.0545943
0.0947504,0.0943163,0.0938809,0.0934441,0.0930058,0.0925659,0.0921246,0.0916815,0.0912369,0.0907904,0.0903422,0.0898921,0.08944,0.088986,0.0885298,0.0880715,0.087611,0.0871481,0.0866827,0.0862149,0.0857445,0.0852713,0.0847953,0.0843164,0.0838344,0.0833492,0.0828608,0.0823688,0.0818733,0.0813741,0.0808709,0.0803637,0.0798524,0.0793366,0.0788163,0.0782913,0.0777614,0.0772265,0.0766864,0.0761409,0.0755899,0.0750333,0.074471,0.073903,0.0733294,0.0727502,0.0721656,0.071576,0.0709819,0.0703841,0.0697833,0.0691809,0.0685783,0.0679772,0.0673799,0.0667886,0.0662058,0.0656342,0.0650764,0.0645348,0.0640115,0.0635081,0.0630259,0.0625655,0.0621271,0.0617107,0.0613156,0.0609411,0.0605862,0.0602498,0.0599309,0.0596283,0.059341,0.0590677,0.0588077,0.0585598,0.0583232,0.0580972,0.0578809,0.0576737,0.0574749,0.0572839,0.0571003,0.0569234,0.056753,0.0565885,0.0564297,0.0562761,0.0561274,0.0559833,0.0558437,0.0557081,0.0555765,0.0554485,0.0553241,0.0552029,0.0550849,0.0549699,0.0548577,0.0547482,0.0546413
0.094824,0.0943905,0.0939557,0.0935195,0.0930819,0.0926427,0.092202,0.0917597,0.0913158,0.0908701,0.0904226,0.0899733,0.0895221,0.0890689,0.0886137,0.0881563,0.0876967,0.0872348,0.0867705,0.0863037,0.0858344,0.0853624,0.0848876,0.0844099,0.0839292,0.0834453,0.0829582,0.0824678,0.0819738,0.0814761,0.0809746,0.0804691,0.0799596,0.0794457,0.0789274,0.0784044,0.0778767,0.077344,0.0768062,0.0762632,0.0757147,0.0751608,0.0746013,0.0740362,0.0734654,0.0728892,0.0723077,0.0717212,0.0711302,0.0705353,0.0699374,0.0693376,0.0687372,0.0681381,0.0675421,0.0669515,0.0663688,0.0657965,0.0652372,0.0646932,0.0641669,0.0636598,0.0631734,0.0627084,0.0622653,0.0618438,0.0614437,0.0610642,0.0607045,0.0603635,0.0600401,0.0597332,0.0594418,0.0591647,0.0589011,0.0586498,0.0584101,0.058181,0.0579619,0.0577521,0.0575508,0.0573575,0.0571717,0.0569928,0.0568204,0.0566541,0.0564936,0.0563383,0.0561881,0.0560426,0.0559015,0.0557647,0.0556318,0.0555027,0.0553771,0.0552548,0.0551358,0.0550198,0.0549067,0.0547963,0.0546885
0.0948974,0.0944646,0.0940304,0.0935948,0.0931578,0.0927193,0.0922793,0.0918377,0.0913945,0.0909496,0.0905029,0.0900544,0.089604,0.0891516,0.0886973,0.0882408,0.0877821,0.0873212,0.0868579,0.0863922,0.085924,0.0854531,0.0849794,0.084503,0.0840235,0.083541,0.0830553,0.0825662,0.0820737,0.0815776,0.0810778,0.080574,0.0800662,0.0795542,0.0790378,0.0785168,0.0779912,0.0774608,0.0769253,0.0763846,0.0758387,0.0752874,0.0747306,0.0741682,0.0736004,0.0730272,0.0724487,0.0718652,0.0712772,0.0706852,0.0700901,0.069493,0.068895,0.0682978,0.0677033,0.0671136,0.0665311,0.0659583,0.0653977,0.0648517,0.0643225,0.063812,0.0633215,0.0628522,0.0624043,0.061978,0.0615729,0.0611885,0.0608239,0.0604782,0.0601503,0.0598391,0.0595436,0.0592627,0.0589954,0.0587407,0.0584977,0.0582657,0.0580437,0.0578312,0.0576274,0.0574318,0.0572437,0.0570627,0.0568884,0.0567203,0.0565579,0.056401,0.0562492,0.0561023,0.0559598,0.0558216,0.0556875,0.0555571,0.0554304,0.0553071,0.055187,0.05507,0.0549559,0.0548446,0.054736
0.0949707,0.0945384,0.0941048,0.0936699,0.0932335,0.0927957,0.0923564,0.0919155,0.091473,0.0910288,0.0905829,0.0901352,0.0896856,0.0892341,0.0887806,0.088325,0.0878673,0.0874073,0.0869451,0.0864804,0.0860132,0.0855434,0.085071,0.0845957,0.0841175,0.0836363,0.0831519,0.0826643,0.0821732,0.0816787,0.0811804,0.0806783,0.0801722,0.079662,0.0791475,0.0786286,0.0781051,0.0775768,0.0770435,0.0765053,0.0759618,0.075413,0.0748589,0.0742993,0.0737343,0.073164,0.0725884,0.0720079,0.0714229,0.0708339,0.0702416,0.0696471,0.0690515,0.0684564,0.0678634,0.0672748,0.0666927,0.0661195,0.0655578,0.06501,0.0644782,0.0639645,0.0634702,0.0629966,0.0625441,0.062113,0.0617031,0.0613137,0.0609443,0.0605939,0.0602615,0.059946,0.0596464,0.0593616,0.0590906,0.0588324,0.0585862,0.0583511,0.0581262,0.057911,0.0577047,0.0575066,0.0573163,0.0571333,0.0569569,0.0567869,0.0566228,0.0564642,0.0563108,0.0561624,0.0560185,0.0558789,0.0557435,0.055612,0.0554841,0.0553596,0.0552385,0.0551205,0.0550055,0.0548932,0.0547837
0.0950438,0.0946121,0.0941792,0.0937448,0.0933091,0.0928719,0.0924333,0.0919931,0.0915513,0.0911078,0.0906627,0.0902158,0.089767,0.0893163,0.0888637,0.088409,0.0879522,0.0874932,0.0870319,0.0865682,0.0861021,0.0856335,0.0851621,0.084688,0.0842111,0.0837312,0.0832481,0.0827619,0.0822723,0.0817792,0.0812825,0.0807821,0.0802777,0.0797693,0.0792567,0.0787397,0.0782182,0.077692,0.077161,0.0766251,0.076084,0.0755378,0.0749862,0.0744294,0.0738672,0.0732997,0.0727271,0.0721495,0.0715675,0.0709813,0.0703919,0.0698,0.0692068,0.0686138,0.0680225,0.067435,0.0668535,0.0662802,0.0657176,0.0651681,0.064634,0.0641172,0.0636194,0.0631417,0.0626847,0.0622489,0.0618342,0.06144,0.0610658,0.0607107,0.0603738,0.060054,0.0597502,0.0594614,0.0591867,0.0589251,0.0586755,0.0584373,0.0582095,0.0579915,0.0577826,0.0575822,0.0573896,0.0572044,0.057026,0.0568541,0.0566881,0.0565279,0.0563729,0.0562229,0.0560776,0.0559367,0.0557999,0.0556671,0.0555381,0.0554125,0.0552903,0.0551713,0.0550553,0.0549421,0.0548317
0.0951168,0.0946857,0.0942533,0.0938196,0.0933845,0.092948,0.09251,0.0920705,0.0916294,0.0911867,0.0907423,0.0902961,0.0898481,0.0893983,0.0889465,0.0884927,0.0880368,0.0875788,0.0871184,0.0866558,0.0861907,0.0857231,0.085253,0.08478,0.0843043,0.0838256,0.0833439,0.0828591,0.0823709,0.0818793,0.0813842,0.0808853,0.0803827,0.079876,0.0793652,0.0788502,0.0783307,0.0778066,0.0772778,0.0767441,0.0762054,0.0756617,0.0751127,0.0745585,0.073999,0.0734343,0.0728646,0.0722899,0.0717108,0.0711276,0.0705409,0.0699517,0.0693609,0.06877,0.0681805,0.0675943,0.0670134,0.0664402,0.065877,0.0653261,0.0647898,0.0642703,0.063769,0.0632873,0.0628261,0.0623857,0.0619663,0.0615673,0.0611884,0.0608286,0.0604871,0.0601629,0.059855,0.0595623,0.0592838,0.0590186,0.0587657,0.0585243,0.0582936,0.0580728,0.0578613,0.0576583,0.0574634,0.057276,0.0570956,0.0569217,0.056754,0.056592,0.0564354,0.0562838,0.056137,0.0559948,0.0558567,0.0557227,0.0555924,0.0554657,0.0553424,0.0552224,0.0551054,0.0549913,0.05488
0.0951896,0.0947591,0.0943273,0.0938942,0.0934597,0.0930238,0.0925865,0.0921477,0.0917073,0.0912653,0.0908216,0.0903762,0.0899291,0.08948,0.0890291,0.0885762,0.0881212,0.087664,0.0872047,0.0867431,0.086279,0.0858125,0.0853434,0.0848717,0.0843972,0.0839197,0.0834393,0.0829558,0.0824691,0.0819789,0.0814853,0.0809881,0.0804871,0.0799822,0.0794732,0.07896,0.0784425,0.0779205,0.0773938,0.0768624,0.076326,0.0757847,0.0752382,0.0746866,0.0741298,0.0735679,0.073001,0.0724292,0.0718529,0.0712726,0.0706887,0.0701021,0.0695139,0.0689251,0.0683375,0.0677526,0.0671726,0.0665995,0.0660358,0.0654838,0.0649456,0.0644234,0.0639189,0.0634335,0.0629682,0.0625233,0.0620992,0.0616956,0.0613119,0.0609475,0.0606014,0.0602729,0.0599607,0.059664,0.0593818,0.0591129,0.0588567,0.0586121,0.0583784,0.0581548,0.0579406,0.0577352,0.0575379,0.0573483,0.0571658,0.05699,0.0568204,0.0566566,0.0564983,0.0563452,0.0561969,0.0560533,0.0559139,0.0557785,0.0556471,0.0555192,0.0553949,0.0552738,0.0551558,0.0550407,0.0549285
0.0952622,0.0948323,0.0944011,0.0939686,0.0935347,0.0930995,0.0926628,0.0922247,0.091785,0.0913437,0.0909008,0.0904561,0.0900098,0.0895615,0.0891114,0.0886594,0.0882053,0.0877491,0.0872907,0.08683,0.086367,0.0859016,0.0854336,0.084963,0.0844896,0.0840135,0.0835343,0.0830521,0.0825668,0.0820781,0.081586,0.0810903,0.080591,0.0800877,0.0795806,0.0790692,0.0785536,0.0780336,0.0775091,0.0769798,0.0764458,0.0759068,0.0753628,0.0748138,0.0742597,0.0737005,0.0731363,0.0725674,0.0719939,0.0714164,0.0708353,0.0702514,0.0696656,0.0690791,0.0684933,0.0679099,0.0673308,0.0667582,0.0661942,0.0656411,0.0651012,0.0645767,0.0640692,0.0635802,0.0631108,0.0626617,0.0622331,0.0618247,0.0614364,0.0610673,0.0607168,0.0603838,0.0600675,0.0597667,0.0594806,0.0592082,0.0589485,0.0587007,0.058464,0.0582375,0.0580206,0.0578127,0.0576131,0.0574212,0.0572366,0.0570587,0.0568873,0.0567217,0.0565618,0.056407,0.0562573,0.0561121,0.0559714,0.0558348,0.0557021,0.0555731,0.0554476,0.0553255,0.0552065,0.0550905,0.0549773
0.0953347,0.0949053,0.0944747,0.0940428,0.0936096,0.093175,0.0927389,0.0923015,0.0918625,0.0914219,0.0909797,0.0905358,0.0900902,0.0896428,0.0891935,0.0887423,0.0882891,0.0878338,0.0873764,0.0869167,0.0864547,0.0859903,0.0855234,0.0850539,0.0845817,0.0841068,0.0836289,0.083148,0.082664,0.0821768,0.0816862,0.0811921,0.0806943,0.0801928,0.0796873,0.0791778,0.0786642,0.0781461,0.0776237,0.0770966,0.0765648,0.0760281,0.0754866,0.0749401,0.0743885,0.073832,0.0732706,0.0727044,0.0721338,0.071559,0.0709807,0.0703994,0.0698161,0.0692319,0.0686481,0.0680662,0.0674882,0.0669161,0.0663519,0.0657981,0.0652567,0.0647299,0.0642196,0.0637273,0.0632541,0.0628008,0.0623677,0.0619548,0.0615618,0.0611882,0.0608331,0.0604958,0.0601752,0.0598704,0.0595805,0.0593044,0.0590413,0.0587902,0.0585504,0.058321,0.0581014,0.0578909,0.0576888,0.0574947,0.0573079,0.057128,0.0569547,0.0567873,0.0566257,0.0564693,0.056318,0.0561715,0.0560293,0.0558914,0.0557575,0.0556273,0.0555007,0.0553775,0.0552574,0.0551405,0.0550264
0.095407,0.0949782,0.0945482,0.0941169,0.0936842,0.0932503,0.0928149,0.0923781,0.0919398,0.0914999,0.0910584,0.0906153,0.0901704,0.0897238,0.0892754,0.088825,0.0883727,0.0879183,0.0874618,0.0870031,0.0865421,0.0860787,0.0856129,0.0851445,0.0846735,0.0841997,0.0837231,0.0832436,0.0827609,0.0822751,0.0817859,0.0812933,0.0807971,0.0802973,0.0797935,0.0792859,0.078774,0.078258,0.0777375,0.0772126,0.076683,0.0761487,0.0756095,0.0750654,0.0745164,0.0739626,0.0734038,0.0728404,0.0722725,0.0717005,0.0711249,0.0705463,0.0699655,0.0693835,0.0688017,0.0682215,0.0676447,0.0670732,0.0665091,0.0659546,0.0654119,0.0648832,0.0643703,0.0638748,0.0633979,0.0629406,0.0625031,0.0620858,0.0616882,0.06131,0.0609504,0.0606087,0.0602839,0.059975,0.0596812,0.0594014,0.0591348,0.0588805,0.0586375,0.0584052,0.0581828,0.0579697,0.0577652,0.0575688,0.0573798,0.0571979,0.0570226,0.0568534,0.05669,0.0565321,0.0563792,0.0562312,0.0560877,0.0559484,0.0558132,0.0556819,0.0555541,0.0554298,0.0553087,0.0551908,0.0550757
0.0954792,0.095051,0.0946215,0.0941908,0.0937588,0.0933254,0.0928907,0.0924545,0.0920168,0.0915777,0.0911369,0.0906945,0.0902505,0.0898046,0.089357,0.0889074,0.088456,0.0880025,0.0875469,0.0870891,0.0866291,0.0861668,0.085702,0.0852348,0.0847649,0.0842923,0.083817,0.0833387,0.0828573,0.0823729,0.0818852,0.0813941,0.0808995,0.0804012,0.0798992,0.0793933,0.0788833,0.0783692,0.0778507,0.0773279,0.0768004,0.0762684,0.0757315,0.0751899,0.0746434,0.0740921,0.0735361,0.0729753,0.0724102,0.0718409,0.071268,0.070692,0.0701137,0.069534,0.0689543,0.0683758,0.0678002,0.0672295,0.0666656,0.0661106,0.0655669,0.0650364,0.064521,0.0640225,0.0635422,0.0630809,0.0626393,0.0622176,0.0618155,0.0614328,0.0610687,0.0607226,0.0603935,0.0600806,0.0597829,0.0594994,0.0592292,0.0589715,0.0587255,0.0584902,0.058265,0.0580493,0.0578423,0.0576435,0.0574523,0.0572683,0.057091,0.05692,0.0567549,0.0565953,0.0564408,0.0562913,0.0561464,0.0560058,0.0558693,0.0557367,0.0556078,0.0554824,0.0553603,0.0552413,0.0551254
0.0955513,0.0951236,0.0946946,0.0942645,0.0938331,0.0934003,0.0929662,0.0925307,0.0920938,0.0916553,0.0912152,0.0907736,0.0903302,0.0898852,0.0894383,0.0889896,0.088539,0.0880864,0.0876317,0.0871749,0.0867159,0.0862546,0.0857909,0.0853247,0.084856,0.0843846,0.0839104,0.0834334,0.0829534,0.0824703,0.081984,0.0814944,0.0810013,0.0805046,0.0800043,0.0795001,0.078992,0.0784797,0.0779632,0.0774424,0.0769171,0.0763873,0.0758528,0.0753135,0.0747695,0.0742207,0.0736673,0.0731092,0.0725467,0.0719802,0.0714099,0.0708365,0.0702607,0.0696834,0.0691057,0.068529,0.0679548,0.0673849,0.0668214,0.0662662,0.0657215,0.0651894,0.0646719,0.0641706,0.0636869,0.0632219,0.0627762,0.0623501,0.0619437,0.0615565,0.061188,0.0608375,0.0605042,0.0601871,0.0598855,0.0595983,0.0593245,0.0590635,0.0588142,0.0585759,0.0583479,0.0581295,0.05792,0.0577188,0.0575254,0.0573393,0.05716,0.0569871,0.0568202,0.0566589,0.0565029,0.0563518,0.0562055,0.0560635,0.0559258,0.055792,0.0556619,0.0555354,0.0554122,0.0552922,0.0551753
0.0956231,0.095196,0.0947676,0.0943381,0.0939072,0.0934751,0.0930416,0.0926068,0.0921705,0.0917327,0.0912933,0.0908524,0.0904098,0.0899655,0.0895195,0.0890716,0.0886218,0.0881701,0.0877163,0.0872605,0.0868024,0.0863421,0.0858794,0.0854143,0.0849467,0.0844764,0.0840035,0.0835277,0.083049,0.0825672,0.0820823,0.0815942,0.0811026,0.0806076,0.0801089,0.0796064,0.0791,0.0785896,0.0780751,0.0775563,0.0770331,0.0765054,0.0759732,0.0754363,0.0748947,0.0743484,0.0737975,0.0732421,0.0726823,0.0721184,0.0715507,0.0709799,0.0704066,0.0698316,0.0692561,0.0686812,0.0681084,0.0675396,0.0669765,0.0664212,0.0658757,0.0653423,0.0648227,0.0643188,0.0638319,0.0633633,0.0629137,0.0624835,0.0620727,0.061681,0.0613081,0.0609533,0.0606157,0.0602946,0.059989,0.059698,0.0594207,0.0591562,0.0589037,0.0586624,0.0584315,0.0582104,0.0579984,0.0577948,0.0575991,0.0574109,0.0572296,0.0570548,0.056886,0.056723,0.0565654,0.0564128,0.056265,0.0561217,0.0559826,0.0558476,0.0557163,0.0555886,0.0554644,0.0553434,0.0552254
0.0956949,0.0952683,0.0948405,0.0944115,0.0939812,0.0935497,0.0931169,0.0926826,0.092247,0.0918099,0.0913712,0.090931,0.0904892,0.0900457,0.0896004,0.0891533,0.0887044,0.0882535,0.0878006,0.0873457,0.0868886,0.0864293,0.0859676,0.0855036,0.0850371,0.084568,0.0840962,0.0836216,0.0831442,0.0826638,0.0821802,0.0816935,0.0812035,0.08071,0.0802129,0.0797121,0.0792075,0.0786989,0.0781863,0.0776695,0.0771484,0.0766228,0.0760928,0.0755582,0.075019,0.0744752,0.0739268,0.0733739,0.0728167,0.0722555,0.0716905,0.0711222,0.0705514,0.0699788,0.0694053,0.0688323,0.0682611,0.0676933,0.0671308,0.0665756,0.0660296,0.0654949,0.0649735,0.0644671,0.0639773,0.0635053,0.0630519,0.0626175,0.0622025,0.0618065,0.0614292,0.06107,0.0607282,0.060403,0.0600934,0.0597986,0.0595177,0.0592498,0.0589941,0.0587497,0.0585159,0.058292,0.0580774,0.0578714,0.0576734,0.057483,0.0572997,0.0571229,0.0569523,0.0567876,0.0566283,0.0564742,0.0563249,0.0561802,0.0560398,0.0559035,0.055771,0.0556422,0.0555169,0.0553948,0.0552759
0.0957664,0.0953404,0.0949131,0.0944847,0.0940551,0.0936241,0.0931919,0.0927583,0.0923233,0.0918869,0.0914489,0.0910094,0.0905683,0.0901255,0.0896811,0.0892348,0.0887867,0.0883367,0.0878847,0.0874307,0.0869745,0.0865162,0.0860555,0.0855925,0.0851271,0.0846591,0.0841885,0.0837152,0.083239,0.0827599,0.0822777,0.0817924,0.0813038,0.0808119,0.0803164,0.0798173,0.0793144,0.0788076,0.0782969,0.077782,0.0772629,0.0767395,0.0762116,0.0756793,0.0751425,0.0746011,0.0740552,0.0735048,0.0729502,0.0723915,0.0718291,0.0712634,0.0706951,0.0701248,0.0695535,0.0689824,0.0684128,0.0678462,0.0672844,0.0667293,0.0661829,0.0656472,0.0651241,0.0646155,0.064123,0.0636477,0.0631906,0.0627523,0.062333,0.0619328,0.0615512,0.0611877,0.0608417,0.0605123,0.0601988,0.0599002,0.0596156,0.0593442,0.0590852,0.0588377,0.058601,0.0583744,0.0581571,0.0579486,0.0577483,0.0575557,0.0573703,0.0571916,0.0570192,0.0568527,0.0566917,0.056536,0.0563853,0.0562391,0.0560974,0.0559598,0.0558261,0.0556961,0.0555697,0.0554466,0.0553267
0.0958379,0.0954123,0.0949857,0.0945578,0.0941287,0.0936984,0.0932668,0.0928338,0.0923995,0.0919637,0.0915264,0.0910876,0.0906472,0.0902052,0.0897615,0.089316,0.0888688,0.0884196,0.0879685,0.0875153,0.0870601,0.0866027,0.0861431,0.0856812,0.0852168,0.0847499,0.0842805,0.0838083,0.0833334,0.0828556,0.0823748,0.0818909,0.0814037,0.0809133,0.0804194,0.0799219,0.0794207,0.0789157,0.0784068,0.0778939,0.0773768,0.0768554,0.0763297,0.0757996,0.0752651,0.074726,0.0741826,0.0736347,0.0730826,0.0725265,0.0719667,0.0714035,0.0708377,0.0702697,0.0697006,0.0691314,0.0685635,0.0679982,0.0674372,0.0668824,0.0663357,0.0657992,0.0652747,0.064764,0.0642688,0.0637904,0.0633298,0.0628877,0.0624643,0.0620599,0.061674,0.0613062,0.060956,0.0606225,0.060305,0.0600026,0.0597144,0.0594395,0.0591772,0.0589265,0.0586869,0.0584574,0.0582375,0.0580265,0.0578239,0.057629,0.0574415,0.0572608,0.0570865,0.0569182,0.0567556,0.0565983,0.056446,0.0562985,0.0561554,0.0560165,0.0558815,0.0557504,0.0556228,0.0554987,0.0553777
0.0959092,0.0954842,0.095058,0.0946307,0.0942022,0.0937725,0.0933415,0.0929091,0.0924754,0.0920403,0.0916037,0.0911656,0.090726,0.0902847,0.0898417,0.089397,0.0889506,0.0885023,0.088052,0.0875998,0.0871455,0.086689,0.0862304,0.0857695,0.0853062,0.0848404,0.0843721,0.0839011,0.0834274,0.0829509,0.0824714,0.0819889,0.0815032,0.0810142,0.0805218,0.080026,0.0795265,0.0790232,0.0785161,0.0780051,0.0774899,0.0769706,0.076447,0.0759191,0.0753868,0.0748502,0.0743091,0.0737637,0.0732141,0.0726605,0.0721032,0.0715426,0.0709791,0.0704136,0.0698467,0.0692795,0.0687132,0.0681492,0.0675892,0.0670348,0.066488,0.0659508,0.065425,0.0649124,0.0644148,0.0639334,0.0634695,0.0630236,0.0625963,0.0621877,0.0617976,0.0614257,0.0610712,0.0607336,0.0604121,0.0601059,0.059814,0.0595356,0.0592699,0.0590161,0.0587734,0.0585412,0.0583186,0.058105,0.0579,0.0577029,0.0575132,0.0573305,0.0571543,0.0569843,0.0568199,0.056661,0.0565072,0.0563582,0.0562137,0.0560735,0.0559373,0.055805,0.0556763,0.055551,0.055429
0.0959803,0.0955558,0.0951302,0.0947035,0.0942756,0.0938464,0.093416,0.0929843,0.0925512,0.0921167,0.0916808,0.0912434,0.0908045,0.0903639,0.0899217,0.0894778,0.0890322,0.0885847,0.0881353,0.0876839,0.0872305,0.0867751,0.0863174,0.0858575,0.0853952,0.0849306,0.0844634,0.0839936,0.0835211,0.0830458,0.0825676,0.0820864,0.0816022,0.0811146,0.0806238,0.0801295,0.0796317,0.0791302,0.0786248,0.0781156,0.0776024,0.0770851,0.0765636,0.0760379,0.0755078,0.0749734,0.0744347,0.0738917,0.0733446,0.0727935,0.0722387,0.0716806,0.0711196,0.0705563,0.0699916,0.0694264,0.0688619,0.0682993,0.0677403,0.0671865,0.0666398,0.066102,0.0655751,0.0650608,0.0645609,0.0640768,0.0636096,0.0631601,0.062729,0.0623164,0.0619221,0.0615459,0.0611873,0.0608457,0.0605202,0.0602101,0.0599145,0.0596326,0.0593635,0.0591065,0.0588608,0.0586256,0.0584003,0.0581842,0.0579768,0.0577774,0.0575856,0.0574008,0.0572227,0.0570508,0.0568847,0.0567242,0.0565688,0.0564183,0.0562724,0.0561309,0.0559935,0.0558599,0.0557301,0.0556037,0.0554807
0.0960513,0.0956273,0.0952023,0.0947761,0.0943487,0.0939202,0.0934903,0.0930592,0.0926268,0.092193,0.0917577,0.091321,0.0908828,0.0904429,0.0900015,0.0895584,0.0891135,0.0886668,0.0882183,0.0877678,0.0873153,0.0868608,0.0864041,0.0859452,0.085484,0.0850204,0.0845543,0.0840857,0.0836144,0.0831403,0.0826634,0.0821836,0.0817007,0.0812146,0.0807253,0.0802326,0.0797363,0.0792365,0.078733,0.0782256,0.0777143,0.0771989,0.0766795,0.0761558,0.075628,0.0750958,0.0745595,0.0740189,0.0734742,0.0729255,0.0723732,0.0718175,0.0712589,0.070698,0.0701355,0.0695724,0.0690096,0.0684485,0.0678906,0.0673375,0.0667909,0.0662527,0.0657248,0.065209,0.064707,0.0642203,0.06375,0.0632972,0.0628623,0.0624457,0.0620474,0.061667,0.0613043,0.0609586,0.0606291,0.0603151,0.0600158,0.0597303,0.0594579,0.0591977,0.0589489,0.0587108,0.0584828,0.0582641,0.0580542,0.0578525,0.0576585,0.0574716,0.0572916,0.0571178,0.05695,0.0567878,0.0566309,0.0564789,0.0563316,0.0561887,0.05605,0.0559152,0.0557842,0.0556567,0.0555326
0.0961221,0.0956987,0.0952742,0.0948485,0.0944217,0.0939938,0.0935645,0.093134,0.0927022,0.092269,0.0918344,0.0913984,0.0909609,0.0905218,0.0900811,0.0896387,0.0891946,0.0887488,0.088301,0.0878514,0.0873999,0.0869462,0.0864905,0.0860326,0.0855724,0.0851099,0.0846449,0.0841774,0.0837073,0.0832345,0.0827588,0.0822803,0.0817988,0.0813141,0.0808263,0.0803351,0.0798405,0.0793423,0.0788405,0.0783349,0.0778255,0.0773121,0.0767946,0.0762731,0.0757474,0.0752174,0.0746834,0.0741451,0.0736028,0.0730566,0.0725067,0.0719535,0.0713973,0.0708387,0.0702784,0.0697173,0.0691563,0.0685968,0.06804,0.0674877,0.0669414,0.066403,0.0658743,0.0653571,0.0648532,0.064364,0.0638908,0.0634347,0.0629962,0.0625757,0.0621734,0.061789,0.0614221,0.0610723,0.0607389,0.060421,0.060118,0.059829,0.0595531,0.0592896,0.0590377,0.0587967,0.0585659,0.0583446,0.0581322,0.0579282,0.057732,0.057543,0.057361,0.0571853,0.0570158,0.0568519,0.0566933,0.0565398,0.0563911,0.0562468,0.0561068,0.0559708,0.0558386,0.05571,0.0555849
0.0961928,0.0957699,0.0953459,0.0949208,0.0944946,0.0940672,0.0936385,0.0932086,0.0927774,0.0923449,0.091911,0.0914756,0.0910387,0.0906004,0.0901604,0.0897188,0.0892755,0.0888304,0.0883836,0.0879348,0.0874841,0.0870314,0.0865766,0.0861197,0.0856605,0.085199,0.0847351,0.0842687,0.0837998,0.0833282,0.0828538,0.0823766,0.0818964,0.0814132,0.0809268,0.0804371,0.0799441,0.0794476,0.0789474,0.0784436,0.077936,0.0774245,0.0769091,0.0763896,0.075866,0.0753382,0.0748064,0.0742705,0.0737305,0.0731867,0.0726392,0.0720884,0.0715346,0.0709783,0.0704202,0.0698611,0.0693021,0.0687441,0.0681886,0.0676371,0.0670912,0.0665527,0.0660233,0.065505,0.0649993,0.0645078,0.0640319,0.0635726,0.0631306,0.0627064,0.0623001,0.0619117,0.0615408,0.061187,0.0608495,0.0605278,0.060221,0.0599284,0.0596491,0.0593823,0.0591274,0.0588834,0.0586498,0.0584258,0.0582109,0.0580045,0.057806,0.057615,0.0574309,0.0572534,0.057082,0.0569164,0.0567562,0.0566012,0.056451,0.0563054,0.056164,0.0560268,0.0558934,0.0557637,0.0556374
0.0962634,0.095841,0.0954175,0.094993,0.0945673,0.0941404,0.0937124,0.0932831,0.0928525,0.0924206,0.0919873,0.0915526,0.0911164,0.0906788,0.0902395,0.0897987,0.0893561,0.0889119,0.0884658,0.0880179,0.0875681,0.0871163,0.0866625,0.0862065,0.0857483,0.0852878,0.084825,0.0843598,0.083892,0.0834216,0.0829484,0.0824725,0.0819937,0.0815118,0.0810268,0.0805387,0.0800472,0.0795523,0.0790538,0.0785518,0.078046,0.0775363,0.0770228,0.0765053,0.0759838,0.0754583,0.0749286,0.074395,0.0738573,0.0733159,0.0727708,0.0722223,0.0716709,0.0711169,0.070561,0.070004,0.0694468,0.0688905,0.0683363,0.0677857,0.0672403,0.0667018,0.066172,0.0656526,0.0651453,0.0646517,0.0641732,0.0637108,0.0632655,0.0628376,0.0624275,0.0620351,0.0616602,0.0613024,0.060961,0.0606355,0.0603249,0.0600287,0.0597459,0.0594759,0.0592177,0.0589708,0.0587343,0.0585077,0.0582903,0.0580814,0.0578807,0.0576875,0.0575014,0.0573219,0.0571487,0.0569814,0.0568196,0.056663,0.0565113,0.0563643,0.0562216,0.0560831,0.0559485,0.0558176,0.0556903
0.0963338,0.0959119,0.095489,0.095065,0.0946398,0.0942135,0.0937861,0.0933573,0.0929274,0.0924961,0.0920634,0.0916294,0.0911939,0.090757,0.0903184,0.0898783,0.0894366,0.0889931,0.0885479,0.0881008,0.0876518,0.0872009,0.086748,0.086293,0.0858358,0.0853764,0.0849146,0.0844504,0.0839838,0.0835145,0.0830426,0.082568,0.0820905,0.08161,0.0811264,0.0806397,0.0801498,0.0796564,0.0791597,0.0786593,0.0781553,0.0776475,0.0771359,0.0766204,0.0761009,0.0755775,0.07505,0.0745186,0.0739833,0.0734441,0.0729014,0.0723553,0.0718061,0.0712545,0.0707008,0.0701459,0.0695906,0.0690359,0.0684831,0.0679336,0.0673888,0.0668504,0.0663202,0.0657999,0.0652912,0.0647957,0.0643147,0.0638494,0.0634008,0.0629694,0.0625556,0.0621593,0.0617805,0.0614187,0.0610734,0.0607439,0.0604297,0.0601298,0.0598436,0.0595702,0.0593089,0.0590589,0.0588196,0.0585902,0.0583702,0.058159,0.0579559,0.0577606,0.0575724,0.057391,0.0572159,0.0570469,0.0568834,0.0567252,0.0565721,0.0564236,0.0562796,0.0561398,0.0560039,0.0558719,0.0557434
0.0964041,0.0959827,0.0955603,0.0951368,0.0947122,0.0942865,0.0938596,0.0934314,0.0930021,0.0925714,0.0921394,0.091706,0.0912712,0.0908349,0.0903971,0.0899578,0.0895167,0.0890741,0.0886296,0.0881834,0.0877353,0.0872853,0.0868333,0.0863792,0.085923,0.0854646,0.0850039,0.0845408,0.0840752,0.0836072,0.0831365,0.0826631,0.0821868,0.0817077,0.0812256,0.0807403,0.0802519,0.0797601,0.0792649,0.0787663,0.078264,0.077758,0.0772483,0.0767348,0.0762173,0.075696,0.0751707,0.0746414,0.0741083,0.0735715,0.0730311,0.0724873,0.0719405,0.0713911,0.0708396,0.0702867,0.0697333,0.0691804,0.068629,0.0680806,0.0675365,0.0669984,0.066468,0.0659469,0.0654369,0.0649396,0.0644563,0.0639883,0.0635366,0.0631018,0.0626843,0.0622842,0.0619015,0.0615357,0.0611865,0.0608532,0.0605352,0.0602317,0.059942,0.0596653,0.0594008,0.0591478,0.0589056,0.0586735,0.0584509,0.0582372,0.0580318,0.0578342,0.0576439,0.0574606,0.0572836,0.0571128,0.0569477,0.0567879,0.0566332,0.0564833,0.0563379,0.0561968,0.0560597,0.0559265,0.0557969
0.0964743,0.0960534,0.0956315,0.0952085,0.0947844,0.0943593,0.0939329,0.0935054,0.0930766,0.0926466,0.0922152,0.0917825,0.0913483,0.0909127,0.0904756,0.090037,0.0895967,0.0891548,0.0887112,0.0882658,0.0878185,0.0873694,0.0869183,0.0864651,0.0860099,0.0855525,0.0850928,0.0846308,0.0841664,0.0836994,0.0832299,0.0827577,0.0822828,0.081805,0.0813242,0.0808404,0.0803534,0.0798632,0.0793697,0.0788727,0.0783721,0.077868,0.0773601,0.0768485,0.076333,0.0758137,0.0752905,0.0747634,0.0742325,0.073698,0.0731598,0.0726183,0.0720738,0.0715267,0.0709774,0.0704266,0.0698752,0.0693239,0.068774,0.0682267,0.0676835,0.0671457,0.0666152,0.0660935,0.0655824,0.0650834,0.064598,0.0641275,0.0636728,0.0632346,0.0628136,0.0624098,0.0620232,0.0616536,0.0613005,0.0609634,0.0606416,0.0603345,0.0600413,0.0597612,0.0594934,0.0592374,0.0589922,0.0587574,0.0585322,0.058316,0.0581082,0.0579084,0.057716,0.0575307,0.0573519,0.0571792,0.0570124,0.056851,0.0566948,0.0565434,0.0563966,0.0562542,0.0561159,0.0559815,0.0558507
0.0965443,0.0961239,0.0957025,0.09528,0.0948565,0.0944319,0.0940061,0.0935791,0.093151,0.0927215,0.0922908,0.0918587,0.0914252,0.0909903,0.0905539,0.090116,0.0896765,0.0892353,0.0887925,0.0883479,0.0879015,0.0874532,0.087003,0.0865508,0.0860965,0.0856401,0.0851814,0.0847204,0.0842571,0.0837913,0.083323,0.082852,0.0823784,0.0819019,0.0814225,0.08094,0.0804545,0.0799658,0.0794739,0.0789785,0.0784797,0.0779773,0.0774712,0.0769615,0.076448,0.0759307,0.0754095,0.0748846,0.0743559,0.0738236,0.0732877,0.0727485,0.0722062,0.0716613,0.0711142,0.0705655,0.070016,0.0694665,0.0689182,0.0683721,0.0678297,0.0672924,0.0667619,0.0662397,0.0657276,0.0652271,0.0647398,0.0642668,0.0638092,0.0633679,0.0629434,0.062536,0.0621456,0.0617722,0.0614152,0.0610743,0.0607488,0.0604381,0.0601413,0.0598578,0.0595869,0.0593277,0.0590796,0.058842,0.0586141,0.0583954,0.0581853,0.0579832,0.0577887,0.0576013,0.0574206,0.0572461,0.0570775,0.0569145,0.0567568,0.0566039,0.0564557,0.056312,0.0561724,0.0560367,0.0559049
0.0966141,0.0961942,0.0957733,0.0953514,0.0949284,0.0945043,0.0940791,0.0936527,0.0932251,0.0927963,0.0923662,0.0919347,0.0915019,0.0910677,0.090632,0.0901948,0.089756,0.0893156,0.0888735,0.0884298,0.0879842,0.0875368,0.0870874,0.0866361,0.0861828,0.0857273,0.0852697,0.0848098,0.0843475,0.0838829,0.0834157,0.0829459,0.0824735,0.0819983,0.0815202,0.0810392,0.0805552,0.080068,0.0795775,0.0790838,0.0785866,0.078086,0.0775817,0.0770738,0.0765623,0.0760469,0.0755279,0.075005,0.0744785,0.0739483,0.0734146,0.0728777,0.0723377,0.071795,0.07125,0.0707034,0.0701559,0.0696082,0.0690614,0.0685166,0.0679751,0.0674384,0.066908,0.0663855,0.0658726,0.0653707,0.0648815,0.0644062,0.063946,0.0635016,0.0630738,0.0626628,0.0622687,0.0618915,0.0615307,0.061186,0.0608568,0.0605424,0.0602421,0.0599553,0.0596811,0.0594188,0.0591678,0.0589273,0.0586967,0.0584755,0.0582629,0.0580586,0.0578619,0.0576725,0.0574898,0.0573135,0.0571432,0.0569785,0.0568192,0.0566648,0.0565152,0.0563701,0.0562292,0.0560924,0.0559593
0.0966839,0.0962645,0.0958441,0.0954227,0.0950002,0.0945767,0.094152,0.0937262,0.0932992,0.0928709,0.0924414,0.0920106,0.0915784,0.0911449,0.0907099,0.0902734,0.0898353,0.0893957,0.0889544,0.0885114,0.0880666,0.0876201,0.0871716,0.0867212,0.0862688,0.0858143,0.0853577,0.0848988,0.0844376,0.0839741,0.083508,0.0830395,0.0825683,0.0820943,0.0816176,0.081138,0.0806553,0.0801696,0.0796807,0.0791885,0.078693,0.0781941,0.0776916,0.0771855,0.0766758,0.0761625,0.0756454,0.0751247,0.0746002,0.0740722,0.0735408,0.073006,0.0724682,0.0719277,0.0713849,0.0708404,0.0702948,0.0697489,0.0692037,0.0686602,0.0681198,0.0675837,0.0670535,0.0665308,0.0660172,0.0655141,0.0650232,0.0645458,0.064083,0.0636357,0.0632046,0.0627902,0.0623925,0.0620115,0.061647,0.0612985,0.0609656,0.0606476,0.0603438,0.0600535,0.059776,0.0595106,0.0592566,0.0590133,0.05878,0.0585562,0.0583412,0.0581346,0.0579357,0.0577442,0.0575595,0.0573814,0.0572093,0.0570429,0.056882,0.0567261,0.0565751,0.0564286,0.0562864,0.0561483,0.0560141
0.0967535,0.0963346,0.0959147,0.0954938,0.0950718,0.0946488,0.0942247,0.0937994,0.093373,0.0929454,0.0925165,0.0920863,0.0916548,0.0912219,0.0907875,0.0903517,0.0899144,0.0894755,0.089035,0.0885928,0.0881489,0.0877031,0.0872555,0.086806,0.0863546,0.085901,0.0854454,0.0849875,0.0845274,0.0840649,0.0836,0.0831326,0.0826626,0.08219,0.0817145,0.0812362,0.080755,0.0802707,0.0797834,0.0792928,0.0787989,0.0783016,0.0778009,0.0772966,0.0767888,0.0762773,0.0757622,0.0752435,0.0747212,0.0741953,0.073666,0.0731334,0.0725978,0.0720595,0.0715189,0.0709764,0.0704328,0.0698887,0.0693451,0.068803,0.0682636,0.0677283,0.0671985,0.0666756,0.0661614,0.0656573,0.0651649,0.0646855,0.0642202,0.0637701,0.0633359,0.0629181,0.0625169,0.0621322,0.061764,0.0614118,0.0610752,0.0607535,0.0604462,0.0601525,0.0598717,0.0596032,0.0593461,0.0591,0.058864,0.0586375,0.0584201,0.0582111,0.0580101,0.0578164,0.0576298,0.0574497,0.0572759,0.0571078,0.0569453,0.0567879,0.0566354,0.0564875,0.056344,0.0562047,0.0560692
0.0968229,0.0964045,0.0959851,0.0955647,0.0951433,0.0947208,0.0942972,0.0938726,0.0934467,0.0930196,0.0925914,0.0921618,0.0917309,0.0912987,0.090865,0.0904299,0.0899933,0.0895551,0.0891154,0.0886739,0.0882308,0.0877859,0.0873392,0.0868906,0.08644,0.0859874,0.0855327,0.0850759,0.0846168,0.0841554,0.0836917,0.0832254,0.0827566,0.0822852,0.081811,0.0813341,0.0808542,0.0803714,0.0798855,0.0793964,0.0789042,0.0784085,0.0779095,0.077407,0.0769011,0.0763915,0.0758784,0.0753616,0.0748414,0.0743176,0.0737904,0.07326,0.0727266,0.0721904,0.0716519,0.0711115,0.0705698,0.0700276,0.0694856,0.0689449,0.0684067,0.0678722,0.0673428,0.06682,0.0663053,0.0658003,0.0653064,0.0648251,0.0643576,0.0639048,0.0634676,0.0630465,0.0626418,0.0622536,0.0618817,0.0615258,0.0611855,0.0608602,0.0605494,0.0602523,0.0599682,0.0596965,0.0594364,0.0591873,0.0589486,0.0587195,0.0584996,0.0582883,0.058085,0.0578892,0.0577006,0.0575186,0.0573429,0.0571732,0.057009,0.05685,0.0566961,0.0565468,0.056402,0.0562613,0.0561247
0.0968923,0.0964743,0.0960554,0.0956355,0.0952146,0.0947927,0.0943696,0.0939455,0.0935202,0.0930937,0.0926661,0.0922371,0.0918069,0.0913753,0.0909423,0.0905079,0.090072,0.0896345,0.0891955,0.0887549,0.0883125,0.0878685,0.0874226,0.0869749,0.0865252,0.0860735,0.0856198,0.085164,0.0847059,0.0842456,0.0837829,0.0833178,0.0828502,0.08238,0.0819071,0.0814315,0.080953,0.0804716,0.0799872,0.0794996,0.0790089,0.0785149,0.0780176,0.0775169,0.0770127,0.076505,0.0759938,0.075479,0.0749608,0.0744391,0.073914,0.0733857,0.0728544,0.0723204,0.071784,0.0712456,0.0707059,0.0701655,0.0696252,0.069086,0.068549,0.0680153,0.0674864,0.0669637,0.0664487,0.0659429,0.0654478,0.0649648,0.0644951,0.0640398,0.0635997,0.0631754,0.0627674,0.0623756,0.0620001,0.0616406,0.0612966,0.0609677,0.0606534,0.0603528,0.0600654,0.0597905,0.0595274,0.0592754,0.0590339,0.0588022,0.0585798,0.058366,0.0581605,0.0579626,0.0577719,0.057588,0.0574105,0.057239,0.0570731,0.0569126,0.0567572,0.0566065,0.0564603,0.0563183,0.0561804
