CO2 dlam_drho [W/m_K/kg/m3] Mixed
0.000158296,0.000156061,0.000153612,0.000150878,0.000147741,0.000143978,0.000139076,0.000131204,0.000113137,0.000103384,9.98738e-05,9.7759e-05,9.62375e-05,9.5045e-05,9.4062e-05,9.32242e-05,9.24932e-05,9.18441e-05,9.12598e-05,9.07282e-05,9.02402e-05,8.97889e-05,8.93691e-05,8.89764e-05,8.86075e-05,8.82595e-05,8.793e-05,8.76172e-05,8.73194e-05,8.70351e-05,8.67631e-05,8.65023e-05,8.62519e-05,8.60109e-05,8.57788e-05,8.55548e-05,8.53383e-05,8.51289e-05,8.49261e-05,8.47294e-05,8.45386e-05,8.43531e-05,8.41728e-05,8.39974e-05,8.38265e-05,8.366e-05,8.34976e-05,8.33391e-05,8.31843e-05,8.30331e-05,8.28852e-05,8.27406e-05,8.2599e-05,8.24604e-05,8.23246e-05,8.21916e-05,8.20611e-05,8.19332e-05,8.18076e-05,8.16843e-05,8.15633e-05,8.14444e-05,8.13276e-05,8.12127e-05,8.10998e-05,8.09888e-05,8.08795e-05,8.0772e-05,8.06662e-05,8.0562e-05,8.04593e-05,8.03583e-05,8.02586e-05,8.01605e-05,8.00637e-05,7.99683e-05,7.98742e-05,7.97814e-05,7.96899e-05,7.95995e-05,7.95104e-05,7.94224e-05,7.93355e-05,7.92497e-05,7.9165e-05,7.90813e-05,7.89986e-05,7.89169e-05,7.88362e-05,7.87565e-05,7.86776e-05,7.85996e-05,7.85226e-05,7.84464e-05,7.8371e-05,7.82964e-05,7.82227e-05,7.81497e-05,7.80775e-05,7.80061e-05,7.79354e-05
0.000158727,0.000156537,0.000154148,0.000151496,0.00014848,0.000144915,0.000140405,0.000133756,0.000118706,0.000105232,0.000100835,9.84211e-05,9.675e-05,9.54673e-05,9.44236e-05,9.35422e-05,9.27781e-05,9.2103e-05,9.14978e-05,9.09489e-05,9.04463e-05,8.99827e-05,8.95521e-05,8.91501e-05,8.87729e-05,8.84176e-05,8.80816e-05,8.77628e-05,8.74596e-05,8.71704e-05,8.6894e-05,8.66291e-05,8.63749e-05,8.61305e-05,8.5895e-05,8.5668e-05,8.54487e-05,8.52366e-05,8.50313e-05,8.48323e-05,8.46393e-05,8.44518e-05,8.42695e-05,8.40922e-05,8.39196e-05,8.37514e-05,8.35873e-05,8.34273e-05,8.32711e-05,8.31185e-05,8.29693e-05,8.28234e-05,8.26806e-05,8.25408e-05,8.24039e-05,8.22698e-05,8.21383e-05,8.20093e-05,8.18828e-05,8.17586e-05,8.16367e-05,8.15169e-05,8.13992e-05,8.12836e-05,8.11699e-05,8.10581e-05,8.09481e-05,8.08399e-05,8.07334e-05,8.06285e-05,8.05252e-05,8.04235e-05,8.03233e-05,8.02245e-05,8.01272e-05,8.00312e-05,7.99366e-05,7.98432e-05,7.97511e-05,7.96603e-05,7.95706e-05,7.94821e-05,7.93948e-05,7.93085e-05,7.92234e-05,7.91392e-05,7.90561e-05,7.8974e-05,7.88929e-05,7.88128e-05,7.87335e-05,7.86552e-05,7.85777e-05,7.85011e-05,7.84254e-05,7.83505e-05,7.82764e-05,7.82031e-05,7.81306e-05,7.80588e-05,7.79878e-05
0.000159148,0.000157001,0.000154668,0.000152091,0.000149182,0.000145788,0.000141594,0.000135768,0.000124318,0.000107768,0.000101957,9.91531e-05,9.73017e-05,9.59147e-05,9.48029e-05,9.38732e-05,9.30731e-05,9.23701e-05,9.17425e-05,9.11752e-05,9.06572e-05,9.01805e-05,8.97388e-05,8.93269e-05,8.89412e-05,8.85782e-05,8.82354e-05,8.79105e-05,8.76017e-05,8.73075e-05,8.70264e-05,8.67573e-05,8.64992e-05,8.62512e-05,8.60124e-05,8.57823e-05,8.55601e-05,8.53453e-05,8.51375e-05,8.49361e-05,8.47408e-05,8.45511e-05,8.43669e-05,8.41877e-05,8.40132e-05,8.38433e-05,8.36777e-05,8.35161e-05,8.33584e-05,8.32044e-05,8.30538e-05,8.29066e-05,8.27626e-05,8.26217e-05,8.24836e-05,8.23484e-05,8.22158e-05,8.20858e-05,8.19583e-05,8.18332e-05,8.17104e-05,8.15897e-05,8.14712e-05,8.13548e-05,8.12403e-05,8.11277e-05,8.1017e-05,8.0908e-05,8.08008e-05,8.06952e-05,8.05913e-05,8.0489e-05,8.03881e-05,8.02887e-05,8.01908e-05,8.00943e-05,7.99991e-05,7.99052e-05,7.98126e-05,7.97212e-05,7.96311e-05,7.95421e-05,7.94543e-05,7.93676e-05,7.92819e-05,7.91974e-05,7.91138e-05,7.90313e-05,7.89498e-05,7.88692e-05,7.87896e-05,7.87108e-05,7.8633e-05,7.85561e-05,7.848e-05,7.84047e-05,7.83303e-05,7.82566e-05,7.81838e-05,7.81117e-05,7.80403e-05
0.00015956,0.000157454,0.000155172,0.000152664,0.000149853,0.000146608,0.000142675,0.000137446,0.000128582,0.000111443,0.000103305,9.99717e-05,9.78991e-05,9.63906e-05,9.52017e-05,9.42186e-05,9.33792e-05,9.26459e-05,9.19942e-05,9.14073e-05,9.08732e-05,9.03827e-05,8.99291e-05,8.9507e-05,8.91123e-05,8.87414e-05,8.83915e-05,8.80602e-05,8.77458e-05,8.74463e-05,8.71605e-05,8.6887e-05,8.66249e-05,8.63732e-05,8.6131e-05,8.58977e-05,8.56725e-05,8.5455e-05,8.52445e-05,8.50407e-05,8.48431e-05,8.46513e-05,8.4465e-05,8.42838e-05,8.41076e-05,8.39359e-05,8.37686e-05,8.36055e-05,8.34462e-05,8.32908e-05,8.31389e-05,8.29904e-05,8.28451e-05,8.27029e-05,8.25637e-05,8.24274e-05,8.22938e-05,8.21627e-05,8.20342e-05,8.19082e-05,8.17844e-05,8.16629e-05,8.15435e-05,8.14262e-05,8.13109e-05,8.11976e-05,8.10861e-05,8.09764e-05,8.08685e-05,8.07623e-05,8.06577e-05,8.05547e-05,8.04532e-05,8.03532e-05,8.02547e-05,8.01576e-05,8.00618e-05,7.99674e-05,7.98742e-05,7.97824e-05,7.96917e-05,7.96022e-05,7.95139e-05,7.94267e-05,7.93407e-05,7.92556e-05,7.91717e-05,7.90887e-05,7.90068e-05,7.89258e-05,7.88457e-05,7.87666e-05,7.86884e-05,7.86111e-05,7.85346e-05,7.8459e-05,7.83842e-05,7.83103e-05,7.82371e-05,7.81646e-05,7.8093e-05
0.000159963,0.000157895,0.000155662,0.000153218,0.000150496,0.000147381,0.000143669,0.000138896,0.000131584,0.000116152,0.000104988,0.000100901,9.8551e-05,9.68991e-05,9.56223e-05,9.45796e-05,9.36971e-05,9.2931e-05,9.22535e-05,9.16458e-05,9.10943e-05,9.05893e-05,9.01233e-05,8.96906e-05,8.92864e-05,8.89072e-05,8.855e-05,8.82122e-05,8.78917e-05,8.75869e-05,8.72962e-05,8.70183e-05,8.6752e-05,8.64965e-05,8.62508e-05,8.60142e-05,8.5786e-05,8.55656e-05,8.53525e-05,8.51462e-05,8.49462e-05,8.47522e-05,8.45638e-05,8.43807e-05,8.42026e-05,8.40291e-05,8.38601e-05,8.36954e-05,8.35346e-05,8.33777e-05,8.32244e-05,8.30746e-05,8.2928e-05,8.27846e-05,8.26443e-05,8.25068e-05,8.23721e-05,8.224e-05,8.21105e-05,8.19835e-05,8.18588e-05,8.17363e-05,8.16161e-05,8.1498e-05,8.13819e-05,8.12677e-05,8.11555e-05,8.10451e-05,8.09364e-05,8.08295e-05,8.07242e-05,8.06206e-05,8.05185e-05,8.04179e-05,8.03188e-05,8.02211e-05,8.01247e-05,8.00298e-05,7.99361e-05,7.98437e-05,7.97525e-05,7.96626e-05,7.95738e-05,7.94861e-05,7.93996e-05,7.93141e-05,7.92297e-05,7.91463e-05,7.90639e-05,7.89825e-05,7.89021e-05,7.88226e-05,7.8744e-05,7.86663e-05,7.85895e-05,7.85135e-05,7.84383e-05,7.8364e-05,7.82905e-05,7.82177e-05,7.81457e-05
0.000160358,0.000158327,0.000156139,0.000153754,0.000151112,0.000148115,0.000144591,0.000140179,0.000133875,0.00012114,0.000107197,0.000101974,9.92685e-05,9.74453e-05,9.60675e-05,9.4958e-05,9.40279e-05,9.32262e-05,9.25209e-05,9.18908e-05,9.1321e-05,9.08007e-05,9.03217e-05,8.98776e-05,8.94637e-05,8.90759e-05,8.8711e-05,8.83663e-05,8.80398e-05,8.77294e-05,8.74336e-05,8.7151e-05,8.68806e-05,8.66211e-05,8.63718e-05,8.61319e-05,8.59005e-05,8.56772e-05,8.54614e-05,8.52525e-05,8.50502e-05,8.48539e-05,8.46634e-05,8.44783e-05,8.42982e-05,8.4123e-05,8.39523e-05,8.37859e-05,8.36236e-05,8.34652e-05,8.33104e-05,8.31592e-05,8.30114e-05,8.28668e-05,8.27252e-05,8.25866e-05,8.24508e-05,8.23177e-05,8.21872e-05,8.20591e-05,8.19335e-05,8.18101e-05,8.1689e-05,8.157e-05,8.14531e-05,8.13382e-05,8.12252e-05,8.1114e-05,8.10047e-05,8.0897e-05,8.07911e-05,8.06868e-05,8.0584e-05,8.04828e-05,8.03831e-05,8.02848e-05,8.01879e-05,8.00924e-05,7.99981e-05,7.99052e-05,7.98135e-05,7.97231e-05,7.96338e-05,7.95456e-05,7.94586e-05,7.93727e-05,7.92878e-05,7.9204e-05,7.91212e-05,7.90394e-05,7.89586e-05,7.88787e-05,7.87997e-05,7.87216e-05,7.86444e-05,7.85681e-05,7.84926e-05,7.84179e-05,7.8344e-05,7.82709e-05,7.81986e-05
0.000160745,0.000158748,0.000156603,0.000154274,0.000151706,0.000148814,0.000145453,0.000141336,0.000135743,0.00012576,0.000110237,0.000103244,0.000100067,9.80352e-05,9.65403e-05,9.53556e-05,9.43728e-05,9.35322e-05,9.27969e-05,9.21429e-05,9.15536e-05,9.10171e-05,9.05243e-05,9.00684e-05,8.96442e-05,8.92474e-05,8.88746e-05,8.85228e-05,8.81899e-05,8.78738e-05,8.75727e-05,8.72854e-05,8.70106e-05,8.67471e-05,8.64941e-05,8.62507e-05,8.60162e-05,8.57899e-05,8.55713e-05,8.53598e-05,8.5155e-05,8.49564e-05,8.47637e-05,8.45765e-05,8.43945e-05,8.42175e-05,8.4045e-05,8.3877e-05,8.37131e-05,8.35531e-05,8.3397e-05,8.32444e-05,8.30953e-05,8.29494e-05,8.28066e-05,8.26668e-05,8.25299e-05,8.23957e-05,8.22642e-05,8.21351e-05,8.20085e-05,8.18843e-05,8.17623e-05,8.16424e-05,8.15247e-05,8.14089e-05,8.12951e-05,8.11832e-05,8.10731e-05,8.09648e-05,8.08582e-05,8.07532e-05,8.06498e-05,8.05479e-05,8.04476e-05,8.03487e-05,8.02512e-05,8.01551e-05,8.00604e-05,7.99669e-05,7.98747e-05,7.97837e-05,7.96939e-05,7.96053e-05,7.95178e-05,7.94315e-05,7.93462e-05,7.92619e-05,7.91787e-05,7.90964e-05,7.90152e-05,7.89349e-05,7.88555e-05,7.87771e-05,7.86995e-05,7.86228e-05,7.85469e-05,7.84719e-05,7.83977e-05,7.83242e-05,7.82516e-05
0.000161126,0.000159161,0.000157056,0.000154778,0.000152278,0.000149481,0.000146264,0.000142393,0.000137331,0.000129252,0.000114207,0.000104793,0.000100966,9.86768e-05,9.70446e-05,9.57744e-05,9.47332e-05,9.38499e-05,9.30822e-05,9.24025e-05,9.17924e-05,9.12386e-05,9.07313e-05,9.02631e-05,8.98282e-05,8.9422e-05,8.90408e-05,8.86817e-05,8.83422e-05,8.80201e-05,8.77137e-05,8.74215e-05,8.71421e-05,8.68745e-05,8.66177e-05,8.63707e-05,8.61329e-05,8.59036e-05,8.56821e-05,8.5468e-05,8.52607e-05,8.50598e-05,8.48648e-05,8.46756e-05,8.44916e-05,8.43126e-05,8.41384e-05,8.39686e-05,8.38031e-05,8.36417e-05,8.34841e-05,8.33301e-05,8.31796e-05,8.30324e-05,8.28884e-05,8.27475e-05,8.26094e-05,8.24741e-05,8.23415e-05,8.22115e-05,8.20839e-05,8.19587e-05,8.18358e-05,8.17151e-05,8.15965e-05,8.148e-05,8.13654e-05,8.12527e-05,8.11419e-05,8.10328e-05,8.09255e-05,8.08198e-05,8.07158e-05,8.06133e-05,8.05123e-05,8.04129e-05,8.03148e-05,8.02181e-05,8.01228e-05,8.00288e-05,7.99361e-05,7.98446e-05,7.97543e-05,7.96652e-05,7.95772e-05,7.94904e-05,7.94046e-05,7.932e-05,7.92363e-05,7.91536e-05,7.9072e-05,7.89913e-05,7.89115e-05,7.88326e-05,7.87547e-05,7.86776e-05,7.86014e-05,7.8526e-05,7.84514e-05,7.83777e-05,7.83047e-05
0.000161499,0.000159565,0.000157499,0.000155269,0.000152831,0.000150121,0.000147031,0.000143368,0.00013872,0.000131872,0.000118544,0.000106758,0.000101995,9.93802e-05,9.75851e-05,9.62171e-05,9.51106e-05,9.41805e-05,9.33774e-05,9.26701e-05,9.20378e-05,9.14658e-05,9.09431e-05,9.04618e-05,9.00157e-05,8.95997e-05,8.92099e-05,8.88431e-05,8.84967e-05,8.81685e-05,8.78565e-05,8.75592e-05,8.72752e-05,8.70033e-05,8.67426e-05,8.6492e-05,8.62509e-05,8.60184e-05,8.5794e-05,8.55771e-05,8.53673e-05,8.51639e-05,8.49667e-05,8.47753e-05,8.45893e-05,8.44085e-05,8.42324e-05,8.40609e-05,8.38938e-05,8.37308e-05,8.35717e-05,8.34163e-05,8.32644e-05,8.31159e-05,8.29707e-05,8.28285e-05,8.26893e-05,8.2553e-05,8.24193e-05,8.22882e-05,8.21597e-05,8.20336e-05,8.19097e-05,8.17881e-05,8.16687e-05,8.15513e-05,8.14359e-05,8.13225e-05,8.12109e-05,8.11011e-05,8.09931e-05,8.08867e-05,8.0782e-05,8.06789e-05,8.05773e-05,8.04772e-05,8.03786e-05,8.02813e-05,8.01855e-05,8.00909e-05,7.99976e-05,7.99056e-05,7.98149e-05,7.97253e-05,7.96368e-05,7.95495e-05,7.94633e-05,7.93782e-05,7.92941e-05,7.9211e-05,7.91289e-05,7.90478e-05,7.89676e-05,7.88884e-05,7.881e-05,7.87326e-05,7.8656e-05,7.85803e-05,7.85053e-05,7.84312e-05,7.83579e-05
0.000161865,0.000159961,0.000157931,0.000155746,0.000153367,0.000150735,0.000147759,0.000144276,0.000139961,0.000133961,0.000122956,0.000109347,0.000103196,0.000100159,9.81675e-05,9.66866e-05,9.55067e-05,9.45248e-05,9.36833e-05,9.29463e-05,9.22902e-05,9.16987e-05,9.11599e-05,9.06648e-05,9.02069e-05,8.97806e-05,8.93818e-05,8.90071e-05,8.86536e-05,8.8319e-05,8.80012e-05,8.76987e-05,8.74099e-05,8.71337e-05,8.68689e-05,8.66146e-05,8.637e-05,8.61343e-05,8.59069e-05,8.56872e-05,8.54747e-05,8.5269e-05,8.50695e-05,8.48759e-05,8.46878e-05,8.4505e-05,8.43271e-05,8.41538e-05,8.3985e-05,8.38204e-05,8.36598e-05,8.3503e-05,8.33497e-05,8.31999e-05,8.30534e-05,8.291e-05,8.27697e-05,8.26322e-05,8.24974e-05,8.23654e-05,8.22358e-05,8.21087e-05,8.19839e-05,8.18615e-05,8.17411e-05,8.16229e-05,8.15067e-05,8.13925e-05,8.12802e-05,8.11697e-05,8.10609e-05,8.09539e-05,8.08485e-05,8.07447e-05,8.06425e-05,8.05418e-05,8.04426e-05,8.03447e-05,8.02483e-05,8.01532e-05,8.00594e-05,7.99669e-05,7.98756e-05,7.97855e-05,7.96966e-05,7.96088e-05,7.95221e-05,7.94365e-05,7.9352e-05,7.92685e-05,7.9186e-05,7.91044e-05,7.90239e-05,7.89442e-05,7.88655e-05,7.87877e-05,7.87107e-05,7.86346e-05,7.85594e-05,7.84849e-05,7.84113e-05
0.000162226,0.00016035,0.000158353,0.000156211,0.000153886,0.000151327,0.000148453,0.000145127,0.000141087,0.000135706,0.000126787,0.000112705,0.000104633,0.00010103,9.87989e-05,9.71866e-05,9.59236e-05,9.48844e-05,9.40008e-05,9.32316e-05,9.255e-05,9.19378e-05,9.13818e-05,9.08723e-05,9.04019e-05,8.99649e-05,8.95568e-05,8.91738e-05,8.88129e-05,8.84716e-05,8.81479e-05,8.78399e-05,8.75462e-05,8.72655e-05,8.69965e-05,8.67384e-05,8.64903e-05,8.62513e-05,8.60209e-05,8.57983e-05,8.55832e-05,8.53749e-05,8.5173e-05,8.49772e-05,8.4787e-05,8.46022e-05,8.44224e-05,8.42474e-05,8.40769e-05,8.39107e-05,8.37485e-05,8.35902e-05,8.34355e-05,8.32844e-05,8.31366e-05,8.2992e-05,8.28504e-05,8.27118e-05,8.2576e-05,8.24428e-05,8.23123e-05,8.21842e-05,8.20585e-05,8.19351e-05,8.18139e-05,8.16949e-05,8.15779e-05,8.14628e-05,8.13497e-05,8.12385e-05,8.1129e-05,8.10213e-05,8.09152e-05,8.08108e-05,8.07079e-05,8.06066e-05,8.05068e-05,8.04084e-05,8.03113e-05,8.02157e-05,8.01213e-05,8.00283e-05,7.99365e-05,7.98459e-05,7.97565e-05,7.96682e-05,7.95811e-05,7.9495e-05,7.94101e-05,7.93261e-05,7.92432e-05,7.91613e-05,7.90803e-05,7.90003e-05,7.89212e-05,7.88429e-05,7.87656e-05,7.86892e-05,7.86135e-05,7.85387e-05,7.84647e-05
0.00016258,0.000160731,0.000158767,0.000156664,0.000154391,0.000151898,0.000149117,0.000145929,0.00014212,0.000137214,0.000129758,0.000116524,0.000106408,0.000102018,9.94884e-05,9.77213e-05,9.63636e-05,9.52606e-05,9.43308e-05,9.35267e-05,9.28178e-05,9.21835e-05,9.16093e-05,9.10845e-05,9.06011e-05,9.01528e-05,8.97348e-05,8.93432e-05,8.89746e-05,8.86265e-05,8.82966e-05,8.79831e-05,8.76843e-05,8.73989e-05,8.71257e-05,8.68636e-05,8.66118e-05,8.63695e-05,8.61359e-05,8.59104e-05,8.56925e-05,8.54816e-05,8.52774e-05,8.50793e-05,8.4887e-05,8.47001e-05,8.45184e-05,8.43416e-05,8.41693e-05,8.40015e-05,8.38377e-05,8.36779e-05,8.35218e-05,8.33693e-05,8.32202e-05,8.30744e-05,8.29316e-05,8.27918e-05,8.26549e-05,8.25207e-05,8.23891e-05,8.22601e-05,8.21334e-05,8.20091e-05,8.1887e-05,8.17671e-05,8.16493e-05,8.15334e-05,8.14196e-05,8.13076e-05,8.11974e-05,8.10889e-05,8.09822e-05,8.08771e-05,8.07736e-05,8.06716e-05,8.05712e-05,8.04722e-05,8.03746e-05,8.02784e-05,8.01835e-05,8.00899e-05,7.99976e-05,7.99065e-05,7.98166e-05,7.97278e-05,7.96402e-05,7.95537e-05,7.94683e-05,7.93839e-05,7.93006e-05,7.92182e-05,7.91368e-05,7.90564e-05,7.89769e-05,7.88983e-05,7.88206e-05,7.87438e-05,7.86678e-05,7.85927e-05,7.85183e-05
0.000162928,0.000161105,0.000159172,0.000157107,0.000154881,0.000152451,0.000149754,0.000146689,0.000143077,0.000138548,0.000132097,0.000120473,0.000108668,0.000103158,0.000100248,9.8296e-05,9.68297e-05,9.5655e-05,9.46745e-05,9.38325e-05,9.3094e-05,9.24361e-05,9.18425e-05,9.13016e-05,9.08044e-05,9.03444e-05,8.99162e-05,8.95155e-05,8.91389e-05,8.87837e-05,8.84474e-05,8.81281e-05,8.78241e-05,8.75339e-05,8.72563e-05,8.69902e-05,8.67346e-05,8.64888e-05,8.6252e-05,8.60236e-05,8.58028e-05,8.55893e-05,8.53826e-05,8.51822e-05,8.49877e-05,8.47988e-05,8.46151e-05,8.44364e-05,8.42624e-05,8.40928e-05,8.39275e-05,8.37662e-05,8.36087e-05,8.34548e-05,8.33043e-05,8.31572e-05,8.30132e-05,8.28723e-05,8.27342e-05,8.2599e-05,8.24663e-05,8.23363e-05,8.22087e-05,8.20834e-05,8.19604e-05,8.18396e-05,8.1721e-05,8.16043e-05,8.14897e-05,8.13769e-05,8.1266e-05,8.11568e-05,8.10494e-05,8.09436e-05,8.08395e-05,8.07369e-05,8.06358e-05,8.05362e-05,8.04381e-05,8.03413e-05,8.02458e-05,8.01517e-05,8.00589e-05,7.99673e-05,7.98769e-05,7.97876e-05,7.96996e-05,7.96126e-05,7.95267e-05,7.94419e-05,7.93581e-05,7.92753e-05,7.91935e-05,7.91127e-05,7.90328e-05,7.89538e-05,7.88758e-05,7.87986e-05,7.87222e-05,7.86467e-05,7.8572e-05
0.000163271,0.000161472,0.000159569,0.00015754,0.000155358,0.000152986,0.000150366,0.000147411,0.000143971,0.000139749,0.00013402,0.000124307,0.000111543,0.000104502,0.000101092,9.89172e-05,9.73251e-05,9.60698e-05,9.50331e-05,9.41496e-05,9.33793e-05,9.26961e-05,9.20819e-05,9.15238e-05,9.10123e-05,9.05398e-05,9.01009e-05,8.96908e-05,8.9306e-05,8.89433e-05,8.86004e-05,8.82751e-05,8.79656e-05,8.76705e-05,8.73884e-05,8.71181e-05,8.68588e-05,8.66094e-05,8.63693e-05,8.61378e-05,8.59142e-05,8.5698e-05,8.54887e-05,8.52859e-05,8.50892e-05,8.48981e-05,8.47125e-05,8.45319e-05,8.43561e-05,8.41848e-05,8.40179e-05,8.3855e-05,8.3696e-05,8.35407e-05,8.33889e-05,8.32405e-05,8.30953e-05,8.29532e-05,8.2814e-05,8.26776e-05,8.25439e-05,8.24128e-05,8.22842e-05,8.21581e-05,8.20342e-05,8.19125e-05,8.1793e-05,8.16755e-05,8.15601e-05,8.14465e-05,8.13349e-05,8.1225e-05,8.11169e-05,8.10104e-05,8.09056e-05,8.08024e-05,8.07007e-05,8.06005e-05,8.05017e-05,8.04044e-05,8.03084e-05,8.02137e-05,8.01203e-05,8.00282e-05,7.99373e-05,7.98476e-05,7.9759e-05,7.96716e-05,7.95853e-05,7.95e-05,7.94158e-05,7.93326e-05,7.92504e-05,7.91692e-05,7.90889e-05,7.90095e-05,7.8931e-05,7.88535e-05,7.87768e-05,7.87009e-05,7.86259e-05
0.000163609,0.000161834,0.000159958,0.000157963,0.000155823,0.000153504,0.000150956,0.000148101,0.00014481,0.000140845,0.000135661,0.000127554,0.000114909,0.000106125,0.000102043,9.95932e-05,9.78539e-05,9.65071e-05,9.54079e-05,9.44791e-05,9.36743e-05,9.29639e-05,9.23278e-05,9.17516e-05,9.12247e-05,9.07393e-05,9.02891e-05,8.98692e-05,8.94757e-05,8.91054e-05,8.87556e-05,8.84241e-05,8.81091e-05,8.78088e-05,8.7522e-05,8.72475e-05,8.69842e-05,8.67312e-05,8.64877e-05,8.6253e-05,8.60265e-05,8.58075e-05,8.55957e-05,8.53905e-05,8.51914e-05,8.49983e-05,8.48106e-05,8.46281e-05,8.44504e-05,8.42774e-05,8.41088e-05,8.39444e-05,8.37839e-05,8.36272e-05,8.3474e-05,8.33243e-05,8.31778e-05,8.30345e-05,8.28941e-05,8.27566e-05,8.26219e-05,8.24898e-05,8.23602e-05,8.22331e-05,8.21082e-05,8.19857e-05,8.18653e-05,8.1747e-05,8.16308e-05,8.15165e-05,8.1404e-05,8.12934e-05,8.11846e-05,8.10775e-05,8.0972e-05,8.08681e-05,8.07658e-05,8.0665e-05,8.05656e-05,8.04677e-05,8.03711e-05,8.02759e-05,8.0182e-05,8.00894e-05,7.9998e-05,7.99077e-05,7.98187e-05,7.97308e-05,7.9644e-05,7.95583e-05,7.94736e-05,7.939e-05,7.93074e-05,7.92257e-05,7.91451e-05,7.90653e-05,7.89865e-05,7.89085e-05,7.88314e-05,7.87552e-05,7.86798e-05
0.000163941,0.000162189,0.00016034,0.000158377,0.000156277,0.000154008,0.000151526,0.000148761,0.000145603,0.000141855,0.000137097,0.000130153,0.000118427,0.000108134,0.00010313,0.000100334,9.84209e-05,9.69695e-05,9.58007e-05,9.48219e-05,9.39797e-05,9.32401e-05,9.25805e-05,9.19851e-05,9.14421e-05,9.0943e-05,9.0481e-05,9.00509e-05,8.96484e-05,8.92701e-05,8.89132e-05,8.85753e-05,8.82544e-05,8.79489e-05,8.76573e-05,8.73784e-05,8.7111e-05,8.68543e-05,8.66073e-05,8.63694e-05,8.61398e-05,8.59181e-05,8.57036e-05,8.54959e-05,8.52945e-05,8.50992e-05,8.49094e-05,8.47249e-05,8.45454e-05,8.43707e-05,8.42004e-05,8.40343e-05,8.38723e-05,8.37141e-05,8.35596e-05,8.34085e-05,8.32608e-05,8.31162e-05,8.29747e-05,8.28361e-05,8.27002e-05,8.25671e-05,8.24365e-05,8.23084e-05,8.21827e-05,8.20592e-05,8.1938e-05,8.18188e-05,8.17017e-05,8.15867e-05,8.14735e-05,8.13621e-05,8.12526e-05,8.11447e-05,8.10386e-05,8.09341e-05,8.08311e-05,8.07297e-05,8.06297e-05,8.05312e-05,8.04341e-05,8.03383e-05,8.02439e-05,8.01507e-05,8.00588e-05,7.99681e-05,7.98785e-05,7.97902e-05,7.97029e-05,7.96167e-05,7.95316e-05,7.94476e-05,7.93645e-05,7.92825e-05,7.92014e-05,7.91212e-05,7.9042e-05,7.89637e-05,7.88862e-05,7.88097e-05,7.87339e-05
0.000164269,0.000162538,0.000160715,0.000158783,0.00015672,0.000154499,0.000152077,0.000149394,0.000146355,0.000142795,0.000138381,0.000132272,0.000122006,0.000110635,0.000104392,0.000101154,9.90321e-05,9.74603e-05,9.62131e-05,9.51794e-05,9.42963e-05,9.35252e-05,9.28406e-05,9.22246e-05,9.16647e-05,9.11512e-05,9.06768e-05,9.02359e-05,8.9824e-05,8.94374e-05,8.90731e-05,8.87286e-05,8.84017e-05,8.80908e-05,8.77942e-05,8.75108e-05,8.72392e-05,8.69786e-05,8.67281e-05,8.64869e-05,8.62542e-05,8.60296e-05,8.58124e-05,8.56022e-05,8.53985e-05,8.52008e-05,8.5009e-05,8.48225e-05,8.46411e-05,8.44645e-05,8.42925e-05,8.41248e-05,8.39613e-05,8.38016e-05,8.36456e-05,8.34932e-05,8.33442e-05,8.31984e-05,8.30557e-05,8.29159e-05,8.2779e-05,8.26448e-05,8.25132e-05,8.23841e-05,8.22574e-05,8.2133e-05,8.20109e-05,8.18909e-05,8.1773e-05,8.16571e-05,8.15432e-05,8.14311e-05,8.13208e-05,8.12123e-05,8.11054e-05,8.10003e-05,8.08967e-05,8.07946e-05,8.0694e-05,8.05949e-05,8.04972e-05,8.04009e-05,8.03059e-05,8.02122e-05,8.01198e-05,8.00286e-05,7.99385e-05,7.98497e-05,7.9762e-05,7.96753e-05,7.95898e-05,7.95053e-05,7.94218e-05,7.93394e-05,7.92579e-05,7.91773e-05,7.90977e-05,7.9019e-05,7.89412e-05,7.88642e-05,7.87881e-05
0.000164592,0.000162882,0.000161083,0.00015918,0.000157154,0.000154976,0.000152611,0.000150004,0.000147072,0.000143674,0.000139544,0.000134059,0.000125334,0.000113596,0.00010589,0.000102071,9.96948e-05,9.7983e-05,9.66475e-05,9.55528e-05,9.46251e-05,9.382e-05,9.31084e-05,9.24707e-05,9.18926e-05,9.13639e-05,9.08766e-05,9.04245e-05,9.00028e-05,8.96075e-05,8.92355e-05,8.88841e-05,8.85511e-05,8.82345e-05,8.79329e-05,8.76447e-05,8.73689e-05,8.71043e-05,8.68501e-05,8.66055e-05,8.63697e-05,8.61421e-05,8.59222e-05,8.57094e-05,8.55032e-05,8.53033e-05,8.51093e-05,8.49207e-05,8.47374e-05,8.4559e-05,8.43853e-05,8.42159e-05,8.40508e-05,8.38896e-05,8.37322e-05,8.35784e-05,8.34281e-05,8.3281e-05,8.31371e-05,8.29962e-05,8.28581e-05,8.27228e-05,8.25902e-05,8.24601e-05,8.23325e-05,8.22072e-05,8.20842e-05,8.19633e-05,8.18446e-05,8.17279e-05,8.16132e-05,8.15003e-05,8.13893e-05,8.12801e-05,8.11725e-05,8.10667e-05,8.09624e-05,8.08598e-05,8.07586e-05,8.06589e-05,8.05606e-05,8.04637e-05,8.03682e-05,8.02739e-05,8.0181e-05,8.00893e-05,7.99987e-05,7.99094e-05,7.98212e-05,7.97341e-05,7.96481e-05,7.95632e-05,7.94793e-05,7.93964e-05,7.93145e-05,7.92335e-05,7.91535e-05,7.90744e-05,7.89962e-05,7.89189e-05,7.88425e-05
0.00016491,0.000163221,0.000161445,0.00015957,0.000157577,0.000155441,0.000153129,0.000150591,0.000147756,0.000144502,0.000140612,0.000135608,0.000128149,0.000116767,0.000107702,0.000103108,0.000100418,9.85423e-05,9.71062e-05,9.59436e-05,9.49671e-05,9.4125e-05,9.33845e-05,9.27235e-05,9.21263e-05,9.15816e-05,9.10806e-05,9.06167e-05,9.01848e-05,8.97805e-05,8.94005e-05,8.9042e-05,8.87025e-05,8.83802e-05,8.80732e-05,8.77803e-05,8.75e-05,8.72314e-05,8.69735e-05,8.67253e-05,8.64863e-05,8.62557e-05,8.60329e-05,8.58175e-05,8.56088e-05,8.54066e-05,8.52103e-05,8.50197e-05,8.48344e-05,8.46542e-05,8.44787e-05,8.43076e-05,8.41409e-05,8.39782e-05,8.38193e-05,8.36641e-05,8.35124e-05,8.33641e-05,8.32189e-05,8.30768e-05,8.29377e-05,8.28013e-05,8.26676e-05,8.25365e-05,8.24079e-05,8.22817e-05,8.21578e-05,8.2036e-05,8.19165e-05,8.1799e-05,8.16834e-05,8.15698e-05,8.14581e-05,8.13481e-05,8.12399e-05,8.11334e-05,8.10285e-05,8.09251e-05,8.08233e-05,8.0723e-05,8.06242e-05,8.05267e-05,8.04306e-05,8.03358e-05,8.02424e-05,8.01501e-05,8.00591e-05,7.99693e-05,7.98806e-05,7.97931e-05,7.97066e-05,7.96212e-05,7.95369e-05,7.94536e-05,7.93713e-05,7.92899e-05,7.92095e-05,7.913e-05,7.90514e-05,7.89738e-05,7.88969e-05
0.000165224,0.000163554,0.000161801,0.000159953,0.000157992,0.000155895,0.000153632,0.000151159,0.000148412,0.000145286,0.0001416,0.000136981,0.000130468,0.000120011,0.000109912,0.0001043,0.000101215,9.91436e-05,9.75922e-05,9.63537e-05,9.53233e-05,9.4441e-05,9.36694e-05,9.29835e-05,9.2366e-05,9.18043e-05,9.1289e-05,9.08128e-05,9.03701e-05,8.99565e-05,8.95682e-05,8.92022e-05,8.88561e-05,8.85278e-05,8.82154e-05,8.79175e-05,8.76327e-05,8.73599e-05,8.70981e-05,8.68464e-05,8.6604e-05,8.63703e-05,8.61447e-05,8.59265e-05,8.57153e-05,8.55107e-05,8.53122e-05,8.51195e-05,8.49322e-05,8.475e-05,8.45727e-05,8.43999e-05,8.42315e-05,8.40673e-05,8.39069e-05,8.37503e-05,8.35973e-05,8.34476e-05,8.33012e-05,8.31579e-05,8.30176e-05,8.28801e-05,8.27454e-05,8.26133e-05,8.24837e-05,8.23565e-05,8.22317e-05,8.21091e-05,8.19886e-05,8.18703e-05,8.1754e-05,8.16396e-05,8.15271e-05,8.14164e-05,8.13075e-05,8.12003e-05,8.10947e-05,8.09907e-05,8.08883e-05,8.07874e-05,8.0688e-05,8.05899e-05,8.04933e-05,8.03979e-05,8.03039e-05,8.02112e-05,8.01196e-05,8.00293e-05,7.99402e-05,7.98522e-05,7.97653e-05,7.96794e-05,7.95947e-05,7.95109e-05,7.94282e-05,7.93464e-05,7.92656e-05,7.91857e-05,7.91068e-05,7.90287e-05,7.89515e-05
0.000165534,0.000163883,0.000162152,0.000160329,0.000158398,0.000156339,0.000154122,0.000151709,0.000149042,0.00014603,0.000142521,0.000138218,0.000132411,0.000123221,0.000112527,0.000105693,0.0001021,9.97934e-05,9.81089e-05,9.67849e-05,9.56951e-05,9.4769e-05,9.39638e-05,9.32513e-05,9.26121e-05,9.20325e-05,9.1502e-05,9.10129e-05,9.0559e-05,9.01355e-05,8.97386e-05,8.93649e-05,8.9012e-05,8.86774e-05,8.83594e-05,8.80564e-05,8.77669e-05,8.74898e-05,8.7224e-05,8.69687e-05,8.67229e-05,8.6486e-05,8.62574e-05,8.60365e-05,8.58227e-05,8.56156e-05,8.54148e-05,8.52199e-05,8.50306e-05,8.48465e-05,8.46673e-05,8.44928e-05,8.43228e-05,8.41569e-05,8.39951e-05,8.3837e-05,8.36826e-05,8.35316e-05,8.3384e-05,8.32395e-05,8.3098e-05,8.29594e-05,8.28236e-05,8.26904e-05,8.25598e-05,8.24317e-05,8.23059e-05,8.21824e-05,8.20611e-05,8.1942e-05,8.18248e-05,8.17097e-05,8.15964e-05,8.1485e-05,8.13753e-05,8.12674e-05,8.11612e-05,8.10566e-05,8.09535e-05,8.0852e-05,8.0752e-05,8.06533e-05,8.05561e-05,8.04602e-05,8.03657e-05,8.02724e-05,8.01804e-05,8.00896e-05,7.99999e-05,7.99114e-05,7.98241e-05,7.97378e-05,7.96526e-05,7.95684e-05,7.94852e-05,7.94031e-05,7.93219e-05,7.92416e-05,7.91623e-05,7.90838e-05,7.90063e-05
0.00016584,0.000164206,0.000162496,0.000160698,0.000158796,0.000156772,0.000154599,0.000152242,0.000149648,0.00014674,0.000143387,0.000139346,0.000134082,0.000126135,0.000115396,0.000107346,0.000103093,0.0001005,9.86605e-05,9.72397e-05,9.60839e-05,9.51099e-05,9.42683e-05,9.35272e-05,9.2865e-05,9.22663e-05,9.17198e-05,9.12171e-05,9.07515e-05,9.03178e-05,8.99119e-05,8.95302e-05,8.91701e-05,8.88291e-05,8.85053e-05,8.8197e-05,8.79027e-05,8.76212e-05,8.73513e-05,8.70922e-05,8.6843e-05,8.66029e-05,8.63712e-05,8.61474e-05,8.5931e-05,8.57214e-05,8.55183e-05,8.53212e-05,8.51298e-05,8.49437e-05,8.47626e-05,8.45863e-05,8.44146e-05,8.42471e-05,8.40838e-05,8.39242e-05,8.37684e-05,8.36161e-05,8.34672e-05,8.33214e-05,8.31788e-05,8.3039e-05,8.29021e-05,8.27679e-05,8.26363e-05,8.25072e-05,8.23805e-05,8.22561e-05,8.21339e-05,8.20139e-05,8.1896e-05,8.178e-05,8.1666e-05,8.15538e-05,8.14435e-05,8.13349e-05,8.12279e-05,8.11227e-05,8.1019e-05,8.09168e-05,8.08162e-05,8.0717e-05,8.06192e-05,8.05227e-05,8.04276e-05,8.03338e-05,8.02413e-05,8.015e-05,8.00598e-05,7.99709e-05,7.9883e-05,7.97963e-05,7.97107e-05,7.9626e-05,7.95425e-05,7.94599e-05,7.93783e-05,7.92976e-05,7.92179e-05,7.9139e-05,7.90611e-05
0.000166142,0.000164526,0.000162836,0.000161061,0.000159187,0.000157196,0.000155064,0.000152759,0.000150234,0.000147419,0.000144203,0.000140386,0.000135551,0.000128623,0.000118335,0.000109325,0.000104223,0.000101274,9.92519e-05,9.77209e-05,9.64914e-05,9.54648e-05,9.45837e-05,9.38118e-05,9.3125e-05,9.25061e-05,9.19428e-05,9.14257e-05,9.09478e-05,9.05034e-05,9.00881e-05,8.96982e-05,8.93306e-05,8.8983e-05,8.86532e-05,8.83394e-05,8.80402e-05,8.77541e-05,8.748e-05,8.72171e-05,8.69642e-05,8.67208e-05,8.6486e-05,8.62594e-05,8.60402e-05,8.58281e-05,8.56226e-05,8.54232e-05,8.52296e-05,8.50415e-05,8.48586e-05,8.46805e-05,8.4507e-05,8.43379e-05,8.4173e-05,8.4012e-05,8.38547e-05,8.37011e-05,8.35508e-05,8.34038e-05,8.326e-05,8.31191e-05,8.29811e-05,8.28458e-05,8.27132e-05,8.25831e-05,8.24554e-05,8.23301e-05,8.2207e-05,8.20862e-05,8.19674e-05,8.18506e-05,8.17358e-05,8.16229e-05,8.15118e-05,8.14025e-05,8.12949e-05,8.1189e-05,8.10846e-05,8.09819e-05,8.08806e-05,8.07808e-05,8.06824e-05,8.05854e-05,8.04898e-05,8.03955e-05,8.03024e-05,8.02106e-05,8.01199e-05,8.00305e-05,7.99422e-05,7.9855e-05,7.97689e-05,7.96838e-05,7.95998e-05,7.95168e-05,7.94348e-05,7.93537e-05,7.92736e-05,7.91944e-05,7.91161e-05
0.00016644,0.000164841,0.00016317,0.000161418,0.00015957,0.000157611,0.000155518,0.000153262,0.0001508,0.000148071,0.000144977,0.000141352,0.000136866,0.000130723,0.00012132,0.000111652,0.000105526,0.00010213,9.98892e-05,9.82315e-05,9.69194e-05,9.58349e-05,9.49108e-05,9.41058e-05,9.33926e-05,9.27522e-05,9.2171e-05,9.16389e-05,9.11481e-05,9.06926e-05,9.02674e-05,8.98689e-05,8.94936e-05,8.91391e-05,8.88031e-05,8.84837e-05,8.81793e-05,8.78885e-05,8.76102e-05,8.73432e-05,8.70867e-05,8.68399e-05,8.6602e-05,8.63723e-05,8.61504e-05,8.59357e-05,8.57277e-05,8.5526e-05,8.53303e-05,8.51401e-05,8.49552e-05,8.47753e-05,8.46001e-05,8.44293e-05,8.42628e-05,8.41003e-05,8.39416e-05,8.37865e-05,8.36349e-05,8.34867e-05,8.33416e-05,8.31996e-05,8.30604e-05,8.29241e-05,8.27904e-05,8.26593e-05,8.25307e-05,8.24044e-05,8.22805e-05,8.21587e-05,8.20391e-05,8.19215e-05,8.1806e-05,8.16923e-05,8.15805e-05,8.14704e-05,8.13621e-05,8.12555e-05,8.11505e-05,8.10471e-05,8.09452e-05,8.08448e-05,8.07459e-05,8.06483e-05,8.05521e-05,8.04573e-05,8.03637e-05,8.02713e-05,8.01802e-05,8.00903e-05,8.00015e-05,7.99138e-05,7.98273e-05,7.97418e-05,7.96574e-05,7.95739e-05,7.94915e-05,7.941e-05,7.93295e-05,7.92499e-05,7.91712e-05
0.000166734,0.000165151,0.000163499,0.000161769,0.000159947,0.000158018,0.000155962,0.000153751,0.000151348,0.000148697,0.000145714,0.000142256,0.000138059,0.000132521,0.000124192,0.000114243,0.000107048,0.000103083,0.00010058,9.87754e-05,9.73703e-05,9.62215e-05,9.52505e-05,9.44097e-05,9.36682e-05,9.3005e-05,9.24049e-05,9.18569e-05,9.13526e-05,9.08853e-05,9.045e-05,9.00424e-05,8.96592e-05,8.92975e-05,8.89551e-05,8.86299e-05,8.83202e-05,8.80246e-05,8.77418e-05,8.74708e-05,8.72105e-05,8.69601e-05,8.6719e-05,8.64863e-05,8.62616e-05,8.60442e-05,8.58337e-05,8.56297e-05,8.54317e-05,8.52394e-05,8.50526e-05,8.48708e-05,8.46937e-05,8.45213e-05,8.43531e-05,8.41891e-05,8.40289e-05,8.38724e-05,8.37195e-05,8.357e-05,8.34237e-05,8.32804e-05,8.31402e-05,8.30027e-05,8.2868e-05,8.27359e-05,8.26063e-05,8.24791e-05,8.23542e-05,8.22316e-05,8.21111e-05,8.19928e-05,8.18764e-05,8.17619e-05,8.16494e-05,8.15386e-05,8.14296e-05,8.13223e-05,8.12167e-05,8.11126e-05,8.10101e-05,8.09091e-05,8.08096e-05,8.07114e-05,8.06147e-05,8.05193e-05,8.04251e-05,8.03323e-05,8.02407e-05,8.01502e-05,8.0061e-05,7.99729e-05,7.98858e-05,7.97999e-05,7.9715e-05,7.96312e-05,7.95483e-05,7.94665e-05,7.93855e-05,7.93056e-05,7.92265e-05
0.000167025,0.000165458,0.000163824,0.000162114,0.000160316,0.000158417,0.000156395,0.000154228,0.000151879,0.000149301,0.000146417,0.000143107,0.000139153,0.000134092,0.000126774,0.000116934,0.000108841,0.000104157,0.000101333,9.93572e-05,9.78465e-05,9.66263e-05,9.56039e-05,9.47243e-05,9.39525e-05,9.32649e-05,9.26448e-05,9.208e-05,9.15614e-05,9.10819e-05,9.06359e-05,9.02189e-05,8.98274e-05,8.94583e-05,8.91093e-05,8.8778e-05,8.84629e-05,8.81623e-05,8.7875e-05,8.75997e-05,8.73356e-05,8.70816e-05,8.68371e-05,8.66013e-05,8.63737e-05,8.61536e-05,8.59405e-05,8.57341e-05,8.55339e-05,8.53395e-05,8.51506e-05,8.49669e-05,8.4788e-05,8.46139e-05,8.44441e-05,8.42784e-05,8.41168e-05,8.39589e-05,8.38046e-05,8.36538e-05,8.35062e-05,8.33618e-05,8.32203e-05,8.30818e-05,8.2946e-05,8.28128e-05,8.26823e-05,8.25541e-05,8.24283e-05,8.23048e-05,8.21835e-05,8.20643e-05,8.19471e-05,8.18319e-05,8.17185e-05,8.16071e-05,8.14973e-05,8.13894e-05,8.12831e-05,8.11783e-05,8.10752e-05,8.09736e-05,8.08735e-05,8.07747e-05,8.06774e-05,8.05815e-05,8.04868e-05,8.03934e-05,8.03013e-05,8.02104e-05,8.01206e-05,8.0032e-05,7.99446e-05,7.98582e-05,7.97729e-05,7.96886e-05,7.96053e-05,7.9523e-05,7.94417e-05,7.93613e-05,7.92819e-05
0.000167312,0.000165761,0.000164144,0.000162454,0.00016068,0.000158808,0.00015682,0.000154693,0.000152395,0.000149883,0.00014709,0.000143912,0.000140167,0.00013549,0.000129008,0.000119671,0.00011093,0.000105383,0.00010216,9.99822e-05,9.8351e-05,9.70511e-05,9.59722e-05,9.50504e-05,9.42459e-05,9.35322e-05,9.28908e-05,9.23083e-05,9.17747e-05,9.12824e-05,9.08252e-05,9.03985e-05,8.99983e-05,8.96216e-05,8.92656e-05,8.89282e-05,8.86074e-05,8.83017e-05,8.80097e-05,8.77301e-05,8.7462e-05,8.72043e-05,8.69564e-05,8.67175e-05,8.64868e-05,8.62639e-05,8.60483e-05,8.58394e-05,8.56369e-05,8.54403e-05,8.52493e-05,8.50637e-05,8.4883e-05,8.4707e-05,8.45356e-05,8.43683e-05,8.42052e-05,8.40458e-05,8.38902e-05,8.3738e-05,8.35891e-05,8.34435e-05,8.33009e-05,8.31612e-05,8.30243e-05,8.28902e-05,8.27586e-05,8.26295e-05,8.25027e-05,8.23783e-05,8.22561e-05,8.21361e-05,8.20181e-05,8.19021e-05,8.1788e-05,8.16758e-05,8.15653e-05,8.14567e-05,8.13497e-05,8.12443e-05,8.11405e-05,8.10383e-05,8.09376e-05,8.08383e-05,8.07404e-05,8.06439e-05,8.05487e-05,8.04548e-05,8.03621e-05,8.02707e-05,8.01805e-05,8.00914e-05,8.00035e-05,7.99166e-05,7.98309e-05,7.97461e-05,7.96624e-05,7.95798e-05,7.9498e-05,7.94173e-05,7.93374e-05
0.000167597,0.000166059,0.00016446,0.000162789,0.000161037,0.000159192,0.000157235,0.000155147,0.000152897,0.000150447,0.000147737,0.000144677,0.000141112,0.000136752,0.000130932,0.000122401,0.000113272,0.000106796,0.000103077,0.000100657,9.88873e-05,9.74979e-05,9.63566e-05,9.53888e-05,9.45491e-05,9.38075e-05,9.31435e-05,9.25423e-05,9.19929e-05,9.1487e-05,9.10182e-05,9.05813e-05,9.01721e-05,8.97874e-05,8.94243e-05,8.90804e-05,8.87538e-05,8.84428e-05,8.8146e-05,8.7862e-05,8.75897e-05,8.73283e-05,8.70769e-05,8.68347e-05,8.6601e-05,8.63753e-05,8.6157e-05,8.59456e-05,8.57407e-05,8.55419e-05,8.53488e-05,8.51612e-05,8.49786e-05,8.48008e-05,8.46277e-05,8.44588e-05,8.42941e-05,8.41333e-05,8.39762e-05,8.38227e-05,8.36726e-05,8.35257e-05,8.33819e-05,8.32411e-05,8.31031e-05,8.29679e-05,8.28352e-05,8.27052e-05,8.25775e-05,8.24522e-05,8.23291e-05,8.22082e-05,8.20893e-05,8.19725e-05,8.18577e-05,8.17447e-05,8.16336e-05,8.15242e-05,8.14165e-05,8.13105e-05,8.12061e-05,8.11032e-05,8.10019e-05,8.0902e-05,8.08035e-05,8.07064e-05,8.06107e-05,8.05163e-05,8.04231e-05,8.03312e-05,8.02405e-05,8.01509e-05,8.00625e-05,7.99752e-05,7.9889e-05,7.98039e-05,7.97197e-05,7.96366e-05,7.95545e-05,7.94733e-05,7.93931e-05
0.000167877,0.000166355,0.000164771,0.000163119,0.000161389,0.000159569,0.000157642,0.00015559,0.000153386,0.000150993,0.000148359,0.000145405,0.000142,0.000137904,0.000132608,0.00012498,0.000115749,0.000108436,0.000104102,0.000101391,9.94595e-05,9.79691e-05,9.67586e-05,9.57407e-05,9.48628e-05,9.40913e-05,9.34032e-05,9.2782e-05,9.2216e-05,9.16959e-05,9.12149e-05,9.07674e-05,9.03489e-05,8.99559e-05,8.95853e-05,8.92348e-05,8.89022e-05,8.85858e-05,8.82839e-05,8.79953e-05,8.77189e-05,8.74536e-05,8.71986e-05,8.6953e-05,8.67162e-05,8.64876e-05,8.62666e-05,8.60526e-05,8.58453e-05,8.56442e-05,8.5449e-05,8.52593e-05,8.50749e-05,8.48953e-05,8.47204e-05,8.45499e-05,8.43836e-05,8.42213e-05,8.40628e-05,8.39079e-05,8.37564e-05,8.36083e-05,8.34633e-05,8.33213e-05,8.31822e-05,8.30459e-05,8.29123e-05,8.27812e-05,8.26526e-05,8.25263e-05,8.24023e-05,8.22806e-05,8.21609e-05,8.20433e-05,8.19277e-05,8.1814e-05,8.17021e-05,8.1592e-05,8.14836e-05,8.13769e-05,8.12719e-05,8.11684e-05,8.10664e-05,8.09659e-05,8.08669e-05,8.07692e-05,8.0673e-05,8.0578e-05,8.04843e-05,8.03919e-05,8.03006e-05,8.02106e-05,8.01217e-05,8.0034e-05,7.99473e-05,7.98617e-05,7.97772e-05,7.96936e-05,7.96111e-05,7.95295e-05,7.94489e-05
0.000168155,0.000166646,0.000165079,0.000163445,0.000161735,0.000159939,0.000158041,0.000156024,0.000153862,0.000151523,0.00014896,0.000146102,0.000142837,0.000138967,0.000134092,0.000127296,0.00011826,0.000110328,0.00010526,0.000102192,0.000100073,9.84674e-05,9.718e-05,9.6107e-05,9.51878e-05,9.43841e-05,9.36702e-05,9.3028e-05,9.24444e-05,9.19094e-05,9.14156e-05,9.09569e-05,9.05287e-05,9.0127e-05,8.97488e-05,8.93914e-05,8.90526e-05,8.87305e-05,8.84235e-05,8.81303e-05,8.78495e-05,8.75802e-05,8.73215e-05,8.70725e-05,8.68325e-05,8.66009e-05,8.63771e-05,8.61605e-05,8.59508e-05,8.57474e-05,8.555e-05,8.53582e-05,8.51718e-05,8.49904e-05,8.48137e-05,8.46415e-05,8.44736e-05,8.43098e-05,8.41498e-05,8.39935e-05,8.38408e-05,8.36913e-05,8.35451e-05,8.3402e-05,8.32618e-05,8.31244e-05,8.29897e-05,8.28576e-05,8.2728e-05,8.26008e-05,8.24759e-05,8.23533e-05,8.22328e-05,8.21144e-05,8.19979e-05,8.18835e-05,8.17708e-05,8.166e-05,8.1551e-05,8.14436e-05,8.13379e-05,8.12338e-05,8.11312e-05,8.10301e-05,8.09305e-05,8.08322e-05,8.07354e-05,8.06399e-05,8.05457e-05,8.04527e-05,8.0361e-05,8.02705e-05,8.01811e-05,8.00929e-05,8.00058e-05,7.99197e-05,7.98348e-05,7.97508e-05,7.96679e-05,7.95859e-05,7.95049e-05
0.00016843,0.000166934,0.000165382,0.000163766,0.000162076,0.000160303,0.000158433,0.000156448,0.000154327,0.000152038,0.00014954,0.000146769,0.00014363,0.000139955,0.000135426,0.000129326,0.000120806,0.000112452,0.000106579,0.000103075,0.000100733,9.89962e-05,9.76227e-05,9.6489e-05,9.55249e-05,9.46866e-05,9.39452e-05,9.32805e-05,9.26783e-05,9.21276e-05,9.16203e-05,9.115e-05,9.07116e-05,9.03011e-05,8.99149e-05,8.95503e-05,8.92051e-05,8.88772e-05,8.85649e-05,8.82668e-05,8.79816e-05,8.77082e-05,8.74457e-05,8.71932e-05,8.69499e-05,8.67153e-05,8.64886e-05,8.62694e-05,8.60571e-05,8.58514e-05,8.56517e-05,8.54579e-05,8.52694e-05,8.50861e-05,8.49076e-05,8.47338e-05,8.45643e-05,8.43989e-05,8.42374e-05,8.40797e-05,8.39256e-05,8.37749e-05,8.36274e-05,8.34831e-05,8.33417e-05,8.32032e-05,8.30675e-05,8.29344e-05,8.28038e-05,8.26756e-05,8.25499e-05,8.24263e-05,8.2305e-05,8.21857e-05,8.20685e-05,8.19532e-05,8.18399e-05,8.17283e-05,8.16186e-05,8.15105e-05,8.14041e-05,8.12994e-05,8.11962e-05,8.10945e-05,8.09942e-05,8.08954e-05,8.0798e-05,8.0702e-05,8.06072e-05,8.05138e-05,8.04215e-05,8.03305e-05,8.02407e-05,8.0152e-05,8.00644e-05,7.99779e-05,7.98925e-05,7.98081e-05,7.97248e-05,7.96424e-05,7.9561e-05
0.000168701,0.000167219,0.000165682,0.000164082,0.000162412,0.000160661,0.000158817,0.000156864,0.00015478,0.000152539,0.000150101,0.000147411,0.000144384,0.00014088,0.000136639,0.000131104,0.000123298,0.000114728,0.000108092,0.000104055,0.000101447,9.95591e-05,9.80888e-05,9.68882e-05,9.58751e-05,9.49994e-05,9.42284e-05,9.35399e-05,9.2918e-05,9.23507e-05,9.18294e-05,9.13469e-05,9.08979e-05,9.0478e-05,9.00835e-05,8.97116e-05,8.93597e-05,8.90258e-05,8.8708e-05,8.84049e-05,8.81152e-05,8.78376e-05,8.75712e-05,8.73151e-05,8.70685e-05,8.68307e-05,8.66011e-05,8.63791e-05,8.61643e-05,8.59561e-05,8.57542e-05,8.55582e-05,8.53678e-05,8.51825e-05,8.50022e-05,8.48266e-05,8.46554e-05,8.44885e-05,8.43255e-05,8.41664e-05,8.40109e-05,8.38588e-05,8.37101e-05,8.35646e-05,8.34221e-05,8.32824e-05,8.31456e-05,8.30115e-05,8.28799e-05,8.27508e-05,8.26241e-05,8.24997e-05,8.23775e-05,8.22574e-05,8.21393e-05,8.20233e-05,8.19092e-05,8.17969e-05,8.16864e-05,8.15777e-05,8.14706e-05,8.13652e-05,8.12614e-05,8.1159e-05,8.10582e-05,8.09588e-05,8.08609e-05,8.07643e-05,8.0669e-05,8.0575e-05,8.04823e-05,8.03907e-05,8.03004e-05,8.02112e-05,8.01232e-05,8.00363e-05,7.99504e-05,7.98656e-05,7.97818e-05,7.9699e-05,7.96172e-05
0.00016897,0.000167501,0.000165978,0.000164394,0.000162743,0.000161013,0.000159194,0.000157271,0.000155223,0.000153026,0.000150645,0.000148029,0.000145105,0.000141751,0.000137753,0.000132676,0.000125627,0.000117054,0.00010982,0.000105153,0.000102225,0.000100161,9.8581e-05,9.73062e-05,9.62394e-05,9.53232e-05,9.45205e-05,9.38066e-05,9.31638e-05,9.25791e-05,9.20429e-05,9.15477e-05,9.10876e-05,9.0658e-05,9.02549e-05,8.98753e-05,8.95166e-05,8.91764e-05,8.8853e-05,8.85448e-05,8.82503e-05,8.79684e-05,8.7698e-05,8.74382e-05,8.71882e-05,8.69472e-05,8.67146e-05,8.64899e-05,8.62724e-05,8.60618e-05,8.58576e-05,8.56593e-05,8.54668e-05,8.52796e-05,8.50974e-05,8.49201e-05,8.47472e-05,8.45786e-05,8.44142e-05,8.42536e-05,8.40967e-05,8.39433e-05,8.37933e-05,8.36465e-05,8.35028e-05,8.33621e-05,8.32242e-05,8.3089e-05,8.29564e-05,8.28263e-05,8.26987e-05,8.25733e-05,8.24502e-05,8.23293e-05,8.22105e-05,8.20936e-05,8.19787e-05,8.18657e-05,8.17545e-05,8.16451e-05,8.15374e-05,8.14313e-05,8.13268e-05,8.12239e-05,8.11224e-05,8.10225e-05,8.09239e-05,8.08268e-05,8.07309e-05,8.06364e-05,8.05432e-05,8.04511e-05,8.03603e-05,8.02707e-05,8.01822e-05,8.00948e-05,8.00085e-05,7.99232e-05,7.9839e-05,7.97558e-05,7.96736e-05
0.000169236,0.000167779,0.00016627,0.000164703,0.000163069,0.00016136,0.000159565,0.00015767,0.000155657,0.000153502,0.000151173,0.000148626,0.000145794,0.000142574,0.000138786,0.000134084,0.000127728,0.00011941,0.000111756,0.000106392,0.000103076,0.000100806,9.91022e-05,9.77446e-05,9.6619e-05,9.56588e-05,9.48221e-05,9.40811e-05,9.3416e-05,9.28129e-05,9.22611e-05,9.17526e-05,9.12809e-05,9.08411e-05,9.04291e-05,9.00416e-05,8.96757e-05,8.93291e-05,8.89999e-05,8.86864e-05,8.8387e-05,8.81007e-05,8.78262e-05,8.75626e-05,8.7309e-05,8.70648e-05,8.68292e-05,8.66015e-05,8.63814e-05,8.61683e-05,8.59617e-05,8.57612e-05,8.55666e-05,8.53774e-05,8.51933e-05,8.50141e-05,8.48396e-05,8.46694e-05,8.45033e-05,8.43413e-05,8.41829e-05,8.40282e-05,8.38769e-05,8.37289e-05,8.3584e-05,8.34421e-05,8.33031e-05,8.31669e-05,8.30332e-05,8.29022e-05,8.27736e-05,8.26473e-05,8.25234e-05,8.24016e-05,8.22819e-05,8.21643e-05,8.20486e-05,8.19348e-05,8.18229e-05,8.17127e-05,8.16043e-05,8.14976e-05,8.13924e-05,8.12889e-05,8.11869e-05,8.10863e-05,8.09872e-05,8.08894e-05,8.07931e-05,8.0698e-05,8.06042e-05,8.05117e-05,8.04204e-05,8.03303e-05,8.02413e-05,8.01534e-05,8.00667e-05,7.9981e-05,7.98964e-05,7.98127e-05,7.97301e-05
0.000169499,0.000168055,0.000166559,0.000165007,0.000163391,0.000161702,0.00015993,0.000158062,0.000156081,0.000153966,0.000151686,0.000149203,0.000146456,0.000143355,0.00013975,0.000135359,0.000129593,0.00012177,0.000113848,0.000107796,0.000104016,0.000101503,9.96559e-05,9.82057e-05,9.70153e-05,9.60072e-05,9.51339e-05,9.43637e-05,9.36751e-05,9.30525e-05,9.24842e-05,9.19617e-05,9.14779e-05,9.10276e-05,9.06063e-05,9.02104e-05,8.98372e-05,8.94839e-05,8.91487e-05,8.88297e-05,8.85254e-05,8.82345e-05,8.79558e-05,8.76883e-05,8.74311e-05,8.71835e-05,8.69448e-05,8.67142e-05,8.64913e-05,8.62756e-05,8.60666e-05,8.58639e-05,8.56671e-05,8.54758e-05,8.52899e-05,8.51088e-05,8.49325e-05,8.47607e-05,8.45931e-05,8.44295e-05,8.42697e-05,8.41136e-05,8.3961e-05,8.38117e-05,8.36656e-05,8.35226e-05,8.33824e-05,8.32451e-05,8.31105e-05,8.29784e-05,8.28488e-05,8.27217e-05,8.25968e-05,8.24741e-05,8.23536e-05,8.22352e-05,8.21187e-05,8.20042e-05,8.18915e-05,8.17807e-05,8.16715e-05,8.15641e-05,8.14583e-05,8.13541e-05,8.12515e-05,8.11503e-05,8.10506e-05,8.09523e-05,8.08554e-05,8.07598e-05,8.06655e-05,8.05725e-05,8.04807e-05,8.039e-05,8.03006e-05,8.02123e-05,8.01251e-05,8.00389e-05,7.99539e-05,7.98698e-05,7.97868e-05
0.00016976,0.000168327,0.000166845,0.000165307,0.000163708,0.000162038,0.000160289,0.000158447,0.000156497,0.000154419,0.000152186,0.000149761,0.000147093,0.0001441,0.000140655,0.000136528,0.000131248,0.000124048,0.000116012,0.000109387,0.00010506,0.000102257,0.000100246,9.86917e-05,9.74296e-05,9.63694e-05,9.54564e-05,9.46551e-05,9.39414e-05,9.32981e-05,9.27125e-05,9.21752e-05,9.16788e-05,9.12174e-05,9.07864e-05,9.0382e-05,9.00011e-05,8.9641e-05,8.92995e-05,8.89749e-05,8.86655e-05,8.83698e-05,8.80868e-05,8.78153e-05,8.75544e-05,8.73034e-05,8.70614e-05,8.68279e-05,8.66022e-05,8.63839e-05,8.61724e-05,8.59674e-05,8.57683e-05,8.5575e-05,8.53871e-05,8.52042e-05,8.50261e-05,8.48526e-05,8.46834e-05,8.45182e-05,8.4357e-05,8.41995e-05,8.40456e-05,8.3895e-05,8.37477e-05,8.36034e-05,8.34621e-05,8.33237e-05,8.3188e-05,8.3055e-05,8.29244e-05,8.27963e-05,8.26705e-05,8.2547e-05,8.24256e-05,8.23064e-05,8.21891e-05,8.20738e-05,8.19604e-05,8.18488e-05,8.1739e-05,8.16309e-05,8.15245e-05,8.14196e-05,8.13164e-05,8.12146e-05,8.11143e-05,8.10154e-05,8.09179e-05,8.08218e-05,8.0727e-05,8.06334e-05,8.05411e-05,8.045e-05,8.03601e-05,8.02713e-05,8.01836e-05,8.0097e-05,8.00115e-05,7.9927e-05,7.98436e-05
0.000170018,0.000168597,0.000167127,0.000165604,0.000164021,0.00016237,0.000160641,0.000158825,0.000156904,0.000154862,0.000152673,0.000150303,0.000147706,0.000144812,0.000141509,0.000137607,0.000132729,0.000126168,0.000118197,0.000111161,0.000106228,0.00010308,0.000100878,9.92055e-05,9.78638e-05,9.67465e-05,9.57905e-05,9.49558e-05,9.42153e-05,9.355e-05,9.29462e-05,9.23934e-05,9.18837e-05,9.14108e-05,9.09697e-05,9.05564e-05,9.01675e-05,8.98003e-05,8.94524e-05,8.9122e-05,8.88072e-05,8.85067e-05,8.82193e-05,8.79437e-05,8.7679e-05,8.74244e-05,8.71792e-05,8.69426e-05,8.67141e-05,8.6493e-05,8.6279e-05,8.60716e-05,8.58704e-05,8.56749e-05,8.5485e-05,8.53002e-05,8.51203e-05,8.49451e-05,8.47742e-05,8.46075e-05,8.44448e-05,8.42859e-05,8.41306e-05,8.39787e-05,8.38301e-05,8.36847e-05,8.35423e-05,8.34027e-05,8.3266e-05,8.31319e-05,8.30004e-05,8.28713e-05,8.27446e-05,8.26202e-05,8.24979e-05,8.23778e-05,8.22598e-05,8.21437e-05,8.20296e-05,8.19173e-05,8.18067e-05,8.16979e-05,8.15908e-05,8.14853e-05,8.13814e-05,8.12791e-05,8.11782e-05,8.10787e-05,8.09807e-05,8.0884e-05,8.07886e-05,8.06945e-05,8.06017e-05,8.05101e-05,8.04197e-05,8.03304e-05,8.02423e-05,8.01553e-05,8.00693e-05,7.99844e-05,7.99005e-05
0.000170274,0.000168864,0.000167406,0.000165897,0.00016433,0.000162696,0.000160989,0.000159196,0.000157304,0.000155295,0.000153147,0.000150829,0.000148299,0.000145494,0.000142319,0.000138611,0.000134069,0.000128091,0.000120407,0.000113087,0.000107541,0.000103983,0.000101557,9.97503e-05,9.83198e-05,9.71397e-05,9.61371e-05,9.52664e-05,9.44972e-05,9.38087e-05,9.31856e-05,9.26165e-05,9.20928e-05,9.16079e-05,9.11563e-05,9.07337e-05,9.03365e-05,8.99619e-05,8.96075e-05,8.9271e-05,8.89508e-05,8.86453e-05,8.83532e-05,8.80734e-05,8.78049e-05,8.75467e-05,8.72981e-05,8.70584e-05,8.68269e-05,8.66031e-05,8.63866e-05,8.61767e-05,8.59732e-05,8.57756e-05,8.55836e-05,8.53969e-05,8.52152e-05,8.50382e-05,8.48656e-05,8.46974e-05,8.45332e-05,8.43728e-05,8.42161e-05,8.40629e-05,8.3913e-05,8.37664e-05,8.36228e-05,8.34822e-05,8.33443e-05,8.32092e-05,8.30767e-05,8.29466e-05,8.2819e-05,8.26937e-05,8.25706e-05,8.24496e-05,8.23308e-05,8.22139e-05,8.2099e-05,8.19859e-05,8.18747e-05,8.17652e-05,8.16574e-05,8.15513e-05,8.14467e-05,8.13437e-05,8.12422e-05,8.11422e-05,8.10436e-05,8.09464e-05,8.08504e-05,8.07558e-05,8.06625e-05,8.05704e-05,8.04795e-05,8.03898e-05,8.03012e-05,8.02137e-05,8.01273e-05,8.0042e-05,7.99576e-05
0.000170527,0.000169128,0.000167683,0.000166187,0.000164634,0.000163019,0.000161331,0.000159561,0.000157696,0.000155719,0.00015361,0.000151341,0.000148873,0.00014615,0.000143089,0.000139552,0.000135291,0.000129817,0.000122591,0.000115101,0.000109013,0.000104979,0.00010229,0.00010033,9.87998e-05,9.75505e-05,9.64971e-05,9.55875e-05,9.47878e-05,9.40745e-05,9.34309e-05,9.28446e-05,9.23064e-05,9.18088e-05,9.13462e-05,9.09139e-05,9.05082e-05,9.0126e-05,8.97647e-05,8.9422e-05,8.90962e-05,8.87855e-05,8.84888e-05,8.82046e-05,8.79321e-05,8.76702e-05,8.74181e-05,8.71752e-05,8.69408e-05,8.67142e-05,8.6495e-05,8.62827e-05,8.60768e-05,8.5877e-05,8.56829e-05,8.54942e-05,8.53106e-05,8.51319e-05,8.49577e-05,8.47878e-05,8.4622e-05,8.44602e-05,8.43021e-05,8.41476e-05,8.39964e-05,8.38485e-05,8.37038e-05,8.3562e-05,8.3423e-05,8.32869e-05,8.31533e-05,8.30223e-05,8.28937e-05,8.27675e-05,8.26435e-05,8.25217e-05,8.2402e-05,8.22844e-05,8.21687e-05,8.20549e-05,8.19429e-05,8.18327e-05,8.17243e-05,8.16175e-05,8.15123e-05,8.14087e-05,8.13066e-05,8.12059e-05,8.11067e-05,8.10089e-05,8.09125e-05,8.08173e-05,8.07235e-05,8.06309e-05,8.05395e-05,8.04493e-05,8.03602e-05,8.02723e-05,8.01854e-05,8.00996e-05,8.00149e-05
0.000170778,0.000169389,0.000167956,0.000166473,0.000164936,0.000163336,0.000161668,0.00015992,0.000158081,0.000156135,0.000154063,0.000151839,0.000149429,0.000146781,0.000143824,0.000140438,0.000136418,0.000131368,0.000124681,0.000117141,0.000110649,0.000106085,0.000103086,0.000100948,9.93062e-05,9.79804e-05,9.68716e-05,9.592e-05,9.50875e-05,9.43478e-05,9.36825e-05,9.30782e-05,9.25245e-05,9.20137e-05,9.15397e-05,9.10973e-05,9.06828e-05,9.02926e-05,8.99242e-05,8.95751e-05,8.92434e-05,8.89275e-05,8.86259e-05,8.83373e-05,8.80606e-05,8.77949e-05,8.75394e-05,8.72932e-05,8.70556e-05,8.68262e-05,8.66043e-05,8.63895e-05,8.61812e-05,8.59792e-05,8.5783e-05,8.55923e-05,8.54068e-05,8.52262e-05,8.50503e-05,8.48788e-05,8.47114e-05,8.45481e-05,8.43886e-05,8.42327e-05,8.40802e-05,8.39311e-05,8.37851e-05,8.36422e-05,8.35021e-05,8.33649e-05,8.32303e-05,8.30983e-05,8.29688e-05,8.28416e-05,8.27168e-05,8.25941e-05,8.24736e-05,8.23551e-05,8.22387e-05,8.21241e-05,8.20114e-05,8.19005e-05,8.17913e-05,8.16839e-05,8.1578e-05,8.14738e-05,8.13711e-05,8.12698e-05,8.11701e-05,8.10717e-05,8.09747e-05,8.0879e-05,8.07847e-05,8.06915e-05,8.05996e-05,8.05089e-05,8.04194e-05,8.0331e-05,8.02437e-05,8.01575e-05,8.00723e-05
0.000171026,0.000169648,0.000168226,0.000166756,0.000165233,0.00016365,0.000162,0.000160273,0.000158459,0.000156542,0.000154505,0.000152325,0.000149968,0.000147391,0.000144527,0.000141276,0.000137464,0.00013277,0.000126625,0.000119203,0.000112426,0.000107317,0.000103955,0.000101611,9.98421e-05,9.84313e-05,9.72617e-05,9.62647e-05,9.53968e-05,9.4629e-05,9.39408e-05,9.33173e-05,9.27475e-05,9.22229e-05,9.17368e-05,9.1284e-05,9.08602e-05,9.04618e-05,9.0086e-05,8.97303e-05,8.93926e-05,8.90712e-05,8.87646e-05,8.84715e-05,8.81906e-05,8.7921e-05,8.76618e-05,8.74122e-05,8.71716e-05,8.69392e-05,8.67145e-05,8.64971e-05,8.62865e-05,8.60821e-05,8.58838e-05,8.5691e-05,8.55036e-05,8.53212e-05,8.51435e-05,8.49703e-05,8.48014e-05,8.46365e-05,8.44756e-05,8.43183e-05,8.41645e-05,8.40141e-05,8.38669e-05,8.37228e-05,8.35816e-05,8.34433e-05,8.33077e-05,8.31747e-05,8.30442e-05,8.29161e-05,8.27903e-05,8.26668e-05,8.25454e-05,8.24262e-05,8.23089e-05,8.21936e-05,8.20801e-05,8.19685e-05,8.18587e-05,8.17505e-05,8.1644e-05,8.15391e-05,8.14358e-05,8.1334e-05,8.12336e-05,8.11347e-05,8.10371e-05,8.09409e-05,8.0846e-05,8.07524e-05,8.066e-05,8.05688e-05,8.04788e-05,8.03899e-05,8.03022e-05,8.02155e-05,8.01299e-05
0.000171272,0.000169904,0.000168494,0.000167036,0.000165527,0.00016396,0.000162327,0.000160621,0.00015883,0.000156942,0.000154938,0.000152798,0.000150492,0.00014798,0.000145202,0.000142071,0.000138441,0.000134048,0.0001284,0.000121271,0.0001143,0.000108689,0.000104908,0.000102324,0.000100411,9.89052e-05,9.76688e-05,9.66224e-05,9.57166e-05,9.49187e-05,9.4206e-05,9.35623e-05,9.29755e-05,9.24363e-05,9.19378e-05,9.1474e-05,9.10406e-05,9.06337e-05,9.02502e-05,8.98877e-05,8.95438e-05,8.92168e-05,8.8905e-05,8.86072e-05,8.83219e-05,8.80484e-05,8.77855e-05,8.75324e-05,8.72886e-05,8.70532e-05,8.68257e-05,8.66057e-05,8.63925e-05,8.61859e-05,8.59853e-05,8.57905e-05,8.56011e-05,8.54168e-05,8.52373e-05,8.50624e-05,8.48919e-05,8.47255e-05,8.45631e-05,8.44044e-05,8.42493e-05,8.40976e-05,8.39492e-05,8.38039e-05,8.36615e-05,8.35221e-05,8.33854e-05,8.32514e-05,8.31199e-05,8.29909e-05,8.28642e-05,8.27398e-05,8.26176e-05,8.24975e-05,8.23794e-05,8.22633e-05,8.21492e-05,8.20368e-05,8.19263e-05,8.18174e-05,8.17103e-05,8.16047e-05,8.15008e-05,8.13983e-05,8.12974e-05,8.11979e-05,8.10997e-05,8.1003e-05,8.09075e-05,8.08134e-05,8.07205e-05,8.06288e-05,8.05383e-05,8.0449e-05,8.03608e-05,8.02736e-05,8.01876e-05
0.000171516,0.000170158,0.000168758,0.000167313,0.000165817,0.000164265,0.00016265,0.000160964,0.000159196,0.000157334,0.000155362,0.000153261,0.000151002,0.00014855,0.000145852,0.00014283,0.00013936,0.000135222,0.000130009,0.000123294,0.000116215,0.000110205,0.000105958,0.000103095,0.000101016,9.94044e-05,9.80944e-05,9.69942e-05,9.60474e-05,9.52173e-05,9.44786e-05,9.38135e-05,9.32087e-05,9.26544e-05,9.21427e-05,9.16675e-05,9.12241e-05,9.08083e-05,9.0417e-05,9.00473e-05,8.9697e-05,8.93642e-05,8.90472e-05,8.87444e-05,8.84548e-05,8.81771e-05,8.79104e-05,8.76538e-05,8.74067e-05,8.71682e-05,8.69379e-05,8.67152e-05,8.64995e-05,8.62904e-05,8.60876e-05,8.58907e-05,8.56992e-05,8.5513e-05,8.53317e-05,8.51552e-05,8.4983e-05,8.4815e-05,8.46511e-05,8.4491e-05,8.43345e-05,8.41815e-05,8.40318e-05,8.38853e-05,8.37418e-05,8.36013e-05,8.34636e-05,8.33285e-05,8.3196e-05,8.3066e-05,8.29384e-05,8.28131e-05,8.26901e-05,8.25691e-05,8.24502e-05,8.23334e-05,8.22184e-05,8.21054e-05,8.19941e-05,8.18846e-05,8.17767e-05,8.16705e-05,8.15659e-05,8.14629e-05,8.13613e-05,8.12612e-05,8.11626e-05,8.10652e-05,8.09693e-05,8.08746e-05,8.07812e-05,8.0689e-05,8.0598e-05,8.05082e-05,8.04195e-05,8.0332e-05,8.02455e-05
0.000171758,0.000170409,0.00016902,0.000167587,0.000166104,0.000164567,0.000162969,0.000161301,0.000159555,0.000157719,0.000155778,0.000153712,0.000151498,0.000149102,0.000146478,0.000143555,0.000140227,0.000136311,0.000131468,0.000125221,0.000118142,0.000111851,0.00010712,0.000103932,0.000101663,9.99317e-05,9.85402e-05,9.73812e-05,9.63901e-05,9.55254e-05,9.4759e-05,9.40712e-05,9.34476e-05,9.28772e-05,9.23517e-05,9.18647e-05,9.14108e-05,9.09858e-05,9.05863e-05,9.02093e-05,8.98524e-05,8.95136e-05,8.91911e-05,8.88834e-05,8.85891e-05,8.83072e-05,8.80366e-05,8.77764e-05,8.75259e-05,8.72843e-05,8.70511e-05,8.68256e-05,8.66073e-05,8.63958e-05,8.61907e-05,8.59916e-05,8.57981e-05,8.56099e-05,8.54268e-05,8.52485e-05,8.50746e-05,8.49051e-05,8.47397e-05,8.45781e-05,8.44202e-05,8.42659e-05,8.41149e-05,8.39672e-05,8.38226e-05,8.36809e-05,8.35421e-05,8.3406e-05,8.32725e-05,8.31415e-05,8.3013e-05,8.28868e-05,8.27628e-05,8.2641e-05,8.25213e-05,8.24037e-05,8.2288e-05,8.21742e-05,8.20622e-05,8.19519e-05,8.18434e-05,8.17366e-05,8.16314e-05,8.15277e-05,8.14255e-05,8.13248e-05,8.12256e-05,8.11277e-05,8.10312e-05,8.0936e-05,8.08421e-05,8.07494e-05,8.06579e-05,8.05676e-05,8.04785e-05,8.03904e-05,8.03035e-05
0.000171998,0.000170659,0.00016928,0.000167858,0.000166388,0.000164865,0.000163283,0.000161634,0.000159909,0.000158097,0.000156185,0.000154154,0.000151983,0.000149639,0.000147082,0.00014425,0.000141049,0.000137325,0.0001328,0.000127016,0.000120089,0.000113596,0.000108405,0.000104845,0.000102357,0.00010049,9.90081e-05,9.77847e-05,9.67455e-05,9.58436e-05,9.50477e-05,9.43358e-05,9.36922e-05,9.3105e-05,9.25651e-05,9.20656e-05,9.16008e-05,9.11663e-05,9.07582e-05,9.03736e-05,9.00099e-05,8.96649e-05,8.93368e-05,8.90239e-05,8.8725e-05,8.84387e-05,8.81641e-05,8.79002e-05,8.76463e-05,8.74015e-05,8.71652e-05,8.69369e-05,8.6716e-05,8.6502e-05,8.62946e-05,8.60933e-05,8.58977e-05,8.57076e-05,8.55226e-05,8.53424e-05,8.51669e-05,8.49957e-05,8.48287e-05,8.46657e-05,8.45064e-05,8.43507e-05,8.41985e-05,8.40495e-05,8.39037e-05,8.37609e-05,8.36209e-05,8.34838e-05,8.33493e-05,8.32173e-05,8.30878e-05,8.29607e-05,8.28359e-05,8.27133e-05,8.25927e-05,8.24743e-05,8.23578e-05,8.22432e-05,8.21305e-05,8.20196e-05,8.19104e-05,8.18029e-05,8.1697e-05,8.15927e-05,8.14899e-05,8.13886e-05,8.12888e-05,8.11904e-05,8.10933e-05,8.09976e-05,8.09031e-05,8.08099e-05,8.0718e-05,8.06272e-05,8.05376e-05,8.04491e-05,8.03617e-05
0.000172235,0.000170905,0.000169537,0.000168126,0.000166669,0.000165159,0.000163593,0.000161962,0.000160257,0.000158469,0.000156584,0.000154587,0.000152455,0.000150161,0.000147667,0.000144917,0.000141831,0.000138277,0.000134022,0.000128665,0.000122022,0.000115394,0.000109816,0.000105846,0.000103105,0.000101083,9.95001e-05,9.82059e-05,9.71146e-05,9.61727e-05,9.53452e-05,9.46077e-05,9.39429e-05,9.3338e-05,9.2783e-05,9.22705e-05,9.17944e-05,9.13498e-05,9.0933e-05,9.05405e-05,9.01697e-05,8.98183e-05,8.94844e-05,8.91662e-05,8.88624e-05,8.85717e-05,8.8293e-05,8.80253e-05,8.77678e-05,8.75197e-05,8.72804e-05,8.70492e-05,8.68256e-05,8.66091e-05,8.63993e-05,8.61957e-05,8.5998e-05,8.58058e-05,8.56189e-05,8.5437e-05,8.52597e-05,8.50869e-05,8.49184e-05,8.47538e-05,8.45931e-05,8.44361e-05,8.42825e-05,8.41323e-05,8.39852e-05,8.38413e-05,8.37002e-05,8.3562e-05,8.34264e-05,8.32935e-05,8.31631e-05,8.3035e-05,8.29093e-05,8.27858e-05,8.26644e-05,8.25452e-05,8.24279e-05,8.23126e-05,8.21991e-05,8.20875e-05,8.19776e-05,8.18694e-05,8.17629e-05,8.16579e-05,8.15545e-05,8.14526e-05,8.13522e-05,8.12532e-05,8.11556e-05,8.10593e-05,8.09644e-05,8.08706e-05,8.07782e-05,8.06869e-05,8.05968e-05,8.05079e-05,8.042e-05
0.000172471,0.00017115,0.000169791,0.000168391,0.000166946,0.00016545,0.000163899,0.000162285,0.0001606,0.000158835,0.000156976,0.00015501,0.000152916,0.000150669,0.000148233,0.00014556,0.000142578,0.000139174,0.000135153,0.000130173,0.0001239,0.000117206,0.000111347,0.000106946,0.000103913,0.000101715,0.000100019,9.86466e-05,9.74984e-05,9.65133e-05,9.56519e-05,9.48872e-05,9.42001e-05,9.35764e-05,9.30056e-05,9.24795e-05,9.19915e-05,9.15366e-05,9.11105e-05,9.07099e-05,9.03318e-05,8.99738e-05,8.96339e-05,8.93103e-05,8.90015e-05,8.87062e-05,8.84233e-05,8.81517e-05,8.78906e-05,8.76391e-05,8.73966e-05,8.71625e-05,8.69361e-05,8.67171e-05,8.65048e-05,8.62989e-05,8.6099e-05,8.59048e-05,8.5716e-05,8.55322e-05,8.53532e-05,8.51787e-05,8.50085e-05,8.48425e-05,8.46803e-05,8.45219e-05,8.4367e-05,8.42155e-05,8.40672e-05,8.39221e-05,8.37799e-05,8.36406e-05,8.3504e-05,8.337e-05,8.32386e-05,8.31096e-05,8.2983e-05,8.28586e-05,8.27364e-05,8.26163e-05,8.24983e-05,8.23822e-05,8.2268e-05,8.21556e-05,8.2045e-05,8.19361e-05,8.18289e-05,8.17234e-05,8.16194e-05,8.15169e-05,8.14159e-05,8.13163e-05,8.12181e-05,8.11213e-05,8.10258e-05,8.09316e-05,8.08386e-05,8.07468e-05,8.06563e-05,8.05668e-05,8.04786e-05
0.000172704,0.000171392,0.000170043,0.000168654,0.000167221,0.000165738,0.000164201,0.000162604,0.000160938,0.000159194,0.000157361,0.000155425,0.000153367,0.000151164,0.000148783,0.000146181,0.000143293,0.000140023,0.000136205,0.000131553,0.000125685,0.000119034,0.000112975,0.000108154,0.00010479,0.000102391,0.000100567,9.91085e-05,9.78981e-05,9.68663e-05,9.59686e-05,9.51749e-05,9.44641e-05,9.38206e-05,9.32331e-05,9.26927e-05,9.21924e-05,9.17267e-05,9.12911e-05,9.0882e-05,9.04963e-05,9.01314e-05,8.97854e-05,8.94561e-05,8.91422e-05,8.88422e-05,8.8555e-05,8.82794e-05,8.80145e-05,8.77596e-05,8.75139e-05,8.72768e-05,8.70476e-05,8.68259e-05,8.66111e-05,8.64029e-05,8.62008e-05,8.60045e-05,8.58137e-05,8.5628e-05,8.54472e-05,8.5271e-05,8.50993e-05,8.49316e-05,8.4768e-05,8.46082e-05,8.44519e-05,8.42991e-05,8.41496e-05,8.40033e-05,8.38599e-05,8.37195e-05,8.35819e-05,8.34469e-05,8.33145e-05,8.31846e-05,8.3057e-05,8.29317e-05,8.28087e-05,8.26878e-05,8.25689e-05,8.2452e-05,8.23371e-05,8.2224e-05,8.21127e-05,8.20031e-05,8.18953e-05,8.17891e-05,8.16844e-05,8.15813e-05,8.14797e-05,8.13796e-05,8.12808e-05,8.11834e-05,8.10874e-05,8.09927e-05,8.08992e-05,8.08069e-05,8.07159e-05,8.0626e-05,8.05372e-05
0.000172936,0.000171633,0.000170293,0.000168914,0.000167492,0.000166022,0.0001645,0.000162919,0.000161271,0.000159548,0.00015774,0.000155832,0.000153808,0.000151646,0.000149317,0.00014678,0.00014398,0.000140829,0.00013719,0.000132821,0.000127352,0.000120868,0.000114662,0.000109475,0.000105746,0.000103116,0.000101148,9.95935e-05,9.8315e-05,9.72326e-05,9.62959e-05,9.54712e-05,9.47351e-05,9.40709e-05,9.34658e-05,9.29104e-05,9.23972e-05,9.19202e-05,9.14747e-05,9.10568e-05,9.06632e-05,9.02913e-05,8.99389e-05,8.96039e-05,8.92847e-05,8.89798e-05,8.86881e-05,8.84084e-05,8.81398e-05,8.78813e-05,8.76323e-05,8.73921e-05,8.71601e-05,8.69356e-05,8.67184e-05,8.65077e-05,8.63034e-05,8.6105e-05,8.59121e-05,8.57245e-05,8.55419e-05,8.5364e-05,8.51906e-05,8.50214e-05,8.48562e-05,8.46949e-05,8.45373e-05,8.43832e-05,8.42324e-05,8.40849e-05,8.39404e-05,8.37989e-05,8.36601e-05,8.35241e-05,8.33907e-05,8.32598e-05,8.31314e-05,8.30052e-05,8.28813e-05,8.27595e-05,8.26398e-05,8.25222e-05,8.24065e-05,8.22926e-05,8.21806e-05,8.20704e-05,8.19618e-05,8.1855e-05,8.17497e-05,8.1646e-05,8.15438e-05,8.1443e-05,8.13437e-05,8.12458e-05,8.11492e-05,8.10539e-05,8.09599e-05,8.08672e-05,8.07756e-05,8.06853e-05,8.05961e-05
0.000173166,0.000171871,0.000170541,0.000169172,0.000167761,0.000166304,0.000164795,0.000163229,0.000161599,0.000159897,0.000158112,0.000156231,0.00015424,0.000152117,0.000149836,0.000147361,0.00014464,0.000141599,0.000138117,0.000133993,0.000128894,0.000122677,0.000116374,0.000110904,0.000106791,0.000103897,0.000101766,0.000100104,9.87506e-05,9.76132e-05,9.66344e-05,9.57765e-05,9.50138e-05,9.43274e-05,9.37039e-05,9.31328e-05,9.2606e-05,9.21173e-05,9.16614e-05,9.12344e-05,9.08327e-05,9.04535e-05,9.00945e-05,8.97535e-05,8.94288e-05,8.9119e-05,8.88227e-05,8.85388e-05,8.82663e-05,8.80042e-05,8.77519e-05,8.75085e-05,8.72735e-05,8.70463e-05,8.68264e-05,8.66134e-05,8.64067e-05,8.62061e-05,8.60112e-05,8.58217e-05,8.56372e-05,8.54575e-05,8.52824e-05,8.51116e-05,8.4945e-05,8.47822e-05,8.46232e-05,8.44678e-05,8.43157e-05,8.4167e-05,8.40213e-05,8.38786e-05,8.37388e-05,8.36017e-05,8.34673e-05,8.33355e-05,8.3206e-05,8.3079e-05,8.29542e-05,8.28316e-05,8.27111e-05,8.25926e-05,8.24761e-05,8.23615e-05,8.22488e-05,8.21379e-05,8.20287e-05,8.19211e-05,8.18152e-05,8.17108e-05,8.1608e-05,8.15067e-05,8.14068e-05,8.13083e-05,8.12112e-05,8.11154e-05,8.10209e-05,8.09276e-05,8.08356e-05,8.07447e-05,8.06551e-05
0.000173394,0.000172107,0.000170786,0.000169427,0.000168027,0.000166582,0.000165087,0.000163536,0.000161923,0.00016024,0.000158478,0.000156623,0.000154663,0.000152577,0.000150342,0.000147923,0.000145277,0.000142334,0.000138993,0.000135083,0.000130314,0.000124426,0.000118094,0.000112425,0.000107931,0.000104742,0.000102425,0.000100643,9.92066e-05,9.80091e-05,9.69849e-05,9.60916e-05,9.53003e-05,9.45907e-05,9.39476e-05,9.336e-05,9.28191e-05,9.23181e-05,9.18515e-05,9.14149e-05,9.10048e-05,9.06181e-05,9.02522e-05,8.99051e-05,8.95748e-05,8.92599e-05,8.89589e-05,8.86706e-05,8.83941e-05,8.81283e-05,8.78725e-05,8.76259e-05,8.73879e-05,8.71579e-05,8.69354e-05,8.67199e-05,8.65109e-05,8.63081e-05,8.6111e-05,8.59195e-05,8.57332e-05,8.55517e-05,8.53749e-05,8.52025e-05,8.50343e-05,8.487e-05,8.47096e-05,8.45528e-05,8.43995e-05,8.42494e-05,8.41026e-05,8.39588e-05,8.38178e-05,8.36797e-05,8.35443e-05,8.34114e-05,8.3281e-05,8.31531e-05,8.30274e-05,8.29039e-05,8.27826e-05,8.26633e-05,8.25461e-05,8.24307e-05,8.23173e-05,8.22056e-05,8.20957e-05,8.19875e-05,8.18809e-05,8.17759e-05,8.16725e-05,8.15706e-05,8.14701e-05,8.13711e-05,8.12734e-05,8.1177e-05,8.1082e-05,8.09882e-05,8.08957e-05,8.08044e-05,8.07142e-05
0.00017362,0.000172341,0.000171029,0.00016968,0.00016829,0.000166857,0.000165375,0.000163839,0.000162243,0.000160578,0.000158837,0.000157008,0.000155077,0.000153027,0.000150835,0.00014847,0.000145891,0.000143039,0.000139825,0.000136101,0.000131623,0.000126088,0.000119829,0.00011401,0.000109172,0.000105657,0.000103129,0.000101212,9.96847e-05,9.84217e-05,9.73484e-05,9.6417e-05,9.55953e-05,9.48609e-05,9.41973e-05,9.35923e-05,9.30366e-05,9.25227e-05,9.20449e-05,9.15985e-05,9.11797e-05,9.07851e-05,9.04122e-05,9.00587e-05,8.97227e-05,8.94024e-05,8.90966e-05,8.88039e-05,8.85233e-05,8.82537e-05,8.79943e-05,8.77445e-05,8.75034e-05,8.72705e-05,8.70453e-05,8.68272e-05,8.66158e-05,8.64107e-05,8.62116e-05,8.6018e-05,8.58298e-05,8.56465e-05,8.54679e-05,8.52939e-05,8.51241e-05,8.49584e-05,8.47965e-05,8.46383e-05,8.44837e-05,8.43324e-05,8.41843e-05,8.40393e-05,8.38973e-05,8.37581e-05,8.36216e-05,8.34877e-05,8.33564e-05,8.32275e-05,8.31009e-05,8.29765e-05,8.28544e-05,8.27343e-05,8.26163e-05,8.25002e-05,8.2386e-05,8.22736e-05,8.2163e-05,8.20541e-05,8.19469e-05,8.18413e-05,8.17372e-05,8.16347e-05,8.15336e-05,8.1434e-05,8.13358e-05,8.12389e-05,8.11433e-05,8.1049e-05,8.0956e-05,8.08642e-05,8.07735e-05
0.000173845,0.000172574,0.00017127,0.00016993,0.000168551,0.000167129,0.00016566,0.000164138,0.000162558,0.000160912,0.000159192,0.000157387,0.000155484,0.000153467,0.000151315,0.000149001,0.000146486,0.000143717,0.000140616,0.000137059,0.000132835,0.000127645,0.000121557,0.000115629,0.000110511,0.000106652,0.000103885,0.000101816,0.000100187,9.88523e-05,9.77257e-05,9.67533e-05,9.58993e-05,9.51385e-05,9.44532e-05,9.383e-05,9.32586e-05,9.27314e-05,9.22419e-05,9.17853e-05,9.13573e-05,9.09547e-05,9.05745e-05,9.02144e-05,8.98724e-05,8.95468e-05,8.92359e-05,8.89387e-05,8.86538e-05,8.83803e-05,8.81174e-05,8.78641e-05,8.76199e-05,8.73841e-05,8.71561e-05,8.69354e-05,8.67216e-05,8.65142e-05,8.63129e-05,8.61173e-05,8.5927e-05,8.57419e-05,8.55616e-05,8.53858e-05,8.52145e-05,8.50472e-05,8.48839e-05,8.47243e-05,8.45683e-05,8.44157e-05,8.42664e-05,8.41203e-05,8.39771e-05,8.38368e-05,8.36993e-05,8.35644e-05,8.34321e-05,8.33022e-05,8.31747e-05,8.30495e-05,8.29265e-05,8.28056e-05,8.26867e-05,8.25699e-05,8.24549e-05,8.23418e-05,8.22305e-05,8.2121e-05,8.20131e-05,8.19068e-05,8.18021e-05,8.1699e-05,8.15973e-05,8.14971e-05,8.13984e-05,8.13009e-05,8.12048e-05,8.111e-05,8.10165e-05,8.09242e-05,8.0833e-05
0.000174067,0.000172804,0.000171509,0.000170178,0.000168809,0.000167399,0.000165942,0.000164434,0.000162869,0.000161241,0.00015954,0.000157759,0.000155883,0.000153898,0.000151785,0.000149517,0.000147062,0.00014437,0.000141373,0.000137962,0.000133961,0.000129093,0.000123251,0.000117255,0.000111937,0.000107732,0.000104699,0.000102458,0.000100716,9.93023e-05,9.81179e-05,9.71014e-05,9.62126e-05,9.5424e-05,9.47156e-05,9.40732e-05,9.34855e-05,9.29443e-05,9.24426e-05,9.19753e-05,9.15379e-05,9.11268e-05,9.07391e-05,9.03723e-05,9.00241e-05,8.96929e-05,8.93769e-05,8.9075e-05,8.87858e-05,8.85083e-05,8.82416e-05,8.79849e-05,8.77375e-05,8.74986e-05,8.72678e-05,8.70445e-05,8.68282e-05,8.66185e-05,8.64149e-05,8.62172e-05,8.6025e-05,8.5838e-05,8.56559e-05,8.54784e-05,8.53054e-05,8.51366e-05,8.49718e-05,8.48108e-05,8.46534e-05,8.44996e-05,8.4349e-05,8.42016e-05,8.40573e-05,8.39159e-05,8.37773e-05,8.36414e-05,8.35081e-05,8.33773e-05,8.32489e-05,8.31228e-05,8.29989e-05,8.28772e-05,8.27575e-05,8.26399e-05,8.25242e-05,8.24103e-05,8.22983e-05,8.2188e-05,8.20795e-05,8.19726e-05,8.18673e-05,8.17635e-05,8.16613e-05,8.15605e-05,8.14611e-05,8.13632e-05,8.12665e-05,8.11712e-05,8.10771e-05,8.09843e-05,8.08927e-05
0.000174288,0.000173033,0.000171746,0.000170424,0.000169065,0.000167665,0.00016622,0.000164726,0.000163176,0.000161565,0.000159884,0.000158125,0.000156275,0.000154321,0.000152244,0.000150021,0.00014762,0.000145,0.000142097,0.000138818,0.000135013,0.000130436,0.000124886,0.000118893,0.000113428,0.000108903,0.000105578,0.000103143,0.000101275,9.97736e-05,9.85261e-05,9.7462e-05,9.65361e-05,9.57176e-05,9.4985e-05,9.43222e-05,9.37174e-05,9.31615e-05,9.26471e-05,9.21687e-05,9.17215e-05,9.13017e-05,9.09062e-05,9.05323e-05,9.01778e-05,8.98408e-05,8.95196e-05,8.92128e-05,8.89192e-05,8.86376e-05,8.83671e-05,8.81069e-05,8.78561e-05,8.76142e-05,8.73805e-05,8.71545e-05,8.69356e-05,8.67235e-05,8.65177e-05,8.63179e-05,8.61236e-05,8.59347e-05,8.57507e-05,8.55716e-05,8.53969e-05,8.52265e-05,8.50602e-05,8.48977e-05,8.4739e-05,8.45838e-05,8.4432e-05,8.42834e-05,8.41379e-05,8.39954e-05,8.38557e-05,8.37188e-05,8.35845e-05,8.34527e-05,8.33234e-05,8.31963e-05,8.30716e-05,8.2949e-05,8.28286e-05,8.27101e-05,8.25937e-05,8.24791e-05,8.23663e-05,8.22554e-05,8.21462e-05,8.20386e-05,8.19326e-05,8.18283e-05,8.17254e-05,8.1624e-05,8.15241e-05,8.14256e-05,8.13284e-05,8.12325e-05,8.1138e-05,8.10447e-05,8.09526e-05
0.000174507,0.00017326,0.000171981,0.000170668,0.000169319,0.000167929,0.000166496,0.000165015,0.000163479,0.000161885,0.000160223,0.000158485,0.00015666,0.000154735,0.000152692,0.000150512,0.000148163,0.000145608,0.000142792,0.000139633,0.000136,0.000131683,0.00012644,0.000120537,0.000114957,0.000110162,0.000106527,0.000103876,0.000101865,0.000100268,9.89517e-05,9.7836e-05,9.68702e-05,9.60201e-05,9.52616e-05,9.45774e-05,9.39546e-05,9.33832e-05,9.28556e-05,9.23656e-05,9.19082e-05,9.14793e-05,9.10758e-05,9.06947e-05,9.03336e-05,8.99906e-05,8.9664e-05,8.93523e-05,8.9054e-05,8.87682e-05,8.84939e-05,8.823e-05,8.79759e-05,8.77309e-05,8.74942e-05,8.72654e-05,8.7044e-05,8.68294e-05,8.66213e-05,8.64193e-05,8.62229e-05,8.6032e-05,8.58463e-05,8.56653e-05,8.5489e-05,8.5317e-05,8.51491e-05,8.49852e-05,8.48251e-05,8.46686e-05,8.45155e-05,8.43656e-05,8.4219e-05,8.40753e-05,8.39345e-05,8.37966e-05,8.36612e-05,8.35285e-05,8.33982e-05,8.32702e-05,8.31446e-05,8.30212e-05,8.28999e-05,8.27807e-05,8.26634e-05,8.25481e-05,8.24346e-05,8.2323e-05,8.22131e-05,8.21048e-05,8.19982e-05,8.18932e-05,8.17898e-05,8.16878e-05,8.15873e-05,8.14882e-05,8.13905e-05,8.12941e-05,8.1199e-05,8.11052e-05,8.10126e-05
0.000174725,0.000173485,0.000172213,0.000170909,0.00016957,0.000168191,0.000166769,0.0001653,0.000163779,0.0001622,0.000160556,0.000158839,0.000157038,0.000155141,0.000153132,0.000150991,0.000148691,0.000146198,0.000143461,0.00014041,0.000136931,0.000132843,0.000127902,0.000122166,0.000116501,0.000111502,0.000107554,0.000104661,0.000102492,0.000100788,9.93959e-05,9.82244e-05,9.72158e-05,9.63317e-05,9.55458e-05,9.4839e-05,9.41973e-05,9.36098e-05,9.30682e-05,9.25661e-05,9.20981e-05,9.16599e-05,9.1248e-05,9.08593e-05,9.04915e-05,9.01424e-05,8.98102e-05,8.94933e-05,8.91904e-05,8.89003e-05,8.86219e-05,8.83544e-05,8.80968e-05,8.78485e-05,8.76089e-05,8.73773e-05,8.71532e-05,8.69361e-05,8.67257e-05,8.65214e-05,8.6323e-05,8.61301e-05,8.59424e-05,8.57597e-05,8.55816e-05,8.5408e-05,8.52386e-05,8.50732e-05,8.49117e-05,8.47538e-05,8.45994e-05,8.44483e-05,8.43004e-05,8.41556e-05,8.40137e-05,8.38747e-05,8.37383e-05,8.36046e-05,8.34733e-05,8.33445e-05,8.32179e-05,8.30937e-05,8.29715e-05,8.28515e-05,8.27335e-05,8.26174e-05,8.25032e-05,8.23908e-05,8.22802e-05,8.21713e-05,8.2064e-05,8.19584e-05,8.18543e-05,8.17518e-05,8.16507e-05,8.1551e-05,8.14527e-05,8.13558e-05,8.12602e-05,8.11658e-05,8.10728e-05
0.000174941,0.000173708,0.000172445,0.000171149,0.000169818,0.000168449,0.000167039,0.000165582,0.000164075,0.000162512,0.000160885,0.000159188,0.00015741,0.000155539,0.000153562,0.000151458,0.000149205,0.000146769,0.000144107,0.000141153,0.000137812,0.000133926,0.000129268,0.000123758,0.000118051,0.000112905,0.000108662,0.000105506,0.000103158,0.000101336,9.98605e-05,9.86283e-05,9.75734e-05,9.66532e-05,9.58381e-05,9.51074e-05,9.44457e-05,9.38412e-05,9.32851e-05,9.27704e-05,9.22914e-05,9.18434e-05,9.14228e-05,9.10264e-05,9.06516e-05,9.02962e-05,8.99583e-05,8.96361e-05,8.93284e-05,8.90338e-05,8.87513e-05,8.848e-05,8.82189e-05,8.79673e-05,8.77246e-05,8.74901e-05,8.72633e-05,8.70437e-05,8.68308e-05,8.66243e-05,8.64238e-05,8.62288e-05,8.60392e-05,8.58547e-05,8.56749e-05,8.54996e-05,8.53286e-05,8.51617e-05,8.49987e-05,8.48394e-05,8.46837e-05,8.45314e-05,8.43823e-05,8.42363e-05,8.40933e-05,8.39532e-05,8.38158e-05,8.3681e-05,8.35488e-05,8.3419e-05,8.32916e-05,8.31664e-05,8.30434e-05,8.29226e-05,8.28038e-05,8.26869e-05,8.2572e-05,8.24589e-05,8.23476e-05,8.2238e-05,8.21301e-05,8.20238e-05,8.19191e-05,8.18159e-05,8.17143e-05,8.1614e-05,8.15152e-05,8.14177e-05,8.13216e-05,8.12267e-05,8.11331e-05
0.000175156,0.000173929,0.000172674,0.000171386,0.000170065,0.000168706,0.000167306,0.000165862,0.000164368,0.000162819,0.00016121,0.000159532,0.000157776,0.000155931,0.000153983,0.000151916,0.000149706,0.000147324,0.00014473,0.000141866,0.000138649,0.000134943,0.000130543,0.000125291,0.000119612,0.000114352,0.00010985,0.000106415,0.000103869,0.000101914,0.000100347,9.90489e-05,9.79441e-05,9.69851e-05,9.6139e-05,9.53829e-05,9.47001e-05,9.40778e-05,9.35066e-05,9.29787e-05,9.24881e-05,9.203e-05,9.16004e-05,9.1196e-05,9.0814e-05,9.04521e-05,9.01082e-05,8.97806e-05,8.94679e-05,8.91688e-05,8.88821e-05,8.86069e-05,8.83422e-05,8.80872e-05,8.78413e-05,8.76039e-05,8.73743e-05,8.71521e-05,8.69368e-05,8.6728e-05,8.65253e-05,8.63283e-05,8.61367e-05,8.59503e-05,8.57687e-05,8.55917e-05,8.54192e-05,8.52507e-05,8.50863e-05,8.49256e-05,8.47685e-05,8.46149e-05,8.44646e-05,8.43174e-05,8.41733e-05,8.4032e-05,8.38936e-05,8.37578e-05,8.36246e-05,8.34939e-05,8.33655e-05,8.32395e-05,8.31157e-05,8.2994e-05,8.28744e-05,8.27567e-05,8.26411e-05,8.25272e-05,8.24152e-05,8.23049e-05,8.21964e-05,8.20895e-05,8.19841e-05,8.18803e-05,8.17781e-05,8.16772e-05,8.15778e-05,8.14798e-05,8.13831e-05,8.12878e-05,8.11937e-05
0.000175369,0.000174149,0.000172901,0.000171622,0.000170309,0.00016896,0.000167571,0.000166138,0.000164657,0.000163123,0.00016153,0.00015987,0.000158136,0.000156316,0.000154397,0.000152363,0.000150194,0.000147863,0.000145333,0.000142552,0.000139447,0.0001359,0.000131732,0.00012675,0.000121171,0.00011582,0.000111112,0.000107394,0.000104628,0.000102525,0.000100858,9.94874e-05,9.83288e-05,9.7328e-05,9.64489e-05,9.56659e-05,9.49608e-05,9.43199e-05,9.37326e-05,9.3191e-05,9.26885e-05,9.22199e-05,9.17809e-05,9.13682e-05,9.09787e-05,9.061e-05,9.026e-05,8.99269e-05,8.96091e-05,8.93053e-05,8.90143e-05,8.87351e-05,8.84666e-05,8.82082e-05,8.79591e-05,8.77187e-05,8.74863e-05,8.72615e-05,8.70436e-05,8.68325e-05,8.66275e-05,8.64284e-05,8.62349e-05,8.60465e-05,8.58632e-05,8.56845e-05,8.55103e-05,8.53403e-05,8.51743e-05,8.50122e-05,8.48538e-05,8.46989e-05,8.45473e-05,8.43989e-05,8.42536e-05,8.41113e-05,8.39718e-05,8.3835e-05,8.37008e-05,8.35691e-05,8.34398e-05,8.33129e-05,8.31882e-05,8.30657e-05,8.29452e-05,8.28268e-05,8.27104e-05,8.25958e-05,8.24831e-05,8.23721e-05,8.22629e-05,8.21553e-05,8.20493e-05,8.19449e-05,8.18421e-05,8.17407e-05,8.16407e-05,8.15421e-05,8.14449e-05,8.1349e-05,8.12544e-05
0.00017558,0.000174367,0.000173127,0.000171855,0.000170551,0.000169211,0.000167833,0.000166411,0.000164943,0.000163423,0.000161846,0.000160204,0.00015849,0.000156694,0.000154802,0.000152801,0.000150671,0.000148387,0.000145917,0.000143213,0.000140209,0.000136806,0.000132845,0.000128128,0.000122708,0.000117292,0.000112436,0.000108445,0.000105441,0.000103174,0.000101395,9.99454e-05,9.87283e-05,9.76828e-05,9.67683e-05,9.59568e-05,9.52282e-05,9.45676e-05,9.39636e-05,9.34076e-05,9.28925e-05,9.2413e-05,9.19644e-05,9.1543e-05,9.11458e-05,9.07702e-05,9.04139e-05,9.0075e-05,8.9752e-05,8.94434e-05,8.91479e-05,8.88646e-05,8.85924e-05,8.83304e-05,8.8078e-05,8.78345e-05,8.75992e-05,8.73717e-05,8.71513e-05,8.69377e-05,8.67305e-05,8.65293e-05,8.63337e-05,8.61434e-05,8.59582e-05,8.57778e-05,8.5602e-05,8.54304e-05,8.52629e-05,8.50994e-05,8.49396e-05,8.47833e-05,8.46305e-05,8.44809e-05,8.43344e-05,8.41909e-05,8.40503e-05,8.39125e-05,8.37773e-05,8.36446e-05,8.35144e-05,8.33866e-05,8.3261e-05,8.31376e-05,8.30164e-05,8.28972e-05,8.278e-05,8.26647e-05,8.25512e-05,8.24396e-05,8.23296e-05,8.22214e-05,8.21148e-05,8.20098e-05,8.19063e-05,8.18043e-05,8.17037e-05,8.16046e-05,8.15068e-05,8.14104e-05,8.13153e-05
0.00017579,0.000174584,0.00017335,0.000172087,0.000170791,0.000169461,0.000168092,0.000166682,0.000165226,0.00016372,0.000162158,0.000160534,0.000158839,0.000157065,0.0001552,0.00015323,0.000151137,0.000148898,0.000146483,0.00014385,0.00014094,0.000137666,0.000133889,0.000129422,0.000124206,0.000118774,0.000113806,0.000109569,0.000106313,0.000103864,0.000101961,0.000100425,9.91439e-05,9.80502e-05,9.70979e-05,9.62561e-05,9.55026e-05,9.48212e-05,9.41997e-05,9.36286e-05,9.31005e-05,9.26096e-05,9.21509e-05,9.17206e-05,9.13154e-05,9.09326e-05,9.05698e-05,9.0225e-05,8.98966e-05,8.9583e-05,8.9283e-05,8.89955e-05,8.87193e-05,8.84538e-05,8.8198e-05,8.79514e-05,8.77131e-05,8.74828e-05,8.72599e-05,8.70438e-05,8.68343e-05,8.66309e-05,8.64332e-05,8.6241e-05,8.6054e-05,8.58718e-05,8.56942e-05,8.5521e-05,8.5352e-05,8.5187e-05,8.50258e-05,8.48682e-05,8.47141e-05,8.45633e-05,8.44156e-05,8.4271e-05,8.41293e-05,8.39904e-05,8.38541e-05,8.37205e-05,8.35893e-05,8.34606e-05,8.33341e-05,8.32099e-05,8.30878e-05,8.29678e-05,8.28498e-05,8.27338e-05,8.26196e-05,8.25072e-05,8.23966e-05,8.22877e-05,8.21805e-05,8.20748e-05,8.19707e-05,8.18681e-05,8.1767e-05,8.16673e-05,8.1569e-05,8.1472e-05,8.13764e-05
0.000175999,0.000174799,0.000173572,0.000172317,0.000171029,0.000169708,0.000168349,0.00016695,0.000165506,0.000164013,0.000162466,0.000160859,0.000159183,0.000157431,0.000155591,0.000153651,0.000151593,0.000149397,0.000147034,0.000144467,0.000141643,0.000138484,0.000134873,0.000130635,0.000125649,0.00012026,0.000115201,0.000110762,0.000107248,0.000104599,0.000102559,0.000100927,9.95768e-05,9.8431e-05,9.74383e-05,9.65641e-05,9.57843e-05,9.5081e-05,9.44411e-05,9.38542e-05,9.33125e-05,9.28097e-05,9.23406e-05,9.1901e-05,9.14876e-05,9.10973e-05,9.07278e-05,9.03769e-05,9.00429e-05,8.97243e-05,8.94196e-05,8.91277e-05,8.88476e-05,8.85784e-05,8.83192e-05,8.80693e-05,8.7828e-05,8.75949e-05,8.73693e-05,8.71508e-05,8.69389e-05,8.67332e-05,8.65335e-05,8.63393e-05,8.61503e-05,8.59663e-05,8.5787e-05,8.56122e-05,8.54417e-05,8.52752e-05,8.51125e-05,8.49536e-05,8.47981e-05,8.46461e-05,8.44972e-05,8.43514e-05,8.42086e-05,8.40686e-05,8.39314e-05,8.37967e-05,8.36646e-05,8.35349e-05,8.34076e-05,8.32825e-05,8.31596e-05,8.30388e-05,8.292e-05,8.28032e-05,8.26883e-05,8.25752e-05,8.24639e-05,8.23543e-05,8.22464e-05,8.21401e-05,8.20354e-05,8.19322e-05,8.18305e-05,8.17302e-05,8.16313e-05,8.15338e-05,8.14376e-05
0.000176206,0.000175013,0.000173793,0.000172545,0.000171265,0.000169952,0.000168603,0.000167215,0.000165783,0.000164303,0.00016277,0.000161179,0.000159522,0.000157791,0.000155976,0.000154064,0.000152039,0.000149883,0.000147569,0.000145063,0.000142319,0.000139266,0.000135803,0.000131773,0.000127025,0.000121738,0.000116604,0.000112014,0.000108249,0.000105383,0.000103191,0.000101454,0.000100028,9.88262e-05,9.77901e-05,9.68815e-05,9.60738e-05,9.53474e-05,9.4688e-05,9.40847e-05,9.35288e-05,9.30135e-05,9.25336e-05,9.20844e-05,9.16624e-05,9.12644e-05,9.0888e-05,9.05308e-05,9.01911e-05,8.98672e-05,8.95577e-05,8.92614e-05,8.89772e-05,8.87042e-05,8.84415e-05,8.81883e-05,8.7944e-05,8.77079e-05,8.74796e-05,8.72585e-05,8.70443e-05,8.68363e-05,8.66344e-05,8.64382e-05,8.62473e-05,8.60615e-05,8.58805e-05,8.5704e-05,8.55319e-05,8.53639e-05,8.51998e-05,8.50394e-05,8.48826e-05,8.47293e-05,8.45792e-05,8.44323e-05,8.42883e-05,8.41472e-05,8.40089e-05,8.38733e-05,8.37402e-05,8.36096e-05,8.34813e-05,8.33554e-05,8.32316e-05,8.311e-05,8.29904e-05,8.28728e-05,8.27572e-05,8.26433e-05,8.25313e-05,8.24211e-05,8.23125e-05,8.22056e-05,8.21002e-05,8.19964e-05,8.18941e-05,8.17933e-05,8.16938e-05,8.15958e-05,8.14991e-05
0.000176411,0.000175225,0.000174012,0.000172771,0.000171499,0.000170195,0.000168855,0.000167477,0.000166056,0.000164589,0.000163071,0.000161495,0.000159856,0.000158145,0.000156354,0.000154469,0.000152476,0.000150358,0.00014809,0.000145642,0.000142971,0.000140015,0.000136685,0.000132843,0.000128328,0.000123192,0.000118012,0.000113311,0.000109316,0.000106221,0.000103861,0.000102008,0.0001005,9.92369e-05,9.81541e-05,9.72088e-05,9.63714e-05,9.56206e-05,9.49408e-05,9.43201e-05,9.37493e-05,9.32212e-05,9.27299e-05,9.22708e-05,9.18399e-05,9.1434e-05,9.10504e-05,9.06867e-05,9.03411e-05,9.00119e-05,8.96974e-05,8.93966e-05,8.91082e-05,8.88313e-05,8.85649e-05,8.83084e-05,8.80609e-05,8.78219e-05,8.75909e-05,8.73672e-05,8.71505e-05,8.69402e-05,8.67361e-05,8.65378e-05,8.6345e-05,8.61573e-05,8.59745e-05,8.57963e-05,8.56226e-05,8.5453e-05,8.52875e-05,8.51257e-05,8.49676e-05,8.4813e-05,8.46616e-05,8.45135e-05,8.43684e-05,8.42262e-05,8.40869e-05,8.39502e-05,8.38162e-05,8.36846e-05,8.35554e-05,8.34286e-05,8.33039e-05,8.31815e-05,8.30611e-05,8.29427e-05,8.28263e-05,8.27118e-05,8.25991e-05,8.24881e-05,8.23789e-05,8.22713e-05,8.21653e-05,8.20609e-05,8.1958e-05,8.18566e-05,8.17566e-05,8.1658e-05,8.15607e-05
0.000176616,0.000175435,0.000174229,0.000172995,0.000171731,0.000170436,0.000169105,0.000167737,0.000166327,0.000164873,0.000163368,0.000161808,0.000160186,0.000158495,0.000156725,0.000154866,0.000152904,0.000150822,0.000148598,0.000146204,0.0001436,0.000140734,0.000137524,0.000133851,0.000129558,0.000124606,0.000119429,0.000114638,0.000110446,0.000107116,0.000104574,0.000102592,0.000100994,9.96642e-05,9.85312e-05,9.75465e-05,9.66776e-05,9.5901e-05,9.51997e-05,9.45608e-05,9.39745e-05,9.34329e-05,9.29298e-05,9.24603e-05,9.20202e-05,9.16061e-05,9.12151e-05,9.08448e-05,9.04931e-05,9.01583e-05,8.98388e-05,8.95333e-05,8.92406e-05,8.89596e-05,8.86896e-05,8.84296e-05,8.81789e-05,8.79369e-05,8.7703e-05,8.74767e-05,8.72575e-05,8.70449e-05,8.68386e-05,8.66382e-05,8.64433e-05,8.62537e-05,8.60691e-05,8.58893e-05,8.57139e-05,8.55428e-05,8.53757e-05,8.52125e-05,8.50531e-05,8.48971e-05,8.47445e-05,8.45952e-05,8.44489e-05,8.43056e-05,8.41652e-05,8.40275e-05,8.38924e-05,8.37599e-05,8.36298e-05,8.35021e-05,8.33766e-05,8.32533e-05,8.31321e-05,8.30129e-05,8.28957e-05,8.27805e-05,8.2667e-05,8.25554e-05,8.24455e-05,8.23372e-05,8.22306e-05,8.21256e-05,8.20221e-05,8.19201e-05,8.18195e-05,8.17203e-05,8.16225e-05
0.000176819,0.000175644,0.000174445,0.000173218,0.000171962,0.000170674,0.000169353,0.000167994,0.000166596,0.000165153,0.000163661,0.000162116,0.000160511,0.000158839,0.000157091,0.000155257,0.000153324,0.000151276,0.000149094,0.00014675,0.00014421,0.000141425,0.000138325,0.000134804,0.000130716,0.000125968,0.000120846,0.000115978,0.000111632,0.000108071,0.000105331,0.000103208,0.000101511,0.000100109,9.89221e-05,9.78954e-05,9.69928e-05,9.61889e-05,9.54649e-05,9.4807e-05,9.42043e-05,9.36487e-05,9.31334e-05,9.26531e-05,9.22034e-05,9.17808e-05,9.13821e-05,9.10049e-05,9.0647e-05,9.03065e-05,8.99818e-05,8.96715e-05,8.93743e-05,8.90893e-05,8.88155e-05,8.8552e-05,8.8298e-05,8.80529e-05,8.78162e-05,8.75871e-05,8.73654e-05,8.71504e-05,8.69418e-05,8.67392e-05,8.65423e-05,8.63508e-05,8.61644e-05,8.59828e-05,8.58057e-05,8.5633e-05,8.54645e-05,8.52998e-05,8.5139e-05,8.49817e-05,8.48278e-05,8.46773e-05,8.45298e-05,8.43854e-05,8.42439e-05,8.41051e-05,8.39691e-05,8.38356e-05,8.37045e-05,8.35759e-05,8.34495e-05,8.33253e-05,8.32033e-05,8.30834e-05,8.29654e-05,8.28494e-05,8.27353e-05,8.26229e-05,8.25123e-05,8.24034e-05,8.22961e-05,8.21905e-05,8.20864e-05,8.19838e-05,8.18826e-05,8.17829e-05,8.16845e-05
0.00017702,0.000175852,0.000174659,0.000173439,0.00017219,0.000170911,0.000169598,0.000168249,0.000166861,0.00016543,0.000163951,0.00016242,0.000160831,0.000159178,0.00015745,0.00015564,0.000153736,0.000151721,0.000149577,0.000147281,0.000144801,0.000142092,0.000139091,0.000135708,0.000131807,0.000127269,0.000122248,0.00011732,0.000112862,0.000109086,0.000106138,0.000103861,0.000102054,0.000100574,9.9328e-05,9.8256e-05,9.73177e-05,9.64848e-05,9.57369e-05,9.50589e-05,9.44392e-05,9.38688e-05,9.33407e-05,9.28492e-05,9.23897e-05,9.19582e-05,9.15516e-05,9.11673e-05,9.08029e-05,9.04566e-05,9.01265e-05,8.98112e-05,8.95096e-05,8.92204e-05,8.89427e-05,8.86755e-05,8.84182e-05,8.817e-05,8.79303e-05,8.76985e-05,8.74741e-05,8.72567e-05,8.70458e-05,8.6841e-05,8.66421e-05,8.64486e-05,8.62603e-05,8.60769e-05,8.58982e-05,8.57238e-05,8.55537e-05,8.53876e-05,8.52254e-05,8.50667e-05,8.49116e-05,8.47598e-05,8.46111e-05,8.44656e-05,8.4323e-05,8.41832e-05,8.40461e-05,8.39116e-05,8.37796e-05,8.365e-05,8.35227e-05,8.33977e-05,8.32749e-05,8.31541e-05,8.30354e-05,8.29186e-05,8.28037e-05,8.26907e-05,8.25794e-05,8.24698e-05,8.23619e-05,8.22556e-05,8.21509e-05,8.20477e-05,8.19459e-05,8.18456e-05,8.17467e-05
0.000177221,0.000176058,0.000174871,0.000173658,0.000172417,0.000171145,0.000169841,0.000168502,0.000167124,0.000165704,0.000164238,0.000162721,0.000161148,0.000159512,0.000157805,0.000156018,0.00015414,0.000152156,0.00015005,0.000147799,0.000145374,0.000142735,0.000139827,0.000136567,0.000132837,0.000128506,0.000123625,0.000118671,0.000114125,0.00011016,0.000106996,0.000104551,0.000102625,0.000101059,9.97498e-05,9.86293e-05,9.76528e-05,9.67891e-05,9.60159e-05,9.53168e-05,9.46791e-05,9.40934e-05,9.3552e-05,9.30489e-05,9.2579e-05,9.21384e-05,9.17237e-05,9.1332e-05,9.0961e-05,9.06085e-05,9.02729e-05,8.99526e-05,8.96463e-05,8.93528e-05,8.90711e-05,8.88003e-05,8.85395e-05,8.82881e-05,8.80454e-05,8.78107e-05,8.75837e-05,8.73638e-05,8.71505e-05,8.69435e-05,8.67425e-05,8.6547e-05,8.63568e-05,8.61716e-05,8.59912e-05,8.58152e-05,8.56435e-05,8.54759e-05,8.53122e-05,8.51522e-05,8.49958e-05,8.48427e-05,8.46929e-05,8.45462e-05,8.44024e-05,8.42615e-05,8.41234e-05,8.39879e-05,8.38549e-05,8.37244e-05,8.35963e-05,8.34704e-05,8.33467e-05,8.32252e-05,8.31056e-05,8.29881e-05,8.28725e-05,8.27587e-05,8.26467e-05,8.25364e-05,8.24279e-05,8.23209e-05,8.22156e-05,8.21118e-05,8.20095e-05,8.19086e-05,8.18091e-05
0.00017742,0.000176263,0.000175082,0.000173876,0.000172642,0.000171378,0.000170082,0.000168752,0.000167385,0.000165976,0.000164522,0.000163019,0.000161461,0.000159841,0.000158154,0.000156389,0.000154536,0.000152583,0.000150512,0.000148304,0.000145931,0.000143357,0.000140533,0.000137387,0.000133812,0.000129678,0.000124963,0.000120025,0.000115404,0.000111285,0.00010791,0.000105284,0.000103226,0.000101567,0.000100189,9.9016e-05,9.79987e-05,9.71023e-05,9.63023e-05,9.55809e-05,9.49245e-05,9.43227e-05,9.37674e-05,9.32521e-05,9.27716e-05,9.23215e-05,9.18983e-05,9.1499e-05,9.11211e-05,9.07624e-05,9.04212e-05,9.00957e-05,8.97846e-05,8.94867e-05,8.92009e-05,8.89263e-05,8.8662e-05,8.84073e-05,8.81615e-05,8.7924e-05,8.76942e-05,8.74717e-05,8.72561e-05,8.70468e-05,8.68436e-05,8.66461e-05,8.6454e-05,8.6267e-05,8.60848e-05,8.59071e-05,8.57339e-05,8.55648e-05,8.53996e-05,8.52382e-05,8.50804e-05,8.49261e-05,8.4775e-05,8.46271e-05,8.44823e-05,8.43403e-05,8.42011e-05,8.40646e-05,8.39307e-05,8.37992e-05,8.36701e-05,8.35434e-05,8.34189e-05,8.32965e-05,8.31761e-05,8.30578e-05,8.29415e-05,8.2827e-05,8.27143e-05,8.26033e-05,8.24941e-05,8.23865e-05,8.22805e-05,8.21761e-05,8.20732e-05,8.19718e-05,8.18717e-05
0.000177618,0.000176466,0.000175292,0.000174092,0.000172865,0.000171609,0.000170322,0.000169,0.000167642,0.000166244,0.000164803,0.000163312,0.000161769,0.000160167,0.000158498,0.000156754,0.000154926,0.000153002,0.000150965,0.000148797,0.000146472,0.00014396,0.000141214,0.00013817,0.000134736,0.000130786,0.000126253,0.000121375,0.000116689,0.000112455,0.000108878,0.000106061,0.000103861,0.000102099,0.000100646,9.94171e-05,9.8356e-05,9.74248e-05,9.65965e-05,9.58516e-05,9.51754e-05,9.45568e-05,9.3987e-05,9.34591e-05,9.29674e-05,9.25075e-05,9.20756e-05,9.16685e-05,9.12835e-05,9.09184e-05,9.05712e-05,9.02404e-05,8.99244e-05,8.9622e-05,8.9332e-05,8.90535e-05,8.87856e-05,8.85275e-05,8.82786e-05,8.80381e-05,8.78056e-05,8.75806e-05,8.73625e-05,8.71509e-05,8.69455e-05,8.67459e-05,8.65518e-05,8.63629e-05,8.61789e-05,8.59996e-05,8.58248e-05,8.56541e-05,8.54875e-05,8.53247e-05,8.51655e-05,8.50099e-05,8.48576e-05,8.47085e-05,8.45625e-05,8.44194e-05,8.42792e-05,8.41416e-05,8.40067e-05,8.38743e-05,8.37443e-05,8.36167e-05,8.34913e-05,8.33681e-05,8.32469e-05,8.31278e-05,8.30107e-05,8.28955e-05,8.27821e-05,8.26704e-05,8.25605e-05,8.24523e-05,8.23457e-05,8.22407e-05,8.21371e-05,8.20351e-05,8.19345e-05
0.000177814,0.000176669,0.0001755,0.000174306,0.000173086,0.000171838,0.000170559,0.000169246,0.000167898,0.00016651,0.00016508,0.000163603,0.000162074,0.000160487,0.000158837,0.000157114,0.00015531,0.000153412,0.000151408,0.000149278,0.000147,0.000144544,0.000141871,0.000138922,0.000135615,0.000131835,0.000127488,0.000122708,0.000117977,0.000113656,0.000109899,0.000106887,0.000104532,0.000102658,0.000101123,9.98334e-05,9.87255e-05,9.77572e-05,9.68989e-05,9.61292e-05,9.54323e-05,9.4796e-05,9.42111e-05,9.367e-05,9.31668e-05,9.26967e-05,9.22556e-05,9.18404e-05,9.14481e-05,9.10764e-05,9.07232e-05,9.03869e-05,9.00658e-05,8.97588e-05,8.94645e-05,8.9182e-05,8.89104e-05,8.86489e-05,8.83968e-05,8.81533e-05,8.7918e-05,8.76903e-05,8.74697e-05,8.72557e-05,8.70481e-05,8.68464e-05,8.66503e-05,8.64595e-05,8.62737e-05,8.60927e-05,8.59162e-05,8.5744e-05,8.55759e-05,8.54116e-05,8.52511e-05,8.50942e-05,8.49406e-05,8.47903e-05,8.46431e-05,8.44989e-05,8.43576e-05,8.4219e-05,8.40831e-05,8.39497e-05,8.38188e-05,8.36903e-05,8.3564e-05,8.34399e-05,8.3318e-05,8.31981e-05,8.30802e-05,8.29642e-05,8.28501e-05,8.27378e-05,8.26272e-05,8.25183e-05,8.24111e-05,8.23054e-05,8.22013e-05,8.20987e-05,8.19975e-05
0.000178009,0.000176869,0.000175707,0.000174519,0.000173306,0.000172065,0.000170794,0.00016949,0.000168151,0.000166774,0.000165355,0.00016389,0.000162375,0.000160804,0.000159171,0.000157468,0.000155687,0.000153815,0.000151841,0.000149748,0.000147514,0.000145112,0.000142506,0.000139644,0.000136452,0.000132829,0.000128666,0.000124015,0.000119273,0.000114879,0.00011097,0.000107762,0.000105241,0.000103245,0.000101622,0.000100266,9.9108e-05,9.81001e-05,9.72099e-05,9.64141e-05,9.56953e-05,9.50405e-05,9.44397e-05,9.38849e-05,9.33697e-05,9.2889e-05,9.24386e-05,9.20149e-05,9.1615e-05,9.12365e-05,9.08771e-05,9.05351e-05,9.02089e-05,8.98971e-05,8.95984e-05,8.93118e-05,8.90365e-05,8.87714e-05,8.8516e-05,8.82695e-05,8.80313e-05,8.78009e-05,8.75777e-05,8.73614e-05,8.71515e-05,8.69476e-05,8.67495e-05,8.65568e-05,8.63692e-05,8.61864e-05,8.60082e-05,8.58344e-05,8.56648e-05,8.54991e-05,8.53372e-05,8.51789e-05,8.50241e-05,8.48725e-05,8.47242e-05,8.45788e-05,8.44364e-05,8.42968e-05,8.41599e-05,8.40255e-05,8.38937e-05,8.37642e-05,8.3637e-05,8.35121e-05,8.33894e-05,8.32687e-05,8.315e-05,8.30333e-05,8.29184e-05,8.28054e-05,8.26941e-05,8.25846e-05,8.24767e-05,8.23704e-05,8.22657e-05,8.21624e-05,8.20607e-05
0.000178204,0.000177069,0.000175912,0.000174731,0.000173524,0.00017229,0.000171027,0.000169732,0.000168402,0.000167035,0.000165627,0.000164174,0.000162673,0.000161117,0.000159501,0.000157817,0.000156057,0.000154212,0.000152267,0.000150208,0.000148016,0.000145664,0.00014312,0.000140338,0.000137253,0.000133771,0.000129785,0.000125284,0.000120568,0.00011611,0.000112083,0.000108687,0.000105992,0.000103863,0.000102144,0.000100717,9.95043e-05,9.84541e-05,9.753e-05,9.67065e-05,9.59647e-05,9.52905e-05,9.46731e-05,9.41039e-05,9.35763e-05,9.30846e-05,9.26244e-05,9.2192e-05,9.17844e-05,9.13988e-05,9.1033e-05,9.06852e-05,9.03536e-05,9.00369e-05,8.97337e-05,8.9443e-05,8.91638e-05,8.88951e-05,8.86363e-05,8.83867e-05,8.81455e-05,8.79124e-05,8.76866e-05,8.74678e-05,8.72556e-05,8.70496e-05,8.68494e-05,8.66547e-05,8.64652e-05,8.62807e-05,8.61008e-05,8.59254e-05,8.57542e-05,8.5587e-05,8.54237e-05,8.52641e-05,8.51079e-05,8.49552e-05,8.48056e-05,8.46591e-05,8.45156e-05,8.43749e-05,8.4237e-05,8.41016e-05,8.39688e-05,8.38384e-05,8.37104e-05,8.35846e-05,8.3461e-05,8.33395e-05,8.32201e-05,8.31026e-05,8.2987e-05,8.28732e-05,8.27613e-05,8.26511e-05,8.25425e-05,8.24356e-05,8.23302e-05,8.22264e-05,8.21241e-05
0.000178397,0.000177267,0.000176116,0.000174941,0.000173741,0.000172514,0.000171258,0.000169971,0.00016865,0.000167293,0.000165896,0.000164455,0.000162967,0.000161426,0.000159826,0.000158161,0.000156422,0.000154601,0.000152684,0.000150658,0.000148505,0.000146201,0.000143716,0.000141009,0.00013802,0.000134668,0.000130848,0.000126509,0.000121855,0.000117342,0.000113228,0.000109662,0.000106787,0.000104515,0.00010269,0.000101186,9.99153e-05,9.88198e-05,9.78597e-05,9.70069e-05,9.62409e-05,9.55463e-05,9.49115e-05,9.43274e-05,9.37867e-05,9.32836e-05,9.28133e-05,9.23719e-05,9.19562e-05,9.15633e-05,9.1191e-05,9.08372e-05,9.05001e-05,9.01784e-05,8.98706e-05,8.95756e-05,8.92924e-05,8.902e-05,8.87578e-05,8.85049e-05,8.82608e-05,8.80248e-05,8.77964e-05,8.75751e-05,8.73606e-05,8.71523e-05,8.695e-05,8.67533e-05,8.65619e-05,8.63755e-05,8.61939e-05,8.60169e-05,8.58441e-05,8.56755e-05,8.55107e-05,8.53497e-05,8.51923e-05,8.50382e-05,8.48875e-05,8.47398e-05,8.45952e-05,8.44534e-05,8.43144e-05,8.41781e-05,8.40443e-05,8.3913e-05,8.3784e-05,8.36574e-05,8.35329e-05,8.34106e-05,8.32904e-05,8.31721e-05,8.30558e-05,8.29413e-05,8.28287e-05,8.27178e-05,8.26086e-05,8.2501e-05,8.2395e-05,8.22906e-05,8.21877e-05
0.000178588,0.000177464,0.000176319,0.00017515,0.000173956,0.000172736,0.000171488,0.000170209,0.000168897,0.000167549,0.000166162,0.000164733,0.000163258,0.000161731,0.000160147,0.0001585,0.000156782,0.000154983,0.000153094,0.0001511,0.000148984,0.000146725,0.000144295,0.000141656,0.000138757,0.000135523,0.000131858,0.000127685,0.000123125,0.000118581,0.000114396,0.000110683,0.000107627,0.000105202,0.000103264,0.000101676,0.000100342,9.91981e-05,9.81996e-05,9.73157e-05,9.65241e-05,9.58081e-05,9.51551e-05,9.45554e-05,9.40011e-05,9.34861e-05,9.30053e-05,9.25546e-05,9.21306e-05,9.17302e-05,9.13511e-05,9.09911e-05,9.06484e-05,9.03214e-05,9.00089e-05,8.97095e-05,8.94222e-05,8.91462e-05,8.88804e-05,8.86243e-05,8.8377e-05,8.81381e-05,8.7907e-05,8.76832e-05,8.74663e-05,8.72557e-05,8.70513e-05,8.68525e-05,8.66592e-05,8.6471e-05,8.62877e-05,8.61089e-05,8.59346e-05,8.57644e-05,8.55982e-05,8.54358e-05,8.5277e-05,8.51217e-05,8.49697e-05,8.48209e-05,8.46751e-05,8.45323e-05,8.43922e-05,8.42549e-05,8.41201e-05,8.39879e-05,8.3858e-05,8.37305e-05,8.36052e-05,8.3482e-05,8.3361e-05,8.3242e-05,8.31249e-05,8.30097e-05,8.28963e-05,8.27847e-05,8.26749e-05,8.25666e-05,8.246e-05,8.2355e-05,8.22515e-05
0.000178779,0.00017766,0.00017652,0.000175357,0.00017417,0.000172956,0.000171715,0.000170444,0.000169141,0.000167803,0.000166426,0.000165008,0.000163545,0.000162032,0.000160464,0.000158834,0.000157136,0.00015536,0.000153496,0.000151532,0.000149452,0.000147235,0.000144857,0.000142283,0.000139466,0.000136341,0.000132817,0.000128809,0.000124367,0.000119824,0.000115576,0.000111743,0.000108513,0.000105928,0.000103866,0.000102187,0.000100786,9.95897e-05,9.85503e-05,9.76334e-05,9.68147e-05,9.60762e-05,9.54041e-05,9.4788e-05,9.42196e-05,9.36923e-05,9.32006e-05,9.27403e-05,9.23076e-05,9.18994e-05,9.15133e-05,9.11469e-05,9.07985e-05,9.04662e-05,9.01488e-05,8.98449e-05,8.95535e-05,8.92735e-05,8.90042e-05,8.87447e-05,8.84943e-05,8.82525e-05,8.80186e-05,8.77922e-05,8.75728e-05,8.736e-05,8.71533e-05,8.69525e-05,8.67572e-05,8.65671e-05,8.6382e-05,8.62016e-05,8.60256e-05,8.58539e-05,8.56862e-05,8.55224e-05,8.53623e-05,8.52057e-05,8.50524e-05,8.49024e-05,8.47555e-05,8.46115e-05,8.44704e-05,8.4332e-05,8.41963e-05,8.40631e-05,8.39323e-05,8.38039e-05,8.36777e-05,8.35537e-05,8.34319e-05,8.33121e-05,8.31942e-05,8.30783e-05,8.29642e-05,8.28519e-05,8.27414e-05,8.26325e-05,8.25253e-05,8.24196e-05,8.23155e-05
0.000178969,0.000177855,0.00017672,0.000175563,0.000174382,0.000173175,0.000171941,0.000170678,0.000169383,0.000168054,0.000166688,0.000165281,0.00016383,0.00016233,0.000160777,0.000159164,0.000157484,0.00015573,0.000153891,0.000151956,0.000149909,0.000147733,0.000145403,0.00014289,0.000140149,0.000137123,0.00013373,0.000129881,0.000125574,0.000121064,0.000116759,0.000112836,0.000109445,0.000106695,0.0001045,0.000102723,0.000101248,9.99955e-05,9.89123e-05,9.79605e-05,9.71132e-05,9.63509e-05,9.56588e-05,9.50256e-05,9.44424e-05,9.39022e-05,9.33993e-05,9.29289e-05,9.24872e-05,9.20711e-05,9.16777e-05,9.13048e-05,9.09504e-05,9.06127e-05,9.02902e-05,8.99817e-05,8.9686e-05,8.94021e-05,8.91291e-05,8.88662e-05,8.86126e-05,8.83678e-05,8.81311e-05,8.79021e-05,8.76801e-05,8.7465e-05,8.72561e-05,8.70532e-05,8.68559e-05,8.66639e-05,8.6477e-05,8.62948e-05,8.61172e-05,8.59439e-05,8.57748e-05,8.56095e-05,8.5448e-05,8.52901e-05,8.51356e-05,8.49843e-05,8.48362e-05,8.46911e-05,8.45489e-05,8.44095e-05,8.42728e-05,8.41386e-05,8.40069e-05,8.38775e-05,8.37505e-05,8.36257e-05,8.3503e-05,8.33824e-05,8.32638e-05,8.31471e-05,8.30323e-05,8.29194e-05,8.28081e-05,8.26986e-05,8.25907e-05,8.24844e-05,8.23797e-05
0.000179157,0.000178048,0.000176919,0.000175767,0.000174592,0.000173392,0.000172165,0.00017091,0.000169623,0.000168303,0.000166946,0.00016555,0.000164111,0.000162624,0.000161086,0.000159489,0.000157828,0.000156095,0.00015428,0.000152372,0.000150358,0.00014822,0.000145936,0.000143479,0.000140809,0.000137875,0.000134602,0.000130902,0.000126741,0.000122292,0.000117945,0.000113953,0.000110419,0.000107503,0.000105167,0.000103283,0.000101729,0.000100416,9.92864e-05,9.82973e-05,9.74198e-05,9.66325e-05,9.59194e-05,9.52683e-05,9.46697e-05,9.41161e-05,9.36014e-05,9.31206e-05,9.26697e-05,9.22453e-05,9.18445e-05,9.14648e-05,9.11042e-05,9.07609e-05,9.04333e-05,9.01201e-05,8.982e-05,8.95321e-05,8.92553e-05,8.89888e-05,8.8732e-05,8.84841e-05,8.82446e-05,8.80128e-05,8.77883e-05,8.75707e-05,8.73596e-05,8.71545e-05,8.69552e-05,8.67613e-05,8.65725e-05,8.63886e-05,8.62094e-05,8.60345e-05,8.58638e-05,8.56971e-05,8.55342e-05,8.53749e-05,8.52191e-05,8.50667e-05,8.49174e-05,8.47712e-05,8.46279e-05,8.44874e-05,8.43496e-05,8.42145e-05,8.40818e-05,8.39516e-05,8.38236e-05,8.3698e-05,8.35745e-05,8.34531e-05,8.33337e-05,8.32163e-05,8.31007e-05,8.2987e-05,8.28751e-05,8.27649e-05,8.26564e-05,8.25495e-05,8.24441e-05
0.000179344,0.000178241,0.000177116,0.00017597,0.000174801,0.000173608,0.000172388,0.00017114,0.000169861,0.00016855,0.000167203,0.000165817,0.000164389,0.000162915,0.000161391,0.00015981,0.000158167,0.000156453,0.000154662,0.00015278,0.000150797,0.000148695,0.000146455,0.000144051,0.000141447,0.000138597,0.000135434,0.000131875,0.000127863,0.000123502,0.000119137,0.000115084,0.000111432,0.000108353,0.00010587,0.000103871,0.000102231,0.000100853,9.96734e-05,9.86446e-05,9.77351e-05,9.69213e-05,9.61861e-05,9.55163e-05,9.49016e-05,9.4334e-05,9.38071e-05,9.33156e-05,9.28551e-05,9.24221e-05,9.20136e-05,9.1627e-05,9.12601e-05,9.0911e-05,9.05781e-05,9.026e-05,8.99554e-05,8.96633e-05,8.93827e-05,8.91126e-05,8.88525e-05,8.86014e-05,8.83589e-05,8.81244e-05,8.78974e-05,8.76773e-05,8.74639e-05,8.72566e-05,8.70552e-05,8.68594e-05,8.66687e-05,8.6483e-05,8.63021e-05,8.61256e-05,8.59533e-05,8.57852e-05,8.56208e-05,8.54602e-05,8.53031e-05,8.51494e-05,8.49989e-05,8.48516e-05,8.47072e-05,8.45656e-05,8.44268e-05,8.42907e-05,8.41571e-05,8.40259e-05,8.38971e-05,8.37705e-05,8.36462e-05,8.3524e-05,8.34038e-05,8.32856e-05,8.31694e-05,8.3055e-05,8.29423e-05,8.28315e-05,8.27223e-05,8.26147e-05,8.25088e-05
0.000179531,0.000178432,0.000177313,0.000176172,0.000175009,0.000173822,0.000172609,0.000171368,0.000170097,0.000168794,0.000167457,0.000166081,0.000164665,0.000163203,0.000161692,0.000160127,0.000158501,0.000156807,0.000155037,0.000153182,0.000151228,0.000149161,0.000146962,0.000144607,0.000142065,0.000139293,0.000136232,0.000132803,0.000128938,0.000124686,0.000120329,0.000116221,0.000112476,0.000109246,0.00010661,0.000104488,0.000102755,0.000101308,0.000100074,9.9003e-05,9.80594e-05,9.72178e-05,9.64593e-05,9.57698e-05,9.51383e-05,9.45562e-05,9.40165e-05,9.35138e-05,9.30434e-05,9.26016e-05,9.21851e-05,9.17913e-05,9.14179e-05,9.10629e-05,9.07245e-05,9.04014e-05,9.00923e-05,8.97959e-05,8.95113e-05,8.92376e-05,8.8974e-05,8.87198e-05,8.84743e-05,8.8237e-05,8.80073e-05,8.77848e-05,8.75689e-05,8.73595e-05,8.71559e-05,8.69581e-05,8.67655e-05,8.6578e-05,8.63954e-05,8.62172e-05,8.60434e-05,8.58737e-05,8.5708e-05,8.5546e-05,8.53876e-05,8.52326e-05,8.50809e-05,8.49324e-05,8.47869e-05,8.46442e-05,8.45044e-05,8.43672e-05,8.42326e-05,8.41005e-05,8.39708e-05,8.38434e-05,8.37182e-05,8.35952e-05,8.34742e-05,8.33553e-05,8.32383e-05,8.31231e-05,8.30098e-05,8.28983e-05,8.27884e-05,8.26802e-05,8.25736e-05
0.000179716,0.000178622,0.000177508,0.000176373,0.000175215,0.000174034,0.000172828,0.000171594,0.000170331,0.000169037,0.000167708,0.000166343,0.000164937,0.000163488,0.00016199,0.00016044,0.00015883,0.000157155,0.000155407,0.000153576,0.00015165,0.000149616,0.000147456,0.000145149,0.000142665,0.000139965,0.000136997,0.000133689,0.000129967,0.000125837,0.000121516,0.000117359,0.000113545,0.000110178,0.000107388,0.000105136,0.000103303,0.00010178,0.000100489,9.9373e-05,9.83933e-05,9.75222e-05,9.67392e-05,9.60291e-05,9.538e-05,9.47827e-05,9.42299e-05,9.37155e-05,9.32349e-05,9.27839e-05,9.23592e-05,9.19579e-05,9.15778e-05,9.12166e-05,9.08727e-05,9.05445e-05,9.02306e-05,8.99299e-05,8.96413e-05,8.93638e-05,8.90967e-05,8.88392e-05,8.85907e-05,8.83505e-05,8.81181e-05,8.7893e-05,8.76748e-05,8.7463e-05,8.72574e-05,8.70575e-05,8.6863e-05,8.66737e-05,8.64892e-05,8.63094e-05,8.6134e-05,8.59628e-05,8.57956e-05,8.56322e-05,8.54725e-05,8.53162e-05,8.51633e-05,8.50136e-05,8.48669e-05,8.47232e-05,8.45823e-05,8.44441e-05,8.43086e-05,8.41755e-05,8.40449e-05,8.39166e-05,8.37905e-05,8.36667e-05,8.35449e-05,8.34252e-05,8.33074e-05,8.31916e-05,8.30775e-05,8.29653e-05,8.28548e-05,8.27459e-05,8.26387e-05
0.0001799,0.000178811,0.000177702,0.000176572,0.00017542,0.000174245,0.000173045,0.000171819,0.000170563,0.000169277,0.000167958,0.000166602,0.000165207,0.00016377,0.000162285,0.000160749,0.000159156,0.000157499,0.000155771,0.000153963,0.000152065,0.000150062,0.00014794,0.000145677,0.000143247,0.000140615,0.000137733,0.000134536,0.00013095,0.000126951,0.000122691,0.000118502,0.00011463,0.000111146,0.000108206,0.000105817,0.000103876,0.000102273,0.00010092,9.97553e-05,9.87373e-05,9.7835e-05,9.70262e-05,9.62945e-05,9.56269e-05,9.50138e-05,9.44472e-05,9.39208e-05,9.34294e-05,9.29689e-05,9.25358e-05,9.21269e-05,9.17398e-05,9.13724e-05,9.10227e-05,9.06893e-05,9.03705e-05,9.00653e-05,8.97726e-05,8.94913e-05,8.92206e-05,8.89597e-05,8.87081e-05,8.84649e-05,8.82298e-05,8.80021e-05,8.77815e-05,8.75674e-05,8.73595e-05,8.71576e-05,8.69611e-05,8.67699e-05,8.65837e-05,8.64022e-05,8.62252e-05,8.60524e-05,8.58837e-05,8.57189e-05,8.55578e-05,8.54003e-05,8.52461e-05,8.50952e-05,8.49474e-05,8.48025e-05,8.46606e-05,8.45214e-05,8.43848e-05,8.42508e-05,8.41192e-05,8.39901e-05,8.38632e-05,8.37385e-05,8.36159e-05,8.34954e-05,8.33768e-05,8.32602e-05,8.31455e-05,8.30325e-05,8.29214e-05,8.28119e-05,8.2704e-05
0.000180083,0.000178998,0.000177894,0.00017677,0.000175624,0.000174455,0.000173261,0.000172042,0.000170794,0.000169516,0.000168205,0.000166859,0.000165474,0.000164048,0.000162576,0.000161054,0.000159477,0.000157837,0.000156129,0.000154344,0.000152472,0.0001505,0.000148413,0.000146192,0.000143813,0.000141244,0.000138442,0.000135347,0.000131889,0.000128024,0.000123847,0.000119649,0.000115723,0.000112145,0.000109062,0.000106532,0.000104477,0.000102787,0.000101367,0.000100151,9.90919e-05,9.81566e-05,9.73206e-05,9.65661e-05,9.58793e-05,9.52496e-05,9.46686e-05,9.41297e-05,9.36273e-05,9.3157e-05,9.2715e-05,9.22982e-05,9.1904e-05,9.15301e-05,9.11746e-05,9.08357e-05,9.0512e-05,9.02022e-05,8.99052e-05,8.962e-05,8.93456e-05,8.90814e-05,8.88265e-05,8.85804e-05,8.83424e-05,8.81121e-05,8.78889e-05,8.76725e-05,8.74624e-05,8.72583e-05,8.70599e-05,8.68668e-05,8.66788e-05,8.64955e-05,8.63169e-05,8.61426e-05,8.59724e-05,8.58061e-05,8.56437e-05,8.54848e-05,8.53294e-05,8.51772e-05,8.50282e-05,8.48823e-05,8.47392e-05,8.4599e-05,8.44614e-05,8.43264e-05,8.41939e-05,8.40638e-05,8.39361e-05,8.38105e-05,8.36871e-05,8.35658e-05,8.34465e-05,8.33292e-05,8.32137e-05,8.31001e-05,8.29882e-05,8.2878e-05,8.27695e-05
0.000180265,0.000179185,0.000178086,0.000176967,0.000175826,0.000174663,0.000173476,0.000172263,0.000171022,0.000169752,0.00016845,0.000167113,0.000165739,0.000164324,0.000162864,0.000161356,0.000159794,0.000158171,0.000156483,0.000154719,0.000152872,0.000150928,0.000148875,0.000146694,0.000144364,0.000141854,0.000139126,0.000136126,0.000132787,0.000129055,0.000124977,0.000120794,0.000116818,0.000113169,0.000109956,0.000107283,0.000105107,0.000103323,0.000101831,0.00010056,9.94578e-05,9.84875e-05,9.76228e-05,9.68444e-05,9.61373e-05,9.54903e-05,9.48944e-05,9.43424e-05,9.38285e-05,9.3348e-05,9.2897e-05,9.24721e-05,9.20705e-05,9.16899e-05,9.13283e-05,9.09838e-05,9.0655e-05,9.03406e-05,9.00392e-05,8.97499e-05,8.94718e-05,8.92041e-05,8.8946e-05,8.86968e-05,8.84559e-05,8.82229e-05,8.79972e-05,8.77784e-05,8.75661e-05,8.73598e-05,8.71594e-05,8.69643e-05,8.67745e-05,8.65895e-05,8.64092e-05,8.62332e-05,8.60615e-05,8.58938e-05,8.573e-05,8.55698e-05,8.5413e-05,8.52597e-05,8.51095e-05,8.49624e-05,8.48183e-05,8.46769e-05,8.45384e-05,8.44024e-05,8.4269e-05,8.41379e-05,8.40093e-05,8.38829e-05,8.37586e-05,8.36365e-05,8.35165e-05,8.33983e-05,8.32822e-05,8.31678e-05,8.30552e-05,8.29444e-05,8.28353e-05
0.000180447,0.000179371,0.000178276,0.000177162,0.000176027,0.00017487,0.000173689,0.000172483,0.000171249,0.000169987,0.000168693,0.000167365,0.000166001,0.000164597,0.000163149,0.000161654,0.000160107,0.000158501,0.000156831,0.000155088,0.000153265,0.000151349,0.000149328,0.000147185,0.0001449,0.000142446,0.000139787,0.000136875,0.000133647,0.000130044,0.000126076,0.000121931,0.000117915,0.00011421,0.000110883,0.00010807,0.000105768,0.000103883,0.000102315,0.000100985,9.98357e-05,9.88281e-05,9.79332e-05,9.71295e-05,9.64013e-05,9.57362e-05,9.51247e-05,9.45591e-05,9.40333e-05,9.35422e-05,9.30818e-05,9.26484e-05,9.22393e-05,9.18518e-05,9.1484e-05,9.11338e-05,9.07997e-05,9.04804e-05,9.01746e-05,8.98812e-05,8.95993e-05,8.9328e-05,8.90665e-05,8.88142e-05,8.85704e-05,8.83347e-05,8.81064e-05,8.78851e-05,8.76705e-05,8.74621e-05,8.72595e-05,8.70625e-05,8.68708e-05,8.6684e-05,8.6502e-05,8.63245e-05,8.61512e-05,8.5982e-05,8.58167e-05,8.56552e-05,8.54971e-05,8.53425e-05,8.51912e-05,8.50429e-05,8.48977e-05,8.47553e-05,8.46157e-05,8.44787e-05,8.43443e-05,8.42124e-05,8.40828e-05,8.39555e-05,8.38305e-05,8.37075e-05,8.35867e-05,8.34678e-05,8.33509e-05,8.32358e-05,8.31225e-05,8.3011e-05,8.29012e-05
0.000180627,0.000179555,0.000178466,0.000177356,0.000176227,0.000175075,0.0001739,0.000172701,0.000171474,0.000170219,0.000168934,0.000167615,0.000166261,0.000164867,0.000163431,0.000161949,0.000160416,0.000158826,0.000157174,0.000155452,0.000153651,0.000151762,0.000149772,0.000147666,0.000145424,0.000143021,0.000140427,0.000137596,0.000134471,0.000130992,0.000127142,0.000123056,0.000119018,0.000115261,0.00011184,0.000108893,0.00010646,0.000104469,0.000102818,0.000101425,0.000100226,9.91791e-05,9.82521e-05,9.74219e-05,9.66714e-05,9.59874e-05,9.53596e-05,9.47798e-05,9.42416e-05,9.37397e-05,9.32695e-05,9.28274e-05,9.24105e-05,9.20159e-05,9.16416e-05,9.12855e-05,9.09461e-05,9.06219e-05,9.03115e-05,9.00139e-05,8.9728e-05,8.9453e-05,8.91882e-05,8.89327e-05,8.86859e-05,8.84473e-05,8.82164e-05,8.79927e-05,8.77757e-05,8.7565e-05,8.73604e-05,8.71614e-05,8.69677e-05,8.67791e-05,8.65954e-05,8.64162e-05,8.62414e-05,8.60707e-05,8.5904e-05,8.5741e-05,8.55817e-05,8.54258e-05,8.52732e-05,8.51238e-05,8.49774e-05,8.4834e-05,8.46933e-05,8.45553e-05,8.442e-05,8.42871e-05,8.41566e-05,8.40285e-05,8.39026e-05,8.37788e-05,8.36572e-05,8.35375e-05,8.34198e-05,8.3304e-05,8.31901e-05,8.30779e-05,8.29674e-05
0.000180806,0.000179739,0.000178654,0.00017755,0.000176425,0.000175279,0.00017411,0.000172917,0.000171698,0.00017045,0.000169173,0.000167863,0.000166518,0.000165135,0.00016371,0.00016224,0.000160721,0.000159147,0.000157512,0.00015581,0.000154032,0.000152168,0.000150207,0.000148135,0.000145934,0.000143581,0.000141047,0.000138291,0.000135263,0.0001319,0.00012817,0.000124161,0.000120121,0.000116316,0.000112821,0.000109751,0.000107186,0.000105082,0.000103343,0.000101881,0.00010063,9.9541e-05,9.858e-05,9.77218e-05,9.69479e-05,9.62441e-05,9.55993e-05,9.50048e-05,9.44538e-05,9.39404e-05,9.34602e-05,9.30091e-05,9.25841e-05,9.21822e-05,9.18013e-05,9.14392e-05,9.10942e-05,9.07649e-05,9.04498e-05,9.01479e-05,8.9858e-05,8.95793e-05,8.93109e-05,8.90522e-05,8.88024e-05,8.85609e-05,8.83273e-05,8.8101e-05,8.78816e-05,8.76687e-05,8.74619e-05,8.72609e-05,8.70653e-05,8.68749e-05,8.66894e-05,8.65085e-05,8.63321e-05,8.61599e-05,8.59917e-05,8.58274e-05,8.56667e-05,8.55095e-05,8.53557e-05,8.52051e-05,8.50576e-05,8.4913e-05,8.47713e-05,8.46323e-05,8.4496e-05,8.43622e-05,8.42308e-05,8.41017e-05,8.3975e-05,8.38504e-05,8.37279e-05,8.36075e-05,8.34891e-05,8.33725e-05,8.32579e-05,8.3145e-05,8.30338e-05
0.000180984,0.000179921,0.000178841,0.000177742,0.000176622,0.000175482,0.000174319,0.000173132,0.000171919,0.000170679,0.00016941,0.000168108,0.000166772,0.0001654,0.000163986,0.000162529,0.000161023,0.000159464,0.000157846,0.000156162,0.000154406,0.000152567,0.000150634,0.000148595,0.000146433,0.000144126,0.000141648,0.000138963,0.000136023,0.00013277,0.000129161,0.000125242,0.000121221,0.000117372,0.000113821,0.00011064,0.000107944,0.000105723,0.00010389,0.000102356,0.000101048,9.99144e-05,9.89174e-05,9.80297e-05,9.72312e-05,9.65066e-05,9.5844e-05,9.52342e-05,9.46698e-05,9.41446e-05,9.36539e-05,9.31936e-05,9.27602e-05,9.23508e-05,9.1963e-05,9.15947e-05,9.12441e-05,9.09095e-05,9.05897e-05,9.02833e-05,8.99893e-05,8.97068e-05,8.94348e-05,8.91728e-05,8.89198e-05,8.86755e-05,8.84391e-05,8.82102e-05,8.79884e-05,8.77732e-05,8.75642e-05,8.73611e-05,8.71635e-05,8.69712e-05,8.6784e-05,8.66014e-05,8.64234e-05,8.62496e-05,8.608e-05,8.59142e-05,8.57522e-05,8.55937e-05,8.54386e-05,8.52868e-05,8.51382e-05,8.49925e-05,8.48497e-05,8.47097e-05,8.45723e-05,8.44375e-05,8.43052e-05,8.41753e-05,8.40476e-05,8.39222e-05,8.3799e-05,8.36777e-05,8.35585e-05,8.34413e-05,8.33259e-05,8.32123e-05,8.31005e-05
0.000181161,0.000180103,0.000179027,0.000177933,0.000176818,0.000175683,0.000174526,0.000173345,0.000172139,0.000170906,0.000169645,0.000168351,0.000167025,0.000165662,0.000164259,0.000162814,0.000161321,0.000159777,0.000158175,0.00015651,0.000154774,0.000152959,0.000151053,0.000149046,0.00014692,0.000144658,0.000142233,0.000139613,0.000136756,0.000133605,0.000130113,0.000126295,0.000122313,0.000118432,0.000114832,0.000111558,0.000108737,0.000106394,0.000104462,0.000102849,0.000101481,0.0001003,9.92647e-05,9.83459e-05,9.75215e-05,9.67751e-05,9.6094e-05,9.54682e-05,9.48898e-05,9.43524e-05,9.38509e-05,9.33809e-05,9.29389e-05,9.25218e-05,9.21269e-05,9.17522e-05,9.13958e-05,9.10558e-05,9.0731e-05,9.04201e-05,9.01219e-05,8.98355e-05,8.95599e-05,8.92944e-05,8.90383e-05,8.8791e-05,8.85518e-05,8.83203e-05,8.8096e-05,8.78784e-05,8.76672e-05,8.7462e-05,8.72624e-05,8.70682e-05,8.68792e-05,8.66949e-05,8.65152e-05,8.63399e-05,8.61687e-05,8.60015e-05,8.58381e-05,8.56783e-05,8.5522e-05,8.5369e-05,8.52191e-05,8.50723e-05,8.49284e-05,8.47874e-05,8.4649e-05,8.45133e-05,8.438e-05,8.42492e-05,8.41206e-05,8.39944e-05,8.38703e-05,8.37483e-05,8.36283e-05,8.35103e-05,8.33942e-05,8.32799e-05,8.31674e-05
0.000181338,0.000180284,0.000179212,0.000178122,0.000177013,0.000175883,0.000174732,0.000173557,0.000172358,0.000171132,0.000169878,0.000168593,0.000167275,0.000165922,0.00016453,0.000163096,0.000161616,0.000160086,0.0001585,0.000156853,0.000155137,0.000153344,0.000151465,0.000149487,0.000147397,0.000145176,0.000142801,0.000140243,0.000137462,0.000134408,0.000131028,0.000127316,0.00012339,0.000119496,0.000115849,0.0001125,0.000109561,0.000107095,0.000105058,0.000103363,0.00010193,0.000100698,9.96226e-05,9.86708e-05,9.78192e-05,9.70499e-05,9.63494e-05,9.57068e-05,9.51139e-05,9.45639e-05,9.40512e-05,9.35712e-05,9.31203e-05,9.26951e-05,9.22931e-05,9.19118e-05,9.15493e-05,9.12039e-05,9.0874e-05,9.05584e-05,9.02559e-05,8.99655e-05,8.96862e-05,8.94172e-05,8.91579e-05,8.89075e-05,8.86654e-05,8.84312e-05,8.82044e-05,8.79844e-05,8.77709e-05,8.75636e-05,8.7362e-05,8.71659e-05,8.69749e-05,8.67889e-05,8.66076e-05,8.64307e-05,8.6258e-05,8.60893e-05,8.59245e-05,8.57634e-05,8.56058e-05,8.54515e-05,8.53005e-05,8.51525e-05,8.50076e-05,8.48654e-05,8.47261e-05,8.45893e-05,8.44551e-05,8.43233e-05,8.41939e-05,8.40668e-05,8.39419e-05,8.38191e-05,8.36983e-05,8.35795e-05,8.34627e-05,8.33477e-05,8.32345e-05
0.000181513,0.000180463,0.000179396,0.000178311,0.000177207,0.000176082,0.000174936,0.000173768,0.000172575,0.000171356,0.000170109,0.000168832,0.000167523,0.000166179,0.000164798,0.000163375,0.000161908,0.000160391,0.000158821,0.000157191,0.000155494,0.000153723,0.000151869,0.00014992,0.000147864,0.000145682,0.000143355,0.000140855,0.000138145,0.00013518,0.000131907,0.000128304,0.000124449,0.000120558,0.000116868,0.00011346,0.000110415,0.000107828,0.000105682,0.000103898,0.000102396,0.00010111,9.99916e-05,9.90049e-05,9.81246e-05,9.73313e-05,9.66104e-05,9.59504e-05,9.53424e-05,9.47792e-05,9.42548e-05,9.37646e-05,9.33044e-05,9.2871e-05,9.24614e-05,9.20734e-05,9.17047e-05,9.13536e-05,9.10186e-05,9.06982e-05,9.03913e-05,9.00967e-05,8.98136e-05,8.95411e-05,8.92785e-05,8.9025e-05,8.878e-05,8.85431e-05,8.83136e-05,8.80912e-05,8.78754e-05,8.76659e-05,8.74622e-05,8.72642e-05,8.70714e-05,8.68836e-05,8.67005e-05,8.6522e-05,8.63477e-05,8.61776e-05,8.60114e-05,8.58489e-05,8.569e-05,8.55345e-05,8.53822e-05,8.52331e-05,8.5087e-05,8.49439e-05,8.48034e-05,8.46657e-05,8.45305e-05,8.43978e-05,8.42675e-05,8.41395e-05,8.40138e-05,8.38901e-05,8.37686e-05,8.36491e-05,8.35315e-05,8.34157e-05,8.33019e-05
0.000181688,0.000180642,0.000179579,0.000178499,0.000177399,0.00017628,0.00017514,0.000173977,0.00017279,0.000171578,0.000170338,0.000169069,0.000167769,0.000166434,0.000165063,0.000163651,0.000162196,0.000160693,0.000159138,0.000157524,0.000155846,0.000154097,0.000152267,0.000150345,0.000148321,0.000146177,0.000143894,0.000141448,0.000138805,0.000135923,0.000132751,0.000129257,0.000125485,0.000121616,0.000117888,0.000114433,0.000111297,0.000108592,0.000106332,0.000104456,0.000102881,0.000101537,0.000100372,9.93487e-05,9.84381e-05,9.76196e-05,9.68773e-05,9.61992e-05,9.55754e-05,9.49984e-05,9.4462e-05,9.39611e-05,9.34914e-05,9.30494e-05,9.26322e-05,9.22371e-05,9.18621e-05,9.15052e-05,9.11648e-05,9.08396e-05,9.05281e-05,9.02293e-05,8.99423e-05,8.96662e-05,8.94002e-05,8.91435e-05,8.88956e-05,8.86558e-05,8.84237e-05,8.81988e-05,8.79807e-05,8.77689e-05,8.75632e-05,8.73631e-05,8.71684e-05,8.69788e-05,8.6794e-05,8.66138e-05,8.6438e-05,8.62664e-05,8.60987e-05,8.59349e-05,8.57746e-05,8.56179e-05,8.54644e-05,8.53141e-05,8.51669e-05,8.50226e-05,8.48812e-05,8.47424e-05,8.46063e-05,8.44726e-05,8.43414e-05,8.42126e-05,8.40859e-05,8.39615e-05,8.38391e-05,8.37188e-05,8.36005e-05,8.34841e-05,8.33695e-05
0.000181862,0.00018082,0.000179761,0.000178685,0.000177591,0.000176476,0.000175341,0.000174184,0.000173004,0.000171798,0.000170566,0.000169305,0.000168012,0.000166687,0.000165325,0.000163925,0.000162481,0.000160991,0.00015945,0.000157853,0.000156193,0.000154464,0.000152657,0.000150763,0.000148769,0.000146661,0.00014442,0.000142025,0.000139445,0.00013664,0.000133563,0.000130175,0.000126495,0.000122664,0.000118913,0.000115414,0.000112202,0.000109385,0.000107012,0.000105037,0.000103384,0.000101979,0.000100765,9.97027e-05,9.87601e-05,9.7915e-05,9.71504e-05,9.64532e-05,9.5813e-05,9.52218e-05,9.46728e-05,9.41608e-05,9.36813e-05,9.32305e-05,9.28053e-05,9.2403e-05,9.20215e-05,9.16586e-05,9.13128e-05,9.09825e-05,9.06664e-05,9.03633e-05,9.00723e-05,8.97925e-05,8.95229e-05,8.9263e-05,8.90121e-05,8.87695e-05,8.85347e-05,8.83073e-05,8.80868e-05,8.78727e-05,8.76648e-05,8.74627e-05,8.72661e-05,8.70746e-05,8.68881e-05,8.67063e-05,8.65289e-05,8.63557e-05,8.61866e-05,8.60213e-05,8.58597e-05,8.57017e-05,8.5547e-05,8.53955e-05,8.52472e-05,8.51018e-05,8.49593e-05,8.48195e-05,8.46824e-05,8.45478e-05,8.44157e-05,8.42859e-05,8.41584e-05,8.40331e-05,8.391e-05,8.37889e-05,8.36698e-05,8.35526e-05,8.34373e-05
0.000182034,0.000180996,0.000179942,0.000178871,0.000177781,0.000176672,0.000175542,0.000174391,0.000173216,0.000172017,0.000170792,0.000169538,0.000168254,0.000166937,0.000165586,0.000164195,0.000162764,0.000161286,0.000159759,0.000158178,0.000156536,0.000154826,0.000153042,0.000151172,0.000149208,0.000147134,0.000144934,0.000142587,0.000140065,0.000137333,0.000134345,0.00013106,0.000127476,0.000123698,0.000119939,0.000116398,0.000113125,0.000110207,0.00010772,0.000105644,0.000103907,0.000102436,0.000101171,0.000100067,9.90909e-05,9.82179e-05,9.74299e-05,9.67128e-05,9.60555e-05,9.54494e-05,9.48874e-05,9.43639e-05,9.38742e-05,9.34142e-05,9.29808e-05,9.25712e-05,9.21829e-05,9.18139e-05,9.14625e-05,9.1127e-05,9.08061e-05,9.04987e-05,9.02036e-05,8.99199e-05,8.96469e-05,8.93836e-05,8.91296e-05,8.88841e-05,8.86466e-05,8.84166e-05,8.81936e-05,8.79773e-05,8.77672e-05,8.7563e-05,8.73644e-05,8.71711e-05,8.69828e-05,8.67993e-05,8.66202e-05,8.64455e-05,8.62749e-05,8.61082e-05,8.59453e-05,8.57859e-05,8.563e-05,8.54773e-05,8.53278e-05,8.51813e-05,8.50377e-05,8.48969e-05,8.47588e-05,8.46233e-05,8.44902e-05,8.43595e-05,8.42312e-05,8.41051e-05,8.39811e-05,8.38592e-05,8.37393e-05,8.36214e-05,8.35054e-05
0.000182206,0.000181172,0.000180122,0.000179055,0.00017797,0.000176866,0.000175741,0.000174596,0.000173427,0.000172234,0.000171016,0.00016977,0.000168494,0.000167186,0.000165843,0.000164463,0.000163043,0.000161578,0.000160065,0.000158498,0.000156873,0.000155183,0.00015342,0.000151575,0.000149639,0.000147597,0.000145436,0.000143134,0.000140668,0.000138003,0.000135099,0.000131911,0.000128426,0.000124714,0.000120962,0.000117382,0.000114062,0.000111055,0.000108457,0.000106276,0.000104452,0.000102911,0.000101591,0.000100443,9.94312e-05,9.85287e-05,9.77161e-05,9.69781e-05,9.63029e-05,9.56814e-05,9.51059e-05,9.45705e-05,9.40702e-05,9.36008e-05,9.3159e-05,9.27417e-05,9.23464e-05,9.19711e-05,9.16139e-05,9.12731e-05,9.09474e-05,9.06354e-05,9.03362e-05,9.00486e-05,8.97719e-05,8.95053e-05,8.92481e-05,8.89996e-05,8.87593e-05,8.85267e-05,8.83013e-05,8.80826e-05,8.78703e-05,8.7664e-05,8.74634e-05,8.72682e-05,8.70781e-05,8.68928e-05,8.67121e-05,8.65359e-05,8.63638e-05,8.61956e-05,8.60313e-05,8.58706e-05,8.57134e-05,8.55595e-05,8.54089e-05,8.52612e-05,8.51166e-05,8.49747e-05,8.48356e-05,8.4699e-05,8.4565e-05,8.44335e-05,8.43042e-05,8.41773e-05,8.40525e-05,8.39298e-05,8.38092e-05,8.36905e-05,8.35737e-05
0.000182378,0.000181347,0.000180301,0.000179238,0.000178158,0.000177058,0.000175939,0.000174799,0.000173637,0.00017245,0.000171238,0.000169999,0.000168731,0.000167432,0.000166099,0.000164729,0.000163319,0.000161867,0.000160367,0.000158815,0.000157206,0.000155534,0.000153792,0.000151971,0.000150062,0.000148051,0.000145926,0.000143668,0.000141253,0.000138652,0.000135825,0.000132731,0.000129344,0.000125708,0.00012198,0.00011837,0.000115008,0.000111925,0.000109222,0.000106934,0.000105019,0.000103404,0.000102026,0.000100831,9.97812e-05,9.88478e-05,9.80093e-05,9.72494e-05,9.65556e-05,9.59179e-05,9.53284e-05,9.47806e-05,9.42694e-05,9.37903e-05,9.33397e-05,9.29145e-05,9.25121e-05,9.21304e-05,9.17672e-05,9.1421e-05,9.10902e-05,9.07736e-05,9.04701e-05,9.01786e-05,8.98982e-05,8.96281e-05,8.93677e-05,8.91162e-05,8.8873e-05,8.86377e-05,8.84097e-05,8.81887e-05,8.79741e-05,8.77657e-05,8.75631e-05,8.73659e-05,8.7174e-05,8.69869e-05,8.68046e-05,8.66267e-05,8.64531e-05,8.62835e-05,8.61178e-05,8.59558e-05,8.57973e-05,8.56422e-05,8.54903e-05,8.53415e-05,8.51958e-05,8.50528e-05,8.49127e-05,8.47752e-05,8.46402e-05,8.45077e-05,8.43776e-05,8.42498e-05,8.41241e-05,8.40007e-05,8.38792e-05,8.37598e-05,8.36423e-05
0.000182548,0.000181521,0.000180479,0.000179421,0.000178345,0.00017725,0.000176136,0.000175001,0.000173845,0.000172664,0.000171459,0.000170227,0.000168967,0.000167676,0.000166352,0.000164992,0.000163593,0.000162152,0.000160665,0.000159128,0.000157535,0.000155881,0.000154159,0.00015236,0.000150477,0.000148497,0.000146406,0.000144189,0.000141823,0.000139281,0.000136528,0.000133522,0.000130231,0.000126679,0.000122988,0.00011936,0.000115959,0.000112814,0.000110014,0.00010762,0.000105609,0.000103916,0.000102476,0.000101231,0.000100142,9.91754e-05,9.83097e-05,9.7527e-05,9.68137e-05,9.61592e-05,9.5555e-05,9.49944e-05,9.44719e-05,9.39827e-05,9.35231e-05,9.30898e-05,9.26801e-05,9.22916e-05,9.19223e-05,9.15705e-05,9.12346e-05,9.09133e-05,9.06054e-05,9.03098e-05,9.00257e-05,8.97521e-05,8.94883e-05,8.92337e-05,8.89876e-05,8.87496e-05,8.8519e-05,8.82955e-05,8.80787e-05,8.78681e-05,8.76634e-05,8.74643e-05,8.72705e-05,8.70817e-05,8.68976e-05,8.67181e-05,8.6543e-05,8.63719e-05,8.62048e-05,8.60414e-05,8.58816e-05,8.57252e-05,8.55721e-05,8.54222e-05,8.52753e-05,8.51313e-05,8.49901e-05,8.48516e-05,8.47157e-05,8.45823e-05,8.44513e-05,8.43226e-05,8.41961e-05,8.40718e-05,8.39496e-05,8.38294e-05,8.37111e-05
0.000182717,0.000181695,0.000180657,0.000179602,0.000178531,0.000177441,0.000176332,0.000175202,0.000174051,0.000172877,0.000171679,0.000170454,0.000169201,0.000167918,0.000166602,0.000165252,0.000163864,0.000162434,0.00016096,0.000159437,0.000157859,0.000156222,0.00015452,0.000152743,0.000150885,0.000148933,0.000146876,0.000144698,0.000142378,0.000139892,0.000137207,0.000134284,0.000131088,0.000127622,0.000123981,0.000120351,0.00011691,0.000113717,0.00011083,0.000108332,0.000106223,0.000104449,0.000102942,0.000101645,0.000100513,9.95121e-05,9.86178e-05,9.78111e-05,9.70774e-05,9.64053e-05,9.5786e-05,9.52121e-05,9.46778e-05,9.41781e-05,9.37092e-05,9.32675e-05,9.28503e-05,9.24549e-05,9.20794e-05,9.17219e-05,9.13807e-05,9.10545e-05,9.07421e-05,9.04424e-05,9.01543e-05,8.98771e-05,8.961e-05,8.93522e-05,8.91032e-05,8.88624e-05,8.86292e-05,8.84032e-05,8.8184e-05,8.79712e-05,8.77644e-05,8.75633e-05,8.73676e-05,8.7177e-05,8.69912e-05,8.68101e-05,8.66333e-05,8.64608e-05,8.62922e-05,8.61274e-05,8.59663e-05,8.58087e-05,8.56544e-05,8.55033e-05,8.53553e-05,8.52102e-05,8.5068e-05,8.49284e-05,8.47915e-05,8.46572e-05,8.45252e-05,8.43957e-05,8.42683e-05,8.41432e-05,8.40202e-05,8.38992e-05,8.37802e-05
0.000182886,0.000181867,0.000180833,0.000179783,0.000178715,0.00017763,0.000176526,0.000175402,0.000174257,0.000173088,0.000171896,0.000170678,0.000169433,0.000168158,0.000166851,0.00016551,0.000164132,0.000162714,0.000161252,0.000159742,0.00015818,0.00015656,0.000154876,0.00015312,0.000151286,0.000149362,0.000147336,0.000145195,0.000142919,0.000140486,0.000137865,0.000135019,0.000131913,0.000128537,0.000124958,0.000121338,0.000117863,0.00011463,0.000111668,0.00010907,0.000106862,0.000105002,0.000103425,0.000102072,0.000100895,9.98583e-05,9.89339e-05,9.8102e-05,9.73469e-05,9.66566e-05,9.60214e-05,9.54337e-05,9.48872e-05,9.43768e-05,9.38982e-05,9.34479e-05,9.30228e-05,9.26204e-05,9.22384e-05,9.1875e-05,9.15284e-05,9.11973e-05,9.08803e-05,9.05763e-05,9.02843e-05,9.00034e-05,8.97328e-05,8.94718e-05,8.92198e-05,8.89761e-05,8.87402e-05,8.85117e-05,8.82901e-05,8.80751e-05,8.78661e-05,8.7663e-05,8.74653e-05,8.72729e-05,8.70854e-05,8.69026e-05,8.67243e-05,8.65502e-05,8.63801e-05,8.6214e-05,8.60515e-05,8.58926e-05,8.57371e-05,8.55848e-05,8.54356e-05,8.52894e-05,8.51461e-05,8.50056e-05,8.48677e-05,8.47324e-05,8.45995e-05,8.44691e-05,8.43409e-05,8.42149e-05,8.40911e-05,8.39693e-05,8.38496e-05
0.000183054,0.000182038,0.000181008,0.000179962,0.000178899,0.000177819,0.000176719,0.0001756,0.00017446,0.000173298,0.000172112,0.000170901,0.000169663,0.000168396,0.000167097,0.000165766,0.000164398,0.00016299,0.00016154,0.000160044,0.000158496,0.000156892,0.000155226,0.000153492,0.00015168,0.000149783,0.000147788,0.000145681,0.000143447,0.000141063,0.000138502,0.00013573,0.000132711,0.000129424,0.000125914,0.000122318,0.00011882,0.000115548,0.000112524,0.000109834,0.000107526,0.000105577,0.000103927,0.000102515,0.00010129,0.000100214,9.92583e-05,9.84e-05,9.76226e-05,9.69132e-05,9.62615e-05,9.56594e-05,9.51002e-05,9.45787e-05,9.40901e-05,9.36309e-05,9.31978e-05,9.2788e-05,9.23995e-05,9.203e-05,9.16779e-05,9.13416e-05,9.10199e-05,9.07115e-05,9.04155e-05,9.01308e-05,8.98567e-05,8.95924e-05,8.93373e-05,8.90907e-05,8.88521e-05,8.86211e-05,8.8397e-05,8.81797e-05,8.79686e-05,8.77634e-05,8.75638e-05,8.73694e-05,8.71802e-05,8.69957e-05,8.68157e-05,8.66401e-05,8.64686e-05,8.6301e-05,8.61372e-05,8.59769e-05,8.58202e-05,8.56667e-05,8.55163e-05,8.5369e-05,8.52247e-05,8.50831e-05,8.49442e-05,8.48079e-05,8.46741e-05,8.45428e-05,8.44137e-05,8.42869e-05,8.41623e-05,8.40397e-05,8.39192e-05
0.000183221,0.000182209,0.000181183,0.000180141,0.000179082,0.000178006,0.000176911,0.000175798,0.000174663,0.000173507,0.000172327,0.000171122,0.000169891,0.000168632,0.000167342,0.000166019,0.000164661,0.000163264,0.000161826,0.000160342,0.000158808,0.00015722,0.000155572,0.000153857,0.000152068,0.000150196,0.00014823,0.000146157,0.000143963,0.000141626,0.000139122,0.000136418,0.00013348,0.000130282,0.000126848,0.000123287,0.000119778,0.000116469,0.000113395,0.000110621,0.000108215,0.000106174,0.000104447,0.000102972,0.000101697,0.000100581,9.95915e-05,9.87054e-05,9.79046e-05,9.71752e-05,9.65063e-05,9.58893e-05,9.53171e-05,9.47839e-05,9.42851e-05,9.38166e-05,9.33752e-05,9.2958e-05,9.25626e-05,9.21868e-05,9.1829e-05,9.14875e-05,9.1161e-05,9.08482e-05,9.0548e-05,9.02594e-05,8.99817e-05,8.97141e-05,8.94558e-05,8.92063e-05,8.89649e-05,8.87312e-05,8.85048e-05,8.8285e-05,8.80717e-05,8.78644e-05,8.76628e-05,8.74666e-05,8.72755e-05,8.70893e-05,8.69077e-05,8.67305e-05,8.65575e-05,8.63885e-05,8.62233e-05,8.60617e-05,8.59037e-05,8.5749e-05,8.55975e-05,8.5449e-05,8.53036e-05,8.51609e-05,8.50211e-05,8.48838e-05,8.47491e-05,8.46168e-05,8.44868e-05,8.43592e-05,8.42337e-05,8.41104e-05,8.39891e-05
0.000183387,0.000182379,0.000181356,0.000180318,0.000179264,0.000178192,0.000177102,0.000175994,0.000174864,0.000173714,0.00017254,0.000171342,0.000170118,0.000168866,0.000167584,0.00016627,0.000164921,0.000163535,0.000162108,0.000160637,0.000159117,0.000157545,0.000155913,0.000154218,0.00015245,0.000150602,0.000148664,0.000146624,0.000144467,0.000142174,0.000139723,0.000137084,0.000134223,0.000131112,0.000127757,0.000124244,0.000120734,0.00011739,0.000114276,0.000111428,0.000108929,0.000106795,0.000104987,0.000103446,0.000102118,0.000100959,9.99339e-05,9.90186e-05,9.81932e-05,9.7443e-05,9.67562e-05,9.61236e-05,9.55378e-05,9.49926e-05,9.44831e-05,9.40051e-05,9.35551e-05,9.31302e-05,9.27278e-05,9.23457e-05,9.1982e-05,9.16351e-05,9.13036e-05,9.09862e-05,9.06818e-05,9.03893e-05,9.01079e-05,8.98369e-05,8.95754e-05,8.93228e-05,8.90786e-05,8.88423e-05,8.86133e-05,8.83912e-05,8.81756e-05,8.79662e-05,8.77625e-05,8.75644e-05,8.73715e-05,8.71835e-05,8.70002e-05,8.68214e-05,8.66469e-05,8.64764e-05,8.63098e-05,8.61469e-05,8.59876e-05,8.58317e-05,8.5679e-05,8.55294e-05,8.53828e-05,8.52392e-05,8.50982e-05,8.496e-05,8.48243e-05,8.46911e-05,8.45603e-05,8.44317e-05,8.43054e-05,8.41813e-05,8.40592e-05
0.000183552,0.000182548,0.000181529,0.000180495,0.000179445,0.000178377,0.000177292,0.000176188,0.000175064,0.000173919,0.000172752,0.00017156,0.000170343,0.000169098,0.000167824,0.000166519,0.00016518,0.000163803,0.000162388,0.000160929,0.000159422,0.000157865,0.00015625,0.000154573,0.000152826,0.000151001,0.00014909,0.000147081,0.000144959,0.000142709,0.000140309,0.00013773,0.000134942,0.000131914,0.00012864,0.000125183,0.000121686,0.000118314,0.000115164,0.000112254,0.000109666,0.000107439,0.000105547,0.000103937,0.000102553,0.000101348,0.000100286,9.93398e-05,9.84888e-05,9.77167e-05,9.70112e-05,9.63625e-05,9.57625e-05,9.52049e-05,9.46843e-05,9.41965e-05,9.37377e-05,9.33048e-05,9.28952e-05,9.25065e-05,9.21368e-05,9.17844e-05,9.14478e-05,9.11257e-05,9.0817e-05,9.05205e-05,9.02353e-05,8.99608e-05,8.9696e-05,8.94404e-05,8.91933e-05,8.89542e-05,8.87226e-05,8.84981e-05,8.82802e-05,8.80686e-05,8.78629e-05,8.76628e-05,8.74681e-05,8.72783e-05,8.70933e-05,8.69129e-05,8.67368e-05,8.65649e-05,8.63969e-05,8.62326e-05,8.6072e-05,8.59148e-05,8.57609e-05,8.56102e-05,8.54625e-05,8.53177e-05,8.51758e-05,8.50365e-05,8.48999e-05,8.47657e-05,8.4634e-05,8.45046e-05,8.43775e-05,8.42525e-05,8.41296e-05
0.000183717,0.000182716,0.000181701,0.000180671,0.000179624,0.000178562,0.000177481,0.000176382,0.000175263,0.000174124,0.000172962,0.000171777,0.000170566,0.000169329,0.000168063,0.000166766,0.000165435,0.000164069,0.000162664,0.000161217,0.000159724,0.000158181,0.000156582,0.000154923,0.000153196,0.000151394,0.000149509,0.000147529,0.000145442,0.000143231,0.000140878,0.000138357,0.000135638,0.000132689,0.000129497,0.000126104,0.000122631,0.00011924,0.000116055,0.000113094,0.000110425,0.000108106,0.000106129,0.000104446,0.000103002,0.000101749,0.000100648,9.96696e-05,9.87915e-05,9.79966e-05,9.72716e-05,9.6606e-05,9.59914e-05,9.54208e-05,9.48889e-05,9.43909e-05,9.3923e-05,9.34818e-05,9.30648e-05,9.26693e-05,9.22935e-05,9.19354e-05,9.15937e-05,9.12668e-05,9.09535e-05,9.06529e-05,9.03639e-05,9.00858e-05,8.98177e-05,8.95589e-05,8.93089e-05,8.9067e-05,8.88328e-05,8.86058e-05,8.83856e-05,8.81718e-05,8.7964e-05,8.77619e-05,8.75652e-05,8.73737e-05,8.7187e-05,8.70049e-05,8.68273e-05,8.66538e-05,8.64844e-05,8.63188e-05,8.61568e-05,8.59983e-05,8.58432e-05,8.56913e-05,8.55425e-05,8.53967e-05,8.52537e-05,8.51134e-05,8.49758e-05,8.48407e-05,8.4708e-05,8.45778e-05,8.44498e-05,8.4324e-05,8.42003e-05
0.000183881,0.000182883,0.000181872,0.000180845,0.000179803,0.000178745,0.000177669,0.000176575,0.000175461,0.000174327,0.000173171,0.000171992,0.000170788,0.000169557,0.000168299,0.00016701,0.000165689,0.000164333,0.000162938,0.000161503,0.000160022,0.000158493,0.00015691,0.000155268,0.00015356,0.000151781,0.00014992,0.000147968,0.000145914,0.000143742,0.000141434,0.000138967,0.000136312,0.000133439,0.000130328,0.000127004,0.000123565,0.000120167,0.000116947,0.000113945,0.000111204,0.000108797,0.000106732,0.000104973,0.000103467,0.000102163,0.000101021,0.000100008,9.91018e-05,9.8283e-05,9.75376e-05,9.68545e-05,9.62245e-05,9.56406e-05,9.50968e-05,9.45883e-05,9.4111e-05,9.36614e-05,9.32367e-05,9.28343e-05,9.24521e-05,9.20882e-05,9.17411e-05,9.14093e-05,9.10915e-05,9.07867e-05,9.04938e-05,9.0212e-05,8.99404e-05,8.96784e-05,8.94254e-05,8.91807e-05,8.89439e-05,8.87144e-05,8.84918e-05,8.82757e-05,8.80658e-05,8.78617e-05,8.76631e-05,8.74697e-05,8.72812e-05,8.70975e-05,8.69183e-05,8.67433e-05,8.65724e-05,8.64054e-05,8.62421e-05,8.60823e-05,8.5926e-05,8.57729e-05,8.56229e-05,8.5476e-05,8.53319e-05,8.51906e-05,8.5052e-05,8.4916e-05,8.47824e-05,8.46512e-05,8.45224e-05,8.43957e-05,8.42713e-05
0.000184044,0.00018305,0.000182042,0.000181019,0.000179981,0.000178927,0.000177855,0.000176766,0.000175657,0.000174528,0.000173378,0.000172205,0.000171008,0.000169784,0.000168533,0.000167253,0.00016594,0.000164593,0.000163209,0.000161785,0.000160317,0.000158801,0.000157233,0.000155608,0.00015392,0.000152161,0.000150324,0.0001484,0.000146377,0.000144241,0.000141976,0.000139559,0.000136965,0.000134164,0.000131133,0.000127881,0.000124487,0.000121091,0.00011784,0.000114803,0.000112001,0.000109509,0.000107357,0.00010552,0.000103948,0.00010259,0.000101404,0.000100356,9.94199e-05,9.85761e-05,9.78094e-05,9.71079e-05,9.64621e-05,9.58643e-05,9.53083e-05,9.47889e-05,9.43019e-05,9.38435e-05,9.34109e-05,9.30014e-05,9.26127e-05,9.22429e-05,9.18903e-05,9.15534e-05,9.12309e-05,9.09218e-05,9.06249e-05,9.03393e-05,9.00643e-05,8.9799e-05,8.95429e-05,8.92954e-05,8.90558e-05,8.88237e-05,8.85987e-05,8.83804e-05,8.81683e-05,8.79621e-05,8.77615e-05,8.75663e-05,8.73761e-05,8.71907e-05,8.70098e-05,8.68333e-05,8.66609e-05,8.64924e-05,8.63278e-05,8.61667e-05,8.60091e-05,8.58548e-05,8.57037e-05,8.55556e-05,8.54105e-05,8.52682e-05,8.51286e-05,8.49916e-05,8.48571e-05,8.4725e-05,8.45953e-05,8.44678e-05,8.43425e-05
0.000184206,0.000183216,0.000182211,0.000181192,0.000180158,0.000179108,0.000178041,0.000176956,0.000175852,0.000174729,0.000173584,0.000172417,0.000171226,0.00017001,0.000168766,0.000167493,0.000166189,0.000164852,0.000163478,0.000162065,0.000160609,0.000159106,0.000157553,0.000155944,0.000154274,0.000152536,0.000150722,0.000148823,0.00014683,0.000144729,0.000142504,0.000140136,0.0001376,0.000134867,0.000131912,0.000128735,0.000125392,0.00012201,0.000118736,0.000115666,0.000112812,0.000110243,0.000108004,0.000106087,0.000104446,0.000103032,0.0001018,0.000100714,9.97462e-05,9.88762e-05,9.80872e-05,9.73667e-05,9.67044e-05,9.60921e-05,9.55234e-05,9.49928e-05,9.44957e-05,9.40283e-05,9.35876e-05,9.31707e-05,9.27753e-05,9.23993e-05,9.20411e-05,9.16991e-05,9.13718e-05,9.10583e-05,9.07572e-05,9.04679e-05,9.01892e-05,8.99207e-05,8.96614e-05,8.94109e-05,8.91686e-05,8.89339e-05,8.87065e-05,8.84858e-05,8.82715e-05,8.80632e-05,8.78606e-05,8.76635e-05,8.74715e-05,8.72843e-05,8.71018e-05,8.69237e-05,8.67499e-05,8.658e-05,8.64139e-05,8.62516e-05,8.60927e-05,8.59372e-05,8.57849e-05,8.56357e-05,8.54895e-05,8.53461e-05,8.52055e-05,8.50675e-05,8.4932e-05,8.47991e-05,8.46684e-05,8.45401e-05,8.4414e-05
0.000184368,0.000183381,0.00018238,0.000181365,0.000180334,0.000179288,0.000178226,0.000177145,0.000176046,0.000174928,0.000173789,0.000172628,0.000171443,0.000170233,0.000168997,0.000167732,0.000166436,0.000165108,0.000163744,0.000162341,0.000160897,0.000159408,0.000157869,0.000156276,0.000154623,0.000152904,0.000151113,0.00014924,0.000147275,0.000145207,0.000143021,0.000140698,0.000138216,0.000135548,0.000132667,0.000129564,0.00012628,0.000122922,0.000119634,0.000116531,0.000113635,0.000110995,0.000108673,0.000106673,0.000104961,0.000103488,0.000102207,0.000101081,0.000100081,9.91835e-05,9.83714e-05,9.76309e-05,9.69514e-05,9.63241e-05,9.57423e-05,9.51999e-05,9.46925e-05,9.42158e-05,9.37667e-05,9.33422e-05,9.29399e-05,9.25577e-05,9.21937e-05,9.18464e-05,9.15143e-05,9.11961e-05,9.08909e-05,9.05976e-05,9.03154e-05,9.00434e-05,8.9781e-05,8.95275e-05,8.92823e-05,8.9045e-05,8.8815e-05,8.85919e-05,8.83754e-05,8.8165e-05,8.79604e-05,8.77613e-05,8.75675e-05,8.73786e-05,8.71944e-05,8.70148e-05,8.68393e-05,8.6668e-05,8.65006e-05,8.63368e-05,8.61767e-05,8.60199e-05,8.58665e-05,8.57161e-05,8.55688e-05,8.54244e-05,8.52827e-05,8.51437e-05,8.50073e-05,8.48734e-05,8.47419e-05,8.46127e-05,8.44858e-05
0.000184529,0.000183545,0.000182548,0.000181536,0.00018051,0.000179468,0.000178409,0.000177333,0.000176239,0.000175126,0.000173992,0.000172837,0.000171658,0.000170455,0.000169226,0.000167968,0.000166681,0.000165362,0.000164007,0.000162615,0.000161183,0.000159706,0.000158181,0.000156603,0.000154967,0.000153268,0.000151498,0.000149649,0.000147712,0.000145676,0.000143526,0.000141247,0.000138816,0.000136208,0.000133398,0.00013037,0.000127149,0.000123824,0.000120531,0.000117396,0.000114465,0.000111765,0.000109363,0.000107281,0.000105495,0.00010396,0.000102628,0.00010146,0.000100425,9.94985e-05,9.8662e-05,9.79007e-05,9.72033e-05,9.65605e-05,9.5965e-05,9.54106e-05,9.48924e-05,9.44062e-05,9.39484e-05,9.35161e-05,9.31067e-05,9.2718e-05,9.23481e-05,9.19953e-05,9.16582e-05,9.13355e-05,9.10259e-05,9.07286e-05,9.04427e-05,9.01672e-05,8.99015e-05,8.9645e-05,8.93969e-05,8.91569e-05,8.89244e-05,8.86989e-05,8.848e-05,8.82675e-05,8.80609e-05,8.78598e-05,8.76641e-05,8.74735e-05,8.72876e-05,8.71063e-05,8.69293e-05,8.67565e-05,8.65877e-05,8.64226e-05,8.62611e-05,8.61031e-05,8.59484e-05,8.57969e-05,8.56485e-05,8.5503e-05,8.53603e-05,8.52203e-05,8.5083e-05,8.49481e-05,8.48157e-05,8.46856e-05,8.45578e-05
0.000184689,0.000183709,0.000182715,0.000181707,0.000180684,0.000179646,0.000178592,0.00017752,0.000176431,0.000175323,0.000174194,0.000173044,0.000171872,0.000170675,0.000169453,0.000168203,0.000166924,0.000165613,0.000164268,0.000162887,0.000161465,0.000160001,0.000158489,0.000156926,0.000155307,0.000153626,0.000151877,0.000150051,0.000148141,0.000146135,0.00014402,0.000141782,0.0001394,0.00013685,0.000134106,0.000131151,0.000127996,0.000124712,0.000121425,0.000118263,0.000115301,0.000112549,0.000110072,0.000107909,0.000106047,0.000104447,0.000103061,0.00010185,0.000100778,9.98215e-05,9.89594e-05,9.81765e-05,9.74604e-05,9.68014e-05,9.61917e-05,9.56248e-05,9.50955e-05,9.45994e-05,9.41327e-05,9.36924e-05,9.32757e-05,9.28803e-05,9.25044e-05,9.2146e-05,9.18037e-05,9.14762e-05,9.11623e-05,9.08609e-05,9.05712e-05,9.02921e-05,9.00231e-05,8.97634e-05,8.95125e-05,8.92697e-05,8.90346e-05,8.88066e-05,8.85855e-05,8.83707e-05,8.8162e-05,8.7959e-05,8.77614e-05,8.75689e-05,8.73813e-05,8.71984e-05,8.70198e-05,8.68455e-05,8.66752e-05,8.65088e-05,8.6346e-05,8.61867e-05,8.60308e-05,8.58782e-05,8.57286e-05,8.5582e-05,8.54382e-05,8.52973e-05,8.51589e-05,8.50231e-05,8.48898e-05,8.47589e-05,8.46302e-05
0.000184849,0.000183871,0.000182881,0.000181876,0.000180857,0.000179823,0.000178773,0.000177706,0.000176622,0.000175518,0.000174395,0.000173251,0.000172084,0.000170894,0.000169679,0.000168436,0.000167165,0.000165862,0.000164527,0.000163155,0.000161745,0.000160292,0.000158794,0.000157245,0.000155642,0.000153979,0.00015225,0.000150447,0.000148562,0.000146585,0.000144504,0.000142305,0.000139968,0.000137473,0.000134793,0.000131909,0.000128822,0.000125586,0.000122313,0.000119133,0.00011614,0.000113344,0.0001108,0.000108557,0.000106619,0.000104951,0.000103509,0.000102251,0.000101141,0.000100153,9.92639e-05,9.84583e-05,9.77228e-05,9.70469e-05,9.64225e-05,9.58427e-05,9.53019e-05,9.47955e-05,9.43197e-05,9.38711e-05,9.34469e-05,9.30447e-05,9.26625e-05,9.22984e-05,9.19509e-05,9.16185e-05,9.13001e-05,9.09945e-05,9.07009e-05,9.04182e-05,9.01458e-05,8.98829e-05,8.9629e-05,8.93834e-05,8.91456e-05,8.89152e-05,8.86916e-05,8.84746e-05,8.82638e-05,8.80587e-05,8.78592e-05,8.76649e-05,8.74756e-05,8.7291e-05,8.71109e-05,8.6935e-05,8.67633e-05,8.65954e-05,8.64313e-05,8.62708e-05,8.61136e-05,8.59598e-05,8.5809e-05,8.56613e-05,8.55165e-05,8.53745e-05,8.52352e-05,8.50985e-05,8.49642e-05,8.48324e-05,8.47028e-05
0.000185008,0.000184033,0.000183046,0.000182045,0.00018103,0.00018,0.000178954,0.000177891,0.000176811,0.000175713,0.000174595,0.000173456,0.000172295,0.000171111,0.000169902,0.000168667,0.000167404,0.00016611,0.000164783,0.000163421,0.000162021,0.000160581,0.000159095,0.000157561,0.000155973,0.000154328,0.000152617,0.000150836,0.000148976,0.000147027,0.000144978,0.000142816,0.000140523,0.000138079,0.00013546,0.000132644,0.000129626,0.000126444,0.000123193,0.000120003,0.000116979,0.000114148,0.000111543,0.000109225,0.00010721,0.000105472,0.000103971,0.000102664,0.000101514,0.000100493,9.95758e-05,9.87465e-05,9.79907e-05,9.72973e-05,9.66576e-05,9.60644e-05,9.55117e-05,9.49948e-05,9.45094e-05,9.40523e-05,9.36204e-05,9.32112e-05,9.28225e-05,9.24526e-05,9.20997e-05,9.17623e-05,9.14393e-05,9.11295e-05,9.08318e-05,9.05454e-05,9.02696e-05,9.00035e-05,8.97465e-05,8.9498e-05,8.92575e-05,8.90245e-05,8.87986e-05,8.85793e-05,8.83663e-05,8.81592e-05,8.79577e-05,8.77616e-05,8.75705e-05,8.73842e-05,8.72025e-05,8.70251e-05,8.68518e-05,8.66826e-05,8.65171e-05,8.63552e-05,8.61968e-05,8.60418e-05,8.58899e-05,8.57411e-05,8.55952e-05,8.54522e-05,8.53118e-05,8.51741e-05,8.50389e-05,8.49062e-05,8.47758e-05
0.000185166,0.000184195,0.000183211,0.000182213,0.000181202,0.000180175,0.000179133,0.000178075,0.000177,0.000175906,0.000174793,0.00017366,0.000172505,0.000171327,0.000170125,0.000168896,0.00016764,0.000166355,0.000165037,0.000163685,0.000162295,0.000160866,0.000159393,0.000157872,0.0001563,0.000154671,0.00015298,0.000151219,0.000149382,0.00014746,0.000145442,0.000143315,0.000141064,0.000138669,0.000136108,0.000133357,0.000130407,0.000127283,0.000124064,0.000120871,0.000117819,0.000114958,0.000112301,0.000109912,0.00010782,0.000106011,0.000104449,0.000103091,0.000101898,0.000100842,9.98954e-05,9.90413e-05,9.82643e-05,9.75527e-05,9.68971e-05,9.629e-05,9.5725e-05,9.51971e-05,9.4702e-05,9.42361e-05,9.37962e-05,9.33798e-05,9.29846e-05,9.26086e-05,9.22501e-05,9.19077e-05,9.15799e-05,9.12657e-05,9.0964e-05,9.06739e-05,9.03945e-05,9.0125e-05,8.98649e-05,8.96135e-05,8.93703e-05,8.91347e-05,8.89063e-05,8.86847e-05,8.84695e-05,8.82603e-05,8.80569e-05,8.78588e-05,8.76659e-05,8.74779e-05,8.72946e-05,8.71156e-05,8.69409e-05,8.67702e-05,8.66033e-05,8.64401e-05,8.62805e-05,8.61242e-05,8.59711e-05,8.58212e-05,8.56742e-05,8.55301e-05,8.53888e-05,8.52501e-05,8.5114e-05,8.49803e-05,8.4849e-05
0.000185323,0.000184355,0.000183375,0.000182381,0.000181373,0.00018035,0.000179312,0.000178258,0.000177187,0.000176098,0.00017499,0.000173862,0.000172713,0.000171541,0.000170345,0.000169124,0.000167875,0.000166598,0.000165289,0.000163946,0.000162567,0.000161148,0.000159687,0.00015818,0.000156623,0.00015501,0.000153337,0.000151597,0.000149783,0.000147886,0.000145898,0.000143805,0.000141593,0.000139244,0.000136737,0.000134049,0.000131166,0.000128103,0.000124923,0.000121736,0.000118661,0.000115771,0.000113071,0.000110616,0.000108449,0.000106568,0.000104942,0.00010353,0.000102294,0.0001012,0.000100223,9.9343e-05,9.85439e-05,9.78133e-05,9.71412e-05,9.65196e-05,9.59419e-05,9.54027e-05,9.48975e-05,9.44225e-05,9.39744e-05,9.35506e-05,9.31486e-05,9.27665e-05,9.24023e-05,9.20546e-05,9.17221e-05,9.14034e-05,9.10975e-05,9.08035e-05,9.05205e-05,9.02477e-05,8.99844e-05,8.973e-05,8.9484e-05,8.92457e-05,8.90149e-05,8.87909e-05,8.85734e-05,8.83621e-05,8.81567e-05,8.79567e-05,8.7762e-05,8.75722e-05,8.73872e-05,8.72067e-05,8.70304e-05,8.68583e-05,8.669e-05,8.65255e-05,8.63645e-05,8.6207e-05,8.60528e-05,8.59017e-05,8.57536e-05,8.56084e-05,8.54661e-05,8.53264e-05,8.51893e-05,8.50547e-05,8.49226e-05
0.00018548,0.000184515,0.000183538,0.000182547,0.000181543,0.000180524,0.00017949,0.00017844,0.000177373,0.000176289,0.000175186,0.000174063,0.00017292,0.000171754,0.000170564,0.00016935,0.000168109,0.000166839,0.000165538,0.000164204,0.000162835,0.000161428,0.000159979,0.000158485,0.000156941,0.000155345,0.000153689,0.000151968,0.000150176,0.000148305,0.000146344,0.000144284,0.00014211,0.000139805,0.000137349,0.000134721,0.000131904,0.000128903,0.000125767,0.000122595,0.000119505,0.000116586,0.000113849,0.000111336,0.000109096,0.000107143,0.000105451,0.000103984,0.000102701,0.000101568,0.000100559,9.96518e-05,9.88297e-05,9.80793e-05,9.739e-05,9.67535e-05,9.61626e-05,9.56117e-05,9.5096e-05,9.46117e-05,9.41552e-05,9.37237e-05,9.33148e-05,9.29262e-05,9.25563e-05,9.22032e-05,9.18657e-05,9.15425e-05,9.12323e-05,9.09344e-05,9.06476e-05,9.03714e-05,9.01049e-05,8.98475e-05,8.95986e-05,8.93576e-05,8.91242e-05,8.88978e-05,8.86781e-05,8.84647e-05,8.82571e-05,8.80552e-05,8.78587e-05,8.76671e-05,8.74804e-05,8.72983e-05,8.71205e-05,8.69468e-05,8.67771e-05,8.66113e-05,8.6449e-05,8.62902e-05,8.61348e-05,8.59825e-05,8.58334e-05,8.56871e-05,8.55437e-05,8.5403e-05,8.5265e-05,8.51295e-05,8.49964e-05
0.000185636,0.000184674,0.0001837,0.000182713,0.000181712,0.000180697,0.000179667,0.000178621,0.000177559,0.000176479,0.000175381,0.000174263,0.000173125,0.000171965,0.000170782,0.000169574,0.00016834,0.000167078,0.000165785,0.000164461,0.000163101,0.000161705,0.000160267,0.000158786,0.000157256,0.000155675,0.000154036,0.000152335,0.000150564,0.000148716,0.000146783,0.000144753,0.000142615,0.000140352,0.000137946,0.000135375,0.000132621,0.000129682,0.000126596,0.000123447,0.000120349,0.0001174,0.000114635,0.000112069,0.000109762,0.000107736,0.000105977,0.000104451,0.00010312,0.000101947,0.000100904,9.99681e-05,9.91219e-05,9.83508e-05,9.76438e-05,9.69916e-05,9.63871e-05,9.58241e-05,9.52977e-05,9.48036e-05,9.43384e-05,9.38991e-05,9.3483e-05,9.3088e-05,9.2712e-05,9.23535e-05,9.20109e-05,9.1683e-05,9.13685e-05,9.10665e-05,9.0776e-05,9.04962e-05,9.02264e-05,8.99659e-05,8.97141e-05,8.94704e-05,8.92344e-05,8.90056e-05,8.87835e-05,8.85679e-05,8.83583e-05,8.81544e-05,8.79559e-05,8.77626e-05,8.75742e-05,8.73904e-05,8.7211e-05,8.70359e-05,8.68648e-05,8.66975e-05,8.65339e-05,8.63739e-05,8.62172e-05,8.60638e-05,8.59135e-05,8.57662e-05,8.56217e-05,8.548e-05,8.5341e-05,8.52045e-05,8.50705e-05
0.000185792,0.000184833,0.000183862,0.000182878,0.00018188,0.000180869,0.000179843,0.000178801,0.000177743,0.000176668,0.000175574,0.000174462,0.000173329,0.000172175,0.000170998,0.000169796,0.000168569,0.000167315,0.000166031,0.000164715,0.000163365,0.000161978,0.000160552,0.000159083,0.000157568,0.000156001,0.000154379,0.000152696,0.000150945,0.000149121,0.000147214,0.000145214,0.00014311,0.000140887,0.000138527,0.00013601,0.000133317,0.000130441,0.000127408,0.000124289,0.000121191,0.000118217,0.000115424,0.000112814,0.000110444,0.000108347,0.00010652,0.000104934,0.000103551,0.000102336,0.000101258,0.000100292,9.94207e-05,9.86282e-05,9.79025e-05,9.72342e-05,9.66155e-05,9.604e-05,9.55025e-05,9.49985e-05,9.45243e-05,9.40769e-05,9.36534e-05,9.32517e-05,9.28696e-05,9.25055e-05,9.21577e-05,9.18249e-05,9.1506e-05,9.11999e-05,9.09055e-05,9.06221e-05,9.0349e-05,9.00853e-05,8.98305e-05,8.95841e-05,8.93454e-05,8.91141e-05,8.88897e-05,8.86718e-05,8.84601e-05,8.82542e-05,8.80538e-05,8.78587e-05,8.76685e-05,8.7483e-05,8.73021e-05,8.71254e-05,8.69529e-05,8.67842e-05,8.66193e-05,8.6458e-05,8.63001e-05,8.61455e-05,8.5994e-05,8.58456e-05,8.57001e-05,8.55573e-05,8.54173e-05,8.52799e-05,8.5145e-05
0.000185947,0.000184991,0.000184023,0.000183042,0.000182048,0.00018104,0.000180018,0.00017898,0.000177926,0.000176855,0.000175767,0.000174659,0.000173532,0.000172383,0.000171212,0.000170017,0.000168797,0.00016755,0.000166274,0.000164967,0.000163626,0.00016225,0.000160835,0.000159378,0.000157875,0.000156323,0.000154717,0.000153052,0.000151321,0.000149519,0.000147637,0.000145666,0.000143594,0.000141409,0.000139093,0.000136628,0.000133993,0.00013118,0.000128202,0.000125119,0.000122028,0.000119036,0.000116215,0.000113569,0.000111141,0.000108975,0.00010708,0.000105432,0.000103996,0.000102736,0.000101621,0.000100624,9.97266e-05,9.89115e-05,9.81666e-05,9.74815e-05,9.68481e-05,9.62596e-05,9.57105e-05,9.51963e-05,9.47129e-05,9.42571e-05,9.38261e-05,9.34175e-05,9.30291e-05,9.26592e-05,9.23061e-05,9.19684e-05,9.16449e-05,9.13346e-05,9.10363e-05,9.07492e-05,9.04726e-05,9.02057e-05,8.99479e-05,8.96986e-05,8.94573e-05,8.92234e-05,8.89966e-05,8.87765e-05,8.85626e-05,8.83547e-05,8.81523e-05,8.79553e-05,8.77634e-05,8.75763e-05,8.73937e-05,8.72155e-05,8.70415e-05,8.68714e-05,8.67051e-05,8.65425e-05,8.63833e-05,8.62275e-05,8.60749e-05,8.59254e-05,8.57788e-05,8.5635e-05,8.5494e-05,8.53556e-05,8.52198e-05
0.000186101,0.000185148,0.000184183,0.000183205,0.000182215,0.000181211,0.000180192,0.000179158,0.000178108,0.000177042,0.000175958,0.000174855,0.000173733,0.00017259,0.000171425,0.000170237,0.000169023,0.000167783,0.000166515,0.000165216,0.000163885,0.000162518,0.000161114,0.000159669,0.000158179,0.000156641,0.000155051,0.000153403,0.000151691,0.000149911,0.000148053,0.000146109,0.000144069,0.00014192,0.000139646,0.000137229,0.000134651,0.000131898,0.000128978,0.000125935,0.00012286,0.000119856,0.000117006,0.00011433,0.000111851,0.000109621,0.000107657,0.000105946,0.000104455,0.000103148,0.000101994,0.000100965,0.00010004,9.92011e-05,9.8436e-05,9.77335e-05,9.70848e-05,9.64829e-05,9.5922e-05,9.53971e-05,9.49042e-05,9.44398e-05,9.40011e-05,9.35854e-05,9.31905e-05,9.28147e-05,9.24561e-05,9.21134e-05,9.17853e-05,9.14706e-05,9.11683e-05,9.08775e-05,9.05974e-05,9.03272e-05,9.00663e-05,8.98141e-05,8.957e-05,8.93336e-05,8.91044e-05,8.88819e-05,8.86658e-05,8.84558e-05,8.82515e-05,8.80526e-05,8.78589e-05,8.767e-05,8.74858e-05,8.73061e-05,8.71305e-05,8.6959e-05,8.67914e-05,8.66274e-05,8.6467e-05,8.631e-05,8.61562e-05,8.60055e-05,8.58578e-05,8.5713e-05,8.5571e-05,8.54316e-05,8.52948e-05
0.000186254,0.000185304,0.000184342,0.000183368,0.000182381,0.00018138,0.000180365,0.000179335,0.00017829,0.000177228,0.000176148,0.00017505,0.000173933,0.000172796,0.000171637,0.000170454,0.000169248,0.000168015,0.000166754,0.000165464,0.000164141,0.000162785,0.000161391,0.000159957,0.00015848,0.000156956,0.00015538,0.000153749,0.000152056,0.000150296,0.000148462,0.000146544,0.000144534,0.000142419,0.000140186,0.000137816,0.000135291,0.000132597,0.000129734,0.000126738,0.000123684,0.000120675,0.000117799,0.000115096,0.000112573,0.000110282,0.000108251,0.000106475,0.000104927,0.000103572,0.000102377,0.000101314,0.00010036,9.94972e-05,9.87111e-05,9.79905e-05,9.7326e-05,9.67102e-05,9.61369e-05,9.56011e-05,9.50983e-05,9.46251e-05,9.41784e-05,9.37554e-05,9.33539e-05,9.2972e-05,9.26078e-05,9.226e-05,9.19271e-05,9.1608e-05,9.13016e-05,9.10069e-05,9.07232e-05,9.04497e-05,9.01857e-05,8.99305e-05,8.96836e-05,8.94446e-05,8.92129e-05,8.89881e-05,8.87698e-05,8.85576e-05,8.83513e-05,8.81505e-05,8.79549e-05,8.77644e-05,8.75785e-05,8.73972e-05,8.72201e-05,8.70472e-05,8.68781e-05,8.67128e-05,8.65511e-05,8.63928e-05,8.62379e-05,8.6086e-05,8.59373e-05,8.57914e-05,8.56483e-05,8.5508e-05,8.53702e-05
0.000186407,0.00018546,0.000184501,0.00018353,0.000182546,0.000181549,0.000180538,0.000179511,0.00017847,0.000177412,0.000176337,0.000175244,0.000174132,0.000173,0.000171847,0.000170671,0.00016947,0.000168245,0.000166992,0.000165709,0.000164396,0.000163048,0.000161665,0.000160242,0.000158777,0.000157266,0.000155706,0.000154091,0.000152416,0.000150676,0.000148864,0.000146972,0.00014499,0.000142909,0.000140713,0.000138388,0.000135914,0.000133277,0.000130472,0.000127524,0.000124498,0.00012149,0.000118594,0.000115865,0.000113304,0.000110957,0.000108861,0.000107021,0.000105415,0.000104009,0.000102772,0.000101673,0.000100688,9.98e-05,9.89921e-05,9.82526e-05,9.75716e-05,9.69414e-05,9.63554e-05,9.58083e-05,9.52954e-05,9.48131e-05,9.43581e-05,9.39276e-05,9.35193e-05,9.31311e-05,9.27613e-05,9.24082e-05,9.20704e-05,9.17467e-05,9.14361e-05,9.11376e-05,9.08502e-05,9.05733e-05,9.0306e-05,9.00478e-05,8.97982e-05,8.95564e-05,8.93222e-05,8.9095e-05,8.88744e-05,8.86601e-05,8.84518e-05,8.8249e-05,8.80516e-05,8.78593e-05,8.76717e-05,8.74888e-05,8.73102e-05,8.71358e-05,8.69653e-05,8.67987e-05,8.66356e-05,8.64761e-05,8.63199e-05,8.6167e-05,8.60171e-05,8.58701e-05,8.5726e-05,8.55847e-05,8.5446e-05
0.00018656,0.000185615,0.000184659,0.000183691,0.000182711,0.000181717,0.000180709,0.000179687,0.000178649,0.000177596,0.000176525,0.000175437,0.00017433,0.000173203,0.000172055,0.000170885,0.000169692,0.000168473,0.000167227,0.000165953,0.000164647,0.000163309,0.000161936,0.000160524,0.000159071,0.000157573,0.000156027,0.000154428,0.000152771,0.00015105,0.00014926,0.000147392,0.000145438,0.000143388,0.000141229,0.000138946,0.000136521,0.000133939,0.000131191,0.000128294,0.000125302,0.000122302,0.00011939,0.000116634,0.000114043,0.000111646,0.000109488,0.000107583,0.000105917,0.000104459,0.000103177,0.000102041,0.000101025,0.00010011,9.92791e-05,9.85199e-05,9.7822e-05,9.71768e-05,9.65776e-05,9.60188e-05,9.54955e-05,9.50037e-05,9.45403e-05,9.41021e-05,9.36868e-05,9.32922e-05,9.29165e-05,9.2558e-05,9.22152e-05,9.18869e-05,9.1572e-05,9.12695e-05,9.09784e-05,9.06979e-05,9.04274e-05,9.01662e-05,8.99136e-05,8.96691e-05,8.94323e-05,8.92027e-05,8.89798e-05,8.87633e-05,8.85529e-05,8.83482e-05,8.81489e-05,8.79548e-05,8.77655e-05,8.75809e-05,8.74008e-05,8.72248e-05,8.7053e-05,8.68849e-05,8.67206e-05,8.65598e-05,8.64024e-05,8.62483e-05,8.60972e-05,8.59492e-05,8.58041e-05,8.56617e-05,8.5522e-05
0.000186711,0.00018577,0.000184817,0.000183852,0.000182875,0.000181884,0.00018088,0.000179861,0.000178828,0.000177778,0.000176712,0.000175629,0.000174527,0.000173405,0.000172263,0.000171099,0.000169911,0.000168699,0.000167461,0.000166194,0.000164897,0.000163568,0.000162204,0.000160803,0.000159362,0.000157877,0.000156345,0.000154761,0.000153121,0.000151419,0.000149649,0.000147805,0.000145878,0.000143858,0.000141734,0.000139491,0.000137113,0.000134583,0.000131891,0.000129047,0.000126093,0.000123108,0.000120186,0.000117404,0.000114786,0.000112346,0.000110129,0.000108161,0.000106434,0.000104922,0.000103594,0.000102418,0.00010137,0.000100427,9.95724e-05,9.87928e-05,9.80771e-05,9.74165e-05,9.68037e-05,9.62327e-05,9.56986e-05,9.51972e-05,9.4725e-05,9.42789e-05,9.38564e-05,9.34553e-05,9.30735e-05,9.27094e-05,9.23615e-05,9.20285e-05,9.17092e-05,9.14026e-05,9.11077e-05,9.08237e-05,9.05499e-05,9.02855e-05,9.003e-05,8.97827e-05,8.95433e-05,8.93112e-05,8.9086e-05,8.88673e-05,8.86547e-05,8.8448e-05,8.82468e-05,8.80508e-05,8.78599e-05,8.76736e-05,8.74919e-05,8.73144e-05,8.71411e-05,8.69717e-05,8.6806e-05,8.66439e-05,8.64853e-05,8.633e-05,8.61778e-05,8.60287e-05,8.58824e-05,8.57391e-05,8.55984e-05
0.000186863,0.000185924,0.000184974,0.000184012,0.000183038,0.00018205,0.00018105,0.000180035,0.000179005,0.00017796,0.000176898,0.000175819,0.000174722,0.000173606,0.000172469,0.00017131,0.000170129,0.000168924,0.000167692,0.000166433,0.000165145,0.000163825,0.000162471,0.00016108,0.00015965,0.000158177,0.000156658,0.000155089,0.000153466,0.000151782,0.000150033,0.000148212,0.00014631,0.000144319,0.000142228,0.000140023,0.00013769,0.00013521,0.000132573,0.000129782,0.00012687,0.000123906,0.000120981,0.000118176,0.000115533,0.000113055,0.000110785,0.000108754,0.000106966,0.000105399,0.000104022,0.000102806,0.000101724,0.000100752,9.98723e-05,9.90714e-05,9.83373e-05,9.76606e-05,9.70336e-05,9.64501e-05,9.59049e-05,9.53935e-05,9.49123e-05,9.44581e-05,9.40282e-05,9.36203e-05,9.32324e-05,9.28626e-05,9.25095e-05,9.21716e-05,9.18479e-05,9.1537e-05,9.12382e-05,9.09506e-05,9.06734e-05,9.04058e-05,9.01473e-05,8.98972e-05,8.96551e-05,8.94205e-05,8.91929e-05,8.89719e-05,8.87572e-05,8.85485e-05,8.83453e-05,8.81475e-05,8.79548e-05,8.77668e-05,8.75835e-05,8.74045e-05,8.72297e-05,8.70589e-05,8.68919e-05,8.67285e-05,8.65686e-05,8.6412e-05,8.62587e-05,8.61085e-05,8.59612e-05,8.58168e-05,8.56751e-05
0.000187013,0.000186077,0.00018513,0.000184171,0.0001832,0.000182216,0.000181219,0.000180208,0.000179182,0.000178141,0.000177083,0.000176009,0.000174916,0.000173805,0.000172673,0.000171521,0.000170346,0.000169147,0.000167922,0.000166671,0.00016539,0.000164079,0.000162734,0.000161354,0.000159935,0.000158474,0.000156969,0.000155414,0.000153806,0.000152141,0.000150411,0.000148612,0.000146735,0.000144772,0.000142712,0.000140544,0.000138253,0.000135821,0.000133238,0.0001305,0.000127633,0.000124695,0.000121772,0.000118949,0.000116282,0.000113772,0.000111452,0.000109363,0.000107513,0.000105889,0.000104463,0.000103205,0.000102086,0.000101084,0.000100179,9.93559e-05,9.86026e-05,9.79092e-05,9.72676e-05,9.66712e-05,9.61144e-05,9.55927e-05,9.51023e-05,9.46397e-05,9.42022e-05,9.37874e-05,9.33931e-05,9.30175e-05,9.2659e-05,9.23162e-05,9.19879e-05,9.16728e-05,9.137e-05,9.10787e-05,9.07979e-05,9.05271e-05,9.02655e-05,9.00126e-05,8.97678e-05,8.95306e-05,8.93005e-05,8.90773e-05,8.88604e-05,8.86496e-05,8.84445e-05,8.82448e-05,8.80503e-05,8.78606e-05,8.76756e-05,8.74951e-05,8.73188e-05,8.71465e-05,8.69781e-05,8.68135e-05,8.66523e-05,8.64945e-05,8.634e-05,8.61887e-05,8.60403e-05,8.58948e-05,8.57521e-05
0.000187163,0.00018623,0.000185285,0.000184329,0.000183361,0.000182381,0.000181387,0.00018038,0.000179357,0.00017832,0.000177267,0.000176197,0.000175109,0.000174003,0.000172877,0.00017173,0.000170561,0.000169368,0.000168151,0.000166906,0.000165634,0.000164331,0.000162995,0.000161625,0.000160217,0.000158768,0.000157275,0.000155735,0.000154143,0.000152494,0.000150783,0.000149005,0.000147152,0.000145216,0.000143187,0.000141054,0.000138802,0.000136417,0.000133885,0.0001312,0.00012838,0.000125473,0.000122559,0.000119724,0.000117031,0.000114494,0.000112131,0.000109986,0.000108076,0.000106394,0.000104917,0.000103615,0.000102459,0.000101425,0.000100493,9.96464e-05,9.88733e-05,9.81626e-05,9.75058e-05,9.6896e-05,9.63273e-05,9.5795e-05,9.5295e-05,9.48238e-05,9.43785e-05,9.39566e-05,9.35558e-05,9.31742e-05,9.28103e-05,9.24624e-05,9.21293e-05,9.18099e-05,9.1503e-05,9.12079e-05,9.09236e-05,9.06495e-05,9.03848e-05,9.01289e-05,8.98813e-05,8.96415e-05,8.9409e-05,8.91834e-05,8.89643e-05,8.87514e-05,8.85443e-05,8.83427e-05,8.81463e-05,8.7955e-05,8.77683e-05,8.75862e-05,8.74084e-05,8.72347e-05,8.70649e-05,8.68989e-05,8.67364e-05,8.65774e-05,8.64217e-05,8.62692e-05,8.61198e-05,8.59732e-05,8.58295e-05
0.000187312,0.000186382,0.00018544,0.000184487,0.000183522,0.000182545,0.000181555,0.000180551,0.000179532,0.000178499,0.00017745,0.000176384,0.000175301,0.0001742,0.000173079,0.000171937,0.000170774,0.000169588,0.000168377,0.00016714,0.000165875,0.000164581,0.000163254,0.000161894,0.000160496,0.000159059,0.000157578,0.000156052,0.000154475,0.000152843,0.000151151,0.000149393,0.000147563,0.000145652,0.000143653,0.000141553,0.00013934,0.000136999,0.000134516,0.000131883,0.000129111,0.00012624,0.000123341,0.000120497,0.000117781,0.00011522,0.00011282,0.000110622,0.000108653,0.000106914,0.000105384,0.000104036,0.000102841,0.000101774,0.000100813,9.99434e-05,9.91495e-05,9.84208e-05,9.77483e-05,9.71246e-05,9.65437e-05,9.60004e-05,9.54905e-05,9.50105e-05,9.45572e-05,9.41279e-05,9.37204e-05,9.33328e-05,9.29632e-05,9.26101e-05,9.22722e-05,9.19483e-05,9.16373e-05,9.13383e-05,9.10504e-05,9.07729e-05,9.0505e-05,9.02461e-05,8.99957e-05,8.97533e-05,8.95183e-05,8.92903e-05,8.9069e-05,8.88539e-05,8.86447e-05,8.84412e-05,8.8243e-05,8.80499e-05,8.78616e-05,8.76778e-05,8.74985e-05,8.73233e-05,8.71521e-05,8.69847e-05,8.6821e-05,8.66607e-05,8.65039e-05,8.63502e-05,8.61996e-05,8.6052e-05,8.59072e-05
0.000187461,0.000186533,0.000185594,0.000184644,0.000183683,0.000182708,0.000181721,0.000180721,0.000179706,0.000178677,0.000177632,0.000176571,0.000175492,0.000174395,0.00017328,0.000172144,0.000170986,0.000169806,0.000168602,0.000167372,0.000166115,0.000164829,0.000163511,0.00016216,0.000160772,0.000159346,0.000157878,0.000156365,0.000154803,0.000153187,0.000151512,0.000149774,0.000147966,0.000146081,0.000144109,0.000142042,0.000139865,0.000137567,0.000135131,0.00013255,0.000129827,0.000126994,0.000124114,0.000121269,0.000118532,0.000115948,0.000113516,0.00011127,0.000109245,0.000107448,0.000105864,0.000104469,0.000103233,0.000102131,0.000101142,0.000100247,9.94314e-05,9.8684e-05,9.79952e-05,9.73572e-05,9.67636e-05,9.6209e-05,9.5689e-05,9.51998e-05,9.47382e-05,9.43014e-05,9.38871e-05,9.34932e-05,9.31178e-05,9.27594e-05,9.24166e-05,9.20881e-05,9.17729e-05,9.14699e-05,9.11783e-05,9.08974e-05,9.06262e-05,9.03643e-05,9.0111e-05,8.98659e-05,8.96283e-05,8.93979e-05,8.91743e-05,8.89571e-05,8.87459e-05,8.85404e-05,8.83403e-05,8.81454e-05,8.79554e-05,8.777e-05,8.75891e-05,8.74124e-05,8.72398e-05,8.7071e-05,8.6906e-05,8.67445e-05,8.65864e-05,8.64315e-05,8.62798e-05,8.61311e-05,8.59853e-05
0.000187609,0.000186684,0.000185748,0.000184801,0.000183842,0.000182871,0.000181887,0.00018089,0.000179879,0.000178854,0.000177813,0.000176756,0.000175682,0.00017459,0.000173479,0.000172349,0.000171197,0.000170023,0.000168825,0.000167602,0.000166353,0.000165074,0.000163765,0.000162423,0.000161046,0.000159631,0.000158175,0.000156675,0.000155126,0.000153526,0.000151869,0.000150151,0.000148364,0.000146502,0.000144558,0.000142521,0.00014038,0.000138121,0.000135731,0.000133199,0.000130526,0.000127734,0.000124879,0.000122037,0.000119286,0.000116677,0.000114217,0.000111929,0.00010985,0.000107996,0.000106358,0.000104914,0.000103636,0.000102498,0.000101478,0.000100557,9.97193e-05,9.89525e-05,9.82468e-05,9.75939e-05,9.69871e-05,9.64208e-05,9.58904e-05,9.53918e-05,9.49217e-05,9.44772e-05,9.40558e-05,9.36554e-05,9.32742e-05,9.29103e-05,9.25625e-05,9.22293e-05,9.19098e-05,9.16028e-05,9.13074e-05,9.10229e-05,9.07485e-05,9.04835e-05,9.02273e-05,8.99794e-05,8.97392e-05,8.95064e-05,8.92804e-05,8.90609e-05,8.88476e-05,8.86402e-05,8.84382e-05,8.82415e-05,8.80497e-05,8.78627e-05,8.76802e-05,8.7502e-05,8.73279e-05,8.71578e-05,8.69914e-05,8.68286e-05,8.66693e-05,8.65132e-05,8.63604e-05,8.62106e-05,8.60637e-05
0.000187757,0.000186834,0.000185901,0.000184957,0.000184001,0.000183033,0.000182052,0.000181059,0.000180052,0.00017903,0.000177993,0.00017694,0.00017587,0.000174783,0.000173678,0.000172552,0.000171406,0.000170238,0.000169047,0.000167831,0.000166588,0.000165318,0.000164017,0.000162684,0.000161317,0.000159913,0.000158468,0.000156981,0.000155446,0.000153861,0.000152221,0.000150521,0.000148755,0.000146917,0.000144998,0.000142991,0.000140883,0.000138663,0.000136317,0.000133833,0.000131208,0.00012846,0.000125634,0.000122801,0.000120039,0.000117407,0.000114923,0.000112597,0.000110468,0.000108558,0.000106865,0.000105371,0.00010405,0.000102875,0.000101823,0.000100874,0.000100013,9.92263e-05,9.85031e-05,9.78348e-05,9.72144e-05,9.66361e-05,9.60948e-05,9.55865e-05,9.51077e-05,9.46553e-05,9.42267e-05,9.38197e-05,9.34323e-05,9.30629e-05,9.27099e-05,9.2372e-05,9.2048e-05,9.17369e-05,9.14377e-05,9.11496e-05,9.08718e-05,9.06036e-05,9.03445e-05,9.00937e-05,8.98509e-05,8.96156e-05,8.93872e-05,8.91655e-05,8.89501e-05,8.87406e-05,8.85367e-05,8.83381e-05,8.81446e-05,8.79559e-05,8.77718e-05,8.75921e-05,8.74166e-05,8.7245e-05,8.70773e-05,8.69132e-05,8.67526e-05,8.65953e-05,8.64413e-05,8.62904e-05,8.61425e-05
0.000187904,0.000186984,0.000186053,0.000185112,0.000184159,0.000183194,0.000182217,0.000181227,0.000180223,0.000179205,0.000178172,0.000177123,0.000176058,0.000174976,0.000173875,0.000172755,0.000171614,0.000170452,0.000169267,0.000168058,0.000166822,0.000165559,0.000164267,0.000162943,0.000161586,0.000160192,0.000158759,0.000157283,0.000155763,0.000154192,0.000152569,0.000150887,0.000149141,0.000147324,0.000145431,0.000143452,0.000141376,0.000139193,0.000136888,0.000134451,0.000131875,0.000129172,0.000126378,0.000123559,0.000120791,0.000118138,0.000115632,0.000113273,0.000111098,0.000109133,0.000107386,0.000105841,0.000104474,0.000103261,0.000102176,0.000101199,0.000100314,9.95058e-05,9.87643e-05,9.808e-05,9.74456e-05,9.68548e-05,9.63024e-05,9.57842e-05,9.52963e-05,9.48357e-05,9.43997e-05,9.39859e-05,9.35924e-05,9.32172e-05,9.2859e-05,9.25162e-05,9.21877e-05,9.18723e-05,9.15692e-05,9.12774e-05,9.09962e-05,9.07248e-05,9.04626e-05,9.0209e-05,8.99635e-05,8.97256e-05,8.94949e-05,8.92709e-05,8.90533e-05,8.88417e-05,8.86358e-05,8.84354e-05,8.82401e-05,8.80497e-05,8.7864e-05,8.76827e-05,8.75057e-05,8.73327e-05,8.71636e-05,8.69982e-05,8.68363e-05,8.66779e-05,8.65227e-05,8.63706e-05,8.62216e-05
0.00018805,0.000187133,0.000186205,0.000185266,0.000184316,0.000183355,0.000182381,0.000181394,0.000180393,0.000179379,0.00017835,0.000177305,0.000176245,0.000175167,0.000174071,0.000172956,0.000171821,0.000170664,0.000169485,0.000168283,0.000167054,0.000165799,0.000164515,0.0001632,0.000161851,0.000160468,0.000159046,0.000157583,0.000156075,0.000154519,0.000152912,0.000151247,0.00014952,0.000147726,0.000145856,0.000143904,0.000141859,0.000139711,0.000137447,0.000135054,0.000132526,0.000129868,0.00012711,0.00012431,0.000121541,0.00011887,0.000116342,0.000113956,0.000111738,0.000109722,0.00010792,0.000106323,0.000104911,0.000103657,0.000102538,0.000101531,0.000100621,9.97909e-05,9.90305e-05,9.83298e-05,9.76808e-05,9.70771e-05,9.65133e-05,9.59847e-05,9.54876e-05,9.50186e-05,9.45749e-05,9.41542e-05,9.37543e-05,9.33733e-05,9.30096e-05,9.26618e-05,9.23287e-05,9.20091e-05,9.17019e-05,9.14064e-05,9.11216e-05,9.0847e-05,9.05817e-05,9.03252e-05,9.00769e-05,8.98364e-05,8.96032e-05,8.93769e-05,8.91571e-05,8.89435e-05,8.87356e-05,8.85333e-05,8.83362e-05,8.81441e-05,8.79567e-05,8.77738e-05,8.75953e-05,8.74208e-05,8.72503e-05,8.70836e-05,8.69205e-05,8.67608e-05,8.66044e-05,8.64512e-05,8.63011e-05
0.000188196,0.000187281,0.000186356,0.00018542,0.000184473,0.000183514,0.000182543,0.00018156,0.000180563,0.000179552,0.000178527,0.000177487,0.00017643,0.000175357,0.000174266,0.000173156,0.000172026,0.000170875,0.000169702,0.000168506,0.000167285,0.000166037,0.000164761,0.000163454,0.000162115,0.000160741,0.00015933,0.000157879,0.000156384,0.000154842,0.00015325,0.000151602,0.000149894,0.000148121,0.000146275,0.000144348,0.000142333,0.000140219,0.000137993,0.000135643,0.000133161,0.000130549,0.000127829,0.000125053,0.000122288,0.000119604,0.000117053,0.000114642,0.000112387,0.000110323,0.000108467,0.000106819,0.000105359,0.000104063,0.000102908,0.000101871,0.000100934,0.000100082,9.9302e-05,9.85842e-05,9.79201e-05,9.73031e-05,9.67274e-05,9.61882e-05,9.56815e-05,9.52039e-05,9.47525e-05,9.43246e-05,9.39181e-05,9.35311e-05,9.31619e-05,9.2809e-05,9.24712e-05,9.21471e-05,9.18359e-05,9.15365e-05,9.12482e-05,9.09702e-05,9.07017e-05,9.04423e-05,9.01912e-05,8.99481e-05,8.97124e-05,8.94837e-05,8.92617e-05,8.90459e-05,8.8836e-05,8.86318e-05,8.84328e-05,8.8239e-05,8.80499e-05,8.78655e-05,8.76854e-05,8.75095e-05,8.73376e-05,8.71695e-05,8.7005e-05,8.68441e-05,8.66865e-05,8.65322e-05,8.63809e-05
0.000188341,0.000187429,0.000186506,0.000185573,0.000184629,0.000183673,0.000182706,0.000181725,0.000180732,0.000179725,0.000178704,0.000177667,0.000176615,0.000175546,0.000174459,0.000173354,0.00017223,0.000171085,0.000169918,0.000168728,0.000167513,0.000166273,0.000165004,0.000163706,0.000162376,0.000161012,0.000159612,0.000158172,0.00015669,0.000155162,0.000153584,0.000151953,0.000150263,0.00014851,0.000146686,0.000144785,0.000142798,0.000140716,0.000138527,0.000136218,0.000133781,0.000131215,0.000128535,0.000125786,0.000123029,0.000120337,0.000117764,0.000115332,0.000113044,0.000110935,0.000109028,0.000107327,0.000105819,0.000104481,0.000103288,0.00010222,0.000101255,0.000100379,9.9579e-05,9.88433e-05,9.81637e-05,9.75329e-05,9.69449e-05,9.63948e-05,9.58783e-05,9.53918e-05,9.49323e-05,9.44971e-05,9.40839e-05,9.36908e-05,9.33159e-05,9.29578e-05,9.26151e-05,9.22865e-05,9.19711e-05,9.16679e-05,9.13759e-05,9.10944e-05,9.08228e-05,9.05603e-05,9.03064e-05,9.00606e-05,8.98224e-05,8.95913e-05,8.9367e-05,8.9149e-05,8.89371e-05,8.87309e-05,8.85301e-05,8.83344e-05,8.81437e-05,8.79576e-05,8.7776e-05,8.75986e-05,8.74253e-05,8.72558e-05,8.709e-05,8.69278e-05,8.67691e-05,8.66135e-05,8.64612e-05
0.000188486,0.000187576,0.000186656,0.000185726,0.000184785,0.000183832,0.000182867,0.00018189,0.0001809,0.000179897,0.000178879,0.000177846,0.000176798,0.000175734,0.000174652,0.000173552,0.000172432,0.000171293,0.000170132,0.000168948,0.00016774,0.000166507,0.000165246,0.000163956,0.000162635,0.000161281,0.00015989,0.000158462,0.000156992,0.000155477,0.000153914,0.000152299,0.000150627,0.000148893,0.000147091,0.000145214,0.000143255,0.000141204,0.000139049,0.000136781,0.000134387,0.000131865,0.000129227,0.000126508,0.000123766,0.000121069,0.000118477,0.000116024,0.000113708,0.000111557,0.000109601,0.000107848,0.000106291,0.000104909,0.000103678,0.000102576,0.000101583,0.000100683,9.98615e-05,9.91074e-05,9.84116e-05,9.77666e-05,9.7166e-05,9.66046e-05,9.60779e-05,9.55823e-05,9.51145e-05,9.46718e-05,9.42517e-05,9.38523e-05,9.34716e-05,9.31081e-05,9.27605e-05,9.24274e-05,9.21077e-05,9.18004e-05,9.15047e-05,9.12198e-05,9.09449e-05,9.06793e-05,9.04225e-05,9.0174e-05,8.99332e-05,8.96997e-05,8.9473e-05,8.92529e-05,8.90388e-05,8.88306e-05,8.86279e-05,8.84305e-05,8.8238e-05,8.80503e-05,8.78671e-05,8.76882e-05,8.75134e-05,8.73426e-05,8.71755e-05,8.7012e-05,8.6852e-05,8.66953e-05,8.65418e-05
0.000188631,0.000187723,0.000186806,0.000185878,0.000184939,0.000183989,0.000183028,0.000182054,0.000181068,0.000180068,0.000179053,0.000178025,0.000176981,0.00017592,0.000174843,0.000173748,0.000172634,0.0001715,0.000170344,0.000169167,0.000167966,0.000166739,0.000165486,0.000164204,0.000162891,0.000161546,0.000160166,0.000158749,0.000157291,0.000155789,0.00015424,0.000152641,0.000150986,0.00014927,0.000147489,0.000145636,0.000143703,0.000141682,0.000139561,0.00013733,0.000134979,0.000132502,0.000129906,0.000127219,0.000124495,0.000121798,0.000119191,0.000116716,0.000114376,0.000112188,0.000110185,0.000108382,0.000106775,0.000105348,0.000104078,0.000102941,0.000101919,0.000100993,0.00010015,9.93766e-05,9.86641e-05,9.80043e-05,9.73907e-05,9.68176e-05,9.62805e-05,9.57755e-05,9.52992e-05,9.48487e-05,9.44216e-05,9.40157e-05,9.36291e-05,9.32601e-05,9.29074e-05,9.25696e-05,9.22455e-05,9.19342e-05,9.16347e-05,9.13462e-05,9.10679e-05,9.07993e-05,9.05395e-05,9.02882e-05,9.00448e-05,8.98088e-05,8.95798e-05,8.93574e-05,8.91412e-05,8.8931e-05,8.87264e-05,8.85271e-05,8.83329e-05,8.81435e-05,8.79587e-05,8.77783e-05,8.7602e-05,8.74298e-05,8.72614e-05,8.70966e-05,8.69353e-05,8.67774e-05,8.66227e-05
0.000188774,0.000187869,0.000186954,0.000186029,0.000185093,0.000184147,0.000183188,0.000182217,0.000181234,0.000180238,0.000179227,0.000178202,0.000177162,0.000176106,0.000175033,0.000173943,0.000172834,0.000171705,0.000170555,0.000169384,0.000168189,0.00016697,0.000165724,0.00016445,0.000163146,0.00016181,0.00016044,0.000159033,0.000157586,0.000156097,0.000154562,0.000152978,0.000151339,0.000149643,0.000147882,0.000146051,0.000144143,0.00014215,0.000140062,0.000137868,0.000135557,0.000133123,0.00013057,0.000127919,0.000125216,0.000122524,0.000119905,0.000117409,0.000115048,0.000112827,0.000110781,0.000108928,0.000107272,0.000105799,0.000104487,0.000103316,0.000102263,0.00010131,0.000100444,9.96511e-05,9.89212e-05,9.82462e-05,9.7619e-05,9.7034e-05,9.64861e-05,9.59714e-05,9.54864e-05,9.50279e-05,9.45936e-05,9.4181e-05,9.37883e-05,9.34138e-05,9.30559e-05,9.27132e-05,9.23847e-05,9.20693e-05,9.17659e-05,9.14738e-05,9.11921e-05,9.09202e-05,9.06575e-05,9.04033e-05,9.01572e-05,8.99187e-05,8.96873e-05,8.94626e-05,8.92443e-05,8.90321e-05,8.88255e-05,8.86244e-05,8.84284e-05,8.82373e-05,8.80509e-05,8.78689e-05,8.76912e-05,8.75175e-05,8.73477e-05,8.71816e-05,8.70191e-05,8.68599e-05,8.67041e-05
0.000188918,0.000188015,0.000187103,0.00018618,0.000185247,0.000184303,0.000183347,0.00018238,0.0001814,0.000180407,0.0001794,0.000178379,0.000177343,0.000176291,0.000175223,0.000174137,0.000173033,0.000171909,0.000170765,0.0001696,0.000168411,0.000167198,0.00016596,0.000164693,0.000163398,0.000162071,0.00016071,0.000159314,0.000157879,0.000156402,0.000154881,0.000153311,0.000151689,0.00015001,0.000148268,0.00014646,0.000144576,0.000142611,0.000140553,0.000138394,0.000136123,0.000133731,0.00013122,0.000128606,0.000125928,0.000123245,0.000120619,0.000118103,0.000115722,0.000113473,0.000111386,0.000109486,0.000107781,0.000106261,0.000104908,0.000103699,0.000102614,0.000101635,0.000100745,9.99309e-05,9.91831e-05,9.84923e-05,9.78512e-05,9.72538e-05,9.66948e-05,9.61702e-05,9.56761e-05,9.52095e-05,9.47677e-05,9.43484e-05,9.39494e-05,9.35691e-05,9.32059e-05,9.28584e-05,9.25253e-05,9.22056e-05,9.18983e-05,9.16024e-05,9.13173e-05,9.10422e-05,9.07764e-05,9.05193e-05,9.02705e-05,9.00294e-05,8.97956e-05,8.95686e-05,8.93481e-05,8.91338e-05,8.89252e-05,8.87222e-05,8.85244e-05,8.83316e-05,8.81435e-05,8.796e-05,8.77807e-05,8.76056e-05,8.74344e-05,8.7267e-05,8.71032e-05,8.69429e-05,8.67858e-05
0.00018906,0.00018816,0.00018725,0.00018633,0.0001854,0.000184459,0.000183506,0.000182542,0.000181565,0.000180575,0.000179572,0.000178555,0.000177522,0.000176475,0.000175411,0.00017433,0.00017323,0.000172112,0.000170974,0.000169814,0.000168632,0.000167425,0.000166194,0.000164935,0.000163648,0.00016233,0.000160979,0.000159592,0.000158168,0.000156704,0.000155195,0.00015364,0.000152033,0.000150371,0.000148649,0.000146862,0.000145002,0.000143063,0.000141035,0.00013891,0.000136676,0.000134325,0.000131856,0.00012928,0.00012663,0.00012396,0.000121331,0.000118799,0.000116397,0.000114123,0.000112,0.000110055,0.000108302,0.000106735,0.000105338,0.000104092,0.000102974,0.000101966,0.000101051,0.000100216,9.945e-05,9.87429e-05,9.80874e-05,9.74771e-05,9.69067e-05,9.63718e-05,9.58685e-05,9.53935e-05,9.4944e-05,9.45177e-05,9.41124e-05,9.37262e-05,9.33576e-05,9.3005e-05,9.26673e-05,9.23432e-05,9.20319e-05,9.17323e-05,9.14436e-05,9.11652e-05,9.08962e-05,9.06363e-05,9.03847e-05,9.0141e-05,8.99047e-05,8.96753e-05,8.94526e-05,8.92362e-05,8.90256e-05,8.88207e-05,8.8621e-05,8.84265e-05,8.82368e-05,8.80516e-05,8.78708e-05,8.76943e-05,8.75217e-05,8.73529e-05,8.71878e-05,8.70262e-05,8.6868e-05
0.000189202,0.000188305,0.000187397,0.00018648,0.000185552,0.000184614,0.000183664,0.000182703,0.000181729,0.000180743,0.000179743,0.000178729,0.000177701,0.000176658,0.000175598,0.000174521,0.000173427,0.000172314,0.000171181,0.000170027,0.00016885,0.000167651,0.000166426,0.000165175,0.000163896,0.000162586,0.000161244,0.000159868,0.000158455,0.000157002,0.000155506,0.000153965,0.000152374,0.000150728,0.000149025,0.000147258,0.00014542,0.000143507,0.000141508,0.000139414,0.000137217,0.000134906,0.000132478,0.000129941,0.000127322,0.000124669,0.000122041,0.000119495,0.000117072,0.000114778,0.000112622,0.000110635,0.000108834,0.00010722,0.00010578,0.000104495,0.000103343,0.000102305,0.000101365,0.000100508,9.9722e-05,9.8998e-05,9.83276e-05,9.77041e-05,9.71219e-05,9.65764e-05,9.60635e-05,9.55799e-05,9.51226e-05,9.46892e-05,9.42773e-05,9.38851e-05,9.35109e-05,9.31532e-05,9.28107e-05,9.24822e-05,9.21667e-05,9.18633e-05,9.1571e-05,9.12892e-05,9.10171e-05,9.07541e-05,9.04997e-05,9.02533e-05,9.00145e-05,8.97828e-05,8.95578e-05,8.93392e-05,8.91266e-05,8.89197e-05,8.87183e-05,8.85219e-05,8.83305e-05,8.81437e-05,8.79614e-05,8.77834e-05,8.76093e-05,8.74392e-05,8.72728e-05,8.71099e-05,8.69505e-05
0.000189344,0.000188449,0.000187544,0.000186629,0.000185704,0.000184768,0.000183821,0.000182863,0.000181893,0.00018091,0.000179913,0.000178903,0.000177879,0.000176839,0.000175784,0.000174712,0.000173622,0.000172514,0.000171386,0.000170238,0.000169068,0.000167874,0.000166657,0.000165413,0.000164141,0.00016284,0.000161507,0.000160141,0.000158738,0.000157297,0.000155814,0.000154286,0.00015271,0.000151081,0.000149395,0.000147647,0.000145832,0.000143943,0.000141972,0.000139909,0.000137746,0.000135474,0.000133086,0.000130589,0.000128002,0.00012537,0.000122747,0.000120191,0.000117748,0.000115434,0.00011325,0.000111224,0.000109378,0.000107717,0.000106233,0.000104907,0.00010372,0.000102652,0.000101685,0.000100805,9.99993e-05,9.92578e-05,9.85719e-05,9.79348e-05,9.73405e-05,9.6784e-05,9.62614e-05,9.57689e-05,9.53036e-05,9.48627e-05,9.44441e-05,9.40458e-05,9.36659e-05,9.33029e-05,9.29556e-05,9.26226e-05,9.23029e-05,9.19955e-05,9.16995e-05,9.14143e-05,9.11389e-05,9.08729e-05,9.06156e-05,9.03665e-05,9.01252e-05,8.9891e-05,8.96638e-05,8.9443e-05,8.92283e-05,8.90194e-05,8.88161e-05,8.8618e-05,8.84248e-05,8.82364e-05,8.80525e-05,8.78729e-05,8.76975e-05,8.7526e-05,8.73582e-05,8.71941e-05,8.70334e-05
0.000189485,0.000188592,0.00018769,0.000186777,0.000185855,0.000184922,0.000183978,0.000183023,0.000182055,0.000181076,0.000180083,0.000179077,0.000178056,0.00017702,0.000175969,0.000174901,0.000173816,0.000172713,0.000171591,0.000170448,0.000169284,0.000168097,0.000166886,0.000165649,0.000164385,0.000163092,0.000161768,0.000160412,0.000159019,0.000157589,0.000156118,0.000154603,0.000153041,0.000151428,0.00014976,0.000148032,0.000146238,0.000144372,0.000142427,0.000140395,0.000138265,0.00013603,0.000133682,0.000131223,0.000128671,0.000126062,0.000123448,0.000120887,0.000118426,0.000116093,0.000113883,0.000111821,0.000109932,0.000108225,0.000106696,0.00010533,0.000104106,0.000103007,0.000102012,0.000101108,0.000100282,9.95224e-05,9.88206e-05,9.81693e-05,9.75624e-05,9.69948e-05,9.6462e-05,9.59604e-05,9.54868e-05,9.50385e-05,9.4613e-05,9.42083e-05,9.38226e-05,9.34542e-05,9.31019e-05,9.27643e-05,9.24403e-05,9.21289e-05,9.18292e-05,9.15404e-05,9.12618e-05,9.09927e-05,9.07325e-05,9.04806e-05,9.02366e-05,9e-05,8.97704e-05,8.95474e-05,8.93306e-05,8.91198e-05,8.89145e-05,8.87146e-05,8.85197e-05,8.83296e-05,8.81441e-05,8.7963e-05,8.77861e-05,8.76132e-05,8.74441e-05,8.72787e-05,8.71168e-05
0.000189626,0.000188735,0.000187835,0.000186925,0.000186005,0.000185075,0.000184134,0.000183182,0.000182218,0.000181241,0.000180252,0.000179249,0.000178232,0.0001772,0.000176153,0.00017509,0.000174009,0.000172911,0.000171794,0.000170656,0.000169498,0.000168317,0.000167113,0.000165883,0.000164627,0.000163342,0.000162027,0.00016068,0.000159297,0.000157878,0.000156419,0.000154917,0.000153369,0.000151772,0.00015012,0.00014841,0.000146637,0.000144794,0.000142875,0.000140871,0.000138773,0.000136574,0.000134264,0.000131845,0.000129328,0.000126745,0.000124144,0.00012158,0.000119105,0.000116752,0.000114521,0.000112426,0.000110496,0.000108745,0.000107171,0.000105763,0.000104502,0.00010337,0.000102347,0.000101418,0.00010057,9.9792e-05,9.90737e-05,9.84078e-05,9.7788e-05,9.72088e-05,9.66656e-05,9.61547e-05,9.56725e-05,9.52164e-05,9.47839e-05,9.43727e-05,9.3981e-05,9.36072e-05,9.32498e-05,9.29074e-05,9.2579e-05,9.22635e-05,9.196e-05,9.16677e-05,9.13857e-05,9.11134e-05,9.08502e-05,9.05956e-05,9.03489e-05,9.01098e-05,8.98778e-05,8.96526e-05,8.94337e-05,8.92207e-05,8.90135e-05,8.88117e-05,8.86151e-05,8.84233e-05,8.82362e-05,8.80536e-05,8.78752e-05,8.77009e-05,8.75304e-05,8.73637e-05,8.72005e-05
0.000189766,0.000188878,0.00018798,0.000187073,0.000186155,0.000185228,0.000184289,0.00018334,0.000182379,0.000181406,0.00018042,0.00017942,0.000178407,0.000177379,0.000176336,0.000175277,0.000174201,0.000173108,0.000171996,0.000170864,0.000169711,0.000168536,0.000167338,0.000166116,0.000164867,0.00016359,0.000162283,0.000160945,0.000159573,0.000158164,0.000156717,0.000155228,0.000153693,0.00015211,0.000150475,0.000148784,0.00014703,0.000145209,0.000143314,0.000141338,0.000139272,0.000137106,0.000134834,0.000132454,0.000129973,0.000127418,0.000124833,0.000122271,0.000119784,0.000117411,0.000115161,0.000113038,0.00011107,0.000109275,0.000107656,0.000106206,0.000104907,0.000103741,0.000102689,0.000101735,0.000100865,0.000100067,9.93313e-05,9.86504e-05,9.80172e-05,9.74261e-05,9.68722e-05,9.63516e-05,9.58607e-05,9.53967e-05,9.49569e-05,9.4539e-05,9.41413e-05,9.37618e-05,9.33992e-05,9.3052e-05,9.27191e-05,9.23995e-05,9.2092e-05,9.1796e-05,9.15106e-05,9.12351e-05,9.09689e-05,9.07114e-05,9.04621e-05,9.02204e-05,8.9986e-05,8.97585e-05,8.95374e-05,8.93224e-05,8.91132e-05,8.89095e-05,8.87111e-05,8.85176e-05,8.83289e-05,8.81447e-05,8.79648e-05,8.7789e-05,8.76172e-05,8.74491e-05,8.72847e-05
0.000189906,0.00018902,0.000188124,0.000187219,0.000186305,0.00018538,0.000184444,0.000183498,0.00018254,0.000181569,0.000180587,0.000179591,0.000178581,0.000177557,0.000176518,0.000175464,0.000174392,0.000173303,0.000172196,0.00017107,0.000169922,0.000168754,0.000167562,0.000166346,0.000165105,0.000163836,0.000162537,0.000161208,0.000159846,0.000158448,0.000157011,0.000155534,0.000154013,0.000152445,0.000150826,0.000149152,0.000147417,0.000145618,0.000143747,0.000141797,0.00013976,0.000137628,0.000135392,0.00013305,0.000130606,0.000128081,0.000125515,0.000122958,0.000120463,0.000118071,0.000115803,0.000113655,0.000111652,0.000109815,0.000108153,0.00010666,0.000105322,0.000104121,0.000103039,0.000102058,0.000101165,0.000100347,9.95936e-05,9.88972e-05,9.82502e-05,9.76467e-05,9.70818e-05,9.65513e-05,9.60514e-05,9.55792e-05,9.5132e-05,9.47074e-05,9.43033e-05,9.39181e-05,9.35502e-05,9.31981e-05,9.28606e-05,9.25367e-05,9.22253e-05,9.19255e-05,9.16366e-05,9.13578e-05,9.10885e-05,9.08281e-05,9.05761e-05,9.03318e-05,9.0095e-05,8.98651e-05,8.96418e-05,8.94247e-05,8.92135e-05,8.90079e-05,8.88077e-05,8.86125e-05,8.84221e-05,8.82363e-05,8.80548e-05,8.78776e-05,8.77044e-05,8.7535e-05,8.73692e-05
0.000190045,0.000189161,0.000188268,0.000187366,0.000186453,0.000185531,0.000184598,0.000183655,0.000182699,0.000181732,0.000180753,0.000179761,0.000178755,0.000177735,0.0001767,0.000175649,0.000174582,0.000173498,0.000172395,0.000171274,0.000170133,0.00016897,0.000167784,0.000166575,0.000165341,0.000164079,0.000162789,0.000161469,0.000160116,0.000158728,0.000157303,0.000155838,0.00015433,0.000152776,0.000151172,0.000149515,0.000147799,0.00014602,0.000144172,0.000142248,0.00014024,0.000138139,0.000135939,0.000133633,0.000131226,0.000128733,0.000126189,0.00012364,0.00012114,0.000118733,0.000116446,0.000114276,0.000112241,0.000110365,0.00010866,0.000107124,0.000105747,0.00010451,0.000103396,0.000102388,0.000101471,0.000100632,9.98608e-05,9.91483e-05,9.8487e-05,9.78709e-05,9.72946e-05,9.67538e-05,9.62448e-05,9.57642e-05,9.53093e-05,9.48777e-05,9.44673e-05,9.40762e-05,9.37027e-05,9.33456e-05,9.30035e-05,9.26752e-05,9.23597e-05,9.20561e-05,9.17637e-05,9.14816e-05,9.12092e-05,9.09458e-05,9.06909e-05,9.0444e-05,9.02047e-05,8.99724e-05,8.97469e-05,8.95276e-05,8.93144e-05,8.91069e-05,8.89048e-05,8.87078e-05,8.85158e-05,8.83284e-05,8.81454e-05,8.79667e-05,8.7792e-05,8.76213e-05,8.74542e-05
0.000190184,0.000189302,0.000188411,0.000187511,0.000186602,0.000185682,0.000184752,0.000183811,0.000182859,0.000181895,0.000180919,0.00017993,0.000178927,0.000177911,0.00017688,0.000175833,0.000174771,0.000173691,0.000172594,0.000171477,0.000170341,0.000169184,0.000168005,0.000166803,0.000165575,0.000164321,0.000163039,0.000161727,0.000160384,0.000159006,0.000157591,0.000156138,0.000154643,0.000153103,0.000151514,0.000149873,0.000148175,0.000146416,0.00014459,0.000142691,0.00014071,0.000138641,0.000136474,0.000134205,0.000131834,0.000129374,0.000126854,0.000124317,0.000121816,0.000119396,0.00011709,0.000114901,0.000112837,0.000110924,0.000109177,0.000107599,0.000106181,0.000104908,0.000103762,0.000102725,0.000101784,0.000100923,0.000100133,9.94038e-05,9.87278e-05,9.80986e-05,9.75106e-05,9.69593e-05,9.64408e-05,9.59516e-05,9.54889e-05,9.50501e-05,9.46331e-05,9.42359e-05,9.3857e-05,9.34947e-05,9.31478e-05,9.2815e-05,9.24954e-05,9.2188e-05,9.18919e-05,9.16064e-05,9.13307e-05,9.10643e-05,9.08066e-05,9.05571e-05,9.03152e-05,9.00805e-05,8.98527e-05,8.96313e-05,8.9416e-05,8.92065e-05,8.90026e-05,8.88038e-05,8.861e-05,8.8421e-05,8.82365e-05,8.80563e-05,8.78802e-05,8.7708e-05,8.75396e-05
0.000190322,0.000189442,0.000188554,0.000187656,0.000186749,0.000185832,0.000184905,0.000183967,0.000183017,0.000182056,0.000181083,0.000180098,0.000179099,0.000178086,0.000177059,0.000176017,0.000174958,0.000173883,0.000172791,0.000171679,0.000170549,0.000169397,0.000168224,0.000167028,0.000165808,0.000164561,0.000163287,0.000161984,0.000160649,0.000159281,0.000157877,0.000156435,0.000154952,0.000153425,0.000151851,0.000150226,0.000148546,0.000146807,0.000145002,0.000143126,0.000141172,0.000139132,0.000136999,0.000134765,0.00013243,0.000130004,0.00012751,0.000124988,0.000122489,0.000120059,0.000117734,0.000115528,0.000113438,0.000111491,0.000109704,0.000108084,0.000106626,0.000105315,0.000104136,0.00010307,0.000102103,0.00010122,0.00010041,9.96639e-05,9.89727e-05,9.833e-05,9.77299e-05,9.71678e-05,9.66395e-05,9.61415e-05,9.56707e-05,9.52246e-05,9.48009e-05,9.43975e-05,9.40129e-05,9.36453e-05,9.32935e-05,9.29562e-05,9.26324e-05,9.2321e-05,9.20212e-05,9.17322e-05,9.14533e-05,9.11839e-05,9.09233e-05,9.0671e-05,9.04265e-05,9.01894e-05,8.99592e-05,8.97356e-05,8.95183e-05,8.93068e-05,8.91009e-05,8.89004e-05,8.87048e-05,8.85141e-05,8.8328e-05,8.81463e-05,8.79688e-05,8.77952e-05,8.76255e-05
0.00019046,0.000189582,0.000188696,0.000187801,0.000186896,0.000185982,0.000185057,0.000184122,0.000183175,0.000182217,0.000181248,0.000180265,0.00017927,0.000178261,0.000177237,0.000176199,0.000175145,0.000174074,0.000172986,0.00017188,0.000170755,0.000169609,0.000168442,0.000167252,0.000166038,0.000164799,0.000163533,0.000162238,0.000160912,0.000159553,0.00015816,0.000156729,0.000155258,0.000153745,0.000152185,0.000150575,0.000148912,0.000147191,0.000145407,0.000143554,0.000141626,0.000139615,0.000137513,0.000135313,0.000133014,0.000130621,0.000128156,0.000125652,0.000123158,0.000120721,0.000118379,0.000116155,0.000114044,0.000112065,0.00011024,0.000108579,0.00010708,0.000105732,0.000104518,0.000103423,0.000102429,0.000101523,0.000100693,9.99287e-05,9.92218e-05,9.85651e-05,9.79527e-05,9.73794e-05,9.6841e-05,9.63339e-05,9.58549e-05,9.54013e-05,9.49706e-05,9.4561e-05,9.41705e-05,9.37975e-05,9.34407e-05,9.30988e-05,9.27706e-05,9.24552e-05,9.21516e-05,9.18591e-05,9.15769e-05,9.13043e-05,9.10408e-05,9.07857e-05,9.05386e-05,9.0299e-05,9.00665e-05,8.98407e-05,8.96212e-05,8.94077e-05,8.91999e-05,8.89975e-05,8.88002e-05,8.86078e-05,8.84201e-05,8.82368e-05,8.80578e-05,8.78829e-05,8.77118e-05
0.000190597,0.000189722,0.000188838,0.000187945,0.000187043,0.000186131,0.000185208,0.000184276,0.000183332,0.000182378,0.000181411,0.000180432,0.00017944,0.000178434,0.000177415,0.00017638,0.00017533,0.000174264,0.000173181,0.00017208,0.00017096,0.000169819,0.000168658,0.000167475,0.000166267,0.000165035,0.000163776,0.000162489,0.000161172,0.000159823,0.00015844,0.00015702,0.000155561,0.00015406,0.000152514,0.00015092,0.000149273,0.000147571,0.000145807,0.000143976,0.000142072,0.000140088,0.000138017,0.00013585,0.000133586,0.000131228,0.000128791,0.000126308,0.000123823,0.000121381,0.000119026,0.000116784,0.000114653,0.000112646,0.000110785,0.000109084,0.000107545,0.000106158,0.00010491,0.000103783,0.000102762,0.000101832,0.000100981,0.000100198,9.94752e-05,9.88042e-05,9.81789e-05,9.75941e-05,9.70454e-05,9.6529e-05,9.60415e-05,9.55801e-05,9.51424e-05,9.47263e-05,9.43298e-05,9.39514e-05,9.35894e-05,9.32428e-05,9.29102e-05,9.25907e-05,9.22833e-05,9.19871e-05,9.17015e-05,9.14258e-05,9.11592e-05,9.09013e-05,9.06516e-05,9.04094e-05,9.01745e-05,8.99464e-05,8.97248e-05,8.95092e-05,8.92995e-05,8.90952e-05,8.88961e-05,8.87021e-05,8.85127e-05,8.83279e-05,8.81474e-05,8.7971e-05,8.77985e-05
0.000190734,0.000189861,0.000188979,0.000188088,0.000187189,0.000186279,0.00018536,0.00018443,0.000183489,0.000182537,0.000181573,0.000180598,0.000179609,0.000178607,0.000177591,0.000176561,0.000175515,0.000174453,0.000173375,0.000172278,0.000171163,0.000170028,0.000168873,0.000167695,0.000166495,0.000165269,0.000164018,0.000162739,0.000161431,0.000160091,0.000158717,0.000157308,0.00015586,0.000154372,0.00015284,0.00015126,0.00014963,0.000147945,0.0001462,0.000144391,0.000142511,0.000140553,0.000138511,0.000136377,0.000134147,0.000131823,0.000129417,0.000126956,0.000124482,0.00012204,0.000119673,0.000117412,0.000115265,0.000113232,0.000111338,0.000109598,0.000108019,0.000106594,0.00010531,0.000104151,0.000103102,0.000102147,0.000101275,0.000100473,9.97331e-05,9.90472e-05,9.84087e-05,9.78121e-05,9.72528e-05,9.67267e-05,9.62305e-05,9.57612e-05,9.53163e-05,9.48935e-05,9.44909e-05,9.41068e-05,9.37397e-05,9.33882e-05,9.30511e-05,9.27274e-05,9.24161e-05,9.21163e-05,9.18272e-05,9.15482e-05,9.12786e-05,9.10178e-05,9.07654e-05,9.05207e-05,9.02833e-05,9.00529e-05,8.98291e-05,8.96114e-05,8.93997e-05,8.91935e-05,8.89926e-05,8.87968e-05,8.86058e-05,8.84194e-05,8.82374e-05,8.80596e-05,8.78857e-05
0.00019087,0.000189999,0.00018912,0.000188231,0.000187334,0.000186427,0.00018551,0.000184583,0.000183645,0.000182696,0.000181735,0.000180763,0.000179778,0.000178779,0.000177767,0.00017674,0.000175699,0.000174641,0.000173567,0.000172475,0.000171365,0.000170236,0.000169086,0.000167915,0.00016672,0.000165502,0.000164258,0.000162987,0.000161687,0.000160356,0.000158992,0.000157593,0.000156157,0.000154681,0.000153161,0.000151596,0.000149982,0.000148313,0.000146588,0.000144799,0.000142942,0.00014101,0.000138996,0.000136894,0.000134697,0.000132406,0.000130032,0.000127596,0.000125135,0.000122696,0.00012032,0.000118042,0.000115878,0.000113823,0.000111897,0.000110121,0.000108503,0.000107039,0.000105718,0.000104527,0.000103449,0.000102469,0.000101574,0.000100753,9.99955e-05,9.92943e-05,9.86422e-05,9.80334e-05,9.74632e-05,9.69272e-05,9.64221e-05,9.59447e-05,9.54923e-05,9.50627e-05,9.46539e-05,9.4264e-05,9.38915e-05,9.35351e-05,9.31934e-05,9.28654e-05,9.255e-05,9.22465e-05,9.1954e-05,9.16717e-05,9.1399e-05,9.11353e-05,9.088e-05,9.06327e-05,9.03929e-05,9.01601e-05,8.9934e-05,8.97143e-05,8.95005e-05,8.92924e-05,8.90897e-05,8.88922e-05,8.86995e-05,8.85115e-05,8.83279e-05,8.81486e-05,8.79733e-05
0.000191006,0.000190137,0.00018926,0.000188374,0.000187479,0.000186574,0.00018566,0.000184735,0.0001838,0.000182854,0.000181897,0.000180927,0.000179945,0.00017895,0.000177942,0.000176919,0.000175881,0.000174828,0.000173758,0.000172671,0.000171566,0.000170442,0.000169298,0.000168132,0.000166945,0.000165733,0.000164496,0.000163232,0.00016194,0.000160618,0.000159264,0.000157875,0.00015645,0.000154986,0.000153479,0.000151928,0.000150329,0.000148677,0.00014697,0.000145201,0.000143366,0.000141459,0.000139473,0.0001374,0.000135236,0.000132979,0.000130636,0.000128226,0.000125782,0.000123348,0.000120966,0.000118673,0.000116492,0.000114417,0.000112464,0.000110653,0.000108996,0.000107493,0.000106136,0.000104912,0.000103804,0.000102797,0.000101879,0.000101038,0.000100263,9.95456e-05,9.88795e-05,9.82582e-05,9.76766e-05,9.71306e-05,9.66162e-05,9.61305e-05,9.56705e-05,9.52339e-05,9.48187e-05,9.44229e-05,9.4045e-05,9.36834e-05,9.33371e-05,9.30047e-05,9.26853e-05,9.23779e-05,9.20818e-05,9.17961e-05,9.15203e-05,9.12536e-05,9.09955e-05,9.07455e-05,9.05032e-05,9.02681e-05,9.00397e-05,8.98178e-05,8.9602e-05,8.9392e-05,8.91874e-05,8.89881e-05,8.87937e-05,8.86041e-05,8.84189e-05,8.82381e-05,8.80614e-05
0.000191142,0.000190275,0.0001894,0.000188516,0.000187623,0.000186721,0.000185809,0.000184887,0.000183955,0.000183012,0.000182057,0.000181091,0.000180112,0.000179121,0.000178116,0.000177097,0.000176063,0.000175014,0.000173948,0.000172866,0.000171766,0.000170647,0.000169508,0.000168349,0.000167167,0.000165962,0.000164732,0.000163476,0.000162192,0.000160879,0.000159533,0.000158155,0.00015674,0.000155288,0.000153794,0.000152256,0.000150672,0.000149036,0.000147346,0.000145597,0.000143784,0.000141901,0.00013994,0.000137897,0.000135764,0.00013354,0.000131229,0.000128846,0.000126422,0.000123995,0.000121611,0.000119305,0.000117106,0.000115014,0.000113035,0.000111192,0.000109498,0.000107957,0.000106563,0.000105305,0.000104166,0.000103133,0.000102191,0.000101328,0.000100535,9.98013e-05,9.91206e-05,9.84864e-05,9.78933e-05,9.73368e-05,9.6813e-05,9.63187e-05,9.58509e-05,9.54072e-05,9.49854e-05,9.45835e-05,9.42e-05,9.38333e-05,9.34822e-05,9.31453e-05,9.28217e-05,9.25105e-05,9.22107e-05,9.19216e-05,9.16425e-05,9.13728e-05,9.11119e-05,9.08592e-05,9.06143e-05,9.03768e-05,9.01461e-05,8.9922e-05,8.97041e-05,8.94921e-05,8.92857e-05,8.90845e-05,8.88884e-05,8.86972e-05,8.85105e-05,8.83281e-05,8.815e-05
0.000191277,0.000190412,0.000189539,0.000188657,0.000187767,0.000186867,0.000185958,0.000185038,0.000184109,0.000183168,0.000182217,0.000181254,0.000180278,0.00017929,0.000178289,0.000177273,0.000176244,0.000175199,0.000174138,0.00017306,0.000171965,0.000170851,0.000169717,0.000168564,0.000167388,0.000166189,0.000164966,0.000163718,0.000162442,0.000161137,0.000159801,0.000158432,0.000157028,0.000155586,0.000154105,0.000152581,0.00015101,0.000149391,0.000147718,0.000145988,0.000144195,0.000142335,0.0001404,0.000138385,0.000136283,0.000134091,0.000131811,0.000129457,0.000127054,0.000124638,0.000122253,0.000119937,0.000117721,0.000115613,0.000113612,0.000111738,0.000110009,0.00010843,0.000106999,0.000105706,0.000104536,0.000103475,0.000102508,0.000101624,0.000100812,0.000100061,9.93658e-05,9.87182e-05,9.81132e-05,9.75459e-05,9.70125e-05,9.65093e-05,9.60335e-05,9.55825e-05,9.5154e-05,9.4746e-05,9.43567e-05,9.39848e-05,9.36287e-05,9.32873e-05,9.29595e-05,9.26442e-05,9.23407e-05,9.20482e-05,9.17658e-05,9.1493e-05,9.12292e-05,9.09738e-05,9.07263e-05,9.04862e-05,9.02533e-05,9.00269e-05,8.98069e-05,8.95929e-05,8.93845e-05,8.91816e-05,8.89837e-05,8.87908e-05,8.86025e-05,8.84186e-05,8.8239e-05
0.000191412,0.000190549,0.000189678,0.000188798,0.00018791,0.000187013,0.000186106,0.000185189,0.000184262,0.000183325,0.000182376,0.000181416,0.000180444,0.000179459,0.000178461,0.000177449,0.000176423,0.000175382,0.000174326,0.000173253,0.000172162,0.000171053,0.000169925,0.000168777,0.000167607,0.000166415,0.000165199,0.000163958,0.000162689,0.000161392,0.000160065,0.000158706,0.000157312,0.000155882,0.000154412,0.000152901,0.000151345,0.000149741,0.000148085,0.000146373,0.0001446,0.000142762,0.000140852,0.000138864,0.000136791,0.000134631,0.000132383,0.000130058,0.000127677,0.000125275,0.000122892,0.000120569,0.000118337,0.000116213,0.000114192,0.00011229,0.000110527,0.000108912,0.000107444,0.000106116,0.000104914,0.000103824,0.000102833,0.000101926,0.000101094,0.000100326,9.96151e-05,9.89538e-05,9.83364e-05,9.77581e-05,9.72147e-05,9.67025e-05,9.62185e-05,9.576e-05,9.53245e-05,9.49102e-05,9.45152e-05,9.41378e-05,9.37767e-05,9.34307e-05,9.30985e-05,9.27792e-05,9.24719e-05,9.21758e-05,9.18901e-05,9.16142e-05,9.13474e-05,9.10892e-05,9.0839e-05,9.05965e-05,9.03611e-05,9.01326e-05,8.99104e-05,8.96943e-05,8.9484e-05,8.92792e-05,8.90796e-05,8.88849e-05,8.8695e-05,8.85096e-05,8.83285e-05
0.000191546,0.000190685,0.000189816,0.000188939,0.000188053,0.000187158,0.000186253,0.000185339,0.000184415,0.00018348,0.000182534,0.000181577,0.000180608,0.000179627,0.000178632,0.000177624,0.000176602,0.000175565,0.000174513,0.000173444,0.000172358,0.000171254,0.000170132,0.000168989,0.000167825,0.000166639,0.00016543,0.000164195,0.000162935,0.000161646,0.000160328,0.000158978,0.000157594,0.000156175,0.000154717,0.000153218,0.000151675,0.000150086,0.000148446,0.000146752,0.000144999,0.000143182,0.000141296,0.000139334,0.00013729,0.00013516,0.000132944,0.000130648,0.000128292,0.000125906,0.000123528,0.0001212,0.000118954,0.000116813,0.000114775,0.000112848,0.000111053,0.000109402,0.000107898,0.000106535,0.0001053,0.000104181,0.000103163,0.000102234,0.000101381,0.000100596,9.98686e-05,9.91931e-05,9.85631e-05,9.79734e-05,9.74198e-05,9.68983e-05,9.64058e-05,9.59396e-05,9.54971e-05,9.50763e-05,9.46753e-05,9.42924e-05,9.39262e-05,9.35754e-05,9.32388e-05,9.29154e-05,9.26043e-05,9.23045e-05,9.20154e-05,9.17363e-05,9.14665e-05,9.12054e-05,9.09526e-05,9.07075e-05,9.04697e-05,9.02389e-05,9.00145e-05,8.97964e-05,8.95841e-05,8.93774e-05,8.9176e-05,8.89796e-05,8.87881e-05,8.86011e-05,8.84185e-05
0.000191679,0.000190821,0.000189954,0.000189079,0.000188195,0.000187302,0.0001864,0.000185489,0.000184567,0.000183635,0.000182692,0.000181738,0.000180772,0.000179794,0.000178803,0.000177798,0.00017678,0.000175747,0.000174699,0.000173634,0.000172553,0.000171454,0.000170337,0.000169199,0.000168042,0.000166862,0.000165659,0.000164432,0.000163178,0.000161898,0.000160588,0.000159247,0.000157873,0.000156464,0.000155018,0.000153531,0.000152002,0.000150427,0.000148803,0.000147126,0.000145392,0.000143596,0.000141733,0.000139796,0.00013778,0.00013568,0.000133495,0.000131229,0.000128898,0.000126529,0.00012416,0.000121829,0.000119572,0.000117414,0.00011536,0.000113411,0.000111586,0.000109901,0.000108361,0.000106962,0.000105695,0.000104545,0.000103501,0.000102547,0.000101674,0.00010087,0.000100126,9.94363e-05,9.87933e-05,9.81919e-05,9.76277e-05,9.70967e-05,9.65956e-05,9.61215e-05,9.56718e-05,9.52443e-05,9.48372e-05,9.44487e-05,9.40773e-05,9.37216e-05,9.33805e-05,9.30529e-05,9.27378e-05,9.24344e-05,9.21418e-05,9.18594e-05,9.15865e-05,9.13226e-05,9.1067e-05,9.08193e-05,9.05791e-05,9.03459e-05,9.01194e-05,8.98991e-05,8.96849e-05,8.94762e-05,8.9273e-05,8.90749e-05,8.88817e-05,8.86931e-05,8.8509e-05
0.000191813,0.000190956,0.000190091,0.000189218,0.000188337,0.000187446,0.000186547,0.000185638,0.000184719,0.000183789,0.000182849,0.000181898,0.000180935,0.00017996,0.000178973,0.000177972,0.000176957,0.000175928,0.000174884,0.000173824,0.000172747,0.000171653,0.000170541,0.000169409,0.000168256,0.000167083,0.000165886,0.000164666,0.00016342,0.000162147,0.000160846,0.000159514,0.000158149,0.000156751,0.000155316,0.000153841,0.000152325,0.000150764,0.000149156,0.000147495,0.00014578,0.000144004,0.000142163,0.000140251,0.000138262,0.000136191,0.000134035,0.000131799,0.000129495,0.000127146,0.000124786,0.000122456,0.000120189,0.000118016,0.000115946,0.000113977,0.000112125,0.000110408,0.000108832,0.000107398,0.000106097,0.000104917,0.000103845,0.000102867,0.000101972,0.000101149,0.000100389,9.96835e-05,9.90271e-05,9.84137e-05,9.78386e-05,9.72979e-05,9.67879e-05,9.63056e-05,9.58485e-05,9.54143e-05,9.50009e-05,9.46066e-05,9.42299e-05,9.38692e-05,9.35235e-05,9.31916e-05,9.28725e-05,9.25653e-05,9.22692e-05,9.19835e-05,9.17075e-05,9.14406e-05,9.11823e-05,9.0932e-05,9.06893e-05,9.04537e-05,9.02249e-05,9.00025e-05,8.97862e-05,8.95757e-05,8.93706e-05,8.91707e-05,8.89758e-05,8.87856e-05,8.85999e-05
0.000191946,0.000191091,0.000190228,0.000189357,0.000188478,0.00018759,0.000186693,0.000185786,0.00018487,0.000183943,0.000183006,0.000182057,0.000181098,0.000180126,0.000179142,0.000178144,0.000177133,0.000176108,0.000175068,0.000174012,0.00017294,0.000171851,0.000170743,0.000169617,0.00016847,0.000167302,0.000166112,0.000164898,0.00016366,0.000162394,0.000161101,0.000159778,0.000158423,0.000157035,0.00015561,0.000154148,0.000152644,0.000151097,0.000149504,0.00014786,0.000146162,0.000144405,0.000142586,0.000140697,0.000138734,0.000136692,0.000134566,0.00013236,0.000130082,0.000127754,0.000125407,0.000123079,0.000120807,0.000118619,0.000116534,0.000114547,0.00011267,0.000110921,0.000109311,0.000107842,0.000106508,0.000105297,0.000104196,0.000103194,0.000102276,0.000101433,0.000100655,9.99349e-05,9.92646e-05,9.86388e-05,9.80526e-05,9.75018e-05,9.69827e-05,9.64921e-05,9.60274e-05,9.55862e-05,9.51665e-05,9.47663e-05,9.43841e-05,9.40184e-05,9.36679e-05,9.33316e-05,9.30084e-05,9.26974e-05,9.23977e-05,9.21086e-05,9.18295e-05,9.15596e-05,9.12984e-05,9.10454e-05,9.08002e-05,9.05622e-05,9.03312e-05,9.01066e-05,8.98882e-05,8.96757e-05,8.94687e-05,8.92671e-05,8.90705e-05,8.88786e-05,8.86914e-05
0.000192078,0.000191225,0.000190365,0.000189496,0.000188619,0.000187733,0.000186838,0.000185934,0.00018502,0.000184096,0.000183161,0.000182216,0.000181259,0.000180291,0.00017931,0.000178316,0.000177309,0.000176287,0.000175251,0.000174199,0.000173132,0.000172047,0.000170944,0.000169823,0.000168682,0.00016752,0.000166336,0.000165129,0.000163898,0.00016264,0.000161355,0.00016004,0.000158695,0.000157316,0.000155902,0.000154451,0.00015296,0.000151427,0.000149847,0.000148219,0.000146538,0.000144801,0.000143002,0.000141137,0.000139199,0.000137183,0.000135087,0.00013291,0.00013066,0.000128355,0.000126023,0.0001237,0.000121422,0.000119222,0.000117121,0.000115118,0.000113219,0.000111441,0.000109799,0.000108295,0.000106927,0.000105684,0.000104555,0.000103526,0.000102586,0.000101723,0.000100927,0.00010019,9.95059e-05,9.88673e-05,9.82697e-05,9.77085e-05,9.718e-05,9.6681e-05,9.62085e-05,9.57602e-05,9.53339e-05,9.49277e-05,9.45399e-05,9.4169e-05,9.38138e-05,9.3473e-05,9.31456e-05,9.28307e-05,9.25273e-05,9.22348e-05,9.19524e-05,9.16794e-05,9.14154e-05,9.11597e-05,9.09119e-05,9.06715e-05,9.04381e-05,9.02114e-05,8.99909e-05,8.97764e-05,8.95675e-05,8.9364e-05,8.91657e-05,8.89722e-05,8.87833e-05
0.00019221,0.000191359,0.000190501,0.000189634,0.000188759,0.000187875,0.000186983,0.000186081,0.00018517,0.000184248,0.000183317,0.000182374,0.00018142,0.000180455,0.000179477,0.000178487,0.000177483,0.000176465,0.000175433,0.000174386,0.000173322,0.000172242,0.000171145,0.000170028,0.000168893,0.000167737,0.000166559,0.000165358,0.000164134,0.000162883,0.000161606,0.0001603,0.000158963,0.000157595,0.000156191,0.000154751,0.000153272,0.000151752,0.000150187,0.000148574,0.00014691,0.000145191,0.000143412,0.000141569,0.000139655,0.000137667,0.000135598,0.00013345,0.000131228,0.000128947,0.000126631,0.000124316,0.000122037,0.000119826,0.000117709,0.000115692,0.000113772,0.000111968,0.000110294,0.000108756,0.000107354,0.000106079,0.000104921,0.000103866,0.000102902,0.000102018,0.000101203,0.00010045,9.9751e-05,9.90994e-05,9.849e-05,9.79182e-05,9.73801e-05,9.68723e-05,9.63919e-05,9.59362e-05,9.55032e-05,9.50908e-05,9.46973e-05,9.43212e-05,9.3961e-05,9.36157e-05,9.32841e-05,9.29651e-05,9.26581e-05,9.2362e-05,9.20763e-05,9.18003e-05,9.15333e-05,9.12748e-05,9.10244e-05,9.07815e-05,9.05458e-05,9.03168e-05,9.00942e-05,8.98777e-05,8.96669e-05,8.94616e-05,8.92614e-05,8.90662e-05,8.88758e-05
0.000192342,0.000191493,0.000190636,0.000189772,0.000188899,0.000188017,0.000187127,0.000186228,0.000185319,0.0001844,0.000183471,0.000182531,0.000181581,0.000180618,0.000179644,0.000178657,0.000177656,0.000176643,0.000175614,0.000174571,0.000173512,0.000172436,0.000171343,0.000170232,0.000169102,0.000167952,0.00016678,0.000165586,0.000164368,0.000163125,0.000161855,0.000160557,0.00015923,0.00015787,0.000156477,0.000155048,0.000153581,0.000152074,0.000150522,0.000148924,0.000147277,0.000145575,0.000143816,0.000141994,0.000140104,0.000138141,0.000136101,0.000133981,0.000131787,0.00012953,0.000127233,0.000124927,0.000122648,0.00012043,0.000118298,0.000116266,0.000114328,0.000112499,0.000110795,0.000109225,0.000107789,0.000106482,0.000105294,0.000104212,0.000103224,0.000102318,0.000101485,0.000100715,0.0001,9.93351e-05,9.87135e-05,9.81308e-05,9.75828e-05,9.70661e-05,9.65775e-05,9.61144e-05,9.56745e-05,9.52558e-05,9.48564e-05,9.44749e-05,9.41098e-05,9.37598e-05,9.34238e-05,9.31008e-05,9.27899e-05,9.24903e-05,9.22013e-05,9.19221e-05,9.16521e-05,9.13908e-05,9.11377e-05,9.08923e-05,9.06542e-05,9.0423e-05,9.01982e-05,8.99796e-05,8.97669e-05,8.95597e-05,8.93577e-05,8.91609e-05,8.89688e-05
0.000192473,0.000191626,0.000190771,0.000189909,0.000189038,0.000188159,0.000187271,0.000186374,0.000185468,0.000184551,0.000183625,0.000182688,0.00018174,0.000180781,0.00017981,0.000178826,0.000177829,0.000176819,0.000175794,0.000174755,0.0001737,0.000172629,0.000171541,0.000170435,0.00016931,0.000168165,0.000166999,0.000165812,0.0001646,0.000163364,0.000162102,0.000160813,0.000159494,0.000158144,0.000156761,0.000155342,0.000153887,0.000152392,0.000150854,0.00014927,0.000147639,0.000145955,0.000144214,0.000142413,0.000140546,0.000138608,0.000136594,0.000134503,0.000132336,0.000130105,0.000127827,0.000125533,0.000123257,0.000121033,0.000118888,0.000116841,0.000114887,0.000113036,0.000111303,0.000109701,0.000108233,0.000106893,0.000105675,0.000104565,0.000103552,0.000102624,0.000101771,0.000100983,0.000100254,9.95745e-05,9.89404e-05,9.83465e-05,9.77884e-05,9.72624e-05,9.67654e-05,9.62947e-05,9.58478e-05,9.54226e-05,9.50173e-05,9.46302e-05,9.426e-05,9.39052e-05,9.35648e-05,9.32377e-05,9.29229e-05,9.26197e-05,9.23272e-05,9.20448e-05,9.17718e-05,9.15077e-05,9.12519e-05,9.10039e-05,9.07634e-05,9.05298e-05,9.03029e-05,9.00822e-05,8.98675e-05,8.96584e-05,8.94546e-05,8.9256e-05,8.90623e-05
0.000192604,0.000191759,0.000190906,0.000190045,0.000189177,0.0001883,0.000187414,0.00018652,0.000185616,0.000184702,0.000183778,0.000182844,0.000181899,0.000180943,0.000179975,0.000178994,0.000178001,0.000176994,0.000175974,0.000174938,0.000173888,0.000172821,0.000171738,0.000170637,0.000169517,0.000168377,0.000167217,0.000166036,0.000164831,0.000163602,0.000162348,0.000161066,0.000159756,0.000158415,0.000157041,0.000155634,0.000154189,0.000152706,0.000151181,0.000149612,0.000147996,0.000146329,0.000144607,0.000142826,0.000140981,0.000139067,0.000137079,0.000135015,0.000132876,0.00013067,0.000128414,0.000126134,0.000123863,0.000121635,0.000119479,0.000117415,0.000115448,0.000113576,0.000111818,0.000110185,0.000108684,0.000107312,0.000106063,0.000104925,0.000103886,0.000102936,0.000102062,0.000101257,0.000100511,9.98176e-05,9.91708e-05,9.85653e-05,9.79968e-05,9.74614e-05,9.69558e-05,9.64772e-05,9.60231e-05,9.55913e-05,9.51799e-05,9.47872e-05,9.44117e-05,9.40521e-05,9.37072e-05,9.33758e-05,9.30571e-05,9.27502e-05,9.24542e-05,9.21685e-05,9.18925e-05,9.16254e-05,9.13669e-05,9.11163e-05,9.08733e-05,9.06374e-05,9.04082e-05,9.01854e-05,8.99687e-05,8.97577e-05,8.95521e-05,8.93517e-05,8.91563e-05
0.000192734,0.000191891,0.00019104,0.000190182,0.000189315,0.00018844,0.000187557,0.000186665,0.000185763,0.000184852,0.000183931,0.000183,0.000182057,0.000181104,0.000180139,0.000179162,0.000178172,0.000177169,0.000176152,0.000175121,0.000174074,0.000173012,0.000171933,0.000170837,0.000169722,0.000168588,0.000167434,0.000166258,0.00016506,0.000163838,0.000162591,0.000161317,0.000160015,0.000158683,0.000157319,0.000155922,0.000154489,0.000153017,0.000151505,0.00014995,0.000148349,0.000146698,0.000144994,0.000143232,0.000141408,0.000139518,0.000137556,0.000135519,0.000133407,0.000131227,0.000128993,0.000126728,0.000124464,0.000122235,0.00012007,0.000117991,0.00011601,0.00011412,0.000112337,0.000110675,0.000109142,0.000107739,0.000106459,0.000105292,0.000104227,0.000103253,0.000102359,0.000101535,0.000100773,0.000100065,9.94047e-05,9.87873e-05,9.82081e-05,9.7663e-05,9.71486e-05,9.66619e-05,9.62005e-05,9.57619e-05,9.53443e-05,9.49458e-05,9.4565e-05,9.42004e-05,9.38509e-05,9.35152e-05,9.31925e-05,9.28818e-05,9.25823e-05,9.22933e-05,9.20141e-05,9.17441e-05,9.14827e-05,9.12295e-05,9.0984e-05,9.07457e-05,9.05143e-05,9.02893e-05,9.00705e-05,8.98576e-05,8.96501e-05,8.9448e-05,8.92509e-05
0.000192864,0.000192023,0.000191174,0.000190317,0.000189453,0.00018858,0.000187699,0.000186809,0.00018591,0.000185001,0.000184083,0.000183154,0.000182215,0.000181265,0.000180303,0.000179329,0.000178342,0.000177343,0.00017633,0.000175302,0.00017426,0.000173202,0.000172127,0.000171036,0.000169926,0.000168798,0.000167649,0.000166479,0.000165288,0.000164072,0.000162832,0.000161566,0.000160272,0.000158949,0.000157595,0.000156207,0.000154785,0.000153325,0.000151826,0.000150284,0.000148697,0.000147062,0.000145375,0.000143632,0.000141829,0.000139962,0.000138024,0.000136013,0.000133929,0.000131775,0.000129563,0.000127316,0.000125061,0.000122832,0.00012066,0.000118568,0.000116572,0.000114666,0.000112861,0.000111172,0.000109608,0.000108173,0.000106862,0.000105666,0.000104575,0.000103577,0.000102662,0.000101818,0.000101039,0.000100316,9.96421e-05,9.90126e-05,9.84224e-05,9.78673e-05,9.73439e-05,9.6849e-05,9.638e-05,9.59345e-05,9.55105e-05,9.51061e-05,9.47199e-05,9.43502e-05,9.3996e-05,9.36559e-05,9.33291e-05,9.30145e-05,9.27114e-05,9.2419e-05,9.21366e-05,9.18636e-05,9.15995e-05,9.13436e-05,9.10955e-05,9.08548e-05,9.06211e-05,9.03939e-05,9.0173e-05,8.99581e-05,8.97488e-05,8.95448e-05,8.9346e-05
0.000192994,0.000192154,0.000191307,0.000190453,0.00018959,0.00018872,0.000187841,0.000186953,0.000186056,0.00018515,0.000184234,0.000183308,0.000182372,0.000181424,0.000180466,0.000179495,0.000178512,0.000177516,0.000176506,0.000175483,0.000174444,0.000173391,0.000172321,0.000171234,0.000170129,0.000169006,0.000167863,0.000166699,0.000165513,0.000164305,0.000163072,0.000161813,0.000160527,0.000159213,0.000157867,0.00015649,0.000155078,0.000153629,0.000152142,0.000150614,0.000149041,0.000147422,0.000145751,0.000144027,0.000142244,0.000140398,0.000138485,0.000136499,0.000134441,0.000132314,0.000130126,0.000127897,0.000125653,0.000123427,0.000121249,0.000119146,0.000117135,0.000115215,0.000113389,0.000111674,0.000110081,0.000108615,0.000107272,0.000106047,0.000104929,0.000103907,0.000102969,0.000102107,0.00010131,0.000100571,9.98833e-05,9.92412e-05,9.86397e-05,9.80744e-05,9.75417e-05,9.70384e-05,9.65616e-05,9.6109e-05,9.56785e-05,9.52682e-05,9.48763e-05,9.45015e-05,9.41425e-05,9.37979e-05,9.34669e-05,9.31484e-05,9.28417e-05,9.25458e-05,9.22602e-05,9.19841e-05,9.1717e-05,9.14584e-05,9.12077e-05,9.09646e-05,9.07285e-05,9.04992e-05,9.02762e-05,9.00592e-05,8.9848e-05,8.96422e-05,8.94416e-05
0.000193123,0.000192285,0.00019144,0.000190588,0.000189727,0.000188859,0.000187982,0.000187097,0.000186202,0.000185299,0.000184385,0.000183462,0.000182528,0.000181584,0.000180628,0.00017966,0.00017868,0.000177688,0.000176682,0.000175662,0.000174628,0.000173578,0.000172513,0.00017143,0.000170331,0.000169213,0.000168075,0.000166917,0.000165738,0.000164535,0.000163309,0.000162058,0.00016078,0.000159474,0.000158138,0.00015677,0.000155368,0.000153931,0.000152456,0.00015094,0.000149381,0.000147777,0.000146123,0.000144416,0.000142653,0.000140828,0.000138938,0.000136977,0.000134945,0.000132843,0.00013068,0.00012847,0.00012624,0.000124018,0.000121838,0.000119724,0.000117698,0.000115764,0.000113921,0.000112182,0.00011056,0.000109063,0.000107691,0.000106436,0.00010529,0.000104243,0.000103283,0.0001024,0.000101585,0.00010083,0.000100128,9.94733e-05,9.88602e-05,9.82844e-05,9.77422e-05,9.72301e-05,9.67455e-05,9.62857e-05,9.58485e-05,9.5432e-05,9.50344e-05,9.46543e-05,9.42904e-05,9.39413e-05,9.3606e-05,9.32835e-05,9.2973e-05,9.26737e-05,9.23847e-05,9.21055e-05,9.18355e-05,9.15741e-05,9.13208e-05,9.10752e-05,9.08367e-05,9.06051e-05,9.038e-05,9.0161e-05,8.99479e-05,8.97402e-05,8.95378e-05
0.000193252,0.000192416,0.000191573,0.000190722,0.000189864,0.000188997,0.000188123,0.00018724,0.000186348,0.000185446,0.000184536,0.000183615,0.000182684,0.000181742,0.000180789,0.000179825,0.000178848,0.000177859,0.000176857,0.000175841,0.00017481,0.000173765,0.000172704,0.000171626,0.000170531,0.000169418,0.000168286,0.000167134,0.00016596,0.000164764,0.000163545,0.000162301,0.000161031,0.000159733,0.000158406,0.000157047,0.000155656,0.000154229,0.000152765,0.000151262,0.000149717,0.000148127,0.000146489,0.0001448,0.000143055,0.000141251,0.000139383,0.000137447,0.000135441,0.000133365,0.000131225,0.000129036,0.00012682,0.000124606,0.000122424,0.000120302,0.000118262,0.000116315,0.000114455,0.000112694,0.000111046,0.000109519,0.000108116,0.000106832,0.000105658,0.000104585,0.000103602,0.000102699,0.000101865,0.000101094,0.000100377,9.97089e-05,9.90838e-05,9.84973e-05,9.79453e-05,9.74244e-05,9.69316e-05,9.64644e-05,9.60203e-05,9.55975e-05,9.51942e-05,9.48087e-05,9.44397e-05,9.4086e-05,9.37464e-05,9.34198e-05,9.31055e-05,9.28026e-05,9.25103e-05,9.22279e-05,9.19549e-05,9.16907e-05,9.14347e-05,9.11865e-05,9.09457e-05,9.07118e-05,9.04845e-05,9.02634e-05,9.00483e-05,8.98388e-05,8.96346e-05
0.00019338,0.000192546,0.000191705,0.000190856,0.00019,0.000189136,0.000188263,0.000187382,0.000186492,0.000185594,0.000184685,0.000183767,0.000182839,0.0001819,0.00018095,0.000179989,0.000179015,0.000178029,0.000177031,0.000176018,0.000174992,0.00017395,0.000172894,0.00017182,0.00017073,0.000169622,0.000168495,0.000167349,0.000166181,0.000164992,0.000163779,0.000162542,0.00016128,0.00015999,0.000158671,0.000157322,0.00015594,0.000154524,0.000153072,0.000151581,0.000150049,0.000148474,0.000146851,0.000145179,0.000143452,0.000141668,0.000139822,0.000137909,0.000135928,0.000133877,0.000131762,0.000129595,0.000127395,0.000125189,0.000123008,0.00012088,0.000118828,0.000116866,0.000114991,0.00011321,0.000111537,0.000109982,0.000108549,0.000107235,0.000106033,0.000104934,0.000103927,0.000103003,0.00010215,0.000101362,0.00010063,9.99481e-05,9.93108e-05,9.87132e-05,9.81511e-05,9.76211e-05,9.712e-05,9.66452e-05,9.61942e-05,9.57649e-05,9.53556e-05,9.49647e-05,9.45906e-05,9.42321e-05,9.3888e-05,9.35573e-05,9.32391e-05,9.29325e-05,9.26368e-05,9.23512e-05,9.20752e-05,9.18081e-05,9.15494e-05,9.12986e-05,9.10554e-05,9.08192e-05,9.05897e-05,9.03665e-05,9.01494e-05,8.99379e-05,8.97319e-05
0.000193508,0.000192676,0.000191836,0.00019099,0.000190135,0.000189273,0.000188403,0.000187524,0.000186637,0.00018574,0.000184834,0.000183919,0.000182993,0.000182057,0.00018111,0.000180152,0.000179182,0.000178199,0.000177204,0.000176195,0.000175172,0.000174135,0.000173082,0.000172014,0.000170928,0.000169825,0.000168704,0.000167562,0.000166401,0.000165218,0.000164012,0.000162782,0.000161527,0.000160245,0.000158934,0.000157594,0.000156222,0.000154817,0.000153375,0.000151897,0.000150378,0.000148816,0.000147208,0.000145552,0.000143844,0.000142079,0.000140254,0.000138364,0.000136407,0.000134381,0.000132291,0.000130145,0.000127962,0.000125767,0.000123589,0.000121456,0.000119393,0.000117417,0.000115529,0.00011373,0.000112033,0.000110451,0.000108988,0.000107645,0.000106415,0.000105289,0.000104259,0.000103312,0.00010244,0.000101634,0.000100887,0.000100191,9.95411e-05,9.89321e-05,9.83598e-05,9.78204e-05,9.73108e-05,9.68282e-05,9.637e-05,9.59342e-05,9.55188e-05,9.51222e-05,9.47429e-05,9.43796e-05,9.4031e-05,9.36961e-05,9.33739e-05,9.30636e-05,9.27644e-05,9.24756e-05,9.21964e-05,9.19264e-05,9.16649e-05,9.14116e-05,9.11658e-05,9.09273e-05,9.06955e-05,9.04702e-05,9.02511e-05,9.00377e-05,8.98299e-05
0.000193636,0.000192805,0.000191968,0.000191123,0.00019027,0.00018941,0.000188542,0.000187666,0.00018678,0.000185886,0.000184983,0.00018407,0.000183147,0.000182214,0.00018127,0.000180314,0.000179347,0.000178368,0.000177376,0.000176371,0.000175352,0.000174319,0.00017327,0.000172206,0.000171125,0.000170027,0.00016891,0.000167775,0.000166619,0.000165442,0.000164242,0.000163019,0.000161771,0.000160497,0.000159195,0.000157864,0.000156501,0.000155106,0.000153676,0.000152209,0.000150702,0.000149154,0.000147561,0.000145921,0.00014423,0.000142484,0.000140679,0.000138812,0.000136878,0.000134877,0.000132811,0.000130688,0.000128523,0.00012634,0.000124167,0.000122031,0.000119959,0.000117969,0.000116068,0.000114253,0.000112534,0.000110926,0.000109435,0.000108062,0.000106803,0.000105651,0.000104596,0.000103627,0.000102735,0.000101911,0.000101148,0.000100438,9.97748e-05,9.91542e-05,9.85713e-05,9.80224e-05,9.7504e-05,9.70134e-05,9.65479e-05,9.61054e-05,9.56838e-05,9.52814e-05,9.48968e-05,9.45285e-05,9.41753e-05,9.38361e-05,9.35099e-05,9.31958e-05,9.28931e-05,9.26009e-05,9.23186e-05,9.20456e-05,9.17813e-05,9.15253e-05,9.1277e-05,9.10361e-05,9.08021e-05,9.05746e-05,9.03534e-05,9.01381e-05,8.99284e-05
0.000193763,0.000192934,0.000192099,0.000191256,0.000190405,0.000189547,0.000188681,0.000187807,0.000186924,0.000186032,0.000185131,0.00018422,0.0001833,0.00018237,0.000181428,0.000180476,0.000179512,0.000178536,0.000177548,0.000176546,0.000175531,0.000174501,0.000173457,0.000172397,0.000171321,0.000170227,0.000169116,0.000167986,0.000166835,0.000165664,0.000164471,0.000163255,0.000162014,0.000160748,0.000159454,0.000158131,0.000156778,0.000155393,0.000153973,0.000152517,0.000151023,0.000149488,0.00014791,0.000146285,0.00014461,0.000142883,0.000141098,0.000139252,0.000137342,0.000135365,0.000133323,0.000131223,0.000129077,0.000126908,0.000124741,0.000122605,0.000120525,0.000118522,0.000116608,0.000114777,0.000113039,0.000111406,0.000109887,0.000108486,0.000107199,0.00010602,0.000104939,0.000103948,0.000103036,0.000102193,0.000101413,0.000100688,0.000100012,9.93794e-05,9.87857e-05,9.82269e-05,9.76997e-05,9.72009e-05,9.67279e-05,9.62784e-05,9.58505e-05,9.54423e-05,9.50523e-05,9.46789e-05,9.4321e-05,9.39774e-05,9.36471e-05,9.33292e-05,9.30228e-05,9.27272e-05,9.24417e-05,9.21657e-05,9.18986e-05,9.16399e-05,9.1389e-05,9.11457e-05,9.09093e-05,9.06797e-05,9.04564e-05,9.02391e-05,9.00274e-05
0.00019389,0.000193063,0.000192229,0.000191388,0.000190539,0.000189683,0.000188819,0.000187947,0.000187066,0.000186177,0.000185278,0.00018437,0.000183453,0.000182525,0.000181586,0.000180637,0.000179676,0.000178703,0.000177718,0.00017672,0.000175709,0.000174683,0.000173643,0.000172587,0.000171515,0.000170427,0.00016932,0.000168195,0.000167051,0.000165885,0.000164699,0.000163489,0.000162255,0.000160996,0.00015971,0.000158396,0.000157052,0.000155676,0.000154267,0.000152823,0.00015134,0.000149818,0.000148254,0.000146644,0.000144986,0.000143276,0.00014151,0.000139686,0.000137798,0.000135845,0.000133827,0.00013175,0.000129624,0.00012747,0.000125311,0.000123176,0.00012109,0.000119076,0.000117148,0.000115304,0.000113547,0.000111891,0.000110346,0.000108916,0.000107601,0.000106395,0.000105289,0.000104274,0.000103341,0.00010248,0.000101683,0.000100943,0.000100253,9.96079e-05,9.90031e-05,9.84343e-05,9.78978e-05,9.73906e-05,9.691e-05,9.64535e-05,9.60191e-05,9.56049e-05,9.52093e-05,9.48308e-05,9.44681e-05,9.412e-05,9.37855e-05,9.34637e-05,9.31536e-05,9.28545e-05,9.25658e-05,9.22867e-05,9.20167e-05,9.17552e-05,9.15018e-05,9.1256e-05,9.10173e-05,9.07854e-05,9.056e-05,9.03407e-05,9.01271e-05
0.000194017,0.000193191,0.000192359,0.00019152,0.000190673,0.000189819,0.000188957,0.000188087,0.000187208,0.000186321,0.000185425,0.00018452,0.000183605,0.000182679,0.000181744,0.000180797,0.000179839,0.00017887,0.000177888,0.000176894,0.000175886,0.000174864,0.000173828,0.000172776,0.000171709,0.000170625,0.000169523,0.000168403,0.000167264,0.000166105,0.000164924,0.000163721,0.000162494,0.000161243,0.000159965,0.000158659,0.000157324,0.000155958,0.000154559,0.000153125,0.000151655,0.000150145,0.000148594,0.000146999,0.000145357,0.000143664,0.000141917,0.000140113,0.000138247,0.000136317,0.000134323,0.000132268,0.000130164,0.000128025,0.000125876,0.000123744,0.000121654,0.00011963,0.000117688,0.000115832,0.000114059,0.000112381,0.000110811,0.000109354,0.00010801,0.000106777,0.000105645,0.000104607,0.000103652,0.000102771,0.000101957,0.000101201,0.000100497,9.98398e-05,9.92236e-05,9.86444e-05,9.80985e-05,9.75828e-05,9.70943e-05,9.66306e-05,9.61896e-05,9.57692e-05,9.53679e-05,9.49842e-05,9.46165e-05,9.42639e-05,9.39252e-05,9.35993e-05,9.32855e-05,9.29829e-05,9.26909e-05,9.24087e-05,9.21357e-05,9.18715e-05,9.16154e-05,9.13671e-05,9.1126e-05,9.08919e-05,9.06643e-05,9.04429e-05,9.02274e-05
0.000194143,0.000193319,0.000192489,0.000191651,0.000190807,0.000189954,0.000189094,0.000188226,0.00018735,0.000186465,0.000185572,0.000184668,0.000183756,0.000182833,0.0001819,0.000180957,0.000180002,0.000179036,0.000178057,0.000177066,0.000176062,0.000175044,0.000174012,0.000172964,0.000171901,0.000170822,0.000169725,0.00016861,0.000167477,0.000166323,0.000165148,0.000163952,0.000162732,0.000161487,0.000160217,0.000158919,0.000157593,0.000156236,0.000154847,0.000153424,0.000151965,0.000150468,0.00014893,0.000147349,0.000145722,0.000144047,0.000142318,0.000140533,0.000138689,0.000136781,0.000134811,0.000132779,0.000130695,0.000128574,0.000126436,0.000124309,0.000122217,0.000120185,0.000118229,0.00011636,0.000114572,0.000112875,0.000111281,0.000109797,0.000108426,0.000107165,0.000106008,0.000104945,0.000103968,0.000103068,0.000102236,0.000101464,0.000100746,0.000100075,9.94472e-05,9.88574e-05,9.83019e-05,9.77773e-05,9.72808e-05,9.68097e-05,9.63619e-05,9.59353e-05,9.55282e-05,9.51391e-05,9.47665e-05,9.44092e-05,9.40661e-05,9.37362e-05,9.34186e-05,9.31124e-05,9.2817e-05,9.25316e-05,9.22556e-05,9.19885e-05,9.17298e-05,9.14789e-05,9.12355e-05,9.0999e-05,9.07692e-05,9.05458e-05,9.03283e-05
0.000194269,0.000193447,0.000192618,0.000191782,0.00019094,0.000190089,0.000189231,0.000188365,0.000187491,0.000186609,0.000185717,0.000184817,0.000183907,0.000182987,0.000182057,0.000181116,0.000180164,0.000179201,0.000178225,0.000177238,0.000176237,0.000175223,0.000174194,0.000173151,0.000172093,0.000171018,0.000169926,0.000168816,0.000167688,0.00016654,0.000165371,0.000164181,0.000162967,0.00016173,0.000160467,0.000159178,0.00015786,0.000156512,0.000155133,0.00015372,0.000152273,0.000150787,0.000149263,0.000147696,0.000146084,0.000144424,0.000142713,0.000140948,0.000139124,0.000137238,0.000135291,0.000133282,0.00013122,0.000129116,0.000126992,0.00012487,0.000122777,0.000120738,0.000118772,0.000116889,0.000115088,0.000113373,0.000111755,0.000110246,0.000108848,0.00010756,0.000106376,0.000105289,0.00010429,0.00010337,0.000102519,0.000101731,0.000100998,0.000100314,9.96739e-05,9.90733e-05,9.85079e-05,9.79743e-05,9.74696e-05,9.6991e-05,9.65362e-05,9.61032e-05,9.56902e-05,9.52956e-05,9.49179e-05,9.45558e-05,9.42083e-05,9.38742e-05,9.35527e-05,9.32429e-05,9.29441e-05,9.26555e-05,9.23765e-05,9.21065e-05,9.1845e-05,9.15915e-05,9.13456e-05,9.11069e-05,9.08749e-05,9.06493e-05,9.04298e-05
0.000194394,0.000193574,0.000192747,0.000191913,0.000191072,0.000190224,0.000189368,0.000188504,0.000187632,0.000186752,0.000185863,0.000184964,0.000184057,0.000183139,0.000182212,0.000181274,0.000180325,0.000179365,0.000178393,0.000177409,0.000176411,0.000175401,0.000174376,0.000173337,0.000172283,0.000171212,0.000170125,0.00016902,0.000167897,0.000166755,0.000165592,0.000164408,0.000163201,0.000161971,0.000160715,0.000159434,0.000158124,0.000156786,0.000155416,0.000154014,0.000152577,0.000151103,0.000149591,0.000148038,0.000146441,0.000144797,0.000143103,0.000141356,0.000139552,0.000137689,0.000135763,0.000133778,0.000131737,0.000129652,0.000127541,0.000125427,0.000123336,0.000121292,0.000119315,0.000117419,0.000115605,0.000113873,0.000112235,0.000110701,0.000109276,0.000107961,0.000106751,0.00010564,0.000104618,0.000103677,0.000102807,0.000102002,0.000101254,0.000100556,9.9904e-05,9.92921e-05,9.87166e-05,9.81738e-05,9.76606e-05,9.71743e-05,9.67125e-05,9.62729e-05,9.58539e-05,9.54536e-05,9.50707e-05,9.47039e-05,9.43518e-05,9.40135e-05,9.36881e-05,9.33746e-05,9.30722e-05,9.27803e-05,9.24982e-05,9.22253e-05,9.19611e-05,9.1705e-05,9.14566e-05,9.12154e-05,9.09812e-05,9.07535e-05,9.0532e-05
0.000194519,0.000193701,0.000192875,0.000192043,0.000191204,0.000190358,0.000189504,0.000188642,0.000187772,0.000186894,0.000186007,0.000185111,0.000184206,0.000183292,0.000182367,0.000181432,0.000180486,0.000179529,0.00017856,0.000177579,0.000176585,0.000175578,0.000174557,0.000173522,0.000172472,0.000171406,0.000170323,0.000169224,0.000168106,0.000166969,0.000165811,0.000164633,0.000163433,0.00016221,0.000160962,0.000159688,0.000158387,0.000157057,0.000155696,0.000154304,0.000152878,0.000151416,0.000149916,0.000148376,0.000146793,0.000145165,0.000143488,0.000141759,0.000139974,0.000138132,0.000136229,0.000134265,0.000132246,0.000130181,0.000128085,0.00012598,0.000123891,0.000121844,0.000119858,0.000117949,0.000116123,0.000114376,0.000112718,0.000111161,0.00010971,0.000108369,0.000107133,0.000105996,0.000104951,0.000103989,0.0001031,0.000102278,0.000101514,0.000100802,0.000100137,9.95141e-05,9.89282e-05,9.83759e-05,9.78541e-05,9.73599e-05,9.68907e-05,9.64445e-05,9.60193e-05,9.56134e-05,9.52251e-05,9.48533e-05,9.44967e-05,9.41541e-05,9.38246e-05,9.35073e-05,9.32014e-05,9.29062e-05,9.26209e-05,9.2345e-05,9.2078e-05,9.18192e-05,9.15683e-05,9.13247e-05,9.10882e-05,9.08583e-05,9.06347e-05
0.000194644,0.000193827,0.000193003,0.000192173,0.000191336,0.000190491,0.000189639,0.00018878,0.000187912,0.000187036,0.000186151,0.000185258,0.000184355,0.000183443,0.000182521,0.000181589,0.000180646,0.000179691,0.000178726,0.000177748,0.000176758,0.000175754,0.000174737,0.000173706,0.00017266,0.000171598,0.00017052,0.000169425,0.000168313,0.000167181,0.00016603,0.000164857,0.000163664,0.000162447,0.000161206,0.00015994,0.000158647,0.000157325,0.000155974,0.000154592,0.000153176,0.000151725,0.000150237,0.00014871,0.000147141,0.000145528,0.000143867,0.000142156,0.000140391,0.000138568,0.000136687,0.000134746,0.000132748,0.000130702,0.000128622,0.000126528,0.000124444,0.000122394,0.000120401,0.00011848,0.000116641,0.000114881,0.000113205,0.000111625,0.00011015,0.000108782,0.00010752,0.000106359,0.00010529,0.000104306,0.000103398,0.000102558,0.000101778,0.000101052,0.000100374,9.97391e-05,9.91425e-05,9.85806e-05,9.805e-05,9.75476e-05,9.70711e-05,9.6618e-05,9.61865e-05,9.57747e-05,9.53811e-05,9.50042e-05,9.46429e-05,9.42959e-05,9.39623e-05,9.36412e-05,9.33317e-05,9.3033e-05,9.27445e-05,9.24656e-05,9.21957e-05,9.19342e-05,9.16808e-05,9.14348e-05,9.11959e-05,9.09639e-05,9.07381e-05
0.000194768,0.000193953,0.000193131,0.000192303,0.000191467,0.000190625,0.000189775,0.000188917,0.000188051,0.000187177,0.000186295,0.000185404,0.000184504,0.000183594,0.000182675,0.000181745,0.000180805,0.000179854,0.000178891,0.000177916,0.00017693,0.00017593,0.000174916,0.000173889,0.000172847,0.00017179,0.000170716,0.000169626,0.000168518,0.000167392,0.000166246,0.00016508,0.000163892,0.000162682,0.000161448,0.00016019,0.000158904,0.000157592,0.00015625,0.000154877,0.000153471,0.000152031,0.000150555,0.000149041,0.000147485,0.000145886,0.000144242,0.000142547,0.000140801,0.000138998,0.000137138,0.000135218,0.000133243,0.000131217,0.000129153,0.000127071,0.000124993,0.000122943,0.000120943,0.000119011,0.00011716,0.000115387,0.000113695,0.000112095,0.000110595,0.000109202,0.000107914,0.000106727,0.000105635,0.000104629,0.000103701,0.000102843,0.000102046,0.000101306,0.000100614,9.99673e-05,9.93598e-05,9.8788e-05,9.82483e-05,9.77377e-05,9.72535e-05,9.67935e-05,9.63555e-05,9.59378e-05,9.55386e-05,9.51566e-05,9.47905e-05,9.4439e-05,9.41013e-05,9.37762e-05,9.3463e-05,9.31609e-05,9.28692e-05,9.25872e-05,9.23143e-05,9.20501e-05,9.1794e-05,9.15456e-05,9.13044e-05,9.10701e-05,9.08422e-05
0.000194892,0.000194079,0.000193259,0.000192432,0.000191598,0.000190757,0.000189909,0.000189054,0.00018819,0.000187318,0.000186438,0.000185549,0.000184652,0.000183744,0.000182828,0.000181901,0.000180963,0.000180015,0.000179055,0.000178084,0.000177101,0.000176104,0.000175095,0.000174071,0.000173033,0.00017198,0.000170911,0.000169826,0.000168723,0.000167602,0.000166461,0.000165301,0.000164119,0.000162916,0.000161689,0.000160437,0.00015916,0.000157856,0.000156522,0.000155159,0.000153763,0.000152334,0.00015087,0.000149367,0.000147825,0.000146241,0.000144611,0.000142934,0.000141205,0.000139422,0.000137582,0.000135684,0.00013373,0.000131724,0.000129678,0.000127609,0.000125538,0.000123489,0.000121485,0.000119544,0.000117679,0.000115895,0.000114187,0.000112568,0.000111046,0.000109627,0.000108314,0.000107102,0.000105986,0.000104957,0.000104009,0.000103132,0.000102319,0.000101563,0.000100858,0.000100199,9.95801e-05,9.89981e-05,9.84491e-05,9.793e-05,9.74381e-05,9.69709e-05,9.65264e-05,9.61025e-05,9.56977e-05,9.53105e-05,9.49394e-05,9.45835e-05,9.42414e-05,9.39124e-05,9.35954e-05,9.32898e-05,9.29948e-05,9.27096e-05,9.24338e-05,9.21668e-05,9.19081e-05,9.16571e-05,9.14135e-05,9.11769e-05,9.09469e-05
0.000195016,0.000194204,0.000193385,0.00019256,0.000191729,0.00019089,0.000190044,0.00018919,0.000188328,0.000187459,0.000186581,0.000185694,0.000184799,0.000183894,0.00018298,0.000182056,0.000181121,0.000180176,0.000179219,0.000178251,0.000177271,0.000176278,0.000175272,0.000174252,0.000173218,0.000172169,0.000171105,0.000170024,0.000168926,0.00016781,0.000166675,0.00016552,0.000164345,0.000163148,0.000161928,0.000160683,0.000159414,0.000158117,0.000156793,0.000155438,0.000154053,0.000152634,0.000151181,0.000149691,0.000148161,0.000146591,0.000144976,0.000143315,0.000141604,0.000139839,0.00013802,0.000136143,0.000134209,0.000132224,0.000130197,0.000128141,0.000126079,0.000124033,0.000122025,0.000120076,0.000118199,0.000116403,0.000114682,0.000113044,0.000111501,0.000110058,0.00010872,0.000107483,0.000106342,0.000105291,0.000104322,0.000103426,0.000102596,0.000101825,0.000101106,0.000100434,9.98034e-05,9.9211e-05,9.86525e-05,9.81247e-05,9.76249e-05,9.71504e-05,9.66991e-05,9.6269e-05,9.58584e-05,9.54659e-05,9.50899e-05,9.47292e-05,9.43828e-05,9.40497e-05,9.3729e-05,9.34198e-05,9.31213e-05,9.2833e-05,9.25542e-05,9.22844e-05,9.20229e-05,9.17694e-05,9.15234e-05,9.12845e-05,9.10523e-05
0.000195139,0.000194329,0.000193512,0.000192689,0.000191859,0.000191022,0.000190177,0.000189326,0.000188466,0.000187599,0.000186723,0.000185839,0.000184946,0.000184043,0.000183132,0.00018221,0.000181278,0.000180336,0.000179382,0.000178417,0.00017744,0.000176451,0.000175449,0.000174433,0.000173403,0.000172358,0.000171297,0.000170221,0.000169128,0.000168017,0.000166887,0.000165738,0.000164569,0.000163378,0.000162165,0.000160927,0.000159665,0.000158377,0.000157061,0.000155716,0.00015434,0.000152931,0.000151489,0.00015001,0.000148494,0.000146937,0.000145337,0.000143691,0.000141997,0.000140251,0.000138451,0.000136594,0.000134682,0.000132717,0.000130708,0.000128668,0.000126616,0.000124574,0.000122564,0.000120608,0.00011872,0.000116912,0.000115178,0.000113524,0.00011196,0.000110495,0.000109131,0.000107869,0.000106705,0.000105631,0.00010464,0.000103725,0.000102878,0.00010209,0.000101357,0.000100672,0.00010003,9.94267e-05,9.88585e-05,9.83219e-05,9.78138e-05,9.73319e-05,9.68737e-05,9.64373e-05,9.60208e-05,9.56228e-05,9.52417e-05,9.48763e-05,9.45256e-05,9.41883e-05,9.38637e-05,9.35508e-05,9.32489e-05,9.29574e-05,9.26756e-05,9.24028e-05,9.21386e-05,9.18825e-05,9.16341e-05,9.13928e-05,9.11584e-05
0.000195262,0.000194453,0.000193638,0.000192817,0.000191988,0.000191153,0.000190311,0.000189461,0.000188603,0.000187738,0.000186865,0.000185983,0.000185092,0.000184192,0.000183283,0.000182364,0.000181435,0.000180495,0.000179545,0.000178583,0.000177609,0.000176623,0.000175624,0.000174612,0.000173586,0.000172545,0.000171489,0.000170417,0.000169329,0.000168223,0.000167098,0.000165955,0.000164791,0.000163607,0.0001624,0.000161169,0.000159915,0.000158634,0.000157326,0.00015599,0.000154624,0.000153225,0.000151794,0.000150327,0.000148822,0.000147279,0.000145693,0.000144062,0.000142385,0.000140657,0.000138876,0.000137039,0.000135148,0.000133203,0.000131213,0.000129189,0.000127147,0.000125111,0.000123101,0.000121139,0.000119242,0.00011742,0.000115676,0.000114006,0.000112424,0.000110936,0.000109548,0.000108262,0.000107073,0.000105976,0.000104964,0.000104029,0.000103164,0.00010236,0.000101612,0.000100913,0.000100259,9.96454e-05,9.90672e-05,9.85214e-05,9.80051e-05,9.75155e-05,9.70503e-05,9.66074e-05,9.61849e-05,9.57813e-05,9.5395e-05,9.50249e-05,9.46695e-05,9.43281e-05,9.39995e-05,9.36829e-05,9.33776e-05,9.30827e-05,9.27978e-05,9.25221e-05,9.22552e-05,9.19964e-05,9.17455e-05,9.15019e-05,9.12652e-05
0.000195385,0.000194578,0.000193764,0.000192944,0.000192118,0.000191284,0.000190444,0.000189596,0.00018874,0.000187877,0.000187006,0.000186126,0.000185238,0.00018434,0.000183433,0.000182517,0.000181591,0.000180654,0.000179706,0.000178747,0.000177777,0.000176794,0.000175799,0.00017479,0.000173768,0.000172731,0.000171679,0.000170612,0.000169528,0.000168427,0.000167308,0.00016617,0.000165012,0.000163834,0.000162633,0.00016141,0.000160162,0.000158889,0.00015759,0.000156262,0.000154905,0.000153517,0.000152095,0.00015064,0.000149147,0.000147616,0.000146045,0.000144429,0.000142768,0.000141057,0.000139294,0.000137478,0.000135607,0.000133683,0.000131711,0.000129703,0.000127674,0.000125645,0.000123636,0.00012167,0.000119764,0.00011793,0.000116174,0.000114491,0.00011289,0.000111381,0.000109971,0.00010866,0.000107447,0.000106327,0.000105293,0.000104338,0.000103454,0.000102634,0.000101871,0.000101159,0.000100492,9.9867e-05,9.92786e-05,9.87235e-05,9.81987e-05,9.77013e-05,9.72288e-05,9.67793e-05,9.63507e-05,9.59414e-05,9.55499e-05,9.51748e-05,9.48149e-05,9.44691e-05,9.41365e-05,9.38161e-05,9.35072e-05,9.32091e-05,9.2921e-05,9.26423e-05,9.23725e-05,9.21111e-05,9.18576e-05,9.16116e-05,9.13726e-05
0.000195507,0.000194701,0.00019389,0.000193071,0.000192247,0.000191415,0.000190576,0.00018973,0.000188877,0.000188016,0.000187146,0.000186269,0.000185383,0.000184488,0.000183583,0.00018267,0.000181746,0.000180812,0.000179867,0.000178911,0.000177944,0.000176965,0.000175973,0.000174968,0.000173949,0.000172916,0.000171869,0.000170806,0.000169727,0.00016863,0.000167516,0.000166384,0.000165232,0.000164059,0.000162865,0.000161648,0.000160408,0.000159142,0.000157851,0.000156532,0.000155184,0.000153805,0.000152394,0.000150949,0.000149469,0.00014795,0.000146392,0.000144791,0.000143145,0.000141452,0.000139707,0.00013791,0.000136059,0.000134155,0.000132203,0.000130211,0.000128196,0.000126174,0.000124168,0.000122199,0.000120285,0.000118441,0.000116673,0.000114977,0.00011336,0.000111831,0.000110398,0.000109063,0.000107826,0.000106683,0.000105627,0.000104652,0.000103749,0.000102912,0.000102134,0.000101407,0.000100728,0.000100092,9.94928e-05,9.89282e-05,9.83946e-05,9.78892e-05,9.74094e-05,9.69531e-05,9.65183e-05,9.61032e-05,9.57062e-05,9.53261e-05,9.49615e-05,9.46114e-05,9.42747e-05,9.39505e-05,9.3638e-05,9.33364e-05,9.30451e-05,9.27634e-05,9.24907e-05,9.22266e-05,9.19706e-05,9.17221e-05,9.14808e-05
0.000195629,0.000194825,0.000194015,0.000193198,0.000192375,0.000191545,0.000190708,0.000189864,0.000189013,0.000188154,0.000187287,0.000186411,0.000185527,0.000184635,0.000183733,0.000182822,0.000181901,0.000180969,0.000180027,0.000179075,0.00017811,0.000177134,0.000176146,0.000175144,0.00017413,0.000173101,0.000172057,0.000170998,0.000169924,0.000168832,0.000167723,0.000166596,0.000165449,0.000164283,0.000163095,0.000161885,0.000160651,0.000159394,0.00015811,0.000156799,0.00015546,0.000154091,0.00015269,0.000151256,0.000149787,0.000148281,0.000146736,0.000145149,0.000143518,0.000141841,0.000140114,0.000138336,0.000136504,0.00013462,0.000132687,0.000130713,0.000128712,0.0001267,0.000124698,0.000122727,0.000120807,0.000118952,0.000117172,0.000115465,0.000113833,0.000112285,0.00011083,0.000109472,0.000108211,0.000107045,0.000105967,0.000104971,0.000104049,0.000103195,0.0001024,0.00010166,0.000100968,0.000100319,9.97098e-05,9.91354e-05,9.85929e-05,9.80794e-05,9.75921e-05,9.71288e-05,9.66876e-05,9.62666e-05,9.58641e-05,9.54789e-05,9.51095e-05,9.4755e-05,9.44141e-05,9.4086e-05,9.37698e-05,9.34647e-05,9.31701e-05,9.28854e-05,9.26098e-05,9.23429e-05,9.20843e-05,9.18333e-05,9.15897e-05
0.000195751,0.000194948,0.00019414,0.000193325,0.000192503,0.000191675,0.00019084,0.000189998,0.000189148,0.000188291,0.000187426,0.000186553,0.000185671,0.000184781,0.000183882,0.000182973,0.000182055,0.000181126,0.000180187,0.000179237,0.000178276,0.000177303,0.000176318,0.00017532,0.000174309,0.000173284,0.000172245,0.00017119,0.00017012,0.000169033,0.000167929,0.000166807,0.000165666,0.000164505,0.000163323,0.00016212,0.000160893,0.000159643,0.000158367,0.000157064,0.000155734,0.000154374,0.000152983,0.000151559,0.000150102,0.000148608,0.000147075,0.000145503,0.000143887,0.000142226,0.000140516,0.000138756,0.000136943,0.000135079,0.000133165,0.000131209,0.000129222,0.00012722,0.000125224,0.000123253,0.000121328,0.000119463,0.000117671,0.000115954,0.000114308,0.000112743,0.000111267,0.000109886,0.000108602,0.000107412,0.000106312,0.000105295,0.000104354,0.000103482,0.000102671,0.000101916,0.000101211,0.00010055,9.99297e-05,9.93454e-05,9.87937e-05,9.82718e-05,9.77768e-05,9.73065e-05,9.68587e-05,9.64317e-05,9.60236e-05,9.56332e-05,9.5259e-05,9.48998e-05,9.45547e-05,9.42226e-05,9.39027e-05,9.35941e-05,9.32962e-05,9.30083e-05,9.27298e-05,9.24601e-05,9.21988e-05,9.19453e-05,9.16993e-05
0.000195872,0.000195071,0.000194264,0.000193451,0.000192631,0.000191805,0.000190971,0.000190131,0.000189284,0.000188428,0.000187565,0.000186694,0.000185815,0.000184927,0.00018403,0.000183124,0.000182208,0.000181282,0.000180346,0.000179399,0.000178441,0.000177471,0.000176489,0.000175495,0.000174488,0.000173466,0.000172431,0.000171381,0.000170315,0.000169233,0.000168134,0.000167017,0.000165881,0.000164726,0.00016355,0.000162353,0.000161133,0.00015989,0.000158621,0.000157327,0.000156005,0.000154654,0.000153273,0.00015186,0.000150413,0.000148931,0.000147411,0.000145852,0.000144251,0.000142605,0.000140912,0.00013917,0.000137376,0.000135531,0.000133637,0.000131698,0.000129727,0.000127736,0.000125746,0.000123777,0.000121848,0.000119975,0.000118172,0.000116443,0.000114784,0.000113203,0.000111708,0.000110305,0.000108998,0.000107785,0.000106663,0.000105625,0.000104664,0.000103773,0.000102946,0.000102176,0.000101457,0.000100784,0.000100153,9.9558e-05,9.8997e-05,9.84665e-05,9.79637e-05,9.74862e-05,9.70317e-05,9.65985e-05,9.61847e-05,9.57889e-05,9.54098e-05,9.5046e-05,9.46965e-05,9.43604e-05,9.40367e-05,9.37245e-05,9.34232e-05,9.31322e-05,9.28506e-05,9.25781e-05,9.23141e-05,9.2058e-05,9.18096e-05
0.000195993,0.000195194,0.000194388,0.000193576,0.000192758,0.000191934,0.000191102,0.000190264,0.000189418,0.000188565,0.000187704,0.000186835,0.000185958,0.000185072,0.000184178,0.000183274,0.000182361,0.000181438,0.000180504,0.00017956,0.000178605,0.000177639,0.00017666,0.000175669,0.000174665,0.000173648,0.000172616,0.00017157,0.000170509,0.000169431,0.000168337,0.000167225,0.000166095,0.000164945,0.000163775,0.000162585,0.000161371,0.000160135,0.000158874,0.000157588,0.000156274,0.000154932,0.00015356,0.000152157,0.000150721,0.00014925,0.000147743,0.000146197,0.00014461,0.000142979,0.000141303,0.000139578,0.000137803,0.000135977,0.000134101,0.000132181,0.000130225,0.000128247,0.000126265,0.000124298,0.000122366,0.000120487,0.000118673,0.000116933,0.000115263,0.000113666,0.000112152,0.000110729,0.000109399,0.000108164,0.000107019,0.000105959,0.000104978,0.000104069,0.000103226,0.00010244,0.000101707,0.000101022,0.000100378,9.97734e-05,9.92029e-05,9.86636e-05,9.81528e-05,9.76679e-05,9.72066e-05,9.6767e-05,9.63474e-05,9.59462e-05,9.5562e-05,9.51935e-05,9.48397e-05,9.44994e-05,9.41718e-05,9.3856e-05,9.35513e-05,9.3257e-05,9.29724e-05,9.2697e-05,9.24302e-05,9.21716e-05,9.19206e-05
0.000196114,0.000195316,0.000194512,0.000193702,0.000192885,0.000192062,0.000191233,0.000190396,0.000189552,0.000188701,0.000187842,0.000186976,0.000186101,0.000185217,0.000184325,0.000183424,0.000182513,0.000181592,0.000180662,0.000179721,0.000178769,0.000177805,0.00017683,0.000175842,0.000174842,0.000173828,0.000172801,0.000171759,0.000170701,0.000169628,0.000168539,0.000167432,0.000166307,0.000165163,0.000163999,0.000162814,0.000161608,0.000160378,0.000159125,0.000157846,0.000156541,0.000155207,0.000153845,0.000152452,0.000151026,0.000149567,0.000148071,0.000146538,0.000144965,0.000143349,0.000141689,0.000139981,0.000138224,0.000136416,0.00013456,0.000132658,0.000130718,0.000128753,0.00012678,0.000124817,0.000122884,0.000120998,0.000119175,0.000117423,0.000115742,0.000114131,0.000112601,0.000111157,0.000109806,0.000108547,0.00010738,0.000106299,0.000105298,0.00010437,0.000103509,0.000102708,0.000101961,0.000101262,0.000100607,9.99917e-05,9.94113e-05,9.88631e-05,9.83441e-05,9.78516e-05,9.73834e-05,9.69374e-05,9.65118e-05,9.61051e-05,9.57157e-05,9.53424e-05,9.49841e-05,9.46396e-05,9.4308e-05,9.39885e-05,9.36804e-05,9.33827e-05,9.30951e-05,9.28167e-05,9.25471e-05,9.22859e-05,9.20324e-05
0.000196234,0.000195438,0.000194635,0.000193827,0.000193012,0.000192191,0.000191363,0.000190528,0.000189686,0.000188837,0.00018798,0.000187115,0.000186243,0.000185361,0.000184472,0.000183573,0.000182664,0.000181747,0.000180819,0.00017988,0.000178931,0.000177971,0.000176999,0.000176015,0.000175018,0.000174008,0.000172984,0.000171946,0.000170893,0.000169825,0.00016874,0.000167638,0.000166518,0.000165379,0.000164221,0.000163043,0.000161842,0.00016062,0.000159373,0.000158102,0.000156805,0.00015548,0.000154127,0.000152744,0.000151328,0.00014988,0.000148396,0.000146876,0.000145316,0.000143715,0.000142069,0.000140378,0.000138639,0.00013685,0.000135012,0.000133128,0.000131205,0.000129254,0.00012729,0.000125332,0.000123399,0.000121509,0.000119677,0.000117913,0.000116222,0.000114599,0.000113052,0.000111589,0.000110217,0.000108936,0.000107746,0.000106644,0.000105622,0.000104676,0.000103797,0.00010298,0.000102219,0.000101507,0.00010084,0.000100213,9.96224e-05,9.90651e-05,9.85376e-05,9.80374e-05,9.75621e-05,9.71096e-05,9.66779e-05,9.62655e-05,9.58709e-05,9.54927e-05,9.51298e-05,9.4781e-05,9.44455e-05,9.41222e-05,9.38104e-05,9.35095e-05,9.32186e-05,9.29373e-05,9.26649e-05,9.2401e-05,9.2145e-05
0.000196354,0.000195559,0.000194758,0.000193951,0.000193138,0.000192319,0.000191493,0.00019066,0.00018982,0.000188972,0.000188118,0.000187255,0.000186384,0.000185505,0.000184618,0.000183721,0.000182815,0.0001819,0.000180975,0.000180039,0.000179093,0.000178136,0.000177167,0.000176186,0.000175193,0.000174187,0.000173167,0.000172133,0.000171084,0.00017002,0.000168939,0.000167842,0.000166727,0.000165594,0.000164442,0.000163269,0.000162075,0.000160859,0.00015962,0.000158356,0.000157067,0.000155751,0.000154407,0.000153033,0.000151627,0.00015019,0.000148718,0.000147209,0.000145662,0.000144075,0.000142445,0.00014077,0.000139048,0.000137277,0.000135457,0.000133592,0.000131685,0.000129749,0.000127796,0.000125844,0.000123912,0.000122019,0.000120179,0.000118405,0.000116702,0.000115068,0.000113506,0.000112025,0.000110632,0.00010933,0.000108118,0.000106994,0.000105952,0.000104986,0.00010409,0.000103256,0.00010248,0.000101754,0.000101075,0.000100437,9.98363e-05,9.92695e-05,9.87335e-05,9.82254e-05,9.77428e-05,9.72836e-05,9.68457e-05,9.64276e-05,9.60276e-05,9.56444e-05,9.52768e-05,9.49237e-05,9.4584e-05,9.42569e-05,9.39416e-05,9.36372e-05,9.33432e-05,9.30588e-05,9.27836e-05,9.25169e-05,9.22584e-05
0.000196474,0.00019568,0.000194881,0.000194076,0.000193264,0.000192446,0.000191622,0.000190791,0.000189953,0.000189107,0.000188254,0.000187394,0.000186525,0.000185649,0.000184763,0.000183869,0.000182966,0.000182053,0.000181131,0.000180198,0.000179255,0.0001783,0.000177335,0.000176357,0.000175367,0.000174364,0.000173348,0.000172318,0.000171273,0.000170214,0.000169138,0.000168045,0.000166936,0.000165808,0.000164661,0.000163494,0.000162307,0.000161097,0.000159865,0.000158609,0.000157327,0.000156019,0.000154684,0.000153319,0.000151924,0.000150496,0.000149036,0.000147539,0.000146005,0.000144432,0.000142817,0.000141157,0.000139452,0.000137698,0.000135897,0.000134049,0.00013216,0.000130238,0.000128297,0.000126352,0.000124423,0.000122527,0.000120681,0.000118897,0.000117183,0.000115538,0.000113962,0.000112464,0.000111052,0.000109728,0.000108495,0.000107349,0.000106286,0.000105301,0.000104386,0.000103536,0.000102745,0.000102005,0.000101313,0.000100664,0.000100053,9.94765e-05,9.89317e-05,9.84156e-05,9.79256e-05,9.74595e-05,9.70153e-05,9.65912e-05,9.61858e-05,9.57976e-05,9.54252e-05,9.50676e-05,9.47238e-05,9.43928e-05,9.40738e-05,9.3766e-05,9.34687e-05,9.31812e-05,9.29031e-05,9.26336e-05,9.23725e-05
0.000196593,0.000195801,0.000195003,0.0001942,0.00019339,0.000192574,0.000191751,0.000190922,0.000190085,0.000189242,0.000188391,0.000187532,0.000186666,0.000185791,0.000184908,0.000184017,0.000183116,0.000182206,0.000181286,0.000180356,0.000179415,0.000178464,0.000177501,0.000176527,0.00017554,0.000174541,0.000173529,0.000172503,0.000171462,0.000170406,0.000169335,0.000168247,0.000167143,0.00016602,0.000164879,0.000163718,0.000162536,0.000161333,0.000160108,0.000158859,0.000157585,0.000156285,0.000154958,0.000153603,0.000152217,0.0001508,0.00014935,0.000147865,0.000146344,0.000144784,0.000143183,0.000141539,0.00013985,0.000138114,0.00013633,0.000134501,0.000132629,0.000130722,0.000128793,0.000126856,0.000124931,0.000123034,0.000121182,0.000119389,0.000117664,0.000116009,0.00011442,0.000112907,0.000111475,0.000110131,0.000108876,0.000107709,0.000106625,0.00010562,0.000104688,0.000103821,0.000103014,0.00010226,0.000101555,0.000100894,0.000100272,9.96861e-05,9.91323e-05,9.8608e-05,9.81104e-05,9.76373e-05,9.71866e-05,9.67566e-05,9.63456e-05,9.59521e-05,9.5575e-05,9.52129e-05,9.48648e-05,9.45299e-05,9.42071e-05,9.38958e-05,9.35951e-05,9.33046e-05,9.30234e-05,9.27512e-05,9.24874e-05
0.000196712,0.000195922,0.000195125,0.000194323,0.000193515,0.0001927,0.000191879,0.000191052,0.000190217,0.000189376,0.000188527,0.00018767,0.000186806,0.000185934,0.000185053,0.000184163,0.000183265,0.000182357,0.00018144,0.000180513,0.000179575,0.000178627,0.000177667,0.000176696,0.000175713,0.000174717,0.000173709,0.000172686,0.00017165,0.000170598,0.000169531,0.000168448,0.000167348,0.000166231,0.000165095,0.00016394,0.000162764,0.000161568,0.000160349,0.000159107,0.000157841,0.000156549,0.00015523,0.000153884,0.000152508,0.000151101,0.000149662,0.000148188,0.000146679,0.000145132,0.000143545,0.000141917,0.000140243,0.000138524,0.000136758,0.000134946,0.000133091,0.0001312,0.000129284,0.000127357,0.000125436,0.000123539,0.000121683,0.000119882,0.000118146,0.000116481,0.00011488,0.000113352,0.000111903,0.000110539,0.000109263,0.000108074,0.00010697,0.000105945,0.000104994,0.00010411,0.000103287,0.000102519,0.000101801,0.000101127,0.000100495,9.98984e-05,9.93354e-05,9.88026e-05,9.82973e-05,9.7817e-05,9.73598e-05,9.69236e-05,9.65069e-05,9.61082e-05,9.57261e-05,9.53594e-05,9.50071e-05,9.4668e-05,9.43415e-05,9.40266e-05,9.37226e-05,9.34288e-05,9.31447e-05,9.28696e-05,9.26031e-05
0.000196831,0.000196042,0.000195247,0.000194446,0.00019364,0.000192827,0.000192008,0.000191182,0.000190349,0.000189509,0.000188662,0.000187808,0.000186946,0.000186075,0.000185197,0.00018431,0.000183414,0.000182508,0.000181594,0.000180669,0.000179734,0.000178789,0.000177833,0.000176865,0.000175885,0.000174892,0.000173887,0.000172869,0.000171836,0.000170789,0.000169726,0.000168648,0.000167553,0.000166441,0.00016531,0.00016416,0.000162991,0.0001618,0.000160588,0.000159353,0.000158094,0.00015681,0.0001555,0.000154162,0.000152795,0.000151399,0.00014997,0.000148508,0.000147011,0.000145477,0.000143903,0.000142289,0.000140631,0.000138929,0.00013718,0.000135385,0.000133548,0.000131673,0.00012977,0.000127853,0.000125937,0.000124042,0.000122183,0.000120375,0.000118629,0.000116953,0.000115342,0.000113799,0.000112333,0.00011095,0.000109654,0.000108444,0.000107319,0.000106274,0.000105304,0.000104403,0.000103563,0.000102781,0.000102049,0.000101364,0.00010072,0.000100113,9.9541e-05,9.89995e-05,9.84863e-05,9.79987e-05,9.75348e-05,9.70924e-05,9.66699e-05,9.62658e-05,9.58787e-05,9.55073e-05,9.51505e-05,9.48074e-05,9.4477e-05,9.41584e-05,9.3851e-05,9.3554e-05,9.32668e-05,9.29889e-05,9.27196e-05
0.000196949,0.000196162,0.000195368,0.000194569,0.000193764,0.000192953,0.000192135,0.000191311,0.00019048,0.000189642,0.000188797,0.000187945,0.000187085,0.000186217,0.00018534,0.000184455,0.000183562,0.000182659,0.000181747,0.000180825,0.000179893,0.00017895,0.000177997,0.000177032,0.000176056,0.000175067,0.000174065,0.00017305,0.000172022,0.000170979,0.00016992,0.000168846,0.000167756,0.000166649,0.000165523,0.000164379,0.000163216,0.000162031,0.000160826,0.000159598,0.000158346,0.00015707,0.000155767,0.000154438,0.000153081,0.000151693,0.000150275,0.000148824,0.000147338,0.000145817,0.000144257,0.000142657,0.000141015,0.000139328,0.000137596,0.000135819,0.000133998,0.000132139,0.00013025,0.000128344,0.000126436,0.000124542,0.000122681,0.000120867,0.000119112,0.000117425,0.000115804,0.000114249,0.000112767,0.000111366,0.000110049,0.000108819,0.000107673,0.000106608,0.000105619,0.0001047,0.000103844,0.000103047,0.000102301,0.000101603,0.000100948,0.000100331,9.9749e-05,9.91988e-05,9.86775e-05,9.81825e-05,9.77116e-05,9.72629e-05,9.68345e-05,9.64249e-05,9.60327e-05,9.56565e-05,9.52953e-05,9.4948e-05,9.46136e-05,9.42914e-05,9.39805e-05,9.36802e-05,9.33899e-05,9.3109e-05,9.2837e-05
