CO2 Thermal Conductivity [W/m_K] CoolProp
0.0837081,0.0848725,0.0863681,0.0883651,0.0911925,0.0955968,0.103794,0.127271,0.176999,0.126296,0.104889,0.0937717,0.0866112,0.0814607,0.0775001,0.0743157,0.0716723,0.069425,0.0674789,0.0657685,0.064247,0.0628801,0.0616416,0.0605113,0.0594735,0.0585153,0.0576265,0.0567985,0.0560243,0.055298,0.0546144,0.0539695,0.0533593,0.0527807,0.052231,0.0517077,0.0512086,0.0507318,0.0502756,0.0498386,0.0494192,0.0490164,0.048629,0.048256,0.0478965,0.0475497,0.0472148,0.0468912,0.0465781,0.046275,0.0459814,0.0456967,0.0454206,0.0451525,0.0448921,0.0446391,0.044393,0.0441535,0.0439204,0.0436934,0.0434721,0.0432565,0.0430461,0.0428408,0.0426405,0.0424448,0.0422537,0.0420669,0.0418843,0.0417058,0.0415311,0.0413602,0.0411929,0.041029,0.0408686,0.0407114,0.0405573,0.0404063,0.0402582,0.040113,0.0399705,0.0398308,0.0396936,0.0395589,0.0394267,0.0392968,0.0391693,0.039044,0.0389208,0.0387998,0.0386808,0.0385639,0.0384488,0.0383357,0.0382244,0.0381149,0.0380072,0.0379011,0.0377967,0.037694,0.0375928
0.0834548,0.0845526,0.0859505,0.0877943,0.0903558,0.0942198,0.100967,0.1172,0.171449,0.137422,0.109734,0.0966665,0.0886194,0.0829764,0.0787073,0.0753133,0.0725193,0.0701591,0.0681254,0.0663452,0.064767,0.0633531,0.0620751,0.0609112,0.0598443,0.0588609,0.05795,0.0571024,0.0563108,0.0555689,0.0548713,0.0542136,0.0535919,0.0530028,0.0524434,0.0519112,0.0514039,0.0509196,0.0504564,0.0500127,0.0495873,0.0491788,0.048786,0.048408,0.0480438,0.0476926,0.0473535,0.0470258,0.046709,0.0464024,0.0461054,0.0458175,0.0455383,0.0452674,0.0450042,0.0447485,0.0444999,0.044258,0.0440226,0.0437933,0.04357,0.0433522,0.0431399,0.0429328,0.0427306,0.0425332,0.0423404,0.042152,0.0419678,0.0417878,0.0416116,0.0414393,0.0412706,0.0411055,0.0409437,0.0407853,0.04063,0.0404778,0.0403286,0.0401823,0.0400388,0.039898,0.0397598,0.0396242,0.039491,0.0393603,0.0392318,0.0391056,0.0389816,0.0388598,0.03874,0.0386222,0.0385065,0.0383926,0.0382806,0.0381703,0.0380619,0.0379552,0.0378501,0.0377467,0.0376449
0.0832149,0.0842517,0.0855618,0.0872707,0.0896053,0.0930321,0.0987171,0.110798,0.156685,0.152312,0.115608,0.0999626,0.0908324,0.0846139,0.0799942,0.0763669,0.0734076,0.0709248,0.0687968,0.0669421,0.0653036,0.06384,0.0625203,0.0613211,0.0602239,0.0592142,0.0582802,0.0574124,0.0566027,0.0558447,0.0551326,0.0544618,0.0538282,0.0532282,0.0526589,0.0521176,0.0516019,0.0511097,0.0506393,0.050189,0.0497573,0.049343,0.0489448,0.0485617,0.0481927,0.0478369,0.0474935,0.0471618,0.0468412,0.0465309,0.0462305,0.0459394,0.0456571,0.0453832,0.0451172,0.0448588,0.0446076,0.0443633,0.0441255,0.043894,0.0436685,0.0434487,0.0432344,0.0430254,0.0428214,0.0426222,0.0424277,0.0422376,0.0420519,0.0418703,0.0416927,0.0415189,0.0413488,0.0411824,0.0410193,0.0408596,0.0407032,0.0405498,0.0403995,0.0402521,0.0401075,0.0399656,0.0398264,0.0396898,0.0395557,0.039424,0.0392946,0.0391676,0.0390427,0.03892,0.0387995,0.0386809,0.0385643,0.0384497,0.038337,0.038226,0.0381169,0.0380095,0.0379038,0.0377997,0.0376973
0.0829873,0.0839681,0.0851988,0.0867881,0.0889273,0.091994,0.0968716,0.106321,0.135861,0.166856,0.122911,0.103763,0.0932883,0.0863909,0.0813706,0.0774822,0.0743408,0.0717245,0.0694948,0.0675603,0.0658577,0.0643414,0.0629779,0.0617416,0.0606127,0.0595755,0.0586175,0.0577286,0.0569002,0.0561254,0.0553984,0.0547141,0.0540682,0.0534571,0.0528776,0.0523269,0.0518025,0.0513024,0.0508246,0.0503675,0.0499294,0.0495091,0.0491053,0.048717,0.048343,0.0479826,0.0476349,0.0472991,0.0469746,0.0466607,0.0463568,0.0460624,0.0457769,0.0455,0.0452312,0.04497,0.0447162,0.0444694,0.0442293,0.0439955,0.0437678,0.0435459,0.0433296,0.0431186,0.0429127,0.0427118,0.0425155,0.0423238,0.0421365,0.0419533,0.0417742,0.041599,0.0414275,0.0412597,0.0410954,0.0409344,0.0407767,0.0406222,0.0404707,0.0403222,0.0401765,0.0400336,0.0398934,0.0397558,0.0396207,0.0394881,0.0393578,0.0392298,0.0391041,0.0389806,0.0388592,0.0387398,0.0386225,0.0385071,0.0383936,0.038282,0.0381721,0.038064,0.0379576,0.0378529,0.0377498
0.0827711,0.0837004,0.0848589,0.0863415,0.0883109,0.0910766,0.095323,0.102981,0.122756,0.165737,0.132245,0.10821,0.0960362,0.0883291,0.0828475,0.0786657,0.075323,0.0725609,0.0702213,0.0682012,0.0664302,0.0648582,0.0634484,0.0621731,0.0610109,0.0599451,0.0589621,0.0580512,0.0572034,0.0564114,0.0556688,0.0549705,0.054312,0.0536894,0.0530994,0.0525391,0.0520059,0.0514976,0.0510123,0.0505481,0.0501035,0.0496771,0.0492676,0.048874,0.048495,0.0481299,0.0477778,0.0474378,0.0471093,0.0467916,0.0464842,0.0461864,0.0458978,0.0456178,0.0453461,0.0450822,0.0448257,0.0445764,0.0443338,0.0440977,0.0438678,0.0436438,0.0434254,0.0432125,0.0430047,0.0428019,0.042604,0.0424106,0.0422216,0.0420369,0.0418563,0.0416796,0.0415067,0.0413375,0.0411719,0.0410096,0.0408507,0.040695,0.0405423,0.0403927,0.0402459,0.0401019,0.0399607,0.0398221,0.039686,0.0395524,0.0394213,0.0392924,0.0391658,0.0390415,0.0389192,0.0387991,0.0386809,0.0385648,0.0384505,0.0383382,0.0382276,0.0381188,0.0380118,0.0379064,0.0378026
0.0825654,0.0834471,0.0845398,0.0859267,0.0877473,0.0902582,0.0939998,0.100373,0.114672,0.160031,0.144232,0.113505,0.0991396,0.0904551,0.0844385,0.0799249,0.0763589,0.0734372,0.0709785,0.0688664,0.0670224,0.0653912,0.0639326,0.0626162,0.0614191,0.0603233,0.0593143,0.0583806,0.0575126,0.0567027,0.0559441,0.0552314,0.0545598,0.0539254,0.0533246,0.0527544,0.0522121,0.0516954,0.0512024,0.050731,0.0502797,0.0498471,0.0494318,0.0490327,0.0486486,0.0482787,0.0479221,0.0475778,0.0472453,0.0469238,0.0466128,0.0463115,0.0460197,0.0457366,0.0454619,0.0451952,0.0449361,0.0446842,0.0444392,0.0442007,0.0439686,0.0437424,0.0435219,0.043307,0.0430973,0.0428927,0.042693,0.0424979,0.0423073,0.042121,0.0419388,0.0417607,0.0415864,0.0414158,0.0412488,0.0410853,0.0409251,0.0407682,0.0406144,0.0404636,0.0403157,0.0401707,0.0400284,0.0398887,0.0397517,0.0396172,0.039485,0.0393553,0.0392278,0.0391026,0.0389795,0.0388586,0.0387396,0.0386227,0.0385077,0.0383946,0.0382833,0.0381738,0.0380661,0.0379601,0.0378557
0.0823694,0.0832071,0.0842396,0.0855402,0.0872294,0.0895223,0.0928523,0.0982663,0.109209,0.144528,0.157119,0.119939,0.102682,0.092802,0.0861594,0.0812687,0.0774536,0.0743566,0.0717686,0.0695575,0.0676355,0.0659414,0.064431,0.0630714,0.0618377,0.0607105,0.0596743,0.0587168,0.057828,0.0569995,0.0562243,0.0554967,0.0548117,0.0541651,0.0535531,0.0529728,0.0524212,0.0518959,0.0513949,0.0509162,0.0504581,0.0500191,0.0495979,0.0491932,0.0488039,0.0484291,0.0480678,0.0477193,0.0473826,0.0470573,0.0467425,0.0464378,0.0461426,0.0458564,0.0455788,0.0453092,0.0450473,0.0447928,0.0445453,0.0443045,0.0440701,0.0438417,0.0436192,0.0434022,0.0431906,0.0429842,0.0427826,0.0425858,0.0423935,0.0422056,0.0420219,0.0418423,0.0416665,0.0414946,0.0413262,0.0411614,0.041,0.0408418,0.0406868,0.0405348,0.0403859,0.0402397,0.0400964,0.0399557,0.0398177,0.0396822,0.0395492,0.0394185,0.0392902,0.0391641,0.0390401,0.0389184,0.0387986,0.0386809,0.0385652,0.0384513,0.0383393,0.0382291,0.0381207,0.038014,0.0379089
0.0821825,0.0829794,0.0839566,0.0851791,0.0867516,0.0888559,0.0918449,0.0965198,0.105242,0.12925,0.161211,0.127912,0.106777,0.0954114,0.0880293,0.082707,0.0786132,0.0753231,0.0725941,0.0702762,0.0682707,0.0665096,0.0649444,0.0635393,0.0622672,0.0611071,0.0600425,0.0590603,0.0581497,0.0573019,0.0565096,0.0557666,0.0550678,0.0544086,0.0537852,0.0531944,0.0526332,0.0520991,0.05159,0.0511037,0.0506386,0.0501931,0.0497658,0.0493555,0.0489609,0.0485811,0.0482151,0.0478621,0.0475213,0.047192,0.0468735,0.0465653,0.0462667,0.0459773,0.0456966,0.0454241,0.0451595,0.0449024,0.0446523,0.0444091,0.0441723,0.0439418,0.0437171,0.0434981,0.0432846,0.0430762,0.0428728,0.0426743,0.0424803,0.0422908,0.0421055,0.0419244,0.0417472,0.0415738,0.0414041,0.041238,0.0410752,0.0409158,0.0407596,0.0406065,0.0404564,0.0403092,0.0401648,0.0400231,0.0398841,0.0397476,0.0396136,0.039482,0.0393528,0.0392258,0.039101,0.0389784,0.0388579,0.0387394,0.0386229,0.0385083,0.0383956,0.0382847,0.0381755,0.0380681,0.0379624
0.082004,0.0827629,0.0836891,0.0848407,0.0863089,0.0882489,0.0909513,0.0950423,0.102206,0.119188,0.156999,0.137813,0.111578,0.0983363,0.0900715,0.0842521,0.0798446,0.0763408,0.073458,0.0710245,0.0689294,0.0670969,0.0654737,0.0640205,0.062708,0.0615134,0.0604193,0.0594113,0.0584781,0.0576103,0.0568002,0.0560413,0.0553281,0.054656,0.0540208,0.0534193,0.0528482,0.0523051,0.0517876,0.0512936,0.0508214,0.0503692,0.0499357,0.0495196,0.0491196,0.0487347,0.0483639,0.0480064,0.0476613,0.047328,0.0470057,0.0466939,0.0463919,0.0460992,0.0458154,0.04554,0.0452726,0.0450128,0.0447602,0.0445145,0.0442754,0.0440426,0.0438157,0.0435947,0.0433791,0.0431689,0.0429637,0.0427634,0.0425677,0.0423765,0.0421897,0.042007,0.0418283,0.0416535,0.0414824,0.041315,0.0411509,0.0409903,0.0408329,0.0406786,0.0405273,0.040379,0.0402335,0.0400908,0.0399508,0.0398133,0.0396784,0.0395459,0.0394157,0.0392879,0.0391622,0.0390388,0.0389175,0.0387982,0.0386809,0.0385655,0.0384521,0.0383404,0.0382306,0.0381225,0.0380162
0.0818334,0.0825568,0.0834361,0.0845228,0.0858973,0.0876929,0.0901517,0.0937715,0.0997931,0.112512,0.149394,0.148795,0.117296,0.101645,0.0923144,0.0859179,0.0811558,0.0774148,0.0743634,0.0718047,0.0696132,0.0677046,0.0660197,0.0645157,0.0631606,0.06193,0.0608048,0.05977,0.0588133,0.0579247,0.0570962,0.0563209,0.0555929,0.0549074,0.0542601,0.0536475,0.0530664,0.052514,0.0519879,0.051486,0.0510065,0.0505475,0.0501076,0.0496855,0.04928,0.0488899,0.0485142,0.0481521,0.0478027,0.0474653,0.0471392,0.0468236,0.0465182,0.0462222,0.0459353,0.0456569,0.0453866,0.0451241,0.0448689,0.0446207,0.0443792,0.0441441,0.0439151,0.043692,0.0434744,0.0432622,0.0430551,0.042853,0.0426556,0.0424628,0.0422744,0.0420901,0.04191,0.0417337,0.0415613,0.0413924,0.0412271,0.0410652,0.0409065,0.0407511,0.0405987,0.0404492,0.0403027,0.0401589,0.0400178,0.0398794,0.0397435,0.03961,0.039479,0.0393502,0.0392237,0.0390994,0.0389773,0.0388572,0.0387391,0.038623,0.0385088,0.0383965,0.0382859,0.0381772,0.0380701
0.0816702,0.0823605,0.0831962,0.0842235,0.0855134,0.0871814,0.0894308,0.0926635,0.0978184,0.107781,0.135873,0.155324,0.124208,0.105427,0.0947935,0.0877215,0.0825559,0.0785504,0.0753138,0.0726191,0.0703238,0.0683337,0.0665833,0.0650256,0.0636257,0.0623572,0.0611996,0.0601367,0.0591555,0.0582455,0.0573979,0.0566055,0.0558622,0.0551629,0.0545032,0.0538792,0.0532877,0.0527258,0.0521909,0.0516809,0.0511938,0.0507279,0.0502816,0.0498534,0.0494422,0.0490468,0.0486662,0.0482994,0.0479456,0.047604,0.0472739,0.0469546,0.0466456,0.0463463,0.0460561,0.0457747,0.0455015,0.0452362,0.0449784,0.0447277,0.0444838,0.0442464,0.0440152,0.0437899,0.0435703,0.0433562,0.0431472,0.0429433,0.0427442,0.0425497,0.0423596,0.0421738,0.0419921,0.0418144,0.0416405,0.0414703,0.0413037,0.0411405,0.0409806,0.040824,0.0406704,0.0405198,0.0403722,0.0402273,0.0400852,0.0399458,0.0398089,0.0396745,0.0395425,0.0394129,0.0392855,0.0391604,0.0390374,0.0389165,0.0387977,0.0386808,0.0385658,0.0384528,0.0383415,0.038232,0.0381243
0.0815139,0.0821732,0.0829684,0.0839411,0.0851544,0.0867087,0.0887765,0.0916867,0.096165,0.104236,0.124292,0.152567,0.132554,0.109801,0.0975528,0.089683,0.0840557,0.0797539,0.0763133,0.0734703,0.0710631,0.0689858,0.0671656,0.065551,0.0641038,0.0627956,0.061604,0.0605118,0.0595052,0.0585727,0.0577053,0.0568953,0.0561363,0.0554228,0.0547501,0.0541145,0.0535122,0.0529405,0.0523967,0.0518784,0.0513836,0.0509105,0.0504576,0.0500232,0.0496062,0.0492054,0.0488197,0.0484481,0.0480898,0.047744,0.0474099,0.0470868,0.0467742,0.0464715,0.0461781,0.0458936,0.0456175,0.0453493,0.0450888,0.0448356,0.0445892,0.0443495,0.044116,0.0438886,0.0436669,0.0434508,0.04324,0.0430342,0.0428333,0.0426371,0.0424454,0.042258,0.0420748,0.0418956,0.0417203,0.0415487,0.0413808,0.0412163,0.0410551,0.0408973,0.0407425,0.0405908,0.0404421,0.0402962,0.040153,0.0400125,0.0398747,0.0397393,0.0396064,0.0394759,0.0393476,0.0392216,0.0390978,0.0389761,0.0388565,0.0387388,0.0386231,0.0385093,0.0383973,0.0382872,0.0381788
0.0813641,0.0819943,0.0827518,0.0836743,0.0848178,0.0862703,0.0881793,0.090817,0.0947554,0.101465,0.116261,0.149168,0.141873,0.114923,0.100648,0.0918269,0.0856677,0.0810327,0.0773662,0.0743614,0.0718331,0.0696621,0.0677676,0.0660927,0.0645957,0.0632455,0.0620184,0.0608957,0.0598624,0.0589067,0.0580188,0.0571905,0.0564152,0.055687,0.0550011,0.0543533,0.0537401,0.0531584,0.0526053,0.0520785,0.0515758,0.0510954,0.0506357,0.050195,0.0497721,0.0493658,0.0489749,0.0485984,0.0482355,0.0478854,0.0475472,0.0472202,0.046904,0.0465978,0.0463011,0.0460134,0.0457343,0.0454634,0.0452002,0.0449443,0.0446955,0.0444533,0.0442176,0.043988,0.0437643,0.0435461,0.0433333,0.0431257,0.042923,0.0427251,0.0425317,0.0423427,0.042158,0.0419773,0.0418006,0.0416276,0.0414583,0.0412925,0.0411301,0.040971,0.040815,0.0406622,0.0405123,0.0403653,0.0402211,0.0400797,0.0399408,0.0398045,0.0396706,0.0395392,0.03941,0.0392832,0.0391585,0.039036,0.0389155,0.0387971,0.0386806,0.0385661,0.0384534,0.0383425,0.0382334
0.0812204,0.0818233,0.0825456,0.0834216,0.0845013,0.0858623,0.0876315,0.0900365,0.0935354,0.099227,0.110629,0.140555,0.149022,0.120985,0.104151,0.0941833,0.0874069,0.0823949,0.0784777,0.0752956,0.0726361,0.0703644,0.0683906,0.0666515,0.0651018,0.0637077,0.0624433,0.0612885,0.0602276,0.0592477,0.0583385,0.0574913,0.056699,0.0559557,0.0552561,0.054596,0.0539715,0.0533793,0.0528168,0.0522812,0.0517705,0.0512827,0.050816,0.0503688,0.0499399,0.0495279,0.0491317,0.0487503,0.0483827,0.0480281,0.0476858,0.0473549,0.0470349,0.0467252,0.0464252,0.0461343,0.0458522,0.0455783,0.0453124,0.0450539,0.0448025,0.044558,0.04432,0.0440881,0.0438623,0.0436421,0.0434273,0.0432178,0.0430133,0.0428136,0.0426186,0.042428,0.0422417,0.0420595,0.0418813,0.0417069,0.0415362,0.0413691,0.0412054,0.0410451,0.040888,0.040734,0.040583,0.0404349,0.0402896,0.0401471,0.0400072,0.0398699,0.0397352,0.0396028,0.0394728,0.039345,0.0392195,0.0390962,0.0389749,0.0388557,0.0387385,0.0386232,0.0385097,0.0383982,0.0382884
0.0810825,0.0816597,0.0823491,0.083182,0.0842032,0.0854814,0.0871266,0.089331,0.0924664,0.0973738,0.106483,0.12947,0.149306,0.128139,0.108154,0.0967891,0.0892908,0.0838502,0.0796535,0.0762766,0.0734745,0.0710944,0.0690357,0.0672285,0.0656231,0.0641826,0.062879,0.0616908,0.060601,0.0595959,0.0586646,0.0577978,0.0569881,0.056229,0.0555153,0.0548424,0.0542063,0.0536035,0.0530312,0.0524867,0.0519677,0.0514722,0.0509984,0.0505447,0.0501096,0.0496918,0.0492902,0.0489038,0.0485314,0.0481724,0.0478258,0.0474909,0.0471671,0.0468538,0.0465503,0.0462563,0.045971,0.0456943,0.0454255,0.0451643,0.0449104,0.0446634,0.0444231,0.044189,0.043961,0.0437387,0.043522,0.0433106,0.0431042,0.0429028,0.0427061,0.0425138,0.0423259,0.0421422,0.0419625,0.0417867,0.0416146,0.0414462,0.0412812,0.0411196,0.0409613,0.0408061,0.040654,0.0405048,0.0403585,0.0402149,0.040074,0.0399358,0.0398,0.0396667,0.0395358,0.0394072,0.0392808,0.0391566,0.0390345,0.0389145,0.0387965,0.0386805,0.0385663,0.038454,0.0383435
0.08095,0.0815029,0.0821616,0.0829544,0.0839219,0.0851249,0.0866595,0.0886893,0.0915199,0.0958079,0.103294,0.120386,0.146301,0.136101,0.112773,0.0996901,0.0913407,0.0854098,0.0809001,0.0773085,0.074351,0.071854,0.0697044,0.0678248,0.0661603,0.0646709,0.0633262,0.062103,0.060983,0.0599517,0.0589973,0.0581102,0.0572824,0.0565072,0.0557789,0.0550928,0.0544447,0.053831,0.0532487,0.052695,0.0521676,0.0516642,0.0511831,0.0507227,0.0502813,0.0498576,0.0494505,0.0490589,0.0486817,0.048318,0.0479671,0.0476282,0.0473005,0.0469835,0.0466766,0.0463792,0.0460909,0.0458111,0.0455395,0.0452756,0.0450191,0.0447697,0.0445269,0.0442906,0.0440604,0.043836,0.0436173,0.043404,0.0431958,0.0429926,0.0427941,0.0426002,0.0424107,0.0422254,0.0420442,0.041867,0.0416935,0.0415237,0.0413575,0.0411946,0.0410351,0.0408787,0.0407254,0.0405751,0.0404277,0.0402831,0.0401412,0.0400019,0.0398652,0.039731,0.0395991,0.0394696,0.0393424,0.0392173,0.0390945,0.0389736,0.0388549,0.0387381,0.0386232,0.0385101,0.0383989
0.0808226,0.0813526,0.0819824,0.0827379,0.0836558,0.0847903,0.0862258,0.0881024,0.0906743,0.0944631,0.100754,0.113793,0.141843,0.143025,0.118143,0.102944,0.0935818,0.0870867,0.082225,0.0783959,0.0752688,0.0726453,0.0703981,0.0684413,0.0667143,0.0651732,0.0637853,0.0625253,0.0613738,0.0603152,0.0593369,0.0584287,0.0575822,0.0567902,0.0560469,0.0553472,0.0546868,0.0540619,0.0534693,0.0529062,0.05237,0.0518587,0.0513702,0.0509028,0.0504549,0.0500253,0.0496125,0.0492156,0.0488335,0.0484651,0.0481098,0.0477668,0.0474352,0.0471145,0.046804,0.0465033,0.0462118,0.045929,0.0456545,0.0453879,0.0451287,0.0448768,0.0446316,0.044393,0.0441605,0.0439341,0.0437133,0.043498,0.0432879,0.0430829,0.0428827,0.0426871,0.042496,0.0423092,0.0421265,0.0419478,0.0417729,0.0416017,0.0414342,0.04127,0.0411092,0.0409517,0.0407972,0.0406458,0.0404973,0.0403516,0.0402087,0.0400684,0.0399307,0.0397955,0.0396628,0.0395324,0.0394043,0.0392784,0.0391547,0.039033,0.0389135,0.0387959,0.0386803,0.0385665,0.0384546
0.0807001,0.0812085,0.0818111,0.0825317,0.0834037,0.0844756,0.0858217,0.0875631,0.0899131,0.0932923,0.0986741,0.108963,0.133529,0.145373,0.124359,0.106622,0.0960452,0.0888963,0.0836368,0.079544,0.0762312,0.0734707,0.0711186,0.0690793,0.0672858,0.0656903,0.0642568,0.0629584,0.061774,0.0606868,0.0596836,0.0587535,0.0578876,0.0570783,0.0563195,0.0556058,0.0549327,0.0542963,0.0536931,0.0531203,0.0525752,0.0520557,0.0515595,0.051085,0.0506306,0.0501948,0.0497763,0.049374,0.0489868,0.0486138,0.048254,0.0479067,0.0475711,0.0472466,0.0469326,0.0466285,0.0463337,0.0460478,0.0457704,0.045501,0.0452392,0.0449847,0.0447371,0.0444961,0.0442614,0.0440328,0.04381,0.0435927,0.0433807,0.0431739,0.0429719,0.0427746,0.0425818,0.0423934,0.0422092,0.042029,0.0418528,0.0416802,0.0415113,0.0413459,0.0411838,0.0410251,0.0408694,0.0407169,0.0405673,0.0404205,0.0402765,0.0401353,0.0399966,0.0398604,0.0397267,0.0395954,0.0394665,0.0393397,0.0392152,0.0390927,0.0389724,0.038854,0.0387376,0.0386231,0.0385105
0.0805822,0.08107,0.0816471,0.0823351,0.0831645,0.0841789,0.0854441,0.0870653,0.0892233,0.0922614,0.0969329,0.105294,0.124529,0.14278,0.131227,0.110811,0.0987684,0.0908567,0.0851453,0.0807588,0.077242,0.0743326,0.0718677,0.0697401,0.0678761,0.0662228,0.0647414,0.0634026,0.0621837,0.0610668,0.0600377,0.0590849,0.0581989,0.0573717,0.0565969,0.0558687,0.0551825,0.0545342,0.0539202,0.0533374,0.0527832,0.0522552,0.0517513,0.0512696,0.0508084,0.0503663,0.049942,0.0495342,0.0491418,0.0487639,0.0483996,0.048048,0.0477083,0.04738,0.0470623,0.0467547,0.0464567,0.0461677,0.0458873,0.045615,0.0453505,0.0450934,0.0448433,0.0446,0.044363,0.0441323,0.0439073,0.0436881,0.0434741,0.0432654,0.0430617,0.0428627,0.0426682,0.0424782,0.0422925,0.0421108,0.0419331,0.0417591,0.0415889,0.0414222,0.0412588,0.0410988,0.040942,0.0407883,0.0406376,0.0404898,0.0403447,0.0402024,0.0400628,0.0399257,0.039791,0.0396588,0.0395289,0.0394013,0.0392759,0.0391527,0.0390315,0.0389124,0.0387953,0.03868,0.0385667
0.0804686,0.080937,0.0814899,0.0821475,0.0829372,0.0838987,0.0850904,0.0866042,0.0885944,0.091345,0.0954493,0.102409,0.117198,0.140511,0.137614,0.115608,0.101798,0.0929895,0.086762,0.082047,0.0783054,0.0752338,0.0726471,0.0704251,0.068486,0.0667716,0.0652397,0.0638585,0.0626035,0.0614556,0.0603995,0.0594231,0.0585162,0.0576705,0.056879,0.056136,0.0554363,0.0547758,0.0541506,0.0535576,0.052994,0.0524574,0.0519455,0.0514563,0.0509883,0.0505398,0.0501095,0.0496961,0.0492985,0.0489156,0.0485466,0.0481906,0.0478469,0.0475146,0.0471932,0.0468821,0.0465807,0.0462886,0.0460051,0.04573,0.0454627,0.045203,0.0449504,0.0447047,0.0444654,0.0442324,0.0440054,0.0437841,0.0435682,0.0433576,0.043152,0.0429513,0.0427552,0.0425636,0.0423763,0.0421931,0.0420139,0.0418385,0.0416669,0.0414989,0.0413343,0.0411731,0.041015,0.0408602,0.0407083,0.0405594,0.0404133,0.04027,0.0401293,0.0399912,0.0398557,0.0397225,0.0395917,0.0394633,0.039337,0.0392129,0.039091,0.0389711,0.0388531,0.0387372,0.0386231
0.0803592,0.0808092,0.0813393,0.0819681,0.082721,0.0836335,0.0847581,0.0861755,0.0880182,0.0905235,0.0941662,0.100072,0.111668,0.135387,0.141065,0.12107,0.10519,0.0953207,0.0885003,0.0834161,0.0794261,0.0761776,0.0734593,0.071136,0.0691167,0.0673376,0.0657524,0.0643266,0.0630337,0.0618534,0.0607692,0.0597682,0.0588397,0.0579748,0.0571662,0.0564078,0.0556942,0.0550211,0.0543844,0.053781,0.0532078,0.0526623,0.0521421,0.0516454,0.0511704,0.0507153,0.0502789,0.0498598,0.0494568,0.0490689,0.0486952,0.0483347,0.0479867,0.0476505,0.0473253,0.0470107,0.0467059,0.0464105,0.046124,0.0458459,0.0455758,0.0453134,0.0450583,0.0448101,0.0445686,0.0443333,0.0441041,0.0438808,0.0436629,0.0434504,0.043243,0.0430405,0.0428427,0.0426495,0.0424606,0.0422758,0.0420952,0.0419184,0.0417454,0.041576,0.0414102,0.0412477,0.0410885,0.0409324,0.0407794,0.0406294,0.0404822,0.0403379,0.0401962,0.0400571,0.0399206,0.0397865,0.0396548,0.0395255,0.0393984,0.0392735,0.0391507,0.03903,0.0389113,0.0387946,0.0386797
0.0802538,0.0806861,0.0811947,0.0817966,0.082515,0.0833823,0.0844454,0.0857756,0.0874878,0.0897818,0.093043,0.0981344,0.10747,0.127948,0.140135,0.127056,0.109009,0.0978812,0.0903758,0.084875,0.0806095,0.0771673,0.0743064,0.0718742,0.0697695,0.0679217,0.0662801,0.0648074,0.0634749,0.0622606,0.0611472,0.0601206,0.0591696,0.0582849,0.0574586,0.0566842,0.0559564,0.0552702,0.0546218,0.0540076,0.0534245,0.0528699,0.0523414,0.0518369,0.0513546,0.0508929,0.0504502,0.0500252,0.0496168,0.0492238,0.0488452,0.0484802,0.0481279,0.0477877,0.0474587,0.0471403,0.0468321,0.0465334,0.0462438,0.0459627,0.0456899,0.0454248,0.045167,0.0449164,0.0446725,0.044435,0.0442036,0.0439781,0.0437583,0.0435439,0.0433346,0.0431303,0.0429308,0.0427359,0.0425454,0.0423591,0.042177,0.0419988,0.0418244,0.0416537,0.0414865,0.0413227,0.0411623,0.0410051,0.0408509,0.0406998,0.0405515,0.0404061,0.0402634,0.0401234,0.0399859,0.0398509,0.0397183,0.039588,0.03946,0.0393343,0.0392107,0.0390892,0.0389697,0.0388522,0.0387367
0.0801521,0.0805677,0.0810559,0.0816324,0.0823185,0.0831437,0.0841504,0.0854016,0.0869976,0.0891079,0.0920495,0.0964964,0.104197,0.120578,0.137977,0.132832,0.113325,0.100709,0.0924069,0.0864338,0.0818616,0.0782068,0.075191,0.0726417,0.0704456,0.0685248,0.0668237,0.0653015,0.0639274,0.0626777,0.0615337,0.0604806,0.0595063,0.0586009,0.0577562,0.0569655,0.0562228,0.0555233,0.0548628,0.0542375,0.0536442,0.0530803,0.0525432,0.0520308,0.0515412,0.0510726,0.0506235,0.0501926,0.0497785,0.0493803,0.0489968,0.0486272,0.0482705,0.0479261,0.0475932,0.0472712,0.0469595,0.0466574,0.0463646,0.0460806,0.0458048,0.045537,0.0452766,0.0450235,0.0447771,0.0445373,0.0443038,0.0440762,0.0438543,0.0436379,0.0434268,0.0432207,0.0430195,0.0428229,0.0426307,0.0424429,0.0422593,0.0420796,0.0419038,0.0417317,0.0415632,0.0413982,0.0412365,0.0410781,0.0409228,0.0407705,0.0406212,0.0404747,0.040331,0.0401899,0.0400515,0.0399155,0.039782,0.0396508,0.039522,0.0393954,0.039271,0.0391487,0.0390284,0.0389101,0.0387938
0.0800539,0.0804537,0.0809225,0.081475,0.0821308,0.082917,0.0838716,0.0850509,0.0865427,0.0884923,0.0911627,0.0950898,0.101572,0.114523,0.1351,0.136734,0.118171,0.103847,0.0946153,0.0881039,0.0831892,0.0793004,0.0761161,0.0734405,0.0711466,0.0691481,0.0673839,0.0658096,0.0643918,0.063105,0.0619291,0.0608483,0.0598498,0.058923,0.0580594,0.0572517,0.0564938,0.0557805,0.0551075,0.0544708,0.0538671,0.0532936,0.0527477,0.0522272,0.05173,0.0512544,0.0507988,0.0503618,0.049942,0.0495385,0.04915,0.0487756,0.0484145,0.0480659,0.047729,0.0474032,0.0470879,0.0467825,0.0464865,0.0461994,0.0459207,0.0456501,0.0453871,0.0451314,0.0448826,0.0446405,0.0444047,0.044175,0.043951,0.0437327,0.0435196,0.0433117,0.0431087,0.0429104,0.0427166,0.0425273,0.0423421,0.0421609,0.0419837,0.0418103,0.0416404,0.0414741,0.0413112,0.0411515,0.0409951,0.0408417,0.0406912,0.0405437,0.0403989,0.0402568,0.0401174,0.0399805,0.039846,0.039714,0.0395843,0.0394568,0.0393315,0.0392084,0.0390874,0.0389683,0.0388513
0.0799592,0.0803438,0.0807942,0.081324,0.0819515,0.0827012,0.0836076,0.0847213,0.0861193,0.0879271,0.0903652,0.0938656,0.0994154,0.109805,0.129895,0.137225,0.123437,0.107346,0.0970267,0.0898989,0.0846,0.0804528,0.0770848,0.0742727,0.071874,0.0697926,0.0679616,0.0663324,0.0648687,0.063543,0.0623338,0.0612241,0.0602004,0.0592515,0.0583682,0.0575429,0.0567693,0.0560419,0.0553559,0.0547075,0.0540932,0.0535099,0.052955,0.0524261,0.0519212,0.0514384,0.0509762,0.0505329,0.0501074,0.0496983,0.0493047,0.0489255,0.0485599,0.048207,0.0478661,0.0475365,0.0472176,0.0469087,0.0466094,0.0463192,0.0460375,0.0457641,0.0454984,0.0452401,0.0449889,0.0447444,0.0445063,0.0442744,0.0440484,0.043828,0.0436131,0.0434033,0.0431985,0.0429985,0.0428031,0.0426121,0.0424254,0.0422428,0.0420641,0.0418892,0.0417181,0.0415505,0.0413863,0.0412254,0.0410677,0.0409132,0.0407616,0.040613,0.0404672,0.0403241,0.0401836,0.0400458,0.0399104,0.0397774,0.0396468,0.0395185,0.0393924,0.0392684,0.0391466,0.0390268,0.038909
0.0798677,0.0802378,0.0806707,0.0811791,0.0817798,0.0824954,0.0833573,0.0844108,0.0857241,0.0874059,0.0896431,0.0927883,0.097607,0.106118,0.123442,0.135121,0.128627,0.111253,0.0996711,0.0918344,0.0861028,0.0816696,0.0781006,0.0751408,0.0726294,0.0704597,0.0685579,0.0668706,0.0653585,0.063992,0.062748,0.0616083,0.0605584,0.0595865,0.0586828,0.0578394,0.0570496,0.0563075,0.0556083,0.0549479,0.0543226,0.0537292,0.053165,0.0526276,0.0521148,0.0516247,0.0511556,0.050706,0.0502745,0.0498599,0.0494611,0.049077,0.0487068,0.0483495,0.0480045,0.047671,0.0473484,0.047036,0.0467334,0.04644,0.0461553,0.045879,0.0456106,0.0453497,0.0450959,0.044849,0.0446087,0.0443746,0.0441465,0.0439241,0.0437072,0.0434955,0.0432889,0.0430872,0.0428901,0.0426975,0.0425092,0.0423251,0.042145,0.0419687,0.0417962,0.0416272,0.0414618,0.0412997,0.0411408,0.0409851,0.0408324,0.0406827,0.0405358,0.0403917,0.0402503,0.0401114,0.0399751,0.0398412,0.0397097,0.0395805,0.0394535,0.0393288,0.0392061,0.0390855,0.0389669
0.0797793,0.0801356,0.0805519,0.08104,0.0816155,0.0822992,0.0831196,0.0841177,0.085354,0.0869235,0.0889853,0.0918311,0.0960645,0.103177,0.117325,0.133484,0.132608,0.115587,0.102584,0.0939287,0.0877078,0.0829566,0.0791674,0.0760473,0.0734147,0.0711508,0.0691735,0.0674249,0.065862,0.0644527,0.0631723,0.0620012,0.060924,0.0599282,0.0590035,0.0581413,0.0573347,0.0565775,0.0558647,0.0551919,0.0545553,0.0539515,0.0533779,0.0528317,0.0523108,0.0518132,0.0513371,0.0508811,0.0504435,0.0500232,0.0496191,0.04923,0.0488551,0.0484934,0.0481442,0.0478067,0.0474803,0.0471644,0.0468584,0.0465618,0.0462741,0.0459949,0.0457237,0.0454601,0.0452038,0.0449545,0.0447118,0.0444755,0.0442452,0.0440208,0.0438019,0.0435884,0.0433799,0.0431764,0.0429776,0.0427834,0.0425935,0.0424079,0.0422263,0.0420486,0.0418747,0.0417045,0.0415377,0.0413744,0.0412143,0.0410574,0.0409036,0.0407528,0.0406048,0.0404597,0.0403172,0.0401774,0.0400401,0.0399053,0.0397729,0.0396428,0.039515,0.0393894,0.0392659,0.0391445,0.0390251
0.0796939,0.0800369,0.0804374,0.0809062,0.0814579,0.0821117,0.0828936,0.0838405,0.0850066,0.0864753,0.0883831,0.0909736,0.0947302,0.100779,0.11223,0.130206,0.134059,0.12026,0.105802,0.0962029,0.0894265,0.0843209,0.0802895,0.0769951,0.074232,0.0718671,0.0698098,0.0679962,0.0663797,0.0649255,0.063607,0.0624032,0.0612976,0.060277,0.0593304,0.0584488,0.0576248,0.0568521,0.0561252,0.0554396,0.0547914,0.0541771,0.0535936,0.0530385,0.0525093,0.0520041,0.0515209,0.0510582,0.0506144,0.0501884,0.0497788,0.0493846,0.0490049,0.0486387,0.0482852,0.0479437,0.0476135,0.047294,0.0469846,0.0466847,0.0463939,0.0461117,0.0458376,0.0455714,0.0453125,0.0450608,0.0448157,0.0445771,0.0443447,0.0441182,0.0438973,0.0436818,0.0434715,0.0432663,0.0430658,0.0428699,0.0426784,0.0424912,0.0423082,0.042129,0.0419537,0.0417821,0.0416141,0.0414495,0.0412882,0.0411301,0.0409752,0.0408232,0.0406742,0.040528,0.0403845,0.0402437,0.0401054,0.0399697,0.0398364,0.0397054,0.0395767,0.0394503,0.039326,0.0392038,0.0390836
0.0796113,0.0799417,0.080327,0.0807776,0.0813068,0.0819324,0.0826783,0.083578,0.0846799,0.0860575,0.0878292,0.0901998,0.0935621,0.098783,0.108151,0.125279,0.132848,0.124922,0.109359,0.0986816,0.0912723,0.08577,0.0814716,0.0779874,0.0750834,0.0726103,0.0704677,0.0685853,0.0669123,0.065411,0.0640525,0.0628145,0.0616794,0.060633,0.0596637,0.058762,0.0579201,0.0571313,0.0563899,0.0556912,0.0550311,0.0544058,0.0538124,0.0532481,0.0527104,0.0521973,0.0517068,0.0512373,0.0507873,0.0503553,0.0499402,0.0495408,0.0491562,0.0487854,0.0484276,0.048082,0.0477479,0.0474247,0.0471118,0.0468086,0.0465146,0.0462294,0.0459525,0.0456835,0.0454221,0.0451678,0.0449204,0.0446795,0.0444449,0.0442162,0.0439933,0.0437759,0.0435638,0.0433567,0.0431544,0.0429569,0.0427638,0.0425751,0.0423905,0.0422099,0.0420332,0.0418602,0.0416909,0.041525,0.0413625,0.0412032,0.0410471,0.040894,0.0407439,0.0405966,0.0404521,0.0403103,0.0401711,0.0400344,0.0399001,0.0397683,0.0396387,0.0395114,0.0393863,0.0392633,0.0391424
0.0795314,0.0798497,0.0802206,0.0806537,0.0811617,0.0817608,0.082473,0.0833289,0.0843718,0.0856671,0.0873176,0.0894972,0.0925289,0.0970919,0.104883,0.119732,0.131268,0.128786,0.113263,0.101392,0.0932604,0.0873128,0.0827193,0.0790277,0.0759714,0.0733822,0.0711486,0.0691933,0.0674606,0.0659096,0.0645093,0.0632356,0.0620697,0.0609964,0.0600036,0.0590811,0.0582207,0.0574153,0.056659,0.0559468,0.0552743,0.0546379,0.0540342,0.0534605,0.0529141,0.0523929,0.051895,0.0514186,0.0509621,0.0505241,0.0501033,0.0496986,0.049309,0.0489336,0.0485713,0.0482216,0.0478835,0.0475566,0.0472401,0.0469336,0.0466364,0.0463482,0.0460683,0.0457966,0.0455325,0.0452757,0.0450258,0.0447826,0.0445458,0.044315,0.04409,0.0438706,0.0436566,0.0434477,0.0432437,0.0430445,0.0428498,0.0426594,0.0424733,0.0422913,0.0421132,0.0419388,0.0417681,0.041601,0.0414372,0.0412767,0.0411194,0.0409652,0.040814,0.0406656,0.0405201,0.0403773,0.0402371,0.0400994,0.0399643,0.0398315,0.0397011,0.0395729,0.039447,0.0393231,0.0392014
0.0794542,0.0797609,0.0801179,0.0805345,0.0810223,0.0815964,0.0822771,0.0830922,0.0840809,0.0853012,0.0868432,0.0888558,0.091607,0.0956377,0.102226,0.114583,0.129285,0.130813,0.117441,0.104363,0.0954084,0.0889592,0.0840385,0.08012,0.0768985,0.0741846,0.0718539,0.069821,0.0680253,0.0664221,0.0649779,0.0636669,0.0624688,0.0613677,0.0603504,0.0594064,0.0585268,0.0577042,0.0569325,0.0562064,0.0555213,0.0548734,0.0542592,0.0536757,0.0531205,0.0525911,0.0520855,0.051602,0.0511389,0.0506947,0.0502682,0.0498581,0.0494635,0.0490832,0.0487165,0.0483625,0.0480204,0.0476897,0.0473696,0.0470596,0.0467592,0.0464679,0.0461851,0.0459105,0.0456437,0.0453844,0.045132,0.0448865,0.0446474,0.0444144,0.0441874,0.043966,0.0437501,0.0435393,0.0433335,0.0431326,0.0429362,0.0427443,0.0425567,0.0423731,0.0421936,0.0420179,0.0418458,0.0416773,0.0415123,0.0413506,0.0411922,0.0410368,0.0408845,0.040735,0.0405884,0.0404446,0.0403034,0.0401648,0.0400287,0.039895,0.0397637,0.0396347,0.0395079,0.0393832,0.0392607
0.0793794,0.079675,0.0800188,0.0804196,0.0808882,0.0814388,0.0820899,0.082867,0.0838055,0.0849575,0.0864019,0.0882672,0.0907781,0.0943712,0.100026,0.11023,0.125882,0.130543,0.121638,0.107617,0.0977362,0.0907206,0.085436,0.0812684,0.0778676,0.0750194,0.0725849,0.0704697,0.0686073,0.0669491,0.0654588,0.0641087,0.0628772,0.061747,0.0607043,0.0597379,0.0588385,0.0579982,0.0572106,0.0564702,0.0557721,0.0551123,0.0544873,0.0538939,0.0533296,0.0527917,0.0522784,0.0517876,0.0513178,0.0508673,0.0504349,0.0500193,0.0496195,0.0492344,0.0488631,0.0485047,0.0481586,0.047824,0.0475003,0.0471868,0.0468831,0.0465886,0.0463028,0.0460254,0.0457559,0.0454939,0.0452391,0.0449911,0.0447497,0.0445146,0.0442855,0.0440621,0.0438442,0.0436315,0.043424,0.0432213,0.0430232,0.0428297,0.0426405,0.0424555,0.0422745,0.0420974,0.041924,0.0417542,0.0415879,0.0414249,0.0412653,0.0411088,0.0409553,0.0408048,0.0406571,0.0405122,0.0403701,0.0402305,0.0400934,0.0399588,0.0398266,0.0396967,0.0395691,0.0394436,0.0393203
0.0793071,0.0795919,0.0799232,0.0803089,0.0807593,0.0812875,0.0819108,0.0826524,0.0835446,0.0846338,0.0859902,0.0877248,0.0900279,0.0932562,0.0981729,0.106664,0.121385,0.128887,0.125296,0.111155,0.100265,0.0926098,0.0869194,0.0824778,0.078882,0.0758889,0.0733433,0.0711405,0.0692074,0.0674912,0.0659526,0.0645616,0.063295,0.0621346,0.0610656,0.060076,0.059156,0.0582975,0.0574935,0.0567382,0.0560268,0.0553548,0.0547187,0.0541152,0.0535414,0.052995,0.0524736,0.0519755,0.0514987,0.0510418,0.0506034,0.0501822,0.0497771,0.049387,0.0490111,0.0486483,0.0482981,0.0479595,0.0476321,0.0473151,0.047008,0.0467103,0.0464215,0.0461411,0.0458689,0.0456042,0.0453469,0.0450965,0.0448528,0.0446155,0.0443842,0.0441588,0.0439389,0.0437244,0.043515,0.0433105,0.0431108,0.0429157,0.0427249,0.0425383,0.0423559,0.0421773,0.0420025,0.0418314,0.0416639,0.0414997,0.0413388,0.0411811,0.0410265,0.0408749,0.0407262,0.0405803,0.0404371,0.0402965,0.0401585,0.040023,0.0398898,0.0397591,0.0396306,0.0395043,0.0393801
0.079237,0.0795116,0.0798307,0.0802021,0.0806352,0.0811423,0.0817393,0.0824477,0.0832968,0.0843285,0.0856049,0.0872229,0.0893448,0.0922654,0.0965887,0.103746,0.116616,0.127662,0.127623,0.114917,0.103017,0.0946415,0.0884974,0.0837536,0.079945,0.0767955,0.0741307,0.0718346,0.0698266,0.0680492,0.0664597,0.0650259,0.0637228,0.0625308,0.0614344,0.0604208,0.0594795,0.0586021,0.0577812,0.0570107,0.0562855,0.055601,0.0549535,0.0543395,0.0537561,0.0532009,0.0526713,0.0521656,0.0516818,0.0512184,0.0507738,0.0503469,0.0499364,0.0495413,0.0491606,0.0487933,0.0484388,0.0480963,0.047765,0.0474445,0.047134,0.046833,0.0465411,0.0462578,0.0459828,0.0457154,0.0454556,0.0452027,0.0449567,0.0447171,0.0444837,0.0442561,0.0440343,0.0438178,0.0436066,0.0434004,0.0431989,0.0430021,0.0428098,0.0426217,0.0424377,0.0422577,0.0420816,0.0419091,0.0417403,0.0415748,0.0414127,0.0412539,0.0410981,0.0409454,0.0407956,0.0406486,0.0405044,0.0403628,0.0402239,0.0400874,0.0399534,0.0398217,0.0396924,0.0395652,0.0394403
0.0791692,0.0794339,0.0797414,0.080099,0.0805156,0.0810027,0.081575,0.0822523,0.0830613,0.0840399,0.0852434,0.086757,0.0887197,0.0913778,0.0952162,0.101332,0.112227,0.125436,0.128076,0.118708,0.106007,0.0968316,0.0901794,0.0851015,0.0810605,0.0777418,0.074949,0.0725533,0.070466,0.0686239,0.0669809,0.0655022,0.0641609,0.0629361,0.0618111,0.0607725,0.0598092,0.0589122,0.0580738,0.0572876,0.0565482,0.0558509,0.0551917,0.054567,0.0539738,0.0534094,0.0528715,0.052358,0.0518671,0.0513969,0.0509461,0.0505134,0.0500974,0.0496971,0.0493115,0.0489398,0.0485809,0.0482343,0.0478992,0.047575,0.047261,0.0469568,0.0466618,0.0463755,0.0460976,0.0458275,0.045565,0.0453097,0.0450613,0.0448194,0.0445838,0.0443542,0.0441303,0.0439119,0.0436988,0.0434908,0.0432876,0.0430892,0.0428952,0.0427056,0.0425201,0.0423387,0.0421611,0.0419873,0.0418171,0.0416504,0.0414871,0.041327,0.0411701,0.0410162,0.0408654,0.0407173,0.0405721,0.0404295,0.0402896,0.0401522,0.0400172,0.0398847,0.0397544,0.0396265,0.0395007
0.0791035,0.0793587,0.0796551,0.0799995,0.0804004,0.0808685,0.0814175,0.0820655,0.0828371,0.0837666,0.0849035,0.0863229,0.0881449,0.090577,0.0940134,0.0993072,0.108461,0.122104,0.126897,0.122127,0.109232,0.0991972,0.0919765,0.0865283,0.0822329,0.0787306,0.0758003,0.0732982,0.0711265,0.0692161,0.0675168,0.0659909,0.0646096,0.0633506,0.0621959,0.0611314,0.0601453,0.0592281,0.0583716,0.0575692,0.0568152,0.0561047,0.0554334,0.0547977,0.0541944,0.0536207,0.0530743,0.0525529,0.0520545,0.0515775,0.0511204,0.0506816,0.0502601,0.0498545,0.049464,0.0490876,0.0487244,0.0483737,0.0480346,0.0477067,0.0473892,0.0470816,0.0467834,0.0464941,0.0462133,0.0459405,0.0456754,0.0454175,0.0451667,0.0449225,0.0446847,0.0444529,0.044227,0.0440066,0.0437917,0.0435818,0.0433769,0.0431767,0.0429811,0.0427899,0.0426029,0.04242,0.0422411,0.0420659,0.0418944,0.0417264,0.0415618,0.0414005,0.0412425,0.0410875,0.0409355,0.0407864,0.0406401,0.0404965,0.0403556,0.0402173,0.0400814,0.0399479,0.0398168,0.039688,0.0395614
0.0790399,0.0792859,0.0795716,0.0799035,0.0802894,0.0807394,0.0812662,0.0818867,0.0826234,0.0835074,0.0845833,0.0859173,0.0876142,0.0898499,0.0929489,0.0975836,0.105315,0.118075,0.125719,0.124574,0.112638,0.101754,0.0939007,0.0880414,0.0834667,0.079765,0.0766866,0.0740707,0.0718094,0.0698267,0.0680681,0.0664927,0.0650696,0.0637748,0.0625892,0.0614978,0.060488,0.0595498,0.0586747,0.0578556,0.0570865,0.0563624,0.0556787,0.0550317,0.054418,0.0538349,0.0532797,0.0527501,0.0522442,0.0517603,0.0512966,0.0508517,0.0504245,0.0500136,0.0496181,0.0492369,0.0488692,0.0485143,0.0481713,0.0478395,0.0475185,0.0472075,0.046906,0.0466137,0.0463299,0.0460543,0.0457865,0.0455261,0.0452728,0.0450263,0.0447862,0.0445523,0.0443243,0.044102,0.0438851,0.0436734,0.0434667,0.0432649,0.0430676,0.0428748,0.0426863,0.0425019,0.0423215,0.0421449,0.0419721,0.0418028,0.041637,0.0414745,0.0413152,0.0411591,0.041006,0.0408558,0.0407085,0.0405639,0.040422,0.0402827,0.0401459,0.0400115,0.0398795,0.0397498,0.0396223
0.0789782,0.0792154,0.0794908,0.0798106,0.0801822,0.080615,0.0811209,0.0817155,0.0824195,0.0832612,0.0842809,0.0855374,0.0871223,0.0891863,0.0919987,0.0960972,0.102693,0.113955,0.124288,0.125536,0.116078,0.104512,0.0959649,0.0896489,0.0847671,0.0808486,0.0776103,0.0748727,0.0725158,0.0704566,0.0686354,0.067008,0.0655411,0.064209,0.0629912,0.0618718,0.0608375,0.0598776,0.0589832,0.0581469,0.0573623,0.0566241,0.0559277,0.0552691,0.0546448,0.0540519,0.0534877,0.0529498,0.0524363,0.0519451,0.0514748,0.0510237,0.0505906,0.0501743,0.0497737,0.0493877,0.0490155,0.0486562,0.0483092,0.0479736,0.0476489,0.0473344,0.0470297,0.0467342,0.0464475,0.0461691,0.0458985,0.0456356,0.0453798,0.0451309,0.0448885,0.0446524,0.0444223,0.044198,0.0439792,0.0437656,0.0435571,0.0433535,0.0431546,0.0429602,0.0427702,0.0425843,0.0424024,0.0422245,0.0420502,0.0418797,0.0417126,0.0415488,0.0413884,0.0412311,0.0410769,0.0409256,0.0407772,0.0406316,0.0404887,0.0403484,0.0402106,0.0400754,0.0399425,0.0398119,0.0396836
0.0789184,0.0791471,0.0794127,0.0797209,0.0800788,0.0804952,0.0809813,0.0815514,0.0822247,0.0830271,0.0839948,0.0851806,0.0866649,0.0885775,0.0911442,0.0948003,0.100491,0.110169,0.121958,0.124988,0.119252,0.107465,0.0981824,0.09136,0.0861399,0.081985,0.0785741,0.0757058,0.0732472,0.0711069,0.0692196,0.0675376,0.0660248,0.0646536,0.0634023,0.0622538,0.061194,0.0602117,0.0592973,0.0584432,0.0576426,0.05689,0.0561804,0.0555099,0.0548748,0.0542719,0.0536984,0.0531521,0.0526306,0.0521322,0.051655,0.0511976,0.0507586,0.0503367,0.0499309,0.04954,0.0491631,0.0487995,0.0484483,0.0481089,0.0477805,0.0474625,0.0471544,0.0468558,0.046566,0.0462847,0.0460114,0.0457458,0.0454875,0.0452362,0.0449916,0.0447533,0.044521,0.0442947,0.0440739,0.0438584,0.0436481,0.0434428,0.0432422,0.0430462,0.0428545,0.0426671,0.0424838,0.0423044,0.0421289,0.0419569,0.0417886,0.0416236,0.0414619,0.0413035,0.0411481,0.0409958,0.0408463,0.0406997,0.0405557,0.0404145,0.0402758,0.0401395,0.0400057,0.0398743,0.0397451
0.0788605,0.079081,0.0793371,0.0796342,0.079979,0.0803798,0.080847,0.081394,0.0820384,0.0828041,0.0837238,0.0848448,0.0862383,0.0880165,0.0903708,0.0936572,0.0986207,0.106878,0.118812,0.123689,0.121708,0.110566,0.100565,0.0931847,0.0875915,0.0831783,0.0795807,0.0765721,0.074005,0.0717785,0.0698215,0.068082,0.066521,0.0651091,0.0638228,0.062644,0.0615578,0.0605522,0.0596172,0.0587447,0.0579276,0.0571601,0.0564371,0.0557543,0.055108,0.0544948,0.053912,0.0533569,0.0528274,0.0523215,0.0518374,0.0513735,0.0509284,0.0505009,0.0500897,0.0496938,0.0493122,0.0489442,0.0485888,0.0482454,0.0479132,0.0475917,0.0472802,0.0469783,0.0466855,0.0464013,0.0461252,0.0458569,0.0455961,0.0453423,0.0450953,0.0448548,0.0446204,0.044392,0.0441692,0.0439519,0.0437397,0.0435326,0.0433303,0.0431326,0.0429394,0.0427505,0.0425657,0.0423849,0.0422079,0.0420347,0.041865,0.0416988,0.0415359,0.0413763,0.0412198,0.0410663,0.0409157,0.0407681,0.0406231,0.0404809,0.0403412,0.040204,0.0400693,0.039937,0.039807
0.0788043,0.0790169,0.0792638,0.0795503,0.0798826,0.0802685,0.0807177,0.0812428,0.0818601,0.0825914,0.0834666,0.0845282,0.0858391,0.0874976,0.0896665,0.0926406,0.0970137,0.104081,0.11523,0.12275,0.123002,0.1137,0.103118,0.0951334,0.0891289,0.0844332,0.0806331,0.0774737,0.0747907,0.0724727,0.070442,0.0686418,0.0670304,0.0655758,0.0642531,0.0630427,0.0619291,0.0608994,0.0599431,0.0590515,0.0582174,0.0574346,0.0566977,0.0560024,0.0553445,0.0547208,0.0541283,0.0535643,0.0530266,0.052513,0.0520218,0.0515513,0.0511001,0.0506667,0.0502501,0.0498491,0.0494628,0.0490902,0.0487306,0.0483831,0.0480471,0.047722,0.0474071,0.0471019,0.046806,0.0465188,0.0462399,0.0459689,0.0457055,0.0454492,0.0451999,0.0449571,0.0447205,0.04449,0.0442652,0.0440459,0.0438319,0.043623,0.043419,0.0432197,0.0430248,0.0428344,0.0426481,0.0424658,0.0422874,0.0421128,0.0419418,0.0417744,0.0416103,0.0414494,0.0412918,0.0411372,0.0409855,0.0408368,0.0406908,0.0405476,0.0404069,0.0402688,0.0401332,0.04,0.0398691
0.0787498,0.0789548,0.0791929,0.0794692,0.0797894,0.080161,0.0805932,0.0810976,0.0816893,0.0823884,0.0832221,0.0842289,0.0854648,0.0870159,0.089022,0.0917293,0.0956169,0.101711,0.111647,0.121167,0.12298,0.116639,0.105833,0.0972165,0.0907597,0.0857546,0.0817347,0.078413,0.0756059,0.0731907,0.0710819,0.069218,0.0675536,0.0660542,0.0646935,0.0634503,0.0623081,0.0612534,0.060275,0.0593639,0.0585122,0.0577136,0.0569625,0.0562541,0.0555845,0.05495,0.0543476,0.0537745,0.0532283,0.0527069,0.0522085,0.0517312,0.0512736,0.0508344,0.0504123,0.0500061,0.0496149,0.0492377,0.0488737,0.0485221,0.0481822,0.0478534,0.047535,0.0472265,0.0469274,0.0466372,0.0463554,0.0460817,0.0458157,0.0455569,0.0453052,0.04506,0.0448213,0.0445886,0.0443618,0.0441406,0.0439247,0.043714,0.0435082,0.0433072,0.0431108,0.0429187,0.0427309,0.0425472,0.0423674,0.0421914,0.0420191,0.0418504,0.041685,0.041523,0.0413642,0.0412084,0.0410557,0.0409059,0.0407589,0.0406146,0.040473,0.040334,0.0401974,0.0400633,0.0399315
0.078697,0.0788946,0.0791242,0.0793906,0.0796993,0.0800574,0.0804733,0.080958,0.0815255,0.0821943,0.0829894,0.0839456,0.085113,0.0865673,0.0884295,0.0909069,0.0943903,0.0996947,0.10835,0.118844,0.121929,0.11904,0.108671,0.0994422,0.0924922,0.087148,0.0828891,0.0793923,0.0764525,0.0739338,0.0717423,0.0698111,0.068091,0.0665449,0.0651444,0.0638671,0.0626952,0.0616146,0.0606133,0.0596818,0.0588121,0.0579972,0.0572314,0.0565097,0.055828,0.0551824,0.0545698,0.0539873,0.0534325,0.0529032,0.0523973,0.0519131,0.0514491,0.0510039,0.0505761,0.0501646,0.0497684,0.0493866,0.0490182,0.0486624,0.0483186,0.047986,0.0476641,0.0473522,0.0470499,0.0467566,0.0464719,0.0461954,0.0459267,0.0456654,0.0454112,0.0451638,0.0449228,0.044688,0.0444591,0.0442359,0.0440181,0.0438056,0.043598,0.0433953,0.0431972,0.0430036,0.0428143,0.0426291,0.0424479,0.0422705,0.0420969,0.0419268,0.0417602,0.041597,0.041437,0.0412801,0.0411262,0.0409754,0.0408273,0.040682,0.0405394,0.0403994,0.0402619,0.0401269,0.0399942
0.0786458,0.0788362,0.0790577,0.0793146,0.0796123,0.0799572,0.0803576,0.0808236,0.0813683,0.0820087,0.0827678,0.083677,0.0847815,0.0861483,0.0878824,0.09016,0.0933032,0.0979632,0.105448,0.115935,0.121034,0.120534,0.111538,0.101813,0.0943347,0.0886193,0.0841004,0.0804145,0.0773324,0.0747034,0.0724243,0.0704221,0.0686434,0.0670483,0.0656062,0.0642933,0.0630906,0.061983,0.0609581,0.0600057,0.0591172,0.0582855,0.0575046,0.0567692,0.056075,0.0554181,0.0547951,0.054203,0.0536394,0.0531018,0.0525884,0.0520972,0.0516266,0.0511752,0.0507417,0.0503248,0.0499236,0.0495369,0.049164,0.048804,0.0484561,0.0481198,0.0477942,0.0474789,0.0471733,0.0468769,0.0465893,0.04631,0.0460386,0.0457747,0.0455181,0.0452683,0.045025,0.044788,0.0445571,0.0443319,0.0441122,0.0438977,0.0436884,0.043484,0.0432842,0.043089,0.0428981,0.0427114,0.0425288,0.04235,0.042175,0.0420037,0.0418358,0.0416713,0.0415101,0.0413521,0.0411971,0.0410452,0.0408961,0.0407498,0.0406062,0.0404652,0.0403267,0.0401908,0.0400572
0.0785961,0.0787797,0.0789932,0.079241,0.079528,0.0798605,0.0802461,0.0806943,0.0812173,0.0818309,0.0825562,0.0834219,0.0844686,0.0857558,0.0873754,0.0894781,0.0923319,0.0964619,0.102943,0.112756,0.119967,0.120916,0.114259,0.10432,0.0962952,0.090175,0.0853727,0.0814825,0.0782477,0.075501,0.0731289,0.0710517,0.0692114,0.0675649,0.0660794,0.0647294,0.0634946,0.0623591,0.0613096,0.0603355,0.0594276,0.0585787,0.0577822,0.0570327,0.0563257,0.0556571,0.0550234,0.0544216,0.0538489,0.053303,0.0527817,0.0522833,0.051806,0.0513484,0.050909,0.0504866,0.0500802,0.0496887,0.0493112,0.0489469,0.048595,0.0482547,0.0479255,0.0476067,0.0472978,0.0469983,0.0467077,0.0464255,0.0461513,0.0458849,0.0456257,0.0453735,0.0451279,0.0448888,0.0446557,0.0444284,0.0442068,0.0439905,0.0437794,0.0435732,0.0433718,0.0431749,0.0429825,0.0427943,0.0426102,0.04243,0.0422536,0.0420809,0.0419118,0.0417461,0.0415837,0.0414245,0.0412684,0.0411153,0.0409652,0.0408178,0.0406732,0.0405313,0.0403919,0.040255,0.0401206
0.0785479,0.0787248,0.0789307,0.0791697,0.0794465,0.079767,0.0801384,0.0805697,0.0810722,0.0816606,0.0823542,0.0831794,0.0841727,0.0853873,0.086904,0.0888525,0.0914579,0.0951475,0.100792,0.109619,0.118308,0.120298,0.116569,0.106928,0.0983795,0.0918219,0.086711,0.0825995,0.0792005,0.0763282,0.0738574,0.071701,0.0697958,0.0680954,0.0665644,0.0651756,0.0639075,0.062743,0.0616681,0.0606714,0.0597437,0.0588768,0.0580643,0.0573004,0.0565802,0.0558996,0.0552549,0.054643,0.0540611,0.0535066,0.0529775,0.0524717,0.0519875,0.0515235,0.0510781,0.0506502,0.0502385,0.0498421,0.0494599,0.0490912,0.0487351,0.0483909,0.0480579,0.0477356,0.0474234,0.0471206,0.0468269,0.0465419,0.0462649,0.0459958,0.0457341,0.0454795,0.0452316,0.0449902,0.044755,0.0445257,0.0443021,0.0440839,0.0438709,0.043663,0.0434599,0.0432614,0.0430673,0.0428776,0.042692,0.0425104,0.0423327,0.0421587,0.0419882,0.0418213,0.0416577,0.0414973,0.0413401,0.0411859,0.0410346,0.0408863,0.0407406,0.0405977,0.0404573,0.0403195,0.0401842
0.0785011,0.0786716,0.0788701,0.0791006,0.0793676,0.0796767,0.0800345,0.0804497,0.0809327,0.0814972,0.0821611,0.0829484,0.0838924,0.0850406,0.0864643,0.0882761,0.0906663,0.0939862,0.0989393,0.106722,0.116065,0.119275,0.118168,0.109561,0.100588,0.0935666,0.0881201,0.0837689,0.0801934,0.0771868,0.0746111,0.0723707,0.0703972,0.0686402,0.0670617,0.0656325,0.0643296,0.0631349,0.0620337,0.0610138,0.0600654,0.0591801,0.058351,0.0575722,0.0568385,0.0561456,0.0554897,0.0548675,0.054276,0.0537128,0.0531756,0.0526623,0.0521711,0.0517005,0.0512491,0.0508154,0.0503984,0.0499969,0.04961,0.0492368,0.0488765,0.0485283,0.0481915,0.0478656,0.0475499,0.047244,0.0469472,0.0466592,0.0463794,0.0461076,0.0458433,0.0455863,0.045336,0.0450924,0.044855,0.0446236,0.044398,0.0441779,0.0439631,0.0437533,0.0435485,0.0433484,0.0431527,0.0429615,0.0427744,0.0425913,0.0424122,0.0422368,0.0420651,0.0418969,0.041732,0.0415705,0.0414121,0.0412568,0.0411045,0.040955,0.0408084,0.0406644,0.0405231,0.0403844,0.0402481
0.0784557,0.0786199,0.0788114,0.0790337,0.0792912,0.0795893,0.0799342,0.0803339,0.0807984,0.0813403,0.0819763,0.0827282,0.0836264,0.0847136,0.0860531,0.0877429,0.0899453,0.0929518,0.0973322,0.104144,0.113406,0.118542,0.118847,0.112081,0.102911,0.0954152,0.0896055,0.0849946,0.0812289,0.0780786,0.0753913,0.0730621,0.0710166,0.0692001,0.0675718,0.0661004,0.0647613,0.0635353,0.0624067,0.0613627,0.060393,0.0594887,0.0586426,0.0578484,0.0571008,0.0563952,0.0557278,0.055095,0.0544938,0.0539216,0.0533761,0.0528551,0.0523568,0.0518796,0.0514219,0.0509824,0.0505599,0.0501533,0.0497616,0.0493838,0.0490192,0.0486669,0.0483263,0.0479968,0.0476776,0.0473683,0.0470684,0.0467774,0.0464948,0.0462203,0.0459534,0.0456938,0.0454412,0.0451953,0.0449557,0.0447222,0.0444945,0.0442725,0.0440558,0.0438443,0.0436377,0.0434359,0.0432386,0.0430458,0.0428572,0.0426727,0.0424922,0.0423154,0.0421424,0.0419729,0.0418068,0.041644,0.0414845,0.0413281,0.0411746,0.0410241,0.0408765,0.0407315,0.0405892,0.0404495,0.0403123
0.0784117,0.0785699,0.0787544,0.0789688,0.0792173,0.0795047,0.0798372,0.0802222,0.0806691,0.0811896,0.0817992,0.082518,0.0833736,0.0844047,0.0856674,0.0872479,0.0892853,0.0920235,0.0959272,0.101889,0.110582,0.117376,0.11861,0.114282,0.105317,0.0973713,0.0911728,0.0862805,0.0823098,0.0790056,0.0761995,0.0737762,0.0716547,0.0697757,0.0680952,0.0665797,0.0652029,0.0639443,0.0627873,0.0617184,0.0607266,0.0598027,0.058939,0.058129,0.0573671,0.0566485,0.0559692,0.0553256,0.0547145,0.0541331,0.0535791,0.0530502,0.0525447,0.0520606,0.0515966,0.0511511,0.0507231,0.0503112,0.0499146,0.0495322,0.0491632,0.0488068,0.0484623,0.048129,0.0478064,0.0474937,0.0471906,0.0468966,0.0466111,0.0463338,0.0460643,0.0458022,0.0455471,0.0452989,0.0450571,0.0448214,0.0445917,0.0443677,0.0441491,0.0439358,0.0437274,0.0435239,0.0433251,0.0431306,0.0429405,0.0427546,0.0425726,0.0423945,0.0422201,0.0420493,0.041882,0.041718,0.0415573,0.0413997,0.0412452,0.0410936,0.0409449,0.0407989,0.0406557,0.040515,0.0403769
0.0783689,0.0785213,0.0786992,0.078906,0.0791456,0.0794229,0.0797435,0.0801144,0.0805445,0.0810448,0.0816294,0.0823172,0.0831331,0.0841123,0.085305,0.0867868,0.0886783,0.091185,0.0946887,0.0999282,0.107817,0.115706,0.117705,0.115923,0.107744,0.099434,0.0928272,0.087631,0.0834392,0.0799701,0.0770372,0.0745142,0.0723124,0.0703676,0.0686325,0.0670708,0.0656547,0.0643622,0.0631758,0.062081,0.0610664,0.0601223,0.0592404,0.0584141,0.0576375,0.0569056,0.0562142,0.0555594,0.0549381,0.0543473,0.0537846,0.0532477,0.0527347,0.0522437,0.0517732,0.0513217,0.050888,0.0504708,0.0500691,0.049682,0.0493086,0.048948,0.0485995,0.0482625,0.0479362,0.0476202,0.0473138,0.0470167,0.0467283,0.0464482,0.046176,0.0459113,0.0456538,0.0454032,0.0451592,0.0449214,0.0446896,0.0444636,0.0442431,0.0440279,0.0438178,0.0436125,0.043412,0.043216,0.0430244,0.0428369,0.0426535,0.042474,0.0422983,0.0421262,0.0419576,0.0417924,0.0416305,0.0414718,0.0413161,0.0411634,0.0410137,0.0408667,0.0407224,0.0405808,0.0404417
0.0783275,0.0784741,0.0786456,0.078845,0.0790762,0.0793437,0.0796528,0.0800103,0.0804244,0.0809054,0.0814665,0.082125,0.082904,0.0838351,0.0849635,0.0863562,0.0881178,0.0904231,0.0935882,0.0982203,0.105252,0.113584,0.117015,0.116807,0.110081,0.101593,0.0945731,0.0890506,0.0846204,0.0809742,0.0779062,0.0752772,0.0729906,0.0709767,0.0691842,0.0675743,0.0661172,0.0647895,0.0635724,0.0624509,0.0614127,0.0604476,0.0595471,0.058704,0.0579122,0.0571666,0.0564627,0.0557965,0.0551647,0.0545643,0.0539927,0.0534476,0.052927,0.0524289,0.0519518,0.0514941,0.0510546,0.050632,0.0502252,0.0498333,0.0494553,0.0490905,0.0487379,0.048397,0.0480672,0.0477477,0.0474381,0.0471378,0.0468464,0.0465634,0.0462885,0.0460213,0.0457613,0.0455083,0.045262,0.045022,0.0447881,0.0445601,0.0443377,0.0441206,0.0439087,0.0437017,0.0434995,0.0433019,0.0431087,0.0429197,0.0427349,0.042554,0.0423769,0.0422034,0.0420336,0.0418672,0.041704,0.0415442,0.0413874,0.0412336,0.0410828,0.0409348,0.0407895,0.0406469,0.0405069
0.0782872,0.0784284,0.0785936,0.0787859,0.0790089,0.079267,0.0795652,0.0799098,0.0803086,0.0807713,0.0813101,0.0819411,0.0826854,0.0835719,0.0846412,0.0859529,0.0875984,0.0897272,0.0926032,0.0967254,0.102946,0.111168,0.116199,0.116883,0.112168,0.103821,0.0964128,0.0905437,0.0858568,0.0820205,0.0788081,0.0760667,0.0736904,0.0716037,0.069751,0.0680907,0.0665908,0.0652263,0.0639774,0.0628282,0.0617655,0.0607788,0.059859,0.0589986,0.0581913,0.0574315,0.0567148,0.0560369,0.0553944,0.0547841,0.0542035,0.05365,0.0531215,0.0526162,0.0521323,0.0516684,0.0512229,0.0507948,0.0503829,0.0499861,0.0496035,0.0492343,0.0488776,0.0485328,0.0481992,0.0478763,0.0475633,0.0472599,0.0469654,0.0466796,0.0464019,0.0461321,0.0458696,0.0456142,0.0453655,0.0451233,0.0448873,0.0446572,0.0444328,0.0442139,0.0440001,0.0437914,0.0435875,0.0433883,0.0431935,0.043003,0.0428167,0.0426344,0.0424559,0.0422811,0.04211,0.0419423,0.041778,0.041617,0.041459,0.0413042,0.0411523,0.0410032,0.0408569,0.0407133,0.0405723
0.0782482,0.078384,0.0785431,0.0787286,0.0789437,0.0791927,0.0794803,0.0798126,0.0801969,0.0806421,0.0811598,0.0817648,0.0824767,0.0833217,0.0843365,0.0855743,0.0871153,0.0890885,0.0917157,0.0954084,0.100907,0.108652,0.11498,0.116282,0.113808,0.106065,0.098344,0.0921145,0.087152,0.0831116,0.079745,0.0768841,0.0744129,0.0722494,0.0703334,0.0686203,0.0670757,0.065673,0.0643911,0.0632131,0.0621252,0.0611161,0.0601764,0.0592981,0.0584748,0.0577006,0.0569706,0.0562807,0.0556272,0.0550069,0.0544169,0.0538548,0.0533184,0.0528057,0.0523149,0.0518445,0.0513931,0.0509593,0.0505421,0.0501403,0.049753,0.0493794,0.0490186,0.0486698,0.0483325,0.0480059,0.0476896,0.0473829,0.0470854,0.0467967,0.0465162,0.0462437,0.0459786,0.0457208,0.0454698,0.0452254,0.0449872,0.0447551,0.0445287,0.0443078,0.0440922,0.0438817,0.0436761,0.0434752,0.0432788,0.0430868,0.042899,0.0427152,0.0425354,0.0423593,0.0421868,0.0420179,0.0418524,0.0416901,0.0415311,0.0413751,0.0412221,0.041072,0.0409247,0.0407801,0.0406381
0.0782102,0.0783409,0.0784942,0.078673,0.0788805,0.0791207,0.0793982,0.0797187,0.080089,0.0805176,0.0810153,0.0815958,0.0822771,0.0830834,0.0840478,0.0852179,0.0866647,0.0884998,0.0909112,0.0942401,0.0991124,0.1062,0.113344,0.115469,0.114828,0.108238,0.100356,0.0937662,0.0885097,0.0842503,0.0807189,0.0777307,0.0751591,0.0729146,0.0709323,0.0691639,0.0675726,0.0661301,0.0648139,0.063606,0.0624919,0.0614596,0.0604993,0.0596027,0.0587629,0.0579737,0.0572302,0.056528,0.0558632,0.0552326,0.0546331,0.0540622,0.0535176,0.0529974,0.0524996,0.0520226,0.0515651,0.0511256,0.0507029,0.0502961,0.049904,0.0495259,0.0491608,0.048808,0.0484669,0.0481367,0.0478169,0.047507,0.0472064,0.0469147,0.0466314,0.0463561,0.0460885,0.0458282,0.0455748,0.0453281,0.0450878,0.0448535,0.0446251,0.0444023,0.0441849,0.0439726,0.0437652,0.0435627,0.0433647,0.0431711,0.0429818,0.0427966,0.0426153,0.0424379,0.0422641,0.0420939,0.0419271,0.0417637,0.0416035,0.0414464,0.0412923,0.0411411,0.0409928,0.0408472,0.0407042
0.0781735,0.0782991,0.0784467,0.078619,0.0788192,0.079051,0.0793188,0.0796278,0.0799848,0.0803975,0.0808762,0.0814335,0.0820862,0.0828562,0.0837739,0.084882,0.0862432,0.087955,0.0901779,0.0931964,0.0975342,0.103914,0.111363,0.114888,0.115148,0.110209,0.102426,0.0954997,0.0899337,0.0854397,0.0817319,0.0786083,0.0759303,0.0736004,0.0715482,0.0697219,0.0680818,0.0665978,0.0652459,0.064007,0.0628657,0.0618096,0.0608281,0.0599125,0.0590556,0.0582512,0.0574938,0.0567789,0.0561026,0.0554613,0.0548521,0.0542722,0.0537193,0.0531913,0.0526863,0.0522027,0.0517389,0.0512935,0.0508654,0.0504534,0.0500565,0.0496737,0.0493043,0.0489475,0.0486025,0.0482686,0.0479453,0.0476321,0.0473283,0.0470336,0.0467474,0.0464694,0.0461992,0.0459363,0.0456806,0.0454316,0.045189,0.0449527,0.0447222,0.0444974,0.0442781,0.044064,0.0438549,0.0436507,0.0434511,0.0432559,0.0430651,0.0428784,0.0426957,0.0425169,0.0423418,0.0421703,0.0420023,0.0418376,0.0416763,0.041518,0.0413628,0.0412106,0.0410612,0.0409146,0.0407707
0.0781377,0.0782585,0.0784006,0.0785667,0.0787598,0.0789834,0.0792418,0.07954,0.0798841,0.0802817,0.0807423,0.0812776,0.0819032,0.0826394,0.0835137,0.0845645,0.085848,0.0874492,0.0895062,0.0922579,0.0961409,0.10184,0.109174,0.114007,0.114827,0.111821,0.104509,0.097312,0.091427,0.0866827,0.0827863,0.0795185,0.0767277,0.0743076,0.072182,0.0702949,0.0686039,0.0670766,0.0656875,0.0644164,0.0632471,0.0621662,0.0611627,0.0602277,0.0593532,0.058533,0.0577613,0.0570334,0.0563452,0.0556931,0.0550739,0.0544848,0.0539234,0.0533875,0.0528752,0.0523848,0.0519146,0.0514632,0.0510295,0.0506123,0.0502104,0.049823,0.0494492,0.0490882,0.0487392,0.0484016,0.0480748,0.0477582,0.0474512,0.0471534,0.0468644,0.0465836,0.0463107,0.0460453,0.0457871,0.0455358,0.045291,0.0450525,0.0448199,0.0445932,0.044372,0.044156,0.0439452,0.0437392,0.043538,0.0433412,0.0431489,0.0429607,0.0427766,0.0425964,0.0424199,0.0422471,0.0420779,0.041912,0.0417494,0.04159,0.0414337,0.0412804,0.04113,0.0409824,0.0408375
0.0781031,0.0782191,0.0783558,0.0785159,0.0787021,0.0789179,0.0791672,0.0794549,0.0797868,0.0801699,0.0806132,0.0811278,0.0817279,0.0824323,0.083266,0.0842641,0.0854764,0.0869781,0.0888882,0.0914091,0.0949047,0.0999866,0.106924,0.112773,0.114059,0.112925,0.106532,0.0991932,0.0929918,0.0879825,0.0838846,0.0804632,0.0775526,0.0750373,0.0728344,0.0708836,0.0691393,0.0675668,0.0661391,0.0648346,0.0636361,0.0625296,0.0615035,0.0605483,0.0596558,0.0588193,0.0580329,0.0572917,0.0565913,0.0559281,0.0552986,0.0547001,0.05413,0.0535861,0.0530663,0.0525689,0.0520922,0.0516348,0.0511953,0.0507727,0.0503658,0.0499737,0.0495954,0.0492302,0.0488772,0.0485358,0.0482054,0.0478854,0.0475751,0.0472742,0.0469822,0.0466986,0.046423,0.0461551,0.0458944,0.0456407,0.0453936,0.0451529,0.0449183,0.0446896,0.0444664,0.0442486,0.044036,0.0438283,0.0436254,0.043427,0.0432331,0.0430435,0.0428579,0.0426763,0.0424985,0.0423244,0.0421539,0.0419868,0.041823,0.0416624,0.041505,0.0413506,0.0411991,0.0410504,0.0409045
0.0780694,0.0781808,0.0783124,0.0784666,0.0786462,0.0788544,0.079095,0.0793726,0.0796927,0.080062,0.0804889,0.0809837,0.0815596,0.0822341,0.0830301,0.0839793,0.0851264,0.0865379,0.0883174,0.0906369,0.0938013,0.0983397,0.104736,0.111201,0.11352,0.11343,0.108392,0.101122,0.0946282,0.0893418,0.0850294,0.0814442,0.0784066,0.0757905,0.0735063,0.0714886,0.0696885,0.0680689,0.0666009,0.0652617,0.064033,0.0629,0.0618505,0.0608745,0.0599634,0.0591102,0.0583087,0.0575538,0.0568409,0.0561662,0.0555263,0.0549182,0.0543392,0.053787,0.0532596,0.052755,0.0522717,0.0518081,0.0513629,0.0509348,0.0505228,0.0501258,0.049743,0.0493734,0.0490164,0.0486712,0.0483371,0.0480136,0.0477001,0.047396,0.047101,0.0468145,0.0465362,0.0462656,0.0460025,0.0457464,0.045497,0.0452541,0.0450174,0.0447866,0.0445615,0.0443418,0.0441274,0.0439179,0.0437133,0.0435134,0.0433179,0.0431267,0.0429397,0.0427567,0.0425775,0.0424021,0.0422302,0.0420619,0.0418969,0.0417352,0.0415766,0.0414211,0.0412686,0.0411189,0.040972
0.0780368,0.0781437,0.0782703,0.0784188,0.0785919,0.0787927,0.0790249,0.0792928,0.0796017,0.0799578,0.0803689,0.0808449,0.0813981,0.0820444,0.0828051,0.0837088,0.084796,0.0861257,0.0877882,0.0899311,0.0928106,0.0968777,0.102687,0.109367,0.112885,0.113348,0.109959,0.10306,0.0963327,0.0907632,0.0862231,0.0824635,0.079291,0.0765684,0.0741985,0.0721105,0.0702521,0.0685834,0.0670735,0.0656982,0.0644382,0.0632777,0.062204,0.0612065,0.0602762,0.0594058,0.0585888,0.0578198,0.0570941,0.0564077,0.0557571,0.0551391,0.054551,0.0539904,0.0534551,0.0529433,0.0524532,0.0519833,0.0515321,0.0510985,0.0506813,0.0502794,0.0498919,0.049518,0.0491568,0.0488077,0.0484699,0.0481429,0.047826,0.0475188,0.0472207,0.0469313,0.0466502,0.046377,0.0461113,0.0458528,0.0456011,0.045356,0.0451171,0.0448843,0.0446572,0.0444356,0.0442193,0.0440081,0.0438018,0.0436002,0.0434032,0.0432105,0.0430219,0.0428375,0.042657,0.0424802,0.0423071,0.0421375,0.0419713,0.0418084,0.0416486,0.041492,0.0413384,0.0411876,0.0410397
0.0780051,0.0781076,0.0782293,0.0783723,0.0785392,0.078733,0.0789571,0.0792156,0.0795136,0.079857,0.0802532,0.0807113,0.0812428,0.0818627,0.0825902,0.0834517,0.0844836,0.0857385,0.0872959,0.0892828,0.091916,0.095577,0.100813,0.107383,0.111965,0.112799,0.111108,0.104948,0.0980955,0.0922479,0.0874683,0.0835233,0.0802075,0.0773723,0.074912,0.0727503,0.0708307,0.0691106,0.067557,0.0661443,0.0648517,0.0636629,0.0625642,0.0615444,0.0605944,0.0597062,0.0588732,0.0580898,0.057351,0.0566526,0.0559909,0.0553628,0.0547654,0.0541962,0.053653,0.0531338,0.0526367,0.0521604,0.0517032,0.0512639,0.0508414,0.0504345,0.0500423,0.0496639,0.0492985,0.0489454,0.0486039,0.0482732,0.047953,0.0476425,0.0473413,0.047049,0.0467651,0.0464892,0.0462209,0.04596,0.0457059,0.0454586,0.0452175,0.0449826,0.0447535,0.04453,0.0443119,0.0440989,0.0438909,0.0436876,0.0434889,0.0432947,0.0431047,0.0429188,0.0427368,0.0425587,0.0423843,0.0422134,0.042046,0.0418819,0.041721,0.0415633,0.0414086,0.0412568,0.0411078
0.0779743,0.0780726,0.0781896,0.0783273,0.0784881,0.078675,0.0788913,0.0791408,0.0794283,0.0797596,0.0801415,0.0805825,0.0810936,0.0816883,0.0823848,0.0832069,0.0841876,0.0853742,0.0868366,0.088685,0.0911038,0.094415,0.0991218,0.105364,0.110745,0.112148,0.111747,0.106701,0.0998977,0.0937952,0.0887672,0.0846257,0.0811578,0.0782033,0.0756477,0.0734085,0.0714248,0.0696511,0.068052,0.0666003,0.065274,0.0640557,0.0629311,0.0618885,0.0609181,0.0600116,0.0591622,0.0583639,0.0576116,0.0569009,0.056228,0.0555895,0.0549826,0.0544046,0.0538532,0.0533264,0.0528223,0.0523394,0.051876,0.051431,0.051003,0.0505911,0.0501941,0.0498112,0.0494415,0.0490844,0.048739,0.0484047,0.048081,0.0477672,0.0474629,0.0471676,0.0468809,0.0466023,0.0463314,0.0460679,0.0458115,0.0455618,0.0453186,0.0450816,0.0448505,0.044625,0.044405,0.0441902,0.0439805,0.0437755,0.0435752,0.0433794,0.0431879,0.0430005,0.0428172,0.0426377,0.0424619,0.0422898,0.0421211,0.0419558,0.0417938,0.0416349,0.0414791,0.0413262,0.0411762
0.0779445,0.0780387,0.078151,0.0782835,0.0784385,0.0786188,0.0788274,0.0790683,0.0793458,0.0796654,0.0800335,0.0804584,0.0809499,0.081521,0.0821882,0.0829735,0.0839068,0.0850306,0.0864068,0.0881316,0.0903626,0.093372,0.0976056,0.103401,0.109254,0.111683,0.111863,0.108215,0.101707,0.0954014,0.0901216,0.0857728,0.0821435,0.0790627,0.0764066,0.0740859,0.0720352,0.0702054,0.0685589,0.0670665,0.0657052,0.0644564,0.0633051,0.0622388,0.0612474,0.0603221,0.0594558,0.0586422,0.057876,0.0571527,0.0564682,0.0558192,0.0552025,0.0546155,0.0540558,0.0535212,0.05301,0.0525203,0.0520507,0.0515998,0.0511663,0.0507492,0.0503473,0.0499598,0.0495858,0.0492245,0.0488753,0.0485373,0.0482101,0.047893,0.0475855,0.0472872,0.0469975,0.0467161,0.0464426,0.0461767,0.0459178,0.0456658,0.0454204,0.0451812,0.0449481,0.0447206,0.0444987,0.0442821,0.0440706,0.043864,0.043662,0.0434646,0.0432716,0.0430828,0.042898,0.0427171,0.04254,0.0423666,0.0421967,0.0420302,0.0418669,0.0417069,0.04155,0.041396,0.041245
0.0779155,0.0780057,0.0781136,0.078241,0.0783904,0.0785642,0.0787655,0.078998,0.0792659,0.0795742,0.0799293,0.0803386,0.0808116,0.0813603,0.0819999,0.0827507,0.08364,0.0847059,0.0860037,0.0876176,0.0896831,0.092431,0.0962485,0.101555,0.107564,0.111003,0.111522,0.109381,0.103472,0.0970571,0.0915321,0.0869667,0.0831666,0.0799521,0.0771899,0.0747835,0.0726624,0.0707739,0.069078,0.0675434,0.0661458,0.0648654,0.0636863,0.0625956,0.0615824,0.0606378,0.059754,0.0589247,0.0581443,0.0574081,0.0567118,0.0560519,0.0554253,0.054829,0.0542608,0.0537184,0.0531998,0.0527032,0.0522272,0.0517703,0.0513312,0.0509088,0.050502,0.0501098,0.0497314,0.049366,0.0490127,0.048671,0.0483402,0.0480197,0.047709,0.0474076,0.0471151,0.0468309,0.0465547,0.0462862,0.0460249,0.0457706,0.0455229,0.0452815,0.0450463,0.0448169,0.0445931,0.0443746,0.0441613,0.0439529,0.0437494,0.0435504,0.0433558,0.0431655,0.0429792,0.042797,0.0426185,0.0424438,0.0422726,0.0421049,0.0419405,0.0417793,0.0416212,0.0414662,0.0413141
0.0778874,0.0779737,0.0780772,0.0781998,0.0783436,0.0785112,0.0787055,0.0789299,0.0791885,0.079486,0.0798285,0.080223,0.0806784,0.0812057,0.0818194,0.0825378,0.0833861,0.0843986,0.0856248,0.0871386,0.0890574,0.0915778,0.0950321,0.0998538,0.105764,0.110069,0.110874,0.110115,0.105125,0.0987453,0.0929976,0.088209,0.0842287,0.0808728,0.0779986,0.075502,0.0733071,0.0713573,0.0696098,0.0680313,0.0665959,0.0652827,0.064075,0.062959,0.0619235,0.0609588,0.0600572,0.0592117,0.0584167,0.0576671,0.0569587,0.0562877,0.0556509,0.0550452,0.0544683,0.0539178,0.0533917,0.0528882,0.0524057,0.0519427,0.0514979,0.0510701,0.0506582,0.0502613,0.0498784,0.0495087,0.0491514,0.0488059,0.0484715,0.0481475,0.0478336,0.0475291,0.0472335,0.0469465,0.0466676,0.0463965,0.0461327,0.045876,0.0456261,0.0453825,0.0451452,0.0449138,0.044688,0.0444677,0.0442526,0.0440425,0.0438372,0.0436366,0.0434405,0.0432486,0.043061,0.0428773,0.0426975,0.0425214,0.042349,0.04218,0.0420144,0.041852,0.0416928,0.0415367,0.0413836
0.0778602,0.0779427,0.0780419,0.0781597,0.0782982,0.0784598,0.0786472,0.0788638,0.0791134,0.0794007,0.0797311,0.0801114,0.0805499,0.0810571,0.0816461,0.0823342,0.0831442,0.0841072,0.0852677,0.086691,0.0884792,0.0908003,0.0939386,0.0983058,0.103945,0.108883,0.110448,0.110388,0.10658,0.100438,0.094514,0.089501,0.0853317,0.0818264,0.078834,0.0762425,0.0739701,0.0719562,0.0701548,0.0685306,0.0670559,0.0657087,0.0644714,0.0633293,0.0622706,0.0612854,0.0603653,0.0595032,0.0586932,0.05793,0.0572091,0.0565268,0.0558794,0.0552642,0.0546783,0.0541196,0.0535858,0.0530752,0.052586,0.0521168,0.0516662,0.0512329,0.0508159,0.0504141,0.0500267,0.0496526,0.0492913,0.0489419,0.0486038,0.0482764,0.0479591,0.0476514,0.0473529,0.047063,0.0467814,0.0465076,0.0462413,0.0459822,0.04573,0.0454842,0.0452447,0.0450113,0.0447835,0.0445613,0.0443444,0.0441326,0.0439256,0.0437234,0.0435257,0.0433323,0.0431432,0.0429581,0.0427769,0.0425995,0.0424257,0.0422555,0.0420887,0.0419252,0.0417648,0.0416076,0.0414534
0.0778338,0.0779125,0.0780076,0.0781209,0.0782542,0.0784099,0.0785907,0.0787997,0.0790407,0.079318,0.0796368,0.0800036,0.0804261,0.080914,0.0814798,0.0821393,0.0829134,0.0838305,0.0849306,0.0862716,0.0879428,0.0900886,0.0929518,0.0969063,0.102177,0.107482,0.109947,0.110232,0.107744,0.102093,0.0960725,0.0908428,0.0864772,0.0828144,0.0796972,0.0770058,0.0746521,0.072571,0.0707134,0.0690416,0.0675261,0.0661437,0.0648756,0.0637066,0.062624,0.0616176,0.0606785,0.0597993,0.0589739,0.0581967,0.057463,0.056769,0.056111,0.0554859,0.0548909,0.0543238,0.0537822,0.0532643,0.0527683,0.0522928,0.0518362,0.0513974,0.0509751,0.0505684,0.0501763,0.0497979,0.0494324,0.0490791,0.0487373,0.0484063,0.0480857,0.0477748,0.0474732,0.0471804,0.046896,0.0466195,0.0463507,0.0460892,0.0458346,0.0455866,0.045345,0.0451094,0.0448797,0.0446556,0.0444368,0.0442232,0.0440145,0.0438106,0.0436113,0.0434164,0.0432258,0.0430393,0.0428567,0.042678,0.0425029,0.0423314,0.0421634,0.0419987,0.0418372,0.0416788,0.0415235
0.0778081,0.0778833,0.0779744,0.0780831,0.0782114,0.0783614,0.0785358,0.0787376,0.0789702,0.0792379,0.0795456,0.0798994,0.0803065,0.0807763,0.08132,0.0819525,0.082693,0.0835674,0.0846117,0.0858777,0.0874437,0.0894343,0.0920574,0.095644,0.100505,0.105927,0.109239,0.109743,0.108543,0.103652,0.0976578,0.0922329,0.0876665,0.0838383,0.0805896,0.0777929,0.0753539,0.0732025,0.0712862,0.0695648,0.0680069,0.0665879,0.065288,0.0640911,0.0629839,0.0619555,0.0609969,0.0601002,0.0592588,0.0584673,0.0577206,0.0570146,0.0563456,0.0557104,0.0551062,0.0545304,0.0539808,0.0534555,0.0529526,0.0524706,0.052008,0.0515635,0.0511359,0.0507242,0.0503274,0.0499445,0.0495748,0.0492175,0.0488719,0.0485373,0.0482133,0.0478991,0.0475944,0.0472987,0.0470114,0.0467323,0.0464609,0.0461969,0.0459399,0.0456897,0.0454459,0.0452082,0.0449765,0.0447504,0.0445298,0.0443144,0.044104,0.0438984,0.0436975,0.0435011,0.0433089,0.043121,0.042937,0.0427569,0.0425805,0.0424077,0.0422385,0.0420726,0.0419099,0.0417504,0.041594
0.0777832,0.0778549,0.0779421,0.0780464,0.0781698,0.0783144,0.0784826,0.0786773,0.0789019,0.0791603,0.0794573,0.0797986,0.0801911,0.0806435,0.0811663,0.0817733,0.0824823,0.0833169,0.0843097,0.085507,0.0869778,0.0888305,0.0912432,0.0945048,0.0989549,0.104292,0.10831,0.109217,0.108936,0.105045,0.0992455,0.093667,0.0889003,0.0848996,0.0815123,0.078605,0.0760763,0.0738513,0.0718737,0.0701006,0.0684986,0.0670417,0.0657088,0.064483,0.0633504,0.0622994,0.0613206,0.0604058,0.0595482,0.0587419,0.0579818,0.0572635,0.0565833,0.0559378,0.055324,0.0547395,0.0541818,0.0536489,0.053139,0.0526504,0.0521816,0.0517313,0.0512983,0.0508815,0.0504799,0.0500924,0.0497184,0.0493571,0.0490076,0.0486694,0.0483419,0.0480244,0.0477166,0.0474178,0.0471277,0.0468459,0.0465719,0.0463054,0.046046,0.0457934,0.0455474,0.0453077,0.0450739,0.0448459,0.0446234,0.0444062,0.044194,0.0439868,0.0437842,0.0435862,0.0433926,0.0432031,0.0430177,0.0428362,0.0426585,0.0424845,0.0423139,0.0421468,0.041983,0.0418224,0.0416649
0.0777591,0.0778273,0.0779107,0.0780108,0.0781295,0.0782687,0.0784309,0.0786188,0.0788356,0.0790851,0.0793718,0.0797012,0.0800797,0.0805154,0.0810184,0.0816014,0.0822807,0.083078,0.084023,0.0851572,0.0865418,0.0882712,0.0904987,0.0934748,0.0975334,0.102647,0.107173,0.108842,0.108937,0.106195,0.1008,0.0951369,0.0901783,0.0859994,0.0824669,0.079443,0.0768202,0.0745181,0.0724764,0.0706494,0.0690016,0.0675053,0.0661382,0.0648825,0.0637236,0.0626494,0.0616499,0.0607165,0.0598421,0.0590206,0.0582467,0.0575159,0.0568242,0.0561681,0.0555447,0.0549511,0.0543851,0.0538445,0.0533273,0.052832,0.052357,0.0519008,0.0514623,0.0510403,0.0506338,0.0502417,0.0498634,0.0494979,0.0491445,0.0488026,0.0484716,0.0481508,0.0478397,0.0475379,0.0472449,0.0469603,0.0466837,0.0464146,0.0461528,0.0458979,0.0456497,0.0454078,0.045172,0.044942,0.0447176,0.0444985,0.0442846,0.0440756,0.0438714,0.0436718,0.0434767,0.0432857,0.0430989,0.042916,0.042737,0.0425616,0.0423898,0.0422215,0.0420565,0.0418947,0.0417361
0.0777357,0.0778006,0.0778803,0.0779763,0.0780903,0.0782243,0.0783807,0.078562,0.0787712,0.0790122,0.079289,0.0796069,0.079972,0.0803919,0.080876,0.0814362,0.0820875,0.08285,0.0837506,0.0848267,0.0861327,0.0877514,0.0898152,0.0925404,0.0962385,0.101046,0.105863,0.108309,0.108608,0.107034,0.102272,0.0966288,0.0914987,0.0871389,0.0834544,0.0803081,0.0775865,0.0752035,0.0730949,0.0712117,0.0695162,0.067979,0.0665765,0.06529,0.0641039,0.0630057,0.0619847,0.0610322,0.0601406,0.0593035,0.0585155,0.0577718,0.0570683,0.0564015,0.0557681,0.0551653,0.0545908,0.0540423,0.0535178,0.0530157,0.0525342,0.0520721,0.0516279,0.0512007,0.0507891,0.0503924,0.0500096,0.0496399,0.0492826,0.0489369,0.0486023,0.0482781,0.0479639,0.047659,0.047363,0.0470756,0.0467963,0.0465246,0.0462604,0.0460032,0.0457527,0.0455086,0.0452707,0.0450387,0.0448123,0.0445914,0.0443757,0.044165,0.0439592,0.043758,0.0435612,0.0433688,0.0431805,0.0429963,0.0428159,0.0426392,0.0424661,0.0422966,0.0421304,0.0419674,0.0418077
0.077713,0.0777747,0.0778508,0.0779427,0.0780523,0.0781813,0.078332,0.0785068,0.0787089,0.0789415,0.0792088,0.0795157,0.0798679,0.0802727,0.0807388,0.0812774,0.0819023,0.0826321,0.0834913,0.0845137,0.085748,0.0872669,0.0891853,0.0916898,0.0950623,0.0995271,0.104434,0.10759,0.108062,0.10752,0.103604,0.0981214,0.0928572,0.0883182,0.0844761,0.0812014,0.078376,0.0759084,0.0737298,0.071788,0.0700429,0.0684632,0.067024,0.0657055,0.0644914,0.0633684,0.0623254,0.0613531,0.0604438,0.0595907,0.0587882,0.0580314,0.0573158,0.0566379,0.0559943,0.0553822,0.054799,0.0542424,0.0537104,0.0532013,0.0527133,0.0522451,0.0517952,0.0513626,0.050946,0.0505445,0.0501572,0.0497832,0.0494219,0.0490724,0.0487341,0.0484065,0.0480889,0.047781,0.047482,0.0471918,0.0469097,0.0466355,0.0463687,0.0461091,0.0458563,0.04561,0.04537,0.045136,0.0449077,0.0446849,0.0444674,0.044255,0.0440474,0.0438446,0.0436463,0.0434524,0.0432626,0.0430769,0.0428952,0.0427172,0.0425428,0.042372,0.0422046,0.0420405,0.0418796
0.0776911,0.0777495,0.0778221,0.0779101,0.0780153,0.0781394,0.0782846,0.0784533,0.0786483,0.0788729,0.0791311,0.0794273,0.0797673,0.0801576,0.0806066,0.0811246,0.0817246,0.0824237,0.0832442,0.0842169,0.0853854,0.0868139,0.0886025,0.0909125,0.0939941,0.0981091,0.102945,0.106681,0.107722,0.10765,0.10473,0.099584,0.0942461,0.0895369,0.085533,0.082124,0.0791897,0.0766335,0.0743817,0.0723788,0.070582,0.0689582,0.067481,0.0661294,0.0648862,0.0637376,0.0626719,0.0616794,0.0607519,0.0598824,0.059065,0.0582946,0.0575667,0.0568774,0.0562234,0.0556017,0.0550096,0.0544448,0.0539052,0.0533889,0.0528943,0.0524199,0.0519642,0.051526,0.0511043,0.050698,0.0503061,0.0499278,0.0495624,0.049209,0.0488671,0.0485359,0.048215,0.0479039,0.0476019,0.0473088,0.047024,0.0467471,0.0464778,0.0462158,0.0459607,0.0457122,0.04547,0.0452339,0.0450037,0.044779,0.0445597,0.0443455,0.0441362,0.0439318,0.0437319,0.0435364,0.0433452,0.0431581,0.0429749,0.0427956,0.0426199,0.0424479,0.0422792,0.042114,0.0419519
0.0776698,0.0777251,0.0777943,0.0778785,0.0779794,0.0780988,0.0782387,0.0784014,0.0785896,0.0788064,0.0790557,0.0793418,0.0796699,0.0800464,0.080479,0.0809775,0.081554,0.0822241,0.0830085,0.0839351,0.085043,0.0863893,0.0880615,0.0901994,0.0930228,0.0968001,0.101452,0.105599,0.107322,0.107464,0.105591,0.100976,0.0956531,0.0907928,0.0866256,0.083077,0.0800287,0.0773795,0.0750512,0.0729845,0.071134,0.0694643,0.0679477,0.0665618,0.0652887,0.0641137,0.0630245,0.0620111,0.0610649,0.0601785,0.0593458,0.0585615,0.057821,0.0571201,0.0564555,0.0558239,0.0552228,0.0546496,0.0541022,0.0535787,0.0530773,0.0525965,0.0521349,0.0516911,0.0512642,0.0508529,0.0504564,0.0500737,0.0497041,0.0493468,0.0490011,0.0486664,0.0483422,0.0480278,0.0477228,0.0474267,0.0471391,0.0468595,0.0465877,0.0463232,0.0460658,0.045815,0.0455707,0.0453325,0.0451003,0.0448737,0.0446525,0.0444365,0.0442256,0.0440194,0.043818,0.0436209,0.0434282,0.0432397,0.0430551,0.0428744,0.0426975,0.0425241,0.0423543,0.0421878,0.0420246
0.0776491,0.0777015,0.0777673,0.0778478,0.0779446,0.0780594,0.078194,0.0783509,0.0785325,0.0787419,0.0789827,0.0792589,0.0795757,0.0799389,0.080356,0.0808359,0.08139,0.0820328,0.0827834,0.083667,0.084719,0.0859903,0.0875578,0.0895428,0.0921375,0.0955994,0.0999977,0.104379,0.106768,0.107037,0.106145,0.102248,0.0970592,0.0920817,0.0877539,0.0840612,0.0808937,0.0781472,0.075739,0.0736058,0.0716993,0.069982,0.0684244,0.067003,0.065699,0.0644967,0.0633834,0.0623484,0.0613829,0.0604792,0.0596309,0.0588323,0.0580788,0.0573661,0.0566905,0.056049,0.0554385,0.0548568,0.0543014,0.0537705,0.0532622,0.0527749,0.0523073,0.0518579,0.0514256,0.0510093,0.050608,0.0502209,0.049847,0.0494857,0.0491363,0.048798,0.0484703,0.0481526,0.0478445,0.0475455,0.047255,0.0469728,0.0466984,0.0464314,0.0461716,0.0459186,0.0456721,0.0454318,0.0451975,0.0449689,0.0447459,0.0445281,0.0443154,0.0441076,0.0439045,0.0437059,0.0435117,0.0433217,0.0431357,0.0429537,0.0427754,0.0426008,0.0424297,0.042262,0.0420976
0.0776292,0.0776786,0.0777411,0.077818,0.0779108,0.078021,0.0781507,0.0783019,0.0784772,0.0786793,0.0789118,0.0791786,0.0794844,0.079835,0.0802371,0.0806994,0.0812323,0.0818494,0.0825681,0.0834117,0.084412,0.0856147,0.0870875,0.0889361,0.0913281,0.0945017,0.0986116,0.103065,0.10605,0.10661,0.106381,0.103344,0.0984382,0.0933965,0.0889173,0.0850773,0.0817858,0.0789376,0.0764457,0.0742431,0.0722783,0.0705115,0.0689114,0.0674534,0.0661173,0.0648868,0.0637486,0.0626915,0.0617062,0.0607846,0.0599202,0.059107,0.0583402,0.0576153,0.0569286,0.0562768,0.0556569,0.0550664,0.0545029,0.0539644,0.0534491,0.0529553,0.0524814,0.0520263,0.0515886,0.0511672,0.0507611,0.0503694,0.0499913,0.0496259,0.0492726,0.0489306,0.0485994,0.0482785,0.0479672,0.0476651,0.0473718,0.0470869,0.0468098,0.0465403,0.0462781,0.0460228,0.0457741,0.0455317,0.0452954,0.0450648,0.0448399,0.0446203,0.0444059,0.0441964,0.0439916,0.0437914,0.0435957,0.0434042,0.0432168,0.0430334,0.0428538,0.0426779,0.0425055,0.0423366,0.042171
0.0776098,0.0776563,0.0777157,0.077789,0.0778779,0.0779838,0.0781086,0.0782543,0.0784234,0.0786186,0.0788431,0.0791008,0.0793961,0.0797345,0.0801223,0.0805677,0.0810805,0.0816733,0.082362,0.0831682,0.0841206,0.0852602,0.0866471,0.0883736,0.0905856,0.0934988,0.0973106,0.101707,0.10517,0.106305,0.10632,0.104214,0.0997556,0.0947258,0.0901133,0.0861258,0.0827058,0.0797514,0.0771721,0.074897,0.0728715,0.0710533,0.0694092,0.0679131,0.0665438,0.0652843,0.0641204,0.0630405,0.0620347,0.0610949,0.0602139,0.0593858,0.0586053,0.057868,0.0571699,0.0565075,0.055878,0.0552785,0.0547067,0.0541605,0.053638,0.0531375,0.0526574,0.0521964,0.0517531,0.0513265,0.0509156,0.0505193,0.0501368,0.0497673,0.04941,0.0490643,0.0487296,0.0484053,0.0480909,0.0477858,0.0474895,0.0472018,0.0469221,0.0466501,0.0463854,0.0461277,0.0458768,0.0456322,0.0453938,0.0451613,0.0449345,0.044713,0.0444968,0.0442856,0.0440792,0.0438775,0.0436802,0.0434872,0.0432983,0.0431135,0.0429326,0.0427553,0.0425817,0.0424116,0.0422448
0.0775911,0.0776348,0.077691,0.077761,0.077846,0.0779477,0.0780677,0.0782081,0.0783712,0.0785596,0.0787765,0.0790254,0.0793106,0.0796372,0.0800114,0.0804407,0.0809344,0.081504,0.0821646,0.0829357,0.0838436,0.0849252,0.0862337,0.0878504,0.0899024,0.0925821,0.0961021,0.100347,0.104147,0.105883,0.106016,0.104817,0.100969,0.0960532,0.091338,0.0872065,0.0836545,0.0805894,0.0779189,0.0755682,0.0734794,0.0716077,0.0699179,0.0683824,0.0669788,0.0656893,0.0644989,0.0633955,0.0623687,0.0614101,0.0605121,0.0596686,0.0588741,0.0581241,0.0574143,0.0567412,0.0561018,0.0554932,0.0549129,0.0543589,0.053829,0.0533217,0.0528352,0.0523682,0.0519193,0.0514874,0.0510715,0.0506705,0.0502836,0.0499098,0.0495486,0.0491992,0.0488609,0.0485332,0.0482155,0.0479073,0.0476081,0.0473175,0.0470351,0.0467606,0.0464934,0.0462334,0.0459802,0.0457334,0.045493,0.0452584,0.0450296,0.0448063,0.0445883,0.0443754,0.0441673,0.043964,0.0437651,0.0435706,0.0433803,0.0431941,0.0430118,0.0428332,0.0426583,0.042487,0.042319
0.0775729,0.0776139,0.0776671,0.0777337,0.077815,0.0779126,0.078028,0.0781632,0.0783205,0.0785024,0.0787118,0.0789522,0.0792277,0.0795431,0.0799042,0.0803181,0.0807936,0.0813414,0.0819754,0.0827135,0.08358,0.0846078,0.0858448,0.0873624,0.0892716,0.0917426,0.0949866,0.0990206,0.103013,0.10532,0.105556,0.105137,0.102033,0.0973557,0.0925847,0.0883182,0.0846322,0.0814523,0.0786867,0.0762572,0.0741026,0.0721752,0.070438,0.0688616,0.0674226,0.066102,0.0648843,0.0637567,0.0627083,0.0617303,0.0608149,0.0599556,0.0591468,0.0583837,0.0576619,0.0569779,0.0563284,0.0557104,0.0551215,0.0545594,0.0540221,0.0535078,0.0530148,0.0525417,0.0520871,0.0516499,0.0512289,0.0508231,0.0504317,0.0500537,0.0496884,0.0493352,0.0489932,0.0486621,0.0483411,0.0480297,0.0477276,0.0474342,0.047149,0.0468718,0.0466022,0.0463398,0.0460843,0.0458353,0.0455927,0.0453562,0.0451254,0.0449002,0.0446804,0.0444657,0.044256,0.044051,0.0438505,0.0436545,0.0434628,0.0432751,0.0430914,0.0429116,0.0427354,0.0425628,0.0423936
0.0775553,0.0775936,0.0776439,0.0777072,0.0777849,0.0778785,0.0779894,0.0781196,0.0782713,0.0784468,0.078649,0.0788812,0.0791473,0.0794519,0.0798005,0.0801997,0.0806578,0.0811848,0.0817937,0.082501,0.0833287,0.0843068,0.0854782,0.0869059,0.0886872,0.0909721,0.0939605,0.0977516,0.101805,0.104612,0.105283,0.105183,0.102901,0.098604,0.0938429,0.0894586,0.0856392,0.082341,0.0794763,0.0769646,0.0747414,0.0727561,0.0709697,0.069351,0.0678753,0.0665227,0.0652768,0.0641242,0.0630536,0.0620557,0.0611224,0.0602469,0.0594234,0.0586469,0.0579129,0.0572176,0.0565578,0.0559303,0.0553326,0.0547623,0.0542174,0.0536959,0.0531963,0.052717,0.0522566,0.0518139,0.0513877,0.0509771,0.0505811,0.0501988,0.0498294,0.0494723,0.0491267,0.048792,0.0484677,0.0481531,0.047848,0.0475516,0.0472638,0.0469839,0.0467117,0.0464469,0.0461891,0.0459379,0.0456932,0.0454545,0.0452218,0.0449947,0.044773,0.0445566,0.0443451,0.0441385,0.0439365,0.0437389,0.0435457,0.0433566,0.0431715,0.0429903,0.0428128,0.0426389,0.0424685
0.0775384,0.077574,0.0776214,0.0776816,0.0777557,0.0778453,0.0779519,0.0780773,0.0782235,0.0783928,0.0785881,0.0788124,0.0790695,0.0793636,0.0797002,0.0800853,0.0805268,0.0810342,0.0816192,0.0822974,0.0830889,0.0840209,0.0851318,0.0864778,0.0881442,0.0902628,0.093018,0.0965545,0.100562,0.103768,0.104961,0.104991,0.103538,0.0997622,0.0950982,0.0906239,0.0866749,0.0832558,0.0802884,0.0776911,0.0753964,0.073351,0.0715135,0.0698509,0.0683373,0.0669515,0.0656766,0.0644982,0.0634047,0.0623863,0.0614346,0.0605425,0.059704,0.0589137,0.0581672,0.0574605,0.05679,0.0561528,0.0555461,0.0549674,0.0544148,0.0538861,0.0533797,0.0528941,0.0524277,0.0519795,0.0515481,0.0511325,0.0507319,0.0503452,0.0499716,0.0496105,0.0492612,0.048923,0.0485952,0.0482775,0.0479692,0.04767,0.0473793,0.0470968,0.0468221,0.0465548,0.0462946,0.0460412,0.0457942,0.0455535,0.0453188,0.0450898,0.0448663,0.044648,0.0444348,0.0442265,0.0440229,0.0438238,0.0436291,0.0434385,0.043252,0.0430695,0.0428907,0.0427155,0.0425439
0.0775219,0.077555,0.0775996,0.0776566,0.0777274,0.0778132,0.0779155,0.0780362,0.078177,0.0783404,0.078529,0.0787456,0.0789939,0.0792781,0.0796031,0.0799748,0.0804005,0.080889,0.0814515,0.0821023,0.0828597,0.0837488,0.0848041,0.0860755,0.0876382,0.089608,0.0921521,0.0954362,0.0993199,0.102805,0.104523,0.104621,0.103923,0.100791,0.0963307,0.0918078,0.0877384,0.0841971,0.0811235,0.0784372,0.0760681,0.0739603,0.0720696,0.0703616,0.0688087,0.0673888,0.0660838,0.0648789,0.0637619,0.0627224,0.0617518,0.0608426,0.0599886,0.0591843,0.058425,0.0577065,0.0570252,0.0563781,0.0557621,0.055175,0.0546144,0.0540783,0.0535651,0.053073,0.0526006,0.0521467,0.05171,0.0512894,0.050884,0.0504928,0.0501151,0.04975,0.0493968,0.049055,0.0487238,0.0484028,0.0480915,0.0477892,0.0474957,0.0472105,0.0469332,0.0466634,0.0464008,0.0461451,0.045896,0.0456532,0.0454164,0.0451855,0.04496,0.04474,0.0445251,0.0443151,0.0441098,0.0439092,0.0437129,0.0435209,0.043333,0.043149,0.0429689,0.0427925,0.0426196
0.077506,0.0775367,0.0775785,0.0776325,0.0776999,0.0777819,0.0778802,0.0779962,0.0781319,0.0782895,0.0784715,0.0786808,0.0789207,0.0791952,0.0795091,0.0798679,0.0802784,0.0807491,0.0812902,0.0819151,0.0826406,0.0834896,0.0844934,0.0856965,0.0871654,0.0890018,0.0913556,0.0943979,0.0981063,0.101752,0.103959,0.104271,0.104059,0.101651,0.097515,0.0930008,0.0888271,0.0851649,0.0819822,0.0792036,0.0767572,0.0745843,0.0726386,0.0708835,0.0692899,0.0678346,0.0664986,0.0652664,0.0641251,0.063064,0.0620739,0.0611473,0.0602775,0.0594587,0.0586863,0.0579558,0.0572635,0.0566061,0.0559808,0.0553849,0.0548162,0.0542726,0.0537524,0.0532537,0.0527752,0.0523155,0.0518734,0.0514477,0.0510375,0.0506418,0.0502598,0.0498906,0.0495336,0.0491881,0.0488535,0.0485291,0.0482146,0.0479094,0.047613,0.047325,0.047045,0.0467727,0.0465077,0.0462497,0.0459984,0.0457535,0.0455147,0.0452817,0.0450544,0.0448325,0.0446158,0.0444041,0.0441973,0.043995,0.0437972,0.0436037,0.0434144,0.0432291,0.0430476,0.0428699,0.0426957
0.0774907,0.0775189,0.077558,0.077609,0.0776732,0.0777516,0.0778458,0.0779574,0.0780881,0.0782401,0.0784158,0.0786179,0.0788497,0.0791149,0.0794181,0.0797645,0.0801606,0.0806142,0.081135,0.0817353,0.0824309,0.0832424,0.0841984,0.0853387,0.0867224,0.0884388,0.0906217,0.0934376,0.0969411,0.100639,0.103269,0.104023,0.103968,0.102309,0.0986206,0.09419,0.0899373,0.0861586,0.082865,0.0799908,0.077464,0.0752236,0.0732207,0.0714168,0.0697811,0.0682893,0.0669213,0.0656609,0.0644946,0.0634112,0.0624012,0.0614566,0.0605705,0.0597371,0.0589511,0.0582083,0.0575047,0.0568369,0.056202,0.0555973,0.0550203,0.0544691,0.0539417,0.0534364,0.0529516,0.052486,0.0520384,0.0516076,0.0511925,0.0507921,0.0504057,0.0500324,0.0496715,0.0493223,0.0489841,0.0486564,0.0483387,0.0480304,0.0477311,0.0474403,0.0471577,0.0468829,0.0466154,0.0463551,0.0461015,0.0458544,0.0456135,0.0453786,0.0451494,0.0449256,0.0447072,0.0444938,0.0442852,0.0440814,0.043882,0.0436871,0.0434963,0.0433095,0.0431267,0.0429477,0.0427723
0.0774759,0.0775016,0.0775381,0.0775863,0.0776472,0.0777222,0.0778124,0.0779196,0.0780455,0.0781921,0.0783616,0.0785568,0.0787807,0.079037,0.0793299,0.0796644,0.0800466,0.080484,0.0809855,0.0815626,0.0822299,0.0830064,0.0839179,0.0850004,0.0863064,0.0879147,0.0899438,0.0925508,0.0958367,0.0994996,0.102464,0.103684,0.103693,0.102745,0.0996137,0.0953582,0.0910632,0.0871768,0.0837718,0.0807993,0.0781892,0.0758787,0.0738164,0.0719618,0.0702826,0.068753,0.067352,0.0660626,0.0648706,0.0637643,0.0627338,0.0617707,0.0608679,0.0600193,0.0592196,0.0584642,0.0577491,0.0570707,0.0564259,0.0558121,0.0552268,0.0546677,0.054133,0.0536209,0.0531298,0.0526582,0.052205,0.0517689,0.0513488,0.0509438,0.050553,0.0501755,0.0498106,0.0494576,0.0491158,0.0487847,0.0484637,0.0481524,0.0478501,0.0475565,0.0472712,0.0469938,0.0467239,0.0464611,0.0462053,0.045956,0.045713,0.0454761,0.0452449,0.0450193,0.044799,0.0445839,0.0443737,0.0441682,0.0439673,0.0437708,0.0435786,0.0433904,0.0432062,0.0430259,0.0428492
0.0774615,0.077485,0.0775189,0.0775643,0.0776221,0.0776936,0.07778,0.077883,0.0780041,0.0781454,0.078309,0.0784975,0.0787138,0.0789615,0.0792444,0.0795675,0.0799365,0.0803583,0.0808414,0.0813965,0.0820371,0.0827807,0.0836508,0.0846799,0.0859148,0.0874253,0.0893162,0.0917323,0.0947995,0.0983615,0.101561,0.103239,0.103305,0.102954,0.10046,0.0964832,0.0921962,0.0882173,0.0847026,0.0816295,0.0789333,0.0765499,0.0744261,0.072519,0.0707948,0.0692261,0.067791,0.0664716,0.0652531,0.0641232,0.0630717,0.0620896,0.0611698,0.0603057,0.0594918,0.0587235,0.0579966,0.0573073,0.0566526,0.0560295,0.0554356,0.0548686,0.0543264,0.0538074,0.0533098,0.0528322,0.0523732,0.0519317,0.0515066,0.0510968,0.0507015,0.0503197,0.0499508,0.049594,0.0492486,0.048914,0.0485898,0.0482752,0.04797,0.0476736,0.0473855,0.0471055,0.046833,0.0465679,0.0463098,0.0460583,0.0458132,0.0455742,0.0453411,0.0451136,0.0448915,0.0446746,0.0444627,0.0442556,0.0440531,0.0438551,0.0436614,0.0434718,0.0432862,0.0431045,0.0429265
0.0774477,0.0774689,0.0775003,0.0775429,0.0775977,0.0776658,0.0777486,0.0778474,0.0779639,0.0781001,0.0782579,0.0784399,0.0786489,0.0788882,0.0791616,0.0794737,0.07983,0.0802369,0.0807025,0.0812367,0.0818521,0.0825647,0.0833962,0.0843758,0.0855455,0.0869671,0.0887335,0.0909762,0.0938315,0.0972477,0.100583,0.102681,0.103084,0.102951,0.10113,0.097539,0.0933247,0.0892764,0.0856566,0.0824817,0.0796966,0.0772378,0.0750501,0.0730887,0.0713178,0.0697087,0.0682384,0.0668882,0.0656424,0.0644883,0.063415,0.0624136,0.0614761,0.0605961,0.0597678,0.0589863,0.0582473,0.057547,0.056882,0.0562495,0.0556468,0.0550716,0.0545219,0.0539958,0.0534916,0.0530078,0.0525431,0.0520961,0.0516659,0.0512512,0.0508513,0.0504652,0.0500922,0.0497315,0.0493824,0.0490444,0.0487168,0.0483991,0.0480908,0.0477914,0.0475006,0.0472179,0.046943,0.0466754,0.0464149,0.0461612,0.045914,0.0456729,0.0454378,0.0452084,0.0449845,0.0447658,0.0445522,0.0443434,0.0441393,0.0439398,0.0437446,0.0435536,0.0433666,0.0431835,0.0430043
0.0774344,0.0774533,0.0774823,0.0775222,0.077574,0.0776389,0.077718,0.0778128,0.0779249,0.078056,0.0782083,0.078384,0.0785859,0.0788171,0.0790813,0.0793829,0.0797269,0.0801196,0.0805685,0.0810828,0.0816743,0.0823578,0.0831531,0.0840868,0.0851965,0.0865373,0.0881912,0.0902769,0.0929315,0.0961747,0.0995568,0.102015,0.102824,0.102766,0.101604,0.0984964,0.0944335,0.0903486,0.0866325,0.0833559,0.0804797,0.0779429,0.075689,0.0736712,0.0718519,0.0702012,0.0686946,0.0673125,0.0660386,0.0648595,0.063764,0.0627425,0.0617871,0.0608908,0.0600477,0.0592527,0.0585013,0.0577896,0.0571142,0.056472,0.0558604,0.0552769,0.0547195,0.0541862,0.0536753,0.0531852,0.0527146,0.0522621,0.0518266,0.0514071,0.0510025,0.050612,0.0502348,0.0498702,0.0495174,0.0491757,0.0488448,0.0485238,0.0482125,0.0479102,0.0476166,0.0473312,0.0470537,0.0467837,0.0465208,0.0462648,0.0460154,0.0457723,0.0455352,0.0453038,0.045078,0.0448575,0.0446422,0.0444318,0.0442261,0.044025,0.0438283,0.0436358,0.0434474,0.043263,0.0430824
0.0774215,0.0774382,0.0774648,0.0775021,0.077551,0.0776127,0.0776883,0.0777792,0.0778869,0.0780132,0.07816,0.0783297,0.0785247,0.0787481,0.0790034,0.0792948,0.0796271,0.0800062,0.0804391,0.0809346,0.0815034,0.0821595,0.0829209,0.0838118,0.0848662,0.0861331,0.0876851,0.0896288,0.0920964,0.0951534,0.0985094,0.10125,0.102474,0.102447,0.101873,0.0993259,0.0955036,0.0914262,0.087628,0.0842517,0.0812827,0.0786655,0.076343,0.0742669,0.0723976,0.0707037,0.0691596,0.0677447,0.0664418,0.0652371,0.0641187,0.0630767,0.0621028,0.0611898,0.0603316,0.0595227,0.0587587,0.0580354,0.0573493,0.0566972,0.0560765,0.0554846,0.0549193,0.0543787,0.0538609,0.0533644,0.0528878,0.0524296,0.0519888,0.0515643,0.051155,0.0507601,0.0503787,0.05001,0.0496534,0.0493082,0.0489737,0.0486495,0.0483351,0.0480298,0.0477334,0.0474453,0.0471652,0.0468927,0.0466274,0.0463692,0.0461175,0.0458723,0.0456331,0.0453998,0.0451721,0.0449499,0.0447328,0.0445207,0.0443134,0.0441107,0.0439124,0.0437185,0.0435287,0.0433429,0.043161
0.0774091,0.0774237,0.0774479,0.0774826,0.0775287,0.0775873,0.0776595,0.0777466,0.0778501,0.0779716,0.0781132,0.0782769,0.0784653,0.0786811,0.0789279,0.0792095,0.0795305,0.0798965,0.0803142,0.0807916,0.081339,0.0819692,0.0826987,0.0835497,0.0845529,0.0857521,0.0872118,0.089027,0.0913221,0.0941897,0.0974638,0.100404,0.102027,0.102158,0.101945,0.100001,0.0965124,0.0924987,0.0886394,0.0851684,0.0821059,0.0794059,0.0770126,0.0748761,0.0729551,0.0712166,0.0696338,0.068185,0.0668523,0.0656212,0.0644792,0.0634162,0.0624233,0.0614932,0.0606194,0.0597964,0.0590194,0.0582843,0.0575873,0.0569252,0.0562951,0.0556946,0.0551213,0.0545732,0.0540484,0.0535454,0.0530627,0.0525988,0.0521526,0.051723,0.0513089,0.0509094,0.0505237,0.050151,0.0497905,0.0494417,0.0491037,0.0487762,0.0484586,0.0481503,0.047851,0.0475602,0.0472774,0.0470024,0.0467348,0.0464742,0.0462203,0.0459729,0.0457317,0.0454964,0.0452669,0.0450427,0.0448239,0.0446101,0.0444011,0.0441968,0.0439971,0.0438016,0.0436104,0.0434232,0.0432399
0.0773971,0.0774097,0.0774316,0.0774638,0.0775071,0.0775627,0.0776315,0.0777148,0.0778142,0.0779312,0.0780677,0.0782256,0.0784075,0.0786161,0.0788546,0.0791268,0.0794369,0.0797904,0.0801935,0.0806538,0.0811808,0.0817864,0.0824859,0.0832997,0.0842554,0.0853923,0.0867679,0.0884669,0.090604,0.0932858,0.0964387,0.0994955,0.10148,0.101956,0.101842,0.100501,0.0974347,0.0935529,0.0896619,0.0861045,0.082949,0.0801646,0.0776983,0.0754992,0.0735247,0.0717401,0.0701174,0.0686336,0.0672702,0.0660119,0.0648457,0.0637611,0.0627488,0.0618011,0.0609113,0.0600739,0.0592837,0.0585364,0.0578282,0.0571559,0.0565163,0.055907,0.0553255,0.0547698,0.0542379,0.0537283,0.0532393,0.0527696,0.0523179,0.0518831,0.0514642,0.0510601,0.05067,0.0502932,0.0499288,0.0495762,0.0492348,0.0489039,0.0485831,0.0482718,0.0479695,0.0476759,0.0473905,0.0471129,0.0468428,0.0465799,0.0463238,0.0460742,0.0458309,0.0455937,0.0453621,0.0451362,0.0449155,0.0447,0.0444894,0.0442835,0.0440822,0.0438853,0.0436926,0.043504,0.0433193
0.0773856,0.0773961,0.0774158,0.0774455,0.0774862,0.0775387,0.0776043,0.077684,0.0777794,0.0778919,0.0780234,0.0781758,0.0783515,0.078553,0.0787835,0.0790466,0.0793463,0.0796877,0.0800768,0.0805207,0.0810283,0.0816107,0.082282,0.0830608,0.0839724,0.085052,0.0863509,0.0879444,0.0899374,0.0924413,0.0954482,0.0985482,0.100841,0.101683,0.101598,0.100818,0.0982448,0.094572,0.0906882,0.0870578,0.0838118,0.0809417,0.0784002,0.0761366,0.0741068,0.0722746,0.0706105,0.0690907,0.0676957,0.0664094,0.0652184,0.0641115,0.0630792,0.0621135,0.0612075,0.0603552,0.0595514,0.0587917,0.0580722,0.0573893,0.0567401,0.0561218,0.055532,0.0549685,0.0544294,0.053913,0.0534177,0.052942,0.0524848,0.0520447,0.0516208,0.0512121,0.0508176,0.0504366,0.0500682,0.0497119,0.0493668,0.0490326,0.0487085,0.0483941,0.0480889,0.0477924,0.0475043,0.0472241,0.0469516,0.0466863,0.0464279,0.0461762,0.0459308,0.0456915,0.045458,0.0452302,0.0450077,0.0447904,0.0445782,0.0443707,0.0441678,0.0439693,0.0437752,0.0435852,0.0433992
0.0773746,0.077383,0.0774005,0.0774279,0.0774659,0.0775155,0.0775779,0.0776541,0.0777456,0.0778538,0.0779804,0.0781274,0.078297,0.0784917,0.0787145,0.0789687,0.0792584,0.0795883,0.079964,0.0803922,0.0808814,0.0814417,0.0820864,0.0828324,0.0837028,0.0847294,0.0859581,0.0874558,0.0893177,0.0916542,0.0945017,0.0975833,0.100117,0.101327,0.10127,0.100954,0.0989189,0.0955365,0.0917091,0.0880249,0.0846933,0.0817372,0.0791187,0.0767886,0.0747016,0.0728202,0.0711135,0.0695566,0.068129,0.0668139,0.0655973,0.0644675,0.0634148,0.0624306,0.0615079,0.0606404,0.0598228,0.0590504,0.0583192,0.0576257,0.0569665,0.0563391,0.0557407,0.0551693,0.0546229,0.0540996,0.0535979,0.0531162,0.0526532,0.0522079,0.0517789,0.0513654,0.0509665,0.0505812,0.0502088,0.0498486,0.0495,0.0491622,0.0488348,0.0485173,0.0482091,0.0479098,0.0476189,0.0473362,0.0470611,0.0467934,0.0465327,0.0462788,0.0460312,0.0457899,0.0455545,0.0453248,0.0451005,0.0448814,0.0446674,0.0444583,0.0442538,0.0440539,0.0438583,0.0436668,0.0434794
0.0773639,0.0773704,0.0773858,0.0774108,0.0774462,0.077493,0.0775523,0.0776251,0.0777127,0.0778167,0.0779386,0.0780804,0.0782441,0.0784322,0.0786475,0.0788933,0.0791733,0.079492,0.0798548,0.0802681,0.0807396,0.0812791,0.0818985,0.0826138,0.0834458,0.0844233,0.0855874,0.086998,0.0887406,0.0909213,0.0936045,0.0966201,0.0993248,0.100883,0.101091,0.100923,0.0994385,0.0964245,0.0927127,0.0890011,0.085592,0.0825509,0.0798541,0.0774554,0.0753095,0.0733773,0.0716266,0.0700313,0.0685702,0.0672254,0.0659826,0.0648294,0.0637556,0.0627525,0.0618126,0.0609296,0.0600978,0.0593125,0.0585694,0.0578649,0.0571957,0.0565588,0.0559519,0.0553724,0.0548185,0.0542882,0.0537798,0.053292,0.0528233,0.0523725,0.0519384,0.0515201,0.0511166,0.050727,0.0503505,0.0499865,0.0496341,0.0492929,0.0489622,0.0486415,0.0483302,0.048028,0.0477344,0.047449,0.0471714,0.0469012,0.0466382,0.046382,0.0461324,0.045889,0.0456516,0.0454199,0.0451938,0.044973,0.0447573,0.0445465,0.0443404,0.0441389,0.0439418,0.0437489,0.0435601
0.0773537,0.0773583,0.0773715,0.0773942,0.0774272,0.0774712,0.0775274,0.0775968,0.0776808,0.0777807,0.077898,0.0780347,0.0781927,0.0783744,0.0785825,0.07882,0.0790907,0.0793988,0.0797492,0.0801482,0.0806029,0.0811224,0.0817181,0.0824043,0.0832003,0.0841323,0.085237,0.086568,0.0882021,0.0902389,0.0927592,0.0956743,0.0984812,0.100352,0.10088,0.100752,0.099793,0.0972137,0.0936845,0.08998,0.0865058,0.0833824,0.0806064,0.0781375,0.0759308,0.0739461,0.07215,0.0705153,0.0690195,0.0676443,0.0663744,0.0651971,0.0641017,0.0630792,0.0621218,0.0612228,0.0603765,0.059578,0.0588227,0.0581071,0.0574275,0.0567812,0.0561653,0.0555777,0.0550161,0.0544787,0.0539637,0.0534696,0.052995,0.0525387,0.0520994,0.0516762,0.0512681,0.0508741,0.0504935,0.0501255,0.0497694,0.0494246,0.0490905,0.0487666,0.0484522,0.0481471,0.0478507,0.0475626,0.0472824,0.0470098,0.0467444,0.046486,0.0462341,0.0459886,0.0457492,0.0455156,0.0452877,0.045065,0.0448476,0.0446351,0.0444275,0.0442244,0.0440258,0.0438314,0.0436412
0.0773438,0.0773465,0.0773578,0.0773782,0.0774087,0.07745,0.0775033,0.0775694,0.0776498,0.0777456,0.0778585,0.0779903,0.0781427,0.0783182,0.0785193,0.0787489,0.0790106,0.0793084,0.079647,0.0800322,0.0804709,0.0809715,0.0815445,0.0822034,0.0829657,0.0838552,0.0849052,0.0861633,0.0876987,0.0896033,0.091966,0.0947578,0.0976049,0.0997405,0.100598,0.100478,0.0999818,0.0978828,0.0946072,0.0909531,0.0874315,0.0842306,0.0813755,0.078835,0.0765657,0.0745269,0.072684,0.0710086,0.0694771,0.0680705,0.0667729,0.0655709,0.0644533,0.0634109,0.0624355,0.0615202,0.0606591,0.059847,0.0590793,0.0583522,0.0576622,0.0570061,0.0563813,0.0557852,0.0552158,0.0546711,0.0541494,0.0536489,0.0531684,0.0527064,0.0522619,0.0518337,0.0514208,0.0510224,0.0506376,0.0502656,0.0499057,0.0495573,0.0492198,0.0488926,0.0485752,0.0482671,0.0479678,0.047677,0.0473942,0.0471191,0.0468514,0.0465906,0.0463366,0.046089,0.0458475,0.045612,0.0453821,0.0451577,0.0449385,0.0447243,0.044515,0.0443104,0.0441102,0.0439144,0.0437228
0.0773344,0.0773353,0.0773445,0.0773627,0.0773908,0.0774295,0.0774798,0.0775428,0.0776196,0.0777116,0.0778202,0.0779471,0.0780942,0.0782636,0.0784579,0.0786799,0.0789329,0.0792208,0.079548,0.07992,0.0803434,0.0808259,0.0813775,0.0820106,0.0827412,0.0835912,0.0845904,0.0857817,0.087227,0.0890106,0.0912234,0.0938787,0.0967141,0.0990574,0.10024,0.100239,0.100015,0.0984147,0.0954621,0.0919099,0.0883647,0.0850942,0.0821613,0.079548,0.0772145,0.07512,0.0732289,0.0715114,0.0699433,0.0685044,0.0671782,0.0659507,0.0648105,0.0637477,0.0627538,0.0618218,0.0609455,0.0601195,0.0593392,0.0586004,0.0578996,0.0572336,0.0565996,0.0559951,0.0554177,0.0548656,0.0543369,0.05383,0.0533434,0.0528757,0.0524259,0.0519926,0.051575,0.051172,0.0507829,0.0504069,0.0500432,0.0496911,0.0493501,0.0490196,0.048699,0.0483879,0.0480858,0.0477922,0.0475068,0.0472292,0.046959,0.0466959,0.0464397,0.0461899,0.0459464,0.0457089,0.0454771,0.0452508,0.0450299,0.044814,0.044603,0.0443968,0.0441951,0.0439978,0.0438047
0.0773254,0.0773244,0.0773317,0.0773478,0.0773735,0.0774096,0.0774571,0.077517,0.0775904,0.0776785,0.0777829,0.0779051,0.078047,0.0782106,0.0783983,0.0786129,0.0788575,0.0791358,0.0794521,0.0798115,0.0802202,0.0806855,0.0812167,0.0818253,0.0825262,0.0833391,0.0842913,0.0854212,0.0867842,0.088457,0.0905293,0.0930422,0.0958247,0.0983162,0.0998033,0.100074,0.0999101,0.0987985,0.0962295,0.0928375,0.0892994,0.085971,0.0829631,0.0802766,0.0778775,0.0757257,0.0737848,0.0720241,0.0704182,0.0689461,0.0675905,0.0663369,0.0651733,0.0640896,0.0630768,0.0621277,0.0612359,0.0603957,0.0596024,0.0588517,0.05814,0.0574639,0.0568205,0.0562072,0.0556218,0.0550622,0.0545264,0.0540129,0.0535201,0.0530467,0.0525913,0.0521529,0.0517304,0.0513229,0.0509295,0.0505493,0.0501817,0.049826,0.0494814,0.0491476,0.0488238,0.0485096,0.0482046,0.0479082,0.0476201,0.04734,0.0470673,0.0468019,0.0465434,0.0462915,0.0460459,0.0458064,0.0455727,0.0453446,0.0451218,0.0449042,0.0446916,0.0444838,0.0442805,0.0440817,0.0438872
0.0773167,0.077314,0.0773193,0.0773333,0.0773567,0.0773904,0.0774351,0.0774919,0.0775619,0.0776464,0.0777467,0.0778643,0.0780011,0.0781591,0.0783404,0.0785478,0.0787843,0.0790534,0.0793591,0.0797064,0.080101,0.08055,0.0810618,0.0816472,0.08232,0.0830983,0.0840067,0.08508,0.0863676,0.0879393,0.0898806,0.0922506,0.09495,0.0975318,0.0992906,0.0998535,0.0996962,0.0990311,0.0968905,0.0937211,0.0902282,0.086858,0.0837799,0.0810207,0.0785547,0.0763441,0.074352,0.0725468,0.0709019,0.0693956,0.0680098,0.0667295,0.065542,0.0644367,0.0634046,0.062438,0.0615303,0.0606756,0.0598691,0.0591062,0.0583833,0.0576968,0.0570438,0.0564217,0.0558281,0.0552608,0.0547179,0.0541977,0.0536986,0.0532192,0.0527583,0.0523147,0.0518873,0.0514751,0.0510773,0.0506929,0.0503214,0.0499619,0.0496138,0.0492765,0.0489495,0.0486322,0.0483242,0.0480251,0.0477343,0.0474515,0.0471764,0.0469086,0.0466478,0.0463937,0.0461461,0.0459045,0.0456689,0.0454389,0.0452143,0.044995,0.0447807,0.0445712,0.0443664,0.0441661,0.0439701
0.0773084,0.077304,0.0773074,0.0773194,0.0773405,0.0773717,0.0774137,0.0774676,0.0775343,0.0776152,0.0777114,0.0778247,0.0779565,0.078109,0.0782842,0.0784846,0.0787133,0.0789735,0.0792691,0.0796047,0.0799858,0.0804191,0.0809124,0.0814759,0.0821222,0.0828679,0.0837356,0.0847564,0.085975,0.0874541,0.0892743,0.0915047,0.0941001,0.09672,0.0987079,0.0995667,0.0994187,0.0991184,0.0974294,0.0945441,0.0911415,0.087751,0.0846104,0.0817798,0.0792464,0.0769755,0.0749308,0.0730797,0.0713948,0.0698533,0.0684365,0.0671286,0.0659165,0.0647892,0.0637373,0.0627528,0.0618288,0.0609593,0.0601391,0.0593639,0.0586295,0.0579325,0.0572698,0.0566387,0.0560366,0.0554615,0.0549113,0.0543842,0.0538788,0.0533934,0.0529269,0.052478,0.0520456,0.0516287,0.0512263,0.0508378,0.0504622,0.0500989,0.0497472,0.0494064,0.0490761,0.0487557,0.0484448,0.0481427,0.0478492,0.0475639,0.0472862,0.0470161,0.046753,0.0464966,0.0462468,0.0460032,0.0457656,0.0455337,0.0453073,0.0450862,0.0448702,0.0446591,0.0444527,0.0442509,0.0440534
0.0773005,0.0772944,0.077296,0.0773059,0.0773248,0.0773536,0.077393,0.0774439,0.0775075,0.0775848,0.0776772,0.0777861,0.0779132,0.0780603,0.0782295,0.0784233,0.0786443,0.0788959,0.0791817,0.0795062,0.0798744,0.0802926,0.0807683,0.0813109,0.0819322,0.0826474,0.083477,0.0844493,0.0856043,0.0869987,0.0887073,0.0908036,0.0932822,0.0958958,0.098064,0.09921,0.0992736,0.099074,0.0978353,0.0952892,0.0920281,0.0886447,0.0854524,0.0825534,0.0799523,0.0776201,0.0755214,0.0736231,0.071897,0.0703193,0.0688706,0.0675344,0.0662971,0.0651472,0.064075,0.0630721,0.0621314,0.0612467,0.0604128,0.0596248,0.0588788,0.058171,0.0574984,0.056858,0.0562474,0.0556643,0.0551067,0.0545727,0.0540608,0.0535693,0.0530971,0.0526427,0.0522052,0.0517835,0.0513767,0.0509838,0.0506042,0.050237,0.0498816,0.0495374,0.0492037,0.0488802,0.0485662,0.0482612,0.047965,0.0476769,0.0473968,0.0471242,0.0468588,0.0466002,0.0463482,0.0461026,0.045863,0.0456292,0.0454009,0.045178,0.0449603,0.0447475,0.0445396,0.0443362,0.0441372
0.0772929,0.0772851,0.0772849,0.0772929,0.0773097,0.0773361,0.0773729,0.077421,0.0774814,0.0775553,0.0776439,0.0777487,0.0778711,0.0780129,0.0781764,0.0783636,0.0785773,0.0788206,0.079097,0.0794107,0.0797665,0.0801703,0.0806293,0.081152,0.0817496,0.082436,0.0832299,0.0841571,0.0852536,0.0865704,0.0881763,0.0901457,0.0925009,0.0950728,0.0973706,0.0987836,0.099102,0.0989192,0.0981038,0.0959398,0.0928749,0.0895322,0.086303,0.0833406,0.0806724,0.0782779,0.0761239,0.0741771,0.0724086,0.0707938,0.0693122,0.067947,0.0666838,0.0655107,0.0644177,0.063396,0.0624383,0.0615381,0.06069,0.0598891,0.0591311,0.0584124,0.0577296,0.0570798,0.0564605,0.0558693,0.0553041,0.0547631,0.0542445,0.0537469,0.0532688,0.052809,0.0523663,0.0519398,0.0515283,0.0511311,0.0507473,0.0503762,0.0500171,0.0496693,0.0493323,0.0490055,0.0486884,0.0483806,0.0480815,0.0477908,0.0475081,0.047233,0.0469652,0.0467044,0.0464503,0.0462025,0.0459609,0.0457252,0.0454951,0.0452704,0.0450509,0.0448365,0.0446269,0.0444219,0.0442214
0.0772857,0.0772763,0.0772743,0.0772803,0.077295,0.0773191,0.0773534,0.0773988,0.0774562,0.0775267,0.0776116,0.0777122,0.0778301,0.0779669,0.0781247,0.0783057,0.0785123,0.0787476,0.0790148,0.0793181,0.079662,0.0800521,0.080495,0.0809988,0.0815739,0.0822331,0.0829937,0.0838789,0.0849213,0.0861669,0.0876784,0.0895289,0.0917587,0.0942621,0.0966406,0.0982907,0.0988745,0.0986836,0.0982376,0.0964815,0.0936672,0.0904051,0.0871586,0.0841398,0.0814062,0.078949,0.0767385,0.074742,0.0729299,0.0712769,0.0697616,0.0683665,0.0670768,0.06588,0.0647656,0.0637246,0.0627495,0.0618335,0.0609709,0.0601567,0.0593865,0.0586566,0.0579635,0.0573042,0.056676,0.0560765,0.0555036,0.0549554,0.0544301,0.0539262,0.0534422,0.0529768,0.0525289,0.0520974,0.0516812,0.0512796,0.0508916,0.0505165,0.0501536,0.0498023,0.0494619,0.0491318,0.0488116,0.0485008,0.0481989,0.0479055,0.0476202,0.0473426,0.0470724,0.0468093,0.046553,0.0463031,0.0460595,0.0458218,0.0455898,0.0453633,0.0451421,0.0449259,0.0447147,0.0445081,0.0443061
0.0772788,0.0772678,0.0772641,0.0772682,0.0772809,0.0773027,0.0773345,0.0773772,0.0774316,0.0774989,0.0775802,0.0776768,0.0777903,0.0779222,0.0780745,0.0782493,0.0784491,0.0786766,0.0789351,0.0792284,0.0795608,0.0799377,0.0803652,0.0808511,0.0814048,0.0820384,0.0827676,0.0836137,0.084606,0.085786,0.0872109,0.0889504,0.0910566,0.0934723,0.0958873,0.097737,0.0985856,0.098486,0.0982466,0.0969037,0.09439,0.0912534,0.088014,0.0849491,0.0821531,0.0796333,0.0773654,0.075318,0.0734611,0.0717687,0.0702189,0.0687931,0.0674762,0.066255,0.0651187,0.0640581,0.0630651,0.0621328,0.0612554,0.0604277,0.0596452,0.0589038,0.0582002,0.0575311,0.0568938,0.056286,0.0557052,0.0551497,0.0546176,0.0541072,0.0536172,0.0531462,0.0526929,0.0522564,0.0518355,0.0514293,0.0510371,0.050658,0.0502913,0.0499363,0.0495924,0.049259,0.0489357,0.0486219,0.0483171,0.0480209,0.047733,0.0474529,0.0471803,0.0469149,0.0466563,0.0464043,0.0461586,0.0459189,0.045685,0.0454567,0.0452337,0.0450159,0.044803,0.0445948,0.0443913
0.0772723,0.0772597,0.0772543,0.0772566,0.0772672,0.0772868,0.0773162,0.0773562,0.0774078,0.0774719,0.0775497,0.0776424,0.0777516,0.0778787,0.0780257,0.0781946,0.0783877,0.0786077,0.0788577,0.0791414,0.0794628,0.079827,0.0802398,0.0807085,0.081242,0.0818513,0.082551,0.0833605,0.0843063,0.0854259,0.0867712,0.0884078,0.0903942,0.0927099,0.0951233,0.0971307,0.0982337,0.0983513,0.0981466,0.0972011,0.0950286,0.0920655,0.0888631,0.0857657,0.0829121,0.0803305,0.0780045,0.0759051,0.0740024,0.0722696,0.0706842,0.069227,0.067882,0.0666359,0.0654772,0.0643964,0.0633851,0.0624363,0.0615438,0.0607022,0.059907,0.059154,0.0584396,0.0577606,0.0571141,0.0564977,0.055909,0.055346,0.0548069,0.05429,0.0537939,0.0533171,0.0528584,0.0524168,0.051991,0.0515804,0.0511838,0.0508006,0.05043,0.0500713,0.0497239,0.0493872,0.0490607,0.0487438,0.0484361,0.0481372,0.0478466,0.047564,0.0472889,0.0470212,0.0467604,0.0465062,0.0462584,0.0460167,0.0457809,0.0455507,0.0453259,0.0451064,0.0448918,0.044682,0.0444769
0.0772661,0.077252,0.0772449,0.0772453,0.077254,0.0772715,0.0772985,0.0773359,0.0773847,0.0774456,0.07752,0.077609,0.0777139,0.0778365,0.0779783,0.0781414,0.078328,0.0785408,0.0787826,0.0790569,0.0793678,0.0797198,0.0801186,0.0805709,0.081085,0.0816714,0.0823433,0.0831184,0.084021,0.0850848,0.086357,0.0878984,0.0897704,0.0919792,0.0943601,0.0964819,0.0978199,0.0981727,0.0979603,0.0973742,0.0955697,0.0928286,0.0896985,0.0865862,0.0836819,0.0810402,0.078656,0.0765036,0.0745538,0.0727796,0.0711577,0.0696682,0.0682946,0.0670228,0.0658412,0.0647397,0.0637097,0.0627439,0.061836,0.0609803,0.0601722,0.0594072,0.0586818,0.0579927,0.0573368,0.0567116,0.0561148,0.0555443,0.0549981,0.0544746,0.0539722,0.0534896,0.0530254,0.0525786,0.052148,0.0517327,0.0513317,0.0509444,0.0505698,0.0502074,0.0498565,0.0495164,0.0491866,0.0488667,0.048556,0.0482543,0.047961,0.0476758,0.0473983,0.0471281,0.046865,0.0466087,0.0463588,0.0461151,0.0458773,0.0456452,0.0454187,0.0451973,0.0449811,0.0447697,0.0445631
0.0772602,0.0772446,0.0772358,0.0772345,0.0772413,0.0772566,0.0772814,0.0773163,0.0773622,0.0774201,0.0774912,0.0775765,0.0776774,0.0777954,0.0779322,0.0780897,0.0782701,0.0784758,0.0787097,0.078975,0.0792756,0.0796159,0.0800013,0.0804379,0.0809337,0.0814982,0.0821438,0.0828868,0.0837491,0.0847613,0.0859661,0.0874197,0.0891835,0.0912825,0.0936071,0.0958018,0.0973476,0.0979408,0.0977255,0.0974298,0.0960034,0.0935294,0.090511,0.0874059,0.0844603,0.0817618,0.0793195,0.0771134,0.0751156,0.073299,0.0716396,0.0701169,0.0687139,0.0674159,0.0662107,0.0650881,0.064039,0.0630558,0.0621321,0.061262,0.0604406,0.0596636,0.058927,0.0582275,0.057562,0.056928,0.0563229,0.0557446,0.0551912,0.054661,0.0541523,0.0536637,0.053194,0.0527419,0.0523063,0.0518863,0.0514809,0.0510893,0.0507108,0.0503446,0.04999,0.0496465,0.0493135,0.0489904,0.0486768,0.0483722,0.0480762,0.0477883,0.0475083,0.0472358,0.0469704,0.0467118,0.0464598,0.046214,0.0459743,0.0457403,0.0455119,0.0452889,0.0450709,0.0448579,0.0446496
0.0772546,0.0772375,0.0772272,0.0772242,0.077229,0.0772423,0.0772648,0.0772972,0.0773404,0.0773954,0.0774632,0.0775449,0.0776418,0.0777554,0.0778873,0.0780394,0.0782137,0.0784126,0.0786389,0.0788955,0.0791863,0.0795154,0.0798877,0.0803094,0.0807876,0.0813314,0.0819522,0.082665,0.0834897,0.084454,0.0855966,0.0869691,0.0886315,0.090621,0.092872,0.0951016,0.0968224,0.0976527,0.0976076,0.09738,0.0963237,0.0941547,0.0912905,0.0882192,0.085245,0.0824942,0.0799949,0.0777346,0.0756878,0.0738278,0.0721299,0.0705733,0.0691401,0.0678152,0.0665859,0.0654416,0.0643729,0.063372,0.0624321,0.0615473,0.0607125,0.059923,0.059175,0.058465,0.0577898,0.0571466,0.0565331,0.055947,0.0553863,0.0548492,0.0543341,0.0538395,0.0533641,0.0529066,0.052466,0.0520412,0.0516313,0.0512355,0.0508529,0.0504828,0.0501246,0.0497776,0.0494413,0.049115,0.0487984,0.0484909,0.0481921,0.0479017,0.0476191,0.0473442,0.0470764,0.0468156,0.0465614,0.0463136,0.0460719,0.045836,0.0456058,0.0453809,0.0451612,0.0449466,0.0447367
0.0772493,0.0772308,0.0772189,0.0772142,0.0772171,0.0772284,0.0772487,0.0772787,0.0773193,0.0773714,0.077436,0.0775141,0.0776072,0.0777165,0.0778437,0.0779905,0.0781589,0.0783512,0.0785701,0.0788184,0.0790996,0.0794179,0.0797778,0.0801851,0.0806467,0.0811708,0.0817681,0.0824523,0.0832418,0.0841616,0.0852468,0.0865446,0.0881122,0.0899947,0.0921602,0.0943921,0.0962518,0.0973077,0.0974684,0.0972423,0.0965298,0.0946927,0.0920257,0.0890194,0.0860326,0.083236,0.0806816,0.0783671,0.0762707,0.0743661,0.072629,0.0710375,0.0695733,0.0682208,0.0669669,0.0658003,0.0647116,0.0636926,0.0627362,0.0618364,0.0609877,0.0601856,0.059426,0.0587052,0.0580201,0.0573677,0.0567456,0.0561515,0.0555834,0.0550393,0.0545176,0.0540169,0.0535357,0.0530728,0.0526271,0.0521975,0.051783,0.0513828,0.0509961,0.0506222,0.0502602,0.0499097,0.04957,0.0492406,0.0489209,0.0486105,0.0483089,0.0480158,0.0477307,0.0474532,0.0471831,0.0469201,0.0466637,0.0464138,0.0461701,0.0459323,0.0457001,0.0454735,0.0452521,0.0450357,0.0448243
0.0772444,0.0772244,0.077211,0.0772046,0.0772057,0.077215,0.0772331,0.0772608,0.0772988,0.0773481,0.0774095,0.0774843,0.0775736,0.0776788,0.0778013,0.077943,0.0781057,0.0782916,0.0785032,0.0787435,0.0790156,0.0793234,0.0796714,0.0800649,0.0805105,0.0810158,0.0815908,0.0822482,0.0830047,0.0838831,0.0849151,0.0861439,0.0876235,0.0894029,0.0914758,0.093683,0.0956445,0.0969081,0.0972842,0.0970407,0.0966259,0.0951339,0.0927048,0.0897985,0.0868189,0.0839854,0.0813791,0.0790108,0.0768641,0.0749142,0.0731368,0.0715096,0.0700136,0.0686329,0.0673537,0.0661644,0.0650553,0.0640177,0.0630444,0.0621292,0.0612665,0.0604515,0.05968,0.0589482,0.058253,0.0575912,0.0569604,0.0563582,0.0557824,0.0552312,0.0547029,0.054196,0.0537089,0.0532405,0.0527896,0.0523551,0.051936,0.0515314,0.0511405,0.0507626,0.0503969,0.0500428,0.0496997,0.049367,0.0490442,0.0487309,0.0484265,0.0481306,0.0478429,0.047563,0.0472906,0.0470252,0.0467667,0.0465146,0.0462689,0.0460291,0.0457951,0.0455666,0.0453434,0.0451254,0.0449123
0.0772397,0.0772184,0.0772034,0.0771954,0.0771947,0.0772021,0.0772181,0.0772435,0.0772789,0.0773254,0.0773839,0.0774553,0.0775409,0.077642,0.0777601,0.0778968,0.0780539,0.0782336,0.0784383,0.0786707,0.078934,0.0792317,0.0795683,0.0799486,0.0803789,0.0808663,0.0814202,0.0820522,0.0827777,0.0836174,0.0846002,0.0857653,0.087163,0.0888443,0.090821,0.0929824,0.0950102,0.0964568,0.0970503,0.0968765,0.0966213,0.0954722,0.0933161,0.0905473,0.0875988,0.0847401,0.0820862,0.0796653,0.077468,0.0754721,0.0736535,0.0719897,0.0704613,0.0690516,0.0677465,0.066534,0.0654038,0.0643473,0.0633568,0.0624259,0.0615488,0.0607206,0.059937,0.0591941,0.0584885,0.0578172,0.0571775,0.056567,0.0559835,0.0554251,0.0548901,0.0543768,0.0538838,0.0534097,0.0529535,0.052514,0.0520902,0.0516812,0.0512861,0.0509042,0.0505347,0.0501769,0.0498304,0.0494944,0.0491685,0.0488521,0.0485449,0.0482463,0.047956,0.0476735,0.0473987,0.047131,0.0468702,0.0466161,0.0463682,0.0461265,0.0458906,0.0456603,0.0454353,0.0452156,0.0450008
0.0772353,0.0772126,0.0771962,0.0771866,0.0771842,0.0771896,0.0772036,0.0772267,0.0772597,0.0773035,0.0773589,0.0774271,0.0775091,0.0776063,0.07772,0.0778518,0.0780036,0.0781773,0.0783752,0.0786,0.0788547,0.0791428,0.0794683,0.079836,0.0802516,0.080722,0.0812558,0.0818638,0.0825601,0.0833637,0.0843007,0.0854069,0.0867289,0.0883174,0.0901972,0.0922968,0.0943584,0.0959594,0.0967652,0.0967672,0.0965292,0.0957056,0.0938489,0.091256,0.0883662,0.0854968,0.0828016,0.0803302,0.0780824,0.0760399,0.0741792,0.072478,0.0709163,0.0694769,0.0681453,0.066909,0.0657574,0.0646815,0.0636734,0.0627264,0.0618347,0.0609931,0.0601971,0.0594428,0.0587267,0.0580457,0.0573969,0.056778,0.0561867,0.0556209,0.055079,0.0545593,0.0540602,0.0535805,0.0531189,0.0526744,0.0522458,0.0518322,0.0514328,0.0510468,0.0506735,0.0503121,0.049962,0.0496227,0.0492936,0.0489742,0.0486641,0.0483627,0.0480698,0.0477848,0.0475075,0.0472375,0.0469744,0.0467181,0.0464682,0.0462245,0.0459866,0.0457545,0.0455278,0.0453063,0.0450899
0.0772312,0.0772072,0.0771893,0.0771781,0.077174,0.0771776,0.0771895,0.0772104,0.077241,0.0772822,0.0773347,0.0773997,0.0774783,0.0775716,0.077681,0.0778081,0.0779546,0.0781225,0.0783139,0.0785314,0.0787778,0.0790566,0.0793714,0.079727,0.0801286,0.0805827,0.0810973,0.0816825,0.0823513,0.0831211,0.0840155,0.0850671,0.086319,0.0878203,0.0896047,0.0916313,0.0936984,0.0954224,0.0964291,0.0966226,0.096368,0.0958366,0.0942944,0.0919139,0.089114,0.0862518,0.0835237,0.0810047,0.0787071,0.0766174,0.074714,0.0729746,0.0713788,0.0699091,0.0685503,0.0672897,0.0661162,0.0650204,0.0639943,0.063031,0.0621243,0.061269,0.0604604,0.0596945,0.0589677,0.0582767,0.0576187,0.0569912,0.0563919,0.0558187,0.0552698,0.0547435,0.0542383,0.0537528,0.0532858,0.0528361,0.0524027,0.0519845,0.0515808,0.0511907,0.0508134,0.0504483,0.0500947,0.049752,0.0494197,0.0490972,0.0487841,0.04848,0.0481843,0.0478968,0.047617,0.0473446,0.0470793,0.0468208,0.0465688,0.0463231,0.0460833,0.0458492,0.0456207,0.0453975,0.0451794
0.0772274,0.0772021,0.0771828,0.07717,0.0771642,0.077166,0.0771759,0.0771947,0.0772229,0.0772615,0.0773112,0.0773731,0.0774483,0.0775378,0.0776431,0.0777656,0.077907,0.0780692,0.0782543,0.0784647,0.0787031,0.0789729,0.0792775,0.0796213,0.0800095,0.080448,0.0809444,0.0815081,0.0821509,0.0828889,0.0837436,0.0847446,0.0859315,0.0873514,0.0890429,0.0909894,0.0930384,0.0948537,0.0960443,0.0964347,0.0961691,0.0958719,0.0946464,0.0925108,0.0898339,0.0870004,0.08425,0.0816878,0.0793417,0.0772048,0.075258,0.0734796,0.071849,0.0703482,0.0689616,0.0676761,0.0664801,0.0653641,0.0643196,0.0633395,0.0624176,0.0615483,0.0607269,0.0599491,0.0592114,0.0585103,0.0578429,0.0572067,0.0565992,0.0560185,0.0554625,0.0549295,0.0544181,0.0539267,0.0534542,0.0529992,0.0525609,0.0521381,0.05173,0.0513357,0.0509544,0.0505855,0.0502283,0.0498822,0.0495467,0.0492211,0.048905,0.048598,0.0482997,0.0480095,0.0477272,0.0474525,0.0471849,0.0469242,0.04667,0.0464222,0.0461805,0.0459445,0.0457142,0.0454892,0.0452694
0.0772239,0.0771973,0.0771766,0.0771623,0.0771549,0.0771549,0.0771628,0.0771795,0.0772054,0.0772414,0.0772884,0.0773473,0.0774191,0.077505,0.0776062,0.0777242,0.0778607,0.0780174,0.0781963,0.0783998,0.0786306,0.0788916,0.0791864,0.079519,0.0798942,0.0803179,0.0807969,0.08134,0.0819583,0.0826665,0.0834841,0.0844381,0.0855647,0.0869086,0.0885111,0.0903735,0.0923853,0.0942614,0.0956141,0.0962008,0.0960737,0.095822,0.0949023,0.0930369,0.0905172,0.0877371,0.0849777,0.0823783,0.0799856,0.0778018,0.0758112,0.073993,0.0723268,0.0707942,0.0693793,0.0680682,0.0668493,0.0657126,0.0646493,0.0636522,0.0627146,0.0618311,0.0609965,0.0602067,0.0594578,0.0587464,0.0580695,0.0574244,0.0568087,0.0562202,0.055657,0.0551173,0.0545995,0.0541022,0.053624,0.0531638,0.0527205,0.0522929,0.0518803,0.0514818,0.0510965,0.0507238,0.050363,0.0500135,0.0496746,0.0493459,0.0490268,0.0487169,0.0484158,0.048123,0.0478382,0.047561,0.0472911,0.0470282,0.0467719,0.046522,0.0462783,0.0460404,0.0458082,0.0455815,0.0453599
0.0772206,0.0771927,0.0771707,0.0771549,0.0771459,0.0771441,0.0771502,0.0771647,0.0771884,0.077222,0.0772663,0.0773222,0.0773907,0.077473,0.0775703,0.077684,0.0778157,0.077967,0.07814,0.0783368,0.0785601,0.0788127,0.079098,0.0794197,0.0797826,0.080192,0.0806544,0.081178,0.0817731,0.0824531,0.083236,0.0841463,0.085217,0.0864902,0.088008,0.0897848,0.091745,0.0936538,0.0951434,0.0959205,0.0959612,0.0957011,0.0950631,0.093484,0.0911546,0.0884554,0.0857034,0.0830744,0.0806383,0.0784083,0.0763735,0.074515,0.0728125,0.0712474,0.0698034,0.0684663,0.0672239,0.066066,0.0649836,0.063969,0.0630155,0.0621174,0.0612695,0.0604674,0.0597072,0.0589853,0.0582986,0.0576445,0.0570204,0.056424,0.0558535,0.0553069,0.0547827,0.0542793,0.0537954,0.0533298,0.0528814,0.0524491,0.052032,0.0516291,0.0512398,0.0508632,0.0504987,0.0501456,0.0498034,0.0494715,0.0491494,0.0488366,0.0485327,0.0482373,0.0479499,0.0476703,0.047398,0.0471328,0.0468744,0.0466224,0.0463766,0.0461369,0.0459028,0.0456742,0.045451
0.0772176,0.0771885,0.0771651,0.0771479,0.0771373,0.0771338,0.077138,0.0771505,0.077172,0.0772031,0.0772448,0.0772978,0.0773632,0.077442,0.0775355,0.0776449,0.0777719,0.077918,0.0780852,0.0782756,0.0784916,0.0787361,0.0790121,0.0793235,0.0796744,0.0800701,0.0805167,0.0810218,0.0815949,0.0822483,0.0829986,0.0838681,0.0848871,0.0860944,0.0875322,0.0892237,0.0911218,0.0930388,0.0946382,0.0955946,0.0958121,0.0955289,0.0951336,0.0938462,0.0917368,0.0891482,0.0864227,0.083774,0.0812986,0.0790238,0.0769449,0.0750456,0.0733061,0.0717079,0.0702341,0.0688703,0.067604,0.0664244,0.0653224,0.06429,0.0633203,0.0624073,0.0615458,0.0607312,0.0599594,0.0592268,0.0585303,0.0578669,0.0572342,0.0566299,0.0560519,0.0554983,0.0549675,0.054458,0.0539684,0.0534973,0.0530438,0.0526066,0.0521848,0.0517776,0.0513842,0.0510037,0.0506354,0.0502788,0.0499332,0.0495981,0.0492729,0.0489571,0.0486504,0.0483523,0.0480623,0.0477802,0.0475056,0.0472381,0.0469775,0.0467234,0.0464756,0.0462339,0.0459979,0.0457676,0.0455425
0.0772149,0.0771845,0.0771598,0.0771412,0.077129,0.0771239,0.0771263,0.0771368,0.0771561,0.0771849,0.0772239,0.0772741,0.0773364,0.0774118,0.0775016,0.0776069,0.0777293,0.0778703,0.0780319,0.0782161,0.0784251,0.0786617,0.0789289,0.0792301,0.0795697,0.0799522,0.0803836,0.080871,0.0814232,0.0820516,0.0827713,0.0836028,0.0845735,0.0857197,0.0870822,0.0886903,0.0905191,0.0924233,0.0941052,0.0952252,0.0956222,0.0953923,0.095122,0.0941204,0.092255,0.0898075,0.0871306,0.0844745,0.0819654,0.0796478,0.0775253,0.0755847,0.0738076,0.0721756,0.0706715,0.0692804,0.0679896,0.0667879,0.0656659,0.0646153,0.063629,0.0627009,0.0618255,0.0609981,0.0602145,0.059471,0.0587644,0.0580917,0.0574503,0.0568378,0.0562522,0.0556916,0.0551542,0.0546384,0.0541429,0.0536663,0.0532075,0.0527654,0.052339,0.0519274,0.0515297,0.0511452,0.0507732,0.050413,0.0500639,0.0497255,0.0493972,0.0490785,0.0487689,0.0484681,0.0481755,0.0478909,0.0476138,0.0473441,0.0470812,0.046825,0.0465752,0.0463315,0.0460936,0.0458614,0.0456346
0.0772124,0.0771809,0.0771549,0.0771348,0.0771211,0.0771143,0.0771149,0.0771235,0.0771407,0.0771672,0.0772037,0.0772512,0.0773104,0.0773825,0.0774686,0.0775699,0.0776878,0.077824,0.0779801,0.0781582,0.0783604,0.0785894,0.078848,0.0791396,0.0794681,0.079838,0.0802549,0.0807254,0.0812577,0.0818624,0.0825534,0.0833492,0.0842751,0.0853644,0.0866563,0.0881838,0.0899391,0.0918136,0.0935515,0.0948157,0.0953903,0.0953043,0.0950393,0.0943064,0.0927017,0.090425,0.0878213,0.0851726,0.082637,0.0802796,0.0781142,0.0761323,0.0743172,0.0726506,0.0711156,0.0696967,0.0683808,0.0671565,0.0660141,0.0649449,0.0639417,0.0629981,0.0621085,0.0612681,0.0604725,0.059718,0.0590011,0.0583189,0.0576686,0.0570479,0.0564546,0.0558867,0.0553425,0.0548204,0.0543189,0.0538368,0.0533727,0.0529255,0.0524944,0.0520783,0.0516764,0.0512879,0.050912,0.0505481,0.0501956,0.0498539,0.0495225,0.0492007,0.0488883,0.0485846,0.0482894,0.0480023,0.0477228,0.0474507,0.0471856,0.0469272,0.0466753,0.0464296,0.0461899,0.0459558,0.0457272
0.0772102,0.0771775,0.0771502,0.0771287,0.0771136,0.0771052,0.077104,0.0771107,0.0771258,0.07715,0.0771841,0.0772288,0.0772851,0.077354,0.0774365,0.0775339,0.0776475,0.0777789,0.0779297,0.0781019,0.0782975,0.0785191,0.0787694,0.0790517,0.0793696,0.0797274,0.0801304,0.0805847,0.0810981,0.0816804,0.0823442,0.0831067,0.0839909,0.0850272,0.0862531,0.0877033,0.089383,0.0912146,0.0929843,0.0943706,0.0951162,0.0951876,0.0949006,0.0944077,0.0930712,0.0909924,0.0884884,0.0858643,0.0833115,0.0809183,0.0787114,0.0766884,0.0748348,0.0731332,0.0715665,0.0701192,0.0687777,0.0675304,0.066367,0.0652789,0.0642585,0.0632991,0.0623951,0.0615414,0.0607336,0.0599678,0.0592404,0.0585485,0.0578892,0.0572601,0.056659,0.0560838,0.0555327,0.0550042,0.0544966,0.0540087,0.0535392,0.0530871,0.0526511,0.0522305,0.0518242,0.0514316,0.0510519,0.0506843,0.0503283,0.0499833,0.0496486,0.0493238,0.0490084,0.048702,0.0484041,0.0481144,0.0478325,0.047558,0.0472906,0.0470301,0.0467761,0.0465284,0.0462867,0.0460507,0.0458204
0.0772082,0.0771743,0.0771458,0.077123,0.0771064,0.0770964,0.0770935,0.0770983,0.0771114,0.0771334,0.0771651,0.0772072,0.0772606,0.0773263,0.0774054,0.0774989,0.0776083,0.077735,0.0778807,0.0780471,0.0782364,0.0784508,0.0786932,0.0789664,0.079274,0.0796202,0.0800099,0.0804488,0.0809442,0.0815051,0.0821433,0.0828745,0.0837197,0.0847068,0.085871,0.0872477,0.0888515,0.0906304,0.0924102,0.0938951,0.0948012,0.0950353,0.0947322,0.0944303,0.0933599,0.0915019,0.0891248,0.0865452,0.0839863,0.0815626,0.0793164,0.0772526,0.0753603,0.0736232,0.0720243,0.070548,0.0691804,0.0679095,0.0667249,0.0656174,0.0645793,0.0636039,0.0626852,0.061818,0.0609977,0.0602204,0.0594824,0.0587806,0.0581122,0.0574745,0.0568654,0.0562828,0.0557247,0.0551896,0.0546759,0.0541822,0.0537073,0.0532499,0.0528091,0.0523839,0.0519733,0.0515765,0.0511929,0.0508216,0.050462,0.0501135,0.0497756,0.0494477,0.0491294,0.0488201,0.0485196,0.0482273,0.0479428,0.047666,0.0473963,0.0471336,0.0468775,0.0466277,0.046384,0.0461462,0.045914
0.0772064,0.0771714,0.0771417,0.0771176,0.0770995,0.077088,0.0770834,0.0770864,0.0770975,0.0771173,0.0771466,0.0771862,0.0772368,0.0772994,0.077375,0.0774649,0.0775702,0.0776924,0.077833,0.0779939,0.0781769,0.0783845,0.078619,0.0788835,0.0791813,0.0795163,0.0798932,0.0803173,0.0807955,0.0813362,0.0819503,0.082652,0.0834606,0.084402,0.0855086,0.0868158,0.0883446,0.0900638,0.0918355,0.0933953,0.0944475,0.0948451,0.0946554,0.0943833,0.0935672,0.0919465,0.0897232,0.08721,0.0846584,0.0822111,0.0799284,0.0778248,0.0758938,0.0741207,0.0724891,0.0709832,0.069589,0.0682941,0.0670876,0.0659604,0.0649044,0.0639126,0.0629788,0.0620978,0.0612649,0.0604759,0.0597271,0.0590152,0.0583375,0.0576911,0.0570739,0.0564837,0.0559185,0.0553768,0.0548568,0.0543573,0.0538768,0.0534142,0.0529685,0.0525385,0.0521235,0.0517226,0.0513349,0.0509598,0.0505966,0.0502447,0.0499035,0.0495725,0.0492512,0.0489391,0.0486358,0.0483409,0.0480539,0.0477746,0.0475027,0.0472377,0.0469795,0.0467276,0.046482,0.0462422,0.0460082
0.0772049,0.0771688,0.0771379,0.0771125,0.077093,0.0770799,0.0770737,0.0770749,0.077084,0.0771018,0.0771288,0.0771658,0.0772136,0.0772732,0.0773456,0.0774318,0.0775331,0.0776509,0.0777866,0.0779421,0.0781191,0.07832,0.078547,0.0788031,0.0790914,0.0794156,0.0797801,0.0801901,0.0806519,0.0811734,0.0817645,0.0824385,0.083213,0.0841116,0.0851646,0.0864063,0.0878621,0.089517,0.0912654,0.092877,0.0940581,0.0946164,0.0945651,0.0942784,0.0936951,0.0923207,0.0902759,0.0878529,0.0853243,0.0828617,0.0805464,0.0784045,0.076435,0.0746257,0.0729608,0.0714249,0.0700035,0.068684,0.0674554,0.066308,0.0652337,0.0642251,0.0632761,0.062381,0.0615352,0.0607342,0.0599744,0.0592524,0.0585651,0.0579099,0.0572845,0.0566866,0.0561142,0.0555657,0.0550394,0.0545339,0.0540478,0.0535799,0.0531292,0.0526945,0.052275,0.0518698,0.0514781,0.0510991,0.0507323,0.0503769,0.0500324,0.0496982,0.0493739,0.0490589,0.0487528,0.0484552,0.0481657,0.047884,0.0476097,0.0473425,0.0470821,0.0468282,0.0465805,0.0463388,0.0461029
0.0772036,0.0771664,0.0771343,0.0771076,0.0770868,0.0770722,0.0770644,0.0770638,0.0770711,0.0770867,0.0771114,0.077146,0.0771912,0.0772478,0.0773169,0.0773996,0.077497,0.0776105,0.0777415,0.0778917,0.0780629,0.0782572,0.078477,0.0787249,0.079004,0.0793179,0.0796706,0.080067,0.0805131,0.0810163,0.0815857,0.0822335,0.082976,0.0838346,0.0848376,0.0860177,0.0874031,0.0889914,0.0907043,0.0923468,0.0936373,0.0943497,0.0944447,0.0941317,0.0937483,0.0926209,0.090776,0.0884676,0.0859798,0.0835123,0.0811694,0.0789913,0.0769839,0.0751381,0.0734397,0.0718731,0.070424,0.0690795,0.0678282,0.0666603,0.0655672,0.0645416,0.063577,0.0626677,0.0618086,0.0609955,0.0602245,0.0594921,0.0587952,0.058131,0.0574972,0.0568914,0.0563118,0.0557564,0.0552237,0.0547121,0.0542203,0.053747,0.0532912,0.0528517,0.0524277,0.0520181,0.0516223,0.0512395,0.050869,0.0505101,0.0501622,0.0498248,0.0494974,0.0491795,0.0488706,0.0485703,0.0482783,0.0479941,0.0477174,0.0474479,0.0471853,0.0469293,0.0466796,0.046436,0.0461982
0.0772025,0.0771643,0.077131,0.0771031,0.0770809,0.0770649,0.0770555,0.0770532,0.0770585,0.0770722,0.0770947,0.0771268,0.0771693,0.0772231,0.0772891,0.0773683,0.0774619,0.0775712,0.0776976,0.0778427,0.0780082,0.0781962,0.078409,0.078649,0.0789193,0.0792231,0.0795644,0.0799478,0.0803789,0.0808646,0.0814134,0.0820366,0.0827489,0.0835702,0.0845265,0.0856489,0.0869669,0.0884876,0.0901558,0.0918102,0.0931897,0.0940461,0.0942906,0.0940181,0.093734,0.0928459,0.0912171,0.0890474,0.0866201,0.0841599,0.0817959,0.0795843,0.07754,0.0756579,0.0739255,0.0723278,0.0708505,0.0694805,0.0682061,0.0670172,0.0659051,0.0648622,0.0638816,0.0629577,0.0620853,0.0612598,0.0604774,0.0597344,0.0590276,0.0583544,0.057712,0.0570983,0.0565112,0.0559489,0.0554096,0.0548919,0.0543943,0.0539156,0.0534546,0.0530102,0.0525816,0.0521677,0.0517677,0.051381,0.0510067,0.0506442,0.0502929,0.0499523,0.0496218,0.0493009,0.0489891,0.0486862,0.0483915,0.0481048,0.0478258,0.047554,0.0472892,0.047031,0.0467793,0.0465337,0.046294
0.0772017,0.0771624,0.077128,0.0770988,0.0770753,0.0770579,0.0770469,0.0770429,0.0770464,0.0770581,0.0770784,0.0771082,0.0771482,0.0771991,0.077262,0.0773379,0.0774278,0.077533,0.0776549,0.077795,0.077955,0.0781369,0.0783428,0.0785752,0.0788369,0.0791311,0.0794614,0.0798324,0.0802491,0.0807181,0.0812473,0.0818471,0.0825311,0.0833175,0.0842301,0.0852985,0.0865524,0.0880058,0.0896226,0.0912727,0.0927204,0.093708,0.0941015,0.093948,0.0936613,0.0929968,0.091594,0.0895857,0.0872402,0.0848015,0.0824241,0.0801828,0.0781029,0.0761849,0.0744183,0.0727892,0.0712832,0.0698872,0.0685892,0.067379,0.0662475,0.0651868,0.06419,0.0632513,0.0623652,0.0615272,0.0607331,0.0599793,0.0592626,0.05858,0.057929,0.0573073,0.0567126,0.0561432,0.0555973,0.0550733,0.0545698,0.0540856,0.0536194,0.0531701,0.0527367,0.0523184,0.0519142,0.0515235,0.0511454,0.0507793,0.0504246,0.0500807,0.049747,0.0494231,0.0491085,0.0488028,0.0485055,0.0482163,0.0479348,0.0476607,0.0473937,0.0471334,0.0468796,0.046632,0.0463904
0.0772011,0.0771607,0.0771252,0.0770949,0.07707,0.0770512,0.0770387,0.0770331,0.0770348,0.0770445,0.0770627,0.0770902,0.0771276,0.0771758,0.0772357,0.0773083,0.0773946,0.0774958,0.0776133,0.0777486,0.0779033,0.0780792,0.0782785,0.0785035,0.0787569,0.0790417,0.0793615,0.0797205,0.0801235,0.0805765,0.0810871,0.0816648,0.0823221,0.0830756,0.0839475,0.0849653,0.0861585,0.0875459,0.0891068,0.0907388,0.092235,0.0933381,0.0938773,0.0938544,0.0935427,0.0930771,0.0919031,0.090076,0.0878342,0.085433,0.0830518,0.0807855,0.0786723,0.0767189,0.0749181,0.0732571,0.071722,0.0702995,0.0689776,0.0677455,0.0665942,0.0655155,0.0645022,0.0635483,0.0626484,0.0617975,0.0609916,0.0602269,0.0595,0.058808,0.0581482,0.0575183,0.0569159,0.0563393,0.0557867,0.0552564,0.0547469,0.0542571,0.0537855,0.0533312,0.0528931,0.0524703,0.0520619,0.0516671,0.0512852,0.0509154,0.0505572,0.0502099,0.0498731,0.0495462,0.0492287,0.0489202,0.0486203,0.0483285,0.0480446,0.0477681,0.0474988,0.0472364,0.0469805,0.0467309,0.0464874
0.0772007,0.0771593,0.0771227,0.0770912,0.0770651,0.0770448,0.0770308,0.0770236,0.0770236,0.0770313,0.0770475,0.0770727,0.0771077,0.0771532,0.0772102,0.0772795,0.0773623,0.0774596,0.0775729,0.0777034,0.0778529,0.0780231,0.078216,0.0784338,0.0786792,0.078955,0.0792647,0.079612,0.0800018,0.0804396,0.0809325,0.0814891,0.0821212,0.082844,0.0836778,0.0846482,0.0857841,0.0871074,0.0886095,0.0902126,0.0917386,0.0929403,0.0936186,0.0937313,0.0934002,0.0930923,0.0921427,0.0905126,0.0883962,0.0860504,0.0836764,0.0813912,0.0792472,0.0772596,0.0754247,0.0737317,0.072167,0.0707176,0.0693712,0.068117,0.0669455,0.0658483,0.0648183,0.063849,0.0629348,0.062071,0.061253,0.0604772,0.05974,0.0590384,0.0583696,0.0577313,0.0571212,0.0565373,0.0559778,0.0554411,0.0549256,0.05443,0.0539531,0.0534937,0.0530508,0.0526235,0.0522107,0.0518118,0.051426,0.0510525,0.0506908,0.0503402,0.0500001,0.0496701,0.0493497,0.0490384,0.0487357,0.0484414,0.048155,0.0478762,0.0476046,0.0473399,0.047082,0.0468303,0.0465849
0.0772005,0.0771581,0.0771204,0.0770877,0.0770604,0.0770388,0.0770233,0.0770145,0.0770127,0.0770186,0.0770328,0.0770558,0.0770883,0.0771312,0.0771853,0.0772515,0.0773308,0.0774244,0.0775335,0.0776595,0.0778039,0.0779685,0.0781551,0.0783661,0.0786037,0.0788708,0.0791706,0.0795069,0.079884,0.0803072,0.0807831,0.0813199,0.0819281,0.0826219,0.08342,0.0843461,0.085428,0.0866897,0.0881317,0.089697,0.0912364,0.0925188,0.0933268,0.0935765,0.093339,0.0930499,0.0923133,0.0908904,0.0889203,0.0866488,0.0842949,0.081998,0.079827,0.0778065,0.075938,0.0742127,0.0726182,0.0711415,0.0697702,0.0684934,0.0673013,0.0661854,0.0651382,0.0641532,0.0632247,0.0623476,0.0615174,0.0607302,0.0599825,0.0592711,0.0585933,0.0579465,0.0573285,0.0567372,0.0561707,0.0556275,0.0551058,0.0546045,0.0541221,0.0536576,0.0532098,0.0527778,0.0523607,0.0519577,0.0515679,0.0511906,0.0508253,0.0504713,0.050128,0.0497949,0.0494715,0.0491573,0.048852,0.0485551,0.0482661,0.0479849,0.047711,0.0474442,0.047184,0.0469304,0.0466829
0.0772005,0.0771571,0.0771184,0.0770846,0.077056,0.0770331,0.0770162,0.0770058,0.0770023,0.0770064,0.0770185,0.0770394,0.0770696,0.0771099,0.0771612,0.0772243,0.0773003,0.0773902,0.0774952,0.0776167,0.0777562,0.0779154,0.078096,0.0783002,0.0785303,0.078789,0.0790793,0.0794049,0.0797698,0.0801791,0.0806388,0.0811566,0.0817423,0.0824088,0.0831734,0.084058,0.0850892,0.0862918,0.0876736,0.0891948,0.090733,0.092078,0.0930039,0.0933897,0.0932674,0.0929598,0.0924173,0.0912061,0.0894006,0.0872232,0.0849039,0.082604,0.0804104,0.0783591,0.0764577,0.0747003,0.0730756,0.0715712,0.0701746,0.0688748,0.0676618,0.0665268,0.0654622,0.0644612,0.063518,0.0626273,0.0617847,0.060986,0.0602276,0.0595063,0.0588193,0.0581639,0.0575378,0.0569389,0.0563654,0.0558155,0.0552877,0.0547805,0.0542926,0.0538228,0.0533701,0.0529334,0.0525119,0.0521046,0.0517108,0.0513298,0.0509609,0.0506034,0.0502568,0.0499206,0.0495941,0.0492771,0.048969,0.0486694,0.048378,0.0480943,0.0478181,0.047549,0.0472867,0.047031,0.0467815
0.0772007,0.0771564,0.0771166,0.0770817,0.0770519,0.0770276,0.0770093,0.0769974,0.0769923,0.0769946,0.0770048,0.0770235,0.0770514,0.0770892,0.0771378,0.0771979,0.0772706,0.0773569,0.077458,0.0775751,0.0777098,0.0778637,0.0780384,0.0782361,0.0784589,0.0787095,0.0789907,0.079306,0.0796592,0.0800551,0.0804993,0.080999,0.0815633,0.0822042,0.0829372,0.0837831,0.0847666,0.085913,0.0872352,0.0887077,0.0902324,0.0916227,0.0926528,0.0931708,0.0931707,0.0928353,0.0924591,0.0914577,0.0898317,0.0877681,0.0854996,0.0832069,0.0809963,0.0789169,0.0769835,0.0751942,0.0735392,0.0720067,0.0705845,0.0692612,0.0680269,0.0668725,0.0657901,0.0647728,0.0638147,0.0629103,0.062055,0.0612445,0.0604753,0.0597439,0.0590475,0.0583833,0.0577491,0.0571426,0.0565619,0.0560053,0.0554712,0.054958,0.0544645,0.0539894,0.0535317,0.0530903,0.0526643,0.0522527,0.0518549,0.05147,0.0510974,0.0507364,0.0503865,0.0500471,0.0497176,0.0493977,0.0490868,0.0487846,0.0484906,0.0482045,0.0479259,0.0476545,0.0473901,0.0471322,0.0468808
0.0772011,0.0771559,0.0771151,0.077079,0.077048,0.0770225,0.0770028,0.0769894,0.0769827,0.0769832,0.0769915,0.0770081,0.0770338,0.0770691,0.077115,0.0771722,0.0772417,0.0773245,0.0774217,0.0775346,0.0776647,0.0778134,0.0779824,0.0781737,0.0783895,0.0786322,0.0789046,0.0792099,0.0795519,0.0799349,0.0803644,0.0808469,0.0813909,0.0820074,0.0827109,0.0835203,0.0844591,0.0855522,0.0868161,0.088237,0.0897382,0.0911575,0.0922768,0.0929206,0.0930458,0.092741,0.0924448,0.0916451,0.0902092,0.0882783,0.0860775,0.0838037,0.0815829,0.0794788,0.077515,0.0756942,0.0740089,0.0724481,0.0709998,0.0696528,0.0683967,0.0672225,0.066122,0.0650882,0.0641149,0.0631965,0.0623283,0.0615059,0.0607256,0.059984,0.0592781,0.058605,0.0579625,0.0573482,0.0567603,0.0561968,0.0556563,0.055137,0.0546379,0.0541574,0.0536946,0.0532484,0.0528178,0.052402,0.052,0.0516112,0.0512349,0.0508704,0.0505171,0.0501745,0.049842,0.0495191,0.0492054,0.0489004,0.0486039,0.0483153,0.0480343,0.0477606,0.047494,0.047234,0.0469805
0.0772017,0.0771555,0.0771137,0.0770766,0.0770445,0.0770177,0.0769966,0.0769817,0.0769734,0.0769722,0.0769786,0.0769932,0.0770167,0.0770496,0.0770929,0.0771472,0.0772136,0.0772929,0.0773864,0.0774952,0.0776207,0.0777644,0.0779279,0.0781131,0.0783221,0.0785571,0.078821,0.0791167,0.0794478,0.0798185,0.0802338,0.0806999,0.0812246,0.0818181,0.0824938,0.083269,0.0841658,0.0852085,0.086416,0.0877835,0.0892531,0.0906868,0.0918796,0.0926406,0.0928917,0.0926861,0.0923821,0.0917698,0.0905295,0.0887484,0.0866332,0.0843915,0.0821685,0.0800439,0.0780517,0.0762002,0.0744846,0.0728952,0.0714206,0.0700494,0.0687713,0.0675769,0.0664581,0.0654074,0.0644186,0.063486,0.0626046,0.0617702,0.0609787,0.0602266,0.059511,0.0588289,0.0581779,0.0575558,0.0569605,0.0563901,0.055843,0.0553177,0.0548127,0.0543268,0.0538589,0.0534078,0.0529726,0.0525524,0.0521463,0.0517535,0.0513735,0.0510054,0.0506487,0.0503028,0.0499671,0.0496413,0.0493247,0.0490171,0.0487179,0.0484268,0.0481434,0.0478674,0.0475986,0.0473365,0.0470809
0.0772025,0.0771554,0.0771126,0.0770745,0.0770412,0.0770132,0.0769908,0.0769744,0.0769646,0.0769617,0.0769662,0.0769789,0.0770001,0.0770307,0.0770714,0.077123,0.0771863,0.0772623,0.0773521,0.0774569,0.077578,0.0777168,0.0778749,0.0780541,0.0782564,0.0784841,0.0787397,0.0790262,0.0793468,0.0797057,0.0801074,0.0805578,0.0810641,0.0816359,0.0822853,0.0830285,0.0838859,0.084881,0.0860341,0.0873477,0.0887796,0.0902147,0.0914652,0.0923327,0.092708,0.0926119,0.0922813,0.0918353,0.0907907,0.0891735,0.0871618,0.0849666,0.0827507,0.0806109,0.078593,0.0767117,0.0749662,0.0733482,0.0718469,0.0704512,0.0691507,0.0679358,0.0667982,0.0657304,0.0647259,0.0637788,0.0628841,0.0620373,0.0612344,0.0604717,0.0597462,0.059055,0.0583955,0.0577654,0.0571625,0.0565851,0.0560314,0.0554999,0.0549891,0.0544977,0.0540245,0.0535685,0.0531286,0.0527039,0.0522936,0.0518969,0.051513,0.0511413,0.0507811,0.0504319,0.0500932,0.0497643,0.0494449,0.0491344,0.0488326,0.048539,0.0482532,0.0479749,0.0477038,0.0474395,0.0471819
0.0772035,0.0771555,0.0771118,0.0770725,0.0770381,0.0770089,0.0769852,0.0769675,0.0769561,0.0769515,0.0769543,0.0769649,0.0769841,0.0770124,0.0770506,0.0770994,0.0771597,0.0772325,0.0773187,0.0774196,0.0775364,0.0776704,0.0778233,0.0779967,0.0781926,0.0784131,0.0786608,0.0789383,0.0792488,0.0795962,0.0799849,0.0804203,0.0809092,0.0814603,0.0820849,0.0827979,0.0836184,0.0845686,0.0856698,0.0869296,0.0883192,0.0897448,0.0910377,0.0919996,0.092495,0.0925127,0.092161,0.0918465,0.0909922,0.0895494,0.0876584,0.0855252,0.0833272,0.0811784,0.0791379,0.0772285,0.0754535,0.0738069,0.0722787,0.0708582,0.0695349,0.0682992,0.0671426,0.0660573,0.0650367,0.0640749,0.0631667,0.0623074,0.0614928,0.0607194,0.0599839,0.0592834,0.0586152,0.0579769,0.0573665,0.0567819,0.0562216,0.0556837,0.0551669,0.0546699,0.0541915,0.0537305,0.0532858,0.0528567,0.0524421,0.0520413,0.0516536,0.0512782,0.0509146,0.050562,0.0502201,0.0498881,0.0495658,0.0492526,0.0489481,0.0486519,0.0483636,0.048083,0.0478096,0.0475432,0.0472834
0.0772047,0.0771558,0.0771111,0.0770709,0.0770354,0.0770049,0.07698,0.0769608,0.0769479,0.0769417,0.0769427,0.0769515,0.0769686,0.0769946,0.0770303,0.0770765,0.0771339,0.0772035,0.0772862,0.0773833,0.0774958,0.0776253,0.077773,0.0779408,0.0781305,0.0783441,0.078584,0.0788529,0.0791537,0.0794901,0.0798663,0.0802873,0.0807595,0.081291,0.0818922,0.0825768,0.0833625,0.0842705,0.0853222,0.0865291,0.0878734,0.08928,0.0906012,0.0916441,0.0922537,0.0923872,0.0921129,0.0918098,0.091135,0.0898728,0.0881182,0.0860632,0.0838948,0.0817446,0.0796855,0.0777499,0.0759463,0.0742712,0.072716,0.0712704,0.069924,0.0686671,0.0674911,0.0663881,0.0653513,0.0643745,0.0634524,0.0625804,0.061754,0.0609697,0.060224,0.059514,0.058837,0.0581905,0.0575723,0.0569806,0.0564134,0.0558691,0.0553463,0.0548437,0.0543599,0.0538938,0.0534443,0.0530106,0.0525917,0.0521869,0.0517952,0.0514161,0.0510489,0.050693,0.0503478,0.0500128,0.0496875,0.0493715,0.0490643,0.0487655,0.0484748,0.0481917,0.047916,0.0476474,0.0473855
0.077206,0.0771563,0.0771107,0.0770694,0.0770328,0.0770012,0.076975,0.0769545,0.0769401,0.0769323,0.0769316,0.0769385,0.0769536,0.0769774,0.0770107,0.0770542,0.0771088,0.0771753,0.0772546,0.0773479,0.0774564,0.0775813,0.0777242,0.0778865,0.0780701,0.078277,0.0785094,0.0787699,0.0790613,0.0793872,0.0797513,0.0801586,0.0806149,0.0811277,0.0817067,0.0823645,0.0831176,0.0839858,0.0849904,0.0861458,0.0874428,0.0888232,0.0901596,0.0912697,0.0919854,0.0922345,0.092057,0.0917332,0.0912216,0.0901416,0.0885368,0.086576,0.0844506,0.0823073,0.0802347,0.0782753,0.0764441,0.0747409,0.0731586,0.0716877,0.0703179,0.0690396,0.0678439,0.0667228,0.0656694,0.0646775,0.0637414,0.0628564,0.062018,0.0612226,0.0604666,0.059747,0.059061,0.0584061,0.0577801,0.057181,0.0566069,0.0560562,0.0555273,0.0550189,0.0545296,0.0540584,0.0536041,0.0531658,0.0527425,0.0523335,0.0519379,0.051555,0.0511843,0.0508249,0.0504765,0.0501384,0.0498101,0.0494912,0.0491813,0.0488799,0.0485866,0.0483012,0.0480232,0.0477523,0.0474883
0.0772075,0.077157,0.0771104,0.0770682,0.0770305,0.0769978,0.0769703,0.0769485,0.0769327,0.0769233,0.0769209,0.076926,0.076939,0.0769607,0.0769917,0.0770327,0.0770844,0.0771478,0.0772239,0.0773136,0.077418,0.0775386,0.0776766,0.0778336,0.0780113,0.0782117,0.0784368,0.0786892,0.0789716,0.0792872,0.0796398,0.0800339,0.080475,0.08097,0.081528,0.0821606,0.0828829,0.0837137,0.0846738,0.0857793,0.087028,0.0883762,0.0897163,0.0908798,0.0916921,0.0920547,0.0919801,0.0916281,0.091256,0.0903549,0.0889102,0.0870594,0.0849908,0.0828644,0.0807839,0.078804,0.0769467,0.0752159,0.0736066,0.0721102,0.0707168,0.0694167,0.068201,0.0670616,0.0659913,0.0649839,0.0640335,0.0631354,0.0622849,0.0614781,0.0607117,0.0599823,0.0592872,0.0586238,0.0579898,0.0573833,0.0568022,0.0562449,0.0557098,0.0551955,0.0547008,0.0542243,0.0537651,0.0533221,0.0528944,0.0524812,0.0520816,0.051695,0.0513206,0.0509578,0.050606,0.0502648,0.0499335,0.0496117,0.049299,0.048995,0.0486992,0.0484113,0.0481309,0.0478578,0.0475916
0.0772092,0.0771578,0.0771104,0.0770672,0.0770285,0.0769946,0.0769659,0.0769428,0.0769256,0.0769147,0.0769106,0.0769139,0.076925,0.0769445,0.0769732,0.0770117,0.0770607,0.0771212,0.077194,0.0772801,0.0773807,0.0774969,0.0776302,0.0777821,0.0779541,0.0781481,0.0783663,0.0786108,0.0788845,0.0791902,0.0795317,0.0799131,0.0803396,0.0808178,0.0813558,0.0819645,0.0826578,0.0834535,0.0843713,0.0854289,0.0866292,0.0879409,0.0892745,0.090478,0.091376,0.0918481,0.0918795,0.0915501,0.0912434,0.0905133,0.0892353,0.087509,0.0855118,0.0834131,0.0813317,0.079335,0.0774535,0.0756959,0.0740599,0.0725378,0.0711205,0.0697983,0.0685623,0.0674043,0.066317,0.0652938,0.064329,0.0634174,0.0625545,0.0617363,0.0609592,0.0602199,0.0595156,0.0588436,0.0582015,0.0575874,0.0569992,0.0564353,0.0558939,0.0553737,0.0548734,0.0543917,0.0539274,0.0534797,0.0530476,0.0526301,0.0522264,0.0518359,0.0514578,0.0510915,0.0507365,0.050392,0.0500577,0.049733,0.0494175,0.0491108,0.0488124,0.0485221,0.0482394,0.047964,0.0476956
0.0772111,0.0771589,0.0771106,0.0770664,0.0770267,0.0769917,0.0769618,0.0769374,0.0769188,0.0769064,0.0769007,0.0769022,0.0769114,0.0769289,0.0769553,0.0769913,0.0770377,0.0770953,0.0771649,0.0772475,0.0773443,0.0774564,0.0775852,0.0777319,0.0778984,0.0780863,0.0782976,0.0785346,0.0787998,0.0790961,0.0794268,0.0797961,0.0802086,0.0806706,0.0811896,0.0817757,0.0824418,0.0832044,0.0840824,0.0850939,0.0862463,0.0875182,0.0888371,0.090068,0.0910399,0.0916158,0.0917541,0.0915082,0.0911903,0.0906185,0.08951,0.0879207,0.0860096,0.0839504,0.081876,0.0798671,0.0779638,0.0761806,0.0745181,0.0729705,0.0715291,0.0701846,0.0689281,0.0677511,0.0666464,0.0656072,0.0646277,0.0637025,0.0628271,0.0619972,0.0612093,0.0604599,0.0597462,0.0590654,0.0584152,0.0577934,0.057198,0.0566273,0.0560796,0.0555534,0.0550474,0.0545603,0.0540911,0.0536386,0.0532018,0.05278,0.0523723,0.0519779,0.0515961,0.0512263,0.0508678,0.0505201,0.0501827,0.0498551,0.0495368,0.0492273,0.0489264,0.0486335,0.0483484,0.0480708,0.0478002
0.0772132,0.0771601,0.0771109,0.0770658,0.0770251,0.0769891,0.076958,0.0769323,0.0769123,0.0768984,0.0768912,0.0768909,0.0768983,0.0769137,0.0769379,0.0769716,0.0770153,0.07707,0.0771366,0.0772159,0.0773089,0.077417,0.0775413,0.0776831,0.0778442,0.0780261,0.0782308,0.0784605,0.0787175,0.0790046,0.079325,0.0796825,0.0800818,0.0805283,0.0810293,0.081594,0.0822343,0.0829657,0.0838061,0.0847738,0.0858791,0.0871092,0.0884064,0.089653,0.0906867,0.0913591,0.0916036,0.09145,0.0911053,0.0906738,0.0897331,0.0882909,0.0864802,0.0844732,0.0824147,0.0803991,0.078477,0.0766695,0.0749813,0.0734082,0.0719426,0.0705755,0.0692981,0.068102,0.0669797,0.0659242,0.0649297,0.0639907,0.0631025,0.0622608,0.0614619,0.0607023,0.0599791,0.0592894,0.0586309,0.0580013,0.0573986,0.0568211,0.0562669,0.0557346,0.0552229,0.0547304,0.054256,0.0537986,0.0533573,0.0529311,0.0525192,0.0521209,0.0517353,0.0513619,0.051,0.0506491,0.0503086,0.049978,0.0496568,0.0493446,0.0490411,0.0487457,0.0484582,0.0481782,0.0479054
0.0772154,0.0771616,0.0771115,0.0770655,0.0770238,0.0769866,0.0769544,0.0769275,0.0769062,0.0768909,0.076882,0.0768801,0.0768856,0.0768991,0.0769211,0.0769524,0.0769936,0.0770456,0.077109,0.077185,0.0772745,0.0773786,0.0774985,0.0776356,0.0777914,0.0779676,0.0781658,0.0783884,0.0786374,0.0789157,0.0792262,0.0795725,0.0799589,0.0803906,0.0808744,0.0814188,0.0820349,0.0827368,0.0835417,0.0844677,0.0855273,0.0867143,0.0879842,0.0892363,0.0903195,0.0910797,0.0914281,0.0913711,0.0910042,0.0906834,0.0899048,0.0886165,0.0869196,0.0849781,0.0829454,0.0809294,0.078992,0.0771623,0.075449,0.0738507,0.0723609,0.0709711,0.0696726,0.068457,0.0673167,0.0662448,0.0652351,0.0642821,0.0633809,0.0625272,0.0617171,0.0609472,0.0602143,0.0595156,0.0588486,0.0582111,0.0576011,0.0570165,0.0564558,0.0559174,0.0553998,0.0549018,0.0544222,0.05396,0.053514,0.0530834,0.0526673,0.0522649,0.0518756,0.0514986,0.0511332,0.050779,0.0504353,0.0501017,0.0497776,0.0494627,0.0491565,0.0488586,0.0485686,0.0482863,0.0480112
0.0772178,0.0771632,0.0771123,0.0770653,0.0770226,0.0769845,0.0769511,0.076923,0.0769003,0.0768836,0.0768732,0.0768696,0.0768733,0.0768849,0.0769048,0.0769338,0.0769725,0.0770217,0.0770823,0.077155,0.077241,0.0773412,0.0774569,0.0775894,0.0777401,0.0779106,0.0781026,0.0783182,0.0785596,0.0788293,0.0791302,0.0794656,0.0798397,0.0802574,0.0807248,0.0812499,0.0818429,0.0825171,0.0832886,0.0841749,0.0851903,0.0863338,0.0875721,0.0888206,0.0899416,0.0907799,0.0912283,0.0912697,0.0909671,0.0906527,0.0900265,0.0888956,0.0873242,0.0854615,0.0834654,0.0814562,0.079508,0.0776581,0.075921,0.0742979,0.0727839,0.0713712,0.0700514,0.0688161,0.0676577,0.066569,0.0655439,0.0645766,0.0636623,0.0627963,0.0619749,0.0611944,0.0604517,0.0597439,0.0590684,0.0584229,0.0578053,0.0572137,0.0566463,0.0561017,0.0555782,0.0550747,0.0545898,0.0541226,0.0536719,0.0532368,0.0528164,0.0524101,0.0520169,0.0516362,0.0512673,0.0509097,0.0505629,0.0502262,0.0498992,0.0495815,0.0492726,0.0489721,0.0486797,0.048395,0.0481176
0.0772203,0.0771649,0.0771132,0.0770654,0.0770217,0.0769825,0.0769481,0.0769187,0.0768948,0.0768767,0.0768648,0.0768596,0.0768615,0.0768711,0.076889,0.0769158,0.076952,0.0769986,0.0770563,0.0771259,0.0772084,0.0773048,0.0774164,0.0775444,0.0776901,0.0778551,0.0780411,0.07825,0.078484,0.0787454,0.079037,0.079362,0.0797242,0.0801284,0.0805801,0.0810869,0.0816581,0.0823061,0.083046,0.0838948,0.0848676,0.0859677,0.0871713,0.0884085,0.089556,0.090462,0.091005,0.0911452,0.0909245,0.0905884,0.0901004,0.0891267,0.0876905,0.0859197,0.0839717,0.0819775,0.0800235,0.0781565,0.0763969,0.0747496,0.0732116,0.0717759,0.0704346,0.0691794,0.0680025,0.0668969,0.065856,0.0648743,0.0639466,0.0630683,0.0622354,0.0614442,0.0606915,0.0599744,0.0592902,0.0586366,0.0580114,0.0574126,0.0568385,0.0562875,0.0557581,0.0552489,0.0547588,0.0542865,0.053831,0.0533914,0.0529667,0.0525562,0.0521591,0.0517747,0.0514023,0.0510414,0.0506913,0.0503515,0.0500216,0.0497011,0.0493895,0.0490864,0.0487915,0.0485044,0.0482247
0.077223,0.0771669,0.0771143,0.0770657,0.0770211,0.0769809,0.0769453,0.0769148,0.0768896,0.0768701,0.0768567,0.0768499,0.0768501,0.0768579,0.0768737,0.0768983,0.0769322,0.0769761,0.077031,0.0770975,0.0771766,0.0772694,0.077377,0.0775005,0.0776414,0.0778011,0.0779812,0.0781836,0.0784104,0.0786637,0.0789464,0.0792613,0.0796122,0.0800034,0.0804402,0.0809295,0.0814801,0.0821033,0.0828134,0.0836267,0.0845586,0.0856159,0.0867826,0.088002,0.0891657,0.0901287,0.0907596,0.0909974,0.0908643,0.0905001,0.0901303,0.0893098,0.0880158,0.0863491,0.0844612,0.0824911,0.0805372,0.0786564,0.0768761,0.0752055,0.0736437,0.0721851,0.0708222,0.0695468,0.0683512,0.0672284,0.0661716,0.0651752,0.0642339,0.063343,0.0624985,0.0616964,0.0609337,0.0602071,0.0595141,0.0588523,0.0582193,0.0576133,0.0570324,0.056475,0.0559395,0.0554246,0.0549291,0.0544516,0.0539913,0.0535471,0.0531181,0.0527035,0.0523024,0.0519143,0.0515383,0.051174,0.0508206,0.0504777,0.0501448,0.0498214,0.0495071,0.0492014,0.0489039,0.0486144,0.0483324
0.0772258,0.077169,0.0771156,0.0770661,0.0770206,0.0769794,0.0769428,0.0769111,0.0768846,0.0768638,0.076849,0.0768406,0.0768391,0.076845,0.0768589,0.0768813,0.0769129,0.0769543,0.0770064,0.0770699,0.0771457,0.0772349,0.0773386,0.0774578,0.077594,0.0777485,0.0779229,0.078119,0.0783388,0.0785844,0.0788584,0.0791636,0.0795035,0.0798822,0.0803047,0.0807774,0.0813084,0.0819082,0.0825902,0.0833698,0.0842628,0.0852781,0.0864064,0.0876029,0.0887736,0.0897827,0.0904937,0.0908268,0.0907839,0.0904359,0.0901205,0.0894458,0.0882979,0.0867464,0.0849307,0.0829946,0.0810473,0.0791568,0.0773582,0.0756653,0.0740803,0.0725988,0.0712141,0.0699183,0.0687039,0.0675635,0.0664907,0.0654794,0.0645243,0.0636207,0.0627642,0.0619512,0.0611782,0.0604421,0.0597401,0.0590699,0.0584291,0.0578158,0.057228,0.056664,0.0561224,0.0556018,0.0551007,0.0546181,0.0541529,0.0537041,0.0532706,0.0528518,0.0524468,0.0520548,0.0516753,0.0513074,0.0509508,0.0506047,0.0502688,0.0499425,0.0496254,0.0493171,0.0490171,0.0487251,0.0484408
0.0772288,0.0771712,0.0771171,0.0770667,0.0770203,0.0769781,0.0769405,0.0769076,0.07688,0.0768578,0.0768416,0.0768317,0.0768285,0.0768327,0.0768446,0.0768649,0.0768941,0.0769331,0.0769825,0.077043,0.0771157,0.0772014,0.0773012,0.0774162,0.0775478,0.0776973,0.0778661,0.0780561,0.0782691,0.0785072,0.0787728,0.0790687,0.0793981,0.0797648,0.0801736,0.0806304,0.0811427,0.0817204,0.0823758,0.0831237,0.0839794,0.084954,0.0860432,0.0872126,0.088382,0.0894268,0.0902093,0.0906339,0.0906823,0.0904051,0.0900765,0.0895364,0.0885355,0.0871083,0.0853769,0.0834852,0.0815522,0.0796567,0.0778423,0.0761286,0.0745209,0.0730168,0.0716102,0.070294,0.0690605,0.0679024,0.0668132,0.0657868,0.0648177,0.0639011,0.0630327,0.0622085,0.061425,0.0606792,0.0599683,0.0592896,0.0586409,0.05802,0.0574252,0.0568547,0.0563069,0.0557803,0.0552738,0.0547859,0.0543157,0.0538622,0.0534243,0.0530012,0.0525922,0.0521964,0.0518131,0.0514418,0.0510818,0.0507326,0.0503936,0.0500644,0.0497445,0.0494335,0.0491309,0.0488365,0.0485498
0.077232,0.0771737,0.0771188,0.0770676,0.0770203,0.0769771,0.0769384,0.0769045,0.0768756,0.0768522,0.0768345,0.0768231,0.0768183,0.0768207,0.0768307,0.0768489,0.076876,0.0769125,0.0769592,0.0770169,0.0770864,0.0771687,0.0772648,0.0773758,0.0775029,0.0776474,0.0778109,0.0779949,0.0782013,0.0784321,0.0786896,0.0789765,0.0792957,0.0796509,0.0800466,0.0804882,0.0809828,0.0815395,0.0821698,0.0828875,0.0837079,0.0846431,0.0856931,0.0868322,0.0879933,0.0890638,0.0899085,0.0904196,0.0905593,0.0903608,0.0900055,0.0895847,0.0887283,0.0874324,0.0857965,0.0839601,0.0820496,0.0801546,0.0783277,0.076595,0.0749654,0.0734389,0.0720106,0.0706738,0.069421,0.068245,0.0671393,0.0660975,0.0651142,0.0641845,0.0633039,0.0624683,0.0616743,0.0609187,0.0601985,0.0595112,0.0588545,0.0582261,0.0576242,0.057047,0.0564929,0.0559604,0.0554482,0.0549551,0.0544799,0.0540215,0.0535791,0.0531518,0.0527386,0.0523389,0.051952,0.0515771,0.0512138,0.0508613,0.0505193,0.0501871,0.0498644,0.0495506,0.0492455,0.0489486,0.0486595
0.0772353,0.0771763,0.0771206,0.0770686,0.0770204,0.0769763,0.0769366,0.0769016,0.0768715,0.0768468,0.0768278,0.0768149,0.0768085,0.0768092,0.0768173,0.0768335,0.0768584,0.0768925,0.0769366,0.0769915,0.077058,0.0771369,0.0772294,0.0773364,0.0774591,0.0775988,0.077757,0.0779353,0.0781353,0.0783591,0.0786087,0.0788868,0.0791962,0.0795404,0.0799235,0.0803506,0.0808283,0.0813651,0.0819716,0.0826609,0.0834478,0.0843449,0.085356,0.0864625,0.0876094,0.0886964,0.0895938,0.0901852,0.0904148,0.0902987,0.0899208,0.0895942,0.0888767,0.0877165,0.0861863,0.0844163,0.0825374,0.080649,0.0788134,0.0770637,0.0754135,0.0738651,0.0724152,0.0710576,0.0697854,0.0685914,0.0674688,0.0664115,0.0654139,0.0644708,0.0635778,0.0627307,0.0619261,0.0611604,0.060431,0.059735,0.05907,0.058434,0.0578249,0.0572409,0.0566804,0.0561419,0.055624,0.0551255,0.0546452,0.0541821,0.0537351,0.0533034,0.0528861,0.0524825,0.0520918,0.0517134,0.0513466,0.0509909,0.0506457,0.0503106,0.049985,0.0496685,0.0493608,0.0490613,0.0487698
0.0772387,0.077179,0.0771226,0.0770698,0.0770207,0.0769757,0.076935,0.0768989,0.0768677,0.0768418,0.0768214,0.076807,0.0767991,0.0767981,0.0768044,0.0768186,0.0768413,0.0768731,0.0769147,0.0769668,0.0770303,0.077106,0.0771949,0.077298,0.0774164,0.0775515,0.0777046,0.0778773,0.0780711,0.078288,0.0785301,0.0787997,0.0790996,0.0794331,0.0798041,0.0802174,0.080679,0.0811968,0.0817808,0.0824433,0.0831982,0.084059,0.0850317,0.0861042,0.0872318,0.0883269,0.0892674,0.0899322,0.0902493,0.0902174,0.0898932,0.0895696,0.0889822,0.0879592,0.0865436,0.0848509,0.083013,0.0811381,0.0792983,0.0775343,0.0758647,0.0742951,0.0728238,0.0714455,0.0701537,0.0689414,0.0678019,0.0667289,0.0657166,0.06476,0.0638545,0.0629958,0.0621802,0.0614045,0.0606656,0.0599607,0.0592875,0.0586437,0.0580273,0.0574365,0.0568695,0.0563249,0.0558013,0.0552974,0.0548119,0.0543439,0.0538923,0.0534562,0.0530347,0.0526271,0.0522326,0.0518506,0.0514804,0.0511214,0.050773,0.0504349,0.0501064,0.0497872,0.0494767,0.0491747,0.0488808
0.0772423,0.0771819,0.0771248,0.0770712,0.0770213,0.0769754,0.0769337,0.0768965,0.0768642,0.076837,0.0768153,0.0767995,0.0767901,0.0767873,0.0767919,0.0768041,0.0768247,0.0768543,0.0768934,0.0769428,0.0770034,0.0770759,0.0771613,0.0772606,0.0773749,0.0775055,0.0776536,0.0778208,0.0780086,0.0782188,0.0784535,0.078715,0.0790058,0.079329,0.0796884,0.0800884,0.0805346,0.0810344,0.0815971,0.0822341,0.0829589,0.0837848,0.08472,0.0857574,0.0868618,0.0879577,0.088932,0.0896624,0.0900634,0.0901163,0.089862,0.0895165,0.089047,0.0881601,0.0868657,0.0852608,0.083474,0.0816202,0.0797812,0.0780058,0.0763186,0.0747286,0.0732362,0.0718374,0.0705259,0.0692952,0.0681385,0.0670495,0.0660225,0.0650522,0.0641339,0.0632634,0.0624369,0.0616509,0.0609024,0.0601886,0.059507,0.0588553,0.0582315,0.0576337,0.0570602,0.0565095,0.05598,0.0554706,0.0549799,0.0545069,0.0540506,0.0536101,0.0531844,0.0527727,0.0523744,0.0519887,0.051615,0.0512527,0.0509012,0.05056,0.0502286,0.0499065,0.0495934,0.0492889,0.0489925
0.077246,0.077185,0.0771271,0.0770727,0.077022,0.0769752,0.0769325,0.0768943,0.0768609,0.0768325,0.0768095,0.0767923,0.0767814,0.076777,0.0767798,0.0767902,0.0768087,0.076836,0.0768727,0.0769195,0.0769772,0.0770466,0.0771286,0.0772242,0.0773345,0.0774606,0.0776039,0.0777658,0.0779477,0.0781515,0.0783791,0.0786326,0.0789146,0.0792279,0.0795761,0.0799633,0.0803949,0.0808776,0.08142,0.0820328,0.082729,0.0835218,0.0844205,0.0854225,0.0865007,0.0875908,0.08859,0.0893778,0.089858,0.0899953,0.0898159,0.089443,0.0890743,0.0883193,0.0871509,0.0856432,0.0839175,0.0820931,0.0802606,0.0784775,0.0767746,0.0751653,0.0736524,0.0722331,0.070902,0.0696527,0.0684787,0.0673735,0.0663316,0.0653474,0.0644162,0.0635337,0.062696,0.0618996,0.0611414,0.0604185,0.0597284,0.0590688,0.0584375,0.0578327,0.0572525,0.0566955,0.0561602,0.0556451,0.0551492,0.0546712,0.0542102,0.0537651,0.0533351,0.0529194,0.0525172,0.0521278,0.0517506,0.0513849,0.0510301,0.0506859,0.0503515,0.0500267,0.0497109,0.0494037,0.0491048
0.0772499,0.0771882,0.0771296,0.0770745,0.0770229,0.0769752,0.0769316,0.0768924,0.0768578,0.0768283,0.076804,0.0767855,0.076773,0.0767671,0.0767681,0.0767766,0.0767931,0.0768183,0.0768526,0.0768968,0.0769517,0.0770181,0.0770968,0.0771888,0.0772951,0.077417,0.0775555,0.0777122,0.0778884,0.078086,0.0783066,0.0785525,0.0788259,0.0791297,0.0794671,0.0798421,0.0802597,0.080726,0.0812492,0.0818392,0.0825083,0.0832693,0.0841328,0.0850994,0.086149,0.0872278,0.0882437,0.0890803,0.0896342,0.0898545,0.0897524,0.0893906,0.0890679,0.0884379,0.0873976,0.0859955,0.0843409,0.0825545,0.0807349,0.0789481,0.0772322,0.0756049,0.0740721,0.0726326,0.0712818,0.0700139,0.0688223,0.0677009,0.0666438,0.0656455,0.0647013,0.0638066,0.0629576,0.0621507,0.0613826,0.0606505,0.0599518,0.0592841,0.0586452,0.0580333,0.0574464,0.0568831,0.0563417,0.0558211,0.0553198,0.0548367,0.0543709,0.0539213,0.053487,0.0530671,0.052661,0.0522679,0.0518871,0.051518,0.05116,0.0508126,0.0504753,0.0501475,0.049829,0.0495192,0.0492178
0.0772539,0.0771915,0.0771323,0.0770764,0.077024,0.0769754,0.0769309,0.0768907,0.0768551,0.0768243,0.0767988,0.076779,0.0767651,0.0767575,0.0767569,0.0767636,0.0767781,0.0768011,0.0768331,0.0768748,0.076927,0.0769903,0.0770658,0.0771543,0.0772568,0.0773744,0.0775084,0.07766,0.0778307,0.0780222,0.0782361,0.0784745,0.0787397,0.0790343,0.0793613,0.0797246,0.0801287,0.0805794,0.0810843,0.0816527,0.082296,0.083027,0.0838565,0.0847881,0.0858074,0.0868703,0.0878954,0.0887723,0.0893936,0.0896943,0.0896708,0.0893693,0.0890323,0.0885176,0.0876052,0.0863152,0.0847414,0.0830021,0.0812023,0.0794167,0.0776905,0.0760469,0.074495,0.0730356,0.0716654,0.0703787,0.0691696,0.0680317,0.0669592,0.0659467,0.0649892,0.0640822,0.0632217,0.0624041,0.0616261,0.0608847,0.0601772,0.0595013,0.0588548,0.0582356,0.057642,0.0570722,0.0565248,0.0559984,0.0554917,0.0550035,0.0545328,0.0540786,0.0536399,0.0532159,0.0528058,0.0524089,0.0520245,0.0516519,0.0512907,0.0509401,0.0505998,0.0502692,0.0499479,0.0496354,0.0493315
0.077258,0.077195,0.0771351,0.0770784,0.0770253,0.0769759,0.0769304,0.0768892,0.0768525,0.0768207,0.076794,0.0767727,0.0767574,0.0767484,0.076746,0.0767509,0.0767635,0.0767844,0.0768141,0.0768534,0.0769029,0.0769634,0.0770357,0.0771207,0.0772194,0.077333,0.0774624,0.0776092,0.0777745,0.07796,0.0781675,0.0783987,0.0786559,0.0789415,0.0792586,0.0796106,0.0800018,0.0804376,0.0809251,0.0814729,0.0820919,0.0827942,0.0835912,0.0844883,0.0854763,0.0865195,0.0875469,0.088456,0.0891376,0.0895154,0.0895707,0.0893367,0.0889737,0.0885612,0.0877736,0.0866006,0.0851163,0.0834335,0.081661,0.0798817,0.0781486,0.0764907,0.0749208,0.0734422,0.0720525,0.0707472,0.0695203,0.0683658,0.0672778,0.0662509,0.0652799,0.0643605,0.0634884,0.06266,0.0618718,0.061121,0.0604047,0.0597205,0.0590662,0.0584397,0.0578391,0.0572629,0.0567093,0.0561771,0.055665,0.0551716,0.054696,0.0542371,0.053794,0.0533658,0.0529517,0.0525509,0.0521628,0.0517868,0.0514222,0.0510685,0.0507251,0.0503916,0.0500675,0.0497524,0.0494458
0.0772623,0.0771986,0.077138,0.0770807,0.0770267,0.0769765,0.0769301,0.076888,0.0768502,0.0768173,0.0767893,0.0767668,0.0767501,0.0767395,0.0767356,0.0767387,0.0767494,0.0767682,0.0767957,0.0768326,0.0768795,0.0769371,0.0770063,0.077088,0.0771831,0.0772926,0.0774177,0.0775597,0.0777198,0.0778995,0.0781006,0.0783249,0.0785743,0.0788514,0.0791588,0.0794999,0.0798787,0.0803004,0.0807713,0.0812996,0.0818955,0.0825706,0.0833363,0.0841998,0.0851558,0.0861763,0.0872002,0.0881334,0.0888681,0.0893186,0.089452,0.0892889,0.0889034,0.0885716,0.0879037,0.0868502,0.0854633,0.083846,0.0821089,0.0803419,0.0786057,0.0769358,0.0753492,0.0738519,0.0724432,0.0711192,0.0698745,0.0687032,0.0675996,0.0665581,0.0655736,0.0646415,0.0637576,0.0629182,0.0621198,0.0613594,0.0606342,0.0599416,0.0592794,0.0586454,0.0580379,0.0574551,0.0568954,0.0563573,0.0558396,0.055341,0.0548604,0.0543968,0.0539492,0.0535167,0.0530985,0.0526939,0.0523022,0.0519226,0.0515546,0.0511977,0.0508513,0.0505148,0.0501879,0.04987,0.0495609
0.0772667,0.0772024,0.0771411,0.077083,0.0770284,0.0769773,0.0769301,0.0768869,0.0768482,0.0768141,0.076785,0.0767612,0.0767431,0.0767311,0.0767255,0.0767269,0.0767358,0.0767526,0.0767779,0.0768124,0.0768567,0.0769116,0.0769778,0.0770561,0.0771476,0.0772533,0.0773741,0.0775114,0.0776664,0.0778406,0.0780356,0.078253,0.078495,0.0787637,0.0790618,0.0793925,0.0797594,0.0801675,0.0806226,0.0811323,0.0817063,0.0823555,0.0830914,0.0839222,0.0848462,0.0858416,0.0868568,0.0878067,0.0885869,0.0891052,0.0893151,0.0892245,0.0888838,0.088553,0.0879969,0.0870633,0.0857802,0.0842373,0.0825438,0.0807954,0.0790606,0.0773814,0.0757797,0.0742646,0.0728372,0.0714946,0.0702322,0.0690441,0.0679246,0.0668683,0.0658701,0.0649252,0.0640294,0.0631789,0.0623701,0.0616,0.0608657,0.0601646,0.0594944,0.058853,0.0582384,0.0576489,0.0570829,0.0565389,0.0560156,0.0555117,0.055026,0.0545576,0.0541055,0.0536687,0.0532464,0.0528379,0.0524424,0.0520593,0.0516879,0.0513278,0.0509782,0.0506388,0.050309,0.0499884,0.0496767
0.0772712,0.0772063,0.0771444,0.0770856,0.0770302,0.0769783,0.0769302,0.0768861,0.0768464,0.0768112,0.0767809,0.0767559,0.0767365,0.076723,0.0767159,0.0767156,0.0767226,0.0767374,0.0767606,0.0767928,0.0768346,0.0768867,0.07695,0.0770251,0.0771132,0.077215,0.0773317,0.0774644,0.0776145,0.0777832,0.0779722,0.0781831,0.0784178,0.0786785,0.0789676,0.0792882,0.0796437,0.0800387,0.0804787,0.0809708,0.081524,0.0821487,0.0828561,0.0836553,0.0845472,0.0855159,0.0865181,0.0874779,0.088296,0.0888762,0.0891604,0.0891431,0.0888624,0.0885098,0.0880551,0.0872397,0.0860651,0.0846048,0.0829634,0.0812406,0.0795121,0.0778267,0.0762118,0.0746799,0.0732343,0.0718735,0.0705932,0.0693882,0.0682528,0.0671816,0.0661695,0.0652117,0.0643038,0.063442,0.0626228,0.0618428,0.0610993,0.0603896,0.0597113,0.0590622,0.0584405,0.0578443,0.0572719,0.0567219,0.0561929,0.0556836,0.0551929,0.0547197,0.0542629,0.0538218,0.0533954,0.0529829,0.0525836,0.0521969,0.0518221,0.0514587,0.051106,0.0507635,0.0504309,0.0501075,0.0497931
0.0772758,0.0772103,0.0771478,0.0770883,0.0770321,0.0769794,0.0769305,0.0768855,0.0768448,0.0768086,0.0767772,0.0767509,0.0767301,0.0767152,0.0767066,0.0767046,0.0767098,0.0767227,0.0767438,0.0767737,0.0768131,0.0768626,0.0769229,0.076995,0.0770796,0.0771777,0.0772903,0.0774187,0.0775639,0.0777273,0.0779105,0.078115,0.0783427,0.0785955,0.078876,0.0791868,0.0795314,0.0799139,0.0803395,0.0808148,0.0813482,0.0819495,0.0826298,0.0833986,0.0842589,0.0851996,0.0861852,0.0871488,0.0879973,0.0886333,0.0889884,0.0890443,0.0888282,0.0884493,0.0880812,0.0873799,0.0863168,0.0849464,0.0833655,0.0816756,0.0799587,0.0782708,0.076645,0.0750975,0.0736344,0.0722556,0.0709576,0.0697356,0.0685842,0.067498,0.0664718,0.0655009,0.0645808,0.0637076,0.0628777,0.0620878,0.061335,0.0606165,0.05993,0.0592733,0.0586443,0.0580413,0.0574625,0.0569064,0.0563717,0.0558569,0.0553611,0.0548829,0.0544215,0.053976,0.0535453,0.0531289,0.0527258,0.0523355,0.0519572,0.0515904,0.0512345,0.0508891,0.0505535,0.0502274,0.0499103
0.0772806,0.0772145,0.0771513,0.0770912,0.0770342,0.0769808,0.076931,0.0768851,0.0768434,0.0768062,0.0767736,0.0767462,0.0767241,0.0767078,0.0766976,0.0766941,0.0766975,0.0767085,0.0767276,0.0767553,0.0767922,0.0768391,0.0768966,0.0769656,0.0770469,0.0771413,0.0772501,0.0773741,0.0775146,0.0776729,0.0778504,0.0780487,0.0782695,0.0785148,0.0787869,0.0790883,0.0794224,0.0797929,0.0802047,0.080664,0.0811785,0.0817578,0.0824122,0.0831517,0.083981,0.084893,0.085859,0.086821,0.0876928,0.0883781,0.0888002,0.0889284,0.0887791,0.0884071,0.0880785,0.0874849,0.0865343,0.08526,0.0837478,0.0820983,0.080399,0.0787127,0.0770784,0.075517,0.0740373,0.0726408,0.0713252,0.0700863,0.0689187,0.0678174,0.066777,0.0657928,0.0648604,0.0639756,0.063135,0.062335,0.0615727,0.0608454,0.0601507,0.0594862,0.0588499,0.0582399,0.0576546,0.0570924,0.0565518,0.0560316,0.0555305,0.0550474,0.0545813,0.0541313,0.0536964,0.0532759,0.052869,0.0524749,0.0520932,0.051723,0.0513639,0.0510154,0.0506769,0.050348,0.0500282
0.0772855,0.0772188,0.077155,0.0770942,0.0770365,0.0769823,0.0769317,0.0768849,0.0768423,0.076804,0.0767704,0.0767417,0.0767184,0.0767007,0.0766891,0.0766839,0.0766856,0.0766948,0.0767118,0.0767373,0.0767719,0.0768163,0.076871,0.076937,0.077015,0.077106,0.0772108,0.0773306,0.0774665,0.0776198,0.0777919,0.0779841,0.0781983,0.0784363,0.0787002,0.0789926,0.0793165,0.0796755,0.0800741,0.0805181,0.0810148,0.0815729,0.0822028,0.0829142,0.0837133,0.0845962,0.0855403,0.0864958,0.0873844,0.088112,0.0885966,0.0887956,0.0887142,0.088394,0.0880507,0.0875566,0.0867174,0.085544,0.0841081,0.0825067,0.0808313,0.0791511,0.0775114,0.0759379,0.0744425,0.0730289,0.071696,0.0704401,0.0692564,0.0681398,0.0670851,0.0660875,0.0651426,0.0642462,0.0633946,0.0625844,0.0618126,0.0610764,0.0603732,0.0597008,0.0590571,0.0584401,0.0578482,0.0572798,0.0567333,0.0562075,0.0557011,0.0552131,0.0547422,0.0542877,0.0538485,0.0534239,0.0530131,0.0526154,0.05223,0.0518565,0.0514942,0.0511425,0.0508011,0.0504693,0.0501468
0.0772905,0.0772232,0.0771588,0.0770973,0.077039,0.076984,0.0769326,0.0768849,0.0768413,0.0768021,0.0767674,0.0767375,0.0767129,0.0766939,0.0766808,0.0766741,0.0766741,0.0766815,0.0766965,0.0767199,0.0767522,0.0767941,0.0768461,0.0769092,0.076984,0.0770715,0.0771726,0.0772883,0.0774197,0.0775681,0.0777348,0.0779212,0.078129,0.0783599,0.0786159,0.0788996,0.0792137,0.0795615,0.0799475,0.0803769,0.0808565,0.0813947,0.0820011,0.0826857,0.0834554,0.0843092,0.0852296,0.0861747,0.0870738,0.0878371,0.0883788,0.0886464,0.0886334,0.0883714,0.0880031,0.087597,0.0868664,0.0857969,0.0844441,0.0828988,0.0812539,0.0795849,0.0779431,0.0763595,0.0748497,0.0734197,0.0720698,0.0707971,0.0695972,0.0684652,0.0673961,0.066385,0.0654274,0.0645192,0.0636566,0.0628361,0.0620546,0.0613093,0.0605976,0.0599172,0.059266,0.058642,0.0580434,0.0574687,0.0569162,0.0563848,0.0558731,0.05538,0.0549043,0.0544452,0.0540017,0.053573,0.0531582,0.0527567,0.0523678,0.0519909,0.0516253,0.0512705,0.050926,0.0505914,0.0502661
0.0772956,0.0772278,0.0771628,0.0771006,0.0770416,0.0769859,0.0769336,0.0768852,0.0768406,0.0768004,0.0767646,0.0767336,0.0767078,0.0766875,0.0766729,0.0766647,0.0766631,0.0766686,0.0766817,0.0767031,0.0767331,0.0767725,0.0768219,0.0768821,0.0769538,0.0770379,0.0771353,0.077247,0.0773741,0.0775178,0.0776793,0.07786,0.0780615,0.0782855,0.0785339,0.0788091,0.0791137,0.079451,0.0798248,0.0802402,0.0807036,0.0812228,0.0818069,0.0824657,0.083207,0.0840319,0.0849274,0.0858586,0.0867627,0.0875549,0.0881483,0.0884813,0.0885364,0.0883357,0.0879453,0.0876091,0.086982,0.0860179,0.0847542,0.0832723,0.0816651,0.0800125,0.0783726,0.0767813,0.0752586,0.073813,0.0724465,0.0711571,0.0699411,0.0687937,0.06771,0.0666852,0.0657149,0.0647947,0.0639209,0.06309,0.0622987,0.0615443,0.060824,0.0601355,0.0594767,0.0588455,0.0582402,0.057659,0.0571006,0.0565635,0.0560464,0.0555481,0.0550676,0.0546039,0.054156,0.0537231,0.0533043,0.0528991,0.0525065,0.0521261,0.0517572,0.0513993,0.0510517,0.0507142,0.0503861
0.0773008,0.0772325,0.0771668,0.0771041,0.0770444,0.0769879,0.0769349,0.0768856,0.0768401,0.0767989,0.0767621,0.07673,0.076703,0.0766813,0.0766654,0.0766556,0.0766524,0.0766562,0.0766674,0.0766867,0.0767145,0.0767515,0.0767984,0.0768557,0.0769244,0.0770052,0.0770991,0.0772069,0.0773297,0.0774687,0.0776251,0.0778003,0.0779957,0.078213,0.0784541,0.0787211,0.0790166,0.0793436,0.0797058,0.0801079,0.0805558,0.0810568,0.0816197,0.082254,0.0829679,0.0837642,0.084634,0.0855484,0.0864524,0.0872673,0.0879064,0.0883013,0.0884235,0.0882857,0.0879325,0.0875961,0.0870657,0.0862067,0.0850366,0.0836253,0.0820627,0.0804326,0.0787986,0.0772026,0.0756686,0.0742084,0.0728258,0.0715201,0.0702879,0.0691251,0.0680267,0.0669882,0.066005,0.0650727,0.0641876,0.0633461,0.062545,0.0617812,0.0610523,0.0603556,0.0596891,0.0590507,0.0584385,0.0578509,0.0572864,0.0567435,0.0562209,0.0557175,0.0552321,0.0547637,0.0543114,0.0538742,0.0534515,0.0530423,0.0526461,0.0522622,0.05189,0.0515288,0.0511783,0.0508378,0.0505069
0.0773061,0.0772373,0.077171,0.0771077,0.0770473,0.0769901,0.0769363,0.0768862,0.0768398,0.0767976,0.0767598,0.0767266,0.0766984,0.0766755,0.0766582,0.0766469,0.0766421,0.0766442,0.0766536,0.0766708,0.0766965,0.0767312,0.0767755,0.0768301,0.0768958,0.0769734,0.0770637,0.0771677,0.0772864,0.0774209,0.0775724,0.0777421,0.0779316,0.0781425,0.0783764,0.0786355,0.0789222,0.0792393,0.0795903,0.0799796,0.0804127,0.0808965,0.0814392,0.0820501,0.0827375,0.0835059,0.0843494,0.0852448,0.0861443,0.0869759,0.0876546,0.0881071,0.0882949,0.0882208,0.0879196,0.087562,0.0871193,0.0863632,0.0852901,0.0839558,0.0824451,0.0808435,0.0792201,0.0776224,0.0760793,0.0746057,0.0732077,0.0718858,0.0706377,0.0694594,0.0683464,0.067294,0.0662977,0.0653533,0.0644567,0.0636045,0.0627934,0.0620203,0.0612825,0.0605776,0.0599032,0.0592575,0.0586384,0.0580443,0.0574736,0.0569249,0.0563968,0.0558881,0.0553978,0.0549246,0.0544678,0.0540264,0.0535996,0.0531866,0.0527867,0.0523992,0.0520236,0.0516592,0.0513056,0.0509621,0.0506284
0.0773116,0.0772422,0.0771754,0.0771114,0.0770503,0.0769925,0.0769379,0.0768869,0.0768398,0.0767966,0.0767578,0.0767235,0.0766941,0.0766699,0.0766513,0.0766386,0.0766322,0.0766326,0.0766402,0.0766555,0.076679,0.0767114,0.0767532,0.0768052,0.076868,0.0769424,0.0770293,0.0771296,0.0772442,0.0773743,0.077521,0.0776855,0.0778692,0.0780738,0.0783008,0.0785522,0.0788304,0.0791379,0.0794782,0.0798552,0.0802742,0.0807415,0.081265,0.0818536,0.0825157,0.0832568,0.0840738,0.0849484,0.0858397,0.0866822,0.0873945,0.0879,0.0881512,0.0881409,0.0878956,0.0875128,0.0871451,0.0864882,0.0855139,0.0842621,0.0828101,0.0812435,0.0796357,0.0780399,0.0764899,0.0750044,0.0735917,0.0722542,0.0709903,0.0697966,0.0686688,0.0676025,0.0665931,0.0656363,0.0647283,0.0638652,0.063044,0.0622613,0.0615146,0.0608013,0.0601192,0.059466,0.0588399,0.0582392,0.0576623,0.0571077,0.056574,0.05606,0.0555646,0.0550867,0.0546254,0.0541797,0.0537487,0.0533318,0.0529282,0.0525371,0.0521581,0.0517905,0.0514337,0.0510872,0.0507506
0.0773171,0.0772472,0.0771799,0.0771152,0.0770536,0.076995,0.0769397,0.0768879,0.0768399,0.0767958,0.0767559,0.0767206,0.0766901,0.0766647,0.0766447,0.0766306,0.0766227,0.0766214,0.0766272,0.0766406,0.076662,0.0766922,0.0767316,0.0767809,0.0768409,0.0769122,0.0769957,0.0770924,0.0772031,0.0773289,0.0774709,0.0776303,0.0778084,0.0780068,0.0782271,0.0784711,0.078741,0.0790394,0.0793693,0.0797346,0.08014,0.0805917,0.0810969,0.0816642,0.082302,0.0830165,0.0838071,0.0846596,0.0855393,0.0863878,0.0871278,0.0876812,0.0879929,0.0880459,0.0878587,0.0874793,0.0871461,0.0865827,0.0857073,0.0845426,0.083156,0.0816308,0.080044,0.0784541,0.0768999,0.075404,0.0739778,0.0726251,0.0713456,0.0701366,0.0689941,0.0679137,0.0668911,0.0659219,0.0650022,0.0641282,0.0632967,0.0625045,0.0617488,0.061027,0.0603368,0.0596762,0.059043,0.0584357,0.0578524,0.0572918,0.0567525,0.0562332,0.0557327,0.05525,0.0547841,0.054334,0.0538989,0.053478,0.0530706,0.052676,0.0522935,0.0519225,0.0515626,0.0512131,0.0508736
0.0773228,0.0772524,0.0771844,0.0771192,0.0770569,0.0769976,0.0769416,0.076889,0.0768402,0.0767952,0.0767544,0.076718,0.0766863,0.0766597,0.0766385,0.0766229,0.0766135,0.0766106,0.0766147,0.0766261,0.0766456,0.0766735,0.0767105,0.0767573,0.0768145,0.0768828,0.0769631,0.0770562,0.077163,0.0772846,0.077422,0.0775765,0.0777492,0.0779416,0.0781554,0.0783922,0.0786541,0.0789436,0.0792636,0.0796175,0.08001,0.0804467,0.0809345,0.0814815,0.082096,0.0827849,0.0835493,0.0843787,0.0852442,0.086094,0.0868558,0.0874519,0.0878208,0.0879362,0.0878081,0.0874734,0.0871254,0.0866483,0.0858704,0.0847962,0.0834809,0.0820038,0.0804437,0.0788639,0.0773083,0.0758041,0.0743654,0.0729983,0.0717036,0.0704794,0.0693221,0.0682277,0.0671917,0.06621,0.0652785,0.0643935,0.0635516,0.0627497,0.0619849,0.0612545,0.0605563,0.0598881,0.0592478,0.0586336,0.058044,0.0574774,0.0569324,0.0564076,0.055902,0.0554144,0.0549439,0.0544894,0.0540501,0.0536252,0.053214,0.0528157,0.0524297,0.0520554,0.0516923,0.0513398,0.0509974
0.0773286,0.0772576,0.0771892,0.0771234,0.0770604,0.0770005,0.0769437,0.0768904,0.0768407,0.0767948,0.076753,0.0767156,0.0766828,0.076655,0.0766325,0.0766156,0.0766047,0.0766002,0.0766026,0.0766122,0.0766296,0.0766554,0.0766901,0.0767344,0.0767888,0.0768542,0.0769313,0.0770209,0.077124,0.0772415,0.0773744,0.077524,0.0776915,0.0778781,0.0780855,0.0783154,0.0785696,0.0788505,0.0791608,0.0795039,0.079884,0.0803064,0.0807776,0.0813052,0.0818975,0.0825616,0.0833001,0.0841058,0.0849549,0.0858019,0.0865802,0.0872134,0.0876357,0.0878119,0.0877434,0.0874595,0.0870876,0.0866869,0.0860036,0.0850218,0.0837832,0.0823606,0.080833,0.079268,0.0777145,0.076204,0.0747542,0.0733734,0.072064,0.0708248,0.0696529,0.0685443,0.067495,0.0665006,0.0655572,0.0646611,0.0638087,0.062997,0.0622229,0.0614839,0.0607776,0.0601016,0.0594541,0.0588332,0.0582371,0.0576644,0.0571136,0.0565834,0.0560726,0.0555801,0.0551048,0.0546458,0.0542023,0.0537734,0.0533583,0.0529563,0.0525668,0.0521892,0.0518228,0.0514672,0.0511219
0.0773344,0.077263,0.077194,0.0771276,0.077064,0.0770034,0.076946,0.0768919,0.0768413,0.0767946,0.0767519,0.0767135,0.0766796,0.0766506,0.0766269,0.0766086,0.0765963,0.0765902,0.0765909,0.0765987,0.0766142,0.0766378,0.0766703,0.076712,0.0767638,0.0768263,0.0769003,0.0769865,0.0770859,0.0771994,0.0773281,0.0774729,0.0776352,0.0778162,0.0780175,0.0782405,0.0784873,0.0787599,0.079061,0.0793936,0.0797618,0.0801705,0.0806258,0.081135,0.081706,0.0823463,0.0830595,0.0838411,0.084672,0.0855127,0.0863024,0.0869673,0.0874387,0.0876737,0.0876648,0.0874341,0.0870407,0.0867009,0.0861078,0.0852191,0.0840614,0.0826994,0.0812105,0.0796652,0.0781174,0.0766031,0.0751438,0.0737503,0.0724267,0.0711728,0.0699863,0.0688636,0.0678008,0.0667937,0.0658384,0.064931,0.064068,0.0632464,0.062463,0.0617152,0.0610006,0.0603169,0.0596621,0.0590343,0.0584317,0.0578528,0.0572961,0.0567604,0.0562443,0.0557468,0.0552668,0.0548034,0.0543556,0.0539225,0.0535036,0.0530979,0.0527048,0.0523238,0.0519542,0.0515955,0.0512471
0.0773404,0.0772685,0.0771989,0.077132,0.0770678,0.0770066,0.0769484,0.0768935,0.0768422,0.0767946,0.076751,0.0767115,0.0766766,0.0766465,0.0766215,0.0766019,0.0765882,0.0765806,0.0765796,0.0765856,0.0765992,0.0766208,0.076651,0.0766903,0.0767395,0.0767992,0.0768701,0.076953,0.0770489,0.0771585,0.0772829,0.0774231,0.0775804,0.0777559,0.0779512,0.0781677,0.0784072,0.0786718,0.0789639,0.0792865,0.0796433,0.0800389,0.080479,0.0809706,0.0815213,0.0821386,0.0828272,0.0835847,0.0843959,0.0852272,0.0860236,0.0867149,0.0872309,0.087522,0.0875721,0.0873963,0.0870339,0.0866932,0.0861842,0.0853878,0.0843145,0.0830187,0.0815744,0.080054,0.0785159,0.0770007,0.0755338,0.0741287,0.0727914,0.0715232,0.0703222,0.0691855,0.0681092,0.0670893,0.0661219,0.0652031,0.0643295,0.0634978,0.0627051,0.0619484,0.0612255,0.060534,0.0598717,0.0592369,0.0586277,0.0580426,0.05748,0.0569387,0.0564174,0.0559148,0.05543,0.054962,0.0545099,0.0540727,0.0536498,0.0532404,0.0528437,0.0524593,0.0520864,0.0517245,0.0513731
0.0773465,0.077274,0.077204,0.0771365,0.0770717,0.0770098,0.076951,0.0768954,0.0768432,0.0767948,0.0767502,0.0767099,0.0766739,0.0766427,0.0766164,0.0765956,0.0765804,0.0765713,0.0765687,0.076573,0.0765847,0.0766043,0.0766323,0.0766693,0.0767159,0.0767728,0.0768407,0.0769204,0.0770127,0.0771185,0.0772388,0.0773746,0.0775269,0.0776972,0.0778866,0.0780967,0.0783292,0.078586,0.0788695,0.0791824,0.0795282,0.0799113,0.080337,0.0808117,0.0813431,0.0819383,0.0826029,0.0833363,0.084127,0.0849463,0.0857452,0.0864576,0.0870134,0.0873575,0.0874656,0.0873454,0.0870282,0.0866672,0.0862345,0.0855282,0.0845415,0.0833169,0.0819231,0.0804332,0.078909,0.077396,0.0759234,0.0745081,0.073158,0.0718758,0.0706607,0.06951,0.0684202,0.0673874,0.0664078,0.0654776,0.0645932,0.0637514,0.0629491,0.0621835,0.0614522,0.0607527,0.060083,0.0594411,0.0588253,0.0582338,0.0576653,0.0571183,0.0565916,0.056084,0.0555944,0.0551218,0.0546652,0.0542239,0.053797,0.0533838,0.0529835,0.0525956,0.0522194,0.0518543,0.0514999
0.0773527,0.0772797,0.0772092,0.0771411,0.0770758,0.0770132,0.0769537,0.0768974,0.0768445,0.0767952,0.0767497,0.0767084,0.0766714,0.0766391,0.0766117,0.0765895,0.076573,0.0765624,0.0765582,0.0765608,0.0765706,0.0765882,0.0766141,0.0766488,0.0766929,0.0767471,0.0768121,0.0768886,0.0769775,0.0770796,0.0771958,0.0773272,0.0774748,0.0776399,0.0778236,0.0780275,0.0782532,0.0785025,0.0787776,0.0790812,0.0794165,0.0797876,0.0801994,0.0806582,0.0811709,0.0817451,0.0823864,0.083096,0.0838653,0.0846705,0.0854681,0.0861968,0.0867875,0.0871811,0.0873458,0.0872814,0.087013,0.086628,0.0862607,0.0856409,0.0847418,0.0835926,0.0822551,0.0808011,0.0792955,0.077788,0.0763122,0.0748881,0.0735261,0.0722305,0.0710015,0.0698369,0.0687336,0.067688,0.0666962,0.0657544,0.0648592,0.0640071,0.0631952,0.0624206,0.0616807,0.0609732,0.0602959,0.0596469,0.0590243,0.0584265,0.057852,0.0572993,0.0567672,0.0562544,0.0557599,0.0552826,0.0548217,0.0543761,0.0539452,0.0535281,0.0531242,0.0527328,0.0523532,0.051985,0.0516275
0.0773589,0.0772855,0.0772145,0.0771459,0.0770799,0.0770168,0.0769566,0.0768996,0.0768459,0.0767958,0.0767494,0.0767072,0.0766692,0.0766357,0.0766071,0.0765837,0.0765659,0.0765538,0.0765481,0.076549,0.076557,0.0765727,0.0765964,0.0766288,0.0766705,0.0767221,0.0767842,0.0768577,0.0769432,0.0770417,0.077154,0.0772811,0.0774241,0.077584,0.0777623,0.0779601,0.0781792,0.0784212,0.0786883,0.0789829,0.079308,0.0796675,0.0800661,0.0805096,0.0810047,0.0815586,0.0821775,0.0828636,0.0836112,0.0844004,0.0851934,0.0859337,0.0865544,0.0869937,0.0872129,0.0872043,0.0869865,0.0866021,0.0862653,0.0857272,0.0849152,0.0838448,0.0825688,0.0811563,0.0796741,0.0781759,0.0766994,0.0752682,0.0738955,0.0725872,0.0713445,0.0701662,0.0690495,0.067991,0.0669869,0.0660335,0.0651273,0.0642649,0.0634432,0.0626595,0.061911,0.0611954,0.0605105,0.0598543,0.0592249,0.0586207,0.05804,0.0574816,0.0569439,0.056426,0.0559265,0.0554446,0.0549791,0.0545294,0.0540944,0.0536734,0.0532658,0.0528708,0.0524879,0.0521164,0.0517558
0.0773653,0.0772914,0.0772199,0.0771507,0.0770842,0.0770205,0.0769596,0.0769019,0.0768475,0.0767965,0.0767494,0.0767061,0.0766671,0.0766326,0.0766029,0.0765783,0.0765591,0.0765456,0.0765383,0.0765376,0.0765439,0.0765576,0.0765793,0.0766095,0.0766488,0.0766978,0.0767571,0.0768275,0.0769098,0.0770047,0.0771132,0.0772361,0.0773745,0.0775296,0.0777025,0.0778945,0.0781071,0.0783421,0.0786013,0.0788872,0.0792026,0.079551,0.0799369,0.0803658,0.080844,0.0813785,0.0819757,0.082639,0.0833645,0.0841364,0.0849219,0.0856696,0.0863155,0.0867963,0.0870676,0.087114,0.086948,0.0866024,0.0862511,0.0857882,0.0850619,0.0840726,0.0828628,0.0814973,0.0800435,0.0785585,0.0770842,0.075648,0.0742658,0.0729454,0.0716896,0.0704978,0.0693678,0.0682964,0.0672799,0.0663148,0.0653976,0.0645248,0.0636933,0.0629003,0.0621432,0.0614194,0.0607268,0.0600633,0.059427,0.0588163,0.0582295,0.0576652,0.057122,0.0565988,0.0560944,0.0556077,0.0551377,0.0546836,0.0542445,0.0538197,0.0534083,0.0530098,0.0526234,0.0522487,0.051885
0.0773718,0.0772974,0.0772254,0.0771557,0.0770886,0.0770243,0.0769628,0.0769044,0.0768492,0.0767975,0.0767495,0.0767053,0.0766654,0.0766298,0.076599,0.0765731,0.0765526,0.0765378,0.076529,0.0765266,0.0765311,0.076543,0.0765627,0.0765907,0.0766276,0.0766741,0.0767307,0.0767982,0.0768772,0.0769687,0.0770734,0.0771923,0.0773263,0.0774765,0.0776442,0.0778305,0.0780369,0.078265,0.0785167,0.0787942,0.0791001,0.0794379,0.0798117,0.0802265,0.0806886,0.0812046,0.081781,0.0824218,0.0831253,0.0838789,0.0846543,0.0854055,0.0860719,0.08659,0.0869105,0.087011,0.0868972,0.0865959,0.0862219,0.0858257,0.0851824,0.0842753,0.0831358,0.0818225,0.0804022,0.0789347,0.0774659,0.0760268,0.0746365,0.0733051,0.0720366,0.0708317,0.0696884,0.0686041,0.0675753,0.0665985,0.0656701,0.0647868,0.0639454,0.0631431,0.0623772,0.0616451,0.0609447,0.0602739,0.0596306,0.0590133,0.0584203,0.0578501,0.0573014,0.0567728,0.0562634,0.0557719,0.0552973,0.0548389,0.0543957,0.0539669,0.0535517,0.0531496,0.0527598,0.0523817,0.0520149
0.0773783,0.0773035,0.077231,0.0771608,0.0770932,0.0770282,0.0769661,0.076907,0.0768511,0.0767986,0.0767498,0.0767047,0.0766638,0.0766272,0.0765953,0.0765682,0.0765464,0.0765302,0.07652,0.076516,0.0765188,0.0765289,0.0765466,0.0765725,0.0766071,0.0766511,0.076705,0.0767696,0.0768455,0.0769336,0.0770346,0.0771495,0.0772792,0.0774248,0.0775874,0.0777681,0.0779685,0.0781899,0.0784343,0.0787036,0.0790005,0.0793281,0.0796902,0.0800917,0.0805383,0.0810365,0.0815929,0.082212,0.0828936,0.083628,0.0843913,0.0851425,0.0858249,0.0863758,0.0867424,0.0868955,0.0868341,0.0865795,0.0861847,0.0858419,0.0852774,0.0844527,0.0833867,0.0821306,0.080749,0.0793035,0.0778435,0.076404,0.0750073,0.0736658,0.0723854,0.0711676,0.0700113,0.0689142,0.067873,0.0668844,0.0659448,0.0650509,0.0641996,0.0633879,0.0626131,0.0618727,0.0611643,0.060486,0.0598358,0.0592118,0.0586125,0.0580364,0.057482,0.0569481,0.0564335,0.0559372,0.0554581,0.0549952,0.0545478,0.054115,0.0536961,0.0532903,0.052897,0.0525156,0.0521456
0.0773849,0.0773097,0.0772367,0.077166,0.0770979,0.0770323,0.0769696,0.0769098,0.0768532,0.0767999,0.0767502,0.0767043,0.0766625,0.0766249,0.0765918,0.0765636,0.0765406,0.076523,0.0765113,0.0765058,0.076507,0.0765152,0.0765309,0.0765547,0.0765871,0.0766287,0.07668,0.0767417,0.0768146,0.0768993,0.0769968,0.0771078,0.0772333,0.0773744,0.077532,0.0777073,0.0779018,0.0781168,0.078354,0.0786155,0.0789037,0.0792214,0.0795723,0.079961,0.0803928,0.0808741,0.0814112,0.0820092,0.0826691,0.0833839,0.0841334,0.0848814,0.0855756,0.086155,0.0865641,0.0867679,0.0867586,0.086552,0.0861829,0.0858392,0.0853482,0.0846048,0.0836147,0.0824203,0.0810824,0.0796635,0.078216,0.0767788,0.0753776,0.0740273,0.0727356,0.0715054,0.0703363,0.0692265,0.068173,0.0671725,0.0662216,0.0653171,0.0644557,0.0636345,0.0628508,0.0621019,0.0613857,0.0606998,0.0600425,0.0594118,0.0588062,0.058224,0.0576639,0.0571246,0.0566049,0.0561036,0.0556199,0.0551526,0.054701,0.0542641,0.0538413,0.0534319,0.0530351,0.0526503,0.0522771
0.0773917,0.077316,0.0772425,0.0771714,0.0771027,0.0770365,0.0769732,0.0769127,0.0768554,0.0768014,0.0767509,0.0767041,0.0766613,0.0766227,0.0765886,0.0765593,0.076535,0.0765161,0.076503,0.076496,0.0764955,0.0765019,0.0765158,0.0765376,0.0765677,0.0766069,0.0766556,0.0767146,0.0767845,0.076866,0.07696,0.0770672,0.0771886,0.0773252,0.0774779,0.077648,0.0778368,0.0780455,0.0782759,0.0785298,0.0788095,0.0791177,0.0794579,0.0798342,0.080252,0.080717,0.0812357,0.0818133,0.0824519,0.0831466,0.0838809,0.0846231,0.0853252,0.0859287,0.0863766,0.0866288,0.086671,0.0865132,0.0861836,0.0858204,0.0853962,0.084732,0.0838192,0.0826904,0.0814011,0.0800134,0.0785825,0.0771506,0.0757468,0.0743891,0.0730871,0.071845,0.0706634,0.069541,0.0684752,0.0674628,0.0665007,0.0655854,0.0647139,0.0638831,0.0630903,0.062333,0.0616087,0.0609153,0.0602507,0.0596133,0.0590012,0.058413,0.0578471,0.0573023,0.0567774,0.0562713,0.0557828,0.055311,0.0548551,0.0544142,0.0539876,0.0535744,0.053174,0.0527859,0.0524094
0.0773985,0.0773224,0.0772485,0.0771768,0.0771076,0.0770409,0.0769769,0.0769158,0.0768578,0.0768031,0.0767518,0.0767041,0.0766604,0.0766208,0.0765857,0.0765552,0.0765297,0.0765095,0.076495,0.0764865,0.0764844,0.0764891,0.0765011,0.0765209,0.0765489,0.0765857,0.0766319,0.0766882,0.0767551,0.0768335,0.076924,0.0770276,0.077145,0.0772772,0.0774253,0.0775903,0.0777734,0.0779761,0.0781998,0.0784463,0.0787178,0.0790169,0.0793467,0.0797113,0.0801155,0.080565,0.081066,0.0816239,0.0822417,0.0829163,0.0836343,0.0843682,0.0850746,0.0856979,0.0861808,0.0864788,0.0865714,0.0864628,0.0861759,0.0857901,0.0854233,0.0848349,0.0839999,0.0829397,0.0817037,0.0803521,0.0789417,0.0775183,0.0761144,0.0747508,0.0734395,0.0721861,0.0709924,0.0698576,0.0687795,0.0677553,0.0667818,0.0658558,0.0649741,0.0641336,0.0633318,0.0625658,0.0618334,0.0611323,0.0604606,0.0598162,0.0591977,0.0586033,0.0580316,0.0574813,0.0569512,0.05644,0.0559468,0.0554705,0.0550103,0.0545653,0.0541347,0.0537178,0.0533138,0.0529223,0.0525425
0.0774054,0.0773289,0.0772545,0.0771823,0.0771126,0.0770453,0.0769808,0.0769191,0.0768604,0.0768049,0.0767528,0.0767043,0.0766597,0.0766192,0.076583,0.0765514,0.0765247,0.0765033,0.0764874,0.0764774,0.0764737,0.0764767,0.0764869,0.0765047,0.0765306,0.0765651,0.0766089,0.0766625,0.0767266,0.0768018,0.076889,0.0769889,0.0771024,0.0772304,0.0773739,0.0775339,0.0777116,0.0779084,0.0781256,0.078365,0.0786286,0.0789188,0.0792388,0.0795921,0.0799833,0.080418,0.080902,0.0814409,0.0820384,0.0826928,0.0833936,0.0841173,0.0848248,0.0854638,0.0859777,0.0863186,0.0864602,0.0864007,0.0861584,0.0857708,0.0854314,0.0849146,0.0841567,0.0831676,0.0819891,0.0806782,0.0792927,0.0778812,0.0764797,0.075112,0.0737924,0.0725285,0.0713231,0.0701762,0.069086,0.06805,0.0670651,0.0661283,0.0652362,0.0643861,0.063575,0.0628004,0.0620598,0.061351,0.0606719,0.0600207,0.0593956,0.058795,0.0582174,0.0576616,0.0571261,0.0566099,0.0561119,0.0556311,0.0551665,0.0547173,0.0542828,0.0538621,0.0534545,0.0530595,0.0526764
0.0774124,0.0773355,0.0772606,0.077188,0.0771177,0.0770499,0.0769848,0.0769224,0.0768631,0.0768069,0.076754,0.0767047,0.0766592,0.0766177,0.0765805,0.0765479,0.07652,0.0764973,0.0764801,0.0764687,0.0764634,0.0764648,0.0764731,0.076489,0.0765128,0.0765451,0.0765865,0.0766375,0.0766987,0.076771,0.0768549,0.0769513,0.077061,0.0771848,0.0773238,0.077479,0.0776514,0.0778424,0.0780533,0.0782858,0.0785418,0.0788235,0.0791338,0.0794763,0.0798551,0.0802756,0.0807433,0.081264,0.0818416,0.0824761,0.0831592,0.0838709,0.0845766,0.0852275,0.0857683,0.086149,0.0863378,0.0863271,0.0861303,0.0857765,0.0854231,0.0849723,0.0842899,0.0833734,0.082256,0.0809905,0.0796342,0.0782383,0.0768419,0.075472,0.0741457,0.0728721,0.0716555,0.0704967,0.0693945,0.0683468,0.0673505,0.0664028,0.0655004,0.0646405,0.0638202,0.0630368,0.0622879,0.0615713,0.0608848,0.0602266,0.0595949,0.0589881,0.0584046,0.0578431,0.0573023,0.056781,0.0562781,0.0557927,0.0553237,0.0548704,0.0544318,0.0540073,0.0535961,0.0531976,0.0528111
0.0774195,0.0773421,0.0772668,0.0771937,0.077123,0.0770546,0.0769889,0.076926,0.0768659,0.076809,0.0767554,0.0767053,0.0766589,0.0766165,0.0765783,0.0765446,0.0765156,0.0764917,0.0764731,0.0764603,0.0764535,0.0764532,0.0764598,0.0764738,0.0764956,0.0765257,0.0765647,0.0766131,0.0766716,0.0767409,0.0768216,0.0769146,0.0770205,0.0771404,0.077275,0.0774254,0.0775927,0.0777781,0.0779829,0.0782086,0.0784572,0.0787307,0.0790318,0.0793639,0.0797308,0.0801376,0.0805898,0.0810929,0.0816514,0.0822661,0.082931,0.0836294,0.0843306,0.0849899,0.0855537,0.0859708,0.0862047,0.0862421,0.0860914,0.0857765,0.0854016,0.0850094,0.0843999,0.0835568,0.0825036,0.0812876,0.0799651,0.0785885,0.0772002,0.0758304,0.0744987,0.0732164,0.0719892,0.0708189,0.069705,0.0686456,0.067638,0.0666794,0.0657666,0.0648968,0.0640672,0.063275,0.0625177,0.0617932,0.0610993,0.0604341,0.0597957,0.0591825,0.058593,0.0580258,0.0574796,0.0569532,0.0564455,0.0559554,0.055482,0.0550244,0.0545818,0.0541534,0.0537385,0.0533365,0.0529466
0.0774266,0.0773489,0.0772732,0.0771996,0.0771283,0.0770595,0.0769932,0.0769296,0.0768689,0.0768113,0.076757,0.0767061,0.0766589,0.0766155,0.0765763,0.0765415,0.0765114,0.0764863,0.0764664,0.0764522,0.0764439,0.076442,0.0764469,0.076459,0.0764788,0.0765068,0.0765434,0.0765894,0.0766452,0.0767116,0.0767892,0.0768788,0.0769811,0.077097,0.0772273,0.0773731,0.0775354,0.0777154,0.0779142,0.0781335,0.0783749,0.0786404,0.0789326,0.0792546,0.0796102,0.080004,0.0804412,0.0809274,0.0814673,0.0820626,0.0827091,0.0833931,0.0840877,0.084752,0.085335,0.0857849,0.0860615,0.086146,0.0860415,0.0857677,0.0853729,0.0850278,0.0844876,0.0837176,0.082731,0.0815686,0.0802841,0.0789309,0.0775539,0.0761865,0.0748511,0.0735612,0.0723242,0.0711428,0.0700174,0.0689464,0.0679275,0.0669579,0.0660348,0.0651551,0.064316,0.0635149,0.0627493,0.0620168,0.0613154,0.060643,0.0599979,0.0593784,0.0587828,0.0582099,0.0576582,0.0571266,0.0566139,0.0561191,0.0556413,0.0551794,0.0547327,0.0543005,0.0538819,0.0534763,0.053083
0.0774338,0.0773557,0.0772796,0.0772055,0.0771338,0.0770644,0.0769976,0.0769334,0.0768721,0.0768138,0.0767587,0.076707,0.076659,0.0766147,0.0765746,0.0765388,0.0765075,0.0764812,0.0764601,0.0764445,0.0764347,0.0764313,0.0764345,0.0764447,0.0764626,0.0764884,0.0765228,0.0765663,0.0766196,0.0766831,0.0767576,0.0768439,0.0769427,0.0770547,0.0771809,0.0773222,0.0774796,0.0776542,0.0778473,0.0780602,0.0782947,0.0785525,0.0788362,0.0791485,0.0794932,0.0798744,0.0802973,0.0807674,0.0812893,0.0818655,0.0824936,0.0831623,0.0838483,0.0845146,0.085113,0.0855921,0.0859089,0.0860391,0.0859807,0.0857493,0.0853755,0.0850297,0.0845541,0.0838559,0.0829376,0.0818323,0.0805901,0.0792643,0.077902,0.0765396,0.0752023,0.0739061,0.07266,0.0714682,0.0703315,0.0692491,0.068219,0.0672385,0.0663049,0.0654152,0.0645667,0.0637566,0.0629825,0.0622421,0.0615331,0.0608535,0.0602016,0.0595756,0.0589739,0.0583952,0.057838,0.0573012,0.0567835,0.056284,0.0558016,0.0553354,0.0548846,0.0544484,0.0540261,0.0536169,0.0532202
0.0774412,0.0773626,0.0772861,0.0772116,0.0771394,0.0770695,0.0770021,0.0769373,0.0768754,0.0768164,0.0767606,0.0767081,0.0766593,0.0766141,0.076573,0.0765362,0.0765039,0.0764764,0.076454,0.0764371,0.0764259,0.0764209,0.0764224,0.0764309,0.0764468,0.0764706,0.0765028,0.0765439,0.0765945,0.0766553,0.0767269,0.0768099,0.0769052,0.0770134,0.0771356,0.0772725,0.0774251,0.0775946,0.077782,0.0779888,0.0782165,0.0784669,0.0787423,0.0790454,0.0793795,0.0797487,0.080158,0.0806124,0.081117,0.0816747,0.0822844,0.0829371,0.0836128,0.0842784,0.0848888,0.0853935,0.0857474,0.0859217,0.0859091,0.0857207,0.0853816,0.0850174,0.0846006,0.0839722,0.0831231,0.0820778,0.0808819,0.0795876,0.0782435,0.0768889,0.0755518,0.0742508,0.0729966,0.0717948,0.0706472,0.0695536,0.0685124,0.067521,0.0665769,0.0656773,0.0648192,0.0640001,0.0632175,0.0624689,0.0617523,0.0610655,0.0604067,0.0597742,0.0591664,0.0585818,0.058019,0.0574769,0.0569542,0.0564499,0.055963,0.0554924,0.0550375,0.0545973,0.0541712,0.0537584,0.0533582
0.0774485,0.0773696,0.0772927,0.0772178,0.077145,0.0770746,0.0770067,0.0769414,0.0768788,0.0768192,0.0767627,0.0767095,0.0766597,0.0766138,0.0765717,0.0765339,0.0765005,0.0764719,0.0764482,0.07643,0.0764174,0.0764109,0.0764108,0.0764175,0.0764315,0.0764533,0.0764833,0.0765221,0.0765702,0.0766282,0.0766969,0.0767767,0.0768686,0.0769732,0.0770914,0.077224,0.077372,0.0775364,0.0777184,0.0779192,0.0781404,0.0783836,0.078651,0.0789451,0.0792691,0.0796268,0.0800229,0.0804624,0.0809503,0.08149,0.0820814,0.0827176,0.0833817,0.0840442,0.0846633,0.08519,0.0855781,0.0857945,0.0858268,0.0856819,0.0853805,0.0849949,0.0846287,0.0840672,0.0832872,0.0823044,0.0811585,0.0798997,0.0785776,0.0772337,0.0758991,0.0745947,0.0733335,0.0721224,0.0709644,0.0698599,0.0688076,0.0678055,0.0668509,0.0659412,0.0650736,0.0642454,0.0634542,0.0626975,0.0619731,0.061279,0.0606133,0.0599742,0.0593602,0.0587697,0.0582013,0.0576538,0.0571261,0.0566169,0.0561254,0.0556505,0.0551913,0.0547472,0.0543172,0.0539007,0.0534971
0.077456,0.0773767,0.0772993,0.077224,0.0771508,0.0770799,0.0770114,0.0769455,0.0768824,0.0768221,0.0767649,0.0767109,0.0766604,0.0766136,0.0765706,0.0765318,0.0764974,0.0764676,0.0764428,0.0764232,0.0764092,0.0764012,0.0763995,0.0764045,0.0764167,0.0764365,0.0764644,0.0765008,0.0765465,0.0766019,0.0766676,0.0767444,0.076833,0.076934,0.0770483,0.0771767,0.0773202,0.0774797,0.0776563,0.0778514,0.0780662,0.0783024,0.0785621,0.0788475,0.0791618,0.0795085,0.079892,0.0803172,0.0807889,0.0813111,0.0818845,0.082504,0.0831554,0.0838126,0.0844373,0.0849825,0.0854015,0.0856578,0.0857342,0.0856328,0.0853707,0.0849814,0.0846402,0.0841417,0.0834301,0.0825115,0.0814188,0.0801995,0.0789031,0.0775732,0.0762434,0.0749375,0.0736704,0.0724509,0.071283,0.0701678,0.0691047,0.0680918,0.0671268,0.066207,0.0653298,0.0644925,0.0636926,0.0629276,0.0621955,0.061494,0.0608213,0.0601756,0.0595553,0.0589588,0.0583848,0.057832,0.0572991,0.056785,0.0562888,0.0558095,0.0553462,0.054898,0.0544641,0.054044,0.0536368
0.0774636,0.0773839,0.0773061,0.0772303,0.0771567,0.0770853,0.0770163,0.0769499,0.0768861,0.0768252,0.0767673,0.0767126,0.0766613,0.0766136,0.0765697,0.07653,0.0764945,0.0764636,0.0764376,0.0764168,0.0764014,0.0763919,0.0763887,0.076392,0.0764024,0.0764202,0.076446,0.0764802,0.0765234,0.0765762,0.0766392,0.0767129,0.0767982,0.0768957,0.0770062,0.0771306,0.0772696,0.0774244,0.0775958,0.0777852,0.0779939,0.0782233,0.0784755,0.0787526,0.0790575,0.0793936,0.079765,0.0801764,0.0806327,0.0811379,0.0816936,0.0822962,0.0829339,0.083584,0.0842115,0.0847719,0.0852185,0.0855123,0.0856315,0.0855734,0.0853516,0.0849918,0.0846372,0.0841969,0.083552,0.0826986,0.0816622,0.0804861,0.0792191,0.0779064,0.0765841,0.0752785,0.074007,0.0727799,0.0716026,0.0704772,0.0694034,0.0683799,0.0674044,0.0664746,0.0655878,0.0647413,0.0639326,0.0631594,0.0624194,0.0617105,0.0610308,0.0603784,0.0597517,0.0591493,0.0585695,0.0580113,0.0574732,0.0569543,0.0564534,0.0559696,0.0555019,0.0550497,0.0546119,0.0541881,0.0537773
0.0774712,0.0773911,0.077313,0.0772368,0.0771627,0.0770908,0.0770213,0.0769543,0.0768899,0.0768284,0.0767698,0.0767144,0.0766623,0.0766138,0.0765691,0.0765283,0.0764918,0.0764599,0.0764327,0.0764106,0.0763939,0.076383,0.0763782,0.0763799,0.0763884,0.0764044,0.0764281,0.0764601,0.076501,0.0765512,0.0766114,0.0766822,0.0767643,0.0768584,0.0769652,0.0770856,0.0772203,0.0773704,0.0775368,0.0777207,0.0779234,0.0781463,0.0783912,0.0786602,0.0789561,0.079282,0.0796418,0.08004,0.0804814,0.0809702,0.0815085,0.0820942,0.0827176,0.083359,0.0839868,0.0845591,0.08503,0.0853587,0.085519,0.0855039,0.0853228,0.0849973,0.0846225,0.084234,0.0836535,0.0828655,0.0818877,0.0807583,0.0795246,0.0782324,0.0769204,0.0756173,0.0743428,0.0731092,0.0719233,0.0707879,0.0697038,0.0686697,0.0676839,0.0667441,0.0658476,0.0649919,0.0641744,0.0633929,0.062645,0.0619286,0.0612417,0.0605826,0.0599496,0.059341,0.0587555,0.0581918,0.0576485,0.0571246,0.056619,0.0561306,0.0556587,0.0552023,0.0547607,0.054333,0.0539187
0.0774789,0.0773985,0.0773199,0.0772433,0.0771688,0.0770964,0.0770264,0.0769588,0.0768939,0.0768317,0.0767725,0.0767163,0.0766635,0.0766142,0.0765686,0.0765269,0.0764894,0.0764564,0.0764281,0.0764048,0.0763868,0.0763744,0.0763681,0.0763681,0.076375,0.076389,0.0764107,0.0764406,0.0764791,0.0765269,0.0765844,0.0766523,0.0767313,0.076822,0.0769252,0.0770417,0.0771722,0.0773177,0.0774792,0.0776578,0.0778546,0.0780711,0.078309,0.0785703,0.0788575,0.0791736,0.0795222,0.0799078,0.0803349,0.0808078,0.0813292,0.081898,0.0825065,0.0831378,0.0837636,0.0843449,0.0848369,0.0851977,0.0853974,0.0854244,0.0852843,0.0849952,0.0846014,0.0842547,0.0837353,0.0830123,0.0820948,0.0810153,0.0798184,0.0785504,0.0772516,0.0759532,0.0746774,0.0734384,0.0722446,0.0710999,0.0700056,0.0689612,0.0679652,0.0670153,0.0661091,0.0652442,0.0644179,0.063628,0.0628721,0.0621481,0.0614541,0.0607882,0.0601487,0.0595341,0.0589427,0.0583735,0.0578249,0.057296,0.0567856,0.0562927,0.0558165,0.0553559,0.0549103,0.0544789,0.0540609
0.0774866,0.0774059,0.0773269,0.0772499,0.0771749,0.0771021,0.0770316,0.0769635,0.076898,0.0768352,0.0767753,0.0767185,0.0766649,0.0766148,0.0765683,0.0765257,0.0764873,0.0764532,0.0764237,0.0763992,0.0763799,0.0763662,0.0763584,0.0763568,0.076362,0.0763742,0.0763939,0.0764216,0.0764579,0.0765032,0.0765581,0.0766232,0.0766991,0.0767865,0.0768862,0.0769988,0.0771253,0.0772664,0.0774231,0.0775964,0.0777876,0.0779979,0.078229,0.0784828,0.0787615,0.0790682,0.0794061,0.0797796,0.0801929,0.0806505,0.0811554,0.0817074,0.0823008,0.0829209,0.0835427,0.0841301,0.08464,0.0850299,0.0852669,0.0853352,0.0852361,0.0849845,0.0846078,0.0842607,0.0837984,0.0831392,0.0822831,0.0812562,0.0800998,0.0788594,0.0775767,0.0762855,0.0750103,0.0737672,0.0725663,0.0714128,0.0703088,0.0692543,0.0682481,0.0672883,0.0663724,0.0654982,0.0646631,0.0638647,0.0631008,0.0623692,0.061668,0.0609953,0.0603492,0.0597284,0.0591312,0.0585564,0.0580025,0.0574685,0.0569533,0.0564559,0.0559752,0.0555105,0.0550609,0.0546256,0.054204
0.0774945,0.0774134,0.077334,0.0772566,0.0771812,0.0771079,0.0770369,0.0769683,0.0769022,0.0768388,0.0767783,0.0767208,0.0766665,0.0766155,0.0765682,0.0765248,0.0764853,0.0764502,0.0764196,0.0763939,0.0763734,0.0763583,0.076349,0.0763459,0.0763493,0.0763597,0.0763776,0.0764032,0.0764372,0.0764801,0.0765324,0.0765947,0.0766677,0.0767519,0.0768481,0.0769571,0.0770795,0.0772162,0.0773683,0.0775365,0.0777222,0.0779265,0.078151,0.0783975,0.0786682,0.0789657,0.0792934,0.0796551,0.0800553,0.0804981,0.080987,0.0815225,0.0821004,0.0827084,0.0833244,0.0839153,0.0844401,0.0848561,0.0851283,0.0852366,0.0851783,0.0849649,0.0846186,0.0842543,0.083844,0.0832465,0.0824523,0.0814804,0.0803677,0.0791584,0.0778951,0.0766137,0.0753409,0.0740952,0.0728883,0.0717266,0.0706133,0.0695489,0.0685327,0.0675629,0.0666374,0.0657539,0.0649099,0.064103,0.0633311,0.0625918,0.0618833,0.0612037,0.0605511,0.059924,0.0593209,0.0587405,0.0581813,0.0576422,0.0571221,0.05662,0.056135,0.055666,0.0552124,0.0547732,0.0543479
0.0775024,0.0774209,0.0773412,0.0772634,0.0771876,0.0771139,0.0770424,0.0769732,0.0769066,0.0768426,0.0767814,0.0767232,0.0766682,0.0766165,0.0765684,0.076524,0.0764836,0.0764475,0.0764158,0.0763889,0.0763671,0.0763507,0.07634,0.0763354,0.0763371,0.0763458,0.0763617,0.0763853,0.0764171,0.0764577,0.0765075,0.0765671,0.0766371,0.0767182,0.076811,0.0769163,0.0770348,0.0771673,0.0773148,0.0774781,0.0776584,0.0778569,0.078075,0.0783145,0.0785773,0.078866,0.0791838,0.0795344,0.0799218,0.0803504,0.0808238,0.0813431,0.0819054,0.0825006,0.0831093,0.0837013,0.084238,0.0846772,0.0849821,0.0851289,0.0851109,0.0849361,0.0846232,0.0842387,0.0838733,0.083335,0.0826025,0.0816872,0.0806212,0.0794464,0.0782058,0.0769369,0.0756687,0.0744219,0.07321,0.072041,0.0709189,0.0698449,0.0688188,0.0678392,0.0669041,0.0660113,0.0651584,0.064343,0.0635629,0.062816,0.0621001,0.0614135,0.0607544,0.060121,0.0595119,0.0589258,0.0583612,0.057817,0.057292,0.0567852,0.0562957,0.0558225,0.0553648,0.0549218,0.0544927
0.0775104,0.0774286,0.0773485,0.0772703,0.077194,0.0771199,0.0770479,0.0769782,0.0769111,0.0768465,0.0767847,0.0767258,0.0766701,0.0766176,0.0765687,0.0765234,0.0764821,0.076445,0.0764123,0.0763842,0.0763612,0.0763435,0.0763313,0.0763252,0.0763254,0.0763323,0.0763463,0.0763679,0.0763976,0.0764358,0.0764832,0.0765401,0.0766073,0.0766853,0.0767748,0.0768765,0.0769912,0.0771196,0.0772626,0.0774212,0.0775962,0.0777891,0.0780009,0.0782335,0.0784888,0.0787691,0.0790774,0.0794171,0.0797924,0.0802073,0.0806656,0.081169,0.0817158,0.0822976,0.0828976,0.0834887,0.0840344,0.0844939,0.0848289,0.0850127,0.0850342,0.0848981,0.0846201,0.0842303,0.0838879,0.0834054,0.0827337,0.0818764,0.0808596,0.0797227,0.078508,0.0772544,0.075993,0.0747469,0.0735313,0.0723558,0.0712253,0.0701422,0.0691065,0.0681172,0.0671725,0.0662704,0.0654085,0.0645846,0.0637963,0.0630416,0.0623184,0.0616248,0.0609589,0.0603193,0.0597042,0.0591123,0.0585422,0.0579928,0.0574629,0.0569514,0.0564574,0.0559799,0.0555181,0.0550712,0.0546384
0.0775184,0.0774363,0.0773558,0.0772773,0.0772006,0.077126,0.0770535,0.0769834,0.0769157,0.0768505,0.0767881,0.0767286,0.0766721,0.0766189,0.0765692,0.0765231,0.0764808,0.0764427,0.0764089,0.0763798,0.0763556,0.0763365,0.076323,0.0763154,0.076314,0.0763192,0.0763314,0.076351,0.0763786,0.0764146,0.0764595,0.0765138,0.0765782,0.0766532,0.0767395,0.0768377,0.0769487,0.0770731,0.0772117,0.0773656,0.0775356,0.0777228,0.0779287,0.0781547,0.0784026,0.0786748,0.0789739,0.0793033,0.0796668,0.0800685,0.0805122,0.0810002,0.0815314,0.0820995,0.0826897,0.0832778,0.0838301,0.0843069,0.0846695,0.0848882,0.0849484,0.0848509,0.0846087,0.0842448,0.0838898,0.0834587,0.0828462,0.0820475,0.0810823,0.0799862,0.0788007,0.0775654,0.0763133,0.0750697,0.0738517,0.0726706,0.0715325,0.0704406,0.0693955,0.0683966,0.0674424,0.0665311,0.0656602,0.0648277,0.0640313,0.0632688,0.0625381,0.0618374,0.0611649,0.0605188,0.0598977,0.0593,0.0587245,0.0581698,0.0576349,0.0571187,0.0566202,0.0561383,0.0556724,0.0552215,0.0547849
0.0775265,0.077444,0.0773633,0.0772843,0.0772072,0.0771322,0.0770593,0.0769886,0.0769204,0.0768547,0.0767916,0.0767315,0.0766743,0.0766204,0.0765698,0.0765229,0.0764798,0.0764407,0.0764059,0.0763756,0.0763502,0.0763299,0.076315,0.0763059,0.076303,0.0763065,0.0763169,0.0763347,0.0763602,0.0763939,0.0764364,0.0764882,0.0765499,0.0766219,0.0767051,0.0767999,0.0769072,0.0770276,0.0771621,0.0773113,0.0774764,0.0776583,0.0778583,0.0780778,0.0783187,0.0785829,0.0788732,0.0791926,0.0795449,0.0799339,0.0803636,0.0808364,0.0813524,0.0819063,0.0824859,0.0830694,0.0836257,0.084117,0.0845044,0.0847561,0.0848538,0.0847947,0.0845887,0.0842552,0.0838812,0.0834961,0.0829407,0.0822005,0.0812886,0.0802363,0.0790831,0.0778691,0.0766289,0.0753897,0.0741709,0.0729852,0.0718402,0.0707399,0.0696857,0.0686775,0.067714,0.0667933,0.0659136,0.0650725,0.0642678,0.0634974,0.0627593,0.0620515,0.0613722,0.0607197,0.0600924,0.0594889,0.0589079,0.058348,0.0578081,0.057287,0.0567839,0.0562977,0.0558276,0.0553727,0.0549323
0.0775347,0.0774519,0.0773708,0.0772914,0.077214,0.0771385,0.0770651,0.076994,0.0769252,0.0768589,0.0767953,0.0767345,0.0766767,0.076622,0.0765707,0.0765229,0.0764789,0.0764389,0.0764031,0.0763717,0.0763451,0.0763236,0.0763074,0.0762969,0.0762924,0.0762942,0.0763029,0.0763188,0.0763422,0.0763738,0.076414,0.0764633,0.0765222,0.0765914,0.0766715,0.076763,0.0768667,0.0769833,0.0771136,0.0772584,0.0774186,0.0775953,0.0777896,0.0780029,0.0782369,0.0784935,0.0787753,0.0790851,0.0794265,0.0798034,0.0802194,0.0806776,0.0811784,0.0817181,0.0822862,0.0828636,0.0834219,0.083925,0.0843345,0.0846169,0.0847508,0.0847295,0.0845601,0.0842588,0.0838667,0.0835189,0.0830178,0.0823355,0.0814782,0.0804721,0.0793544,0.0781647,0.076939,0.0757064,0.0744883,0.0732992,0.0721481,0.0710401,0.0699772,0.0689598,0.067987,0.0670572,0.0661685,0.0653188,0.0645058,0.0637276,0.0629819,0.062267,0.0615809,0.0609219,0.0602885,0.0596791,0.0590925,0.0585272,0.0579822,0.0574564,0.0569486,0.0564581,0.0559837,0.0555248,0.0550806
0.0775429,0.0774598,0.0773783,0.0772986,0.0772208,0.0771449,0.0770711,0.0769994,0.0769302,0.0768633,0.0767991,0.0767377,0.0766792,0.0766238,0.0765717,0.0765232,0.0764783,0.0764373,0.0764005,0.0763681,0.0763403,0.0763176,0.0763001,0.0762881,0.0762821,0.0762824,0.0762893,0.0763033,0.0763248,0.0763543,0.0763922,0.076439,0.0764953,0.0765617,0.0766387,0.076727,0.0768272,0.07694,0.0770663,0.0772067,0.0773622,0.0775338,0.0777226,0.0779299,0.0781572,0.0784065,0.07868,0.0789806,0.0793116,0.0796767,0.0800796,0.0805235,0.0810095,0.0815348,0.0820909,0.082661,0.0832191,0.0837314,0.0841603,0.0844712,0.0846397,0.0846556,0.0845227,0.0842548,0.0838764,0.0835288,0.0830783,0.0824527,0.0816508,0.0806931,0.0796137,0.0784513,0.0772429,0.0760191,0.0748035,0.0736123,0.0724561,0.0713408,0.0702696,0.0692433,0.0682614,0.0673225,0.066425,0.0655666,0.0647454,0.0639592,0.063206,0.0624838,0.0617909,0.0611254,0.0604857,0.0598705,0.0592782,0.0587076,0.0581575,0.0576268,0.0571144,0.0566194,0.0561408,0.0556778,0.0552297
0.0775512,0.0774678,0.077386,0.0773059,0.0772277,0.0771514,0.0770771,0.077005,0.0769352,0.0768679,0.0768031,0.076741,0.0766819,0.0766258,0.076573,0.0765236,0.0764778,0.0764359,0.0763981,0.0763647,0.0763358,0.0763118,0.076293,0.0762797,0.0762722,0.0762709,0.0762762,0.0762884,0.0763079,0.0763353,0.0763709,0.0764154,0.0764691,0.0765327,0.0766068,0.0766919,0.0767887,0.0768978,0.0770201,0.0771563,0.0773072,0.0774738,0.0776572,0.0778586,0.0780795,0.0783217,0.0785873,0.078879,0.0791999,0.0795537,0.079944,0.0803741,0.0808455,0.0813565,0.0819001,0.0824617,0.0830179,0.083537,0.0839827,0.0843196,0.0845209,0.0845731,0.0844767,0.0842429,0.0838914,0.0835276,0.0831233,0.0825526,0.0818062,0.0808987,0.0798602,0.0787282,0.0775398,0.0763273,0.0751161,0.0739242,0.0727637,0.071642,0.070563,0.069528,0.0685372,0.0675893,0.0666829,0.065816,0.0649865,0.0641923,0.0634315,0.0627021,0.0620022,0.0613302,0.0606843,0.0600631,0.0594651,0.0588891,0.0583339,0.0577983,0.0572812,0.0567817,0.0562988,0.0558318,0.0553797
0.0775596,0.0774759,0.0773937,0.0773133,0.0772347,0.0771579,0.0770832,0.0770107,0.0769404,0.0768725,0.0768072,0.0767445,0.0766847,0.0766279,0.0765744,0.0765242,0.0764776,0.0764348,0.076396,0.0763615,0.0763315,0.0763064,0.0762863,0.0762717,0.0762627,0.0762599,0.0762634,0.0762739,0.0762915,0.0763168,0.0763503,0.0763924,0.0764436,0.0765045,0.0765756,0.0766576,0.076751,0.0768566,0.076975,0.0771071,0.0772535,0.0774153,0.0775935,0.0777891,0.0780038,0.078239,0.078497,0.0787801,0.0790914,0.0794343,0.0798125,0.0802291,0.0806863,0.0811831,0.0817139,0.0822661,0.0828187,0.0833424,0.0838023,0.0841628,0.0843951,0.0844825,0.0844222,0.0842227,0.083901,0.0835182,0.0831538,0.0826357,0.0819445,0.0810884,0.0800934,0.0789946,0.077829,0.0766303,0.0754254,0.0742343,0.0730708,0.0719434,0.070857,0.0698138,0.0688142,0.0678575,0.0669423,0.0660668,0.065229,0.0644269,0.0636585,0.0629218,0.062215,0.0615363,0.0608841,0.0602569,0.0596532,0.0590718,0.0585114,0.0579708,0.057449,0.0569449,0.0564578,0.0559866,0.0555306
0.077568,0.077484,0.0774015,0.0773207,0.0772417,0.0771646,0.0770895,0.0770165,0.0769457,0.0768773,0.0768114,0.0767481,0.0766877,0.0766302,0.0765759,0.0765249,0.0764775,0.0764338,0.0763941,0.0763586,0.0763276,0.0763012,0.0762799,0.0762639,0.0762536,0.0762492,0.0762511,0.0762598,0.0762756,0.0762989,0.0763302,0.07637,0.0764187,0.076477,0.0765453,0.0766242,0.0767144,0.0768164,0.0769311,0.077059,0.0772011,0.0773582,0.0775312,0.0777214,0.0779299,0.0781585,0.078409,0.0786839,0.0789859,0.0793183,0.0796847,0.0800885,0.0805318,0.0810145,0.0815322,0.0820743,0.0826219,0.0831482,0.0836197,0.0840013,0.0842626,0.0843839,0.0843592,0.0841943,0.0839037,0.0835143,0.0831714,0.0827028,0.0820658,0.0812621,0.0803125,0.0792496,0.0781098,0.0769273,0.0757309,0.0745423,0.0733769,0.0722447,0.0711516,0.0701005,0.0690925,0.0681271,0.0672032,0.0663191,0.0654731,0.064663,0.0638869,0.0631428,0.062429,0.0617437,0.0610852,0.0604519,0.0598425,0.0592556,0.0586899,0.0581443,0.0576178,0.0571092,0.0566177,0.0561424,0.0556824
