CH4 Thermal Conductivity [W/m_K] CoolProp
0.525934,0.042567,0.0367382,0.0343175,0.0330398,0.0323074,0.0318851,0.0316589,0.0315664,0.03157,0.0316456,0.0317772,0.0319534,0.0321661,0.0324092,0.0326784,0.03297,0.0332813,0.0336103,0.0339551,0.0343144,0.034687,0.0350719,0.0354685,0.0358759,0.0362937,0.0367213,0.0371584,0.0376046,0.0380596,0.038523,0.0389947,0.0394743,0.0399618,0.0404568,0.0409594,0.0414691,0.0419861,0.0425099,0.0430407,0.0435781,0.0441222,0.0446727,0.0452295,0.0457926,0.0463618,0.0469371,0.0475182,0.0481052,0.0486979,0.0492961,0.0498999,0.0505091,0.0511236,0.0517433,0.0523682,0.052998,0.0536328,0.0542725,0.0549169,0.055566,0.0562197,0.0568779,0.0575405,0.0582075,0.0588787,0.0595541,0.0602336,0.0609171,0.0616045,0.0622959,0.062991,0.0636899,0.0643925,0.0650986,0.0658083,0.0665214,0.0672379,0.0679577,0.0686809,0.0694072,0.0701367,0.0708692,0.0716048,0.0723434,0.0730849,0.0738292,0.0745764,0.0753263,0.0760789,0.0768342,0.0775921,0.0783526,0.0791155,0.079881,0.0806488,0.0814191,0.0821916,0.0829665,0.0837436,0.0845229
0.0817945,0.0454404,0.0379601,0.0350844,0.033599,0.0327488,0.0322508,0.0319721,0.031841,0.0318151,0.0318675,0.0319802,0.0321408,0.0323404,0.0325724,0.0328319,0.033115,0.033419,0.0337413,0.0340802,0.0344342,0.034802,0.0351825,0.0355751,0.0359788,0.0363932,0.0368177,0.0372519,0.0376953,0.0381477,0.0386087,0.0390782,0.0395557,0.0400412,0.0405344,0.0410351,0.0415432,0.0420585,0.0425809,0.0431101,0.0436462,0.0441889,0.0447382,0.0452938,0.0458557,0.0464238,0.046998,0.0475781,0.0481641,0.0487558,0.0493531,0.049956,0.0505644,0.051178,0.051797,0.052421,0.0530501,0.0536842,0.0543232,0.0549669,0.0556153,0.0562684,0.056926,0.057588,0.0582543,0.058925,0.0595998,0.0602787,0.0609617,0.0616487,0.0623395,0.0630342,0.0637326,0.0644346,0.0651403,0.0658495,0.0665622,0.0672783,0.0679977,0.0687204,0.0694464,0.0701755,0.0709076,0.0716429,0.0723811,0.0731222,0.0738662,0.074613,0.0753626,0.0761149,0.0768698,0.0776274,0.0783876,0.0791502,0.0799154,0.0806829,0.0814529,0.0822251,0.0829997,0.0837766,0.0845556
0.0792648,0.0492141,0.0393495,0.0359198,0.0341955,0.0332136,0.0326327,0.0322972,0.0321248,0.0320676,0.0320953,0.0321881,0.0323324,0.0325183,0.0327386,0.0329881,0.0332625,0.0335587,0.0338743,0.0342071,0.0345556,0.0349184,0.0352944,0.0356828,0.0360828,0.0364937,0.036915,0.0373462,0.0377868,0.0382366,0.0386952,0.0391623,0.0396377,0.0401212,0.0406125,0.0411114,0.0416178,0.0421314,0.0426522,0.04318,0.0437147,0.0442561,0.044804,0.0453584,0.0459192,0.0464861,0.0470592,0.0476383,0.0482233,0.048814,0.0494104,0.0500124,0.0506199,0.0512327,0.0518508,0.0524741,0.0531024,0.0537358,0.054374,0.0550171,0.0556648,0.0563172,0.0569742,0.0576356,0.0583013,0.0589714,0.0596457,0.060324,0.0610065,0.0616929,0.0623833,0.0630774,0.0637753,0.0644769,0.0651822,0.0658909,0.0666032,0.0673188,0.0680378,0.0687601,0.0694857,0.0702144,0.0709462,0.071681,0.0724188,0.0731596,0.0739032,0.0746497,0.075399,0.0761509,0.0769056,0.0776628,0.0784226,0.079185,0.0799498,0.0807171,0.0814868,0.0822588,0.083033,0.0838096,0.0845884
0.0786487,0.0544383,0.0409437,0.0368327,0.0348327,0.0337037,0.0330319,0.0326349,0.0324182,0.0323275,0.0323292,0.0324011,0.0325282,0.0326998,0.032908,0.033147,0.0334124,0.0337006,0.0340091,0.0343357,0.0346785,0.0350362,0.0354076,0.0357918,0.0361879,0.0365952,0.0370132,0.0374413,0.0378791,0.0383263,0.0387824,0.0392472,0.0397204,0.0402018,0.0406911,0.0411882,0.0416928,0.0422048,0.0427241,0.0432504,0.0437836,0.0443236,0.0448702,0.0454234,0.045983,0.0465488,0.0471208,0.0476988,0.0482827,0.0488725,0.049468,0.050069,0.0506756,0.0512876,0.0519049,0.0525274,0.053155,0.0537876,0.0544251,0.0550675,0.0557145,0.0563663,0.0570226,0.0576833,0.0583485,0.059018,0.0596917,0.0603695,0.0610514,0.0617373,0.0624272,0.0631208,0.0638182,0.0645194,0.0652241,0.0659324,0.0666442,0.0673595,0.0680781,0.0687999,0.0695251,0.0702534,0.0709848,0.0717192,0.0724567,0.0731971,0.0739404,0.0746865,0.0754354,0.076187,0.0769414,0.0776983,0.0784578,0.0792199,0.0799844,0.0807514,0.0815207,0.0822924,0.0830664,0.0838427,0.0846212
0.0785865,0.0621258,0.0427908,0.0378338,0.0355146,0.0342209,0.0334494,0.0329858,0.0327215,0.0325953,0.0325694,0.0326193,0.0327284,0.032885,0.0330806,0.0333087,0.0335647,0.0338447,0.034146,0.034466,0.034803,0.0351555,0.0355222,0.035902,0.0362941,0.0366978,0.0371124,0.0375374,0.0379723,0.0384167,0.0388703,0.0393327,0.0398037,0.040283,0.0407703,0.0412655,0.0417684,0.0422787,0.0427963,0.0433211,0.0438529,0.0443915,0.0449368,0.0454887,0.0460471,0.0466117,0.0471826,0.0477596,0.0483425,0.0489312,0.0495258,0.0501259,0.0507316,0.0513427,0.0519592,0.0525809,0.0532077,0.0538396,0.0544764,0.055118,0.0557644,0.0564155,0.0570711,0.0577313,0.0583958,0.0590647,0.0597378,0.0604151,0.0610965,0.0617819,0.0624712,0.0631643,0.0638613,0.0645619,0.0652662,0.0659741,0.0666854,0.0674002,0.0681184,0.0688398,0.0695646,0.0702925,0.0710235,0.0717576,0.0724947,0.0732347,0.0739776,0.0747234,0.075472,0.0762233,0.0769772,0.0777338,0.078493,0.0792548,0.080019,0.0807857,0.0815547,0.0823262,0.0830999,0.0838759,0.0846541
0.0787525,0.0733294,0.0449521,0.0389353,0.0362456,0.0347673,0.0338862,0.0333504,0.0330352,0.0328711,0.032816,0.0328428,0.0329331,0.033074,0.0332564,0.0334733,0.0337195,0.0339911,0.0342848,0.0345981,0.0349292,0.0352763,0.035638,0.0360134,0.0364015,0.0368014,0.0372125,0.0376343,0.0380663,0.0385079,0.0389589,0.0394189,0.0398876,0.0403648,0.0408501,0.0413434,0.0418444,0.0423531,0.0428691,0.0433923,0.0439226,0.0444598,0.0450038,0.0455544,0.0461115,0.046675,0.0472448,0.0478206,0.0484025,0.0489903,0.0495838,0.0501831,0.0507879,0.0513981,0.0520137,0.0526346,0.0532607,0.0538918,0.0545278,0.0551688,0.0558145,0.0564649,0.0571199,0.0577794,0.0584433,0.0591116,0.0597842,0.0604609,0.0611417,0.0618266,0.0625153,0.063208,0.0639044,0.0646046,0.0653084,0.0660158,0.0667267,0.0674411,0.0681588,0.0688799,0.0696042,0.0703317,0.0710623,0.071796,0.0725327,0.0732724,0.074015,0.0747604,0.0755086,0.0762595,0.0770132,0.0777695,0.0785284,0.0792898,0.0800537,0.0808201,0.0815888,0.08236,0.0831334,0.0839091,0.0846871
0.0790287,0.0815221,0.0475046,0.0401513,0.0370302,0.0353448,0.0343434,0.0337295,0.0333597,0.0331554,0.0330694,0.0330718,0.0331423,0.033267,0.0334356,0.0336408,0.0338769,0.0341396,0.0344256,0.0347321,0.0350569,0.0353985,0.0357553,0.0361261,0.0365099,0.036906,0.0373137,0.0377322,0.0381611,0.0385999,0.0390483,0.0395058,0.0399722,0.0404472,0.0409304,0.0414218,0.041921,0.0424279,0.0429423,0.0434639,0.0439927,0.0445285,0.0450712,0.0456205,0.0461764,0.0467387,0.0473072,0.047882,0.0484628,0.0490496,0.0496422,0.0502405,0.0508444,0.0514537,0.0520685,0.0526886,0.0533138,0.0539442,0.0545795,0.0552197,0.0558647,0.0565145,0.0571688,0.0578277,0.058491,0.0591587,0.0598307,0.0605068,0.0611871,0.0618714,0.0625596,0.0632518,0.0639477,0.0646474,0.0653507,0.0660577,0.0667681,0.067482,0.0681993,0.06892,0.0696439,0.070371,0.0711012,0.0718345,0.0725708,0.0733102,0.0740524,0.0747974,0.0755453,0.0762959,0.0770492,0.0778052,0.0785638,0.0793249,0.0800885,0.0808545,0.081623,0.0823939,0.083167,0.0839424,0.0847201
0.0793625,0.0778921,0.0505369,0.0414973,0.0378737,0.0359558,0.0348223,0.0341238,0.0336955,0.0334483,0.0333297,0.0333065,0.0333563,0.0334639,0.0336182,0.0338112,0.0340369,0.0342905,0.0345684,0.0348678,0.0351864,0.0355222,0.0358738,0.03624,0.0366196,0.0370117,0.0374157,0.0378309,0.0382567,0.0386927,0.0391384,0.0395934,0.0400574,0.0405302,0.0410114,0.0415008,0.0419981,0.0425032,0.0430159,0.043536,0.0440633,0.0445976,0.0451389,0.0456869,0.0462415,0.0468026,0.04737,0.0479437,0.0485235,0.0491092,0.0497008,0.0502981,0.0509011,0.0515096,0.0521235,0.0527427,0.0533672,0.0539968,0.0546313,0.0552708,0.0559152,0.0565642,0.0572179,0.0578761,0.0585388,0.0592059,0.0598773,0.0605529,0.0612326,0.0619163,0.0626041,0.0632957,0.0639911,0.0646903,0.0653932,0.0660996,0.0668097,0.0675231,0.06824,0.0689602,0.0696837,0.0704104,0.0711402,0.0718731,0.0726091,0.073348,0.0740899,0.0748346,0.0755821,0.0763324,0.0770854,0.077841,0.0785992,0.07936,0.0801233,0.0808891,0.0816573,0.0824278,0.0832007,0.0839758,0.0847532
0.0797275,0.0748223,0.0541283,0.0429905,0.0387813,0.0366025,0.035324,0.034534,0.0340429,0.0337502,0.0335972,0.0335469,0.033575,0.0336648,0.0338043,0.0339847,0.0341995,0.0344437,0.0347133,0.0350054,0.0353174,0.0356474,0.0359938,0.0363551,0.0367303,0.0371185,0.0375188,0.0379306,0.0383533,0.0387863,0.0392292,0.0396817,0.0401433,0.0406138,0.0410929,0.0415803,0.0420757,0.0425791,0.04309,0.0436085,0.0441343,0.0446671,0.045207,0.0457537,0.046307,0.0468669,0.0474331,0.0480057,0.0485844,0.0491691,0.0497597,0.050356,0.0509581,0.0515657,0.0521787,0.0527971,0.0534208,0.0540496,0.0546834,0.0553222,0.0559658,0.0566141,0.0572672,0.0579247,0.0585868,0.0592533,0.0599241,0.0605991,0.0612782,0.0619614,0.0626486,0.0633397,0.0640347,0.0647334,0.0654358,0.0661417,0.0668513,0.0675643,0.0682807,0.0690005,0.0697236,0.0704499,0.0711793,0.0719118,0.0726474,0.073386,0.0741275,0.0748718,0.075619,0.0763689,0.0771216,0.0778769,0.0786348,0.0793953,0.0801582,0.0809237,0.0816916,0.0824618,0.0832344,0.0840093,0.0847864
0.0801091,0.0738049,0.058274,0.044648,0.0397587,0.0372875,0.0358499,0.0349608,0.0344025,0.0340614,0.0338719,0.0337933,0.0337987,0.0338699,0.0339939,0.0341612,0.0343648,0.0345992,0.0348603,0.0351449,0.0354502,0.0357742,0.0361151,0.0364715,0.0368423,0.0372263,0.0376229,0.0380312,0.0384506,0.0388806,0.0393208,0.0397706,0.0402298,0.040698,0.041175,0.0416603,0.0421538,0.0426554,0.0431646,0.0436814,0.0442056,0.044737,0.0452755,0.0458208,0.0463729,0.0469315,0.0474966,0.048068,0.0486456,0.0492292,0.0498188,0.0504142,0.0510153,0.051622,0.0522342,0.0528518,0.0534746,0.0541026,0.0547356,0.0553737,0.0560166,0.0566642,0.0573166,0.0579735,0.058635,0.0593008,0.059971,0.0606454,0.061324,0.0620067,0.0626933,0.0633839,0.0640783,0.0647765,0.0654784,0.066184,0.066893,0.0676056,0.0683216,0.069041,0.0697636,0.0704895,0.0712185,0.0719507,0.0726859,0.073424,0.0741651,0.0749091,0.075656,0.0764055,0.0771578,0.0779128,0.0786704,0.0794306,0.0801932,0.0809584,0.081726,0.0824959,0.0832682,0.0840428,0.0848196
0.0804989,0.0736166,0.0626727,0.0464857,0.0408117,0.0380132,0.0364011,0.0354049,0.0347747,0.0343822,0.0341543,0.0340458,0.0340274,0.0340792,0.0341871,0.0343408,0.0345328,0.0347571,0.0350095,0.0352863,0.0355847,0.0359025,0.0362378,0.0365892,0.0369554,0.0373353,0.0377279,0.0381327,0.0385488,0.0389758,0.0394131,0.0398603,0.040317,0.0407829,0.0412576,0.0417409,0.0422325,0.0427322,0.0432397,0.0437548,0.0442775,0.0448073,0.0453444,0.0458883,0.046439,0.0469964,0.0475603,0.0481306,0.048707,0.0492896,0.0498782,0.0504726,0.0510728,0.0516786,0.0522899,0.0529066,0.0535286,0.0541558,0.0547881,0.0554254,0.0560676,0.0567145,0.0573662,0.0580225,0.0586833,0.0593485,0.0600181,0.0606919,0.0613699,0.062052,0.0627382,0.0634282,0.0641221,0.0648198,0.0655213,0.0662263,0.0669349,0.067647,0.0683626,0.0690815,0.0698037,0.0705292,0.0712578,0.0719896,0.0727244,0.0734622,0.0742029,0.0749466,0.075693,0.0764423,0.0771942,0.0779489,0.0787061,0.0794659,0.0802283,0.0809931,0.0817604,0.0825301,0.0833021,0.0840764,0.0848529
0.0808918,0.0737749,0.0664236,0.0485138,0.0419457,0.038782,0.0369789,0.0358671,0.03516,0.0347129,0.0344443,0.0343045,0.0342613,0.0342929,0.034384,0.0345236,0.0347035,0.0349175,0.0351608,0.0354295,0.0357209,0.0360323,0.036362,0.0367082,0.0370697,0.0374453,0.037834,0.0382351,0.0386479,0.0390718,0.0395062,0.0399507,0.0404049,0.0408684,0.0413409,0.041822,0.0423116,0.0428094,0.0433152,0.0438287,0.0443497,0.044878,0.0454136,0.0459562,0.0465056,0.0470617,0.0476244,0.0481935,0.0487688,0.0493503,0.0499379,0.0505313,0.0511305,0.0517354,0.0523458,0.0529616,0.0535828,0.0542092,0.0548407,0.0554773,0.0561187,0.056765,0.057416,0.0580716,0.0587318,0.0593964,0.0600653,0.0607386,0.061416,0.0620976,0.0627831,0.0634727,0.0641661,0.0648633,0.0655642,0.0662688,0.0669769,0.0676886,0.0684037,0.0691222,0.0698439,0.070569,0.0712972,0.0720286,0.072763,0.0735004,0.0742408,0.074984,0.0757302,0.076479,0.0772307,0.077985,0.0787419,0.0795014,0.0802634,0.081028,0.0817949,0.0825643,0.083336,0.08411,0.0848863
0.0812846,0.0740937,0.0686452,0.05073,0.0431652,0.0395964,0.0375847,0.0363481,0.0355588,0.0350538,0.0347424,0.0345696,0.0345004,0.0345109,0.0345846,0.0347096,0.0348771,0.0350803,0.0353142,0.0355748,0.0358588,0.0361638,0.0364876,0.0368285,0.0371852,0.0375564,0.0379411,0.0383385,0.0387479,0.0391686,0.0396,0.0400418,0.0404934,0.0409545,0.0414247,0.0419037,0.0423913,0.0428872,0.0433912,0.0439029,0.0444223,0.0449491,0.0454832,0.0460244,0.0465725,0.0471273,0.0476887,0.0482567,0.0488309,0.0494113,0.0499978,0.0505902,0.0511885,0.0517924,0.0524019,0.0530169,0.0536373,0.0542629,0.0548936,0.0555294,0.0561701,0.0568156,0.0574659,0.0581209,0.0587804,0.0594444,0.0601127,0.0607854,0.0614622,0.0621432,0.0628282,0.0635172,0.0642101,0.0649068,0.0656072,0.0663113,0.067019,0.0677302,0.0684449,0.0691629,0.0698843,0.0706089,0.0713367,0.0720677,0.0728017,0.0735387,0.0742787,0.0750216,0.0757674,0.0765159,0.0772672,0.0780212,0.0787778,0.0795369,0.0802987,0.0810629,0.0818295,0.0825986,0.08337,0.0841437,0.0849197
0.0816754,0.0744914,0.0696194,0.0531093,0.0444738,0.0404584,0.0382195,0.0368486,0.0359715,0.0354052,0.0350486,0.0348413,0.0347449,0.0347334,0.034789,0.0348989,0.0350534,0.0352456,0.0354699,0.035722,0.0359985,0.0362968,0.0366146,0.0369501,0.0373018,0.0376686,0.0380492,0.0384428,0.0388487,0.0392661,0.0396946,0.0401335,0.0405825,0.0410412,0.0415091,0.041986,0.0424715,0.0429655,0.0434676,0.0439776,0.0444954,0.0450207,0.0455532,0.046093,0.0466397,0.0471932,0.0477534,0.0483202,0.0488932,0.0494726,0.050058,0.0506494,0.0512467,0.0518497,0.0524583,0.0530724,0.0536919,0.0543167,0.0549466,0.0555817,0.0562216,0.0568665,0.0575161,0.0581703,0.0588292,0.0594925,0.0601603,0.0608323,0.0615086,0.062189,0.0628735,0.0635619,0.0642543,0.0649505,0.0656504,0.066354,0.0670612,0.067772,0.0684862,0.0692038,0.0699247,0.0706489,0.0713763,0.0721069,0.0728405,0.0735771,0.0743168,0.0750593,0.0758047,0.0765529,0.0773038,0.0780574,0.0788137,0.0795725,0.080334,0.0810979,0.0818642,0.082633,0.0834041,0.0841775,0.0849532
0.0820628,0.0749286,0.0699499,0.0555874,0.0458722,0.0413699,0.0388845,0.0373692,0.0363987,0.0357673,0.0353632,0.0351197,0.0349948,0.0349605,0.0349973,0.0350915,0.0352327,0.0354134,0.0356277,0.0358711,0.03614,0.0364314,0.0367431,0.037073,0.0374197,0.0377819,0.0381583,0.0385481,0.0389504,0.0393645,0.0397899,0.040226,0.0406724,0.0411285,0.0415941,0.0420688,0.0425523,0.0430443,0.0435445,0.0440528,0.0445689,0.0450926,0.0456236,0.0461619,0.0467073,0.0472595,0.0478184,0.048384,0.0489559,0.0495341,0.0501185,0.0507089,0.0513052,0.0519072,0.0525149,0.0531281,0.0537468,0.0543707,0.0549999,0.0556341,0.0562734,0.0569175,0.0575664,0.05822,0.0588782,0.0595409,0.060208,0.0608794,0.0615551,0.062235,0.0629189,0.0636068,0.0642986,0.0649943,0.0656937,0.0663968,0.0671035,0.0678138,0.0685276,0.0692447,0.0699652,0.070689,0.071416,0.0721462,0.0728794,0.0736157,0.0743549,0.0750971,0.0758421,0.0765899,0.0773405,0.0780938,0.0788497,0.0796082,0.0803693,0.0811329,0.0818989,0.0826674,0.0834382,0.0842114,0.0849868
0.082446,0.0753845,0.0700743,0.0580428,0.0473578,0.0423321,0.0395808,0.0379108,0.0368407,0.0361406,0.0356864,0.0354049,0.0352504,0.0351922,0.0352095,0.0352874,0.0354149,0.0355838,0.0357879,0.0360223,0.0362832,0.0365676,0.036873,0.0371973,0.0375389,0.0378963,0.0382684,0.0386543,0.039053,0.0394638,0.0398861,0.0403193,0.0407629,0.0412165,0.0416797,0.0421521,0.0426335,0.0431235,0.0436219,0.0441284,0.0446428,0.0451649,0.0456944,0.0462313,0.0467752,0.0473261,0.0478838,0.0484481,0.0490188,0.0495959,0.0501792,0.0507686,0.0513639,0.051965,0.0525718,0.0531841,0.0538019,0.054425,0.0550533,0.0556868,0.0563253,0.0569687,0.0576169,0.0582698,0.0589273,0.0595893,0.0602558,0.0609267,0.0616018,0.062281,0.0629644,0.0636518,0.064343,0.0650382,0.0657371,0.0664397,0.067146,0.0678558,0.0685691,0.0692858,0.0700059,0.0707292,0.0714558,0.0721855,0.0729184,0.0736543,0.0743931,0.0751349,0.0758796,0.076627,0.0773773,0.0781302,0.0788858,0.079644,0.0804048,0.081168,0.0819338,0.0827019,0.0834724,0.0842453,0.0850204
0.0828246,0.0758479,0.0702399,0.0602995,0.0489226,0.0433455,0.040309,0.0384737,0.0372979,0.0365251,0.0360183,0.0356971,0.0355116,0.0354287,0.0354257,0.0354867,0.0356,0.0357567,0.0359503,0.0361755,0.0364283,0.0367055,0.0370044,0.0373229,0.0376592,0.0380118,0.0383796,0.0387614,0.0391564,0.0395638,0.0399829,0.0404132,0.0408541,0.0413051,0.0417659,0.0422361,0.0427153,0.0432033,0.0436998,0.0442044,0.0447171,0.0452376,0.0457656,0.0463009,0.0468435,0.047393,0.0479494,0.0485125,0.0490821,0.0496581,0.0502403,0.0508286,0.0514229,0.052023,0.0526288,0.0532403,0.0538572,0.0544794,0.055107,0.0557397,0.0563774,0.05702,0.0576675,0.0583197,0.0589766,0.059638,0.0603038,0.0609741,0.0616486,0.0623272,0.06301,0.0636969,0.0643876,0.0650822,0.0657807,0.0664828,0.0671885,0.0678979,0.0686107,0.069327,0.0700466,0.0707695,0.0714957,0.072225,0.0729575,0.0736929,0.0744314,0.0751728,0.0759171,0.0766642,0.0774141,0.0781667,0.078922,0.0796798,0.0804403,0.0812032,0.0819686,0.0827365,0.0835067,0.0842792,0.0850541
0.0831983,0.0763119,0.0705055,0.0621906,0.0505517,0.0444095,0.0410697,0.0390584,0.0377706,0.0369213,0.0363591,0.0359964,0.0357786,0.0356699,0.035646,0.0356896,0.0357881,0.0359323,0.036115,0.0363307,0.0365752,0.036845,0.0371373,0.0374498,0.0377808,0.0381285,0.0384918,0.0388696,0.0392608,0.0396647,0.0400806,0.0405078,0.0409459,0.0413943,0.0418527,0.0423205,0.0427976,0.0432835,0.0437781,0.0442809,0.0447919,0.0453107,0.0458371,0.046371,0.0469121,0.0474603,0.0480154,0.0485772,0.0491456,0.0497204,0.0503015,0.0508888,0.0514821,0.0520812,0.0526861,0.0532966,0.0539127,0.0545341,0.0551608,0.0557927,0.0564297,0.0570716,0.0577183,0.0583698,0.059026,0.0596868,0.060352,0.0610216,0.0616955,0.0623736,0.0630558,0.0637421,0.0644323,0.0651264,0.0658243,0.0665259,0.0672312,0.0679401,0.0686524,0.0693683,0.0700874,0.0708099,0.0715357,0.0722646,0.0729966,0.0737317,0.0744698,0.0752108,0.0759548,0.0767015,0.077451,0.0782033,0.0789582,0.0797157,0.0804759,0.0812385,0.0820036,0.0827711,0.083541,0.0843133,0.0850878
0.0835669,0.076773,0.0708543,0.0636601,0.0522216,0.045522,0.0418632,0.0396654,0.0382592,0.0373292,0.0367091,0.036303,0.0360515,0.035916,0.0358703,0.0358959,0.0359792,0.0361105,0.036282,0.036488,0.036724,0.0369862,0.0372717,0.0375781,0.0379036,0.0382464,0.0386051,0.0389787,0.0393661,0.0397664,0.040179,0.0406032,0.0410384,0.0414842,0.04194,0.0424056,0.0428804,0.0433643,0.0438569,0.0443579,0.0448671,0.0453842,0.0459091,0.0464414,0.0469811,0.0475279,0.0480817,0.0486422,0.0492094,0.0497831,0.0503631,0.0509493,0.0515415,0.0521397,0.0527436,0.0533532,0.0539684,0.054589,0.0552149,0.0558459,0.0564821,0.0571233,0.0577693,0.0584201,0.0590756,0.0597357,0.0604003,0.0610693,0.0617426,0.0624201,0.0631017,0.0637874,0.0644771,0.0651707,0.0658681,0.0665692,0.067274,0.0679824,0.0686943,0.0694096,0.0701284,0.0708504,0.0715758,0.0723043,0.0730359,0.0737706,0.0745083,0.0752489,0.0759925,0.0767389,0.0774881,0.0782399,0.0789945,0.0797517,0.0805115,0.0812738,0.0820386,0.0828058,0.0835754,0.0843474,0.0851216
0.0839303,0.0772287,0.0712584,0.0647744,0.0538993,0.0466793,0.0426891,0.0402949,0.0387639,0.0377492,0.0370683,0.0366168,0.0363303,0.0361671,0.0360988,0.0361057,0.0361734,0.0362913,0.0364514,0.0366474,0.0368746,0.037129,0.0374076,0.0377078,0.0380276,0.0383653,0.0387194,0.0390887,0.0394722,0.039869,0.0402782,0.0406993,0.0411316,0.0415747,0.042028,0.0424912,0.0429638,0.0434456,0.0439362,0.0444353,0.0449427,0.0454581,0.0459814,0.0465122,0.0470504,0.0475958,0.0481483,0.0487076,0.0492735,0.049846,0.0504249,0.05101,0.0516012,0.0521984,0.0528014,0.0534101,0.0540243,0.054644,0.0552691,0.0558994,0.0565348,0.0571752,0.0578205,0.0584706,0.0591254,0.0597848,0.0604488,0.0611171,0.0617898,0.0624667,0.0631478,0.0638329,0.0645221,0.0652151,0.065912,0.0666126,0.0673169,0.0680248,0.0687362,0.0694511,0.0701694,0.0708911,0.0716159,0.072344,0.0730752,0.0738095,0.0745469,0.0752871,0.0760303,0.0767763,0.0775251,0.0782767,0.0790309,0.0797878,0.0805472,0.0813092,0.0820737,0.0828406,0.0836099,0.0843816,0.0851555
0.0842887,0.0776778,0.0716963,0.0656372,0.0555429,0.0478755,0.0435466,0.040947,0.0392849,0.0381813,0.037437,0.0369381,0.0366152,0.0364231,0.0363315,0.0363191,0.0363707,0.0364749,0.0366231,0.0368089,0.037027,0.0372735,0.037545,0.0378389,0.038153,0.0384854,0.0388348,0.0391998,0.0395793,0.0399723,0.0403782,0.0407961,0.0412255,0.0416658,0.0421166,0.0425773,0.0430477,0.0435273,0.0440159,0.0445131,0.0450187,0.0455325,0.0460541,0.0465834,0.0471201,0.0476641,0.0482152,0.0487732,0.049338,0.0499093,0.050487,0.051071,0.0516612,0.0522574,0.0528594,0.0534671,0.0540805,0.0546993,0.0553235,0.055953,0.0565876,0.0572273,0.0578718,0.0585212,0.0591754,0.0598341,0.0604974,0.0611651,0.0618372,0.0625135,0.063194,0.0638786,0.0645671,0.0652597,0.065956,0.0666561,0.0673599,0.0680673,0.0687783,0.0694927,0.0702106,0.0709318,0.0716562,0.0723839,0.0731147,0.0738486,0.0745855,0.0753254,0.0760682,0.0768139,0.0775623,0.0783135,0.0790674,0.0798239,0.080583,0.0813447,0.0821089,0.0828755,0.0836445,0.0844158,0.0851895
0.0846419,0.0781195,0.0721531,0.066334,0.0571062,0.0491024,0.0444345,0.0416214,0.0398223,0.0386257,0.0378151,0.037267,0.0369062,0.0366842,0.0365684,0.0365362,0.0365711,0.0366611,0.0367972,0.0369725,0.0371814,0.0374197,0.0376839,0.0379713,0.0382795,0.0386067,0.0389513,0.0393118,0.0396872,0.0400766,0.040479,0.0408937,0.0413201,0.0417576,0.0422058,0.0426641,0.0431321,0.0436096,0.0440962,0.0445914,0.0450952,0.0456072,0.0461272,0.0466549,0.0471901,0.0477327,0.0482825,0.0488392,0.0494027,0.0499728,0.0505494,0.0511323,0.0517214,0.0523165,0.0529176,0.0535244,0.0541368,0.0547548,0.0553782,0.0560068,0.0566406,0.0572795,0.0579234,0.058572,0.0592255,0.0598835,0.0605462,0.0612132,0.0618847,0.0625604,0.0632403,0.0639243,0.0646123,0.0653043,0.0660001,0.0666997,0.067403,0.06811,0.0688205,0.0695344,0.0702518,0.0709726,0.0716966,0.0724238,0.0731542,0.0738877,0.0746243,0.0753638,0.0761062,0.0768515,0.0775996,0.0783504,0.079104,0.0798601,0.0806189,0.0813803,0.0821441,0.0829104,0.0836791,0.0844501,0.0852235
0.0849902,0.0785536,0.0726191,0.0669285,0.0585471,0.0503493,0.0453505,0.0423178,0.0403761,0.0390825,0.0382028,0.0376035,0.0372034,0.0369504,0.0368096,0.0367568,0.0367746,0.0368501,0.0369738,0.0371382,0.0373376,0.0375676,0.0378244,0.0381052,0.0384074,0.0387292,0.0390688,0.0394248,0.0397961,0.0401816,0.0405805,0.040992,0.0414154,0.0418501,0.0422955,0.0427514,0.0432171,0.0436924,0.0441769,0.0446702,0.0451721,0.0456823,0.0462006,0.0467268,0.0472605,0.0478017,0.04835,0.0489054,0.0494677,0.0500366,0.050612,0.0511938,0.0517819,0.052376,0.052976,0.0535819,0.0541934,0.0548105,0.055433,0.0560608,0.0566939,0.057332,0.057975,0.058623,0.0592757,0.0599331,0.0605951,0.0612615,0.0619323,0.0626075,0.0632868,0.0639702,0.0646577,0.0653491,0.0660444,0.0667435,0.0674463,0.0681527,0.0688627,0.0695762,0.0702932,0.0710135,0.0717371,0.0724639,0.0731939,0.073927,0.0746631,0.0754022,0.0761443,0.0768892,0.0776369,0.0783874,0.0791406,0.0798964,0.0806549,0.0814159,0.0821794,0.0829454,0.0837137,0.0844845,0.0852576
0.0853336,0.0789798,0.0730881,0.067466,0.0598383,0.0516031,0.0462917,0.0430356,0.0409461,0.0395518,0.0386002,0.0379476,0.0375068,0.0372217,0.0370552,0.0369812,0.0369813,0.0370419,0.0371527,0.037306,0.0374958,0.0377172,0.0379664,0.0382404,0.0385365,0.0388528,0.0391873,0.0395388,0.0399059,0.0402876,0.0406829,0.041091,0.0415113,0.0419431,0.0423859,0.0428392,0.0433026,0.0437757,0.044258,0.0447494,0.0452494,0.0457579,0.0462745,0.046799,0.0473313,0.0478709,0.0484179,0.048972,0.0495329,0.0501006,0.0506749,0.0512556,0.0518426,0.0524356,0.0530347,0.0536396,0.0542502,0.0548664,0.055488,0.056115,0.0567472,0.0573846,0.0580269,0.0586741,0.0593261,0.0599829,0.0606441,0.0613099,0.0619801,0.0626546,0.0633334,0.0640162,0.0647031,0.065394,0.0660888,0.0667873,0.0674896,0.0681956,0.0689051,0.0696182,0.0703346,0.0710545,0.0717776,0.072504,0.0732336,0.0739663,0.074702,0.0754407,0.0761824,0.0769269,0.0776743,0.0784244,0.0791773,0.0799328,0.0806909,0.0814516,0.0822148,0.0829804,0.0837485,0.0845189,0.0852917
0.0856723,0.0793983,0.0735562,0.0679746,0.0609736,0.0528488,0.0472543,0.0437737,0.0415322,0.0400334,0.0390073,0.0382995,0.0378164,0.0374983,0.0373051,0.0372093,0.0371912,0.0372364,0.0373341,0.037476,0.0376559,0.0378685,0.03811,0.038377,0.0386669,0.0389775,0.039307,0.0396538,0.0400166,0.0403943,0.040786,0.0411908,0.0416079,0.0420368,0.0424769,0.0429277,0.0433887,0.0438595,0.0443397,0.0448291,0.0453272,0.0458339,0.0463488,0.0468717,0.0474023,0.0479406,0.0484861,0.0490388,0.0495985,0.050165,0.0507381,0.0513177,0.0519035,0.0524956,0.0530936,0.0536975,0.0543072,0.0549225,0.0555433,0.0561694,0.0568008,0.0574374,0.0580789,0.0587254,0.0593767,0.0600327,0.0606934,0.0613585,0.0620281,0.062702,0.0633801,0.0640624,0.0647487,0.065439,0.0661333,0.0668313,0.0675331,0.0682386,0.0689476,0.0696602,0.0703762,0.0710956,0.0718183,0.0725443,0.0732734,0.0740057,0.074741,0.0754794,0.0762206,0.0769648,0.0777118,0.0784616,0.0792141,0.0799692,0.080727,0.0814873,0.0822502,0.0830155,0.0837833,0.0845534,0.0853259
0.0860064,0.0798092,0.0740206,0.0684697,0.061965,0.0540702,0.0482336,0.0445308,0.042134,0.0405273,0.0394241,0.0386592,0.0381324,0.03778,0.0375594,0.0374411,0.0374043,0.0374337,0.0375179,0.0376482,0.0378179,0.0380216,0.0382551,0.0385151,0.0387986,0.0391035,0.0394277,0.0397698,0.0401282,0.040502,0.0408899,0.0412913,0.0417053,0.0421312,0.0425685,0.0430167,0.0434752,0.0439438,0.0444218,0.0449092,0.0454054,0.0459102,0.0464234,0.0469447,0.0474738,0.0480105,0.0485547,0.049106,0.0496644,0.0502296,0.0508015,0.05138,0.0519647,0.0525557,0.0531527,0.0537557,0.0543644,0.0549788,0.0555987,0.056224,0.0568546,0.0574903,0.0581311,0.0587769,0.0594275,0.0600828,0.0607427,0.0614072,0.0620762,0.0627494,0.063427,0.0641086,0.0647944,0.0654842,0.0661779,0.0668754,0.0675767,0.0682816,0.0689902,0.0697023,0.0704178,0.0711368,0.0718591,0.0725846,0.0733133,0.0740452,0.0747801,0.0755181,0.076259,0.0770027,0.0777494,0.0784988,0.0792509,0.0800057,0.0807632,0.0815232,0.0822857,0.0830507,0.0838182,0.084588,0.0853602
0.086336,0.0802125,0.0744797,0.0689581,0.0628344,0.0552515,0.0492241,0.0453053,0.0427508,0.0410334,0.0398505,0.0390266,0.0384548,0.038067,0.0378181,0.0376766,0.0376206,0.0376338,0.0377042,0.0378226,0.0379818,0.0381764,0.0384018,0.0386546,0.0389316,0.0392306,0.0395496,0.0398868,0.0402408,0.0406104,0.0409946,0.0413925,0.0418033,0.0422262,0.0426607,0.0431063,0.0435624,0.0440286,0.0445045,0.0449897,0.045484,0.045987,0.0464984,0.047018,0.0475456,0.0480808,0.0486235,0.0491735,0.0497306,0.0502945,0.0508652,0.0514425,0.0520262,0.0526161,0.0532121,0.0538141,0.0544218,0.0550353,0.0556543,0.0562788,0.0569085,0.0575435,0.0581835,0.0588285,0.0594784,0.060133,0.0607923,0.0614561,0.0621244,0.062797,0.063474,0.0641551,0.0648403,0.0655295,0.0662226,0.0669196,0.0676204,0.0683248,0.0690329,0.0697445,0.0704596,0.0711781,0.0718999,0.072625,0.0733533,0.0740848,0.0748193,0.0755569,0.0762974,0.0770408,0.077787,0.0785361,0.0792879,0.0800423,0.0807994,0.0815591,0.0823213,0.083086,0.0838531,0.0846226,0.0853945
0.0866612,0.0806087,0.0749325,0.0694423,0.0636059,0.0563786,0.0502193,0.046095,0.0433821,0.0415513,0.0402865,0.0394017,0.0387835,0.0383593,0.0380812,0.037916,0.0378402,0.0378368,0.037893,0.0379991,0.0381477,0.038333,0.0385501,0.0387954,0.0390659,0.0393589,0.0396725,0.0400047,0.0403543,0.0407198,0.0411001,0.0414945,0.041902,0.0423219,0.0427535,0.0431964,0.04365,0.0441139,0.0445876,0.0450708,0.0455631,0.0460642,0.0465739,0.0470918,0.0476177,0.0481514,0.0486927,0.0492413,0.049797,0.0503597,0.0509292,0.0515053,0.0520879,0.0526767,0.0532717,0.0538727,0.0544795,0.055092,0.0557101,0.0563337,0.0569627,0.0575968,0.0582361,0.0588803,0.0595295,0.0601834,0.0608419,0.0615051,0.0621727,0.0628448,0.0635211,0.0642016,0.0648862,0.0655749,0.0662675,0.0669639,0.0676642,0.0683681,0.0690757,0.0697868,0.0705015,0.0712195,0.0719409,0.0726656,0.0733934,0.0741245,0.0748586,0.0755957,0.0763358,0.0770789,0.0778248,0.0785734,0.0793249,0.080079,0.0808357,0.0815951,0.082357,0.0831213,0.0838881,0.0846573,0.0854289
0.0869822,0.0809978,0.0753784,0.0699225,0.0643013,0.0574407,0.0512125,0.0468974,0.0440269,0.0420808,0.040732,0.0397846,0.0391185,0.0386569,0.0383488,0.0381591,0.038063,0.0380426,0.0380842,0.0381778,0.0383156,0.0384912,0.0387,0.0389378,0.0392015,0.0394884,0.0397965,0.0401237,0.0404686,0.0408299,0.0412065,0.0415972,0.0420014,0.0424182,0.0428469,0.0432871,0.0437382,0.0441997,0.0446712,0.0451522,0.0456425,0.0461418,0.0466497,0.0471659,0.0476902,0.0482224,0.0487622,0.0493094,0.0498638,0.0504252,0.0509935,0.0515684,0.0521498,0.0527376,0.0533315,0.0539315,0.0545373,0.0551489,0.0557662,0.0563889,0.057017,0.0576503,0.0582888,0.0589323,0.0595807,0.0602339,0.0608918,0.0615543,0.0622213,0.0628926,0.0635683,0.0642483,0.0649323,0.0656204,0.0663124,0.0670084,0.0677081,0.0684115,0.0691186,0.0698293,0.0705434,0.071261,0.0719819,0.0727062,0.0734336,0.0741642,0.0748979,0.0756347,0.0763744,0.0771171,0.0778626,0.0786109,0.0793619,0.0801157,0.0808721,0.0816311,0.0823927,0.0831567,0.0839232,0.0846921,0.0854634
0.087299,0.0813802,0.075817,0.0703985,0.0649384,0.0584317,0.0521965,0.0477099,0.0446842,0.0426215,0.0411867,0.0401751,0.0394598,0.0389597,0.0386208,0.038406,0.0382891,0.0382512,0.038278,0.0383588,0.0384854,0.0386513,0.0388514,0.0390815,0.0393384,0.0396191,0.0399215,0.0402437,0.040584,0.040941,0.0413136,0.0417007,0.0421015,0.0425151,0.042941,0.0433784,0.0438269,0.044286,0.0447552,0.0452341,0.0457225,0.0462198,0.0467259,0.0472404,0.0477631,0.0482937,0.048832,0.0493778,0.0499308,0.050491,0.051058,0.0516317,0.052212,0.0527987,0.0533916,0.0539905,0.0545954,0.0552061,0.0558224,0.0564442,0.0570715,0.057704,0.0583417,0.0589844,0.0596321,0.0602846,0.0609418,0.0616036,0.0622699,0.0629407,0.0636157,0.0642951,0.0649785,0.065666,0.0663575,0.0670529,0.0677521,0.0684551,0.0691616,0.0698718,0.0705855,0.0713026,0.0720231,0.0727469,0.0734739,0.0742041,0.0749374,0.0756737,0.0764131,0.0771553,0.0779005,0.0786484,0.0793991,0.0801525,0.0809086,0.0816672,0.0824285,0.0831922,0.0839584,0.0847269,0.0854979
0.087612,0.081756,0.0762481,0.0708695,0.0655317,0.0593501,0.0531641,0.0485291,0.0453527,0.0431728,0.0416506,0.0405732,0.0398075,0.0392678,0.0388972,0.0386567,0.0385185,0.0384626,0.0384742,0.0385419,0.0386572,0.0388131,0.0390044,0.0392267,0.0394765,0.039751,0.0400477,0.0403647,0.0407002,0.0410529,0.0414215,0.0418049,0.0422022,0.0426127,0.0430356,0.0434703,0.0439162,0.0443728,0.0448398,0.0453165,0.0458028,0.0462982,0.0468024,0.0473152,0.0478363,0.0483653,0.0489021,0.0494465,0.0499982,0.050557,0.0511228,0.0516953,0.0522745,0.05286,0.0534518,0.0540498,0.0546537,0.0552634,0.0558788,0.0564998,0.0571262,0.0577579,0.0583948,0.0590367,0.0596836,0.0603354,0.0609919,0.061653,0.0623187,0.0629888,0.0636633,0.064342,0.0650249,0.0657118,0.0664027,0.0670976,0.0677963,0.0684987,0.0692048,0.0699144,0.0706276,0.0713443,0.0720643,0.0727877,0.0735143,0.074244,0.0749769,0.0757129,0.0764518,0.0771937,0.0779384,0.078686,0.0794363,0.0801894,0.0809451,0.0817034,0.0824643,0.0832277,0.0839936,0.0847618,0.0855325
0.087921,0.0821256,0.0766719,0.0713348,0.0660921,0.0601986,0.0541086,0.0493517,0.0460309,0.0437341,0.0421232,0.0409787,0.0401613,0.0395811,0.0391781,0.0389112,0.0387512,0.038677,0.0386729,0.0387273,0.0388309,0.0389767,0.039159,0.0393733,0.039616,0.0398841,0.040175,0.0404867,0.0408174,0.0411657,0.0415302,0.0419098,0.0423037,0.042711,0.0431309,0.0435627,0.044006,0.0444602,0.0449248,0.0453994,0.0458836,0.046377,0.0468794,0.0473904,0.0479098,0.0484373,0.0489726,0.0495155,0.0500658,0.0506233,0.0511878,0.0517592,0.0523372,0.0529216,0.0535123,0.0541092,0.0547122,0.0553209,0.0559354,0.0565555,0.057181,0.0578119,0.058448,0.0590892,0.0597353,0.0603864,0.0610422,0.0617026,0.0623676,0.0630371,0.0637109,0.064389,0.0650713,0.0657577,0.0664481,0.0671424,0.0678405,0.0685424,0.069248,0.0699572,0.0706699,0.0713861,0.0721057,0.0728286,0.0735547,0.0742841,0.0750165,0.0757521,0.0764906,0.0772321,0.0779765,0.0787237,0.0794736,0.0802263,0.0809817,0.0817397,0.0825002,0.0832633,0.0840288,0.0847968,0.0855671
0.0882264,0.0824892,0.0770883,0.071794,0.0666273,0.0609828,0.0550241,0.0501739,0.0467173,0.0443046,0.0426043,0.0413914,0.0405213,0.0398996,0.0394634,0.0391695,0.0389871,0.0388941,0.0388742,0.0389149,0.0390066,0.039142,0.0393152,0.0395214,0.0397568,0.0400184,0.0403034,0.0406097,0.0409355,0.0412793,0.0416397,0.0420155,0.0424059,0.0428099,0.0432267,0.0436557,0.0440964,0.044548,0.0450103,0.0454827,0.0459648,0.0464563,0.0469568,0.047466,0.0479837,0.0485096,0.0490433,0.0495848,0.0501337,0.0506899,0.0512532,0.0518233,0.0524001,0.0529834,0.0535731,0.0541689,0.0547709,0.0553787,0.0559922,0.0566114,0.0572361,0.0578661,0.0585014,0.0591418,0.0597872,0.0604375,0.0610926,0.0617524,0.0624167,0.0630855,0.0637587,0.0644362,0.0651179,0.0658037,0.0664935,0.0671873,0.0678849,0.0685863,0.0692913,0.07,0.0707123,0.071428,0.0721471,0.0728696,0.0735953,0.0743242,0.0750562,0.0757914,0.0765295,0.0772706,0.0780146,0.0787614,0.079511,0.0802634,0.0810184,0.081776,0.0825362,0.083299,0.0840642,0.0848318,0.0856018
0.0885281,0.0828469,0.0774974,0.0722467,0.0671432,0.0617097,0.0559059,0.0509922,0.04741,0.0448837,0.0430935,0.0418113,0.0408873,0.0402233,0.0397531,0.0394315,0.0392263,0.0391142,0.0390779,0.0391047,0.0391843,0.0393091,0.039473,0.0396709,0.039899,0.0401538,0.0404328,0.0407337,0.0410546,0.0413938,0.04175,0.042122,0.0425088,0.0429094,0.0433232,0.0437493,0.0441873,0.0446364,0.0450963,0.0455664,0.0460464,0.0465359,0.0470345,0.047542,0.048058,0.0485822,0.0491144,0.0496544,0.050202,0.0507568,0.0513188,0.0518876,0.0524633,0.0530455,0.053634,0.0542289,0.0548298,0.0554366,0.0560492,0.0566675,0.0572913,0.0579205,0.058555,0.0591946,0.0598392,0.0604888,0.0611432,0.0618022,0.0624659,0.0631341,0.0638067,0.0644835,0.0651646,0.0658498,0.0665391,0.0672323,0.0679294,0.0686302,0.0693348,0.070043,0.0707547,0.07147,0.0721886,0.0729106,0.0736359,0.0743644,0.075096,0.0758308,0.0765685,0.0773092,0.0780528,0.0787993,0.0795485,0.0803005,0.0810551,0.0818124,0.0825723,0.0833347,0.0840996,0.0848669,0.0856366
0.0888263,0.0831991,0.0778995,0.0726926,0.0676436,0.062387,0.0567505,0.0518027,0.0481071,0.0454703,0.0435903,0.042238,0.0412593,0.040552,0.0400472,0.0396973,0.0394687,0.039337,0.0392842,0.0392967,0.039364,0.039478,0.0396324,0.0398219,0.0400424,0.0402905,0.0405634,0.0408587,0.0411745,0.0415091,0.0418611,0.0422292,0.0426123,0.0430096,0.0434203,0.0438435,0.0442787,0.0447253,0.0451827,0.0456506,0.0461285,0.0466159,0.0471127,0.0476183,0.0481326,0.0486552,0.0491858,0.0497244,0.0502705,0.050824,0.0513846,0.0519523,0.0525267,0.0531077,0.0536952,0.054289,0.0548889,0.0554948,0.0561064,0.0567238,0.0573467,0.0579751,0.0586087,0.0592476,0.0598914,0.0605402,0.0611939,0.0618523,0.0625153,0.0631828,0.0638547,0.064531,0.0652115,0.0658961,0.0665848,0.0672774,0.067974,0.0686743,0.0693783,0.070086,0.0707973,0.0715121,0.0722303,0.0729518,0.0736766,0.0744047,0.0751359,0.0758702,0.0766076,0.0773479,0.0780911,0.0788372,0.079586,0.0803376,0.081092,0.0818489,0.0826084,0.0833705,0.0841351,0.0849021,0.0856714
0.0891212,0.083546,0.0782947,0.0731316,0.0681312,0.0630219,0.057556,0.0526019,0.0488066,0.0460635,0.0440942,0.0426712,0.041637,0.0408857,0.0403456,0.0399669,0.0397144,0.0395627,0.0394929,0.0394909,0.0395456,0.0396487,0.0397933,0.0399743,0.0401871,0.0404284,0.0406951,0.0409848,0.0412954,0.0416253,0.041973,0.0423371,0.0427166,0.0431105,0.0435179,0.0439382,0.0443706,0.0448146,0.0452697,0.0457353,0.046211,0.0466964,0.0471912,0.047695,0.0482075,0.0487285,0.0492576,0.0497946,0.0503393,0.0508914,0.0514508,0.0520171,0.0525904,0.0531703,0.0537567,0.0543494,0.0549482,0.0555531,0.0561638,0.0567803,0.0574023,0.0580298,0.0586627,0.0593007,0.0599438,0.0605919,0.0612448,0.0619025,0.0625648,0.0632316,0.0639029,0.0645785,0.0652584,0.0659425,0.0666306,0.0673227,0.0680187,0.0687185,0.069422,0.0701292,0.07084,0.0715543,0.072272,0.0729931,0.0737175,0.0744451,0.0751759,0.0759098,0.0766467,0.0773866,0.0781294,0.0788751,0.0796236,0.0803749,0.0811288,0.0818854,0.0826446,0.0834064,0.0841706,0.0849373,0.0857063
0.0894127,0.0838876,0.0786832,0.0735637,0.0686078,0.0636211,0.058322,0.0533866,0.0495063,0.046662,0.0446047,0.0431108,0.0420204,0.0412244,0.0406482,0.0402401,0.0399633,0.0397912,0.0397042,0.0396873,0.0397292,0.0398211,0.0399559,0.0401281,0.0403332,0.0405674,0.0408278,0.0411118,0.0414173,0.0417424,0.0420857,0.0424458,0.0428216,0.043212,0.0436162,0.0440335,0.0444632,0.0449045,0.0453571,0.0458204,0.0462939,0.0467773,0.0472701,0.0477721,0.0482828,0.0488021,0.0493296,0.0498651,0.0504084,0.0509591,0.0515172,0.0520823,0.0526543,0.053233,0.0538183,0.0544099,0.0550078,0.0556117,0.0562214,0.056837,0.0574581,0.0580848,0.0587167,0.059354,0.0599963,0.0606436,0.0612958,0.0619528,0.0626144,0.0632806,0.0639512,0.0646262,0.0653055,0.065989,0.0666765,0.067368,0.0680635,0.0687627,0.0694658,0.0701724,0.0708827,0.0715965,0.0723138,0.0730344,0.0737584,0.0744856,0.0752159,0.0759494,0.0766859,0.0774254,0.0781679,0.0789132,0.0796613,0.0804122,0.0811658,0.0819221,0.0826809,0.0834423,0.0842062,0.0849726,0.0857413
0.089701,0.0842244,0.0790653,0.0739887,0.0690745,0.0641902,0.0590492,0.0541537,0.0502042,0.0472648,0.0451211,0.0435563,0.0424092,0.0415678,0.040955,0.040517,0.0402154,0.0400226,0.0399179,0.0398859,0.0399148,0.0399952,0.04012,0.0402834,0.0404805,0.0407077,0.0409617,0.0412399,0.0415401,0.0418604,0.0421992,0.0425552,0.0429272,0.0433142,0.0437152,0.0441294,0.0445562,0.0449949,0.045445,0.0459059,0.0463772,0.0468585,0.0473494,0.0478495,0.0483585,0.0488761,0.049402,0.049936,0.0504778,0.0510271,0.0515838,0.0521477,0.0527185,0.053296,0.0538802,0.0544707,0.0550675,0.0556704,0.0562792,0.0568938,0.0575141,0.0581399,0.058771,0.0594074,0.060049,0.0606955,0.061347,0.0620032,0.0626642,0.0633297,0.0639997,0.0646741,0.0653527,0.0660356,0.0667225,0.0674135,0.0681084,0.0688071,0.0695096,0.0702158,0.0709256,0.0716389,0.0723557,0.0730759,0.0737994,0.0745261,0.0752561,0.0759891,0.0767252,0.0774643,0.0782064,0.0789513,0.0796991,0.0804496,0.0812028,0.0819587,0.0827172,0.0834783,0.0842419,0.0850079,0.0857763
0.0899863,0.0845563,0.0794412,0.0744069,0.0695324,0.0647342,0.0597394,0.054901,0.050898,0.0478707,0.0456428,0.0440075,0.0428033,0.041916,0.041266,0.0407975,0.0404707,0.0402567,0.0401341,0.0400867,0.0401023,0.0401712,0.0402858,0.0404401,0.0406292,0.0408491,0.0410966,0.0413689,0.0416638,0.0419792,0.0423135,0.0426654,0.0430336,0.043417,0.0438147,0.0442259,0.0446498,0.0450858,0.0455334,0.0459919,0.046461,0.0469402,0.0474291,0.0479273,0.0484345,0.0489504,0.0494747,0.0500071,0.0505474,0.0510954,0.0516508,0.0522133,0.0527829,0.0533593,0.0539423,0.0545317,0.0551275,0.0557294,0.0563372,0.0569509,0.0575702,0.0581951,0.0588254,0.059461,0.0601018,0.0607476,0.0613983,0.0620539,0.0627141,0.0633789,0.0640483,0.064722,0.0654001,0.0660823,0.0667687,0.0674591,0.0681534,0.0688516,0.0695536,0.0702593,0.0709686,0.0716814,0.0723977,0.0731174,0.0738405,0.0745668,0.0752963,0.0760289,0.0767646,0.0775033,0.078245,0.0789895,0.0797369,0.0804871,0.08124,0.0819955,0.0827537,0.0835144,0.0842776,0.0850433,0.0858114
0.0902685,0.0848836,0.079811,0.0748182,0.069982,0.0652568,0.0603951,0.0556265,0.0515857,0.0484782,0.0461691,0.0444638,0.0432023,0.0422686,0.041581,0.0410815,0.0407291,0.0404936,0.0403527,0.0402897,0.0402918,0.0403488,0.0404531,0.0405982,0.0407792,0.0409918,0.0412327,0.041499,0.0417884,0.0420988,0.0424286,0.0427763,0.0431406,0.0435204,0.0439148,0.0443229,0.0447439,0.0451772,0.0456222,0.0460784,0.0465452,0.0470223,0.0475091,0.0480054,0.0485109,0.049025,0.0495477,0.0500786,0.0506174,0.0511639,0.0517179,0.0522792,0.0528476,0.0534227,0.0540046,0.054593,0.0551877,0.0557885,0.0563954,0.0570081,0.0576266,0.0582506,0.05888,0.0595148,0.0601548,0.0607998,0.0614498,0.0621046,0.0627641,0.0634283,0.064097,0.0647701,0.0654475,0.0661292,0.066815,0.0675048,0.0681986,0.0688962,0.0695977,0.0703028,0.0710116,0.071724,0.0724398,0.0731591,0.0738817,0.0746075,0.0753366,0.0760688,0.0768041,0.0775424,0.0782837,0.0790278,0.0797748,0.0805246,0.0812771,0.0820323,0.0827901,0.0835505,0.0843134,0.0850788,0.0858466
0.0905478,0.0852065,0.0801751,0.0752229,0.0704238,0.0657613,0.061019,0.0563289,0.0522654,0.0490861,0.0466991,0.0449248,0.0436061,0.0426257,0.0418999,0.0413691,0.0409906,0.0407332,0.0405738,0.0404949,0.0404832,0.0405283,0.040622,0.0407578,0.0409304,0.0411356,0.0413698,0.0416301,0.0419139,0.0422194,0.0425445,0.042888,0.0432484,0.0436245,0.0440155,0.0444205,0.0448386,0.0452691,0.0457116,0.0461653,0.0466299,0.0471048,0.0475896,0.048084,0.0485876,0.0491,0.049621,0.0501503,0.0506877,0.0512328,0.0517854,0.0523454,0.0529125,0.0534864,0.0540672,0.0546544,0.055248,0.0558479,0.0564538,0.0570655,0.0576831,0.0583062,0.0589348,0.0595688,0.0602079,0.0608522,0.0615014,0.0621555,0.0628143,0.0634778,0.0641459,0.0648183,0.0654951,0.0661762,0.0668613,0.0675506,0.0682438,0.0689409,0.0696419,0.0703465,0.0710548,0.0717667,0.072482,0.0732008,0.0739229,0.0746483,0.075377,0.0761088,0.0768436,0.0775815,0.0783224,0.0790662,0.0798128,0.0805622,0.0813144,0.0820692,0.0828267,0.0835867,0.0843493,0.0851143,0.0858818
0.0908243,0.0855252,0.0805335,0.0756211,0.0708581,0.0662503,0.0616141,0.0570076,0.0529352,0.0496932,0.047232,0.0453902,0.0440144,0.042987,0.0422227,0.0416601,0.0412551,0.0409755,0.0407972,0.0407022,0.0406765,0.0407094,0.0407924,0.0409188,0.041083,0.0412806,0.041508,0.0417621,0.0420404,0.0423407,0.0426612,0.0430004,0.0433568,0.0437293,0.0441169,0.0445186,0.0449338,0.0453616,0.0458014,0.0462527,0.0467149,0.0471877,0.0476704,0.0481629,0.0486646,0.0491753,0.0496947,0.0502224,0.0507582,0.0513019,0.0518531,0.0524118,0.0529776,0.0535504,0.0541299,0.0547161,0.0553086,0.0559074,0.0565123,0.0571231,0.0577398,0.058362,0.0589897,0.0596229,0.0602612,0.0609047,0.0615532,0.0622065,0.0628647,0.0635275,0.0641948,0.0648666,0.0655428,0.0662232,0.0669078,0.0675965,0.0682892,0.0689858,0.0696861,0.0703903,0.0710981,0.0718094,0.0725243,0.0732426,0.0739643,0.0746893,0.0754175,0.0761488,0.0768833,0.0776208,0.0783612,0.0791046,0.0798509,0.0805999,0.0813517,0.0821062,0.0828633,0.083623,0.0843852,0.0851499,0.0859171
0.091098,0.0858396,0.0808865,0.0760129,0.0712851,0.0667258,0.0621833,0.0576622,0.0535937,0.0502979,0.0477671,0.0458593,0.0444268,0.0433524,0.0425491,0.0419544,0.0415227,0.0412205,0.0410231,0.0409116,0.0408718,0.0408923,0.0409645,0.0410812,0.0412369,0.0414268,0.0416474,0.0418952,0.0421678,0.042463,0.0427787,0.0431135,0.0434659,0.0438347,0.0442188,0.0446174,0.0450295,0.0454545,0.0458917,0.0463405,0.0468004,0.047271,0.0477517,0.0482421,0.048742,0.0492509,0.0497686,0.0502948,0.050829,0.0513713,0.0519211,0.0524785,0.053043,0.0536146,0.0541929,0.054778,0.0553694,0.0559672,0.0565711,0.0571809,0.0577966,0.058418,0.0590448,0.0596771,0.0603147,0.0609574,0.0616051,0.0622577,0.0629151,0.0635773,0.0642439,0.0649151,0.0655906,0.0662705,0.0669545,0.0676426,0.0683347,0.0690307,0.0697305,0.0704341,0.0711414,0.0718523,0.0725667,0.0732845,0.0740057,0.0747303,0.075458,0.076189,0.076923,0.0776601,0.0784001,0.0791431,0.079889,0.0806377,0.0813891,0.0821432,0.0829,0.0836593,0.0844212,0.0851856,0.0859524
0.091369,0.0861502,0.0812344,0.0763985,0.0717053,0.0671894,0.0627295,0.0582932,0.0542394,0.0508991,0.0483035,0.0463316,0.0448431,0.0437216,0.0428792,0.042252,0.0417932,0.0414681,0.0412513,0.0411232,0.0410689,0.0410769,0.0411381,0.041245,0.041392,0.0415742,0.0417877,0.0420293,0.0422962,0.0425861,0.042897,0.0432274,0.0435757,0.0439407,0.0443214,0.0447167,0.0451258,0.0455479,0.0459825,0.0464288,0.0468864,0.0473547,0.0478333,0.0483218,0.0488198,0.0493269,0.0498429,0.0503674,0.0509002,0.0514409,0.0519894,0.0525454,0.0531086,0.053679,0.0542562,0.0548401,0.0554304,0.0560272,0.05663,0.0572389,0.0578537,0.0584741,0.0591001,0.0597316,0.0603683,0.0610102,0.0616572,0.0623091,0.0629658,0.0636272,0.0642932,0.0649637,0.0656386,0.0663178,0.0670012,0.0676887,0.0683802,0.0690757,0.069775,0.0704781,0.0711849,0.0718952,0.0726092,0.0733265,0.0740473,0.0747713,0.0754987,0.0762292,0.0769628,0.0776995,0.0784391,0.0791817,0.0799272,0.0806755,0.0814265,0.0821803,0.0829367,0.0836957,0.0844573,0.0852213,0.0859878
0.0916375,0.0864568,0.0815772,0.0767781,0.0721186,0.0676424,0.0632551,0.0589011,0.0548712,0.0514956,0.0488403,0.0468067,0.045263,0.0440944,0.0432128,0.0425529,0.0420665,0.0417184,0.0414819,0.0413369,0.041268,0.0412632,0.0413132,0.0414103,0.0415485,0.0417228,0.0419292,0.0421644,0.0424254,0.04271,0.0430161,0.043342,0.0436862,0.0440474,0.0444245,0.0448165,0.0452226,0.0456418,0.0460737,0.0465175,0.0469727,0.0474388,0.0479153,0.0484018,0.0488979,0.0494032,0.0499175,0.0504404,0.0509716,0.0515109,0.0520579,0.0526126,0.0531745,0.0537436,0.0543196,0.0549024,0.0554917,0.0560873,0.0566892,0.0572971,0.0579109,0.0585304,0.0591556,0.0597862,0.0604221,0.0610632,0.0617094,0.0623605,0.0630165,0.0636772,0.0643426,0.0650124,0.0656867,0.0663653,0.0670481,0.067735,0.0684259,0.0691209,0.0698196,0.0705222,0.0712284,0.0719383,0.0726517,0.0733686,0.0740889,0.0748125,0.0755394,0.0762695,0.0770027,0.0777389,0.0784782,0.0792204,0.0799655,0.0807134,0.0814641,0.0822175,0.0829735,0.0837322,0.0844934,0.0852571,0.0860233
0.0919034,0.0867598,0.0819151,0.0771519,0.0725255,0.0680858,0.0637625,0.059487,0.0554883,0.0520862,0.0493766,0.0472839,0.0456859,0.0444706,0.0435497,0.0428568,0.0423427,0.0419712,0.0417147,0.0415526,0.0414689,0.0414512,0.0414898,0.0415769,0.0417062,0.0418725,0.0420718,0.0423004,0.0425556,0.0428348,0.043136,0.0434574,0.0437974,0.0441548,0.0445283,0.044917,0.0453199,0.0457363,0.0461654,0.0466067,0.0470595,0.0475233,0.0479976,0.0484821,0.0489763,0.0494798,0.0499924,0.0505136,0.0510433,0.0515811,0.0521267,0.05268,0.0532406,0.0538085,0.0543833,0.0549649,0.0555531,0.0561477,0.0567485,0.0573555,0.0579683,0.0585869,0.0592112,0.0598409,0.060476,0.0611163,0.0617617,0.0624121,0.0630674,0.0637274,0.0643921,0.0650612,0.0657349,0.0664128,0.067095,0.0677814,0.0684717,0.0691661,0.0698643,0.0705663,0.0712721,0.0719815,0.0726944,0.0734108,0.0741306,0.0748538,0.0755802,0.0763099,0.0770426,0.0777785,0.0785173,0.0792591,0.0800038,0.0807514,0.0815017,0.0822547,0.0830104,0.0837687,0.0845296,0.0852929,0.0860588
0.0921668,0.0870591,0.0822484,0.0775201,0.072926,0.0685204,0.0642537,0.0600519,0.0560902,0.0526698,0.0499115,0.0477626,0.0461117,0.04485,0.0438897,0.0431636,0.0426217,0.0422265,0.0419498,0.0417704,0.0416717,0.0416409,0.041668,0.0417449,0.0418652,0.0420234,0.0422154,0.0424375,0.0426867,0.0429605,0.0432567,0.0435735,0.0439093,0.0442627,0.0446326,0.0450179,0.0454177,0.0458312,0.0462576,0.0466963,0.0471467,0.0476082,0.0480804,0.0485628,0.0490551,0.0495568,0.0500676,0.0505872,0.0511153,0.0516515,0.0521958,0.0527477,0.053307,0.0538736,0.0544472,0.0550276,0.0556147,0.0562083,0.0568081,0.057414,0.0580259,0.0586436,0.0592669,0.0598958,0.0605301,0.0611696,0.0618142,0.0624639,0.0631184,0.0637777,0.0644417,0.0651102,0.0657832,0.0664605,0.0671421,0.0678278,0.0685177,0.0692114,0.0699091,0.0706106,0.0713158,0.0720247,0.0727371,0.0734531,0.0741724,0.0748951,0.0756211,0.0763503,0.0770827,0.0778181,0.0785565,0.0792979,0.0800423,0.0807894,0.0815393,0.082292,0.0830473,0.0838053,0.0845658,0.0853289,0.0860944
0.0924278,0.087355,0.0825771,0.0778827,0.0733204,0.0689468,0.0647304,0.0605972,0.0566764,0.0532456,0.0504444,0.0482423,0.0465398,0.0452323,0.0442327,0.0434734,0.0429033,0.0424842,0.0421871,0.0419902,0.0418763,0.0418323,0.0418477,0.0419143,0.0420254,0.0421755,0.0423601,0.0425755,0.0428187,0.0430869,0.0433781,0.0436903,0.0440218,0.0443713,0.0447376,0.0451195,0.0455161,0.0459266,0.0463503,0.0467863,0.0472343,0.0476935,0.0481635,0.0486439,0.0491342,0.0496341,0.0501431,0.0506611,0.0511875,0.0517223,0.0522651,0.0528156,0.0533736,0.0539389,0.0545113,0.0550906,0.0556766,0.056269,0.0568678,0.0574727,0.0580837,0.0587004,0.0593229,0.0599509,0.0605843,0.061223,0.0618669,0.0625158,0.0631696,0.0638282,0.0644915,0.0651593,0.0658316,0.0665083,0.0671893,0.0678744,0.0685637,0.0692569,0.069954,0.070655,0.0713597,0.072068,0.07278,0.0734954,0.0742143,0.0749366,0.0756621,0.0763909,0.0771228,0.0778578,0.0785958,0.0793368,0.0800807,0.0808275,0.0815771,0.0823294,0.0830843,0.083842,0.0846021,0.0853648,0.08613
0.0926864,0.0876475,0.0829015,0.0782401,0.0737088,0.0693656,0.0651942,0.0611242,0.0572469,0.0538126,0.0509742,0.0487224,0.0469699,0.0456173,0.0445786,0.0437859,0.0431875,0.0427443,0.0424267,0.0422119,0.0420827,0.0420253,0.0420289,0.0420851,0.0421869,0.0423287,0.0425058,0.0427145,0.0429516,0.0432143,0.0435003,0.0438078,0.0441351,0.0444806,0.0448431,0.0452216,0.0456151,0.0460226,0.0464434,0.0468769,0.0473223,0.0477792,0.048247,0.0487254,0.0492137,0.0497117,0.050219,0.0507352,0.0512601,0.0517933,0.0523346,0.0528838,0.0534405,0.0540045,0.0545757,0.0551538,0.0557386,0.05633,0.0569277,0.0575316,0.0581416,0.0587574,0.059379,0.0600061,0.0606387,0.0612766,0.0619197,0.0625678,0.0632209,0.0638788,0.0645413,0.0652085,0.0658802,0.0665563,0.0672366,0.0679212,0.0686098,0.0693025,0.069999,0.0706995,0.0714036,0.0721115,0.0728229,0.0735379,0.0742563,0.0749781,0.0757032,0.0764315,0.077163,0.0778976,0.0786352,0.0793758,0.0801193,0.0808657,0.0816149,0.0823668,0.0831214,0.0838787,0.0846385,0.0854009,0.0861657
0.0929428,0.0879367,0.0832217,0.0785924,0.0740914,0.0697773,0.0656463,0.0616343,0.0578018,0.0543703,0.0515003,0.0492022,0.0474016,0.0460046,0.0449271,0.0441011,0.0434742,0.0430068,0.0426683,0.0424357,0.0422909,0.0422199,0.0422116,0.0422572,0.0423497,0.042483,0.0426526,0.0428545,0.0430854,0.0433424,0.0436233,0.0439261,0.044249,0.0445905,0.0449493,0.0453243,0.0457145,0.046119,0.046537,0.0469678,0.0474108,0.0478653,0.0483309,0.0488072,0.0492935,0.0497896,0.0502951,0.0508097,0.051333,0.0518646,0.0524045,0.0529522,0.0535075,0.0540703,0.0546402,0.0552172,0.0558009,0.0563911,0.0569878,0.0575907,0.0581997,0.0588146,0.0594353,0.0600615,0.0606933,0.0613304,0.0619726,0.06262,0.0632723,0.0639295,0.0645914,0.0652579,0.0659289,0.0666043,0.067284,0.067968,0.068656,0.0693481,0.0700442,0.070744,0.0714477,0.072155,0.072866,0.0735804,0.0742984,0.0750197,0.0757443,0.0764722,0.0772032,0.0779374,0.0786746,0.0794148,0.080158,0.080904,0.0816528,0.0824043,0.0831586,0.0839155,0.084675,0.085437,0.0862015
0.093197,0.0882228,0.0835378,0.0789397,0.0744684,0.0701823,0.0660878,0.0621288,0.0583415,0.054918,0.052022,0.0496813,0.0478344,0.046394,0.045278,0.0444187,0.0437633,0.0432715,0.0429121,0.0426613,0.0425008,0.0424161,0.0423958,0.0424307,0.0425136,0.0426385,0.0428005,0.0429955,0.0432201,0.0434714,0.0437471,0.0440451,0.0443635,0.044701,0.045056,0.0454275,0.0458145,0.0462159,0.0466311,0.0470592,0.0474996,0.0479518,0.0484152,0.0488893,0.0493737,0.0498679,0.0503716,0.0508844,0.0514061,0.0519362,0.0524746,0.0530209,0.0535749,0.0541363,0.054705,0.0552808,0.0558633,0.0564525,0.0570481,0.05765,0.058258,0.058872,0.0594917,0.0601171,0.060748,0.0613842,0.0620257,0.0626723,0.0633239,0.0639803,0.0646415,0.0653073,0.0659777,0.0666525,0.0673316,0.0680149,0.0687024,0.0693939,0.0700894,0.0707887,0.0714918,0.0721986,0.0729091,0.0736231,0.0743405,0.0750614,0.0757856,0.076513,0.0772436,0.0779773,0.0787141,0.0794539,0.0801967,0.0809423,0.0816907,0.0824419,0.0831958,0.0839523,0.0847115,0.0854731,0.0862373
0.093449,0.0885059,0.08385,0.0792822,0.0748399,0.0705807,0.0665197,0.062609,0.0588662,0.0554553,0.0525386,0.0501589,0.048268,0.0467852,0.0456311,0.0447387,0.0440548,0.0435384,0.0431579,0.0428889,0.0427125,0.0426139,0.0425814,0.0426055,0.0426788,0.0427951,0.0429494,0.0431374,0.0433556,0.0436012,0.0438717,0.0441648,0.0444788,0.0448121,0.0451634,0.0455313,0.045915,0.0463133,0.0467256,0.047151,0.0475889,0.0480387,0.0484999,0.0489718,0.0494542,0.0499465,0.0504484,0.0509595,0.0514795,0.0520081,0.0525449,0.0530898,0.0536424,0.0542026,0.05477,0.0553446,0.055926,0.056514,0.0571086,0.0577095,0.0583165,0.0589295,0.0595483,0.0601728,0.0608028,0.0614383,0.062079,0.0627248,0.0633756,0.0640313,0.0646918,0.0653569,0.0660266,0.0667007,0.0673792,0.068062,0.0687488,0.0694398,0.0701347,0.0708335,0.0715361,0.0722424,0.0729523,0.0736658,0.0743828,0.0751032,0.0758269,0.0765539,0.077284,0.0780174,0.0787537,0.0794931,0.0802355,0.0809807,0.0817287,0.0824795,0.0832331,0.0839892,0.084748,0.0855094,0.0862732
0.0936988,0.0887859,0.0841583,0.07962,0.075206,0.070973,0.0669428,0.063076,0.0593766,0.0559819,0.0530494,0.0506346,0.0487019,0.0471779,0.0459863,0.0450609,0.0443484,0.0438074,0.0434056,0.0431182,0.0429258,0.0428132,0.0427684,0.0427816,0.0428452,0.0429529,0.0430993,0.0432802,0.0434921,0.0437319,0.043997,0.0442852,0.0445947,0.0449239,0.0452713,0.0456357,0.046016,0.0464112,0.0468206,0.0472433,0.0476786,0.048126,0.0485849,0.0490547,0.049535,0.0500254,0.0505255,0.0510348,0.0515532,0.0520802,0.0526155,0.053159,0.0537102,0.0542691,0.0548353,0.0554086,0.0559888,0.0565758,0.0571693,0.0577691,0.0583751,0.0589872,0.0596051,0.0602287,0.0608579,0.0614924,0.0621323,0.0627774,0.0634274,0.0640824,0.0647422,0.0654066,0.0660757,0.0667491,0.067427,0.0681091,0.0687954,0.0694858,0.0701801,0.0708783,0.0715804,0.0722862,0.0729956,0.0737086,0.0744251,0.075145,0.0758683,0.0765948,0.0773246,0.0780574,0.0787934,0.0795324,0.0802743,0.0810191,0.0817668,0.0825172,0.0832704,0.0840262,0.0847847,0.0855457,0.0863092
0.0939467,0.0890631,0.084463,0.0799533,0.0755671,0.0713594,0.0673577,0.0635309,0.0598732,0.0564978,0.0535541,0.0511079,0.0491357,0.0475718,0.0463433,0.0453851,0.0446441,0.0440784,0.0436553,0.0433494,0.0431409,0.0430141,0.0429568,0.0429591,0.0430128,0.0431117,0.0432502,0.043424,0.0436295,0.0438633,0.044123,0.0444063,0.0447113,0.0450363,0.0453798,0.0457406,0.0461175,0.0465096,0.046916,0.047336,0.0477688,0.0482137,0.0486703,0.0491379,0.0496162,0.0501046,0.0506029,0.0511105,0.0516272,0.0521526,0.0526864,0.0532284,0.0537783,0.0543358,0.0549007,0.0554728,0.0560519,0.0566377,0.0572301,0.0578289,0.058434,0.059045,0.059662,0.0602847,0.060913,0.0615468,0.0621858,0.0628301,0.0634794,0.0641336,0.0647927,0.0654565,0.0661248,0.0667977,0.0674749,0.0681564,0.0688421,0.0695318,0.0702256,0.0709233,0.0716248,0.0723301,0.073039,0.0737515,0.0744675,0.075187,0.0759098,0.0766358,0.0773651,0.0780976,0.0788331,0.0795717,0.0803133,0.0810577,0.081805,0.082555,0.0833078,0.0840633,0.0848214,0.085582,0.0863452
0.0941924,0.0893374,0.0847641,0.0802823,0.0759231,0.0717402,0.067765,0.0639747,0.0603568,0.0570027,0.0540521,0.0515782,0.049569,0.0479666,0.0467019,0.0457113,0.0449419,0.0443514,0.0439069,0.0435823,0.0433575,0.0432165,0.0431467,0.0431378,0.0431816,0.0432716,0.0434022,0.0435688,0.0437677,0.0439956,0.0442499,0.0445282,0.0448286,0.0451493,0.0454889,0.045846,0.0462195,0.0466085,0.047012,0.0474291,0.0478593,0.0483018,0.048756,0.0492215,0.0496977,0.0501842,0.0506806,0.0511864,0.0517014,0.0522252,0.0527575,0.0532981,0.0538466,0.0544027,0.0549664,0.0555373,0.0561152,0.0566999,0.0572912,0.0578889,0.058493,0.0591031,0.0597191,0.0603409,0.0609683,0.0616013,0.0622395,0.062883,0.0635315,0.064185,0.0648434,0.0655064,0.0661741,0.0668463,0.0675229,0.0682038,0.0688888,0.069578,0.0702712,0.0709684,0.0716694,0.0723741,0.0730825,0.0737945,0.07451,0.075229,0.0759513,0.076677,0.0774058,0.0781378,0.078873,0.0796111,0.0803523,0.0810963,0.0818432,0.0825929,0.0833453,0.0841004,0.0848581,0.0856184,0.0863813
0.0944363,0.0896091,0.0850617,0.0806071,0.0762742,0.0721154,0.0681652,0.0644082,0.060828,0.0574969,0.054543,0.052045,0.0500013,0.0483619,0.0470618,0.0460392,0.0452415,0.0446263,0.0441602,0.043817,0.0435758,0.0434204,0.0433379,0.0433177,0.0433516,0.0434326,0.0435551,0.0437145,0.0439068,0.0441287,0.0443775,0.0446507,0.0449465,0.0452629,0.0455985,0.045952,0.0463221,0.0467079,0.0471083,0.0475227,0.0479502,0.0483903,0.0488422,0.0493054,0.0497796,0.0502641,0.0507586,0.0512626,0.0517759,0.0522981,0.0528289,0.053368,0.0539151,0.0544699,0.0550323,0.0556019,0.0561786,0.0567622,0.0573524,0.0579491,0.0585521,0.0591613,0.0597764,0.0603973,0.0610238,0.0616559,0.0622933,0.062936,0.0635838,0.0642365,0.0648941,0.0655565,0.0662235,0.066895,0.067571,0.0682512,0.0689357,0.0696243,0.070317,0.0710135,0.071714,0.0724182,0.0731261,0.0738376,0.0745526,0.0752711,0.075993,0.0767181,0.0774466,0.0781782,0.0789129,0.0796506,0.0803913,0.081135,0.0818815,0.0826308,0.0833828,0.0841376,0.0848949,0.0856549,0.0864174
0.0946782,0.0898781,0.085356,0.0809277,0.0766207,0.0724853,0.0685588,0.0648323,0.0612875,0.0579803,0.0550266,0.052508,0.0504324,0.0487575,0.0474229,0.0463687,0.0455428,0.044903,0.0444154,0.0440532,0.0437956,0.0436257,0.0435304,0.043499,0.0435227,0.0435947,0.0437091,0.0438611,0.0440467,0.0442625,0.0445058,0.044774,0.045065,0.0453771,0.0457088,0.0460585,0.0464252,0.0468077,0.0472052,0.0476167,0.0480416,0.0484791,0.0489287,0.0493897,0.0498617,0.0503443,0.0508369,0.0513392,0.0518508,0.0523713,0.0529006,0.0534382,0.0539838,0.0545373,0.0550984,0.0556668,0.0562423,0.0568247,0.0574139,0.0580095,0.0586115,0.0592196,0.0598338,0.0604538,0.0610794,0.0617107,0.0623473,0.0629891,0.0636361,0.0642882,0.064945,0.0656067,0.066273,0.0669439,0.0676192,0.0682988,0.0689827,0.0696707,0.0703628,0.0710588,0.0717587,0.0724624,0.0731698,0.0738808,0.0745953,0.0753133,0.0760347,0.0767594,0.0774874,0.0782186,0.0789528,0.0796902,0.0804305,0.0811737,0.0819198,0.0826688,0.0834204,0.0841748,0.0849318,0.0856914,0.0864536
0.0949182,0.0901445,0.085647,0.0812444,0.0769626,0.0728502,0.0689461,0.0652476,0.061736,0.0584532,0.0555026,0.0529667,0.0508617,0.0491531,0.0477849,0.0466995,0.0458458,0.0451813,0.0446721,0.0442911,0.0440169,0.0438325,0.0437243,0.0436814,0.043695,0.0437578,0.043864,0.0440086,0.0441875,0.0443972,0.0446348,0.0448979,0.0451842,0.045492,0.0458196,0.0461656,0.0465288,0.046908,0.0473025,0.0477112,0.0481334,0.0485684,0.0490156,0.0494744,0.0499443,0.0504248,0.0509155,0.051416,0.0519258,0.0524448,0.0529725,0.0535086,0.0540528,0.0546049,0.0551647,0.0557318,0.0563062,0.0568874,0.0574755,0.0580701,0.058671,0.0592782,0.0598914,0.0605104,0.0611352,0.0617656,0.0624014,0.0630424,0.0636887,0.0643399,0.0649961,0.065657,0.0663227,0.0669929,0.0676675,0.0683465,0.0690298,0.0697172,0.0704087,0.0711042,0.0718035,0.0725067,0.0732135,0.073924,0.0746381,0.0753556,0.0760765,0.0768008,0.0775283,0.078259,0.0789929,0.0797298,0.0804697,0.0812125,0.0819583,0.0827068,0.0834581,0.0842121,0.0849688,0.085728,0.0864898
0.0951564,0.0904084,0.0859349,0.0815573,0.0773,0.07321,0.0693275,0.0656548,0.0621742,0.0589159,0.0559709,0.0534208,0.051289,0.0495483,0.0481476,0.0470316,0.0461503,0.0454613,0.0449305,0.0445306,0.0442397,0.0440406,0.0439195,0.043865,0.0438684,0.043922,0.0440199,0.044157,0.0443291,0.0445327,0.0447647,0.0450225,0.0453041,0.0456074,0.045931,0.0462732,0.0466328,0.0470088,0.0474002,0.047806,0.0482255,0.048658,0.0491028,0.0495594,0.0500271,0.0505056,0.0509944,0.0514931,0.0520012,0.0525185,0.0530446,0.0535792,0.054122,0.0546728,0.0552312,0.0557971,0.0563702,0.0569504,0.0575373,0.0581308,0.0587307,0.0593369,0.0599491,0.0605673,0.0611912,0.0618206,0.0624556,0.0630959,0.0637413,0.0643918,0.0650472,0.0657075,0.0663724,0.067042,0.067716,0.0683943,0.069077,0.0697638,0.0704547,0.0711496,0.0718484,0.072551,0.0732574,0.0739674,0.0746809,0.0753979,0.0761184,0.0768422,0.0775693,0.0782996,0.079033,0.0797695,0.080509,0.0812514,0.0819968,0.0827449,0.0834958,0.0842495,0.0850058,0.0857647,0.0865261
0.0953928,0.0906699,0.0862197,0.0818665,0.0776332,0.0735651,0.0697031,0.0660544,0.0626026,0.0593686,0.0564313,0.05387,0.0517139,0.0499429,0.0485107,0.0473648,0.0464561,0.0457428,0.0451904,0.0447715,0.0444639,0.0442501,0.0441159,0.0440499,0.0440429,0.0440872,0.0441768,0.0443063,0.0444716,0.0446689,0.0448952,0.0451478,0.0454246,0.0457235,0.0460429,0.0463813,0.0467374,0.0471101,0.0474984,0.0479013,0.0483181,0.048748,0.0491904,0.0496447,0.0501103,0.0505868,0.0510736,0.0515705,0.0520769,0.0525925,0.053117,0.0536501,0.0541915,0.0547409,0.055298,0.0558626,0.0564345,0.0570135,0.0575993,0.0581917,0.0587906,0.0593958,0.060007,0.0606242,0.0612472,0.0618759,0.06251,0.0631494,0.0637941,0.0644438,0.0650985,0.0657581,0.0664223,0.0670912,0.0677645,0.0684423,0.0691243,0.0698105,0.0705009,0.0711952,0.0718934,0.0725955,0.0733013,0.0740108,0.0747238,0.0754404,0.0761604,0.0768837,0.0776103,0.0783402,0.0790732,0.0798092,0.0805483,0.0812904,0.0820353,0.0827831,0.0835336,0.0842869,0.0850429,0.0858014,0.0865625
0.0956274,0.090929,0.0865016,0.082172,0.0779621,0.0739155,0.0700734,0.066447,0.063022,0.0598118,0.0568838,0.054314,0.0521361,0.0503366,0.0488741,0.0476989,0.0467632,0.0460256,0.0454518,0.0450139,0.0446895,0.0444609,0.0443136,0.0442359,0.0442184,0.0442535,0.0443346,0.0444565,0.0446149,0.0448059,0.0450264,0.0452738,0.0455457,0.0458402,0.0461554,0.04649,0.0468425,0.0472119,0.047597,0.047997,0.0484111,0.0488384,0.0492784,0.0497304,0.0501938,0.0506682,0.0511531,0.0516481,0.0521528,0.0526667,0.0531897,0.0537212,0.0542612,0.0548092,0.0553649,0.0559283,0.056499,0.0570768,0.0576614,0.0582528,0.0588506,0.0594548,0.0600651,0.0606814,0.0613035,0.0619312,0.0625645,0.0632031,0.063847,0.064496,0.0651499,0.0658087,0.0664723,0.0671405,0.0678132,0.0684903,0.0691717,0.0698573,0.0705471,0.0712408,0.0719385,0.0726401,0.0733453,0.0740543,0.0747669,0.0754829,0.0762024,0.0769253,0.0776515,0.0783809,0.0791134,0.0798491,0.0805878,0.0813294,0.0820739,0.0828213,0.0835715,0.0843244,0.08508,0.0858382,0.0865989
0.0958604,0.0911858,0.0867805,0.0824741,0.078287,0.0742614,0.0704385,0.0668329,0.0634328,0.0602457,0.0573285,0.0547526,0.0525553,0.050729,0.0492374,0.0480337,0.0470714,0.0463098,0.0457145,0.0452576,0.0449165,0.044673,0.0445125,0.044423,0.0443951,0.0444207,0.0444933,0.0446076,0.044759,0.0449437,0.0451584,0.0454005,0.0456675,0.0459574,0.0462685,0.0465992,0.0469481,0.0473141,0.0476961,0.0480932,0.0485044,0.0489292,0.0493667,0.0498164,0.0502777,0.05075,0.051233,0.0517261,0.052229,0.0527412,0.0532626,0.0537926,0.0543311,0.0548777,0.0554321,0.0559942,0.0565636,0.0571402,0.0577238,0.058314,0.0589108,0.059514,0.0601233,0.0607387,0.0613598,0.0619867,0.0626191,0.063257,0.0639,0.0645483,0.0652015,0.0658596,0.0665224,0.0671899,0.067862,0.0685384,0.0692192,0.0699042,0.0705934,0.0712866,0.0719837,0.0726847,0.0733895,0.0740979,0.07481,0.0755255,0.0762446,0.076967,0.0776927,0.0784217,0.0791538,0.079889,0.0806273,0.0813685,0.0821126,0.0828596,0.0836094,0.084362,0.0851172,0.085875,0.0866354
0.0960916,0.0914404,0.0870567,0.0827727,0.078608,0.0746028,0.0707985,0.0672126,0.0638357,0.0606709,0.0577654,0.0551856,0.0529712,0.05112,0.0496005,0.048369,0.0473806,0.0465952,0.0459786,0.0455027,0.0451448,0.0448863,0.0447126,0.0446113,0.0445728,0.0445889,0.044653,0.0447596,0.0449039,0.0450822,0.0452911,0.0455278,0.0457899,0.0460752,0.0463821,0.0467089,0.0470542,0.0474168,0.0477956,0.0481897,0.0485982,0.0490203,0.0494554,0.0499027,0.0503618,0.0508321,0.0513131,0.0518043,0.0523054,0.052816,0.0533357,0.0538642,0.0544012,0.0549464,0.0554995,0.0560603,0.0566285,0.0572039,0.0577863,0.0583755,0.0589712,0.0595734,0.0601817,0.0607961,0.0614164,0.0620424,0.0626739,0.0633109,0.0639532,0.0646007,0.0652531,0.0659105,0.0665726,0.0672395,0.0679108,0.0685867,0.0692668,0.0699513,0.0706398,0.0713324,0.072029,0.0727294,0.0734337,0.0741416,0.0748532,0.0755682,0.0762868,0.0770087,0.077734,0.0784625,0.0791942,0.079929,0.0806668,0.0814077,0.0821514,0.082898,0.0836474,0.0843996,0.0851544,0.0859119,0.086672
0.0963212,0.0916927,0.0873301,0.083068,0.0789251,0.0749401,0.0711538,0.0675863,0.064231,0.0610875,0.0581946,0.055613,0.0533836,0.0515093,0.0499632,0.0487046,0.0476906,0.0468816,0.0462438,0.045749,0.0453743,0.0451009,0.0449138,0.0448007,0.0447515,0.0447581,0.0448136,0.0449124,0.0450496,0.0452215,0.0454245,0.0456558,0.0459129,0.0461937,0.0464963,0.0468191,0.0471608,0.0475199,0.0478956,0.0482867,0.0486924,0.0491119,0.0495444,0.0499895,0.0504463,0.0509145,0.0513935,0.0518829,0.0523822,0.052891,0.0534091,0.0539361,0.0544716,0.0550154,0.0555671,0.0561266,0.0566936,0.0572678,0.057849,0.0584371,0.0590318,0.0596329,0.0602403,0.0608537,0.0614731,0.0620982,0.0627289,0.063365,0.0640065,0.0646532,0.0653049,0.0659615,0.066623,0.0672891,0.0679598,0.068635,0.0693146,0.0699984,0.0706863,0.0713784,0.0720744,0.0727743,0.073478,0.0741854,0.0748964,0.075611,0.0763291,0.0770506,0.0777754,0.0785034,0.0792347,0.079969,0.0807065,0.0814469,0.0821902,0.0829365,0.0836855,0.0844373,0.0851918,0.0859489,0.0867086
0.0965492,0.091943,0.0876009,0.0833602,0.0792385,0.0752732,0.0715045,0.0679545,0.0646193,0.0614962,0.0586162,0.0560345,0.0537923,0.0518967,0.0503252,0.0490405,0.0480013,0.0471691,0.0465102,0.0459966,0.045605,0.0453166,0.0451162,0.0449911,0.0449313,0.0449282,0.0449751,0.045066,0.0451962,0.0453615,0.0455586,0.0457844,0.0460365,0.0463127,0.046611,0.0469299,0.0472678,0.0476236,0.047996,0.0483841,0.0487869,0.0492038,0.0496338,0.0500765,0.0505311,0.0509972,0.0514742,0.0519617,0.0524592,0.0529663,0.0534828,0.0540082,0.0545422,0.0550845,0.0556349,0.0561931,0.0567588,0.0573318,0.0579119,0.0584989,0.0590925,0.0596926,0.060299,0.0609114,0.0615299,0.0621541,0.0627839,0.0634193,0.06406,0.0647058,0.0653568,0.0660127,0.0666735,0.0673389,0.0680089,0.0686835,0.0693624,0.0700456,0.070733,0.0714244,0.0721199,0.0728192,0.0735224,0.0742293,0.0749398,0.0756539,0.0763715,0.0770925,0.0778168,0.0785444,0.0792752,0.0800092,0.0807462,0.0814862,0.0822291,0.082975,0.0837236,0.084475,0.0852291,0.0859859,0.0867453
0.0967756,0.0921911,0.087869,0.0836492,0.0795483,0.0756022,0.0718507,0.0683173,0.0650009,0.0618971,0.0590304,0.0564501,0.0541971,0.0522818,0.0506863,0.0493763,0.0483126,0.0474574,0.0467777,0.0462452,0.0458368,0.0455335,0.0453196,0.0451826,0.045112,0.0450993,0.0451374,0.0452205,0.0453434,0.0455023,0.0456933,0.0459137,0.0461607,0.0464322,0.0467263,0.0470411,0.0473753,0.0477276,0.0480968,0.0484819,0.0488819,0.0492961,0.0497236,0.0501639,0.0506163,0.0510802,0.0515552,0.0520407,0.0525364,0.0530419,0.0535567,0.0540805,0.054613,0.0551539,0.055703,0.0562598,0.0568243,0.0573961,0.057975,0.0585608,0.0591534,0.0597524,0.0603578,0.0609693,0.0615868,0.0622102,0.0628392,0.0634737,0.0641135,0.0647586,0.0654088,0.066064,0.066724,0.0673888,0.0680582,0.068732,0.0694103,0.0700929,0.0707797,0.0714705,0.0721654,0.0728642,0.0735668,0.0742732,0.0749832,0.0756968,0.0764139,0.0771345,0.0778583,0.0785855,0.0793159,0.0800494,0.080786,0.0815256,0.0822681,0.0830135,0.0837618,0.0845128,0.0852666,0.086023,0.086782
0.0970005,0.0924372,0.0881347,0.0839352,0.0798546,0.0759274,0.0721925,0.0686751,0.0653762,0.0622908,0.0594374,0.0568598,0.0545977,0.0526646,0.0510464,0.049712,0.0486242,0.0477465,0.0470461,0.0464949,0.0460697,0.0457514,0.0455241,0.0453751,0.0452937,0.0452713,0.0453006,0.0453757,0.0454915,0.0456437,0.0458288,0.0460436,0.0462856,0.0465524,0.0468421,0.0471529,0.0474834,0.0478322,0.0481981,0.0485801,0.0489772,0.0493887,0.0498137,0.0502516,0.0507017,0.0511635,0.0516365,0.0521201,0.052614,0.0531177,0.0536308,0.0541531,0.0546841,0.0552236,0.0557712,0.0563267,0.0568899,0.0574605,0.0580383,0.058623,0.0592145,0.0598125,0.0604168,0.0610274,0.061644,0.0622664,0.0628945,0.0635282,0.0641672,0.0648115,0.065461,0.0661154,0.0667747,0.0674388,0.0681075,0.0687807,0.0694584,0.0701403,0.0708265,0.0715168,0.0722111,0.0729093,0.0736114,0.0743172,0.0750268,0.0757399,0.0764565,0.0771765,0.0778999,0.0786266,0.0793566,0.0800896,0.0808258,0.081565,0.0823071,0.0830522,0.0838,0.0845507,0.0853041,0.0860601,0.0868188
0.0972239,0.0926813,0.0883979,0.0842183,0.0801574,0.0762487,0.0725302,0.069028,0.0657456,0.0626775,0.0598375,0.0572636,0.0549941,0.0530448,0.0514052,0.0500474,0.0489362,0.0480363,0.0473154,0.0467456,0.0463037,0.0459704,0.0457296,0.0455686,0.0454764,0.0454442,0.0454647,0.0455318,0.0456403,0.0457859,0.0459649,0.0461742,0.046411,0.0466731,0.0469584,0.0472652,0.0475919,0.0479371,0.0482998,0.0486787,0.049073,0.0494817,0.0499042,0.0503397,0.0507875,0.0512471,0.0517181,0.0521998,0.0526918,0.0531937,0.0537052,0.0542259,0.0547554,0.0552934,0.0558396,0.0563939,0.0569558,0.0575251,0.0581017,0.0586853,0.0592757,0.0598726,0.060476,0.0610856,0.0617012,0.0623228,0.06295,0.0635828,0.064221,0.0648646,0.0655132,0.0661669,0.0668255,0.0674889,0.0681569,0.0688295,0.0695065,0.0701878,0.0708734,0.0715631,0.0722568,0.0729545,0.0736561,0.0743614,0.0750704,0.075783,0.0764991,0.0772187,0.0779416,0.0786679,0.0793973,0.08013,0.0808657,0.0816045,0.0823462,0.0830909,0.0838384,0.0845886,0.0853416,0.0860973,0.0868556
0.0974458,0.0929235,0.0886588,0.0844985,0.080457,0.0765663,0.0728638,0.0693763,0.0661094,0.0630576,0.0602308,0.0576616,0.0553862,0.0534223,0.0517626,0.0503822,0.0492483,0.0483266,0.0475854,0.0469973,0.0465387,0.0461903,0.0459362,0.045763,0.0456599,0.045618,0.0456296,0.0456887,0.0457899,0.0459288,0.0461017,0.0463054,0.046537,0.0467944,0.0470753,0.0473779,0.0477008,0.0480426,0.0484019,0.0487777,0.0491691,0.0495751,0.049995,0.050428,0.0508736,0.0513311,0.0517999,0.0522797,0.0527699,0.0532701,0.0537799,0.0542989,0.0548269,0.0553634,0.0559083,0.0564612,0.0570218,0.0575899,0.0581653,0.0587478,0.0593371,0.059933,0.0605353,0.061144,0.0617587,0.0623793,0.0630056,0.0636376,0.064275,0.0649177,0.0655656,0.0662186,0.0668765,0.0675391,0.0682065,0.0688784,0.0695547,0.0702354,0.0709204,0.0716095,0.0723027,0.0729998,0.0737008,0.0744056,0.0751141,0.0758262,0.0765418,0.0772609,0.0779834,0.0787092,0.0794382,0.0801704,0.0809057,0.0816441,0.0823854,0.0831296,0.0838767,0.0846266,0.0853793,0.0861346,0.0868925
0.0976662,0.0931638,0.0889173,0.0847759,0.0807533,0.0768804,0.0731935,0.0697202,0.0664678,0.0634314,0.0606175,0.0580537,0.0557739,0.0537968,0.0521183,0.0507164,0.0495604,0.0486173,0.0478562,0.0472497,0.0467746,0.0464113,0.0461436,0.0459584,0.0458444,0.0457926,0.0457953,0.0458463,0.0459402,0.0460724,0.0462391,0.0464372,0.0466636,0.0469162,0.0471926,0.0474912,0.0478103,0.0481484,0.0485044,0.0488771,0.0492656,0.0496688,0.0500861,0.0505167,0.05096,0.0514153,0.0518821,0.0523599,0.0528482,0.0533466,0.0538547,0.0543722,0.0548986,0.0554337,0.0559772,0.0565287,0.057088,0.0576549,0.0582291,0.0588104,0.0593986,0.0599935,0.0605948,0.0612025,0.0618162,0.0624359,0.0630614,0.0636925,0.0643291,0.064971,0.0656181,0.0662703,0.0669275,0.0675894,0.0682561,0.0689273,0.0696031,0.0702831,0.0709675,0.071656,0.0723486,0.0730452,0.0737456,0.0744499,0.0751578,0.0758694,0.0765846,0.0773032,0.0780252,0.0787505,0.0794791,0.0802109,0.0809458,0.0816837,0.0824246,0.0831685,0.0839152,0.0846647,0.0854169,0.0861719,0.0869295
0.0978852,0.0934022,0.0891735,0.0850506,0.0810465,0.0771909,0.0735193,0.0700597,0.0668211,0.0637993,0.0609979,0.0584401,0.0561571,0.0541683,0.0524723,0.0510499,0.0498724,0.0489084,0.0481276,0.047503,0.0470114,0.0466331,0.046352,0.0461546,0.0460297,0.045968,0.0459619,0.0460047,0.0460912,0.0462166,0.0463772,0.0465696,0.0467908,0.0470385,0.0473105,0.047605,0.0479202,0.0482547,0.0486074,0.048977,0.0493624,0.0497629,0.0501776,0.0506058,0.0510467,0.0514998,0.0519645,0.0524404,0.0529268,0.0534234,0.0539298,0.0544457,0.0549706,0.0555042,0.0560462,0.0565964,0.0571544,0.0577201,0.0582931,0.0588733,0.0594604,0.0600542,0.0606545,0.0612611,0.0618739,0.0624927,0.0631173,0.0637475,0.0643833,0.0650244,0.0656708,0.0663222,0.0669786,0.0676399,0.0683059,0.0689764,0.0696515,0.070331,0.0710147,0.0717026,0.0723946,0.0730906,0.0737905,0.0744942,0.0752017,0.0759128,0.0766274,0.0773455,0.0780671,0.078792,0.0795201,0.0802514,0.0809859,0.0817234,0.0824639,0.0832074,0.0839537,0.0847028,0.0854547,0.0862093,0.0869665
0.0981029,0.0936388,0.0894276,0.0853227,0.0813366,0.077498,0.0738415,0.0703951,0.0671696,0.0641615,0.0613722,0.0588208,0.0565357,0.0545366,0.0528243,0.0513823,0.0501842,0.0491997,0.0483996,0.047757,0.0472489,0.0468558,0.0465613,0.0463518,0.0462159,0.0461443,0.0461292,0.0461639,0.0462429,0.0463616,0.0465159,0.0467026,0.0469186,0.0471614,0.0474289,0.0477192,0.0480305,0.0483615,0.0487108,0.0490772,0.0494597,0.0498574,0.0502695,0.0506952,0.0511337,0.0515846,0.0520473,0.0525211,0.0530057,0.0535005,0.0540052,0.0545194,0.0550427,0.0555749,0.0561155,0.0566643,0.057221,0.0577855,0.0583573,0.0589363,0.0595223,0.060115,0.0607143,0.0613199,0.0619318,0.0625496,0.0631733,0.0638027,0.0644376,0.065078,0.0657235,0.0663742,0.0670299,0.0676904,0.0683557,0.0690256,0.0697,0.0703789,0.071062,0.0717493,0.0724408,0.0731362,0.0738355,0.0745387,0.0752456,0.0759562,0.0766704,0.077388,0.0781091,0.0788335,0.0795612,0.0802921,0.0810261,0.0817632,0.0825033,0.0832463,0.0839922,0.084741,0.0854925,0.0862467,0.0870036
0.0983191,0.0938737,0.0896795,0.0855922,0.0816238,0.0778018,0.07416,0.0707265,0.0675134,0.0645182,0.0617407,0.059196,0.0569098,0.0549017,0.0531743,0.0517137,0.0504956,0.0494912,0.0486719,0.0480116,0.0474873,0.0470794,0.0467714,0.0465498,0.0464029,0.0463214,0.0462972,0.0463238,0.0463953,0.0465072,0.0466553,0.0468362,0.0470469,0.0472849,0.0475479,0.0478339,0.0481414,0.0484687,0.0488145,0.0491778,0.0495573,0.0499522,0.0503617,0.0507848,0.0512211,0.0516698,0.0521303,0.0526021,0.0530848,0.0535778,0.0540808,0.0545934,0.0551151,0.0556458,0.056185,0.0567324,0.0572878,0.057851,0.0584216,0.0589995,0.0595843,0.060176,0.0607742,0.0613789,0.0619898,0.0626067,0.0632295,0.063858,0.0644921,0.0651316,0.0657764,0.0664263,0.0670813,0.0677411,0.0684057,0.0690749,0.0697487,0.0704269,0.0711094,0.0717961,0.072487,0.0731818,0.0738806,0.0745833,0.0752897,0.0759997,0.0767134,0.0774305,0.0781511,0.0788751,0.0796023,0.0803327,0.0810663,0.081803,0.0825427,0.0832853,0.0840309,0.0847792,0.0855304,0.0862842,0.0870407
0.098534,0.0941068,0.0899293,0.0858592,0.081908,0.0781024,0.074475,0.071054,0.0678528,0.0648699,0.0621035,0.0595658,0.0572794,0.0552634,0.053522,0.0520438,0.0508065,0.0497826,0.0489447,0.0482668,0.0477263,0.0473037,0.0469823,0.0467485,0.0465907,0.0464993,0.0464661,0.0464844,0.0465484,0.0466534,0.0467953,0.0469704,0.0471758,0.0474088,0.0476673,0.0479491,0.0482526,0.0485763,0.0489187,0.0492788,0.0496553,0.0500474,0.0504542,0.0508748,0.0513087,0.0517552,0.0522136,0.0526834,0.0531641,0.0536554,0.0541566,0.0546675,0.0551877,0.0557169,0.0562546,0.0568007,0.0573548,0.0579167,0.0584861,0.0590628,0.0596465,0.0602371,0.0608343,0.061438,0.0620479,0.0626639,0.0632858,0.0639134,0.0645467,0.0651854,0.0658294,0.0664786,0.0671328,0.0677919,0.0684558,0.0691243,0.0697974,0.070475,0.0711569,0.071843,0.0725333,0.0732276,0.0739258,0.0746279,0.0753338,0.0760433,0.0767565,0.0774731,0.0781932,0.0789167,0.0796435,0.0803735,0.0811067,0.0818429,0.0825822,0.0833244,0.0840696,0.0848175,0.0855683,0.0863217,0.0870779
0.0987476,0.0943382,0.090177,0.0861238,0.0821895,0.0783998,0.0747865,0.0713778,0.068188,0.0652165,0.062461,0.0599303,0.0576444,0.0556216,0.0538675,0.0523726,0.0511167,0.050074,0.0492177,0.0485225,0.047966,0.0475287,0.047194,0.0469481,0.0467793,0.0466779,0.0466356,0.0466456,0.0467022,0.0468003,0.0469358,0.0471052,0.0473052,0.0475333,0.0477872,0.0480648,0.0483644,0.0486843,0.0490233,0.0493801,0.0497537,0.0501429,0.050547,0.0509652,0.0513967,0.0518409,0.0522971,0.0527649,0.0532438,0.0537332,0.0542327,0.054742,0.0552606,0.0557882,0.0563245,0.0568692,0.057422,0.0579826,0.0585508,0.0591263,0.0597089,0.0602984,0.0608946,0.0614972,0.0621062,0.0627212,0.0633422,0.063969,0.0646014,0.0652393,0.0658825,0.0665309,0.0671844,0.0678427,0.0685059,0.0691738,0.0698463,0.0705232,0.0712045,0.07189,0.0725796,0.0732734,0.0739711,0.0746726,0.0753779,0.076087,0.0767996,0.0775158,0.0782354,0.0789585,0.0796848,0.0804143,0.0811471,0.0818829,0.0826218,0.0833636,0.0841083,0.0848559,0.0856063,0.0863594,0.0871151
0.0989599,0.094568,0.0904227,0.086386,0.0824681,0.0786941,0.0750947,0.071698,0.068519,0.0655585,0.0628133,0.0602897,0.0580049,0.0559763,0.0542105,0.0527,0.0514263,0.0503652,0.0494909,0.0487786,0.0482063,0.0477544,0.0474064,0.0471484,0.0469686,0.0468572,0.0468059,0.0468076,0.0468566,0.0469478,0.047077,0.0472405,0.0474352,0.0476583,0.0479076,0.0481809,0.0484765,0.0487928,0.0491283,0.0494819,0.0498524,0.0502388,0.0506402,0.0510558,0.0514849,0.0519269,0.052381,0.0528468,0.0533237,0.0538112,0.054309,0.0548166,0.0553336,0.0558597,0.0563946,0.0569379,0.0574894,0.0580487,0.0586156,0.05919,0.0597715,0.0603599,0.060955,0.0615566,0.0621646,0.0627787,0.0633988,0.0640247,0.0646563,0.0652933,0.0659357,0.0665834,0.0672361,0.0678937,0.0685562,0.0692234,0.0698952,0.0705715,0.0712521,0.071937,0.0726261,0.0733193,0.0740164,0.0747174,0.0754222,0.0761307,0.0768429,0.0775586,0.0782777,0.0790003,0.0797261,0.0804552,0.0811875,0.0819229,0.0826614,0.0834028,0.0841471,0.0848943,0.0856443,0.086397,0.0871524
0.0991709,0.0947961,0.0906665,0.0866459,0.0827441,0.0789854,0.0753997,0.0720146,0.0688462,0.065896,0.0631605,0.060644,0.0583609,0.0563275,0.054551,0.0530257,0.051735,0.0506561,0.0497641,0.0490351,0.0484471,0.0479807,0.0476195,0.0473494,0.0471587,0.0470373,0.0469768,0.0469703,0.0470117,0.047096,0.0472188,0.0473764,0.0475657,0.0477838,0.0480285,0.0482975,0.0485891,0.0489017,0.0492337,0.049584,0.0499515,0.050335,0.0507337,0.0511468,0.0515735,0.0520131,0.0524651,0.0529288,0.0534038,0.0538895,0.0543855,0.0548915,0.0554069,0.0559315,0.0564649,0.0570068,0.0575569,0.058115,0.0586807,0.0592538,0.0598342,0.0604215,0.0610155,0.0616162,0.0622232,0.0628363,0.0634555,0.0640805,0.0647112,0.0653475,0.0659891,0.0666359,0.0672879,0.0679448,0.0686066,0.0692731,0.0699443,0.0706199,0.0712999,0.0719842,0.0726727,0.0733653,0.0740618,0.0747623,0.0754666,0.0761746,0.0768862,0.0776014,0.0783201,0.0790421,0.0797675,0.0804962,0.0812281,0.081963,0.0827011,0.0834421,0.084186,0.0849328,0.0856824,0.0864347,0.0871898
0.0993807,0.0950227,0.0909084,0.0869035,0.0830175,0.0792738,0.0757015,0.0723279,0.0691695,0.0662291,0.063503,0.0609935,0.0587126,0.0566752,0.054889,0.0533498,0.0520427,0.0509466,0.0500374,0.0492919,0.0486883,0.0482076,0.0478332,0.0475511,0.0473494,0.047218,0.0471484,0.0471336,0.0471674,0.0472447,0.0473611,0.0475129,0.0476967,0.0479099,0.0481499,0.0484146,0.0487022,0.049011,0.0493395,0.0496865,0.0500509,0.0504315,0.0508275,0.0512381,0.0516623,0.0520997,0.0525495,0.0530112,0.0534842,0.053968,0.0544623,0.0549665,0.0554804,0.0560034,0.0565353,0.0570759,0.0576246,0.0581814,0.0587459,0.0593178,0.059897,0.0604832,0.0610762,0.0616758,0.0622819,0.0628941,0.0635123,0.0641365,0.0647663,0.0654017,0.0660425,0.0666886,0.0673398,0.067996,0.0686571,0.0693229,0.0699934,0.0706684,0.0713478,0.0720315,0.0727193,0.0734113,0.0741073,0.0748073,0.075511,0.0762185,0.0769296,0.0776443,0.0783625,0.0790841,0.079809,0.0805372,0.0812687,0.0820032,0.0827408,0.0834814,0.0842249,0.0849713,0.0857206,0.0864725,0.0872272
0.0995893,0.0952477,0.0911483,0.0871589,0.0832884,0.0795594,0.0760002,0.0726378,0.0694892,0.0665582,0.063841,0.0613382,0.0590598,0.0570192,0.0552242,0.053672,0.0523494,0.0512366,0.0503107,0.0495489,0.04893,0.0484351,0.0480476,0.0477535,0.0475408,0.0473994,0.0473207,0.0472975,0.0473237,0.047394,0.047504,0.0476499,0.0478283,0.0480364,0.0482717,0.0485321,0.0488156,0.0491206,0.0494457,0.0497894,0.0501507,0.0505284,0.0509217,0.0513296,0.0517515,0.0521865,0.0526342,0.0530938,0.0535648,0.0540468,0.0545393,0.0550418,0.0555541,0.0560756,0.056606,0.0571451,0.0576925,0.058248,0.0588112,0.059382,0.0599601,0.0605452,0.0611371,0.0617357,0.0623407,0.062952,0.0635693,0.0641926,0.0648215,0.0654561,0.0660961,0.0667414,0.0673919,0.0680473,0.0687077,0.0693729,0.0700426,0.070717,0.0713957,0.0720788,0.0727661,0.0734575,0.0741529,0.0748523,0.0755555,0.0762625,0.0769731,0.0776873,0.078405,0.0791261,0.0798506,0.0805784,0.0813093,0.0820434,0.0827806,0.0835208,0.0842639,0.0850099,0.0857588,0.0865104,0.0872647
0.0997966,0.0954712,0.0913865,0.0874121,0.0835567,0.0798422,0.0762959,0.0729445,0.0698054,0.0668832,0.0641745,0.0616784,0.0594028,0.0573596,0.0555567,0.0539924,0.052655,0.051526,0.0505837,0.049806,0.049172,0.048663,0.0482625,0.0479564,0.0477328,0.0475814,0.0474936,0.0474621,0.0474806,0.0475439,0.0476475,0.0477874,0.0479603,0.0481634,0.048394,0.04865,0.0489295,0.0492307,0.0495522,0.0498927,0.0502508,0.0506256,0.0510162,0.0514215,0.0518409,0.0522737,0.0527191,0.0531766,0.0536457,0.0541258,0.0546165,0.0551174,0.055628,0.0561479,0.0566769,0.0572146,0.0577606,0.0583148,0.0588768,0.0594464,0.0600232,0.0606072,0.0611981,0.0617957,0.0623997,0.06301,0.0636264,0.0642488,0.0648769,0.0655106,0.0661498,0.0667943,0.067444,0.0680988,0.0687584,0.0694229,0.070092,0.0707657,0.0714438,0.0721262,0.0728129,0.0735038,0.0741986,0.0748974,0.0756001,0.0763065,0.0770166,0.0777303,0.0784475,0.0791682,0.0798922,0.0806195,0.0813501,0.0820837,0.0828205,0.0835603,0.084303,0.0850486,0.0857971,0.0865483,0.0873022
0.100003,0.0956932,0.0916229,0.0876633,0.0838227,0.0801222,0.0765886,0.073248,0.0701181,0.0672044,0.0645037,0.0620142,0.0597416,0.0576965,0.0558865,0.0543108,0.0529593,0.0518148,0.0508566,0.0500632,0.0494143,0.0488913,0.0484779,0.0481599,0.0479254,0.047764,0.0476671,0.0476272,0.0476381,0.0476944,0.0477915,0.0479255,0.0480929,0.0482908,0.0485168,0.0487684,0.0490438,0.0493412,0.0496592,0.0499963,0.0503513,0.0507232,0.051111,0.0515137,0.0519307,0.0523611,0.0528043,0.0532598,0.0537269,0.0542051,0.054694,0.0551931,0.0557021,0.0562205,0.056748,0.0572842,0.0578289,0.0583818,0.0589425,0.0595109,0.0600866,0.0606695,0.0612593,0.0618558,0.0624588,0.0630681,0.0636836,0.0643051,0.0649323,0.0655652,0.0662036,0.0668474,0.0674963,0.0681503,0.0688092,0.069473,0.0701414,0.0708144,0.0714919,0.0721738,0.0728599,0.0735501,0.0742444,0.0749426,0.0756448,0.0763507,0.0770602,0.0777735,0.0784902,0.0792104,0.0799339,0.0806608,0.0813909,0.0821241,0.0828604,0.0835998,0.0843421,0.0850873,0.0858354,0.0865862,0.0873398
0.100208,0.0959137,0.0918575,0.0879124,0.0840863,0.0803997,0.0768785,0.0735484,0.0704275,0.067522,0.0648289,0.0623457,0.0600763,0.0580298,0.0562134,0.0546273,0.0532623,0.0521028,0.0511291,0.0503204,0.0496569,0.04912,0.0486938,0.048364,0.0481186,0.0479473,0.0478412,0.047793,0.0477962,0.0478454,0.047936,0.048064,0.0482259,0.0484188,0.04864,0.0488872,0.0491585,0.0494521,0.0497665,0.0501003,0.0504522,0.0508211,0.0512061,0.0516062,0.0520207,0.0524488,0.0528898,0.0533431,0.0538082,0.0542846,0.0547717,0.0552691,0.0557764,0.0562932,0.0568192,0.057354,0.0578974,0.0584489,0.0590084,0.0595755,0.0601501,0.0607318,0.0613206,0.061916,0.0625181,0.0631264,0.063741,0.0643615,0.0649879,0.06562,0.0662576,0.0669005,0.0675487,0.0682019,0.0688601,0.0695232,0.070191,0.0708633,0.0715402,0.0722214,0.0729069,0.0735965,0.0742902,0.0749879,0.0756895,0.0763949,0.077104,0.0778167,0.0785329,0.0792526,0.0799757,0.0807021,0.0814317,0.0821645,0.0829004,0.0836394,0.0843813,0.0851261,0.0858738,0.0866242,0.0873774
0.100412,0.0961328,0.0920904,0.0881594,0.0843475,0.0806745,0.0771656,0.0738459,0.0707337,0.067836,0.0651502,0.0626731,0.060407,0.0583595,0.0565375,0.0549416,0.0535639,0.05239,0.0514012,0.0505776,0.0498996,0.0493491,0.0489101,0.0485686,0.0483123,0.0481311,0.0480159,0.0479593,0.0479548,0.047997,0.0480811,0.0482031,0.0483595,0.0485472,0.0487636,0.0490064,0.0492736,0.0495634,0.0498742,0.0502046,0.0505533,0.0509193,0.0513015,0.051699,0.052111,0.0525367,0.0529755,0.0534268,0.0538899,0.0543643,0.0548496,0.0553453,0.0558509,0.0563662,0.0568907,0.0574241,0.057966,0.0585162,0.0590744,0.0596403,0.0602137,0.0607944,0.061382,0.0619764,0.0625775,0.0631849,0.0637985,0.0644181,0.0650436,0.0656748,0.0663116,0.0669537,0.0676011,0.0682537,0.0689112,0.0695735,0.0702406,0.0709123,0.0715885,0.0722691,0.072954,0.073643,0.0743362,0.0750333,0.0757343,0.0764392,0.0771477,0.0778599,0.0785757,0.0792949,0.0800175,0.0807435,0.0814726,0.082205,0.0829405,0.083679,0.0844205,0.085165,0.0859122,0.0866623,0.0874151
0.100614,0.0963504,0.0923216,0.0884045,0.0846065,0.0809468,0.0774499,0.0741405,0.0710368,0.0681465,0.0654677,0.0629964,0.0607337,0.0586857,0.0568587,0.0552537,0.0538641,0.0526763,0.0516729,0.0508346,0.0501424,0.0495785,0.0491269,0.0487736,0.0485066,0.0483154,0.0481911,0.0481261,0.048114,0.0481491,0.0482267,0.0483427,0.0484935,0.0486761,0.0488877,0.0491261,0.0493892,0.0496751,0.0499823,0.0503093,0.0506548,0.0510178,0.0513972,0.0517921,0.0522016,0.052625,0.0530615,0.0535106,0.0539717,0.0544442,0.0549277,0.0554217,0.0559257,0.0564393,0.0569623,0.0574943,0.0580348,0.0585837,0.0591406,0.0597053,0.0602776,0.0608571,0.0614436,0.062037,0.062637,0.0632434,0.0638561,0.0644748,0.0650995,0.0657298,0.0663658,0.0670071,0.0676537,0.0683055,0.0689623,0.0696239,0.0702903,0.0709614,0.0716369,0.0723169,0.0730011,0.0736896,0.0743822,0.0750788,0.0757792,0.0764836,0.0771916,0.0779033,0.0786185,0.0793373,0.0800594,0.0807849,0.0815136,0.0822456,0.0829806,0.0837187,0.0844598,0.0852039,0.0859507,0.0867004,0.0874529
0.100816,0.0965667,0.0925512,0.0886477,0.0848633,0.0812167,0.0777316,0.0744322,0.0713369,0.0684538,0.0657815,0.0633159,0.0610566,0.0590084,0.057177,0.0555637,0.0541626,0.0529616,0.0519441,0.0510915,0.0503853,0.049808,0.049344,0.0489791,0.0487013,0.0485002,0.0483668,0.0482935,0.0482736,0.0483017,0.0483728,0.0484827,0.048628,0.0488054,0.0490122,0.0492462,0.0495051,0.0497871,0.0500907,0.0504143,0.0507567,0.0511167,0.0514933,0.0518855,0.0522925,0.0527135,0.0531478,0.0535948,0.0540538,0.0545244,0.0550061,0.0554983,0.0560006,0.0565127,0.0570342,0.0575646,0.0581038,0.0586514,0.059207,0.0597705,0.0603415,0.0609199,0.0615053,0.0620977,0.0626967,0.0633021,0.0639138,0.0645317,0.0651554,0.0657849,0.06642,0.0670606,0.0677064,0.0683574,0.0690135,0.0696744,0.0703401,0.0710105,0.0716854,0.0723648,0.0730484,0.0737363,0.0744283,0.0751243,0.0758242,0.076528,0.0772355,0.0779467,0.0786615,0.0793797,0.0801014,0.0808264,0.0815547,0.0822862,0.0830208,0.0837585,0.0844992,0.0852428,0.0859893,0.0867386,0.0874907
0.101017,0.0967817,0.0927792,0.0888891,0.085118,0.0814842,0.0780106,0.0747211,0.0716339,0.0687578,0.0660919,0.0636317,0.0613758,0.0593277,0.0574924,0.0558714,0.0544596,0.0532459,0.0522146,0.0513481,0.0506282,0.0500378,0.0495614,0.049185,0.0488965,0.0486856,0.0485431,0.0484614,0.0484338,0.0484548,0.0485193,0.0486232,0.0487629,0.0489351,0.0491372,0.0493667,0.0496214,0.0498996,0.0501995,0.0505197,0.0508589,0.0512159,0.0515896,0.0519791,0.0523836,0.0528022,0.0532343,0.0536791,0.0541362,0.0546048,0.0550846,0.0555751,0.0560758,0.0565863,0.0571062,0.0576352,0.058173,0.0587192,0.0592736,0.0598358,0.0604057,0.0609829,0.0615672,0.0621585,0.0627565,0.0633609,0.0639717,0.0645886,0.0652115,0.0658401,0.0664744,0.0671142,0.0677592,0.0684095,0.0690648,0.069725,0.0703901,0.0710598,0.071734,0.0724127,0.0730958,0.0737831,0.0744745,0.0751699,0.0758693,0.0765725,0.0772795,0.0779902,0.0787045,0.0794222,0.0801434,0.080868,0.0815958,0.0823269,0.0830611,0.0837983,0.0845386,0.0852818,0.0860279,0.0867769,0.0875285
0.101216,0.0969953,0.0930056,0.0891285,0.0853706,0.0817493,0.0782871,0.0750073,0.0719282,0.0690588,0.0663988,0.0639438,0.0616913,0.0596436,0.057805,0.0561768,0.0547549,0.0535291,0.0524845,0.0516044,0.050871,0.0502677,0.049779,0.0493912,0.0490921,0.0488713,0.0487198,0.0486298,0.0485945,0.0486084,0.0486664,0.0487642,0.0488983,0.0490653,0.0492626,0.0494875,0.0497381,0.0500123,0.0503086,0.0506254,0.0509614,0.0513154,0.0516862,0.0520731,0.052475,0.0528913,0.0533211,0.0537637,0.0542187,0.0546855,0.0551634,0.0556521,0.0561511,0.05666,0.0571784,0.057706,0.0582423,0.0587872,0.0593403,0.0599013,0.0604699,0.061046,0.0616293,0.0622195,0.0628164,0.0634199,0.0640297,0.0646457,0.0652677,0.0658955,0.0665289,0.0671678,0.0678121,0.0684616,0.0691162,0.0697757,0.0704401,0.0711091,0.0717827,0.0724608,0.0731432,0.0738299,0.0745207,0.0752156,0.0759144,0.0766171,0.0773236,0.0780338,0.0787475,0.0794648,0.0801855,0.0809096,0.081637,0.0823676,0.0831014,0.0838382,0.0845781,0.0853209,0.0860666,0.0868151,0.0875664
0.101414,0.0972076,0.0932305,0.0893662,0.0856211,0.0820121,0.0785612,0.0752909,0.0722196,0.0693567,0.0667025,0.0642524,0.0620033,0.0599562,0.0581146,0.05648,0.0550485,0.0538111,0.0527537,0.0518603,0.0511138,0.0504977,0.049997,0.0495978,0.0492881,0.0490576,0.048897,0.0487986,0.0487557,0.0487624,0.0488139,0.0489057,0.0490341,0.0491959,0.0493883,0.0496088,0.0498552,0.0501255,0.0504181,0.0507315,0.0510642,0.0514151,0.0517832,0.0521673,0.0525667,0.0529806,0.0534081,0.0538486,0.0543015,0.0547663,0.0552424,0.0557293,0.0562267,0.0567339,0.0572508,0.0577769,0.0583118,0.0588554,0.0594071,0.0599669,0.0605344,0.0611093,0.0616914,0.0622806,0.0628765,0.063479,0.0640878,0.0647029,0.065324,0.0659509,0.0665835,0.0672216,0.0678652,0.0685139,0.0691677,0.0698265,0.0704902,0.0711585,0.0718315,0.0725089,0.0731908,0.0738768,0.0745671,0.0752614,0.0759597,0.0766618,0.0773678,0.0780774,0.0787907,0.0795075,0.0802277,0.0809513,0.0816783,0.0824084,0.0831418,0.0838782,0.0846176,0.08536,0.0861054,0.0868535,0.0876044
0.101612,0.0974187,0.0934539,0.0896022,0.0858696,0.0822727,0.0788327,0.0755718,0.0725082,0.0696517,0.0670031,0.0645577,0.0623118,0.0602655,0.0584214,0.0567807,0.0553404,0.0540918,0.0530221,0.0521158,0.0513563,0.0507278,0.0502151,0.0498046,0.0494845,0.0492442,0.0490746,0.0489679,0.0489173,0.0489169,0.0489618,0.0490475,0.0491704,0.049327,0.0495145,0.0497305,0.0499726,0.050239,0.0505279,0.0508378,0.0511674,0.0515152,0.0518804,0.0522619,0.0526587,0.0530701,0.0534953,0.0539337,0.0543846,0.0548474,0.0553216,0.0558068,0.0563024,0.0568081,0.0573234,0.057848,0.0583815,0.0589237,0.0594742,0.0600327,0.0605989,0.0611727,0.0617537,0.0623418,0.0629367,0.0635382,0.0641461,0.0647602,0.0653804,0.0660065,0.0666382,0.0672755,0.0679183,0.0685663,0.0692194,0.0698774,0.0705404,0.0712081,0.0718804,0.0725572,0.0732384,0.0739238,0.0746135,0.0753072,0.076005,0.0767066,0.077412,0.0781211,0.0788339,0.0795502,0.08027,0.0809931,0.0817196,0.0824493,0.0831822,0.0839182,0.0846572,0.0853992,0.0861441,0.0868919,0.0876424
0.101808,0.0976284,0.0936757,0.0898364,0.0861161,0.0825311,0.0791019,0.0758503,0.0727942,0.0699439,0.0673005,0.0648597,0.062617,0.0605717,0.0587253,0.0570792,0.0556304,0.0543713,0.0532897,0.0523708,0.0515987,0.0509578,0.0504333,0.0500118,0.0496812,0.0494312,0.0492527,0.0491376,0.0490793,0.0490719,0.0491102,0.0491898,0.049307,0.0494584,0.0496411,0.0498525,0.0500904,0.0503529,0.0506381,0.0509446,0.0512708,0.0516157,0.0519779,0.0523567,0.052751,0.0531599,0.0535829,0.0540191,0.0544679,0.0549287,0.0554011,0.0558844,0.0563784,0.0568824,0.0573962,0.0579193,0.0584514,0.0589922,0.0595414,0.0600986,0.0606637,0.0612363,0.0618162,0.0624032,0.062997,0.0635975,0.0642045,0.0648177,0.0654369,0.0660621,0.0666931,0.0673296,0.0679715,0.0686187,0.0692711,0.0699284,0.0705907,0.0712577,0.0719293,0.0726055,0.0732861,0.0739709,0.07466,0.0753532,0.0760503,0.0767514,0.0774563,0.0781649,0.0788772,0.079593,0.0803123,0.081035,0.081761,0.0824903,0.0832227,0.0839583,0.0846969,0.0854385,0.086183,0.0869304,0.0876805
0.102004,0.097837,0.0938962,0.0900689,0.0863607,0.0827873,0.0793688,0.0761263,0.0730776,0.0702333,0.067595,0.0651585,0.062919,0.0608746,0.0590264,0.0573753,0.0559186,0.0546494,0.0535563,0.0526252,0.0518408,0.0511878,0.0506517,0.0502191,0.0498783,0.0496186,0.0494311,0.0493078,0.0492418,0.0492273,0.049259,0.0493326,0.0494441,0.0495903,0.0497681,0.0499749,0.0502086,0.0504671,0.0507486,0.0510516,0.0513746,0.0517164,0.0520758,0.0524518,0.0528435,0.05325,0.0536706,0.0541046,0.0545514,0.0550102,0.0554807,0.0559623,0.0564545,0.0569569,0.0574691,0.0579907,0.0585214,0.0590609,0.0596087,0.0601647,0.0607285,0.0613,0.0618788,0.0624647,0.0630575,0.063657,0.064263,0.0648752,0.0654936,0.0661179,0.066748,0.0673837,0.0680248,0.0686713,0.0693229,0.0699795,0.0706411,0.0713074,0.0719784,0.0726539,0.0733339,0.0740181,0.0747066,0.0753992,0.0760958,0.0767963,0.0775007,0.0782088,0.0789205,0.0796358,0.0803546,0.0810769,0.0818024,0.0825313,0.0832633,0.0839984,0.0847366,0.0854778,0.0862219,0.0869689,0.0877187
0.102198,0.0980443,0.0941152,0.0902998,0.0866034,0.0830414,0.0796334,0.0763998,0.0733585,0.07052,0.0678866,0.0654542,0.0632177,0.0611745,0.0593247,0.057669,0.056205,0.0549261,0.053822,0.0528791,0.0520826,0.0514178,0.0508701,0.0504267,0.0500756,0.0498063,0.0496099,0.0494783,0.0494047,0.0493831,0.0494082,0.0494757,0.0495816,0.0497225,0.0498954,0.0500977,0.0503272,0.0505817,0.0508595,0.0511589,0.0514787,0.0518174,0.0521739,0.0525471,0.0529362,0.0533403,0.0537586,0.0541904,0.0546351,0.055092,0.0555606,0.0560404,0.0565308,0.0570316,0.0575423,0.0580624,0.0585916,0.0591297,0.0596762,0.0602309,0.0607936,0.0613638,0.0619415,0.0625263,0.0631181,0.0637166,0.0643216,0.0649329,0.0655504,0.0661738,0.066803,0.0674379,0.0680783,0.0687239,0.0693748,0.0700307,0.0706916,0.0713572,0.0720275,0.0727024,0.0733817,0.0740654,0.0747533,0.0754453,0.0761413,0.0768413,0.0775451,0.0782527,0.0789639,0.0796788,0.0803971,0.0811188,0.0818439,0.0825723,0.0833039,0.0840386,0.0847764,0.0855172,0.0862609,0.0870075,0.0877568
0.102392,0.0982505,0.0943328,0.090529,0.0868443,0.0832935,0.0798957,0.076671,0.0736369,0.0708042,0.0681754,0.065747,0.0635134,0.0614713,0.0596203,0.0579603,0.0564894,0.0552015,0.0540867,0.0531323,0.0523241,0.0516475,0.0510886,0.0506344,0.0502731,0.0499944,0.0497891,0.0496493,0.049568,0.0495393,0.0495579,0.0496192,0.0497195,0.0498551,0.0500231,0.0502209,0.050446,0.0506966,0.0509706,0.0512666,0.0515831,0.0519186,0.0522722,0.0526428,0.0530293,0.0534309,0.0538469,0.0542765,0.054719,0.0551739,0.0556406,0.0561186,0.0566074,0.0571065,0.0576156,0.0581342,0.058662,0.0591987,0.0597439,0.0602973,0.0608587,0.0614278,0.0620044,0.0625881,0.0631788,0.0637763,0.0643803,0.0649907,0.0656073,0.0662298,0.0668582,0.0674922,0.0681318,0.0687767,0.0694268,0.070082,0.0707422,0.0714071,0.0720768,0.072751,0.0734297,0.0741127,0.0748,0.0754914,0.0761869,0.0768863,0.0775896,0.0782967,0.0790074,0.0797217,0.0804396,0.0811609,0.0818855,0.0826134,0.0833446,0.0840789,0.0848162,0.0855566,0.0862999,0.0870461,0.0877951
0.102584,0.0984554,0.094549,0.0907567,0.0870834,0.0835436,0.0801559,0.0769399,0.0739128,0.0710857,0.0684616,0.0660369,0.0638061,0.0617653,0.0599131,0.0582493,0.0567719,0.0554753,0.0543503,0.0533849,0.0525652,0.0518772,0.0513071,0.0508422,0.0504709,0.0501827,0.0499686,0.0498206,0.0497317,0.0496959,0.0497079,0.0497632,0.0498577,0.0499881,0.0501512,0.0503444,0.0505653,0.0508118,0.0510821,0.0513746,0.0516877,0.0520202,0.0523709,0.0527387,0.0531226,0.0535217,0.0539354,0.0543628,0.0548032,0.0552561,0.0557209,0.0561971,0.0566841,0.0571816,0.0576891,0.0582062,0.0587325,0.0592678,0.0598117,0.0603639,0.0609241,0.061492,0.0620674,0.06265,0.0632397,0.0638362,0.0644392,0.0650486,0.0656643,0.066286,0.0669135,0.0675467,0.0681854,0.0688296,0.0694789,0.0701334,0.0707928,0.0714571,0.0721261,0.0727997,0.0734777,0.0741601,0.0748468,0.0755377,0.0762326,0.0769315,0.0776342,0.0783408,0.079051,0.0797648,0.0804822,0.081203,0.0819272,0.0826546,0.0833853,0.0841192,0.0848561,0.0855961,0.086339,0.0870848,0.0878334
0.102776,0.0986593,0.0947639,0.0909828,0.0873207,0.0837918,0.0804139,0.0772065,0.0741864,0.0713648,0.068745,0.066324,0.0640959,0.0620563,0.0602032,0.058536,0.0570525,0.0557477,0.0546129,0.0536367,0.0528058,0.0521066,0.0515255,0.0510501,0.0506688,0.0503713,0.0501484,0.0499922,0.0498957,0.0498528,0.0498583,0.0499075,0.0499963,0.0501214,0.0502796,0.0504682,0.0506848,0.0509274,0.0511939,0.0514829,0.0517927,0.0521221,0.0524698,0.0528348,0.0532161,0.0536128,0.0540241,0.0544493,0.0548876,0.0553385,0.0558014,0.0562757,0.056761,0.0572568,0.0577627,0.0582783,0.0588033,0.0593372,0.0598797,0.0604306,0.0609895,0.0615563,0.0621305,0.0627121,0.0633007,0.0638961,0.0644982,0.0651067,0.0657214,0.0663422,0.0669689,0.0676012,0.0682392,0.0688825,0.0695311,0.0701849,0.0708436,0.0715072,0.0721755,0.0728484,0.0735258,0.0742077,0.0748937,0.075584,0.0762784,0.0769767,0.0776789,0.0783849,0.0790946,0.0798079,0.0805248,0.0812451,0.0819689,0.0826959,0.0834261,0.0841595,0.0848961,0.0856356,0.0863781,0.0871235,0.0878717
0.102966,0.0988619,0.0949775,0.0912074,0.0875563,0.084038,0.0806699,0.0774709,0.0744576,0.0716414,0.069026,0.0666084,0.0643829,0.0623445,0.0604907,0.0588202,0.0573311,0.0560185,0.0548743,0.0538877,0.0530459,0.0523357,0.0517439,0.0512581,0.0508669,0.0505601,0.0503285,0.0501641,0.05006,0.0500101,0.050009,0.0500521,0.0501353,0.0502551,0.0504084,0.0505924,0.0508047,0.0510433,0.0513061,0.0515915,0.051898,0.0522242,0.052569,0.0529312,0.0533099,0.0537041,0.0541131,0.054536,0.0549722,0.0554211,0.0558821,0.0563546,0.0568381,0.0573323,0.0578366,0.0583507,0.0588741,0.0594066,0.0599478,0.0604974,0.0610552,0.0616207,0.0621938,0.0627743,0.0633618,0.0639562,0.0645573,0.0651648,0.0657786,0.0663985,0.0670243,0.0676559,0.068293,0.0689356,0.0695834,0.0702364,0.0708945,0.0715573,0.072225,0.0728973,0.073574,0.0742552,0.0749407,0.0756304,0.0763242,0.077022,0.0777236,0.0784291,0.0791383,0.0798511,0.0805675,0.0812874,0.0820106,0.0827372,0.083467,0.0842,0.0849361,0.0856752,0.0864173,0.0871623,0.0879101
0.103156,0.0990635,0.0951897,0.0914305,0.0877902,0.0842823,0.0809238,0.0777331,0.0747266,0.0719157,0.0693044,0.0668901,0.0646671,0.06263,0.0607755,0.0591022,0.0576078,0.0562878,0.0551346,0.0541379,0.0532855,0.0525645,0.0519622,0.0514661,0.0510651,0.0507491,0.0505088,0.0503364,0.0502247,0.0501678,0.0501601,0.0501971,0.0502747,0.0503892,0.0505375,0.0507169,0.050925,0.0511595,0.0514185,0.0517004,0.0520035,0.0523267,0.0526685,0.0530279,0.053404,0.0537957,0.0542023,0.054623,0.055057,0.0555039,0.0559629,0.0564336,0.0569154,0.0574079,0.0579106,0.0584232,0.0589452,0.0594763,0.0600161,0.0605644,0.0611209,0.0616853,0.0622572,0.0628366,0.0634231,0.0640164,0.0646165,0.0652231,0.065836,0.066455,0.0670799,0.0677106,0.068347,0.0689888,0.0696358,0.0702881,0.0709454,0.0716076,0.0722746,0.0729462,0.0736223,0.0743029,0.0749878,0.0756769,0.0763701,0.0770673,0.0777684,0.0784734,0.0791821,0.0798944,0.0806103,0.0813297,0.0820524,0.0827786,0.0835079,0.0842405,0.0849761,0.0857148,0.0864565,0.0872011,0.0879486
0.103345,0.099264,0.0954007,0.0916521,0.0880225,0.0845248,0.0811757,0.0779932,0.0749934,0.0721877,0.0695804,0.0671693,0.0649486,0.0629127,0.0610578,0.0593818,0.0578825,0.0565555,0.0553937,0.0543872,0.0535245,0.0527931,0.0521803,0.0516741,0.0512635,0.0509382,0.0506894,0.0505089,0.0503897,0.0503257,0.0503116,0.0503425,0.0504143,0.0505236,0.050667,0.0508418,0.0510455,0.051276,0.0515312,0.0518095,0.0521094,0.0524293,0.0527682,0.0531249,0.0534983,0.0538875,0.0542917,0.0547101,0.0551421,0.0555869,0.056044,0.0565129,0.0569929,0.0574837,0.0579848,0.0584958,0.0590164,0.0595461,0.0600846,0.0606316,0.0611868,0.06175,0.0623208,0.062899,0.0634844,0.0640768,0.0646759,0.0652815,0.0658935,0.0665116,0.0671356,0.0677655,0.068401,0.069042,0.0696883,0.0703399,0.0709964,0.0716579,0.0723242,0.0729952,0.0736707,0.0743507,0.0750349,0.0757234,0.0764161,0.0771127,0.0778133,0.0785177,0.0792259,0.0799377,0.0806531,0.081372,0.0820943,0.08282,0.0835489,0.084281,0.0850163,0.0857545,0.0864958,0.08724,0.0879871
0.103533,0.0994634,0.0956105,0.0918723,0.0882531,0.0847654,0.0814256,0.0782511,0.075258,0.0724574,0.069854,0.067446,0.0652276,0.0631929,0.0613376,0.0596592,0.0581552,0.0568216,0.0556515,0.0546357,0.053763,0.0530212,0.0523982,0.0518821,0.0514619,0.0511276,0.0508702,0.0506816,0.050555,0.050484,0.0504633,0.0504881,0.0505544,0.0506583,0.0507968,0.050967,0.0511664,0.0513928,0.0516442,0.051919,0.0522155,0.0525323,0.0528682,0.053222,0.0535928,0.0539795,0.0543813,0.0547975,0.0552273,0.0556701,0.0561253,0.0565923,0.0570706,0.0575597,0.0580592,0.0585687,0.0590877,0.059616,0.0601532,0.0606989,0.0612529,0.0618148,0.0623845,0.0629616,0.0635459,0.0641373,0.0647354,0.06534,0.065951,0.0665682,0.0671914,0.0678205,0.0684552,0.0690954,0.0697409,0.0703917,0.0710476,0.0717084,0.072374,0.0730443,0.0737191,0.0743985,0.0750822,0.0757701,0.0764621,0.0771582,0.0778583,0.0785622,0.0792698,0.0799811,0.080696,0.0814144,0.0821363,0.0828615,0.08359,0.0843216,0.0850564,0.0857943,0.0865352,0.087279,0.0880256
0.10372,0.0996618,0.095819,0.0920911,0.0884821,0.0850043,0.0816736,0.0785071,0.0755204,0.0727249,0.0701253,0.0677202,0.065504,0.0634705,0.0616149,0.0599343,0.058426,0.0570861,0.0559081,0.0548832,0.0540007,0.0532489,0.0526159,0.05209,0.0516604,0.0513171,0.0510512,0.0508547,0.0507205,0.0506426,0.0506154,0.0506341,0.0506947,0.0507933,0.0509269,0.0510924,0.0512875,0.0515099,0.0517575,0.0520287,0.0523219,0.0526355,0.0529685,0.0533195,0.0536876,0.0540718,0.0544712,0.0548851,0.0553128,0.0557535,0.0562068,0.0566719,0.0571484,0.0576359,0.0581337,0.0586417,0.0591592,0.0596861,0.0602219,0.0607663,0.061319,0.0618798,0.0624483,0.0630243,0.0636076,0.0641978,0.0647949,0.0653986,0.0660087,0.066625,0.0672473,0.0678755,0.0685094,0.0691488,0.0697936,0.0704437,0.0710988,0.0717589,0.0724238,0.0730935,0.0737677,0.0744464,0.0751295,0.0758168,0.0765083,0.0772038,0.0779033,0.0786066,0.0793138,0.0800246,0.080739,0.0814569,0.0821783,0.082903,0.0836311,0.0843623,0.0850967,0.0858341,0.0865746,0.087318,0.0880643
0.103906,0.0998591,0.0960263,0.0923085,0.0887096,0.0852415,0.0819198,0.0787611,0.0757808,0.0729902,0.0703944,0.0679921,0.065778,0.0637456,0.0618897,0.0602071,0.0586948,0.057349,0.0561634,0.0551298,0.0542378,0.0534762,0.0528333,0.0522978,0.0518588,0.0515066,0.0512323,0.0510279,0.0508864,0.0508014,0.0507677,0.0507804,0.0508353,0.0509287,0.0510573,0.0512182,0.051409,0.0516273,0.0518711,0.0521388,0.0524285,0.052739,0.053069,0.0534172,0.0537826,0.0541643,0.0545613,0.054973,0.0553985,0.0558372,0.0562884,0.0567517,0.0572265,0.0577122,0.0582085,0.0587148,0.0592309,0.0597564,0.0602908,0.0608339,0.0613854,0.0619449,0.0625123,0.0630871,0.0636693,0.0642586,0.0648546,0.0654574,0.0660665,0.0666819,0.0673034,0.0679307,0.0685638,0.0692024,0.0698464,0.0704957,0.0711501,0.0718095,0.0724737,0.0731427,0.0738163,0.0744944,0.0751768,0.0758636,0.0765545,0.0772494,0.0779484,0.0786512,0.0793578,0.0800681,0.080782,0.0814995,0.0822204,0.0829446,0.0836722,0.084403,0.085137,0.085874,0.086614,0.087357,0.0881029
