N2 dmu_drho [uPa_s/kg/m3] PelePhys
0.0537608,0.0366508,0.0335965,0.031614,0.0301247,0.0289266,0.027923,0.0270593,0.0263017,0.0256276,0.0250208,0.0244697,0.0239654,0.0235011,0.0230713,0.0226717,0.0222985,0.0219489,0.0216203,0.0213106,0.021018,0.020741,0.0204781,0.0202282,0.0199902,0.0197632,0.0195464,0.019339,0.0191405,0.0189501,0.0187674,0.0185919,0.0184232,0.0182607,0.0181043,0.0179535,0.017808,0.0176675,0.0175319,0.0174007,0.0172739,0.0171511,0.0170323,0.0169172,0.0168057,0.0166975,0.0165926,0.0164908,0.0163919,0.016296,0.0162027,0.0161121,0.016024,0.0159384,0.0158551,0.015774,0.0156951,0.0156183,0.0155435,0.0154706,0.0153997,0.0153305,0.0152631,0.0151974,0.0151334,0.0150709,0.01501,0.0149505,0.0148925,0.0148359,0.0147807,0.0147268,0.0146742,0.0146228,0.0145726,0.0145236,0.0144757,0.014429,0.0143833,0.0143387,0.0142951,0.0142525,0.0142109,0.0141702,0.0141304,0.0140915,0.0140535,0.0140164,0.0139801,0.0139446,0.0139099,0.0138759,0.0138428,0.0138103,0.0137786,0.0137476,0.0137172,0.0136876,0.0136586,0.0136302,0.0136025
0.0637018,0.0381828,0.0346158,0.0324343,0.0308332,0.0295613,0.0285043,0.0275998,0.0268096,0.0261086,0.0254792,0.0249087,0.0243875,0.0239082,0.0234651,0.0230534,0.0226694,0.0223098,0.0219721,0.021654,0.0213536,0.0210693,0.0207996,0.0205433,0.0202993,0.0200666,0.0198445,0.019632,0.0194287,0.0192337,0.0190466,0.0188669,0.0186941,0.0185279,0.0183677,0.0182133,0.0180644,0.0179207,0.0177818,0.0176476,0.0175178,0.0173922,0.0172706,0.0171528,0.0170386,0.0169279,0.0168205,0.0167163,0.0166151,0.0165169,0.0164214,0.0163287,0.0162385,0.0161508,0.0160654,0.0159824,0.0159016,0.0158229,0.0157463,0.0156717,0.015599,0.0155281,0.015459,0.0153917,0.015326,0.015262,0.0151995,0.0151385,0.0150791,0.015021,0.0149644,0.014909,0.014855,0.0148023,0.0147508,0.0147005,0.0146513,0.0146033,0.0145564,0.0145105,0.0144657,0.0144219,0.0143791,0.0143373,0.0142964,0.0142564,0.0142173,0.0141791,0.0141417,0.0141052,0.0140694,0.0140345,0.0140003,0.0139668,0.0139341,0.0139021,0.0138709,0.0138402,0.0138103,0.013781,0.0137524
0.0671779,0.039954,0.0356944,0.033281,0.0315561,0.0302047,0.0290912,0.0281439,0.0273198,0.026591,0.0259383,0.0253479,0.0248095,0.024315,0.0238583,0.0234345,0.0230395,0.0226699,0.022323,0.0219964,0.0216881,0.0213965,0.02112,0.0208573,0.0206072,0.0203689,0.0201414,0.0199239,0.0197156,0.0195161,0.0193246,0.0191407,0.0189639,0.0187938,0.0186299,0.018472,0.0183197,0.0181727,0.0180306,0.0178933,0.0177606,0.0176321,0.0175077,0.0173872,0.0172704,0.0171572,0.0170474,0.0169408,0.0168373,0.0167368,0.0166391,0.0165442,0.0164519,0.0163622,0.0162749,0.0161899,0.0161072,0.0160266,0.0159482,0.0158718,0.0157973,0.0157248,0.015654,0.0155851,0.0155178,0.0154522,0.0153882,0.0153257,0.0152648,0.0152053,0.0151472,0.0150905,0.0150351,0.014981,0.0149282,0.0148765,0.0148261,0.0147768,0.0147287,0.0146816,0.0146356,0.0145906,0.0145467,0.0145037,0.0144617,0.0144206,0.0143804,0.0143411,0.0143027,0.0142651,0.0142283,0.0141923,0.0141571,0.0141227,0.014089,0.0140561,0.0140238,0.0139923,0.0139615,0.0139313,0.0139017
0.0697576,0.0420908,0.0368436,0.0341572,0.0322947,0.0308573,0.0296839,0.0286916,0.0278323,0.0270748,0.0263983,0.0257875,0.0252314,0.0247215,0.0242511,0.0238149,0.0234088,0.0230291,0.0226729,0.0223378,0.0220216,0.0217226,0.0214392,0.0211701,0.020914,0.02067,0.0204371,0.0202145,0.0200014,0.0197973,0.0196014,0.0194133,0.0192325,0.0190586,0.018891,0.0187296,0.0185738,0.0184235,0.0182783,0.018138,0.0180023,0.0178709,0.0177438,0.0176206,0.0175012,0.0173855,0.0172732,0.0171642,0.0170584,0.0169556,0.0168558,0.0167587,0.0166644,0.0165726,0.0164833,0.0163964,0.0163118,0.0162294,0.0161492,0.016071,0.0159948,0.0159206,0.0158482,0.0157776,0.0157087,0.0156416,0.015576,0.0155121,0.0154496,0.0153887,0.0153292,0.0152711,0.0152144,0.0151589,0.0151048,0.0150519,0.0150002,0.0149496,0.0149002,0.014852,0.0148048,0.0147586,0.0147135,0.0146694,0.0146263,0.0145841,0.0145428,0.0145024,0.0144629,0.0144243,0.0143865,0.0143495,0.0143133,0.0142779,0.0142433,0.0142094,0.0141762,0.0141438,0.014112,0.0140809,0.0140505
0.0719029,0.0448356,0.0380781,0.0350664,0.0330501,0.0315198,0.0302826,0.0292432,0.0283472,0.0275601,0.026859,0.0262274,0.0256533,0.0251276,0.0246433,0.0241947,0.0237773,0.0233873,0.0230218,0.0226781,0.022354,0.0220476,0.0217573,0.0214817,0.0212196,0.0209699,0.0207316,0.0205039,0.020286,0.0200773,0.019877,0.0196847,0.0194999,0.0193221,0.0191509,0.0189859,0.0188268,0.0186732,0.0185249,0.0183815,0.0182428,0.0181087,0.0179788,0.0178529,0.0177309,0.0176127,0.017498,0.0173866,0.0172785,0.0171735,0.0170715,0.0169723,0.0168759,0.0167821,0.0166908,0.016602,0.0165155,0.0164313,0.0163492,0.0162693,0.0161914,0.0161155,0.0160414,0.0159692,0.0158988,0.0158301,0.015763,0.0156976,0.0156337,0.0155713,0.0155104,0.0154509,0.0153928,0.0153361,0.0152806,0.0152264,0.0151734,0.0151217,0.0150711,0.0150216,0.0149732,0.0149259,0.0148796,0.0148344,0.0147901,0.0147469,0.0147045,0.0146631,0.0146225,0.0145829,0.0145441,0.0145061,0.0144689,0.0144325,0.0143969,0.0143621,0.014328,0.0142946,0.0142619,0.0142299,0.0141986
0.0737826,0.0486118,0.0394165,0.0360126,0.0338239,0.0321927,0.0308877,0.0297988,0.0288646,0.028047,0.0273205,0.0266676,0.0260752,0.0255335,0.025035,0.0245738,0.024145,0.0237447,0.0233698,0.0230174,0.0226853,0.0223715,0.0220743,0.0217922,0.0215241,0.0212686,0.0210249,0.0207921,0.0205694,0.020356,0.0201514,0.019955,0.0197662,0.0195845,0.0194097,0.0192412,0.0190786,0.0189218,0.0187703,0.0186239,0.0184823,0.0183453,0.0182126,0.0180841,0.0179596,0.0178388,0.0177217,0.017608,0.0174976,0.0173904,0.0172862,0.0171849,0.0170864,0.0169906,0.0168973,0.0168066,0.0167183,0.0166322,0.0165484,0.0164667,0.0163871,0.0163095,0.0162338,0.01616,0.016088,0.0160178,0.0159492,0.0158823,0.0158169,0.0157531,0.0156908,0.01563,0.0155705,0.0155124,0.0154557,0.0154002,0.015346,0.015293,0.0152411,0.0151905,0.0151409,0.0150925,0.0150451,0.0149987,0.0149533,0.014909,0.0148655,0.0148231,0.0147815,0.0147408,0.014701,0.014662,0.0146238,0.0145865,0.0145499,0.0145142,0.0144791,0.0144448,0.0144112,0.0143783,0.0143462
0.0754797,0.0533648,0.0408828,0.0370004,0.0346175,0.0328766,0.0314994,0.0303586,0.0293846,0.0285353,0.0277829,0.0271081,0.026497,0.025939,0.0254262,0.0249521,0.0245119,0.0241012,0.0237167,0.0233556,0.0230155,0.0226942,0.0223901,0.0221016,0.0218273,0.0215662,0.0213171,0.0210792,0.0208516,0.0206336,0.0204246,0.020224,0.0200312,0.0198458,0.0196673,0.0194952,0.0193293,0.0191692,0.0190146,0.0188652,0.0187206,0.0185808,0.0184454,0.0183143,0.0181872,0.018064,0.0179444,0.0178283,0.0177157,0.0176062,0.0174998,0.0173965,0.0172959,0.0171981,0.0171029,0.0170103,0.0169201,0.0168322,0.0167466,0.0166632,0.0165819,0.0165026,0.0164253,0.0163499,0.0162764,0.0162046,0.0161345,0.0160661,0.0159994,0.0159341,0.0158705,0.0158082,0.0157474,0.015688,0.01563,0.0155732,0.0155178,0.0154635,0.0154105,0.0153586,0.0153079,0.0152583,0.0152098,0.0151623,0.0151158,0.0150704,0.0150259,0.0149824,0.0149398,0.014898,0.0148572,0.0148173,0.0147781,0.0147398,0.0147023,0.0146656,0.0146296,0.0145944,0.0145599,0.0145262,0.0144931
0.0770422,0.0575844,0.0425065,0.038035,0.0354325,0.0335724,0.0321182,0.0309226,0.0299073,0.0290253,0.0282462,0.027549,0.0269188,0.0263442,0.0258168,0.0253298,0.0248779,0.0244568,0.0240627,0.0236928,0.0233446,0.0230158,0.0227047,0.0224097,0.0221294,0.0218625,0.021608,0.021365,0.0211326,0.02091,0.0206967,0.0204919,0.0202951,0.0201059,0.0199237,0.0197481,0.0195789,0.0194155,0.0192578,0.0191053,0.0189579,0.0188153,0.0186772,0.0185434,0.0184137,0.018288,0.018166,0.0180477,0.0179327,0.0178211,0.0177125,0.0176071,0.0175045,0.0174047,0.0173076,0.017213,0.017121,0.0170313,0.016944,0.0168588,0.0167758,0.0166949,0.016616,0.016539,0.0164639,0.0163906,0.016319,0.0162492,0.016181,0.0161143,0.0160493,0.0159857,0.0159236,0.0158629,0.0158035,0.0157455,0.0156888,0.0156333,0.0155791,0.0155261,0.0154742,0.0154234,0.0153738,0.0153252,0.0152777,0.0152311,0.0151856,0.015141,0.0150974,0.0150547,0.0150128,0.0149719,0.0149318,0.0148925,0.0148541,0.0148164,0.0147796,0.0147434,0.0147081,0.0146734,0.0146395
0.0785004,0.0608168,0.044321,0.0391223,0.0362709,0.0342805,0.0327443,0.0314912,0.0304328,0.029517,0.0287104,0.0279903,0.0273405,0.0267491,0.0262069,0.0257068,0.0252432,0.0248114,0.0244077,0.024029,0.0236726,0.0233364,0.0230183,0.0227167,0.0224303,0.0221577,0.0218978,0.0216496,0.0214124,0.0211853,0.0209675,0.0207586,0.0205578,0.0203648,0.0201789,0.0199999,0.0198273,0.0196607,0.0194998,0.0193444,0.0191941,0.0190486,0.0189078,0.0187714,0.0186392,0.018511,0.0183867,0.018266,0.0181488,0.0180349,0.0179243,0.0178167,0.0177121,0.0176103,0.0175113,0.0174148,0.0173209,0.0172295,0.0171404,0.0170535,0.0169689,0.0168863,0.0168058,0.0167272,0.0166506,0.0165757,0.0165027,0.0164314,0.0163618,0.0162937,0.0162273,0.0161624,0.0160989,0.0160369,0.0159763,0.015917,0.0158591,0.0158024,0.015747,0.0156928,0.0156398,0.0155879,0.0155371,0.0154874,0.0154388,0.0153912,0.0153446,0.015299,0.0152543,0.0152106,0.0151678,0.0151259,0.0150848,0.0150446,0.0150052,0.0149666,0.0149289,0.0148918,0.0148556,0.0148201,0.0147853
0.0798752,0.0634045,0.046354,0.0402687,0.0371344,0.0350019,0.033378,0.0320644,0.0309611,0.0300103,0.0291754,0.0284319,0.0277623,0.0271537,0.0265965,0.0260831,0.0256076,0.0251651,0.0247517,0.0243641,0.0239996,0.0236557,0.0233306,0.0230226,0.02273,0.0224516,0.0221863,0.0219331,0.021691,0.0214593,0.0212372,0.0210241,0.0208193,0.0206225,0.020433,0.0202505,0.0200745,0.0199047,0.0197408,0.0195823,0.0194291,0.0192809,0.0191374,0.0189984,0.0188636,0.018733,0.0186063,0.0184832,0.0183638,0.0182477,0.018135,0.0180253,0.0179187,0.017815,0.017714,0.0176157,0.01752,0.0174268,0.0173359,0.0172473,0.017161,0.0170768,0.0169947,0.0169146,0.0168364,0.0167601,0.0166856,0.0166128,0.0165417,0.0164723,0.0164045,0.0163383,0.0162735,0.0162102,0.0161483,0.0160878,0.0160287,0.0159708,0.0159142,0.0158588,0.0158046,0.0157516,0.0156997,0.0156489,0.0155992,0.0155506,0.0155029,0.0154563,0.0154106,0.0153659,0.0153221,0.0152792,0.0152372,0.0151961,0.0151557,0.0151163,0.0150776,0.0150397,0.0150025,0.0149661,0.0149305
0.0811814,0.0655907,0.048603,0.0414808,0.0380251,0.0357373,0.0340198,0.0326425,0.0314924,0.0305054,0.0296414,0.0288739,0.028184,0.027558,0.0269856,0.0264588,0.0259713,0.025518,0.0250948,0.0246982,0.0243254,0.023974,0.0236419,0.0233272,0.0230285,0.0227444,0.0224737,0.0222153,0.0219684,0.0217321,0.0215057,0.0212884,0.0210797,0.0208791,0.020686,0.0205,0.0203206,0.0201476,0.0199806,0.0198192,0.0196631,0.0195121,0.0193659,0.0192243,0.019087,0.0189539,0.0188248,0.0186995,0.0185778,0.0184596,0.0183447,0.018233,0.0181244,0.0180187,0.0179158,0.0178157,0.0177181,0.0176231,0.0175305,0.0174403,0.0173523,0.0172665,0.0171827,0.0171011,0.0170214,0.0169435,0.0168676,0.0167934,0.0167209,0.0166501,0.016581,0.0165134,0.0164473,0.0163827,0.0163196,0.0162579,0.0161975,0.0161384,0.0160806,0.0160241,0.0159688,0.0159146,0.0158616,0.0158098,0.015759,0.0157093,0.0156606,0.015613,0.0155663,0.0155206,0.0154758,0.0154319,0.015389,0.0153469,0.0153057,0.0152653,0.0152257,0.0151869,0.0151488,0.0151116,0.0150751
0.0824299,0.0675087,0.0510029,0.0427646,0.0389449,0.0364874,0.0346699,0.0332255,0.0320267,0.0310022,0.0301084,0.0293163,0.0286057,0.0279619,0.0273741,0.0268337,0.026334,0.0258699,0.0254368,0.0250312,0.0246502,0.0242911,0.0239519,0.0236307,0.0233259,0.023036,0.0227599,0.0224964,0.0222447,0.0220038,0.0217729,0.0215515,0.0213389,0.0211345,0.0209378,0.0207483,0.0205656,0.0203894,0.0202193,0.0200549,0.019896,0.0197422,0.0195933,0.0194491,0.0193094,0.0191738,0.0190424,0.0189148,0.0187909,0.0186705,0.0185535,0.0184397,0.0183291,0.0182215,0.0181167,0.0180147,0.0179154,0.0178186,0.0177243,0.0176323,0.0175427,0.0174552,0.01737,0.0172867,0.0172055,0.0171262,0.0170488,0.0169732,0.0168993,0.0168272,0.0167567,0.0166877,0.0166204,0.0165545,0.0164901,0.0164271,0.0163656,0.0163053,0.0162463,0.0161887,0.0161322,0.016077,0.0160229,0.0159699,0.0159181,0.0158673,0.0158176,0.015769,0.0157213,0.0156746,0.0156288,0.015584,0.0155401,0.0154971,0.0154549,0.0154136,0.0153732,0.0153335,0.0152946,0.0152565,0.0152191
0.0836293,0.0692356,0.0534264,0.0441248,0.0398958,0.0372531,0.0353288,0.0338138,0.0325641,0.0315009,0.0305764,0.0297591,0.0290274,0.0283656,0.0277621,0.0272079,0.026696,0.0262208,0.0257778,0.0253632,0.0249738,0.0246071,0.0242609,0.023933,0.023622,0.0233264,0.0230448,0.0227763,0.0225197,0.0222742,0.022039,0.0218135,0.0215969,0.0213887,0.0211884,0.0209955,0.0208095,0.0206301,0.0204569,0.0202895,0.0201277,0.0199712,0.0198197,0.0196729,0.0195307,0.0193927,0.0192589,0.019129,0.0190029,0.0188804,0.0187613,0.0186455,0.0185329,0.0184233,0.0183166,0.0182128,0.0181117,0.0180131,0.0179171,0.0178235,0.0177322,0.0176432,0.0175563,0.0174715,0.0173888,0.0173081,0.0172292,0.0171522,0.0170769,0.0170034,0.0169315,0.0168613,0.0167927,0.0167255,0.0166599,0.0165957,0.0165329,0.0164715,0.0164113,0.0163525,0.0162949,0.0162386,0.0161834,0.0161294,0.0160765,0.0160247,0.015974,0.0159243,0.0158756,0.015828,0.0157813,0.0157355,0.0156906,0.0156467,0.0156036,0.0155614,0.0155201,0.0154795,0.0154398,0.0154008,0.0153626
0.0847862,0.0708191,0.0557476,0.0455623,0.0408796,0.038035,0.0359966,0.0344073,0.0331047,0.0320015,0.0310454,0.0302023,0.0294491,0.0287689,0.0281495,0.0275814,0.0270571,0.0265709,0.0261178,0.0256941,0.0252964,0.024922,0.0245686,0.0242342,0.023917,0.0236156,0.0233286,0.0230549,0.0227935,0.0225435,0.022304,0.0220743,0.0218538,0.0216418,0.0214379,0.0212415,0.0210522,0.0208696,0.0206934,0.0205231,0.0203584,0.0201992,0.020045,0.0198956,0.0197509,0.0196106,0.0194744,0.0193423,0.0192139,0.0190893,0.0189681,0.0188503,0.0187357,0.0186242,0.0185157,0.01841,0.0183071,0.0182068,0.0181091,0.0180138,0.0179209,0.0178302,0.0177418,0.0176555,0.0175713,0.0174891,0.0174088,0.0173303,0.0172537,0.0171788,0.0171057,0.0170341,0.0169642,0.0168958,0.0168289,0.0167635,0.0166995,0.0166369,0.0165756,0.0165157,0.016457,0.0163995,0.0163433,0.0162882,0.0162343,0.0161814,0.0161297,0.016079,0.0160293,0.0159807,0.015933,0.0158863,0.0158405,0.0157957,0.0157517,0.0157086,0.0156664,0.0156249,0.0155843,0.0155445,0.0155055
0.0859058,0.0722909,0.057899,0.0470726,0.0418977,0.0388339,0.0366739,0.0350064,0.0336486,0.032504,0.0315154,0.0306459,0.0298707,0.029172,0.0285364,0.0279542,0.0274174,0.02692,0.0264568,0.0260239,0.0256178,0.0252358,0.0248752,0.0245342,0.0242108,0.0239036,0.0236112,0.0233324,0.0230662,0.0228116,0.0225677,0.0223339,0.0221094,0.0218937,0.0216862,0.0214864,0.0212938,0.0211081,0.0209288,0.0207555,0.0205881,0.0204261,0.0202692,0.0201173,0.0199701,0.0198274,0.0196889,0.0195545,0.019424,0.0192972,0.0191739,0.0190541,0.0189376,0.0188242,0.0187138,0.0186063,0.0185016,0.0183996,0.0183001,0.0182032,0.0181087,0.0180164,0.0179265,0.0178387,0.017753,0.0176693,0.0175875,0.0175077,0.0174297,0.0173535,0.017279,0.0172062,0.017135,0.0170653,0.0169972,0.0169306,0.0168654,0.0168016,0.0167392,0.0166781,0.0166183,0.0165598,0.0165025,0.0164463,0.0163913,0.0163375,0.0162847,0.016233,0.0161824,0.0161328,0.0160842,0.0160365,0.0159898,0.0159441,0.0158992,0.0158552,0.0158121,0.0157698,0.0157283,0.0156877,0.0156478
0.0869925,0.073673,0.0598696,0.0486431,0.042951,0.0396504,0.0373608,0.035611,0.0341958,0.0330084,0.0319864,0.03109,0.0302924,0.0295747,0.0289228,0.0283263,0.0277769,0.0272681,0.0267948,0.0263527,0.0259382,0.0255484,0.0251807,0.024833,0.0245034,0.0241904,0.0238926,0.0236087,0.0233377,0.0230785,0.0228303,0.0225924,0.022364,0.0221445,0.0219334,0.0217302,0.0215343,0.0213454,0.0211631,0.0209869,0.0208166,0.0206519,0.0204924,0.020338,0.0201883,0.0200432,0.0199024,0.0197658,0.0196331,0.0195041,0.0193788,0.019257,0.0191385,0.0190232,0.0189109,0.0188016,0.0186952,0.0185914,0.0184903,0.0183917,0.0182956,0.0182018,0.0181103,0.018021,0.0179338,0.0178487,0.0177655,0.0176843,0.0176049,0.0175274,0.0174516,0.0173774,0.017305,0.0172341,0.0171648,0.017097,0.0170306,0.0169657,0.0169021,0.0168399,0.016779,0.0167193,0.016661,0.0166038,0.0165477,0.0164929,0.0164391,0.0163865,0.0163348,0.0162843,0.0162347,0.0161861,0.0161385,0.0160918,0.016046,0.0160012,0.0159572,0.015914,0.0158717,0.0158302,0.0157895
0.0880499,0.0749813,0.0616756,0.0502536,0.0440393,0.0404849,0.0380576,0.0362215,0.0347465,0.0335149,0.0324585,0.0315345,0.0307141,0.029977,0.0293086,0.0286976,0.0281355,0.0276154,0.0271318,0.0266804,0.0262574,0.0258598,0.0254849,0.0251306,0.0247949,0.0244761,0.0241728,0.0238838,0.0236079,0.0233442,0.0230917,0.0228496,0.0226173,0.0223942,0.0221795,0.0219728,0.0217737,0.0215816,0.0213963,0.0212172,0.0210441,0.0208766,0.0207146,0.0205576,0.0204055,0.020258,0.0201149,0.019976,0.0198411,0.0197101,0.0195828,0.0194589,0.0193385,0.0192213,0.0191072,0.0189961,0.0188879,0.0187824,0.0186796,0.0185794,0.0184817,0.0183863,0.0182933,0.0182025,0.0181138,0.0180272,0.0179427,0.0178601,0.0177794,0.0177005,0.0176234,0.017548,0.0174742,0.0174021,0.0173316,0.0172626,0.017195,0.017129,0.0170643,0.0170009,0.0169389,0.0168782,0.0168188,0.0167605,0.0167035,0.0166476,0.0165929,0.0165392,0.0164866,0.0164351,0.0163846,0.0163351,0.0162866,0.016239,0.0161923,0.0161466,0.0161017,0.0160577,0.0160146,0.0159722,0.0159307
0.0890811,0.0762277,0.0633408,0.0518782,0.0451614,0.0413378,0.0387646,0.0368378,0.0353007,0.0340233,0.0329317,0.0319794,0.0311357,0.0303791,0.0296939,0.0290683,0.0284932,0.0279616,0.0274678,0.0270071,0.0265756,0.0261701,0.0257881,0.0254271,0.0250851,0.0247605,0.0244519,0.0241577,0.023877,0.0236087,0.0233519,0.0231058,0.0228696,0.0226426,0.0224244,0.0222144,0.0220119,0.0218167,0.0216284,0.0214464,0.0212705,0.0211003,0.0209357,0.0207762,0.0206216,0.0204718,0.0203264,0.0201853,0.0200483,0.0199151,0.0197857,0.0196599,0.0195376,0.0194185,0.0193025,0.0191897,0.0190797,0.0189725,0.0188681,0.0187662,0.0186669,0.01857,0.0184754,0.0183831,0.018293,0.018205,0.0181191,0.0180351,0.017953,0.0178728,0.0177944,0.0177177,0.0176427,0.0175694,0.0174977,0.0174275,0.0173588,0.0172916,0.0172257,0.0171613,0.0170982,0.0170364,0.0169759,0.0169167,0.0168586,0.0168017,0.016746,0.0166913,0.0166378,0.0165853,0.0165339,0.0164834,0.016434,0.0163855,0.016338,0.0162914,0.0162456,0.0162008,0.0161568,0.0161137,0.0160713
0.0900885,0.0774215,0.0648877,0.0534902,0.0463146,0.0422091,0.0394819,0.0374602,0.0358584,0.0345338,0.0334059,0.0324248,0.0315574,0.0307808,0.0300786,0.0294382,0.0288501,0.028307,0.0278028,0.0273326,0.0268926,0.0264793,0.02609,0.0257223,0.0253742,0.0250438,0.0247297,0.0244305,0.0241449,0.0238721,0.0236109,0.0233607,0.0231206,0.02289,0.0226682,0.0224547,0.0222491,0.0220508,0.0218594,0.0216745,0.0214958,0.021323,0.0211557,0.0209937,0.0208367,0.0206845,0.0205369,0.0203936,0.0202544,0.0201192,0.0199878,0.01986,0.0197357,0.0196147,0.019497,0.0193823,0.0192706,0.0191618,0.0190557,0.0189522,0.0188513,0.0187528,0.0186568,0.018563,0.0184714,0.018382,0.0182946,0.0182093,0.0181259,0.0180444,0.0179647,0.0178867,0.0178105,0.017736,0.017663,0.0175917,0.0175218,0.0174534,0.0173865,0.017321,0.0172568,0.017194,0.0171324,0.0170721,0.017013,0.0169551,0.0168984,0.0168428,0.0167883,0.0167349,0.0166825,0.0166312,0.0165808,0.0165315,0.0164831,0.0164356,0.016389,0.0163433,0.0162985,0.0162545,0.0162114
0.0910744,0.0785699,0.0663358,0.0550672,0.0474945,0.0430986,0.0402096,0.0380886,0.0364196,0.0350464,0.0338813,0.0328706,0.031979,0.0311822,0.0304627,0.0298073,0.0292062,0.0286514,0.0281367,0.0276571,0.0272085,0.0267874,0.0263908,0.0260165,0.0256621,0.0253259,0.0250063,0.024702,0.0244117,0.0241343,0.0238688,0.0236145,0.0233705,0.0231362,0.0229109,0.022694,0.0224851,0.0222837,0.0220893,0.0219015,0.0217201,0.0215446,0.0213747,0.0212102,0.0210508,0.0208963,0.0207464,0.0206009,0.0204595,0.0203223,0.0201888,0.0200591,0.0199329,0.0198101,0.0196905,0.0195741,0.0194606,0.0193501,0.0192424,0.0191373,0.0190348,0.0189348,0.0188372,0.018742,0.018649,0.0185582,0.0184694,0.0183827,0.018298,0.0182152,0.0181342,0.018055,0.0179776,0.0179018,0.0178277,0.0177551,0.0176841,0.0176146,0.0175466,0.01748,0.0174147,0.0173508,0.0172882,0.0172269,0.0171668,0.0171079,0.0170502,0.0169937,0.0169382,0.0168839,0.0168306,0.0167783,0.0167271,0.0166768,0.0166275,0.0165792,0.0165318,0.0164853,0.0164396,0.0163948,0.0163509
0.0920406,0.0796785,0.0677005,0.0565938,0.0486952,0.0440056,0.0409478,0.0387231,0.0369845,0.035561,0.0343577,0.0333168,0.0324006,0.0315833,0.0308463,0.0301758,0.0295614,0.0289948,0.0284696,0.0279805,0.0275233,0.0270943,0.0266905,0.0263094,0.0259488,0.0256068,0.0252818,0.0249724,0.0246772,0.0243953,0.0241255,0.0238671,0.0236193,0.0233812,0.0231524,0.0229322,0.02272,0.0225155,0.0223181,0.0221275,0.0219433,0.0217651,0.0215927,0.0214257,0.0212639,0.0211071,0.0209549,0.0208072,0.0206637,0.0205244,0.020389,0.0202573,0.0201292,0.0200045,0.0198831,0.0197649,0.0196498,0.0195376,0.0194282,0.0193215,0.0192175,0.019116,0.0190169,0.0189202,0.0188258,0.0187335,0.0186434,0.0185554,0.0184693,0.0183852,0.018303,0.0182225,0.0181438,0.0180669,0.0179916,0.0179179,0.0178457,0.0177751,0.017706,0.0176383,0.017572,0.017507,0.0174434,0.017381,0.0173199,0.0172601,0.0172014,0.0171439,0.0170875,0.0170322,0.016978,0.0169249,0.0168727,0.0168216,0.0167714,0.0167222,0.016674,0.0166266,0.0165802,0.0165346,0.0164898
0.0929887,0.0807521,0.0689944,0.0580618,0.0499093,0.0449291,0.0416962,0.0393637,0.037553,0.0360778,0.0348353,0.0337635,0.0328223,0.0319841,0.0312293,0.0305435,0.0299157,0.0293373,0.0288015,0.0283029,0.027837,0.0274,0.026989,0.0266012,0.0262343,0.0258865,0.0255561,0.0252415,0.0249416,0.0246551,0.0243811,0.0241186,0.0238669,0.0236252,0.0233928,0.0231692,0.0229538,0.0227462,0.0225459,0.0223524,0.0221654,0.0219846,0.0218096,0.0216402,0.021476,0.0213168,0.0211624,0.0210125,0.020867,0.0207256,0.0205881,0.0204545,0.0203245,0.020198,0.0200749,0.0199549,0.0198381,0.0197242,0.0196132,0.0195049,0.0193994,0.0192963,0.0191958,0.0190976,0.0190017,0.0189081,0.0188166,0.0187273,0.0186399,0.0185545,0.018471,0.0183893,0.0183094,0.0182312,0.0181548,0.0180799,0.0180066,0.0179349,0.0178647,0.0177959,0.0177285,0.0176625,0.0175979,0.0175345,0.0174724,0.0174116,0.0173519,0.0172935,0.0172361,0.0171799,0.0171248,0.0170708,0.0170178,0.0169658,0.0169147,0.0168647,0.0168156,0.0167674,0.0167201,0.0166737,0.0166282
0.0939203,0.0817947,0.0702278,0.0594683,0.0511289,0.0458675,0.0424546,0.0400105,0.0381252,0.0365966,0.035314,0.0342107,0.0332439,0.0323845,0.0316118,0.0309105,0.0302692,0.0296788,0.0291324,0.0286242,0.0281496,0.0277047,0.0272863,0.0268918,0.0265187,0.026165,0.0258292,0.0255095,0.0252048,0.0249138,0.0246355,0.0243689,0.0241133,0.0238679,0.0236321,0.0234051,0.0231866,0.0229759,0.0227726,0.0225763,0.0223865,0.0222031,0.0220256,0.0218537,0.0216871,0.0215256,0.0213689,0.0212169,0.0210692,0.0209258,0.0207864,0.0206508,0.020519,0.0203906,0.0202657,0.020144,0.0200255,0.01991,0.0197973,0.0196875,0.0195804,0.0194758,0.0193738,0.0192742,0.0191769,0.0190819,0.0189891,0.0188984,0.0188097,0.018723,0.0186382,0.0185553,0.0184742,0.0183949,0.0183172,0.0182412,0.0181668,0.018094,0.0180227,0.0179528,0.0178844,0.0178174,0.0177517,0.0176873,0.0176243,0.0175624,0.0175018,0.0174424,0.0173842,0.0173271,0.017271,0.0172161,0.0171622,0.0171093,0.0170575,0.0170066,0.0169566,0.0169076,0.0168596,0.0168124,0.016766
0.0948366,0.0828094,0.0714086,0.0608145,0.0523458,0.046819,0.0432228,0.0406633,0.038701,0.0371176,0.0357937,0.0346583,0.0336655,0.0327846,0.0319937,0.0312767,0.0306218,0.0300194,0.0294622,0.0289444,0.028461,0.0280082,0.0275825,0.0271812,0.0268018,0.0264424,0.0261011,0.0257763,0.0254668,0.0251713,0.0248887,0.0246181,0.0243587,0.0241096,0.0238702,0.02364,0.0234182,0.0232044,0.0229982,0.022799,0.0226066,0.0224205,0.0222405,0.0220661,0.0218971,0.0217334,0.0215745,0.0214203,0.0212706,0.0211251,0.0209837,0.0208462,0.0207125,0.0205824,0.0204556,0.0203322,0.020212,0.0200948,0.0199806,0.0198692,0.0197606,0.0196545,0.019551,0.01945,0.0193513,0.0192549,0.0191607,0.0190687,0.0189787,0.0188908,0.0188048,0.0187206,0.0186383,0.0185578,0.018479,0.0184019,0.0183263,0.0182524,0.01818,0.0181091,0.0180396,0.0179715,0.0179049,0.0178395,0.0177755,0.0177127,0.0176511,0.0175908,0.0175316,0.0174736,0.0174166,0.0173608,0.017306,0.0172523,0.0171996,0.0171479,0.0170971,0.0170473,0.0169984,0.0169504,0.0169033
0.0957387,0.0837991,0.0725437,0.0621036,0.0535528,0.0477811,0.0440001,0.041322,0.0392804,0.0376406,0.0362746,0.0351063,0.0340871,0.0331843,0.032375,0.0316422,0.0309735,0.030359,0.029791,0.0292635,0.0287714,0.0283105,0.0278775,0.0274694,0.0270838,0.0267186,0.0263718,0.026042,0.0257277,0.0254276,0.0251408,0.0248661,0.0246029,0.0243501,0.0241073,0.0238737,0.0236487,0.0234319,0.0232227,0.0230207,0.0228256,0.0226369,0.0224543,0.0222775,0.0221062,0.0219402,0.0217791,0.0216227,0.0214709,0.0213234,0.0211801,0.0210407,0.0209051,0.0207732,0.0206447,0.0205196,0.0203977,0.0202789,0.0201631,0.0200501,0.0199399,0.0198324,0.0197274,0.019625,0.0195249,0.0194271,0.0193316,0.0192383,0.019147,0.0190578,0.0189705,0.0188852,0.0188017,0.01872,0.01864,0.0185618,0.0184852,0.0184101,0.0183366,0.0182647,0.0181942,0.0181251,0.0180574,0.017991,0.017926,0.0178623,0.0177998,0.0177385,0.0176784,0.0176194,0.0175616,0.0175049,0.0174493,0.0173947,0.0173412,0.0172886,0.017237,0.0171864,0.0171367,0.0170879,0.0170401
0.0966276,0.0847661,0.0736385,0.0633396,0.0547435,0.0487511,0.0447859,0.0419864,0.0398633,0.0381657,0.0367566,0.0355548,0.0345086,0.0335837,0.0327557,0.032007,0.0313244,0.0306976,0.0301188,0.0295815,0.0290806,0.0286117,0.0281714,0.0277565,0.0273647,0.0269936,0.0266414,0.0263065,0.0259874,0.0256828,0.0253917,0.025113,0.0248459,0.0245896,0.0243432,0.0241063,0.0238782,0.0236583,0.0234462,0.0232414,0.0230436,0.0228523,0.0226672,0.0224879,0.0223143,0.022146,0.0219827,0.0218242,0.0216703,0.0215208,0.0213756,0.0212343,0.0210968,0.0209631,0.0208329,0.020706,0.0205825,0.0204621,0.0203447,0.0202301,0.0201184,0.0200094,0.019903,0.0197991,0.0196977,0.0195986,0.0195017,0.0194071,0.0193145,0.0192241,0.0191356,0.019049,0.0189644,0.0188815,0.0188004,0.018721,0.0186433,0.0185672,0.0184926,0.0184196,0.018348,0.0182779,0.0182092,0.0181419,0.0180759,0.0180112,0.0179478,0.0178856,0.0178246,0.0177647,0.017706,0.0176485,0.017592,0.0175365,0.0174821,0.0174288,0.0173764,0.0173249,0.0172745,0.0172249,0.0171762
0.0975042,0.0857123,0.0746975,0.064527,0.0559131,0.0497259,0.0455794,0.0426563,0.0404496,0.0386928,0.0372397,0.0360036,0.0349302,0.0339827,0.0331358,0.032371,0.0316743,0.0310353,0.0304456,0.0298985,0.0293887,0.0289118,0.0284641,0.0280424,0.0276443,0.0272674,0.0269098,0.0265698,0.0262459,0.0259368,0.0256415,0.0253588,0.0250878,0.0248278,0.0245781,0.0243378,0.0241065,0.0238836,0.0236686,0.023461,0.0232605,0.0230666,0.022879,0.0226974,0.0225214,0.0223508,0.0221853,0.0220247,0.0218688,0.0217173,0.0215701,0.0214269,0.0212877,0.0211521,0.0210202,0.0208916,0.0207664,0.0206444,0.0205254,0.0204094,0.0202962,0.0201857,0.0200778,0.0199725,0.0198697,0.0197692,0.0196711,0.0195751,0.0194813,0.0193896,0.0192999,0.0192122,0.0191263,0.0190423,0.01896,0.0188795,0.0188007,0.0187235,0.0186479,0.0185738,0.0185013,0.0184302,0.0183605,0.0182922,0.0182252,0.0181596,0.0180952,0.0180321,0.0179701,0.0179094,0.0178498,0.0177914,0.0177341,0.0176778,0.0176226,0.0175683,0.0175151,0.0174629,0.0174116,0.0173613,0.0173119
0.0983694,0.0866397,0.0757247,0.0656702,0.0570582,0.0507026,0.0463795,0.0433314,0.0410394,0.039222,0.0377238,0.0364529,0.0353517,0.0343814,0.0335154,0.0327342,0.0320235,0.031372,0.0307713,0.0302144,0.0296957,0.0292107,0.0287556,0.0283272,0.0279228,0.02754,0.027177,0.0268319,0.0265033,0.0261897,0.0258901,0.0256034,0.0253286,0.025065,0.0248118,0.0245682,0.0243338,0.0241079,0.0238899,0.0236796,0.0234764,0.0232799,0.0230898,0.0229058,0.0227275,0.0225546,0.022387,0.0222243,0.0220663,0.0219129,0.0217637,0.0216187,0.0214776,0.0213403,0.0212066,0.0210764,0.0209495,0.0208259,0.0207053,0.0205878,0.0204731,0.0203611,0.0202518,0.0201452,0.0200409,0.0199391,0.0198397,0.0197424,0.0196474,0.0195544,0.0194635,0.0193745,0.0192875,0.0192023,0.019119,0.0190374,0.0189574,0.0188792,0.0188025,0.0187274,0.0186538,0.0185817,0.018511,0.0184418,0.0183739,0.0183073,0.018242,0.0181779,0.0181151,0.0180535,0.0179931,0.0179337,0.0178755,0.0178184,0.0177624,0.0177074,0.0176534,0.0176003,0.0175483,0.0174972,0.017447
0.0992238,0.0875497,0.0767233,0.0667733,0.0581769,0.051678,0.0471851,0.0440114,0.0416324,0.0397531,0.0382089,0.0369026,0.0357731,0.0347797,0.0338944,0.0330967,0.0323717,0.0317078,0.031096,0.0305292,0.0300016,0.0295085,0.029046,0.0286108,0.0282001,0.0278115,0.027443,0.0270929,0.0267595,0.0264414,0.0261376,0.0258469,0.0255683,0.0253011,0.0250444,0.0247976,0.02456,0.024331,0.0241102,0.0238971,0.0236912,0.0234922,0.0232996,0.0231132,0.0229326,0.0227575,0.0225877,0.0224229,0.0222629,0.0221075,0.0219564,0.0218095,0.0216666,0.0215275,0.0213921,0.0212602,0.0211318,0.0210065,0.0208844,0.0207653,0.0206491,0.0205357,0.0204251,0.020317,0.0202114,0.0201083,0.0200075,0.019909,0.0198126,0.0197185,0.0196263,0.0195362,0.019448,0.0193617,0.0192772,0.0191945,0.0191135,0.0190342,0.0189565,0.0188803,0.0188057,0.0187326,0.018661,0.0185907,0.0185219,0.0184544,0.0183881,0.0183232,0.0182595,0.018197,0.0181357,0.0180755,0.0180165,0.0179585,0.0179016,0.0178458,0.017791,0.0177372,0.0176844,0.0176325,0.0175815
0.100068,0.0884436,0.077696,0.0678399,0.059268,0.0526492,0.047995,0.0446958,0.0422284,0.040286,0.0386951,0.0373527,0.0361945,0.0351777,0.0342728,0.0334585,0.0327191,0.0320426,0.0314196,0.0308429,0.0303064,0.0298051,0.0293352,0.0288932,0.0284762,0.0280818,0.0277079,0.0273527,0.0270145,0.026692,0.0263839,0.0260892,0.0258069,0.025536,0.0252759,0.0250258,0.0247851,0.0245532,0.0243295,0.0241136,0.0239051,0.0237035,0.0235085,0.0233197,0.0231367,0.0229595,0.0227875,0.0226206,0.0224586,0.0223012,0.0221482,0.0219995,0.0218547,0.0217139,0.0215768,0.0214433,0.0213131,0.0211863,0.0210627,0.0209421,0.0208244,0.0207096,0.0205975,0.020488,0.0203811,0.0202766,0.0201745,0.0200748,0.0199772,0.0198818,0.0197885,0.0196972,0.0196078,0.0195204,0.0194348,0.019351,0.0192689,0.0191885,0.0191098,0.0190326,0.018957,0.0188829,0.0188103,0.0187391,0.0186693,0.0186008,0.0185337,0.0184678,0.0184032,0.0183399,0.0182777,0.0182167,0.0181568,0.018098,0.0180403,0.0179837,0.0179281,0.0178735,0.0178199,0.0177673,0.0177156
0.100903,0.0893227,0.0786453,0.0688736,0.0603315,0.0536136,0.0488079,0.0453841,0.0428274,0.0408208,0.0391822,0.0378031,0.0366158,0.0355752,0.0346505,0.0338194,0.0330655,0.0323764,0.0317423,0.0311555,0.03061,0.0301007,0.0296233,0.0291745,0.0287512,0.028351,0.0279717,0.0276113,0.0272684,0.0269414,0.0266292,0.0263304,0.0260443,0.0257699,0.0255064,0.025253,0.0250091,0.0247742,0.0245477,0.0243291,0.0241179,0.0239138,0.0237163,0.0235251,0.0233399,0.0231604,0.0229863,0.0228174,0.0226533,0.022494,0.0223391,0.0221885,0.022042,0.0218994,0.0217606,0.0216254,0.0214937,0.0213653,0.0212401,0.021118,0.0209989,0.0208826,0.0207691,0.0206583,0.02055,0.0204442,0.0203409,0.0202398,0.020141,0.0200444,0.0199499,0.0198574,0.0197669,0.0196783,0.0195916,0.0195067,0.0194236,0.0193422,0.0192624,0.0191842,0.0191076,0.0190325,0.0189589,0.0188868,0.018816,0.0187467,0.0186786,0.0186119,0.0185464,0.0184822,0.0184191,0.0183573,0.0182966,0.018237,0.0181785,0.018121,0.0180647,0.0180093,0.0179549,0.0179015,0.0178491
0.101729,0.0901881,0.0795732,0.0698772,0.0613678,0.0545691,0.0496224,0.0460758,0.0434291,0.0413573,0.0396702,0.0382539,0.037037,0.0359724,0.0350277,0.0341796,0.0334111,0.0327092,0.0320639,0.0314671,0.0309126,0.0303951,0.0299103,0.0294546,0.029025,0.028619,0.0282342,0.0278688,0.0275212,0.0271897,0.0268732,0.0265705,0.0262807,0.0260026,0.0257357,0.0254791,0.0252321,0.0249942,0.0247649,0.0245435,0.0243297,0.024123,0.0239231,0.0237296,0.0235421,0.0233604,0.0231842,0.0230132,0.0228471,0.0226858,0.0225291,0.0223767,0.0222284,0.0220841,0.0219436,0.0218067,0.0216734,0.0215434,0.0214167,0.0212931,0.0211725,0.0210548,0.0209399,0.0208277,0.0207181,0.0206111,0.0205064,0.0204041,0.0203041,0.0202063,0.0201106,0.0200169,0.0199253,0.0198356,0.0197478,0.0196618,0.0195776,0.0194951,0.0194143,0.0193352,0.0192576,0.0191815,0.019107,0.0190339,0.0189622,0.0188919,0.018823,0.0187553,0.018689,0.0186239,0.01856,0.0184973,0.0184357,0.0183753,0.018316,0.0182578,0.0182006,0.0181445,0.0180894,0.0180352,0.017982
0.102547,0.0910407,0.0804815,0.0708534,0.0623777,0.0555136,0.0504371,0.0467703,0.0440332,0.0418955,0.0401591,0.038705,0.0374582,0.0363692,0.0354043,0.0345391,0.0337559,0.0330411,0.0323844,0.0317776,0.031214,0.0306883,0.0301961,0.0297336,0.0292977,0.0288858,0.0284956,0.0281252,0.0277728,0.0274369,0.0271162,0.0268095,0.0265159,0.0262343,0.025964,0.0257041,0.0254541,0.0252132,0.024981,0.0247569,0.0245405,0.0243313,0.0241289,0.0239331,0.0237433,0.0235595,0.0233811,0.0232081,0.02304,0.0228768,0.0227182,0.0225639,0.0224139,0.0222678,0.0221257,0.0219872,0.0218523,0.0217207,0.0215925,0.0214674,0.0213454,0.0212263,0.02111,0.0209965,0.0208855,0.0207772,0.0206712,0.0205677,0.0204664,0.0203674,0.0202705,0.0201757,0.020083,0.0199922,0.0199033,0.0198162,0.019731,0.0196475,0.0195656,0.0194855,0.0194069,0.0193299,0.0192544,0.0191803,0.0191077,0.0190365,0.0189667,0.0188982,0.0188309,0.018765,0.0187003,0.0186367,0.0185744,0.0185131,0.018453,0.018394,0.0183361,0.0182792,0.0182233,0.0181684,0.0181144
0.103356,0.0918814,0.0813719,0.0718046,0.0633625,0.0564459,0.0512507,0.0474671,0.0446396,0.0424351,0.0406489,0.0391564,0.0378792,0.0367656,0.0357802,0.0348978,0.0340997,0.033372,0.032704,0.032087,0.0315144,0.0309805,0.0304807,0.0300114,0.0295692,0.0291515,0.0287559,0.0283804,0.0280232,0.0276829,0.027358,0.0270474,0.02675,0.0264649,0.0261911,0.0259281,0.0256749,0.0254311,0.0251961,0.0249693,0.0247503,0.0245386,0.0243338,0.0241356,0.0239436,0.0237575,0.0235771,0.023402,0.023232,0.0230669,0.0229064,0.0227503,0.0225985,0.0224507,0.0223069,0.0221668,0.0220303,0.0218972,0.0217675,0.0216409,0.0215175,0.021397,0.0212793,0.0211644,0.0210522,0.0209425,0.0208353,0.0207305,0.020628,0.0205278,0.0204298,0.0203339,0.02024,0.0201481,0.0200581,0.01997,0.0198837,0.0197991,0.0197163,0.0196351,0.0195556,0.0194776,0.0194011,0.0193262,0.0192526,0.0191805,0.0191098,0.0190404,0.0189723,0.0189055,0.0188399,0.0187756,0.0187124,0.0186504,0.0185895,0.0185297,0.018471,0.0184133,0.0183567,0.018301,0.0182464
0.104158,0.0927109,0.0822457,0.0727329,0.0643233,0.0573649,0.0520619,0.0481654,0.0452479,0.0429761,0.0411394,0.0396081,0.0383001,0.0371616,0.0361556,0.0352557,0.0344426,0.033702,0.0330225,0.0323954,0.0318136,0.0312715,0.0307642,0.030288,0.0298396,0.029416,0.029015,0.0286344,0.0282726,0.0279278,0.0275987,0.0272842,0.026983,0.0266943,0.0264172,0.0261509,0.0258947,0.025648,0.0254102,0.0251807,0.024959,0.0247448,0.0245377,0.0243371,0.0241429,0.0239547,0.0237722,0.023595,0.0234231,0.023256,0.0230937,0.0229358,0.0227822,0.0226328,0.0224873,0.0223456,0.0222075,0.0220729,0.0219417,0.0218136,0.0216887,0.0215668,0.0214478,0.0213316,0.021218,0.0211071,0.0209986,0.0208926,0.0207889,0.0206875,0.0205883,0.0204913,0.0203963,0.0203033,0.0202122,0.020123,0.0200357,0.0199501,0.0198663,0.0197841,0.0197036,0.0196247,0.0195473,0.0194714,0.019397,0.0193239,0.0192523,0.0191821,0.0191131,0.0190455,0.0189791,0.0189139,0.0188499,0.0187871,0.0187254,0.0186648,0.0186053,0.0185469,0.0184895,0.0184331,0.0183777
0.104953,0.0935299,0.0831041,0.0736401,0.0652614,0.0582698,0.0528695,0.0488645,0.0458578,0.0435184,0.0416307,0.04006,0.0387209,0.0375572,0.0365303,0.0356128,0.0347847,0.034031,0.03334,0.0327027,0.0321117,0.0315613,0.0310466,0.0305636,0.0301088,0.0296794,0.029273,0.0288874,0.0285208,0.0281716,0.0278383,0.0275198,0.027215,0.0269227,0.0266423,0.0263728,0.0261135,0.0258639,0.0256232,0.025391,0.0251668,0.0249501,0.0247406,0.0245377,0.0243413,0.0241509,0.0239663,0.0237871,0.0236132,0.0234443,0.0232801,0.0231204,0.0229651,0.022814,0.0226668,0.0225235,0.0223839,0.0222478,0.022115,0.0219856,0.0218592,0.0217359,0.0216155,0.021498,0.0213831,0.0212709,0.0211612,0.021054,0.0209491,0.0208465,0.0207462,0.020648,0.0205519,0.0204578,0.0203657,0.0202754,0.0201871,0.0201005,0.0200157,0.0199325,0.019851,0.0197711,0.0196928,0.019616,0.0195407,0.0194668,0.0193943,0.0193231,0.0192533,0.0191848,0.0191176,0.0190516,0.0189868,0.0189232,0.0188607,0.0187994,0.0187391,0.0186799,0.0186218,0.0185647,0.0185086
0.105742,0.0943392,0.0839484,0.0745278,0.0661782,0.0591603,0.0536725,0.0495639,0.046469,0.0440619,0.0421226,0.0405121,0.0391415,0.0379523,0.0369044,0.0359691,0.0351259,0.034359,0.0336564,0.0330089,0.0324088,0.0318501,0.0313279,0.0308379,0.0303768,0.0299416,0.0295298,0.0291391,0.0287678,0.0284142,0.0280768,0.0277544,0.0274458,0.0271501,0.0268662,0.0265935,0.0263312,0.0260787,0.0258352,0.0256004,0.0253736,0.0251544,0.0249425,0.0247374,0.0245387,0.0243462,0.0241595,0.0239783,0.0238025,0.0236316,0.0234656,0.0233042,0.0231472,0.0229943,0.0228456,0.0227006,0.0225594,0.0224218,0.0222876,0.0221567,0.0220289,0.0219043,0.0217825,0.0216636,0.0215475,0.021434,0.0213231,0.0212146,0.0211086,0.0210048,0.0209033,0.020804,0.0207068,0.0206116,0.0205184,0.0204272,0.0203378,0.0202502,0.0201644,0.0200802,0.0199978,0.019917,0.0198377,0.01976,0.0196837,0.019609,0.0195356,0.0194636,0.019393,0.0193236,0.0192556,0.0191888,0.0191232,0.0190588,0.0189955,0.0189334,0.0188724,0.0188125,0.0187536,0.0186957,0.0186389
0.106523,0.0951392,0.0847794,0.0753977,0.067075,0.0600362,0.0544699,0.0502628,0.0470812,0.0446062,0.042615,0.0409643,0.039562,0.0383471,0.0372778,0.0363247,0.0354662,0.034686,0.0339719,0.033314,0.0327047,0.0321378,0.031608,0.0311112,0.0306438,0.0302027,0.0297855,0.0293898,0.0290138,0.0286557,0.0283142,0.0279878,0.0276756,0.0273763,0.0270891,0.0268133,0.0265479,0.0262924,0.0260462,0.0258087,0.0255794,0.0253578,0.0251434,0.024936,0.0247352,0.0245405,0.0243518,0.0241686,0.0239908,0.0238181,0.0236503,0.0234871,0.0233283,0.0231738,0.0230234,0.0228769,0.0227342,0.022595,0.0224593,0.022327,0.0221979,0.0220718,0.0219487,0.0218285,0.0217111,0.0215964,0.0214842,0.0213746,0.0212673,0.0211624,0.0210598,0.0209594,0.020861,0.0207648,0.0206706,0.0205783,0.0204878,0.0203992,0.0203124,0.0202273,0.0201439,0.0200622,0.019982,0.0199034,0.0198262,0.0197506,0.0196763,0.0196035,0.019532,0.0194618,0.019393,0.0193253,0.019259,0.0191938,0.0191298,0.0190669,0.0190051,0.0189444,0.0188848,0.0188263,0.0187687
0.107299,0.0959305,0.0855981,0.076251,0.0679529,0.0608975,0.0552609,0.0509606,0.0476941,0.0451514,0.043108,0.0414167,0.0399822,0.0387413,0.0376507,0.0366795,0.0358056,0.0350121,0.0342863,0.0336181,0.0329996,0.0324243,0.031887,0.0313833,0.0309096,0.0304627,0.03004,0.0296393,0.0292586,0.0288962,0.0285505,0.0282202,0.0279042,0.0276015,0.027311,0.0270319,0.0267636,0.0265052,0.0262562,0.026016,0.0257842,0.0255601,0.0253434,0.0251338,0.0249307,0.0247339,0.0245431,0.024358,0.0241783,0.0240037,0.0238341,0.0236691,0.0235086,0.0233525,0.0232005,0.0230524,0.0229081,0.0227675,0.0226303,0.0224965,0.022366,0.0222386,0.0221142,0.0219927,0.021874,0.021758,0.0216446,0.0215338,0.0214254,0.0213193,0.0212155,0.021114,0.0210146,0.0209173,0.020822,0.0207287,0.0206372,0.0205476,0.0204599,0.0203738,0.0202895,0.0202068,0.0201257,0.0200461,0.0199681,0.0198916,0.0198165,0.0197428,0.0196705,0.0195995,0.0195298,0.0194614,0.0193942,0.0193282,0.0192634,0.0191998,0.0191373,0.0190759,0.0190156,0.0189563,0.018898
0.108069,0.0967135,0.0864052,0.0770888,0.0688132,0.0617443,0.0560449,0.0516567,0.0483072,0.0456972,0.0436013,0.0418692,0.0404023,0.0391352,0.0380228,0.0370336,0.0361441,0.0353372,0.0345997,0.0339211,0.0332933,0.0327097,0.0321649,0.0316543,0.0311742,0.0307215,0.0302935,0.0298877,0.0295023,0.0291355,0.0287856,0.0284515,0.0281318,0.0278256,0.0275318,0.0272496,0.0269782,0.026717,0.0264652,0.0262224,0.025988,0.0257615,0.0255425,0.0253305,0.0251253,0.0249264,0.0247336,0.0245465,0.0243648,0.0241884,0.024017,0.0238503,0.0236881,0.0235303,0.0233767,0.023227,0.0230812,0.0229391,0.0228005,0.0226653,0.0225334,0.0224046,0.0222789,0.0221561,0.0220361,0.0219189,0.0218043,0.0216923,0.0215827,0.0214755,0.0213706,0.021268,0.0211675,0.0210691,0.0209728,0.0208784,0.020786,0.0206954,0.0206067,0.0205197,0.0204344,0.0203507,0.0202687,0.0201883,0.0201094,0.020032,0.019956,0.0198815,0.0198084,0.0197366,0.0196661,0.0195968,0.0195289,0.0194621,0.0193966,0.0193322,0.019269,0.0192068,0.0191458,0.0190858,0.0190268
0.108834,0.0974889,0.0872016,0.0779123,0.0696569,0.0625772,0.0568213,0.0523506,0.0489203,0.0462434,0.044095,0.0423217,0.0408221,0.0395285,0.0383944,0.0373868,0.0364818,0.0356614,0.0349121,0.0342231,0.033586,0.0329941,0.0324416,0.0319242,0.0314378,0.0309792,0.0305458,0.030135,0.0297449,0.0293737,0.0290197,0.0286817,0.0283584,0.0280486,0.0277515,0.0274662,0.0271918,0.0269277,0.0266732,0.0264278,0.0261908,0.0259619,0.0257406,0.0255264,0.025319,0.025118,0.0249231,0.024734,0.0245505,0.0243722,0.024199,0.0240306,0.0238667,0.0237073,0.0235521,0.0234009,0.0232535,0.0231099,0.0229699,0.0228333,0.0227,0.0225699,0.0224428,0.0223188,0.0221975,0.0220791,0.0219633,0.02185,0.0217393,0.021631,0.021525,0.0214212,0.0213197,0.0212203,0.0211229,0.0210275,0.0209341,0.0208425,0.0207528,0.0206649,0.0205786,0.0204941,0.0204112,0.0203299,0.0202501,0.0201718,0.020095,0.0200197,0.0199457,0.0198731,0.0198018,0.0197318,0.019663,0.0195955,0.0195292,0.0194641,0.0194001,0.0193372,0.0192754,0.0192147,0.0191551
0.109593,0.0982568,0.0879878,0.0787225,0.0704852,0.0633963,0.0575898,0.0530416,0.049533,0.0467899,0.0445889,0.0427742,0.0412417,0.0399214,0.0387653,0.0377393,0.0368185,0.0359846,0.0352234,0.034524,0.0338776,0.0332773,0.0327173,0.0321929,0.0317002,0.0312358,0.030797,0.0303812,0.0299864,0.0296108,0.0292527,0.0289108,0.0285838,0.0282706,0.0279702,0.0276817,0.0274044,0.0271374,0.0268802,0.0266321,0.0263927,0.0261614,0.0259377,0.0257213,0.0255117,0.0253086,0.0251117,0.0249207,0.0247353,0.0245552,0.0243802,0.02421,0.0240445,0.0238834,0.0237266,0.0235739,0.023425,0.0232799,0.0231385,0.0230005,0.0228658,0.0227344,0.022606,0.0224807,0.0223582,0.0222385,0.0221215,0.0220071,0.0218952,0.0217858,0.0216787,0.0215738,0.0214712,0.0213708,0.0212724,0.021176,0.0210816,0.020989,0.0208983,0.0208094,0.0207223,0.0206368,0.020553,0.0204708,0.0203902,0.0203111,0.0202334,0.0201572,0.0200824,0.020009,0.0199369,0.0198661,0.0197966,0.0197283,0.0196613,0.0195954,0.0195307,0.0194671,0.0194046,0.0193432,0.0192828
0.110347,0.0990178,0.0887645,0.0795201,0.0712988,0.0642021,0.05835,0.0537293,0.0501449,0.0473365,0.045083,0.0432266,0.0416609,0.0403138,0.0391355,0.0380909,0.0371544,0.0363069,0.0355338,0.0348239,0.0341682,0.0335594,0.0329918,0.0324605,0.0319615,0.0314913,0.0310471,0.0306263,0.0302268,0.0298468,0.0294847,0.0291389,0.0288082,0.0284916,0.0281879,0.0278963,0.0276159,0.0273461,0.0270862,0.0268355,0.0265936,0.0263599,0.0261339,0.0259152,0.0257035,0.0254984,0.0252995,0.0251065,0.0249192,0.0247373,0.0245605,0.0243886,0.0242215,0.0240588,0.0239004,0.0237461,0.0235957,0.0234492,0.0233063,0.0231669,0.0230309,0.0228981,0.0227685,0.0226419,0.0225181,0.0223972,0.022279,0.0221635,0.0220504,0.0219399,0.0218317,0.0217258,0.0216221,0.0215206,0.0214212,0.0213238,0.0212284,0.0211349,0.0210432,0.0209534,0.0208653,0.020779,0.0206943,0.0206112,0.0205297,0.0204497,0.0203712,0.0202942,0.0202186,0.0201444,0.0200715,0.0199999,0.0199297,0.0198606,0.0197928,0.0197262,0.0196608,0.0195964,0.0195332,0.0194711,0.0194101
0.111096,0.0997722,0.0895322,0.0803061,0.0720988,0.0649952,0.0591018,0.0544132,0.0507558,0.047883,0.045577,0.043679,0.0420799,0.0407057,0.0395051,0.0384418,0.0374894,0.0366282,0.0358432,0.0351227,0.0344576,0.0338405,0.0332653,0.0327271,0.0322217,0.0317457,0.031296,0.0308703,0.0304661,0.0300818,0.0297155,0.0293659,0.0290316,0.0287115,0.0284045,0.0281098,0.0278265,0.0275539,0.0272912,0.027038,0.0267935,0.0265574,0.0263291,0.0261083,0.0258944,0.0256872,0.0254863,0.0252914,0.0251023,0.0249185,0.02474,0.0245664,0.0243976,0.0242333,0.0240733,0.0239175,0.0237657,0.0236177,0.0234734,0.0233326,0.0231952,0.0230611,0.0229302,0.0228023,0.0226774,0.0225552,0.0224359,0.0223191,0.022205,0.0220933,0.021984,0.021877,0.0217723,0.0216698,0.0215693,0.0214709,0.0213746,0.0212801,0.0211875,0.0210968,0.0210078,0.0209205,0.0208349,0.020751,0.0206686,0.0205878,0.0205085,0.0204306,0.0203542,0.0202792,0.0202055,0.0201332,0.0200621,0.0199924,0.0199238,0.0198565,0.0197903,0.0197253,0.0196614,0.0195986,0.0195368
0.111841,0.10052,0.0902914,0.081081,0.0728858,0.065776,0.0598451,0.0550931,0.0513653,0.0484292,0.046071,0.0441312,0.0424985,0.0410971,0.0398741,0.038792,0.0378236,0.0369486,0.0361515,0.0354205,0.034746,0.0341204,0.0335376,0.0329925,0.0324808,0.0319989,0.0315439,0.0311131,0.0307044,0.0303156,0.0299453,0.0295918,0.0292539,0.0289303,0.0286201,0.0283223,0.028036,0.0277606,0.0274952,0.0272394,0.0269925,0.026754,0.0265234,0.0263004,0.0260844,0.0258751,0.0256723,0.0254755,0.0252844,0.0250989,0.0249186,0.0247434,0.0245729,0.0244069,0.0242454,0.0240881,0.0239348,0.0237853,0.0236396,0.0234975,0.0233588,0.0232234,0.0230912,0.022962,0.0228358,0.0227125,0.022592,0.0224741,0.0223588,0.022246,0.0221356,0.0220276,0.0219218,0.0218183,0.0217168,0.0216175,0.0215201,0.0214247,0.0213312,0.0212395,0.0211496,0.0210614,0.020975,0.0208902,0.0208069,0.0207253,0.0206451,0.0205665,0.0204893,0.0204134,0.020339,0.0202659,0.0201941,0.0201236,0.0200543,0.0199862,0.0199193,0.0198536,0.019789,0.0197255,0.0196631
0.112581,0.101262,0.0910426,0.0818457,0.0736608,0.0665451,0.0605799,0.0557685,0.0519731,0.0489748,0.0465649,0.0445831,0.0429168,0.041488,0.0402423,0.0391413,0.0381568,0.037268,0.0364589,0.0357173,0.0350333,0.0343993,0.0338089,0.0332568,0.0327388,0.0322511,0.0317907,0.0313549,0.0309415,0.0305484,0.030174,0.0298167,0.0294751,0.0291481,0.0288347,0.0285338,0.0282446,0.0279663,0.0276983,0.0274399,0.0271905,0.0269497,0.0267168,0.0264915,0.0262735,0.0260622,0.0258573,0.0256586,0.0254657,0.0252784,0.0250964,0.0249194,0.0247473,0.0245798,0.0244167,0.0242579,0.0241031,0.0239523,0.0238051,0.0236616,0.0235216,0.0233849,0.0232514,0.023121,0.0229936,0.0228691,0.0227474,0.0226284,0.022512,0.0223981,0.0222866,0.0221775,0.0220707,0.0219661,0.0218637,0.0217634,0.021665,0.0215687,0.0214742,0.0213816,0.0212908,0.0212018,0.0211144,0.0210288,0.0209447,0.0208622,0.0207812,0.0207018,0.0206238,0.0205472,0.0204719,0.0203981,0.0203255,0.0202542,0.0201842,0.0201154,0.0200478,0.0199814,0.0199161,0.0198519,0.0197888
0.113317,0.101999,0.0917862,0.0826006,0.0744244,0.0673028,0.0613062,0.0564393,0.052579,0.0495199,0.0470585,0.0450349,0.0433347,0.0418783,0.0406099,0.0394899,0.0384892,0.0375865,0.0367653,0.036013,0.0353196,0.0346771,0.0340791,0.03352,0.0329957,0.0325022,0.0320364,0.0315956,0.0311776,0.0307802,0.0304017,0.0300405,0.0296953,0.0293649,0.0290482,0.0287443,0.0284521,0.0281711,0.0279004,0.0276394,0.0273876,0.0271444,0.0269093,0.0266818,0.0264616,0.0262483,0.0260415,0.0258409,0.0256462,0.0254571,0.0252734,0.0250947,0.024921,0.0247519,0.0245872,0.0244269,0.0242707,0.0241184,0.0239699,0.023825,0.0236836,0.0235457,0.0234109,0.0232793,0.0231507,0.023025,0.0229021,0.022782,0.0226644,0.0225495,0.0224369,0.0223268,0.022219,0.0221134,0.0220099,0.0219086,0.0218093,0.021712,0.0216166,0.0215231,0.0214314,0.0213415,0.0212533,0.0211668,0.0210819,0.0209985,0.0209168,0.0208365,0.0207577,0.0206803,0.0206043,0.0205297,0.0204564,0.0203844,0.0203136,0.0202441,0.0201758,0.0201087,0.0200427,0.0199778,0.0199141
0.11405,0.10273,0.0925227,0.0833463,0.0751772,0.0680498,0.0620241,0.0571052,0.0531827,0.0500641,0.0475517,0.0454863,0.0437522,0.0422681,0.0409769,0.0398377,0.0388208,0.037904,0.0370707,0.0363077,0.0356048,0.0349539,0.0343481,0.0337822,0.0332515,0.0327521,0.032281,0.0318353,0.0314125,0.0310108,0.0306282,0.0302633,0.0299145,0.0295807,0.0292608,0.0289537,0.0286587,0.0283749,0.0281015,0.027838,0.0275837,0.0273382,0.0271008,0.0268712,0.0266489,0.0264336,0.0262248,0.0260223,0.0258258,0.0256349,0.0254495,0.0252692,0.0250938,0.0249231,0.024757,0.0245951,0.0244375,0.0242837,0.0241339,0.0239876,0.023845,0.0237057,0.0235697,0.0234368,0.023307,0.0231802,0.0230561,0.0229349,0.0228162,0.0227002,0.0225866,0.0224754,0.0223665,0.0222599,0.0221555,0.0220532,0.021953,0.0218547,0.0217584,0.021664,0.0215714,0.0214806,0.0213916,0.0213042,0.0212185,0.0211343,0.0210517,0.0209707,0.0208911,0.0208129,0.0207362,0.0206608,0.0205867,0.020514,0.0204425,0.0203723,0.0203033,0.0202355,0.0201688,0.0201033,0.0200388
0.114778,0.103456,0.0932523,0.0840835,0.0759199,0.0687866,0.0627337,0.057766,0.053784,0.0506072,0.0480444,0.0459373,0.0441692,0.0426574,0.0413431,0.0401847,0.0391514,0.0382207,0.0373751,0.0366014,0.035889,0.0352296,0.0346162,0.0340433,0.0335062,0.033001,0.0325245,0.0320738,0.0316465,0.0312404,0.0308538,0.030485,0.0301327,0.0297955,0.0294723,0.0291622,0.0288643,0.0285777,0.0283017,0.0280356,0.0277789,0.027531,0.0272914,0.0270596,0.0268353,0.0266179,0.0264072,0.0262029,0.0260045,0.0258119,0.0256247,0.0254428,0.0252658,0.0250936,0.0249259,0.0247626,0.0246035,0.0244483,0.0242971,0.0241495,0.0240055,0.023865,0.0237277,0.0235937,0.0234627,0.0233346,0.0232095,0.0230871,0.0229673,0.0228502,0.0227356,0.0226233,0.0225135,0.0224059,0.0223005,0.0221972,0.022096,0.0219969,0.0218996,0.0218043,0.0217109,0.0216192,0.0215293,0.021441,0.0213545,0.0212695,0.0211861,0.0211043,0.0210239,0.020945,0.0208675,0.0207913,0.0207165,0.0206431,0.0205709,0.0205,0.0204302,0.0203617,0.0202944,0.0202282,0.0201631
0.115502,0.104177,0.0939755,0.0848124,0.0766529,0.0695134,0.0634352,0.0584216,0.0543826,0.0511492,0.0485365,0.0463879,0.0445858,0.043046,0.0417087,0.0405309,0.0394812,0.0385364,0.0376786,0.0368941,0.0361722,0.0355042,0.0348831,0.0343033,0.0337598,0.0332489,0.032767,0.0323113,0.0318793,0.031469,0.0310783,0.0307057,0.0303498,0.0300092,0.0296829,0.0293697,0.0290689,0.0287795,0.0285009,0.0282323,0.0279732,0.027723,0.0274811,0.0272472,0.0270208,0.0268014,0.0265888,0.0263826,0.0261824,0.025988,0.0257992,0.0256156,0.025437,0.0252632,0.025094,0.0249292,0.0247687,0.0246122,0.0244596,0.0243107,0.0241654,0.0240236,0.0238851,0.0237498,0.0236176,0.0234884,0.0233621,0.0232386,0.0231178,0.0229996,0.0228839,0.0227706,0.0226597,0.0225511,0.0224448,0.0223406,0.0222384,0.0221384,0.0220402,0.021944,0.0218497,0.0217572,0.0216664,0.0215773,0.0214899,0.0214042,0.02132,0.0212373,0.0211562,0.0210765,0.0209982,0.0209213,0.0208458,0.0207716,0.0206987,0.0206271,0.0205567,0.0204875,0.0204195,0.0203526,0.0202868
0.116224,0.104893,0.0946925,0.0855336,0.0773769,0.070231,0.0641288,0.059072,0.0549784,0.0516899,0.049028,0.0468381,0.0450019,0.0434341,0.0420736,0.0408763,0.0398102,0.0388512,0.037981,0.0371858,0.0364543,0.0357778,0.035149,0.0345622,0.0340124,0.0334956,0.0330084,0.0325477,0.0321112,0.0316965,0.0313018,0.0309254,0.0305659,0.030222,0.0298924,0.0295762,0.0292725,0.0289804,0.0286991,0.028428,0.0281665,0.027914,0.0276699,0.0274339,0.0272054,0.0269841,0.0267695,0.0265614,0.0263595,0.0261634,0.0259728,0.0257876,0.0256074,0.0254321,0.0252614,0.0250951,0.0249332,0.0247753,0.0246213,0.0244711,0.0243245,0.0241814,0.0240417,0.0239052,0.0237719,0.0236415,0.0235141,0.0233895,0.0232675,0.0231483,0.0230315,0.0229173,0.0228054,0.0226958,0.0225885,0.0224833,0.0223802,0.0222792,0.0221802,0.0220831,0.0219879,0.0218945,0.0218029,0.021713,0.0216248,0.0215382,0.0214532,0.0213698,0.0212879,0.0212074,0.0211284,0.0210508,0.0209746,0.0208997,0.0208261,0.0207537,0.0206826,0.0206128,0.0205441,0.0204765,0.0204101
0.116941,0.105605,0.0954037,0.0862475,0.0780923,0.0709395,0.0648146,0.0597171,0.0555713,0.0522291,0.0495188,0.0472877,0.0454175,0.0438216,0.0424378,0.041221,0.0401383,0.039165,0.0382826,0.0374765,0.0367354,0.0360503,0.0354139,0.0348201,0.034264,0.0337413,0.0332487,0.0327831,0.0323419,0.0319229,0.0315242,0.0311441,0.030781,0.0304337,0.030101,0.0297818,0.0294752,0.0291803,0.0288964,0.0286228,0.0283589,0.0281041,0.0278578,0.0276196,0.0273891,0.0271658,0.0269494,0.0267394,0.0265357,0.0263378,0.0261456,0.0259587,0.025777,0.0256001,0.025428,0.0252603,0.0250969,0.0249376,0.0247823,0.0246307,0.0244829,0.0243386,0.0241976,0.0240599,0.0239254,0.0237939,0.0236654,0.0235396,0.0234166,0.0232963,0.0231785,0.0230633,0.0229504,0.0228398,0.0227315,0.0226254,0.0225214,0.0224195,0.0223196,0.0222216,0.0221256,0.0220313,0.0219389,0.0218481,0.0217591,0.0216717,0.021586,0.0215018,0.0214191,0.0213379,0.0212581,0.0211798,0.0211028,0.0210272,0.0209529,0.0208799,0.0208081,0.0207375,0.0206682,0.0206,0.0205329
0.117656,0.106312,0.0961093,0.0869544,0.0787995,0.0716396,0.065493,0.0603568,0.056161,0.0527667,0.0500086,0.0477367,0.0458325,0.0442085,0.0428013,0.0415649,0.0404655,0.039478,0.0385831,0.0377662,0.0370155,0.0363218,0.0356777,0.0350769,0.0345144,0.033986,0.033488,0.0330174,0.0325717,0.0321484,0.0317456,0.0313617,0.0309951,0.0306444,0.0303085,0.0299863,0.0296769,0.0293793,0.0290928,0.0288167,0.0285504,0.0282933,0.0280448,0.0278045,0.027572,0.0273467,0.0271283,0.0269166,0.0267111,0.0265115,0.0263176,0.0261291,0.0259458,0.0257674,0.0255938,0.0254246,0.0252598,0.0250992,0.0249425,0.0247897,0.0246405,0.024495,0.0243528,0.0242139,0.0240782,0.0239456,0.0238159,0.0236891,0.0235651,0.0234437,0.0233249,0.0232086,0.0230947,0.0229832,0.022874,0.0227669,0.022662,0.0225592,0.0224584,0.0223595,0.0222626,0.0221675,0.0220742,0.0219827,0.0218929,0.0218047,0.0217181,0.0216332,0.0215497,0.0214678,0.0213873,0.0213082,0.0212305,0.0211542,0.0210792,0.0210055,0.020933,0.0208618,0.0207918,0.0207229,0.0206552
0.118367,0.107015,0.0968095,0.0876547,0.079499,0.0723315,0.066164,0.0609912,0.0567475,0.0533026,0.0504976,0.0481851,0.046247,0.0445948,0.0431642,0.041908,0.040792,0.0397901,0.0388828,0.0380549,0.0372946,0.0365923,0.0359405,0.0353327,0.0347639,0.0342296,0.0337263,0.0332507,0.0328003,0.0323728,0.031966,0.0315784,0.0312082,0.0308542,0.0305151,0.0301899,0.0298776,0.0295773,0.0292882,0.0290097,0.028741,0.0284816,0.0282309,0.0279885,0.0277539,0.0275267,0.0273065,0.0270929,0.0268856,0.0266843,0.0264888,0.0262987,0.0261138,0.0259339,0.0257588,0.0255882,0.025422,0.02526,0.025102,0.0249479,0.0247975,0.0246507,0.0245073,0.0243673,0.0242304,0.0240966,0.0239659,0.023838,0.0237129,0.0235904,0.0234706,0.0233533,0.0232385,0.023126,0.0230158,0.0229078,0.022802,0.0226983,0.0225966,0.0224969,0.0223991,0.0223031,0.022209,0.0221167,0.0220261,0.0219371,0.0218498,0.021764,0.0216798,0.0215971,0.0215159,0.0214361,0.0213577,0.0212807,0.021205,0.0211306,0.0210574,0.0209855,0.0209149,0.0208454,0.020777
0.119075,0.107714,0.0975047,0.0883486,0.0801911,0.0730156,0.066828,0.0616203,0.0573308,0.0538366,0.0509855,0.0486328,0.0466608,0.0449805,0.0435263,0.0422504,0.0411175,0.0401013,0.0391815,0.0383427,0.0375727,0.0368618,0.0362022,0.0355874,0.0350122,0.0344722,0.0339635,0.033483,0.033028,0.0325962,0.0321854,0.031794,0.0314203,0.031063,0.0307207,0.0303925,0.0300774,0.0297744,0.0294827,0.0292017,0.0289307,0.028669,0.0284162,0.0281717,0.0279351,0.0277059,0.0274838,0.0272684,0.0270593,0.0268564,0.0266592,0.0264675,0.026281,0.0260996,0.025923,0.025751,0.0255834,0.0254201,0.0252608,0.0251054,0.0249537,0.0248057,0.0246611,0.0245199,0.0243819,0.024247,0.0241151,0.0239861,0.02386,0.0237365,0.0236157,0.0234974,0.0233816,0.0232681,0.023157,0.0230481,0.0229414,0.0228368,0.0227342,0.0226336,0.022535,0.0224382,0.0223433,0.0222501,0.0221587,0.0220689,0.0219808,0.0218943,0.0218094,0.0217259,0.021644,0.0215635,0.0214844,0.0214066,0.0213303,0.0212552,0.0211814,0.0211088,0.0210375,0.0209673,0.0208984
0.119781,0.10841,0.098195,0.0890366,0.0808762,0.0736923,0.0674852,0.0622441,0.0579106,0.0543687,0.0514723,0.0490797,0.047074,0.0453655,0.0438877,0.042592,0.0414423,0.0404115,0.0394792,0.0386295,0.0378498,0.0371303,0.0364629,0.0358412,0.0352596,0.0347137,0.0341997,0.0337142,0.0332547,0.0328186,0.0324038,0.0320086,0.0316314,0.0312708,0.0309254,0.0305942,0.0302762,0.0299705,0.0296763,0.0293928,0.0291194,0.0288555,0.0286005,0.0283539,0.0281153,0.0278842,0.0276602,0.027443,0.0272322,0.0270276,0.0268287,0.0266355,0.0264475,0.0262646,0.0260865,0.0259131,0.0257441,0.0255794,0.0254188,0.0252621,0.0251092,0.0249599,0.0248142,0.0246718,0.0245327,0.0243967,0.0242637,0.0241337,0.0240064,0.023882,0.0237601,0.0236408,0.023524,0.0234096,0.0232976,0.0231878,0.0230801,0.0229746,0.0228712,0.0227698,0.0226703,0.0225727,0.0224769,0.022383,0.0222908,0.0222002,0.0221114,0.0220241,0.0219384,0.0218542,0.0217716,0.0216903,0.0216105,0.0215321,0.021455,0.0213793,0.0213048,0.0212316,0.0211596,0.0210888,0.0210192
0.120483,0.109102,0.0988807,0.0897189,0.0815547,0.074362,0.0681358,0.0628628,0.058487,0.0548988,0.0519579,0.0495259,0.0474866,0.0457499,0.0442485,0.0429329,0.0417662,0.040721,0.0397761,0.0389153,0.0381259,0.0373978,0.0367226,0.0360939,0.0355059,0.0349542,0.0344348,0.0339445,0.0334803,0.0330399,0.0326212,0.0322223,0.0318416,0.0314776,0.0311291,0.030795,0.0304741,0.0301658,0.029869,0.029583,0.0293073,0.0290411,0.028784,0.0285353,0.0282947,0.0280617,0.0278359,0.0276168,0.0274043,0.027198,0.0269975,0.0268027,0.0266132,0.0264288,0.0262492,0.0260744,0.0259041,0.025738,0.0255761,0.0254182,0.025264,0.0251135,0.0249666,0.024823,0.0246828,0.0245457,0.0244116,0.0242805,0.0241523,0.0240268,0.0239039,0.0237837,0.0236659,0.0235506,0.0234376,0.0233268,0.0232183,0.0231119,0.0230076,0.0229053,0.022805,0.0227066,0.02261,0.0225153,0.0224223,0.022331,0.0222413,0.0221533,0.0220669,0.021982,0.0218986,0.0218167,0.0217362,0.0216571,0.0215793,0.0215029,0.0214277,0.0213539,0.0212813,0.0212098,0.0211396
0.121183,0.10979,0.0995619,0.0903957,0.0822268,0.0750248,0.06878,0.0634764,0.0590599,0.0554268,0.0524422,0.0499713,0.0478985,0.0461336,0.0446085,0.0432729,0.0420893,0.0410295,0.040072,0.0392002,0.0384011,0.0376643,0.0369814,0.0363456,0.0357513,0.0351937,0.034669,0.0341737,0.0337049,0.0332603,0.0328376,0.032435,0.0320507,0.0316835,0.0313318,0.0309947,0.0306711,0.0303601,0.0300607,0.0297724,0.0294943,0.0292259,0.0289666,0.0287159,0.0284733,0.0282383,0.0280106,0.0277899,0.0275756,0.0273676,0.0271655,0.0269691,0.0267781,0.0265922,0.0264112,0.026235,0.0260633,0.0258959,0.0257327,0.0255735,0.0254181,0.0252664,0.0251183,0.0249736,0.0248322,0.024694,0.0245589,0.0244267,0.0242974,0.0241709,0.0240471,0.0239258,0.0238071,0.0236908,0.0235769,0.0234653,0.0233559,0.0232486,0.0231435,0.0230403,0.0229392,0.0228399,0.0227426,0.022647,0.0225532,0.0224612,0.0223708,0.022282,0.0221949,0.0221092,0.0220251,0.0219425,0.0218613,0.0217815,0.0217031,0.021626,0.0215502,0.0214757,0.0214024,0.0213304,0.0212595
0.12188,0.110475,0.100239,0.0910673,0.0828929,0.0756812,0.0694181,0.064085,0.0596294,0.0559526,0.0529253,0.0504158,0.0483097,0.0465166,0.0449679,0.0436123,0.0424116,0.0413372,0.040367,0.0394842,0.0386753,0.0379298,0.0372391,0.0365963,0.0359956,0.0354322,0.0349021,0.0344019,0.0339286,0.0334797,0.033053,0.0326467,0.0322589,0.0318884,0.0315336,0.0311936,0.0308672,0.0305534,0.0302516,0.0299608,0.0296804,0.0294098,0.0291483,0.0288956,0.028651,0.0284141,0.0281846,0.027962,0.0277461,0.0275364,0.0273327,0.0271347,0.0269422,0.0267548,0.0265724,0.0263948,0.0262218,0.0260531,0.0258886,0.0257281,0.0255715,0.0254186,0.0252693,0.0251235,0.024981,0.0248417,0.0247055,0.0245723,0.024442,0.0243144,0.0241896,0.0240674,0.0239477,0.0238305,0.0237157,0.0236032,0.0234929,0.0233847,0.0232787,0.0231748,0.0230728,0.0229727,0.0228746,0.0227782,0.0226837,0.0225908,0.0224997,0.0224102,0.0223223,0.022236,0.0221511,0.0220678,0.0219859,0.0219054,0.0218263,0.0217486,0.0216722,0.021597,0.0215231,0.0214504,0.0213789
0.122575,0.111157,0.100912,0.0917339,0.0835531,0.0763313,0.0700502,0.0646886,0.0601953,0.0564761,0.053407,0.0508593,0.0487202,0.046899,0.0453265,0.0439509,0.0427332,0.0416441,0.0406612,0.0397672,0.0389485,0.0381943,0.0374958,0.036846,0.0362389,0.0356697,0.0351343,0.0346291,0.0341512,0.0336981,0.0332675,0.0328574,0.0324662,0.0320923,0.0317345,0.0313915,0.0310623,0.0307459,0.0304415,0.0301483,0.0298656,0.0295928,0.0293292,0.0290744,0.0288278,0.0285891,0.0283577,0.0281334,0.0279158,0.0277044,0.0274991,0.0272996,0.0271055,0.0269167,0.0267329,0.0265539,0.0263795,0.0262095,0.0260437,0.025882,0.0257242,0.0255701,0.0254197,0.0252727,0.0251291,0.0249887,0.0248514,0.0247172,0.0245858,0.0244573,0.0243315,0.0242083,0.0240877,0.0239696,0.0238538,0.0237404,0.0236293,0.0235203,0.0234134,0.0233086,0.0232058,0.0231049,0.023006,0.0229089,0.0228135,0.02272,0.0226281,0.0225378,0.0224492,0.0223622,0.0222766,0.0221926,0.02211,0.0220289,0.0219491,0.0218707,0.0217936,0.0217178,0.0216433,0.02157,0.0214979
0.123268,0.111835,0.101581,0.0923957,0.0842079,0.0769756,0.0706766,0.0652875,0.0607577,0.0569974,0.0538872,0.0513019,0.0491299,0.0472807,0.0456845,0.0442887,0.0430539,0.0419501,0.0409544,0.0400493,0.0392208,0.0384579,0.0377516,0.0370947,0.0364812,0.0359062,0.0353654,0.0348553,0.0343729,0.0339155,0.0334809,0.0330672,0.0326725,0.0322953,0.0319344,0.0315885,0.0312565,0.0309375,0.0306305,0.0303349,0.0300499,0.0297749,0.0295092,0.0292524,0.0290039,0.0287632,0.0285301,0.028304,0.0280846,0.0278717,0.0276648,0.0274637,0.0272681,0.0270779,0.0268927,0.0267123,0.0265365,0.0263652,0.0261982,0.0260352,0.0258762,0.0257209,0.0255693,0.0254212,0.0252765,0.025135,0.0249967,0.0248614,0.0247291,0.0245996,0.0244728,0.0243487,0.0242271,0.0241081,0.0239914,0.0238771,0.0237651,0.0236552,0.0235475,0.0234419,0.0233383,0.0232366,0.0231369,0.023039,0.0229429,0.0228485,0.0227559,0.0226649,0.0225756,0.0224878,0.0224016,0.0223169,0.0222337,0.0221518,0.0220714,0.0219923,0.0219146,0.0218382,0.021763,0.0216891,0.0216164
0.123958,0.112511,0.102246,0.093053,0.0848574,0.0776142,0.0712975,0.0658816,0.0613167,0.0575164,0.054366,0.0517435,0.0495389,0.0476617,0.0460417,0.0446258,0.0433738,0.0422552,0.0412468,0.0403305,0.0394922,0.0387205,0.0380064,0.0373424,0.0367226,0.0361417,0.0355956,0.0350806,0.0345936,0.034132,0.0336934,0.033276,0.0328778,0.0324974,0.0321334,0.0317846,0.0314498,0.0311281,0.0308187,0.0305207,0.0302334,0.0299562,0.0296884,0.0294295,0.0291791,0.0289366,0.0287016,0.0284738,0.0282527,0.0280381,0.0278296,0.027627,0.02743,0.0272383,0.0270516,0.0268699,0.0266928,0.0265202,0.0263519,0.0261877,0.0260275,0.0258711,0.0257183,0.0255691,0.0254233,0.0252807,0.0251414,0.025005,0.0248717,0.0247412,0.0246134,0.0244884,0.0243659,0.0242459,0.0241284,0.0240132,0.0239003,0.0237896,0.023681,0.0235746,0.0234702,0.0233677,0.0232672,0.0231685,0.0230717,0.0229766,0.0228832,0.0227915,0.0227015,0.022613,0.0225261,0.0224407,0.0223568,0.0222743,0.0221932,0.0221135,0.0220351,0.021958,0.0218823,0.0218077,0.0217344
0.124646,0.113184,0.102908,0.093706,0.0855019,0.0782473,0.0719131,0.0664712,0.0618722,0.0580331,0.0548433,0.0521841,0.0499471,0.0480419,0.0463983,0.0449622,0.0436929,0.0425596,0.0415384,0.0406109,0.0397626,0.0389822,0.0382602,0.0375892,0.036963,0.0363763,0.0358248,0.0353049,0.0348133,0.0343475,0.033905,0.0334838,0.0330822,0.0326986,0.0323315,0.0319797,0.0316422,0.0313179,0.031006,0.0307056,0.030416,0.0301366,0.0298667,0.0296058,0.0293534,0.0291091,0.0288723,0.0286427,0.02842,0.0282038,0.0279937,0.0277896,0.0275911,0.0273979,0.0272099,0.0270268,0.0268484,0.0266745,0.0265049,0.0263395,0.0261781,0.0260205,0.0258666,0.0257163,0.0255694,0.0254258,0.0252854,0.025148,0.0250137,0.0248822,0.0247535,0.0246275,0.0245041,0.0243832,0.0242647,0.0241487,0.0240349,0.0239234,0.023814,0.0237067,0.0236015,0.0234983,0.023397,0.0232975,0.0231999,0.0231041,0.02301,0.0229176,0.0228268,0.0227377,0.0226501,0.022564,0.0224794,0.0223962,0.0223145,0.0222341,0.0221551,0.0220774,0.022001,0.0219259,0.021852
0.125332,0.113854,0.103566,0.0943547,0.0861415,0.0788752,0.0725236,0.0670563,0.0624242,0.0585473,0.055319,0.0526237,0.0503544,0.0484215,0.0467541,0.0452978,0.0440113,0.0428631,0.041829,0.0408903,0.0400322,0.0392429,0.0385131,0.0378351,0.0372024,0.0366099,0.036053,0.0355282,0.0350321,0.034562,0.0341156,0.0336908,0.0332857,0.0328988,0.0325286,0.032174,0.0318337,0.0315068,0.0311924,0.0308896,0.0305978,0.0303162,0.0300442,0.0297813,0.029527,0.0292808,0.0290422,0.0288109,0.0285865,0.0283687,0.0281571,0.0279514,0.0277514,0.0275568,0.0273674,0.027183,0.0270033,0.0268281,0.0266573,0.0264906,0.026328,0.0261693,0.0260143,0.0258628,0.0257148,0.0255702,0.0254287,0.0252904,0.025155,0.0250226,0.0248929,0.024766,0.0246416,0.0245199,0.0244005,0.0242836,0.024169,0.0240566,0.0239464,0.0238383,0.0237323,0.0236283,0.0235262,0.023426,0.0233276,0.0232311,0.0231363,0.0230431,0.0229517,0.0228618,0.0227735,0.0226868,0.0226015,0.0225177,0.0224353,0.0223543,0.0222747,0.0221964,0.0221193,0.0220436,0.0219691
0.126015,0.114521,0.104221,0.0949995,0.0867765,0.0794981,0.0731291,0.067637,0.0629729,0.0590592,0.0557931,0.0530622,0.050761,0.0488004,0.0471092,0.0456327,0.0443289,0.0431658,0.0421188,0.0411688,0.0403008,0.0395028,0.0387651,0.0380799,0.0374409,0.0368425,0.0362803,0.0357505,0.0352499,0.0347756,0.0343253,0.0338968,0.0334882,0.0330981,0.0327249,0.0323673,0.0320243,0.0316948,0.0313779,0.0310728,0.0307787,0.0304949,0.0302208,0.029956,0.0296997,0.0294517,0.0292113,0.0289783,0.0287523,0.0285328,0.0283196,0.0281125,0.027911,0.027715,0.0275242,0.0273384,0.0271574,0.026981,0.0268089,0.0266411,0.0264773,0.0263174,0.0261612,0.0260087,0.0258596,0.0257139,0.0255714,0.0254321,0.0252957,0.0251623,0.0250317,0.0249038,0.0247786,0.0246559,0.0245357,0.0244179,0.0243025,0.0241892,0.0240782,0.0239693,0.0238625,0.0237577,0.0236549,0.0235539,0.0234548,0.0233575,0.023262,0.0231682,0.023076,0.0229854,0.0228965,0.022809,0.0227231,0.0226387,0.0225556,0.022474,0.0223937,0.0223148,0.0222372,0.0221608,0.0220857
0.126697,0.115186,0.104872,0.0956404,0.0874071,0.0801162,0.0737299,0.0682136,0.0635182,0.0595687,0.0562656,0.0534995,0.0511667,0.0491785,0.0474637,0.0459669,0.0446458,0.0434678,0.0424078,0.0414465,0.0405686,0.0397617,0.0390161,0.0383239,0.0376784,0.0370742,0.0365067,0.035972,0.0354668,0.0349883,0.034534,0.0341018,0.0336899,0.0332965,0.0329202,0.0325598,0.032214,0.0318819,0.0315626,0.0312551,0.0309587,0.0306728,0.0303967,0.0301298,0.0298717,0.0296218,0.0293796,0.0291449,0.0289172,0.0286962,0.0284815,0.0282728,0.0280699,0.0278725,0.0276803,0.0274932,0.0273109,0.0271331,0.0269599,0.0267908,0.0266259,0.0264648,0.0263075,0.0261539,0.0260038,0.025857,0.0257135,0.0255732,0.0254359,0.0253015,0.0251699,0.0250411,0.024915,0.0247914,0.0246703,0.0245517,0.0244354,0.0243213,0.0242095,0.0240998,0.0239922,0.0238866,0.023783,0.0236813,0.0235815,0.0234835,0.0233872,0.0232927,0.0231998,0.0231086,0.0230189,0.0229308,0.0228442,0.0227591,0.0226755,0.0225932,0.0225123,0.0224328,0.0223545,0.0222776,0.0222019
0.127377,0.115848,0.105521,0.0962776,0.0880334,0.0807298,0.0743261,0.068786,0.0640603,0.0600759,0.0567365,0.0539358,0.0515716,0.0495559,0.0478174,0.0463004,0.0449619,0.0437689,0.042696,0.0417234,0.0408354,0.0400197,0.0392662,0.0385669,0.037915,0.0373049,0.0367321,0.0361924,0.0356827,0.0352,0.0347418,0.034306,0.0338906,0.033494,0.0331147,0.0327514,0.0324029,0.0320682,0.0317464,0.0314365,0.0311379,0.0308498,0.0305717,0.0303028,0.0300428,0.0297911,0.0295472,0.0293108,0.0290814,0.0288588,0.0286425,0.0284324,0.028228,0.0280292,0.0278357,0.0276472,0.0274636,0.0272846,0.0271101,0.0269399,0.0267738,0.0266116,0.0264532,0.0262985,0.0261473,0.0259995,0.025855,0.0257136,0.0255753,0.02544,0.0253075,0.0251778,0.0250508,0.0249263,0.0248044,0.0246849,0.0245677,0.0244528,0.0243402,0.0242297,0.0241213,0.024015,0.0239106,0.0238082,0.0237076,0.0236089,0.0235119,0.0234167,0.0233231,0.0232312,0.0231409,0.0230521,0.0229649,0.0228791,0.0227948,0.0227119,0.0226304,0.0225503,0.0224714,0.0223939,0.0223176
0.128055,0.116508,0.106166,0.0969112,0.0886556,0.0813389,0.0749179,0.0693544,0.0645991,0.0605806,0.0572058,0.0543708,0.0519756,0.0499326,0.0481705,0.0466332,0.0452773,0.0440693,0.0429834,0.0419994,0.0411014,0.0402768,0.0395155,0.038809,0.0381506,0.0375347,0.0369565,0.036412,0.0358977,0.0354108,0.0349487,0.0345092,0.0340904,0.0336906,0.0333082,0.032942,0.0325909,0.0322536,0.0319293,0.0316171,0.0313163,0.0310261,0.0307459,0.030475,0.0302131,0.0299596,0.0297139,0.0294758,0.0292448,0.0290206,0.0288028,0.0285912,0.0283854,0.0281852,0.0279903,0.0278005,0.0276156,0.0274354,0.0272597,0.0270883,0.026921,0.0267577,0.0265982,0.0264424,0.0262902,0.0261413,0.0259958,0.0258535,0.0257142,0.0255779,0.0254445,0.0253139,0.025186,0.0250606,0.0249378,0.0248175,0.0246995,0.0245838,0.0244704,0.0243591,0.0242499,0.0241428,0.0240377,0.0239345,0.0238332,0.0237338,0.0236361,0.0235402,0.0234459,0.0233533,0.0232623,0.0231729,0.023085,0.0229986,0.0229137,0.0228302,0.0227481,0.0226673,0.0225879,0.0225097,0.0224329
0.128731,0.117166,0.106809,0.0975415,0.089274,0.0819437,0.0755054,0.0699189,0.0651347,0.061083,0.0576733,0.0548048,0.0523787,0.0503085,0.0485229,0.0469653,0.0455919,0.0443689,0.04327,0.0422746,0.0413666,0.0405331,0.0397638,0.0390502,0.0383854,0.0377636,0.0371801,0.0366306,0.0361118,0.0356207,0.0351547,0.0347116,0.0342893,0.0338863,0.0335009,0.0331319,0.032778,0.0324381,0.0321114,0.0317969,0.0314938,0.0312015,0.0309192,0.0306465,0.0303826,0.0301273,0.0298799,0.0296401,0.0294075,0.0291817,0.0289624,0.0287493,0.0285421,0.0283405,0.0281442,0.0279532,0.027767,0.0275855,0.0274086,0.027236,0.0270676,0.0269031,0.0267426,0.0265857,0.0264324,0.0262826,0.026136,0.0259927,0.0258525,0.0257153,0.0255809,0.0254494,0.0253206,0.0251944,0.0250707,0.0249495,0.0248307,0.0247142,0.0246,0.0244879,0.024378,0.0242701,0.0241642,0.0240603,0.0239583,0.0238581,0.0237598,0.0236631,0.0235682,0.0234749,0.0233833,0.0232932,0.0232047,0.0231177,0.0230321,0.022948,0.0228653,0.0227839,0.0227039,0.0226251,0.0225477
0.129406,0.117821,0.107449,0.0981684,0.0898885,0.0825445,0.0760888,0.0704796,0.0656671,0.061583,0.0581393,0.0552375,0.052781,0.0506837,0.0488745,0.0472967,0.0459059,0.0446678,0.0435557,0.0425489,0.0416309,0.0407885,0.0400112,0.0392905,0.0386193,0.0379916,0.0374027,0.0368484,0.036325,0.0358297,0.0353598,0.034913,0.0344873,0.0340811,0.0336927,0.0333208,0.0329642,0.0326218,0.0322926,0.0319758,0.0316705,0.0313761,0.0310918,0.0308171,0.0305514,0.0302942,0.0300451,0.0298036,0.0295694,0.0293421,0.0291212,0.0289067,0.028698,0.028495,0.0282975,0.0281051,0.0279176,0.027735,0.0275568,0.027383,0.0272135,0.0270479,0.0268863,0.0267283,0.026574,0.0264231,0.0262756,0.0261313,0.0259901,0.025852,0.0257167,0.0255843,0.0254546,0.0253275,0.025203,0.025081,0.0249613,0.0248441,0.024729,0.0246162,0.0245055,0.0243969,0.0242903,0.0241856,0.0240829,0.023982,0.0238829,0.0237856,0.02369,0.0235961,0.0235038,0.0234131,0.0233239,0.0232362,0.0231501,0.0230653,0.022982,0.0229,0.0228194,0.0227401,0.022662
0.130079,0.118475,0.108087,0.0987922,0.0904994,0.0831413,0.0766682,0.0710367,0.0661965,0.0620806,0.0586035,0.0556691,0.0531823,0.0510582,0.0492255,0.0476274,0.0462191,0.0449659,0.0438408,0.0428225,0.0418943,0.041043,0.0402578,0.0395299,0.0388522,0.0382187,0.0376245,0.0370652,0.0365373,0.0360378,0.035564,0.0351135,0.0346845,0.034275,0.0338836,0.0335089,0.0331496,0.0328047,0.0324731,0.0321539,0.0318464,0.0315499,0.0312636,0.0309869,0.0307193,0.0304604,0.0302096,0.0299664,0.0297306,0.0295017,0.0292793,0.0290633,0.0288532,0.0286489,0.02845,0.0282563,0.0280676,0.0278837,0.0277044,0.0275294,0.0273587,0.0271921,0.0270293,0.0268703,0.026715,0.0265631,0.0264146,0.0262693,0.0261272,0.0259881,0.0258519,0.0257186,0.025588,0.0254601,0.0253347,0.0252119,0.0250914,0.0249733,0.0248575,0.0247439,0.0246325,0.0245231,0.0244157,0.0243104,0.0242069,0.0241053,0.0240056,0.0239076,0.0238113,0.0237167,0.0236238,0.0235324,0.0234426,0.0233543,0.0232675,0.0231822,0.0230982,0.0230157,0.0229345,0.0228546,0.022776
0.13075,0.119126,0.108722,0.099413,0.0911069,0.0837344,0.0772438,0.0715902,0.0667229,0.062576,0.059066,0.0560994,0.0535828,0.0514319,0.0495758,0.0479574,0.0465316,0.0452633,0.044125,0.0430952,0.042157,0.0412967,0.0405035,0.0397685,0.0390843,0.038445,0.0378453,0.0372811,0.0367487,0.036245,0.0357673,0.0353132,0.0348808,0.0344681,0.0340737,0.0336962,0.0333342,0.0329867,0.0326527,0.0323312,0.0320215,0.0317228,0.0314345,0.0311559,0.0308865,0.0306258,0.0303732,0.0301284,0.029891,0.0296605,0.0294367,0.0292192,0.0290078,0.0288021,0.0286018,0.0284069,0.0282169,0.0280318,0.0278513,0.0276752,0.0275033,0.0273356,0.0271717,0.0270117,0.0268553,0.0267024,0.0265529,0.0264067,0.0262636,0.0261236,0.0259866,0.0258523,0.0257209,0.0255921,0.0254659,0.0253422,0.025221,0.0251021,0.0249855,0.0248711,0.0247589,0.0246488,0.0245407,0.0244346,0.0243305,0.0242282,0.0241277,0.024029,0.0239321,0.0238369,0.0237432,0.0236513,0.0235608,0.0234719,0.0233845,0.0232985,0.023214,0.0231309,0.0230491,0.0229686,0.0228894
0.13142,0.119775,0.109354,0.100031,0.091711,0.0843238,0.0778157,0.0721403,0.0672464,0.063069,0.0595269,0.0565285,0.0539823,0.0518048,0.0499254,0.0482868,0.0468435,0.04556,0.0444085,0.0433672,0.0424188,0.0415496,0.0407484,0.0400062,0.0393155,0.0386703,0.0380653,0.0374962,0.0369592,0.0364513,0.0359697,0.035512,0.0350762,0.0346603,0.0342629,0.0338825,0.0335179,0.0331679,0.0328314,0.0325077,0.0321958,0.031895,0.0316047,0.0313242,0.0310529,0.0307904,0.0305361,0.0302897,0.0300507,0.0298187,0.0295934,0.0293744,0.0291616,0.0289545,0.028753,0.0285567,0.0283655,0.0281792,0.0279975,0.0278202,0.0276473,0.0274784,0.0273135,0.0271524,0.026995,0.0268412,0.0266907,0.0265435,0.0263995,0.0262586,0.0261206,0.0259855,0.0258532,0.0257235,0.0255965,0.025472,0.02535,0.0252303,0.0251129,0.0249978,0.0248848,0.0247739,0.0246651,0.0245583,0.0244535,0.0243505,0.0242494,0.02415,0.0240524,0.0239565,0.0238623,0.0237696,0.0236786,0.023589,0.023501,0.0234145,0.0233293,0.0232456,0.0231632,0.0230822,0.0230024
0.132088,0.120423,0.109984,0.100646,0.0923119,0.0849097,0.0783841,0.072687,0.067767,0.0635598,0.0599861,0.0569565,0.0543809,0.052177,0.0502744,0.0486155,0.0471546,0.045856,0.0446913,0.0436384,0.0426799,0.0418016,0.0409924,0.040243,0.0395459,0.0388948,0.0382844,0.0377103,0.0371689,0.0366568,0.0361713,0.03571,0.0352707,0.0348517,0.0344513,0.0340681,0.0337008,0.0333482,0.0330094,0.0326833,0.0323693,0.0320664,0.0317741,0.0314917,0.0312186,0.0309543,0.0306983,0.0304502,0.0302096,0.0299761,0.0297493,0.0295289,0.0293147,0.0291063,0.0289034,0.0287059,0.0285135,0.0283259,0.028143,0.0279646,0.0277906,0.0276206,0.0274547,0.0272926,0.0271341,0.0269793,0.0268278,0.0266797,0.0265348,0.0263929,0.026254,0.0261181,0.0259849,0.0258544,0.0257266,0.0256013,0.0254784,0.0253579,0.0252398,0.0251239,0.0250102,0.0248986,0.0247891,0.0246816,0.024576,0.0244723,0.0243705,0.0242705,0.0241722,0.0240757,0.0239808,0.0238875,0.0237958,0.0237057,0.0236171,0.0235299,0.0234442,0.0233599,0.0232769,0.0231953,0.023115
0.132755,0.121068,0.110612,0.101258,0.0929096,0.0854923,0.078949,0.0732305,0.0682848,0.0640484,0.0604436,0.0573832,0.0547786,0.0525485,0.0506226,0.0489435,0.0474651,0.0461512,0.0449733,0.0439089,0.0429401,0.0420529,0.0412356,0.040479,0.0397754,0.0391184,0.0385026,0.0379237,0.0373777,0.0368614,0.036372,0.035907,0.0354644,0.0350422,0.0346389,0.0342528,0.0338828,0.0335277,0.0331865,0.0328582,0.032542,0.032237,0.0319427,0.0316584,0.0313835,0.0311174,0.0308597,0.03061,0.0303678,0.0301328,0.0299045,0.0296827,0.0294671,0.0292573,0.0290532,0.0288544,0.0286607,0.028472,0.0282879,0.0281084,0.0279332,0.0277622,0.0275952,0.0274321,0.0272726,0.0271168,0.0269644,0.0268153,0.0266694,0.0265267,0.0263869,0.0262501,0.026116,0.0259847,0.0258561,0.0257299,0.0256063,0.025485,0.0253661,0.0252495,0.025135,0.0250227,0.0249125,0.0248043,0.024698,0.0245936,0.0244912,0.0243905,0.0242916,0.0241944,0.0240988,0.0240049,0.0239126,0.0238219,0.0237327,0.0236449,0.0235586,0.0234737,0.0233902,0.023308,0.0232272
0.133421,0.121712,0.111237,0.101868,0.0935044,0.0860716,0.0795106,0.0737708,0.0687998,0.0645347,0.0608995,0.0578087,0.0551754,0.0529192,0.0509703,0.0492709,0.047775,0.0464458,0.0452546,0.0441786,0.0431996,0.0423033,0.041478,0.0407142,0.0400041,0.0393411,0.03872,0.0381361,0.0375856,0.0370651,0.0365718,0.0361033,0.0356573,0.0352319,0.0348256,0.0344367,0.0340641,0.0337065,0.0333628,0.0330323,0.0327138,0.0324068,0.0321105,0.0318243,0.0315476,0.0312798,0.0310204,0.0307691,0.0305253,0.0302887,0.030059,0.0298358,0.0296188,0.0294077,0.0292023,0.0290022,0.0288073,0.0286174,0.0284322,0.0282515,0.0280752,0.0279032,0.0277351,0.0275709,0.0274105,0.0272536,0.0271003,0.0269503,0.0268035,0.0266598,0.0265192,0.0263815,0.0262466,0.0261145,0.025985,0.0258581,0.0257336,0.0256116,0.0254919,0.0253745,0.0252594,0.0251463,0.0250354,0.0249264,0.0248195,0.0247145,0.0246113,0.02451,0.0244104,0.0243126,0.0242164,0.0241219,0.024029,0.0239376,0.0238478,0.0237595,0.0236726,0.0235871,0.023503,0.0234203,0.0233389
0.134085,0.122354,0.111861,0.102475,0.0940963,0.0866477,0.0800689,0.0743081,0.0693122,0.0650189,0.0613537,0.0582329,0.0555713,0.0532892,0.0513172,0.0495977,0.0480842,0.0467398,0.0455353,0.0444476,0.0434584,0.042553,0.0417196,0.0409486,0.0402319,0.0395631,0.0389366,0.0383477,0.0377927,0.037268,0.0367709,0.0362987,0.0358493,0.0354208,0.0350114,0.0346198,0.0342445,0.0338844,0.0335384,0.0332055,0.032885,0.0325759,0.0322776,0.0319895,0.0317109,0.0314414,0.0311804,0.0309274,0.0306821,0.030444,0.0302128,0.0299882,0.0297698,0.0295574,0.0293507,0.0291494,0.0289533,0.0287621,0.0285758,0.028394,0.0282166,0.0280435,0.0278744,0.0277092,0.0275477,0.0273899,0.0272356,0.0270847,0.026937,0.0267924,0.0266509,0.0265124,0.0263766,0.0262437,0.0261134,0.0259857,0.0258604,0.0257377,0.0256172,0.0254991,0.0253832,0.0252694,0.0251577,0.0250481,0.0249405,0.0248348,0.024731,0.024629,0.0245288,0.0244303,0.0243335,0.0242384,0.0241449,0.0240529,0.0239625,0.0238736,0.0237861,0.0237,0.0236154,0.0235321,0.0234502
0.134748,0.122995,0.112482,0.10308,0.0946854,0.0872208,0.0806242,0.0748424,0.0698219,0.065501,0.0618063,0.058656,0.0559662,0.0536584,0.0516635,0.0499238,0.0483928,0.0470331,0.0458152,0.0447158,0.0437164,0.0428019,0.0419604,0.0411821,0.0404589,0.0397842,0.0391523,0.0385585,0.0379989,0.0374701,0.036969,0.0364932,0.0360405,0.0356088,0.0351965,0.0348021,0.0344241,0.0340615,0.0337131,0.033378,0.0330553,0.0327442,0.0324439,0.0321539,0.0318736,0.0316023,0.0313396,0.031085,0.0308381,0.0305985,0.0303659,0.0301399,0.0299202,0.0297064,0.0294984,0.0292959,0.0290985,0.0289062,0.0287187,0.0285359,0.0283574,0.0281832,0.028013,0.0278468,0.0276844,0.0275256,0.0273704,0.0272185,0.0270699,0.0269245,0.0267821,0.0266427,0.0265061,0.0263723,0.0262412,0.0261127,0.0259867,0.0258632,0.025742,0.0256231,0.0255065,0.025392,0.0252796,0.0251693,0.025061,0.0249546,0.0248501,0.0247475,0.0246466,0.0245475,0.0244501,0.0243544,0.0242603,0.0241677,0.0240767,0.0239872,0.0238992,0.0238125,0.0237273,0.0236435,0.023561
0.13541,0.123634,0.113102,0.103682,0.0952719,0.087791,0.0811765,0.0753739,0.0703291,0.0659809,0.0622572,0.0590778,0.0563603,0.0540269,0.0520091,0.0502493,0.0487007,0.0473257,0.0460945,0.0449834,0.0439736,0.0430501,0.0422005,0.0414149,0.0406851,0.0400045,0.0393672,0.0387685,0.0382043,0.0376713,0.0371664,0.036687,0.0362308,0.035796,0.0353807,0.0349835,0.034603,0.0342378,0.0338871,0.0335497,0.0332249,0.0329117,0.0326095,0.0323176,0.0320354,0.0317624,0.0314981,0.0312419,0.0309935,0.0307524,0.0305183,0.0302909,0.0300698,0.0298547,0.0296455,0.0294417,0.0292432,0.0290497,0.0288611,0.0286771,0.0284975,0.0283222,0.0281511,0.0279839,0.0278205,0.0276607,0.0275045,0.0273517,0.0272022,0.0270559,0.0269127,0.0267724,0.026635,0.0265004,0.0263685,0.0262392,0.0261124,0.0259881,0.0258662,0.0257466,0.0256292,0.025514,0.025401,0.02529,0.025181,0.025074,0.0249688,0.0248655,0.024764,0.0246643,0.0245663,0.0244699,0.0243752,0.0242821,0.0241905,0.0241004,0.0240118,0.0239246,0.0238388,0.0237544,0.0236714
0.13607,0.124271,0.113719,0.104282,0.0958557,0.0883584,0.0817258,0.0759025,0.0708339,0.0664588,0.0627066,0.0594984,0.0567534,0.0543946,0.0523541,0.0505742,0.049008,0.0476177,0.0463731,0.0452503,0.0442302,0.0432975,0.0424397,0.0416469,0.0409106,0.0402239,0.0395812,0.0389776,0.0384089,0.0378717,0.0373629,0.0368799,0.0364204,0.0359824,0.0355642,0.0351642,0.034781,0.0344134,0.0340603,0.0337207,0.0333936,0.0330784,0.0327743,0.0324805,0.0321966,0.0319218,0.0316558,0.0313981,0.0311481,0.0309055,0.03067,0.0304412,0.0302188,0.0300024,0.0297919,0.0295869,0.0293871,0.0291925,0.0290027,0.0288176,0.028637,0.0284607,0.0282885,0.0281203,0.0279559,0.0277952,0.0276381,0.0274844,0.027334,0.0271868,0.0270427,0.0269016,0.0267634,0.026628,0.0264952,0.0263652,0.0262376,0.0261126,0.0259899,0.0258696,0.0257515,0.0256356,0.0255218,0.0254102,0.0253005,0.0251928,0.025087,0.0249831,0.024881,0.0247806,0.024682,0.024585,0.0244897,0.0243959,0.0243038,0.0242131,0.0241239,0.0240362,0.0239499,0.023865,0.0237814
0.13673,0.124907,0.114335,0.10488,0.096437,0.0889231,0.0822724,0.0764285,0.0713361,0.0669347,0.0631544,0.0599178,0.0571456,0.0547616,0.0526984,0.0508985,0.0493148,0.0479091,0.046651,0.0455165,0.044486,0.0435441,0.0426782,0.0418781,0.0411352,0.0404426,0.0397945,0.0391859,0.0386127,0.0380713,0.0375586,0.037072,0.0366092,0.036168,0.0357468,0.035344,0.0349582,0.0345881,0.0342327,0.0338908,0.0335617,0.0332444,0.0329384,0.0326427,0.032357,0.0320805,0.0318129,0.0315535,0.031302,0.031058,0.030821,0.0305909,0.0303671,0.0301494,0.0299376,0.0297314,0.0295305,0.0293347,0.0291438,0.0289576,0.0287759,0.0285985,0.0284253,0.0282561,0.0280908,0.0279291,0.0277711,0.0276165,0.0274652,0.0273171,0.0271722,0.0270302,0.0268912,0.0267549,0.0266215,0.0264906,0.0263623,0.0262365,0.0261131,0.025992,0.0258732,0.0257566,0.0256422,0.0255298,0.0254195,0.0253112,0.0252047,0.0251002,0.0249974,0.0248964,0.0247972,0.0246996,0.0246037,0.0245094,0.0244166,0.0243254,0.0242357,0.0241474,0.0240605,0.023975,0.0238909
0.137388,0.125541,0.114949,0.105476,0.097016,0.0894852,0.0828163,0.0769518,0.0718361,0.0674086,0.0636006,0.0603361,0.0575368,0.0551279,0.0530421,0.0512222,0.0496209,0.0481998,0.0469284,0.045782,0.0447412,0.0437901,0.042916,0.0421085,0.0413591,0.0406605,0.040007,0.0393935,0.0388157,0.0382701,0.0377536,0.0372633,0.0367971,0.0363528,0.0359287,0.0355231,0.0351347,0.0347621,0.0344043,0.0340602,0.033729,0.0334097,0.0331017,0.0328042,0.0325167,0.0322385,0.0319692,0.0317083,0.0314553,0.0312097,0.0309714,0.0307398,0.0305147,0.0302958,0.0300827,0.0298752,0.0296732,0.0294762,0.0292842,0.0290969,0.0289142,0.0287358,0.0285615,0.0283914,0.028225,0.0280625,0.0279035,0.027748,0.0275958,0.0274469,0.0273011,0.0271583,0.0270184,0.0268814,0.0267471,0.0266155,0.0264864,0.0263599,0.0262358,0.026114,0.0259945,0.0258772,0.0257621,0.025649,0.025538,0.025429,0.025322,0.0252167,0.0251134,0.0250118,0.0249119,0.0248138,0.0247173,0.0246224,0.024529,0.0244372,0.0243469,0.0242581,0.0241707,0.0240847,0.024
0.138045,0.126174,0.115561,0.10607,0.0975926,0.0900447,0.0833575,0.0774726,0.0723337,0.0678805,0.0640452,0.0607531,0.0579272,0.0554934,0.0533852,0.0515454,0.0499265,0.04849,0.0472051,0.0460469,0.0449956,0.0440353,0.0431531,0.0423382,0.0415822,0.0408777,0.0402187,0.0396002,0.0390179,0.0384681,0.0379477,0.0374539,0.0369843,0.0365369,0.0361098,0.0357014,0.0353104,0.0349354,0.0345752,0.0342289,0.0338955,0.0335742,0.0332643,0.0329649,0.0326756,0.0323958,0.0321248,0.0318623,0.0316078,0.0313608,0.031121,0.0308881,0.0306617,0.0304414,0.0302271,0.0300185,0.0298152,0.0296171,0.029424,0.0292356,0.0290518,0.0288724,0.0286972,0.028526,0.0283587,0.0281952,0.0280353,0.0278789,0.0277258,0.027576,0.0274294,0.0272858,0.0271451,0.0270073,0.0268723,0.0267399,0.0266101,0.0264828,0.0263579,0.0262354,0.0261152,0.0259972,0.0258814,0.0257677,0.0256561,0.0255464,0.0254387,0.0253329,0.0252289,0.0251267,0.0250262,0.0249275,0.0248304,0.0247349,0.024641,0.0245486,0.0244578,0.0243684,0.0242805,0.0241939,0.0241087
0.138701,0.126806,0.116171,0.106661,0.0981669,0.0906017,0.0838962,0.0779909,0.0728291,0.0683506,0.0644883,0.061169,0.0583166,0.0558583,0.0537277,0.0518679,0.0502314,0.0487796,0.0474811,0.0463111,0.0452494,0.0442799,0.0433894,0.0425672,0.0418045,0.0410941,0.0404297,0.0398062,0.0392194,0.0386654,0.038141,0.0376436,0.0371707,0.0367201,0.0362901,0.035879,0.0354853,0.0351078,0.0347453,0.0343968,0.0340613,0.033738,0.0334261,0.033125,0.0328339,0.0325523,0.0322798,0.0320157,0.0317596,0.0315112,0.03127,0.0310357,0.030808,0.0305865,0.0303709,0.0301611,0.0299566,0.0297574,0.0295632,0.0293737,0.0291889,0.0290084,0.0288322,0.02866,0.0284918,0.0283274,0.0281665,0.0280092,0.0278553,0.0277047,0.0275572,0.0274128,0.0272713,0.0271327,0.0269969,0.0268637,0.0267332,0.0266051,0.0264795,0.0263563,0.0262354,0.0261168,0.0260003,0.0258859,0.0257736,0.0256633,0.025555,0.0254485,0.0253439,0.0252411,0.0251401,0.0250407,0.024943,0.024847,0.0247525,0.0246596,0.0245682,0.0244783,0.0243898,0.0243027,0.024217
0.139357,0.127436,0.11678,0.107251,0.0987391,0.0911564,0.0844325,0.0785068,0.0733222,0.0688187,0.06493,0.0615837,0.0587052,0.0562224,0.0540695,0.0521899,0.0505359,0.0490686,0.0477566,0.0465747,0.0455026,0.0445238,0.043625,0.0427955,0.0420262,0.0413097,0.0406398,0.0400114,0.03942,0.0388618,0.0383336,0.0378326,0.0373563,0.0369026,0.0364696,0.0360558,0.0356595,0.0352795,0.0349147,0.034564,0.0342264,0.0339011,0.0335873,0.0332843,0.0329914,0.0327082,0.032434,0.0321684,0.0319108,0.0316609,0.0314184,0.0311827,0.0309536,0.0307308,0.0305141,0.030303,0.0300974,0.0298971,0.0297017,0.0295112,0.0293253,0.0291438,0.0289666,0.0287935,0.0286243,0.0284589,0.0282972,0.028139,0.0279843,0.0278328,0.0276844,0.0275392,0.0273969,0.0272575,0.0271209,0.026987,0.0268557,0.026727,0.0266007,0.0264768,0.0263552,0.0262358,0.0261187,0.0260037,0.0258907,0.0257798,0.0256708,0.0255637,0.0254585,0.0253551,0.0252534,0.0251535,0.0250552,0.0249586,0.0248636,0.0247701,0.0246782,0.0245877,0.0244987,0.0244111,0.0243249
0.140011,0.128066,0.117388,0.107839,0.0993092,0.0917088,0.0849663,0.0790204,0.0738133,0.0692851,0.0653701,0.0619972,0.0590928,0.0565857,0.0544108,0.0525113,0.0508397,0.049357,0.0480315,0.0468377,0.0457551,0.044767,0.04386,0.043023,0.0422471,0.0415246,0.0408493,0.0402159,0.0396199,0.0390575,0.0385254,0.0380208,0.0375411,0.0370843,0.0366484,0.0362318,0.0358329,0.0354505,0.0350834,0.0347304,0.0343907,0.0340634,0.0337477,0.0334429,0.0331483,0.0328634,0.0325876,0.0323204,0.0320613,0.03181,0.031566,0.031329,0.0310986,0.0308746,0.0306566,0.0304443,0.0302376,0.0300361,0.0298397,0.0296481,0.0294611,0.0292787,0.0291005,0.0289264,0.0287563,0.02859,0.0284273,0.0282683,0.0281126,0.0279603,0.0278111,0.0276651,0.027522,0.0273819,0.0272445,0.0271098,0.0269778,0.0268483,0.0267213,0.0265967,0.0264744,0.0263544,0.0262366,0.0261209,0.0260073,0.0258957,0.0257861,0.0256784,0.0255726,0.0254686,0.0253663,0.0252658,0.025167,0.0250698,0.0249742,0.0248802,0.0247877,0.0246967,0.0246072,0.024519,0.0244323
0.140664,0.128694,0.117994,0.108426,0.0998773,0.092259,0.0854979,0.0795318,0.0743023,0.0697496,0.0658088,0.0624096,0.0594796,0.0569484,0.0547514,0.0528322,0.0511431,0.0496449,0.0483059,0.0471001,0.046007,0.0450096,0.0440942,0.0432499,0.0424672,0.0417387,0.041058,0.0404196,0.039819,0.0392525,0.0387165,0.0382082,0.0377252,0.0372653,0.0368265,0.0364071,0.0360056,0.0356207,0.0352513,0.0348961,0.0345543,0.034225,0.0339074,0.0336007,0.0333044,0.0330178,0.0327404,0.0324717,0.0322111,0.0319584,0.031713,0.0314746,0.031243,0.0310177,0.0307984,0.030585,0.0303771,0.0301745,0.029977,0.0297844,0.0295964,0.0294129,0.0292337,0.0290587,0.0288876,0.0287204,0.0285569,0.0283969,0.0282404,0.0280873,0.0279373,0.0277904,0.0276466,0.0275056,0.0273675,0.0272321,0.0270993,0.0269691,0.0268414,0.0267161,0.0265932,0.0264725,0.026354,0.0262377,0.0261234,0.0260112,0.025901,0.0257927,0.0256862,0.0255816,0.0254788,0.0253777,0.0252783,0.0251806,0.0250844,0.0249899,0.0248968,0.0248053,0.0247152,0.0246266,0.0245393
0.141317,0.12932,0.118598,0.10901,0.100443,0.092807,0.0860273,0.0800409,0.0747892,0.0702124,0.066246,0.0628209,0.0598655,0.0573104,0.0550914,0.0531525,0.0514459,0.0499323,0.0485797,0.047362,0.0462582,0.0452515,0.0443278,0.043476,0.0426867,0.0419522,0.0412659,0.0406226,0.0400174,0.0394466,0.0389068,0.0383949,0.0379086,0.0374455,0.0370038,0.0365816,0.0361776,0.0357902,0.0354184,0.0350611,0.0347172,0.0343859,0.0340664,0.0337579,0.0334599,0.0331716,0.0328926,0.0326223,0.0323603,0.0321061,0.0318593,0.0316197,0.0313867,0.0311601,0.0309397,0.0307251,0.030516,0.0303123,0.0301137,0.02992,0.029731,0.0295465,0.0293664,0.0291904,0.0290184,0.0288503,0.0286859,0.0285251,0.0283677,0.0282137,0.0280629,0.0279153,0.0277706,0.0276289,0.02749,0.0273539,0.0272204,0.0270895,0.026961,0.0268351,0.0267114,0.0265901,0.0264709,0.0263539,0.0262391,0.0261262,0.0260154,0.0259065,0.0257994,0.0256942,0.0255908,0.0254892,0.0253892,0.0252909,0.0251942,0.0250991,0.0250055,0.0249135,0.0248229,0.0247337,0.0246459
0.141968,0.129946,0.119201,0.109593,0.101008,0.093353,0.0865545,0.0805479,0.0752742,0.0706735,0.0666819,0.063231,0.0602505,0.0576717,0.0554309,0.0534723,0.0517482,0.0502191,0.0488529,0.0476232,0.0465089,0.0454928,0.0445608,0.0437015,0.0429055,0.0421649,0.0414732,0.0408248,0.0402151,0.0396401,0.0390964,0.0385809,0.0380912,0.037625,0.0371803,0.0367554,0.0363488,0.035959,0.0355849,0.0352254,0.0348794,0.0345461,0.0342247,0.0339144,0.0336146,0.0333247,0.0330441,0.0327723,0.0325088,0.0322532,0.032005,0.031764,0.0315298,0.031302,0.0310803,0.0308645,0.0306543,0.0304495,0.0302499,0.0300551,0.0298651,0.0296796,0.0294985,0.0293215,0.0291486,0.0289796,0.0288143,0.0286526,0.0284944,0.0283396,0.028188,0.0280395,0.0278941,0.0277517,0.027612,0.0274751,0.0273409,0.0272093,0.0270802,0.0269535,0.0268292,0.0267071,0.0265874,0.0264697,0.0263542,0.0262408,0.0261293,0.0260198,0.0259122,0.0258064,0.0257024,0.0256002,0.0254996,0.0254008,0.0253035,0.0252079,0.0251138,0.0250212,0.0249301,0.0248404,0.0247521
0.142619,0.130571,0.119803,0.110174,0.10157,0.0938969,0.0870796,0.0810529,0.0757573,0.0711329,0.0671163,0.0636401,0.0606347,0.0580323,0.0557698,0.0537915,0.05205,0.0505055,0.0491256,0.0478839,0.046759,0.0457334,0.0447931,0.0439264,0.0431236,0.042377,0.0416797,0.0410264,0.0404121,0.0398328,0.0392852,0.0387661,0.0382731,0.0378037,0.0373561,0.0369285,0.0365193,0.0361271,0.0357506,0.0353889,0.0350409,0.0347056,0.0343823,0.0340702,0.0337687,0.0334771,0.0331949,0.0329216,0.0326566,0.0323996,0.0321501,0.0319077,0.0316722,0.0314432,0.0312203,0.0310033,0.030792,0.0305861,0.0303854,0.0301896,0.0299986,0.0298121,0.02963,0.0294521,0.0292783,0.0291083,0.0289422,0.0287796,0.0286206,0.0284649,0.0283125,0.0281633,0.0280171,0.0278739,0.0277335,0.0275959,0.0274609,0.0273286,0.0271988,0.0270714,0.0269464,0.0268238,0.0267033,0.0265851,0.0264689,0.0263549,0.0262428,0.0261327,0.0260244,0.0259181,0.0258135,0.0257107,0.0256096,0.0255102,0.0254124,0.0253163,0.0252216,0.0251285,0.0250369,0.0249467,0.0248579
0.143269,0.131194,0.120403,0.110754,0.10213,0.0944389,0.0876026,0.0815559,0.0762385,0.0715907,0.0675494,0.064048,0.061018,0.0583922,0.0561081,0.0541103,0.0523513,0.0507913,0.0493978,0.048144,0.0470085,0.0459735,0.0450248,0.0441505,0.0433411,0.0425883,0.0418856,0.0412272,0.0406083,0.0400248,0.0394733,0.0389507,0.0384542,0.0379818,0.0375312,0.0371009,0.036689,0.0362944,0.0359157,0.0355518,0.0352016,0.0348644,0.0345392,0.0342254,0.0339221,0.0336289,0.0333451,0.0330702,0.0328038,0.0325453,0.0322945,0.0320508,0.031814,0.0315837,0.0313597,0.0311416,0.0309291,0.0307221,0.0305203,0.0303235,0.0301314,0.029944,0.0297609,0.0295821,0.0294074,0.0292365,0.0290695,0.0289061,0.0287462,0.0285898,0.0284366,0.0282865,0.0281396,0.0279956,0.0278545,0.0277161,0.0275805,0.0274474,0.0273169,0.0271889,0.0270632,0.0269399,0.0268188,0.0266999,0.0265832,0.0264685,0.0263558,0.0262451,0.0261363,0.0260293,0.0259242,0.0258208,0.0257192,0.0256192,0.0255209,0.0254242,0.025329,0.0252354,0.0251432,0.0250526,0.0249633
0.143919,0.131817,0.121002,0.111332,0.102689,0.0949791,0.0881237,0.0820569,0.0767179,0.0720468,0.0679812,0.0644549,0.0614005,0.0587514,0.0564458,0.0544285,0.0526521,0.0510766,0.0496694,0.0484036,0.0472574,0.046213,0.0452559,0.0443741,0.0435579,0.042799,0.0420908,0.0414273,0.0408038,0.0402162,0.0396607,0.0391344,0.0386347,0.0381591,0.0377056,0.0372725,0.0368581,0.036461,0.03608,0.0357139,0.0353617,0.0350225,0.0346955,0.0343798,0.0340748,0.03378,0.0334946,0.0332182,0.0329503,0.0326905,0.0324382,0.0321933,0.0319552,0.0317237,0.0314984,0.0312792,0.0310656,0.0308575,0.0306547,0.0304568,0.0302638,0.0300753,0.0298913,0.0297116,0.0295359,0.0293642,0.0291963,0.029032,0.0288713,0.0287141,0.0285601,0.0284092,0.0282615,0.0281168,0.0279749,0.0278358,0.0276995,0.0275658,0.0274346,0.0273059,0.0271795,0.0270556,0.0269338,0.0268143,0.0266969,0.0265816,0.0264683,0.026357,0.0262477,0.0261401,0.0260344,0.0259305,0.0258283,0.0257278,0.025629,0.0255317,0.025436,0.0253419,0.0252492,0.025158,0.0250683
0.144567,0.132438,0.1216,0.111909,0.103246,0.0955174,0.088643,0.0825561,0.0771956,0.0725014,0.0684116,0.0648608,0.0617821,0.05911,0.056783,0.0547463,0.0529524,0.0513615,0.0499406,0.0486627,0.0475058,0.0464519,0.0454863,0.044597,0.043774,0.0430091,0.0422953,0.0416268,0.0409987,0.0404068,0.0398474,0.0393175,0.0388144,0.0383357,0.0378793,0.0374435,0.0370265,0.036627,0.0362437,0.0358754,0.0355211,0.03518,0.034851,0.0345336,0.0342269,0.0339304,0.0336435,0.0333656,0.0330962,0.0328349,0.0325814,0.0323351,0.0320958,0.031863,0.0316366,0.0314162,0.0312015,0.0309923,0.0307884,0.0305895,0.0303955,0.0302061,0.0300211,0.0298404,0.0296639,0.0294913,0.0293225,0.0291574,0.0289959,0.0288378,0.028683,0.0285314,0.0283829,0.0282375,0.0280949,0.0279551,0.027818,0.0276836,0.0275517,0.0274223,0.0272954,0.0271707,0.0270484,0.0269282,0.0268102,0.0266943,0.0265804,0.0264686,0.0263586,0.0262505,0.0261442,0.0260398,0.025937,0.025836,0.0257366,0.0256388,0.0255426,0.0254479,0.0253548,0.0252631,0.0251728
0.145215,0.133059,0.122197,0.112484,0.103802,0.0960539,0.0891603,0.0830534,0.0776715,0.0729545,0.0688407,0.0652656,0.0621629,0.0594679,0.0571196,0.0550635,0.0532523,0.0516459,0.0502113,0.0489213,0.0477537,0.0466902,0.0457162,0.0448193,0.0439895,0.0432185,0.0424991,0.0418256,0.0411928,0.0405967,0.0400334,0.0394999,0.0389935,0.0385116,0.0380523,0.0376137,0.0371942,0.0367922,0.0364066,0.0360362,0.0356799,0.0353367,0.0350059,0.0346867,0.0343783,0.0340802,0.0337917,0.0335122,0.0332414,0.0329788,0.0327239,0.0324763,0.0322357,0.0320018,0.0317741,0.0315526,0.0313368,0.0311266,0.0309216,0.0307217,0.0305266,0.0303363,0.0301504,0.0299688,0.0297913,0.0296178,0.0294482,0.0292823,0.0291199,0.028961,0.0288055,0.0286531,0.0285039,0.0283576,0.0282143,0.0280738,0.0279361,0.0278009,0.0276684,0.0275383,0.0274107,0.0272854,0.0271625,0.0270417,0.0269231,0.0268066,0.0266921,0.0265796,0.0264691,0.0263604,0.0262536,0.0261486,0.0260453,0.0259437,0.0258438,0.0257455,0.0256488,0.0255536,0.0254599,0.0253677,0.025277
0.145862,0.133679,0.122793,0.113058,0.104356,0.0965887,0.0896759,0.0835489,0.0781457,0.0734061,0.0692686,0.0656693,0.0625429,0.0598251,0.0574557,0.0553803,0.0535517,0.0519298,0.0504815,0.0491794,0.048001,0.046928,0.0459455,0.045041,0.0442044,0.0434272,0.0427023,0.0420237,0.0413863,0.0407859,0.0402188,0.0396816,0.0391718,0.0386868,0.0382246,0.0377833,0.0373611,0.0369568,0.0365689,0.0361963,0.0358379,0.0354928,0.0351602,0.0348391,0.0345291,0.0342293,0.0339392,0.0336583,0.0333861,0.033122,0.0328658,0.0326169,0.032375,0.0321399,0.0319111,0.0316884,0.0314715,0.0312602,0.0310542,0.0308533,0.0306572,0.0304659,0.0302791,0.0300965,0.0299182,0.0297439,0.0295734,0.0294066,0.0292435,0.0290837,0.0289274,0.0287743,0.0286243,0.0284773,0.0283333,0.0281921,0.0280536,0.0279178,0.0277846,0.0276539,0.0275256,0.0273997,0.0272761,0.0271547,0.0270355,0.0269184,0.0268033,0.0266902,0.0265791,0.0264699,0.0263625,0.0262569,0.0261531,0.026051,0.0259506,0.0258517,0.0257545,0.0256588,0.0255647,0.025472,0.0253807
0.146509,0.134298,0.123387,0.113631,0.104909,0.0971219,0.0901897,0.0840427,0.0786183,0.0738562,0.0696953,0.0660721,0.0629221,0.0601818,0.0577913,0.0556966,0.0538506,0.0522133,0.0507513,0.049437,0.0482478,0.0471653,0.0461742,0.0452621,0.0444187,0.0436353,0.0429048,0.0422211,0.0415792,0.0409745,0.0404034,0.0398627,0.0393495,0.0388614,0.0383962,0.0379521,0.0375275,0.0371207,0.0367305,0.0363557,0.0359953,0.0356482,0.0353137,0.0349909,0.0346792,0.0343778,0.0340861,0.0338037,0.03353,0.0332646,0.033007,0.0327569,0.0325138,0.0322774,0.0320475,0.0318236,0.0316056,0.0313932,0.0311862,0.0309843,0.0307873,0.030595,0.0304072,0.0302238,0.0300445,0.0298693,0.029698,0.0295304,0.0293664,0.0292059,0.0290488,0.0288949,0.0287442,0.0285965,0.0284517,0.0283098,0.0281707,0.0280342,0.0279003,0.0277689,0.02764,0.0275135,0.0273892,0.0272672,0.0271474,0.0270297,0.026914,0.0268004,0.0266887,0.0265789,0.026471,0.0263649,0.0262605,0.0261579,0.0260569,0.0259576,0.0258598,0.0257637,0.025669,0.0255758,0.0254841
0.147155,0.134916,0.123981,0.114202,0.10546,0.0976535,0.0907019,0.0845348,0.0790893,0.0743049,0.0701207,0.0664739,0.0633005,0.0605377,0.0581263,0.0560124,0.0541492,0.0524964,0.0510206,0.0496941,0.0484941,0.047402,0.0464024,0.0454827,0.0446324,0.0438428,0.0431067,0.042418,0.0417713,0.0411624,0.0405874,0.040043,0.0395265,0.0390352,0.0385672,0.0381203,0.0376931,0.0372839,0.0368914,0.0365145,0.036152,0.035803,0.0354666,0.0351421,0.0348286,0.0345256,0.0342324,0.0339485,0.0336734,0.0334066,0.0331477,0.0328962,0.0326519,0.0324143,0.0321832,0.0319583,0.0317392,0.0315257,0.0313176,0.0311147,0.0309167,0.0307235,0.0305348,0.0303504,0.0301703,0.0299943,0.0298221,0.0296537,0.0294889,0.0293276,0.0291697,0.0290151,0.0288636,0.0287151,0.0285697,0.0284271,0.0282872,0.0281501,0.0280155,0.0278835,0.0277539,0.0276268,0.0275019,0.0273793,0.0272589,0.0271406,0.0270243,0.0269101,0.0267979,0.0266875,0.0265791,0.0264724,0.0263675,0.0262643,0.0261629,0.026063,0.0259648,0.0258681,0.0257729,0.0256793,0.0255871
0.1478,0.135533,0.124573,0.114773,0.106009,0.0981835,0.0912124,0.0850253,0.0795587,0.0747522,0.0705449,0.0668746,0.0636781,0.0608931,0.0584608,0.0563278,0.0544473,0.052779,0.0512895,0.0499508,0.04874,0.0476382,0.0466301,0.0457027,0.0448455,0.0440497,0.043308,0.0426142,0.0419629,0.0413497,0.0407707,0.0402227,0.0397028,0.0392084,0.0387374,0.0382879,0.0378581,0.0374464,0.0370517,0.0366726,0.0363081,0.0359571,0.0356189,0.0352926,0.0349774,0.0346728,0.0343781,0.0340927,0.0338161,0.033548,0.0332877,0.033035,0.0327894,0.0325507,0.0323184,0.0320923,0.0318721,0.0316576,0.0314485,0.0312446,0.0310456,0.0308514,0.0306618,0.0304766,0.0302956,0.0301187,0.0299457,0.0297764,0.0296108,0.0294488,0.0292901,0.0291347,0.0289825,0.0288333,0.0286871,0.0285438,0.0284033,0.0282655,0.0281303,0.0279976,0.0278674,0.0277396,0.0276141,0.0274909,0.0273699,0.027251,0.0271342,0.0270194,0.0269066,0.0267957,0.0266867,0.0265795,0.0264741,0.0263704,0.0262684,0.026168,0.0260693,0.0259721,0.0258765,0.0257823,0.0256896
0.148445,0.13615,0.125165,0.115342,0.106558,0.098712,0.0917214,0.0855142,0.0800267,0.0751981,0.070968,0.0672745,0.064055,0.0612478,0.0587948,0.0566428,0.0547449,0.0530612,0.0515579,0.050207,0.0489853,0.047874,0.0468572,0.0459221,0.045058,0.0442561,0.0435087,0.0428097,0.0421538,0.0415363,0.0409534,0.0404018,0.0398785,0.039381,0.0389071,0.0384548,0.0380224,0.0376083,0.0372113,0.0368301,0.0364635,0.0361106,0.0357705,0.0354425,0.0351256,0.0348194,0.0345231,0.0342362,0.0339583,0.0336887,0.0334271,0.0331731,0.0329263,0.0326864,0.032453,0.0322258,0.0320045,0.031789,0.0315788,0.0313739,0.031174,0.0309788,0.0307883,0.0306022,0.0304203,0.0302425,0.0300687,0.0298986,0.0297323,0.0295694,0.02941,0.0292538,0.0291009,0.028951,0.0288041,0.0286601,0.0285189,0.0283804,0.0282446,0.0281113,0.0279804,0.027852,0.0277259,0.0276021,0.0274805,0.027361,0.0272436,0.0271283,0.0270149,0.0269035,0.0267939,0.0266862,0.0265802,0.026476,0.0263735,0.0262726,0.0261734,0.0260757,0.0259796,0.025885,0.0257918
0.14909,0.136765,0.125755,0.115909,0.107104,0.0992391,0.0922288,0.0860016,0.0804932,0.0756428,0.0713899,0.0676734,0.064431,0.061602,0.0591283,0.0569573,0.0550422,0.0533431,0.051826,0.0504628,0.0492302,0.0481092,0.0470838,0.046141,0.04527,0.0444618,0.0437088,0.0430047,0.042344,0.0417223,0.0411354,0.0405802,0.0400535,0.0395529,0.039076,0.038621,0.038186,0.0377696,0.0373703,0.0369869,0.0366183,0.0362635,0.0359215,0.0355917,0.0352732,0.0349653,0.0346675,0.0343792,0.0340998,0.0338289,0.033566,0.0333107,0.0330627,0.0328216,0.032587,0.0323587,0.0321363,0.0319197,0.0317086,0.0315027,0.0313018,0.0311057,0.0309143,0.0307272,0.0305445,0.0303659,0.0301912,0.0300204,0.0298532,0.0296896,0.0295294,0.0293725,0.0292188,0.0290682,0.0289206,0.0287759,0.028634,0.0284949,0.0283584,0.0282244,0.028093,0.0279639,0.0278372,0.0277128,0.0275906,0.0274706,0.0273526,0.0272367,0.0271228,0.0270108,0.0269007,0.0267924,0.0266859,0.0265812,0.0264782,0.0263768,0.0262771,0.0261789,0.0260823,0.0259872,0.0258936
0.149734,0.137381,0.126345,0.116476,0.10765,0.0997647,0.0927347,0.0864875,0.0809582,0.0760861,0.0718107,0.0680713,0.0648064,0.0619555,0.0594613,0.0572714,0.0553391,0.0536245,0.0520936,0.0507181,0.0494747,0.0483439,0.0473099,0.0463594,0.0454814,0.0446669,0.0439083,0.043199,0.0425337,0.0419076,0.0413169,0.0407579,0.0402279,0.0397241,0.0392443,0.0387866,0.038349,0.0379302,0.0375286,0.037143,0.0367724,0.0364157,0.0360719,0.0357403,0.0354201,0.0351107,0.0348113,0.0345215,0.0342407,0.0339684,0.0337042,0.0334477,0.0331984,0.0329561,0.0327204,0.032491,0.0322676,0.0320499,0.0318378,0.0316309,0.031429,0.031232,0.0310397,0.0308518,0.0306682,0.0304887,0.0303132,0.0301415,0.0299736,0.0298092,0.0296482,0.0294906,0.0293362,0.0291849,0.0290366,0.0288912,0.0287487,0.0286089,0.0284717,0.0283371,0.0282051,0.0280754,0.0279481,0.0278231,0.0277003,0.0275797,0.0274612,0.0273447,0.0272302,0.0271177,0.027007,0.0268983,0.0267913,0.026686,0.0265825,0.0264806,0.0263804,0.0262817,0.0261847,0.0260891,0.025995
