N2 dmu_drho [uPa_s/kg/m3] Mixed
0.059943,0.0367763,0.0336168,0.0316043,0.0301068,0.0289088,0.0279087,0.0270503,0.0262985,0.0256302,0.0250293,0.0244837,0.0239847,0.0235252,0.0230998,0.0227043,0.0223348,0.0219886,0.0216631,0.0213562,0.0210661,0.0207912,0.0205303,0.0202822,0.0200457,0.0198201,0.0196045,0.0193981,0.0192005,0.0190108,0.0188287,0.0186537,0.0184853,0.0183232,0.0181669,0.0180162,0.0178708,0.0177303,0.0175945,0.0174632,0.0173362,0.0172132,0.0170941,0.0169786,0.0168667,0.0167581,0.0166528,0.0165505,0.0164512,0.0163547,0.0162609,0.0161698,0.0160811,0.0159949,0.015911,0.0158293,0.0157498,0.0156724,0.015597,0.0155235,0.0154519,0.0153822,0.0153141,0.0152478,0.0151831,0.01512,0.0150584,0.0149984,0.0149398,0.0148825,0.0148267,0.0147721,0.0147189,0.0146669,0.0146161,0.0145665,0.014518,0.0144707,0.0144244,0.0143792,0.014335,0.0142918,0.0142496,0.0142084,0.014168,0.0141286,0.0140901,0.0140524,0.0140155,0.0139795,0.0139443,0.0139098,0.0138761,0.0138431,0.0138109,0.0137794,0.0137486,0.0137184,0.0136889,0.0136601,0.0136319
0.0788172,0.0383692,0.0346592,0.0324381,0.0308248,0.029551,0.0284964,0.0275964,0.0268114,0.026116,0.0254921,0.0249269,0.0244107,0.0239362,0.0234974,0.0230897,0.0227093,0.0223531,0.0220184,0.021703,0.021405,0.0211229,0.0208551,0.0206005,0.020358,0.0201267,0.0199057,0.0196942,0.0194916,0.0192974,0.0191109,0.0189316,0.0187592,0.0185931,0.0184331,0.0182788,0.0181299,0.0179861,0.0178471,0.0177127,0.0175826,0.0174567,0.0173348,0.0172166,0.017102,0.0169909,0.0168831,0.0167783,0.0166767,0.0165779,0.0164819,0.0163885,0.0162977,0.0162094,0.0161235,0.0160398,0.0159584,0.0158791,0.0158018,0.0157265,0.0156532,0.0155816,0.0155119,0.0154439,0.0153776,0.0153129,0.0152497,0.0151881,0.015128,0.0150693,0.015012,0.014956,0.0149014,0.014848,0.0147958,0.0147449,0.0146951,0.0146465,0.0145989,0.0145525,0.0145071,0.0144627,0.0144193,0.0143768,0.0143354,0.0142948,0.0142551,0.0142163,0.0141784,0.0141413,0.014105,0.0140695,0.0140348,0.0140008,0.0139676,0.0139351,0.0139033,0.0138722,0.0138418,0.013812,0.0137829
0.0832925,0.0402276,0.035767,0.0333012,0.031559,0.0302031,0.0290906,0.0281467,0.0273273,0.0266036,0.0259561,0.0253707,0.0248371,0.0243471,0.0238947,0.0234747,0.0230832,0.0227169,0.0223729,0.0220489,0.021743,0.0214535,0.0211789,0.0209178,0.0206693,0.0204322,0.0202058,0.0199892,0.0197817,0.0195828,0.0193919,0.0192084,0.0190319,0.018862,0.0186982,0.0185403,0.018388,0.0182408,0.0180986,0.0179611,0.0178281,0.0176993,0.0175745,0.0174536,0.0173364,0.0172227,0.0171123,0.0170052,0.0169012,0.0168001,0.0167018,0.0166063,0.0165134,0.016423,0.016335,0.0162494,0.016166,0.0160848,0.0160057,0.0159286,0.0158535,0.0157803,0.0157088,0.0156392,0.0155712,0.0155049,0.0154402,0.0153771,0.0153154,0.0152553,0.0151965,0.0151391,0.015083,0.0150283,0.0149748,0.0149225,0.0148714,0.0148215,0.0147727,0.014725,0.0146784,0.0146328,0.0145882,0.0145446,0.014502,0.0144603,0.0144195,0.0143796,0.0143406,0.0143024,0.0142651,0.0142286,0.0141928,0.0141579,0.0141236,0.0140902,0.0140574,0.0140253,0.013994,0.0139633,0.0139332
0.0865001,0.0424997,0.0369536,0.0341972,0.0323109,0.0308659,0.0296915,0.0287016,0.0278461,0.0270931,0.0264213,0.0258152,0.0252637,0.0247581,0.0242917,0.0238593,0.0234566,0.02308,0.0227266,0.022394,0.0220802,0.0217832,0.0215016,0.0212341,0.0209794,0.0207366,0.0205048,0.020283,0.0200707,0.0198671,0.0196718,0.019484,0.0193035,0.0191297,0.0189622,0.0188007,0.0186449,0.0184945,0.018349,0.0182084,0.0180724,0.0179407,0.0178132,0.0176895,0.0175697,0.0174534,0.0173406,0.017231,0.0171247,0.0170213,0.0169208,0.0168231,0.0167281,0.0166356,0.0165457,0.0164581,0.0163728,0.0162897,0.0162088,0.0161299,0.016053,0.015978,0.0159049,0.0158336,0.015764,0.0156961,0.0156299,0.0155652,0.0155021,0.0154404,0.0153802,0.0153214,0.015264,0.0152078,0.015153,0.0150994,0.015047,0.0149958,0.0149458,0.0148968,0.014849,0.0148022,0.0147564,0.0147117,0.0146679,0.0146251,0.0145832,0.0145422,0.0145022,0.0144629,0.0144245,0.014387,0.0143502,0.0143143,0.0142791,0.0142446,0.0142109,0.0141779,0.0141456,0.014114,0.014083
0.089109,0.0454919,0.0382367,0.0351305,0.033082,0.03154,0.0302997,0.0292612,0.028368,0.0275848,0.0268878,0.0262605,0.0256907,0.025169,0.0246885,0.0242435,0.0238293,0.0234424,0.0230795,0.0227383,0.0224163,0.0221119,0.0218234,0.0215493,0.0212886,0.02104,0.0208027,0.0205758,0.0203586,0.0201503,0.0199505,0.0197586,0.019574,0.0193963,0.0192251,0.0190601,0.0189008,0.018747,0.0185984,0.0184547,0.0183157,0.0181811,0.0180508,0.0179244,0.017802,0.0176832,0.0175678,0.0174559,0.0173472,0.0172415,0.0171388,0.017039,0.0169418,0.0168473,0.0167554,0.0166658,0.0165786,0.0164937,0.0164109,0.0163302,0.0162516,0.0161749,0.0161001,0.0160271,0.015956,0.0158865,0.0158187,0.0157525,0.0156879,0.0156248,0.0155631,0.0155029,0.0154441,0.0153866,0.0153304,0.0152755,0.0152219,0.0151694,0.0151181,0.0150679,0.0150189,0.0149709,0.014924,0.0148781,0.0148332,0.0147893,0.0147463,0.0147042,0.0146631,0.0146228,0.0145834,0.0145448,0.014507,0.0144701,0.0144339,0.0143985,0.0143638,0.0143298,0.0142966,0.0142641,0.0142322
0.0913567,0.0499276,0.0396402,0.0361062,0.0338743,0.0322264,0.0309154,0.0298257,0.0288932,0.0280785,0.0273557,0.0267065,0.026118,0.02558,0.0250851,0.0246272,0.0242015,0.0238041,0.0234317,0.0230816,0.0227516,0.0224397,0.0221441,0.0218635,0.0215966,0.0213423,0.0210995,0.0208674,0.0206453,0.0204325,0.0202282,0.020032,0.0198434,0.0196618,0.0194869,0.0193183,0.0191556,0.0189985,0.0188467,0.0186999,0.0185579,0.0184205,0.0182873,0.0181583,0.0180332,0.0179119,0.0177941,0.0176798,0.0175687,0.0174608,0.0173559,0.0172539,0.0171547,0.0170581,0.0169641,0.0168726,0.0167835,0.0166967,0.0166121,0.0165297,0.0164493,0.0163709,0.0162945,0.0162199,0.0161471,0.0160761,0.0160067,0.015939,0.0158729,0.0158084,0.0157453,0.0156837,0.0156235,0.0155646,0.0155071,0.0154509,0.015396,0.0153423,0.0152897,0.0152383,0.0151881,0.0151389,0.0150908,0.0150438,0.0149978,0.0149527,0.0149087,0.0148655,0.0148233,0.014782,0.0147415,0.0147019,0.0146632,0.0146252,0.0145881,0.0145517,0.0145161,0.0144812,0.014447,0.0144136,0.0143809
0.0933583,0.0570826,0.0411963,0.0371304,0.0346897,0.0329258,0.0315393,0.0303954,0.0294218,0.0285745,0.0278249,0.0271534,0.0265456,0.025991,0.0254815,0.0250105,0.0245731,0.0241651,0.0237831,0.0234242,0.023086,0.0227665,0.0224639,0.0221767,0.0219036,0.0216435,0.0213952,0.021158,0.020931,0.0207134,0.0205048,0.0203043,0.0201116,0.0199262,0.0197476,0.0195754,0.0194093,0.0192489,0.0190939,0.0189441,0.0187991,0.0186588,0.0185229,0.0183912,0.0182635,0.0181396,0.0180194,0.0179026,0.0177893,0.0176791,0.017572,0.0174678,0.0173665,0.0172679,0.017172,0.0170785,0.0169875,0.0168989,0.0168125,0.0167283,0.0166461,0.0165661,0.016488,0.0164117,0.0163374,0.0162648,0.0161939,0.0161247,0.0160571,0.0159911,0.0159267,0.0158637,0.0158021,0.0157419,0.0156831,0.0156256,0.0155694,0.0155144,0.0154606,0.015408,0.0153566,0.0153063,0.015257,0.0152088,0.0151617,0.0151155,0.0150704,0.0150262,0.0149829,0.0149405,0.0148991,0.0148585,0.0148187,0.0147798,0.0147416,0.0147043,0.0146678,0.014632,0.0145969,0.0145625,0.0145289
0.0951793,0.0650247,0.0429498,0.0382104,0.0355306,0.0336394,0.0321717,0.0309707,0.0299539,0.0290727,0.0282956,0.027601,0.0269737,0.0264021,0.0258776,0.0253934,0.0249442,0.0245255,0.0241337,0.0237658,0.0234194,0.0230923,0.0227826,0.0224888,0.0222096,0.0219436,0.0216899,0.0214475,0.0212155,0.0209933,0.0207802,0.0205755,0.0203788,0.0201895,0.0200072,0.0198314,0.0196619,0.0194982,0.01934,0.0191872,0.0190392,0.0188961,0.0187574,0.018623,0.0184927,0.0183663,0.0182436,0.0181245,0.0180088,0.0178964,0.0177871,0.0176808,0.0175775,0.0174768,0.0173789,0.0172835,0.0171907,0.0171002,0.017012,0.016926,0.0168421,0.0167604,0.0166806,0.0166028,0.0165268,0.0164527,0.0163803,0.0163096,0.0162406,0.0161731,0.0161073,0.0160429,0.0159799,0.0159184,0.0158583,0.0157995,0.015742,0.0156858,0.0156308,0.015577,0.0155244,0.0154729,0.0154225,0.0153732,0.0153249,0.0152777,0.0152314,0.0151862,0.0151418,0.0150985,0.015056,0.0150144,0.0149736,0.0149337,0.0148946,0.0148563,0.0148188,0.0147821,0.0147461,0.0147109,0.0146764
0.0968613,0.0706722,0.0449622,0.0393548,0.0363996,0.0343681,0.0328132,0.0315516,0.0304898,0.0295734,0.0287678,0.0280496,0.0274021,0.0268132,0.0262736,0.025776,0.0253147,0.0248851,0.0244835,0.0241066,0.0237519,0.0234171,0.0231004,0.0227999,0.0225144,0.0222426,0.0219834,0.0217358,0.021499,0.0212721,0.0210546,0.0208457,0.0206449,0.0204517,0.0202657,0.0200864,0.0199134,0.0197464,0.0195851,0.0194292,0.0192783,0.0191323,0.0189908,0.0188538,0.0187209,0.018592,0.0184669,0.0183454,0.0182274,0.0181128,0.0180013,0.0178929,0.0177874,0.0176848,0.0175849,0.0174876,0.0173929,0.0173005,0.0172106,0.0171228,0.0170373,0.0169538,0.0168724,0.016793,0.0167155,0.0166398,0.0165659,0.0164937,0.0164232,0.0163544,0.0162871,0.0162213,0.016157,0.0160942,0.0160328,0.0159727,0.0159139,0.0158565,0.0158003,0.0157453,0.0156915,0.0156388,0.0155873,0.0155368,0.0154875,0.0154392,0.0153918,0.0153455,0.0153001,0.0152557,0.0152122,0.0151696,0.0151279,0.015087,0.015047,0.0150078,0.0149693,0.0149317,0.0148948,0.0148587,0.0148232
0.0984321,0.0747421,0.0473141,0.0405742,0.0372996,0.0351131,0.0334643,0.0321386,0.0310296,0.0300766,0.0292416,0.028499,0.027831,0.0272244,0.0266693,0.0261581,0.0256846,0.0252441,0.0248325,0.0244466,0.0240835,0.023741,0.0234171,0.02311,0.0228183,0.0225406,0.0222759,0.0220231,0.0217813,0.0215498,0.0213278,0.0211147,0.0209098,0.0207128,0.0205231,0.0203402,0.0201639,0.0199936,0.0198291,0.0196701,0.0195163,0.0193675,0.0192233,0.0190836,0.0189481,0.0188167,0.0186892,0.0185653,0.018445,0.0183282,0.0182145,0.018104,0.0179965,0.0178919,0.01779,0.0176908,0.0175942,0.0175,0.0174083,0.0173188,0.0172316,0.0171465,0.0170634,0.0169824,0.0169033,0.0168261,0.0167507,0.016677,0.0166051,0.0165348,0.0164661,0.016399,0.0163334,0.0162692,0.0162065,0.0161451,0.0160851,0.0160265,0.015969,0.0159128,0.0158579,0.0158041,0.0157514,0.0156998,0.0156494,0.0156,0.0155516,0.0155042,0.0154578,0.0154124,0.0153679,0.0153243,0.0152816,0.0152397,0.0151987,0.0151586,0.0151192,0.0150807,0.0150429,0.0150058,0.0149696
0.0999119,0.0779486,0.0500949,0.0418807,0.0382339,0.0358757,0.0341256,0.0327319,0.0315734,0.0305824,0.029717,0.0289494,0.0282604,0.0276357,0.0270649,0.0265398,0.026054,0.0256024,0.0251808,0.0247857,0.0244142,0.0240639,0.0237328,0.023419,0.0231211,0.0228375,0.0225673,0.0223093,0.0220626,0.0218264,0.0215999,0.0213826,0.0211737,0.0209728,0.0207794,0.020593,0.0204132,0.0202397,0.0200721,0.01991,0.0197533,0.0196016,0.0194547,0.0193123,0.0191743,0.0190404,0.0189104,0.0187843,0.0186617,0.0185426,0.0184268,0.0183142,0.0182046,0.018098,0.0179942,0.0178931,0.0177946,0.0176987,0.0176051,0.0175139,0.017425,0.0173382,0.0172536,0.0171709,0.0170903,0.0170116,0.0169347,0.0168595,0.0167862,0.0167145,0.0166444,0.0165759,0.016509,0.0164435,0.0163795,0.0163169,0.0162556,0.0161957,0.0161371,0.0160797,0.0160236,0.0159686,0.0159148,0.0158622,0.0158106,0.0157601,0.0157107,0.0156622,0.0156148,0.0155684,0.0155229,0.0154783,0.0154346,0.0153918,0.0153499,0.0153088,0.0152685,0.015229,0.0151904,0.0151525,0.0151153
0.101315,0.08063,0.0533532,0.0432886,0.039206,0.0366572,0.0347978,0.0333319,0.0321215,0.0310909,0.0301941,0.0294008,0.0286902,0.0280471,0.0274603,0.0269212,0.0264229,0.02596,0.0255283,0.0251239,0.024744,0.0243859,0.0240475,0.023727,0.0234228,0.0231334,0.0228576,0.0225944,0.0223427,0.0221018,0.021871,0.0216494,0.0214365,0.0212317,0.0210346,0.0208447,0.0206615,0.0204847,0.020314,0.0201489,0.0199893,0.0198347,0.0196851,0.0195401,0.0193995,0.0192631,0.0191307,0.0190022,0.0188774,0.0187561,0.0186381,0.0185234,0.0184118,0.0183032,0.0181975,0.0180945,0.0179942,0.0178964,0.0178011,0.0177082,0.0176176,0.0175291,0.0174429,0.0173587,0.0172765,0.0171962,0.0171178,0.0170413,0.0169665,0.0168934,0.0168219,0.0167521,0.0166838,0.016617,0.0165517,0.0164879,0.0164254,0.0163642,0.0163044,0.0162459,0.0161886,0.0161325,0.0160776,0.0160238,0.0159712,0.0159196,0.0158691,0.0158197,0.0157712,0.0157237,0.0156772,0.0156317,0.015587,0.0155433,0.0155004,0.0154584,0.0154172,0.0153769,0.0153373,0.0152985,0.0152605
0.102654,0.0829599,0.0569926,0.0448138,0.0402201,0.037459,0.0354814,0.0339388,0.032674,0.0316022,0.0306729,0.0298532,0.0291205,0.0284587,0.0278556,0.0273021,0.0267912,0.026317,0.025875,0.0254613,0.0250728,0.0247069,0.0243613,0.024034,0.0237234,0.0234281,0.0231468,0.0228784,0.0226218,0.0223762,0.0221409,0.0219151,0.0216982,0.0214896,0.0212888,0.0210953,0.0209087,0.0207287,0.0205548,0.0203867,0.0202241,0.0200668,0.0199144,0.0197668,0.0196237,0.0194848,0.0193501,0.0192192,0.0190921,0.0189686,0.0188485,0.0187317,0.0186181,0.0185075,0.0183999,0.018295,0.0181928,0.0180933,0.0179962,0.0179016,0.0178093,0.0177192,0.0176314,0.0175456,0.0174618,0.0173801,0.0173002,0.0172222,0.017146,0.0170715,0.0169987,0.0169275,0.0168579,0.0167898,0.0167233,0.0166581,0.0165944,0.0165321,0.0164711,0.0164114,0.0163529,0.0162957,0.0162397,0.0161848,0.0161311,0.0160784,0.0160269,0.0159764,0.0159269,0.0158785,0.015831,0.0157845,0.0157389,0.0156942,0.0156504,0.0156074,0.0155653,0.0155241,0.0154836,0.015444,0.0154051
0.103936,0.0850378,0.0607269,0.0464725,0.0412805,0.0382828,0.0361772,0.0345531,0.033231,0.0321165,0.0311536,0.0303067,0.0295514,0.0288703,0.0282507,0.0276828,0.027159,0.0266733,0.0262209,0.0257978,0.0254008,0.0250269,0.024674,0.0243399,0.0240231,0.0237218,0.0234349,0.0231613,0.0228997,0.0226495,0.0224097,0.0221797,0.0219587,0.0217463,0.0215418,0.0213448,0.0211549,0.0209716,0.0207946,0.0206235,0.020458,0.0202979,0.0201428,0.0199925,0.0198468,0.0197055,0.0195684,0.0194352,0.0193059,0.0191802,0.019058,0.0189391,0.0188235,0.0187109,0.0186013,0.0184946,0.0183906,0.0182893,0.0181905,0.0180941,0.0180002,0.0179085,0.017819,0.0177317,0.0176464,0.0175631,0.0174818,0.0174024,0.0173247,0.0172488,0.0171747,0.0171021,0.0170312,0.0169619,0.016894,0.0168277,0.0167627,0.0166992,0.016637,0.0165761,0.0165165,0.0164582,0.0164011,0.0163451,0.0162903,0.0162366,0.016184,0.0161325,0.0160821,0.0160326,0.0159841,0.0159366,0.0158901,0.0158444,0.0157997,0.0157559,0.0157129,0.0156707,0.0156294,0.0155889,0.0155491
0.105169,0.0869258,0.0642523,0.0482792,0.0423917,0.0391301,0.0368858,0.0351751,0.0337929,0.0326337,0.0316362,0.0307613,0.0299828,0.0292822,0.0286457,0.028063,0.0275262,0.0270289,0.0265661,0.0261335,0.0257278,0.025346,0.0249857,0.0246449,0.0243216,0.0240144,0.023722,0.0234431,0.0231766,0.0229217,0.0226775,0.0224432,0.0222182,0.0220019,0.0217938,0.0215933,0.0214,0.0212134,0.0210333,0.0208592,0.0206908,0.0205279,0.0203701,0.0202172,0.020069,0.0199253,0.0197857,0.0196503,0.0195187,0.0193908,0.0192665,0.0191456,0.0190279,0.0189134,0.0188019,0.0186933,0.0185875,0.0184844,0.0183839,0.0182858,0.0181902,0.0180969,0.0180058,0.0179169,0.0178302,0.0177454,0.0176626,0.0175817,0.0175027,0.0174254,0.0173499,0.017276,0.0172038,0.0171332,0.0170641,0.0169965,0.0169304,0.0168656,0.0168023,0.0167402,0.0166795,0.01662,0.0165618,0.0165048,0.0164489,0.0163942,0.0163405,0.016288,0.0162365,0.0161861,0.0161366,0.0160882,0.0160407,0.0159941,0.0159485,0.0159037,0.0158598,0.0158168,0.0157746,0.0157332,0.0156926
0.106359,0.0886652,0.0674269,0.0502414,0.0435587,0.0400027,0.0376081,0.0358051,0.0343598,0.0331542,0.0321207,0.0312171,0.0304149,0.0296942,0.0290405,0.0284429,0.0278929,0.0273839,0.0269105,0.0264684,0.0260539,0.0256641,0.0252964,0.0249487,0.0246191,0.024306,0.024008,0.0237238,0.0234524,0.0231928,0.0229441,0.0227056,0.0224766,0.0222565,0.0220447,0.0218407,0.021644,0.0214542,0.021271,0.0210939,0.0209226,0.0207569,0.0205964,0.0204409,0.0202902,0.020144,0.0200021,0.0198644,0.0197306,0.0196005,0.0194741,0.0193511,0.0192315,0.019115,0.0190016,0.0188911,0.0187835,0.0186786,0.0185764,0.0184767,0.0183794,0.0182845,0.0181918,0.0181014,0.0180131,0.0179269,0.0178426,0.0177603,0.0176799,0.0176012,0.0175244,0.0174492,0.0173757,0.0173038,0.0172334,0.0171646,0.0170973,0.0170313,0.0169668,0.0169036,0.0168418,0.0167812,0.0167219,0.0166637,0.0166068,0.0165511,0.0164964,0.0164429,0.0163904,0.016339,0.0162885,0.0162391,0.0161907,0.0161432,0.0160966,0.016051,0.0160062,0.0159623,0.0159192,0.0158769,0.0158355
0.10751,0.0902848,0.0702474,0.0523538,0.044786,0.0409024,0.0383448,0.0364436,0.0349319,0.0336779,0.0326073,0.031674,0.0308475,0.0301064,0.0294352,0.0288224,0.0282591,0.0277382,0.0272541,0.0268023,0.0263791,0.0259813,0.0256062,0.0252516,0.0249156,0.0245965,0.0242929,0.0240034,0.023727,0.0234628,0.0232096,0.0229669,0.0227339,0.02251,0.0222945,0.022087,0.0218869,0.0216939,0.0215076,0.0213275,0.0211534,0.0209849,0.0208217,0.0206637,0.0205104,0.0203618,0.0202175,0.0200775,0.0199415,0.0198093,0.0196807,0.0195557,0.0194341,0.0193157,0.0192004,0.0190881,0.0189787,0.018872,0.0187681,0.0186667,0.0185677,0.0184712,0.018377,0.0182851,0.0181953,0.0181075,0.0180219,0.0179381,0.0178563,0.0177763,0.0176981,0.0176216,0.0175468,0.0174737,0.0174021,0.017332,0.0172635,0.0171964,0.0171307,0.0170663,0.0170034,0.0169417,0.0168813,0.0168221,0.0167641,0.0167073,0.0166516,0.0165971,0.0165436,0.0164912,0.0164398,0.0163895,0.0163401,0.0162917,0.0162442,0.0161976,0.016152,0.0161072,0.0160632,0.0160201,0.0159779
0.108626,0.0918056,0.0727627,0.0545916,0.0460777,0.041831,0.0390967,0.0370909,0.0355093,0.034205,0.033096,0.0321322,0.0312808,0.0305188,0.0298298,0.0292016,0.0286247,0.0280918,0.027597,0.0271355,0.0267034,0.0262974,0.0259149,0.0255534,0.025211,0.0248859,0.0245767,0.024282,0.0240006,0.0237317,0.0234741,0.0232272,0.0229902,0.0227624,0.0225433,0.0223322,0.0221288,0.0219326,0.0217432,0.0215601,0.0213831,0.0212119,0.021046,0.0208854,0.0207296,0.0205786,0.020432,0.0202897,0.0201514,0.0200171,0.0198864,0.0197594,0.0196358,0.0195154,0.0193983,0.0192842,0.019173,0.0190646,0.0189589,0.0188558,0.0187553,0.0186572,0.0185614,0.0184679,0.0183766,0.0182874,0.0182003,0.0181152,0.018032,0.0179506,0.0178711,0.0177933,0.0177172,0.0176428,0.01757,0.0174987,0.017429,0.0173607,0.0172938,0.0172284,0.0171643,0.0171015,0.01704,0.0169798,0.0169207,0.0168629,0.0168062,0.0167507,0.0166962,0.0166428,0.0165905,0.0165392,0.0164889,0.0164395,0.0163912,0.0163437,0.0162972,0.0162515,0.0162067,0.0161628,0.0161197
0.109711,0.0932436,0.0750275,0.056909,0.0474367,0.0427902,0.0398646,0.0377474,0.0360925,0.0347356,0.0335868,0.0325917,0.0317147,0.0309314,0.0302244,0.0295805,0.0289899,0.0284448,0.0279391,0.0274678,0.0270268,0.0266127,0.0262226,0.0258542,0.0255053,0.0251743,0.0248594,0.0245594,0.0242731,0.0239995,0.0237375,0.0234863,0.0232453,0.0230137,0.0227909,0.0225764,0.0223697,0.0221703,0.0219777,0.0217917,0.0216118,0.0214378,0.0212693,0.0211061,0.0209479,0.0207944,0.0206455,0.0205009,0.0203604,0.0202239,0.0200912,0.0199622,0.0198366,0.0197143,0.0195953,0.0194793,0.0193664,0.0192562,0.0191489,0.0190441,0.018942,0.0188423,0.018745,0.0186499,0.0185572,0.0184665,0.018378,0.0182914,0.0182069,0.0181242,0.0180433,0.0179642,0.0178869,0.0178112,0.0177372,0.0176647,0.0175937,0.0175243,0.0174563,0.0173897,0.0173245,0.0172607,0.0171981,0.0171368,0.0170767,0.0170179,0.0169602,0.0169036,0.0168482,0.0167938,0.0167406,0.0166883,0.0166371,0.0165868,0.0165375,0.0164892,0.0164418,0.0163953,0.0163496,0.0163048,0.0162609
0.110768,0.0946108,0.0770888,0.0592477,0.0488642,0.0437817,0.0406492,0.0384136,0.0366814,0.0352698,0.0340799,0.0330525,0.0321493,0.0313443,0.0306188,0.029959,0.0293545,0.0287971,0.0282804,0.0277992,0.0273492,0.0269269,0.0265294,0.026154,0.0257987,0.0254616,0.0251411,0.0248358,0.0245446,0.0242662,0.0239998,0.0237444,0.0234994,0.0232639,0.0230375,0.0228195,0.0226095,0.0224068,0.0222112,0.0220222,0.0218395,0.0216628,0.0214916,0.0213258,0.0211651,0.0210092,0.020858,0.0207111,0.0205685,0.0204299,0.0202951,0.020164,0.0200365,0.0199123,0.0197914,0.0196737,0.0195589,0.0194471,0.019338,0.0192316,0.0191278,0.0190266,0.0189277,0.0188312,0.0187369,0.0186448,0.0185549,0.0184669,0.018381,0.018297,0.0182148,0.0181344,0.0180558,0.0179789,0.0179036,0.01783,0.0177578,0.0176872,0.0176181,0.0175504,0.0174841,0.0174191,0.0173555,0.0172932,0.0172321,0.0171722,0.0171135,0.0170559,0.0169995,0.0169442,0.01689,0.0168368,0.0167847,0.0167335,0.0166833,0.0166341,0.0165858,0.0165385,0.016492,0.0164464,0.0164016
0.111799,0.095917,0.0789836,0.0615506,0.0503585,0.0448068,0.0414515,0.0390897,0.0372764,0.0358077,0.0345753,0.0335147,0.0325847,0.0317575,0.0310132,0.0303372,0.0297186,0.0291488,0.028621,0.0281298,0.0276708,0.0272403,0.0268351,0.0264527,0.0260909,0.0257478,0.0254217,0.0251111,0.0248149,0.0245318,0.024261,0.0240014,0.0237524,0.0235131,0.0232831,0.0230616,0.0228482,0.0226424,0.0224437,0.0222518,0.0220662,0.0218867,0.0217129,0.0215446,0.0213814,0.0212231,0.0210696,0.0209205,0.0207756,0.0206349,0.0204981,0.020365,0.0202355,0.0201094,0.0199867,0.0198671,0.0197506,0.019637,0.0195263,0.0194183,0.0193129,0.01921,0.0191097,0.0190116,0.0189159,0.0188224,0.018731,0.0186417,0.0185544,0.018469,0.0183855,0.0183039,0.018224,0.0181459,0.0180694,0.0179945,0.0179212,0.0178495,0.0177792,0.0177104,0.017643,0.017577,0.0175123,0.0174489,0.0173868,0.0173259,0.0172662,0.0172077,0.0171503,0.017094,0.0170389,0.0169848,0.0169317,0.0168796,0.0168286,0.0167785,0.0167293,0.0166811,0.0166338,0.0165873,0.0165417
0.112806,0.0971698,0.0807409,0.0637748,0.0519143,0.0458667,0.0422719,0.0397763,0.0378776,0.0363496,0.0350731,0.0339782,0.0330208,0.0321709,0.0314075,0.0307151,0.0300822,0.0294998,0.0289609,0.0284596,0.0279915,0.0275526,0.0271398,0.0267505,0.0263822,0.026033,0.0257012,0.0253854,0.0250841,0.0247964,0.0245211,0.0242573,0.0240043,0.0237612,0.0235275,0.0233026,0.0230859,0.0228769,0.0226751,0.0224803,0.0222919,0.0221096,0.0219332,0.0217623,0.0215967,0.021436,0.0212802,0.0211288,0.0209818,0.020839,0.0207001,0.020565,0.0204336,0.0203056,0.0201811,0.0200597,0.0199414,0.0198261,0.0197137,0.0196041,0.0194971,0.0193927,0.0192908,0.0191913,0.0190941,0.0189991,0.0189063,0.0188157,0.018727,0.0186403,0.0185556,0.0184726,0.0183915,0.0183121,0.0182344,0.0181584,0.0180839,0.0180111,0.0179397,0.0178697,0.0178013,0.0177341,0.0176684,0.017604,0.0175408,0.0174789,0.0174182,0.0173587,0.0173004,0.0172432,0.0171871,0.0171321,0.0170781,0.0170252,0.0169732,0.0169222,0.0168722,0.0168232,0.016775,0.0167277,0.0166813
0.113791,0.0983755,0.0823831,0.0658953,0.0535223,0.0469619,0.0431113,0.0404736,0.0384853,0.0368954,0.0355733,0.0344433,0.0334577,0.0325846,0.0318017,0.0310927,0.0304454,0.0298503,0.0293,0.0287886,0.0283112,0.027864,0.0274436,0.0270472,0.0266723,0.0263171,0.0259797,0.0256585,0.0253523,0.0250599,0.0247801,0.0245121,0.0242551,0.0240083,0.0237709,0.0235425,0.0233225,0.0231103,0.0229055,0.0227077,0.0225165,0.0223316,0.0221525,0.0219791,0.021811,0.021648,0.0214898,0.0213363,0.0211871,0.0210422,0.0209012,0.0207642,0.0206308,0.020501,0.0203746,0.0202514,0.0201314,0.0200144,0.0199003,0.0197891,0.0196805,0.0195746,0.0194711,0.0193701,0.0192715,0.0191751,0.0190809,0.0189889,0.0188989,0.0188109,0.0187248,0.0186406,0.0185583,0.0184777,0.0183988,0.0183216,0.018246,0.0181719,0.0180994,0.0180284,0.0179588,0.0178907,0.0178239,0.0177584,0.0176942,0.0176313,0.0175697,0.0175092,0.0174499,0.0173918,0.0173347,0.0172788,0.0172239,0.0171701,0.0171173,0.0170654,0.0170146,0.0169647,0.0169157,0.0168676,0.0168204
0.114756,0.0995394,0.0839278,0.0679026,0.0551695,0.0480923,0.0439702,0.041182,0.0390997,0.0374453,0.0360761,0.0349098,0.0338954,0.0329987,0.032196,0.03147,0.030808,0.0302,0.0296383,0.0291167,0.0286301,0.0281745,0.0277464,0.0273429,0.0269615,0.0266002,0.0262571,0.0259306,0.0256194,0.0253223,0.0250381,0.0247659,0.0245049,0.0242542,0.0240133,0.0237814,0.0235581,0.0233427,0.0231349,0.0229342,0.0227402,0.0225525,0.0223709,0.0221949,0.0220244,0.021859,0.0216985,0.0215428,0.0213914,0.0212444,0.0211015,0.0209624,0.0208271,0.0206954,0.0205672,0.0204423,0.0203205,0.0202019,0.0200861,0.0199733,0.0198631,0.0197556,0.0196507,0.0195482,0.0194481,0.0193503,0.0192548,0.0191613,0.01907,0.0189807,0.0188934,0.0188079,0.0187243,0.0186425,0.0185624,0.018484,0.0184073,0.0183321,0.0182585,0.0181864,0.0181157,0.0180465,0.0179787,0.0179122,0.017847,0.0177831,0.0177205,0.0176591,0.0175988,0.0175397,0.0174818,0.0174249,0.0173692,0.0173145,0.0172608,0.0172081,0.0171564,0.0171056,0.0170558,0.0170069,0.0169589
0.115702,0.100666,0.0853891,0.0697971,0.0568398,0.0492569,0.044849,0.0419018,0.0397209,0.0379995,0.0365814,0.0353779,0.0343339,0.033413,0.0325902,0.0318471,0.0311702,0.0305492,0.0299759,0.029444,0.0289481,0.028484,0.0280482,0.0276375,0.0272496,0.0268822,0.0265334,0.0262016,0.0258854,0.0255836,0.025295,0.0250186,0.0247536,0.0244991,0.0242546,0.0240193,0.0237926,0.0235741,0.0233633,0.0231596,0.0229628,0.0227725,0.0225882,0.0224097,0.0222368,0.022069,0.0219063,0.0217483,0.0215949,0.0214457,0.0213008,0.0211598,0.0210226,0.020889,0.020759,0.0206323,0.0205088,0.0203884,0.0202711,0.0201566,0.0200449,0.0199359,0.0198294,0.0197255,0.019624,0.0195248,0.0194278,0.0193331,0.0192404,0.0191498,0.0190612,0.0189745,0.0188897,0.0188067,0.0187254,0.0186458,0.0185679,0.0184916,0.0184169,0.0183437,0.018272,0.0182017,0.0181329,0.0180654,0.0179992,0.0179343,0.0178707,0.0178083,0.0177471,0.0176871,0.0176282,0.0175705,0.0175138,0.0174582,0.0174037,0.0173501,0.0172976,0.017246,0.0171954,0.0171456,0.0170968
0.11663,0.101758,0.0867782,0.0715849,0.0585163,0.0504537,0.0457478,0.0426334,0.0403492,0.0385579,0.0370894,0.0358476,0.0347733,0.0338278,0.0329844,0.0322238,0.0315319,0.0308977,0.0303128,0.0297704,0.0292652,0.0287926,0.028349,0.0279312,0.0275367,0.0271632,0.0268087,0.0264716,0.0261504,0.0258438,0.0255508,0.0252702,0.0250012,0.024743,0.0244948,0.0242561,0.0240262,0.0238045,0.0235906,0.0233841,0.0231845,0.0229914,0.0228045,0.0226236,0.0224482,0.0222781,0.0221131,0.0219529,0.0217974,0.0216462,0.0214992,0.0213562,0.0212171,0.0210817,0.0209499,0.0208214,0.0206962,0.0205742,0.0204552,0.0203391,0.0202259,0.0201153,0.0200074,0.019902,0.019799,0.0196984,0.0196001,0.019504,0.0194101,0.0193182,0.0192283,0.0191403,0.0190543,0.0189701,0.0188876,0.0188069,0.0187279,0.0186505,0.0185747,0.0185004,0.0184276,0.0183563,0.0182864,0.0182179,0.0181507,0.0180848,0.0180203,0.0179569,0.0178948,0.0178339,0.0177741,0.0177155,0.0176579,0.0176014,0.017546,0.0174916,0.0174382,0.0173858,0.0173344,0.0172839,0.0172343
0.117543,0.10282,0.0881042,0.0732745,0.0601827,0.0516798,0.0466667,0.0433769,0.0409847,0.0391209,0.0376002,0.0363189,0.0352136,0.0342429,0.0333786,0.0326003,0.0318931,0.0312456,0.0306489,0.030096,0.0295814,0.0291002,0.0286488,0.0282239,0.0278227,0.0274431,0.0270829,0.0267405,0.0264143,0.026103,0.0258055,0.0255208,0.0252478,0.0249858,0.024734,0.0244919,0.0242586,0.0240338,0.0238169,0.0236075,0.0234051,0.0232094,0.0230199,0.0228365,0.0226587,0.0224863,0.022319,0.0221566,0.0219989,0.0218457,0.0216967,0.0215518,0.0214108,0.0212736,0.0211399,0.0210097,0.0208828,0.0207591,0.0206385,0.0205209,0.020406,0.020294,0.0201846,0.0200777,0.0199733,0.0198713,0.0197717,0.0196742,0.019579,0.0194858,0.0193946,0.0193055,0.0192182,0.0191328,0.0190492,0.0189673,0.0188872,0.0188087,0.0187318,0.0186564,0.0185826,0.0185102,0.0184393,0.0183698,0.0183016,0.0182348,0.0181692,0.018105,0.0180419,0.0179801,0.0179194,0.0178598,0.0178014,0.0177441,0.0176878,0.0176326,0.0175783,0.0175251,0.0174728,0.0174215,0.0173711
0.11844,0.103854,0.0893746,0.074875,0.0618249,0.0529311,0.0476054,0.0441325,0.0416275,0.0396883,0.0381138,0.0367919,0.0356547,0.0346584,0.0337728,0.0329765,0.0322538,0.0315928,0.0309843,0.0304208,0.0298967,0.0294069,0.0289476,0.0285155,0.0281077,0.0277219,0.027356,0.0270083,0.0266771,0.0263611,0.0260592,0.0257703,0.0254933,0.0252275,0.0249722,0.0247266,0.0244901,0.0242622,0.0240423,0.0238299,0.0236248,0.0234263,0.0232343,0.0230484,0.0228682,0.0226935,0.022524,0.0223594,0.0221996,0.0220443,0.0218933,0.0217465,0.0216036,0.0214645,0.0213291,0.0211972,0.0210686,0.0209432,0.020821,0.0207018,0.0205854,0.0204718,0.020361,0.0202527,0.0201469,0.0200435,0.0199425,0.0198437,0.0197471,0.0196527,0.0195603,0.0194699,0.0193814,0.0192948,0.0192101,0.0191271,0.0190458,0.0189662,0.0188882,0.0188118,0.0187369,0.0186635,0.0185916,0.018521,0.0184519,0.0183841,0.0183176,0.0182524,0.0181884,0.0181256,0.018064,0.0180036,0.0179443,0.0178861,0.017829,0.0177729,0.0177179,0.0176638,0.0176108,0.0175587,0.0175075
0.119323,0.104863,0.0905959,0.0763951,0.0634322,0.0542025,0.0485632,0.0449003,0.0422778,0.0402604,0.0386302,0.0372666,0.0360969,0.0350743,0.034167,0.0333525,0.0326141,0.0319395,0.0313189,0.0307448,0.0302111,0.0297127,0.0292455,0.0288062,0.0283917,0.0279998,0.0276282,0.027275,0.0269389,0.0266182,0.0263118,0.0260187,0.0257378,0.0254682,0.0252093,0.0249603,0.0247205,0.0244895,0.0242666,0.0240514,0.0238434,0.0236423,0.0234478,0.0232593,0.0230768,0.0228997,0.022728,0.0225613,0.0223993,0.022242,0.0220891,0.0219403,0.0217955,0.0216546,0.0215174,0.0213838,0.0212535,0.0211265,0.0210027,0.0208819,0.020764,0.0206489,0.0205366,0.0204268,0.0203196,0.0202149,0.0201125,0.0200124,0.0199146,0.0198189,0.0197252,0.0196336,0.0195439,0.0194562,0.0193703,0.0192861,0.0192037,0.019123,0.0190439,0.0189665,0.0188905,0.0188161,0.0187432,0.0186717,0.0186015,0.0185328,0.0184653,0.0183992,0.0183343,0.0182706,0.0182081,0.0181468,0.0180867,0.0180276,0.0179696,0.0179127,0.0178569,0.017802,0.0177481,0.0176952,0.0176433
0.120192,0.105848,0.0917731,0.0778431,0.0649972,0.0554881,0.0495394,0.0456802,0.0429356,0.0408372,0.0391495,0.037743,0.03654,0.0354906,0.0345613,0.0337282,0.032974,0.0322856,0.0316529,0.031068,0.0305246,0.0300175,0.0295424,0.0290958,0.0286747,0.0282766,0.0278992,0.0275408,0.0271996,0.0268742,0.0265634,0.0262661,0.0259812,0.0257079,0.0254454,0.0251929,0.0249499,0.0247157,0.0244899,0.0242718,0.0240611,0.0238574,0.0236602,0.0234693,0.0232844,0.023105,0.0229311,0.0227622,0.0225982,0.0224388,0.0222839,0.0221332,0.0219866,0.0218439,0.0217049,0.0215695,0.0214376,0.021309,0.0211835,0.0210612,0.0209417,0.0208252,0.0207114,0.0206002,0.0204916,0.0203855,0.0202818,0.0201804,0.0200813,0.0199843,0.0198894,0.0197966,0.0197058,0.0196168,0.0195297,0.0194445,0.019361,0.0192792,0.019199,0.0191205,0.0190436,0.0189681,0.0188942,0.0188217,0.0187506,0.0186809,0.0186125,0.0185454,0.0184796,0.018415,0.0183516,0.0182895,0.0182284,0.0181685,0.0181097,0.018052,0.0179953,0.0179396,0.017885,0.0178313,0.0177786
0.121049,0.106811,0.0929109,0.0792264,0.0665154,0.0567818,0.0505324,0.0464721,0.0436011,0.0414187,0.0396718,0.0382213,0.0369841,0.0359074,0.0349556,0.0341037,0.0333334,0.032631,0.0319861,0.0313904,0.0308373,0.0303214,0.0298383,0.0293845,0.0289567,0.0285523,0.0281692,0.0278054,0.0274592,0.0271291,0.0268139,0.0265124,0.0262236,0.0259465,0.0256804,0.0254246,0.0251783,0.024941,0.0247122,0.0244912,0.0242778,0.0240714,0.0238717,0.0236784,0.0234911,0.0233094,0.0231332,0.0229622,0.0227961,0.0226347,0.0224779,0.0223253,0.0221768,0.0220323,0.0218916,0.0217545,0.0216208,0.0214906,0.0213636,0.0212397,0.0211187,0.0210007,0.0208854,0.0207729,0.0206629,0.0205554,0.0204504,0.0203477,0.0202473,0.020149,0.0200529,0.0199589,0.0198669,0.0197768,0.0196886,0.0196022,0.0195176,0.0194347,0.0193535,0.0192739,0.0191959,0.0191195,0.0190445,0.0189711,0.018899,0.0188283,0.018759,0.018691,0.0186243,0.0185588,0.0184946,0.0184315,0.0183696,0.0183089,0.0182492,0.0181907,0.0181332,0.0180767,0.0180213,0.0179668,0.0179133
0.121894,0.107755,0.0940129,0.0805514,0.0679847,0.0580773,0.0515407,0.0472757,0.0442742,0.0420051,0.0401971,0.0387013,0.0374292,0.0363246,0.03535,0.0344789,0.0336923,0.0329759,0.0323186,0.031712,0.0311491,0.0306244,0.0301333,0.0296721,0.0292376,0.0288271,0.0284382,0.028069,0.0277178,0.027383,0.0270634,0.0267577,0.0264649,0.0261841,0.0259144,0.0256552,0.0254057,0.0251653,0.0249335,0.0247097,0.0244935,0.0242845,0.0240823,0.0238865,0.0236968,0.0235129,0.0233345,0.0231613,0.0229932,0.0228298,0.0226709,0.0225164,0.0223661,0.0222198,0.0220774,0.0219386,0.0218033,0.0216714,0.0215428,0.0214174,0.0212949,0.0211754,0.0210587,0.0209447,0.0208334,0.0207246,0.0206182,0.0205142,0.0204125,0.0203131,0.0202157,0.0201205,0.0200273,0.019936,0.0198467,0.0197592,0.0196735,0.0195895,0.0195073,0.0194267,0.0193477,0.0192702,0.0191943,0.0191198,0.0190468,0.0189752,0.0189049,0.018836,0.0187684,0.018702,0.0186369,0.018573,0.0185103,0.0184487,0.0183882,0.0183288,0.0182705,0.0182133,0.018157,0.0181018,0.0180475
0.122727,0.108679,0.0950825,0.0818239,0.0694049,0.0593685,0.0525623,0.0480908,0.044955,0.0425964,0.0407255,0.0391832,0.0378753,0.0367423,0.0357444,0.034854,0.0340509,0.0333202,0.0326504,0.0320327,0.03146,0.0309264,0.0304273,0.0299588,0.0295175,0.0291008,0.0287061,0.0283316,0.0279754,0.0276359,0.0273118,0.0270019,0.0267052,0.0264206,0.0261474,0.0258848,0.025632,0.0253885,0.0251538,0.0249271,0.0247082,0.0244966,0.0242919,0.0240936,0.0239016,0.0237154,0.0235348,0.0233595,0.0231893,0.0230239,0.0228631,0.0227068,0.0225546,0.0224065,0.0222623,0.0221218,0.0219849,0.0218514,0.0217212,0.0215943,0.0214703,0.0213494,0.0212312,0.0211159,0.0210031,0.020893,0.0207853,0.02068,0.0205771,0.0204764,0.0203778,0.0202814,0.020187,0.0200946,0.0200042,0.0199156,0.0198288,0.0197437,0.0196604,0.0195788,0.0194988,0.0194203,0.0193434,0.019268,0.019194,0.0191214,0.0190503,0.0189804,0.0189119,0.0188447,0.0187787,0.0187139,0.0186503,0.0185879,0.0185266,0.0184664,0.0184073,0.0183493,0.0182923,0.0182363,0.0181812
0.123551,0.109587,0.0961226,0.0830489,0.0707769,0.0606501,0.0535948,0.0489167,0.0456432,0.0431925,0.041257,0.039667,0.0383226,0.0371605,0.036139,0.0352288,0.034409,0.0336639,0.0329815,0.0323527,0.03177,0.0312275,0.0307204,0.0302445,0.0297964,0.0293734,0.028973,0.0285931,0.0282319,0.0278877,0.0275592,0.0272451,0.0269444,0.0266561,0.0263794,0.0261134,0.0258574,0.0256108,0.0253731,0.0251436,0.024922,0.0247078,0.0245005,0.0242998,0.0241055,0.023917,0.0237342,0.0235568,0.0233845,0.0232172,0.0230544,0.0228962,0.0227422,0.0225924,0.0224464,0.0223043,0.0221657,0.0220306,0.0218989,0.0217704,0.0216449,0.0215225,0.021403,0.0212862,0.0211721,0.0210606,0.0209517,0.0208451,0.0207409,0.0206389,0.0205392,0.0204416,0.0203461,0.0202525,0.0201609,0.0200712,0.0199834,0.0198973,0.0198129,0.0197302,0.0196492,0.0195698,0.0194919,0.0194155,0.0193406,0.0192671,0.019195,0.0191243,0.0190549,0.0189867,0.0189199,0.0188543,0.0187898,0.0187266,0.0186645,0.0186035,0.0185436,0.0184847,0.018427,0.0183702,0.0183144
0.124363,0.110478,0.0971356,0.0842308,0.0721025,0.0619175,0.0546357,0.0497529,0.046339,0.0437936,0.0417915,0.0401527,0.0387709,0.0375793,0.0365337,0.0356035,0.0347667,0.034007,0.0333119,0.0326719,0.0320792,0.0315278,0.0310125,0.0305291,0.0300743,0.0296451,0.0292389,0.0288536,0.0284873,0.0281384,0.0278055,0.0274873,0.0271827,0.0268906,0.0266103,0.0263409,0.0260817,0.0258321,0.0255914,0.0253591,0.0251348,0.024918,0.0247082,0.0245051,0.0243084,0.0241177,0.0239327,0.0237532,0.0235789,0.0234095,0.0232449,0.0230848,0.022929,0.0227774,0.0226297,0.0224859,0.0223457,0.022209,0.0220757,0.0219457,0.0218188,0.0216949,0.021574,0.0214558,0.0213404,0.0212276,0.0211173,0.0210094,0.020904,0.0208008,0.0206999,0.0206011,0.0205044,0.0204098,0.020317,0.0202263,0.0201373,0.0200502,0.0199648,0.0198811,0.019799,0.0197186,0.0196397,0.0195624,0.0194865,0.0194121,0.0193391,0.0192675,0.0191972,0.0191282,0.0190605,0.018994,0.0189288,0.0188647,0.0188018,0.01874,0.0186793,0.0186197,0.0185611,0.0185036,0.0184471
0.125167,0.111354,0.0981237,0.0853736,0.0733839,0.0631669,0.0556824,0.0505984,0.0470419,0.0443995,0.0423292,0.0406404,0.0392203,0.0379985,0.0369284,0.0359779,0.035124,0.0343495,0.0336417,0.0329903,0.0323876,0.0318271,0.0313036,0.0308129,0.0303512,0.0299157,0.0295037,0.029113,0.0287417,0.0283881,0.0280508,0.0277284,0.0274198,0.0271241,0.0268402,0.0265675,0.0263051,0.0260524,0.0258087,0.0255737,0.0253466,0.0251272,0.0249149,0.0247095,0.0245104,0.0243175,0.0241303,0.0239487,0.0237724,0.023601,0.0234345,0.0232725,0.0231149,0.0229615,0.0228122,0.0226667,0.0225249,0.0223866,0.0222518,0.0221202,0.0219919,0.0218665,0.0217442,0.0216247,0.0215079,0.0213937,0.0212822,0.0211731,0.0210664,0.020962,0.0208599,0.0207599,0.0206621,0.0205663,0.0204725,0.0203806,0.0202906,0.0202024,0.020116,0.0200313,0.0199482,0.0198668,0.019787,0.0197087,0.0196319,0.0195566,0.0194827,0.0194102,0.019339,0.0192691,0.0192006,0.0191332,0.0190671,0.0190023,0.0189385,0.0188759,0.0188145,0.0187541,0.0186947,0.0186365,0.0185792
0.125961,0.112216,0.0990888,0.0864806,0.0746234,0.0643954,0.056732,0.0514524,0.0477518,0.0450102,0.04287,0.0411299,0.0396708,0.0384183,0.0373233,0.0363522,0.0354809,0.0346915,0.0339707,0.0333079,0.0326951,0.0321255,0.0315938,0.0310956,0.0306272,0.0301854,0.0297676,0.0293715,0.0289951,0.0286368,0.0282951,0.0279685,0.027656,0.0273565,0.0270692,0.026793,0.0265274,0.0262716,0.0260251,0.0257872,0.0255575,0.0253355,0.0251207,0.0249129,0.0247115,0.0245163,0.024327,0.0241433,0.023965,0.0237917,0.0236232,0.0234594,0.0233,0.0231449,0.0229938,0.0228466,0.0227032,0.0225634,0.022427,0.022294,0.0221642,0.0220374,0.0219136,0.0217928,0.0216746,0.0215592,0.0214463,0.021336,0.0212281,0.0211225,0.0210192,0.0209181,0.0208191,0.0207222,0.0206273,0.0205343,0.0204432,0.020354,0.0202666,0.0201808,0.0200968,0.0200144,0.0199336,0.0198544,0.0197767,0.0197004,0.0196256,0.0195522,0.0194802,0.0194095,0.01934,0.0192719,0.019205,0.0191393,0.0190747,0.0190113,0.0189491,0.0188879,0.0188278,0.0187688,0.0187108
0.126747,0.113064,0.100033,0.0875549,0.0758235,0.065601,0.0577818,0.0523138,0.0484685,0.0456257,0.043414,0.0416215,0.0401225,0.0388386,0.0377184,0.0367264,0.0358374,0.035033,0.034299,0.0336248,0.0330017,0.032423,0.0318831,0.0313774,0.0309021,0.030454,0.0300304,0.0296289,0.0292475,0.0288845,0.0285383,0.0282076,0.0278912,0.027588,0.0272971,0.0270176,0.0267488,0.02649,0.0262405,0.0259998,0.0257674,0.0255428,0.0253256,0.0251153,0.0249117,0.0247143,0.0245228,0.0243371,0.0241567,0.0239814,0.0238111,0.0236454,0.0234843,0.0233274,0.0231746,0.0230258,0.0228808,0.0227394,0.0226015,0.022467,0.0223357,0.0222075,0.0220824,0.0219601,0.0218407,0.0217239,0.0216098,0.0214982,0.0213891,0.0212823,0.0211778,0.0210755,0.0209754,0.0208774,0.0207814,0.0206874,0.0205952,0.020505,0.0204165,0.0203298,0.0202448,0.0201614,0.0200797,0.0199995,0.0199209,0.0198437,0.019768,0.0196937,0.0196208,0.0195492,0.019479,0.01941,0.0193422,0.0192757,0.0192104,0.0191462,0.0190832,0.0190213,0.0189604,0.0189006,0.0188419
0.127524,0.1139,0.100957,0.088599,0.0769867,0.0667823,0.0588294,0.0531814,0.0491914,0.0462458,0.0439611,0.042115,0.0405753,0.0392595,0.0381136,0.0371003,0.0361936,0.0353739,0.0346267,0.0339409,0.0333075,0.0327196,0.0321714,0.0316582,0.031176,0.0307216,0.0302921,0.0298852,0.0294988,0.0291311,0.0287805,0.0284456,0.0281253,0.0278184,0.027524,0.0272411,0.0269691,0.0267073,0.0264549,0.0262115,0.0259764,0.0257492,0.0255295,0.0253169,0.0251109,0.0249113,0.0247177,0.0245299,0.0243475,0.0241703,0.0239981,0.0238306,0.0236677,0.0235091,0.0233546,0.0232042,0.0230575,0.0229146,0.0227752,0.0226392,0.0225064,0.0223769,0.0222503,0.0221267,0.022006,0.0218879,0.0217725,0.0216597,0.0215493,0.0214414,0.0213357,0.0212323,0.021131,0.0210319,0.0209348,0.0208397,0.0207466,0.0206553,0.0205658,0.0204781,0.0203921,0.0203078,0.0202251,0.020144,0.0200644,0.0199864,0.0199098,0.0198346,0.0197608,0.0196884,0.0196173,0.0195475,0.0194789,0.0194116,0.0193455,0.0192806,0.0192168,0.0191541,0.0190925,0.019032,0.0189725
0.128293,0.114724,0.101862,0.0896155,0.0781154,0.0679385,0.0598722,0.0540539,0.0499203,0.0468705,0.0445112,0.0426105,0.0410293,0.039681,0.0385089,0.0374742,0.0365493,0.0357142,0.0349537,0.0342562,0.0336125,0.0330153,0.0324588,0.031938,0.031449,0.0309882,0.0305529,0.0301406,0.0297491,0.0293767,0.0290217,0.0286827,0.0283584,0.0280478,0.0277499,0.0274637,0.0271885,0.0269236,0.0266684,0.0264221,0.0261844,0.0259547,0.0257325,0.0255175,0.0253093,0.0251075,0.0249118,0.0247219,0.0245375,0.0243583,0.0241842,0.0240149,0.0238502,0.0236899,0.0235338,0.0233817,0.0232335,0.023089,0.0229481,0.0228106,0.0226764,0.0225455,0.0224175,0.0222926,0.0221705,0.0220512,0.0219345,0.0218205,0.0217089,0.0215997,0.0214929,0.0213884,0.021286,0.0211858,0.0210876,0.0209915,0.0208973,0.020805,0.0207145,0.0206258,0.0205388,0.0204535,0.0203699,0.0202879,0.0202074,0.0201285,0.020051,0.0199749,0.0199003,0.019827,0.0197551,0.0196845,0.0196151,0.019547,0.0194801,0.0194144,0.0193498,0.0192863,0.019224,0.0191628,0.0191026
0.129055,0.115537,0.102751,0.0906064,0.0792118,0.0690695,0.0609081,0.0549302,0.0506545,0.0474995,0.0450645,0.0431079,0.0414844,0.0401031,0.0389044,0.0378479,0.0369047,0.036054,0.0352801,0.0345708,0.0339166,0.0333102,0.0327453,0.0322169,0.0317209,0.0312538,0.0308127,0.0303949,0.0299984,0.0296213,0.0292619,0.0289187,0.0285905,0.0282762,0.0279748,0.0276853,0.0274069,0.027139,0.0268808,0.0266318,0.0263915,0.0261592,0.0259346,0.0257172,0.0255067,0.0253027,0.0251049,0.0249129,0.0247266,0.0245455,0.0243696,0.0241984,0.024032,0.0238699,0.0237122,0.0235585,0.0234087,0.0232626,0.0231202,0.0229813,0.0228457,0.0227133,0.022584,0.0224577,0.0223344,0.0222138,0.0220959,0.0219806,0.0218678,0.0217574,0.0216495,0.0215438,0.0214403,0.021339,0.0212398,0.0211426,0.0210473,0.020954,0.0208625,0.0207728,0.0206849,0.0205987,0.0205141,0.0204312,0.0203498,0.0202699,0.0201916,0.0201147,0.0200392,0.0199651,0.0198923,0.0198209,0.0197507,0.0196818,0.0196141,0.0195476,0.0194823,0.0194181,0.019355,0.019293,0.0192321
0.12981,0.116339,0.103623,0.0915735,0.0802781,0.0701752,0.0619353,0.0558087,0.0513936,0.0481327,0.0456207,0.0436073,0.0419407,0.0405258,0.0393001,0.0382214,0.0372598,0.0363933,0.0356058,0.0348846,0.03422,0.0336042,0.0330308,0.0324949,0.0319919,0.0315185,0.0310715,0.0306483,0.0302467,0.0298649,0.029501,0.0291537,0.0288216,0.0285036,0.0281987,0.0279059,0.0276244,0.0273534,0.0270924,0.0268406,0.0265976,0.0263628,0.0261357,0.025916,0.0257033,0.0254971,0.0252971,0.0251031,0.0249148,0.0247318,0.024554,0.0243811,0.0242129,0.0240491,0.0238897,0.0237344,0.023583,0.0234355,0.0232916,0.0231512,0.0230142,0.0228804,0.0227498,0.0226222,0.0224975,0.0223756,0.0222565,0.0221399,0.022026,0.0219145,0.0218053,0.0216985,0.021594,0.0214916,0.0213913,0.021293,0.0211967,0.0211024,0.0210099,0.0209193,0.0208304,0.0207432,0.0206577,0.0205739,0.0204916,0.0204109,0.0203316,0.0202539,0.0201775,0.0201026,0.020029,0.0199568,0.0198858,0.0198161,0.0197476,0.0196804,0.0196143,0.0195493,0.0194855,0.0194228,0.0193612
0.130557,0.117131,0.104481,0.0925186,0.0813162,0.071256,0.0629522,0.0566883,0.0521369,0.0487699,0.0461798,0.0441086,0.0423982,0.0409491,0.039696,0.0385949,0.0376145,0.0367321,0.0359308,0.0351977,0.0345225,0.0338973,0.0333155,0.0327718,0.032262,0.0317821,0.0313292,0.0309006,0.030494,0.0301074,0.0297392,0.0293877,0.0290517,0.02873,0.0284216,0.0281255,0.0278408,0.0275669,0.027303,0.0270484,0.0268028,0.0265655,0.026336,0.0261139,0.0258989,0.0256905,0.0254885,0.0252925,0.0251022,0.0249173,0.0247376,0.0245629,0.024393,0.0242275,0.0240665,0.0239095,0.0237566,0.0236076,0.0234622,0.0233203,0.0231819,0.0230467,0.0229148,0.0227858,0.0226599,0.0225367,0.0224163,0.0222986,0.0221835,0.0220708,0.0219605,0.0218526,0.0217469,0.0216435,0.0215421,0.0214428,0.0213455,0.0212502,0.0211567,0.0210651,0.0209753,0.0208872,0.0208007,0.020716,0.0206328,0.0205512,0.0204711,0.0203925,0.0203153,0.0202395,0.0201651,0.0200921,0.0200203,0.0199498,0.0198806,0.0198126,0.0197457,0.0196801,0.0196155,0.0195521,0.0194897
0.131299,0.117913,0.105324,0.0934432,0.0823279,0.0723126,0.0639575,0.0575676,0.0528839,0.0494109,0.0467417,0.0446119,0.0428569,0.041373,0.0400921,0.0389682,0.0379688,0.0370704,0.0362552,0.03551,0.0348242,0.0341895,0.0335992,0.0330479,0.032531,0.0320448,0.031586,0.031152,0.0307403,0.030349,0.0299763,0.0296207,0.0292809,0.0289555,0.0286435,0.0283441,0.0280563,0.0277794,0.0275126,0.0272553,0.027007,0.0267672,0.0265353,0.0263109,0.0260937,0.0258831,0.025679,0.025481,0.0252887,0.0251019,0.0249204,0.0247439,0.0245722,0.0244051,0.0242424,0.0240839,0.0239294,0.0237788,0.023632,0.0234887,0.0233489,0.0232123,0.023079,0.0229488,0.0228215,0.0226971,0.0225755,0.0224566,0.0223403,0.0222264,0.0221151,0.022006,0.0218993,0.0217947,0.0216923,0.021592,0.0214937,0.0213973,0.0213029,0.0212103,0.0211195,0.0210305,0.0209432,0.0208575,0.0207734,0.0206909,0.02061,0.0205305,0.0204525,0.0203759,0.0203007,0.0202268,0.0201543,0.020083,0.020013,0.0199443,0.0198767,0.0198103,0.019745,0.0196808,0.0196178
0.132033,0.118687,0.106154,0.0943487,0.083315,0.0733456,0.0649501,0.0584453,0.0536339,0.0500552,0.0473064,0.045117,0.0433167,0.0417975,0.0404884,0.0393415,0.0383229,0.0374082,0.036579,0.0358216,0.0351251,0.0344809,0.033882,0.033323,0.0327991,0.0323065,0.0318418,0.0314023,0.0309856,0.0305896,0.0302125,0.0298528,0.029509,0.0291799,0.0288645,0.0285618,0.0282708,0.0279909,0.0277213,0.0274613,0.0272104,0.026968,0.0267337,0.026507,0.0262875,0.0260748,0.0258686,0.0256686,0.0254743,0.0252857,0.0251024,0.0249241,0.0247507,0.0245819,0.0244176,0.0242575,0.0241015,0.0239494,0.023801,0.0236563,0.0235151,0.0233772,0.0232426,0.023111,0.0229825,0.0228569,0.022734,0.0226139,0.0224964,0.0223814,0.0222689,0.0221588,0.0220509,0.0219453,0.0218419,0.0217405,0.0216412,0.0215439,0.0214485,0.0213549,0.0212632,0.0211732,0.021085,0.0209984,0.0209135,0.0208301,0.0207483,0.020668,0.0205891,0.0205117,0.0204357,0.0203611,0.0202877,0.0202157,0.0201449,0.0200754,0.0200071,0.0199399,0.0198739,0.0198091,0.0197453
0.132762,0.119451,0.106972,0.0952363,0.084279,0.0743558,0.0659293,0.0593204,0.0543861,0.0507028,0.0478738,0.045624,0.0437778,0.0422226,0.0408849,0.0397146,0.0386766,0.0377454,0.0369022,0.0361325,0.0354252,0.0347714,0.034164,0.0335972,0.0330663,0.0325672,0.0320966,0.0316517,0.0312299,0.0308292,0.0304477,0.0300838,0.0297361,0.0294034,0.0290845,0.0287785,0.0284844,0.0282015,0.027929,0.0276663,0.0274128,0.0271679,0.0269312,0.0267022,0.0264805,0.0262657,0.0260574,0.0258553,0.0256592,0.0254686,0.0252835,0.0251035,0.0249283,0.0247579,0.0245919,0.0244303,0.0242727,0.0241191,0.0239693,0.0238232,0.0236806,0.0235413,0.0234054,0.0232725,0.0231427,0.0230159,0.0228918,0.0227705,0.0226518,0.0225357,0.0224221,0.0223108,0.0222019,0.0220952,0.0219908,0.0218884,0.0217881,0.0216898,0.0215934,0.0214989,0.0214062,0.0213154,0.0212262,0.0211387,0.0210529,0.0209687,0.020886,0.0208049,0.0207252,0.020647,0.0205702,0.0204948,0.0204206,0.0203478,0.0202763,0.020206,0.020137,0.0200691,0.0200024,0.0199368,0.0198724
0.133485,0.120207,0.107777,0.0961071,0.0852214,0.0753442,0.0668945,0.0601916,0.0551399,0.0513531,0.0484436,0.0461328,0.0442399,0.0426484,0.0412817,0.0400877,0.03903,0.0380822,0.0372248,0.0364427,0.0357245,0.0350611,0.034445,0.0338705,0.0333325,0.032827,0.0323505,0.0319,0.0314732,0.0310678,0.0306819,0.0303138,0.0299623,0.0296259,0.0293035,0.0289942,0.028697,0.0284111,0.0281358,0.0278704,0.0276143,0.0273669,0.0271278,0.0268965,0.0266726,0.0264556,0.0262453,0.0260412,0.0258431,0.0256507,0.0254638,0.025282,0.0251052,0.0249331,0.0247655,0.0246023,0.0244432,0.0242881,0.0241369,0.0239893,0.0238453,0.0237047,0.0235674,0.0234333,0.0233023,0.0231742,0.0230489,0.0229264,0.0228066,0.0226893,0.0225746,0.0224623,0.0223523,0.0222446,0.022139,0.0220357,0.0219343,0.0218351,0.0217377,0.0216423,0.0215487,0.0214569,0.0213668,0.0212785,0.0211918,0.0211067,0.0210232,0.0209413,0.0208608,0.0207817,0.0207041,0.0206279,0.020553,0.0204795,0.0204072,0.0203362,0.0202664,0.0201978,0.0201303,0.0200641,0.0199989
0.134202,0.120956,0.108571,0.0969622,0.0861435,0.0763115,0.0678454,0.0610581,0.0558946,0.052006,0.0490158,0.0466434,0.0447032,0.0430748,0.0416786,0.0404607,0.0393831,0.0384186,0.0375467,0.0367522,0.036023,0.0353499,0.0347252,0.0341429,0.0335978,0.0330858,0.0326033,0.0321474,0.0317155,0.0313054,0.0309151,0.0305429,0.0301875,0.0298474,0.0295216,0.029209,0.0289087,0.0286198,0.0283417,0.0280736,0.0278149,0.027565,0.0273235,0.0270899,0.0268638,0.0266447,0.0264323,0.0262263,0.0260263,0.025832,0.0256433,0.0254597,0.0252812,0.0251075,0.0249383,0.0247735,0.0246129,0.0244563,0.0243037,0.0241547,0.0240093,0.0238674,0.0237288,0.0235934,0.0234611,0.0233318,0.0232053,0.0230817,0.0229607,0.0228423,0.0227264,0.022613,0.022502,0.0223932,0.0222867,0.0221823,0.02208,0.0219797,0.0218814,0.0217851,0.0216905,0.0215978,0.0215069,0.0214177,0.0213301,0.0212442,0.0211598,0.021077,0.0209957,0.0209159,0.0208375,0.0207605,0.0206849,0.0206105,0.0205375,0.0204657,0.0203952,0.0203259,0.0202578,0.0201908,0.020125
0.134914,0.121696,0.109355,0.0978024,0.0870466,0.0772587,0.0687818,0.0619189,0.0566495,0.052661,0.0495901,0.0471556,0.0451676,0.0435018,0.0420758,0.0408337,0.039736,0.0387544,0.0378681,0.0370609,0.0363208,0.0356379,0.0350045,0.0344143,0.0338621,0.0333437,0.0328553,0.0323939,0.0319569,0.031542,0.0311473,0.030771,0.0304117,0.030068,0.0297387,0.0294228,0.0291194,0.0288276,0.0285466,0.0282758,0.0280145,0.0277622,0.0275184,0.0272825,0.0270541,0.0268329,0.0266185,0.0264105,0.0262086,0.0260125,0.0258219,0.0256367,0.0254564,0.025281,0.0251103,0.0249439,0.0247818,0.0246238,0.0244697,0.0243194,0.0241726,0.0240294,0.0238895,0.0237528,0.0236192,0.0234887,0.023361,0.0232362,0.0231141,0.0229946,0.0228776,0.0227631,0.022651,0.0225412,0.0224337,0.0223283,0.022225,0.0221238,0.0220245,0.0219272,0.0218318,0.0217382,0.0216464,0.0215563,0.0214679,0.0213811,0.0212959,0.0212123,0.0211302,0.0210495,0.0209704,0.0208926,0.0208162,0.0207411,0.0206673,0.0205948,0.0205236,0.0204536,0.0203847,0.020317,0.0202505
0.135621,0.12243,0.110128,0.0986287,0.0879316,0.0781867,0.0697036,0.0627733,0.0574038,0.0533178,0.0501665,0.0476694,0.0456331,0.0439294,0.0424733,0.0412065,0.0400885,0.0390898,0.0381888,0.037369,0.0366178,0.0359251,0.0352829,0.0346849,0.0341255,0.0336006,0.0331062,0.0326393,0.0321973,0.0317777,0.0313785,0.0309982,0.0306349,0.0302876,0.0299549,0.0296357,0.0293292,0.0290344,0.0287506,0.0284771,0.0282133,0.0279585,0.0277123,0.0274741,0.0272436,0.0270203,0.0268038,0.0265938,0.02639,0.0261921,0.0259998,0.0258128,0.0256309,0.0254539,0.0252815,0.0251136,0.02495,0.0247905,0.024635,0.0244833,0.0243352,0.0241906,0.0240494,0.0239115,0.0237767,0.0236449,0.0235161,0.0233901,0.0232668,0.0231462,0.0230282,0.0229126,0.0227995,0.0226886,0.0225801,0.0224737,0.0223694,0.0222672,0.0221671,0.0220688,0.0219725,0.021878,0.0217853,0.0216943,0.021605,0.0215174,0.0214314,0.021347,0.0212641,0.0211826,0.0211027,0.0210241,0.0209469,0.0208711,0.0207966,0.0207234,0.0206514,0.0205807,0.0205112,0.0204428,0.0203756
0.136322,0.123157,0.110892,0.0994419,0.0887998,0.0790964,0.0706109,0.0636207,0.0581571,0.0539759,0.0507447,0.0481848,0.0460996,0.0443577,0.042871,0.0415794,0.0404408,0.0394248,0.038509,0.0376765,0.036914,0.0362114,0.0355605,0.0349545,0.034388,0.0338566,0.0333562,0.0328839,0.0324367,0.0320124,0.0316088,0.0312243,0.0308572,0.0305062,0.0301701,0.0298477,0.029538,0.0292403,0.0289537,0.0286776,0.0284111,0.0281539,0.0279053,0.0276649,0.0274322,0.0272068,0.0269883,0.0267764,0.0265707,0.0263709,0.0261768,0.0259881,0.0258045,0.0256259,0.0254519,0.0252825,0.0251174,0.0249565,0.0247996,0.0246464,0.024497,0.0243511,0.0242086,0.0240694,0.0239334,0.0238004,0.0236704,0.0235433,0.0234189,0.0232972,0.0231781,0.0230614,0.0229472,0.0228354,0.0227258,0.0226184,0.0225132,0.0224101,0.022309,0.0222098,0.0221126,0.0220172,0.0219236,0.0218317,0.0217416,0.0216532,0.0215663,0.0214811,0.0213974,0.0213152,0.0212344,0.0211551,0.0210772,0.0210006,0.0209254,0.0208514,0.0207788,0.0207073,0.0206371,0.0205681,0.0205002
0.137019,0.123877,0.111647,0.100243,0.089652,0.0799885,0.0715038,0.0644604,0.0589085,0.054635,0.0513246,0.0487017,0.0465672,0.0447865,0.0432689,0.0419522,0.0407928,0.0397593,0.0388286,0.0379832,0.0372095,0.036497,0.0358372,0.0352233,0.0346496,0.0341116,0.0336053,0.0331274,0.0326752,0.0322461,0.0318382,0.0314495,0.0310786,0.0307239,0.0303843,0.0300587,0.029746,0.0294453,0.0291559,0.0288771,0.0286081,0.0283484,0.0280975,0.0278548,0.02762,0.0273925,0.0271719,0.0269581,0.0267505,0.0265489,0.026353,0.0261626,0.0259774,0.0257971,0.0256216,0.0254507,0.0252841,0.0251217,0.0249634,0.0248089,0.0246581,0.0245109,0.0243671,0.0242267,0.0240894,0.0239553,0.0238241,0.0236958,0.0235703,0.0234475,0.0233273,0.0232096,0.0230944,0.0229815,0.0228709,0.0227626,0.0226564,0.0225523,0.0224503,0.0223502,0.022252,0.0221558,0.0220613,0.0219686,0.0218777,0.0217884,0.0217007,0.0216147,0.0215302,0.0214472,0.0213657,0.0212856,0.0212069,0.0211296,0.0210536,0.020979,0.0209056,0.0208335,0.0207625,0.0206928,0.0206243
0.137711,0.12459,0.112393,0.101031,0.0904892,0.080864,0.0723825,0.0652922,0.0596577,0.0552947,0.0519059,0.0492199,0.0470358,0.045216,0.043667,0.0423249,0.0411445,0.0400934,0.0391477,0.0382893,0.0375043,0.0367818,0.0361131,0.0354912,0.0349103,0.0343657,0.0338534,0.03337,0.0329127,0.0324789,0.0320666,0.0316738,0.031299,0.0309407,0.0305977,0.0302688,0.029953,0.0296494,0.0293572,0.0290757,0.0288042,0.0285421,0.0282888,0.0280439,0.0278068,0.0275773,0.0273547,0.0271389,0.0269295,0.0267261,0.0265284,0.0263363,0.0261494,0.0259676,0.0257905,0.0256181,0.02545,0.0252862,0.0251264,0.0249706,0.0248185,0.02467,0.0245249,0.0243832,0.0242448,0.0241095,0.0239771,0.0238477,0.0237211,0.0235972,0.0234759,0.0233572,0.0232409,0.023127,0.0230154,0.0229061,0.022799,0.0226939,0.022591,0.02249,0.0223909,0.0222938,0.0221985,0.0221049,0.0220131,0.021923,0.0218346,0.0217477,0.0216624,0.0215787,0.0214964,0.0214155,0.0213361,0.0212581,0.0211814,0.021106,0.0210319,0.0209591,0.0208875,0.0208171,0.0207479
0.138399,0.125298,0.113131,0.101809,0.0913121,0.0817235,0.0732473,0.0661155,0.0604039,0.0559546,0.0524885,0.0497393,0.0475053,0.045646,0.0440655,0.0426976,0.041496,0.0404271,0.0394662,0.0385947,0.0377983,0.0370657,0.0363881,0.0357582,0.0351701,0.0346189,0.0341006,0.0336117,0.0331493,0.0327107,0.032294,0.0318971,0.0315184,0.0311565,0.0308101,0.0304779,0.030159,0.0298525,0.0295576,0.0292734,0.0289994,0.0287348,0.0284792,0.0282321,0.0279929,0.0277612,0.0275367,0.0273189,0.0271076,0.0269024,0.0267031,0.0265092,0.0263207,0.0261373,0.0259587,0.0257847,0.0256152,0.0254499,0.0252888,0.0251316,0.0249781,0.0248283,0.024682,0.0245391,0.0243995,0.0242629,0.0241294,0.0239989,0.0238712,0.0237462,0.0236238,0.0235041,0.0233868,0.0232719,0.0231593,0.023049,0.0229409,0.022835,0.0227311,0.0226292,0.0225293,0.0224312,0.0223351,0.0222407,0.022148,0.0220571,0.0219679,0.0218802,0.0217941,0.0217096,0.0216265,0.021545,0.0214648,0.021386,0.0213086,0.0212326,0.0211578,0.0210842,0.021012,0.0209409,0.020871
0.139082,0.126,0.113861,0.102576,0.0921215,0.0825679,0.0740985,0.0669302,0.0611468,0.0566144,0.0530721,0.0502599,0.0479757,0.0460766,0.0444641,0.0430703,0.0418473,0.0407604,0.0397842,0.0388995,0.0380916,0.0373489,0.0366623,0.0360243,0.035429,0.0348712,0.0343469,0.0338524,0.0333849,0.0329416,0.0325205,0.0321195,0.031737,0.0313714,0.0310215,0.0306861,0.0303642,0.0300548,0.0297571,0.0294702,0.0291937,0.0289267,0.0286688,0.0284194,0.0281781,0.0279444,0.0277178,0.0274982,0.027285,0.027078,0.0268769,0.0266814,0.0264912,0.0263062,0.026126,0.0259506,0.0257796,0.0256129,0.0254504,0.0252918,0.0251371,0.024986,0.0248384,0.0246943,0.0245534,0.0244157,0.0242811,0.0241494,0.0240206,0.0238945,0.0237711,0.0236503,0.023532,0.0234161,0.0233026,0.0231913,0.0230823,0.0229754,0.0228706,0.0227678,0.022667,0.0225681,0.0224711,0.0223759,0.0222824,0.0221907,0.0221006,0.0220122,0.0219253,0.02184,0.0217562,0.0216739,0.021593,0.0215135,0.0214354,0.0213586,0.0212831,0.0212089,0.0211359,0.0210642,0.0209936
0.139761,0.126696,0.114583,0.103333,0.0929181,0.0833978,0.0749364,0.0677361,0.0618859,0.0572736,0.0536564,0.0507816,0.048447,0.0465077,0.044863,0.043443,0.0421983,0.0410932,0.0401016,0.0392036,0.0383842,0.0376313,0.0369357,0.0362896,0.035687,0.0351226,0.0345923,0.0340923,0.0336196,0.0331716,0.032746,0.0323409,0.0319545,0.0315854,0.0312321,0.0308934,0.0305685,0.0302561,0.0299556,0.0296662,0.0293871,0.0291177,0.0288575,0.0286059,0.0283624,0.0281266,0.0278981,0.0276766,0.0274615,0.0272528,0.0270499,0.0268527,0.026661,0.0264743,0.0262927,0.0261157,0.0259433,0.0257752,0.0256113,0.0254514,0.0252953,0.025143,0.0249942,0.0248488,0.0247067,0.0245679,0.0244321,0.0242993,0.0241694,0.0240422,0.0239178,0.0237959,0.0236766,0.0235598,0.0234452,0.023333,0.0232231,0.0231152,0.0230095,0.0229059,0.0228042,0.0227044,0.0226065,0.0225105,0.0224162,0.0223237,0.0222328,0.0221436,0.0220559,0.0219699,0.0218853,0.0218023,0.0217206,0.0216404,0.0215616,0.0214841,0.0214079,0.021333,0.0212594,0.021187,0.0211158
0.140436,0.127386,0.115298,0.104081,0.0937027,0.0842139,0.0757615,0.068533,0.0626208,0.0579319,0.0542414,0.0513041,0.0489191,0.0469393,0.0452621,0.0438156,0.0425491,0.0414257,0.0404185,0.0395072,0.0386761,0.037913,0.0372083,0.0365541,0.0359441,0.0353731,0.0348367,0.0343312,0.0338534,0.0334006,0.0329707,0.0325614,0.0321712,0.0317984,0.0314417,0.0310999,0.0307718,0.0304566,0.0301533,0.0298613,0.0295796,0.0293079,0.0290453,0.0287915,0.0285459,0.0283081,0.0280776,0.0278542,0.0276373,0.0274267,0.0272222,0.0270233,0.0268299,0.0266417,0.0264585,0.0262801,0.0261062,0.0259368,0.0257715,0.0256102,0.0254529,0.0252992,0.0251492,0.0250026,0.0248594,0.0247194,0.0245824,0.0244485,0.0243175,0.0241893,0.0240638,0.023941,0.0238206,0.0237028,0.0235873,0.0234741,0.0233632,0.0232545,0.0231479,0.0230433,0.0229408,0.0228402,0.0227414,0.0226445,0.0225494,0.0224561,0.0223644,0.0222744,0.022186,0.0220992,0.0220139,0.0219301,0.0218478,0.0217668,0.0216873,0.0216091,0.0215323,0.0214567,0.0213824,0.0213093,0.0212375
0.141107,0.128072,0.116006,0.104819,0.0944756,0.0850169,0.0765741,0.0693208,0.0633511,0.058589,0.0548266,0.0518275,0.0493919,0.0473715,0.0456615,0.0441883,0.0428996,0.0417578,0.0407349,0.0398101,0.0389672,0.0381939,0.03748,0.0368177,0.0362004,0.0356228,0.0350803,0.0345691,0.0340862,0.0336288,0.0331944,0.032781,0.0323869,0.0320105,0.0316504,0.0313054,0.0309743,0.0306561,0.0303501,0.0300554,0.0297713,0.0294972,0.0292323,0.0289763,0.0287286,0.0284887,0.0282563,0.0280309,0.0278122,0.0275999,0.0273936,0.0271931,0.0269981,0.0268084,0.0266237,0.0264438,0.0262684,0.0260976,0.0259309,0.0257684,0.0256097,0.0254548,0.0253035,0.0251557,0.0250113,0.0248702,0.0247321,0.0245971,0.024465,0.0243357,0.0242092,0.0240853,0.023964,0.0238452,0.0237287,0.0236146,0.0235028,0.0233931,0.0232856,0.0231802,0.0230768,0.0229753,0.0228758,0.022778,0.0226821,0.022588,0.0224955,0.0224048,0.0223156,0.022228,0.022142,0.0220575,0.0219744,0.0218928,0.0218125,0.0217337,0.0216561,0.0215799,0.0215049,0.0214312,0.0213587
0.141775,0.128752,0.116707,0.105549,0.0952377,0.0858073,0.0773745,0.0700995,0.0640765,0.0592445,0.055412,0.0523516,0.0498654,0.0478041,0.0460611,0.0445609,0.04325,0.0420895,0.0410508,0.0401124,0.0392577,0.038474,0.037751,0.0370805,0.0364558,0.0358715,0.0353229,0.0348062,0.0343182,0.033856,0.0334172,0.0329997,0.0326018,0.0322218,0.0318582,0.03151,0.0311758,0.0308548,0.0305461,0.0302488,0.0299622,0.0296856,0.0294185,0.0291603,0.0289104,0.0286686,0.0284342,0.0282069,0.0279864,0.0277723,0.0275643,0.0273622,0.0271656,0.0269743,0.026788,0.0266067,0.0264299,0.0262577,0.0260897,0.0259258,0.0257658,0.0256097,0.0254572,0.0253082,0.0251626,0.0250203,0.0248811,0.024745,0.0246119,0.0244815,0.024354,0.0242291,0.0241068,0.023987,0.0238696,0.0237545,0.0236418,0.0235312,0.0234228,0.0233165,0.0232122,0.0231099,0.0230095,0.022911,0.0228143,0.0227193,0.0226261,0.0225346,0.0224447,0.0223563,0.0222696,0.0221843,0.0221005,0.0220182,0.0219373,0.0218577,0.0217795,0.0217026,0.0216269,0.0215526,0.0214794
0.142438,0.129427,0.117402,0.10627,0.0959893,0.0865857,0.0781633,0.0708692,0.0647969,0.0598981,0.0559973,0.0528762,0.0503395,0.0482372,0.0464609,0.0449335,0.0436001,0.0424208,0.0413662,0.0404141,0.0395476,0.0387534,0.0380212,0.0373424,0.0367104,0.0361194,0.0355647,0.0350424,0.0345492,0.0340823,0.0336391,0.0332175,0.0328157,0.0324321,0.0320651,0.0317137,0.0313765,0.0310526,0.0307411,0.0304412,0.0301521,0.0298732,0.0296038,0.0293434,0.0290915,0.0288476,0.0286112,0.0283821,0.0281598,0.0279439,0.0277342,0.0275304,0.0273322,0.0271394,0.0269517,0.0267688,0.0265907,0.026417,0.0262477,0.0260825,0.0259213,0.0257639,0.0256102,0.02546,0.0253132,0.0251698,0.0250295,0.0248923,0.0247581,0.0246267,0.0244981,0.0243722,0.0242489,0.0241281,0.0240098,0.0238938,0.0237802,0.0236687,0.0235594,0.0234522,0.0233471,0.023244,0.0231427,0.0230434,0.0229459,0.0228502,0.0227562,0.0226638,0.0225732,0.0224841,0.0223966,0.0223106,0.0222261,0.0221431,0.0220615,0.0219812,0.0219023,0.0218248,0.0217485,0.0216735,0.0215997
0.143099,0.130098,0.118091,0.106983,0.0967309,0.0873527,0.0789406,0.07163,0.0655119,0.0605495,0.0565823,0.0534012,0.0508141,0.0486706,0.0468609,0.0453061,0.0439501,0.0427518,0.0416811,0.0407152,0.0398367,0.0390321,0.0382906,0.0376036,0.0369641,0.0363663,0.0358056,0.0352777,0.0347794,0.0343076,0.03386,0.0334344,0.0330287,0.0326415,0.0322712,0.0319165,0.0315763,0.0312495,0.0309353,0.0306328,0.0303412,0.0300599,0.0297883,0.0295257,0.0292717,0.0290257,0.0287875,0.0285565,0.0283323,0.0281147,0.0279034,0.0276979,0.0274982,0.0273038,0.0271146,0.0269303,0.0267507,0.0265757,0.026405,0.0262385,0.026076,0.0259174,0.0257624,0.0256111,0.0254632,0.0253186,0.0251772,0.0250389,0.0249036,0.0247712,0.0246416,0.0245147,0.0243905,0.0242687,0.0241494,0.0240325,0.023918,0.0238056,0.0236955,0.0235874,0.0234814,0.0233774,0.0232754,0.0231753,0.0230769,0.0229804,0.0228857,0.0227926,0.0227012,0.0226114,0.0225231,0.0224364,0.0223512,0.0222675,0.0221852,0.0221043,0.0220247,0.0219465,0.0218696,0.0217939,0.0217195
0.143755,0.130764,0.118773,0.107689,0.0974631,0.0881088,0.0797071,0.0723818,0.0662214,0.0611985,0.0571668,0.0539265,0.0512892,0.0491045,0.047261,0.0456787,0.0442998,0.0430825,0.0419955,0.0410158,0.0401252,0.0393101,0.0385592,0.0378639,0.037217,0.0366125,0.0360456,0.0355121,0.0350086,0.0345321,0.0340801,0.0336503,0.0332408,0.03285,0.0324763,0.0321184,0.0317752,0.0314456,0.0311286,0.0308235,0.0305295,0.0302458,0.0299719,0.0297071,0.029451,0.0292031,0.0289629,0.02873,0.0285041,0.0282848,0.0280718,0.0278647,0.0276633,0.0274674,0.0272767,0.027091,0.02691,0.0267336,0.0265616,0.0263938,0.0262301,0.0260702,0.0259141,0.0257615,0.0256125,0.0254668,0.0253243,0.0251849,0.0250486,0.0249151,0.0247845,0.0246566,0.0245314,0.0244087,0.0242885,0.0241707,0.0240552,0.0239419,0.0238309,0.023722,0.0236152,0.0235104,0.0234075,0.0233066,0.0232075,0.0231102,0.0230146,0.0229208,0.0228286,0.0227381,0.0226492,0.0225618,0.0224759,0.0223914,0.0223084,0.0222268,0.0221466,0.0220677,0.0219902,0.0219138,0.0218388
0.144409,0.131426,0.119451,0.108387,0.0981862,0.0888544,0.0804629,0.0731248,0.0669252,0.0618449,0.0577505,0.054452,0.0517647,0.0495387,0.0476614,0.0460513,0.0446494,0.0434128,0.0423095,0.0413157,0.0404131,0.0395873,0.0388271,0.0381235,0.037469,0.0368578,0.0362847,0.0357456,0.035237,0.0347557,0.0342993,0.0338654,0.0334521,0.0330576,0.0326806,0.0323195,0.0319732,0.0316408,0.0313211,0.0310134,0.0307169,0.0304309,0.0301547,0.0298878,0.0296296,0.0293797,0.0291376,0.0289028,0.0286751,0.0284541,0.0282394,0.0280307,0.0278278,0.0276303,0.0274382,0.027251,0.0270686,0.0268909,0.0267175,0.0265485,0.0263834,0.0262223,0.026065,0.0259113,0.0257611,0.0256143,0.0254707,0.0253303,0.0251929,0.0250584,0.0249268,0.0247979,0.0246717,0.0245481,0.0244269,0.0243082,0.0241918,0.0240777,0.0239658,0.023856,0.0237484,0.0236427,0.0235391,0.0234373,0.0233374,0.0232394,0.0231431,0.0230485,0.0229556,0.0228643,0.0227747,0.0226866,0.0226,0.0225148,0.0224312,0.0223489,0.022268,0.0221885,0.0221103,0.0220333,0.0219577
0.145059,0.132084,0.120122,0.109079,0.0989007,0.08959,0.0812085,0.0738591,0.0676232,0.0624883,0.0583332,0.0549774,0.0522406,0.0499732,0.0480619,0.0464239,0.0449988,0.0437427,0.042623,0.0416152,0.0407003,0.0398639,0.0390942,0.0383822,0.0377203,0.0371022,0.036523,0.0359783,0.0354645,0.0349785,0.0345176,0.0340796,0.0336624,0.0332644,0.0328839,0.0325197,0.0321704,0.0318351,0.0315127,0.0312025,0.0309035,0.0306151,0.0303367,0.0300676,0.0298074,0.0295555,0.0293114,0.0290749,0.0288454,0.0286226,0.0284062,0.0281959,0.0279915,0.0277925,0.0275989,0.0274103,0.0272265,0.0270474,0.0268728,0.0267024,0.0265361,0.0263738,0.0262153,0.0260604,0.0259091,0.0257612,0.0256165,0.025475,0.0253366,0.0252011,0.0250685,0.0249386,0.0248114,0.0246868,0.0245648,0.0244451,0.0243279,0.0242129,0.0241001,0.0239895,0.023881,0.0237746,0.0236701,0.0235675,0.0234669,0.023368,0.023271,0.0231757,0.023082,0.0229901,0.0228997,0.0228109,0.0227236,0.0226378,0.0225534,0.0224705,0.022389,0.0223088,0.0222299,0.0221524,0.022076
0.145706,0.132738,0.120789,0.109763,0.0996069,0.090316,0.0819443,0.074585,0.0683154,0.0631287,0.0589149,0.0555028,0.0527167,0.050408,0.0484626,0.0467964,0.045348,0.0440724,0.0429361,0.041914,0.0409869,0.0401397,0.0393606,0.0386402,0.0379707,0.0373459,0.0367605,0.0362101,0.0356911,0.0352003,0.034735,0.0342929,0.0338719,0.0334703,0.0330864,0.032719,0.0323667,0.0320286,0.0317035,0.0313907,0.0310892,0.0307985,0.0305179,0.0302466,0.0299843,0.0297305,0.0294845,0.0292461,0.0290148,0.0287904,0.0285723,0.0283604,0.0281544,0.0279539,0.0277588,0.0275688,0.0273837,0.0272033,0.0270273,0.0268557,0.0266881,0.0265246,0.0263649,0.0262089,0.0260564,0.0259074,0.0257617,0.0256191,0.0254796,0.0253431,0.0252095,0.0250787,0.0249506,0.024825,0.024702,0.0245815,0.0244633,0.0243475,0.0242339,0.0241224,0.0240131,0.0239058,0.0238006,0.0236972,0.0235958,0.0234962,0.0233984,0.0233023,0.023208,0.0231153,0.0230242,0.0229347,0.0228467,0.0227602,0.0226752,0.0225916,0.0225094,0.0224286,0.0223491,0.0222709,0.022194
0.146349,0.133387,0.12145,0.110442,0.100305,0.0910329,0.0826705,0.0753025,0.0690016,0.0637658,0.0594952,0.0560279,0.0531929,0.050843,0.0488634,0.0471689,0.045697,0.0444017,0.0432488,0.0422124,0.0412729,0.0404149,0.0396263,0.0388974,0.0382203,0.0375887,0.0369971,0.0364411,0.0359169,0.0354213,0.0349516,0.0345054,0.0340805,0.0336753,0.0332881,0.0329175,0.0325622,0.0322212,0.0318934,0.031578,0.0312742,0.0309811,0.0306982,0.0304249,0.0301605,0.0299046,0.0296568,0.0294166,0.0291835,0.0289574,0.0287377,0.0285242,0.0283166,0.0281147,0.0279181,0.0277267,0.0275402,0.0273584,0.0271811,0.0270082,0.0268395,0.0266747,0.0265139,0.0263567,0.0262031,0.026053,0.0259062,0.0257626,0.0256221,0.0254846,0.02535,0.0252182,0.0250891,0.0249626,0.0248387,0.0247173,0.0245982,0.0244815,0.024367,0.0242548,0.0241446,0.0240365,0.0239305,0.0238264,0.0237242,0.0236238,0.0235253,0.0234285,0.0233334,0.02324,0.0231482,0.023058,0.0229693,0.0228822,0.0227965,0.0227122,0.0226294,0.0225479,0.0224678,0.022389,0.0223115
0.14699,0.134033,0.122107,0.111114,0.100996,0.0917409,0.0833876,0.0760118,0.0696819,0.0643994,0.060074,0.0565526,0.0536693,0.0512782,0.0492643,0.0475414,0.0460459,0.0447307,0.043561,0.0425102,0.0415583,0.0406894,0.0398913,0.0391539,0.0384692,0.0378307,0.0372329,0.0366712,0.0361418,0.0356414,0.0351673,0.034717,0.0342883,0.0338795,0.0334889,0.0331151,0.0327568,0.032413,0.0320825,0.0317646,0.0314583,0.0311629,0.0308778,0.0306023,0.0303359,0.0300781,0.0298283,0.0295863,0.0293515,0.0291236,0.0289023,0.0286872,0.0284781,0.0282747,0.0280766,0.0278838,0.0276959,0.0275128,0.0273343,0.0271601,0.0269901,0.0268242,0.0266622,0.0265039,0.0263492,0.0261979,0.02605,0.0259054,0.0257639,0.0256254,0.0254898,0.025357,0.025227,0.0250996,0.0249748,0.0248525,0.0247326,0.024615,0.0244997,0.0243866,0.0242756,0.0241667,0.0240599,0.023955,0.023852,0.0237509,0.0236516,0.0235541,0.0234583,0.0233642,0.0232717,0.0231808,0.0230914,0.0230036,0.0229173,0.0228324,0.0227489,0.0226668,0.0225861,0.0225066,0.0224285
0.147629,0.134675,0.122758,0.11178,0.101679,0.0924406,0.0840958,0.0767131,0.0703562,0.0650295,0.0606512,0.0570769,0.0541457,0.0517135,0.0496653,0.0479139,0.0463946,0.0450594,0.0438728,0.0428075,0.0418431,0.0409633,0.0401555,0.0394096,0.0387173,0.0380719,0.0374678,0.0369005,0.0363659,0.0358607,0.0353822,0.0349277,0.0344952,0.0340828,0.0336888,0.0333118,0.0329506,0.0326039,0.0322708,0.0319503,0.0316415,0.0313438,0.0310565,0.0307789,0.0305105,0.0302507,0.0299991,0.0297552,0.0295187,0.0292891,0.0290661,0.0288495,0.0286388,0.0284339,0.0282345,0.0280402,0.027851,0.0276666,0.0274868,0.0273113,0.0271401,0.026973,0.0268098,0.0266504,0.0264946,0.0263422,0.0261933,0.0260476,0.0259051,0.0257656,0.025629,0.0254953,0.0253643,0.025236,0.0251103,0.0249871,0.0248663,0.0247479,0.0246317,0.0245178,0.024406,0.0242964,0.0241887,0.0240831,0.0239793,0.0238775,0.0237774,0.0236792,0.0235827,0.0234878,0.0233947,0.0233031,0.0232131,0.0231246,0.0230376,0.0229521,0.0228679,0.0227852,0.0227038,0.0226238,0.022545
0.148264,0.135314,0.123405,0.11244,0.102355,0.0931321,0.0847956,0.0774066,0.0710246,0.0656559,0.0612266,0.0576005,0.054622,0.052149,0.0500664,0.0482864,0.0467431,0.0453879,0.0441841,0.0431043,0.0421273,0.0412365,0.040419,0.0396645,0.0389645,0.0383123,0.037702,0.0371289,0.0365891,0.0360792,0.0355961,0.0351376,0.0347012,0.0342852,0.0338879,0.0335078,0.0331435,0.032794,0.0324582,0.0321352,0.031824,0.031524,0.0312344,0.0309547,0.0306843,0.0304225,0.030169,0.0299234,0.0296851,0.0294538,0.0292293,0.0290111,0.0287989,0.0285925,0.0283916,0.028196,0.0280054,0.0278197,0.0276386,0.0274619,0.0272895,0.0271212,0.0269568,0.0267962,0.0266393,0.0264859,0.0263359,0.0261892,0.0260457,0.0259052,0.0257677,0.025633,0.0255011,0.0253719,0.0252453,0.0251212,0.0249995,0.0248802,0.0247633,0.0246485,0.0245359,0.0244255,0.024317,0.0242106,0.0241061,0.0240035,0.0239028,0.0238038,0.0237066,0.023611,0.0235172,0.0234249,0.0233342,0.0232451,0.0231574,0.0230713,0.0229865,0.0229031,0.0228212,0.0227405,0.0226611
0.148896,0.135949,0.124048,0.113095,0.103025,0.0938159,0.085487,0.0780925,0.071687,0.0662786,0.0618001,0.0581234,0.0550981,0.0525845,0.0504676,0.0486588,0.0470915,0.045716,0.0444951,0.0434006,0.0424109,0.0415091,0.0406819,0.0399188,0.0392111,0.0385519,0.0379353,0.0373565,0.0368115,0.0362968,0.0358093,0.0353466,0.0349064,0.0344868,0.0340862,0.0337029,0.0333357,0.0329833,0.0326448,0.0323192,0.0320057,0.0317033,0.0314116,0.0311298,0.0308573,0.0305936,0.0303383,0.0300908,0.0298508,0.0296179,0.0293917,0.0291719,0.0289582,0.0287503,0.028548,0.028351,0.0281591,0.0279721,0.0277897,0.0276118,0.0274381,0.0272687,0.0271031,0.0269415,0.0267834,0.026629,0.0264779,0.0263302,0.0261857,0.0260442,0.0259057,0.0257701,0.0256373,0.0255071,0.0253796,0.0252547,0.0251322,0.025012,0.0248942,0.0247787,0.0246653,0.024554,0.0244448,0.0243376,0.0242324,0.0241291,0.0240276,0.0239279,0.02383,0.0237337,0.0236392,0.0235462,0.0234549,0.0233651,0.0232768,0.02319,0.0231046,0.0230206,0.022938,0.0228567,0.0227768
0.149526,0.136581,0.124687,0.113744,0.103688,0.0944922,0.0861706,0.0787709,0.0723435,0.0668973,0.0623715,0.0586454,0.055574,0.05302,0.0508687,0.0490311,0.0474396,0.0460438,0.0448057,0.0436965,0.042694,0.041781,0.0409441,0.0401723,0.0394569,0.0387907,0.0381678,0.0375834,0.0370331,0.0365135,0.0360216,0.0355548,0.0351108,0.0346876,0.0342836,0.0338971,0.0335269,0.0331718,0.0328306,0.0325025,0.0321865,0.0318819,0.031588,0.031304,0.0310295,0.0307639,0.0305067,0.0302575,0.0300157,0.0297811,0.0295533,0.029332,0.0291168,0.0289075,0.0287037,0.0285054,0.0283121,0.0281238,0.0279401,0.027761,0.0275862,0.0274155,0.0272488,0.027086,0.0269269,0.0267714,0.0266193,0.0264706,0.026325,0.0261826,0.0260431,0.0259066,0.0257728,0.0256418,0.0255134,0.0253876,0.0252642,0.0251433,0.0250246,0.0249083,0.0247941,0.0246821,0.0245721,0.0244641,0.0243582,0.0242541,0.0241519,0.0240515,0.0239528,0.0238559,0.0237607,0.0236671,0.0235751,0.0234846,0.0233957,0.0233082,0.0232222,0.0231376,0.0230544,0.0229725,0.022892
0.150154,0.137209,0.125321,0.114389,0.104345,0.0951613,0.0868465,0.0794421,0.0729942,0.0675121,0.0629407,0.0591664,0.0560496,0.0534554,0.0512699,0.0494034,0.0477877,0.0463714,0.0451159,0.0439918,0.0429765,0.0420524,0.0412056,0.0404251,0.0397019,0.0390288,0.0383996,0.0378094,0.0372539,0.0367295,0.0362331,0.0357622,0.0353143,0.0348876,0.0344802,0.0340906,0.0337174,0.0333595,0.0330156,0.032685,0.0323666,0.0320597,0.0317635,0.0314775,0.031201,0.0309335,0.0306744,0.0304234,0.0301799,0.0299437,0.0297143,0.0294914,0.0292747,0.0290639,0.0288588,0.028659,0.0284644,0.0282748,0.0280899,0.0279095,0.0277335,0.0275617,0.0273939,0.02723,0.0270698,0.0269132,0.0267601,0.0266103,0.0264638,0.0263204,0.02618,0.0260425,0.0259078,0.0257759,0.0256467,0.02552,0.0253958,0.025274,0.0251545,0.0250373,0.0249224,0.0248095,0.0246988,0.0245901,0.0244834,0.0243786,0.0242757,0.0241746,0.0240752,0.0239776,0.0238817,0.0237874,0.0236948,0.0236037,0.0235141,0.023426,0.0233394,0.0232542,0.0231704,0.0230879,0.0230068
0.150779,0.137835,0.125951,0.115028,0.104996,0.0958235,0.087515,0.0801063,0.073639,0.0681229,0.0635076,0.0596864,0.0565249,0.0538908,0.0516711,0.0497756,0.0481355,0.0466987,0.0454258,0.0442867,0.0432585,0.0423231,0.0414664,0.0406772,0.0399462,0.0392661,0.0386306,0.0380346,0.0374738,0.0369446,0.0364438,0.0359687,0.035517,0.0350867,0.034676,0.0342832,0.0339071,0.0335463,0.0331998,0.0328666,0.0325459,0.0322367,0.0319383,0.0316502,0.0313717,0.0311023,0.0308414,0.0305885,0.0303434,0.0301055,0.0298745,0.0296501,0.0294319,0.0292196,0.0290131,0.028812,0.0286161,0.0284252,0.028239,0.0280574,0.0278802,0.0277072,0.0275383,0.0273733,0.027212,0.0270544,0.0269003,0.0267495,0.026602,0.0264576,0.0263162,0.0261778,0.0260423,0.0259095,0.0257793,0.0256518,0.0255267,0.0254041,0.0252838,0.0251659,0.0250501,0.0249365,0.024825,0.0247156,0.0246081,0.0245026,0.024399,0.0242971,0.0241971,0.0240988,0.0240023,0.0239073,0.023814,0.0237223,0.023632,0.0235433,0.0234561,0.0233703,0.0232858,0.0232028,0.0231211
0.151401,0.138457,0.126578,0.115663,0.105642,0.0964791,0.0881763,0.0807636,0.0742782,0.0687297,0.0640722,0.0602052,0.0569996,0.0543261,0.0520722,0.0501477,0.0484832,0.0470257,0.0457352,0.0445811,0.0435399,0.0425932,0.0417266,0.0409286,0.0401898,0.0395026,0.0388608,0.038259,0.037693,0.037159,0.0366537,0.0361745,0.0357189,0.035285,0.0348709,0.034475,0.0340959,0.0337324,0.0333832,0.0330475,0.0327243,0.0324129,0.0321124,0.0318222,0.0315417,0.0312703,0.0310076,0.030753,0.0305061,0.0302666,0.030034,0.029808,0.0295884,0.0293747,0.0291668,0.0289643,0.0287671,0.0285749,0.0283875,0.0282047,0.0280263,0.0278522,0.0276821,0.027516,0.0273537,0.027195,0.0270398,0.026888,0.0267395,0.0265942,0.0264519,0.0263126,0.0261761,0.0260424,0.0259114,0.025783,0.0256571,0.0255337,0.0254126,0.0252938,0.0251773,0.025063,0.0249507,0.0248405,0.0247323,0.0246261,0.0245217,0.0244192,0.0243185,0.0242196,0.0241223,0.0240267,0.0239328,0.0238404,0.0237495,0.0236602,0.0235723,0.0234859,0.0234009,0.0233172,0.0232349
0.152021,0.139076,0.127201,0.116293,0.106281,0.0971283,0.0888308,0.0814142,0.0749117,0.0693324,0.0646343,0.0607228,0.0574739,0.0547611,0.0524732,0.0505198,0.0488308,0.0473525,0.0460443,0.0448751,0.0438208,0.0428628,0.0419862,0.0411793,0.0404327,0.0397384,0.0390902,0.0384827,0.0379114,0.0373725,0.0368628,0.0363794,0.03592,0.0354825,0.0350651,0.034666,0.034284,0.0339176,0.0335658,0.0332276,0.0329021,0.0325883,0.0322856,0.0319934,0.0317109,0.0314376,0.031173,0.0309167,0.0306681,0.0304269,0.0301928,0.0299653,0.0297441,0.029529,0.0293197,0.0291159,0.0289174,0.0287239,0.0285353,0.0283513,0.0281717,0.0279964,0.0278253,0.0276581,0.0274947,0.0273349,0.0271788,0.027026,0.0268765,0.0267302,0.026587,0.0264468,0.0263094,0.0261748,0.026043,0.0259137,0.025787,0.0256627,0.0255408,0.0254213,0.025304,0.0251889,0.0250759,0.0249649,0.024856,0.0247491,0.024644,0.0245408,0.0244394,0.0243398,0.0242419,0.0241456,0.024051,0.023958,0.0238665,0.0237766,0.0236881,0.0236011,0.0235155,0.0234312,0.0233484
0.152639,0.139692,0.12782,0.116919,0.106916,0.0977713,0.0894787,0.0820583,0.0755396,0.069931,0.0651938,0.061239,0.0579475,0.055196,0.0528741,0.0508917,0.0491781,0.047679,0.0463531,0.0451687,0.0441012,0.0431318,0.0422452,0.0414294,0.0406749,0.0399735,0.0393189,0.0387056,0.038129,0.0375852,0.037071,0.0365836,0.0361203,0.0356793,0.0352584,0.0348562,0.0344712,0.0341021,0.0337477,0.0334069,0.033079,0.032763,0.0324581,0.0321638,0.0318793,0.0316042,0.0313378,0.0310797,0.0308294,0.0305866,0.0303509,0.0301218,0.0298992,0.0296827,0.029472,0.0292669,0.029067,0.0288723,0.0286824,0.0284972,0.0283165,0.0281401,0.0279678,0.0277995,0.0276351,0.0274743,0.0273171,0.0271633,0.0270129,0.0268657,0.0267215,0.0265804,0.0264421,0.0263067,0.0261739,0.0260438,0.0259163,0.0257912,0.0256685,0.0255482,0.0254301,0.0253143,0.0252005,0.0250889,0.0249792,0.0248716,0.0247658,0.0246619,0.0245598,0.0244595,0.024361,0.0242641,0.0241688,0.0240752,0.0239831,0.0238925,0.0238034,0.0237158,0.0236296,0.0235448,0.0234613
0.153255,0.140306,0.128436,0.11754,0.107545,0.0984084,0.0901201,0.0826961,0.0761621,0.0705256,0.0657507,0.0617537,0.0584205,0.0556305,0.0532749,0.0512636,0.0495253,0.0480053,0.0466615,0.0454618,0.0443812,0.0434002,0.0425035,0.0416788,0.0409163,0.0402079,0.0395469,0.0389277,0.0383458,0.0377972,0.0372785,0.0367869,0.0363198,0.0358752,0.035451,0.0350457,0.0346577,0.0342858,0.0339287,0.0335855,0.0332552,0.0329369,0.0326299,0.0323335,0.0320471,0.03177,0.0315018,0.0312419,0.03099,0.0307455,0.0305082,0.0302777,0.0300536,0.0298357,0.0296236,0.0294171,0.029216,0.02902,0.0288289,0.0286425,0.0284606,0.0282831,0.0281097,0.0279403,0.0277748,0.027613,0.0274548,0.0273001,0.0271487,0.0270005,0.0268555,0.0267134,0.0265743,0.0264379,0.0263044,0.0261734,0.0260451,0.0259192,0.0257957,0.0256746,0.0255558,0.0254391,0.0253247,0.0252123,0.0251019,0.0249935,0.0248871,0.0247825,0.0246798,0.0245788,0.0244796,0.024382,0.0242862,0.0241919,0.0240992,0.024008,0.0239183,0.0238301,0.0237433,0.0236579,0.0235739
0.153868,0.140917,0.129048,0.118157,0.108169,0.0990397,0.0907553,0.0833278,0.0767792,0.071116,0.0663049,0.062267,0.0588927,0.0560648,0.0536756,0.0516353,0.0498723,0.0483313,0.0469696,0.0457545,0.0446606,0.043668,0.0427612,0.0419276,0.0411571,0.0404416,0.0397741,0.0391491,0.0385619,0.0380084,0.0374852,0.0369895,0.0365186,0.0360703,0.0356428,0.0352343,0.0348434,0.0344687,0.034109,0.0337633,0.0334306,0.03311,0.0328009,0.0325024,0.032214,0.0319351,0.031665,0.0314034,0.0311498,0.0309038,0.0306649,0.0304329,0.0302073,0.029988,0.0297745,0.0295667,0.0293643,0.0291671,0.0289747,0.0287872,0.0286041,0.0284255,0.028251,0.0280806,0.027914,0.0277512,0.027592,0.0274363,0.0272839,0.0271348,0.0269888,0.0268459,0.0267058,0.0265687,0.0264342,0.0263025,0.0261733,0.0260466,0.0259224,0.0258005,0.0256809,0.0255635,0.0254483,0.0253352,0.0252241,0.025115,0.0250079,0.0249026,0.0247992,0.0246976,0.0245977,0.0244995,0.024403,0.0243081,0.0242148,0.024123,0.0240327,0.0239439,0.0238566,0.0237706,0.023686
0.15448,0.141525,0.129657,0.11877,0.108789,0.0996656,0.0913845,0.0839535,0.077391,0.0717023,0.0668564,0.0627786,0.0593641,0.0564986,0.0540761,0.0520069,0.0502192,0.0486571,0.0472774,0.0460468,0.0449395,0.0439354,0.0430184,0.0421757,0.0413973,0.0406745,0.0400006,0.0393698,0.0387772,0.0382188,0.0376912,0.0371913,0.0367165,0.0362647,0.0358338,0.0354222,0.0350283,0.0346508,0.0342885,0.0339403,0.0336052,0.0332824,0.0329711,0.0326706,0.0323803,0.0320994,0.0318276,0.0315643,0.031309,0.0310613,0.0308209,0.0305874,0.0303604,0.0301396,0.0299248,0.0297157,0.029512,0.0293135,0.0291199,0.0289312,0.028747,0.0285672,0.0283917,0.0282202,0.0280526,0.0278887,0.0277285,0.0275719,0.0274185,0.0272685,0.0271216,0.0269778,0.0268369,0.0266988,0.0265636,0.026431,0.026301,0.0261735,0.0260485,0.0259258,0.0258055,0.0256873,0.0255714,0.0254576,0.0253458,0.025236,0.0251282,0.0250223,0.0249182,0.0248159,0.0247154,0.0246166,0.0245194,0.0244239,0.02433,0.0242376,0.0241467,0.0240573,0.0239694,0.0238828,0.0237977
0.155089,0.142131,0.130263,0.11938,0.109403,0.100286,0.0920079,0.0845734,0.0779977,0.0722846,0.0674051,0.0632886,0.0598347,0.0569321,0.0544764,0.0523783,0.0505658,0.0489826,0.0475848,0.0463387,0.045218,0.0442022,0.0432749,0.0424233,0.0416367,0.0409068,0.0402264,0.0395897,0.0389918,0.0384285,0.0378964,0.0373923,0.0369137,0.0364582,0.036024,0.0356093,0.0352124,0.0348322,0.0344672,0.0341165,0.0337791,0.0334541,0.0331406,0.0328381,0.0325458,0.0322631,0.0319894,0.0317244,0.0314674,0.0312182,0.0309762,0.0307412,0.0305127,0.0302906,0.0300744,0.029864,0.029659,0.0294592,0.0292645,0.0290746,0.0288893,0.0287084,0.0285317,0.0283591,0.0281905,0.0280257,0.0278645,0.0277069,0.0275526,0.0274016,0.0272538,0.0271091,0.0269673,0.0268284,0.0266923,0.0265589,0.0264281,0.0262999,0.026174,0.0260506,0.0259295,0.0258107,0.025694,0.0255794,0.025467,0.0253565,0.025248,0.0251414,0.0250367,0.0249337,0.0248326,0.0247331,0.0246354,0.0245392,0.0244447,0.0243517,0.0242602,0.0241703,0.0240817,0.0239946,0.0239089
0.155696,0.142734,0.130866,0.119985,0.110014,0.100901,0.0926257,0.0851877,0.0785992,0.0728629,0.0679509,0.0637969,0.0603043,0.0573651,0.0548764,0.0527495,0.0509123,0.0493079,0.047892,0.0466302,0.0454961,0.0444685,0.0435309,0.0426702,0.0418756,0.0411384,0.0404515,0.0398089,0.0392056,0.0386375,0.0381008,0.0375925,0.0371101,0.0366511,0.0362135,0.0357956,0.0353958,0.0350128,0.0346452,0.034292,0.0339522,0.033625,0.0333094,0.0330048,0.0327105,0.032426,0.0321505,0.0318838,0.0316252,0.0313743,0.0311308,0.0308943,0.0306644,0.0304409,0.0302233,0.0300116,0.0298053,0.0296044,0.0294084,0.0292173,0.0290309,0.0288489,0.0286711,0.0284975,0.0283279,0.028162,0.0279999,0.0278413,0.0276861,0.0275342,0.0273855,0.0272399,0.0270973,0.0269575,0.0268206,0.0266863,0.0265547,0.0264257,0.0262991,0.0261749,0.0260531,0.0259335,0.0258161,0.0257008,0.0255877,0.0254765,0.0253673,0.0252601,0.0251547,0.0250511,0.0249493,0.0248492,0.0247508,0.0246541,0.0245589,0.0244654,0.0243733,0.0242828,0.0241937,0.024106,0.0240197
0.156302,0.143334,0.131465,0.120587,0.11062,0.101512,0.0932381,0.0857965,0.0791958,0.0734371,0.068494,0.0643034,0.0607729,0.0577976,0.0552762,0.0531206,0.0512586,0.0496329,0.0481988,0.0469214,0.0457736,0.0447342,0.0437863,0.0429165,0.0421137,0.0413693,0.0406759,0.0400274,0.0394187,0.0388457,0.0383045,0.0377921,0.0373057,0.0368431,0.0364022,0.0359812,0.0355784,0.0351926,0.0348224,0.0344668,0.0341246,0.0337951,0.0334775,0.0331708,0.0328746,0.0325882,0.032311,0.0320425,0.0317822,0.0315298,0.0312847,0.0310467,0.0308154,0.0305905,0.0303716,0.0301586,0.0299511,0.0297489,0.0295517,0.0293595,0.0291719,0.0289888,0.02881,0.0286353,0.0284646,0.0282978,0.0281347,0.0279751,0.027819,0.0276662,0.0275166,0.0273701,0.0272266,0.027086,0.0269483,0.0268132,0.0266808,0.026551,0.0264236,0.0262987,0.0261761,0.0260558,0.0259377,0.0258217,0.0257079,0.025596,0.0254862,0.0253783,0.0252722,0.025168,0.0250655,0.0249648,0.0248658,0.0247685,0.0246727,0.0245786,0.0244859,0.0243948,0.0243051,0.0242169,0.0241301
0.156905,0.143933,0.132062,0.121185,0.111221,0.102117,0.0938452,0.0864,0.0797874,0.0740073,0.0690342,0.0648081,0.0612405,0.0582295,0.0556756,0.0534915,0.0516047,0.0499577,0.0485053,0.0472122,0.0460508,0.0449995,0.0440412,0.0431622,0.0423513,0.0415996,0.0408996,0.0402452,0.0396311,0.0390531,0.0385074,0.0379908,0.0375006,0.0370344,0.0365902,0.036166,0.0357603,0.0353717,0.0349989,0.0346408,0.0342963,0.0339646,0.0336448,0.0333361,0.033038,0.0327497,0.0324707,0.0322005,0.0319386,0.0316845,0.031438,0.0311985,0.0309658,0.0307394,0.0305193,0.0303049,0.0300961,0.0298927,0.0296944,0.029501,0.0293123,0.0291281,0.0289482,0.0287725,0.0286008,0.028433,0.0282689,0.0281084,0.0279513,0.0277976,0.0276471,0.0274998,0.0273554,0.027214,0.0270754,0.0269396,0.0268064,0.0266758,0.0265477,0.026422,0.0262986,0.0261776,0.0260588,0.0259421,0.0258276,0.0257151,0.0256045,0.025496,0.0253893,0.0252844,0.0251813,0.02508,0.0249804,0.0248824,0.0247861,0.0246913,0.0245981,0.0245064,0.0244162,0.0243274,0.02424
0.157507,0.144529,0.132656,0.12178,0.111819,0.102718,0.0944472,0.0869983,0.0803743,0.0745736,0.0695714,0.065311,0.061707,0.0586608,0.0560748,0.0538621,0.0519506,0.0502823,0.0488115,0.0475026,0.0463275,0.0452643,0.0442955,0.0434073,0.0425882,0.0418292,0.0411226,0.0404623,0.0398428,0.0392599,0.0387096,0.0381889,0.0376948,0.037225,0.0367774,0.0363501,0.0359415,0.0355501,0.0351747,0.0348141,0.0344673,0.0341333,0.0338114,0.0335007,0.0332006,0.0329105,0.0326297,0.0323578,0.0320942,0.0318386,0.0315905,0.0313496,0.0311154,0.0308878,0.0306662,0.0304506,0.0302406,0.0300359,0.0298365,0.0296419,0.0294521,0.0292668,0.0290858,0.0289091,0.0287364,0.0285676,0.0284025,0.0282411,0.0280831,0.0279285,0.0277771,0.0276289,0.0274837,0.0273414,0.027202,0.0270654,0.0269314,0.0268,0.0266712,0.0265447,0.0264207,0.0262989,0.0261794,0.026062,0.0259468,0.0258336,0.0257224,0.0256132,0.0255058,0.0254003,0.0252966,0.0251947,0.0250945,0.0249959,0.024899,0.0248037,0.0247099,0.0246176,0.0245268,0.0244375,0.0243495
0.158106,0.145122,0.133247,0.122371,0.112413,0.103314,0.0950443,0.0875916,0.0809566,0.075136,0.0701058,0.0658119,0.0621724,0.0590916,0.0564736,0.0542326,0.0522963,0.0506066,0.0491174,0.0477926,0.0466038,0.0455286,0.0445493,0.0436518,0.0428245,0.0420582,0.041345,0.0406787,0.0400538,0.0394659,0.0389111,0.0383862,0.0378882,0.0374148,0.0369639,0.0365334,0.0361219,0.0357277,0.0353497,0.0349866,0.0346375,0.0343013,0.0339772,0.0336646,0.0333625,0.0330705,0.032788,0.0325144,0.0322492,0.0319921,0.0317424,0.0315,0.0312645,0.0310354,0.0308126,0.0305957,0.0303844,0.0301785,0.0299779,0.0297822,0.0295912,0.0294049,0.0292229,0.0290451,0.0288714,0.0287016,0.0285356,0.0283732,0.0282143,0.0280588,0.0279065,0.0277574,0.0276114,0.0274683,0.0273281,0.0271907,0.0270559,0.0269238,0.0267942,0.026667,0.0265422,0.0264197,0.0262995,0.0261814,0.0260655,0.0259517,0.0258398,0.0257299,0.0256219,0.0255158,0.0254115,0.025309,0.0252081,0.025109,0.0250115,0.0249155,0.0248212,0.0247284,0.024637,0.0245471,0.0244586
0.158705,0.145714,0.133836,0.12296,0.113003,0.103906,0.0956367,0.08818,0.0815342,0.0756945,0.0706373,0.0663108,0.0626366,0.0595216,0.056872,0.0546028,0.0526418,0.0509307,0.0494231,0.0480823,0.0468797,0.0457924,0.0448026,0.0438958,0.0430603,0.0422865,0.0415667,0.0408944,0.0402641,0.0396712,0.0391119,0.0385827,0.0380809,0.0376039,0.0371496,0.036716,0.0363015,0.0359046,0.035524,0.0351585,0.034807,0.0344686,0.0341424,0.0338277,0.0335238,0.0332299,0.0329456,0.0326703,0.0324035,0.0321448,0.0318937,0.0316498,0.0314128,0.0311824,0.0309583,0.0307401,0.0305276,0.0303205,0.0301187,0.0299218,0.0297298,0.0295423,0.0293593,0.0291805,0.0290058,0.028835,0.0286681,0.0285047,0.0283449,0.0281885,0.0280354,0.0278855,0.0277386,0.0275947,0.0274537,0.0273154,0.0271799,0.027047,0.0269166,0.0267887,0.0266632,0.02654,0.0264191,0.0263004,0.0261838,0.0260692,0.0259567,0.0258462,0.0257376,0.0256308,0.0255259,0.0254228,0.0253213,0.0252216,0.0251235,0.025027,0.0249321,0.0248387,0.0247468,0.0246563,0.0245673
0.159301,0.146303,0.134421,0.123545,0.113589,0.104494,0.0962244,0.0887637,0.0821074,0.0762492,0.0711659,0.0668078,0.0630995,0.059951,0.0572701,0.0549727,0.0529871,0.0512546,0.0497284,0.0483717,0.0471551,0.0460558,0.0450554,0.0441392,0.0432954,0.0425142,0.0417878,0.0411095,0.0404737,0.0398759,0.039312,0.0387786,0.0382729,0.0377923,0.0373346,0.0368979,0.0364805,0.0360808,0.0356976,0.0353296,0.0349758,0.0346352,0.0343069,0.0339902,0.0336843,0.0333887,0.0331026,0.0328256,0.0325572,0.0322969,0.0320443,0.031799,0.0315606,0.0313288,0.0311033,0.0308839,0.0306701,0.0304619,0.0302589,0.0300609,0.0298678,0.0296792,0.0294952,0.0293153,0.0291396,0.0289679,0.0288,0.0286357,0.028475,0.0283177,0.0281637,0.0280129,0.0278652,0.0277205,0.0275787,0.0274397,0.0273034,0.0271697,0.0270386,0.02691,0.0267837,0.0266598,0.0265382,0.0264188,0.0263015,0.0261863,0.0260732,0.025962,0.0258528,0.0257454,0.0256399,0.0255361,0.0254341,0.0253337,0.0252351,0.025138,0.0250425,0.0249486,0.0248561,0.0247651,0.0246756
0.159896,0.146891,0.135005,0.124127,0.114171,0.105078,0.0968076,0.0893428,0.0826762,0.0768001,0.0716916,0.0673027,0.0635612,0.0603796,0.0576677,0.0553423,0.0533321,0.0515782,0.0500335,0.0486607,0.0474302,0.0463188,0.0453077,0.0443821,0.04353,0.0427414,0.0420082,0.0413239,0.0406826,0.0400798,0.0395113,0.0389738,0.0384642,0.03798,0.037519,0.0370791,0.0366587,0.0362563,0.0358705,0.0355,0.0351438,0.034801,0.0344707,0.0341519,0.0338442,0.0335467,0.0332589,0.0329802,0.0327102,0.0324483,0.0321942,0.0319474,0.0317077,0.0314745,0.0312478,0.031027,0.0308121,0.0306026,0.0303985,0.0301994,0.0300051,0.0298155,0.0296304,0.0294496,0.0292729,0.0291002,0.0289313,0.0287661,0.0286045,0.0284464,0.0282915,0.0281399,0.0279913,0.0278458,0.0277032,0.0275634,0.0274263,0.0272919,0.0271601,0.0270307,0.0269038,0.0267792,0.0266568,0.0265368,0.0264188,0.026303,0.0261892,0.0260774,0.0259675,0.0258595,0.0257533,0.025649,0.0255464,0.0254454,0.0253462,0.0252486,0.0251525,0.025058,0.024965,0.0248735,0.0247834
0.160489,0.147476,0.135586,0.124706,0.114751,0.105657,0.0973865,0.0899174,0.0832408,0.0773474,0.0722144,0.0677957,0.0640216,0.0608074,0.0580648,0.0557117,0.0536769,0.0519016,0.0503383,0.0489494,0.047705,0.0465813,0.0455595,0.0446245,0.043764,0.0429679,0.0422281,0.0415376,0.0408909,0.0402831,0.03971,0.0391683,0.0386548,0.038167,0.0377026,0.0372596,0.0368363,0.0364311,0.0360426,0.0356697,0.0353112,0.0349662,0.0346337,0.034313,0.0340033,0.033704,0.0334145,0.0331341,0.0328625,0.0325991,0.0323435,0.0320953,0.0318541,0.0316196,0.0313916,0.0311696,0.0309534,0.0307428,0.0305374,0.0303372,0.0301419,0.0299512,0.0297651,0.0295833,0.0294056,0.0292319,0.0290621,0.028896,0.0287335,0.0285745,0.0284188,0.0282663,0.0281169,0.0279706,0.0278272,0.0276866,0.0275488,0.0274136,0.027281,0.0271509,0.0270233,0.026898,0.026775,0.0266542,0.0265356,0.0264191,0.0263047,0.0261922,0.0260817,0.0259731,0.0258664,0.0257614,0.0256582,0.0255567,0.0254569,0.0253587,0.0252621,0.025167,0.0250735,0.0249814,0.0248908
0.16108,0.148059,0.136164,0.125282,0.115326,0.106233,0.0979612,0.0904876,0.0838011,0.077891,0.0727343,0.0682865,0.0644806,0.0612344,0.0584615,0.0560808,0.0540215,0.0522248,0.0506429,0.0492378,0.0479793,0.0468434,0.0458109,0.0448664,0.0439974,0.0431938,0.0424473,0.0417508,0.0410985,0.0404857,0.039908,0.039362,0.0388447,0.0383532,0.0378855,0.0374393,0.0370131,0.0366051,0.0362141,0.0358387,0.0354779,0.0351307,0.0347961,0.0344734,0.0341618,0.0338607,0.0335694,0.0332874,0.0330141,0.0327492,0.0324921,0.0322424,0.0319999,0.0317641,0.0315347,0.0313115,0.0310941,0.0308823,0.0306758,0.0304745,0.0302781,0.0300864,0.0298992,0.0297164,0.0295377,0.0293631,0.0291923,0.0290253,0.0288619,0.028702,0.0285455,0.0283921,0.028242,0.0280948,0.0279506,0.0278093,0.0276707,0.0275348,0.0274015,0.0272707,0.0271423,0.0270163,0.0268927,0.0267712,0.026652,0.0265348,0.0264197,0.0263067,0.0261955,0.0260863,0.025979,0.0258734,0.0257696,0.0256676,0.0255672,0.0254684,0.0253712,0.0252756,0.0251816,0.025089,0.0249978
0.16167,0.148641,0.13674,0.125856,0.115899,0.106805,0.0985318,0.0910537,0.0843574,0.078431,0.0732513,0.0687753,0.0649383,0.0616606,0.0588576,0.0564495,0.0543658,0.0525477,0.0509471,0.0495259,0.0482533,0.047105,0.0460617,0.0451077,0.0442303,0.0434192,0.0426659,0.0419633,0.0413055,0.0406876,0.0401054,0.0395551,0.0390339,0.0385388,0.0380677,0.0376184,0.0371892,0.0367785,0.0363849,0.036007,0.0356439,0.0352945,0.0349578,0.0346331,0.0343196,0.0340167,0.0337237,0.03344,0.0331651,0.0328986,0.0326401,0.032389,0.0321451,0.0319079,0.0316773,0.0314528,0.0312342,0.0310212,0.0308136,0.0306112,0.0304137,0.0302209,0.0300327,0.0298489,0.0296693,0.0294937,0.029322,0.0291541,0.0289898,0.028829,0.0286716,0.0285175,0.0283665,0.0282186,0.0280736,0.0279315,0.0277921,0.0276555,0.0275214,0.0273899,0.0272609,0.0271342,0.0270098,0.0268877,0.0267678,0.02665,0.0265343,0.0264206,0.0263089,0.0261991,0.0260911,0.025985,0.0258806,0.0257779,0.025677,0.0255777,0.02548,0.0253838,0.0252892,0.0251961,0.0251044
0.162258,0.14922,0.137314,0.126426,0.116468,0.107374,0.0990984,0.0916155,0.0849097,0.0789675,0.0737655,0.069262,0.0653946,0.0620858,0.0592533,0.0568179,0.0547099,0.0528704,0.0512512,0.0498136,0.0485269,0.0473663,0.0463121,0.0453485,0.0444626,0.043644,0.0428839,0.0421752,0.0415119,0.0408889,0.040302,0.0397476,0.0392224,0.0387237,0.0382492,0.0377968,0.0373646,0.0369512,0.0365549,0.0361747,0.0358092,0.0354576,0.0351189,0.0347922,0.0344768,0.034172,0.0338773,0.0335919,0.0333155,0.0330475,0.0327874,0.0325349,0.0322896,0.0320512,0.0318192,0.0315935,0.0313737,0.0311595,0.0309508,0.0307472,0.0305487,0.0303549,0.0301656,0.0299808,0.0298002,0.0296237,0.0294511,0.0292823,0.0291172,0.0289555,0.0287973,0.0286423,0.0284905,0.0283418,0.028196,0.0280531,0.0279131,0.0277757,0.0276409,0.0275087,0.0273789,0.0272516,0.0271265,0.0270038,0.0268832,0.0267648,0.0266484,0.0265341,0.0264218,0.0263113,0.0262028,0.0260961,0.0259911,0.0258879,0.0257864,0.0256865,0.0255883,0.0254916,0.0253964,0.0253028,0.0252106
0.162845,0.149798,0.137886,0.126994,0.117034,0.107939,0.0996612,0.0921734,0.0854582,0.0795005,0.0742768,0.0697466,0.0658494,0.0625102,0.0596483,0.057186,0.0550537,0.0531928,0.0515549,0.0501011,0.0488002,0.0476272,0.0465621,0.0455889,0.0446945,0.0438682,0.0431013,0.0423864,0.0417176,0.0410896,0.0404981,0.0399393,0.0394102,0.0389079,0.03843,0.0379745,0.0375394,0.0371232,0.0367243,0.0363416,0.0359739,0.03562,0.0352792,0.0349506,0.0346333,0.0343267,0.0340302,0.0337432,0.0334652,0.0331956,0.0329341,0.0326802,0.0324335,0.0321938,0.0319605,0.0317336,0.0315125,0.0312972,0.0310874,0.0308827,0.0306831,0.0304883,0.030298,0.0301122,0.0299307,0.0297532,0.0295797,0.02941,0.029244,0.0290815,0.0289224,0.0287666,0.028614,0.0284645,0.0283179,0.0281743,0.0280335,0.0278954,0.0277599,0.027627,0.0274965,0.0273685,0.0272428,0.0271193,0.0269981,0.0268791,0.0267621,0.0266472,0.0265342,0.0264232,0.026314,0.0262067,0.0261012,0.0259974,0.0258954,0.0257949,0.0256961,0.0255989,0.0255032,0.0254091,0.0253164
0.163431,0.150374,0.138455,0.12756,0.117597,0.1085,0.10022,0.0927274,0.0860028,0.08003,0.0747854,0.0702291,0.0663028,0.0629337,0.0600428,0.0575536,0.0553972,0.053515,0.0518584,0.0503883,0.0490731,0.0478876,0.0468116,0.0458288,0.0449258,0.0440919,0.0433181,0.0425971,0.0419227,0.0412896,0.0406934,0.0401305,0.0395974,0.0390915,0.0386102,0.0381515,0.0377135,0.0372945,0.0368931,0.0365079,0.0361378,0.0357818,0.0354389,0.0351083,0.0347891,0.0344807,0.0341825,0.0338939,0.0336143,0.0333432,0.0330802,0.0328249,0.0325768,0.0323357,0.0321012,0.031873,0.0316508,0.0314344,0.0312234,0.0310176,0.0308169,0.0306211,0.0304298,0.030243,0.0300605,0.0298821,0.0297077,0.0295371,0.0293702,0.0292069,0.0290469,0.0288903,0.0287369,0.0285866,0.0284393,0.028295,0.0281534,0.0280146,0.0278784,0.0277447,0.0276136,0.0274849,0.0273585,0.0272344,0.0271126,0.0269929,0.0268753,0.0267597,0.0266462,0.0265346,0.0264248,0.026317,0.0262109,0.0261065,0.0260039,0.0259029,0.0258036,0.0257058,0.0256096,0.025515,0.0254218
0.164015,0.150948,0.139022,0.128123,0.118158,0.109058,0.100776,0.0932776,0.0865437,0.0805562,0.0752911,0.0707095,0.0667548,0.0633562,0.0604367,0.0579209,0.0557405,0.0538369,0.0521616,0.0506752,0.0493457,0.0481477,0.0470607,0.0460682,0.0451566,0.044315,0.0435344,0.0428072,0.0421272,0.041489,0.0408882,0.0403209,0.0397839,0.0392743,0.0387897,0.0383279,0.0378869,0.0374651,0.0370611,0.0366735,0.0363011,0.0359429,0.0355979,0.0352653,0.0349443,0.0346341,0.0343342,0.0340439,0.0337627,0.0334901,0.0332256,0.0329689,0.0327195,0.0324771,0.0322414,0.0320119,0.0317885,0.0315709,0.0313588,0.031152,0.0309502,0.0307533,0.0305611,0.0303733,0.0301898,0.0300105,0.0298352,0.0296637,0.0294959,0.0293317,0.029171,0.0290136,0.0288594,0.0287083,0.0285603,0.0284151,0.0282728,0.0281333,0.0279963,0.027862,0.0277302,0.0276008,0.0274738,0.0273491,0.0272266,0.0271063,0.026988,0.0268719,0.0267577,0.0266455,0.0265352,0.0264267,0.0263201,0.0262152,0.026112,0.0260105,0.0259106,0.0258123,0.0257156,0.0256204,0.0255267
0.164597,0.151521,0.139588,0.128683,0.118715,0.109613,0.101327,0.0938241,0.087081,0.0810791,0.0757941,0.0711878,0.0672052,0.0637777,0.06083,0.0582878,0.0560835,0.0541586,0.0524646,0.0509618,0.049618,0.0484074,0.0473094,0.0463071,0.0453869,0.0445377,0.0437501,0.0430167,0.0423311,0.0416878,0.0410823,0.0405108,0.0399698,0.0394566,0.0389686,0.0385035,0.0380596,0.0376351,0.0372285,0.0368385,0.0364638,0.0361034,0.0357563,0.0354217,0.0350988,0.0347869,0.0344852,0.0341933,0.0339105,0.0336364,0.0333705,0.0331123,0.0328616,0.0326179,0.0323809,0.0321502,0.0319256,0.0317068,0.0314936,0.0312857,0.0310829,0.030885,0.0306918,0.030503,0.0303186,0.0301384,0.0299621,0.0297898,0.0296211,0.0294561,0.0292945,0.0291363,0.0289813,0.0288295,0.0286807,0.0285348,0.0283917,0.0282515,0.0281139,0.0279788,0.0278463,0.0277163,0.0275886,0.0274632,0.0273401,0.0272192,0.0271003,0.0269836,0.0268688,0.026756,0.0266451,0.0265361,0.0264289,0.0263234,0.0262197,0.0261176,0.0260172,0.0259184,0.0258212,0.0257255,0.0256313
0.165179,0.152091,0.140151,0.129241,0.11927,0.110165,0.101876,0.0943671,0.0876147,0.0815988,0.0762944,0.0716639,0.0676541,0.0641982,0.0612226,0.0586543,0.0564261,0.0544801,0.0527674,0.0512481,0.0498899,0.0486668,0.0475577,0.0465456,0.0456168,0.0447598,0.0439653,0.0432257,0.0425344,0.0418859,0.0412758,0.0407,0.0401551,0.0396382,0.0391468,0.0386786,0.0382317,0.0378045,0.0373952,0.0370028,0.0366258,0.0362632,0.0359141,0.0355775,0.0352527,0.034939,0.0346356,0.034342,0.0340577,0.033782,0.0335147,0.0332552,0.0330031,0.0327581,0.0325198,0.0322879,0.0320621,0.0318422,0.0316279,0.0314189,0.031215,0.0310161,0.0308219,0.0306322,0.0304468,0.0302657,0.0300885,0.0299153,0.0297458,0.0295799,0.0294175,0.0292585,0.0291027,0.0289501,0.0288006,0.0286539,0.0285102,0.0283692,0.0282309,0.0280952,0.027962,0.0278313,0.027703,0.0275769,0.0274532,0.0273316,0.0272122,0.0270948,0.0269795,0.0268661,0.0267546,0.026645,0.0265372,0.0264312,0.026327,0.0262244,0.0261234,0.0260241,0.0259264,0.0258302,0.0257354
0.165759,0.152661,0.140712,0.129797,0.119822,0.110714,0.102421,0.0949065,0.088145,0.0821153,0.0767919,0.072138,0.0681016,0.0646177,0.0616146,0.0590203,0.0567685,0.0548013,0.0530699,0.0515341,0.0501616,0.0489258,0.0478056,0.0467837,0.0458461,0.0449814,0.04418,0.0434341,0.0427371,0.0420835,0.0414687,0.0408885,0.0403397,0.0398191,0.0393243,0.038853,0.0384032,0.0379731,0.0375613,0.0371664,0.0367871,0.0364223,0.0360711,0.0357326,0.035406,0.0350904,0.0347853,0.0344901,0.0342042,0.0339271,0.0336583,0.0333974,0.0331439,0.0328976,0.0326581,0.032425,0.0321981,0.031977,0.0317616,0.0315515,0.0313466,0.0311467,0.0309514,0.0307608,0.0305745,0.0303924,0.0302144,0.0300403,0.0298699,0.0297032,0.02954,0.0293802,0.0292237,0.0290703,0.02892,0.0287726,0.0286281,0.0284864,0.0283474,0.028211,0.0280772,0.0279458,0.0278168,0.0276902,0.0275658,0.0274436,0.0273236,0.0272056,0.0270897,0.0269757,0.0268637,0.0267535,0.0266452,0.0265386,0.0264338,0.0263307,0.0262292,0.0261294,0.0260311,0.0259344,0.0258392
0.166337,0.153228,0.141272,0.130351,0.120371,0.11126,0.102963,0.0954425,0.0886719,0.0826287,0.0772868,0.0726099,0.0685474,0.0650362,0.0620059,0.0593859,0.0571106,0.0551222,0.0533721,0.0518199,0.0504329,0.0491845,0.0480531,0.0470213,0.046075,0.0452025,0.0443941,0.0436419,0.0429392,0.0422805,0.0416609,0.0410765,0.0405237,0.0399994,0.0395012,0.0390267,0.038574,0.0381412,0.0377268,0.0373294,0.0369478,0.0365809,0.0362276,0.0358871,0.0355586,0.0352413,0.0349345,0.0346376,0.0343502,0.0340715,0.0338013,0.033539,0.0332842,0.0330366,0.0327958,0.0325615,0.0323334,0.0321112,0.0318947,0.0316836,0.0314776,0.0312767,0.0310805,0.0308888,0.0307016,0.0305187,0.0303397,0.0301648,0.0299936,0.029826,0.029662,0.0295014,0.0293441,0.0291899,0.0290389,0.0288908,0.0287456,0.0286032,0.0284635,0.0283264,0.0281919,0.0280599,0.0279303,0.027803,0.027678,0.0275552,0.0274345,0.0273159,0.0271994,0.0270849,0.0269723,0.0268616,0.0267527,0.0266456,0.0265402,0.0264366,0.0263346,0.0262343,0.0261355,0.0260383,0.0259426
0.166915,0.153795,0.141829,0.130902,0.120918,0.111802,0.103501,0.0959752,0.0891956,0.083139,0.0777791,0.0730798,0.0689918,0.0654536,0.0623965,0.059751,0.0574523,0.0554429,0.0536741,0.0521054,0.050704,0.0494428,0.0483002,0.0472586,0.0463034,0.0454231,0.0446077,0.0438492,0.0431408,0.0424769,0.0418526,0.0412638,0.040707,0.0401791,0.0396775,0.0391999,0.0387441,0.0383086,0.0378916,0.0374918,0.0371079,0.0367387,0.0363834,0.036041,0.0357106,0.0353915,0.035083,0.0347845,0.0344955,0.0342154,0.0339437,0.03368,0.0334239,0.033175,0.0329329,0.0326974,0.0324682,0.0322449,0.0320272,0.0318151,0.0316081,0.0314061,0.0312089,0.0310164,0.0308282,0.0306443,0.0304646,0.0302887,0.0301167,0.0299483,0.0297835,0.0296221,0.029464,0.0293091,0.0291573,0.0290085,0.0288625,0.0287194,0.0285791,0.0284413,0.0283062,0.0281735,0.0280432,0.0279153,0.0277897,0.0276663,0.027545,0.0274259,0.0273088,0.0271936,0.0270805,0.0269692,0.0268598,0.0267521,0.0266463,0.0265421,0.0264396,0.0263387,0.0262394,0.0261417,0.0260455
0.167491,0.154359,0.142385,0.131451,0.121462,0.112343,0.104037,0.0965047,0.089716,0.0836463,0.0782687,0.0735475,0.0694346,0.0658699,0.0627863,0.0601157,0.0577937,0.0557633,0.0539758,0.0523907,0.0509747,0.0497008,0.048547,0.0474954,0.0465314,0.0456432,0.0448208,0.0440559,0.0433419,0.0426728,0.0420437,0.0414506,0.0408898,0.0403582,0.0398532,0.0393724,0.0389137,0.0384753,0.0380558,0.0376535,0.0372673,0.036896,0.0365386,0.0361942,0.0358619,0.0355411,0.0352309,0.0349308,0.0346402,0.0343586,0.0340855,0.0338204,0.033563,0.0333128,0.0330695,0.0328328,0.0326024,0.0323779,0.0321592,0.031946,0.031738,0.031535,0.0313369,0.0311434,0.0309543,0.0307695,0.0305888,0.0304121,0.0302393,0.0300701,0.0299044,0.0297423,0.0295834,0.0294277,0.0292752,0.0291257,0.028979,0.0288352,0.0286942,0.0285558,0.0284199,0.0282866,0.0281557,0.0280272,0.0279009,0.0277769,0.0276551,0.0275353,0.0274176,0.027302,0.0271882,0.0270764,0.0269664,0.0268583,0.0267519,0.0266472,0.0265441,0.0264428,0.026343,0.0262448,0.0261481
